<?xml version="1.0" encoding="utf-8"?><gpx xmlns:ns3="http://www.garmin.com/xmlschemas/TrackPointExtension/v1" xmlns="http://www.topografix.com/GPX/1/1" xmlns:xsi="http://www.w3.org/2001/XMLSchema-instance" xmlns:ns2="http://www.garmin.com/xmlschemas/GpxExtensions/v3" creator="Garmin Connect" version="1.1" xsi:schemaLocation="http://www.topografix.com/GPX/1/1 http://www.topografix.com/GPX/11.xsd"><metadata><time>2024-09-18T12:33:47.000Z</time></metadata><trk><type>20240918户外骑行</type><extensions><totalTime>6105</totalTime><cumulativeDecrease>0</cumulativeDecrease><cumulativeClimb>0</cumulativeClimb><totalDistance>29873</totalDistance><routeType>0</routeType></extensions><trkseg><trkpt lat="30.63030540291188" lon="104.0598106819112"><ele>464.2156982421875</ele><time>2024-09-18T12:33:47.000Z</time></trkpt>
<trkpt lat="30.63026060090866" lon="104.0596979146015"><ele>436.7049255371094</ele><time>2024-09-18T12:33:48.000Z</time></trkpt>
<trkpt lat="30.63017062346254" lon="104.059706900312"><ele>433.9349670410156</ele><time>2024-09-18T12:33:49.000Z</time></trkpt>
<trkpt lat="30.63007966232995" lon="104.0597059065029"><ele>465.214599609375</ele><time>2024-09-18T12:34:02.000Z</time></trkpt>
<trkpt lat="30.62998457726443" lon="104.0597837515961"><ele>463.0606689453125</ele><time>2024-09-18T12:34:04.000Z</time></trkpt>
<trkpt lat="30.62991864081965" lon="104.0597608015289"><ele>464.7446899414062</ele><time>2024-09-18T12:34:06.000Z</time></trkpt>
<trkpt lat="30.62983271258025" lon="104.0597378523981"><ele>462.1857604980469</ele><time>2024-09-18T12:34:08.000Z</time></trkpt>
<trkpt lat="30.62974179753779" lon="104.0597079178216"><ele>459.486572265625</ele><time>2024-09-18T12:34:10.000Z</time></trkpt>
<trkpt lat="30.62965086342206" lon="104.0596899587549"><ele>456.3791809082031</ele><time>2024-09-18T12:34:12.000Z</time></trkpt>
<trkpt lat="30.62955692735482" lon="104.0596739957504"><ele>455.6207275390625</ele><time>2024-09-18T12:34:14.000Z</time></trkpt>
<trkpt lat="30.62945498500525" lon="104.0596640208498"><ele>454.3926086425781</ele><time>2024-09-18T12:34:16.000Z</time></trkpt>
<trkpt lat="30.62935103709601" lon="104.0596580378623"><ele>453.0086364746094</ele><time>2024-09-18T12:34:18.000Z</time></trkpt>
<trkpt lat="30.6292490788022" lon="104.059658042511"><ele>455.17138671875</ele><time>2024-09-18T12:34:20.000Z</time></trkpt>
<trkpt lat="30.62915310371137" lon="104.0596670284779"><ele>453.4437866210938</ele><time>2024-09-18T12:34:22.000Z</time></trkpt>
<trkpt lat="30.62905812024622" lon="104.0596810041801"><ele>454.3693542480469</ele><time>2024-09-18T12:34:24.000Z</time></trkpt>
<trkpt lat="30.62896114555589" lon="104.0596899902024"><ele>455.8295288085938</ele><time>2024-09-18T12:34:26.000Z</time></trkpt>
<trkpt lat="30.62886117845132" lon="104.0596949845403"><ele>455.4868774414062</ele><time>2024-09-18T12:34:28.000Z</time></trkpt>
<trkpt lat="30.62876620452317" lon="104.0597029725208"><ele>455.9434814453125</ele><time>2024-09-18T12:34:30.000Z</time></trkpt>
<trkpt lat="30.62868121537177" lon="104.0597179457484"><ele>455.8695983886719</ele><time>2024-09-18T12:34:32.000Z</time></trkpt>
<trkpt lat="30.62860123213179" lon="104.0597279289694"><ele>454.9550170898438</ele><time>2024-09-18T12:34:34.000Z</time></trkpt>
<trkpt lat="30.62851925447571" lon="104.0597349184119"><ele>453.9001159667969</ele><time>2024-09-18T12:34:36.000Z</time></trkpt>
<trkpt lat="30.62842828366754" lon="104.0597399123502"><ele>453.9490356445312</ele><time>2024-09-18T12:34:38.000Z</time></trkpt>
<trkpt lat="30.62832730580824" lon="104.0597518924564"><ele>452.7355346679688</ele><time>2024-09-18T12:34:40.000Z</time></trkpt>
<trkpt lat="30.62821533402123" lon="104.0597628751113"><ele>450.4957885742188</ele><time>2024-09-18T12:34:42.000Z</time></trkpt>
<trkpt lat="30.62809736467461" lon="104.0597738580455"><ele>450.2517700195312</ele><time>2024-09-18T12:34:44.000Z</time></trkpt>
<trkpt lat="30.62797639336801" lon="104.059786837043"><ele>450.0802307128906</ele><time>2024-09-18T12:34:46.000Z</time></trkpt>
<trkpt lat="30.62785043202908" lon="104.0597948264713"><ele>450.1407775878906</ele><time>2024-09-18T12:34:48.000Z</time></trkpt>
<trkpt lat="30.62772248895278" lon="104.0597918384225"><ele>446.6379089355469</ele><time>2024-09-18T12:34:50.000Z</time></trkpt>
<trkpt lat="30.62759255779069" lon="104.059781864742"><ele>443.9985046386719</ele><time>2024-09-18T12:34:52.000Z</time></trkpt>
<trkpt lat="30.62746361668124" lon="104.0597778787803"><ele>444.9603881835938</ele><time>2024-09-18T12:34:54.000Z</time></trkpt>
<trkpt lat="30.6273326684311" lon="104.0597788827108"><ele>446.6416320800781</ele><time>2024-09-18T12:34:56.000Z</time></trkpt>
<trkpt lat="30.62720872843315" lon="104.0597729006019"><ele>448.0149230957031</ele><time>2024-09-18T12:34:58.000Z</time></trkpt>
<trkpt lat="30.62709478753098" lon="104.0597649221198"><ele>448.6383056640625</ele><time>2024-09-18T12:35:00.000Z</time></trkpt>
<trkpt lat="30.62698683305769" lon="104.0597639290823"><ele>448.470703125</ele><time>2024-09-18T12:35:02.000Z</time></trkpt>
<trkpt lat="30.62687386631112" lon="104.0597719179094"><ele>448.3517150878906</ele><time>2024-09-18T12:35:04.000Z</time></trkpt>
<trkpt lat="30.62675091314976" lon="104.0597739194347"><ele>448.0933227539062</ele><time>2024-09-18T12:35:06.000Z</time></trkpt>
<trkpt lat="30.62662495960609" lon="104.059776919057"><ele>447.4007263183594</ele><time>2024-09-18T12:35:08.000Z</time></trkpt>
<trkpt lat="30.62649900287255" lon="104.0597819146003"><ele>446.4382934570312</ele><time>2024-09-18T12:35:10.000Z</time></trkpt>
<trkpt lat="30.62638002899474" lon="104.0597958914727"><ele>445.7445678710938</ele><time>2024-09-18T12:35:12.000Z</time></trkpt>
<trkpt lat="30.62626306223394" lon="104.0598048784556"><ele>443.7845153808594</ele><time>2024-09-18T12:35:14.000Z</time></trkpt>
<trkpt lat="30.62614610974461" lon="104.0598048837877"><ele>442.4362487792969</ele><time>2024-09-18T12:35:16.000Z</time></trkpt>
<trkpt lat="30.62602216325811" lon="104.059802893516"><ele>441.1259155273438</ele><time>2024-09-18T12:35:18.000Z</time></trkpt>
<trkpt lat="30.62589022000411" lon="104.0598009036091"><ele>439.44873046875</ele><time>2024-09-18T12:35:20.000Z</time></trkpt>
<trkpt lat="30.62575727555294" lon="104.0597999117091"><ele>439.3138427734375</ele><time>2024-09-18T12:35:22.000Z</time></trkpt>
<trkpt lat="30.62562833263793" lon="104.0597969237046"><ele>439.2481994628906</ele><time>2024-09-18T12:35:24.000Z</time></trkpt>
<trkpt lat="30.62550937930463" lon="104.0597979270887"><ele>439.3872985839844</ele><time>2024-09-18T12:35:26.000Z</time></trkpt>
<trkpt lat="30.62540241633312" lon="104.0598019238097"><ele>438.2458190917969</ele><time>2024-09-18T12:35:28.000Z</time></trkpt>
<trkpt lat="30.62531343653676" lon="104.0598119074809"><ele>438.2331848144531</ele><time>2024-09-18T12:35:30.000Z</time></trkpt>
<trkpt lat="30.6252364566339" lon="104.0598188967235"><ele>439.5394897460938</ele><time>2024-09-18T12:35:32.000Z</time></trkpt>
<trkpt lat="30.62516248344305" lon="104.0598208960201"><ele>441.2839660644531</ele><time>2024-09-18T12:35:34.000Z</time></trkpt>
<trkpt lat="30.62508152260052" lon="104.059816907863"><ele>442.6667785644531</ele><time>2024-09-18T12:35:36.000Z</time></trkpt>
<trkpt lat="30.62499255864646" lon="104.0598169119189"><ele>443.1087951660156</ele><time>2024-09-18T12:35:38.000Z</time></trkpt>
<trkpt lat="30.62489457929508" lon="104.0598288919324"><ele>443.8882446289062</ele><time>2024-09-18T12:35:40.000Z</time></trkpt>
<trkpt lat="30.62478959326256" lon="104.0598468600514"><ele>444.4947814941406</ele><time>2024-09-18T12:35:42.000Z</time></trkpt>
<trkpt lat="30.624683610807" lon="104.0598628323029"><ele>444.4497680664062</ele><time>2024-09-18T12:35:44.000Z</time></trkpt>
<trkpt lat="30.62457964338326" lon="104.0598688248284"><ele>443.8224792480469</ele><time>2024-09-18T12:35:46.000Z</time></trkpt>
<trkpt lat="30.62447468744485" lon="104.059867831649"><ele>443.6170043945312</ele><time>2024-09-18T12:35:48.000Z</time></trkpt>
<trkpt lat="30.62437173860992" lon="104.0598618485572"><ele>444.4341125488281</ele><time>2024-09-18T12:35:50.000Z</time></trkpt>
<trkpt lat="30.62426978460823" lon="104.0598588593132"><ele>445.2071838378906</ele><time>2024-09-18T12:35:52.000Z</time></trkpt>
<trkpt lat="30.6241718242263" lon="104.0598588637792"><ele>445.7718811035156</ele><time>2024-09-18T12:35:54.000Z</time></trkpt>
<trkpt lat="30.6240708666327" lon="104.0598578704179"><ele>446.1731872558594</ele><time>2024-09-18T12:35:56.000Z</time></trkpt>
<trkpt lat="30.62395990831604" lon="104.0598598714043"><ele>445.9600830078125</ele><time>2024-09-18T12:35:58.000Z</time></trkpt>
<trkpt lat="30.62383796077001" lon="104.0598578810359"><ele>447.3867492675781</ele><time>2024-09-18T12:36:00.000Z</time></trkpt>
<trkpt lat="30.62371301283718" lon="104.0598568887683"><ele>447.8986511230469</ele><time>2024-09-18T12:36:02.000Z</time></trkpt>
<trkpt lat="30.62359207119993" lon="104.0598509064996"><ele>447.6689758300781</ele><time>2024-09-18T12:36:04.000Z</time></trkpt>
<trkpt lat="30.62347912632212" lon="104.059844923868"><ele>448.3975830078125</ele><time>2024-09-18T12:36:06.000Z</time></trkpt>
<trkpt lat="30.62336717468892" lon="104.0598429330451"><ele>448.3224487304688</ele><time>2024-09-18T12:36:08.000Z</time></trkpt>
<trkpt lat="30.62325921033389" lon="104.0598479277836"><ele>447.87109375</ele><time>2024-09-18T12:36:10.000Z</time></trkpt>
<trkpt lat="30.62315523484721" lon="104.0598589101242"><ele>447.0582580566406</ele><time>2024-09-18T12:36:12.000Z</time></trkpt>
<trkpt lat="30.62306327353096" lon="104.0598579163526"><ele>447.1101989746094</ele><time>2024-09-18T12:36:14.000Z</time></trkpt>
<trkpt lat="30.62298936837438" lon="104.059817003241"><ele>447.3219604492188</ele><time>2024-09-18T12:36:16.000Z</time></trkpt>
<trkpt lat="30.62294752984025" lon="104.0597261908033"><ele>447.4527587890625</ele><time>2024-09-18T12:36:18.000Z</time></trkpt>
<trkpt lat="30.62292473820431" lon="104.0596014474986"><ele>447.6156311035156</ele><time>2024-09-18T12:36:20.000Z</time></trkpt>
<trkpt lat="30.62291495637697" lon="104.0594677228246"><ele>449.6185607910156</ele><time>2024-09-18T12:36:22.000Z</time></trkpt>
<trkpt lat="30.62289618212807" lon="104.059332003526"><ele>450.5838928222656</ele><time>2024-09-18T12:36:24.000Z</time></trkpt>
<trkpt lat="30.6228694199232" lon="104.0591912957965"><ele>451.6108703613281</ele><time>2024-09-18T12:36:26.000Z</time></trkpt>
<trkpt lat="30.62283667389637" lon="104.059042605866"><ele>452.1716918945312</ele><time>2024-09-18T12:36:28.000Z</time></trkpt>
<trkpt lat="30.62280592959655" lon="104.0588929189653"><ele>452.1227722167969</ele><time>2024-09-18T12:36:30.000Z</time></trkpt>
<trkpt lat="30.62278218502641" lon="104.0587422348864"><ele>451.8872680664062</ele><time>2024-09-18T12:36:32.000Z</time></trkpt>
<trkpt lat="30.62276243322885" lon="104.0585955433084"><ele>451.2388305664062</ele><time>2024-09-18T12:36:34.000Z</time></trkpt>
<trkpt lat="30.62274967949236" lon="104.0584488524195"><ele>451.0972290039062</ele><time>2024-09-18T12:36:36.000Z</time></trkpt>
<trkpt lat="30.62275590744175" lon="104.05830914691"><ele>451.1003112792969</ele><time>2024-09-18T12:36:38.000Z</time></trkpt>
<trkpt lat="30.62277712518302" lon="104.0581724352841"><ele>451.3875122070312</ele><time>2024-09-18T12:36:40.000Z</time></trkpt>
<trkpt lat="30.62280632884798" lon="104.0580427093174"><ele>452.3086242675781</ele><time>2024-09-18T12:36:42.000Z</time></trkpt>
<trkpt lat="30.62282255674888" lon="104.0579020081287"><ele>453.5010070800781</ele><time>2024-09-18T12:36:44.000Z</time></trkpt>
<trkpt lat="30.62282679864543" lon="104.0577563190797"><ele>454.0941162109375</ele><time>2024-09-18T12:36:46.000Z</time></trkpt>
<trkpt lat="30.62281805335145" lon="104.0576066401745"><ele>455.5059814453125</ele><time>2024-09-18T12:36:48.000Z</time></trkpt>
<trkpt lat="30.62280629839671" lon="104.0574639474091"><ele>456.5344543457031</ele><time>2024-09-18T12:36:50.000Z</time></trkpt>
<trkpt lat="30.6227995456301" lon="104.0573192596696"><ele>457.5768737792969</ele><time>2024-09-18T12:36:52.000Z</time></trkpt>
<trkpt lat="30.62279480307273" lon="104.0571685857776"><ele>458.6907043457031</ele><time>2024-09-18T12:36:54.000Z</time></trkpt>
<trkpt lat="30.62279407342896" lon="104.0570099301035"><ele>459.4433898925781</ele><time>2024-09-18T12:36:56.000Z</time></trkpt>
<trkpt lat="30.62279534399626" lon="104.0568512755009"><ele>460.3170166015625</ele><time>2024-09-18T12:36:58.000Z</time></trkpt>
<trkpt lat="30.62279460267586" lon="104.0567006046832"><ele>461.4364318847656</ele><time>2024-09-18T12:37:00.000Z</time></trkpt>
<trkpt lat="30.62278983465571" lon="104.0565668978678"><ele>461.8825988769531</ele><time>2024-09-18T12:37:02.000Z</time></trkpt>
<trkpt lat="30.62278603419916" lon="104.0564521501237"><ele>463.4631958007812</ele><time>2024-09-18T12:37:04.000Z</time></trkpt>
<trkpt lat="30.62278721325096" lon="104.0563483785617"><ele>465.4706420898438</ele><time>2024-09-18T12:37:06.000Z</time></trkpt>
<trkpt lat="30.62279438339068" lon="104.056248598405"><ele>466.8583984375</ele><time>2024-09-18T12:37:08.000Z</time></trkpt>
<trkpt lat="30.62279752083766" lon="104.0561687747266"><ele>466.8583984375</ele><time>2024-09-18T12:37:10.000Z</time></trkpt>
<trkpt lat="30.62280063421213" lon="104.0561029203878"><ele>466.8583984375</ele><time>2024-09-18T12:37:12.000Z</time></trkpt>
<trkpt lat="30.6228037303617" lon="104.0560470441141"><ele>466.8583984375</ele><time>2024-09-18T12:37:16.000Z</time></trkpt>
<trkpt lat="30.62280783668536" lon="104.0559851812327"><ele>466.8583984375</ele><time>2024-09-18T12:37:18.000Z</time></trkpt>
<trkpt lat="30.62280794477399" lon="104.0559233187082"><ele>466.8583984375</ele><time>2024-09-18T12:37:20.000Z</time></trkpt>
<trkpt lat="30.62280905785405" lon="104.0558584629781"><ele>476.1335144042969</ele><time>2024-09-18T12:37:22.000Z</time></trkpt>
<trkpt lat="30.62281117419883" lon="104.055791611844"><ele>477.3146057128906</ele><time>2024-09-18T12:37:24.000Z</time></trkpt>
<trkpt lat="30.62281729612057" lon="104.0557207696436"><ele>478.7233581542969</ele><time>2024-09-18T12:37:26.000Z</time></trkpt>
<trkpt lat="30.62282342702049" lon="104.0556449388288"><ele>479.8387451171875</ele><time>2024-09-18T12:37:28.000Z</time></trkpt>
<trkpt lat="30.62283456141103" lon="104.0555661147536"><ele>480.7943725585938</ele><time>2024-09-18T12:37:30.000Z</time></trkpt>
<trkpt lat="30.62284470878669" lon="104.0554803066781"><ele>482.1439819335938</ele><time>2024-09-18T12:37:32.000Z</time></trkpt>
<trkpt lat="30.62285484762767" lon="104.0553994877243"><ele>481.9838256835938</ele><time>2024-09-18T12:37:34.000Z</time></trkpt>
<trkpt lat="30.62286297338646" lon="104.0553266511898"><ele>481.9964294433594</ele><time>2024-09-18T12:37:36.000Z</time></trkpt>
<trkpt lat="30.62287808590828" lon="104.0552598010838"><ele>483.4054565429688</ele><time>2024-09-18T12:37:38.000Z</time></trkpt>
<trkpt lat="30.62290428112929" lon="104.0551440610803"><ele>481.8595886230469</ele><time>2024-09-18T12:38:22.000Z</time></trkpt>
<trkpt lat="30.62293451444165" lon="104.05500637122"><ele>481.3378295898438</ele><time>2024-09-18T12:39:24.000Z</time></trkpt>
<trkpt lat="30.62293271853971" lon="104.0548926292876"><ele>477.8171691894531</ele><time>2024-09-18T12:39:26.000Z</time></trkpt>
<trkpt lat="30.6229379113787" lon="104.0547838762695"><ele>471.658935546875</ele><time>2024-09-18T12:39:28.000Z</time></trkpt>
<trkpt lat="30.62295508190918" lon="104.0546851004893"><ele>466.5840148925781</ele><time>2024-09-18T12:39:30.000Z</time></trkpt>
<trkpt lat="30.62298922979494" lon="104.054595303865"><ele>464.1004028320312</ele><time>2024-09-18T12:39:32.000Z</time></trkpt>
<trkpt lat="30.62303238517457" lon="104.054499520894"><ele>463.8822021484375</ele><time>2024-09-18T12:39:34.000Z</time></trkpt>
<trkpt lat="30.62307856497499" lon="104.0543897702299"><ele>464.2683410644531</ele><time>2024-09-18T12:39:36.000Z</time></trkpt>
<trkpt lat="30.62312076495883" lon="104.0542700432229"><ele>464.7948303222656</ele><time>2024-09-18T12:39:38.000Z</time></trkpt>
<trkpt lat="30.62317096046365" lon="104.054151314198"><ele>465.2652282714844</ele><time>2024-09-18T12:39:40.000Z</time></trkpt>
<trkpt lat="30.62322613994975" lon="104.0540405671469"><ele>464.7504577636719</ele><time>2024-09-18T12:39:42.000Z</time></trkpt>
<trkpt lat="30.62327732152772" lon="104.0539298208277"><ele>464.1224365234375</ele><time>2024-09-18T12:39:44.000Z</time></trkpt>
<trkpt lat="30.62331951635349" lon="104.0538140870359"><ele>464.1726989746094</ele><time>2024-09-18T12:39:46.000Z</time></trkpt>
<trkpt lat="30.62335872573967" lon="104.0536913702144"><ele>464.4095458984375</ele><time>2024-09-18T12:39:48.000Z</time></trkpt>
<trkpt lat="30.62339594019485" lon="104.0535666588063"><ele>464.9268798828125</ele><time>2024-09-18T12:39:50.000Z</time></trkpt>
<trkpt lat="30.62343814402675" lon="104.0534469362131"><ele>465.6261291503906</ele><time>2024-09-18T12:39:52.000Z</time></trkpt>
<trkpt lat="30.62349134212947" lon="104.0533282114235"><ele>465.3201599121094</ele><time>2024-09-18T12:39:54.000Z</time></trkpt>
<trkpt lat="30.62355653408323" lon="104.0532104843754"><ele>466.3862915039062</ele><time>2024-09-18T12:39:56.000Z</time></trkpt>
<trkpt lat="30.62362772786151" lon="104.0530907623631"><ele>468.53857421875</ele><time>2024-09-18T12:39:58.000Z</time></trkpt>
<trkpt lat="30.6237009139419" lon="104.0529750314911"><ele>470.0771179199219</ele><time>2024-09-18T12:40:00.000Z</time></trkpt>
<trkpt lat="30.62377711051546" lon="104.0528533152155"><ele>471.5452270507812</ele><time>2024-09-18T12:40:02.000Z</time></trkpt>
<trkpt lat="30.62385632701639" lon="104.0527206254439"><ele>472.5361022949219</ele><time>2024-09-18T12:40:04.000Z</time></trkpt>
<trkpt lat="30.62393956508389" lon="104.0525759646918"><ele>473.1387939453125</ele><time>2024-09-18T12:40:06.000Z</time></trkpt>
<trkpt lat="30.62401781914406" lon="104.0524243217176"><ele>472.4444885253906</ele><time>2024-09-18T12:40:08.000Z</time></trkpt>
<trkpt lat="30.62408706262296" lon="104.0522806611095"><ele>472.05029296875</ele><time>2024-09-18T12:40:10.000Z</time></trkpt>
<trkpt lat="30.62415130512696" lon="104.05213899686"><ele>472.8711547851562</ele><time>2024-09-18T12:40:12.000Z</time></trkpt>
<trkpt lat="30.62421753050841" lon="104.0520063118551"><ele>473.1207580566406</ele><time>2024-09-18T12:40:14.000Z</time></trkpt>
<trkpt lat="30.62428374704746" lon="104.0518786156246"><ele>473.0749816894531</ele><time>2024-09-18T12:40:16.000Z</time></trkpt>
<trkpt lat="30.62433996634303" lon="104.0517519181569"><ele>472.7352294921875</ele><time>2024-09-18T12:40:18.000Z</time></trkpt>
<trkpt lat="30.62437719393303" lon="104.0516252222531"><ele>472.0331726074219</ele><time>2024-09-18T12:40:20.000Z</time></trkpt>
<trkpt lat="30.62440843606434" lon="104.0514925418185"><ele>472.0606994628906</ele><time>2024-09-18T12:40:22.000Z</time></trkpt>
<trkpt lat="30.6244486790705" lon="104.0513578665868"><ele>472.0628051757812</ele><time>2024-09-18T12:40:24.000Z</time></trkpt>
<trkpt lat="30.62451091579395" lon="104.051222193574"><ele>470.6889343261719</ele><time>2024-09-18T12:40:26.000Z</time></trkpt>
<trkpt lat="30.62458614795378" lon="104.0510865207712"><ele>469.9485778808594</ele><time>2024-09-18T12:40:28.000Z</time></trkpt>
<trkpt lat="30.62466237846419" lon="104.0509518462819"><ele>470.618896484375</ele><time>2024-09-18T12:40:30.000Z</time></trkpt>
<trkpt lat="30.62473762366209" lon="104.0508101897425"><ele>470.8818969726562</ele><time>2024-09-18T12:40:32.000Z</time></trkpt>
<trkpt lat="30.62481087821732" lon="104.0506645439691"><ele>471.0154724121094</ele><time>2024-09-18T12:40:34.000Z</time></trkpt>
<trkpt lat="30.62488013909591" lon="104.050516904209"><ele>472.114013671875</ele><time>2024-09-18T12:40:36.000Z</time></trkpt>
<trkpt lat="30.62494641572508" lon="104.0503622827779"><ele>473.0963745117188</ele><time>2024-09-18T12:40:38.000Z</time></trkpt>
<trkpt lat="30.62501371053787" lon="104.0501986845755"><ele>472.9825134277344</ele><time>2024-09-18T12:40:40.000Z</time></trkpt>
<trkpt lat="30.62508900311051" lon="104.0500350871586"><ele>472.7755126953125</ele><time>2024-09-18T12:40:42.000Z</time></trkpt>
<trkpt lat="30.62516928080706" lon="104.0498784732601"><ele>473.5462951660156</ele><time>2024-09-18T12:40:44.000Z</time></trkpt>
<trkpt lat="30.62525453160054" lon="104.0497348277861"><ele>474.1330261230469</ele><time>2024-09-18T12:40:46.000Z</time></trkpt>
<trkpt lat="30.6253367704523" lon="104.0495981658439"><ele>473.0538940429688</ele><time>2024-09-18T12:40:48.000Z</time></trkpt>
<trkpt lat="30.6254150195894" lon="104.0494575148924"><ele>477.1458435058594</ele><time>2024-09-18T12:40:50.000Z</time></trkpt>
<trkpt lat="30.62556866566269" lon="104.0491043968694"><ele>475.4112243652344</ele><time>2024-09-18T12:40:52.000Z</time></trkpt>
<trkpt lat="30.62572630662682" lon="104.048755273807"><ele>477.4551391601562</ele><time>2024-09-18T12:41:02.000Z</time></trkpt>
<trkpt lat="30.62588592889125" lon="104.0484171277631"><ele>478.8089294433594</ele><time>2024-09-18T12:41:04.000Z</time></trkpt>
<trkpt lat="30.62596714827743" lon="104.0482934402887"><ele>479.9910583496094</ele><time>2024-09-18T12:41:06.000Z</time></trkpt>
<trkpt lat="30.62603837431773" lon="104.0481687564652"><ele>480.5652465820312</ele><time>2024-09-18T12:41:08.000Z</time></trkpt>
<trkpt lat="30.62610061480393" lon="104.0480390865141"><ele>481.0120849609375</ele><time>2024-09-18T12:41:10.000Z</time></trkpt>
<trkpt lat="30.62615485094608" lon="104.0479134073527"><ele>480.2103271484375</ele><time>2024-09-18T12:41:12.000Z</time></trkpt>
<trkpt lat="30.62620505435555" lon="104.0478046852854"><ele>480.4363708496094</ele><time>2024-09-18T12:41:14.000Z</time></trkpt>
<trkpt lat="30.62625721622151" lon="104.0477159120798"><ele>481.2893981933594</ele><time>2024-09-18T12:41:16.000Z</time></trkpt>
<trkpt lat="30.62630231116799" lon="104.0476610518149"><ele>481.562744140625</ele><time>2024-09-18T12:41:18.000Z</time></trkpt>
<trkpt lat="30.62636936224456" lon="104.0476231468065"><ele>486.7052612304688</ele><time>2024-09-18T12:41:46.000Z</time></trkpt>
<trkpt lat="30.62637632643075" lon="104.0476391052087"><ele>487.8118286132812</ele><time>2024-09-18T12:41:54.000Z</time></trkpt>
<trkpt lat="30.62638135530922" lon="104.0476241436829"><ele>489.2299194335938</ele><time>2024-09-18T12:42:12.000Z</time></trkpt>
<trkpt lat="30.62638547740356" lon="104.0475642983965"><ele>488.6663208007812</ele><time>2024-09-18T12:42:32.000Z</time></trkpt>
<trkpt lat="30.62643578143766" lon="104.0474077021426"><ele>489.4908447265625</ele><time>2024-09-18T12:42:36.000Z</time></trkpt>
<trkpt lat="30.6265010989324" lon="104.0472421295868"><ele>489.4275512695312</ele><time>2024-09-18T12:42:42.000Z</time></trkpt>
<trkpt lat="30.62657839797223" lon="104.0470835393993"><ele>489.7248229980469</ele><time>2024-09-18T12:42:44.000Z</time></trkpt>
<trkpt lat="30.62663658887029" lon="104.0469808050605"><ele>490.2852172851562</ele><time>2024-09-18T12:42:46.000Z</time></trkpt>
<trkpt lat="30.62669079429781" lon="104.0468720870034"><ele>489.670166015625</ele><time>2024-09-18T12:42:48.000Z</time></trkpt>
<trkpt lat="30.62674703280812" lon="104.0467474111976"><ele>489.6752624511719</ele><time>2024-09-18T12:42:50.000Z</time></trkpt>
<trkpt lat="30.62681028160825" lon="104.0466167514413"><ele>489.4361572265625</ele><time>2024-09-18T12:42:52.000Z</time></trkpt>
<trkpt lat="30.62688954763011" lon="104.0464751205588"><ele>489.8385314941406</ele><time>2024-09-18T12:42:54.000Z</time></trkpt>
<trkpt lat="30.62697879343845" lon="104.046341468978"><ele>489.8092651367188</ele><time>2024-09-18T12:42:56.000Z</time></trkpt>
<trkpt lat="30.62706904580405" lon="104.0462048259946"><ele>490.6396484375</ele><time>2024-09-18T12:42:58.000Z</time></trkpt>
<trkpt lat="30.62715530045363" lon="104.0460681839511"><ele>492.776611328125</ele><time>2024-09-18T12:43:00.000Z</time></trkpt>
<trkpt lat="30.62723458831094" lon="104.0459175800786"><ele>494.3815307617188</ele><time>2024-09-18T12:43:02.000Z</time></trkpt>
<trkpt lat="30.627306881942" lon="104.0457659800966"><ele>495.2001342773438</ele><time>2024-09-18T12:43:04.000Z</time></trkpt>
<trkpt lat="30.62736218756601" lon="104.0456123871359"><ele>496.1277465820312</ele><time>2024-09-18T12:43:06.000Z</time></trkpt>
<trkpt lat="30.62738745920391" lon="104.0454807377841"><ele>496.7024536132812</ele><time>2024-09-18T12:43:08.000Z</time></trkpt>
<trkpt lat="30.62739369635543" lon="104.0453690365379"><ele>496.6963806152344</ele><time>2024-09-18T12:43:10.000Z</time></trkpt>
<trkpt lat="30.62741292007215" lon="104.0452613244986"><ele>496.9593505859375</ele><time>2024-09-18T12:43:12.000Z</time></trkpt>
<trkpt lat="30.62746717507502" lon="104.0451326676455"><ele>497.1589965820312</ele><time>2024-09-18T12:43:14.000Z</time></trkpt>
<trkpt lat="30.62754644847722" lon="104.0449910452544"><ele>495.9958801269531</ele><time>2024-09-18T12:43:16.000Z</time></trkpt>
<trkpt lat="30.62762371691077" lon="104.0448524156759"><ele>495.4925231933594</ele><time>2024-09-18T12:43:18.000Z</time></trkpt>
<trkpt lat="30.62769197885525" lon="104.044718773779"><ele>495.0589904785156</ele><time>2024-09-18T12:43:20.000Z</time></trkpt>
<trkpt lat="30.62774624712063" lon="104.0445851332245"><ele>495.392822265625</ele><time>2024-09-18T12:43:22.000Z</time></trkpt>
<trkpt lat="30.62779551369424" lon="104.0444534881871"><ele>495.0030212402344</ele><time>2024-09-18T12:43:24.000Z</time></trkpt>
<trkpt lat="30.62784277732561" lon="104.0443238384984"><ele>494.2624816894531</ele><time>2024-09-18T12:43:26.000Z</time></trkpt>
<trkpt lat="30.62790305805856" lon="104.0441842160752"><ele>493.4872436523438</ele><time>2024-09-18T12:43:28.000Z</time></trkpt>
<trkpt lat="30.62797335069438" lon="104.0440376130412"><ele>493.0534973144531</ele><time>2024-09-18T12:43:30.000Z</time></trkpt>
<trkpt lat="30.62804465681202" lon="104.0438850271913"><ele>492.3959350585938</ele><time>2024-09-18T12:43:32.000Z</time></trkpt>
<trkpt lat="30.62811095477426" lon="104.0437374287969"><ele>492.0296630859375</ele><time>2024-09-18T12:43:34.000Z</time></trkpt>
<trkpt lat="30.62816626457238" lon="104.0435868399787"><ele>491.0638122558594</ele><time>2024-09-18T12:43:36.000Z</time></trkpt>
<trkpt lat="30.62822757269485" lon="104.0434362517746"><ele>491.1109924316406</ele><time>2024-09-18T12:43:38.000Z</time></trkpt>
<trkpt lat="30.62828889265167" lon="104.0432806782244"><ele>490.609619140625</ele><time>2024-09-18T12:43:40.000Z</time></trkpt>
<trkpt lat="30.62836022265862" lon="104.0431191217254"><ele>488.5170288085938</ele><time>2024-09-18T12:43:42.000Z</time></trkpt>
<trkpt lat="30.62844759150438" lon="104.0429376208587"><ele>486.3151550292969</ele><time>2024-09-18T12:43:44.000Z</time></trkpt>
<trkpt lat="30.62854491053444" lon="104.0427770625559"><ele>482.1331787109375</ele><time>2024-09-18T12:43:46.000Z</time></trkpt>
<trkpt lat="30.62864914487531" lon="104.0426534021001"><ele>481.5451354980469</ele><time>2024-09-18T12:43:48.000Z</time></trkpt>
<trkpt lat="30.62873429125739" lon="104.0425726234466"><ele>479.7450561523438</ele><time>2024-09-18T12:43:50.000Z</time></trkpt>
<trkpt lat="30.6288114904007" lon="104.0424699066768"><ele>477.0613098144531</ele><time>2024-09-18T12:43:52.000Z</time></trkpt>
<trkpt lat="30.62887975865451" lon="104.0423382716268"><ele>475.6512451171875</ele><time>2024-09-18T12:43:54.000Z</time></trkpt>
<trkpt lat="30.62894406960903" lon="104.0421886877457"><ele>474.9447021484375</ele><time>2024-09-18T12:43:56.000Z</time></trkpt>
<trkpt lat="30.6290083587602" lon="104.0420490767006"><ele>476.1257019042969</ele><time>2024-09-18T12:43:58.000Z</time></trkpt>
<trkpt lat="30.62907163767007" lon="104.0419144524085"><ele>476.3206481933594</ele><time>2024-09-18T12:44:00.000Z</time></trkpt>
<trkpt lat="30.62913892007021" lon="104.0417778342474"><ele>476.68798828125</ele><time>2024-09-18T12:44:02.000Z</time></trkpt>
<trkpt lat="30.62920020553715" lon="104.0416412170636"><ele>476.8302917480469</ele><time>2024-09-18T12:44:04.000Z</time></trkpt>
<trkpt lat="30.6292635044352" lon="104.0414986174277"><ele>477.7593994140625</ele><time>2024-09-18T12:44:06.000Z</time></trkpt>
<trkpt lat="30.62932081556277" lon="104.0413520301395"><ele>478.7596740722656</ele><time>2024-09-18T12:44:08.000Z</time></trkpt>
<trkpt lat="30.62938712371379" lon="104.041205443253"><ele>479.822021484375</ele><time>2024-09-18T12:44:10.000Z</time></trkpt>
<trkpt lat="30.62946241973693" lon="104.0410628454114"><ele>479.9463500976562</ele><time>2024-09-18T12:44:12.000Z</time></trkpt>
<trkpt lat="30.62954968401525" lon="104.040932213665"><ele>478.9800109863281</ele><time>2024-09-18T12:44:14.000Z</time></trkpt>
<trkpt lat="30.62963096277602" lon="104.0407965970679"><ele>480.3692016601562</ele><time>2024-09-18T12:44:16.000Z</time></trkpt>
<trkpt lat="30.62970626298578" lon="104.0406530042551"><ele>481.589111328125</ele><time>2024-09-18T12:44:18.000Z</time></trkpt>
<trkpt lat="30.62977657282125" lon="104.0405064210106"><ele>482.4777526855469</ele><time>2024-09-18T12:44:20.000Z</time></trkpt>
<trkpt lat="30.62985387124439" lon="104.0403638267878"><ele>482.6155395507812</ele><time>2024-09-18T12:44:22.000Z</time></trkpt>
<trkpt lat="30.62993715860627" lon="104.0402252215668"><ele>483.21044921875</ele><time>2024-09-18T12:44:24.000Z</time></trkpt>
<trkpt lat="30.63001945162754" lon="104.040084622848"><ele>483.295166015625</ele><time>2024-09-18T12:44:26.000Z</time></trkpt>
<trkpt lat="30.63009974145126" lon="104.0399460191857"><ele>483.7630920410156</ele><time>2024-09-18T12:44:28.000Z</time></trkpt>
<trkpt lat="30.63016802050961" lon="104.0398143965749"><ele>483.9335021972656</ele><time>2024-09-18T12:44:30.000Z</time></trkpt>
<trkpt lat="30.63022729914231" lon="104.0396847692239"><ele>484.523681640625</ele><time>2024-09-18T12:44:32.000Z</time></trkpt>
<trkpt lat="30.63028057843095" lon="104.0395561398618"><ele>486.8828430175781</ele><time>2024-09-18T12:44:34.000Z</time></trkpt>
<trkpt lat="30.63034486777356" lon="104.0394215279986"><ele>487.5924987792969</ele><time>2024-09-18T12:44:36.000Z</time></trkpt>
<trkpt lat="30.63041317245663" lon="104.0392799369397"><ele>486.3467102050781</ele><time>2024-09-18T12:44:38.000Z</time></trkpt>
<trkpt lat="30.63048449533046" lon="104.0391303697449"><ele>487.1369323730469</ele><time>2024-09-18T12:44:40.000Z</time></trkpt>
<trkpt lat="30.63054982136586" lon="104.0389808036274"><ele>487.2905883789062</ele><time>2024-09-18T12:44:42.000Z</time></trkpt>
<trkpt lat="30.63061315128006" lon="104.0388302413247"><ele>486.6067199707031</ele><time>2024-09-18T12:44:44.000Z</time></trkpt>
<trkpt lat="30.63067647953935" lon="104.0386806769097"><ele>485.8774719238281</ele><time>2024-09-18T12:44:46.000Z</time></trkpt>
<trkpt lat="30.63073581960651" lon="104.0385271251981"><ele>484.7919921875</ele><time>2024-09-18T12:44:48.000Z</time></trkpt>
<trkpt lat="30.63079716195854" lon="104.0383725771736"><ele>485.7814636230469</ele><time>2024-09-18T12:44:50.000Z</time></trkpt>
<trkpt lat="30.63086251529644" lon="104.0382130445279"><ele>485.6836242675781</ele><time>2024-09-18T12:44:52.000Z</time></trkpt>
<trkpt lat="30.63093385504643" lon="104.0380584977762"><ele>486.4939880371094</ele><time>2024-09-18T12:44:54.000Z</time></trkpt>
<trkpt lat="30.63100218482688" lon="104.0379089372389"><ele>487.5296936035156</ele><time>2024-09-18T12:44:56.000Z</time></trkpt>
<trkpt lat="30.63106749739347" lon="104.0377673539614"><ele>489.095703125</ele><time>2024-09-18T12:44:58.000Z</time></trkpt>
<trkpt lat="30.63113780612454" lon="104.0376267682003"><ele>490.1081237792969</ele><time>2024-09-18T12:45:00.000Z</time></trkpt>
<trkpt lat="30.63121811135148" lon="104.0374861826818"><ele>490.9134216308594</ele><time>2024-09-18T12:45:02.000Z</time></trkpt>
<trkpt lat="30.63131240661971" lon="104.0373475912792"><ele>490.7102355957031</ele><time>2024-09-18T12:45:04.000Z</time></trkpt>
<trkpt lat="30.6314067048737" lon="104.0372080035229"><ele>489.1968078613281</ele><time>2024-09-18T12:45:06.000Z</time></trkpt>
<trkpt lat="30.63149801700721" lon="104.037063431489"><ele>487.1981201171875</ele><time>2024-09-18T12:45:08.000Z</time></trkpt>
<trkpt lat="30.63157433351307" lon="104.0369198578661"><ele>485.5624084472656</ele><time>2024-09-18T12:45:10.000Z</time></trkpt>
<trkpt lat="30.63164165433513" lon="104.0367762853594"><ele>486.4395751953125</ele><time>2024-09-18T12:45:12.000Z</time></trkpt>
<trkpt lat="30.63170896849752" lon="104.0366357045712"><ele>485.6427612304688</ele><time>2024-09-18T12:45:14.000Z</time></trkpt>
<trkpt lat="30.63177628081981" lon="104.0364961214595"><ele>486.0138854980469</ele><time>2024-09-18T12:45:16.000Z</time></trkpt>
<trkpt lat="30.63183955399523" lon="104.0363734880899"><ele>485.4867553710938</ele><time>2024-09-18T12:45:18.000Z</time></trkpt>
<trkpt lat="30.6318697461653" lon="104.036289739352"><ele>485.3905944824219</ele><time>2024-09-18T12:45:22.000Z</time></trkpt>
<trkpt lat="30.63188186549673" lon="104.0362388922998"><ele>485.4064636230469</ele><time>2024-09-18T12:45:30.000Z</time></trkpt>
<trkpt lat="30.63187995652052" lon="104.0362020037981"><ele>483.6144409179688</ele><time>2024-09-18T12:45:40.000Z</time></trkpt>
<trkpt lat="30.63188305040812" lon="104.0361631211438"><ele>484.0274658203125</ele><time>2024-09-18T12:45:56.000Z</time></trkpt>
<trkpt lat="30.63189212478926" lon="104.0361312171719"><ele>487.5754699707031</ele><time>2024-09-18T12:46:00.000Z</time></trkpt>
<trkpt lat="30.63191216538208" lon="104.0361112765612"><ele>485.3733520507812</ele><time>2024-09-18T12:46:18.000Z</time></trkpt>
<trkpt lat="30.63194520796583" lon="104.0360883444261"><ele>484.776123046875</ele><time>2024-09-18T12:46:20.000Z</time></trkpt>
<trkpt lat="30.6319832998064" lon="104.0360444754337"><ele>483.3945617675781</ele><time>2024-09-18T12:46:22.000Z</time></trkpt>
<trkpt lat="30.63203144381858" lon="104.035977675491"><ele>481.8226318359375</ele><time>2024-09-18T12:46:24.000Z</time></trkpt>
<trkpt lat="30.63209262421727" lon="104.0358939264855"><ele>479.1512451171875</ele><time>2024-09-18T12:46:26.000Z</time></trkpt>
<trkpt lat="30.63216681662239" lon="104.0358031983081"><ele>477.7206726074219</ele><time>2024-09-18T12:46:28.000Z</time></trkpt>
<trkpt lat="30.63224202847795" lon="104.0357044945897"><ele>478.1580810546875</ele><time>2024-09-18T12:46:30.000Z</time></trkpt>
<trkpt lat="30.63231625576344" lon="104.0355998094352"><ele>478.8509216308594</ele><time>2024-09-18T12:46:32.000Z</time></trkpt>
<trkpt lat="30.63239249483932" lon="104.0354901397364"><ele>478.3363952636719</ele><time>2024-09-18T12:46:34.000Z</time></trkpt>
<trkpt lat="30.63247973712179" lon="104.0353774790642"><ele>477.8897094726562</ele><time>2024-09-18T12:46:36.000Z</time></trkpt>
<trkpt lat="30.63258198592195" lon="104.0352598333584"><ele>476.9291076660156</ele><time>2024-09-18T12:46:38.000Z</time></trkpt>
<trkpt lat="30.63269324869671" lon="104.0351352090408"><ele>475.6463928222656</ele><time>2024-09-18T12:46:40.000Z</time></trkpt>
<trkpt lat="30.63280451933216" lon="104.0350075943942"><ele>474.0762634277344</ele><time>2024-09-18T12:46:42.000Z</time></trkpt>
<trkpt lat="30.63291278671092" lon="104.0348819743105"><ele>472.2653198242188</ele><time>2024-09-18T12:46:44.000Z</time></trkpt>
<trkpt lat="30.63301605659642" lon="104.0347563549727"><ele>471.7695007324219</ele><time>2024-09-18T12:46:46.000Z</time></trkpt>
<trkpt lat="30.63311833479261" lon="104.0346277453921"><ele>471.6587524414062</ele><time>2024-09-18T12:46:48.000Z</time></trkpt>
<trkpt lat="30.63321959645187" lon="104.0345061149224"><ele>471.9632263183594</ele><time>2024-09-18T12:46:50.000Z</time></trkpt>
<trkpt lat="30.63332284026282" lon="104.0343914633442"><ele>473.0585632324219</ele><time>2024-09-18T12:46:52.000Z</time></trkpt>
<trkpt lat="30.63342506988699" lon="104.0342827937878"><ele>474.2673645019531</ele><time>2024-09-18T12:46:54.000Z</time></trkpt>
<trkpt lat="30.63352630274864" lon="104.0341731277403"><ele>475.3236083984375</ele><time>2024-09-18T12:46:56.000Z</time></trkpt>
<trkpt lat="30.63362253550657" lon="104.0340644592258"><ele>475.698486328125</ele><time>2024-09-18T12:46:58.000Z</time></trkpt>
<trkpt lat="30.6337147477126" lon="104.0339647635017"><ele>475.2657470703125</ele><time>2024-09-18T12:47:00.000Z</time></trkpt>
<trkpt lat="30.63379293339692" lon="104.033878028575"><ele>473.5264587402344</ele><time>2024-09-18T12:47:02.000Z</time></trkpt>
<trkpt lat="30.63385006526632" lon="104.0338162175627"><ele>472.3976440429688</ele><time>2024-09-18T12:47:04.000Z</time></trkpt>
<trkpt lat="30.63388516869203" lon="104.033769361278"><ele>472.2680358886719</ele><time>2024-09-18T12:47:06.000Z</time></trkpt>
<trkpt lat="30.633915286794" lon="104.0337175207559"><ele>472.1852722167969</ele><time>2024-09-18T12:47:08.000Z</time></trkpt>
<trkpt lat="30.63410768492141" lon="104.0335281005024"><ele>472.3502807617188</ele><time>2024-09-18T12:47:10.000Z</time></trkpt>
<trkpt lat="30.63432911237025" lon="104.0333227297929"><ele>469.2793273925781</ele><time>2024-09-18T12:47:20.000Z</time></trkpt>
<trkpt lat="30.63456953056722" lon="104.0331183564638"><ele>470.2939147949219</ele><time>2024-09-18T12:47:22.000Z</time></trkpt>
<trkpt lat="30.63467072138091" lon="104.0330266384336"><ele>470.5734558105469</ele><time>2024-09-18T12:47:24.000Z</time></trkpt>
<trkpt lat="30.6347689237877" lon="104.0329309332784"><ele>470.5833740234375</ele><time>2024-09-18T12:47:26.000Z</time></trkpt>
<trkpt lat="30.63486613699179" lon="104.0328312409438"><ele>470.6366271972656</ele><time>2024-09-18T12:47:28.000Z</time></trkpt>
<trkpt lat="30.63495836014375" lon="104.0327285585213"><ele>469.8903503417969</ele><time>2024-09-18T12:47:30.000Z</time></trkpt>
<trkpt lat="30.63504957891129" lon="104.0326278702186"><ele>467.8432922363281</ele><time>2024-09-18T12:47:32.000Z</time></trkpt>
<trkpt lat="30.63514379416417" lon="104.0325281789681"><ele>466.0484924316406</ele><time>2024-09-18T12:47:34.000Z</time></trkpt>
<trkpt lat="30.6352409957099" lon="104.032433472223"><ele>464.0073547363281</ele><time>2024-09-18T12:47:36.000Z</time></trkpt>
<trkpt lat="30.63534118096031" lon="104.0323447468014"><ele>462.2031860351562</ele><time>2024-09-18T12:47:38.000Z</time></trkpt>
<trkpt lat="30.63544235069941" lon="104.0322620027429"><ele>462.3265075683594</ele><time>2024-09-18T12:47:40.000Z</time></trkpt>
<trkpt lat="30.63554251081989" lon="104.0321832463742"><ele>463.1049194335938</ele><time>2024-09-18T12:47:42.000Z</time></trkpt>
<trkpt lat="30.63563968000719" lon="104.0321014997655"><ele>464.6761474609375</ele><time>2024-09-18T12:47:44.000Z</time></trkpt>
<trkpt lat="30.63574284687931" lon="104.0320197530949"><ele>465.3088073730469</ele><time>2024-09-18T12:47:46.000Z</time></trkpt>
<trkpt lat="30.63584800797499" lon="104.0319400002423"><ele>467.4423828125</ele><time>2024-09-18T12:47:48.000Z</time></trkpt>
<trkpt lat="30.63595716757309" lon="104.0318602474067"><ele>470.3729553222656</ele><time>2024-09-18T12:47:50.000Z</time></trkpt>
<trkpt lat="30.63606132940629" lon="104.0317804949909"><ele>472.1585388183594</ele><time>2024-09-18T12:47:52.000Z</time></trkpt>
<trkpt lat="30.63616349736157" lon="104.0316987491735"><ele>474.5913696289062</ele><time>2024-09-18T12:47:54.000Z</time></trkpt>
<trkpt lat="30.63626465819888" lon="104.0316199941281"><ele>476.1864624023438</ele><time>2024-09-18T12:47:56.000Z</time></trkpt>
<trkpt lat="30.63636782350206" lon="104.031539245506"><ele>477.3047180175781</ele><time>2024-09-18T12:47:58.000Z</time></trkpt>
<trkpt lat="30.63647398772401" lon="104.0314584969486"><ele>477.7521057128906</ele><time>2024-09-18T12:48:00.000Z</time></trkpt>
<trkpt lat="30.63658716464668" lon="104.031371767276"><ele>476.8955383300781</ele><time>2024-09-18T12:48:02.000Z</time></trkpt>
<trkpt lat="30.6366983554716" lon="104.0312800537685"><ele>477.2671508789062</ele><time>2024-09-18T12:48:04.000Z</time></trkpt>
<trkpt lat="30.63680456148198" lon="104.0311833566016"><ele>477.803955078125</ele><time>2024-09-18T12:48:06.000Z</time></trkpt>
<trkpt lat="30.63690476506027" lon="104.0310886536355"><ele>477.9475708007812</ele><time>2024-09-18T12:48:08.000Z</time></trkpt>
<trkpt lat="30.63700096277696" lon="104.0309969415849"><ele>478.9072570800781</ele><time>2024-09-18T12:48:10.000Z</time></trkpt>
<trkpt lat="30.63710015687291" lon="104.0309062264724"><ele>480.0570983886719</ele><time>2024-09-18T12:48:12.000Z</time></trkpt>
<trkpt lat="30.63719735718579" lon="104.0308135180633"><ele>480.6104125976562</ele><time>2024-09-18T12:48:14.000Z</time></trkpt>
<trkpt lat="30.63729456808087" lon="104.0307168226567"><ele>481.0097961425781</ele><time>2024-09-18T12:48:16.000Z</time></trkpt>
<trkpt lat="30.63739079000388" lon="104.0306161403312"><ele>482.112548828125</ele><time>2024-09-18T12:48:18.000Z</time></trkpt>
<trkpt lat="30.63748400823822" lon="104.0305174520573"><ele>483.1502685546875</ele><time>2024-09-18T12:48:20.000Z</time></trkpt>
<trkpt lat="30.63757820810848" lon="104.0304257416624"><ele>483.7214660644531</ele><time>2024-09-18T12:48:22.000Z</time></trkpt>
<trkpt lat="30.63767439435001" lon="104.0303390154393"><ele>482.9380187988281</ele><time>2024-09-18T12:48:24.000Z</time></trkpt>
<trkpt lat="30.63777858004989" lon="104.0302512922807"><ele>482.1660766601562</ele><time>2024-09-18T12:48:26.000Z</time></trkpt>
<trkpt lat="30.63788677469569" lon="104.0301595819811"><ele>481.1666870117188</ele><time>2024-09-18T12:48:28.000Z</time></trkpt>
<trkpt lat="30.63799597695564" lon="104.0300648815009"><ele>480.710693359375</ele><time>2024-09-18T12:48:30.000Z</time></trkpt>
<trkpt lat="30.63810018412966" lon="104.0299691847161"><ele>479.2708435058594</ele><time>2024-09-18T12:48:32.000Z</time></trkpt>
<trkpt lat="30.63820238713607" lon="104.0298754818666"><ele>478.6464538574219</ele><time>2024-09-18T12:48:34.000Z</time></trkpt>
<trkpt lat="30.63830357508218" lon="104.0297877600358"><ele>479.0247192382812</ele><time>2024-09-18T12:48:36.000Z</time></trkpt>
<trkpt lat="30.63840373745827" lon="104.0297100063137"><ele>478.6099243164062</ele><time>2024-09-18T12:48:38.000Z</time></trkpt>
<trkpt lat="30.63849591641246" lon="104.0296272692163"><ele>479.1025695800781</ele><time>2024-09-18T12:48:40.000Z</time></trkpt>
<trkpt lat="30.63858312645632" lon="104.0295335679702"><ele>478.349365234375</ele><time>2024-09-18T12:48:42.000Z</time></trkpt>
<trkpt lat="30.6386603723791" lon="104.0294279061113"><ele>477.0596923828125</ele><time>2024-09-18T12:48:44.000Z</time></trkpt>
<trkpt lat="30.63874261649195" lon="104.0293222443505"><ele>476.0444946289062</ele><time>2024-09-18T12:48:46.000Z</time></trkpt>
<trkpt lat="30.63883284702218" lon="104.0292205696329"><ele>475.6426391601562</ele><time>2024-09-18T12:48:48.000Z</time></trkpt>
<trkpt lat="30.63892806518895" lon="104.0291228820568"><ele>474.9304809570312</ele><time>2024-09-18T12:48:50.000Z</time></trkpt>
<trkpt lat="30.63902527748251" lon="104.0290271881931"><ele>474.64697265625</ele><time>2024-09-18T12:48:52.000Z</time></trkpt>
<trkpt lat="30.63911848903001" lon="104.0289324915313"><ele>473.2435302734375</ele><time>2024-09-18T12:48:54.000Z</time></trkpt>
<trkpt lat="30.63921169815392" lon="104.0288387918836"><ele>471.6054077148438</ele><time>2024-09-18T12:48:56.000Z</time></trkpt>
<trkpt lat="30.63930690136973" lon="104.0287470859088"><ele>470.8548278808594</ele><time>2024-09-18T12:48:58.000Z</time></trkpt>
<trkpt lat="30.63940109991643" lon="104.0286573737246"><ele>469.4432067871094</ele><time>2024-09-18T12:49:00.000Z</time></trkpt>
<trkpt lat="30.63949630088191" lon="104.0285666649714"><ele>469.3881225585938</ele><time>2024-09-18T12:49:02.000Z</time></trkpt>
<trkpt lat="30.63959250692016" lon="104.028473962907"><ele>469.7854309082031</ele><time>2024-09-18T12:49:04.000Z</time></trkpt>
<trkpt lat="30.63968973129636" lon="104.0283742838152"><ele>470.4763488769531</ele><time>2024-09-18T12:49:06.000Z</time></trkpt>
<trkpt lat="30.63978695325468" lon="104.0282756017449"><ele>470.1143798828125</ele><time>2024-09-18T12:49:08.000Z</time></trkpt>
<trkpt lat="30.63988515378232" lon="104.0281848938281"><ele>470.54443359375</ele><time>2024-09-18T12:49:10.000Z</time></trkpt>
<trkpt lat="30.63998334121547" lon="104.0280991698327"><ele>471.23291015625</ele><time>2024-09-18T12:49:12.000Z</time></trkpt>
<trkpt lat="30.64007953231497" lon="104.0280124493945"><ele>472.0104675292969</ele><time>2024-09-18T12:49:14.000Z</time></trkpt>
<trkpt lat="30.64017175453991" lon="104.0279147652736"><ele>472.2291259765625</ele><time>2024-09-18T12:49:16.000Z</time></trkpt>
<trkpt lat="30.6402639956368" lon="104.0278101043014"><ele>471.1793518066406</ele><time>2024-09-18T12:49:18.000Z</time></trkpt>
<trkpt lat="30.64036024598227" lon="104.0277014565412"><ele>471.3211059570312</ele><time>2024-09-18T12:49:20.000Z</time></trkpt>
<trkpt lat="30.64046348299396" lon="104.0275967956909"><ele>472.0065002441406</ele><time>2024-09-18T12:49:22.000Z</time></trkpt>
<trkpt lat="30.64056970564309" lon="104.0274971186162"><ele>473.2105407714844</ele><time>2024-09-18T12:49:24.000Z</time></trkpt>
<trkpt lat="30.64067591782345" lon="104.02740142869"><ele>474.1709594726562</ele><time>2024-09-18T12:49:26.000Z</time></trkpt>
<trkpt lat="30.64077812653586" lon="104.0273077326253"><ele>474.7254943847656</ele><time>2024-09-18T12:49:28.000Z</time></trkpt>
<trkpt lat="30.64087932783157" lon="104.0272170269866"><ele>475.9369201660156</ele><time>2024-09-18T12:49:30.000Z</time></trkpt>
<trkpt lat="30.64097952705185" lon="104.0271273183271"><ele>476.6861267089844</ele><time>2024-09-18T12:49:32.000Z</time></trkpt>
<trkpt lat="30.64108073139903" lon="104.0270356164207"><ele>478.250732421875</ele><time>2024-09-18T12:49:34.000Z</time></trkpt>
<trkpt lat="30.64118194398948" lon="104.0269409246191"><ele>479.5378112792969</ele><time>2024-09-18T12:49:36.000Z</time></trkpt>
<trkpt lat="30.64128714972917" lon="104.0268482262885"><ele>480.7605590820312</ele><time>2024-09-18T12:49:38.000Z</time></trkpt>
<trkpt lat="30.6413923449039" lon="104.0267595149965"><ele>481.5635986328125</ele><time>2024-09-18T12:49:40.000Z</time></trkpt>
<trkpt lat="30.6414985263776" lon="104.0266757873695"><ele>481.6571960449219</ele><time>2024-09-18T12:49:42.000Z</time></trkpt>
<trkpt lat="30.6416037165033" lon="104.0265890698804"><ele>481.3463134765625</ele><time>2024-09-18T12:49:44.000Z</time></trkpt>
<trkpt lat="30.64169693608888" lon="104.0264933828683"><ele>480.8682861328125</ele><time>2024-09-18T12:49:46.000Z</time></trkpt>
<trkpt lat="30.64178416109619" lon="104.0263966996732"><ele>481.2854919433594</ele><time>2024-09-18T12:49:48.000Z</time></trkpt>
<trkpt lat="30.64186737989398" lon="104.0263030069735"><ele>480.7940368652344</ele><time>2024-09-18T12:49:50.000Z</time></trkpt>
<trkpt lat="30.64195558327859" lon="104.0262142977205"><ele>480.7111206054688</ele><time>2024-09-18T12:49:52.000Z</time></trkpt>
<trkpt lat="30.64204580492261" lon="104.026118611786"><ele>481.635986328125</ele><time>2024-09-18T12:49:54.000Z</time></trkpt>
<trkpt lat="30.64213904715666" lon="104.0260149524942"><ele>481.8558044433594</ele><time>2024-09-18T12:49:56.000Z</time></trkpt>
<trkpt lat="30.64223729023468" lon="104.025910296579"><ele>482.5171813964844</ele><time>2024-09-18T12:49:58.000Z</time></trkpt>
<trkpt lat="30.64234153374118" lon="104.0258046440031"><ele>482.7505187988281</ele><time>2024-09-18T12:50:00.000Z</time></trkpt>
<trkpt lat="30.64243977458784" lon="104.0257009853326"><ele>482.831787109375</ele><time>2024-09-18T12:50:02.000Z</time></trkpt>
<trkpt lat="30.64252499669762" lon="104.0256062975676"><ele>483.0112915039062</ele><time>2024-09-18T12:50:04.000Z</time></trkpt>
<trkpt lat="30.64258717161627" lon="104.0255325411296"><ele>483.74267578125</ele><time>2024-09-18T12:50:06.000Z</time></trkpt>
<trkpt lat="30.64261433419379" lon="104.0254687530773"><ele>484.4059448242188</ele><time>2024-09-18T12:50:08.000Z</time></trkpt>
<trkpt lat="30.64261345968795" lon="104.0254229063889"><ele>485.6939086914062</ele><time>2024-09-18T12:50:14.000Z</time></trkpt>
<trkpt lat="30.6426005141119" lon="104.0254049669571"><ele>484.7311401367188</ele><time>2024-09-18T12:50:32.000Z</time></trkpt>
<trkpt lat="30.64261657538476" lon="104.0253800495748"><ele>478.4209594726562</ele><time>2024-09-18T12:51:20.000Z</time></trkpt>
<trkpt lat="30.64264467788265" lon="104.0253381883581"><ele>477.8890075683594</ele><time>2024-09-18T12:51:22.000Z</time></trkpt>
<trkpt lat="30.64267776198155" lon="104.0253023069495"><ele>477.9382934570312</ele><time>2024-09-18T12:51:24.000Z</time></trkpt>
<trkpt lat="30.64272482932497" lon="104.0252704116039"><ele>474.9298400878906</ele><time>2024-09-18T12:51:26.000Z</time></trkpt>
<trkpt lat="30.64277588955845" lon="104.0252405094316"><ele>476.8597106933594</ele><time>2024-09-18T12:51:28.000Z</time></trkpt>
<trkpt lat="30.64283297725175" lon="104.0251996437324"><ele>478.6349792480469</ele><time>2024-09-18T12:51:30.000Z</time></trkpt>
<trkpt lat="30.6428940905501" lon="104.0251488112901"><ele>479.26611328125</ele><time>2024-09-18T12:51:32.000Z</time></trkpt>
<trkpt lat="30.6429702030404" lon="104.0250959849259"><ele>480.1479797363281</ele><time>2024-09-18T12:51:34.000Z</time></trkpt>
<trkpt lat="30.64305131620973" lon="104.0250421617516"><ele>480.65576171875</ele><time>2024-09-18T12:51:36.000Z</time></trkpt>
<trkpt lat="30.64313044119628" lon="104.0249843521135"><ele>480.8439331054688</ele><time>2024-09-18T12:51:38.000Z</time></trkpt>
<trkpt lat="30.64321060952021" lon="104.0249105960381"><ele>480.8439331054688</ele><time>2024-09-18T12:51:40.000Z</time></trkpt>
<trkpt lat="30.64330380800445" lon="104.0248238830359"><ele>483.1467895507812</ele><time>2024-09-18T12:51:42.000Z</time></trkpt>
<trkpt lat="30.64340302052555" lon="104.0247311900534"><ele>484.6954040527344</ele><time>2024-09-18T12:51:44.000Z</time></trkpt>
<trkpt lat="30.64349724080698" lon="104.0246365042125"><ele>485.2886047363281</ele><time>2024-09-18T12:51:46.000Z</time></trkpt>
<trkpt lat="30.64357948002961" lon="104.0245368359023"><ele>485.1277770996094</ele><time>2024-09-18T12:51:48.000Z</time></trkpt>
<trkpt lat="30.64365572199197" lon="104.0244371681056"><ele>486.1156005859375</ele><time>2024-09-18T12:51:50.000Z</time></trkpt>
<trkpt lat="30.64373594876133" lon="104.0243424835785"><ele>486.875732421875</ele><time>2024-09-18T12:51:52.000Z</time></trkpt>
<trkpt lat="30.64381916621763" lon="104.0242507890532"><ele>487.1542053222656</ele><time>2024-09-18T12:51:54.000Z</time></trkpt>
<trkpt lat="30.64389938786139" lon="104.0241580982318"><ele>487.4783020019531</ele><time>2024-09-18T12:51:56.000Z</time></trkpt>
<trkpt lat="30.64397659995329" lon="104.0240693942895"><ele>487.9828491210938</ele><time>2024-09-18T12:51:58.000Z</time></trkpt>
<trkpt lat="30.64405178554422" lon="104.0239906569468"><ele>488.384033203125</ele><time>2024-09-18T12:52:00.000Z</time></trkpt>
<trkpt lat="30.6441329632253" lon="104.0239139127478"><ele>488.4627075195312</ele><time>2024-09-18T12:52:02.000Z</time></trkpt>
<trkpt lat="30.64421716454567" lon="104.0238281989046"><ele>488.5254516601562</ele><time>2024-09-18T12:52:04.000Z</time></trkpt>
<trkpt lat="30.6443074020674" lon="104.0237285322102"><ele>489.1927490234375</ele><time>2024-09-18T12:52:06.000Z</time></trkpt>
<trkpt lat="30.64440165741138" lon="104.0236218892146"><ele>489.2826538085938</ele><time>2024-09-18T12:52:08.000Z</time></trkpt>
<trkpt lat="30.64449689600064" lon="104.0235212261713"><ele>489.4543151855469</ele><time>2024-09-18T12:52:10.000Z</time></trkpt>
<trkpt lat="30.64458711480598" lon="104.0234285365404"><ele>489.7688598632812</ele><time>2024-09-18T12:52:12.000Z</time></trkpt>
<trkpt lat="30.64467832506796" lon="104.0233388369187"><ele>489.4813232421875</ele><time>2024-09-18T12:52:14.000Z</time></trkpt>
<trkpt lat="30.64477054060012" lon="104.0232471442153"><ele>488.2923889160156</ele><time>2024-09-18T12:52:16.000Z</time></trkpt>
<trkpt lat="30.64486975887678" lon="104.0231534581753"><ele>487.2093505859375</ele><time>2024-09-18T12:52:18.000Z</time></trkpt>
<trkpt lat="30.64497397798254" lon="104.0230587755103"><ele>486.5405883789062</ele><time>2024-09-18T12:52:20.000Z</time></trkpt>
<trkpt lat="30.64508019641783" lon="104.0229640929671"><ele>486.6519775390625</ele><time>2024-09-18T12:52:22.000Z</time></trkpt>
<trkpt lat="30.64518040924336" lon="104.0228724007174"><ele>487.1814575195312</ele><time>2024-09-18T12:52:24.000Z</time></trkpt>
<trkpt lat="30.64526761940473" lon="104.0227836990528"><ele>487.8762512207031</ele><time>2024-09-18T12:52:26.000Z</time></trkpt>
<trkpt lat="30.6453498262806" lon="104.0226969909965"><ele>487.8406982421875</ele><time>2024-09-18T12:52:28.000Z</time></trkpt>
<trkpt lat="30.64543299397206" lon="104.0226242354639"><ele>486.9094848632812</ele><time>2024-09-18T12:52:30.000Z</time></trkpt>
<trkpt lat="30.64552906451683" lon="104.0225843672227"><ele>486.60693359375</ele><time>2024-09-18T12:52:32.000Z</time></trkpt>
<trkpt lat="30.64566809741565" lon="104.0225514732909"><ele>478.34326171875</ele><time>2024-09-18T12:53:40.000Z</time></trkpt>
<trkpt lat="30.64570215531853" lon="104.0225255602373"><ele>477.1862487792969</ele><time>2024-09-18T12:53:52.000Z</time></trkpt>
<trkpt lat="30.64574321861432" lon="104.0224966570974"><ele>475.6451721191406</ele><time>2024-09-18T12:53:54.000Z</time></trkpt>
<trkpt lat="30.64578729734837" lon="104.0224617742671"><ele>475.4794616699219</ele><time>2024-09-18T12:53:56.000Z</time></trkpt>
<trkpt lat="30.64582539256185" lon="104.0224219087562"><ele>475.2846984863281</ele><time>2024-09-18T12:53:58.000Z</time></trkpt>
<trkpt lat="30.64586850517588" lon="104.0223750669009"><ele>474.597900390625</ele><time>2024-09-18T12:54:00.000Z</time></trkpt>
<trkpt lat="30.6459186343623" lon="104.0223212486347"><ele>474.1869812011719</ele><time>2024-09-18T12:54:02.000Z</time></trkpt>
<trkpt lat="30.64597079062017" lon="104.0222574644316"><ele>472.9513244628906</ele><time>2024-09-18T12:54:04.000Z</time></trkpt>
<trkpt lat="30.64602397441097" lon="104.0221837143794"><ele>472.6866455078125</ele><time>2024-09-18T12:54:06.000Z</time></trkpt>
<trkpt lat="30.64608115382345" lon="104.022110960861"><ele>473.8583374023438</ele><time>2024-09-18T12:54:08.000Z</time></trkpt>
<trkpt lat="30.64614531920877" lon="104.0220421934969"><ele>474.5034484863281</ele><time>2024-09-18T12:54:10.000Z</time></trkpt>
<trkpt lat="30.64621446302122" lon="104.0219804021122"><ele>476.0055541992188</ele><time>2024-09-18T12:54:12.000Z</time></trkpt>
<trkpt lat="30.64628359014683" lon="104.0219245903162"><ele>477.116943359375</ele><time>2024-09-18T12:54:14.000Z</time></trkpt>
<trkpt lat="30.64635072656019" lon="104.0218657889319"><ele>478.7509460449219</ele><time>2024-09-18T12:54:16.000Z</time></trkpt>
<trkpt lat="30.64641287633952" lon="104.0218030015232"><ele>479.7604675292969</ele><time>2024-09-18T12:54:18.000Z</time></trkpt>
<trkpt lat="30.64647103627942" lon="104.0217372246419"><ele>480.1475219726562</ele><time>2024-09-18T12:54:20.000Z</time></trkpt>
<trkpt lat="30.64653019307916" lon="104.021672444391"><ele>478.3831787109375</ele><time>2024-09-18T12:54:22.000Z</time></trkpt>
<trkpt lat="30.64659833774242" lon="104.021610653564"><ele>477.2540283203125</ele><time>2024-09-18T12:54:24.000Z</time></trkpt>
<trkpt lat="30.64667147195376" lon="104.0215518523261"><ele>477.1020812988281</ele><time>2024-09-18T12:54:26.000Z</time></trkpt>
<trkpt lat="30.64674658576961" lon="104.021500027096"><ele>477.0219421386719</ele><time>2024-09-18T12:54:28.000Z</time></trkpt>
<trkpt lat="30.64682070005715" lon="104.02144820197"><ele>476.8150634765625</ele><time>2024-09-18T12:54:30.000Z</time></trkpt>
<trkpt lat="30.64689583078757" lon="104.021390397427"><ele>476.0491943359375</ele><time>2024-09-18T12:54:32.000Z</time></trkpt>
<trkpt lat="30.64696997602513" lon="104.0213276101493"><ele>475.4000854492188</ele><time>2024-09-18T12:54:34.000Z</time></trkpt>
<trkpt lat="30.64704214463042" lon="104.0212568504945"><ele>474.8236694335938</ele><time>2024-09-18T12:54:36.000Z</time></trkpt>
<trkpt lat="30.64710834394992" lon="104.0211761255428"><ele>474.5865173339844</ele><time>2024-09-18T12:54:38.000Z</time></trkpt>
<trkpt lat="30.64717455462709" lon="104.0210914144719"><ele>474.2549133300781</ele><time>2024-09-18T12:54:40.000Z</time></trkpt>
<trkpt lat="30.64723974337711" lon="104.021014676111"><ele>473.4285278320312</ele><time>2024-09-18T12:54:42.000Z</time></trkpt>
<trkpt lat="30.64731291758882" lon="104.0209419237711"><ele>472.7890014648438</ele><time>2024-09-18T12:54:44.000Z</time></trkpt>
<trkpt lat="30.64739112634711" lon="104.0208562160378"><ele>471.5167541503906</ele><time>2024-09-18T12:54:46.000Z</time></trkpt>
<trkpt lat="30.64747340955695" lon="104.0207436012139"><ele>470.9869384765625</ele><time>2024-09-18T12:54:48.000Z</time></trkpt>
<trkpt lat="30.64756069369262" lon="104.0206299898849"><ele>469.5933837890625</ele><time>2024-09-18T12:54:50.000Z</time></trkpt>
<trkpt lat="30.6476519453448" lon="104.0205273407394"><ele>469.0592956542969</ele><time>2024-09-18T12:54:52.000Z</time></trkpt>
<trkpt lat="30.64774412904652" lon="104.0204486090072"><ele>469.0169982910156</ele><time>2024-09-18T12:54:54.000Z</time></trkpt>
<trkpt lat="30.64782830496821" lon="104.0203738639623"><ele>468.8415222167969</ele><time>2024-09-18T12:54:56.000Z</time></trkpt>
<trkpt lat="30.64791145882147" lon="104.0203070914686"><ele>468.4616088867188</ele><time>2024-09-18T12:54:58.000Z</time></trkpt>
<trkpt lat="30.64799458732625" lon="104.0202492879954"><ele>468.1392211914062</ele><time>2024-09-18T12:55:00.000Z</time></trkpt>
<trkpt lat="30.64808466204324" lon="104.0202094221173"><ele>468.0735168457031</ele><time>2024-09-18T12:55:02.000Z</time></trkpt>
<trkpt lat="30.64816668648925" lon="104.0201884910015"><ele>468.2996826171875</ele><time>2024-09-18T12:55:04.000Z</time></trkpt>
<trkpt lat="30.64825065356122" lon="104.0201874907249"><ele>468.5655212402344</ele><time>2024-09-18T12:55:06.000Z</time></trkpt>
<trkpt lat="30.64833757978646" lon="104.0202004419627"><ele>468.6481018066406</ele><time>2024-09-18T12:55:08.000Z</time></trkpt>
<trkpt lat="30.64844047376522" lon="104.0202223614144"><ele>469.0331420898438</ele><time>2024-09-18T12:55:10.000Z</time></trkpt>
<trkpt lat="30.64855436305818" lon="104.0202442803873"><ele>469.4256896972656</ele><time>2024-09-18T12:55:12.000Z</time></trkpt>
<trkpt lat="30.64867926461006" lon="104.0202602195954"><ele>468.844970703125</ele><time>2024-09-18T12:55:14.000Z</time></trkpt>
<trkpt lat="30.64880819834273" lon="104.0202642000567"><ele>468.2619323730469</ele><time>2024-09-18T12:55:16.000Z</time></trkpt>
<trkpt lat="30.64893317613693" lon="104.0202532324812"><ele>468.4140319824219</ele><time>2024-09-18T12:55:18.000Z</time></trkpt>
<trkpt lat="30.64905419517774" lon="104.0202283134264"><ele>469.1869506835938</ele><time>2024-09-18T12:55:20.000Z</time></trkpt>
<trkpt lat="30.64917021069814" lon="104.0202053876998"><ele>469.1430053710938</ele><time>2024-09-18T12:55:22.000Z</time></trkpt>
<trkpt lat="30.64928718339966" lon="104.0201974101323"><ele>469.4495239257812</ele><time>2024-09-18T12:55:24.000Z</time></trkpt>
<trkpt lat="30.64940711807353" lon="104.0202023875346"><ele>469.6174011230469</ele><time>2024-09-18T12:55:26.000Z</time></trkpt>
<trkpt lat="30.64952404836431" lon="104.0202093581636"><ele>469.8013916015625</ele><time>2024-09-18T12:55:28.000Z</time></trkpt>
<trkpt lat="30.64963999037317" lon="104.0202123426514"><ele>470.47412109375</ele><time>2024-09-18T12:55:30.000Z</time></trkpt>
<trkpt lat="30.64975193125289" lon="104.0202163238636"><ele>470.41357421875</ele><time>2024-09-18T12:55:32.000Z</time></trkpt>
<trkpt lat="30.64986787606449" lon="104.020218311805"><ele>470.5372619628906</ele><time>2024-09-18T12:55:34.000Z</time></trkpt>
<trkpt lat="30.64998283541911" lon="104.0202153170572"><ele>470.6710815429688</ele><time>2024-09-18T12:55:36.000Z</time></trkpt>
<trkpt lat="30.65008980383194" lon="104.0202103295718"><ele>470.7944641113281</ele><time>2024-09-18T12:55:38.000Z</time></trkpt>
<trkpt lat="30.6501827725671" lon="104.0202073358017"><ele>470.7751770019531</ele><time>2024-09-18T12:55:40.000Z</time></trkpt>
<trkpt lat="30.65024974393119" lon="104.0202073328259"><ele>470.0658569335938</ele><time>2024-09-18T12:55:42.000Z</time></trkpt>
<trkpt lat="30.65028776159784" lon="104.0201953725819"><ele>470.4246520996094</ele><time>2024-09-18T12:55:44.000Z</time></trkpt>
<trkpt lat="30.65032289360835" lon="104.0201435506513"><ele>470.5715637207031</ele><time>2024-09-18T12:56:12.000Z</time></trkpt>
<trkpt lat="30.65036103569604" lon="104.0200877424677"><ele>470.5715637207031</ele><time>2024-09-18T12:56:50.000Z</time></trkpt>
<trkpt lat="30.65041702589278" lon="104.020082757261"><ele>470.5715637207031</ele><time>2024-09-18T12:56:54.000Z</time></trkpt>
<trkpt lat="30.65046604453398" lon="104.0200688034726"><ele>470.5715637207031</ele><time>2024-09-18T12:56:56.000Z</time></trkpt>
<trkpt lat="30.65051308948911" lon="104.0200458808882"><ele>469.4447937011719</ele><time>2024-09-18T12:56:58.000Z</time></trkpt>
<trkpt lat="30.65056812820125" lon="104.0200239545022"><ele>470.7437438964844</ele><time>2024-09-18T12:57:00.000Z</time></trkpt>
<trkpt lat="30.65063211214248" lon="104.0200199654896"><ele>470.5269775390625</ele><time>2024-09-18T12:57:02.000Z</time></trkpt>
<trkpt lat="30.65070103736097" lon="104.0200359071092"><ele>469.5084533691406</ele><time>2024-09-18T12:57:04.000Z</time></trkpt>
<trkpt lat="30.65077694544226" lon="104.0200568311395"><ele>469.5056457519531</ele><time>2024-09-18T12:57:06.000Z</time></trkpt>
<trkpt lat="30.65085188223611" lon="104.0200677897867"><ele>469.9810180664062</ele><time>2024-09-18T12:57:08.000Z</time></trkpt>
<trkpt lat="30.650936837372" lon="104.0200707756425"><ele>470.4819030761719</ele><time>2024-09-18T12:57:10.000Z</time></trkpt>
<trkpt lat="30.65101679464226" lon="104.0200737617206"><ele>470.3513488769531</ele><time>2024-09-18T12:57:12.000Z</time></trkpt>
<trkpt lat="30.65110972371669" lon="104.020084719572"><ele>471.06396484375</ele><time>2024-09-18T12:57:14.000Z</time></trkpt>
<trkpt lat="30.65120564019017" lon="104.0200996634693"><ele>471.8829650878906</ele><time>2024-09-18T12:57:16.000Z</time></trkpt>
<trkpt lat="30.65131753566927" lon="104.0201195893834"><ele>472.2081604003906</ele><time>2024-09-18T12:57:18.000Z</time></trkpt>
<trkpt lat="30.65143645924294" lon="104.0201285530005"><ele>472.2219848632812</ele><time>2024-09-18T12:57:20.000Z</time></trkpt>
<trkpt lat="30.65155841827226" lon="104.0201245614031"><ele>472.191162109375</ele><time>2024-09-18T12:57:22.000Z</time></trkpt>
<trkpt lat="30.65168742800986" lon="104.0201016351508"><ele>472.4531860351562</ele><time>2024-09-18T12:57:24.000Z</time></trkpt>
<trkpt lat="30.65181743448578" lon="104.0200797054091"><ele>470.8727111816406</ele><time>2024-09-18T12:57:26.000Z</time></trkpt>
<trkpt lat="30.65194943444115" lon="104.0200597686755"><ele>470.9186401367188</ele><time>2024-09-18T12:57:28.000Z</time></trkpt>
<trkpt lat="30.65207339539143" lon="104.0200547804519"><ele>470.4440307617188</ele><time>2024-09-18T12:57:30.000Z</time></trkpt>
<trkpt lat="30.65219333824567" lon="104.020056768209"><ele>471.0701599121094</ele><time>2024-09-18T12:57:32.000Z</time></trkpt>
<trkpt lat="30.65231029086047" lon="104.0200557664695"><ele>471.3160095214844</ele><time>2024-09-18T12:57:34.000Z</time></trkpt>
<trkpt lat="30.65242726609189" lon="104.0200467923848"><ele>472.0341186523438</ele><time>2024-09-18T12:57:36.000Z</time></trkpt>
<trkpt lat="30.65254827920013" lon="104.0200238665259"><ele>472.08447265625</ele><time>2024-09-18T12:57:38.000Z</time></trkpt>
<trkpt lat="30.65267331322344" lon="104.0199929681643"><ele>471.4270629882812</ele><time>2024-09-18T12:57:40.000Z</time></trkpt>
<trkpt lat="30.65279836423204" lon="104.0199560905754"><ele>470.4850158691406</ele><time>2024-09-18T12:57:42.000Z</time></trkpt>
<trkpt lat="30.65291636164461" lon="104.0199391441381"><ele>469.7257080078125</ele><time>2024-09-18T12:57:44.000Z</time></trkpt>
<trkpt lat="30.65302131085446" lon="104.0199411325568"><ele>469.8177795410156</ele><time>2024-09-18T12:57:46.000Z</time></trkpt>
<trkpt lat="30.65311621340759" lon="104.0199610591591"><ele>468.6138610839844</ele><time>2024-09-18T12:57:48.000Z</time></trkpt>
<trkpt lat="30.65320616055977" lon="104.0199660378687"><ele>468.3906860351562</ele><time>2024-09-18T12:57:50.000Z</time></trkpt>
<trkpt lat="30.65330012013533" lon="104.0199660336941"><ele>468.8336486816406</ele><time>2024-09-18T12:57:52.000Z</time></trkpt>
<trkpt lat="30.65339410234467" lon="104.0199580571893"><ele>468.8495483398438</ele><time>2024-09-18T12:57:54.000Z</time></trkpt>
<trkpt lat="30.65348308103798" lon="104.01995207399"><ele>468.6509704589844</ele><time>2024-09-18T12:57:56.000Z</time></trkpt>
<trkpt lat="30.65356105313684" lon="104.0199500774439"><ele>468.3574523925781</ele><time>2024-09-18T12:57:58.000Z</time></trkpt>
<trkpt lat="30.65363101452158" lon="104.0199530639583"><ele>467.3453979492188</ele><time>2024-09-18T12:58:00.000Z</time></trkpt>
<trkpt lat="30.65370196981125" lon="104.0199580435108"><ele>466.9250183105469</ele><time>2024-09-18T12:58:02.000Z</time></trkpt>
<trkpt lat="30.65376692201968" lon="104.0199650164128"><ele>468.0327453613281</ele><time>2024-09-18T12:58:04.000Z</time></trkpt>
<trkpt lat="30.65381889114255" lon="104.0199680037275"><ele>468.3468627929688</ele><time>2024-09-18T12:58:06.000Z</time></trkpt>
<trkpt lat="30.6538558610619" lon="104.0199729847914"><ele>469.1178588867188</ele><time>2024-09-18T12:58:08.000Z</time></trkpt>
<trkpt lat="30.65388583682461" lon="104.0199769696251"><ele>469.5578918457031</ele><time>2024-09-18T12:58:10.000Z</time></trkpt>
<trkpt lat="30.65391679517751" lon="104.0199869336651"><ele>469.0722351074219</ele><time>2024-09-18T12:58:12.000Z</time></trkpt>
<trkpt lat="30.6539477535314" lon="104.019996897707"><ele>467.9496459960938</ele><time>2024-09-18T12:58:16.000Z</time></trkpt>
<trkpt lat="30.65397867510607" lon="104.0200198168012"><ele>467.2474060058594</ele><time>2024-09-18T12:58:18.000Z</time></trkpt>
<trkpt lat="30.65400458469972" lon="104.0200477188431"><ele>467.3675842285156</ele><time>2024-09-18T12:58:22.000Z</time></trkpt>
<trkpt lat="30.65402946080178" lon="104.0200875794704"><ele>467.6619873046875</ele><time>2024-09-18T12:58:24.000Z</time></trkpt>
<trkpt lat="30.65405035844601" lon="104.0201204644962"><ele>468.19189453125</ele><time>2024-09-18T12:58:28.000Z</time></trkpt>
<trkpt lat="30.65408328486211" lon="104.0201413904703"><ele>470.6808166503906</ele><time>2024-09-18T12:58:32.000Z</time></trkpt>
<trkpt lat="30.65412326197691" lon="104.0201433817835"><ele>471.9106750488281</ele><time>2024-09-18T12:58:42.000Z</time></trkpt>
<trkpt lat="30.65417729242606" lon="104.0201244450334"><ele>472.029052734375</ele><time>2024-09-18T12:58:44.000Z</time></trkpt>
<trkpt lat="30.65423934205315" lon="104.0200975355825"><ele>471.9632263183594</ele><time>2024-09-18T12:58:46.000Z</time></trkpt>
<trkpt lat="30.65431039629623" lon="104.0200676361166"><ele>471.2827453613281</ele><time>2024-09-18T12:58:48.000Z</time></trkpt>
<trkpt lat="30.65438945558959" lon="104.0200347466858"><ele>470.6886291503906</ele><time>2024-09-18T12:58:50.000Z</time></trkpt>
<trkpt lat="30.65446652707752" lon="104.0199978711984"><ele>470.8030700683594</ele><time>2024-09-18T12:58:52.000Z</time></trkpt>
<trkpt lat="30.65454261316758" lon="104.0199560130781"><ele>469.7554321289062</ele><time>2024-09-18T12:58:54.000Z</time></trkpt>
<trkpt lat="30.65461767423713" lon="104.0199231239018"><ele>468.86328125</ele><time>2024-09-18T12:58:56.000Z</time></trkpt>
<trkpt lat="30.65470268570707" lon="104.0199061789426"><ele>469.0847473144531</ele><time>2024-09-18T12:58:58.000Z</time></trkpt>
<trkpt lat="30.65480365912838" lon="104.019900195217"><ele>467.8085021972656</ele><time>2024-09-18T12:59:00.000Z</time></trkpt>
<trkpt lat="30.65492762261724" lon="104.0198942104708"><ele>467.1705322265625</ele><time>2024-09-18T12:59:02.000Z</time></trkpt>
<trkpt lat="30.65506458897713" lon="104.0198852355289"><ele>467.0003662109375</ele><time>2024-09-18T12:59:04.000Z</time></trkpt>
<trkpt lat="30.65520754423666" lon="104.0198792499408"><ele>467.2503662109375</ele><time>2024-09-18T12:59:06.000Z</time></trkpt>
<trkpt lat="30.65535347836145" lon="104.0198802399963"><ele>466.9811096191406</ele><time>2024-09-18T12:59:08.000Z</time></trkpt>
<trkpt lat="30.65550341073983" lon="104.0198812298742"><ele>466.9167175292969</ele><time>2024-09-18T12:59:10.000Z</time></trkpt>
<trkpt lat="30.655651352458" lon="104.0198792302223"><ele>466.8181457519531</ele><time>2024-09-18T12:59:12.000Z</time></trkpt>
<trkpt lat="30.65579530154979" lon="104.0198752376693"><ele>467.2003173828125</ele><time>2024-09-18T12:59:14.000Z</time></trkpt>
<trkpt lat="30.6559342386269" lon="104.0198762280354"><ele>467.1900939941406</ele><time>2024-09-18T12:59:16.000Z</time></trkpt>
<trkpt lat="30.65606517065214" lon="104.0198802083753"><ele>467.3995361328125</ele><time>2024-09-18T12:59:18.000Z</time></trkpt>
<trkpt lat="30.65618911418587" lon="104.0198811994077"><ele>467.8871459960938</ele><time>2024-09-18T12:59:20.000Z</time></trkpt>
<trkpt lat="30.65631308035996" lon="104.0198742181245"><ele>467.8262329101562</ele><time>2024-09-18T12:59:22.000Z</time></trkpt>
<trkpt lat="30.6564400707111" lon="104.019858267857"><ele>467.9158630371094</ele><time>2024-09-18T12:59:24.000Z</time></trkpt>
<trkpt lat="30.65657003992816" lon="104.0198492932331"><ele>467.6476440429688</ele><time>2024-09-18T12:59:26.000Z</time></trkpt>
<trkpt lat="30.65669997797689" lon="104.0198512805373"><ele>467.5346984863281</ele><time>2024-09-18T12:59:28.000Z</time></trkpt>
<trkpt lat="30.65683388878987" lon="104.0198622365148"><ele>467.74267578125</ele><time>2024-09-18T12:59:30.000Z</time></trkpt>
<trkpt lat="30.65696780242136" lon="104.0198721959554"><ele>467.3038330078125</ele><time>2024-09-18T12:59:32.000Z</time></trkpt>
<trkpt lat="30.65709972540089" lon="104.0198791658684"><ele>467.7953491210938</ele><time>2024-09-18T12:59:34.000Z</time></trkpt>
<trkpt lat="30.6572316483663" lon="104.0198861357822"><ele>468.5485534667969</ele><time>2024-09-18T12:59:36.000Z</time></trkpt>
<trkpt lat="30.65736859180157" lon="104.0198851331579"><ele>468.5419616699219</ele><time>2024-09-18T12:59:38.000Z</time></trkpt>
<trkpt lat="30.65750955047569" lon="104.0198781511192"><ele>469.2939453125</ele><time>2024-09-18T12:59:40.000Z</time></trkpt>
<trkpt lat="30.65764951523111" lon="104.0198691760474"><ele>469.8666381835938</ele><time>2024-09-18T12:59:42.000Z</time></trkpt>
<trkpt lat="30.6577844623172" lon="104.0198671769731"><ele>470.4802551269531</ele><time>2024-09-18T12:59:44.000Z</time></trkpt>
<trkpt lat="30.65791941221962" lon="104.0198641813597"><ele>471.8948669433594</ele><time>2024-09-18T12:59:46.000Z</time></trkpt>
<trkpt lat="30.65804936994156" lon="104.0198591928906"><ele>472.4840393066406</ele><time>2024-09-18T12:59:48.000Z</time></trkpt>
<trkpt lat="30.65817933897812" lon="104.0198502182667"><ele>473.4778747558594</ele><time>2024-09-18T12:59:50.000Z</time></trkpt>
<trkpt lat="30.65830829710666" lon="104.0198452298435"><ele>474.6570434570312</ele><time>2024-09-18T12:59:52.000Z</time></trkpt>
<trkpt lat="30.65844524891272" lon="104.0198412376041"><ele>475.5187377929688</ele><time>2024-09-18T12:59:54.000Z</time></trkpt>
<trkpt lat="30.65858719286479" lon="104.01983923822"><ele>475.7168273925781</ele><time>2024-09-18T12:59:56.000Z</time></trkpt>
<trkpt lat="30.65873913245177" lon="104.0198372383919"><ele>476.0559997558594</ele><time>2024-09-18T12:59:58.000Z</time></trkpt>
<trkpt lat="30.65889707507444" lon="104.0198332452204"><ele>474.6444091796875</ele><time>2024-09-18T13:00:00.000Z</time></trkpt>
<trkpt lat="30.65905902726622" lon="104.0198252657185"><ele>473.7371520996094</ele><time>2024-09-18T13:00:02.000Z</time></trkpt>
<trkpt lat="30.65921699534167" lon="104.0198123037054"><ele>473.5945129394531</ele><time>2024-09-18T13:00:04.000Z</time></trkpt>
<trkpt lat="30.65936196339178" lon="104.0198013353487"><ele>472.96923828125</ele><time>2024-09-18T13:00:06.000Z</time></trkpt>
<trkpt lat="30.65949993164087" lon="104.019791363843"><ele>473.1144409179688</ele><time>2024-09-18T13:00:08.000Z</time></trkpt>
<trkpt lat="30.65963488984842" lon="104.0197853786221"><ele>472.5122680664062</ele><time>2024-09-18T13:00:10.000Z</time></trkpt>
<trkpt lat="30.65977683082403" lon="104.0197843757779"><ele>472.5563354492188</ele><time>2024-09-18T13:00:12.000Z</time></trkpt>
<trkpt lat="30.65992875325744" lon="104.0197883551765"><ele>471.3150329589844</ele><time>2024-09-18T13:00:14.000Z</time></trkpt>
<trkpt lat="30.66008368286338" lon="104.0197893448296"><ele>470.1879577636719</ele><time>2024-09-18T13:00:16.000Z</time></trkpt>
<trkpt lat="30.66023763555173" lon="104.0197823622278"><ele>469.8266906738281</ele><time>2024-09-18T13:00:18.000Z</time></trkpt>
<trkpt lat="30.66037660043081" lon="104.0197733872189"><ele>469.9135437011719</ele><time>2024-09-18T13:00:20.000Z</time></trkpt>
<trkpt lat="30.66051056180886" lon="104.0197664055078"><ele>469.7261657714844</ele><time>2024-09-18T13:00:22.000Z</time></trkpt>
<trkpt lat="30.66064352360884" lon="104.0197594238421"><ele>469.443115234375</ele><time>2024-09-18T13:00:24.000Z</time></trkpt>
<trkpt lat="30.6607854842997" lon="104.0197514452411"><ele>469.5867309570312</ele><time>2024-09-18T13:00:26.000Z</time></trkpt>
<trkpt lat="30.6609294242626" lon="104.0197504423086"><ele>469.7449035644531</ele><time>2024-09-18T13:00:28.000Z</time></trkpt>
<trkpt lat="30.66107436377099" lon="104.0197494393317"><ele>469.0432434082031</ele><time>2024-09-18T13:00:30.000Z</time></trkpt>
<trkpt lat="30.66121330588289" lon="104.0197484366213"><ele>469.1595764160156</ele><time>2024-09-18T13:00:32.000Z</time></trkpt>
<trkpt lat="30.66135125975172" lon="104.0197434478092"><ele>469.6101379394531</ele><time>2024-09-18T13:00:34.000Z</time></trkpt>
<trkpt lat="30.66149020749916" lon="104.019740452026"><ele>469.8218994140625</ele><time>2024-09-18T13:00:36.000Z</time></trkpt>
<trkpt lat="30.66163214258161" lon="104.0197414422554"><ele>470.0903930664062</ele><time>2024-09-18T13:00:38.000Z</time></trkpt>
<trkpt lat="30.66177007939641" lon="104.0197424326624"><ele>470.2339782714844</ele><time>2024-09-18T13:00:40.000Z</time></trkpt>
<trkpt lat="30.66190502600996" lon="104.0197404335932"><ele>471.2428894042969</ele><time>2024-09-18T13:00:42.000Z</time></trkpt>
<trkpt lat="30.66203599419853" lon="104.0197314589478"><ele>472.0783996582031</ele><time>2024-09-18T13:00:44.000Z</time></trkpt>
<trkpt lat="30.66216796760525" lon="104.0197204911876"><ele>472.831787109375</ele><time>2024-09-18T13:00:46.000Z</time></trkpt>
<trkpt lat="30.66230192878474" lon="104.0197135094844"><ele>473.1016235351562</ele><time>2024-09-18T13:00:48.000Z</time></trkpt>
<trkpt lat="30.66243788056956" lon="104.0197095173006"><ele>473.329833984375</ele><time>2024-09-18T13:00:50.000Z</time></trkpt>
<trkpt lat="30.66257282994215" lon="104.0197065216972"><ele>473.6759338378906</ele><time>2024-09-18T13:00:52.000Z</time></trkpt>
<trkpt lat="30.66270878453093" lon="104.0197015329783"><ele>473.9120788574219</ele><time>2024-09-18T13:00:54.000Z</time></trkpt>
<trkpt lat="30.66284373387277" lon="104.0196985373754"><ele>473.6711730957031</ele><time>2024-09-18T13:00:56.000Z</time></trkpt>
<trkpt lat="30.66297967709085" lon="104.0196975347992"><ele>473.6516418457031</ele><time>2024-09-18T13:00:58.000Z</time></trkpt>
<trkpt lat="30.66311161070754" lon="104.0197005185428"><ele>473.3819885253906</ele><time>2024-09-18T13:01:00.000Z</time></trkpt>
<trkpt lat="30.66324455237556" lon="104.0197005126353"><ele>473.8609924316406</ele><time>2024-09-18T13:01:02.000Z</time></trkpt>
<trkpt lat="30.66337351562836" lon="104.0196935311571"><ele>473.8377075195312</ele><time>2024-09-18T13:01:04.000Z</time></trkpt>
<trkpt lat="30.66350749084959" lon="104.0196815667819"><ele>475.1832885742188</ele><time>2024-09-18T13:01:06.000Z</time></trkpt>
<trkpt lat="30.66364644685072" lon="104.0196755813974"><ele>475.6055297851562</ele><time>2024-09-18T13:01:08.000Z</time></trkpt>
<trkpt lat="30.66379639517043" lon="104.01967059206"><ele>475.8746643066406</ele><time>2024-09-18T13:01:10.000Z</time></trkpt>
<trkpt lat="30.66394933931819" lon="104.0196665991246"><ele>476.1961364746094</ele><time>2024-09-18T13:01:12.000Z</time></trkpt>
<trkpt lat="30.66410029850327" lon="104.019657623605"><ele>476.4423828125</ele><time>2024-09-18T13:01:14.000Z</time></trkpt>
<trkpt lat="30.66424425507525" lon="104.019650641467"><ele>476.8062133789062</ele><time>2024-09-18T13:01:16.000Z</time></trkpt>
<trkpt lat="30.66438421906085" lon="104.019641666439"><ele>477.2684936523438</ele><time>2024-09-18T13:01:18.000Z</time></trkpt>
<trkpt lat="30.66451421011814" lon="104.0196247195846"><ele>478.2075500488281</ele><time>2024-09-18T13:01:20.000Z</time></trkpt>
<trkpt lat="30.66462823373338" lon="104.0195988046452"><ele>478.2527465820312</ele><time>2024-09-18T13:01:22.000Z</time></trkpt>
<trkpt lat="30.66472826918285" lon="104.0195708972758"><ele>478.0702514648438</ele><time>2024-09-18T13:01:24.000Z</time></trkpt>
<trkpt lat="30.66481929440923" lon="104.0195479729838"><ele>477.7713623046875</ele><time>2024-09-18T13:01:26.000Z</time></trkpt>
<trkpt lat="30.66489030289722" lon="104.019534018379"><ele>475.8288879394531</ele><time>2024-09-18T13:01:28.000Z</time></trkpt>
<trkpt lat="30.66497032161442" lon="104.0195150807197"><ele>470.8331298828125</ele><time>2024-09-18T13:02:04.000Z</time></trkpt>
<trkpt lat="30.66500631428471" lon="104.0195120895258"><ele>468.0082702636719</ele><time>2024-09-18T13:02:22.000Z</time></trkpt>
<trkpt lat="30.66505332198097" lon="104.0195021221229"><ele>467.1638488769531</ele><time>2024-09-18T13:02:24.000Z</time></trkpt>
<trkpt lat="30.66511133335067" lon="104.0194891646399"><ele>467.2752380371094</ele><time>2024-09-18T13:02:26.000Z</time></trkpt>
<trkpt lat="30.66517731564863" lon="104.0194851755841"><ele>467.4249877929688</ele><time>2024-09-18T13:02:28.000Z</time></trkpt>
<trkpt lat="30.66524129030742" lon="104.0194841762107"><ele>467.8196411132812</ele><time>2024-09-18T13:02:30.000Z</time></trkpt>
<trkpt lat="30.66531128219245" lon="104.0194762008538"><ele>467.9607543945312</ele><time>2024-09-18T13:02:32.000Z</time></trkpt>
<trkpt lat="30.66538828802598" lon="104.0194622460033"><ele>468.1994018554688</ele><time>2024-09-18T13:02:34.000Z</time></trkpt>
<trkpt lat="30.66548427696955" lon="104.0194512799041"><ele>468.2071533203125</ele><time>2024-09-18T13:02:36.000Z</time></trkpt>
<trkpt lat="30.665591218469" lon="104.0194552612738"><ele>467.8984985351562</ele><time>2024-09-18T13:02:38.000Z</time></trkpt>
<trkpt lat="30.66570412040614" lon="104.0194721972762"><ele>468.00732421875</ele><time>2024-09-18T13:02:40.000Z</time></trkpt>
<trkpt lat="30.66581598871533" lon="104.0195010917039"><ele>468.5416259765625</ele><time>2024-09-18T13:02:42.000Z</time></trkpt>
<trkpt lat="30.66591985771823" lon="104.0195309830357"><ele>469.3735961914062</ele><time>2024-09-18T13:02:44.000Z</time></trkpt>
<trkpt lat="30.66602275554407" lon="104.0195509091049"><ele>469.8609619140625</ele><time>2024-09-18T13:02:46.000Z</time></trkpt>
<trkpt lat="30.66612769788396" lon="104.0195548905709"><ele>470.0386047363281</ele><time>2024-09-18T13:02:48.000Z</time></trkpt>
<trkpt lat="30.66624065654795" lon="104.0195518959545"><ele>469.9897766113281</ele><time>2024-09-18T13:02:50.000Z</time></trkpt>
<trkpt lat="30.66635863853428" lon="104.0195399323258"><ele>470.1992492675781</ele><time>2024-09-18T13:02:52.000Z</time></trkpt>
<trkpt lat="30.66648263489142" lon="104.0195219892425"><ele>470.7864379882812</ele><time>2024-09-18T13:02:54.000Z</time></trkpt>
<trkpt lat="30.6666086388737" lon="104.0195010564829"><ele>470.7239685058594</ele><time>2024-09-18T13:02:56.000Z</time></trkpt>
<trkpt lat="30.66673661925691" lon="104.0194880958917"><ele>470.6057434082031</ele><time>2024-09-18T13:02:58.000Z</time></trkpt>
<trkpt lat="30.66685855685865" lon="104.0194910800664"><ele>471.0265502929688</ele><time>2024-09-18T13:03:00.000Z</time></trkpt>
<trkpt lat="30.6669764479614" lon="104.0195110054525"><ele>472.0537109375</ele><time>2024-09-18T13:03:02.000Z</time></trkpt>
<trkpt lat="30.66709232291595" lon="104.0195369101273"><ele>472.4201354980469</ele><time>2024-09-18T13:03:04.000Z</time></trkpt>
<trkpt lat="30.66721520612678" lon="104.0195588283745"><ele>473.0143127441406</ele><time>2024-09-18T13:03:06.000Z</time></trkpt>
<trkpt lat="30.66733510484534" lon="104.0195757640999"><ele>472.2569885253906</ele><time>2024-09-18T13:03:08.000Z</time></trkpt>
<trkpt lat="30.66745400683595" lon="104.0195917033422"><ele>472.4570922851562</ele><time>2024-09-18T13:03:10.000Z</time></trkpt>
<trkpt lat="30.66756693983973" lon="104.0195976775221"><ele>472.9570007324219</ele><time>2024-09-18T13:03:12.000Z</time></trkpt>
<trkpt lat="30.66768388808399" lon="104.0195976723249"><ele>473.6920776367188</ele><time>2024-09-18T13:03:14.000Z</time></trkpt>
<trkpt lat="30.6678068308249" lon="104.0195986633944"><ele>474.2082824707031</ele><time>2024-09-18T13:03:16.000Z</time></trkpt>
<trkpt lat="30.66793177550457" lon="104.0195986578417"><ele>474.1127014160156</ele><time>2024-09-18T13:03:18.000Z</time></trkpt>
<trkpt lat="30.66805773674912" lon="104.0195926730452"><ele>475.3372497558594</ele><time>2024-09-18T13:03:20.000Z</time></trkpt>
<trkpt lat="30.6681847202343" lon="104.0195787159413"><ele>475.9222106933594</ele><time>2024-09-18T13:03:22.000Z</time></trkpt>
<trkpt lat="30.6683096960833" lon="104.0195677485282"><ele>475.6613159179688</ele><time>2024-09-18T13:03:24.000Z</time></trkpt>
<trkpt lat="30.66843364682766" lon="104.0195657499547"><ele>475.3730773925781</ele><time>2024-09-18T13:03:26.000Z</time></trkpt>
<trkpt lat="30.66855958248626" lon="104.0195687339556"><ele>475.2120971679688</ele><time>2024-09-18T13:03:28.000Z</time></trkpt>
<trkpt lat="30.66868753143148" lon="104.0195667352044"><ele>474.9170227050781</ele><time>2024-09-18T13:03:30.000Z</time></trkpt>
<trkpt lat="30.66881450350569" lon="104.0195567642376"><ele>475.4442443847656</ele><time>2024-09-18T13:03:32.000Z</time></trkpt>
<trkpt lat="30.66894450261528" lon="104.0195368278186"><ele>475.517822265625</ele><time>2024-09-18T13:03:34.000Z</time></trkpt>
<trkpt lat="30.66907245719598" lon="104.0195328360049"><ele>475.8557434082031</ele><time>2024-09-18T13:03:36.000Z</time></trkpt>
<trkpt lat="30.66919838710938" lon="104.0195378130677"><ele>476.1618347167969</ele><time>2024-09-18T13:03:38.000Z</time></trkpt>
<trkpt lat="30.66931427604618" lon="104.0195587350917"><ele>475.5241088867188</ele><time>2024-09-18T13:03:40.000Z</time></trkpt>
<trkpt lat="30.669424201689" lon="104.019567698998"><ele>475.2730407714844</ele><time>2024-09-18T13:03:42.000Z</time></trkpt>
<trkpt lat="30.66952115295494" lon="104.0195696877542"><ele>474.1686706542969</ele><time>2024-09-18T13:03:44.000Z</time></trkpt>
<trkpt lat="30.66959011948292" lon="104.0195706812217"><ele>473.3265380859375</ele><time>2024-09-18T13:03:46.000Z</time></trkpt>
<trkpt lat="30.66963507396713" lon="104.0195796480176"><ele>472.8919982910156</ele><time>2024-09-18T13:03:48.000Z</time></trkpt>
<trkpt lat="30.66966201374972" lon="104.0195965878796"><ele>472.4702453613281</ele><time>2024-09-18T13:03:50.000Z</time></trkpt>
<trkpt lat="30.66969599581403" lon="104.0195975829024"><ele>472.0593566894531</ele><time>2024-09-18T13:03:52.000Z</time></trkpt>
<trkpt lat="30.66973303612048" lon="104.0195776505984"><ele>470.6404418945312</ele><time>2024-09-18T13:04:10.000Z</time></trkpt>
<trkpt lat="30.669770118997" lon="104.0195427703188"><ele>472.5943298339844</ele><time>2024-09-18T13:04:12.000Z</time></trkpt>
<trkpt lat="30.66991416287587" lon="104.019504895717"><ele>473.4970703125</ele><time>2024-09-18T13:04:14.000Z</time></trkpt>
<trkpt lat="30.67006013490248" lon="104.019491934326"><ele>477.7443542480469</ele><time>2024-09-18T13:04:24.000Z</time></trkpt>
<trkpt lat="30.67027693342891" lon="104.0195287963493"><ele>477.8982543945312</ele><time>2024-09-18T13:04:26.000Z</time></trkpt>
<trkpt lat="30.67040472896348" lon="104.0195806103439"><ele>475.8224487304688</ele><time>2024-09-18T13:04:28.000Z</time></trkpt>
<trkpt lat="30.67055053070685" lon="104.0196274409238"><ele>475.8169250488281</ele><time>2024-09-18T13:04:30.000Z</time></trkpt>
<trkpt lat="30.67064745635824" lon="104.0196383984874"><ele>475.2996826171875</ele><time>2024-09-18T13:04:32.000Z</time></trkpt>
<trkpt lat="30.67073638839956" lon="104.0196483598745"><ele>474.7560424804688</ele><time>2024-09-18T13:04:34.000Z</time></trkpt>
<trkpt lat="30.6708113295023" lon="104.0196573253511"><ele>475.029541015625</ele><time>2024-09-18T13:04:36.000Z</time></trkpt>
<trkpt lat="30.67088925792452" lon="104.0196702768345"><ele>475.1985778808594</ele><time>2024-09-18T13:04:38.000Z</time></trkpt>
<trkpt lat="30.67098417310631" lon="104.0196852206358"><ele>474.7988891601562</ele><time>2024-09-18T13:04:40.000Z</time></trkpt>
<trkpt lat="30.67110709849684" lon="104.0196921909162"><ele>476.6127014160156</ele><time>2024-09-18T13:04:42.000Z</time></trkpt>
<trkpt lat="30.67124103598619" lon="104.0196931814977"><ele>479.0498046875</ele><time>2024-09-18T13:04:44.000Z</time></trkpt>
<trkpt lat="30.67137798062916" lon="104.0196911823405"><ele>478.242919921875</ele><time>2024-09-18T13:04:46.000Z</time></trkpt>
<trkpt lat="30.67150691181112" lon="104.0196951627494"><ele>477.6668395996094</ele><time>2024-09-18T13:04:48.000Z</time></trkpt>
<trkpt lat="30.67162183221026" lon="104.0197051229923"><ele>477.2240905761719</ele><time>2024-09-18T13:04:50.000Z</time></trkpt>
<trkpt lat="30.67172675138895" lon="104.0197170767525"><ele>476.2316589355469</ele><time>2024-09-18T13:04:52.000Z</time></trkpt>
<trkpt lat="30.67182869457441" lon="104.0197210583629"><ele>476.287841796875</ele><time>2024-09-18T13:04:54.000Z</time></trkpt>
<trkpt lat="30.67193067176636" lon="104.0197130815462"><ele>476.2579345703125</ele><time>2024-09-18T13:04:56.000Z</time></trkpt>
<trkpt lat="30.6720356873019" lon="104.019691153105"><ele>475.9534912109375</ele><time>2024-09-18T13:04:58.000Z</time></trkpt>
<trkpt lat="30.67214472373666" lon="104.01966125222"><ele>475.4129638671875</ele><time>2024-09-18T13:05:00.000Z</time></trkpt>
<trkpt lat="30.67224775718279" lon="104.0196333446877"><ele>474.5329895019531</ele><time>2024-09-18T13:05:02.000Z</time></trkpt>
<trkpt lat="30.67233277030252" lon="104.0196154033052"><ele>473.8406066894531</ele><time>2024-09-18T13:05:04.000Z</time></trkpt>
<trkpt lat="30.67240074562448" lon="104.0196134072171"><ele>472.7843017578125</ele><time>2024-09-18T13:05:06.000Z</time></trkpt>
<trkpt lat="30.67245272241233" lon="104.0196134049067"><ele>471.1218566894531</ele><time>2024-09-18T13:05:08.000Z</time></trkpt>
<trkpt lat="30.67250072934935" lon="104.0196034374408"><ele>470.4718322753906</ele><time>2024-09-18T13:05:10.000Z</time></trkpt>
<trkpt lat="30.6725337968865" lon="104.0195745365193"><ele>470.0357666015625</ele><time>2024-09-18T13:05:12.000Z</time></trkpt>
<trkpt lat="30.6725508971216" lon="104.0195366675381"><ele>470.5923156738281</ele><time>2024-09-18T13:05:18.000Z</time></trkpt>
<trkpt lat="30.67258803954823" lon="104.019480860141"><ele>468.9711608886719</ele><time>2024-09-18T13:07:00.000Z</time></trkpt>
<trkpt lat="30.67262503154296" lon="104.0194778689051"><ele>468.7232971191406</ele><time>2024-09-18T13:07:02.000Z</time></trkpt>
<trkpt lat="30.6726770281938" lon="104.0194708908808"><ele>468.6114807128906</ele><time>2024-09-18T13:07:04.000Z</time></trkpt>
<trkpt lat="30.67274301007287" lon="104.0194669018268"><ele>469.2214050292969</ele><time>2024-09-18T13:07:06.000Z</time></trkpt>
<trkpt lat="30.67281799076737" lon="104.0194619158429"><ele>469.6160583496094</ele><time>2024-09-18T13:07:08.000Z</time></trkpt>
<trkpt lat="30.67289597579587" lon="104.0194549366659"><ele>469.674560546875</ele><time>2024-09-18T13:07:10.000Z</time></trkpt>
<trkpt lat="30.6729829965523" lon="104.0194340056711"><ele>470.0927429199219</ele><time>2024-09-18T13:07:12.000Z</time></trkpt>
<trkpt lat="30.67307701418174" lon="104.0194130743744"><ele>470.4088745117188</ele><time>2024-09-18T13:07:14.000Z</time></trkpt>
<trkpt lat="30.67317602673618" lon="104.0193931393934"><ele>471.3751525878906</ele><time>2024-09-18T13:07:16.000Z</time></trkpt>
<trkpt lat="30.67327200938353" lon="104.0193841663692"><ele>472.6127624511719</ele><time>2024-09-18T13:07:18.000Z</time></trkpt>
<trkpt lat="30.67336798066189" lon="104.0193791794611"><ele>472.9050903320312</ele><time>2024-09-18T13:07:20.000Z</time></trkpt>
<trkpt lat="30.67346195566827" lon="104.0193731961138"><ele>472.7992553710938</ele><time>2024-09-18T13:07:22.000Z</time></trkpt>
<trkpt lat="30.67354693753473" lon="104.0193662166387"><ele>473.1751708984375</ele><time>2024-09-18T13:07:24.000Z</time></trkpt>
<trkpt lat="30.67361492984259" lon="104.0193582413915"><ele>473.8267211914062</ele><time>2024-09-18T13:07:26.000Z</time></trkpt>
<trkpt lat="30.67366989671256" lon="104.0193612285331"><ele>474.2271118164062</ele><time>2024-09-18T13:07:28.000Z</time></trkpt>
<trkpt lat="30.67372784235177" lon="104.0193711912405"><ele>474.5088195800781</ele><time>2024-09-18T13:07:30.000Z</time></trkpt>
<trkpt lat="30.6737978025044" lon="104.0193741777164"><ele>474.5590515136719</ele><time>2024-09-18T13:07:32.000Z</time></trkpt>
<trkpt lat="30.67388483174902" lon="104.0193502571724"><ele>474.92236328125</ele><time>2024-09-18T13:07:34.000Z</time></trkpt>
<trkpt lat="30.67397986878259" lon="104.0193223501746"><ele>475.49365234375</ele><time>2024-09-18T13:07:36.000Z</time></trkpt>
<trkpt lat="30.67408186289973" lon="104.0193083942607"><ele>476.5184936523438</ele><time>2024-09-18T13:07:38.000Z</time></trkpt>
<trkpt lat="30.67419078282835" lon="104.0193193512194"><ele>477.3890686035156</ele><time>2024-09-18T13:07:40.000Z</time></trkpt>
<trkpt lat="30.67430970679435" lon="104.0193273181532"><ele>477.4933166503906</ele><time>2024-09-18T13:07:42.000Z</time></trkpt>
<trkpt lat="30.67443465647655" lon="104.0193253195454"><ele>477.9851379394531</ele><time>2024-09-18T13:07:44.000Z</time></trkpt>
<trkpt lat="30.6745596004626" lon="104.0193253139926"><ele>478.3326110839844</ele><time>2024-09-18T13:07:46.000Z</time></trkpt>
<trkpt lat="30.67469052469671" lon="104.0193312873389"><ele>479.555908203125</ele><time>2024-09-18T13:07:48.000Z</time></trkpt>
<trkpt lat="30.67482341108379" lon="104.0193502154595"><ele>480.263916015625</ele><time>2024-09-18T13:07:50.000Z</time></trkpt>
<trkpt lat="30.67495929043546" lon="104.0193711365108"><ele>481.2356567382812</ele><time>2024-09-18T13:07:52.000Z</time></trkpt>
<trkpt lat="30.67509215124286" lon="104.0193990334064"><ele>482.2791748046875</ele><time>2024-09-18T13:07:54.000Z</time></trkpt>
<trkpt lat="30.67522800502375" lon="104.0194289232435"><ele>482.5696411132812</ele><time>2024-09-18T13:07:56.000Z</time></trkpt>
<trkpt lat="30.67536485551718" lon="104.019459809584"><ele>482.5987854003906</ele><time>2024-09-18T13:07:58.000Z</time></trkpt>
<trkpt lat="30.67550268853148" lon="104.0194966750846"><ele>483.3118286132812</ele><time>2024-09-18T13:08:00.000Z</time></trkpt>
<trkpt lat="30.67563451857291" lon="104.0195355339424"><ele>482.3616943359375</ele><time>2024-09-18T13:08:02.000Z</time></trkpt>
<trkpt lat="30.6757613338501" lon="104.0195803722483"><ele>481.6965942382812</ele><time>2024-09-18T13:08:04.000Z</time></trkpt>
<trkpt lat="30.67587716827348" lon="104.0196202284161"><ele>478.5090026855469</ele><time>2024-09-18T13:08:06.000Z</time></trkpt>
<trkpt lat="30.67598902152584" lon="104.0196541055885"><ele>478.3443603515625</ele><time>2024-09-18T13:08:08.000Z</time></trkpt>
<trkpt lat="30.67610289090075" lon="104.0196820034866"><ele>478.6303100585938</ele><time>2024-09-18T13:08:10.000Z</time></trkpt>
<trkpt lat="30.67621875371042" lon="104.0197118943821"><ele>479.3677062988281</ele><time>2024-09-18T13:08:12.000Z</time></trkpt>
<trkpt lat="30.67630666596026" lon="104.0197288315747"><ele>478.6410827636719</ele><time>2024-09-18T13:08:14.000Z</time></trkpt>
<trkpt lat="30.67641059652135" lon="104.0197367992389"><ele>474.7897338867188</ele><time>2024-09-18T13:09:30.000Z</time></trkpt>
<trkpt lat="30.67646151407022" lon="104.0197577242291"><ele>474.4059143066406</ele><time>2024-09-18T13:09:32.000Z</time></trkpt>
<trkpt lat="30.67651943414339" lon="104.0197766558438"><ele>474.5800170898438</ele><time>2024-09-18T13:09:34.000Z</time></trkpt>
<trkpt lat="30.67658936298835" lon="104.0197906042476"><ele>475.4204711914062</ele><time>2024-09-18T13:09:36.000Z</time></trkpt>
<trkpt lat="30.67666427258538" lon="104.0198105316568"><ele>476.0274353027344</ele><time>2024-09-18T13:09:38.000Z</time></trkpt>
<trkpt lat="30.67674615071044" lon="104.0198404241412"><ele>476.1401977539062</ele><time>2024-09-18T13:09:40.000Z</time></trkpt>
<trkpt lat="30.67682698115757" lon="104.0198872578466"><ele>476.355712890625</ele><time>2024-09-18T13:09:42.000Z</time></trkpt>
<trkpt lat="30.67690979092467" lon="104.0199410672876"><ele>476.7518920898438</ele><time>2024-09-18T13:09:44.000Z</time></trkpt>
<trkpt lat="30.67698957379461" lon="104.0200048423339"><ele>476.4314880371094</ele><time>2024-09-18T13:09:46.000Z</time></trkpt>
<trkpt lat="30.67707331816728" lon="104.0200815723426"><ele>476.3485412597656</ele><time>2024-09-18T13:09:48.000Z</time></trkpt>
<trkpt lat="30.67715902217116" lon="104.0201722540097"><ele>476.2955932617188</ele><time>2024-09-18T13:09:50.000Z</time></trkpt>
<trkpt lat="30.67725569876943" lon="104.0202709077335"><ele>475.7224731445312</ele><time>2024-09-18T13:09:52.000Z</time></trkpt>
<trkpt lat="30.6773643701342" lon="104.0203695611277"><ele>474.7777709960938</ele><time>2024-09-18T13:09:54.000Z</time></trkpt>
<trkpt lat="30.67748204889833" lon="104.0204642281225"><ele>474.4776916503906</ele><time>2024-09-18T13:09:56.000Z</time></trkpt>
<trkpt lat="30.67760273774291" lon="104.0205549089615"><ele>474.7116394042969</ele><time>2024-09-18T13:09:58.000Z</time></trkpt>
<trkpt lat="30.67772142199588" lon="104.0206475831731"><ele>475.1334228515625</ele><time>2024-09-18T13:10:00.000Z</time></trkpt>
<trkpt lat="30.67783710493547" lon="104.0207412542576"><ele>475.8413696289062</ele><time>2024-09-18T13:10:02.000Z</time></trkpt>
<trkpt lat="30.67794578274443" lon="104.0208379155172"><ele>476.5068969726562</ele><time>2024-09-18T13:10:04.000Z</time></trkpt>
<trkpt lat="30.67804546196797" lon="104.0209355739385"><ele>476.7587890625</ele><time>2024-09-18T13:10:06.000Z</time></trkpt>
<trkpt lat="30.67814213428741" lon="104.0210362223879"><ele>476.518798828125</ele><time>2024-09-18T13:10:08.000Z</time></trkpt>
<trkpt lat="30.67823779320265" lon="104.0211418539276"><ele>476.6648254394531</ele><time>2024-09-18T13:10:10.000Z</time></trkpt>
<trkpt lat="30.67833243032701" lon="104.0212554582965"><ele>476.7043762207031</ele><time>2024-09-18T13:10:12.000Z</time></trkpt>
<trkpt lat="30.67842706488869" lon="104.0213700595175"><ele>476.3903198242188</ele><time>2024-09-18T13:10:14.000Z</time></trkpt>
<trkpt lat="30.67851870945616" lon="104.0214816714416"><ele>476.6781616210938</ele><time>2024-09-18T13:10:16.000Z</time></trkpt>
<trkpt lat="30.67862137168825" lon="104.0215853105489"><ele>477.7366333007812</ele><time>2024-09-18T13:10:18.000Z</time></trkpt>
<trkpt lat="30.67873002861388" lon="104.0216899462041"><ele>478.347900390625</ele><time>2024-09-18T13:10:20.000Z</time></trkpt>
<trkpt lat="30.678845646242" lon="104.0218075373291"><ele>479.6027526855469</ele><time>2024-09-18T13:10:22.000Z</time></trkpt>
<trkpt lat="30.67896319340956" lon="104.0219500432468"><ele>479.5435485839844</ele><time>2024-09-18T13:10:24.000Z</time></trkpt>
<trkpt lat="30.6790796716842" lon="104.0221174643322"><ele>479.3357238769531</ele><time>2024-09-18T13:10:26.000Z</time></trkpt>
<trkpt lat="30.67920013198314" lon="104.0222908654177"><ele>479.2689208984375</ele><time>2024-09-18T13:10:28.000Z</time></trkpt>
<trkpt lat="30.67932762866124" lon="104.0224503145498"><ele>478.8792724609375</ele><time>2024-09-18T13:10:30.000Z</time></trkpt>
<trkpt lat="30.67946018472696" lon="104.0225878388866"><ele>477.7024230957031</ele><time>2024-09-18T13:10:32.000Z</time></trkpt>
<trkpt lat="30.67959277170928" lon="104.0227144010503"><ele>477.3799743652344</ele><time>2024-09-18T13:10:34.000Z</time></trkpt>
<trkpt lat="30.67971536630227" lon="104.022839967426"><ele>477.5631103515625</ele><time>2024-09-18T13:10:36.000Z</time></trkpt>
<trkpt lat="30.67983295792402" lon="104.0229675276032"><ele>477.6741943359375</ele><time>2024-09-18T13:10:38.000Z</time></trkpt>
<trkpt lat="30.67994059316865" lon="104.0230811360759"><ele>477.2532043457031</ele><time>2024-09-18T13:10:40.000Z</time></trkpt>
<trkpt lat="30.68002528889772" lon="104.0231768068682"><ele>476.9942016601562</ele><time>2024-09-18T13:10:42.000Z</time></trkpt>
<trkpt lat="30.68008403253821" lon="104.0232595230599"><ele>476.8784790039062</ele><time>2024-09-18T13:10:44.000Z</time></trkpt>
<trkpt lat="30.68011590466133" lon="104.0233003827977"><ele>476.7330017089844</ele><time>2024-09-18T13:10:46.000Z</time></trkpt>
<trkpt lat="30.68016285573001" lon="104.0233103468462"><ele>473.1633605957031</ele><time>2024-09-18T13:11:16.000Z</time></trkpt>
<trkpt lat="30.68024167067885" lon="104.0233641605405"><ele>469.6239318847656</ele><time>2024-09-18T13:12:10.000Z</time></trkpt>
<trkpt lat="30.68028052590195" lon="104.023410003151"><ele>470.2795104980469</ele><time>2024-09-18T13:12:12.000Z</time></trkpt>
<trkpt lat="30.68032738030616" lon="104.0234548488369"><ele>471.5724182128906</ele><time>2024-09-18T13:12:14.000Z</time></trkpt>
<trkpt lat="30.68038224217102" lon="104.0234957077381"><ele>472.866455078125</ele><time>2024-09-18T13:12:16.000Z</time></trkpt>
<trkpt lat="30.68043508841336" lon="104.0235425464875"><ele>472.7326049804688</ele><time>2024-09-18T13:12:18.000Z</time></trkpt>
<trkpt lat="30.68048187120461" lon="104.0236133044696"><ele>473.0371398925781</ele><time>2024-09-18T13:12:20.000Z</time></trkpt>
<trkpt lat="30.6805275801171" lon="104.0237109714549"><ele>475.3581848144531</ele><time>2024-09-18T13:12:22.000Z</time></trkpt>
<trkpt lat="30.6805792451949" lon="104.0238235877991"><ele>476.8930053710938</ele><time>2024-09-18T13:12:24.000Z</time></trkpt>
<trkpt lat="30.68063992847587" lon="104.023928231013"><ele>476.8614501953125</ele><time>2024-09-18T13:12:26.000Z</time></trkpt>
<trkpt lat="30.6807056344693" lon="104.0240239045839"><ele>476.1716003417969</ele><time>2024-09-18T13:12:28.000Z</time></trkpt>
<trkpt lat="30.68076835575433" lon="104.0241145953417"><ele>476.3634643554688</ele><time>2024-09-18T13:12:30.000Z</time></trkpt>
<trkpt lat="30.68083808776947" lon="104.0242003028081"><ele>476.4132690429688</ele><time>2024-09-18T13:12:32.000Z</time></trkpt>
<trkpt lat="30.68091481676444" lon="104.0242860101413"><ele>476.461669921875</ele><time>2024-09-18T13:12:34.000Z</time></trkpt>
<trkpt lat="30.68099754319185" lon="104.0243717173864"><ele>476.643310546875</ele><time>2024-09-18T13:12:36.000Z</time></trkpt>
<trkpt lat="30.68107525011543" lon="104.0244653981723"><ele>476.4962768554688</ele><time>2024-09-18T13:12:38.000Z</time></trkpt>
<trkpt lat="30.68115293531715" lon="104.0245670523316"><ele>476.4778442382812</ele><time>2024-09-18T13:12:40.000Z</time></trkpt>
<trkpt lat="30.6812406134657" lon="104.0246697029472"><ele>476.2096252441406</ele><time>2024-09-18T13:12:42.000Z</time></trkpt>
<trkpt lat="30.6813323118942" lon="104.0247643804474"><ele>474.415771484375</ele><time>2024-09-18T13:12:44.000Z</time></trkpt>
<trkpt lat="30.68143000505705" lon="104.0248600545546"><ele>473.9529113769531</ele><time>2024-09-18T13:12:46.000Z</time></trkpt>
<trkpt lat="30.68152367839095" lon="104.0249637023048"><ele>472.9150695800781</ele><time>2024-09-18T13:12:48.000Z</time></trkpt>
<trkpt lat="30.68161931286549" lon="104.0250813034381"><ele>471.0913391113281</ele><time>2024-09-18T13:12:50.000Z</time></trkpt>
<trkpt lat="30.68171295399562" lon="104.0251969116874"><ele>469.5696105957031</ele><time>2024-09-18T13:12:52.000Z</time></trkpt>
<trkpt lat="30.6818086135612" lon="104.0253055435415"><ele>469.45263671875</ele><time>2024-09-18T13:12:54.000Z</time></trkpt>
<trkpt lat="30.68190528652673" lon="104.0254091923204"><ele>469.4747009277344</ele><time>2024-09-18T13:12:56.000Z</time></trkpt>
<trkpt lat="30.68200494205752" lon="104.0255188212495"><ele>469.8546752929688</ele><time>2024-09-18T13:12:58.000Z</time></trkpt>
<trkpt lat="30.68210559196583" lon="104.0256304437833"><ele>468.9287414550781</ele><time>2024-09-18T13:13:00.000Z</time></trkpt>
<trkpt lat="30.68220624485886" lon="104.0257410699618"><ele>467.829833984375</ele><time>2024-09-18T13:13:02.000Z</time></trkpt>
<trkpt lat="30.68230193281289" lon="104.0258397365541"><ele>467.0487976074219</ele><time>2024-09-18T13:13:04.000Z</time></trkpt>
<trkpt lat="30.68239063499438" lon="104.0259344169928"><ele>466.7970886230469</ele><time>2024-09-18T13:13:06.000Z</time></trkpt>
<trkpt lat="30.68247532295765" lon="104.0260350779326"><ele>466.2865905761719</ele><time>2024-09-18T13:13:08.000Z</time></trkpt>
<trkpt lat="30.68256000573955" lon="104.0261377325044"><ele>465.2271728515625</ele><time>2024-09-18T13:13:10.000Z</time></trkpt>
<trkpt lat="30.68265669950517" lon="104.0262344066914"><ele>465.2448425292969</ele><time>2024-09-18T13:13:12.000Z</time></trkpt>
<trkpt lat="30.68275542495667" lon="104.02631912076"><ele>466.0213012695312</ele><time>2024-09-18T13:13:14.000Z</time></trkpt>
<trkpt lat="30.68285013889955" lon="104.0264088186528"><ele>466.010498046875</ele><time>2024-09-18T13:13:16.000Z</time></trkpt>
<trkpt lat="30.68293681893286" lon="104.0265124708321"><ele>466.129638671875</ele><time>2024-09-18T13:13:18.000Z</time></trkpt>
<trkpt lat="30.68301846917817" lon="104.0266280838844"><ele>465.5514221191406</ele><time>2024-09-18T13:13:20.000Z</time></trkpt>
<trkpt lat="30.68310312374201" lon="104.0267417037553"><ele>464.7763366699219</ele><time>2024-09-18T13:13:22.000Z</time></trkpt>
<trkpt lat="30.68319281394211" lon="104.0268413699005"><ele>464.3552551269531</ele><time>2024-09-18T13:13:24.000Z</time></trkpt>
<trkpt lat="30.68329052220423" lon="104.026933062308"><ele>465.7376708984375</ele><time>2024-09-18T13:13:26.000Z</time></trkpt>
<trkpt lat="30.68338624229827" lon="104.0270207681977"><ele>466.879150390625</ele><time>2024-09-18T13:13:28.000Z</time></trkpt>
<trkpt lat="30.68347194299435" lon="104.0271174451326"><ele>466.1393737792969</ele><time>2024-09-18T13:13:30.000Z</time></trkpt>
<trkpt lat="30.68354764578254" lon="104.0272151194786"><ele>465.4392395019531</ele><time>2024-09-18T13:13:32.000Z</time></trkpt>
<trkpt lat="30.6836213282957" lon="104.0273207678968"><ele>464.3858947753906</ele><time>2024-09-18T13:13:34.000Z</time></trkpt>
<trkpt lat="30.68369601061384" lon="104.0274264165718"><ele>464.2651672363281</ele><time>2024-09-18T13:13:36.000Z</time></trkpt>
<trkpt lat="30.6837736864845" lon="104.0275340588583"><ele>463.8336791992188</ele><time>2024-09-18T13:13:38.000Z</time></trkpt>
<trkpt lat="30.68385337772525" lon="104.0276357210238"><ele>464.3111572265625</ele><time>2024-09-18T13:13:40.000Z</time></trkpt>
<trkpt lat="30.68394208376758" lon="104.0277304059793"><ele>464.1455078125</ele><time>2024-09-18T13:13:42.000Z</time></trkpt>
<trkpt lat="30.68403680060257" lon="104.0278201072641"><ele>465.3545532226562</ele><time>2024-09-18T13:13:44.000Z</time></trkpt>
<trkpt lat="30.68414252059302" lon="104.0279068180818"><ele>465.9058532714844</ele><time>2024-09-18T13:13:46.000Z</time></trkpt>
<trkpt lat="30.68425121811039" lon="104.0280015028459"><ele>466.6648559570312</ele><time>2024-09-18T13:13:48.000Z</time></trkpt>
<trkpt lat="30.68435189557089" lon="104.0281051588489"><ele>466.7487487792969</ele><time>2024-09-18T13:13:50.000Z</time></trkpt>
<trkpt lat="30.68444257519295" lon="104.0282098123366"><ele>466.9689636230469</ele><time>2024-09-18T13:13:52.000Z</time></trkpt>
<trkpt lat="30.6845223025301" lon="104.0282985187358"><ele>468.9163818359375</ele><time>2024-09-18T13:13:54.000Z</time></trkpt>
<trkpt lat="30.68458511733043" lon="104.028357323776"><ele>468.6983032226562</ele><time>2024-09-18T13:13:56.000Z</time></trkpt>
<trkpt lat="30.6846279863863" lon="104.0283991851324"><ele>468.6919250488281</ele><time>2024-09-18T13:13:58.000Z</time></trkpt>
<trkpt lat="30.68465989494243" lon="104.0284280893275"><ele>467.5343933105469</ele><time>2024-09-18T13:14:02.000Z</time></trkpt>
<trkpt lat="30.68469478096163" lon="104.0284649673883"><ele>468.1092529296875</ele><time>2024-09-18T13:14:04.000Z</time></trkpt>
<trkpt lat="30.68474555118629" lon="104.0285427114719"><ele>467.8639221191406</ele><time>2024-09-18T13:14:06.000Z</time></trkpt>
<trkpt lat="30.68480425708853" lon="104.0286433806598"><ele>468.5489196777344</ele><time>2024-09-18T13:14:10.000Z</time></trkpt>
<trkpt lat="30.68487692514969" lon="104.0287560105681"><ele>468.8207092285156</ele><time>2024-09-18T13:14:12.000Z</time></trkpt>
<trkpt lat="30.68495164274037" lon="104.0288497023375"><ele>468.2129211425781</ele><time>2024-09-18T13:14:14.000Z</time></trkpt>
<trkpt lat="30.68503135035127" lon="104.0289463844132"><ele>468.0664672851562</ele><time>2024-09-18T13:14:16.000Z</time></trkpt>
<trkpt lat="30.68511104765396" lon="104.0290470538079"><ele>468.0241394042969</ele><time>2024-09-18T13:14:18.000Z</time></trkpt>
<trkpt lat="30.68519174211632" lon="104.0291487202124"><ele>467.3339538574219</ele><time>2024-09-18T13:14:20.000Z</time></trkpt>
<trkpt lat="30.68527843146155" lon="104.0292513834121"><ele>467.1369323730469</ele><time>2024-09-18T13:14:22.000Z</time></trkpt>
<trkpt lat="30.68536810918952" lon="104.0293580338683"><ele>466.6409912109375</ele><time>2024-09-18T13:14:24.000Z</time></trkpt>
<trkpt lat="30.68545577761819" lon="104.0294686718425"><ele>466.3396301269531</ele><time>2024-09-18T13:14:26.000Z</time></trkpt>
<trkpt lat="30.68553546049004" lon="104.0295753234124"><ele>466.1708984375</ele><time>2024-09-18T13:14:28.000Z</time></trkpt>
<trkpt lat="30.68560616346863" lon="104.0296759950237"><ele>466.2383117675781</ele><time>2024-09-18T13:14:30.000Z</time></trkpt>
<trkpt lat="30.68567387068827" lon="104.0297756702784"><ele>466.0069274902344</ele><time>2024-09-18T13:14:32.000Z</time></trkpt>
<trkpt lat="30.68574457155926" lon="104.0298773392617"><ele>465.3381958007812</ele><time>2024-09-18T13:14:34.000Z</time></trkpt>
<trkpt lat="30.68582328730442" lon="104.0299720306554"><ele>465.1483154296875</ele><time>2024-09-18T13:14:36.000Z</time></trkpt>
<trkpt lat="30.68590402583379" lon="104.0300577510859"><ele>465.014892578125</ele><time>2024-09-18T13:14:38.000Z</time></trkpt>
<trkpt lat="30.68599777423585" lon="104.030137490378"><ele>464.6952514648438</ele><time>2024-09-18T13:14:40.000Z</time></trkpt>
<trkpt lat="30.68610950153543" lon="104.0302222130363"><ele>466.5049133300781</ele><time>2024-09-18T13:14:42.000Z</time></trkpt>
<trkpt lat="30.68622520376216" lon="104.0303159069266"><ele>465.9063720703125</ele><time>2024-09-18T13:14:44.000Z</time></trkpt>
<trkpt lat="30.68632987485316" lon="104.0304235568127"><ele>465.9991455078125</ele><time>2024-09-18T13:14:46.000Z</time></trkpt>
<trkpt lat="30.68642252317437" lon="104.0305421724528"><ele>467.110595703125</ele><time>2024-09-18T13:14:48.000Z</time></trkpt>
<trkpt lat="30.68651116072284" lon="104.0306657727415"><ele>467.5902709960938</ele><time>2024-09-18T13:14:50.000Z</time></trkpt>
<trkpt lat="30.68659780993797" lon="104.0307853863174"><ele>468.613037109375</ele><time>2024-09-18T13:14:52.000Z</time></trkpt>
<trkpt lat="30.68667447186241" lon="104.0309020103158"><ele>469.0896301269531</ele><time>2024-09-18T13:14:54.000Z</time></trkpt>
<trkpt lat="30.68675415860081" lon="104.0310086663774"><ele>469.9742126464844</ele><time>2024-09-18T13:14:56.000Z</time></trkpt>
<trkpt lat="30.6868368649072" lon="104.0311073480551"><ele>470.9737548828125</ele><time>2024-09-18T13:14:58.000Z</time></trkpt>
<trkpt lat="30.68691959983072" lon="104.031195064934"><ele>471.5155639648438</ele><time>2024-09-18T13:15:00.000Z</time></trkpt>
<trkpt lat="30.68700036163555" lon="104.0312728138462"><ele>471.3453979492188</ele><time>2024-09-18T13:15:02.000Z</time></trkpt>
<trkpt lat="30.68706417001269" lon="104.0313356112415"><ele>471.0652160644531</ele><time>2024-09-18T13:15:04.000Z</time></trkpt>
<trkpt lat="30.68711403381037" lon="104.0313794695726"><ele>469.8528137207031</ele><time>2024-09-18T13:15:06.000Z</time></trkpt>
<trkpt lat="30.68715393569081" lon="104.0314103695812"><ele>469.5827026367188</ele><time>2024-09-18T13:15:10.000Z</time></trkpt>
<trkpt lat="30.68720879470737" lon="104.0314552246214"><ele>470.5574340820312</ele><time>2024-09-18T13:15:14.000Z</time></trkpt>
<trkpt lat="30.6872835700624" lon="104.0315289870688"><ele>469.6297302246094</ele><time>2024-09-18T13:15:16.000Z</time></trkpt>
<trkpt lat="30.687366280264" lon="104.0316266734593"><ele>457.8920593261719</ele><time>2024-09-18T13:15:18.000Z</time></trkpt>
<trkpt lat="30.6874699041505" lon="104.0317542644829"><ele>462.0336303710938</ele><time>2024-09-18T13:15:20.000Z</time></trkpt>
<trkpt lat="30.68757055800956" lon="104.0318708908218"><ele>467.1286926269531</ele><time>2024-09-18T13:15:24.000Z</time></trkpt>
<trkpt lat="30.68767121989992" lon="104.0319845270266"><ele>467.3720092773438</ele><time>2024-09-18T13:15:26.000Z</time></trkpt>
<trkpt lat="30.68774195722185" lon="104.0320742404927"><ele>466.623291015625</ele><time>2024-09-18T13:15:28.000Z</time></trkpt>
<trkpt lat="30.68780368612453" lon="104.0321689388905"><ele>465.80419921875</ele><time>2024-09-18T13:15:30.000Z</time></trkpt>
<trkpt lat="30.68786740924878" lon="104.0322656311938"><ele>465.54443359375</ele><time>2024-09-18T13:15:32.000Z</time></trkpt>
<trkpt lat="30.68793713751198" lon="104.0323593329315"><ele>464.9295043945312</ele><time>2024-09-18T13:15:34.000Z</time></trkpt>
<trkpt lat="30.68800887272757" lon="104.0324500442578"><ele>464.804443359375</ele><time>2024-09-18T13:15:36.000Z</time></trkpt>
<trkpt lat="30.68807961116577" lon="104.0325397590176"><ele>463.1450805664062</ele><time>2024-09-18T13:15:38.000Z</time></trkpt>
<trkpt lat="30.68815134936096" lon="104.0326294739835"><ele>461.4114990234375</ele><time>2024-09-18T13:15:40.000Z</time></trkpt>
<trkpt lat="30.68822607624361" lon="104.0327231765589"><ele>460.2759399414062</ele><time>2024-09-18T13:15:42.000Z</time></trkpt>
<trkpt lat="30.68829982156934" lon="104.032809901322"><ele>459.2203369140625</ele><time>2024-09-18T13:15:44.000Z</time></trkpt>
<trkpt lat="30.68837056087771" lon="104.0328996170922"><ele>458.4537658691406</ele><time>2024-09-18T13:15:46.000Z</time></trkpt>
<trkpt lat="30.6884372845304" lon="104.032996311467"><ele>458.1715698242188</ele><time>2024-09-18T13:15:48.000Z</time></trkpt>
<trkpt lat="30.68850898339361" lon="104.0331019778768"><ele>456.4607849121094</ele><time>2024-09-18T13:15:50.000Z</time></trkpt>
<trkpt lat="30.68858466305403" lon="104.0332146226799"><ele>455.1773681640625</ele><time>2024-09-18T13:15:52.000Z</time></trkpt>
<trkpt lat="30.68865834146135" lon="104.0333282648676"><ele>454.4547424316406</ele><time>2024-09-18T13:15:54.000Z</time></trkpt>
<trkpt lat="30.68872803465336" lon="104.0334369231669"><ele>455.4728088378906</ele><time>2024-09-18T13:15:56.000Z</time></trkpt>
<trkpt lat="30.6888017539985" lon="104.0335346157738"><ele>457.4231567382812</ele><time>2024-09-18T13:15:58.000Z</time></trkpt>
<trkpt lat="30.6888854790581" lon="104.0336283206287"><ele>459.0547485351562</ele><time>2024-09-18T13:16:00.000Z</time></trkpt>
<trkpt lat="30.68897518904925" lon="104.0337270100195"><ele>457.8462219238281</ele><time>2024-09-18T13:16:02.000Z</time></trkpt>
<trkpt lat="30.68907187603202" lon="104.0338336746743"><ele>457.7244567871094</ele><time>2024-09-18T13:16:04.000Z</time></trkpt>
<trkpt lat="30.68917054488191" lon="104.0339473179888"><ele>458.1234741210938</ele><time>2024-09-18T13:16:06.000Z</time></trkpt>
<trkpt lat="30.68927221270894" lon="104.0340609615851"><ele>458.668212890625</ele><time>2024-09-18T13:16:08.000Z</time></trkpt>
<trkpt lat="30.68937388838606" lon="104.0341716148412"><ele>458.0738220214844</ele><time>2024-09-18T13:16:10.000Z</time></trkpt>
<trkpt lat="30.68946557648977" lon="104.0342792781755"><ele>457.031494140625</ele><time>2024-09-18T13:16:12.000Z</time></trkpt>
<trkpt lat="30.68954827155264" lon="104.0343859453652"><ele>457.28369140625</ele><time>2024-09-18T13:16:14.000Z</time></trkpt>
<trkpt lat="30.68963097688832" lon="104.0344886252072"><ele>457.2648315429688</ele><time>2024-09-18T13:16:16.000Z</time></trkpt>
<trkpt lat="30.68972267837549" lon="104.0345913049889"><ele>457.2333068847656</ele><time>2024-09-18T13:16:18.000Z</time></trkpt>
<trkpt lat="30.68982139182916" lon="104.0346880031837"><ele>457.2930603027344</ele><time>2024-09-18T13:16:20.000Z</time></trkpt>
<trkpt lat="30.68991511032777" lon="104.034783704971"><ele>457.3735656738281</ele><time>2024-09-18T13:16:22.000Z</time></trkpt>
<trkpt lat="30.69000583789739" lon="104.0348764163675"><ele>458.59765625</ele><time>2024-09-18T13:16:24.000Z</time></trkpt>
<trkpt lat="30.69009456663073" lon="104.0349691281371"><ele>458.6809387207031</ele><time>2024-09-18T13:16:26.000Z</time></trkpt>
<trkpt lat="30.69018328571984" lon="104.0350658279845"><ele>458.4360961914062</ele><time>2024-09-18T13:16:28.000Z</time></trkpt>
<trkpt lat="30.69027099812869" lon="104.0351655190417"><ele>458.2393798828125</ele><time>2024-09-18T13:16:30.000Z</time></trkpt>
<trkpt lat="30.690355709738" lon="104.0352662075188"><ele>458.0775756835938</ele><time>2024-09-18T13:16:32.000Z</time></trkpt>
<trkpt lat="30.69043843487465" lon="104.0353619116308"><ele>457.7045288085938</ele><time>2024-09-18T13:16:34.000Z</time></trkpt>
<trkpt lat="30.69053016350348" lon="104.0354546247586"><ele>458.0232238769531</ele><time>2024-09-18T13:16:36.000Z</time></trkpt>
<trkpt lat="30.69062293124247" lon="104.0355313867003"><ele>457.0537109375</ele><time>2024-09-18T13:16:38.000Z</time></trkpt>
<trkpt lat="30.69071672079025" lon="104.0355991760965"><ele>457.4072265625</ele><time>2024-09-18T13:16:40.000Z</time></trkpt>
<trkpt lat="30.69079751401073" lon="104.0356679632001"><ele>457.4221496582031</ele><time>2024-09-18T13:16:42.000Z</time></trkpt>
<trkpt lat="30.69087626905813" lon="104.0357527020903"><ele>457.3543701171875</ele><time>2024-09-18T13:16:44.000Z</time></trkpt>
<trkpt lat="30.69095003151847" lon="104.0358354474985"><ele>457.0494384765625</ele><time>2024-09-18T13:16:46.000Z</time></trkpt>
<trkpt lat="30.69103478420522" lon="104.035920186596"><ele>458.7481689453125</ele><time>2024-09-18T13:16:48.000Z</time></trkpt>
<trkpt lat="30.6911395254202" lon="104.0360059220148"><ele>459.4471435546875</ele><time>2024-09-18T13:16:50.000Z</time></trkpt>
<trkpt lat="30.69126223411668" lon="104.0361016267009"><ele>460.0614624023438</ele><time>2024-09-18T13:16:52.000Z</time></trkpt>
<trkpt lat="30.69137694432997" lon="104.0361983290435"><ele>462.2228088378906</ele><time>2024-09-18T13:16:54.000Z</time></trkpt>
<trkpt lat="30.69147366556262" lon="104.0362940355244"><ele>462.4220886230469</ele><time>2024-09-18T13:16:56.000Z</time></trkpt>
<trkpt lat="30.69155139584008" lon="104.0363897431725"><ele>462.5231018066406</ele><time>2024-09-18T13:16:58.000Z</time></trkpt>
<trkpt lat="30.69162512337506" lon="104.0364874453054"><ele>462.3025817871094</ele><time>2024-09-18T13:17:00.000Z</time></trkpt>
<trkpt lat="30.69170184009746" lon="104.0365891356275"><ele>462.0181579589844</ele><time>2024-09-18T13:17:02.000Z</time></trkpt>
<trkpt lat="30.69179654395764" lon="104.0366928194991"><ele>461.6847839355469</ele><time>2024-09-18T13:17:04.000Z</time></trkpt>
<trkpt lat="30.69191924002995" lon="104.0367945084642"><ele>461.60986328125</ele><time>2024-09-18T13:17:06.000Z</time></trkpt>
<trkpt lat="30.69205593718062" lon="104.0368932061232"><ele>461.7049255371094</ele><time>2024-09-18T13:17:08.000Z</time></trkpt>
<trkpt lat="30.69218564509284" lon="104.0369889133925"><ele>461.4923400878906</ele><time>2024-09-18T13:17:10.000Z</time></trkpt>
<trkpt lat="30.69230633331489" lon="104.0370945915517"><ele>461.1287536621094</ele><time>2024-09-18T13:17:12.000Z</time></trkpt>
<trkpt lat="30.69242200731942" lon="104.0372072494681"><ele>460.5520935058594</ele><time>2024-09-18T13:17:14.000Z</time></trkpt>
<trkpt lat="30.69253169409557" lon="104.0373159199956"><ele>460.0290222167969</ele><time>2024-09-18T13:17:16.000Z</time></trkpt>
<trkpt lat="30.6926274165244" lon="104.0374126272255"><ele>459.630615234375</ele><time>2024-09-18T13:17:18.000Z</time></trkpt>
<trkpt lat="30.69270615909764" lon="104.0375043503908"><ele>459.3597106933594</ele><time>2024-09-18T13:17:20.000Z</time></trkpt>
<trkpt lat="30.69277887834295" lon="104.0376070415007"><ele>458.8117370605469</ele><time>2024-09-18T13:17:22.000Z</time></trkpt>
<trkpt lat="30.69285857313055" lon="104.0377187060107"><ele>459.2394409179688</ele><time>2024-09-18T13:17:24.000Z</time></trkpt>
<trkpt lat="30.69294226405424" lon="104.0378313678199"><ele>459.1715698242188</ele><time>2024-09-18T13:17:26.000Z</time></trkpt>
<trkpt lat="30.69304798096121" lon="104.0379290733877"><ele>459.4027709960938</ele><time>2024-09-18T13:17:28.000Z</time></trkpt>
<trkpt lat="30.69315073291125" lon="104.0380128207368"><ele>459.3305053710938</ele><time>2024-09-18T13:17:30.000Z</time></trkpt>
<trkpt lat="30.69325448460616" lon="104.0380965682878"><ele>459.7389831542969</ele><time>2024-09-18T13:17:32.000Z</time></trkpt>
<trkpt lat="30.69334319589923" lon="104.0382002578681"><ele>460.1585693359375</ele><time>2024-09-18T13:17:34.000Z</time></trkpt>
<trkpt lat="30.69342589605362" lon="104.0383099304558"><ele>460.4550476074219</ele><time>2024-09-18T13:17:36.000Z</time></trkpt>
<trkpt lat="30.69350460080187" lon="104.038418606587"><ele>460.8850402832031</ele><time>2024-09-18T13:17:38.000Z</time></trkpt>
<trkpt lat="30.69357630205582" lon="104.0385302746555"><ele>460.7344970703125</ele><time>2024-09-18T13:17:40.000Z</time></trkpt>
<trkpt lat="30.69363894404884" lon="104.0386688645119"><ele>461.5861206054688</ele><time>2024-09-18T13:17:42.000Z</time></trkpt>
<trkpt lat="30.69371152775487" lon="104.038830387388"><ele>462.3631286621094</ele><time>2024-09-18T13:17:44.000Z</time></trkpt>
<trkpt lat="30.69380111380341" lon="104.038987922097"><ele>462.3383483886719</ele><time>2024-09-18T13:17:46.000Z</time></trkpt>
<trkpt lat="30.69390672608392" lon="104.0391314977293"><ele>463.0649719238281</ele><time>2024-09-18T13:17:48.000Z</time></trkpt>
<trkpt lat="30.69400839947834" lon="104.0392501469468"><ele>464.0696411132812</ele><time>2024-09-18T13:17:50.000Z</time></trkpt>
<trkpt lat="30.69410309060692" lon="104.0393628144052"><ele>466.4243469238281</ele><time>2024-09-18T13:17:52.000Z</time></trkpt>
<trkpt lat="30.69418480686922" lon="104.0394675061012"><ele>467.3396301269531</ele><time>2024-09-18T13:17:54.000Z</time></trkpt>
<trkpt lat="30.69426451739861" lon="104.0395751895994"><ele>468.9583129882812</ele><time>2024-09-18T13:17:56.000Z</time></trkpt>
<trkpt lat="30.69433922828228" lon="104.0396838708534"><ele>471.2011108398438</ele><time>2024-09-18T13:17:58.000Z</time></trkpt>
<trkpt lat="30.69441594093758" lon="104.0397915553346"><ele>471.3179321289062</ele><time>2024-09-18T13:18:00.000Z</time></trkpt>
<trkpt lat="30.69448764930782" lon="104.0399022318147"><ele>473.4711608886719</ele><time>2024-09-18T13:18:02.000Z</time></trkpt>
<trkpt lat="30.69456036688535" lon="104.0400089202148"><ele>476.123291015625</ele><time>2024-09-18T13:18:04.000Z</time></trkpt>
<trkpt lat="30.69463708991865" lon="104.040112617478"><ele>476.8873596191406</ele><time>2024-09-18T13:18:06.000Z</time></trkpt>
<trkpt lat="30.69471281607197" lon="104.0402153180528"><ele>476.7202758789062</ele><time>2024-09-18T13:18:08.000Z</time></trkpt>
<trkpt lat="30.69478453748632" lon="104.0403210105923"><ele>476.55126953125</ele><time>2024-09-18T13:18:10.000Z</time></trkpt>
<trkpt lat="30.69485525049227" lon="104.0404306921326"><ele>476.7597351074219</ele><time>2024-09-18T13:18:12.000Z</time></trkpt>
<trkpt lat="30.69493196800655" lon="104.0405373824259"><ele>477.1095275878906</ele><time>2024-09-18T13:18:14.000Z</time></trkpt>
<trkpt lat="30.6950106941576" lon="104.0406400844744"><ele>478.0885620117188</ele><time>2024-09-18T13:18:16.000Z</time></trkpt>
<trkpt lat="30.69508541101983" lon="104.0407477728331"><ele>478.8417358398438</ele><time>2024-09-18T13:18:18.000Z</time></trkpt>
<trkpt lat="30.69515211821333" lon="104.0408614448955"><ele>479.5603332519531</ele><time>2024-09-18T13:18:20.000Z</time></trkpt>
<trkpt lat="30.69521280800837" lon="104.0409840921178"><ele>479.4774475097656</ele><time>2024-09-18T13:18:22.000Z</time></trkpt>
<trkpt lat="30.69527048597514" lon="104.0411127230044"><ele>479.4911193847656</ele><time>2024-09-18T13:18:24.000Z</time></trkpt>
<trkpt lat="30.6953331667179" lon="104.0412393599516"><ele>479.5093994140625</ele><time>2024-09-18T13:18:26.000Z</time></trkpt>
<trkpt lat="30.69540084565833" lon="104.0413659972739"><ele>479.4682312011719</ele><time>2024-09-18T13:18:28.000Z</time></trkpt>
<trkpt lat="30.69546954511375" lon="104.0414836605745"><ele>480.1607971191406</ele><time>2024-09-18T13:18:30.000Z</time></trkpt>
<trkpt lat="30.69553524187916" lon="104.0416033188912"><ele>481.1965026855469</ele><time>2024-09-18T13:18:32.000Z</time></trkpt>
<trkpt lat="30.69558893790196" lon="104.0417259698436"><ele>481.2841491699219</ele><time>2024-09-18T13:18:34.000Z</time></trkpt>
<trkpt lat="30.69564065570167" lon="104.0418396467556"><ele>481.0111083984375</ele><time>2024-09-18T13:18:36.000Z</time></trkpt>
<trkpt lat="30.6956904177582" lon="104.041934377588"><ele>479.7733764648438</ele><time>2024-09-18T13:18:38.000Z</time></trkpt>
<trkpt lat="30.69573920763927" lon="104.0420171424588"><ele>478.6755676269531</ele><time>2024-09-18T13:18:40.000Z</time></trkpt>
<trkpt lat="30.6957789704006" lon="104.0421138687799"><ele>478.7587280273438</ele><time>2024-09-18T13:18:42.000Z</time></trkpt>
<trkpt lat="30.69581068997397" lon="104.0422315370846"><ele>477.6631774902344</ele><time>2024-09-18T13:18:44.000Z</time></trkpt>
<trkpt lat="30.69583837596461" lon="104.0423651614315"><ele>474.8011169433594</ele><time>2024-09-18T13:18:46.000Z</time></trkpt>
<trkpt lat="30.69586905891634" lon="104.0424997835392"><ele>472.4681091308594</ele><time>2024-09-18T13:18:48.000Z</time></trkpt>
<trkpt lat="30.69590673698176" lon="104.0426354032436"><ele>471.9503479003906</ele><time>2024-09-18T13:18:50.000Z</time></trkpt>
<trkpt lat="30.69595441993021" lon="104.0427670343058"><ele>470.439697265625</ele><time>2024-09-18T13:18:52.000Z</time></trkpt>
<trkpt lat="30.69600710781075" lon="104.0428956741216"><ele>470.4536743164062</ele><time>2024-09-18T13:18:54.000Z</time></trkpt>
<trkpt lat="30.69605581366343" lon="104.0430173341204"><ele>470.4201965332031</ele><time>2024-09-18T13:18:56.000Z</time></trkpt>
<trkpt lat="30.69610350939174" lon="104.0431439809286"><ele>470.0286865234375</ele><time>2024-09-18T13:18:58.000Z</time></trkpt>
<trkpt lat="30.69615819133535" lon="104.0432756142587"><ele>469.0550842285156</ele><time>2024-09-18T13:19:00.000Z</time></trkpt>
<trkpt lat="30.69621985514428" lon="104.0434142286864"><ele>467.4802856445312</ele><time>2024-09-18T13:19:02.000Z</time></trkpt>
<trkpt lat="30.69627451625386" lon="104.0435558359417"><ele>467.1500854492188</ele><time>2024-09-18T13:19:04.000Z</time></trkpt>
<trkpt lat="30.69632117517574" lon="104.0437004361212"><ele>467.3278503417969</ele><time>2024-09-18T13:19:06.000Z</time></trkpt>
<trkpt lat="30.69635983415062" lon="104.043847032012"><ele>467.8145141601562</ele><time>2024-09-18T13:19:08.000Z</time></trkpt>
<trkpt lat="30.69639649041558" lon="104.0439956233785"><ele>468.3942565917969</ele><time>2024-09-18T13:19:10.000Z</time></trkpt>
<trkpt lat="30.69643014883622" lon="104.0441442157483"><ele>468.4163513183594</ele><time>2024-09-18T13:19:12.000Z</time></trkpt>
<trkpt lat="30.6964638058382" lon="104.0442938062707"><ele>467.91357421875</ele><time>2024-09-18T13:19:14.000Z</time></trkpt>
<trkpt lat="30.69650046438744" lon="104.0444424002512"><ele>467.6495666503906</ele><time>2024-09-18T13:19:16.000Z</time></trkpt>
<trkpt lat="30.69653611982961" lon="104.0445929897407"><ele>467.9623107910156</ele><time>2024-09-18T13:19:18.000Z</time></trkpt>
<trkpt lat="30.69656678055076" lon="104.0447425830548"><ele>468.1731567382812</ele><time>2024-09-18T13:19:20.000Z</time></trkpt>
<trkpt lat="30.69658944146251" lon="104.044894172235"><ele>469.5883178710938</ele><time>2024-09-18T13:19:22.000Z</time></trkpt>
<trkpt lat="30.6966121053273" lon="104.0450447650177"><ele>471.0285339355469</ele><time>2024-09-18T13:19:24.000Z</time></trkpt>
<trkpt lat="30.69663476998404" lon="104.0451953587061"><ele>472.9371643066406</ele><time>2024-09-18T13:19:26.000Z</time></trkpt>
<trkpt lat="30.69665843711038" lon="104.0453449559318"><ele>474.1349182128906</ele><time>2024-09-18T13:19:28.000Z</time></trkpt>
<trkpt lat="30.69667710948918" lon="104.0454935569509"><ele>475.5569763183594</ele><time>2024-09-18T13:19:30.000Z</time></trkpt>
<trkpt lat="30.69668578517442" lon="104.0456431566484"><ele>476.3570861816406</ele><time>2024-09-18T13:19:32.000Z</time></trkpt>
<trkpt lat="30.69669445101789" lon="104.0457977439637"><ele>476.5762634277344</ele><time>2024-09-18T13:19:34.000Z</time></trkpt>
<trkpt lat="30.69670411087796" lon="104.0459553242477"><ele>476.72802734375</ele><time>2024-09-18T13:19:36.000Z</time></trkpt>
<trkpt lat="30.69671677233393" lon="104.0461119080453"><ele>477.1598815917969</ele><time>2024-09-18T13:19:38.000Z</time></trkpt>
<trkpt lat="30.69672643605874" lon="104.0462684929741"><ele>478.0216979980469</ele><time>2024-09-18T13:19:40.000Z</time></trkpt>
<trkpt lat="30.69673210672841" lon="104.0464230843445"><ele>478.9653015136719</ele><time>2024-09-18T13:19:42.000Z</time></trkpt>
<trkpt lat="30.69673977521958" lon="104.0465786739734"><ele>480.1470336914062</ele><time>2024-09-18T13:19:44.000Z</time></trkpt>
<trkpt lat="30.69675243805942" lon="104.0467362591275"><ele>480.4696350097656</ele><time>2024-09-18T13:19:46.000Z</time></trkpt>
<trkpt lat="30.69676509970166" lon="104.0468948426865"><ele>480.8244018554688</ele><time>2024-09-18T13:19:48.000Z</time></trkpt>
<trkpt lat="30.69677674190078" lon="104.0470634012685"><ele>481.0441589355469</ele><time>2024-09-18T13:19:50.000Z</time></trkpt>
<trkpt lat="30.69679135467748" lon="104.0472459245108"><ele>481.2282104492188</ele><time>2024-09-18T13:19:52.000Z</time></trkpt>
<trkpt lat="30.69681292404162" lon="104.0474483970133"><ele>481.2629089355469</ele><time>2024-09-18T13:19:54.000Z</time></trkpt>
<trkpt lat="30.69683248552251" lon="104.0476558583979"><ele>481.6589660644531</ele><time>2024-09-18T13:19:56.000Z</time></trkpt>
<trkpt lat="30.69684405845185" lon="104.0478603296484"><ele>482.7147521972656</ele><time>2024-09-18T13:19:58.000Z</time></trkpt>
<trkpt lat="30.69684966228622" lon="104.0480518362449"><ele>482.870361328125</ele><time>2024-09-18T13:20:00.000Z</time></trkpt>
<trkpt lat="30.69685527765085" lon="104.0482383571541"><ele>482.5321655273438</ele><time>2024-09-18T13:20:02.000Z</time></trkpt>
<trkpt lat="30.69685391177483" lon="104.0484178976795"><ele>481.3059387207031</ele><time>2024-09-18T13:20:04.000Z</time></trkpt>
<trkpt lat="30.69685055408966" lon="104.0485944472723"><ele>481.1129455566406</ele><time>2024-09-18T13:20:06.000Z</time></trkpt>
<trkpt lat="30.69684320951072" lon="104.0487660110292"><ele>480.9901428222656</ele><time>2024-09-18T13:20:08.000Z</time></trkpt>
<trkpt lat="30.69684086569761" lon="104.0489365783263"><ele>480.8866271972656</ele><time>2024-09-18T13:20:10.000Z</time></trkpt>
<trkpt lat="30.69684251908697" lon="104.04910814415"><ele>481.1566162109375</ele><time>2024-09-18T13:20:12.000Z</time></trkpt>
<trkpt lat="30.69685116630118" lon="104.0492817058756"><ele>481.2604064941406</ele><time>2024-09-18T13:20:14.000Z</time></trkpt>
<trkpt lat="30.69686180971255" lon="104.049457263777"><ele>480.33740234375</ele><time>2024-09-18T13:20:16.000Z</time></trkpt>
<trkpt lat="30.6968724542695" lon="104.0496328229885"><ele>479.6663818359375</ele><time>2024-09-18T13:20:18.000Z</time></trkpt>
<trkpt lat="30.69687910183984" lon="104.049808383695"><ele>479.5659790039062</ele><time>2024-09-18T13:20:20.000Z</time></trkpt>
<trkpt lat="30.69688775357661" lon="104.0499819505926"><ele>479.3439636230469</ele><time>2024-09-18T13:20:22.000Z</time></trkpt>
<trkpt lat="30.69689540297171" lon="104.0501575138737"><ele>478.7194519042969</ele><time>2024-09-18T13:20:24.000Z</time></trkpt>
<trkpt lat="30.69690305548375" lon="104.0503320809447"><ele>478.3384399414062</ele><time>2024-09-18T13:20:26.000Z</time></trkpt>
<trkpt lat="30.69690771249461" lon="104.0505056519226"><ele>476.9574584960938</ele><time>2024-09-18T13:20:28.000Z</time></trkpt>
<trkpt lat="30.69690338652593" lon="104.0506732393272"><ele>476.352294921875</ele><time>2024-09-18T13:20:30.000Z</time></trkpt>
<trkpt lat="30.69690106262659" lon="104.0508398302994"><ele>475.4083862304688</ele><time>2024-09-18T13:20:32.000Z</time></trkpt>
<trkpt lat="30.69690173644224" lon="104.0510074198967"><ele>475.3080139160156</ele><time>2024-09-18T13:20:34.000Z</time></trkpt>
<trkpt lat="30.69691239894217" lon="104.0511790005298"><ele>474.9668884277344</ele><time>2024-09-18T13:20:36.000Z</time></trkpt>
<trkpt lat="30.69693005545043" lon="104.051352577275"><ele>475.1186828613281</ele><time>2024-09-18T13:20:38.000Z</time></trkpt>
<trkpt lat="30.69694971600427" lon="104.0515241600735"><ele>474.884033203125</ele><time>2024-09-18T13:20:40.000Z</time></trkpt>
<trkpt lat="30.69696538145546" lon="104.0516947467469"><ele>474.4223937988281</ele><time>2024-09-18T13:20:42.000Z</time></trkpt>
<trkpt lat="30.69697806083636" lon="104.0518593492393"><ele>473.8603210449219</ele><time>2024-09-18T13:20:44.000Z</time></trkpt>
<trkpt lat="30.69699574651057" lon="104.0520199622699"><ele>473.7702026367188</ele><time>2024-09-18T13:20:46.000Z</time></trkpt>
<trkpt lat="30.69701844029718" lon="104.0521755881444"><ele>474.0449829101562</ele><time>2024-09-18T13:20:48.000Z</time></trkpt>
<trkpt lat="30.69703513781257" lon="104.0523312153563"><ele>474.5831604003906</ele><time>2024-09-18T13:20:50.000Z</time></trkpt>
<trkpt lat="30.69704084139084" lon="104.052486844135"><ele>475.0115661621094</ele><time>2024-09-18T13:20:52.000Z</time></trkpt>
<trkpt lat="30.6970335575865" lon="104.0526394816768"><ele>475.0745239257812</ele><time>2024-09-18T13:20:54.000Z</time></trkpt>
<trkpt lat="30.69702627654953" lon="104.0527911226089"><ele>474.5522766113281</ele><time>2024-09-18T13:20:56.000Z</time></trkpt>
<trkpt lat="30.69701599966315" lon="104.0529417670498"><ele>474.7716064453125</ele><time>2024-09-18T13:20:58.000Z</time></trkpt>
<trkpt lat="30.69700372273326" lon="104.0530934102401"><ele>474.1249389648438</ele><time>2024-09-18T13:21:00.000Z</time></trkpt>
<trkpt lat="30.69698944392908" lon="104.053247049861"><ele>473.3336486816406</ele><time>2024-09-18T13:21:02.000Z</time></trkpt>
<trkpt lat="30.69698416553305" lon="104.0533986947903"><ele>473.8398132324219</ele><time>2024-09-18T13:21:04.000Z</time></trkpt>
<trkpt lat="30.69699188013165" lon="104.0535513378248"><ele>474.3764343261719</ele><time>2024-09-18T13:21:06.000Z</time></trkpt>
<trkpt lat="30.69700458781129" lon="104.05370697471"><ele>474.5982971191406</ele><time>2024-09-18T13:21:08.000Z</time></trkpt>
<trkpt lat="30.69701530284819" lon="104.0538596197097"><ele>474.9547729492188</ele><time>2024-09-18T13:21:10.000Z</time></trkpt>
<trkpt lat="30.69702305660477" lon="104.0539923120334"><ele>474.8382263183594</ele><time>2024-09-18T13:21:12.000Z</time></trkpt>
<trkpt lat="30.69703087825594" lon="104.0540880903404"><ele>474.9725341796875</ele><time>2024-09-18T13:21:14.000Z</time></trkpt>
<trkpt lat="30.69703975603188" lon="104.0541529403063"><ele>475.1353149414062</ele><time>2024-09-18T13:21:16.000Z</time></trkpt>
<trkpt lat="30.69704865390701" lon="104.0542068157368"><ele>475.2435607910156</ele><time>2024-09-18T13:21:18.000Z</time></trkpt>
<trkpt lat="30.69705555101875" lon="104.0542616890933"><ele>474.8635559082031</ele><time>2024-09-18T13:21:20.000Z</time></trkpt>
<trkpt lat="30.69706142521331" lon="104.054329532824"><ele>475.1103820800781</ele><time>2024-09-18T13:21:22.000Z</time></trkpt>
<trkpt lat="30.69706126449285" lon="104.054418328966"><ele>475.3240966796875</ele><time>2024-09-18T13:21:24.000Z</time></trkpt>
<trkpt lat="30.697056050615" lon="104.0545380548913"><ele>480.4519958496094</ele><time>2024-09-18T13:21:26.000Z</time></trkpt>
<trkpt lat="30.69707749693932" lon="104.054840364154"><ele>484.173095703125</ele><time>2024-09-18T13:21:28.000Z</time></trkpt>
<trkpt lat="30.69710397118323" lon="104.0551277111665"><ele>480.0706787109375</ele><time>2024-09-18T13:21:38.000Z</time></trkpt>
<trkpt lat="30.69713145353" lon="104.0554120686107"><ele>479.9739379882812</ele><time>2024-09-18T13:21:40.000Z</time></trkpt>
<trkpt lat="30.69711123376348" lon="104.0555417782307"><ele>479.6298828125</ele><time>2024-09-18T13:21:42.000Z</time></trkpt>
<trkpt lat="30.69708097723397" lon="104.0556954355219"><ele>473.8742065429688</ele><time>2024-09-18T13:21:44.000Z</time></trkpt>
<trkpt lat="30.69705271372324" lon="104.055853084905"><ele>474.3868713378906</ele><time>2024-09-18T13:21:46.000Z</time></trkpt>
<trkpt lat="30.69704745092377" lon="104.0560047476745"><ele>474.6383666992188</ele><time>2024-09-18T13:21:48.000Z</time></trkpt>
<trkpt lat="30.69705417997705" lon="104.0561584065303"><ele>475.3023071289062</ele><time>2024-09-18T13:21:50.000Z</time></trkpt>
<trkpt lat="30.69705891090949" lon="104.0563120665597"><ele>475.1455688476562</ele><time>2024-09-18T13:21:52.000Z</time></trkpt>
<trkpt lat="30.69705963776451" lon="104.0564697190738"><ele>475.5860595703125</ele><time>2024-09-18T13:21:54.000Z</time></trkpt>
<trkpt lat="30.69705336373502" lon="104.056630366486"><ele>475.6290588378906</ele><time>2024-09-18T13:21:56.000Z</time></trkpt>
<trkpt lat="30.69704508825797" lon="104.0567930108168"><ele>475.9354858398438</ele><time>2024-09-18T13:21:58.000Z</time></trkpt>
<trkpt lat="30.69703081664613" lon="104.0569556566416"><ele>476.42919921875</ele><time>2024-09-18T13:22:00.000Z</time></trkpt>
<trkpt lat="30.69701953961363" lon="104.0571212970553"><ele>477.050537109375</ele><time>2024-09-18T13:22:02.000Z</time></trkpt>
<trkpt lat="30.69701626671865" lon="104.0572829470048"><ele>476.4721984863281</ele><time>2024-09-18T13:22:04.000Z</time></trkpt>
<trkpt lat="30.69701900723551" lon="104.0574356172469"><ele>477.3147888183594</ele><time>2024-09-18T13:22:06.000Z</time></trkpt>
<trkpt lat="30.69701577330794" lon="104.0575753167175"><ele>478.4303894042969</ele><time>2024-09-18T13:22:08.000Z</time></trkpt>
<trkpt lat="30.69700354269836" lon="104.0577160153677"><ele>479.2666015625</ele><time>2024-09-18T13:22:10.000Z</time></trkpt>
<trkpt lat="30.69699328196759" lon="104.0578746764915"><ele>479.1153259277344</ele><time>2024-09-18T13:22:12.000Z</time></trkpt>
<trkpt lat="30.69698999576837" lon="104.0580473087496"><ele>478.523681640625</ele><time>2024-09-18T13:22:14.000Z</time></trkpt>
<trkpt lat="30.6969847001553" lon="104.0582269276898"><ele>478.4060974121094</ele><time>2024-09-18T13:22:16.000Z</time></trkpt>
<trkpt lat="30.69697042814711" lon="104.0583955717142"><ele>478.46875</ele><time>2024-09-18T13:22:18.000Z</time></trkpt>
<trkpt lat="30.69695817274978" lon="104.058554237964"><ele>478.0428466796875</ele><time>2024-09-18T13:22:20.000Z</time></trkpt>
<trkpt lat="30.69694992630937" lon="104.0587069177602"><ele>477.5277099609375</ele><time>2024-09-18T13:22:22.000Z</time></trkpt>
<trkpt lat="30.69694168082515" lon="104.0588595986503"><ele>477.5792846679688</ele><time>2024-09-18T13:22:24.000Z</time></trkpt>
<trkpt lat="30.69693043283927" lon="104.0590152745411"><ele>477.5173950195312</ele><time>2024-09-18T13:22:26.000Z</time></trkpt>
<trkpt lat="30.69692617935975" lon="104.0591729471128"><ele>478.3437194824219</ele><time>2024-09-18T13:22:28.000Z</time></trkpt>
<trkpt lat="30.69693391327636" lon="104.0593356099965"><ele>478.49365234375</ele><time>2024-09-18T13:22:30.000Z</time></trkpt>
<trkpt lat="30.69694263662237" lon="104.0595052597025"><ele>478.4453430175781</ele><time>2024-09-18T13:22:32.000Z</time></trkpt>
<trkpt lat="30.69693636337612" lon="104.0596779053154"><ele>478.8012084960938</ele><time>2024-09-18T13:22:34.000Z</time></trkpt>
<trkpt lat="30.69692110507017" lon="104.0598445649777"><ele>478.5074462890625</ele><time>2024-09-18T13:22:36.000Z</time></trkpt>
<trkpt lat="30.69689986491868" lon="104.0600022445041"><ele>478.4268493652344</ele><time>2024-09-18T13:22:38.000Z</time></trkpt>
<trkpt lat="30.69688863214051" lon="104.0601529389166"><ele>478.8661499023438</ele><time>2024-09-18T13:22:40.000Z</time></trkpt>
<trkpt lat="30.69688939157682" lon="104.0603056298265"><ele>478.9097290039062</ele><time>2024-09-18T13:22:42.000Z</time></trkpt>
<trkpt lat="30.69689314434453" lon="104.0604623136722"><ele>479.2833862304688</ele><time>2024-09-18T13:22:44.000Z</time></trkpt>
<trkpt lat="30.69689291087187" lon="104.0606120128804"><ele>479.5348510742188</ele><time>2024-09-18T13:22:46.000Z</time></trkpt>
<trkpt lat="30.69688369800347" lon="104.0607517335166"><ele>479.3432312011719</ele><time>2024-09-18T13:22:48.000Z</time></trkpt>
<trkpt lat="30.69687350491949" lon="104.0608794789945"><ele>479.3095397949219</ele><time>2024-09-18T13:22:50.000Z</time></trkpt>
<trkpt lat="30.69685433515954" lon="104.0609952494615"><ele>479.2595825195312</ele><time>2024-09-18T13:22:52.000Z</time></trkpt>
<trkpt lat="30.69683018208577" lon="104.0611020386012"><ele>478.7170715332031</ele><time>2024-09-18T13:22:54.000Z</time></trkpt>
<trkpt lat="30.69682896223825" lon="104.061245754257"><ele>478.4398498535156</ele><time>2024-09-18T13:22:56.000Z</time></trkpt>
<trkpt lat="30.69686367326119" lon="104.0614244005234"><ele>478.1507263183594</ele><time>2024-09-18T13:22:58.000Z</time></trkpt>
<trkpt lat="30.69690434956919" lon="104.0616250050608"><ele>478.7252197265625</ele><time>2024-09-18T13:23:00.000Z</time></trkpt>
<trkpt lat="30.69692806405224" lon="104.0618066492477"><ele>479.0426330566406</ele><time>2024-09-18T13:23:02.000Z</time></trkpt>
<trkpt lat="30.69693081515133" lon="104.0619713288993"><ele>478.70458984375</ele><time>2024-09-18T13:23:04.000Z</time></trkpt>
<trkpt lat="30.69694056561705" lon="104.0621350114655"><ele>478.7261962890625</ele><time>2024-09-18T13:23:06.000Z</time></trkpt>
<trkpt lat="30.69696830436867" lon="104.0623016887373"><ele>478.9815979003906</ele><time>2024-09-18T13:23:08.000Z</time></trkpt>
<trkpt lat="30.69700104786269" lon="104.0624643747727"><ele>477.9644470214844</ele><time>2024-09-18T13:23:10.000Z</time></trkpt>
<trkpt lat="30.69702481283282" lon="104.0626160834581"><ele>477.9571533203125</ele><time>2024-09-18T13:23:12.000Z</time></trkpt>
<trkpt lat="30.69701861764628" lon="104.0627508269081"><ele>478.0832214355469</ele><time>2024-09-18T13:23:14.000Z</time></trkpt>
<trkpt lat="30.69698944562146" lon="104.0628775874324"><ele>477.3919982910156</ele><time>2024-09-18T13:23:16.000Z</time></trkpt>
<trkpt lat="30.69696426078857" lon="104.063012333459"><ele>478.0833129882812</ele><time>2024-09-18T13:23:18.000Z</time></trkpt>
<trkpt lat="30.69693407616317" lon="104.0631490768355"><ele>478.0900573730469</ele><time>2024-09-18T13:23:20.000Z</time></trkpt>
<trkpt lat="30.69692588062982" lon="104.0632868182401"><ele>477.7896118164062</ele><time>2024-09-18T13:23:22.000Z</time></trkpt>
<trkpt lat="30.69692171705738" lon="104.0634016033262"><ele>476.7247314453125</ele><time>2024-09-18T13:23:24.000Z</time></trkpt>
<trkpt lat="30.69693256565989" lon="104.0635034125773"><ele>475.6022033691406</ele><time>2024-09-18T13:23:26.000Z</time></trkpt>
<trkpt lat="30.69694341755841" lon="104.0636032260484"><ele>475.97607421875</ele><time>2024-09-18T13:23:28.000Z</time></trkpt>
<trkpt lat="30.69696123531282" lon="104.0637249989306"><ele>475.7678833007812</ele><time>2024-09-18T13:23:30.000Z</time></trkpt>
<trkpt lat="30.69699202213208" lon="104.0638647387207"><ele>475.9691772460938</ele><time>2024-09-18T13:23:32.000Z</time></trkpt>
<trkpt lat="30.69703279101584" lon="104.0640144606249"><ele>476.2548522949219</ele><time>2024-09-18T13:23:34.000Z</time></trkpt>
<trkpt lat="30.6970615706643" lon="104.0641611896648"><ele>477.1705017089844</ele><time>2024-09-18T13:23:36.000Z</time></trkpt>
<trkpt lat="30.69707536242234" lon="104.0643049259145"><ele>477.9948120117188</ele><time>2024-09-18T13:23:38.000Z</time></trkpt>
<trkpt lat="30.69707116624385" lon="104.0644466676325"><ele>478.2861022949219</ele><time>2024-09-18T13:23:40.000Z</time></trkpt>
<trkpt lat="30.69706497047274" lon="104.0645894086162"><ele>479.1761474609375</ele><time>2024-09-18T13:23:42.000Z</time></trkpt>
<trkpt lat="30.69706078015973" lon="104.0647281577184"><ele>478.4999389648438</ele><time>2024-09-18T13:23:44.000Z</time></trkpt>
<trkpt lat="30.69704858753617" lon="104.0648718991513"><ele>478.4063415527344</ele><time>2024-09-18T13:23:46.000Z</time></trkpt>
<trkpt lat="30.69703140496856" lon="104.0650106507726"><ele>479.46240234375</ele><time>2024-09-18T13:23:48.000Z</time></trkpt>
<trkpt lat="30.69700722240828" lon="104.0651523983141"><ele>480.3232421875</ele><time>2024-09-18T13:23:50.000Z</time></trkpt>
<trkpt lat="30.696993029271" lon="104.0652991375105"><ele>479.6416320800781</ele><time>2024-09-18T13:23:52.000Z</time></trkpt>
<trkpt lat="30.69698282845087" lon="104.0654508687458"><ele>479.8079223632812</ele><time>2024-09-18T13:23:54.000Z</time></trkpt>
<trkpt lat="30.69697362949793" lon="104.0656016028296"><ele>480.7041015625</ele><time>2024-09-18T13:23:56.000Z</time></trkpt>
<trkpt lat="30.69696543773668" lon="104.0657473467519"><ele>481.2505798339844</ele><time>2024-09-18T13:23:58.000Z</time></trkpt>
<trkpt lat="30.6969572402445" lon="104.0658980829947"><ele>481.9845886230469</ele><time>2024-09-18T13:24:00.000Z</time></trkpt>
<trkpt lat="30.69695902848801" lon="104.0660568059993"><ele>482.5943603515625</ele><time>2024-09-18T13:24:02.000Z</time></trkpt>
<trkpt lat="30.6969638124744" lon="104.0662185249229"><ele>483.2015686035156</ele><time>2024-09-18T13:24:04.000Z</time></trkpt>
<trkpt lat="30.69697759732032" lon="104.0663772498934"><ele>484.0155639648438</ele><time>2024-09-18T13:24:06.000Z</time></trkpt>
<trkpt lat="30.69699038372336" lon="104.0665359761576"><ele>484.3341979980469</ele><time>2024-09-18T13:24:08.000Z</time></trkpt>
<trkpt lat="30.69699817873036" lon="104.0666907107246"><ele>484.46630859375</ele><time>2024-09-18T13:24:10.000Z</time></trkpt>
<trkpt lat="30.69699400228219" lon="104.066828475913"><ele>484.8023376464844</ele><time>2024-09-18T13:24:12.000Z</time></trkpt>
<trkpt lat="30.69698387567863" lon="104.0669303032852"><ele>484.8036193847656</ele><time>2024-09-18T13:24:14.000Z</time></trkpt>
<trkpt lat="30.6969688043867" lon="104.0669912007066"><ele>484.1374816894531</ele><time>2024-09-18T13:24:16.000Z</time></trkpt>
<trkpt lat="30.69694972232893" lon="104.0670620816146"><ele>481.7066955566406</ele><time>2024-09-18T13:24:18.000Z</time></trkpt>
<trkpt lat="30.69694061286551" lon="104.0671509320039"><ele>485.4545288085938</ele><time>2024-09-18T13:24:22.000Z</time></trkpt>
<trkpt lat="30.6969384547418" lon="104.0672757220518"><ele>485.0048828125</ele><time>2024-09-18T13:24:24.000Z</time></trkpt>
<trkpt lat="30.69694829422772" lon="104.0673985156668"><ele>485.2343139648438</ele><time>2024-09-18T13:24:26.000Z</time></trkpt>
<trkpt lat="30.69695512443937" lon="104.0675302951869"><ele>485.31298828125</ele><time>2024-09-18T13:24:28.000Z</time></trkpt>
<trkpt lat="30.69696495150254" lon="104.0676640721189"><ele>486.3273620605469</ele><time>2024-09-18T13:24:30.000Z</time></trkpt>
<trkpt lat="30.69696677684249" lon="104.0678028420545"><ele>487.0535278320312</ele><time>2024-09-18T13:24:32.000Z</time></trkpt>
<trkpt lat="30.69695760443089" lon="104.0679446085235"><ele>487.3069458007812</ele><time>2024-09-18T13:24:34.000Z</time></trkpt>
<trkpt lat="30.69694643136059" lon="104.0680883728142"><ele>487.5527648925781</ele><time>2024-09-18T13:24:36.000Z</time></trkpt>
<trkpt lat="30.69693925978391" lon="104.0682301412138"><ele>488.2590026855469</ele><time>2024-09-18T13:24:38.000Z</time></trkpt>
<trkpt lat="30.69693608966442" lon="104.0683699136804"><ele>488.9417419433594</ele><time>2024-09-18T13:24:40.000Z</time></trkpt>
<trkpt lat="30.69693491703498" lon="104.0685116838017"><ele>489.4944152832031</ele><time>2024-09-18T13:24:42.000Z</time></trkpt>
<trkpt lat="30.69693574556238" lon="104.0686524564463"><ele>489.6686096191406</ele><time>2024-09-18T13:24:44.000Z</time></trkpt>
<trkpt lat="30.69693557542429" lon="104.0687932301298"><ele>489.7453308105469</ele><time>2024-09-18T13:24:46.000Z</time></trkpt>
<trkpt lat="30.69693340469296" lon="104.0689360017099"><ele>489.9655151367188</ele><time>2024-09-18T13:24:48.000Z</time></trkpt>
<trkpt lat="30.6969322367716" lon="104.0690767774415"><ele>490.1416931152344</ele><time>2024-09-18T13:24:50.000Z</time></trkpt>
<trkpt lat="30.69693207873502" lon="104.0692095667663"><ele>490.2073059082031</ele><time>2024-09-18T13:24:52.000Z</time></trkpt>
<trkpt lat="30.69692891933369" lon="104.0693453523927"><ele>490.0636901855469</ele><time>2024-09-18T13:24:54.000Z</time></trkpt>
<trkpt lat="30.69692075134252" lon="104.0694911235073"><ele>488.911865234375</ele><time>2024-09-18T13:24:56.000Z</time></trkpt>
<trkpt lat="30.69690457868544" lon="104.0696448835857"><ele>488.1407165527344</ele><time>2024-09-18T13:24:58.000Z</time></trkpt>
<trkpt lat="30.69688541542516" lon="104.0697926542993"><ele>487.4333190917969</ele><time>2024-09-18T13:25:00.000Z</time></trkpt>
<trkpt lat="30.6968692563404" lon="104.0699364321516"><ele>487.6458740234375</ele><time>2024-09-18T13:25:02.000Z</time></trkpt>
<trkpt lat="30.69686411943119" lon="104.0700572459038"><ele>487.5364074707031</ele><time>2024-09-18T13:25:04.000Z</time></trkpt>
<trkpt lat="30.69685402666535" lon="104.0701421158064"><ele>487.6593627929688</ele><time>2024-09-18T13:25:06.000Z</time></trkpt>
<trkpt lat="30.69683097680139" lon="104.0701950356402"><ele>487.4382019042969</ele><time>2024-09-18T13:25:08.000Z</time></trkpt>
<trkpt lat="30.69679694358877" lon="104.0702379714076"><ele>487.10986328125</ele><time>2024-09-18T13:25:10.000Z</time></trkpt>
<trkpt lat="30.69676590109118" lon="104.0702878964438"><ele>486.4540405273438</ele><time>2024-09-18T13:25:12.000Z</time></trkpt>
<trkpt lat="30.69674285497297" lon="104.0703378212387"><ele>485.8631896972656</ele><time>2024-09-18T13:25:14.000Z</time></trkpt>
<trkpt lat="30.69672080849813" lon="104.0703877461135"><ele>485.8285217285156</ele><time>2024-09-18T13:25:16.000Z</time></trkpt>
<trkpt lat="30.69670176978642" lon="104.0704296831295"><ele>485.4190368652344</ele><time>2024-09-18T13:25:18.000Z</time></trkpt>
<trkpt lat="30.69670269924022" lon="104.0704915889822"><ele>484.646728515625</ele><time>2024-09-18T13:25:44.000Z</time></trkpt>
<trkpt lat="30.69672165427813" lon="104.0705235396173"><ele>483.397705078125</ele><time>2024-09-18T13:25:58.000Z</time></trkpt>
<trkpt lat="30.69673159329352" lon="104.0705734634917"><ele>481.9634704589844</ele><time>2024-09-18T13:26:02.000Z</time></trkpt>
<trkpt lat="30.69673950640862" lon="104.0706473513689"><ele>480.660400390625</ele><time>2024-09-18T13:26:04.000Z</time></trkpt>
<trkpt lat="30.69675940857643" lon="104.0707262314488"><ele>479.6387329101562</ele><time>2024-09-18T13:26:06.000Z</time></trkpt>
<trkpt lat="30.69679129984868" lon="104.070810103791"><ele>478.3104553222656</ele><time>2024-09-18T13:26:08.000Z</time></trkpt>
<trkpt lat="30.69683319121332" lon="104.0708899820139"><ele>477.9313354492188</ele><time>2024-09-18T13:26:10.000Z</time></trkpt>
<trkpt lat="30.69688407866172" lon="104.0709698601463"><ele>477.1697692871094</ele><time>2024-09-18T13:26:12.000Z</time></trkpt>
<trkpt lat="30.69693796388694" lon="104.0710507369758"><ele>475.9354553222656</ele><time>2024-09-18T13:26:14.000Z</time></trkpt>
<trkpt lat="30.69698984262843" lon="104.0711386038422"><ele>476.0323181152344</ele><time>2024-09-18T13:26:16.000Z</time></trkpt>
<trkpt lat="30.69703271823338" lon="104.0712334611602"><ele>476.4477844238281</ele><time>2024-09-18T13:26:18.000Z</time></trkpt>
<trkpt lat="30.69706059358986" lon="104.0713353093064"><ele>476.7312622070312</ele><time>2024-09-18T13:26:20.000Z</time></trkpt>
<trkpt lat="30.69706947935604" lon="104.0714361603192"><ele>477.4335327148438</ele><time>2024-09-18T13:26:22.000Z</time></trkpt>
<trkpt lat="30.69705636825751" lon="104.0715440026154"><ele>478.4341430664062</ele><time>2024-09-18T13:26:24.000Z</time></trkpt>
<trkpt lat="30.69703625662947" lon="104.0716558399931"><ele>479.121337890625</ele><time>2024-09-18T13:26:26.000Z</time></trkpt>
<trkpt lat="30.69700514103572" lon="104.0717766654475"><ele>479.8948059082031</ele><time>2024-09-18T13:26:28.000Z</time></trkpt>
<trkpt lat="30.69697701402412" lon="104.0719074770569"><ele>479.9393310546875</ele><time>2024-09-18T13:26:30.000Z</time></trkpt>
<trkpt lat="30.69694888459021" lon="104.0720412852217"><ele>479.2759704589844</ele><time>2024-09-18T13:26:32.000Z</time></trkpt>
<trkpt lat="30.69693076077932" lon="104.0721661067182"><ele>479.2716369628906</ele><time>2024-09-18T13:26:34.000Z</time></trkpt>
<trkpt lat="30.6969186600592" lon="104.072266962949"><ele>479.3095703125</ele><time>2024-09-18T13:26:36.000Z</time></trkpt>
<trkpt lat="30.6969065461979" lon="104.0723808012254"><ele>479.2169494628906</ele><time>2024-09-18T13:26:38.000Z</time></trkpt>
<trkpt lat="30.69691138444703" lon="104.0725335842419"><ele>479.0693359375</ele><time>2024-09-18T13:26:40.000Z</time></trkpt>
<trkpt lat="30.69692518757385" lon="104.072717324501"><ele>478.7371520996094</ele><time>2024-09-18T13:26:42.000Z</time></trkpt>
<trkpt lat="30.69694799720785" lon="104.0728920786149"><ele>478.2252502441406</ele><time>2024-09-18T13:26:44.000Z</time></trkpt>
<trkpt lat="30.69696183575284" lon="104.0730438665824"><ele>478.5724487304688</ele><time>2024-09-18T13:26:46.000Z</time></trkpt>
<trkpt lat="30.69696468146425" lon="104.0731946576089"><ele>479.1986999511719</ele><time>2024-09-18T13:26:48.000Z</time></trkpt>
<trkpt lat="30.6969625305216" lon="104.0733454500247"><ele>479.2013854980469</ele><time>2024-09-18T13:26:50.000Z</time></trkpt>
<trkpt lat="30.69695538890048" lon="104.0734902520143"><ele>479.3088989257812</ele><time>2024-09-18T13:26:52.000Z</time></trkpt>
<trkpt lat="30.69695027897014" lon="104.0736030984238"><ele>479.2046813964844</ele><time>2024-09-18T13:26:54.000Z</time></trkpt>
<trkpt lat="30.69694618985613" lon="104.0736949738536"><ele>479.7931823730469</ele><time>2024-09-18T13:26:56.000Z</time></trkpt>
<trkpt lat="30.69693911824816" lon="104.0737708714428"><ele>480.1917114257812</ele><time>2024-09-18T13:26:58.000Z</time></trkpt>
<trkpt lat="30.69693204591737" lon="104.0738477679805"><ele>480.4548034667969</ele><time>2024-09-18T13:27:00.000Z</time></trkpt>
<trkpt lat="30.69691297163578" lon="104.0739326546376"><ele>480.6477661132812</ele><time>2024-09-18T13:27:02.000Z</time></trkpt>
<trkpt lat="30.6968918859703" lon="104.0740305243755"><ele>480.3576965332031</ele><time>2024-09-18T13:27:04.000Z</time></trkpt>
<trkpt lat="30.69686578952341" lon="104.0741423761961"><ele>481.9319152832031</ele><time>2024-09-18T13:27:06.000Z</time></trkpt>
<trkpt lat="30.69685267891793" lon="104.074263216135"><ele>484.3413696289062</ele><time>2024-09-18T13:27:08.000Z</time></trkpt>
<trkpt lat="30.69684557094859" lon="104.0743790631383"><ele>485.8266906738281</ele><time>2024-09-18T13:27:10.000Z</time></trkpt>
<trkpt lat="30.696841466937" lon="104.0744899172552"><ele>485.0994567871094</ele><time>2024-09-18T13:27:12.000Z</time></trkpt>
<trkpt lat="30.69684435547966" lon="104.0746057651429"><ele>485.0193786621094</ele><time>2024-09-18T13:27:14.000Z</time></trkpt>
<trkpt lat="30.69684723145339" lon="104.0747355955054"><ele>478.7156066894531</ele><time>2024-09-18T13:27:16.000Z</time></trkpt>
<trkpt lat="30.69685210538029" lon="104.0748674240516"><ele>480.9390258789062</ele><time>2024-09-18T13:27:18.000Z</time></trkpt>
<trkpt lat="30.69685300517969" lon="104.0749742858639"><ele>477.8924560546875</ele><time>2024-09-18T13:27:20.000Z</time></trkpt>
<trkpt lat="30.69684992678933" lon="104.0750601753962"><ele>476.8627624511719</ele><time>2024-09-18T13:27:22.000Z</time></trkpt>
<trkpt lat="30.69684984825267" lon="104.0751450664483"><ele>476.4431762695312</ele><time>2024-09-18T13:27:24.000Z</time></trkpt>
<trkpt lat="30.69685276129545" lon="104.0752379475317"><ele>477.281982421875</ele><time>2024-09-18T13:27:26.000Z</time></trkpt>
<trkpt lat="30.69685865779891" lon="104.0753478073362"><ele>476.7947387695312</ele><time>2024-09-18T13:27:28.000Z</time></trkpt>
<trkpt lat="30.69682544363532" lon="104.0756004893877"><ele>476.8870239257812</ele><time>2024-09-18T13:27:30.000Z</time></trkpt>
<trkpt lat="30.69678922483397" lon="104.075863162424"><ele>482.2052307128906</ele><time>2024-09-18T13:27:34.000Z</time></trkpt>
<trkpt lat="30.69675401832533" lon="104.0761148524829"><ele>481.2999267578125</ele><time>2024-09-18T13:27:36.000Z</time></trkpt>
<trkpt lat="30.69675990343521" lon="104.0762426952054"><ele>481.1598510742188</ele><time>2024-09-18T13:27:38.000Z</time></trkpt>
<trkpt lat="30.69676978047898" lon="104.0763785288516"><ele>479.6405029296875</ele><time>2024-09-18T13:27:40.000Z</time></trkpt>
<trkpt lat="30.69677965663084" lon="104.0765163610277"><ele>478.7485961914062</ele><time>2024-09-18T13:27:42.000Z</time></trkpt>
<trkpt lat="30.69678456247548" lon="104.0766232317023"><ele>477.9567565917969</ele><time>2024-09-18T13:27:44.000Z</time></trkpt>
<trkpt lat="30.69677249123331" lon="104.0767131241241"><ele>477.728759765625</ele><time>2024-09-18T13:27:46.000Z</time></trkpt>
<trkpt lat="30.69675541844788" lon="104.0768080112195"><ele>477.2232360839844</ele><time>2024-09-18T13:27:48.000Z</time></trkpt>
<trkpt lat="30.69671435304135" lon="104.0769078939359"><ele>476.5518493652344</ele><time>2024-09-18T13:27:50.000Z</time></trkpt>
<trkpt lat="30.69668629628267" lon="104.076990796703"><ele>474.903076171875</ele><time>2024-09-18T13:27:54.000Z</time></trkpt>
<trkpt lat="30.6966742582966" lon="104.0770427357113"><ele>477.2670288085938</ele><time>2024-09-18T13:27:58.000Z</time></trkpt>
<trkpt lat="30.69669323521773" lon="104.0770597147474"><ele>477.7723999023438</ele><time>2024-09-18T13:28:02.000Z</time></trkpt>
<trkpt lat="30.69672920756763" lon="104.0770726977385"><ele>479.785400390625</ele><time>2024-09-18T13:28:06.000Z</time></trkpt>
<trkpt lat="30.6967611842943" lon="104.0770826844625"><ele>479.4012451171875</ele><time>2024-09-18T13:28:16.000Z</time></trkpt>
<trkpt lat="30.6967921514781" lon="104.0771046570858"><ele>480.0633544921875</ele><time>2024-09-18T13:28:20.000Z</time></trkpt>
<trkpt lat="30.6968181126852" lon="104.0771366181875"><ele>479.1518249511719</ele><time>2024-09-18T13:28:22.000Z</time></trkpt>
<trkpt lat="30.69683905799251" lon="104.0771905537183"><ele>479.3836975097656</ele><time>2024-09-18T13:28:24.000Z</time></trkpt>
<trkpt lat="30.69686097732246" lon="104.0772754530508"><ele>480.9713439941406</ele><time>2024-09-18T13:28:26.000Z</time></trkpt>
<trkpt lat="30.69687189223803" lon="104.0773723392737"><ele>482.1298828125</ele><time>2024-09-18T13:28:28.000Z</time></trkpt>
<trkpt lat="30.69688680080517" lon="104.0774752188353"><ele>482.9420776367188</ele><time>2024-09-18T13:28:30.000Z</time></trkpt>
<trkpt lat="30.69689271729787" lon="104.0775741039751"><ele>482.9044189453125</ele><time>2024-09-18T13:28:32.000Z</time></trkpt>
<trkpt lat="30.69689363252056" lon="104.0776779841003"><ele>482.216064453125</ele><time>2024-09-18T13:28:34.000Z</time></trkpt>
<trkpt lat="30.69688255704078" lon="104.0777778699107"><ele>482.5403747558594</ele><time>2024-09-18T13:28:36.000Z</time></trkpt>
<trkpt lat="30.69687048007896" lon="104.0778807528637"><ele>483.0284729003906</ele><time>2024-09-18T13:28:38.000Z</time></trkpt>
<trkpt lat="30.69686139822269" lon="104.0779886305559"><ele>483.3747863769531</ele><time>2024-09-18T13:28:40.000Z</time></trkpt>
<trkpt lat="30.69685630871097" lon="104.0781044996416"><ele>483.9083862304688</ele><time>2024-09-18T13:28:42.000Z</time></trkpt>
<trkpt lat="30.69685221306819" lon="104.0782283604022"><ele>484.00341796875</ele><time>2024-09-18T13:28:44.000Z</time></trkpt>
<trkpt lat="30.69685011407288" lon="104.0783562174029"><ele>483.9849243164062</ele><time>2024-09-18T13:28:46.000Z</time></trkpt>
<trkpt lat="30.69685301502733" lon="104.0784820772326"><ele>484.8337707519531</ele><time>2024-09-18T13:28:48.000Z</time></trkpt>
<trkpt lat="30.69685691316441" lon="104.0786119334271"><ele>485.2812194824219</ele><time>2024-09-18T13:28:50.000Z</time></trkpt>
<trkpt lat="30.69686879920948" lon="104.07875377699"><ele>485.7644958496094</ele><time>2024-09-18T13:28:52.000Z</time></trkpt>
<trkpt lat="30.69688068239528" lon="104.0789006161574"><ele>485.9918823242188</ele><time>2024-09-18T13:28:54.000Z</time></trkpt>
<trkpt lat="30.6969035636641" lon="104.0790444591683"><ele>485.408203125</ele><time>2024-09-18T13:28:56.000Z</time></trkpt>
<trkpt lat="30.6969224543965" lon="104.0791793130786"><ele>485.3972778320312</ele><time>2024-09-18T13:28:58.000Z</time></trkpt>
<trkpt lat="30.69695033587627" lon="104.0793221589929"><ele>485.571533203125</ele><time>2024-09-18T13:29:00.000Z</time></trkpt>
<trkpt lat="30.6969712193584" lon="104.0794680031105"><ele>486.1750793457031</ele><time>2024-09-18T13:29:02.000Z</time></trkpt>
<trkpt lat="30.69698710973895" lon="104.0796088538059"><ele>486.5936889648438</ele><time>2024-09-18T13:29:04.000Z</time></trkpt>
<trkpt lat="30.69698700990839" lon="104.0797477083478"><ele>486.2632446289062</ele><time>2024-09-18T13:29:06.000Z</time></trkpt>
<trkpt lat="30.69697990854467" lon="104.0798945559234"><ele>486.0132751464844</ele><time>2024-09-18T13:29:08.000Z</time></trkpt>
<trkpt lat="30.69696979973315" lon="104.0800553903677"><ele>485.732666015625</ele><time>2024-09-18T13:29:10.000Z</time></trkpt>
<trkpt lat="30.69695769094137" lon="104.0802192231842"><ele>486.5896301269531</ele><time>2024-09-18T13:29:12.000Z</time></trkpt>
<trkpt lat="30.69694958218295" lon="104.0803820582133"><ele>487.5062255859375</ele><time>2024-09-18T13:29:14.000Z</time></trkpt>
<trkpt lat="30.69694347504803" lon="104.0805428965236"><ele>488.0177001953125</ele><time>2024-09-18T13:29:16.000Z</time></trkpt>
<trkpt lat="30.69693936814927" lon="104.0807037360783"><ele>487.9112243652344</ele><time>2024-09-18T13:29:18.000Z</time></trkpt>
<trkpt lat="30.69692826568439" lon="104.0808645772919"><ele>488.1864929199219</ele><time>2024-09-18T13:29:20.000Z</time></trkpt>
<trkpt lat="30.69691416513042" lon="104.0810264190036"><ele>489.0019226074219</ele><time>2024-09-18T13:29:22.000Z</time></trkpt>
<trkpt lat="30.69690206482743" lon="104.0811882619766"><ele>489.8575744628906</ele><time>2024-09-18T13:29:24.000Z</time></trkpt>
<trkpt lat="30.69688597207404" lon="104.08134311321"><ele>489.79052734375</ele><time>2024-09-18T13:29:26.000Z</time></trkpt>
<trkpt lat="30.69685688964774" lon="104.0814929710447"><ele>489.7500610351562</ele><time>2024-09-18T13:29:28.000Z</time></trkpt>
<trkpt lat="30.69680981977771" lon="104.0816378355949"><ele>489.6482849121094</ele><time>2024-09-18T13:29:30.000Z</time></trkpt>
<trkpt lat="30.69675575598828" lon="104.081779704366"><ele>488.9095153808594</ele><time>2024-09-18T13:29:32.000Z</time></trkpt>
<trkpt lat="30.69669369992138" lon="104.0819165791999"><ele>488.6808471679688</ele><time>2024-09-18T13:29:34.000Z</time></trkpt>
<trkpt lat="30.69663164653152" lon="104.082050457774"><ele>488.1092834472656</ele><time>2024-09-18T13:29:36.000Z</time></trkpt>
<trkpt lat="30.69656859260006" lon="104.0821873345694"><ele>488.3548583984375</ele><time>2024-09-18T13:29:38.000Z</time></trkpt>
<trkpt lat="30.69650353924721" lon="104.0823262106058"><ele>488.8197021484375</ele><time>2024-09-18T13:29:40.000Z</time></trkpt>
<trkpt lat="30.69643248778208" lon="104.0824680852078"><ele>489.431396484375</ele><time>2024-09-18T13:29:42.000Z</time></trkpt>
<trkpt lat="30.69635744084443" lon="104.08260696372"><ele>488.9542236328125</ele><time>2024-09-18T13:29:44.000Z</time></trkpt>
<trkpt lat="30.69628539163772" lon="104.0827488404267"><ele>489.1880493164062</ele><time>2024-09-18T13:29:46.000Z</time></trkpt>
<trkpt lat="30.6962153424052" lon="104.0828907180817"><ele>489.5373229980469</ele><time>2024-09-18T13:29:48.000Z</time></trkpt>
<trkpt lat="30.69614829268142" lon="104.0830325966388"><ele>489.9549255371094</ele><time>2024-09-18T13:29:50.000Z</time></trkpt>
<trkpt lat="30.69607624675302" lon="104.0831734773325"><ele>490.1140441894531</ele><time>2024-09-18T13:29:52.000Z</time></trkpt>
<trkpt lat="30.69599920460004" lon="104.0833133601409"><ele>490.9649963378906</ele><time>2024-09-18T13:29:54.000Z</time></trkpt>
<trkpt lat="30.69591916746293" lon="104.0834482483573"><ele>491.8931274414062</ele><time>2024-09-18T13:29:56.000Z</time></trkpt>
<trkpt lat="30.69584013013571" lon="104.0835841366228"><ele>492.6286010742188</ele><time>2024-09-18T13:29:58.000Z</time></trkpt>
<trkpt lat="30.6957580939632" lon="104.083722024305"><ele>493.2255859375</ele><time>2024-09-18T13:30:00.000Z</time></trkpt>
<trkpt lat="30.69567605493998" lon="104.0838669071566"><ele>493.5158386230469</ele><time>2024-09-18T13:30:02.000Z</time></trkpt>
<trkpt lat="30.69558802592567" lon="104.0839998012458"><ele>493.1785888671875</ele><time>2024-09-18T13:30:04.000Z</time></trkpt>
<trkpt lat="30.69550699392922" lon="104.0841336951081"><ele>492.8716430664062</ele><time>2024-09-18T13:30:06.000Z</time></trkpt>
<trkpt lat="30.69543395390821" lon="104.0842775814347"><ele>491.9073486328125</ele><time>2024-09-18T13:30:08.000Z</time></trkpt>
<trkpt lat="30.69537489722797" lon="104.0844434505621"><ele>490.3533630371094</ele><time>2024-09-18T13:30:10.000Z</time></trkpt>
<trkpt lat="30.69531783838022" lon="104.0846143170588"><ele>489.6247863769531</ele><time>2024-09-18T13:30:12.000Z</time></trkpt>
<trkpt lat="30.6952597900981" lon="104.0847671992086"><ele>488.1810913085938</ele><time>2024-09-18T13:30:14.000Z</time></trkpt>
<trkpt lat="30.69519775099273" lon="104.0849070928403"><ele>488.2223815917969</ele><time>2024-09-18T13:30:16.000Z</time></trkpt>
<trkpt lat="30.69513371560155" lon="104.0850429906519"><ele>488.4833374023438</ele><time>2024-09-18T13:30:18.000Z</time></trkpt>
<trkpt lat="30.69506767774382" lon="104.0851878826479"><ele>487.65478515625</ele><time>2024-09-18T13:30:20.000Z</time></trkpt>
<trkpt lat="30.69499964176007" lon="104.0853327758191"><ele>486.9283752441406</ele><time>2024-09-18T13:30:22.000Z</time></trkpt>
<trkpt lat="30.6949376039312" lon="104.0854776697968"><ele>487.1465454101562</ele><time>2024-09-18T13:30:24.000Z</time></trkpt>
<trkpt lat="30.69488056697259" lon="104.0856175683259"><ele>488.13916015625</ele><time>2024-09-18T13:30:26.000Z</time></trkpt>
<trkpt lat="30.69482753214299" lon="104.0857504728105"><ele>488.8041381835938</ele><time>2024-09-18T13:30:28.000Z</time></trkpt>
<trkpt lat="30.69477550378107" lon="104.0858693883322"><ele>489.0755310058594</ele><time>2024-09-18T13:30:30.000Z</time></trkpt>
<trkpt lat="30.69472148175394" lon="104.0859773126077"><ele>488.7616577148438</ele><time>2024-09-18T13:30:32.000Z</time></trkpt>
<trkpt lat="30.69466446593592" lon="104.086075244783"><ele>488.9864501953125</ele><time>2024-09-18T13:30:34.000Z</time></trkpt>
<trkpt lat="30.69460545232709" lon="104.0861711789675"><ele>488.5598754882812</ele><time>2024-09-18T13:30:36.000Z</time></trkpt>
<trkpt lat="30.69454944068363" lon="104.0862601184347"><ele>487.5734252929688</ele><time>2024-09-18T13:30:38.000Z</time></trkpt>
<trkpt lat="30.69449843041023" lon="104.0863410636989"><ele>487.2180786132812</ele><time>2024-09-18T13:30:40.000Z</time></trkpt>
<trkpt lat="30.69445342219829" lon="104.0864110167109"><ele>485.8296508789062</ele><time>2024-09-18T13:30:42.000Z</time></trkpt>
<trkpt lat="30.69441441759146" lon="104.0864659801366"><ele>484.2514343261719</ele><time>2024-09-18T13:30:44.000Z</time></trkpt>
<trkpt lat="30.69438141770925" lon="104.0865029559314"><ele>484.4017944335938</ele><time>2024-09-18T13:30:46.000Z</time></trkpt>
<trkpt lat="30.69435741738695" lon="104.0865309376158"><ele>484.2781677246094</ele><time>2024-09-18T13:30:48.000Z</time></trkpt>
<trkpt lat="30.69435041002075" lon="104.08655691994"><ele>483.26318359375</ele><time>2024-09-18T13:30:54.000Z</time></trkpt>
<trkpt lat="30.69435239322384" lon="104.0865958929153"><ele>484.1764221191406</ele><time>2024-09-18T13:31:02.000Z</time></trkpt>
<trkpt lat="30.69434437750269" lon="104.0866438602437"><ele>484.5704040527344</ele><time>2024-09-18T13:31:10.000Z</time></trkpt>
<trkpt lat="30.69432236196498" lon="104.0867078173884"><ele>483.9127502441406</ele><time>2024-09-18T13:31:12.000Z</time></trkpt>
<trkpt lat="30.69430134137312" lon="104.0867837665349"><ele>482.8399963378906</ele><time>2024-09-18T13:31:14.000Z</time></trkpt>
<trkpt lat="30.69429031482147" lon="104.0868637128137"><ele>482.4288024902344</ele><time>2024-09-18T13:31:16.000Z</time></trkpt>
<trkpt lat="30.69428028965502" lon="104.0869396620626"><ele>482.7146911621094</ele><time>2024-09-18T13:31:18.000Z</time></trkpt>
<trkpt lat="30.69423927488592" lon="104.0870266056927"><ele>482.9085998535156</ele><time>2024-09-18T13:31:20.000Z</time></trkpt>
<trkpt lat="30.69417626837377" lon="104.0871195467493"><ele>482.3460083007812</ele><time>2024-09-18T13:31:22.000Z</time></trkpt>
<trkpt lat="30.69410026374593" lon="104.087224480959"><ele>482.8203430175781</ele><time>2024-09-18T13:31:24.000Z</time></trkpt>
<trkpt lat="30.69403525823603" lon="104.087319421749"><ele>482.8489685058594</ele><time>2024-09-18T13:31:26.000Z</time></trkpt>
<trkpt lat="30.69397124713195" lon="104.08742935325"><ele>482.8306274414062</ele><time>2024-09-18T13:31:28.000Z</time></trkpt>
<trkpt lat="30.69390023327991" lon="104.0875572741643"><ele>482.9071655273438</ele><time>2024-09-18T13:31:30.000Z</time></trkpt>
<trkpt lat="30.69382821598692" lon="104.0876981877338"><ele>482.9059753417969</ele><time>2024-09-18T13:31:32.000Z</time></trkpt>
<trkpt lat="30.69375619748327" lon="104.0878450985707"><ele>482.977294921875</ele><time>2024-09-18T13:31:34.000Z</time></trkpt>
<trkpt lat="30.69368117927905" lon="104.0879980069489"><ele>483.1377868652344</ele><time>2024-09-18T13:31:36.000Z</time></trkpt>
<trkpt lat="30.69360116746666" lon="104.0881419222475"><ele>483.5898742675781</ele><time>2024-09-18T13:31:38.000Z</time></trkpt>
<trkpt lat="30.69350116882589" lon="104.0882768449585"><ele>483.8761291503906</ele><time>2024-09-18T13:31:40.000Z</time></trkpt>
<trkpt lat="30.69340117716582" lon="104.0883927799427"><ele>484.1653137207031</ele><time>2024-09-18T13:31:42.000Z</time></trkpt>
<trkpt lat="30.69329917999936" lon="104.0885307027125"><ele>485.1004638671875</ele><time>2024-09-18T13:31:44.000Z</time></trkpt>
<trkpt lat="30.69320617419602" lon="104.0886856161376"><ele>486.3835754394531</ele><time>2024-09-18T13:31:46.000Z</time></trkpt>
<trkpt lat="30.69311816105264" lon="104.0888605190871"><ele>486.2782592773438</ele><time>2024-09-18T13:31:48.000Z</time></trkpt>
<trkpt lat="30.6930381452727" lon="104.0890364226715"><ele>487.049560546875</ele><time>2024-09-18T13:31:50.000Z</time></trkpt>
<trkpt lat="30.69296812768555" lon="104.0892073301573"><ele>486.6856994628906</ele><time>2024-09-18T13:31:52.000Z</time></trkpt>
<trkpt lat="30.69289311400114" lon="104.0893772399165"><ele>485.9024353027344</ele><time>2024-09-18T13:31:54.000Z</time></trkpt>
<trkpt lat="30.69281710590192" lon="104.0895331587388"><ele>485.2599487304688</ele><time>2024-09-18T13:31:56.000Z</time></trkpt>
<trkpt lat="30.69273710207558" lon="104.0896840816447"><ele>484.9185485839844</ele><time>2024-09-18T13:31:58.000Z</time></trkpt>
<trkpt lat="30.69266310144488" lon="104.0898160153933"><ele>484.5279235839844</ele><time>2024-09-18T13:32:00.000Z</time></trkpt>
<trkpt lat="30.6925990959375" lon="104.0899519475006"><ele>484.3558044433594</ele><time>2024-09-18T13:32:02.000Z</time></trkpt>
<trkpt lat="30.69254408584154" lon="104.0900928775856"><ele>484.3407897949219</ele><time>2024-09-18T13:32:04.000Z</time></trkpt>
<trkpt lat="30.69247307774168" lon="104.0902597963614"><ele>484.1956176757812</ele><time>2024-09-18T13:32:06.000Z</time></trkpt>
<trkpt lat="30.6923760775438" lon="104.0904497064293"><ele>483.5263366699219</ele><time>2024-09-18T13:32:08.000Z</time></trkpt>
<trkpt lat="30.69225308739269" lon="104.0906556118265"><ele>483.531982421875</ele><time>2024-09-18T13:32:10.000Z</time></trkpt>
<trkpt lat="30.69212710179993" lon="104.0908555223522"><ele>483.2716674804688</ele><time>2024-09-18T13:32:12.000Z</time></trkpt>
<trkpt lat="30.69201211557326" lon="104.0910424404073"><ele>483.2333068847656</ele><time>2024-09-18T13:32:14.000Z</time></trkpt>
<trkpt lat="30.69189913733772" lon="104.0911923769202"><ele>483.0063781738281</ele><time>2024-09-18T13:32:16.000Z</time></trkpt>
<trkpt lat="30.69179316092666" lon="104.0913213236439"><ele>484.0243530273438</ele><time>2024-09-18T13:32:18.000Z</time></trkpt>
<trkpt lat="30.6916881883744" lon="104.0914312795572"><ele>484.490966796875</ele><time>2024-09-18T13:32:20.000Z</time></trkpt>
<trkpt lat="30.69160020775764" lon="104.0915452335563"><ele>485.64013671875</ele><time>2024-09-18T13:32:22.000Z</time></trkpt>
<trkpt lat="30.69152322316743" lon="104.0916561890002"><ele>486.1332092285156</ele><time>2024-09-18T13:32:24.000Z</time></trkpt>
<trkpt lat="30.69144024468851" lon="104.0917511521525"><ele>485.8613891601562</ele><time>2024-09-18T13:32:26.000Z</time></trkpt>
<trkpt lat="30.69135827008479" lon="104.0918231254121"><ele>486.1860046386719</ele><time>2024-09-18T13:32:28.000Z</time></trkpt>
<trkpt lat="30.69129029330002" lon="104.0918711083465"><ele>486.7455139160156</ele><time>2024-09-18T13:32:30.000Z</time></trkpt>
<trkpt lat="30.69126530196919" lon="104.0918881023727"><ele>486.7950744628906</ele><time>2024-09-18T13:32:32.000Z</time></trkpt>
<trkpt lat="30.69127629503189" lon="104.0918990972616"><ele>486.4744873046875</ele><time>2024-09-18T13:32:38.000Z</time></trkpt>
<trkpt lat="30.69131627436739" lon="104.0919120899836"><ele>486.8151245117188</ele><time>2024-09-18T13:32:46.000Z</time></trkpt>
<trkpt lat="30.69135225172009" lon="104.0919480733229"><ele>488.354248046875</ele><time>2024-09-18T13:32:52.000Z</time></trkpt>
<trkpt lat="30.69138223223098" lon="104.0919820578327"><ele>488.6744384765625</ele><time>2024-09-18T13:32:56.000Z</time></trkpt>
<trkpt lat="30.69140121803821" lon="104.0920150433209"><ele>487.6275939941406</ele><time>2024-09-18T13:33:10.000Z</time></trkpt>
<trkpt lat="30.69141520539497" lon="104.0920530270423"><ele>487.5274047851562</ele><time>2024-09-18T13:33:12.000Z</time></trkpt>
<trkpt lat="30.69141719580661" lon="104.092107004861"><ele>487.7414245605469</ele><time>2024-09-18T13:33:14.000Z</time></trkpt>
<trkpt lat="30.691410187534" lon="104.0921799755579"><ele>488.0008239746094</ele><time>2024-09-18T13:33:16.000Z</time></trkpt>
<trkpt lat="30.69139518090776" lon="104.0922679408956"><ele>488.5633544921875</ele><time>2024-09-18T13:33:18.000Z</time></trkpt>
<trkpt lat="30.69138416908615" lon="104.0923808965807"><ele>488.6925659179688</ele><time>2024-09-18T13:33:20.000Z</time></trkpt>
<trkpt lat="30.69136216149474" lon="104.0925038495424"><ele>488.4929504394531</ele><time>2024-09-18T13:33:22.000Z</time></trkpt>
<trkpt lat="30.69133415666571" lon="104.0926318016412"><ele>487.8691711425781</ele><time>2024-09-18T13:33:24.000Z</time></trkpt>
<trkpt lat="30.69129415901901" lon="104.0927527577468"><ele>486.8832702636719</ele><time>2024-09-18T13:33:26.000Z</time></trkpt>
<trkpt lat="30.69125816092448" lon="104.0928677166228"><ele>485.9667053222656</ele><time>2024-09-18T13:33:28.000Z</time></trkpt>
<trkpt lat="30.69121916528248" lon="104.09297867776"><ele>485.4725036621094</ele><time>2024-09-18T13:33:30.000Z</time></trkpt>
<trkpt lat="30.69117717180193" lon="104.0930876403746"><ele>484.8322448730469</ele><time>2024-09-18T13:33:32.000Z</time></trkpt>
<trkpt lat="30.69113517962351" lon="104.0931896060586"><ele>484.3933410644531</ele><time>2024-09-18T13:33:34.000Z</time></trkpt>
<trkpt lat="30.69109218932813" lon="104.0932825754459"><ele>484.4964294433594</ele><time>2024-09-18T13:33:36.000Z</time></trkpt>
<trkpt lat="30.69103620438885" lon="104.0933855424378"><ele>484.4592590332031</ele><time>2024-09-18T13:33:38.000Z</time></trkpt>
<trkpt lat="30.69096922440763" lon="104.0934945084474"><ele>483.90087890625</ele><time>2024-09-18T13:33:40.000Z</time></trkpt>
<trkpt lat="30.69089424789915" lon="104.0936114727719"><ele>484.2445678710938</ele><time>2024-09-18T13:33:42.000Z</time></trkpt>
<trkpt lat="30.69082127203198" lon="104.0937174412798"><ele>484.3428344726562</ele><time>2024-09-18T13:33:44.000Z</time></trkpt>
<trkpt lat="30.69074629807988" lon="104.0938174123727"><ele>484.3452758789062</ele><time>2024-09-18T13:33:46.000Z</time></trkpt>
<trkpt lat="30.69067432325953" lon="104.0939163841475"><ele>484.8167419433594</ele><time>2024-09-18T13:33:48.000Z</time></trkpt>
<trkpt lat="30.69060035023958" lon="104.0940093583765"><ele>484.7835083007812</ele><time>2024-09-18T13:33:50.000Z</time></trkpt>
<trkpt lat="30.69052137898565" lon="104.0941153292877"><ele>484.6729736328125</ele><time>2024-09-18T13:33:52.000Z</time></trkpt>
<trkpt lat="30.69044340671633" lon="104.0942372959122"><ele>484.629638671875</ele><time>2024-09-18T13:33:54.000Z</time></trkpt>
<trkpt lat="30.6903784276857" lon="104.0943832556479"><ele>483.699951171875</ele><time>2024-09-18T13:33:56.000Z</time></trkpt>
<trkpt lat="30.69032544395264" lon="104.0945312153314"><ele>481.2484741210938</ele><time>2024-09-18T13:33:58.000Z</time></trkpt>
<trkpt lat="30.69027645970236" lon="104.0946711781552"><ele>479.6445007324219</ele><time>2024-09-18T13:34:00.000Z</time></trkpt>
<trkpt lat="30.69022547759355" lon="104.0948021444981"><ele>478.1455078125</ele><time>2024-09-18T13:34:02.000Z</time></trkpt>
<trkpt lat="30.69017049835738" lon="104.0949251140089"><ele>477.326171875</ele><time>2024-09-18T13:34:04.000Z</time></trkpt>
<trkpt lat="30.69011552001917" lon="104.0950400863545"><ele>476.3241882324219</ele><time>2024-09-18T13:34:06.000Z</time></trkpt>
<trkpt lat="30.69006354104959" lon="104.0951480610034"><ele>475.6948547363281</ele><time>2024-09-18T13:34:08.000Z</time></trkpt>
<trkpt lat="30.69000556527543" lon="104.095260035519"><ele>474.9781494140625</ele><time>2024-09-18T13:34:10.000Z</time></trkpt>
<trkpt lat="30.68993659504409" lon="104.0953770099561"><ele>473.784423828125</ele><time>2024-09-18T13:34:12.000Z</time></trkpt>
<trkpt lat="30.68986162817428" lon="104.0954939853555"><ele>473.4940795898438</ele><time>2024-09-18T13:34:14.000Z</time></trkpt>
<trkpt lat="30.68978966057566" lon="104.095598964078"><ele>472.1001586914062</ele><time>2024-09-18T13:34:16.000Z</time></trkpt>
<trkpt lat="30.68971869299639" lon="104.0957019437587"><ele>471.409912109375</ele><time>2024-09-18T13:34:18.000Z</time></trkpt>
<trkpt lat="30.68964772594198" lon="104.0958199206551"><ele>470.3160400390625</ele><time>2024-09-18T13:34:20.000Z</time></trkpt>
<trkpt lat="30.6895877547175" lon="104.0959658917475"><ele>470.1960754394531</ele><time>2024-09-18T13:34:22.000Z</time></trkpt>
<trkpt lat="30.68954277776222" lon="104.0961258603326"><ele>470.3884582519531</ele><time>2024-09-18T13:34:24.000Z</time></trkpt>
<trkpt lat="30.68949980095358" lon="104.0962838304977"><ele>470.05419921875</ele><time>2024-09-18T13:34:26.000Z</time></trkpt>
<trkpt lat="30.6894438307481" lon="104.0964268053565"><ele>470.0022888183594</ele><time>2024-09-18T13:34:28.000Z</time></trkpt>
<trkpt lat="30.6893668705457" lon="104.0965547849568"><ele>469.9086608886719</ele><time>2024-09-18T13:34:30.000Z</time></trkpt>
<trkpt lat="30.68928491310199" lon="104.0966767666699"><ele>469.9643249511719</ele><time>2024-09-18T13:34:32.000Z</time></trkpt>
<trkpt lat="30.68920395612659" lon="104.0968047480477"><ele>470.4191284179688</ele><time>2024-09-18T13:34:34.000Z</time></trkpt>
<trkpt lat="30.68913099676605" lon="104.0969437280575"><ele>470.4368591308594</ele><time>2024-09-18T13:34:36.000Z</time></trkpt>
<trkpt lat="30.68906003756153" lon="104.0970867083049"><ele>469.5964050292969</ele><time>2024-09-18T13:34:38.000Z</time></trkpt>
<trkpt lat="30.68898108279143" lon="104.0972276902378"><ele>468.9469604492188</ele><time>2024-09-18T13:34:40.000Z</time></trkpt>
<trkpt lat="30.6888951317407" lon="104.0973636741983"><ele>468.0799560546875</ele><time>2024-09-18T13:34:42.000Z</time></trkpt>
<trkpt lat="30.6888051830942" lon="104.0974966596719"><ele>467.0596618652344</ele><time>2024-09-18T13:34:44.000Z</time></trkpt>
<trkpt lat="30.68871423533552" lon="104.0976256465907"><ele>465.9798583984375</ele><time>2024-09-18T13:34:46.000Z</time></trkpt>
<trkpt lat="30.68862428827767" lon="104.0977596336661"><ele>464.8463439941406</ele><time>2024-09-18T13:34:48.000Z</time></trkpt>
<trkpt lat="30.68853734080271" lon="104.0978956212567"><ele>463.5108947753906</ele><time>2024-09-18T13:34:50.000Z</time></trkpt>
<trkpt lat="30.6884623891122" lon="104.0980366086552"><ele>462.5122985839844</ele><time>2024-09-18T13:34:52.000Z</time></trkpt>
<trkpt lat="30.68840642922348" lon="104.0981745964698"><ele>460.7997741699219</ele><time>2024-09-18T13:34:54.000Z</time></trkpt>
<trkpt lat="30.68835346809967" lon="104.0983065856679"><ele>462.7116088867188</ele><time>2024-09-18T13:34:56.000Z</time></trkpt>
<trkpt lat="30.68829650861827" lon="104.0984305766364"><ele>462.8671264648438</ele><time>2024-09-18T13:34:58.000Z</time></trkpt>
<trkpt lat="30.68822155720577" lon="104.0985475697889"><ele>462.7665100097656</ele><time>2024-09-18T13:35:00.000Z</time></trkpt>
<trkpt lat="30.68814260757661" lon="104.0986595641983"><ele>462.4978332519531</ele><time>2024-09-18T13:35:02.000Z</time></trkpt>
<trkpt lat="30.68806865366947" lon="104.0987525604131"><ele>463.097900390625</ele><time>2024-09-18T13:35:04.000Z</time></trkpt>
<trkpt lat="30.68801168893365" lon="104.0988205580483"><ele>464.1544799804688</ele><time>2024-09-18T13:35:06.000Z</time></trkpt>
<trkpt lat="30.68798670749569" lon="104.0988725555356"><ele>463.0297241210938</ele><time>2024-09-18T13:35:08.000Z</time></trkpt>
<trkpt lat="30.68799471101708" lon="104.0989245516329"><ele>464.0615539550781</ele><time>2024-09-18T13:35:10.000Z</time></trkpt>
<trkpt lat="30.68801171123031" lon="104.0989815471279"><ele>464.517333984375</ele><time>2024-09-18T13:35:12.000Z</time></trkpt>
<trkpt lat="30.68801971513992" lon="104.0990345434425"><ele>465.3997497558594</ele><time>2024-09-18T13:35:14.000Z</time></trkpt>
<trkpt lat="30.68799374008994" lon="104.0991235393841"><ele>465.2326965332031</ele><time>2024-09-18T13:35:28.000Z</time></trkpt>
<trkpt lat="30.68795177699884" lon="104.0992405350013"><ele>465.0771789550781</ele><time>2024-09-18T13:35:34.000Z</time></trkpt>
<trkpt lat="30.6878978214308" lon="104.0993665314371"><ele>477.0647583007812</ele><time>2024-09-18T13:35:36.000Z</time></trkpt>
<trkpt lat="30.68784585958817" lon="104.0994555300281"><ele>477.4762573242188</ele><time>2024-09-18T13:35:38.000Z</time></trkpt>
<trkpt lat="30.68777790261121" lon="104.099527530369"><ele>478.0072326660156</ele><time>2024-09-18T13:35:40.000Z</time></trkpt>
<trkpt lat="30.68769995314577" lon="104.0996155308946"><ele>478.8373413085938</ele><time>2024-09-18T13:35:42.000Z</time></trkpt>
<trkpt lat="30.68762200712851" lon="104.0997215312947"><ele>480.3922424316406</ele><time>2024-09-18T13:35:44.000Z</time></trkpt>
<trkpt lat="30.68755505778897" lon="104.0998345315812"><ele>481.8692626953125</ele><time>2024-09-18T13:35:46.000Z</time></trkpt>
<trkpt lat="30.68748510926984" lon="104.0999415327304"><ele>482.4464721679688</ele><time>2024-09-18T13:35:48.000Z</time></trkpt>
<trkpt lat="30.68740316561729" lon="104.1000425350633"><ele>482.8802185058594</ele><time>2024-09-18T13:35:50.000Z</time></trkpt>
<trkpt lat="30.68730322797209" lon="104.1001295388273"><ele>483.2553405761719</ele><time>2024-09-18T13:35:52.000Z</time></trkpt>
<trkpt lat="30.68719129400468" lon="104.1002055435548"><ele>483.245849609375</ele><time>2024-09-18T13:35:54.000Z</time></trkpt>
<trkpt lat="30.68707136098144" lon="104.1002665489424"><ele>483.1925964355469</ele><time>2024-09-18T13:35:56.000Z</time></trkpt>
<trkpt lat="30.68695042776566" lon="104.1003235545499"><ele>483.0924377441406</ele><time>2024-09-18T13:35:58.000Z</time></trkpt>
<trkpt lat="30.68683149416417" lon="104.1003825602327"><ele>483.0130310058594</ele><time>2024-09-18T13:36:00.000Z</time></trkpt>
<trkpt lat="30.68671056345937" lon="104.1004505662473"><ele>483.1499633789062</ele><time>2024-09-18T13:36:02.000Z</time></trkpt>
<trkpt lat="30.68658463523106" lon="104.1005185727177"><ele>483.1528015136719</ele><time>2024-09-18T13:36:04.000Z</time></trkpt>
<trkpt lat="30.68645370653116" lon="104.1005725794442"><ele>483.5332336425781</ele><time>2024-09-18T13:36:06.000Z</time></trkpt>
<trkpt lat="30.68632177712575" lon="104.1006205862602"><ele>484.7293701171875</ele><time>2024-09-18T13:36:08.000Z</time></trkpt>
<trkpt lat="30.6861858494217" lon="104.1006675933543"><ele>485.2540283203125</ele><time>2024-09-18T13:36:10.000Z</time></trkpt>
<trkpt lat="30.68603793010415" lon="104.1007276013845"><ele>485.5093078613281</ele><time>2024-09-18T13:36:12.000Z</time></trkpt>
<trkpt lat="30.68588601472846" lon="104.1007966099956"><ele>485.6463928222656</ele><time>2024-09-18T13:36:14.000Z</time></trkpt>
<trkpt lat="30.68574309653332" lon="104.1008706185642"><ele>486.0142517089844</ele><time>2024-09-18T13:36:16.000Z</time></trkpt>
<trkpt lat="30.68561217193671" lon="104.1009396266855"><ele>486.557373046875</ele><time>2024-09-18T13:36:18.000Z</time></trkpt>
<trkpt lat="30.68548424432849" lon="104.1010006346201"><ele>487.4222717285156</ele><time>2024-09-18T13:36:20.000Z</time></trkpt>
<trkpt lat="30.68534432373812" lon="104.1010676435159"><ele>487.9447937011719</ele><time>2024-09-18T13:36:22.000Z</time></trkpt>
<trkpt lat="30.68520040702515" lon="104.1011426531453"><ele>488.0340881347656</ele><time>2024-09-18T13:36:24.000Z</time></trkpt>
<trkpt lat="30.68505349356969" lon="104.1012246635037"><ele>488.2616577148438</ele><time>2024-09-18T13:36:26.000Z</time></trkpt>
<trkpt lat="30.68491257571161" lon="104.101298673516"><ele>488.2279357910156</ele><time>2024-09-18T13:36:28.000Z</time></trkpt>
<trkpt lat="30.6847856509436" lon="104.1013696829894"><ele>488.2720642089844</ele><time>2024-09-18T13:36:30.000Z</time></trkpt>
<trkpt lat="30.68466672025476" lon="104.1014306917796"><ele>488.1667175292969</ele><time>2024-09-18T13:36:32.000Z</time></trkpt>
<trkpt lat="30.68454678817616" lon="104.1014837003294"><ele>488.4093322753906</ele><time>2024-09-18T13:36:34.000Z</time></trkpt>
<trkpt lat="30.68441885885208" lon="104.1015327091418"><ele>489.1594848632812</ele><time>2024-09-18T13:36:36.000Z</time></trkpt>
<trkpt lat="30.6842859324043" lon="104.1015837184268"><ele>489.3812561035156</ele><time>2024-09-18T13:36:38.000Z</time></trkpt>
<trkpt lat="30.68416000515851" lon="104.1016437281052"><ele>489.8407592773438</ele><time>2024-09-18T13:36:40.000Z</time></trkpt>
<trkpt lat="30.68404607412921" lon="104.1017097378172"><ele>489.5550842285156</ele><time>2024-09-18T13:36:42.000Z</time></trkpt>
<trkpt lat="30.68394114099962" lon="104.1017827478309"><ele>489.391357421875</ele><time>2024-09-18T13:36:44.000Z</time></trkpt>
<trkpt lat="30.68383820532307" lon="104.1018487574781"><ele>489.873046875</ele><time>2024-09-18T13:36:46.000Z</time></trkpt>
<trkpt lat="30.68372927068823" lon="104.1019077670609"><ele>490.2591247558594</ele><time>2024-09-18T13:36:48.000Z</time></trkpt>
<trkpt lat="30.68360934201265" lon="104.1019697775637"><ele>490.8115539550781</ele><time>2024-09-18T13:36:50.000Z</time></trkpt>
<trkpt lat="30.68347942185817" lon="104.1020457899018"><ele>490.5441284179688</ele><time>2024-09-18T13:36:52.000Z</time></trkpt>
<trkpt lat="30.68335250249977" lon="104.1021288030032"><ele>490.8488464355469</ele><time>2024-09-18T13:36:54.000Z</time></trkpt>
<trkpt lat="30.6832345795998" lon="104.1022128161143"><ele>491.1976928710938</ele><time>2024-09-18T13:36:56.000Z</time></trkpt>
<trkpt lat="30.68312864812534" lon="104.1022848278466"><ele>491.5164489746094</ele><time>2024-09-18T13:36:58.000Z</time></trkpt>
<trkpt lat="30.68302271428965" lon="104.1023478389283"><ele>492.5314331054688</ele><time>2024-09-18T13:37:00.000Z</time></trkpt>
<trkpt lat="30.68292377541004" lon="104.1024038491592"><ele>493.4897155761719</ele><time>2024-09-18T13:37:02.000Z</time></trkpt>
<trkpt lat="30.68283783247973" lon="104.1024658595729"><ele>494.2947082519531</ele><time>2024-09-18T13:37:04.000Z</time></trkpt>
<trkpt lat="30.68277687803549" lon="104.1025268689091"><ele>494.5059814453125</ele><time>2024-09-18T13:37:06.000Z</time></trkpt>
<trkpt lat="30.68273391201047" lon="104.1025758762613"><ele>494.5088500976562</ele><time>2024-09-18T13:37:08.000Z</time></trkpt>
<trkpt lat="30.68269593550716" lon="104.1025968803505"><ele>495.5951232910156</ele><time>2024-09-18T13:37:12.000Z</time></trkpt>
<trkpt lat="30.68267495009939" lon="104.102613883226"><ele>495.845703125</ele><time>2024-09-18T13:37:16.000Z</time></trkpt>
<trkpt lat="30.68266995742358" lon="104.102630885377"><ele>494.7059631347656</ele><time>2024-09-18T13:37:20.000Z</time></trkpt>
<trkpt lat="30.68268695832992" lon="104.1026598879004"><ele>494.1336059570312</ele><time>2024-09-18T13:37:24.000Z</time></trkpt>
<trkpt lat="30.68271195383308" lon="104.102682889399"><ele>494.1336059570312</ele><time>2024-09-18T13:37:36.000Z</time></trkpt>
<trkpt lat="30.68273595041417" lon="104.1027078912031"><ele>494.1336059570312</ele><time>2024-09-18T13:37:40.000Z</time></trkpt>
<trkpt lat="30.6827299721662" lon="104.1027708989499"><ele>494.1336059570312</ele><time>2024-09-18T13:38:20.000Z</time></trkpt>
<trkpt lat="30.68270699540589" lon="104.1028129050967"><ele>494.1336059570312</ele><time>2024-09-18T13:38:22.000Z</time></trkpt>
<trkpt lat="30.68268102069796" lon="104.1028569117148"><ele>494.1336059570312</ele><time>2024-09-18T13:38:24.000Z</time></trkpt>
<trkpt lat="30.68263905242448" lon="104.1028979187851"><ele>493.1990356445312</ele><time>2024-09-18T13:38:26.000Z</time></trkpt>
<trkpt lat="30.68258108901788" lon="104.1029309256507"><ele>492.5812683105469</ele><time>2024-09-18T13:38:28.000Z</time></trkpt>
<trkpt lat="30.68250713230955" lon="104.1029619330481"><ele>491.9073181152344</ele><time>2024-09-18T13:38:30.000Z</time></trkpt>
<trkpt lat="30.68242018311291" lon="104.1029979417455"><ele>491.22509765625</ele><time>2024-09-18T13:38:32.000Z</time></trkpt>
<trkpt lat="30.68231824393035" lon="104.103043952526"><ele>490.8497619628906</ele><time>2024-09-18T13:38:34.000Z</time></trkpt>
<trkpt lat="30.68221130963575" lon="104.1030979647227"><ele>491.22314453125</ele><time>2024-09-18T13:38:36.000Z</time></trkpt>
<trkpt lat="30.68210837619128" lon="104.1031599779822"><ele>492.1737976074219</ele><time>2024-09-18T13:38:38.000Z</time></trkpt>
<trkpt lat="30.6820024432963" lon="104.1032189911391"><ele>492.2337646484375</ele><time>2024-09-18T13:38:40.000Z</time></trkpt>
<trkpt lat="30.68188151540697" lon="104.1032720042891"><ele>492.4814453125</ele><time>2024-09-18T13:38:42.000Z</time></trkpt>
<trkpt lat="30.68174758993965" lon="104.1033140165637"><ele>493.4637756347656</ele><time>2024-09-18T13:38:44.000Z</time></trkpt>
<trkpt lat="30.68161066425548" lon="104.1033510283211"><ele>494.873046875</ele><time>2024-09-18T13:38:46.000Z</time></trkpt>
<trkpt lat="30.68148173695666" lon="104.1033940406731"><ele>495.9658508300781</ele><time>2024-09-18T13:38:48.000Z</time></trkpt>
<trkpt lat="30.68136080840953" lon="104.1034440538086"><ele>496.4657287597656</ele><time>2024-09-18T13:38:50.000Z</time></trkpt>
<trkpt lat="30.68124787999615" lon="104.1035050683981"><ele>496.2131042480469</ele><time>2024-09-18T13:38:52.000Z</time></trkpt>
<trkpt lat="30.68113994945918" lon="104.1035660829341"><ele>496.8406066894531</ele><time>2024-09-18T13:38:54.000Z</time></trkpt>
<trkpt lat="30.6810360189497" lon="104.1036320982682"><ele>497.5444030761719</ele><time>2024-09-18T13:38:56.000Z</time></trkpt>
<trkpt lat="30.6809280914541" lon="104.1037011144875"><ele>497.8958129882812</ele><time>2024-09-18T13:38:58.000Z</time></trkpt>
<trkpt lat="30.68081316904811" lon="104.1037751320957"><ele>499.2235717773438</ele><time>2024-09-18T13:39:00.000Z</time></trkpt>
<trkpt lat="30.68069124933679" lon="104.1038471499443"><ele>500.2344970703125</ele><time>2024-09-18T13:39:02.000Z</time></trkpt>
<trkpt lat="30.68057132681579" lon="104.1039131668988"><ele>500.7216491699219</ele><time>2024-09-18T13:39:04.000Z</time></trkpt>
<trkpt lat="30.68045240259648" lon="104.1039751833035"><ele>500.5933837890625</ele><time>2024-09-18T13:39:06.000Z</time></trkpt>
<trkpt lat="30.6803354790448" lon="104.1040412005207"><ele>501.1576232910156</ele><time>2024-09-18T13:39:08.000Z</time></trkpt>
<trkpt lat="30.68021655728765" lon="104.1041092184045"><ele>501.7652893066406</ele><time>2024-09-18T13:39:10.000Z</time></trkpt>
<trkpt lat="30.68010363263194" lon="104.1041762360437"><ele>501.1179809570312</ele><time>2024-09-18T13:39:12.000Z</time></trkpt>
<trkpt lat="30.67999170624082" lon="104.104239253089"><ele>501.25146484375</ele><time>2024-09-18T13:39:14.000Z</time></trkpt>
<trkpt lat="30.67988177726329" lon="104.1042972692656"><ele>501.5399475097656</ele><time>2024-09-18T13:39:16.000Z</time></trkpt>
<trkpt lat="30.67976484936803" lon="104.1043492847521"><ele>501.7538146972656</ele><time>2024-09-18T13:39:18.000Z</time></trkpt>
<trkpt lat="30.67964792157388" lon="104.1044013003665"><ele>502.489013671875</ele><time>2024-09-18T13:39:20.000Z</time></trkpt>
<trkpt lat="30.67953199716567" lon="104.1044633180668"><ele>502.5685729980469</ele><time>2024-09-18T13:39:22.000Z</time></trkpt>
<trkpt lat="30.67941807953983" lon="104.1045453399375"><ele>502.892578125</ele><time>2024-09-18T13:39:24.000Z</time></trkpt>
<trkpt lat="30.67930616699352" lon="104.1046423651648"><ele>502.5216979980469</ele><time>2024-09-18T13:39:26.000Z</time></trkpt>
<trkpt lat="30.67919125618334" lon="104.1047393909749"><ele>502.0028381347656</ele><time>2024-09-18T13:39:28.000Z</time></trkpt>
<trkpt lat="30.67907634224909" lon="104.1048274152666"><ele>501.5043640136719</ele><time>2024-09-18T13:39:30.000Z</time></trkpt>
<trkpt lat="30.67895742650773" lon="104.1049054378905"><ele>501.4319763183594</ele><time>2024-09-18T13:39:32.000Z</time></trkpt>
<trkpt lat="30.67883750948137" lon="104.104978459722"><ele>501.0302734375</ele><time>2024-09-18T13:39:34.000Z</time></trkpt>
<trkpt lat="30.67871559316871" lon="104.1050504816683"><ele>500.5735168457031</ele><time>2024-09-18T13:39:36.000Z</time></trkpt>
<trkpt lat="30.67859567655591" lon="104.1051235039981"><ele>499.9627990722656</ele><time>2024-09-18T13:39:38.000Z</time></trkpt>
<trkpt lat="30.67847776127007" lon="104.1052015276629"><ele>499.3964538574219</ele><time>2024-09-18T13:39:40.000Z</time></trkpt>
<trkpt lat="30.67836584229209" lon="104.1052765506198"><ele>498.8417053222656</ele><time>2024-09-18T13:39:42.000Z</time></trkpt>
<trkpt lat="30.67825891922603" lon="104.1053465723985"><ele>497.9909057617188</ele><time>2024-09-18T13:39:44.000Z</time></trkpt>
<trkpt lat="30.67815599165492" lon="104.105409592505"><ele>497.1694030761719</ele><time>2024-09-18T13:39:46.000Z</time></trkpt>
<trkpt lat="30.67805006725513" lon="104.1054766139292"><ele>496.8833312988281</ele><time>2024-09-18T13:39:48.000Z</time></trkpt>
<trkpt lat="30.67794414261236" lon="104.1055426353125"><ele>496.6671447753906</ele><time>2024-09-18T13:39:50.000Z</time></trkpt>
<trkpt lat="30.67783822024634" lon="104.1056136581732"><ele>496.5740966796875</ele><time>2024-09-18T13:39:52.000Z</time></trkpt>
<trkpt lat="30.67773229850275" lon="104.1056856815282"><ele>496.3376770019531</ele><time>2024-09-18T13:39:54.000Z</time></trkpt>
<trkpt lat="30.67762437786469" lon="104.1057577052181"><ele>496.29248046875</ele><time>2024-09-18T13:39:56.000Z</time></trkpt>
<trkpt lat="30.6775094562841" lon="104.105819726827"><ele>496.4937744140625</ele><time>2024-09-18T13:39:58.000Z</time></trkpt>
<trkpt lat="30.67737253655562" lon="104.1058627445598"><ele>496.6018981933594</ele><time>2024-09-18T13:40:00.000Z</time></trkpt>
<trkpt lat="30.67721262378347" lon="104.105897761294"><ele>497.6848449707031</ele><time>2024-09-18T13:40:02.000Z</time></trkpt>
<trkpt lat="30.67703971515755" lon="104.1059287776066"><ele>498.1971740722656</ele><time>2024-09-18T13:40:04.000Z</time></trkpt>
<trkpt lat="30.67687580467301" lon="104.1059647949044"><ele>498.5022888183594</ele><time>2024-09-18T13:40:06.000Z</time></trkpt>
<trkpt lat="30.67672888744223" lon="104.1060028120242"><ele>498.7636413574219</ele><time>2024-09-18T13:40:08.000Z</time></trkpt>
<trkpt lat="30.67659896479811" lon="104.1060458298016"><ele>498.9791564941406</ele><time>2024-09-18T13:40:10.000Z</time></trkpt>
<trkpt lat="30.67648004035442" lon="104.1060958490978"><ele>499.2761840820312</ele><time>2024-09-18T13:40:12.000Z</time></trkpt>
<trkpt lat="30.67637211948315" lon="104.1061648733248"><ele>499.4213256835938</ele><time>2024-09-18T13:40:14.000Z</time></trkpt>
<trkpt lat="30.67625420552939" lon="104.1062388996543"><ele>499.05908203125</ele><time>2024-09-18T13:40:16.000Z</time></trkpt>
<trkpt lat="30.67610530752708" lon="104.106316928819"><ele>499.4886474609375</ele><time>2024-09-18T13:40:18.000Z</time></trkpt>
<trkpt lat="30.67594240472392" lon="104.1063699516462"><ele>499.0497436523438</ele><time>2024-09-18T13:40:20.000Z</time></trkpt>
<trkpt lat="30.67578349885255" lon="104.1064199735421"><ele>498.5064392089844</ele><time>2024-09-18T13:40:22.000Z</time></trkpt>
<trkpt lat="30.67563758585321" lon="104.1064669940706"><ele>498.470947265625</ele><time>2024-09-18T13:40:24.000Z</time></trkpt>
<trkpt lat="30.67548867977654" lon="104.1065260184049"><ele>499.5303344726562</ele><time>2024-09-18T13:40:26.000Z</time></trkpt>
<trkpt lat="30.67533677563169" lon="104.1065860433393"><ele>499.5935363769531</ele><time>2024-09-18T13:40:28.000Z</time></trkpt>
<trkpt lat="30.67518086877484" lon="104.1066360655987"><ele>499.3554382324219</ele><time>2024-09-18T13:40:30.000Z</time></trkpt>
<trkpt lat="30.67502596387824" lon="104.1066910894523"><ele>493.4210205078125</ele><time>2024-09-18T13:40:32.000Z</time></trkpt>
<trkpt lat="30.67486905998215" lon="104.1067461135385"><ele>492.8870544433594</ele><time>2024-09-18T13:40:34.000Z</time></trkpt>
<trkpt lat="30.67472815512728" lon="104.1068141410622"><ele>491.1369323730469</ele><time>2024-09-18T13:40:36.000Z</time></trkpt>
<trkpt lat="30.67459024815254" lon="104.1068801680342"><ele>490.4266357421875</ele><time>2024-09-18T13:40:38.000Z</time></trkpt>
<trkpt lat="30.67445933106726" lon="104.1069311901381"><ele>490.8890075683594</ele><time>2024-09-18T13:40:40.000Z</time></trkpt>
<trkpt lat="30.67433340467659" lon="104.1069672073598"><ele>492.1501159667969</ele><time>2024-09-18T13:40:42.000Z</time></trkpt>
<trkpt lat="30.67422146392868" lon="104.1069862185717"><ele>492.3895263671875</ele><time>2024-09-18T13:40:44.000Z</time></trkpt>
<trkpt lat="30.67411952014064" lon="104.1070082302979"><ele>492.0406799316406</ele><time>2024-09-18T13:40:46.000Z</time></trkpt>
<trkpt lat="30.67402457418724" lon="104.1070322423652"><ele>491.3855590820312</ele><time>2024-09-18T13:40:48.000Z</time></trkpt>
<trkpt lat="30.67393862950632" lon="104.1070672575877"><ele>491.4935607910156</ele><time>2024-09-18T13:40:50.000Z</time></trkpt>
<trkpt lat="30.67388867164428" lon="104.1071082731516"><ele>489.8974609375</ele><time>2024-09-18T13:40:54.000Z</time></trkpt>
<trkpt lat="30.67384872294383" lon="104.1071772974839"><ele>489.6856079101562</ele><time>2024-09-18T13:41:32.000Z</time></trkpt>
<trkpt lat="30.67386175119412" lon="104.1072473199225"><ele>489.6856079101562</ele><time>2024-09-18T13:42:02.000Z</time></trkpt>
<trkpt lat="30.67383276906182" lon="104.1072573245696"><ele>489.6856079101562</ele><time>2024-09-18T13:42:20.000Z</time></trkpt>
<trkpt lat="30.67380277712141" lon="104.1072463223128"><ele>489.6856079101562</ele><time>2024-09-18T13:42:22.000Z</time></trkpt>
<trkpt lat="30.67377078071868" lon="104.1072243165247"><ele>486.890869140625</ele><time>2024-09-18T13:42:24.000Z</time></trkpt>
<trkpt lat="30.67372280220577" lon="104.1072243187385"><ele>486.1489562988281</ele><time>2024-09-18T13:42:26.000Z</time></trkpt>
<trkpt lat="30.67366684434894" lon="104.107259332888"><ele>486.0776977539062</ele><time>2024-09-18T13:42:28.000Z</time></trkpt>
<trkpt lat="30.67359590355214" lon="104.1073153547869"><ele>485.9271545410156</ele><time>2024-09-18T13:42:30.000Z</time></trkpt>
<trkpt lat="30.67351196475109" lon="104.1073633747399"><ele>485.5450744628906</ele><time>2024-09-18T13:42:32.000Z</time></trkpt>
<trkpt lat="30.67340702702675" lon="104.1073943900233"><ele>486.1929626464844</ele><time>2024-09-18T13:42:34.000Z</time></trkpt>
<trkpt lat="30.67328709306978" lon="104.1074194040098"><ele>486.9273376464844</ele><time>2024-09-18T13:42:36.000Z</time></trkpt>
<trkpt lat="30.67315716856105" lon="104.1074544218869"><ele>486.7786865234375</ele><time>2024-09-18T13:42:38.000Z</time></trkpt>
<trkpt lat="30.67303823966822" lon="104.107490439655"><ele>486.2171325683594</ele><time>2024-09-18T13:42:40.000Z</time></trkpt>
<trkpt lat="30.67293230001306" lon="104.1075164534495"><ele>489.2117004394531</ele><time>2024-09-18T13:42:42.000Z</time></trkpt>
<trkpt lat="30.67267444281188" lon="104.10757148429"><ele>489.2487182617188</ele><time>2024-09-18T13:42:44.000Z</time></trkpt>
<trkpt lat="30.67241459261538" lon="104.1076385195436"><ele>488.0279846191406</ele><time>2024-09-18T13:42:52.000Z</time></trkpt>
<trkpt lat="30.67215274343652" lon="104.1077055550958"><ele>487.7664489746094</ele><time>2024-09-18T13:42:54.000Z</time></trkpt>
<trkpt lat="30.6720557988975" lon="104.1077295680263"><ele>487.46337890625</ele><time>2024-09-18T13:42:56.000Z</time></trkpt>
<trkpt lat="30.67195684967382" lon="104.1077425771839"><ele>486.9393615722656</ele><time>2024-09-18T13:42:58.000Z</time></trkpt>
<trkpt lat="30.67184791662023" lon="104.1077785949675"><ele>485.8414611816406</ele><time>2024-09-18T13:43:00.000Z</time></trkpt>
<trkpt lat="30.67173899281503" lon="104.1078326192413"><ele>484.6766052246094</ele><time>2024-09-18T13:43:02.000Z</time></trkpt>
<trkpt lat="30.67164905704871" lon="104.1078796402528"><ele>483.937744140625</ele><time>2024-09-18T13:43:04.000Z</time></trkpt>
<trkpt lat="30.6715860923344" lon="104.1078936482001"><ele>484.2548522949219</ele><time>2024-09-18T13:43:06.000Z</time></trkpt>
<trkpt lat="30.67153211795181" lon="104.1078966517719"><ele>484.3502807617188</ele><time>2024-09-18T13:43:08.000Z</time></trkpt>
<trkpt lat="30.67145717302432" lon="104.1079386704165"><ele>484.4317932128906</ele><time>2024-09-18T13:43:10.000Z</time></trkpt>
<trkpt lat="30.67135525522848" lon="104.1080097009758"><ele>485.1184997558594</ele><time>2024-09-18T13:43:12.000Z</time></trkpt>
<trkpt lat="30.67123134899481" lon="104.1080837338879"><ele>486.3645324707031</ele><time>2024-09-18T13:43:14.000Z</time></trkpt>
<trkpt lat="30.67110542708341" lon="104.1081257552443"><ele>487.4601745605469</ele><time>2024-09-18T13:43:16.000Z</time></trkpt>
<trkpt lat="30.67097949630543" lon="104.1081507703465"><ele>487.892578125</ele><time>2024-09-18T13:43:18.000Z</time></trkpt>
<trkpt lat="30.67084857670681" lon="104.1081927920622"><ele>487.4922790527344</ele><time>2024-09-18T13:43:20.000Z</time></trkpt>
<trkpt lat="30.67071067402195" lon="104.1082608239753"><ele>486.7654113769531</ele><time>2024-09-18T13:43:22.000Z</time></trkpt>
<trkpt lat="30.6705767835665" lon="104.1083548658211"><ele>488.3940124511719</ele><time>2024-09-18T13:43:24.000Z</time></trkpt>
<trkpt lat="30.67044389193272" lon="104.1084469072528"><ele>490.6957092285156</ele><time>2024-09-18T13:43:26.000Z</time></trkpt>
<trkpt lat="30.67031099576349" lon="104.1085299455629"><ele>491.5675048828125</ele><time>2024-09-18T13:43:28.000Z</time></trkpt>
<trkpt lat="30.67017309502118" lon="104.108599979308"><ele>492.6360168457031</ele><time>2024-09-18T13:43:30.000Z</time></trkpt>
<trkpt lat="30.67004118961043" lon="104.1086660114162"><ele>493.4608154296875</ele><time>2024-09-18T13:43:32.000Z</time></trkpt>
<trkpt lat="30.66992127573928" lon="104.1087260407777"><ele>494.0905456542969</ele><time>2024-09-18T13:43:34.000Z</time></trkpt>
<trkpt lat="30.669804358467" lon="104.1087820685601"><ele>494.4576416015625</ele><time>2024-09-18T13:43:36.000Z</time></trkpt>
<trkpt lat="30.66968843865606" lon="104.1088340948251"><ele>493.2752685546875</ele><time>2024-09-18T13:43:38.000Z</time></trkpt>
<trkpt lat="30.66956552038891" lon="104.1088831203186"><ele>491.7256774902344</ele><time>2024-09-18T13:43:40.000Z</time></trkpt>
<trkpt lat="30.66944460298479" lon="104.1089351470528"><ele>491.4605102539062</ele><time>2024-09-18T13:43:42.000Z</time></trkpt>
<trkpt lat="30.66932169047194" lon="104.1089941768757"><ele>491.1739501953125</ele><time>2024-09-18T13:43:44.000Z</time></trkpt>
<trkpt lat="30.66919977764142" lon="104.1090532068106"><ele>490.8035888671875</ele><time>2024-09-18T13:43:46.000Z</time></trkpt>
<trkpt lat="30.66907986010906" lon="104.1091052339"><ele>490.7934265136719</ele><time>2024-09-18T13:43:48.000Z</time></trkpt>
<trkpt lat="30.66896293174417" lon="104.1091402538727"><ele>490.7849731445312</ele><time>2024-09-18T13:43:50.000Z</time></trkpt>
<trkpt lat="30.66884500159804" lon="104.1091712722718"><ele>490.2355346679688</ele><time>2024-09-18T13:43:52.000Z</time></trkpt>
<trkpt lat="30.66872407620959" lon="104.1092082933743"><ele>489.1591796875</ele><time>2024-09-18T13:43:54.000Z</time></trkpt>
<trkpt lat="30.66860015901689" lon="104.1092573197453"><ele>487.9292297363281</ele><time>2024-09-18T13:43:56.000Z</time></trkpt>
<trkpt lat="30.66847824501702" lon="104.1093133491077"><ele>487.1033020019531</ele><time>2024-09-18T13:43:58.000Z</time></trkpt>
<trkpt lat="30.66836232732397" lon="104.1093673774801"><ele>487.114501953125</ele><time>2024-09-18T13:44:00.000Z</time></trkpt>
<trkpt lat="30.66825840441895" lon="104.1094214054311"><ele>486.9302368164062</ele><time>2024-09-18T13:44:02.000Z</time></trkpt>
<trkpt lat="30.66817147524531" lon="104.1094774335952"><ele>487.3289489746094</ele><time>2024-09-18T13:44:04.000Z</time></trkpt>
<trkpt lat="30.66807654509564" lon="104.1095254587904"><ele>487.8801879882812</ele><time>2024-09-18T13:44:06.000Z</time></trkpt>
<trkpt lat="30.66795861765931" lon="104.1095604794742"><ele>489.4229736328125</ele><time>2024-09-18T13:44:08.000Z</time></trkpt>
<trkpt lat="30.66782269240737" lon="104.1095854966663"><ele>489.4946899414062</ele><time>2024-09-18T13:44:10.000Z</time></trkpt>
<trkpt lat="30.66766777324207" lon="104.1096065130085"><ele>489.2315063476562</ele><time>2024-09-18T13:44:12.000Z</time></trkpt>
<trkpt lat="30.66750586125688" lon="104.1096345327698"><ele>488.0198364257812</ele><time>2024-09-18T13:44:14.000Z</time></trkpt>
<trkpt lat="30.66733196278118" lon="104.109676559297"><ele>487.7279968261719</ele><time>2024-09-18T13:44:16.000Z</time></trkpt>
<trkpt lat="30.66717306476679" lon="104.1097305905367"><ele>487.8179016113281</ele><time>2024-09-18T13:44:18.000Z</time></trkpt>
<trkpt lat="30.66702316758806" lon="104.1097926250656"><ele>488.0097961425781</ele><time>2024-09-18T13:44:20.000Z</time></trkpt>
<trkpt lat="30.6668812681926" lon="104.1098566602981"><ele>488.333251953125</ele><time>2024-09-18T13:44:22.000Z</time></trkpt>
<trkpt lat="30.66675236438949" lon="104.1099226960207"><ele>488.6244201660156</ele><time>2024-09-18T13:44:24.000Z</time></trkpt>
<trkpt lat="30.66662845973195" lon="104.10999073262"><ele>488.6746826171875</ele><time>2024-09-18T13:44:26.000Z</time></trkpt>
<trkpt lat="30.6665005534074" lon="104.1100527668599"><ele>488.8465270996094</ele><time>2024-09-18T13:44:28.000Z</time></trkpt>
<trkpt lat="30.6663676506338" lon="104.1101168024255"><ele>488.8947143554688</ele><time>2024-09-18T13:44:30.000Z</time></trkpt>
<trkpt lat="30.66623874442537" lon="104.110177836598"><ele>488.912109375</ele><time>2024-09-18T13:44:32.000Z</time></trkpt>
<trkpt lat="30.66611783360432" lon="104.1102368696351"><ele>488.9686889648438</ele><time>2024-09-18T13:44:34.000Z</time></trkpt>
<trkpt lat="30.66599391935306" lon="104.1102878992129"><ele>489.1361389160156</ele><time>2024-09-18T13:44:36.000Z</time></trkpt>
<trkpt lat="30.66587100413856" lon="104.1103379283898"><ele>489.0103759765625</ele><time>2024-09-18T13:44:38.000Z</time></trkpt>
<trkpt lat="30.66574508971892" lon="104.1103869573435"><ele>488.9654846191406</ele><time>2024-09-18T13:44:40.000Z</time></trkpt>
<trkpt lat="30.66562017493949" lon="104.1104359863585"><ele>488.9307556152344</ele><time>2024-09-18T13:44:42.000Z</time></trkpt>
<trkpt lat="30.66549125644913" lon="104.1104760113665"><ele>488.6656799316406</ele><time>2024-09-18T13:44:44.000Z</time></trkpt>
<trkpt lat="30.66536233677042" lon="104.1105140354876"><ele>489.7691345214844</ele><time>2024-09-18T13:44:46.000Z</time></trkpt>
<trkpt lat="30.66522741853733" lon="104.1105500589882"><ele>489.9025573730469</ele><time>2024-09-18T13:44:48.000Z</time></trkpt>
<trkpt lat="30.66508450697003" lon="104.1105910853278"><ele>489.7525634765625</ele><time>2024-09-18T13:44:50.000Z</time></trkpt>
<trkpt lat="30.66493959944827" lon="104.1106371142572"><ele>489.236572265625</ele><time>2024-09-18T13:44:52.000Z</time></trkpt>
<trkpt lat="30.66479970042476" lon="104.1107001513305"><ele>489.3684387207031</ele><time>2024-09-18T13:44:54.000Z</time></trkpt>
<trkpt lat="30.66467680097383" lon="104.1107741931928"><ele>489.4659729003906</ele><time>2024-09-18T13:44:56.000Z</time></trkpt>
<trkpt lat="30.6645568997733" lon="104.1108472346668"><ele>489.6057739257812</ele><time>2024-09-18T13:44:58.000Z</time></trkpt>
<trkpt lat="30.66443699052455" lon="104.1109072699177"><ele>489.7420654296875</ele><time>2024-09-18T13:45:00.000Z</time></trkpt>
<trkpt lat="30.66431407699851" lon="104.1109583009749"><ele>489.6541137695312</ele><time>2024-09-18T13:45:02.000Z</time></trkpt>
<trkpt lat="30.66419215865713" lon="104.1110023285944"><ele>489.6718444824219</ele><time>2024-09-18T13:45:04.000Z</time></trkpt>
<trkpt lat="30.66407123482542" lon="104.1110383522324"><ele>488.9618530273438</ele><time>2024-09-18T13:45:06.000Z</time></trkpt>
<trkpt lat="30.6639553126785" lon="104.1110803787228"><ele>488.5888061523438</ele><time>2024-09-18T13:45:08.000Z</time></trkpt>
<trkpt lat="30.66384539759293" lon="104.1111374126135"><ele>486.6074523925781</ele><time>2024-09-18T13:45:10.000Z</time></trkpt>
<trkpt lat="30.66374249310647" lon="104.1112154570334"><ele>485.0076599121094</ele><time>2024-09-18T13:45:12.000Z</time></trkpt>
<trkpt lat="30.66363858863847" lon="104.1112925012556"><ele>483.2923889160156</ele><time>2024-09-18T13:45:14.000Z</time></trkpt>
<trkpt lat="30.66353567743537" lon="104.1113595405248"><ele>482.3280944824219</ele><time>2024-09-18T13:45:16.000Z</time></trkpt>
<trkpt lat="30.66342176403273" lon="104.1114155747858"><ele>481.4120788574219</ele><time>2024-09-18T13:45:18.000Z</time></trkpt>
<trkpt lat="30.6633028562157" lon="104.111476612025"><ele>479.9892883300781</ele><time>2024-09-18T13:45:20.000Z</time></trkpt>
<trkpt lat="30.66318095577596" lon="104.1115466542904"><ele>478.9139709472656</ele><time>2024-09-18T13:45:22.000Z</time></trkpt>
<trkpt lat="30.66305305020953" lon="104.1116046907147"><ele>478.2237243652344</ele><time>2024-09-18T13:45:24.000Z</time></trkpt>
<trkpt lat="30.6629181352323" lon="104.1116437175455"><ele>478.8196716308594</ele><time>2024-09-18T13:45:26.000Z</time></trkpt>
<trkpt lat="30.66277721496194" lon="104.1116707383509"><ele>480.1121215820312</ele><time>2024-09-18T13:45:28.000Z</time></trkpt>
<trkpt lat="30.66264229872258" lon="104.1117077642309"><ele>480.5394897460938</ele><time>2024-09-18T13:45:30.000Z</time></trkpt>
<trkpt lat="30.6625133852255" lon="104.1117527941662"><ele>480.548583984375</ele><time>2024-09-18T13:45:32.000Z</time></trkpt>
<trkpt lat="30.6623894689338" lon="104.1117968234243"><ele>480.0198974609375</ele><time>2024-09-18T13:45:34.000Z</time></trkpt>
<trkpt lat="30.66225755687811" lon="104.1118418536743"><ele>480.0953063964844</ele><time>2024-09-18T13:45:36.000Z</time></trkpt>
<trkpt lat="30.6621286469333" lon="104.1118918865759"><ele>479.5146789550781</ele><time>2024-09-18T13:45:38.000Z</time></trkpt>
<trkpt lat="30.66200073798186" lon="104.1119439206265"><ele>479.7212524414062</ele><time>2024-09-18T13:45:40.000Z</time></trkpt>
<trkpt lat="30.66187782828555" lon="104.1119979556552"><ele>479.619384765625</ele><time>2024-09-18T13:45:42.000Z</time></trkpt>
<trkpt lat="30.66174891520982" lon="104.1120429861649"><ele>479.1445922851562</ele><time>2024-09-18T13:45:44.000Z</time></trkpt>
<trkpt lat="30.66161899923686" lon="104.112083014066"><ele>478.9046630859375</ele><time>2024-09-18T13:45:46.000Z</time></trkpt>
<trkpt lat="30.6614870753336" lon="104.112110034978"><ele>478.8038940429688</ele><time>2024-09-18T13:45:48.000Z</time></trkpt>
<trkpt lat="30.66134814428223" lon="104.1121220479844"><ele>478.6209716796875</ele><time>2024-09-18T13:45:50.000Z</time></trkpt>
<trkpt lat="30.66120321039057" lon="104.112126056868"><ele>478.71484375</ele><time>2024-09-18T13:45:52.000Z</time></trkpt>
<trkpt lat="30.66105627054268" lon="104.1121200603395"><ele>477.6942443847656</ele><time>2024-09-18T13:45:54.000Z</time></trkpt>
<trkpt lat="30.6609193249479" lon="104.1121120622519"><ele>476.7619323730469</ele><time>2024-09-18T13:45:56.000Z</time></trkpt>
<trkpt lat="30.6607843764249" lon="104.1121010624264"><ele>475.712890625</ele><time>2024-09-18T13:45:58.000Z</time></trkpt>
<trkpt lat="30.66065242386183" lon="104.1120860602726"><ele>476.3209838867188</ele><time>2024-09-18T13:46:00.000Z</time></trkpt>
<trkpt lat="30.6605174766778" lon="104.1120770615564"><ele>477.3800048828125</ele><time>2024-09-18T13:46:02.000Z</time></trkpt>
<trkpt lat="30.66038753409216" lon="104.1120780680952"><ele>477.1846923828125</ele><time>2024-09-18T13:46:04.000Z</time></trkpt>
<trkpt lat="30.66025759624953" lon="104.1120860784742"><ele>477.0275268554688</ele><time>2024-09-18T13:46:06.000Z</time></trkpt>
<trkpt lat="30.66012265037877" lon="104.1120790808547"><ele>476.7846984863281</ele><time>2024-09-18T13:46:08.000Z</time></trkpt>
<trkpt lat="30.65998070143494" lon="104.1120630786284"><ele>476.78173828125</ele><time>2024-09-18T13:46:10.000Z</time></trkpt>
<trkpt lat="30.65983375534148" lon="104.1120480771907"><ele>476.7527160644531</ele><time>2024-09-18T13:46:12.000Z</time></trkpt>
<trkpt lat="30.65968681669546" lon="104.1120440817763"><ele>477.7206420898438</ele><time>2024-09-18T13:46:14.000Z</time></trkpt>
<trkpt lat="30.65954688108554" lon="104.1120490909624"><ele>477.47607421875</ele><time>2024-09-18T13:46:16.000Z</time></trkpt>
<trkpt lat="30.65940694885293" lon="104.112059102887"><ele>477.5780944824219</ele><time>2024-09-18T13:46:18.000Z</time></trkpt>
<trkpt lat="30.65925902552475" lon="104.11207711957"><ele>477.5591735839844</ele><time>2024-09-18T13:46:20.000Z</time></trkpt>
<trkpt lat="30.6591051007219" lon="104.1120891332495"><ele>476.9981689453125</ele><time>2024-09-18T13:46:22.000Z</time></trkpt>
<trkpt lat="30.65895417255796" lon="104.112098145149"><ele>476.8508911132812</ele><time>2024-09-18T13:46:24.000Z</time></trkpt>
<trkpt lat="30.65881523507462" lon="104.1121011532017"><ele>476.8377685546875</ele><time>2024-09-18T13:46:26.000Z</time></trkpt>
<trkpt lat="30.65867929831192" lon="104.1121071627655"><ele>477.4898071289062</ele><time>2024-09-18T13:46:28.000Z</time></trkpt>
<trkpt lat="30.65854036420077" lon="104.112115173569"><ele>477.9907836914062</ele><time>2024-09-18T13:46:30.000Z</time></trkpt>
<trkpt lat="30.65840142939432" lon="104.1121221838249"><ele>478.2102966308594</ele><time>2024-09-18T13:46:32.000Z</time></trkpt>
<trkpt lat="30.65825849290463" lon="104.1121241915146"><ele>478.5773315429688</ele><time>2024-09-18T13:46:34.000Z</time></trkpt>
<trkpt lat="30.65811955261606" lon="104.1121231973687"><ele>478.9918518066406</ele><time>2024-09-18T13:46:36.000Z</time></trkpt>
<trkpt lat="30.65797561107707" lon="104.1121172007022"><ele>479.277099609375</ele><time>2024-09-18T13:46:38.000Z</time></trkpt>
<trkpt lat="30.65783566982732" lon="104.1121142055026"><ele>479.3555297851562</ele><time>2024-09-18T13:46:40.000Z</time></trkpt>
<trkpt lat="30.65769473035666" lon="104.1121132114493"><ele>479.54833984375</ele><time>2024-09-18T13:46:42.000Z</time></trkpt>
<trkpt lat="30.65755279198365" lon="104.1121132179919"><ele>479.8996887207031</ele><time>2024-09-18T13:46:44.000Z</time></trkpt>
<trkpt lat="30.657410854955" lon="104.1121152256345"><ele>480.5721130371094</ele><time>2024-09-18T13:46:46.000Z</time></trkpt>
<trkpt lat="30.65727291685536" lon="104.112118233643"><ele>480.78564453125</ele><time>2024-09-18T13:46:48.000Z</time></trkpt>
<trkpt lat="30.65714297458996" lon="104.1121202407331"><ele>480.9583435058594</ele><time>2024-09-18T13:46:50.000Z</time></trkpt>
<trkpt lat="30.6570170230858" lon="104.112111241588"><ele>481.2585754394531</ele><time>2024-09-18T13:46:52.000Z</time></trkpt>
<trkpt lat="30.65689206365576" lon="104.1120912363591"><ele>481.5093078613281</ele><time>2024-09-18T13:46:54.000Z</time></trkpt>
<trkpt lat="30.65677309755369" lon="104.1120652275836"><ele>481.10791015625</ele><time>2024-09-18T13:46:56.000Z</time></trkpt>
<trkpt lat="30.65668012427158" lon="104.1120452209208"><ele>481.2416381835938</ele><time>2024-09-18T13:46:58.000Z</time></trkpt>
<trkpt lat="30.65661615674157" lon="104.1120522276992"><ele>481.5394592285156</ele><time>2024-09-18T13:47:00.000Z</time></trkpt>
<trkpt lat="30.65656319055624" lon="104.1120682389028"><ele>482.1351318359375</ele><time>2024-09-18T13:47:02.000Z</time></trkpt>
<trkpt lat="30.65649122581082" lon="104.1120742455086"><ele>482.1974792480469</ele><time>2024-09-18T13:47:04.000Z</time></trkpt>
<trkpt lat="30.65639725496785" lon="104.1120572405261"><ele>482.5809631347656</ele><time>2024-09-18T13:47:06.000Z</time></trkpt>
<trkpt lat="30.65622232122094" lon="104.1120432409286"><ele>488.7072448730469</ele><time>2024-09-18T13:47:08.000Z</time></trkpt>
<trkpt lat="30.65604539781021" lon="104.1120432490835"><ele>482.9867553710938</ele><time>2024-09-18T13:47:14.000Z</time></trkpt>
<trkpt lat="30.65585848276653" lon="104.1120492609809"><ele>483.1321716308594</ele><time>2024-09-18T13:47:16.000Z</time></trkpt>
<trkpt lat="30.65572453935311" lon="104.1120472660605"><ele>483.4513244628906</ele><time>2024-09-18T13:47:18.000Z</time></trkpt>
<trkpt lat="30.65557659316238" lon="104.1120322646786"><ele>483.60498046875</ele><time>2024-09-18T13:47:20.000Z</time></trkpt>
<trkpt lat="30.65542764807063" lon="104.1120182638985"><ele>483.9537963867188</ele><time>2024-09-18T13:47:22.000Z</time></trkpt>
<trkpt lat="30.65528770584749" lon="104.1120142681659"><ele>483.948486328125</ele><time>2024-09-18T13:47:24.000Z</time></trkpt>
<trkpt lat="30.65515376981902" lon="104.1120232792514"><ele>483.8661193847656</ele><time>2024-09-18T13:47:26.000Z</time></trkpt>
<trkpt lat="30.65501083630852" lon="104.1120302896624"><ele>483.8050842285156</ele><time>2024-09-18T13:47:28.000Z</time></trkpt>
<trkpt lat="30.65486689304996" lon="104.1120222919278"><ele>483.7396545410156</ele><time>2024-09-18T13:47:30.000Z</time></trkpt>
<trkpt lat="30.65472594036033" lon="104.1120022875141"><ele>483.8694763183594</ele><time>2024-09-18T13:47:32.000Z</time></trkpt>
<trkpt lat="30.6545919772184" lon="104.1119712768123"><ele>483.9058837890625</ele><time>2024-09-18T13:47:34.000Z</time></trkpt>
<trkpt lat="30.65444802110746" lon="104.1119442687831"><ele>483.4488220214844</ele><time>2024-09-18T13:47:36.000Z</time></trkpt>
<trkpt lat="30.6542920762409" lon="104.1119262662124"><ele>482.8462524414062</ele><time>2024-09-18T13:47:38.000Z</time></trkpt>
<trkpt lat="30.65414113392208" lon="104.1119152672129"><ele>482.6278076171875</ele><time>2024-09-18T13:47:40.000Z</time></trkpt>
<trkpt lat="30.6540081824873" lon="104.1119022663082"><ele>483.2099304199219</ele><time>2024-09-18T13:47:42.000Z</time></trkpt>
<trkpt lat="30.65391121150385" lon="104.1118832605127"><ele>483.3664245605469</ele><time>2024-09-18T13:47:44.000Z</time></trkpt>
<trkpt lat="30.65384622674339" lon="104.111864253259"><ele>483.8807067871094</ele><time>2024-09-18T13:47:46.000Z</time></trkpt>
<trkpt lat="30.65381224004531" lon="104.1118622537475"><ele>484.6236877441406</ele><time>2024-09-18T13:47:48.000Z</time></trkpt>
<trkpt lat="30.65376226359261" lon="104.1118652576678"><ele>485.9480590820312</ele><time>2024-09-18T13:48:30.000Z</time></trkpt>
<trkpt lat="30.65371125204197" lon="104.111815233122"><ele>493.5276794433594</ele><time>2024-09-18T13:49:42.000Z</time></trkpt>
<trkpt lat="30.65365126383048" lon="104.111794224623"><ele>495.1899108886719</ele><time>2024-09-18T13:49:48.000Z</time></trkpt>
<trkpt lat="30.65359627281278" lon="104.1117722153782"><ele>493.9675903320312</ele><time>2024-09-18T13:49:50.000Z</time></trkpt>
<trkpt lat="30.65354228071401" lon="104.1117492055747"><ele>490.8858642578125</ele><time>2024-09-18T13:49:52.000Z</time></trkpt>
<trkpt lat="30.65348828730162" lon="104.1117241947289"><ele>486.2460327148438</ele><time>2024-09-18T13:49:54.000Z</time></trkpt>
<trkpt lat="30.65343329367655" lon="104.1116981834251"><ele>485.8414611816406</ele><time>2024-09-18T13:49:56.000Z</time></trkpt>
<trkpt lat="30.65337930230005" lon="104.1116761742274"><ele>488.7468566894531</ele><time>2024-09-18T13:49:58.000Z</time></trkpt>
<trkpt lat="30.65331630950912" lon="104.1116461612295"><ele>488.3635864257812</ele><time>2024-09-18T13:50:00.000Z</time></trkpt>
<trkpt lat="30.65325431102818" lon="104.1116081440025"><ele>487.9549560546875</ele><time>2024-09-18T13:50:02.000Z</time></trkpt>
<trkpt lat="30.65316031383581" lon="104.1115511183278"><ele>485.7478637695312</ele><time>2024-09-18T13:50:06.000Z</time></trkpt>
<trkpt lat="30.6530343331508" lon="104.1114980963619"><ele>484.5823669433594</ele><time>2024-09-18T13:50:08.000Z</time></trkpt>
<trkpt lat="30.65287836480331" lon="104.1114440753819"><ele>483.5994873046875</ele><time>2024-09-18T13:50:10.000Z</time></trkpt>
<trkpt lat="30.65273538769789" lon="104.1113850513425"><ele>482.2654113769531</ele><time>2024-09-18T13:50:12.000Z</time></trkpt>
<trkpt lat="30.65261639064875" lon="104.1113110186289"><ele>481.2230529785156</ele><time>2024-09-18T13:50:14.000Z</time></trkpt>
<trkpt lat="30.65250138884883" lon="104.1112319834181"><ele>480.3084716796875</ele><time>2024-09-18T13:50:16.000Z</time></trkpt>
<trkpt lat="30.65238838899637" lon="104.1111569504225"><ele>480.2637634277344</ele><time>2024-09-18T13:50:18.000Z</time></trkpt>
<trkpt lat="30.65228338848081" lon="104.111085919326"><ele>480.157958984375</ele><time>2024-09-18T13:50:20.000Z</time></trkpt>
<trkpt lat="30.65218638599469" lon="104.1110168890877"><ele>479.7632141113281</ele><time>2024-09-18T13:50:22.000Z</time></trkpt>
<trkpt lat="30.65209238176337" lon="104.1109468584247"><ele>479.2757873535156</ele><time>2024-09-18T13:50:24.000Z</time></trkpt>
<trkpt lat="30.65199238472096" lon="104.1108838317239"><ele>479.3147888183594</ele><time>2024-09-18T13:50:26.000Z</time></trkpt>
<trkpt lat="30.65190039196247" lon="104.1108328107474"><ele>479.5797119140625</ele><time>2024-09-18T13:50:28.000Z</time></trkpt>
<trkpt lat="30.65181940339019" lon="104.1107957962584"><ele>479.0504760742188</ele><time>2024-09-18T13:50:30.000Z</time></trkpt>
<trkpt lat="30.65174841748865" lon="104.1107697867622"><ele>478.35546875</ele><time>2024-09-18T13:50:32.000Z</time></trkpt>
<trkpt lat="30.65167443728948" lon="104.1107507808606"><ele>476.4206848144531</ele><time>2024-09-18T13:50:34.000Z</time></trkpt>
<trkpt lat="30.65159446092653" lon="104.1107337762292"><ele>475.0743103027344</ele><time>2024-09-18T13:50:36.000Z</time></trkpt>
<trkpt lat="30.65143549778123" lon="104.1106837591672"><ele>474.6360473632812</ele><time>2024-09-18T13:50:38.000Z</time></trkpt>
<trkpt lat="30.65126253012155" lon="104.1106167346334"><ele>472.2045288085938</ele><time>2024-09-18T13:50:44.000Z</time></trkpt>
<trkpt lat="30.6510875442697" lon="104.1105186955138"><ele>471.417236328125</ele><time>2024-09-18T13:50:46.000Z</time></trkpt>
<trkpt lat="30.6509815378343" lon="104.1104346602974"><ele>470.4895324707031</ele><time>2024-09-18T13:50:48.000Z</time></trkpt>
<trkpt lat="30.65087752346789" lon="104.1103386196469"><ele>469.4693603515625</ele><time>2024-09-18T13:50:50.000Z</time></trkpt>
<trkpt lat="30.65076451877951" lon="104.1102515840279"><ele>468.6845092773438</ele><time>2024-09-18T13:50:52.000Z</time></trkpt>
<trkpt lat="30.65065851501194" lon="104.1101705512069"><ele>468.6241149902344</ele><time>2024-09-18T13:50:54.000Z</time></trkpt>
<trkpt lat="30.65055751356766" lon="104.1100965216714"><ele>469.0619812011719</ele><time>2024-09-18T13:50:56.000Z</time></trkpt>
<trkpt lat="30.65046951336269" lon="104.1100334968128"><ele>468.9940490722656</ele><time>2024-09-18T13:50:58.000Z</time></trkpt>
<trkpt lat="30.65039251039437" lon="104.1099734729901"><ele>468.4371643066406</ele><time>2024-09-18T13:51:00.000Z</time></trkpt>
<trkpt lat="30.65033250743411" lon="104.1099254539747"><ele>467.9100646972656</ele><time>2024-09-18T13:51:02.000Z</time></trkpt>
<trkpt lat="30.65025650606415" lon="104.1098684317475"><ele>466.8011779785156</ele><time>2024-09-18T13:51:08.000Z</time></trkpt>
<trkpt lat="30.65016051218657" lon="104.109809409693"><ele>466.0084533691406</ele><time>2024-09-18T13:51:12.000Z</time></trkpt>
<trkpt lat="30.65004452228112" lon="104.1097423851598"><ele>465.2402648925781</ele><time>2024-09-18T13:51:14.000Z</time></trkpt>
<trkpt lat="30.64993453876392" lon="104.1096903671787"><ele>464.9863891601562</ele><time>2024-09-18T13:51:16.000Z</time></trkpt>
<trkpt lat="30.6498205582202" lon="104.1096403503834"><ele>464.6727905273438</ele><time>2024-09-18T13:51:18.000Z</time></trkpt>
<trkpt lat="30.64971057023697" lon="104.1095803291432"><ele>464.4420166015625</ele><time>2024-09-18T13:51:20.000Z</time></trkpt>
<trkpt lat="30.64960357357737" lon="104.1095073022838"><ele>464.8448486328125</ele><time>2024-09-18T13:51:22.000Z</time></trkpt>
<trkpt lat="30.64949856878229" lon="104.1094212699802"><ele>465.1338195800781</ele><time>2024-09-18T13:51:24.000Z</time></trkpt>
<trkpt lat="30.64939157027424" lon="104.1093442419393"><ele>466.044189453125</ele><time>2024-09-18T13:51:26.000Z</time></trkpt>
<trkpt lat="30.64928357754345" lon="104.1092762180213"><ele>466.3041381835938</ele><time>2024-09-18T13:51:28.000Z</time></trkpt>
<trkpt lat="30.64917359151066" lon="104.1092181986101"><ele>466.1611938476562</ele><time>2024-09-18T13:51:30.000Z</time></trkpt>
<trkpt lat="30.64906360503624" lon="104.1091591789331"><ele>465.6654968261719</ele><time>2024-09-18T13:51:32.000Z</time></trkpt>
<trkpt lat="30.64895461545094" lon="104.1090951572915"><ele>465.4101867675781</ele><time>2024-09-18T13:51:34.000Z</time></trkpt>
<trkpt lat="30.64884362575161" lon="104.1090291351035"><ele>465.4656677246094</ele><time>2024-09-18T13:51:36.000Z</time></trkpt>
<trkpt lat="30.64873063873931" lon="104.1089661144331"><ele>465.8493957519531</ele><time>2024-09-18T13:51:38.000Z</time></trkpt>
<trkpt lat="30.64861865477717" lon="104.1089090963363"><ele>466.270263671875</ele><time>2024-09-18T13:51:40.000Z</time></trkpt>
<trkpt lat="30.64850966910287" lon="104.108851077845"><ele>466.7616577148438</ele><time>2024-09-18T13:51:42.000Z</time></trkpt>
<trkpt lat="30.64840067860111" lon="104.1087840558954"><ele>466.9261169433594</ele><time>2024-09-18T13:51:44.000Z</time></trkpt>
<trkpt lat="30.64828768833017" lon="104.1087140331407"><ele>466.8419189453125</ele><time>2024-09-18T13:51:46.000Z</time></trkpt>
<trkpt lat="30.6481726990956" lon="104.1086440107013"><ele>466.8102111816406</ele><time>2024-09-18T13:51:48.000Z</time></trkpt>
<trkpt lat="30.64805471565649" lon="104.1085819917566"><ele>467.6161499023438</ele><time>2024-09-18T13:51:50.000Z</time></trkpt>
<trkpt lat="30.64793872988993" lon="104.1085169717282"><ele>467.8849487304688</ele><time>2024-09-18T13:51:52.000Z</time></trkpt>
<trkpt lat="30.6478237395632" lon="104.1084439487607"><ele>467.4187622070312</ele><time>2024-09-18T13:51:54.000Z</time></trkpt>
<trkpt lat="30.64770974581332" lon="104.1083649236981"><ele>467.5336303710938</ele><time>2024-09-18T13:51:56.000Z</time></trkpt>
<trkpt lat="30.64759775092197" lon="104.1082848984502"><ele>466.7782897949219</ele><time>2024-09-18T13:51:58.000Z</time></trkpt>
<trkpt lat="30.64748775753371" lon="104.1082088749015"><ele>466.6302185058594</ele><time>2024-09-18T13:52:00.000Z</time></trkpt>
<trkpt lat="30.64738376286433" lon="104.1081348520836"><ele>466.8457946777344</ele><time>2024-09-18T13:52:02.000Z</time></trkpt>
<trkpt lat="30.64727677124379" lon="104.1080638307588"><ele>466.2809753417969</ele><time>2024-09-18T13:52:04.000Z</time></trkpt>
<trkpt lat="30.64716977308236" lon="104.1079798049252"><ele>466.6646728515625</ele><time>2024-09-18T13:52:06.000Z</time></trkpt>
<trkpt lat="30.6470567736305" lon="104.1078877768094"><ele>466.6811218261719</ele><time>2024-09-18T13:52:08.000Z</time></trkpt>
<trkpt lat="30.64694177944171" lon="104.1078037520226"><ele>466.8145141601562</ele><time>2024-09-18T13:52:10.000Z</time></trkpt>
<trkpt lat="30.64682979999575" lon="104.1077507383672"><ele>467.2249755859375</ele><time>2024-09-18T13:52:12.000Z</time></trkpt>
<trkpt lat="30.64673382906851" lon="104.1077277346651"><ele>467.3031616210938</ele><time>2024-09-18T13:52:14.000Z</time></trkpt>
<trkpt lat="30.64665986098756" lon="104.1077287384272"><ele>467.273681640625</ele><time>2024-09-18T13:52:16.000Z</time></trkpt>
<trkpt lat="30.64660089618836" lon="104.1077487482102"><ele>467.1621398925781</ele><time>2024-09-18T13:52:18.000Z</time></trkpt>
<trkpt lat="30.64652894201275" lon="104.1077787621591"><ele>466.8871765136719</ele><time>2024-09-18T13:52:20.000Z</time></trkpt>
<trkpt lat="30.64641801208161" lon="104.107823783298"><ele>467.0006408691406</ele><time>2024-09-18T13:52:22.000Z</time></trkpt>
<trkpt lat="30.64625810248973" lon="104.1078678064281"><ele>466.748046875</ele><time>2024-09-18T13:52:24.000Z</time></trkpt>
<trkpt lat="30.64606920524767" lon="104.1079118309831"><ele>466.4860534667969</ele><time>2024-09-18T13:52:26.000Z</time></trkpt>
<trkpt lat="30.64589927730257" lon="104.1079118388151"><ele>466.1333923339844</ele><time>2024-09-18T13:52:28.000Z</time></trkpt>
<trkpt lat="30.64574932799746" lon="104.1078868367104"><ele>465.9615783691406</ele><time>2024-09-18T13:52:30.000Z</time></trkpt>
<trkpt lat="30.64563834629757" lon="104.1078308217342"><ele>465.8879089355469</ele><time>2024-09-18T13:52:32.000Z</time></trkpt>
<trkpt lat="30.64555534216677" lon="104.1077537981695"><ele>465.2339477539062</ele><time>2024-09-18T13:52:34.000Z</time></trkpt>
<trkpt lat="30.64550131185216" lon="104.1076487637484"><ele>464.4279479980469</ele><time>2024-09-18T13:52:36.000Z</time></trkpt>
<trkpt lat="30.64546126406177" lon="104.1075197209403"><ele>464.1512451171875</ele><time>2024-09-18T13:52:38.000Z</time></trkpt>
<trkpt lat="30.64542421567304" lon="104.1073906787604"><ele>463.8345947265625</ele><time>2024-09-18T13:52:40.000Z</time></trkpt>
<trkpt lat="30.645388167045" lon="104.1072606369704"><ele>463.8052062988281</ele><time>2024-09-18T13:52:42.000Z</time></trkpt>
<trkpt lat="30.64534212478427" lon="104.1071335973972"><ele>463.7773742675781</ele><time>2024-09-18T13:52:44.000Z</time></trkpt>
<trkpt lat="30.64527609642663" lon="104.1070165626879"><ele>463.7225952148438</ele><time>2024-09-18T13:52:46.000Z</time></trkpt>
<trkpt lat="30.64519008657274" lon="104.1069195358332"><ele>463.8259582519531</ele><time>2024-09-18T13:52:48.000Z</time></trkpt>
<trkpt lat="30.64507709134362" lon="104.1068285125247"><ele>464.0479736328125</ele><time>2024-09-18T13:52:50.000Z</time></trkpt>
<trkpt lat="30.64495209637661" lon="104.1067264867785"><ele>465.6065063476562</ele><time>2024-09-18T13:52:52.000Z</time></trkpt>
<trkpt lat="30.6448240947643" lon="104.1066064562287"><ele>466.5150756835938</ele><time>2024-09-18T13:52:54.000Z</time></trkpt>
<trkpt lat="30.64470109526981" lon="104.1064944284816"><ele>468.3117980957031</ele><time>2024-09-18T13:52:56.000Z</time></trkpt>
<trkpt lat="30.64457510660847" lon="104.1064024072757"><ele>469.2579040527344</ele><time>2024-09-18T13:52:58.000Z</time></trkpt>
<trkpt lat="30.64444412444285" lon="104.1063193892803"><ele>470.03564453125</ele><time>2024-09-18T13:53:00.000Z</time></trkpt>
<trkpt lat="30.6443141403338" lon="104.106232370425"><ele>470.1023864746094</ele><time>2024-09-18T13:53:02.000Z</time></trkpt>
<trkpt lat="30.64418615656148" lon="104.1061473523893"><ele>469.6724853515625</ele><time>2024-09-18T13:53:04.000Z</time></trkpt>
<trkpt lat="30.64406117268375" lon="104.1060643351036"><ele>469.9167175292969</ele><time>2024-09-18T13:53:06.000Z</time></trkpt>
<trkpt lat="30.64393419253834" lon="104.1059873198633"><ele>470.7700500488281</ele><time>2024-09-18T13:53:08.000Z</time></trkpt>
<trkpt lat="30.64380920787709" lon="104.1059013023928"><ele>471.9201965332031</ele><time>2024-09-18T13:53:10.000Z</time></trkpt>
<trkpt lat="30.64368821967015" lon="104.1058102837639"><ele>473.0218200683594</ele><time>2024-09-18T13:53:12.000Z</time></trkpt>
<trkpt lat="30.64357422288156" lon="104.1057052615699"><ele>473.4152526855469</ele><time>2024-09-18T13:53:14.000Z</time></trkpt>
<trkpt lat="30.6434632231658" lon="104.1055952384843"><ele>473.7955627441406</ele><time>2024-09-18T13:53:16.000Z</time></trkpt>
<trkpt lat="30.6433522272672" lon="104.1054932179559"><ele>474.0402221679688</ele><time>2024-09-18T13:53:18.000Z</time></trkpt>
<trkpt lat="30.64323523885194" lon="104.1054022008811"><ele>473.778076171875</ele><time>2024-09-18T13:53:20.000Z</time></trkpt>
<trkpt lat="30.64311325696403" lon="104.1053211868321"><ele>474.0971984863281</ele><time>2024-09-18T13:53:22.000Z</time></trkpt>
<trkpt lat="30.64298827822151" lon="104.1052441741783"><ele>474.2063293457031</ele><time>2024-09-18T13:53:24.000Z</time></trkpt>
<trkpt lat="30.64286130135803" lon="104.1051691623627"><ele>474.8069763183594</ele><time>2024-09-18T13:53:26.000Z</time></trkpt>
<trkpt lat="30.64273332473341" lon="104.1050931506273"><ele>475.648193359375</ele><time>2024-09-18T13:53:28.000Z</time></trkpt>
<trkpt lat="30.64260634672161" lon="104.1050141384379"><ele>476.1515502929688</ele><time>2024-09-18T13:53:30.000Z</time></trkpt>
<trkpt lat="30.64248236415182" lon="104.1049261244008"><ele>476.1748046875</ele><time>2024-09-18T13:53:32.000Z</time></trkpt>
<trkpt lat="30.64236038026855" lon="104.1048361102001"><ele>476.3162536621094</ele><time>2024-09-18T13:53:34.000Z</time></trkpt>
<trkpt lat="30.64223639793401" lon="104.1047470966873"><ele>476.4711608886719</ele><time>2024-09-18T13:53:36.000Z</time></trkpt>
<trkpt lat="30.6421124166779" lon="104.1046600839676"><ele>477.1092834472656</ele><time>2024-09-18T13:53:38.000Z</time></trkpt>
<trkpt lat="30.64199043336768" lon="104.1045690706907"><ele>477.7567749023438</ele><time>2024-09-18T13:53:40.000Z</time></trkpt>
<trkpt lat="30.64186944734687" lon="104.1044710563516"><ele>478.7277526855469</ele><time>2024-09-18T13:53:42.000Z</time></trkpt>
<trkpt lat="30.64174846467422" lon="104.104381044038"><ele>479.0734558105469</ele><time>2024-09-18T13:53:44.000Z</time></trkpt>
<trkpt lat="30.64163648405084" lon="104.1043060345839"><ele>479.801025390625</ele><time>2024-09-18T13:53:46.000Z</time></trkpt>
<trkpt lat="30.64154750165047" lon="104.1042520283269"><ele>479.4423522949219</ele><time>2024-09-18T13:53:48.000Z</time></trkpt>
<trkpt lat="30.64149651540714" lon="104.104231026686"><ele>479.1386108398438</ele><time>2024-09-18T13:53:50.000Z</time></trkpt>
<trkpt lat="30.64143353894529" lon="104.1042230280736"><ele>476.8268432617188</ele><time>2024-09-18T13:55:52.000Z</time></trkpt>
<trkpt lat="30.64138854766309" lon="104.1041950248692"><ele>475.5167236328125</ele><time>2024-09-18T13:55:54.000Z</time></trkpt>
<trkpt lat="30.64133655934991" lon="104.1041670220244"><ele>474.4243469238281</ele><time>2024-09-18T13:55:56.000Z</time></trkpt>
<trkpt lat="30.64127257682414" lon="104.10414102014"><ele>473.4946899414062</ele><time>2024-09-18T13:55:58.000Z</time></trkpt>
<trkpt lat="30.6411985985191" lon="104.1041150187484"><ele>472.857177734375</ele><time>2024-09-18T13:56:00.000Z</time></trkpt>
<trkpt lat="30.64111562437163" lon="104.1040900179862"><ele>472.9168090820312</ele><time>2024-09-18T13:56:02.000Z</time></trkpt>
<trkpt lat="30.64102665204624" lon="104.1040630171669"><ele>472.5942993164062</ele><time>2024-09-18T13:56:04.000Z</time></trkpt>
<trkpt lat="30.64093968033029" lon="104.1040400170114"><ele>472.2633361816406</ele><time>2024-09-18T13:56:06.000Z</time></trkpt>
<trkpt lat="30.64086570246792" lon="104.1040150159236"><ele>471.9906921386719</ele><time>2024-09-18T13:56:08.000Z</time></trkpt>
<trkpt lat="30.64081171730426" lon="104.1039930144784"><ele>473.5294494628906</ele><time>2024-09-18T13:56:12.000Z</time></trkpt>
<trkpt lat="30.64077472114594" lon="104.1039600103269"><ele>475.1923828125</ele><time>2024-09-18T13:56:18.000Z</time></trkpt>
<trkpt lat="30.6407147105122" lon="104.1038579953172"><ele>475.6600036621094</ele><time>2024-09-18T13:56:20.000Z</time></trkpt>
<trkpt lat="30.64063268040081" lon="104.1036709677935"><ele>477.2192077636719</ele><time>2024-09-18T13:56:22.000Z</time></trkpt>
<trkpt lat="30.64049866123634" lon="104.1034469386624"><ele>477.8954772949219</ele><time>2024-09-18T13:56:24.000Z</time></trkpt>
<trkpt lat="30.64032867507076" lon="104.1032719205761"><ele>477.7212829589844</ele><time>2024-09-18T13:56:26.000Z</time></trkpt>
<trkpt lat="30.64012671850041" lon="104.10314391185"><ele>477.6097106933594</ele><time>2024-09-18T13:56:28.000Z</time></trkpt>
<trkpt lat="30.63992177137215" lon="104.1030399072192"><ele>477.5395812988281</ele><time>2024-09-18T13:56:30.000Z</time></trkpt>
<trkpt lat="30.63974081803492" lon="104.1029469034093"><ele>476.9415283203125</ele><time>2024-09-18T13:56:32.000Z</time></trkpt>
<trkpt lat="30.63958785823537" lon="104.1028699007126"><ele>476.5127868652344</ele><time>2024-09-18T13:56:34.000Z</time></trkpt>
<trkpt lat="30.63946188798472" lon="104.102794897298"><ele>476.2630920410156</ele><time>2024-09-18T13:56:36.000Z</time></trkpt>
<trkpt lat="30.63934891041631" lon="104.1027128927323"><ele>475.9718017578125</ele><time>2024-09-18T13:56:38.000Z</time></trkpt>
<trkpt lat="30.63923893484101" lon="104.1026408894857"><ele>475.7499694824219</ele><time>2024-09-18T13:56:40.000Z</time></trkpt>
<trkpt lat="30.63913596363391" lon="104.1025928888259"><ele>475.8343200683594</ele><time>2024-09-18T13:56:42.000Z</time></trkpt>
<trkpt lat="30.63904698989988" lon="104.1025558888352"><ele>475.656982421875</ele><time>2024-09-18T13:56:44.000Z</time></trkpt>
<trkpt lat="30.63895801709446" lon="104.102521889234"><ele>475.4681396484375</ele><time>2024-09-18T13:56:46.000Z</time></trkpt>
<trkpt lat="30.63888103524588" lon="104.1024738876505"><ele>475.152587890625</ele><time>2024-09-18T13:56:48.000Z</time></trkpt>
<trkpt lat="30.63882104783568" lon="104.1024308859123"><ele>474.7000732421875</ele><time>2024-09-18T13:56:50.000Z</time></trkpt>
<trkpt lat="30.63878605264924" lon="104.1023968840276"><ele>474.2711486816406</ele><time>2024-09-18T13:56:52.000Z</time></trkpt>
<trkpt lat="30.63876206238082" lon="104.1023958850311"><ele>473.259033203125</ele><time>2024-09-18T13:56:54.000Z</time></trkpt>
<trkpt lat="30.63872907874472" lon="104.1024048874711"><ele>457.8331604003906</ele><time>2024-09-18T13:56:58.000Z</time></trkpt>
<trkpt lat="30.63868709829124" lon="104.102411890124"><ele>471.517578125</ele><time>2024-09-18T13:57:06.000Z</time></trkpt>
<trkpt lat="30.63862212397917" lon="104.102406892605"><ele>471.9265441894531</ele><time>2024-09-18T13:57:08.000Z</time></trkpt>
<trkpt lat="30.63854215621098" lon="104.1024028958806"><ele>473.7613525390625</ele><time>2024-09-18T13:57:10.000Z</time></trkpt>
<trkpt lat="30.6384591914154" lon="104.1024048999087"><ele>475.8641052246094</ele><time>2024-09-18T13:57:12.000Z</time></trkpt>
<trkpt lat="30.63838522055806" lon="104.1023989027038"><ele>476.2757263183594</ele><time>2024-09-18T13:57:14.000Z</time></trkpt>
<trkpt lat="30.63832024192577" lon="104.102378903665"><ele>476.4317016601562</ele><time>2024-09-18T13:57:16.000Z</time></trkpt>
<trkpt lat="30.63826425412961" lon="104.1023399023354"><ele>476.4803771972656</ele><time>2024-09-18T13:57:18.000Z</time></trkpt>
<trkpt lat="30.63821326204394" lon="104.1022929000707"><ele>476.3999328613281</ele><time>2024-09-18T13:57:20.000Z</time></trkpt>
<trkpt lat="30.63816626781932" lon="104.1022438975385"><ele>476.3323669433594</ele><time>2024-09-18T13:57:22.000Z</time></trkpt>
<trkpt lat="30.63811827550619" lon="104.10219989563"><ele>476.2183227539062</ele><time>2024-09-18T13:57:24.000Z</time></trkpt>
<trkpt lat="30.63807128341059" lon="104.1021578939495"><ele>476.3197937011719</ele><time>2024-09-18T13:57:26.000Z</time></trkpt>
<trkpt lat="30.63801429583097" lon="104.1021168929032"><ele>476.3448791503906</ele><time>2024-09-18T13:57:28.000Z</time></trkpt>
<trkpt lat="30.63791132611896" lon="104.1020708936242"><ele>476.3222351074219</ele><time>2024-09-18T13:57:30.000Z</time></trkpt>
<trkpt lat="30.63778936494567" lon="104.1020268954907"><ele>476.8370666503906</ele><time>2024-09-18T13:57:32.000Z</time></trkpt>
<trkpt lat="30.63764940890893" lon="104.1019738975423"><ele>477.1021118164062</ele><time>2024-09-18T13:57:34.000Z</time></trkpt>
<trkpt lat="30.63754544548814" lon="104.1019489003057"><ele>477.3123779296875</ele><time>2024-09-18T13:57:36.000Z</time></trkpt>
<trkpt lat="30.63744848533403" lon="104.1019469046129"><ele>478.0462646484375</ele><time>2024-09-18T13:57:38.000Z</time></trkpt>
<trkpt lat="30.63728752385765" lon="104.1018399037032"><ele>478.8831787109375</ele><time>2024-09-18T13:57:40.000Z</time></trkpt>
<trkpt lat="30.63688061712493" lon="104.1015449023565"><ele>481.7233276367188</ele><time>2024-09-18T13:57:44.000Z</time></trkpt>
<trkpt lat="30.63645771200495" lon="104.1012139043003"><ele>468.892578125</ele><time>2024-09-18T13:57:54.000Z</time></trkpt>
<trkpt lat="30.63609880781857" lon="104.1009849118052"><ele>467.0002746582031</ele><time>2024-09-18T13:57:56.000Z</time></trkpt>
<trkpt lat="30.63596884571188" lon="104.1009139155094"><ele>466.3797607421875</ele><time>2024-09-18T13:57:58.000Z</time></trkpt>
<trkpt lat="30.63583088934173" lon="104.1008529200989"><ele>465.1420288085938</ele><time>2024-09-18T13:58:00.000Z</time></trkpt>
<trkpt lat="30.63568893586961" lon="104.1007969251766"><ele>464.7678833007812</ele><time>2024-09-18T13:58:02.000Z</time></trkpt>
<trkpt lat="30.63554798014456" lon="104.1007319301639"><ele>464.5557250976562</ele><time>2024-09-18T13:58:04.000Z</time></trkpt>
<trkpt lat="30.63541401719318" lon="104.1006459346574"><ele>464.4254760742188</ele><time>2024-09-18T13:58:06.000Z</time></trkpt>
<trkpt lat="30.63528105266077" lon="104.1005529393727"><ele>465.033203125</ele><time>2024-09-18T13:58:08.000Z</time></trkpt>
<trkpt lat="30.63516708287218" lon="104.1004709437286"><ele>463.424072265625</ele><time>2024-09-18T13:58:10.000Z</time></trkpt>
<trkpt lat="30.63508810251168" lon="104.1004069468963"><ele>463.0583801269531</ele><time>2024-09-18T13:58:12.000Z</time></trkpt>
<trkpt lat="30.63505010794965" lon="104.1003559484139"><ele>462.9212951660156</ele><time>2024-09-18T13:58:14.000Z</time></trkpt>
<trkpt lat="30.63502611288024" lon="104.1003309494516"><ele>463.2683410644531</ele><time>2024-09-18T13:58:16.000Z</time></trkpt>
<trkpt lat="30.63501711580832" lon="104.1003269498581"><ele>463.1335754394531</ele><time>2024-09-18T13:58:24.000Z</time></trkpt>
<trkpt lat="30.63498013392819" lon="104.1003409515937"><ele>457.5963439941406</ele><time>2024-09-18T13:59:26.000Z</time></trkpt>
<trkpt lat="30.6348551798907" lon="104.1003119572963"><ele>458.0797424316406</ele><time>2024-09-18T13:59:30.000Z</time></trkpt>
<trkpt lat="30.63474821763525" lon="104.1002789622122"><ele>457.94287109375</ele><time>2024-09-18T13:59:32.000Z</time></trkpt>
<trkpt lat="30.63466024618238" lon="104.1002389663215"><ele>457.65087890625</ele><time>2024-09-18T13:59:34.000Z</time></trkpt>
<trkpt lat="30.63456927409266" lon="104.1001889706926"><ele>457.0499572753906</ele><time>2024-09-18T13:59:36.000Z</time></trkpt>
<trkpt lat="30.63447230439251" lon="104.1001379754693"><ele>457.1968078613281</ele><time>2024-09-18T13:59:38.000Z</time></trkpt>
<trkpt lat="30.63437133644925" lon="104.1000869805569"><ele>457.3200988769531</ele><time>2024-09-18T13:59:40.000Z</time></trkpt>
<trkpt lat="30.63426537067522" lon="104.1000359860017"><ele>457.3210754394531</ele><time>2024-09-18T13:59:42.000Z</time></trkpt>
<trkpt lat="30.63415240734091" lon="104.0999819919403"><ele>457.1612854003906</ele><time>2024-09-18T13:59:44.000Z</time></trkpt>
<trkpt lat="30.63404443968427" lon="104.0999149980233"><ele>457.3509826660156</ele><time>2024-09-18T13:59:46.000Z</time></trkpt>
<trkpt lat="30.63393946810951" lon="104.0998320045368"><ele>458.1623229980469</ele><time>2024-09-18T13:59:48.000Z</time></trkpt>
<trkpt lat="30.63384448850482" lon="104.0997250115715"><ele>458.6678466796875</ele><time>2024-09-18T13:59:50.000Z</time></trkpt>
<trkpt lat="30.63374151015249" lon="104.0996030200304"><ele>459.8497619628906</ele><time>2024-09-18T13:59:52.000Z</time></trkpt>
<trkpt lat="30.63362353666463" lon="104.0994690303847"><ele>460.6629028320312</ele><time>2024-09-18T13:59:54.000Z</time></trkpt>
<trkpt lat="30.63349656608107" lon="104.0993250425007"><ele>460.4434814453125</ele><time>2024-09-18T13:59:56.000Z</time></trkpt>
<trkpt lat="30.63336759961289" lon="104.0991970548655"><ele>460.3017883300781</ele><time>2024-09-18T13:59:58.000Z</time></trkpt>
<trkpt lat="30.63323863881211" lon="104.0991030660357"><ele>459.3659973144531</ele><time>2024-09-18T14:00:00.000Z</time></trkpt>
<trkpt lat="30.63310368646396" lon="104.0990480755136"><ele>459.5399169921875</ele><time>2024-09-18T14:00:02.000Z</time></trkpt>
<trkpt lat="30.63297673221488" lon="104.0990020842034"><ele>460.0529174804688</ele><time>2024-09-18T14:00:04.000Z</time></trkpt>
<trkpt lat="30.63286577018246" lon="104.0989470928487"><ele>460.6380310058594</ele><time>2024-09-18T14:00:06.000Z</time></trkpt>
<trkpt lat="30.63276380387098" lon="104.0988871015701"><ele>460.5278015136719</ele><time>2024-09-18T14:00:08.000Z</time></trkpt>
<trkpt lat="30.63265783759866" lon="104.0988141115862"><ele>460.5156555175781</ele><time>2024-09-18T14:00:10.000Z</time></trkpt>
<trkpt lat="30.63253487657959" lon="104.0987261237883"><ele>460.2777099609375</ele><time>2024-09-18T14:00:12.000Z</time></trkpt>
<trkpt lat="30.63240791638586" lon="104.0986291372845"><ele>460.2848510742188</ele><time>2024-09-18T14:00:14.000Z</time></trkpt>
<trkpt lat="30.63228195752229" lon="104.0985431502546"><ele>460.2206726074219</ele><time>2024-09-18T14:00:16.000Z</time></trkpt>
<trkpt lat="30.63216000091536" lon="104.0984871607358"><ele>460.3477783203125</ele><time>2024-09-18T14:00:18.000Z</time></trkpt>
<trkpt lat="30.63203404690424" lon="104.09843817092"><ele>460.4625244140625</ele><time>2024-09-18T14:00:20.000Z</time></trkpt>
<trkpt lat="30.63190109493228" lon="104.0983811822907"><ele>461.1068725585938</ele><time>2024-09-18T14:00:22.000Z</time></trkpt>
<trkpt lat="30.63176914007388" lon="104.0983011960021"><ele>461.8805541992188</ele><time>2024-09-18T14:00:24.000Z</time></trkpt>
<trkpt lat="30.6316291883289" lon="104.0982172108032"><ele>463.0306091308594</ele><time>2024-09-18T14:00:26.000Z</time></trkpt>
<trkpt lat="30.63148523988725" lon="104.0981462247668"><ele>463.2766418457031</ele><time>2024-09-18T14:00:28.000Z</time></trkpt>
<trkpt lat="30.63135328795171" lon="104.0980872371277"><ele>463.1933288574219</ele><time>2024-09-18T14:00:30.000Z</time></trkpt>
<trkpt lat="30.63122933296641" lon="104.0980292491812"><ele>462.4710083007812</ele><time>2024-09-18T14:00:32.000Z</time></trkpt>
<trkpt lat="30.63112936835714" lon="104.0979722601819"><ele>461.8700866699219</ele><time>2024-09-18T14:00:34.000Z</time></trkpt>
<trkpt lat="30.63103040327748" lon="104.09791327153"><ele>462.0219116210938</ele><time>2024-09-18T14:00:36.000Z</time></trkpt>
<trkpt lat="30.63093143713204" lon="104.097841284607"><ele>462.417236328125</ele><time>2024-09-18T14:00:38.000Z</time></trkpt>
<trkpt lat="30.63081647642993" lon="104.0977543005373"><ele>463.0912170410156</ele><time>2024-09-18T14:00:40.000Z</time></trkpt>
<trkpt lat="30.6307035150536" lon="104.0976653170072"><ele>463.4044799804688</ele><time>2024-09-18T14:00:42.000Z</time></trkpt>
<trkpt lat="30.63060155121137" lon="104.0975973305761"><ele>463.2442016601562</ele><time>2024-09-18T14:00:44.000Z</time></trkpt>
<trkpt lat="30.63049659030096" lon="104.097548341946"><ele>463.2442016601562</ele><time>2024-09-18T14:00:46.000Z</time></trkpt>
<trkpt lat="30.63036863790539" lon="104.0974863562791"><ele>462.7695617675781</ele><time>2024-09-18T14:00:48.000Z</time></trkpt>
<trkpt lat="30.6302176941217" lon="104.0974113736951"><ele>462.9223937988281</ele><time>2024-09-18T14:00:50.000Z</time></trkpt>
<trkpt lat="30.63005375546346" lon="104.0973303928596"><ele>463.0193176269531</ele><time>2024-09-18T14:00:52.000Z</time></trkpt>
<trkpt lat="30.62989581501148" lon="104.0972554111774"><ele>462.8727111816406</ele><time>2024-09-18T14:00:54.000Z</time></trkpt>
<trkpt lat="30.62973587528105" lon="104.0971754306308"><ele>461.5849914550781</ele><time>2024-09-18T14:00:56.000Z</time></trkpt>
<trkpt lat="30.62960792133762" lon="104.0970724525532"><ele>459.77734375</ele><time>2024-09-18T14:00:58.000Z</time></trkpt>
<trkpt lat="30.62947396888708" lon="104.0969434795404"><ele>459.1613464355469</ele><time>2024-09-18T14:01:00.000Z</time></trkpt>
<trkpt lat="30.62934701366187" lon="104.0968015092588"><ele>458.8125</ele><time>2024-09-18T14:01:02.000Z</time></trkpt>
<trkpt lat="30.6291930709213" lon="104.0966735387254"><ele>458.4717407226562</ele><time>2024-09-18T14:01:04.000Z</time></trkpt>
<trkpt lat="30.62904312857244" lon="104.0965815622176"><ele>457.9865112304688</ele><time>2024-09-18T14:01:06.000Z</time></trkpt>
<trkpt lat="30.62889518689499" lon="104.0965225798899"><ele>457.970703125</ele><time>2024-09-18T14:01:08.000Z</time></trkpt>
<trkpt lat="30.62875024402641" lon="104.0964605981628"><ele>456.4312744140625</ele><time>2024-09-18T14:01:10.000Z</time></trkpt>
<trkpt lat="30.62860729975744" lon="104.0963736213425"><ele>455.0808715820312</ele><time>2024-09-18T14:01:12.000Z</time></trkpt>
<trkpt lat="30.62846735410964" lon="104.0962676485178"><ele>453.7725830078125</ele><time>2024-09-18T14:01:14.000Z</time></trkpt>
<trkpt lat="30.62833140728323" lon="104.0961606762723"><ele>452.7957763671875</ele><time>2024-09-18T14:01:16.000Z</time></trkpt>
<trkpt lat="30.62820045900523" lon="104.0960607029064"><ele>452.4369812011719</ele><time>2024-09-18T14:01:18.000Z</time></trkpt>
<trkpt lat="30.62807350952838" lon="104.0959617296415"><ele>453.35107421875</ele><time>2024-09-18T14:01:20.000Z</time></trkpt>
<trkpt lat="30.62794456127472" lon="104.0958617571762"><ele>453.5225524902344</ele><time>2024-09-18T14:01:22.000Z</time></trkpt>
<trkpt lat="30.62781261467049" lon="104.0957637849013"><ele>453.2760009765625</ele><time>2024-09-18T14:01:24.000Z</time></trkpt>
<trkpt lat="30.62768366727559" lon="104.0956548154817"><ele>453.1571350097656</ele><time>2024-09-18T14:01:26.000Z</time></trkpt>
<trkpt lat="30.62756071794945" lon="104.0955448466137"><ele>452.3295593261719</ele><time>2024-09-18T14:01:28.000Z</time></trkpt>
<trkpt lat="30.62743576992986" lon="104.0954368779633"><ele>450.5615234375</ele><time>2024-09-18T14:01:30.000Z</time></trkpt>
<trkpt lat="30.62730582424254" lon="104.0953409071889"><ele>448.94140625</ele><time>2024-09-18T14:01:32.000Z</time></trkpt>
<trkpt lat="30.62717188051042" lon="104.095247936312"><ele>447.907958984375</ele><time>2024-09-18T14:01:34.000Z</time></trkpt>
<trkpt lat="30.6270399364019" lon="104.0951519665377"><ele>447.1872863769531</ele><time>2024-09-18T14:01:36.000Z</time></trkpt>
<trkpt lat="30.62690699306001" lon="104.0950569970121"><ele>445.3835754394531</ele><time>2024-09-18T14:01:38.000Z</time></trkpt>
<trkpt lat="30.62678204697807" lon="104.0949580286248"><ele>444.884521484375</ele><time>2024-09-18T14:01:40.000Z</time></trkpt>
<trkpt lat="30.62665010430927" lon="104.094855062126"><ele>444.2266540527344</ele><time>2024-09-18T14:01:42.000Z</time></trkpt>
<trkpt lat="30.62651616337223" lon="104.0947410992684"><ele>443.8545227050781</ele><time>2024-09-18T14:01:44.000Z</time></trkpt>
<trkpt lat="30.62636922851193" lon="104.0946221390632"><ele>442.7868347167969</ele><time>2024-09-18T14:01:46.000Z</time></trkpt>
<trkpt lat="30.62621829603981" lon="104.0945001806127"><ele>443.1649780273438</ele><time>2024-09-18T14:01:48.000Z</time></trkpt>
<trkpt lat="30.62606336547429" lon="104.094384221338"><ele>443.4103088378906</ele><time>2024-09-18T14:01:50.000Z</time></trkpt>
<trkpt lat="30.62590743556784" lon="104.0942732612944"><ele>443.6166381835938</ele><time>2024-09-18T14:01:52.000Z</time></trkpt>
<trkpt lat="30.62575450482854" lon="104.0941643011249"><ele>443.6878662109375</ele><time>2024-09-18T14:01:54.000Z</time></trkpt>
<trkpt lat="30.6256095710553" lon="104.0940593399489"><ele>444.2792358398438</ele><time>2024-09-18T14:01:56.000Z</time></trkpt>
<trkpt lat="30.62548063149455" lon="104.0939513795338"><ele>444.7333374023438</ele><time>2024-09-18T14:01:58.000Z</time></trkpt>
<trkpt lat="30.62535668933919" lon="104.0938564153238"><ele>444.58056640625</ele><time>2024-09-18T14:02:00.000Z</time></trkpt>
<trkpt lat="30.62522974878395" lon="104.0937614517062"><ele>443.4142456054688</ele><time>2024-09-18T14:02:02.000Z</time></trkpt>
<trkpt lat="30.62509481149302" lon="104.0936704875974"><ele>443.2032470703125</ele><time>2024-09-18T14:02:04.000Z</time></trkpt>
<trkpt lat="30.62495487723572" lon="104.0935725264682"><ele>442.1454162597656</ele><time>2024-09-18T14:02:06.000Z</time></trkpt>
<trkpt lat="30.62481994215163" lon="104.0934665683011"><ele>439.9634399414062</ele><time>2024-09-18T14:02:08.000Z</time></trkpt>
<trkpt lat="30.62468500785908" lon="104.0933576117331"><ele>439.5354919433594</ele><time>2024-09-18T14:02:10.000Z</time></trkpt>
<trkpt lat="30.62456007035543" lon="104.0932456563536"><ele>438.5509948730469</ele><time>2024-09-18T14:02:12.000Z</time></trkpt>
<trkpt lat="30.6244351332788" lon="104.0931347012519"><ele>439.4007873535156</ele><time>2024-09-18T14:02:14.000Z</time></trkpt>
<trkpt lat="30.62431419535308" lon="104.0930217473104"><ele>439.4370727539062</ele><time>2024-09-18T14:02:16.000Z</time></trkpt>
<trkpt lat="30.62419425794658" lon="104.0929057950689"><ele>438.6285095214844</ele><time>2024-09-18T14:02:18.000Z</time></trkpt>
<trkpt lat="30.62407931948939" lon="104.0927868443963"><ele>438.3533935546875</ele><time>2024-09-18T14:02:20.000Z</time></trkpt>
<trkpt lat="30.62397137908807" lon="104.0926658948759"><ele>437.80615234375</ele><time>2024-09-18T14:02:22.000Z</time></trkpt>
<trkpt lat="30.62387043733739" lon="104.0925389480867"><ele>436.5306701660156</ele><time>2024-09-18T14:02:24.000Z</time></trkpt>
<trkpt lat="30.62377949371379" lon="104.0924020055765"><ele>434.905517578125</ele><time>2024-09-18T14:02:26.000Z</time></trkpt>
<trkpt lat="30.62369954784596" lon="104.0922560671079"><ele>433.1497802734375</ele><time>2024-09-18T14:02:28.000Z</time></trkpt>
<trkpt lat="30.62363659780832" lon="104.0920991334207"><ele>431.661865234375</ele><time>2024-09-18T14:02:30.000Z</time></trkpt>
<trkpt lat="30.62357964677312" lon="104.0919402015387"><ele>431.4691162109375</ele><time>2024-09-18T14:02:32.000Z</time></trkpt>
<trkpt lat="30.6235306915466" lon="104.0917932654864"><ele>430.8284912109375</ele><time>2024-09-18T14:02:34.000Z</time></trkpt>
<trkpt lat="30.6234857344066" lon="104.0916533273316"><ele>430.855712890625</ele><time>2024-09-18T14:02:36.000Z</time></trkpt>
<trkpt lat="30.62345677279416" lon="104.0915073920625"><ele>431.7128295898438</ele><time>2024-09-18T14:02:38.000Z</time></trkpt>
<trkpt lat="30.62344380953109" lon="104.091341466057"><ele>431.9577026367188</ele><time>2024-09-18T14:02:40.000Z</time></trkpt>
<trkpt lat="30.62343185030968" lon="104.0911595486893"><ele>431.784423828125</ele><time>2024-09-18T14:02:42.000Z</time></trkpt>
<trkpt lat="30.62341389582428" lon="104.0909736351419"><ele>432.2802124023438</ele><time>2024-09-18T14:02:44.000Z</time></trkpt>
<trkpt lat="30.62339593983205" lon="104.0908017167161"><ele>432.2509460449219</ele><time>2024-09-18T14:02:46.000Z</time></trkpt>
<trkpt lat="30.62339097631641" lon="104.0906457914833"><ele>432.3983764648438</ele><time>2024-09-18T14:02:48.000Z</time></trkpt>
<trkpt lat="30.62340899768334" lon="104.0905198517631"><ele>432.617431640625</ele><time>2024-09-18T14:02:50.000Z</time></trkpt>
<trkpt lat="30.62343700703353" lon="104.0904308941259"><ele>433.2195129394531</ele><time>2024-09-18T14:02:52.000Z</time></trkpt>
<trkpt lat="30.6234460146853" lon="104.0903829174215"><ele>434.5175170898438</ele><time>2024-09-18T14:02:56.000Z</time></trkpt>
<trkpt lat="30.62344801269784" lon="104.0903879148543"><ele>433.39404296875</ele><time>2024-09-18T14:03:34.000Z</time></trkpt>
<trkpt lat="30.62347300307929" lon="104.0903859146941"><ele>433.39404296875</ele><time>2024-09-18T14:03:50.000Z</time></trkpt>
<trkpt lat="30.62349000142077" lon="104.0903639248149"><ele>433.39404296875</ele><time>2024-09-18T14:03:58.000Z</time></trkpt>
<trkpt lat="30.62347402963162" lon="104.0902729709109"><ele>433.39404296875</ele><time>2024-09-18T14:04:00.000Z</time></trkpt>
<trkpt lat="30.62344706608815" lon="104.090168025016"><ele>433.5520629882812</ele><time>2024-09-18T14:04:06.000Z</time></trkpt>
<trkpt lat="30.62341710951672" lon="104.0900420905739"><ele>444.16162109375</ele><time>2024-09-18T14:04:08.000Z</time></trkpt>
<trkpt lat="30.62340513869928" lon="104.0899461405669"><ele>444.1259765625</ele><time>2024-09-18T14:04:10.000Z</time></trkpt>
<trkpt lat="30.62339017002442" lon="104.0898481922129"><ele>443.8929138183594</ele><time>2024-09-18T14:04:12.000Z</time></trkpt>
<trkpt lat="30.62338019949664" lon="104.0897512435917"><ele>444.0484008789062</ele><time>2024-09-18T14:04:14.000Z</time></trkpt>
<trkpt lat="30.62338622643031" lon="104.0896413016399"><ele>443.7920837402344</ele><time>2024-09-18T14:04:16.000Z</time></trkpt>
<trkpt lat="30.62340825294212" lon="104.0895113703533"><ele>443.5254516601562</ele><time>2024-09-18T14:04:18.000Z</time></trkpt>
<trkpt lat="30.62343428422355" lon="104.0893614506824"><ele>443.6851196289062</ele><time>2024-09-18T14:04:20.000Z</time></trkpt>
<trkpt lat="30.62346331587802" lon="104.0892095331336"><ele>446.126953125</ele><time>2024-09-18T14:04:22.000Z</time></trkpt>
<trkpt lat="30.62348834752359" lon="104.0890666118861"><ele>449.8518676757812</ele><time>2024-09-18T14:04:24.000Z</time></trkpt>
<trkpt lat="30.62351337978322" lon="104.0889246911147"><ele>451.9458618164062</ele><time>2024-09-18T14:04:26.000Z</time></trkpt>
<trkpt lat="30.62353441671627" lon="104.0887757755987"><ele>453.8639831542969</ele><time>2024-09-18T14:04:28.000Z</time></trkpt>
<trkpt lat="30.62356145600253" lon="104.0886148679657"><ele>456.1817016601562</ele><time>2024-09-18T14:04:30.000Z</time></trkpt>
<trkpt lat="30.62357550202152" lon="104.0884529628514"><ele>457.138671875</ele><time>2024-09-18T14:04:32.000Z</time></trkpt>
<trkpt lat="30.62357155483593" lon="104.0882960568989"><ele>457.8905944824219</ele><time>2024-09-18T14:04:34.000Z</time></trkpt>
<trkpt lat="30.62356660882339" lon="104.0881401516451"><ele>458.2449645996094</ele><time>2024-09-18T14:04:36.000Z</time></trkpt>
<trkpt lat="30.6235696603298" lon="104.0879852466526"><ele>458.9221496582031</ele><time>2024-09-18T14:04:38.000Z</time></trkpt>
<trkpt lat="30.62358870505338" lon="104.0878343396532"><ele>460.1555786132812</ele><time>2024-09-18T14:04:40.000Z</time></trkpt>
<trkpt lat="30.62360675263335" lon="104.0876794364025"><ele>460.7644348144531</ele><time>2024-09-18T14:04:42.000Z</time></trkpt>
<trkpt lat="30.62360980589186" lon="104.0875285325084"><ele>459.49951171875</ele><time>2024-09-18T14:04:44.000Z</time></trkpt>
<trkpt lat="30.62360785626495" lon="104.0873936196366"><ele>458.3717041015625</ele><time>2024-09-18T14:04:46.000Z</time></trkpt>
<trkpt lat="30.62360090721916" lon="104.0872647040002"><ele>458.2395629882812</ele><time>2024-09-18T14:04:48.000Z</time></trkpt>
<trkpt lat="30.62360695329096" lon="104.0871367879587"><ele>458.1502075195312</ele><time>2024-09-18T14:04:50.000Z</time></trkpt>
<trkpt lat="30.62360200919384" lon="104.0869968812832"><ele>457.5376892089844</ele><time>2024-09-18T14:04:52.000Z</time></trkpt>
<trkpt lat="30.62358007205306" lon="104.0868589750443"><ele>457.4307861328125</ele><time>2024-09-18T14:04:54.000Z</time></trkpt>
<trkpt lat="30.62354713740712" lon="104.0867280655114"><ele>457.1425476074219</ele><time>2024-09-18T14:04:56.000Z</time></trkpt>
<trkpt lat="30.62352020151631" lon="104.0865961572733"><ele>456.9175109863281</ele><time>2024-09-18T14:04:58.000Z</time></trkpt>
<trkpt lat="30.62350226524894" lon="104.0864582536931"><ele>456.4493408203125</ele><time>2024-09-18T14:05:00.000Z</time></trkpt>
<trkpt lat="30.62349332704271" lon="104.0863183520846"><ele>456.052734375</ele><time>2024-09-18T14:05:02.000Z</time></trkpt>
<trkpt lat="30.62348638848656" lon="104.0861794506811"><ele>455.0593872070312</ele><time>2024-09-18T14:05:04.000Z</time></trkpt>
<trkpt lat="30.62347945036919" lon="104.0860415495531"><ele>453.9617309570312</ele><time>2024-09-18T14:05:06.000Z</time></trkpt>
<trkpt lat="30.62346852216399" lon="104.0858866619169"><ele>453.3001098632812</ele><time>2024-09-18T14:05:08.000Z</time></trkpt>
<trkpt lat="30.62345060053694" lon="104.0857257802408"><ele>452.4607543945312</ele><time>2024-09-18T14:05:10.000Z</time></trkpt>
<trkpt lat="30.62343968087393" lon="104.0855569055156"><ele>451.65234375</ele><time>2024-09-18T14:05:12.000Z</time></trkpt>
<trkpt lat="30.62342976025233" lon="104.085392029209"><ele>450.8805236816406</ele><time>2024-09-18T14:05:14.000Z</time></trkpt>
<trkpt lat="30.62342583890381" lon="104.0852261547873"><ele>450.1038513183594</ele><time>2024-09-18T14:05:16.000Z</time></trkpt>
<trkpt lat="30.6234209111272" lon="104.0850772687778"><ele>449.9673461914062</ele><time>2024-09-18T14:05:18.000Z</time></trkpt>
<trkpt lat="30.62341698298532" lon="104.0849303823152"><ele>450.3197326660156</ele><time>2024-09-18T14:05:20.000Z</time></trkpt>
<trkpt lat="30.62341405590185" lon="104.0847824977017"><ele>450.4063720703125</ele><time>2024-09-18T14:05:22.000Z</time></trkpt>
<trkpt lat="30.62340613528646" lon="104.0846276199781"><ele>450.2195739746094</ele><time>2024-09-18T14:05:24.000Z</time></trkpt>
<trkpt lat="30.6233962135514" lon="104.0844787387936"><ele>449.4948120117188</ele><time>2024-09-18T14:05:26.000Z</time></trkpt>
<trkpt lat="30.62338029371413" lon="104.084332856611"><ele>448.0227661132812</ele><time>2024-09-18T14:05:28.000Z</time></trkpt>
<trkpt lat="30.62336137501925" lon="104.0841889740379"><ele>447.2850952148438</ele><time>2024-09-18T14:05:30.000Z</time></trkpt>
<trkpt lat="30.62334145870518" lon="104.08404309422"><ele>445.7628479003906</ele><time>2024-09-18T14:05:32.000Z</time></trkpt>
<trkpt lat="30.62331954521493" lon="104.0838952172485"><ele>444.688232421875</ele><time>2024-09-18T14:05:34.000Z</time></trkpt>
<trkpt lat="30.62330163056399" lon="104.0837483403859"><ele>444.3354187011719</ele><time>2024-09-18T14:05:36.000Z</time></trkpt>
<trkpt lat="30.62328671675968" lon="104.0835994661857"><ele>442.7796020507812</ele><time>2024-09-18T14:05:38.000Z</time></trkpt>
<trkpt lat="30.62327780372838" lon="104.0834465962591"><ele>440.9008483886719</ele><time>2024-09-18T14:05:40.000Z</time></trkpt>
<trkpt lat="30.62326989245998" lon="104.0832917292115"><ele>440.5552062988281</ele><time>2024-09-18T14:05:42.000Z</time></trkpt>
<trkpt lat="30.62326398090663" lon="104.0831378624428"><ele>439.9185180664062</ele><time>2024-09-18T14:05:44.000Z</time></trkpt>
<trkpt lat="30.62326206824068" lon="104.0829849958374"><ele>439.7334899902344</ele><time>2024-09-18T14:05:46.000Z</time></trkpt>
<trkpt lat="30.62326515403807" lon="104.0828331293258"><ele>439.2306823730469</ele><time>2024-09-18T14:05:48.000Z</time></trkpt>
<trkpt lat="30.62326224388137" lon="104.0826802651716"><ele>439.2329406738281</ele><time>2024-09-18T14:05:50.000Z</time></trkpt>
<trkpt lat="30.62325033546415" lon="104.0825323981441"><ele>438.5216064453125</ele><time>2024-09-18T14:05:52.000Z</time></trkpt>
<trkpt lat="30.62323542984161" lon="104.0823835332897"><ele>438.5717468261719</ele><time>2024-09-18T14:05:54.000Z</time></trkpt>
<trkpt lat="30.62322152120089" lon="104.082240664051"><ele>438.33203125</ele><time>2024-09-18T14:05:56.000Z</time></trkpt>
<trkpt lat="30.62321061044566" lon="104.082100792966"><ele>437.8331298828125</ele><time>2024-09-18T14:05:58.000Z</time></trkpt>
<trkpt lat="30.62320469548227" lon="104.081965918022"><ele>438.5485229492188</ele><time>2024-09-18T14:06:00.000Z</time></trkpt>
<trkpt lat="30.62320877606538" lon="104.0818330416887"><ele>439.7953186035156</ele><time>2024-09-18T14:06:02.000Z</time></trkpt>
<trkpt lat="30.62322384987485" lon="104.0817051610552"><ele>441.2266235351562</ele><time>2024-09-18T14:06:04.000Z</time></trkpt>
<trkpt lat="30.62325491290966" lon="104.0815852729505"><ele>442.6216430664062</ele><time>2024-09-18T14:06:06.000Z</time></trkpt>
<trkpt lat="30.62329596491054" lon="104.0814773736892"><ele>444.2484436035156</ele><time>2024-09-18T14:06:08.000Z</time></trkpt>
<trkpt lat="30.62334500650793" lon="104.0813814631628"><ele>444.7535705566406</ele><time>2024-09-18T14:06:10.000Z</time></trkpt>
<trkpt lat="30.62337305376509" lon="104.0812905492623"><ele>445.5093078613281</ele><time>2024-09-18T14:06:12.000Z</time></trkpt>
<trkpt lat="30.62337311334398" lon="104.0811986380417"><ele>445.8302307128906</ele><time>2024-09-18T14:06:14.000Z</time></trkpt>
<trkpt lat="30.623333190099" lon="104.0811057300665"><ele>447.1521301269531</ele><time>2024-09-18T14:06:16.000Z</time></trkpt>
<trkpt lat="30.62328026919783" lon="104.0810178182497"><ele>447.7256469726562</ele><time>2024-09-18T14:06:18.000Z</time></trkpt>
<trkpt lat="30.62323234464123" lon="104.0809329036589"><ele>448.4849548339844</ele><time>2024-09-18T14:06:20.000Z</time></trkpt>
<trkpt lat="30.62321141284556" lon="104.0808429931283"><ele>448.8502807617188</ele><time>2024-09-18T14:06:22.000Z</time></trkpt>
<trkpt lat="30.62321848151334" lon="104.0807360985727"><ele>448.14306640625</ele><time>2024-09-18T14:06:24.000Z</time></trkpt>
<trkpt lat="30.6232395565379" lon="104.0806122209162"><ele>447.9939270019531</ele><time>2024-09-18T14:06:26.000Z</time></trkpt>
<trkpt lat="30.62325964903377" lon="104.0804643682086"><ele>448.9354858398438</ele><time>2024-09-18T14:06:28.000Z</time></trkpt>
<trkpt lat="30.62327174919263" lon="104.0803115220619"><ele>449.7423095703125</ele><time>2024-09-18T14:06:30.000Z</time></trkpt>
<trkpt lat="30.62328185330387" lon="104.0801556802761"><ele>450.7296447753906</ele><time>2024-09-18T14:06:32.000Z</time></trkpt>
<trkpt lat="30.62328695630756" lon="104.0800058337992"><ele>451.7798767089844</ele><time>2024-09-18T14:06:34.000Z</time></trkpt>
<trkpt lat="30.62328006232613" lon="104.079859984886"><ele>451.8237915039062</ele><time>2024-09-18T14:06:36.000Z</time></trkpt>
<trkpt lat="30.62326317333978" lon="104.0797141375295"><ele>451.5503540039062</ele><time>2024-09-18T14:06:38.000Z</time></trkpt>
<trkpt lat="30.62324028194964" lon="104.0795762831361"><ele>451.8328247070312</ele><time>2024-09-18T14:06:40.000Z</time></trkpt>
<trkpt lat="30.62322939386996" lon="104.0794284397561"><ele>452.3361511230469</ele><time>2024-09-18T14:06:42.000Z</time></trkpt>
<trkpt lat="30.62322850789793" lon="104.0792736045095"><ele>452.4627990722656</ele><time>2024-09-18T14:06:44.000Z</time></trkpt>
<trkpt lat="30.62323162660047" lon="104.0791117778393"><ele>453.1901245117188</ele><time>2024-09-18T14:06:46.000Z</time></trkpt>
<trkpt lat="30.62322374491464" lon="104.0789579443598"><ele>453.8892517089844</ele><time>2024-09-18T14:06:48.000Z</time></trkpt>
<trkpt lat="30.6232028665101" lon="104.0788081083343"><ele>454.3809509277344</ele><time>2024-09-18T14:06:50.000Z</time></trkpt>
<trkpt lat="30.62318399136902" lon="104.078654277768"><ele>455.1976013183594</ele><time>2024-09-18T14:06:52.000Z</time></trkpt>
<trkpt lat="30.6231751155762" lon="104.078497451282"><ele>454.7787170410156</ele><time>2024-09-18T14:06:54.000Z</time></trkpt>
<trkpt lat="30.62318122628057" lon="104.078351613117"><ele>453.1300354003906</ele><time>2024-09-18T14:06:56.000Z</time></trkpt>
<trkpt lat="30.6231833419117" lon="104.0782027795964"><ele>452.44091796875</ele><time>2024-09-18T14:06:58.000Z</time></trkpt>
<trkpt lat="30.62318746169302" lon="104.0780489527729"><ele>452.1408386230469</ele><time>2024-09-18T14:07:00.000Z</time></trkpt>
<trkpt lat="30.62319358652708" lon="104.0778891339028"><ele>451.9901123046875</ele><time>2024-09-18T14:07:02.000Z</time></trkpt>
<trkpt lat="30.62320670082393" lon="104.0777403034227"><ele>452.9603271484375</ele><time>2024-09-18T14:07:04.000Z</time></trkpt>
<trkpt lat="30.62321680920774" lon="104.0776014626912"><ele>452.3521118164062</ele><time>2024-09-18T14:07:06.000Z</time></trkpt>
<trkpt lat="30.62321391879586" lon="104.0774686165904"><ele>451.2646484375</ele><time>2024-09-18T14:07:08.000Z</time></trkpt>
<trkpt lat="30.62320702832101" lon="104.0773387680824"><ele>451.0848083496094</ele><time>2024-09-18T14:07:10.000Z</time></trkpt>
<trkpt lat="30.6232101387199" lon="104.0772039258482"><ele>453.4116821289062</ele><time>2024-09-18T14:07:12.000Z</time></trkpt>
<trkpt lat="30.62322124921798" lon="104.0770660877227"><ele>454.1613159179688</ele><time>2024-09-18T14:07:14.000Z</time></trkpt>
<trkpt lat="30.62323136687067" lon="104.0769212589323"><ele>455.3587951660156</ele><time>2024-09-18T14:07:16.000Z</time></trkpt>
<trkpt lat="30.62323348869428" lon="104.0767764315875"><ele>455.6393127441406</ele><time>2024-09-18T14:07:18.000Z</time></trkpt>
<trkpt lat="30.62323661276911" lon="104.07662960768"><ele>456.0447998046875</ele><time>2024-09-18T14:07:20.000Z</time></trkpt>
<trkpt lat="30.62324673326533" lon="104.0764847821391"><ele>456.74072265625</ele><time>2024-09-18T14:07:22.000Z</time></trkpt>
<trkpt lat="30.62327084645101" lon="104.0763429533815"><ele>457.8658447265625</ele><time>2024-09-18T14:07:24.000Z</time></trkpt>
<trkpt lat="30.62328397022788" lon="104.0761951335102"><ele>459.0131530761719</ele><time>2024-09-18T14:07:26.000Z</time></trkpt>
<trkpt lat="30.62328109967821" lon="104.0760493130297"><ele>461.2838439941406</ele><time>2024-09-18T14:07:28.000Z</time></trkpt>
<trkpt lat="30.62325123387219" lon="104.0759114849616"><ele>462.4708251953125</ele><time>2024-09-18T14:07:30.000Z</time></trkpt>
<trkpt lat="30.62322035502369" lon="104.0757896379765"><ele>463.2274780273438</ele><time>2024-09-18T14:07:32.000Z</time></trkpt>
<trkpt lat="30.62320046880933" lon="104.0756717862413"><ele>463.4336853027344</ele><time>2024-09-18T14:07:34.000Z</time></trkpt>
<trkpt lat="30.62318758039457" lon="104.0755539348974"><ele>462.7579040527344</ele><time>2024-09-18T14:07:36.000Z</time></trkpt>
<trkpt lat="30.6231756876545" lon="104.0754410779015"><ele>463.0516357421875</ele><time>2024-09-18T14:07:38.000Z</time></trkpt>
<trkpt lat="30.62315679648114" lon="104.0753302193409"><ele>463.4081115722656</ele><time>2024-09-18T14:07:40.000Z</time></trkpt>
<trkpt lat="30.62316796003068" lon="104.0751474519593"><ele>463.3826599121094</ele><time>2024-09-18T14:07:42.000Z</time></trkpt>
<trkpt lat="30.62319712526054" lon="104.0749566957687"><ele>460.6336669921875</ele><time>2024-09-18T14:07:46.000Z</time></trkpt>
<trkpt lat="30.62322827629309" lon="104.0747819205871"><ele>460.2765808105469</ele><time>2024-09-18T14:07:48.000Z</time></trkpt>
<trkpt lat="30.62324034572595" lon="104.0747030226803"><ele>460.438720703125</ele><time>2024-09-18T14:07:50.000Z</time></trkpt>
<trkpt lat="30.6232543787352" lon="104.0746620754346"><ele>460.3304748535156</ele><time>2024-09-18T14:07:58.000Z</time></trkpt>
<trkpt lat="30.6232843902406" lon="104.0746371066602"><ele>460.7352294921875</ele><time>2024-09-18T14:08:00.000Z</time></trkpt>
<trkpt lat="30.62332338868409" lon="104.0746221244482"><ele>460.8065490722656</ele><time>2024-09-18T14:08:02.000Z</time></trkpt>
<trkpt lat="30.62336238808249" lon="104.0746061435539"><ele>460.8623657226562</ele><time>2024-09-18T14:08:04.000Z</time></trkpt>
<trkpt lat="30.62339840006856" lon="104.0745781784987"><ele>460.8564453125</ele><time>2024-09-18T14:08:06.000Z</time></trkpt>
<trkpt lat="30.62337854886085" lon="104.0744303735107"><ele>460.6632385253906</ele><time>2024-09-18T14:08:08.000Z</time></trkpt>
<trkpt lat="30.62335374296313" lon="104.0742386281205"><ele>460.6173400878906</ele><time>2024-09-18T14:08:14.000Z</time></trkpt>
<trkpt lat="30.62332796049105" lon="104.0740249140332"><ele>460.6829528808594</ele><time>2024-09-18T14:08:16.000Z</time></trkpt>
<trkpt lat="30.62334607901745" lon="104.0738960859664"><ele>460.2995910644531</ele><time>2024-09-18T14:08:18.000Z</time></trkpt>
<trkpt lat="30.62335218346145" lon="104.0737872323259"><ele>459.7445678710938</ele><time>2024-09-18T14:08:20.000Z</time></trkpt>
<trkpt lat="30.62335629022942" lon="104.0736773807356"><ele>459.6088256835938</ele><time>2024-09-18T14:08:22.000Z</time></trkpt>
<trkpt lat="30.62336540048244" lon="104.0735625363289"><ele>459.3493041992188</ele><time>2024-09-18T14:08:24.000Z</time></trkpt>
<trkpt lat="30.62339249109068" lon="104.073460674025"><ele>459.1970520019531</ele><time>2024-09-18T14:08:26.000Z</time></trkpt>
<trkpt lat="30.62341155835357" lon="104.0733857756489"><ele>459.6735229492188</ele><time>2024-09-18T14:08:28.000Z</time></trkpt>
<trkpt lat="30.62340559282128" lon="104.0733538197418"><ele>460.1290588378906</ele><time>2024-09-18T14:08:30.000Z</time></trkpt>
<trkpt lat="30.62337763821946" lon="104.0733198676385"><ele>460.7426452636719</ele><time>2024-09-18T14:08:34.000Z</time></trkpt>
<trkpt lat="30.62311285235863" lon="104.0695494209489"><ele>467.9457092285156</ele><time>2024-09-18T14:09:18.000Z</time></trkpt>
<trkpt lat="30.62310999552172" lon="104.0694286105202"><ele>466.7215576171875</ele><time>2024-09-18T14:09:20.000Z</time></trkpt>
<trkpt lat="30.62310913615774" lon="104.0693097975842"><ele>465.1669006347656</ele><time>2024-09-18T14:09:22.000Z</time></trkpt>
<trkpt lat="30.62311027660751" lon="104.0691909852656"><ele>465.0092163085938</ele><time>2024-09-18T14:09:24.000Z</time></trkpt>
<trkpt lat="30.62310942324989" lon="104.0690681800934"><ele>464.1947021484375</ele><time>2024-09-18T14:09:26.000Z</time></trkpt>
<trkpt lat="30.62310058216045" lon="104.0689383871948"><ele>464.112548828125</ele><time>2024-09-18T14:09:28.000Z</time></trkpt>
<trkpt lat="30.62308374744195" lon="104.0688065987061"><ele>463.2740478515625</ele><time>2024-09-18T14:09:30.000Z</time></trkpt>
<trkpt lat="30.62306990743986" lon="104.0686788045254"><ele>463.6662902832031</ele><time>2024-09-18T14:09:32.000Z</time></trkpt>
<trkpt lat="30.62306605562209" lon="104.0685579994186"><ele>464.5055847167969</ele><time>2024-09-18T14:09:34.000Z</time></trkpt>
<trkpt lat="30.62307420204314" lon="104.0684351977298"><ele>464.4571533203125</ele><time>2024-09-18T14:09:36.000Z</time></trkpt>
<trkpt lat="30.62308134217995" lon="104.0683183870952"><ele>464.2166748046875</ele><time>2024-09-18T14:09:38.000Z</time></trkpt>
<trkpt lat="30.62309247515341" lon="104.0682065688105"><ele>463.5176696777344</ele><time>2024-09-18T14:09:40.000Z</time></trkpt>
<trkpt lat="30.62310360373692" lon="104.0680987446098"><ele>469.053466796875</ele><time>2024-09-18T14:09:42.000Z</time></trkpt>
<trkpt lat="30.62311373447026" lon="104.0679899226759"><ele>467.3924560546875</ele><time>2024-09-18T14:09:44.000Z</time></trkpt>
<trkpt lat="30.623111956465" lon="104.0678122155717"><ele>467.2041015625</ele><time>2024-09-18T14:09:46.000Z</time></trkpt>
<trkpt lat="30.62309417249564" lon="104.0676454925363"><ele>470.0669860839844</ele><time>2024-09-18T14:09:52.000Z</time></trkpt>
<trkpt lat="30.62306038610261" lon="104.0674867582912"><ele>470.2828979492188</ele><time>2024-09-18T14:09:54.000Z</time></trkpt>
<trkpt lat="30.62302755226665" lon="104.0673659616986"><ele>469.6681518554688</ele><time>2024-09-18T14:09:56.000Z</time></trkpt>
<trkpt lat="30.62301573475824" lon="104.0672261967548"><ele>470.2384338378906</ele><time>2024-09-18T14:09:58.000Z</time></trkpt>
<trkpt lat="30.62303592053729" lon="104.0670744515484"><ele>472.5757751464844</ele><time>2024-09-18T14:10:00.000Z</time></trkpt>
<trkpt lat="30.62309006791241" lon="104.0669426720702"><ele>473.2782592773438</ele><time>2024-09-18T14:10:02.000Z</time></trkpt>
<trkpt lat="30.62316420668298" lon="104.066811890841"><ele>474.0579833984375</ele><time>2024-09-18T14:10:04.000Z</time></trkpt>
<trkpt lat="30.62324435024918" lon="104.0666761187148"><ele>473.6961669921875</ele><time>2024-09-18T14:10:06.000Z</time></trkpt>
<trkpt lat="30.62331150115563" lon="104.0665393498094"><ele>473.4939270019531</ele><time>2024-09-18T14:10:08.000Z</time></trkpt>
<trkpt lat="30.62335066678194" lon="104.0664005865494"><ele>474.3023071289062</ele><time>2024-09-18T14:10:10.000Z</time></trkpt>
<trkpt lat="30.62336384635947" lon="104.0662598288836"><ele>475.6788940429688</ele><time>2024-09-18T14:10:12.000Z</time></trkpt>
<trkpt lat="30.62336403863979" lon="104.0661140814591"><ele>475.5378112792969</ele><time>2024-09-18T14:10:14.000Z</time></trkpt>
<trkpt lat="30.62335524740947" lon="104.0659593511644"><ele>476.2322692871094</ele><time>2024-09-18T14:10:16.000Z</time></trkpt>
<trkpt lat="30.62334145789717" lon="104.0658056205314"><ele>475.4806518554688</ele><time>2024-09-18T14:10:18.000Z</time></trkpt>
<trkpt lat="30.62332165708739" lon="104.0656628720217"><ele>474.7677917480469</ele><time>2024-09-18T14:10:20.000Z</time></trkpt>
<trkpt lat="30.62330084141378" lon="104.0655321034117"><ele>473.9841003417969</ele><time>2024-09-18T14:10:22.000Z</time></trkpt>
<trkpt lat="30.62328800974307" lon="104.0654113175944"><ele>473.39208984375</ele><time>2024-09-18T14:10:24.000Z</time></trkpt>
<trkpt lat="30.62328616477468" lon="104.0652975195751"><ele>473.6235961914062</ele><time>2024-09-18T14:10:26.000Z</time></trkpt>
<trkpt lat="30.6232903057031" lon="104.0651927059066"><ele>473.5181579589844</ele><time>2024-09-18T14:10:28.000Z</time></trkpt>
<trkpt lat="30.62329944099407" lon="104.0650908871979"><ele>473.5926208496094</ele><time>2024-09-18T14:10:30.000Z</time></trkpt>
<trkpt lat="30.62330956948495" lon="104.064994060009"><ele>473.2857055664062</ele><time>2024-09-18T14:10:32.000Z</time></trkpt>
<trkpt lat="30.6233246771508" lon="104.0649112079494"><ele>471.6156005859375</ele><time>2024-09-18T14:10:34.000Z</time></trkpt>
<trkpt lat="30.6233387593894" lon="104.0648473221429"><ele>470.875</ele><time>2024-09-18T14:10:36.000Z</time></trkpt>
<trkpt lat="30.62335781637693" lon="104.0648004057331"><ele>470.4827880859375</ele><time>2024-09-18T14:10:38.000Z</time></trkpt>
<trkpt lat="30.62338486058117" lon="104.0647604764641"><ele>470.2746887207031</ele><time>2024-09-18T14:10:40.000Z</time></trkpt>
<trkpt lat="30.62340591417502" lon="104.0647155565581"><ele>469.9220581054688</ele><time>2024-09-18T14:10:44.000Z</time></trkpt>
<trkpt lat="30.62341998588627" lon="104.0646596569229"><ele>471.7261962890625</ele><time>2024-09-18T14:10:58.000Z</time></trkpt>
<trkpt lat="30.62341708537184" lon="104.064588785339"><ele>471.6542358398438</ele><time>2024-09-18T14:11:00.000Z</time></trkpt>
<trkpt lat="30.62341219282372" lon="104.0645129231526"><ele>471.9446411132812</ele><time>2024-09-18T14:11:02.000Z</time></trkpt>
<trkpt lat="30.62340630370995" lon="104.0644350649256"><ele>472.1401977539062</ele><time>2024-09-18T14:11:04.000Z</time></trkpt>
<trkpt lat="30.62337743669829" lon="104.0643482244255"><ele>472.2426147460938</ele><time>2024-09-18T14:11:06.000Z</time></trkpt>
<trkpt lat="30.62333359145936" lon="104.064250405051"><ele>471.9837646484375</ele><time>2024-09-18T14:11:08.000Z</time></trkpt>
<trkpt lat="30.62328377714278" lon="104.0641326230232"><ele>471.2573547363281</ele><time>2024-09-18T14:11:10.000Z</time></trkpt>
<trkpt lat="30.62326195353196" lon="104.0640138422308"><ele>471.9774780273438</ele><time>2024-09-18T14:11:12.000Z</time></trkpt>
<trkpt lat="30.62326212164843" lon="104.0638950611223"><ele>472.6898803710938</ele><time>2024-09-18T14:11:14.000Z</time></trkpt>
<trkpt lat="30.62327127395485" lon="104.06378526366"><ele>472.4687194824219</ele><time>2024-09-18T14:11:16.000Z</time></trkpt>
<trkpt lat="30.62327542879212" lon="104.0636754670134"><ele>472.4369506835938</ele><time>2024-09-18T14:11:18.000Z</time></trkpt>
<trkpt lat="30.62327058920285" lon="104.0635646732229"><ele>472.5376281738281</ele><time>2024-09-18T14:11:20.000Z</time></trkpt>
<trkpt lat="30.62326274704431" lon="104.0634568745756"><ele>472.73828125</ele><time>2024-09-18T14:11:22.000Z</time></trkpt>
<trkpt lat="30.62325391297627" lon="104.0633440858836"><ele>473.4045104980469</ele><time>2024-09-18T14:11:24.000Z</time></trkpt>
<trkpt lat="30.62325108424639" lon="104.0632263069092"><ele>473.8037719726562</ele><time>2024-09-18T14:11:26.000Z</time></trkpt>
<trkpt lat="30.62325125779286" lon="104.0631065322323"><ele>474.802978515625</ele><time>2024-09-18T14:11:28.000Z</time></trkpt>
<trkpt lat="30.62325641975533" lon="104.0629937448195"><ele>474.8426513671875</ele><time>2024-09-18T14:11:30.000Z</time></trkpt>
<trkpt lat="30.62325756928979" lon="104.0628909392932"><ele>474.4999694824219</ele><time>2024-09-18T14:11:32.000Z</time></trkpt>
<trkpt lat="30.62324970974421" lon="104.0627971176275"><ele>474.6015930175781</ele><time>2024-09-18T14:11:34.000Z</time></trkpt>
<trkpt lat="30.62323685551987" lon="104.0627013004162"><ele>474.6951904296875</ele><time>2024-09-18T14:11:36.000Z</time></trkpt>
<trkpt lat="30.62321903163713" lon="104.0625865200771"><ele>475.1963195800781</ele><time>2024-09-18T14:11:38.000Z</time></trkpt>
<trkpt lat="30.6231982375648" lon="104.0624527768342"><ele>473.9841003417969</ele><time>2024-09-18T14:11:40.000Z</time></trkpt>
<trkpt lat="30.62316945784929" lon="104.0623120482512"><ele>472.7623596191406</ele><time>2024-09-18T14:11:42.000Z</time></trkpt>
<trkpt lat="30.62313567205647" lon="104.0621773092981"><ele>471.6609497070312</ele><time>2024-09-18T14:11:44.000Z</time></trkpt>
<trkpt lat="30.62309587152662" lon="104.0620545483138"><ele>469.5805969238281</ele><time>2024-09-18T14:11:46.000Z</time></trkpt>
<trkpt lat="30.62304904599224" lon="104.0619507515756"><ele>468.9324951171875</ele><time>2024-09-18T14:11:48.000Z</time></trkpt>
<trkpt lat="30.62298819352244" lon="104.0618689132972"><ele>468.6416931152344</ele><time>2024-09-18T14:11:50.000Z</time></trkpt>
<trkpt lat="30.6229333238707" lon="104.0617970556276"><ele>467.390625</ele><time>2024-09-18T14:11:52.000Z</time></trkpt>
<trkpt lat="30.62291146223414" lon="104.0617112239654"><ele>467.4541320800781</ele><time>2024-09-18T14:11:54.000Z</time></trkpt>
<trkpt lat="30.62292660866517" lon="104.0616104202538"><ele>466.6479187011719</ele><time>2024-09-18T14:11:56.000Z</time></trkpt>
<trkpt lat="30.62295576352489" lon="104.0615006340105"><ele>466.2789611816406</ele><time>2024-09-18T14:11:58.000Z</time></trkpt>
<trkpt lat="30.62296991429059" lon="104.0613978352885"><ele>466.562255859375</ele><time>2024-09-18T14:12:00.000Z</time></trkpt>
<trkpt lat="30.62297405885652" lon="104.061302023756"><ele>466.6043090820312</ele><time>2024-09-18T14:12:02.000Z</time></trkpt>
<trkpt lat="30.6229672021269" lon="104.0612102052771"><ele>466.4011840820312</ele><time>2024-09-18T14:12:04.000Z</time></trkpt>
<trkpt lat="30.62295634276567" lon="104.0611213814557"><ele>466.346923828125</ele><time>2024-09-18T14:12:06.000Z</time></trkpt>
<trkpt lat="30.62294348300462" lon="104.0610335561224"><ele>466.4090576171875</ele><time>2024-09-18T14:12:08.000Z</time></trkpt>
<trkpt lat="30.6229396245569" lon="104.0609427367008"><ele>466.7442016601562</ele><time>2024-09-18T14:12:10.000Z</time></trkpt>
<trkpt lat="30.62294078141902" lon="104.0608409393254"><ele>467.021728515625</ele><time>2024-09-18T14:12:12.000Z</time></trkpt>
<trkpt lat="30.6229389616015" lon="104.0607251705051"><ele>467.2583618164062</ele><time>2024-09-18T14:12:14.000Z</time></trkpt>
<trkpt lat="30.62293215212673" lon="104.0606044125543"><ele>467.2915954589844</ele><time>2024-09-18T14:12:16.000Z</time></trkpt>
<trkpt lat="30.62292333315504" lon="104.0604906413456"><ele>467.3954772949219</ele><time>2024-09-18T14:12:18.000Z</time></trkpt>
<trkpt lat="30.62291449909183" lon="104.0603868506407"><ele>466.9098510742188</ele><time>2024-09-18T14:12:20.000Z</time></trkpt>
<trkpt lat="30.62291264698593" lon="104.0602930399723"><ele>466.8122253417969</ele><time>2024-09-18T14:12:22.000Z</time></trkpt>
<trkpt lat="30.62291278972803" lon="104.0602022235715"><ele>466.8122253417969</ele><time>2024-09-18T14:12:24.000Z</time></trkpt>
<trkpt lat="30.62291391352169" lon="104.0601233832317"><ele>467.1396789550781</ele><time>2024-09-18T14:12:26.000Z</time></trkpt>
<trkpt lat="30.62291702099916" lon="104.0600545228261"><ele>466.7492980957031</ele><time>2024-09-18T14:12:28.000Z</time></trkpt>
<trkpt lat="30.62294307677233" lon="104.0600126068051"><ele>466.8361511230469</ele><time>2024-09-18T14:12:30.000Z</time></trkpt>
<trkpt lat="30.62300206403723" lon="104.0600056183184"><ele>467.8600769042969</ele><time>2024-09-18T14:12:32.000Z</time></trkpt>
<trkpt lat="30.62308300612623" lon="104.0600215821685"><ele>469.4370422363281</ele><time>2024-09-18T14:12:34.000Z</time></trkpt>
<trkpt lat="30.62317493589747" lon="104.0600425353922"><ele>469.6686401367188</ele><time>2024-09-18T14:12:36.000Z</time></trkpt>
<trkpt lat="30.6232698849634" lon="104.0600505148459"><ele>469.89306640625</ele><time>2024-09-18T14:12:38.000Z</time></trkpt>
<trkpt lat="30.62337483629489" lon="104.0600545019534"><ele>469.4770812988281</ele><time>2024-09-18T14:12:40.000Z</time></trkpt>
<trkpt lat="30.62348680213504" lon="104.0600475110373"><ele>469.6235961914062</ele><time>2024-09-18T14:12:42.000Z</time></trkpt>
<trkpt lat="30.62359878058448" lon="104.0600325363443"><ele>469.9108581542969</ele><time>2024-09-18T14:12:44.000Z</time></trkpt>
<trkpt lat="30.62370377448465" lon="104.0600095782103"><ele>470.2282409667969</ele><time>2024-09-18T14:12:46.000Z</time></trkpt>
<trkpt lat="30.62380476843277" lon="104.0599876182538"><ele>469.8800964355469</ele><time>2024-09-18T14:12:48.000Z</time></trkpt>
<trkpt lat="30.62390675408675" lon="104.0599706481205"><ele>469.8800964355469</ele><time>2024-09-18T14:12:50.000Z</time></trkpt>
<trkpt lat="30.62401370927568" lon="104.0599716412135"><ele>468.8108520507812</ele><time>2024-09-18T14:12:52.000Z</time></trkpt>
<trkpt lat="30.62412164825225" lon="104.0599826139571"><ele>467.9551696777344</ele><time>2024-09-18T14:12:54.000Z</time></trkpt>
<trkpt lat="30.62423458046464" lon="104.0599965803898"><ele>467.9697875976562</ele><time>2024-09-18T14:12:56.000Z</time></trkpt>
<trkpt lat="30.6243475316174" lon="104.059998571181"><ele>466.7099914550781</ele><time>2024-09-18T14:12:58.000Z</time></trkpt>
<trkpt lat="30.62446149340699" lon="104.0599935761331"><ele>465.7176208496094</ele><time>2024-09-18T14:13:00.000Z</time></trkpt>
<trkpt lat="30.62456945761328" lon="104.0599885813598"><ele>465.1086120605469</ele><time>2024-09-18T14:13:02.000Z</time></trkpt>
<trkpt lat="30.62466842703163" lon="104.059982589028"><ele>464.9905395507812</ele><time>2024-09-18T14:13:04.000Z</time></trkpt>
<trkpt lat="30.62476939247344" lon="104.0599785925459"><ele>465.3170776367188</ele><time>2024-09-18T14:13:06.000Z</time></trkpt>
<trkpt lat="30.62487335985192" lon="104.0599725999891"><ele>465.0445861816406</ele><time>2024-09-18T14:13:08.000Z</time></trkpt>
<trkpt lat="30.62499231482698" lon="104.059970598627"><ele>466.1344604492188</ele><time>2024-09-18T14:13:10.000Z</time></trkpt>
<trkpt lat="30.62512026456343" lon="104.0599695948242"><ele>466.8715515136719</ele><time>2024-09-18T14:13:12.000Z</time></trkpt>
<trkpt lat="30.62525220950395" lon="104.0599705867775"><ele>467.6626892089844</ele><time>2024-09-18T14:13:14.000Z</time></trkpt>
<trkpt lat="30.62537415690187" lon="104.0599725771559"><ele>468.537353515625</ele><time>2024-09-18T14:13:16.000Z</time></trkpt>
<trkpt lat="30.62548611624067" lon="104.0599695781435"><ele>468.9437255859375</ele><time>2024-09-18T14:13:18.000Z</time></trkpt>
<trkpt lat="30.62558808752525" lon="104.0599615897426"><ele>469.4735107421875</ele><time>2024-09-18T14:13:20.000Z</time></trkpt>
<trkpt lat="30.62569205483034" lon="104.0599555971906"><ele>469.6154479980469</ele><time>2024-09-18T14:13:22.000Z</time></trkpt>
<trkpt lat="30.62578902970995" lon="104.0599466110547"><ele>470.5993347167969</ele><time>2024-09-18T14:13:24.000Z</time></trkpt>
<trkpt lat="30.62588801009881" lon="104.0599336329612"><ele>471.2608642578125</ele><time>2024-09-18T14:13:26.000Z</time></trkpt>
<trkpt lat="30.62598999243244" lon="104.0599186588052"><ele>471.583251953125</ele><time>2024-09-18T14:13:28.000Z</time></trkpt>
<trkpt lat="30.62609696640503" lon="104.0599076762968"><ele>472.172119140625</ele><time>2024-09-18T14:13:30.000Z</time></trkpt>
<trkpt lat="30.62620492888528" lon="104.0599036795099"><ele>473.1972045898438</ele><time>2024-09-18T14:13:32.000Z</time></trkpt>
<trkpt lat="30.62629189355335" lon="104.0599036755448"><ele>473.4178771972656</ele><time>2024-09-18T14:13:34.000Z</time></trkpt>
<trkpt lat="30.62640782111337" lon="104.0599196377213"><ele>473.55517578125</ele><time>2024-09-18T14:13:36.000Z</time></trkpt>
<trkpt lat="30.62653872043903" lon="104.0599495707769"><ele>472.4999694824219</ele><time>2024-09-18T14:13:40.000Z</time></trkpt>
<trkpt lat="30.62669060335162" lon="104.0599844927665"><ele>470.5258178710938</ele><time>2024-09-18T14:13:42.000Z</time></trkpt>
<trkpt lat="30.62681252216831" lon="104.0600044466132"><ele>469.2502746582031</ele><time>2024-09-18T14:13:44.000Z</time></trkpt>
<trkpt lat="30.62690348516145" lon="104.0600044424656"><ele>468.6965637207031</ele><time>2024-09-18T14:13:46.000Z</time></trkpt>
<trkpt lat="30.62696947884271" lon="104.0599914658405"><ele>468.5751647949219</ele><time>2024-09-18T14:13:48.000Z</time></trkpt>
<trkpt lat="30.62708147751254" lon="104.0599635175881"><ele>468.8361206054688</ele><time>2024-09-18T14:13:50.000Z</time></trkpt>
<trkpt lat="30.62722046205178" lon="104.0599375640775"><ele>464.7428588867188</ele><time>2024-09-18T14:13:56.000Z</time></trkpt>
<trkpt lat="30.62738742570728" lon="104.0599175971222"><ele>465.9417724609375</ele><time>2024-09-18T14:13:58.000Z</time></trkpt>
<trkpt lat="30.62751038036793" lon="104.0599145976162"><ele>466.5286865234375</ele><time>2024-09-18T14:14:00.000Z</time></trkpt>
<trkpt lat="30.62762433551663" lon="104.0599135944537"><ele>465.6611633300781</ele><time>2024-09-18T14:14:02.000Z</time></trkpt>
<trkpt lat="30.62773329269089" lon="104.0599125915192"><ele>466.2629699707031</ele><time>2024-09-18T14:14:04.000Z</time></trkpt>
<trkpt lat="30.6278392558248" lon="104.0599085948224"><ele>465.7594909667969</ele><time>2024-09-18T14:14:06.000Z</time></trkpt>
<trkpt lat="30.62794820823019" lon="104.059910585787"><ele>463.7903442382812</ele><time>2024-09-18T14:14:08.000Z</time></trkpt>
<trkpt lat="30.62805117098432" lon="104.0599075871934"><ele>461.0732727050781</ele><time>2024-09-18T14:14:10.000Z</time></trkpt>
<trkpt lat="30.62815213454488" lon="104.0599045886915"><ele>460.1436462402344</ele><time>2024-09-18T14:14:12.000Z</time></trkpt>
<trkpt lat="30.62824710845926" lon="104.0598966006343"><ele>459.540283203125</ele><time>2024-09-18T14:14:14.000Z</time></trkpt>
<trkpt lat="30.62834006101984" lon="104.0599025841906"><ele>459.4976806640625</ele><time>2024-09-18T14:14:16.000Z</time></trkpt>
<trkpt lat="30.62842900096448" lon="104.0599175496291"><ele>460.5609436035156</ele><time>2024-09-18T14:14:18.000Z</time></trkpt>
<trkpt lat="30.62851694606449" lon="104.0599295212218"><ele>460.2164306640625</ele><time>2024-09-18T14:14:20.000Z</time></trkpt>
<trkpt lat="30.6286109045286" lon="104.0599315128718"><ele>460.7444458007812</ele><time>2024-09-18T14:14:22.000Z</time></trkpt>
<trkpt lat="30.62885483969303" lon="104.05990954648"><ele>460.4166564941406</ele><time>2024-09-18T14:14:24.000Z</time></trkpt>
<trkpt lat="30.62909376895005" lon="104.059892570166"><ele>465.8135986328125</ele><time>2024-09-18T14:14:34.000Z</time></trkpt>
<trkpt lat="30.62931271268166" lon="104.0598716029189"><ele>466.3817443847656</ele><time>2024-09-18T14:14:36.000Z</time></trkpt>
<trkpt lat="30.62936770286555" lon="104.0598636166975"><ele>467.4718017578125</ele><time>2024-09-18T14:14:38.000Z</time></trkpt>
<trkpt lat="30.62941869310054" lon="104.0598566286251"><ele>467.9073181152344</ele><time>2024-09-18T14:14:40.000Z</time></trkpt>
<trkpt lat="30.62947067817115" lon="104.0598526344002"><ele>468.384033203125</ele><time>2024-09-18T14:14:42.000Z</time></trkpt>
<trkpt lat="30.62952766119453" lon="104.0598486399481"><ele>468.2347106933594</ele><time>2024-09-18T14:14:44.000Z</time></trkpt>
<trkpt lat="30.62958165019905" lon="104.059841651744"><ele>467.7471618652344</ele><time>2024-09-18T14:14:46.000Z</time></trkpt>
<trkpt lat="30.62963363367892" lon="104.0598386554848"><ele>468.3265075683594</ele><time>2024-09-18T14:14:48.000Z</time></trkpt>
<trkpt lat="30.62967760616149" lon="104.0598446412578"><ele>469.5390014648438</ele><time>2024-09-18T14:14:50.000Z</time></trkpt>
<trkpt lat="30.62971957787731" lon="104.0598516250871"><ele>470.6825866699219</ele><time>2024-09-18T14:14:52.000Z</time></trkpt>
<trkpt lat="30.62976454678098" lon="104.0598596067459"><ele>471.0250549316406</ele><time>2024-09-18T14:14:54.000Z</time></trkpt>
<trkpt lat="30.62981950367087" lon="104.059872577774"><ele>471.6321105957031</ele><time>2024-09-18T14:14:56.000Z</time></trkpt>
<trkpt lat="30.62988144819841" lon="104.0598915362828"><ele>472.1045532226562</ele><time>2024-09-18T14:14:58.000Z</time></trkpt>
<trkpt lat="30.62994940610808" lon="104.059900514874"><ele>472.4512023925781</ele><time>2024-09-18T14:15:00.000Z</time></trkpt>
<trkpt lat="30.63000838669669" lon="104.0598975182873"><ele>473.0681762695312</ele><time>2024-09-18T14:15:02.000Z</time></trkpt>
<trkpt lat="30.63005938164257" lon="104.0598875363079"><ele>473.9443054199219</ele><time>2024-09-18T14:15:04.000Z</time></trkpt>
<trkpt lat="30.63009537481538" lon="104.0598825448413"><ele>474.3671875</ele><time>2024-09-18T14:15:06.000Z</time></trkpt>
<trkpt lat="30.63011338961821" lon="104.0598685725154"><ele>473.49658203125</ele><time>2024-09-18T14:15:08.000Z</time></trkpt>
<trkpt lat="30.63011040352261" lon="104.0598605889388"><ele>473.7882995605469</ele><time>2024-09-18T14:15:10.000Z</time></trkpt>
</trkseg><name>二环</name></trk></gpx>