<?xml version="1.0" encoding="UTF-8"?>
<gpx creator="Health" xsi:schemaLocation="http://www.topografix.com/GPX/1/1 http://www.topografix.com/GPX/1/1/gpx.xsd http://www.garmin.com/xmlschemas/GpxExtensions/v3 http://www.garmin.com/xmlschemas/GpxExtensionsv3.xsd http://www.garmin.com/xmlschemas/TrackPointExtension/v1 http://www.garmin.com/xmlschemas/TrackPointExtensionv1.xsd http://www.garmin.com/xmlschemas/PowerExtension/v1 http://www.garmin.com/xmlschemas/PowerExtensionv1.xsd http://www.topografix.com/GPX/gpx_style/0/2 http://www.topografix.com/GPX/gpx_style/0/2/gpx_style.xsd" version="1.1" xmlns="http://www.topografix.com/GPX/1/1" xmlns:xsi="http://www.w3.org/2001/XMLSchema-instance" xmlns:gpxtpx="http://www.garmin.com/xmlschemas/TrackPointExtension/v1" xmlns:gpxx="http://www.garmin.com/xmlschemas/GpxExtensions/v3" xmlns:gpxpx="http://www.garmin.com/xmlschemas/PowerExtension/v1" xmlns:gpx_style="http://www.topografix.com/GPX/gpx_style/0/2">
  <metadata>
    <name>20240910户外骑行</name>
    <author>
      <name>gpx.studio</name>
      <link href="https://gpx.studio"/>
    </author>
  </metadata>
  <trk>
    <type>户外骑行</type>
    <extensions>
      <totalTime>4705.0</totalTime>
      <cumulativeDecrease>0.0</cumulativeDecrease>
      <cumulativeClimb>0.0</cumulativeClimb>
      <totalDistance>16356.0</totalDistance>
    </extensions>
    <trkseg>
      <trkpt lat="36.102366" lon="120.466767"/>
      <trkpt lat="36.102364" lon="120.466763"/>
      <trkpt lat="36.102371" lon="120.466773"/>
      <trkpt lat="36.10239" lon="120.466804"/>
      <trkpt lat="36.102413" lon="120.466858"/>
      <trkpt lat="36.102432" lon="120.466923"/>
      <trkpt lat="36.10245" lon="120.466999"/>
      <trkpt lat="36.102474" lon="120.467089"/>
      <trkpt lat="36.102499" lon="120.467188"/>
      <trkpt lat="36.102521" lon="120.46729"/>
      <trkpt lat="36.102539" lon="120.467392"/>
      <trkpt lat="36.102561" lon="120.467498"/>
      <trkpt lat="36.102583" lon="120.467609"/>
      <trkpt lat="36.1026" lon="120.467724"/>
      <trkpt lat="36.102612" lon="120.467837"/>
      <trkpt lat="36.102616" lon="120.467952"/>
      <trkpt lat="36.102622" lon="120.468061"/>
      <trkpt lat="36.102629" lon="120.468166"/>
      <trkpt lat="36.102641" lon="120.468265"/>
      <trkpt lat="36.102653" lon="120.468363"/>
      <trkpt lat="36.10266" lon="120.468467"/>
      <trkpt lat="36.102668" lon="120.468579"/>
      <trkpt lat="36.102672" lon="120.468701"/>
      <trkpt lat="36.102678" lon="120.468834"/>
      <trkpt lat="36.102689" lon="120.46898"/>
      <trkpt lat="36.102704" lon="120.469142"/>
      <trkpt lat="36.102723" lon="120.469322"/>
      <trkpt lat="36.102739" lon="120.469513"/>
      <trkpt lat="36.102756" lon="120.469702"/>
      <trkpt lat="36.102769" lon="120.469882"/>
      <trkpt lat="36.102785" lon="120.470049"/>
      <trkpt lat="36.102794" lon="120.470203"/>
      <trkpt lat="36.102787" lon="120.470346"/>
      <trkpt lat="36.102753" lon="120.470469"/>
      <trkpt lat="36.102684" lon="120.470563"/>
      <trkpt lat="36.102584" lon="120.470611"/>
      <trkpt lat="36.10246" lon="120.470624"/>
      <trkpt lat="36.102326" lon="120.470625"/>
      <trkpt lat="36.102194" lon="120.470633"/>
      <trkpt lat="36.102066" lon="120.470648"/>
      <trkpt lat="36.101936" lon="120.470662"/>
      <trkpt lat="36.101807" lon="120.470674"/>
      <trkpt lat="36.101681" lon="120.470688"/>
      <trkpt lat="36.101558" lon="120.470706"/>
      <trkpt lat="36.101434" lon="120.470721"/>
      <trkpt lat="36.101311" lon="120.470733"/>
      <trkpt lat="36.10119" lon="120.470739"/>
      <trkpt lat="36.101072" lon="120.47075"/>
      <trkpt lat="36.100957" lon="120.470764"/>
      <trkpt lat="36.100849" lon="120.470784"/>
      <trkpt lat="36.100748" lon="120.470798"/>
      <trkpt lat="36.100654" lon="120.470801"/>
      <trkpt lat="36.100572" lon="120.470798"/>
      <trkpt lat="36.100513" lon="120.470784"/>
      <trkpt lat="36.100481" lon="120.470762"/>
      <trkpt lat="36.100438" lon="120.470725"/>
      <trkpt lat="36.100381" lon="120.470743"/>
      <trkpt lat="36.100329" lon="120.470754"/>
      <trkpt lat="36.100283" lon="120.470759"/>
      <trkpt lat="36.100249" lon="120.470772"/>
      <trkpt lat="36.100225" lon="120.470831"/>
      <trkpt lat="36.100232" lon="120.470883"/>
      <trkpt lat="36.100245" lon="120.470942"/>
      <trkpt lat="36.100265" lon="120.471"/>
      <trkpt lat="36.100294" lon="120.471058"/>
      <trkpt lat="36.100326" lon="120.471117"/>
      <trkpt lat="36.100359" lon="120.471187"/>
      <trkpt lat="36.100386" lon="120.471267"/>
      <trkpt lat="36.100406" lon="120.47135"/>
      <trkpt lat="36.100416" lon="120.471439"/>
      <trkpt lat="36.100424" lon="120.471531"/>
      <trkpt lat="36.100434" lon="120.471623"/>
      <trkpt lat="36.100449" lon="120.471716"/>
      <trkpt lat="36.100463" lon="120.471811"/>
      <trkpt lat="36.100475" lon="120.471909"/>
      <trkpt lat="36.10049" lon="120.472007"/>
      <trkpt lat="36.100511" lon="120.472105"/>
      <trkpt lat="36.100533" lon="120.472205"/>
      <trkpt lat="36.100551" lon="120.472305"/>
      <trkpt lat="36.100563" lon="120.472409"/>
      <trkpt lat="36.10057" lon="120.472511"/>
      <trkpt lat="36.100579" lon="120.472611"/>
      <trkpt lat="36.100591" lon="120.472707"/>
      <trkpt lat="36.100604" lon="120.472802"/>
      <trkpt lat="36.100614" lon="120.472898"/>
      <trkpt lat="36.100624" lon="120.47299"/>
      <trkpt lat="36.100633" lon="120.473079"/>
      <trkpt lat="36.10064" lon="120.473165"/>
      <trkpt lat="36.100645" lon="120.473254"/>
      <trkpt lat="36.100654" lon="120.473346"/>
      <trkpt lat="36.100667" lon="120.473439"/>
      <trkpt lat="36.100674" lon="120.473532"/>
      <trkpt lat="36.10066" lon="120.473628"/>
      <trkpt lat="36.100621" lon="120.473717"/>
      <trkpt lat="36.100559" lon="120.473785"/>
      <trkpt lat="36.100481" lon="120.47382"/>
      <trkpt lat="36.100396" lon="120.473819"/>
      <trkpt lat="36.100303" lon="120.473796"/>
      <trkpt lat="36.10021" lon="120.473772"/>
      <trkpt lat="36.100118" lon="120.473754"/>
      <trkpt lat="36.100026" lon="120.473739"/>
      <trkpt lat="36.099929" lon="120.473725"/>
      <trkpt lat="36.09983" lon="120.473714"/>
      <trkpt lat="36.099729" lon="120.473706"/>
      <trkpt lat="36.099629" lon="120.4737"/>
      <trkpt lat="36.099522" lon="120.47369"/>
      <trkpt lat="36.099416" lon="120.473675"/>
      <trkpt lat="36.099317" lon="120.473662"/>
      <trkpt lat="36.099226" lon="120.473647"/>
      <trkpt lat="36.09913" lon="120.473633"/>
      <trkpt lat="36.09902" lon="120.47362"/>
      <trkpt lat="36.098904" lon="120.473614"/>
      <trkpt lat="36.098788" lon="120.473615"/>
      <trkpt lat="36.098672" lon="120.473623"/>
      <trkpt lat="36.09855" lon="120.473648"/>
      <trkpt lat="36.098434" lon="120.473708"/>
      <trkpt lat="36.098339" lon="120.473809"/>
      <trkpt lat="36.098276" lon="120.473935"/>
      <trkpt lat="36.098248" lon="120.474069"/>
      <trkpt lat="36.098243" lon="120.474202"/>
      <trkpt lat="36.098249" lon="120.474335"/>
      <trkpt lat="36.098254" lon="120.474466"/>
      <trkpt lat="36.098252" lon="120.474594"/>
      <trkpt lat="36.09825" lon="120.474718"/>
      <trkpt lat="36.09825" lon="120.47484"/>
      <trkpt lat="36.098255" lon="120.474961"/>
      <trkpt lat="36.098268" lon="120.475077"/>
      <trkpt lat="36.098282" lon="120.475182"/>
      <trkpt lat="36.098298" lon="120.475275"/>
      <trkpt lat="36.098316" lon="120.475358"/>
      <trkpt lat="36.098333" lon="120.475466"/>
      <trkpt lat="36.098348" lon="120.475579"/>
      <trkpt lat="36.098354" lon="120.475688"/>
      <trkpt lat="36.098357" lon="120.475768"/>
      <trkpt lat="36.098363" lon="120.475848"/>
      <trkpt lat="36.098367" lon="120.475928"/>
      <trkpt lat="36.098372" lon="120.476006"/>
      <trkpt lat="36.098375" lon="120.476081"/>
      <trkpt lat="36.098381" lon="120.476155"/>
      <trkpt lat="36.098389" lon="120.476227"/>
      <trkpt lat="36.098397" lon="120.476297"/>
      <trkpt lat="36.098403" lon="120.476358"/>
      <trkpt lat="36.098405" lon="120.476417"/>
      <trkpt lat="36.098408" lon="120.476481"/>
      <trkpt lat="36.098411" lon="120.476555"/>
      <trkpt lat="36.098411" lon="120.476632"/>
      <trkpt lat="36.098404" lon="120.476699"/>
      <trkpt lat="36.098399" lon="120.476766"/>
      <trkpt lat="36.098393" lon="120.476831"/>
      <trkpt lat="36.098393" lon="120.476904"/>
      <trkpt lat="36.098391" lon="120.476975"/>
      <trkpt lat="36.09839" lon="120.477044"/>
      <trkpt lat="36.09839" lon="120.477108"/>
      <trkpt lat="36.098388" lon="120.477169"/>
      <trkpt lat="36.098381" lon="120.477232"/>
      <trkpt lat="36.09837" lon="120.477297"/>
      <trkpt lat="36.098357" lon="120.477363"/>
      <trkpt lat="36.098347" lon="120.477426"/>
      <trkpt lat="36.098337" lon="120.477489"/>
      <trkpt lat="36.098328" lon="120.477557"/>
      <trkpt lat="36.098316" lon="120.477629"/>
      <trkpt lat="36.098303" lon="120.477698"/>
      <trkpt lat="36.098287" lon="120.477766"/>
      <trkpt lat="36.098274" lon="120.477836"/>
      <trkpt lat="36.098263" lon="120.477905"/>
      <trkpt lat="36.098251" lon="120.477967"/>
      <trkpt lat="36.098239" lon="120.478021"/>
      <trkpt lat="36.098226" lon="120.478079"/>
      <trkpt lat="36.098214" lon="120.478142"/>
      <trkpt lat="36.098202" lon="120.478207"/>
      <trkpt lat="36.098192" lon="120.478262"/>
      <trkpt lat="36.098184" lon="120.47832"/>
      <trkpt lat="36.098176" lon="120.478373"/>
      <trkpt lat="36.098167" lon="120.478438"/>
      <trkpt lat="36.098157" lon="120.478501"/>
      <trkpt lat="36.098145" lon="120.478572"/>
      <trkpt lat="36.098129" lon="120.478639"/>
      <trkpt lat="36.098112" lon="120.478702"/>
      <trkpt lat="36.098095" lon="120.478765"/>
      <trkpt lat="36.098078" lon="120.478828"/>
      <trkpt lat="36.098058" lon="120.478891"/>
      <trkpt lat="36.098038" lon="120.478961"/>
      <trkpt lat="36.098013" lon="120.479038"/>
      <trkpt lat="36.097986" lon="120.479121"/>
      <trkpt lat="36.097959" lon="120.479209"/>
      <trkpt lat="36.097933" lon="120.479303"/>
      <trkpt lat="36.097907" lon="120.479396"/>
      <trkpt lat="36.09788" lon="120.479487"/>
      <trkpt lat="36.097858" lon="120.479577"/>
      <trkpt lat="36.097837" lon="120.479667"/>
      <trkpt lat="36.097819" lon="120.479754"/>
      <trkpt lat="36.097785" lon="120.479888"/>
      <trkpt lat="36.097746" lon="120.480035"/>
      <trkpt lat="36.097702" lon="120.480191"/>
      <trkpt lat="36.097672" lon="120.48031"/>
      <trkpt lat="36.097645" lon="120.480426"/>
      <trkpt lat="36.09762" lon="120.480539"/>
      <trkpt lat="36.097601" lon="120.480645"/>
      <trkpt lat="36.097581" lon="120.480745"/>
      <trkpt lat="36.097562" lon="120.480843"/>
      <trkpt lat="36.09754" lon="120.480942"/>
      <trkpt lat="36.097511" lon="120.481048"/>
      <trkpt lat="36.097477" lon="120.481161"/>
      <trkpt lat="36.097441" lon="120.481279"/>
      <trkpt lat="36.097404" lon="120.481396"/>
      <trkpt lat="36.097369" lon="120.481511"/>
      <trkpt lat="36.097337" lon="120.481622"/>
      <trkpt lat="36.097305" lon="120.481734"/>
      <trkpt lat="36.097272" lon="120.481846"/>
      <trkpt lat="36.097243" lon="120.481959"/>
      <trkpt lat="36.097218" lon="120.482074"/>
      <trkpt lat="36.097198" lon="120.482187"/>
      <trkpt lat="36.097179" lon="120.482296"/>
      <trkpt lat="36.097156" lon="120.482395"/>
      <trkpt lat="36.09713" lon="120.48249"/>
      <trkpt lat="36.097102" lon="120.482587"/>
      <trkpt lat="36.097075" lon="120.482685"/>
      <trkpt lat="36.09705" lon="120.482794"/>
      <trkpt lat="36.097025" lon="120.482902"/>
      <trkpt lat="36.096996" lon="120.483014"/>
      <trkpt lat="36.096961" lon="120.483117"/>
      <trkpt lat="36.096928" lon="120.483218"/>
      <trkpt lat="36.096897" lon="120.483322"/>
      <trkpt lat="36.096867" lon="120.483428"/>
      <trkpt lat="36.096838" lon="120.483532"/>
      <trkpt lat="36.096811" lon="120.483636"/>
      <trkpt lat="36.096783" lon="120.483737"/>
      <trkpt lat="36.09676" lon="120.483832"/>
      <trkpt lat="36.096737" lon="120.48392"/>
      <trkpt lat="36.096718" lon="120.484006"/>
      <trkpt lat="36.096694" lon="120.484092"/>
      <trkpt lat="36.096673" lon="120.484177"/>
      <trkpt lat="36.09665" lon="120.484262"/>
      <trkpt lat="36.096628" lon="120.48434"/>
      <trkpt lat="36.096606" lon="120.484417"/>
      <trkpt lat="36.096586" lon="120.484495"/>
      <trkpt lat="36.096568" lon="120.484573"/>
      <trkpt lat="36.096551" lon="120.484646"/>
      <trkpt lat="36.096535" lon="120.484713"/>
      <trkpt lat="36.096519" lon="120.484771"/>
      <trkpt lat="36.096504" lon="120.484828"/>
      <trkpt lat="36.096486" lon="120.484891"/>
      <trkpt lat="36.096469" lon="120.484961"/>
      <trkpt lat="36.096453" lon="120.485031"/>
      <trkpt lat="36.09644" lon="120.485096"/>
      <trkpt lat="36.096425" lon="120.485158"/>
      <trkpt lat="36.096407" lon="120.485223"/>
      <trkpt lat="36.096389" lon="120.485288"/>
      <trkpt lat="36.096371" lon="120.485355"/>
      <trkpt lat="36.096354" lon="120.485423"/>
      <trkpt lat="36.096338" lon="120.485495"/>
      <trkpt lat="36.09632" lon="120.485567"/>
      <trkpt lat="36.096305" lon="120.485636"/>
      <trkpt lat="36.09629" lon="120.485701"/>
      <trkpt lat="36.096275" lon="120.485765"/>
      <trkpt lat="36.096256" lon="120.485829"/>
      <trkpt lat="36.096236" lon="120.485897"/>
      <trkpt lat="36.096215" lon="120.485961"/>
      <trkpt lat="36.096196" lon="120.486024"/>
      <trkpt lat="36.096179" lon="120.486084"/>
      <trkpt lat="36.096164" lon="120.486147"/>
      <trkpt lat="36.096148" lon="120.486209"/>
      <trkpt lat="36.09613" lon="120.486271"/>
      <trkpt lat="36.096115" lon="120.48633"/>
      <trkpt lat="36.096099" lon="120.486388"/>
      <trkpt lat="36.096086" lon="120.486444"/>
      <trkpt lat="36.096074" lon="120.486501"/>
      <trkpt lat="36.096062" lon="120.486556"/>
      <trkpt lat="36.096049" lon="120.486605"/>
      <trkpt lat="36.096036" lon="120.486648"/>
      <trkpt lat="36.096025" lon="120.486689"/>
      <trkpt lat="36.096015" lon="120.486737"/>
      <trkpt lat="36.096002" lon="120.486792"/>
      <trkpt lat="36.095983" lon="120.486847"/>
      <trkpt lat="36.095961" lon="120.486899"/>
      <trkpt lat="36.095944" lon="120.486951"/>
      <trkpt lat="36.095933" lon="120.487008"/>
      <trkpt lat="36.095922" lon="120.48707"/>
      <trkpt lat="36.095906" lon="120.487139"/>
      <trkpt lat="36.09588" lon="120.48721"/>
      <trkpt lat="36.095854" lon="120.487283"/>
      <trkpt lat="36.095828" lon="120.487358"/>
      <trkpt lat="36.095807" lon="120.487432"/>
      <trkpt lat="36.095789" lon="120.487504"/>
      <trkpt lat="36.095774" lon="120.487576"/>
      <trkpt lat="36.095764" lon="120.487646"/>
      <trkpt lat="36.095751" lon="120.487714"/>
      <trkpt lat="36.09573" lon="120.487782"/>
      <trkpt lat="36.095703" lon="120.487853"/>
      <trkpt lat="36.095676" lon="120.487926"/>
      <trkpt lat="36.095654" lon="120.488003"/>
      <trkpt lat="36.095635" lon="120.488086"/>
      <trkpt lat="36.095618" lon="120.488168"/>
      <trkpt lat="36.095604" lon="120.48825"/>
      <trkpt lat="36.095588" lon="120.488331"/>
      <trkpt lat="36.095574" lon="120.488415"/>
      <trkpt lat="36.095561" lon="120.488503"/>
      <trkpt lat="36.095553" lon="120.488594"/>
      <trkpt lat="36.095545" lon="120.488684"/>
      <trkpt lat="36.095538" lon="120.488772"/>
      <trkpt lat="36.095526" lon="120.488858"/>
      <trkpt lat="36.095506" lon="120.488936"/>
      <trkpt lat="36.095482" lon="120.489015"/>
      <trkpt lat="36.095458" lon="120.489098"/>
      <trkpt lat="36.095436" lon="120.489186"/>
      <trkpt lat="36.09541" lon="120.489276"/>
      <trkpt lat="36.095379" lon="120.489364"/>
      <trkpt lat="36.095344" lon="120.489454"/>
      <trkpt lat="36.095311" lon="120.489545"/>
      <trkpt lat="36.095284" lon="120.489642"/>
      <trkpt lat="36.095265" lon="120.48974"/>
      <trkpt lat="36.095247" lon="120.489839"/>
      <trkpt lat="36.095226" lon="120.489934"/>
      <trkpt lat="36.095203" lon="120.49003"/>
      <trkpt lat="36.095182" lon="120.490126"/>
      <trkpt lat="36.095167" lon="120.490221"/>
      <trkpt lat="36.095155" lon="120.490318"/>
      <trkpt lat="36.09514" lon="120.490417"/>
      <trkpt lat="36.095117" lon="120.490519"/>
      <trkpt lat="36.095091" lon="120.490618"/>
      <trkpt lat="36.095064" lon="120.490717"/>
      <trkpt lat="36.095036" lon="120.490817"/>
      <trkpt lat="36.094999" lon="120.490921"/>
      <trkpt lat="36.094956" lon="120.491021"/>
      <trkpt lat="36.094929" lon="120.491113"/>
      <trkpt lat="36.094926" lon="120.491198"/>
      <trkpt lat="36.094931" lon="120.491287"/>
      <trkpt lat="36.094919" lon="120.491377"/>
      <trkpt lat="36.094887" lon="120.491464"/>
      <trkpt lat="36.094854" lon="120.491546"/>
      <trkpt lat="36.094832" lon="120.491627"/>
      <trkpt lat="36.094818" lon="120.491713"/>
      <trkpt lat="36.094805" lon="120.491806"/>
      <trkpt lat="36.094789" lon="120.491906"/>
      <trkpt lat="36.09477" lon="120.492012"/>
      <trkpt lat="36.094753" lon="120.492119"/>
      <trkpt lat="36.094739" lon="120.492224"/>
      <trkpt lat="36.094723" lon="120.492327"/>
      <trkpt lat="36.094708" lon="120.492427"/>
      <trkpt lat="36.094695" lon="120.492527"/>
      <trkpt lat="36.094678" lon="120.49262"/>
      <trkpt lat="36.094649" lon="120.492714"/>
      <trkpt lat="36.094617" lon="120.492813"/>
      <trkpt lat="36.094595" lon="120.49292"/>
      <trkpt lat="36.094584" lon="120.49303"/>
      <trkpt lat="36.094577" lon="120.493138"/>
      <trkpt lat="36.094569" lon="120.493246"/>
      <trkpt lat="36.09456" lon="120.493356"/>
      <trkpt lat="36.094553" lon="120.493469"/>
      <trkpt lat="36.094551" lon="120.493578"/>
      <trkpt lat="36.094553" lon="120.493687"/>
      <trkpt lat="36.094553" lon="120.493793"/>
      <trkpt lat="36.094553" lon="120.493901"/>
      <trkpt lat="36.094554" lon="120.494004"/>
      <trkpt lat="36.094556" lon="120.494107"/>
      <trkpt lat="36.094559" lon="120.494212"/>
      <trkpt lat="36.094559" lon="120.494324"/>
      <trkpt lat="36.094562" lon="120.494427"/>
      <trkpt lat="36.094564" lon="120.494527"/>
      <trkpt lat="36.094567" lon="120.494613"/>
      <trkpt lat="36.094565" lon="120.494698"/>
      <trkpt lat="36.09457" lon="120.494801"/>
      <trkpt lat="36.094585" lon="120.494912"/>
      <trkpt lat="36.094611" lon="120.495032"/>
      <trkpt lat="36.094634" lon="120.495133"/>
      <trkpt lat="36.094651" lon="120.495226"/>
      <trkpt lat="36.094658" lon="120.495317"/>
      <trkpt lat="36.094657" lon="120.495395"/>
      <trkpt lat="36.094661" lon="120.495473"/>
      <trkpt lat="36.094671" lon="120.495548"/>
      <trkpt lat="36.094688" lon="120.495634"/>
      <trkpt lat="36.0947" lon="120.495718"/>
      <trkpt lat="36.094705" lon="120.495806"/>
      <trkpt lat="36.09471" lon="120.495908"/>
      <trkpt lat="36.094716" lon="120.496019"/>
      <trkpt lat="36.094722" lon="120.49614"/>
      <trkpt lat="36.094726" lon="120.496262"/>
      <trkpt lat="36.094727" lon="120.496381"/>
      <trkpt lat="36.094731" lon="120.496488"/>
      <trkpt lat="36.094735" lon="120.496588"/>
      <trkpt lat="36.094738" lon="120.496677"/>
      <trkpt lat="36.094739" lon="120.496765"/>
      <trkpt lat="36.094739" lon="120.496858"/>
      <trkpt lat="36.094734" lon="120.496967"/>
      <trkpt lat="36.094725" lon="120.497087"/>
      <trkpt lat="36.094713" lon="120.497206"/>
      <trkpt lat="36.094699" lon="120.49732"/>
      <trkpt lat="36.09468" lon="120.497422"/>
      <trkpt lat="36.094655" lon="120.497522"/>
      <trkpt lat="36.09463" lon="120.497622"/>
      <trkpt lat="36.094607" lon="120.497728"/>
      <trkpt lat="36.094589" lon="120.497833"/>
      <trkpt lat="36.094571" lon="120.497934"/>
      <trkpt lat="36.094549" lon="120.498032"/>
      <trkpt lat="36.094525" lon="120.498127"/>
      <trkpt lat="36.094504" lon="120.498219"/>
      <trkpt lat="36.094484" lon="120.49831"/>
      <trkpt lat="36.094461" lon="120.498404"/>
      <trkpt lat="36.094437" lon="120.498502"/>
      <trkpt lat="36.094414" lon="120.498604"/>
      <trkpt lat="36.094392" lon="120.498706"/>
      <trkpt lat="36.094372" lon="120.498807"/>
      <trkpt lat="36.094353" lon="120.49891"/>
      <trkpt lat="36.094334" lon="120.499015"/>
      <trkpt lat="36.094316" lon="120.499121"/>
      <trkpt lat="36.094302" lon="120.49923"/>
      <trkpt lat="36.094286" lon="120.499338"/>
      <trkpt lat="36.094267" lon="120.499444"/>
      <trkpt lat="36.094243" lon="120.499549"/>
      <trkpt lat="36.094214" lon="120.499653"/>
      <trkpt lat="36.094182" lon="120.49975"/>
      <trkpt lat="36.094153" lon="120.499846"/>
      <trkpt lat="36.094132" lon="120.499943"/>
      <trkpt lat="36.094112" lon="120.500046"/>
      <trkpt lat="36.09409" lon="120.500149"/>
      <trkpt lat="36.094069" lon="120.50025"/>
      <trkpt lat="36.094047" lon="120.500349"/>
      <trkpt lat="36.094029" lon="120.500452"/>
      <trkpt lat="36.094016" lon="120.500559"/>
      <trkpt lat="36.094004" lon="120.500675"/>
      <trkpt lat="36.093986" lon="120.500793"/>
      <trkpt lat="36.093956" lon="120.500908"/>
      <trkpt lat="36.093918" lon="120.50102"/>
      <trkpt lat="36.093883" lon="120.501134"/>
      <trkpt lat="36.09386" lon="120.50125"/>
      <trkpt lat="36.093849" lon="120.501363"/>
      <trkpt lat="36.093844" lon="120.501474"/>
      <trkpt lat="36.093835" lon="120.501587"/>
      <trkpt lat="36.093819" lon="120.501704"/>
      <trkpt lat="36.093799" lon="120.501824"/>
      <trkpt lat="36.093782" lon="120.501945"/>
      <trkpt lat="36.093768" lon="120.502065"/>
      <trkpt lat="36.093761" lon="120.502193"/>
      <trkpt lat="36.093761" lon="120.502326"/>
      <trkpt lat="36.093763" lon="120.502464"/>
      <trkpt lat="36.093764" lon="120.502596"/>
      <trkpt lat="36.093767" lon="120.502722"/>
      <trkpt lat="36.09377" lon="120.502851"/>
      <trkpt lat="36.093781" lon="120.502985"/>
      <trkpt lat="36.093799" lon="120.503125"/>
      <trkpt lat="36.093829" lon="120.503268"/>
      <trkpt lat="36.093861" lon="120.503415"/>
      <trkpt lat="36.093896" lon="120.503565"/>
      <trkpt lat="36.093935" lon="120.503721"/>
      <trkpt lat="36.093979" lon="120.503885"/>
      <trkpt lat="36.09403" lon="120.504045"/>
      <trkpt lat="36.094075" lon="120.504199"/>
      <trkpt lat="36.094119" lon="120.504339"/>
      <trkpt lat="36.094157" lon="120.504477"/>
      <trkpt lat="36.094194" lon="120.504611"/>
      <trkpt lat="36.094229" lon="120.504743"/>
      <trkpt lat="36.094265" lon="120.50487"/>
      <trkpt lat="36.094303" lon="120.504999"/>
      <trkpt lat="36.09434" lon="120.50513"/>
      <trkpt lat="36.094375" lon="120.50526"/>
      <trkpt lat="36.094408" lon="120.505385"/>
      <trkpt lat="36.09444" lon="120.505503"/>
      <trkpt lat="36.094474" lon="120.505622"/>
      <trkpt lat="36.094514" lon="120.505743"/>
      <trkpt lat="36.094552" lon="120.505864"/>
      <trkpt lat="36.094589" lon="120.505982"/>
      <trkpt lat="36.09462" lon="120.506093"/>
      <trkpt lat="36.094639" lon="120.506199"/>
      <trkpt lat="36.094651" lon="120.506293"/>
      <trkpt lat="36.09466" lon="120.506377"/>
      <trkpt lat="36.094678" lon="120.506455"/>
      <trkpt lat="36.094699" lon="120.506528"/>
      <trkpt lat="36.094725" lon="120.506602"/>
      <trkpt lat="36.094745" lon="120.506677"/>
      <trkpt lat="36.094759" lon="120.506757"/>
      <trkpt lat="36.094768" lon="120.50684"/>
      <trkpt lat="36.094778" lon="120.506923"/>
      <trkpt lat="36.094792" lon="120.507005"/>
      <trkpt lat="36.09481" lon="120.507086"/>
      <trkpt lat="36.094827" lon="120.507165"/>
      <trkpt lat="36.094843" lon="120.507238"/>
      <trkpt lat="36.094858" lon="120.507307"/>
      <trkpt lat="36.094873" lon="120.507371"/>
      <trkpt lat="36.094888" lon="120.507426"/>
      <trkpt lat="36.094907" lon="120.507478"/>
      <trkpt lat="36.094933" lon="120.507535"/>
      <trkpt lat="36.094966" lon="120.507601"/>
      <trkpt lat="36.095004" lon="120.507716"/>
      <trkpt lat="36.095038" lon="120.507832"/>
      <trkpt lat="36.095061" lon="120.507947"/>
      <trkpt lat="36.095074" lon="120.508018"/>
      <trkpt lat="36.095085" lon="120.508092"/>
      <trkpt lat="36.0951" lon="120.508165"/>
      <trkpt lat="36.095117" lon="120.508243"/>
      <trkpt lat="36.095137" lon="120.508328"/>
      <trkpt lat="36.09515" lon="120.508424"/>
      <trkpt lat="36.095158" lon="120.508519"/>
      <trkpt lat="36.095163" lon="120.508607"/>
      <trkpt lat="36.095178" lon="120.508693"/>
      <trkpt lat="36.095202" lon="120.508782"/>
      <trkpt lat="36.095225" lon="120.508882"/>
      <trkpt lat="36.095242" lon="120.508986"/>
      <trkpt lat="36.095256" lon="120.509085"/>
      <trkpt lat="36.09528" lon="120.509175"/>
      <trkpt lat="36.095309" lon="120.509267"/>
      <trkpt lat="36.095341" lon="120.509371"/>
      <trkpt lat="36.095369" lon="120.509496"/>
      <trkpt lat="36.095404" lon="120.509628"/>
      <trkpt lat="36.095447" lon="120.509761"/>
      <trkpt lat="36.095498" lon="120.509884"/>
      <trkpt lat="36.095558" lon="120.509996"/>
      <trkpt lat="36.095621" lon="120.510104"/>
      <trkpt lat="36.09568" lon="120.510221"/>
      <trkpt lat="36.095727" lon="120.510334"/>
      <trkpt lat="36.095772" lon="120.510449"/>
      <trkpt lat="36.095827" lon="120.510559"/>
      <trkpt lat="36.095888" lon="120.510681"/>
      <trkpt lat="36.095956" lon="120.5108"/>
      <trkpt lat="36.096032" lon="120.510923"/>
      <trkpt lat="36.096106" lon="120.511049"/>
      <trkpt lat="36.096176" lon="120.511176"/>
      <trkpt lat="36.096239" lon="120.5113"/>
      <trkpt lat="36.096298" lon="120.511423"/>
      <trkpt lat="36.096356" lon="120.51155"/>
      <trkpt lat="36.096416" lon="120.511683"/>
      <trkpt lat="36.096477" lon="120.511814"/>
      <trkpt lat="36.096538" lon="120.511944"/>
      <trkpt lat="36.096597" lon="120.512067"/>
      <trkpt lat="36.096652" lon="120.512192"/>
      <trkpt lat="36.096708" lon="120.512308"/>
      <trkpt lat="36.096769" lon="120.512423"/>
      <trkpt lat="36.096827" lon="120.512537"/>
      <trkpt lat="36.096882" lon="120.512656"/>
      <trkpt lat="36.096939" lon="120.51278"/>
      <trkpt lat="36.096998" lon="120.512909"/>
      <trkpt lat="36.097065" lon="120.513043"/>
      <trkpt lat="36.097134" lon="120.513188"/>
      <trkpt lat="36.097202" lon="120.513337"/>
      <trkpt lat="36.097257" lon="120.513475"/>
      <trkpt lat="36.097301" lon="120.513593"/>
      <trkpt lat="36.09734" lon="120.513691"/>
      <trkpt lat="36.097382" lon="120.513793"/>
      <trkpt lat="36.097432" lon="120.51391"/>
      <trkpt lat="36.097485" lon="120.514048"/>
      <trkpt lat="36.097542" lon="120.514202"/>
      <trkpt lat="36.097598" lon="120.514359"/>
      <trkpt lat="36.097655" lon="120.514521"/>
      <trkpt lat="36.097712" lon="120.514682"/>
      <trkpt lat="36.097764" lon="120.514848"/>
      <trkpt lat="36.097811" lon="120.515006"/>
      <trkpt lat="36.097857" lon="120.515157"/>
      <trkpt lat="36.097901" lon="120.515305"/>
      <trkpt lat="36.097942" lon="120.515448"/>
      <trkpt lat="36.097974" lon="120.515585"/>
      <trkpt lat="36.098001" lon="120.515707"/>
      <trkpt lat="36.098026" lon="120.515825"/>
      <trkpt lat="36.098051" lon="120.515942"/>
      <trkpt lat="36.098084" lon="120.51606"/>
      <trkpt lat="36.098116" lon="120.516176"/>
      <trkpt lat="36.09815" lon="120.516283"/>
      <trkpt lat="36.098179" lon="120.516378"/>
      <trkpt lat="36.098199" lon="120.516467"/>
      <trkpt lat="36.098213" lon="120.516558"/>
      <trkpt lat="36.098227" lon="120.516658"/>
      <trkpt lat="36.098244" lon="120.516755"/>
      <trkpt lat="36.098267" lon="120.516849"/>
      <trkpt lat="36.098299" lon="120.516941"/>
      <trkpt lat="36.098336" lon="120.51704"/>
      <trkpt lat="36.098378" lon="120.517151"/>
      <trkpt lat="36.098422" lon="120.517271"/>
      <trkpt lat="36.09847" lon="120.517392"/>
      <trkpt lat="36.098524" lon="120.517506"/>
      <trkpt lat="36.098578" lon="120.517615"/>
      <trkpt lat="36.098636" lon="120.517721"/>
      <trkpt lat="36.098693" lon="120.517826"/>
      <trkpt lat="36.098743" lon="120.517926"/>
      <trkpt lat="36.098781" lon="120.518023"/>
      <trkpt lat="36.098818" lon="120.51811"/>
      <trkpt lat="36.098852" lon="120.518191"/>
      <trkpt lat="36.098887" lon="120.518261"/>
      <trkpt lat="36.098914" lon="120.518332"/>
      <trkpt lat="36.098942" lon="120.518406"/>
      <trkpt lat="36.098969" lon="120.51849"/>
      <trkpt lat="36.098997" lon="120.518579"/>
      <trkpt lat="36.099025" lon="120.51879"/>
      <trkpt lat="36.099045" lon="120.519004"/>
      <trkpt lat="36.099058" lon="120.519213"/>
      <trkpt lat="36.099061" lon="120.519301"/>
      <trkpt lat="36.09906" lon="120.519379"/>
      <trkpt lat="36.09905" lon="120.51945"/>
      <trkpt lat="36.099039" lon="120.519508"/>
      <trkpt lat="36.099033" lon="120.519551"/>
      <trkpt lat="36.09906" lon="120.519581"/>
      <trkpt lat="36.09905" lon="120.519708"/>
      <trkpt lat="36.099035" lon="120.5198"/>
      <trkpt lat="36.099024" lon="120.5199"/>
      <trkpt lat="36.099015" lon="120.520009"/>
      <trkpt lat="36.099009" lon="120.52012"/>
      <trkpt lat="36.099002" lon="120.520221"/>
      <trkpt lat="36.099" lon="120.520312"/>
      <trkpt lat="36.099" lon="120.520396"/>
      <trkpt lat="36.099002" lon="120.520477"/>
      <trkpt lat="36.099004" lon="120.520569"/>
      <trkpt lat="36.099013" lon="120.52067"/>
      <trkpt lat="36.099027" lon="120.520781"/>
      <trkpt lat="36.099047" lon="120.520897"/>
      <trkpt lat="36.099075" lon="120.521016"/>
      <trkpt lat="36.099111" lon="120.521132"/>
      <trkpt lat="36.099153" lon="120.521235"/>
      <trkpt lat="36.099196" lon="120.521331"/>
      <trkpt lat="36.099244" lon="120.521429"/>
      <trkpt lat="36.099299" lon="120.521528"/>
      <trkpt lat="36.099359" lon="120.521629"/>
      <trkpt lat="36.099421" lon="120.521731"/>
      <trkpt lat="36.099484" lon="120.521832"/>
      <trkpt lat="36.099547" lon="120.521931"/>
      <trkpt lat="36.099608" lon="120.522028"/>
      <trkpt lat="36.099657" lon="120.522135"/>
      <trkpt lat="36.099696" lon="120.522247"/>
      <trkpt lat="36.099734" lon="120.522346"/>
      <trkpt lat="36.099786" lon="120.52243"/>
      <trkpt lat="36.099846" lon="120.522511"/>
      <trkpt lat="36.099905" lon="120.522597"/>
      <trkpt lat="36.099956" lon="120.52269"/>
      <trkpt lat="36.100007" lon="120.522783"/>
      <trkpt lat="36.100063" lon="120.522878"/>
      <trkpt lat="36.100124" lon="120.522974"/>
      <trkpt lat="36.100184" lon="120.523074"/>
      <trkpt lat="36.100242" lon="120.523173"/>
      <trkpt lat="36.1003" lon="120.523264"/>
      <trkpt lat="36.100355" lon="120.523361"/>
      <trkpt lat="36.100405" lon="120.523457"/>
      <trkpt lat="36.100447" lon="120.523522"/>
      <trkpt lat="36.1005" lon="120.523577"/>
      <trkpt lat="36.10053" lon="120.523638"/>
      <trkpt lat="36.100566" lon="120.523714"/>
      <trkpt lat="36.100607" lon="120.523802"/>
      <trkpt lat="36.100651" lon="120.523896"/>
      <trkpt lat="36.100697" lon="120.523991"/>
      <trkpt lat="36.100744" lon="120.524096"/>
      <trkpt lat="36.100789" lon="120.524208"/>
      <trkpt lat="36.100834" lon="120.524324"/>
      <trkpt lat="36.100882" lon="120.52444"/>
      <trkpt lat="36.100932" lon="120.524554"/>
      <trkpt lat="36.100975" lon="120.524661"/>
      <trkpt lat="36.101009" lon="120.524762"/>
      <trkpt lat="36.101035" lon="120.524863"/>
      <trkpt lat="36.101062" lon="120.524971"/>
      <trkpt lat="36.101094" lon="120.525089"/>
      <trkpt lat="36.101128" lon="120.525218"/>
      <trkpt lat="36.101161" lon="120.525352"/>
      <trkpt lat="36.101193" lon="120.525483"/>
      <trkpt lat="36.101216" lon="120.525604"/>
      <trkpt lat="36.101231" lon="120.525698"/>
      <trkpt lat="36.101242" lon="120.525774"/>
      <trkpt lat="36.101263" lon="120.525837"/>
      <trkpt lat="36.10129" lon="120.525906"/>
      <trkpt lat="36.101316" lon="120.525988"/>
      <trkpt lat="36.101333" lon="120.526086"/>
      <trkpt lat="36.101352" lon="120.526194"/>
      <trkpt lat="36.10138" lon="120.526304"/>
      <trkpt lat="36.101412" lon="120.526416"/>
      <trkpt lat="36.101444" lon="120.526531"/>
      <trkpt lat="36.101479" lon="120.526655"/>
      <trkpt lat="36.101517" lon="120.526778"/>
      <trkpt lat="36.101561" lon="120.526902"/>
      <trkpt lat="36.101609" lon="120.52702"/>
      <trkpt lat="36.101655" lon="120.527142"/>
      <trkpt lat="36.101697" lon="120.527267"/>
      <trkpt lat="36.101737" lon="120.527391"/>
      <trkpt lat="36.101767" lon="120.527508"/>
      <trkpt lat="36.101782" lon="120.527616"/>
      <trkpt lat="36.101791" lon="120.527723"/>
      <trkpt lat="36.101811" lon="120.52783"/>
      <trkpt lat="36.101854" lon="120.527924"/>
      <trkpt lat="36.101901" lon="120.528008"/>
      <trkpt lat="36.101973" lon="120.528077"/>
      <trkpt lat="36.10197" lon="120.528085"/>
      <trkpt lat="36.101989" lon="120.528137"/>
      <trkpt lat="36.102004" lon="120.528196"/>
      <trkpt lat="36.102022" lon="120.528256"/>
      <trkpt lat="36.102044" lon="120.528309"/>
      <trkpt lat="36.102075" lon="120.528355"/>
      <trkpt lat="36.102105" lon="120.528405"/>
      <trkpt lat="36.102129" lon="120.528466"/>
      <trkpt lat="36.102147" lon="120.528541"/>
      <trkpt lat="36.102159" lon="120.528627"/>
      <trkpt lat="36.102173" lon="120.528715"/>
      <trkpt lat="36.10219" lon="120.528802"/>
      <trkpt lat="36.102209" lon="120.528888"/>
      <trkpt lat="36.102228" lon="120.528976"/>
      <trkpt lat="36.102246" lon="120.52906"/>
      <trkpt lat="36.102262" lon="120.52914"/>
      <trkpt lat="36.102278" lon="120.529224"/>
      <trkpt lat="36.102296" lon="120.529318"/>
      <trkpt lat="36.102315" lon="120.529427"/>
      <trkpt lat="36.102334" lon="120.529544"/>
      <trkpt lat="36.102348" lon="120.52966"/>
      <trkpt lat="36.102352" lon="120.529773"/>
      <trkpt lat="36.102352" lon="120.529882"/>
      <trkpt lat="36.102356" lon="120.529985"/>
      <trkpt lat="36.102373" lon="120.530081"/>
      <trkpt lat="36.102394" lon="120.530172"/>
      <trkpt lat="36.102413" lon="120.53026"/>
      <trkpt lat="36.102426" lon="120.53033"/>
      <trkpt lat="36.102431" lon="120.530349"/>
      <trkpt lat="36.102424" lon="120.530321"/>
      <trkpt lat="36.102412" lon="120.530255"/>
      <trkpt lat="36.102396" lon="120.530177"/>
      <trkpt lat="36.102382" lon="120.530082"/>
      <trkpt lat="36.102371" lon="120.529982"/>
      <trkpt lat="36.102373" lon="120.529905"/>
      <trkpt lat="36.102391" lon="120.529866"/>
      <trkpt lat="36.102411" lon="120.529879"/>
      <trkpt lat="36.102424" lon="120.529927"/>
      <trkpt lat="36.102433" lon="120.529996"/>
      <trkpt lat="36.102445" lon="120.530069"/>
      <trkpt lat="36.102461" lon="120.530139"/>
      <trkpt lat="36.102473" lon="120.530212"/>
      <trkpt lat="36.102479" lon="120.530293"/>
      <trkpt lat="36.102486" lon="120.530384"/>
      <trkpt lat="36.102501" lon="120.530485"/>
      <trkpt lat="36.102524" lon="120.53059"/>
      <trkpt lat="36.10255" lon="120.530697"/>
      <trkpt lat="36.102572" lon="120.530798"/>
      <trkpt lat="36.102592" lon="120.530898"/>
      <trkpt lat="36.102613" lon="120.530999"/>
      <trkpt lat="36.102635" lon="120.531098"/>
      <trkpt lat="36.102659" lon="120.531196"/>
      <trkpt lat="36.102684" lon="120.531291"/>
      <trkpt lat="36.102706" lon="120.531387"/>
      <trkpt lat="36.102728" lon="120.531489"/>
      <trkpt lat="36.102744" lon="120.531601"/>
      <trkpt lat="36.10275" lon="120.531718"/>
      <trkpt lat="36.102753" lon="120.531833"/>
      <trkpt lat="36.102768" lon="120.53194"/>
      <trkpt lat="36.102803" lon="120.53204"/>
      <trkpt lat="36.102844" lon="120.532143"/>
      <trkpt lat="36.102881" lon="120.532247"/>
      <trkpt lat="36.102912" lon="120.532349"/>
      <trkpt lat="36.102935" lon="120.532446"/>
      <trkpt lat="36.102957" lon="120.532537"/>
      <trkpt lat="36.102976" lon="120.532624"/>
      <trkpt lat="36.102999" lon="120.532709"/>
      <trkpt lat="36.103022" lon="120.532789"/>
      <trkpt lat="36.103055" lon="120.53287"/>
      <trkpt lat="36.103094" lon="120.53295"/>
      <trkpt lat="36.103132" lon="120.533032"/>
      <trkpt lat="36.103162" lon="120.533113"/>
      <trkpt lat="36.103187" lon="120.533192"/>
      <trkpt lat="36.103213" lon="120.533271"/>
      <trkpt lat="36.103239" lon="120.533345"/>
      <trkpt lat="36.103263" lon="120.53341"/>
      <trkpt lat="36.103281" lon="120.533465"/>
      <trkpt lat="36.103296" lon="120.533515"/>
      <trkpt lat="36.10331" lon="120.533565"/>
      <trkpt lat="36.103325" lon="120.533619"/>
      <trkpt lat="36.103344" lon="120.533671"/>
      <trkpt lat="36.103369" lon="120.53372"/>
      <trkpt lat="36.103393" lon="120.533766"/>
      <trkpt lat="36.103415" lon="120.533808"/>
      <trkpt lat="36.103435" lon="120.533849"/>
      <trkpt lat="36.103457" lon="120.533893"/>
      <trkpt lat="36.103479" lon="120.533944"/>
      <trkpt lat="36.103505" lon="120.533995"/>
      <trkpt lat="36.103529" lon="120.534046"/>
      <trkpt lat="36.103558" lon="120.534097"/>
      <trkpt lat="36.103591" lon="120.534151"/>
      <trkpt lat="36.103625" lon="120.53421"/>
      <trkpt lat="36.103655" lon="120.534271"/>
      <trkpt lat="36.103684" lon="120.534329"/>
      <trkpt lat="36.103715" lon="120.534384"/>
      <trkpt lat="36.103751" lon="120.534436"/>
      <trkpt lat="36.103791" lon="120.534482"/>
      <trkpt lat="36.103835" lon="120.534527"/>
      <trkpt lat="36.103882" lon="120.534573"/>
      <trkpt lat="36.10393" lon="120.534626"/>
      <trkpt lat="36.103979" lon="120.534679"/>
      <trkpt lat="36.104024" lon="120.534731"/>
      <trkpt lat="36.104064" lon="120.534781"/>
      <trkpt lat="36.1041" lon="120.534831"/>
      <trkpt lat="36.104137" lon="120.534888"/>
      <trkpt lat="36.10418" lon="120.534948"/>
      <trkpt lat="36.104227" lon="120.535009"/>
      <trkpt lat="36.104283" lon="120.535067"/>
      <trkpt lat="36.104342" lon="120.535125"/>
      <trkpt lat="36.104407" lon="120.535181"/>
      <trkpt lat="36.104476" lon="120.535238"/>
      <trkpt lat="36.104552" lon="120.535297"/>
      <trkpt lat="36.104639" lon="120.535358"/>
      <trkpt lat="36.104735" lon="120.535419"/>
      <trkpt lat="36.104837" lon="120.535481"/>
      <trkpt lat="36.104942" lon="120.535537"/>
      <trkpt lat="36.105047" lon="120.535586"/>
      <trkpt lat="36.105136" lon="120.535622"/>
      <trkpt lat="36.105243" lon="120.535651"/>
      <trkpt lat="36.105302" lon="120.535682"/>
      <trkpt lat="36.10537" lon="120.535711"/>
      <trkpt lat="36.105445" lon="120.535736"/>
      <trkpt lat="36.105518" lon="120.53575"/>
      <trkpt lat="36.105586" lon="120.535761"/>
      <trkpt lat="36.105661" lon="120.535773"/>
      <trkpt lat="36.105751" lon="120.535784"/>
      <trkpt lat="36.10585" lon="120.53579"/>
      <trkpt lat="36.105934" lon="120.535789"/>
      <trkpt lat="36.105998" lon="120.535787"/>
      <trkpt lat="36.106038" lon="120.535809"/>
      <trkpt lat="36.10606" lon="120.535854"/>
      <trkpt lat="36.106047" lon="120.535947"/>
      <trkpt lat="36.106034" lon="120.5359"/>
      <trkpt lat="36.106044" lon="120.535851"/>
      <trkpt lat="36.106071" lon="120.535803"/>
      <trkpt lat="36.106115" lon="120.535771"/>
      <trkpt lat="36.106177" lon="120.53576"/>
      <trkpt lat="36.106259" lon="120.53576"/>
      <trkpt lat="36.106347" lon="120.535758"/>
      <trkpt lat="36.106437" lon="120.535747"/>
      <trkpt lat="36.106524" lon="120.535728"/>
      <trkpt lat="36.106605" lon="120.5357"/>
      <trkpt lat="36.10668" lon="120.53567"/>
      <trkpt lat="36.106755" lon="120.535639"/>
      <trkpt lat="36.106831" lon="120.535612"/>
      <trkpt lat="36.106909" lon="120.535589"/>
      <trkpt lat="36.106987" lon="120.535566"/>
      <trkpt lat="36.107066" lon="120.53554"/>
      <trkpt lat="36.107145" lon="120.535507"/>
      <trkpt lat="36.107224" lon="120.535472"/>
      <trkpt lat="36.107303" lon="120.535432"/>
      <trkpt lat="36.107384" lon="120.535392"/>
      <trkpt lat="36.107467" lon="120.535354"/>
      <trkpt lat="36.107551" lon="120.535316"/>
      <trkpt lat="36.107634" lon="120.535278"/>
      <trkpt lat="36.107712" lon="120.535241"/>
      <trkpt lat="36.107786" lon="120.535217"/>
      <trkpt lat="36.107861" lon="120.535198"/>
      <trkpt lat="36.107941" lon="120.535178"/>
      <trkpt lat="36.108024" lon="120.535168"/>
      <trkpt lat="36.108111" lon="120.535174"/>
      <trkpt lat="36.108199" lon="120.535191"/>
      <trkpt lat="36.10829" lon="120.535201"/>
      <trkpt lat="36.108375" lon="120.535206"/>
      <trkpt lat="36.108446" lon="120.535212"/>
      <trkpt lat="36.108515" lon="120.535183"/>
      <trkpt lat="36.108619" lon="120.535192"/>
      <trkpt lat="36.108688" lon="120.535193"/>
      <trkpt lat="36.108766" lon="120.535193"/>
      <trkpt lat="36.108853" lon="120.535189"/>
      <trkpt lat="36.108944" lon="120.535188"/>
      <trkpt lat="36.109036" lon="120.535195"/>
      <trkpt lat="36.109128" lon="120.535208"/>
      <trkpt lat="36.109218" lon="120.535225"/>
      <trkpt lat="36.109309" lon="120.535245"/>
      <trkpt lat="36.1094" lon="120.535273"/>
      <trkpt lat="36.109492" lon="120.535308"/>
      <trkpt lat="36.109587" lon="120.535343"/>
      <trkpt lat="36.109682" lon="120.535378"/>
      <trkpt lat="36.109779" lon="120.535414"/>
      <trkpt lat="36.109881" lon="120.535453"/>
      <trkpt lat="36.109986" lon="120.535491"/>
      <trkpt lat="36.110094" lon="120.535533"/>
      <trkpt lat="36.110198" lon="120.53558"/>
      <trkpt lat="36.110298" lon="120.535636"/>
      <trkpt lat="36.110397" lon="120.53569"/>
      <trkpt lat="36.110493" lon="120.535749"/>
      <trkpt lat="36.110583" lon="120.535817"/>
      <trkpt lat="36.110664" lon="120.535902"/>
      <trkpt lat="36.110747" lon="120.535991"/>
      <trkpt lat="36.110833" lon="120.536068"/>
      <trkpt lat="36.11092" lon="120.536142"/>
      <trkpt lat="36.111" lon="120.536225"/>
      <trkpt lat="36.111073" lon="120.536327"/>
      <trkpt lat="36.111148" lon="120.53643"/>
      <trkpt lat="36.11123" lon="120.53652"/>
      <trkpt lat="36.111326" lon="120.5366"/>
      <trkpt lat="36.111436" lon="120.536679"/>
      <trkpt lat="36.111555" lon="120.53676"/>
      <trkpt lat="36.111673" lon="120.53683"/>
      <trkpt lat="36.11179" lon="120.536882"/>
      <trkpt lat="36.111901" lon="120.536925"/>
      <trkpt lat="36.112009" lon="120.53697"/>
      <trkpt lat="36.112109" lon="120.53702"/>
      <trkpt lat="36.112206" lon="120.537075"/>
      <trkpt lat="36.112301" lon="120.537134"/>
      <trkpt lat="36.112394" lon="120.537201"/>
      <trkpt lat="36.112482" lon="120.53728"/>
      <trkpt lat="36.112567" lon="120.53737"/>
      <trkpt lat="36.112651" lon="120.537464"/>
      <trkpt lat="36.112738" lon="120.537557"/>
      <trkpt lat="36.112833" lon="120.537636"/>
      <trkpt lat="36.112941" lon="120.537701"/>
      <trkpt lat="36.113051" lon="120.537764"/>
      <trkpt lat="36.113157" lon="120.537831"/>
      <trkpt lat="36.11325" lon="120.53791"/>
      <trkpt lat="36.11334" lon="120.537995"/>
      <trkpt lat="36.113428" lon="120.53809"/>
      <trkpt lat="36.113515" lon="120.538192"/>
      <trkpt lat="36.113602" lon="120.538293"/>
      <trkpt lat="36.113688" lon="120.538392"/>
      <trkpt lat="36.113773" lon="120.5385"/>
      <trkpt lat="36.113845" lon="120.538629"/>
      <trkpt lat="36.113909" lon="120.538766"/>
      <trkpt lat="36.113969" lon="120.538898"/>
      <trkpt lat="36.114033" lon="120.539016"/>
      <trkpt lat="36.114095" lon="120.539129"/>
      <trkpt lat="36.114153" lon="120.539246"/>
      <trkpt lat="36.114206" lon="120.53937"/>
      <trkpt lat="36.114261" lon="120.539496"/>
      <trkpt lat="36.114322" lon="120.53962"/>
      <trkpt lat="36.114388" lon="120.539731"/>
      <trkpt lat="36.114454" lon="120.539835"/>
      <trkpt lat="36.114517" lon="120.539937"/>
      <trkpt lat="36.114578" lon="120.540032"/>
      <trkpt lat="36.114635" lon="120.540113"/>
      <trkpt lat="36.114691" lon="120.540187"/>
      <trkpt lat="36.114747" lon="120.540261"/>
      <trkpt lat="36.114802" lon="120.540344"/>
      <trkpt lat="36.114856" lon="120.54043"/>
      <trkpt lat="36.114905" lon="120.540523"/>
      <trkpt lat="36.114953" lon="120.540616"/>
      <trkpt lat="36.114997" lon="120.540708"/>
      <trkpt lat="36.11508" lon="120.540854"/>
      <trkpt lat="36.115169" lon="120.541"/>
      <trkpt lat="36.115265" lon="120.541144"/>
      <trkpt lat="36.115323" lon="120.541239"/>
      <trkpt lat="36.115376" lon="120.541332"/>
      <trkpt lat="36.115426" lon="120.541422"/>
      <trkpt lat="36.115475" lon="120.541507"/>
      <trkpt lat="36.115525" lon="120.541594"/>
      <trkpt lat="36.115578" lon="120.541686"/>
      <trkpt lat="36.115635" lon="120.541784"/>
      <trkpt lat="36.115698" lon="120.541886"/>
      <trkpt lat="36.115757" lon="120.541988"/>
      <trkpt lat="36.115819" lon="120.542081"/>
      <trkpt lat="36.115875" lon="120.542169"/>
      <trkpt lat="36.115966" lon="120.542303"/>
      <trkpt lat="36.116048" lon="120.542428"/>
      <trkpt lat="36.116123" lon="120.54254"/>
      <trkpt lat="36.116159" lon="120.542593"/>
      <trkpt lat="36.116197" lon="120.542654"/>
      <trkpt lat="36.116238" lon="120.542728"/>
      <trkpt lat="36.116279" lon="120.542807"/>
      <trkpt lat="36.116319" lon="120.542878"/>
      <trkpt lat="36.11636" lon="120.542937"/>
      <trkpt lat="36.116403" lon="120.54299"/>
      <trkpt lat="36.116448" lon="120.543048"/>
      <trkpt lat="36.116498" lon="120.543108"/>
      <trkpt lat="36.116554" lon="120.543166"/>
      <trkpt lat="36.116616" lon="120.543219"/>
      <trkpt lat="36.116677" lon="120.543278"/>
      <trkpt lat="36.116732" lon="120.543338"/>
      <trkpt lat="36.11678" lon="120.543391"/>
      <trkpt lat="36.116829" lon="120.543433"/>
      <trkpt lat="36.116884" lon="120.543474"/>
      <trkpt lat="36.116953" lon="120.543527"/>
      <trkpt lat="36.117025" lon="120.543588"/>
      <trkpt lat="36.117102" lon="120.543653"/>
      <trkpt lat="36.117175" lon="120.543708"/>
      <trkpt lat="36.117243" lon="120.543757"/>
      <trkpt lat="36.117311" lon="120.543799"/>
      <trkpt lat="36.117376" lon="120.543839"/>
      <trkpt lat="36.117444" lon="120.543883"/>
      <trkpt lat="36.117509" lon="120.543932"/>
      <trkpt lat="36.117573" lon="120.543985"/>
      <trkpt lat="36.117639" lon="120.544039"/>
      <trkpt lat="36.117709" lon="120.544093"/>
      <trkpt lat="36.117781" lon="120.544146"/>
      <trkpt lat="36.117856" lon="120.544196"/>
      <trkpt lat="36.117932" lon="120.544249"/>
      <trkpt lat="36.118012" lon="120.544303"/>
      <trkpt lat="36.118095" lon="120.544351"/>
      <trkpt lat="36.118179" lon="120.544394"/>
      <trkpt lat="36.11826" lon="120.544437"/>
      <trkpt lat="36.118336" lon="120.544486"/>
      <trkpt lat="36.118406" lon="120.544537"/>
      <trkpt lat="36.118471" lon="120.544586"/>
      <trkpt lat="36.118533" lon="120.544633"/>
      <trkpt lat="36.118593" lon="120.544682"/>
      <trkpt lat="36.118652" lon="120.544727"/>
      <trkpt lat="36.118711" lon="120.544769"/>
      <trkpt lat="36.118764" lon="120.544808"/>
      <trkpt lat="36.118798" lon="120.544848"/>
      <trkpt lat="36.118804" lon="120.544895"/>
      <trkpt lat="36.118784" lon="120.544942"/>
      <trkpt lat="36.118758" lon="120.54499"/>
      <trkpt lat="36.118739" lon="120.545028"/>
      <trkpt lat="36.118728" lon="120.545063"/>
      <trkpt lat="36.118714" lon="120.545097"/>
      <trkpt lat="36.118699" lon="120.545131"/>
      <trkpt lat="36.118684" lon="120.545162"/>
      <trkpt lat="36.11867" lon="120.545192"/>
      <trkpt lat="36.118654" lon="120.545224"/>
      <trkpt lat="36.118638" lon="120.545261"/>
      <trkpt lat="36.118621" lon="120.545305"/>
      <trkpt lat="36.118602" lon="120.545354"/>
      <trkpt lat="36.118585" lon="120.545407"/>
      <trkpt lat="36.118565" lon="120.545456"/>
      <trkpt lat="36.118545" lon="120.5455"/>
      <trkpt lat="36.118521" lon="120.545545"/>
      <trkpt lat="36.118499" lon="120.54559"/>
      <trkpt lat="36.118477" lon="120.545637"/>
      <trkpt lat="36.118454" lon="120.545677"/>
      <trkpt lat="36.118427" lon="120.545717"/>
      <trkpt lat="36.118398" lon="120.545758"/>
      <trkpt lat="36.118368" lon="120.545801"/>
      <trkpt lat="36.118339" lon="120.545846"/>
      <trkpt lat="36.118309" lon="120.545887"/>
      <trkpt lat="36.118279" lon="120.545929"/>
      <trkpt lat="36.118252" lon="120.545974"/>
      <trkpt lat="36.118226" lon="120.546028"/>
      <trkpt lat="36.118195" lon="120.546085"/>
      <trkpt lat="36.118161" lon="120.54614"/>
      <trkpt lat="36.118124" lon="120.546191"/>
      <trkpt lat="36.118086" lon="120.546244"/>
      <trkpt lat="36.118039" lon="120.546302"/>
      <trkpt lat="36.117989" lon="120.546367"/>
      <trkpt lat="36.117939" lon="120.546435"/>
      <trkpt lat="36.117894" lon="120.546506"/>
      <trkpt lat="36.117851" lon="120.546577"/>
      <trkpt lat="36.117809" lon="120.546642"/>
      <trkpt lat="36.117766" lon="120.546705"/>
      <trkpt lat="36.117706" lon="120.54679"/>
      <trkpt lat="36.117647" lon="120.546882"/>
      <trkpt lat="36.117586" lon="120.546976"/>
      <trkpt lat="36.117538" lon="120.54705"/>
      <trkpt lat="36.117486" lon="120.547124"/>
      <trkpt lat="36.117436" lon="120.5472"/>
      <trkpt lat="36.11739" lon="120.547277"/>
      <trkpt lat="36.117345" lon="120.547353"/>
      <trkpt lat="36.117298" lon="120.547427"/>
      <trkpt lat="36.117251" lon="120.5475"/>
      <trkpt lat="36.117205" lon="120.547572"/>
      <trkpt lat="36.117161" lon="120.547645"/>
      <trkpt lat="36.117117" lon="120.547718"/>
      <trkpt lat="36.117077" lon="120.547783"/>
      <trkpt lat="36.117016" lon="120.547891"/>
      <trkpt lat="36.116954" lon="120.548001"/>
      <trkpt lat="36.116887" lon="120.548117"/>
      <trkpt lat="36.116877" lon="120.548155"/>
      <trkpt lat="36.116894" lon="120.548164"/>
      <trkpt lat="36.116897" lon="120.548133"/>
      <trkpt lat="36.116892" lon="120.548115"/>
      <trkpt lat="36.11689" lon="120.548136"/>
      <trkpt lat="36.116895" lon="120.548141"/>
      <trkpt lat="36.116862" lon="120.54818"/>
      <trkpt lat="36.116823" lon="120.54823"/>
      <trkpt lat="36.116785" lon="120.548291"/>
      <trkpt lat="36.116764" lon="120.548347"/>
      <trkpt lat="36.116753" lon="120.548393"/>
      <trkpt lat="36.116742" lon="120.548429"/>
      <trkpt lat="36.116728" lon="120.548463"/>
      <trkpt lat="36.116711" lon="120.548499"/>
      <trkpt lat="36.116691" lon="120.548533"/>
      <trkpt lat="36.116663" lon="120.548569"/>
      <trkpt lat="36.116635" lon="120.548602"/>
      <trkpt lat="36.116604" lon="120.548637"/>
      <trkpt lat="36.11658" lon="120.548668"/>
      <trkpt lat="36.116554" lon="120.548703"/>
      <trkpt lat="36.11653" lon="120.548741"/>
      <trkpt lat="36.116506" lon="120.548781"/>
      <trkpt lat="36.116484" lon="120.54882"/>
      <trkpt lat="36.116464" lon="120.548859"/>
      <trkpt lat="36.116441" lon="120.548904"/>
      <trkpt lat="36.116424" lon="120.548951"/>
      <trkpt lat="36.116412" lon="120.548999"/>
      <trkpt lat="36.116405" lon="120.549049"/>
      <trkpt lat="36.116397" lon="120.549096"/>
      <trkpt lat="36.116386" lon="120.549135"/>
      <trkpt lat="36.116375" lon="120.549169"/>
      <trkpt lat="36.116363" lon="120.54921"/>
      <trkpt lat="36.116354" lon="120.549255"/>
      <trkpt lat="36.116346" lon="120.549297"/>
      <trkpt lat="36.116334" lon="120.549335"/>
      <trkpt lat="36.116321" lon="120.549379"/>
      <trkpt lat="36.116304" lon="120.549422"/>
      <trkpt lat="36.116291" lon="120.549463"/>
      <trkpt lat="36.116278" lon="120.549501"/>
      <trkpt lat="36.116266" lon="120.549547"/>
      <trkpt lat="36.116256" lon="120.549597"/>
      <trkpt lat="36.116248" lon="120.549647"/>
      <trkpt lat="36.116247" lon="120.549692"/>
      <trkpt lat="36.116252" lon="120.549733"/>
      <trkpt lat="36.116257" lon="120.549768"/>
      <trkpt lat="36.11626" lon="120.549812"/>
      <trkpt lat="36.116258" lon="120.549853"/>
      <trkpt lat="36.11626" lon="120.549899"/>
      <trkpt lat="36.116255" lon="120.549946"/>
      <trkpt lat="36.116247" lon="120.550001"/>
      <trkpt lat="36.11623" lon="120.550069"/>
      <trkpt lat="36.116211" lon="120.550144"/>
      <trkpt lat="36.11619" lon="120.550226"/>
      <trkpt lat="36.116169" lon="120.550309"/>
      <trkpt lat="36.116146" lon="120.550383"/>
      <trkpt lat="36.116126" lon="120.550462"/>
      <trkpt lat="36.116103" lon="120.550548"/>
      <trkpt lat="36.116082" lon="120.550643"/>
      <trkpt lat="36.11606" lon="120.550736"/>
      <trkpt lat="36.116038" lon="120.550821"/>
      <trkpt lat="36.116016" lon="120.550906"/>
      <trkpt lat="36.115996" lon="120.550979"/>
      <trkpt lat="36.115975" lon="120.551052"/>
      <trkpt lat="36.115953" lon="120.551126"/>
      <trkpt lat="36.115931" lon="120.551213"/>
      <trkpt lat="36.11591" lon="120.5513"/>
      <trkpt lat="36.115898" lon="120.551386"/>
      <trkpt lat="36.115901" lon="120.55147"/>
      <trkpt lat="36.115912" lon="120.55156"/>
      <trkpt lat="36.115928" lon="120.551666"/>
      <trkpt lat="36.115942" lon="120.551792"/>
      <trkpt lat="36.115951" lon="120.551947"/>
      <trkpt lat="36.115956" lon="120.552123"/>
      <trkpt lat="36.11595" lon="120.552303"/>
      <trkpt lat="36.115927" lon="120.552468"/>
      <trkpt lat="36.11588" lon="120.552607"/>
      <trkpt lat="36.115808" lon="120.552724"/>
      <trkpt lat="36.11573" lon="120.552825"/>
      <trkpt lat="36.115655" lon="120.552915"/>
      <trkpt lat="36.115585" lon="120.552999"/>
      <trkpt lat="36.11552" lon="120.553081"/>
      <trkpt lat="36.115465" lon="120.553164"/>
      <trkpt lat="36.115417" lon="120.553253"/>
      <trkpt lat="36.11537" lon="120.55334"/>
      <trkpt lat="36.11532" lon="120.55343"/>
      <trkpt lat="36.115269" lon="120.553517"/>
      <trkpt lat="36.115224" lon="120.553601"/>
      <trkpt lat="36.115184" lon="120.55368"/>
      <trkpt lat="36.115144" lon="120.553758"/>
      <trkpt lat="36.115099" lon="120.553836"/>
      <trkpt lat="36.115049" lon="120.553908"/>
      <trkpt lat="36.115" lon="120.553973"/>
      <trkpt lat="36.114956" lon="120.554035"/>
      <trkpt lat="36.114917" lon="120.554096"/>
      <trkpt lat="36.114881" lon="120.554156"/>
      <trkpt lat="36.114851" lon="120.554213"/>
      <trkpt lat="36.114826" lon="120.554267"/>
      <trkpt lat="36.114806" lon="120.554308"/>
      <trkpt lat="36.114785" lon="120.554342"/>
      <trkpt lat="36.114765" lon="120.554372"/>
      <trkpt lat="36.114752" lon="120.554415"/>
      <trkpt lat="36.114741" lon="120.554461"/>
      <trkpt lat="36.114731" lon="120.554506"/>
      <trkpt lat="36.114716" lon="120.554546"/>
      <trkpt lat="36.114698" lon="120.554586"/>
      <trkpt lat="36.11468" lon="120.554623"/>
      <trkpt lat="36.114663" lon="120.554653"/>
      <trkpt lat="36.114645" lon="120.554682"/>
      <trkpt lat="36.114628" lon="120.554713"/>
      <trkpt lat="36.114609" lon="120.554747"/>
      <trkpt lat="36.114592" lon="120.554782"/>
      <trkpt lat="36.114573" lon="120.554817"/>
      <trkpt lat="36.114555" lon="120.554852"/>
      <trkpt lat="36.114537" lon="120.554887"/>
      <trkpt lat="36.114519" lon="120.554919"/>
      <trkpt lat="36.1145" lon="120.554951"/>
      <trkpt lat="36.114482" lon="120.554983"/>
      <trkpt lat="36.114464" lon="120.555018"/>
      <trkpt lat="36.114446" lon="120.555054"/>
      <trkpt lat="36.114428" lon="120.555089"/>
      <trkpt lat="36.114403" lon="120.555131"/>
      <trkpt lat="36.114378" lon="120.55517"/>
      <trkpt lat="36.114352" lon="120.555209"/>
      <trkpt lat="36.114332" lon="120.555242"/>
      <trkpt lat="36.114316" lon="120.555279"/>
      <trkpt lat="36.114304" lon="120.555317"/>
      <trkpt lat="36.114294" lon="120.555356"/>
      <trkpt lat="36.114281" lon="120.555395"/>
      <trkpt lat="36.114264" lon="120.555537"/>
      <trkpt lat="36.114252" lon="120.555673"/>
      <trkpt lat="36.11424" lon="120.555817"/>
      <trkpt lat="36.114231" lon="120.55597"/>
      <trkpt lat="36.114216" lon="120.556104"/>
      <trkpt lat="36.114181" lon="120.55624"/>
      <trkpt lat="36.11412" lon="120.556385"/>
      <trkpt lat="36.114039" lon="120.556562"/>
      <trkpt lat="36.113959" lon="120.556745"/>
      <trkpt lat="36.113894" lon="120.55692"/>
      <trkpt lat="36.113842" lon="120.557075"/>
      <trkpt lat="36.113797" lon="120.557206"/>
      <trkpt lat="36.113759" lon="120.557321"/>
      <trkpt lat="36.11373" lon="120.557432"/>
      <trkpt lat="36.113716" lon="120.557553"/>
      <trkpt lat="36.113709" lon="120.557683"/>
      <trkpt lat="36.113705" lon="120.557818"/>
      <trkpt lat="36.113692" lon="120.557943"/>
      <trkpt lat="36.113669" lon="120.558058"/>
      <trkpt lat="36.113642" lon="120.558165"/>
      <trkpt lat="36.113617" lon="120.558267"/>
      <trkpt lat="36.113601" lon="120.558365"/>
      <trkpt lat="36.113592" lon="120.558463"/>
      <trkpt lat="36.113585" lon="120.558559"/>
      <trkpt lat="36.113578" lon="120.558653"/>
      <trkpt lat="36.113574" lon="120.558744"/>
      <trkpt lat="36.113571" lon="120.558831"/>
      <trkpt lat="36.113569" lon="120.558909"/>
      <trkpt lat="36.113566" lon="120.558978"/>
      <trkpt lat="36.113561" lon="120.55904"/>
      <trkpt lat="36.113557" lon="120.559099"/>
      <trkpt lat="36.113555" lon="120.559154"/>
      <trkpt lat="36.113556" lon="120.55921"/>
      <trkpt lat="36.113545" lon="120.559284"/>
      <trkpt lat="36.113527" lon="120.55937"/>
      <trkpt lat="36.113503" lon="120.559461"/>
      <trkpt lat="36.113483" lon="120.559541"/>
      <trkpt lat="36.113466" lon="120.559612"/>
      <trkpt lat="36.113452" lon="120.559678"/>
      <trkpt lat="36.113441" lon="120.55974"/>
      <trkpt lat="36.113427" lon="120.559804"/>
      <trkpt lat="36.113412" lon="120.559868"/>
      <trkpt lat="36.113393" lon="120.55994"/>
      <trkpt lat="36.113372" lon="120.560008"/>
      <trkpt lat="36.11335" lon="120.560073"/>
      <trkpt lat="36.113332" lon="120.560126"/>
      <trkpt lat="36.113318" lon="120.560174"/>
      <trkpt lat="36.113303" lon="120.560224"/>
      <trkpt lat="36.113284" lon="120.560281"/>
      <trkpt lat="36.113259" lon="120.560344"/>
      <trkpt lat="36.113236" lon="120.560407"/>
      <trkpt lat="36.113212" lon="120.560466"/>
      <trkpt lat="36.11319" lon="120.560522"/>
      <trkpt lat="36.113166" lon="120.560576"/>
      <trkpt lat="36.113141" lon="120.560627"/>
      <trkpt lat="36.113113" lon="120.560678"/>
      <trkpt lat="36.113082" lon="120.560729"/>
      <trkpt lat="36.113051" lon="120.560778"/>
      <trkpt lat="36.11302" lon="120.560826"/>
      <trkpt lat="36.112991" lon="120.560873"/>
      <trkpt lat="36.112963" lon="120.560919"/>
      <trkpt lat="36.112938" lon="120.56096"/>
      <trkpt lat="36.112912" lon="120.561"/>
      <trkpt lat="36.112885" lon="120.561042"/>
      <trkpt lat="36.112861" lon="120.561088"/>
      <trkpt lat="36.112838" lon="120.561137"/>
      <trkpt lat="36.112821" lon="120.561188"/>
      <trkpt lat="36.112802" lon="120.561239"/>
      <trkpt lat="36.112787" lon="120.561289"/>
      <trkpt lat="36.112776" lon="120.561347"/>
      <trkpt lat="36.112767" lon="120.561424"/>
      <trkpt lat="36.112766" lon="120.561527"/>
      <trkpt lat="36.112774" lon="120.561648"/>
      <trkpt lat="36.112803" lon="120.561775"/>
      <trkpt lat="36.112841" lon="120.561902"/>
      <trkpt lat="36.112885" lon="120.562043"/>
      <trkpt lat="36.112924" lon="120.562214"/>
      <trkpt lat="36.11297" lon="120.562417"/>
      <trkpt lat="36.113028" lon="120.562633"/>
      <trkpt lat="36.113102" lon="120.562834"/>
      <trkpt lat="36.113189" lon="120.563011"/>
      <trkpt lat="36.11329" lon="120.56316"/>
      <trkpt lat="36.113402" lon="120.563283"/>
      <trkpt lat="36.113511" lon="120.56338"/>
      <trkpt lat="36.113617" lon="120.563442"/>
      <trkpt lat="36.113721" lon="120.563463"/>
      <trkpt lat="36.113832" lon="120.563442"/>
      <trkpt lat="36.113944" lon="120.563405"/>
      <trkpt lat="36.114062" lon="120.563375"/>
      <trkpt lat="36.114196" lon="120.563367"/>
      <trkpt lat="36.11434" lon="120.56337"/>
      <trkpt lat="36.114479" lon="120.563381"/>
      <trkpt lat="36.114607" lon="120.563393"/>
      <trkpt lat="36.114726" lon="120.563417"/>
      <trkpt lat="36.114835" lon="120.563465"/>
      <trkpt lat="36.114923" lon="120.563553"/>
      <trkpt lat="36.114992" lon="120.563672"/>
      <trkpt lat="36.115051" lon="120.563802"/>
      <trkpt lat="36.115118" lon="120.563919"/>
      <trkpt lat="36.115195" lon="120.564025"/>
      <trkpt lat="36.11528" lon="120.56412"/>
      <trkpt lat="36.115365" lon="120.564205"/>
      <trkpt lat="36.115451" lon="120.564274"/>
      <trkpt lat="36.115537" lon="120.564325"/>
      <trkpt lat="36.115621" lon="120.564354"/>
      <trkpt lat="36.115704" lon="120.564357"/>
      <trkpt lat="36.115785" lon="120.564344"/>
      <trkpt lat="36.115868" lon="120.564328"/>
      <trkpt lat="36.115953" lon="120.564317"/>
      <trkpt lat="36.11604" lon="120.564308"/>
      <trkpt lat="36.116129" lon="120.564303"/>
      <trkpt lat="36.116219" lon="120.564303"/>
      <trkpt lat="36.116309" lon="120.564304"/>
      <trkpt lat="36.1164" lon="120.564303"/>
      <trkpt lat="36.116492" lon="120.564295"/>
      <trkpt lat="36.116588" lon="120.564282"/>
      <trkpt lat="36.116683" lon="120.56426"/>
      <trkpt lat="36.116777" lon="120.56423"/>
      <trkpt lat="36.116871" lon="120.564193"/>
      <trkpt lat="36.116966" lon="120.564154"/>
      <trkpt lat="36.117059" lon="120.564113"/>
      <trkpt lat="36.117151" lon="120.564074"/>
      <trkpt lat="36.117244" lon="120.564054"/>
      <trkpt lat="36.117337" lon="120.564066"/>
      <trkpt lat="36.117428" lon="120.564109"/>
      <trkpt lat="36.117513" lon="120.564168"/>
      <trkpt lat="36.117598" lon="120.564228"/>
      <trkpt lat="36.117681" lon="120.564292"/>
      <trkpt lat="36.117759" lon="120.564367"/>
      <trkpt lat="36.117833" lon="120.564457"/>
      <trkpt lat="36.117903" lon="120.564556"/>
      <trkpt lat="36.117974" lon="120.564656"/>
      <trkpt lat="36.118043" lon="120.564756"/>
      <trkpt lat="36.118111" lon="120.564856"/>
      <trkpt lat="36.118178" lon="120.564953"/>
      <trkpt lat="36.118242" lon="120.565048"/>
      <trkpt lat="36.118305" lon="120.565137"/>
      <trkpt lat="36.11837" lon="120.56522"/>
      <trkpt lat="36.118437" lon="120.565299"/>
      <trkpt lat="36.118503" lon="120.565377"/>
      <trkpt lat="36.118567" lon="120.565458"/>
      <trkpt lat="36.118633" lon="120.565536"/>
      <trkpt lat="36.1187" lon="120.565616"/>
      <trkpt lat="36.118771" lon="120.565694"/>
      <trkpt lat="36.118843" lon="120.565772"/>
      <trkpt lat="36.118915" lon="120.565846"/>
      <trkpt lat="36.118984" lon="120.565919"/>
      <trkpt lat="36.119048" lon="120.565993"/>
      <trkpt lat="36.119112" lon="120.566067"/>
      <trkpt lat="36.119179" lon="120.56614"/>
      <trkpt lat="36.119249" lon="120.566219"/>
      <trkpt lat="36.119317" lon="120.566304"/>
      <trkpt lat="36.119382" lon="120.566397"/>
      <trkpt lat="36.119446" lon="120.566487"/>
      <trkpt lat="36.119508" lon="120.566581"/>
      <trkpt lat="36.119573" lon="120.566677"/>
      <trkpt lat="36.119637" lon="120.56678"/>
      <trkpt lat="36.1197" lon="120.566876"/>
      <trkpt lat="36.119763" lon="120.566964"/>
      <trkpt lat="36.119821" lon="120.567046"/>
      <trkpt lat="36.119882" lon="120.567128"/>
      <trkpt lat="36.119945" lon="120.567213"/>
      <trkpt lat="36.120014" lon="120.5673"/>
      <trkpt lat="36.120088" lon="120.567388"/>
      <trkpt lat="36.12016" lon="120.567477"/>
      <trkpt lat="36.120231" lon="120.567566"/>
      <trkpt lat="36.120304" lon="120.567647"/>
      <trkpt lat="36.120389" lon="120.567715"/>
      <trkpt lat="36.120482" lon="120.56776"/>
      <trkpt lat="36.120581" lon="120.567775"/>
      <trkpt lat="36.12068" lon="120.567762"/>
      <trkpt lat="36.120774" lon="120.567731"/>
      <trkpt lat="36.120861" lon="120.567694"/>
      <trkpt lat="36.120943" lon="120.567653"/>
      <trkpt lat="36.121027" lon="120.567611"/>
      <trkpt lat="36.121113" lon="120.567575"/>
      <trkpt lat="36.121201" lon="120.567539"/>
      <trkpt lat="36.121289" lon="120.567504"/>
      <trkpt lat="36.121373" lon="120.567458"/>
      <trkpt lat="36.121452" lon="120.567405"/>
      <trkpt lat="36.121525" lon="120.567353"/>
      <trkpt lat="36.121556" lon="120.567307"/>
      <trkpt lat="36.121537" lon="120.567299"/>
      <trkpt lat="36.121469" lon="120.567329"/>
      <trkpt lat="36.121388" lon="120.567391"/>
      <trkpt lat="36.121304" lon="120.567449"/>
      <trkpt lat="36.121219" lon="120.567488"/>
      <trkpt lat="36.121133" lon="120.567519"/>
      <trkpt lat="36.121044" lon="120.567556"/>
      <trkpt lat="36.120952" lon="120.567607"/>
      <trkpt lat="36.120863" lon="120.567662"/>
      <trkpt lat="36.120789" lon="120.567715"/>
      <trkpt lat="36.120749" lon="120.567778"/>
      <trkpt lat="36.120751" lon="120.567849"/>
      <trkpt lat="36.120785" lon="120.567914"/>
      <trkpt lat="36.12083" lon="120.567954"/>
      <trkpt lat="36.120873" lon="120.567978"/>
      <trkpt lat="36.120917" lon="120.567999"/>
      <trkpt lat="36.120963" lon="120.568025"/>
      <trkpt lat="36.121011" lon="120.568056"/>
      <trkpt lat="36.121063" lon="120.568085"/>
      <trkpt lat="36.121116" lon="120.568111"/>
      <trkpt lat="36.121166" lon="120.568137"/>
      <trkpt lat="36.121212" lon="120.568161"/>
      <trkpt lat="36.121257" lon="120.568186"/>
      <trkpt lat="36.121302" lon="120.568206"/>
      <trkpt lat="36.121345" lon="120.568224"/>
      <trkpt lat="36.121386" lon="120.568236"/>
      <trkpt lat="36.121425" lon="120.568245"/>
      <trkpt lat="36.121462" lon="120.568253"/>
      <trkpt lat="36.121497" lon="120.568261"/>
      <trkpt lat="36.121532" lon="120.568269"/>
      <trkpt lat="36.121567" lon="120.568277"/>
      <trkpt lat="36.121599" lon="120.568284"/>
      <trkpt lat="36.121632" lon="120.568291"/>
      <trkpt lat="36.121665" lon="120.568299"/>
      <trkpt lat="36.121703" lon="120.568313"/>
      <trkpt lat="36.121737" lon="120.568331"/>
      <trkpt lat="36.121771" lon="120.568354"/>
      <trkpt lat="36.121797" lon="120.568376"/>
      <trkpt lat="36.121829" lon="120.568408"/>
      <trkpt lat="36.121856" lon="120.568443"/>
      <trkpt lat="36.121879" lon="120.568484"/>
      <trkpt lat="36.121891" lon="120.568519"/>
      <trkpt lat="36.121903" lon="120.568553"/>
      <trkpt lat="36.121917" lon="120.568587"/>
      <trkpt lat="36.121931" lon="120.568619"/>
      <trkpt lat="36.121944" lon="120.568652"/>
      <trkpt lat="36.121956" lon="120.568685"/>
      <trkpt lat="36.121968" lon="120.568721"/>
      <trkpt lat="36.121983" lon="120.568759"/>
      <trkpt lat="36.122" lon="120.568797"/>
      <trkpt lat="36.122018" lon="120.568835"/>
      <trkpt lat="36.122037" lon="120.56887"/>
      <trkpt lat="36.122057" lon="120.568904"/>
      <trkpt lat="36.122073" lon="120.568941"/>
      <trkpt lat="36.122083" lon="120.568981"/>
      <trkpt lat="36.122089" lon="120.569025"/>
      <trkpt lat="36.122097" lon="120.569068"/>
      <trkpt lat="36.122109" lon="120.56911"/>
      <trkpt lat="36.122122" lon="120.569148"/>
      <trkpt lat="36.122135" lon="120.569185"/>
      <trkpt lat="36.122145" lon="120.569222"/>
      <trkpt lat="36.12215" lon="120.569261"/>
      <trkpt lat="36.122141" lon="120.569343"/>
      <trkpt lat="36.122125" lon="120.569442"/>
      <trkpt lat="36.122102" lon="120.569563"/>
      <trkpt lat="36.122075" lon="120.569671"/>
      <trkpt lat="36.122035" lon="120.569803"/>
      <trkpt lat="36.121981" lon="120.569961"/>
      <trkpt lat="36.121923" lon="120.570142"/>
      <trkpt lat="36.12186" lon="120.570339"/>
      <trkpt lat="36.121797" lon="120.570539"/>
      <trkpt lat="36.121733" lon="120.570735"/>
      <trkpt lat="36.121672" lon="120.570928"/>
      <trkpt lat="36.12161" lon="120.57112"/>
      <trkpt lat="36.121546" lon="120.571311"/>
      <trkpt lat="36.121484" lon="120.571497"/>
      <trkpt lat="36.121426" lon="120.571683"/>
      <trkpt lat="36.121374" lon="120.571866"/>
      <trkpt lat="36.121331" lon="120.572045"/>
      <trkpt lat="36.121303" lon="120.572208"/>
      <trkpt lat="36.121304" lon="120.572348"/>
      <trkpt lat="36.121339" lon="120.572464"/>
      <trkpt lat="36.121403" lon="120.572553"/>
      <trkpt lat="36.121482" lon="120.572621"/>
      <trkpt lat="36.121569" lon="120.572675"/>
      <trkpt lat="36.121654" lon="120.572723"/>
      <trkpt lat="36.12174" lon="120.57277"/>
      <trkpt lat="36.121827" lon="120.572813"/>
      <trkpt lat="36.121917" lon="120.572851"/>
      <trkpt lat="36.122008" lon="120.572883"/>
      <trkpt lat="36.122098" lon="120.572921"/>
      <trkpt lat="36.122178" lon="120.572967"/>
      <trkpt lat="36.122243" lon="120.573031"/>
      <trkpt lat="36.122296" lon="120.57311"/>
      <trkpt lat="36.122346" lon="120.573199"/>
      <trkpt lat="36.122393" lon="120.573292"/>
      <trkpt lat="36.122426" lon="120.573386"/>
      <trkpt lat="36.12244" lon="120.573485"/>
      <trkpt lat="36.122441" lon="120.57359"/>
      <trkpt lat="36.122446" lon="120.573695"/>
      <trkpt lat="36.122452" lon="120.573803"/>
      <trkpt lat="36.122458" lon="120.573907"/>
      <trkpt lat="36.122457" lon="120.574009"/>
      <trkpt lat="36.122457" lon="120.574109"/>
      <trkpt lat="36.122458" lon="120.57421"/>
      <trkpt lat="36.122461" lon="120.574312"/>
      <trkpt lat="36.122462" lon="120.574412"/>
      <trkpt lat="36.122464" lon="120.574507"/>
      <trkpt lat="36.122464" lon="120.574596"/>
      <trkpt lat="36.122466" lon="120.574681"/>
      <trkpt lat="36.122468" lon="120.574762"/>
      <trkpt lat="36.122474" lon="120.574837"/>
      <trkpt lat="36.122482" lon="120.574903"/>
      <trkpt lat="36.122499" lon="120.574962"/>
      <trkpt lat="36.122526" lon="120.575013"/>
      <trkpt lat="36.122569" lon="120.575054"/>
      <trkpt lat="36.122625" lon="120.575077"/>
      <trkpt lat="36.122691" lon="120.575085"/>
      <trkpt lat="36.122759" lon="120.575086"/>
      <trkpt lat="36.122825" lon="120.575089"/>
      <trkpt lat="36.12289" lon="120.575095"/>
      <trkpt lat="36.122955" lon="120.5751"/>
      <trkpt lat="36.123026" lon="120.575105"/>
      <trkpt lat="36.123103" lon="120.575111"/>
      <trkpt lat="36.123181" lon="120.575114"/>
      <trkpt lat="36.123254" lon="120.575116"/>
      <trkpt lat="36.123318" lon="120.575123"/>
      <trkpt lat="36.12337" lon="120.575153"/>
      <trkpt lat="36.123404" lon="120.575212"/>
      <trkpt lat="36.123423" lon="120.575295"/>
      <trkpt lat="36.123435" lon="120.575385"/>
      <trkpt lat="36.123445" lon="120.575468"/>
      <trkpt lat="36.123449" lon="120.575543"/>
      <trkpt lat="36.123447" lon="120.575612"/>
      <trkpt lat="36.123468" lon="120.575739"/>
      <trkpt lat="36.123476" lon="120.575796"/>
      <trkpt lat="36.123483" lon="120.575859"/>
      <trkpt lat="36.123488" lon="120.575927"/>
      <trkpt lat="36.123493" lon="120.575995"/>
      <trkpt lat="36.123494" lon="120.576062"/>
      <trkpt lat="36.123495" lon="120.576127"/>
      <trkpt lat="36.123499" lon="120.57619"/>
      <trkpt lat="36.123506" lon="120.576253"/>
      <trkpt lat="36.123513" lon="120.576318"/>
      <trkpt lat="36.123517" lon="120.576389"/>
      <trkpt lat="36.123516" lon="120.576473"/>
      <trkpt lat="36.123505" lon="120.576564"/>
      <trkpt lat="36.123487" lon="120.576655"/>
      <trkpt lat="36.123466" lon="120.576738"/>
      <trkpt lat="36.123448" lon="120.576817"/>
      <trkpt lat="36.123433" lon="120.576893"/>
      <trkpt lat="36.123422" lon="120.576968"/>
      <trkpt lat="36.123409" lon="120.577044"/>
      <trkpt lat="36.123393" lon="120.577118"/>
      <trkpt lat="36.123378" lon="120.577188"/>
      <trkpt lat="36.123366" lon="120.577251"/>
      <trkpt lat="36.123355" lon="120.57731"/>
      <trkpt lat="36.123341" lon="120.577369"/>
      <trkpt lat="36.123326" lon="120.577429"/>
      <trkpt lat="36.123311" lon="120.577491"/>
      <trkpt lat="36.123297" lon="120.577558"/>
      <trkpt lat="36.123283" lon="120.577631"/>
      <trkpt lat="36.123265" lon="120.57771"/>
      <trkpt lat="36.123246" lon="120.577791"/>
      <trkpt lat="36.123226" lon="120.577869"/>
      <trkpt lat="36.123208" lon="120.577945"/>
      <trkpt lat="36.123189" lon="120.578021"/>
      <trkpt lat="36.123171" lon="120.578098"/>
      <trkpt lat="36.123153" lon="120.578176"/>
      <trkpt lat="36.123136" lon="120.578254"/>
      <trkpt lat="36.12312" lon="120.578332"/>
      <trkpt lat="36.1231" lon="120.578409"/>
      <trkpt lat="36.123077" lon="120.578484"/>
      <trkpt lat="36.123052" lon="120.578566"/>
      <trkpt lat="36.12303" lon="120.578655"/>
      <trkpt lat="36.12301" lon="120.57875"/>
      <trkpt lat="36.122989" lon="120.578845"/>
      <trkpt lat="36.122968" lon="120.57894"/>
      <trkpt lat="36.122947" lon="120.579034"/>
      <trkpt lat="36.122928" lon="120.579127"/>
      <trkpt lat="36.122907" lon="120.579222"/>
      <trkpt lat="36.122883" lon="120.579321"/>
      <trkpt lat="36.122858" lon="120.579421"/>
      <trkpt lat="36.122833" lon="120.579524"/>
      <trkpt lat="36.122809" lon="120.579627"/>
      <trkpt lat="36.122785" lon="120.579733"/>
      <trkpt lat="36.122761" lon="120.579837"/>
      <trkpt lat="36.122738" lon="120.579938"/>
      <trkpt lat="36.122717" lon="120.580036"/>
      <trkpt lat="36.122696" lon="120.580132"/>
      <trkpt lat="36.122673" lon="120.580228"/>
      <trkpt lat="36.122654" lon="120.580323"/>
      <trkpt lat="36.122635" lon="120.580413"/>
      <trkpt lat="36.122617" lon="120.580502"/>
      <trkpt lat="36.122596" lon="120.580597"/>
      <trkpt lat="36.122575" lon="120.580697"/>
      <trkpt lat="36.122556" lon="120.580798"/>
      <trkpt lat="36.122534" lon="120.580896"/>
      <trkpt lat="36.122511" lon="120.580994"/>
      <trkpt lat="36.122487" lon="120.58109"/>
      <trkpt lat="36.122464" lon="120.58118"/>
      <trkpt lat="36.122443" lon="120.581267"/>
      <trkpt lat="36.122424" lon="120.581357"/>
      <trkpt lat="36.122404" lon="120.58145"/>
      <trkpt lat="36.122384" lon="120.581546"/>
      <trkpt lat="36.12236" lon="120.581643"/>
      <trkpt lat="36.122338" lon="120.581741"/>
      <trkpt lat="36.122318" lon="120.581842"/>
      <trkpt lat="36.122298" lon="120.581944"/>
      <trkpt lat="36.122276" lon="120.582046"/>
      <trkpt lat="36.122252" lon="120.582146"/>
      <trkpt lat="36.122232" lon="120.582244"/>
      <trkpt lat="36.122211" lon="120.58234"/>
      <trkpt lat="36.122194" lon="120.582431"/>
      <trkpt lat="36.122179" lon="120.582519"/>
      <trkpt lat="36.122164" lon="120.582599"/>
      <trkpt lat="36.122151" lon="120.582676"/>
      <trkpt lat="36.122137" lon="120.582746"/>
      <trkpt lat="36.122124" lon="120.582813"/>
      <trkpt lat="36.122111" lon="120.582884"/>
      <trkpt lat="36.122099" lon="120.582954"/>
      <trkpt lat="36.122086" lon="120.583031"/>
      <trkpt lat="36.12207" lon="120.583111"/>
      <trkpt lat="36.122049" lon="120.583196"/>
      <trkpt lat="36.122024" lon="120.583284"/>
      <trkpt lat="36.121999" lon="120.583373"/>
      <trkpt lat="36.121972" lon="120.583465"/>
      <trkpt lat="36.121942" lon="120.58356"/>
      <trkpt lat="36.121913" lon="120.583655"/>
      <trkpt lat="36.12189" lon="120.583753"/>
      <trkpt lat="36.121873" lon="120.583852"/>
      <trkpt lat="36.121854" lon="120.583953"/>
      <trkpt lat="36.121836" lon="120.584056"/>
      <trkpt lat="36.121814" lon="120.584155"/>
      <trkpt lat="36.121792" lon="120.584249"/>
      <trkpt lat="36.121769" lon="120.584339"/>
      <trkpt lat="36.121744" lon="120.584431"/>
      <trkpt lat="36.121719" lon="120.584525"/>
      <trkpt lat="36.121693" lon="120.584618"/>
      <trkpt lat="36.121672" lon="120.584714"/>
      <trkpt lat="36.121656" lon="120.584812"/>
      <trkpt lat="36.121643" lon="120.584911"/>
      <trkpt lat="36.121622" lon="120.585005"/>
      <trkpt lat="36.121596" lon="120.585094"/>
      <trkpt lat="36.12157" lon="120.585181"/>
      <trkpt lat="36.121548" lon="120.585268"/>
      <trkpt lat="36.121529" lon="120.585353"/>
      <trkpt lat="36.121508" lon="120.585439"/>
      <trkpt lat="36.121487" lon="120.585525"/>
      <trkpt lat="36.121465" lon="120.585613"/>
      <trkpt lat="36.121442" lon="120.585702"/>
      <trkpt lat="36.121421" lon="120.585796"/>
      <trkpt lat="36.121402" lon="120.585893"/>
      <trkpt lat="36.121383" lon="120.585991"/>
      <trkpt lat="36.121365" lon="120.586086"/>
      <trkpt lat="36.121348" lon="120.586179"/>
      <trkpt lat="36.121333" lon="120.58627"/>
      <trkpt lat="36.121318" lon="120.586361"/>
      <trkpt lat="36.1213" lon="120.586452"/>
      <trkpt lat="36.121278" lon="120.586542"/>
      <trkpt lat="36.121252" lon="120.586629"/>
      <trkpt lat="36.121226" lon="120.586715"/>
      <trkpt lat="36.121204" lon="120.586801"/>
      <trkpt lat="36.121181" lon="120.586891"/>
      <trkpt lat="36.121158" lon="120.586982"/>
      <trkpt lat="36.121134" lon="120.587078"/>
      <trkpt lat="36.121115" lon="120.587179"/>
      <trkpt lat="36.121097" lon="120.587279"/>
      <trkpt lat="36.121078" lon="120.587376"/>
      <trkpt lat="36.121058" lon="120.587471"/>
      <trkpt lat="36.121036" lon="120.587567"/>
      <trkpt lat="36.121012" lon="120.587664"/>
      <trkpt lat="36.120987" lon="120.58776"/>
      <trkpt lat="36.120965" lon="120.587855"/>
      <trkpt lat="36.120945" lon="120.587947"/>
      <trkpt lat="36.120926" lon="120.588038"/>
      <trkpt lat="36.120907" lon="120.588128"/>
      <trkpt lat="36.120886" lon="120.588215"/>
      <trkpt lat="36.120864" lon="120.5883"/>
      <trkpt lat="36.12084" lon="120.58838"/>
      <trkpt lat="36.120817" lon="120.588457"/>
      <trkpt lat="36.120797" lon="120.588536"/>
      <trkpt lat="36.12078" lon="120.588622"/>
      <trkpt lat="36.120763" lon="120.588712"/>
      <trkpt lat="36.120745" lon="120.588803"/>
      <trkpt lat="36.120726" lon="120.588889"/>
      <trkpt lat="36.120708" lon="120.588972"/>
      <trkpt lat="36.12069" lon="120.589054"/>
      <trkpt lat="36.120669" lon="120.589139"/>
      <trkpt lat="36.120648" lon="120.589229"/>
      <trkpt lat="36.120627" lon="120.589317"/>
      <trkpt lat="36.120608" lon="120.589406"/>
      <trkpt lat="36.120589" lon="120.589493"/>
      <trkpt lat="36.120569" lon="120.58958"/>
      <trkpt lat="36.120554" lon="120.589667"/>
      <trkpt lat="36.12054" lon="120.589751"/>
      <trkpt lat="36.12053" lon="120.589835"/>
      <trkpt lat="36.120523" lon="120.589918"/>
      <trkpt lat="36.120519" lon="120.589998"/>
      <trkpt lat="36.120522" lon="120.590078"/>
      <trkpt lat="36.120531" lon="120.590152"/>
      <trkpt lat="36.120544" lon="120.590223"/>
      <trkpt lat="36.120564" lon="120.590289"/>
      <trkpt lat="36.120592" lon="120.59035"/>
      <trkpt lat="36.120632" lon="120.590395"/>
      <trkpt lat="36.120678" lon="120.590425"/>
      <trkpt lat="36.120727" lon="120.590441"/>
      <trkpt lat="36.120776" lon="120.590458"/>
      <trkpt lat="36.120827" lon="120.590475"/>
      <trkpt lat="36.120884" lon="120.590491"/>
      <trkpt lat="36.120945" lon="120.590506"/>
      <trkpt lat="36.121008" lon="120.590525"/>
      <trkpt lat="36.12107" lon="120.590545"/>
      <trkpt lat="36.121133" lon="120.590558"/>
      <trkpt lat="36.121198" lon="120.590569"/>
      <trkpt lat="36.121265" lon="120.590589"/>
      <trkpt lat="36.121334" lon="120.590619"/>
      <trkpt lat="36.121403" lon="120.59065"/>
      <trkpt lat="36.121475" lon="120.590678"/>
      <trkpt lat="36.121548" lon="120.590705"/>
      <trkpt lat="36.121625" lon="120.590732"/>
      <trkpt lat="36.121704" lon="120.590759"/>
      <trkpt lat="36.121787" lon="120.590789"/>
      <trkpt lat="36.121875" lon="120.590821"/>
      <trkpt lat="36.121966" lon="120.590852"/>
      <trkpt lat="36.122058" lon="120.59088"/>
      <trkpt lat="36.122146" lon="120.590903"/>
      <trkpt lat="36.122231" lon="120.590928"/>
      <trkpt lat="36.122318" lon="120.590959"/>
      <trkpt lat="36.122401" lon="120.591006"/>
      <trkpt lat="36.122474" lon="120.591072"/>
      <trkpt lat="36.122514" lon="120.591155"/>
      <trkpt lat="36.122511" lon="120.591244"/>
      <trkpt lat="36.122475" lon="120.591328"/>
      <trkpt lat="36.122426" lon="120.591411"/>
      <trkpt lat="36.122382" lon="120.591494"/>
      <trkpt lat="36.122343" lon="120.591582"/>
      <trkpt lat="36.122306" lon="120.591672"/>
      <trkpt lat="36.12227" lon="120.591768"/>
      <trkpt lat="36.122233" lon="120.591865"/>
      <trkpt lat="36.122203" lon="120.591962"/>
      <trkpt lat="36.122176" lon="120.592055"/>
      <trkpt lat="36.122154" lon="120.592151"/>
      <trkpt lat="36.122136" lon="120.592252"/>
      <trkpt lat="36.122119" lon="120.592355"/>
      <trkpt lat="36.122099" lon="120.592454"/>
      <trkpt lat="36.122078" lon="120.592552"/>
      <trkpt lat="36.122056" lon="120.592651"/>
      <trkpt lat="36.122037" lon="120.592753"/>
      <trkpt lat="36.122022" lon="120.592853"/>
      <trkpt lat="36.122008" lon="120.592952"/>
      <trkpt lat="36.121994" lon="120.593052"/>
      <trkpt lat="36.121981" lon="120.593156"/>
      <trkpt lat="36.12197" lon="120.593261"/>
      <trkpt lat="36.121961" lon="120.593365"/>
      <trkpt lat="36.121954" lon="120.593469"/>
      <trkpt lat="36.121949" lon="120.593571"/>
      <trkpt lat="36.121945" lon="120.593675"/>
      <trkpt lat="36.121939" lon="120.593779"/>
      <trkpt lat="36.12193" lon="120.593887"/>
      <trkpt lat="36.121918" lon="120.593992"/>
      <trkpt lat="36.121907" lon="120.594093"/>
      <trkpt lat="36.121895" lon="120.594187"/>
      <trkpt lat="36.121883" lon="120.594279"/>
      <trkpt lat="36.121871" lon="120.594372"/>
      <trkpt lat="36.12186" lon="120.594467"/>
      <trkpt lat="36.121852" lon="120.594566"/>
      <trkpt lat="36.121846" lon="120.594672"/>
      <trkpt lat="36.121838" lon="120.594778"/>
      <trkpt lat="36.121827" lon="120.594883"/>
      <trkpt lat="36.121811" lon="120.594984"/>
      <trkpt lat="36.121798" lon="120.595086"/>
      <trkpt lat="36.121787" lon="120.595186"/>
      <trkpt lat="36.121776" lon="120.595282"/>
      <trkpt lat="36.121768" lon="120.595371"/>
      <trkpt lat="36.121762" lon="120.595456"/>
      <trkpt lat="36.121757" lon="120.595541"/>
      <trkpt lat="36.121754" lon="120.595625"/>
      <trkpt lat="36.121755" lon="120.595706"/>
      <trkpt lat="36.12175" lon="120.595784"/>
      <trkpt lat="36.121736" lon="120.595861"/>
      <trkpt lat="36.121717" lon="120.595938"/>
      <trkpt lat="36.121703" lon="120.596017"/>
      <trkpt lat="36.121697" lon="120.596094"/>
      <trkpt lat="36.121693" lon="120.59617"/>
      <trkpt lat="36.121688" lon="120.59624"/>
      <trkpt lat="36.121684" lon="120.59631"/>
      <trkpt lat="36.121677" lon="120.59638"/>
      <trkpt lat="36.121667" lon="120.596456"/>
      <trkpt lat="36.121657" lon="120.59653"/>
      <trkpt lat="36.121651" lon="120.596606"/>
      <trkpt lat="36.121644" lon="120.596681"/>
      <trkpt lat="36.121634" lon="120.596761"/>
      <trkpt lat="36.121624" lon="120.596841"/>
      <trkpt lat="36.121615" lon="120.596921"/>
      <trkpt lat="36.121608" lon="120.596997"/>
      <trkpt lat="36.121601" lon="120.597071"/>
      <trkpt lat="36.121596" lon="120.597142"/>
      <trkpt lat="36.121591" lon="120.597211"/>
      <trkpt lat="36.121588" lon="120.597279"/>
      <trkpt lat="36.121585" lon="120.597353"/>
      <trkpt lat="36.121581" lon="120.597432"/>
      <trkpt lat="36.121574" lon="120.597517"/>
      <trkpt lat="36.121567" lon="120.597603"/>
      <trkpt lat="36.121563" lon="120.597687"/>
      <trkpt lat="36.121562" lon="120.59776"/>
      <trkpt lat="36.121563" lon="120.597821"/>
      <trkpt lat="36.121556" lon="120.597912"/>
      <trkpt lat="36.121555" lon="120.597955"/>
      <trkpt lat="36.121552" lon="120.598003"/>
      <trkpt lat="36.121548" lon="120.598062"/>
      <trkpt lat="36.121544" lon="120.598129"/>
      <trkpt lat="36.121543" lon="120.598198"/>
      <trkpt lat="36.121545" lon="120.598267"/>
      <trkpt lat="36.121548" lon="120.598343"/>
      <trkpt lat="36.12155" lon="120.598428"/>
      <trkpt lat="36.121554" lon="120.598518"/>
      <trkpt lat="36.121557" lon="120.598609"/>
      <trkpt lat="36.12156" lon="120.598718"/>
      <trkpt lat="36.121564" lon="120.598844"/>
      <trkpt lat="36.121571" lon="120.598982"/>
      <trkpt lat="36.121581" lon="120.599114"/>
      <trkpt lat="36.121589" lon="120.599235"/>
      <trkpt lat="36.121596" lon="120.59934"/>
      <trkpt lat="36.1216" lon="120.599431"/>
      <trkpt lat="36.121605" lon="120.59951"/>
      <trkpt lat="36.121611" lon="120.599584"/>
      <trkpt lat="36.121617" lon="120.599654"/>
      <trkpt lat="36.121622" lon="120.599718"/>
      <trkpt lat="36.121627" lon="120.599779"/>
      <trkpt lat="36.121632" lon="120.599841"/>
      <trkpt lat="36.121635" lon="120.599905"/>
      <trkpt lat="36.121632" lon="120.599972"/>
      <trkpt lat="36.121624" lon="120.600037"/>
      <trkpt lat="36.121614" lon="120.600097"/>
      <trkpt lat="36.12161" lon="120.60015"/>
      <trkpt lat="36.121614" lon="120.600197"/>
      <trkpt lat="36.121623" lon="120.600246"/>
      <trkpt lat="36.121635" lon="120.600296"/>
      <trkpt lat="36.121648" lon="120.600348"/>
      <trkpt lat="36.121658" lon="120.600398"/>
      <trkpt lat="36.121665" lon="120.600452"/>
      <trkpt lat="36.121668" lon="120.600508"/>
      <trkpt lat="36.12167" lon="120.600567"/>
      <trkpt lat="36.121668" lon="120.600628"/>
      <trkpt lat="36.121665" lon="120.600694"/>
      <trkpt lat="36.121667" lon="120.600762"/>
      <trkpt lat="36.121671" lon="120.600824"/>
      <trkpt lat="36.121675" lon="120.600876"/>
      <trkpt lat="36.121678" lon="120.600927"/>
      <trkpt lat="36.121682" lon="120.600984"/>
      <trkpt lat="36.121688" lon="120.601054"/>
      <trkpt lat="36.121696" lon="120.601131"/>
      <trkpt lat="36.121707" lon="120.601208"/>
      <trkpt lat="36.121721" lon="120.601278"/>
      <trkpt lat="36.121734" lon="120.601346"/>
      <trkpt lat="36.121745" lon="120.601419"/>
      <trkpt lat="36.121752" lon="120.601493"/>
      <trkpt lat="36.121755" lon="120.601561"/>
      <trkpt lat="36.121751" lon="120.601615"/>
      <trkpt lat="36.121746" lon="120.601666"/>
      <trkpt lat="36.121746" lon="120.601725"/>
      <trkpt lat="36.121758" lon="120.601793"/>
      <trkpt lat="36.121772" lon="120.60186"/>
      <trkpt lat="36.121785" lon="120.601925"/>
      <trkpt lat="36.121793" lon="120.601992"/>
      <trkpt lat="36.121802" lon="120.602063"/>
      <trkpt lat="36.12181" lon="120.602137"/>
      <trkpt lat="36.121821" lon="120.602208"/>
      <trkpt lat="36.121831" lon="120.602305"/>
      <trkpt lat="36.121845" lon="120.602399"/>
      <trkpt lat="36.121862" lon="120.602495"/>
      <trkpt lat="36.12188" lon="120.602569"/>
      <trkpt lat="36.121897" lon="120.602653"/>
      <trkpt lat="36.121914" lon="120.602751"/>
      <trkpt lat="36.121934" lon="120.602859"/>
      <trkpt lat="36.121965" lon="120.60297"/>
      <trkpt lat="36.122007" lon="120.603085"/>
      <trkpt lat="36.122058" lon="120.603205"/>
      <trkpt lat="36.122112" lon="120.603336"/>
      <trkpt lat="36.122169" lon="120.603472"/>
      <trkpt lat="36.122229" lon="120.603614"/>
      <trkpt lat="36.122297" lon="120.60376"/>
      <trkpt lat="36.122372" lon="120.603913"/>
      <trkpt lat="36.122455" lon="120.604066"/>
      <trkpt lat="36.122542" lon="120.604217"/>
      <trkpt lat="36.122631" lon="120.604362"/>
      <trkpt lat="36.122721" lon="120.604499"/>
      <trkpt lat="36.122808" lon="120.604632"/>
      <trkpt lat="36.122896" lon="120.604765"/>
      <trkpt lat="36.122985" lon="120.604903"/>
      <trkpt lat="36.123073" lon="120.605039"/>
      <trkpt lat="36.12316" lon="120.605173"/>
      <trkpt lat="36.123245" lon="120.605303"/>
      <trkpt lat="36.123328" lon="120.605428"/>
      <trkpt lat="36.123408" lon="120.605552"/>
      <trkpt lat="36.123485" lon="120.605671"/>
      <trkpt lat="36.12356" lon="120.605786"/>
      <trkpt lat="36.123631" lon="120.605894"/>
      <trkpt lat="36.123696" lon="120.606"/>
      <trkpt lat="36.123757" lon="120.606101"/>
      <trkpt lat="36.123812" lon="120.606192"/>
      <trkpt lat="36.123864" lon="120.606276"/>
      <trkpt lat="36.123913" lon="120.606358"/>
      <trkpt lat="36.123965" lon="120.606442"/>
      <trkpt lat="36.124019" lon="120.606528"/>
      <trkpt lat="36.124074" lon="120.606614"/>
      <trkpt lat="36.124128" lon="120.606697"/>
      <trkpt lat="36.124179" lon="120.606776"/>
      <trkpt lat="36.124229" lon="120.606852"/>
      <trkpt lat="36.124277" lon="120.606934"/>
      <trkpt lat="36.12433" lon="120.607025"/>
      <trkpt lat="36.124384" lon="120.607121"/>
      <trkpt lat="36.124442" lon="120.607218"/>
      <trkpt lat="36.124502" lon="120.60731"/>
      <trkpt lat="36.124566" lon="120.607396"/>
      <trkpt lat="36.124632" lon="120.607471"/>
      <trkpt lat="36.124692" lon="120.607532"/>
      <trkpt lat="36.124748" lon="120.60757"/>
      <trkpt lat="36.124794" lon="120.607587"/>
      <trkpt lat="36.12483" lon="120.607595"/>
    </trkseg>
  </trk>
  <trk>
    <type>户外骑行</type>
    <extensions>
      <totalTime>15723.0</totalTime>
      <cumulativeDecrease>0.0</cumulativeDecrease>
      <cumulativeClimb>0.0</cumulativeClimb>
      <totalDistance>45283.0</totalDistance>
    </extensions>
    <trkseg>
      <trkpt lat="36.124805" lon="120.60777"/>
      <trkpt lat="36.125862" lon="120.609598"/>
      <trkpt lat="36.126156" lon="120.610349"/>
      <trkpt lat="36.126237" lon="120.610815"/>
      <trkpt lat="36.126271" lon="120.611797"/>
      <trkpt lat="36.126197" lon="120.61351"/>
      <trkpt lat="36.126213" lon="120.613733"/>
      <trkpt lat="36.1264" lon="120.614665"/>
      <trkpt lat="36.12679" lon="120.61598"/>
      <trkpt lat="36.127097" lon="120.617148"/>
      <trkpt lat="36.127108" lon="120.617526"/>
      <trkpt lat="36.127021" lon="120.617876"/>
      <trkpt lat="36.126778" lon="120.618413"/>
      <trkpt lat="36.125849" lon="120.620277"/>
      <trkpt lat="36.12567" lon="120.620475"/>
      <trkpt lat="36.125505" lon="120.620525"/>
      <trkpt lat="36.125122" lon="120.62056"/>
      <trkpt lat="36.124913" lon="120.620665"/>
      <trkpt lat="36.124753" lon="120.620875"/>
      <trkpt lat="36.124511" lon="120.62131"/>
      <trkpt lat="36.12421" lon="120.622005"/>
      <trkpt lat="36.123997" lon="120.622759"/>
      <trkpt lat="36.123854" lon="120.623752"/>
      <trkpt lat="36.123766" lon="120.625072"/>
      <trkpt lat="36.123695" lon="120.625363"/>
      <trkpt lat="36.123446" lon="120.625679"/>
      <trkpt lat="36.123079" lon="120.625959"/>
      <trkpt lat="36.122899" lon="120.626157"/>
      <trkpt lat="36.122591" lon="120.626947"/>
      <trkpt lat="36.122259" lon="120.627301"/>
      <trkpt lat="36.122037" lon="120.627611"/>
      <trkpt lat="36.121532" lon="120.628738"/>
      <trkpt lat="36.121409" lon="120.629117"/>
      <trkpt lat="36.121386" lon="120.629886"/>
      <trkpt lat="36.121331" lon="120.630497"/>
      <trkpt lat="36.121177" lon="120.631132"/>
      <trkpt lat="36.120789" lon="120.632464"/>
      <trkpt lat="36.120733" lon="120.633459"/>
      <trkpt lat="36.120667" lon="120.633905"/>
      <trkpt lat="36.120659" lon="120.63429"/>
      <trkpt lat="36.121001" lon="120.635195"/>
      <trkpt lat="36.121801" lon="120.63588"/>
      <trkpt lat="36.121879" lon="120.635989"/>
      <trkpt lat="36.121969" lon="120.636265"/>
      <trkpt lat="36.122027" lon="120.636746"/>
      <trkpt lat="36.122003" lon="120.63903"/>
      <trkpt lat="36.122049" lon="120.63934"/>
      <trkpt lat="36.122149" lon="120.639518"/>
      <trkpt lat="36.12265" lon="120.640046"/>
      <trkpt lat="36.122918" lon="120.640641"/>
      <trkpt lat="36.123089" lon="120.640873"/>
      <trkpt lat="36.123192" lon="120.640947"/>
      <trkpt lat="36.123484" lon="120.641062"/>
      <trkpt lat="36.123567" lon="120.641156"/>
      <trkpt lat="36.123633" lon="120.64138"/>
      <trkpt lat="36.123644" lon="120.642213"/>
      <trkpt lat="36.123735" lon="120.642361"/>
      <trkpt lat="36.124132" lon="120.642785"/>
      <trkpt lat="36.12414" lon="120.642923"/>
      <trkpt lat="36.124092" lon="120.643014"/>
      <trkpt lat="36.124009" lon="120.643094"/>
      <trkpt lat="36.123817" lon="120.643194"/>
      <trkpt lat="36.123741" lon="120.643312"/>
      <trkpt lat="36.123689" lon="120.643503"/>
      <trkpt lat="36.123694" lon="120.64362"/>
      <trkpt lat="36.123793" lon="120.643772"/>
      <trkpt lat="36.124085" lon="120.64394"/>
      <trkpt lat="36.124328" lon="120.644207"/>
      <trkpt lat="36.124423" lon="120.644555"/>
      <trkpt lat="36.124481" lon="120.644971"/>
      <trkpt lat="36.124578" lon="120.645205"/>
      <trkpt lat="36.124662" lon="120.645321"/>
      <trkpt lat="36.125587" lon="120.646253"/>
      <trkpt lat="36.125962" lon="120.646714"/>
      <trkpt lat="36.126174" lon="120.647045"/>
      <trkpt lat="36.126342" lon="120.647418"/>
      <trkpt lat="36.126566" lon="120.648101"/>
      <trkpt lat="36.126671" lon="120.648624"/>
      <trkpt lat="36.126746" lon="120.649246"/>
      <trkpt lat="36.126881" lon="120.649594"/>
      <trkpt lat="36.127022" lon="120.649822"/>
      <trkpt lat="36.127322" lon="120.650127"/>
      <trkpt lat="36.127584" lon="120.650333"/>
      <trkpt lat="36.127622" lon="120.65041"/>
      <trkpt lat="36.127757" lon="120.651273"/>
      <trkpt lat="36.128068" lon="120.652208"/>
      <trkpt lat="36.128195" lon="120.652492"/>
      <trkpt lat="36.128385" lon="120.652781"/>
      <trkpt lat="36.128995" lon="120.653564"/>
      <trkpt lat="36.129373" lon="120.653987"/>
      <trkpt lat="36.129562" lon="120.654074"/>
      <trkpt lat="36.129839" lon="120.654072"/>
      <trkpt lat="36.130041" lon="120.654126"/>
      <trkpt lat="36.130714" lon="120.654566"/>
      <trkpt lat="36.130821" lon="120.654741"/>
      <trkpt lat="36.130914" lon="120.655049"/>
      <trkpt lat="36.13124" lon="120.655629"/>
      <trkpt lat="36.131537" lon="120.656053"/>
      <trkpt lat="36.132074" lon="120.657046"/>
      <trkpt lat="36.132354" lon="120.657398"/>
      <trkpt lat="36.13259" lon="120.657514"/>
      <trkpt lat="36.133043" lon="120.657533"/>
      <trkpt lat="36.133903" lon="120.658084"/>
      <trkpt lat="36.134473" lon="120.658405"/>
      <trkpt lat="36.134639" lon="120.658576"/>
      <trkpt lat="36.134725" lon="120.658736"/>
      <trkpt lat="36.13473" lon="120.658811"/>
      <trkpt lat="36.134653" lon="120.658954"/>
      <trkpt lat="36.134481" lon="120.659111"/>
      <trkpt lat="36.134205" lon="120.659194"/>
      <trkpt lat="36.134032" lon="120.659289"/>
      <trkpt lat="36.133939" lon="120.659419"/>
      <trkpt lat="36.133904" lon="120.659597"/>
      <trkpt lat="36.133943" lon="120.659829"/>
      <trkpt lat="36.134243" lon="120.660185"/>
      <trkpt lat="36.134348" lon="120.66038"/>
      <trkpt lat="36.13441" lon="120.660798"/>
      <trkpt lat="36.134495" lon="120.661012"/>
      <trkpt lat="36.134605" lon="120.661185"/>
      <trkpt lat="36.135132" lon="120.66176"/>
      <trkpt lat="36.135421" lon="120.661942"/>
      <trkpt lat="36.135762" lon="120.662799"/>
      <trkpt lat="36.136304" lon="120.66337"/>
      <trkpt lat="36.136279" lon="120.663384"/>
      <trkpt lat="36.136347" lon="120.663381"/>
      <trkpt lat="36.136726" lon="120.66363"/>
      <trkpt lat="36.136957" lon="120.663717"/>
      <trkpt lat="36.137373" lon="120.663968"/>
      <trkpt lat="36.137668" lon="120.664393"/>
      <trkpt lat="36.137743" lon="120.664573"/>
      <trkpt lat="36.137791" lon="120.664796"/>
      <trkpt lat="36.137909" lon="120.664982"/>
      <trkpt lat="36.138044" lon="120.665109"/>
      <trkpt lat="36.138381" lon="120.66524"/>
      <trkpt lat="36.1385" lon="120.66534"/>
      <trkpt lat="36.138735" lon="120.665727"/>
      <trkpt lat="36.139037" lon="120.666645"/>
      <trkpt lat="36.139454" lon="120.667172"/>
      <trkpt lat="36.139721" lon="120.667817"/>
      <trkpt lat="36.139801" lon="120.667921"/>
      <trkpt lat="36.14009" lon="120.668568"/>
      <trkpt lat="36.140485" lon="120.668779"/>
      <trkpt lat="36.140761" lon="120.669066"/>
      <trkpt lat="36.140888" lon="120.669252"/>
      <trkpt lat="36.141004" lon="120.669303"/>
      <trkpt lat="36.14131" lon="120.669333"/>
      <trkpt lat="36.141504" lon="120.669443"/>
      <trkpt lat="36.141615" lon="120.669591"/>
      <trkpt lat="36.14179" lon="120.669945"/>
      <trkpt lat="36.141917" lon="120.670312"/>
      <trkpt lat="36.142158" lon="120.670797"/>
      <trkpt lat="36.142619" lon="120.671553"/>
      <trkpt lat="36.143107" lon="120.672003"/>
      <trkpt lat="36.143362" lon="120.672485"/>
      <trkpt lat="36.143937" lon="120.672957"/>
      <trkpt lat="36.144057" lon="120.673093"/>
      <trkpt lat="36.144436" lon="120.673932"/>
      <trkpt lat="36.144788" lon="120.674375"/>
      <trkpt lat="36.144874" lon="120.674561"/>
      <trkpt lat="36.144913" lon="120.674745"/>
      <trkpt lat="36.144753" lon="120.675166"/>
      <trkpt lat="36.144748" lon="120.675476"/>
      <trkpt lat="36.14483" lon="120.67576"/>
      <trkpt lat="36.145197" lon="120.676424"/>
      <trkpt lat="36.145438" lon="120.676967"/>
      <trkpt lat="36.145496" lon="120.677226"/>
      <trkpt lat="36.14553" lon="120.677565"/>
      <trkpt lat="36.145537" lon="120.678151"/>
      <trkpt lat="36.1456" lon="120.678323"/>
      <trkpt lat="36.145758" lon="120.678562"/>
      <trkpt lat="36.145914" lon="120.678923"/>
      <trkpt lat="36.145975" lon="120.678992"/>
      <trkpt lat="36.145988" lon="120.679061"/>
      <trkpt lat="36.14595" lon="120.679054"/>
      <trkpt lat="36.145898" lon="120.678967"/>
      <trkpt lat="36.145913" lon="120.678843"/>
      <trkpt lat="36.146034" lon="120.678772"/>
      <trkpt lat="36.146751" lon="120.678869"/>
      <trkpt lat="36.147534" lon="120.67903"/>
      <trkpt lat="36.148011" lon="120.679075"/>
      <trkpt lat="36.148423" lon="120.679"/>
      <trkpt lat="36.148757" lon="120.678804"/>
      <trkpt lat="36.148946" lon="120.678798"/>
      <trkpt lat="36.149043" lon="120.678858"/>
      <trkpt lat="36.149128" lon="120.678967"/>
      <trkpt lat="36.149283" lon="120.679338"/>
      <trkpt lat="36.149449" lon="120.67956"/>
      <trkpt lat="36.149748" lon="120.679736"/>
      <trkpt lat="36.15003" lon="120.679818"/>
      <trkpt lat="36.150104" lon="120.679812"/>
      <trkpt lat="36.150245" lon="120.679724"/>
      <trkpt lat="36.150638" lon="120.679327"/>
      <trkpt lat="36.150744" lon="120.67911"/>
      <trkpt lat="36.150867" lon="120.678702"/>
      <trkpt lat="36.150943" lon="120.678609"/>
      <trkpt lat="36.151042" lon="120.678558"/>
      <trkpt lat="36.152258" lon="120.678652"/>
      <trkpt lat="36.152643" lon="120.678742"/>
      <trkpt lat="36.152746" lon="120.67881"/>
      <trkpt lat="36.152913" lon="120.679006"/>
      <trkpt lat="36.152956" lon="120.679123"/>
      <trkpt lat="36.153007" lon="120.679563"/>
      <trkpt lat="36.153154" lon="120.679778"/>
      <trkpt lat="36.153731" lon="120.680153"/>
      <trkpt lat="36.154346" lon="120.680707"/>
      <trkpt lat="36.154927" lon="120.68098"/>
      <trkpt lat="36.155175" lon="120.681174"/>
      <trkpt lat="36.155409" lon="120.681497"/>
      <trkpt lat="36.155791" lon="120.68223"/>
      <trkpt lat="36.156446" lon="120.683296"/>
      <trkpt lat="36.157424" lon="120.684543"/>
      <trkpt lat="36.157581" lon="120.684685"/>
      <trkpt lat="36.157867" lon="120.684794"/>
      <trkpt lat="36.158685" lon="120.684915"/>
      <trkpt lat="36.160649" lon="120.685365"/>
      <trkpt lat="36.161319" lon="120.68548"/>
      <trkpt lat="36.162493" lon="120.686276"/>
      <trkpt lat="36.163593" lon="120.686595"/>
      <trkpt lat="36.164018" lon="120.686813"/>
      <trkpt lat="36.164176" lon="120.686841"/>
      <trkpt lat="36.164654" lon="120.687448"/>
      <trkpt lat="36.164865" lon="120.687572"/>
      <trkpt lat="36.165094" lon="120.68762"/>
      <trkpt lat="36.165427" lon="120.687589"/>
      <trkpt lat="36.166101" lon="120.687345"/>
      <trkpt lat="36.166233" lon="120.687327"/>
      <trkpt lat="36.166836" lon="120.687459"/>
      <trkpt lat="36.167586" lon="120.687756"/>
      <trkpt lat="36.167827" lon="120.687688"/>
      <trkpt lat="36.167971" lon="120.687554"/>
      <trkpt lat="36.168865" lon="120.686214"/>
      <trkpt lat="36.170001" lon="120.685476"/>
      <trkpt lat="36.170829" lon="120.685009"/>
      <trkpt lat="36.17113" lon="120.684883"/>
      <trkpt lat="36.171334" lon="120.684868"/>
      <trkpt lat="36.171724" lon="120.684921"/>
      <trkpt lat="36.172249" lon="120.685048"/>
      <trkpt lat="36.172492" lon="120.685057"/>
      <trkpt lat="36.172744" lon="120.684953"/>
      <trkpt lat="36.173389" lon="120.684533"/>
      <trkpt lat="36.173721" lon="120.684273"/>
      <trkpt lat="36.173854" lon="120.684111"/>
      <trkpt lat="36.174534" lon="120.682861"/>
      <trkpt lat="36.174691" lon="120.682706"/>
      <trkpt lat="36.174878" lon="120.682614"/>
      <trkpt lat="36.175063" lon="120.682575"/>
      <trkpt lat="36.17523" lon="120.682587"/>
      <trkpt lat="36.175525" lon="120.682729"/>
      <trkpt lat="36.176247" lon="120.683482"/>
      <trkpt lat="36.176556" lon="120.683848"/>
      <trkpt lat="36.176736" lon="120.683949"/>
      <trkpt lat="36.177143" lon="120.684086"/>
      <trkpt lat="36.177223" lon="120.684164"/>
      <trkpt lat="36.177267" lon="120.684272"/>
    </trkseg>
  </trk>
  <trk>
    <type>户外骑行</type>
    <extensions>
      <totalTime>15723.0</totalTime>
      <cumulativeDecrease>0.0</cumulativeDecrease>
      <cumulativeClimb>0.0</cumulativeClimb>
      <totalDistance>45283.0</totalDistance>
    </extensions>
    <trkseg>
      <trkpt lat="36.248899" lon="120.659248"/>
      <trkpt lat="36.249724" lon="120.658786"/>
      <trkpt lat="36.250751" lon="120.65815"/>
      <trkpt lat="36.251556" lon="120.657715"/>
      <trkpt lat="36.252606" lon="120.657056"/>
      <trkpt lat="36.253168" lon="120.656781"/>
      <trkpt lat="36.255797" lon="120.655231"/>
      <trkpt lat="36.256866" lon="120.654655"/>
      <trkpt lat="36.258493" lon="120.653649"/>
      <trkpt lat="36.262836" lon="120.651161"/>
      <trkpt lat="36.263527" lon="120.650728"/>
      <trkpt lat="36.264222" lon="120.650398"/>
      <trkpt lat="36.265367" lon="120.649782"/>
      <trkpt lat="36.266078" lon="120.649447"/>
      <trkpt lat="36.266816" lon="120.64915"/>
      <trkpt lat="36.267443" lon="120.648813"/>
      <trkpt lat="36.267821" lon="120.648511"/>
      <trkpt lat="36.268175" lon="120.64812"/>
      <trkpt lat="36.26848" lon="120.647685"/>
      <trkpt lat="36.269291" lon="120.646654"/>
      <trkpt lat="36.269616" lon="120.646106"/>
      <trkpt lat="36.269838" lon="120.645658"/>
      <trkpt lat="36.270053" lon="120.645046"/>
      <trkpt lat="36.270518" lon="120.642696"/>
      <trkpt lat="36.270648" lon="120.641629"/>
      <trkpt lat="36.270755" lon="120.641006"/>
      <trkpt lat="36.270991" lon="120.638938"/>
      <trkpt lat="36.271191" lon="120.637746"/>
      <trkpt lat="36.271215" lon="120.63728"/>
      <trkpt lat="36.27141" lon="120.635593"/>
      <trkpt lat="36.27153" lon="120.635024"/>
      <trkpt lat="36.271696" lon="120.633864"/>
      <trkpt lat="36.271841" lon="120.632128"/>
      <trkpt lat="36.27196" lon="120.631176"/>
      <trkpt lat="36.272108" lon="120.630381"/>
      <trkpt lat="36.272177" lon="120.629607"/>
      <trkpt lat="36.272286" lon="120.628829"/>
      <trkpt lat="36.272408" lon="120.628305"/>
      <trkpt lat="36.272537" lon="120.628016"/>
      <trkpt lat="36.272945" lon="120.627345"/>
      <trkpt lat="36.274264" lon="120.625523"/>
      <trkpt lat="36.274459" lon="120.625212"/>
      <trkpt lat="36.275275" lon="120.624114"/>
      <trkpt lat="36.275799" lon="120.623339"/>
      <trkpt lat="36.276275" lon="120.622474"/>
      <trkpt lat="36.276667" lon="120.621626"/>
      <trkpt lat="36.277129" lon="120.620489"/>
      <trkpt lat="36.277361" lon="120.619993"/>
      <trkpt lat="36.277699" lon="120.619459"/>
      <trkpt lat="36.278295" lon="120.618735"/>
      <trkpt lat="36.278544" lon="120.618338"/>
      <trkpt lat="36.278799" lon="120.61758"/>
      <trkpt lat="36.279093" lon="120.61629"/>
      <trkpt lat="36.279317" lon="120.615118"/>
      <trkpt lat="36.27935" lon="120.614436"/>
      <trkpt lat="36.279298" lon="120.613883"/>
      <trkpt lat="36.279135" lon="120.613227"/>
      <trkpt lat="36.278061" lon="120.609794"/>
      <trkpt lat="36.277893" lon="120.609168"/>
      <trkpt lat="36.276781" lon="120.605702"/>
      <trkpt lat="36.276694" lon="120.605297"/>
      <trkpt lat="36.276589" lon="120.605009"/>
      <trkpt lat="36.276513" lon="120.604686"/>
      <trkpt lat="36.275688" lon="120.602191"/>
      <trkpt lat="36.275512" lon="120.601524"/>
      <trkpt lat="36.275399" lon="120.601269"/>
      <trkpt lat="36.275238" lon="120.600773"/>
      <trkpt lat="36.275031" lon="120.600043"/>
      <trkpt lat="36.274869" lon="120.599629"/>
      <trkpt lat="36.274599" lon="120.598728"/>
      <trkpt lat="36.274332" lon="120.597961"/>
      <trkpt lat="36.274104" lon="120.597103"/>
      <trkpt lat="36.273943" lon="120.596296"/>
      <trkpt lat="36.273862" lon="120.596055"/>
      <trkpt lat="36.273683" lon="120.595784"/>
      <trkpt lat="36.27351" lon="120.595684"/>
      <trkpt lat="36.27315" lon="120.595371"/>
      <trkpt lat="36.272849" lon="120.594968"/>
      <trkpt lat="36.272623" lon="120.594598"/>
      <trkpt lat="36.27243" lon="120.594097"/>
      <trkpt lat="36.272229" lon="120.592805"/>
      <trkpt lat="36.272152" lon="120.59257"/>
      <trkpt lat="36.271352" lon="120.591235"/>
      <trkpt lat="36.270897" lon="120.590728"/>
      <trkpt lat="36.270761" lon="120.5905"/>
      <trkpt lat="36.270552" lon="120.590236"/>
      <trkpt lat="36.270248" lon="120.589737"/>
      <trkpt lat="36.270067" lon="120.589265"/>
      <trkpt lat="36.269847" lon="120.588842"/>
      <trkpt lat="36.269164" lon="120.588077"/>
      <trkpt lat="36.268546" lon="120.58752"/>
      <trkpt lat="36.268251" lon="120.587075"/>
      <trkpt lat="36.267941" lon="120.586665"/>
      <trkpt lat="36.267784" lon="120.58651"/>
      <trkpt lat="36.267575" lon="120.586101"/>
      <trkpt lat="36.267586" lon="120.585623"/>
      <trkpt lat="36.267556" lon="120.585369"/>
      <trkpt lat="36.267479" lon="120.585121"/>
      <trkpt lat="36.267388" lon="120.584968"/>
      <trkpt lat="36.267278" lon="120.584682"/>
      <trkpt lat="36.26686" lon="120.584177"/>
      <trkpt lat="36.266866" lon="120.584044"/>
      <trkpt lat="36.266989" lon="120.583954"/>
      <trkpt lat="36.26731" lon="120.583908"/>
      <trkpt lat="36.26795" lon="120.583897"/>
      <trkpt lat="36.268109" lon="120.583941"/>
      <trkpt lat="36.268534" lon="120.584279"/>
      <trkpt lat="36.269152" lon="120.584298"/>
      <trkpt lat="36.269393" lon="120.584487"/>
      <trkpt lat="36.269517" lon="120.584523"/>
      <trkpt lat="36.269633" lon="120.584467"/>
      <trkpt lat="36.269817" lon="120.584218"/>
      <trkpt lat="36.269938" lon="120.584144"/>
      <trkpt lat="36.269846" lon="120.58417"/>
      <trkpt lat="36.269809" lon="120.584239"/>
      <trkpt lat="36.269751" lon="120.584254"/>
      <trkpt lat="36.26967" lon="120.584215"/>
      <trkpt lat="36.269265" lon="120.58367"/>
      <trkpt lat="36.269093" lon="120.583501"/>
      <trkpt lat="36.268171" lon="120.583174"/>
      <trkpt lat="36.267969" lon="120.583074"/>
      <trkpt lat="36.267487" lon="120.582748"/>
      <trkpt lat="36.267229" lon="120.582499"/>
      <trkpt lat="36.267109" lon="120.582456"/>
      <trkpt lat="36.266935" lon="120.58233"/>
      <trkpt lat="36.266832" lon="120.582209"/>
      <trkpt lat="36.266465" lon="120.582001"/>
      <trkpt lat="36.26635" lon="120.581833"/>
      <trkpt lat="36.26618" lon="120.581749"/>
      <trkpt lat="36.265921" lon="120.581546"/>
      <trkpt lat="36.265715" lon="120.581533"/>
      <trkpt lat="36.265323" lon="120.581848"/>
      <trkpt lat="36.265175" lon="120.581846"/>
      <trkpt lat="36.265033" lon="120.581766"/>
      <trkpt lat="36.264892" lon="120.58152"/>
      <trkpt lat="36.264665" lon="120.580735"/>
      <trkpt lat="36.264485" lon="120.580344"/>
      <trkpt lat="36.264335" lon="120.58024"/>
      <trkpt lat="36.264061" lon="120.580214"/>
      <trkpt lat="36.263458" lon="120.579899"/>
      <trkpt lat="36.262917" lon="120.579428"/>
      <trkpt lat="36.262749" lon="120.579337"/>
      <trkpt lat="36.262573" lon="120.579119"/>
      <trkpt lat="36.26254" lon="120.578989"/>
      <trkpt lat="36.262586" lon="120.57891"/>
      <trkpt lat="36.262651" lon="120.578876"/>
      <trkpt lat="36.262735" lon="120.57889"/>
      <trkpt lat="36.263036" lon="120.579089"/>
      <trkpt lat="36.263145" lon="120.579087"/>
      <trkpt lat="36.263234" lon="120.578999"/>
      <trkpt lat="36.263251" lon="120.578936"/>
      <trkpt lat="36.263244" lon="120.578875"/>
      <trkpt lat="36.263179" lon="120.578786"/>
      <trkpt lat="36.262994" lon="120.57867"/>
      <trkpt lat="36.261971" lon="120.578327"/>
      <trkpt lat="36.26173" lon="120.578186"/>
      <trkpt lat="36.260775" lon="120.577267"/>
      <trkpt lat="36.259938" lon="120.576663"/>
      <trkpt lat="36.258719" lon="120.575305"/>
      <trkpt lat="36.258616" lon="120.575101"/>
      <trkpt lat="36.258639" lon="120.575014"/>
      <trkpt lat="36.258793" lon="120.574851"/>
      <trkpt lat="36.258845" lon="120.574743"/>
      <trkpt lat="36.258828" lon="120.574628"/>
      <trkpt lat="36.258626" lon="120.574447"/>
      <trkpt lat="36.257625" lon="120.573925"/>
      <trkpt lat="36.257573" lon="120.573847"/>
      <trkpt lat="36.257587" lon="120.573778"/>
      <trkpt lat="36.257911" lon="120.573684"/>
      <trkpt lat="36.257975" lon="120.573611"/>
      <trkpt lat="36.25799" lon="120.573512"/>
      <trkpt lat="36.257947" lon="120.573417"/>
      <trkpt lat="36.257737" lon="120.573301"/>
      <trkpt lat="36.257015" lon="120.573176"/>
      <trkpt lat="36.256804" lon="120.573055"/>
      <trkpt lat="36.256757" lon="120.572938"/>
      <trkpt lat="36.256756" lon="120.572795"/>
      <trkpt lat="36.25684" lon="120.572364"/>
      <trkpt lat="36.256811" lon="120.57225"/>
      <trkpt lat="36.256739" lon="120.572173"/>
      <trkpt lat="36.256085" lon="120.572027"/>
      <trkpt lat="36.255253" lon="120.571898"/>
      <trkpt lat="36.254974" lon="120.571797"/>
      <trkpt lat="36.254782" lon="120.57168"/>
      <trkpt lat="36.254453" lon="120.571179"/>
      <trkpt lat="36.254205" lon="120.570891"/>
      <trkpt lat="36.254012" lon="120.570772"/>
      <trkpt lat="36.253893" lon="120.570739"/>
      <trkpt lat="36.253493" lon="120.570777"/>
      <trkpt lat="36.25282" lon="120.57108"/>
      <trkpt lat="36.252627" lon="120.571116"/>
      <trkpt lat="36.25259" lon="120.57106"/>
      <trkpt lat="36.252613" lon="120.570984"/>
      <trkpt lat="36.252683" lon="120.570917"/>
      <trkpt lat="36.25318" lon="120.570733"/>
      <trkpt lat="36.253429" lon="120.570578"/>
      <trkpt lat="36.253496" lon="120.570446"/>
      <trkpt lat="36.253496" lon="120.570285"/>
      <trkpt lat="36.253432" lon="120.570134"/>
      <trkpt lat="36.253319" lon="120.570017"/>
      <trkpt lat="36.252805" lon="120.569703"/>
      <trkpt lat="36.252734" lon="120.56959"/>
      <trkpt lat="36.252687" lon="120.569435"/>
      <trkpt lat="36.252585" lon="120.568889"/>
      <trkpt lat="36.252503" lon="120.568764"/>
      <trkpt lat="36.252385" lon="120.568702"/>
      <trkpt lat="36.252255" lon="120.568717"/>
      <trkpt lat="36.252139" lon="120.568798"/>
      <trkpt lat="36.251843" lon="120.569164"/>
      <trkpt lat="36.251706" lon="120.569221"/>
      <trkpt lat="36.251545" lon="120.5692"/>
      <trkpt lat="36.251192" lon="120.568992"/>
      <trkpt lat="36.25028" lon="120.568267"/>
      <trkpt lat="36.250132" lon="120.568186"/>
      <trkpt lat="36.249745" lon="120.568089"/>
      <trkpt lat="36.249711" lon="120.568037"/>
      <trkpt lat="36.24975" lon="120.56799"/>
      <trkpt lat="36.249938" lon="120.567984"/>
      <trkpt lat="36.250144" lon="120.56806"/>
      <trkpt lat="36.250674" lon="120.568345"/>
      <trkpt lat="36.250777" lon="120.568366"/>
      <trkpt lat="36.25086" lon="120.568317"/>
      <trkpt lat="36.250897" lon="120.568195"/>
      <trkpt lat="36.250873" lon="120.568054"/>
      <trkpt lat="36.250784" lon="120.567941"/>
      <trkpt lat="36.250524" lon="120.567768"/>
      <trkpt lat="36.250139" lon="120.567392"/>
      <trkpt lat="36.249839" lon="120.567201"/>
      <trkpt lat="36.249343" lon="120.566974"/>
      <trkpt lat="36.248626" lon="120.566725"/>
      <trkpt lat="36.247792" lon="120.566307"/>
      <trkpt lat="36.24766" lon="120.566184"/>
      <trkpt lat="36.247234" lon="120.565565"/>
      <trkpt lat="36.246955" lon="120.565282"/>
      <trkpt lat="36.246644" lon="120.565046"/>
      <trkpt lat="36.24593" lon="120.564732"/>
      <trkpt lat="36.245605" lon="120.564533"/>
      <trkpt lat="36.245036" lon="120.563959"/>
      <trkpt lat="36.243734" lon="120.56275"/>
      <trkpt lat="36.242493" lon="120.561674"/>
      <trkpt lat="36.242387" lon="120.561565"/>
      <trkpt lat="36.242269" lon="120.561341"/>
      <trkpt lat="36.242281" lon="120.560875"/>
      <trkpt lat="36.24225" lon="120.560231"/>
      <trkpt lat="36.242168" lon="120.559491"/>
      <trkpt lat="36.242193" lon="120.559129"/>
      <trkpt lat="36.241965" lon="120.559171"/>
      <trkpt lat="36.241844" lon="120.559149"/>
      <trkpt lat="36.240785" lon="120.558162"/>
      <trkpt lat="36.240558" lon="120.557873"/>
      <trkpt lat="36.238914" lon="120.55528"/>
      <trkpt lat="36.238179" lon="120.553955"/>
      <trkpt lat="36.237568" lon="120.553032"/>
      <trkpt lat="36.236823" lon="120.551772"/>
      <trkpt lat="36.236029" lon="120.550575"/>
      <trkpt lat="36.235941" lon="120.550353"/>
      <trkpt lat="36.235758" lon="120.550235"/>
      <trkpt lat="36.235163" lon="120.549607"/>
      <trkpt lat="36.234067" lon="120.548833"/>
      <trkpt lat="36.233141" lon="120.548362"/>
      <trkpt lat="36.232129" lon="120.548055"/>
      <trkpt lat="36.231099" lon="120.547636"/>
      <trkpt lat="36.230071" lon="120.54706"/>
      <trkpt lat="36.229408" lon="120.546556"/>
      <trkpt lat="36.229033" lon="120.546221"/>
      <trkpt lat="36.22798" lon="120.545066"/>
      <trkpt lat="36.227406" lon="120.544257"/>
      <trkpt lat="36.226954" lon="120.543545"/>
      <trkpt lat="36.226459" lon="120.542881"/>
      <trkpt lat="36.225854" lon="120.542087"/>
      <trkpt lat="36.225335" lon="120.541544"/>
      <trkpt lat="36.224697" lon="120.540956"/>
      <trkpt lat="36.223819" lon="120.540256"/>
      <trkpt lat="36.220545" lon="120.53803"/>
      <trkpt lat="36.220153" lon="120.537733"/>
      <trkpt lat="36.219569" lon="120.537208"/>
      <trkpt lat="36.219037" lon="120.536618"/>
      <trkpt lat="36.218554" lon="120.536005"/>
      <trkpt lat="36.217732" lon="120.534721"/>
      <trkpt lat="36.217168" lon="120.533909"/>
      <trkpt lat="36.216195" lon="120.532682"/>
      <trkpt lat="36.21579" lon="120.532224"/>
      <trkpt lat="36.215274" lon="120.53172"/>
      <trkpt lat="36.215181" lon="120.53172"/>
      <trkpt lat="36.215084" lon="120.531818"/>
      <trkpt lat="36.214925" lon="120.531893"/>
      <trkpt lat="36.214992" lon="120.531925"/>
      <trkpt lat="36.215167" lon="120.531783"/>
      <trkpt lat="36.215185" lon="120.531668"/>
      <trkpt lat="36.215112" lon="120.531542"/>
      <trkpt lat="36.214409" lon="120.53081"/>
      <trkpt lat="36.213806" lon="120.530282"/>
      <trkpt lat="36.213502" lon="120.529943"/>
      <trkpt lat="36.213172" lon="120.529689"/>
      <trkpt lat="36.21304" lon="120.529545"/>
      <trkpt lat="36.212708" lon="120.529385"/>
      <trkpt lat="36.212128" lon="120.528886"/>
      <trkpt lat="36.211391" lon="120.528394"/>
      <trkpt lat="36.210967" lon="120.528178"/>
      <trkpt lat="36.209974" lon="120.527574"/>
      <trkpt lat="36.209392" lon="120.527343"/>
      <trkpt lat="36.208312" lon="120.52679"/>
      <trkpt lat="36.207546" lon="120.526318"/>
      <trkpt lat="36.206726" lon="120.525722"/>
      <trkpt lat="36.204491" lon="120.523524"/>
      <trkpt lat="36.203199" lon="120.522411"/>
      <trkpt lat="36.202489" lon="120.521926"/>
      <trkpt lat="36.199952" lon="120.520057"/>
      <trkpt lat="36.199205" lon="120.51943"/>
      <trkpt lat="36.198557" lon="120.51879"/>
      <trkpt lat="36.196806" lon="120.516881"/>
      <trkpt lat="36.196397" lon="120.516392"/>
      <trkpt lat="36.194744" lon="120.514638"/>
      <trkpt lat="36.194082" lon="120.513867"/>
      <trkpt lat="36.193162" lon="120.513028"/>
      <trkpt lat="36.192261" lon="120.512265"/>
      <trkpt lat="36.190579" lon="120.51097"/>
      <trkpt lat="36.189251" lon="120.509871"/>
      <trkpt lat="36.188481" lon="120.509321"/>
      <trkpt lat="36.186397" lon="120.50773"/>
      <trkpt lat="36.186254" lon="120.507603"/>
      <trkpt lat="36.186192" lon="120.507457"/>
      <trkpt lat="36.185489" lon="120.507006"/>
      <trkpt lat="36.184716" lon="120.506356"/>
      <trkpt lat="36.18335" lon="120.505393"/>
      <trkpt lat="36.182369" lon="120.504651"/>
      <trkpt lat="36.181395" lon="120.50386"/>
      <trkpt lat="36.180281" lon="120.503071"/>
      <trkpt lat="36.179288" lon="120.502222"/>
      <trkpt lat="36.177997" lon="120.50125"/>
      <trkpt lat="36.17732" lon="120.500794"/>
      <trkpt lat="36.17656" lon="120.500337"/>
      <trkpt lat="36.175087" lon="120.499545"/>
      <trkpt lat="36.174675" lon="120.499279"/>
      <trkpt lat="36.173388" lon="120.498725"/>
      <trkpt lat="36.172585" lon="120.498321"/>
      <trkpt lat="36.171919" lon="120.497868"/>
      <trkpt lat="36.171093" lon="120.497057"/>
      <trkpt lat="36.17097" lon="120.496853"/>
      <trkpt lat="36.17087" lon="120.496862"/>
      <trkpt lat="36.17078" lon="120.4968"/>
      <trkpt lat="36.169326" lon="120.495126"/>
      <trkpt lat="36.168669" lon="120.494304"/>
      <trkpt lat="36.16839" lon="120.494034"/>
      <trkpt lat="36.167829" lon="120.493363"/>
      <trkpt lat="36.167622" lon="120.493178"/>
      <trkpt lat="36.166782" lon="120.492259"/>
      <trkpt lat="36.16657" lon="120.4919"/>
      <trkpt lat="36.166373" lon="120.491723"/>
      <trkpt lat="36.166245" lon="120.491662"/>
      <trkpt lat="36.165929" lon="120.491238"/>
      <trkpt lat="36.16547" lon="120.490846"/>
      <trkpt lat="36.164987" lon="120.490251"/>
      <trkpt lat="36.164621" lon="120.489695"/>
      <trkpt lat="36.164162" lon="120.489355"/>
      <trkpt lat="36.163805" lon="120.489042"/>
      <trkpt lat="36.163431" lon="120.488614"/>
      <trkpt lat="36.163024" lon="120.48824"/>
      <trkpt lat="36.162059" lon="120.487251"/>
      <trkpt lat="36.160948" lon="120.486251"/>
      <trkpt lat="36.159604" lon="120.485314"/>
      <trkpt lat="36.159117" lon="120.485051"/>
      <trkpt lat="36.158127" lon="120.484602"/>
      <trkpt lat="36.156757" lon="120.484163"/>
      <trkpt lat="36.156012" lon="120.483987"/>
      <trkpt lat="36.155386" lon="120.48388"/>
      <trkpt lat="36.155146" lon="120.483782"/>
      <trkpt lat="36.154716" lon="120.483778"/>
      <trkpt lat="36.151983" lon="120.483237"/>
      <trkpt lat="36.151111" lon="120.483104"/>
      <trkpt lat="36.150732" lon="120.48299"/>
      <trkpt lat="36.1502" lon="120.482925"/>
      <trkpt lat="36.149955" lon="120.482844"/>
      <trkpt lat="36.149652" lon="120.482563"/>
      <trkpt lat="36.149583" lon="120.482539"/>
      <trkpt lat="36.149087" lon="120.482475"/>
      <trkpt lat="36.148576" lon="120.482521"/>
      <trkpt lat="36.148159" lon="120.482501"/>
      <trkpt lat="36.147688" lon="120.482396"/>
      <trkpt lat="36.147281" lon="120.482236"/>
      <trkpt lat="36.146914" lon="120.482302"/>
      <trkpt lat="36.146361" lon="120.482244"/>
      <trkpt lat="36.145819" lon="120.482107"/>
      <trkpt lat="36.145666" lon="120.481995"/>
      <trkpt lat="36.145156" lon="120.481969"/>
      <trkpt lat="36.141992" lon="120.481226"/>
      <trkpt lat="36.140179" lon="120.48088"/>
      <trkpt lat="36.138775" lon="120.480718"/>
      <trkpt lat="36.137912" lon="120.480659"/>
      <trkpt lat="36.134452" lon="120.480577"/>
      <trkpt lat="36.133508" lon="120.480516"/>
      <trkpt lat="36.133143" lon="120.480449"/>
      <trkpt lat="36.133024" lon="120.480504"/>
      <trkpt lat="36.131917" lon="120.480432"/>
      <trkpt lat="36.131656" lon="120.480462"/>
      <trkpt lat="36.131062" lon="120.480392"/>
      <trkpt lat="36.13061" lon="120.48043"/>
      <trkpt lat="36.130004" lon="120.480386"/>
      <trkpt lat="36.129706" lon="120.480429"/>
      <trkpt lat="36.129357" lon="120.480354"/>
      <trkpt lat="36.129133" lon="120.480358"/>
      <trkpt lat="36.128939" lon="120.480293"/>
      <trkpt lat="36.128486" lon="120.480358"/>
      <trkpt lat="36.127245" lon="120.480273"/>
      <trkpt lat="36.126497" lon="120.480296"/>
      <trkpt lat="36.125981" lon="120.48028"/>
      <trkpt lat="36.125795" lon="120.48024"/>
      <trkpt lat="36.125499" lon="120.480265"/>
      <trkpt lat="36.123025" lon="120.480183"/>
      <trkpt lat="36.121985" lon="120.480199"/>
      <trkpt lat="36.118039" lon="120.48006"/>
      <trkpt lat="36.116748" lon="120.479873"/>
      <trkpt lat="36.116074" lon="120.479609"/>
      <trkpt lat="36.115738" lon="120.479412"/>
      <trkpt lat="36.115655" lon="120.479288"/>
      <trkpt lat="36.115758" lon="120.478947"/>
      <trkpt lat="36.11565" lon="120.479146"/>
      <trkpt lat="36.115565" lon="120.479208"/>
      <trkpt lat="36.115366" lon="120.479192"/>
      <trkpt lat="36.115224" lon="120.479119"/>
      <trkpt lat="36.11432" lon="120.478434"/>
      <trkpt lat="36.11397" lon="120.478221"/>
      <trkpt lat="36.11351" lon="120.477827"/>
      <trkpt lat="36.112561" lon="120.477152"/>
      <trkpt lat="36.111618" lon="120.476388"/>
      <trkpt lat="36.110709" lon="120.475805"/>
      <trkpt lat="36.109998" lon="120.475417"/>
      <trkpt lat="36.109572" lon="120.475138"/>
      <trkpt lat="36.108374" lon="120.474813"/>
      <trkpt lat="36.107493" lon="120.474622"/>
      <trkpt lat="36.106332" lon="120.474519"/>
      <trkpt lat="36.105652" lon="120.474394"/>
      <trkpt lat="36.105245" lon="120.474372"/>
      <trkpt lat="36.104701" lon="120.47428"/>
      <trkpt lat="36.103643" lon="120.474208"/>
      <trkpt lat="36.103431" lon="120.474143"/>
      <trkpt lat="36.103342" lon="120.474054"/>
      <trkpt lat="36.103251" lon="120.473777"/>
      <trkpt lat="36.103228" lon="120.472828"/>
      <trkpt lat="36.103105" lon="120.471768"/>
      <trkpt lat="36.103039" lon="120.470788"/>
      <trkpt lat="36.102799" lon="120.468326"/>
      <trkpt lat="36.102652" lon="120.467179"/>
      <trkpt lat="36.102581" lon="120.466818"/>
      <trkpt lat="36.102497" lon="120.466587"/>
      <trkpt lat="36.102515" lon="120.466489"/>
      <trkpt lat="36.102592" lon="120.466443"/>
    </trkseg>
  </trk>
  <trk>
    <trkseg>
      <trkpt lat="36.17794655670299" lon="120.68415676847027"/>
      <trkpt lat="36.178653943439876" lon="120.68427345273521"/>
      <trkpt lat="36.17997471692908" lon="120.68451980406678"/>
      <trkpt lat="36.18008276722716" lon="120.6845327661003"/>
      <trkpt lat="36.18008276722716" lon="120.6845327661003"/>
      <trkpt lat="36.181055282959335" lon="120.68468435142454"/>
      <trkpt lat="36.181055282959335" lon="120.68468435142454"/>
      <trkpt lat="36.1815545171207" lon="120.6847451742157"/>
      <trkpt lat="36.1817716719316" lon="120.68480103567813"/>
      <trkpt lat="36.1817716719316" lon="120.68480103567813"/>
      <trkpt lat="36.18179368640809" lon="120.6848060230486"/>
      <trkpt lat="36.18191576358086" lon="120.68483195662125"/>
      <trkpt lat="36.18217188140096" lon="120.68486186846857"/>
      <trkpt lat="36.182787988627396" lon="120.68483586111552"/>
      <trkpt lat="36.182787988627396" lon="120.68483586111552"/>
      <trkpt lat="36.18319205911698" lon="120.68481885618992"/>
      <trkpt lat="36.18319205911698" lon="120.68481885618992"/>
      <trkpt lat="36.183261076378606" lon="120.68481884929264"/>
      <trkpt lat="36.183600067763635" lon="120.68476692389422"/>
      <trkpt lat="36.18369103481661" lon="120.68473597949313"/>
      <trkpt lat="36.18375998196512" lon="120.6846970540074"/>
      <trkpt lat="36.18387286994616" lon="120.68461920560375"/>
      <trkpt lat="36.18387286994616" lon="120.68461920560375"/>
      <trkpt lat="36.18391182572436" lon="120.68458926438035"/>
      <trkpt lat="36.18391182572436" lon="120.68458926438035"/>
      <trkpt lat="36.184041669230425" lon="120.68448447085429"/>
      <trkpt lat="36.18422838804028" lon="120.68430283296216"/>
      <trkpt lat="36.184449082442065" lon="120.6841032298953"/>
      <trkpt lat="36.18468770306928" lon="120.6838607159009"/>
      <trkpt lat="36.184735606522686" lon="120.68380083713352"/>
      <trkpt lat="36.18473559747214" lon="120.68379584763831"/>
      <trkpt lat="36.184796480593945" lon="120.68372299495253"/>
      <trkpt lat="36.18484836682855" lon="120.68365313693268"/>
      <trkpt lat="36.184913163792146" lon="120.68353238500535"/>
      <trkpt lat="36.1849779188262" lon="120.68338868173404"/>
      <trkpt lat="36.18501271513464" lon="120.6832719248179"/>
      <trkpt lat="36.18504254092727" lon="120.68317213272263"/>
      <trkpt lat="36.1851196445348" lon="120.68267018782079"/>
      <trkpt lat="36.18513245803455" lon="120.68256640670525"/>
      <trkpt lat="36.185131783719804" lon="120.68219818906864"/>
      <trkpt lat="36.18514832657207" lon="120.68194672266905"/>
      <trkpt lat="36.18517005342992" lon="120.68179504373597"/>
      <trkpt lat="36.1852136900686" lon="120.68159147364582"/>
      <trkpt lat="36.18526537605603" lon="120.68141384782"/>
      <trkpt lat="36.185291191327785" lon="120.6813100670535"/>
      <trkpt lat="36.18532103877567" lon="120.6812232497263"/>
      <trkpt lat="36.18534699008156" lon="120.68119331117438"/>
      <trkpt lat="36.18536895510275" lon="120.68117135595017"/>
      <trkpt lat="36.18540792438582" lon="120.68114939903397"/>
      <trkpt lat="36.18558088126216" lon="120.68110248213976"/>
      <trkpt lat="36.18653175900329" lon="120.68090680606721"/>
      <trkpt lat="36.18653175900329" lon="120.68090680606721"/>
      <trkpt lat="36.18657475506383" lon="120.68089881888058"/>
      <trkpt lat="36.18657475506383" lon="120.68089881888058"/>
      <trkpt lat="36.1867267361205" lon="120.68086787000004"/>
      <trkpt lat="36.1871607420142" lon="120.68081194645318"/>
      <trkpt lat="36.18753877259797" lon="120.68077698359451"/>
      <trkpt lat="36.18753877259797" lon="120.68077698359451"/>
      <trkpt lat="36.188063801508186" lon="120.68072105101945"/>
      <trkpt lat="36.18843689554162" lon="120.68072101376949"/>
      <trkpt lat="36.188528909513956" lon="120.68071601528483"/>
      <trkpt lat="36.18875889553511" lon="120.68067707580953"/>
      <trkpt lat="36.188949928960945" lon="120.68066907386412"/>
      <trkpt lat="36.18980520765699" lon="120.68070291568138"/>
      <trkpt lat="36.190048326299724" lon="120.68073382505195"/>
      <trkpt lat="36.1904304782684" lon="120.68076372269029"/>
      <trkpt lat="36.190516500024614" lon="120.68076371410095"/>
      <trkpt lat="36.19057750807651" lon="120.68075971656923"/>
      <trkpt lat="36.19065150280971" lon="120.680746737002"/>
      <trkpt lat="36.19078546473714" lon="120.6807078071012"/>
      <trkpt lat="36.191089340426565" lon="120.68059901015478"/>
      <trkpt lat="36.19118932511232" lon="120.68057704729524"/>
      <trkpt lat="36.19132832891395" lon="120.68056006983358"/>
      <trkpt lat="36.19148436104681" lon="120.68055606282336"/>
      <trkpt lat="36.19171041832179" lon="120.68055604025172"/>
      <trkpt lat="36.19214059939963" lon="120.6805949137537"/>
      <trkpt lat="36.192266631362465" lon="120.68059490116907"/>
      <trkpt lat="36.19241360400412" lon="120.68055996146842"/>
      <trkpt lat="36.1927523536347" lon="120.68037831773673"/>
      <trkpt lat="36.19288621932508" lon="120.68028749955567"/>
      <trkpt lat="36.19298607630299" lon="120.68019668486203"/>
      <trkpt lat="36.193141721394056" lon="120.67998412675158"/>
      <trkpt lat="36.193435918632126" lon="120.67951211490626"/>
      <trkpt lat="36.1935017328363" lon="120.67940334314956"/>
      <trkpt lat="36.19354459129941" lon="120.67932151559981"/>
      <trkpt lat="36.1935925309649" lon="120.67928259489217"/>
      <trkpt lat="36.19363551771517" lon="120.67926961863054"/>
      <trkpt lat="36.193735526400154" lon="120.67926062805356"/>
      <trkpt lat="36.19373551895879" lon="120.67925663667943"/>
      <trkpt lat="36.19389563963815" lon="120.67929952798411"/>
      <trkpt lat="36.194017759940365" lon="120.67934741232322"/>
      <trkpt lat="36.19411287335669" lon="120.67939529938133"/>
      <trkpt lat="36.19421299546168" lon="120.67944717734498"/>
      <trkpt lat="36.19430012910045" lon="120.67950703940217"/>
      <trkpt lat="36.194365283110606" lon="120.67958087354728"/>
      <trkpt lat="36.194426484319166" lon="120.67968065218884"/>
      <trkpt lat="36.19473572102861" lon="120.68030427841133"/>
      <trkpt lat="36.19473572102861" lon="120.68030427841133"/>
      <trkpt lat="36.19480103532409" lon="120.68046492664566"/>
      <trkpt lat="36.194931452704985" lon="120.6806724680218"/>
      <trkpt lat="36.1950798115222" lon="120.68084608082063"/>
      <trkpt lat="36.19515793467775" lon="120.68090195324415"/>
      <trkpt lat="36.19558345949357" lon="120.68112742773873"/>
      <trkpt lat="36.19577465182181" lon="120.68120524207954"/>
      <trkpt lat="36.19597877565573" lon="120.68124413843623"/>
      <trkpt lat="36.19616992008837" lon="120.68129600836538"/>
      <trkpt lat="36.19625696621584" lon="120.68130897193096"/>
      <trkpt lat="36.196282972854675" lon="120.68130896933319"/>
      <trkpt lat="36.19641295822119" lon="120.68128301183022"/>
      <trkpt lat="36.19653492498236" lon="120.68124807434613"/>
      <trkpt lat="36.19668696381552" lon="120.68124805915917"/>
      <trkpt lat="36.19671698804253" lon="120.68125703695031"/>
      <trkpt lat="36.1968300886756" lon="120.68129594242144"/>
      <trkpt lat="36.19690013048171" lon="120.68130890768515"/>
      <trkpt lat="36.19690013048171" lon="120.68130890768515"/>
      <trkpt lat="36.19722941504294" lon="120.68141764228365"/>
      <trkpt lat="36.19733451358536" lon="120.68145654862819"/>
      <trkpt lat="36.197455640095505" lon="120.68150842568102"/>
      <trkpt lat="36.197455640095505" lon="120.68150842568102"/>
      <trkpt lat="36.19752071184125" lon="120.6815383552451"/>
      <trkpt lat="36.19770797455041" lon="120.68165508729399"/>
      <trkpt lat="36.197908376165955" lon="120.68184566074888"/>
      <trkpt lat="36.19815990214383" lon="120.68209709995627"/>
      <trkpt lat="36.19830416046338" lon="120.6822178286238"/>
      <trkpt lat="36.198373234845015" lon="120.68224875592963"/>
      <trkpt lat="36.198373234845015" lon="120.68224875592963"/>
      <trkpt lat="36.19843429070963" lon="120.682270703145"/>
      <trkpt lat="36.1985123253274" lon="120.68227867837302"/>
      <trkpt lat="36.19860738990255" lon="120.68230062219831"/>
      <trkpt lat="36.198677502904964" lon="120.68235250489332"/>
      <trkpt lat="36.19876883495816" lon="120.68252113753663"/>
      <trkpt lat="36.198785863050894" lon="120.68253410829419"/>
      <trkpt lat="36.19880793988197" lon="120.68257302347891"/>
      <trkpt lat="36.19883400312296" lon="120.68260395522485"/>
      <trkpt lat="36.19886905953841" lon="120.68262989667038"/>
      <trkpt lat="36.19895114441685" lon="120.68266481437381"/>
      <trkpt lat="36.19914722569951" lon="120.68268175879538"/>
      <trkpt lat="36.199194261467014" lon="120.68269472658125"/>
      <trkpt lat="36.19923832016896" lon="120.68272066715788"/>
      <trkpt lat="36.19929040461574" lon="120.68275957943902"/>
      <trkpt lat="36.19939865464134" lon="120.6828813106314"/>
      <trkpt lat="36.19946886197637" lon="120.68298508384659"/>
      <trkpt lat="36.19952104091418" lon="120.6830758864539"/>
      <trkpt lat="36.199560192779735" lon="120.68315371790638"/>
      <trkpt lat="36.199608410476685" lon="120.68326647472534"/>
      <trkpt lat="36.19966477163277" lon="120.68345706659666"/>
      <trkpt lat="36.19970405729206" lon="120.68360874272152"/>
      <trkpt lat="36.199756557750895" lon="120.68387717204631"/>
      <trkpt lat="36.19976179410871" lon="120.68400689863762"/>
      <trkpt lat="36.199762028965054" lon="120.68413662597239"/>
      <trkpt lat="36.199762202256935" lon="120.68423242477702"/>
      <trkpt lat="36.199762202256935" lon="120.68423242477702"/>
      <trkpt lat="36.199748315926556" lon="120.68429729002756"/>
      <trkpt lat="36.19974853407238" lon="120.68441803674502"/>
      <trkpt lat="36.199762687193505" lon="120.6845008617305"/>
      <trkpt lat="36.19979685975852" lon="120.68459166809916"/>
      <trkpt lat="36.19984903683712" lon="120.68468247279085"/>
      <trkpt lat="36.20015372387417" lon="120.68502073527851"/>
      <trkpt lat="36.200266993186204" lon="120.68515444495291"/>
      <trkpt lat="36.200315154225244" lon="120.68523726746291"/>
      <trkpt lat="36.20034128445567" lon="120.68530612138304"/>
      <trkpt lat="36.200345371390966" lon="120.68535402121522"/>
      <trkpt lat="36.20034546442098" lon="120.68540591317416"/>
      <trkpt lat="36.20034153314065" lon="120.68544483257135"/>
      <trkpt lat="36.200332616641695" lon="120.68549273380854"/>
      <trkpt lat="36.200271872496074" lon="120.68564442455107"/>
      <trkpt lat="36.20025896197352" lon="120.68569631804931"/>
      <trkpt lat="36.20025896197352" lon="120.68569631804931"/>
      <trkpt lat="36.20025105269803" lon="120.68574821109034"/>
      <trkpt lat="36.20026438047024" lon="120.68592983297235"/>
      <trkpt lat="36.20028554078644" lon="120.68601665093242"/>
      <trkpt lat="36.200337785438236" lon="120.6861463770837"/>
      <trkpt lat="36.20036890184959" lon="120.68620724801978"/>
      <trkpt lat="36.20042504772702" lon="120.68628108969142"/>
      <trkpt lat="36.200581263614474" lon="120.68637986990014"/>
      <trkpt lat="36.20084654819278" lon="120.68650159198626"/>
      <trkpt lat="36.20100764280287" lon="120.68653151409318"/>
      <trkpt lat="36.201072675483495" lon="120.68654048905677"/>
      <trkpt lat="36.20119870791539" lon="120.68654047644672"/>
      <trkpt lat="36.20125970766643" lon="120.68653148887317"/>
      <trkpt lat="36.201306673675184" lon="120.68650553771192"/>
      <trkpt lat="36.201363665302004" lon="120.68649255878289"/>
      <trkpt lat="36.20147653298485" lon="120.68640173498116"/>
      <trkpt lat="36.20151545783775" lon="120.68635383003833"/>
      <trkpt lat="36.20163618879386" lon="120.68618516665376"/>
      <trkpt lat="36.20208211335152" lon="120.6855185048487"/>
      <trkpt lat="36.20219086965371" lon="120.68536680961256"/>
      <trkpt lat="36.20220782751285" lon="120.68534086194411"/>
      <trkpt lat="36.202229793811746" lon="120.68531890547098"/>
      <trkpt lat="36.202259778278325" lon="120.68530592949409"/>
      <trkpt lat="36.20231676254519" lon="120.68528895913514"/>
      <trkpt lat="36.2023728002613" lon="120.68530192650421"/>
      <trkpt lat="36.20241586505006" lon="120.68533185983947"/>
      <trkpt lat="36.20246795719759" lon="120.68537576319699"/>
      <trkpt lat="36.20276871524186" lon="120.68575594266576"/>
      <trkpt lat="36.202907945468574" lon="120.68586470302267"/>
      <trkpt lat="36.20302109045805" lon="120.68592955719343"/>
      <trkpt lat="36.203112176293764" lon="120.68596447568048"/>
      <trkpt lat="36.203168197879606" lon="120.68596846180266"/>
      <trkpt lat="36.20321224129517" lon="120.68598642017066"/>
      <trkpt lat="36.20343326633801" lon="120.68596843528341"/>
      <trkpt lat="36.203654154218505" lon="120.68587360974041"/>
      <trkpt lat="36.204144808437164" lon="120.68560910970857"/>
      <trkpt lat="36.2042137173267" lon="120.68554822935964"/>
      <trkpt lat="36.204252641640466" lon="120.68550032508321"/>
      <trkpt lat="36.20429652251157" lon="120.68542747226468"/>
      <trkpt lat="36.204296513569524" lon="120.68542248265022"/>
      <trkpt lat="36.20433033629471" lon="120.68531869535623"/>
      <trkpt lat="36.204343216124016" lon="120.68524983752793"/>
      <trkpt lat="36.204348084858424" lon="120.68517599097879"/>
      <trkpt lat="36.20434795939514" lon="120.68510613668613"/>
      <trkpt lat="36.204334755150505" lon="120.68499437127525"/>
      <trkpt lat="36.20421699166392" lon="120.68458723442882"/>
      <trkpt lat="36.20421699166392" lon="120.68458723442882"/>
      <trkpt lat="36.20409395736991" lon="120.68403241092625"/>
      <trkpt lat="36.20406363498102" lon="120.68385877921543"/>
      <trkpt lat="36.20405443717174" lon="120.68375100706402"/>
      <trkpt lat="36.20405020063945" lon="120.68362128086193"/>
      <trkpt lat="36.20406302270525" lon="120.68352149002966"/>
      <trkpt lat="36.20406691308736" lon="120.68346061808369"/>
      <trkpt lat="36.204088713676384" lon="120.68334785397614"/>
      <trkpt lat="36.20412744762677" lon="120.68319617062028"/>
      <trkpt lat="36.20412744762677" lon="120.68319617062028"/>
      <trkpt lat="36.20421809283717" lon="120.68298860067178"/>
      <trkpt lat="36.2043387051883" lon="120.68275907485248"/>
      <trkpt lat="36.2043387051883" lon="120.68275907485248"/>
      <trkpt lat="36.204378620731035" lon="120.68270718089236"/>
      <trkpt lat="36.20442149688383" lon="120.68263333324919"/>
      <trkpt lat="36.2044863877936" lon="120.68256447288664"/>
      <trkpt lat="36.20453432902495" lon="120.68252555071399"/>
      <trkpt lat="36.204577299988266" lon="120.68250359303342"/>
      <trkpt lat="36.20462528137231" lon="120.68248662426213"/>
      <trkpt lat="36.20471228746345" lon="120.68247763463887"/>
      <trkpt lat="36.20501636620547" lon="120.68247760424441"/>
      <trkpt lat="36.20501636620547" lon="120.68247760424441"/>
      <trkpt lat="36.2053114426553" lon="120.68247757474944"/>
      <trkpt lat="36.2053114426553" lon="120.68247757474944"/>
      <trkpt lat="36.20555450565813" lon="120.68247755045331"/>
      <trkpt lat="36.20555450565813" lon="120.68247755045331"/>
      <trkpt lat="36.20572755052792" lon="120.68247753315593"/>
      <trkpt lat="36.20572754322268" lon="120.68247354163421"/>
      <trkpt lat="36.20584057253786" lon="120.68247353033587"/>
      <trkpt lat="36.20587159519135" lon="120.68248151027994"/>
      <trkpt lat="36.20591459904371" lon="120.68247751445863"/>
      <trkpt lat="36.205996556395725" lon="120.68244258045203"/>
      <trkpt lat="36.20602750963491" lon="120.68241264095853"/>
      <trkpt lat="36.20606240724721" lon="120.68235176682744"/>
      <trkpt lat="36.206083348719105" lon="120.68231683897724"/>
      <trkpt lat="36.206144119474416" lon="120.6821831172934"/>
      <trkpt lat="36.206144110325674" lon="120.68217812791038"/>
      <trkpt lat="36.20615305044288" lon="120.68214419921428"/>
      <trkpt lat="36.2062127712133" lon="120.6819835353208"/>
      <trkpt lat="36.20621276388516" lon="120.68197954382447"/>
      <trkpt lat="36.206252486497426" lon="120.68182287375316"/>
      <trkpt lat="36.206278254754594" lon="120.68169314788663"/>
      <trkpt lat="36.20631185771152" lon="120.68147261540989"/>
      <trkpt lat="36.20634634812122" lon="120.68119121367403"/>
      <trkpt lat="36.20634634812122" lon="120.68119121367403"/>
      <trkpt lat="36.2063681291742" lon="120.68106947210543"/>
      <trkpt lat="36.20643593823585" lon="120.68041586744141"/>
      <trkpt lat="36.20647048105939" lon="120.68016440471563"/>
      <trkpt lat="36.20647048105939" lon="120.68016440471563"/>
      <trkpt lat="36.2065257875927" lon="120.67978322017733"/>
      <trkpt lat="36.20656940547762" lon="120.67957167211439"/>
      <trkpt lat="36.206595298914834" lon="120.67951080090688"/>
      <trkpt lat="36.20664718234462" lon="120.67944094653463"/>
      <trkpt lat="36.20673405994903" lon="120.67936310596198"/>
      <trkpt lat="36.206829004675825" lon="120.67932018917891"/>
      <trkpt lat="36.207119925931" lon="120.67923733910844"/>
      <trkpt lat="36.207119925931" lon="120.67923733910844"/>
      <trkpt lat="36.20734585630817" lon="120.67916846539208"/>
      <trkpt lat="36.20734585630817" lon="120.67916846539208"/>
      <trkpt lat="36.20747584173415" lon="120.67914250851028"/>
      <trkpt lat="36.20759681551088" lon="120.6791115633259"/>
      <trkpt lat="36.20770982071738" lon="120.67909858009658"/>
      <trkpt lat="36.2077838399798" lon="120.67909857270418"/>
      <trkpt lat="36.207874863670725" lon="120.6790985636135"/>
      <trkpt lat="36.207996912194105" lon="120.67910753200015"/>
      <trkpt lat="36.208127018652895" lon="120.6791464348441"/>
      <trkpt lat="36.20829226447278" lon="120.67925518319835"/>
      <trkpt lat="36.20836141823364" lon="120.67932801887767"/>
      <trkpt lat="36.20857482134292" lon="120.67951459457079"/>
      <trkpt lat="36.20878306874429" lon="120.67961834980058"/>
      <trkpt lat="36.20901325869369" lon="120.67968817612112"/>
      <trkpt lat="36.209104313989734" lon="120.67970513043791"/>
      <trkpt lat="36.20934338378554" lon="120.67970909794776"/>
      <trkpt lat="36.209725427844035" lon="120.67967912435044"/>
      <trkpt lat="36.20987749910734" lon="120.67969607256975"/>
      <trkpt lat="36.21016870506261" lon="120.67976589284828"/>
      <trkpt lat="36.21016870506261" lon="120.67976589284828"/>
      <trkpt lat="36.210768126956424" lon="120.67990852540655"/>
      <trkpt lat="36.21086322411912" lon="120.67994743206368"/>
      <trkpt lat="36.2109202964976" lon="120.67997835972957"/>
      <trkpt lat="36.21104652217995" lon="120.68008212365362"/>
      <trkpt lat="36.21113272988245" lon="120.68018190028049"/>
      <trkpt lat="36.211224913153245" lon="120.68026770646351"/>
      <trkpt lat="36.21133306169974" lon="120.68033255618307"/>
      <trkpt lat="36.21149424998168" lon="120.68041137062454"/>
      <trkpt lat="36.21149424998168" lon="120.68041137062454"/>
      <trkpt lat="36.21380369527836" lon="120.68032432646766"/>
      <trkpt lat="36.21380369527836" lon="120.68032432646766"/>
      <trkpt lat="36.21402071907626" lon="120.68030634340228"/>
      <trkpt lat="36.21402071907626" lon="120.68030634340228"/>
      <trkpt lat="36.2146108355767" lon="120.68028532949475"/>
      <trkpt lat="36.2146108355767" lon="120.68028532949475"/>
      <trkpt lat="36.215274938441844" lon="120.68024634683213"/>
      <trkpt lat="36.215274938441844" lon="120.68024634683213"/>
      <trkpt lat="36.215383967194796" lon="120.68024633593646"/>
      <trkpt lat="36.2154789830056" lon="120.68024133717357"/>
      <trkpt lat="36.21563502417333" lon="120.68024132157963"/>
      <trkpt lat="36.21563502417333" lon="120.68024132157963"/>
      <trkpt lat="36.21587808832284" lon="120.68024129728887"/>
      <trkpt lat="36.21598211578629" lon="120.68024128689275"/>
      <trkpt lat="36.21598211578629" lon="120.68024128689275"/>
      <trkpt lat="36.216087143519" lon="120.68024127639663"/>
      <trkpt lat="36.21644329495353" lon="120.680272174266"/>
      <trkpt lat="36.21644329495353" lon="120.680272174266"/>
      <trkpt lat="36.21683345358095" lon="120.68030207089197"/>
      <trkpt lat="36.21769778587784" lon="120.68035786435398"/>
      <trkpt lat="36.21795788066374" lon="120.68037180832513"/>
      <trkpt lat="36.218161934740756" lon="120.68037178793026"/>
      <trkpt lat="36.218161934740756" lon="120.68037178793026"/>
      <trkpt lat="36.218200935834" lon="120.68036679475804"/>
      <trkpt lat="36.21831890238704" lon="120.68033185805659"/>
      <trkpt lat="36.218387865187786" lon="120.68030191553689"/>
      <trkpt lat="36.218387865187786" lon="120.68030191553689"/>
      <trkpt lat="36.2185957204938" lon="120.68019412658764"/>
      <trkpt lat="36.21873061930035" lon="120.68012027202242"/>
      <trkpt lat="36.219640726030015" lon="120.67950949761239"/>
      <trkpt lat="36.219697668716286" lon="120.679470575953"/>
      <trkpt lat="36.21976262838613" lon="120.67943963626662"/>
      <trkpt lat="36.21976262838613" lon="120.67943963626662"/>
      <trkpt lat="36.219818587514425" lon="120.67940969533412"/>
      <trkpt lat="36.22007461470977" lon="120.67938771717263"/>
      <trkpt lat="36.22062176031297" lon="120.67938766249674"/>
      <trkpt lat="36.22062175287643" lon="120.67938367112042"/>
      <trkpt lat="36.220734758803616" lon="120.67937068785339"/>
      <trkpt lat="36.22079573414687" lon="120.67934872919217"/>
      <trkpt lat="36.22089559153749" lon="120.67925791546209"/>
      <trkpt lat="36.22092950384684" lon="120.67920602425292"/>
      <trkpt lat="36.22095138129022" lon="120.67913717096232"/>
      <trkpt lat="36.22096418179987" lon="120.67902840499154"/>
      <trkpt lat="36.22097635929953" lon="120.67858636131142"/>
      <trkpt lat="36.22097635929953" lon="120.67858636131142"/>
      <trkpt lat="36.22101490093357" lon="120.67833590082041"/>
      <trkpt lat="36.22104571293845" lon="120.67823112521705"/>
      <trkpt lat="36.221101469782866" lon="120.67809341876666"/>
      <trkpt lat="36.22114433342981" lon="120.67801458579716"/>
      <trkpt lat="36.22117927912727" lon="120.67798065605287"/>
      <trkpt lat="36.22128817714902" lon="120.67791079703836"/>
      <trkpt lat="36.22136119661519" lon="120.67791078974439"/>
      <trkpt lat="36.22146127196192" lon="120.67793672333609"/>
      <trkpt lat="36.221518360170336" lon="120.67797563302707"/>
      <trkpt lat="36.221539375130874" lon="120.67798062008181"/>
      <trkpt lat="36.221539375130874" lon="120.67798062008181"/>
      <trkpt lat="36.22180870699276" lon="120.67811929174653"/>
      <trkpt lat="36.22180870699276" lon="120.67811929174653"/>
      <trkpt lat="36.222595630837546" lon="120.6785003856354"/>
      <trkpt lat="36.22269172931382" lon="120.67853929162708"/>
      <trkpt lat="36.22286081370184" lon="120.67856022928905"/>
      <trkpt lat="36.222929824687526" lon="120.67855623104946"/>
      <trkpt lat="36.22299481780424" lon="120.67854325268769"/>
      <trkpt lat="36.22310377414848" lon="120.67850432620708"/>
      <trkpt lat="36.223259685164514" lon="120.67843446216287"/>
      <trkpt lat="36.22334263452668" lon="120.67839553832087"/>
      <trkpt lat="36.22338557317183" lon="120.67835661849068"/>
      <trkpt lat="36.22346741757759" lon="120.67826181610796"/>
      <trkpt lat="36.223666666543856" lon="120.67783272871392"/>
      <trkpt lat="36.223679645676576" lon="120.67781975563511"/>
      <trkpt lat="36.22367963818435" lon="120.67781576431855"/>
      <trkpt lat="36.223709539440435" lon="120.67775888507501"/>
      <trkpt lat="36.22378339810612" lon="120.67767306445097"/>
      <trkpt lat="36.22387426689338" lon="120.67759023567363"/>
      <trkpt lat="36.223996185196896" lon="120.67752935604216"/>
      <trkpt lat="36.22443384665409" lon="120.67728684065244"/>
      <trkpt lat="36.22454271253051" lon="120.67720001905211"/>
      <trkpt lat="36.224594613783964" lon="120.67714014443769"/>
      <trkpt lat="36.22465545917402" lon="120.67704933644661"/>
      <trkpt lat="36.22470228382639" lon="120.67694954952351"/>
      <trkpt lat="36.224763053854694" lon="120.67681882883103"/>
      <trkpt lat="36.224763053854694" lon="120.67681882883103"/>
      <trkpt lat="36.22481487214999" lon="120.67671505030998"/>
      <trkpt lat="36.22487975973851" lon="120.67664619425203"/>
      <trkpt lat="36.22493170028346" lon="120.67660727410228"/>
      <trkpt lat="36.22502368356421" lon="120.67658531289115"/>
      <trkpt lat="36.225049690544886" lon="120.6765853102939"/>
      <trkpt lat="36.22504968301406" lon="120.67658131901777"/>
      <trkpt lat="36.22510171203794" lon="120.67658929637564"/>
      <trkpt lat="36.22511471552874" lon="120.67658929507702"/>
      <trkpt lat="36.22520984081168" lon="120.67664217000846"/>
      <trkpt lat="36.22577090518952" lon="120.67712705523962"/>
      <trkpt lat="36.22577090518952" lon="120.67712705523962"/>
      <trkpt lat="36.22586207616425" lon="120.67720487638701"/>
      <trkpt lat="36.22594018727446" lon="120.67725276415008"/>
      <trkpt lat="36.22600624445365" lon="120.6772737118674"/>
      <trkpt lat="36.226183316475506" lon="120.6772866659005"/>
      <trkpt lat="36.22629236270177" lon="120.67729563543068"/>
      <trkpt lat="36.22640943548974" lon="120.67731757588389"/>
      <trkpt lat="36.22667469263273" lon="120.67741633410081"/>
      <trkpt lat="36.22667469263273" lon="120.67741633410081"/>
      <trkpt lat="36.227369522756426" lon="120.67775851943156"/>
      <trkpt lat="36.2274525938489" lon="120.6777844546812"/>
      <trkpt lat="36.22752662317437" lon="120.67778943642958"/>
      <trkpt lat="36.22758663935931" lon="120.67778943043325"/>
      <trkpt lat="36.227634618588006" lon="120.67777146471948"/>
      <trkpt lat="36.227699563054955" lon="120.67773254291369"/>
      <trkpt lat="36.22777347058281" lon="120.67767266583674"/>
      <trkpt lat="36.22782537027173" lon="120.67761179316223"/>
      <trkpt lat="36.22790314753899" lon="120.67748206789754"/>
      <trkpt lat="36.22798586032981" lon="120.67731741840402"/>
      <trkpt lat="36.22818403284559" lon="120.67684941959789"/>
      <trkpt lat="36.22818403284559" lon="120.67684941959789"/>
      <trkpt lat="36.2285605563512" lon="120.67601321049781"/>
      <trkpt lat="36.22859541107252" lon="120.67593138621433"/>
      <trkpt lat="36.22859541107252" lon="120.67593138621433"/>
      <trkpt lat="36.22865119590388" lon="120.67580964734053"/>
      <trkpt lat="36.228660141688884" lon="120.67577971204409"/>
      <trkpt lat="36.22867711229264" lon="120.6757617497105"/>
      <trkpt lat="36.22867711229264" lon="120.6757617497105"/>
      <trkpt lat="36.228737956903565" lon="120.67567094266045"/>
      <trkpt lat="36.22881582306488" lon="120.67558911427467"/>
      <trkpt lat="36.22881582306488" lon="120.67558911427467"/>
      <trkpt lat="36.22985158430664" lon="120.67478776984845"/>
      <trkpt lat="36.230077202035666" lon="120.67455426064323"/>
      <trkpt lat="36.23018098179673" lon="120.6744235377899"/>
      <trkpt lat="36.23018098179673" lon="120.6744235377899"/>
      <trkpt lat="36.230341647877836" lon="120.67422495867957"/>
      <trkpt lat="36.230341647877836" lon="120.67422495867957"/>
      <trkpt lat="36.230558196003095" lon="120.67395652802033"/>
      <trkpt lat="36.230761846673985" lon="120.67374397588758"/>
      <trkpt lat="36.230761846673985" lon="120.67374397588758"/>
      <trkpt lat="36.23142845851149" lon="120.67292072479559"/>
      <trkpt lat="36.23142845851149" lon="120.67292072479559"/>
      <trkpt lat="36.23184452948079" lon="120.67237488853729"/>
      <trkpt lat="36.232268653034026" lon="120.67185599298216"/>
      <trkpt lat="36.232268653034026" lon="120.67185599298216"/>
      <trkpt lat="36.23285341824297" lon="120.67112754589357"/>
      <trkpt lat="36.23285341824297" lon="120.67112754589357"/>
      <trkpt lat="36.23287139065491" lon="120.67111058163954"/>
      <trkpt lat="36.23288835323661" lon="120.67108862852801"/>
      <trkpt lat="36.23298817403655" lon="120.6709808570734"/>
      <trkpt lat="36.23298817403655" lon="120.6709808570734"/>
      <trkpt lat="36.23308798524636" lon="120.67086809668957"/>
      <trkpt lat="36.23334754168407" lon="120.67059966502148"/>
      <trkpt lat="36.23334754168407" lon="120.67059966502148"/>
      <trkpt lat="36.23337352390787" lon="120.67058669115076"/>
      <trkpt lat="36.23359914552962" lon="120.67035717683082"/>
      <trkpt lat="36.23359914552962" lon="120.67035717683082"/>
      <trkpt lat="36.23375889831696" lon="120.67020549678907"/>
      <trkpt lat="36.23375889831696" lon="120.67020549678907"/>
      <trkpt lat="36.2341362875017" lon="120.66983328354976"/>
      <trkpt lat="36.2341362875017" lon="120.66983328354976"/>
      <trkpt lat="36.2345474597323" lon="120.6693433279745"/>
      <trkpt lat="36.23465621558035" lon="120.66920063328638"/>
      <trkpt lat="36.23465621558035" lon="120.66920063328638"/>
      <trkpt lat="36.23476389640056" lon="120.66901902494399"/>
      <trkpt lat="36.234807774300755" lon="120.66894917533936"/>
      <trkpt lat="36.234807774300755" lon="120.66894917533936"/>
      <trkpt lat="36.234954256829575" lon="120.6686588041454"/>
      <trkpt lat="36.235053843339635" lon="120.6684293027534"/>
      <trkpt lat="36.235166276158104" lon="120.66811798136085"/>
      <trkpt lat="36.235166276158104" lon="120.66811798136085"/>
      <trkpt lat="36.23519610990692" lon="120.66802717957404"/>
      <trkpt lat="36.2352737803993" lon="120.66784457640028"/>
      <trkpt lat="36.235334590025836" lon="120.66773680908847"/>
      <trkpt lat="36.23541741334213" lon="120.66763303073046"/>
      <trkpt lat="36.23541741334213" lon="120.66763303073046"/>
      <trkpt lat="36.23544736211682" lon="120.66760209627054"/>
      <trkpt lat="36.23548232184793" lon="120.66757615025823"/>
      <trkpt lat="36.23548232184793" lon="120.66757615025823"/>
      <trkpt lat="36.235625144341405" lon="120.6674633857972"/>
      <trkpt lat="36.235625144341405" lon="120.6674633857972"/>
      <trkpt lat="36.236032907161054" lon="120.66728174742077"/>
      <trkpt lat="36.236032907161054" lon="120.66728174742077"/>
      <trkpt lat="36.23631471795462" lon="120.66714302652801"/>
      <trkpt lat="36.23631471795462" lon="120.66714302652801"/>
      <trkpt lat="36.23656657041244" lon="120.66703025114089"/>
      <trkpt lat="36.236722438736074" lon="120.66693943668751"/>
      <trkpt lat="36.23685725145462" lon="120.66682268176204"/>
      <trkpt lat="36.23698703021751" lon="120.6666889648687"/>
      <trkpt lat="36.23707382786209" lon="120.66657121688127"/>
      <trkpt lat="36.23707382786209" lon="120.66657121688127"/>
      <trkpt lat="36.23739810233857" lon="120.66614712314538"/>
      <trkpt lat="36.23739810233857" lon="120.66614712314538"/>
      <trkpt lat="36.237753201547044" lon="120.66562723773077"/>
      <trkpt lat="36.237753201547044" lon="120.66562723773077"/>
      <trkpt lat="36.23806455535615" lon="120.66524604936832"/>
      <trkpt lat="36.23806455535615" lon="120.66524604936832"/>
      <trkpt lat="36.23816432614437" lon="120.66511233490722"/>
      <trkpt lat="36.23816432614437" lon="120.66511233490722"/>
      <trkpt lat="36.23836392337216" lon="120.66487384187751"/>
      <trkpt lat="36.23836392337216" lon="120.66487384187751"/>
      <trkpt lat="36.23843778669254" lon="120.66479201523319"/>
      <trkpt lat="36.23843778669254" lon="120.66479201523319"/>
      <trkpt lat="36.238506646736134" lon="120.66470919126499"/>
      <trkpt lat="36.23861945381014" lon="120.66459243779377"/>
      <trkpt lat="36.238662406296946" lon="120.6645615018036"/>
      <trkpt lat="36.23870639352799" lon="120.66454852605902"/>
      <trkpt lat="36.23870638586888" lon="120.66454453487046"/>
      <trkpt lat="36.238936324802104" lon="120.66447965514054"/>
      <trkpt lat="36.23922733037441" lon="120.66444071205646"/>
      <trkpt lat="36.23928337071069" lon="120.66445367784698"/>
      <trkpt lat="36.23936145924049" lon="120.66448859298845"/>
      <trkpt lat="36.23940947248402" lon="120.66448858820776"/>
      <trkpt lat="36.23940947248402" lon="120.66448858820776"/>
      <trkpt lat="36.23958355305164" lon="120.66450553343203"/>
      <trkpt lat="36.239730427061055" lon="120.66441871041242"/>
      <trkpt lat="36.240293968421305" lon="120.6640983609823"/>
      <trkpt lat="36.240293968421305" lon="120.6640983609823"/>
      <trkpt lat="36.240853491878866" lon="120.66376903129121"/>
      <trkpt lat="36.240853491878866" lon="120.66376903129121"/>
      <trkpt lat="36.24170787385206" lon="120.66332292882163"/>
      <trkpt lat="36.24170787385206" lon="120.66332292882163"/>
      <trkpt lat="36.242233480750315" lon="120.66304149585731"/>
      <trkpt lat="36.242233480750315" lon="120.66304149585731"/>
      <trkpt lat="36.243238707819295" lon="120.66249160468516"/>
      <trkpt lat="36.243238707819295" lon="120.66249160468516"/>
      <trkpt lat="36.24349050496308" lon="120.66234889307137"/>
      <trkpt lat="36.24349050496308" lon="120.66234889307137"/>
      <trkpt lat="36.24533802629651" lon="120.66130499796658"/>
      <trkpt lat="36.24533802629651" lon="120.66130499796658"/>
      <trkpt lat="36.24627523815024" lon="120.66075410944838"/>
      <trkpt lat="36.24627523815024" lon="120.66075410944838"/>
      <trkpt lat="36.246864768525676" lon="120.66042077861492"/>
      <trkpt lat="36.246864768525676" lon="120.66042077861492"/>
      <trkpt lat="36.24697765202414" lon="120.66034293722615"/>
      <trkpt lat="36.24697765202414" lon="120.66034293722615"/>
      <trkpt lat="36.2473853220984" lon="120.66010940589658"/>
      <trkpt lat="36.2473853220984" lon="120.66010940589658"/>
      <trkpt lat="36.24990023469328" lon="120.65863635674081"/>
    </trkseg>
  </trk>
</gpx>
