<?xml version="1.0" encoding="utf-8"?><gpx xmlns:ns3="http://www.garmin.com/xmlschemas/TrackPointExtension/v1" xmlns="http://www.topografix.com/GPX/1/1" xmlns:xsi="http://www.w3.org/2001/XMLSchema-instance" xmlns:ns2="http://www.garmin.com/xmlschemas/GpxExtensions/v3" creator="Garmin Connect" version="1.1" xsi:schemaLocation="http://www.topografix.com/GPX/1/1 http://www.topografix.com/GPX/11.xsd"><metadata><time>2025-08-27T12:32:19.000Z</time></metadata><trk><type>20250827户外骑行</type><extensions><totalTime>5670</totalTime><cumulativeDecrease>1352</cumulativeDecrease><cumulativeClimb>1351</cumulativeClimb><totalDistance>31367</totalDistance><routeType>0</routeType></extensions><trkseg><trkpt lat="30.62294614383799" lon="104.0673196473715"><ele>485</ele><time>2025-08-27T12:32:19.000Z</time></trkpt>
<trkpt lat="30.62285521209733" lon="104.0672531529297"><ele>481</ele><time>2025-08-27T12:32:21.000Z</time></trkpt>
<trkpt lat="30.62285998156484" lon="104.0671239661567"><ele>481</ele><time>2025-08-27T12:32:29.000Z</time></trkpt>
<trkpt lat="30.62296046391176" lon="104.067016386538"><ele>481</ele><time>2025-08-27T12:32:32.000Z</time></trkpt>
<trkpt lat="30.62302553794233" lon="104.0669433291052"><ele>484</ele><time>2025-08-27T12:32:34.000Z</time></trkpt>
<trkpt lat="30.62308786838851" lon="104.0668167711543"><ele>481</ele><time>2025-08-27T12:32:37.000Z</time></trkpt>
<trkpt lat="30.6230995365684" lon="104.0667134650632"><ele>479</ele><time>2025-08-27T12:32:40.000Z</time></trkpt>
<trkpt lat="30.62311859185334" lon="104.0665478840159"><ele>472</ele><time>2025-08-27T12:32:43.000Z</time></trkpt>
<trkpt lat="30.62312212769134" lon="104.0664209716533"><ele>476</ele><time>2025-08-27T12:32:45.000Z</time></trkpt>
<trkpt lat="30.62314936144275" lon="104.0663024781046"><ele>477</ele><time>2025-08-27T12:32:48.000Z</time></trkpt>
<trkpt lat="30.62315031874938" lon="104.0661669661837"><ele>477</ele><time>2025-08-27T12:32:52.000Z</time></trkpt>
<trkpt lat="30.62315838451937" lon="104.0660437738355"><ele>476</ele><time>2025-08-27T12:32:55.000Z</time></trkpt>
<trkpt lat="30.6231526660008" lon="104.0659258440641"><ele>474</ele><time>2025-08-27T12:32:58.000Z</time></trkpt>
<trkpt lat="30.62312996424778" lon="104.0658137485085"><ele>476</ele><time>2025-08-27T12:33:01.000Z</time></trkpt>
<trkpt lat="30.62312383853657" lon="104.0656994740267"><ele>478</ele><time>2025-08-27T12:33:04.000Z</time></trkpt>
<trkpt lat="30.62311002810877" lon="104.0655965196538"><ele>478</ele><time>2025-08-27T12:33:07.000Z</time></trkpt>
<trkpt lat="30.62308641607064" lon="104.0654824588703"><ele>480</ele><time>2025-08-27T12:33:10.000Z</time></trkpt>
<trkpt lat="30.62314249138871" lon="104.0653596697705"><ele>480</ele><time>2025-08-27T12:33:13.000Z</time></trkpt>
<trkpt lat="30.6231636303188" lon="104.065253093366"><ele>481</ele><time>2025-08-27T12:33:17.000Z</time></trkpt>
<trkpt lat="30.62321278763369" lon="104.0651542456279"><ele>481</ele><time>2025-08-27T12:33:20.000Z</time></trkpt>
<trkpt lat="30.62321955393506" lon="104.065038067129"><ele>481</ele><time>2025-08-27T12:33:22.000Z</time></trkpt>
<trkpt lat="30.62320209873875" lon="104.0649340334822"><ele>482</ele><time>2025-08-27T12:33:24.000Z</time></trkpt>
<trkpt lat="30.62320027467968" lon="104.0648164980809"><ele>481</ele><time>2025-08-27T12:33:27.000Z</time></trkpt>
<trkpt lat="30.62313743018435" lon="104.0646725622046"><ele>480</ele><time>2025-08-27T12:33:33.000Z</time></trkpt>
<trkpt lat="30.62316408556794" lon="104.0645706978518"><ele>480</ele><time>2025-08-27T12:33:38.000Z</time></trkpt>
<trkpt lat="30.6231530881453" lon="104.0644502935732"><ele>480</ele><time>2025-08-27T12:33:42.000Z</time></trkpt>
<trkpt lat="30.62319976684427" lon="104.0643556142906"><ele>480</ele><time>2025-08-27T12:33:45.000Z</time></trkpt>
<trkpt lat="30.62308925318756" lon="104.0642607191157"><ele>479</ele><time>2025-08-27T12:33:48.000Z</time></trkpt>
<trkpt lat="30.62302893983346" lon="104.0641741245485"><ele>479</ele><time>2025-08-27T12:33:50.000Z</time></trkpt>
<trkpt lat="30.62294924405748" lon="104.0641068103434"><ele>482</ele><time>2025-08-27T12:33:52.000Z</time></trkpt>
<trkpt lat="30.62285175696769" lon="104.0640749047055"><ele>483</ele><time>2025-08-27T12:33:54.000Z</time></trkpt>
<trkpt lat="30.62274857741316" lon="104.0641232056883"><ele>483</ele><time>2025-08-27T12:33:56.000Z</time></trkpt>
<trkpt lat="30.62265298579237" lon="104.0642094544224"><ele>484</ele><time>2025-08-27T12:33:58.000Z</time></trkpt>
<trkpt lat="30.62254294377987" lon="104.0642128321365"><ele>486</ele><time>2025-08-27T12:34:00.000Z</time></trkpt>
<trkpt lat="30.62243748418734" lon="104.0642179460387"><ele>489</ele><time>2025-08-27T12:34:02.000Z</time></trkpt>
<trkpt lat="30.6223396638684" lon="104.0642532164948"><ele>489</ele><time>2025-08-27T12:34:05.000Z</time></trkpt>
<trkpt lat="30.62220180984204" lon="104.0641832448439"><ele>488</ele><time>2025-08-27T12:34:08.000Z</time></trkpt>
<trkpt lat="30.62208373130453" lon="104.0641717637442"><ele>490</ele><time>2025-08-27T12:34:10.000Z</time></trkpt>
<trkpt lat="30.62197361121045" lon="104.0642000533136"><ele>491</ele><time>2025-08-27T12:34:12.000Z</time></trkpt>
<trkpt lat="30.62186836740605" lon="104.0642424197646"><ele>491</ele><time>2025-08-27T12:34:16.000Z</time></trkpt>
<trkpt lat="30.62178351241836" lon="104.0643020797946"><ele>491</ele><time>2025-08-27T12:34:19.000Z</time></trkpt>
<trkpt lat="30.6216691563353" lon="104.0642873842283"><ele>490</ele><time>2025-08-27T12:34:22.000Z</time></trkpt>
<trkpt lat="30.62158754688744" lon="104.0643431176278"><ele>489</ele><time>2025-08-27T12:34:25.000Z</time></trkpt>
<trkpt lat="30.62147899272041" lon="104.0643021843727"><ele>490</ele><time>2025-08-27T12:34:30.000Z</time></trkpt>
<trkpt lat="30.62139143443683" lon="104.0642328612547"><ele>489</ele><time>2025-08-27T12:34:35.000Z</time></trkpt>
<trkpt lat="30.62129630533064" lon="104.0641713952493"><ele>488</ele><time>2025-08-27T12:34:42.000Z</time></trkpt>
<trkpt lat="30.62123012144197" lon="104.0640998231141"><ele>488</ele><time>2025-08-27T12:34:48.000Z</time></trkpt>
<trkpt lat="30.62114067220342" lon="104.0641417452881"><ele>485</ele><time>2025-08-27T12:34:51.000Z</time></trkpt>
<trkpt lat="30.62105379457187" lon="104.0642538357689"><ele>485</ele><time>2025-08-27T12:34:52.000Z</time></trkpt>
<trkpt lat="30.61904323669997" lon="104.0643579989637"><ele>484</ele><time>2025-08-27T12:35:05.000Z</time></trkpt>
<trkpt lat="30.61892623128395" lon="104.0643623413868"><ele>484</ele><time>2025-08-27T12:35:07.000Z</time></trkpt>
<trkpt lat="30.61881944780794" lon="104.0643738786469"><ele>483</ele><time>2025-08-27T12:35:09.000Z</time></trkpt>
<trkpt lat="30.61870960565168" lon="104.0643876009722"><ele>483</ele><time>2025-08-27T12:35:11.000Z</time></trkpt>
<trkpt lat="30.61859568952903" lon="104.0643840972142"><ele>483</ele><time>2025-08-27T12:35:13.000Z</time></trkpt>
<trkpt lat="30.6184787982631" lon="104.0643594962586"><ele>483</ele><time>2025-08-27T12:35:16.000Z</time></trkpt>
<trkpt lat="30.61836546582423" lon="104.0643710158709"><ele>481</ele><time>2025-08-27T12:35:18.000Z</time></trkpt>
<trkpt lat="30.61827267763778" lon="104.0643330054023"><ele>481</ele><time>2025-08-27T12:35:20.000Z</time></trkpt>
<trkpt lat="30.61815309699949" lon="104.0643271981783"><ele>480</ele><time>2025-08-27T12:35:22.000Z</time></trkpt>
<trkpt lat="30.61804449764729" lon="104.064304869367"><ele>479</ele><time>2025-08-27T12:35:24.000Z</time></trkpt>
<trkpt lat="30.61794534424901" lon="104.0642769405239"><ele>478</ele><time>2025-08-27T12:35:26.000Z</time></trkpt>
<trkpt lat="30.61780669749347" lon="104.0642651672792"><ele>477</ele><time>2025-08-27T12:35:29.000Z</time></trkpt>
<trkpt lat="30.61765816143915" lon="104.064232923564"><ele>476</ele><time>2025-08-27T12:35:31.000Z</time></trkpt>
<trkpt lat="30.61753793952698" lon="104.064187654428"><ele>474</ele><time>2025-08-27T12:35:33.000Z</time></trkpt>
<trkpt lat="30.61739915546108" lon="104.0642159029031"><ele>473</ele><time>2025-08-27T12:35:35.000Z</time></trkpt>
<trkpt lat="30.61722833217511" lon="104.0642600327967"><ele>469</ele><time>2025-08-27T12:35:37.000Z</time></trkpt>
<trkpt lat="30.61711983436527" lon="104.0642471936111"><ele>467</ele><time>2025-08-27T12:35:39.000Z</time></trkpt>
<trkpt lat="30.61699702710368" lon="104.0642738098094"><ele>469</ele><time>2025-08-27T12:35:41.000Z</time></trkpt>
<trkpt lat="30.61686935324988" lon="104.0642566702573"><ele>468</ele><time>2025-08-27T12:35:43.000Z</time></trkpt>
<trkpt lat="30.61675932116978" lon="104.0642372913398"><ele>466</ele><time>2025-08-27T12:35:45.000Z</time></trkpt>
<trkpt lat="30.61666047993183" lon="104.0642046000928"><ele>467</ele><time>2025-08-27T12:35:47.000Z</time></trkpt>
<trkpt lat="30.61653637809036" lon="104.0642041830969"><ele>467</ele><time>2025-08-27T12:35:49.000Z</time></trkpt>
<trkpt lat="30.61644289696136" lon="104.0641516900378"><ele>467</ele><time>2025-08-27T12:35:51.000Z</time></trkpt>
<trkpt lat="30.6163236786736" lon="104.064163238364"><ele>467</ele><time>2025-08-27T12:35:53.000Z</time></trkpt>
<trkpt lat="30.61529242718893" lon="104.0644243515072"><ele>468</ele><time>2025-08-27T12:36:08.000Z</time></trkpt>
<trkpt lat="30.61516341912561" lon="104.0644325393079"><ele>469</ele><time>2025-08-27T12:36:10.000Z</time></trkpt>
<trkpt lat="30.61503319909218" lon="104.0644407808992"><ele>469</ele><time>2025-08-27T12:36:12.000Z</time></trkpt>
<trkpt lat="30.61490632656628" lon="104.0644449728688"><ele>470</ele><time>2025-08-27T12:36:14.000Z</time></trkpt>
<trkpt lat="30.61478314154758" lon="104.0644433500444"><ele>470</ele><time>2025-08-27T12:36:16.000Z</time></trkpt>
<trkpt lat="30.61467356288184" lon="104.0644921956113"><ele>470</ele><time>2025-08-27T12:36:18.000Z</time></trkpt>
<trkpt lat="30.6145415432305" lon="104.0644979113456"><ele>470</ele><time>2025-08-27T12:36:20.000Z</time></trkpt>
<trkpt lat="30.61443956087182" lon="104.0645009934821"><ele>470</ele><time>2025-08-27T12:36:22.000Z</time></trkpt>
<trkpt lat="30.614338561928" lon="104.0644730694029"><ele>470</ele><time>2025-08-27T12:36:24.000Z</time></trkpt>
<trkpt lat="30.61421982259047" lon="104.0644999569568"><ele>470</ele><time>2025-08-27T12:36:26.000Z</time></trkpt>
<trkpt lat="30.61411252204947" lon="104.0645254883178"><ele>471</ele><time>2025-08-27T12:36:28.000Z</time></trkpt>
<trkpt lat="30.61399613011664" lon="104.06455031738"><ele>471</ele><time>2025-08-27T12:36:30.000Z</time></trkpt>
<trkpt lat="30.61388001716285" lon="104.0645370567192"><ele>471</ele><time>2025-08-27T12:36:32.000Z</time></trkpt>
<trkpt lat="30.61375490388554" lon="104.0645384340307"><ele>471</ele><time>2025-08-27T12:36:34.000Z</time></trkpt>
<trkpt lat="30.61363058582679" lon="104.0645318785493"><ele>470</ele><time>2025-08-27T12:36:36.000Z</time></trkpt>
<trkpt lat="30.61351247000947" lon="104.0645414684205"><ele>469</ele><time>2025-08-27T12:36:38.000Z</time></trkpt>
<trkpt lat="30.61336177537744" lon="104.0645516892806"><ele>469</ele><time>2025-08-27T12:36:40.000Z</time></trkpt>
<trkpt lat="30.61320775013261" lon="104.0645105298434"><ele>469</ele><time>2025-08-27T12:36:43.000Z</time></trkpt>
<trkpt lat="30.61308726785162" lon="104.0644915024064"><ele>469</ele><time>2025-08-27T12:36:45.000Z</time></trkpt>
<trkpt lat="30.61295891703235" lon="104.0644845736771"><ele>469</ele><time>2025-08-27T12:36:47.000Z</time></trkpt>
<trkpt lat="30.61283532115328" lon="104.0644808824106"><ele>468</ele><time>2025-08-27T12:36:49.000Z</time></trkpt>
<trkpt lat="30.61271341142996" lon="104.0644834020243"><ele>469</ele><time>2025-08-27T12:36:51.000Z</time></trkpt>
<trkpt lat="30.61258651040704" lon="104.0644897857538"><ele>470</ele><time>2025-08-27T12:36:53.000Z</time></trkpt>
<trkpt lat="30.61246468682862" lon="104.0644946904928"><ele>469</ele><time>2025-08-27T12:36:55.000Z</time></trkpt>
<trkpt lat="30.61233917654492" lon="104.0644979208022"><ele>470</ele><time>2025-08-27T12:36:57.000Z</time></trkpt>
<trkpt lat="30.61222001767188" lon="104.0645053199489"><ele>470</ele><time>2025-08-27T12:36:59.000Z</time></trkpt>
<trkpt lat="30.61209923256653" lon="104.0645119916058"><ele>469</ele><time>2025-08-27T12:37:01.000Z</time></trkpt>
<trkpt lat="30.61198217441605" lon="104.0645073597386"><ele>470</ele><time>2025-08-27T12:37:03.000Z</time></trkpt>
<trkpt lat="30.611866531866" lon="104.0645160374115"><ele>471</ele><time>2025-08-27T12:37:05.000Z</time></trkpt>
<trkpt lat="30.61175234272425" lon="104.0645142965593"><ele>471</ele><time>2025-08-27T12:37:07.000Z</time></trkpt>
<trkpt lat="30.61164227839499" lon="104.0645249001739"><ele>470</ele><time>2025-08-27T12:37:09.000Z</time></trkpt>
<trkpt lat="30.61152907217731" lon="104.0645252561059"><ele>470</ele><time>2025-08-27T12:37:11.000Z</time></trkpt>
<trkpt lat="30.61140809315217" lon="104.0644796769202"><ele>471</ele><time>2025-08-27T12:37:13.000Z</time></trkpt>
<trkpt lat="30.61133251201498" lon="104.0644089985269"><ele>471</ele><time>2025-08-27T12:37:15.000Z</time></trkpt>
<trkpt lat="30.61126336015902" lon="104.0642681273719"><ele>471</ele><time>2025-08-27T12:37:19.000Z</time></trkpt>
<trkpt lat="30.61125169823759" lon="104.0641648521516"><ele>471</ele><time>2025-08-27T12:37:23.000Z</time></trkpt>
<trkpt lat="30.61122108081325" lon="104.0640582711947"><ele>471</ele><time>2025-08-27T12:37:32.000Z</time></trkpt>
<trkpt lat="30.61122505067402" lon="104.0639267035393"><ele>471</ele><time>2025-08-27T12:37:36.000Z</time></trkpt>
<trkpt lat="30.6112226778576" lon="104.0638171767505"><ele>471</ele><time>2025-08-27T12:37:39.000Z</time></trkpt>
<trkpt lat="30.61124363090251" lon="104.0636968106289"><ele>472</ele><time>2025-08-27T12:37:42.000Z</time></trkpt>
<trkpt lat="30.61124699885677" lon="104.0635818183875"><ele>472</ele><time>2025-08-27T12:37:47.000Z</time></trkpt>
<trkpt lat="30.6112503134688" lon="104.0634598375584"><ele>472</ele><time>2025-08-27T12:37:50.000Z</time></trkpt>
<trkpt lat="30.61125223778178" lon="104.0633488399874"><ele>473</ele><time>2025-08-27T12:37:53.000Z</time></trkpt>
<trkpt lat="30.61125455231906" lon="104.0632088398805"><ele>472</ele><time>2025-08-27T12:37:56.000Z</time></trkpt>
<trkpt lat="30.61125690783554" lon="104.0630605916466"><ele>473</ele><time>2025-08-27T12:37:59.000Z</time></trkpt>
<trkpt lat="30.61125686788893" lon="104.0629317213964"><ele>473</ele><time>2025-08-27T12:38:01.000Z</time></trkpt>
<trkpt lat="30.61126920357503" lon="104.0628074807053"><ele>472</ele><time>2025-08-27T12:38:04.000Z</time></trkpt>
<trkpt lat="30.61127766773215" lon="104.0626759729878"><ele>471</ele><time>2025-08-27T12:38:08.000Z</time></trkpt>
<trkpt lat="30.61128755918587" lon="104.0625695427183"><ele>472</ele><time>2025-08-27T12:38:10.000Z</time></trkpt>
<trkpt lat="30.61129256201233" lon="104.0624412325196"><ele>473</ele><time>2025-08-27T12:38:12.000Z</time></trkpt>
<trkpt lat="30.61129344095374" lon="104.0623099240046"><ele>473</ele><time>2025-08-27T12:38:14.000Z</time></trkpt>
<trkpt lat="30.61129633165936" lon="104.062173429318"><ele>474</ele><time>2025-08-27T12:38:16.000Z</time></trkpt>
<trkpt lat="30.61126824177431" lon="104.0620289753297"><ele>474</ele><time>2025-08-27T12:38:18.000Z</time></trkpt>
<trkpt lat="30.61125846239114" lon="104.0618953125543"><ele>475</ele><time>2025-08-27T12:38:20.000Z</time></trkpt>
<trkpt lat="30.61125287017546" lon="104.0617557773283"><ele>475</ele><time>2025-08-27T12:38:22.000Z</time></trkpt>
<trkpt lat="30.61124674279776" lon="104.0616189209538"><ele>476</ele><time>2025-08-27T12:38:24.000Z</time></trkpt>
<trkpt lat="30.61124552381017" lon="104.0614812923681"><ele>476</ele><time>2025-08-27T12:38:26.000Z</time></trkpt>
<trkpt lat="30.61123463727872" lon="104.0613424915309"><ele>477</ele><time>2025-08-27T12:38:28.000Z</time></trkpt>
<trkpt lat="30.61123752451429" lon="104.0611944202018"><ele>477</ele><time>2025-08-27T12:38:30.000Z</time></trkpt>
<trkpt lat="30.61124126033242" lon="104.0610501017216"><ele>476</ele><time>2025-08-27T12:38:32.000Z</time></trkpt>
<trkpt lat="30.6112500095402" lon="104.060917870236"><ele>474</ele><time>2025-08-27T12:38:34.000Z</time></trkpt>
<trkpt lat="30.61124603382686" lon="104.0607812213873"><ele>471</ele><time>2025-08-27T12:38:36.000Z</time></trkpt>
<trkpt lat="30.61124727394298" lon="104.0606508480534"><ele>469</ele><time>2025-08-27T12:38:38.000Z</time></trkpt>
<trkpt lat="30.61125542798002" lon="104.0605204120093"><ele>467</ele><time>2025-08-27T12:38:40.000Z</time></trkpt>
<trkpt lat="30.61125845150796" lon="104.0603862807346"><ele>467</ele><time>2025-08-27T12:38:42.000Z</time></trkpt>
<trkpt lat="30.61126032986799" lon="104.0602480155943"><ele>466</ele><time>2025-08-27T12:38:44.000Z</time></trkpt>
<trkpt lat="30.61125507361749" lon="104.0601134306461"><ele>466</ele><time>2025-08-27T12:38:46.000Z</time></trkpt>
<trkpt lat="30.61125268703649" lon="104.0599827630593"><ele>465</ele><time>2025-08-27T12:38:48.000Z</time></trkpt>
<trkpt lat="30.61125466244228" lon="104.0598493293409"><ele>465</ele><time>2025-08-27T12:38:50.000Z</time></trkpt>
<trkpt lat="30.61126178452416" lon="104.0597194731409"><ele>464</ele><time>2025-08-27T12:38:52.000Z</time></trkpt>
<trkpt lat="30.6112781007682" lon="104.0595891266844"><ele>464</ele><time>2025-08-27T12:38:54.000Z</time></trkpt>
<trkpt lat="30.61127347725372" lon="104.0594517801281"><ele>463</ele><time>2025-08-27T12:38:56.000Z</time></trkpt>
<trkpt lat="30.61127423321868" lon="104.0593181855963"><ele>463</ele><time>2025-08-27T12:38:58.000Z</time></trkpt>
<trkpt lat="30.6112772661293" lon="104.0591881724862"><ele>463</ele><time>2025-08-27T12:39:00.000Z</time></trkpt>
<trkpt lat="30.61127459079061" lon="104.059050926375"><ele>463</ele><time>2025-08-27T12:39:02.000Z</time></trkpt>
<trkpt lat="30.61126877685179" lon="104.0589157054928"><ele>463</ele><time>2025-08-27T12:39:04.000Z</time></trkpt>
<trkpt lat="30.61126420034989" lon="104.0587822396938"><ele>463</ele><time>2025-08-27T12:39:06.000Z</time></trkpt>
<trkpt lat="30.61127863856949" lon="104.0586456467951"><ele>464</ele><time>2025-08-27T12:39:08.000Z</time></trkpt>
<trkpt lat="30.61127247258302" lon="104.0585079540601"><ele>464</ele><time>2025-08-27T12:39:10.000Z</time></trkpt>
<trkpt lat="30.6112690974393" lon="104.0583821771211"><ele>463</ele><time>2025-08-27T12:39:12.000Z</time></trkpt>
<trkpt lat="30.61126837371653" lon="104.0582538937421"><ele>463</ele><time>2025-08-27T12:39:15.000Z</time></trkpt>
<trkpt lat="30.61132944050692" lon="104.0581643766396"><ele>463</ele><time>2025-08-27T12:39:48.000Z</time></trkpt>
<trkpt lat="30.61132819688601" lon="104.0580313272096"><ele>463</ele><time>2025-08-27T12:39:52.000Z</time></trkpt>
<trkpt lat="30.61132185659001" lon="104.0578954557013"><ele>463</ele><time>2025-08-27T12:39:55.000Z</time></trkpt>
<trkpt lat="30.61132452045755" lon="104.0577900035709"><ele>463</ele><time>2025-08-27T12:39:57.000Z</time></trkpt>
<trkpt lat="30.61132785443161" lon="104.0576772350615"><ele>464</ele><time>2025-08-27T12:39:59.000Z</time></trkpt>
<trkpt lat="30.61132553636646" lon="104.0575614359803"><ele>463</ele><time>2025-08-27T12:40:01.000Z</time></trkpt>
<trkpt lat="30.61131957910757" lon="104.0574437689671"><ele>464</ele><time>2025-08-27T12:40:03.000Z</time></trkpt>
<trkpt lat="30.61131565421389" lon="104.0573350793841"><ele>464</ele><time>2025-08-27T12:40:05.000Z</time></trkpt>
<trkpt lat="30.61132307620024" lon="104.0571607254573"><ele>463</ele><time>2025-08-27T12:40:08.000Z</time></trkpt>
<trkpt lat="30.61135251114803" lon="104.0570475208941"><ele>464</ele><time>2025-08-27T12:40:10.000Z</time></trkpt>
<trkpt lat="30.61133957000623" lon="104.0569203770801"><ele>465</ele><time>2025-08-27T12:40:12.000Z</time></trkpt>
<trkpt lat="30.6113185570477" lon="104.0568183069135"><ele>466</ele><time>2025-08-27T12:40:14.000Z</time></trkpt>
<trkpt lat="30.61136479037338" lon="104.0566746978202"><ele>478</ele><time>2025-08-27T12:40:18.000Z</time></trkpt>
<trkpt lat="30.61130558253944" lon="104.0564171457397"><ele>478</ele><time>2025-08-27T12:40:22.000Z</time></trkpt>
<trkpt lat="30.61124089315333" lon="104.056285669572"><ele>478</ele><time>2025-08-27T12:40:23.000Z</time></trkpt>
<trkpt lat="30.61124472852193" lon="104.0560907432562"><ele>477</ele><time>2025-08-27T12:40:25.000Z</time></trkpt>
<trkpt lat="30.61128280441784" lon="104.0558940420917"><ele>477</ele><time>2025-08-27T12:40:27.000Z</time></trkpt>
<trkpt lat="30.61130309331211" lon="104.0557301551799"><ele>477</ele><time>2025-08-27T12:40:29.000Z</time></trkpt>
<trkpt lat="30.61133200632047" lon="104.0555636404505"><ele>478</ele><time>2025-08-27T12:40:31.000Z</time></trkpt>
<trkpt lat="30.61136612307751" lon="104.0553840356265"><ele>477</ele><time>2025-08-27T12:40:33.000Z</time></trkpt>
<trkpt lat="30.61136770195737" lon="104.0552239284456"><ele>477</ele><time>2025-08-27T12:40:35.000Z</time></trkpt>
<trkpt lat="30.61135314400076" lon="104.0550723739942"><ele>477</ele><time>2025-08-27T12:40:37.000Z</time></trkpt>
<trkpt lat="30.61134843768302" lon="104.0549212110644"><ele>476</ele><time>2025-08-27T12:40:39.000Z</time></trkpt>
<trkpt lat="30.61135379216599" lon="104.0547778030198"><ele>476</ele><time>2025-08-27T12:40:41.000Z</time></trkpt>
<trkpt lat="30.61136772382926" lon="104.0546329490282"><ele>477</ele><time>2025-08-27T12:40:43.000Z</time></trkpt>
<trkpt lat="30.61136740582506" lon="104.0544832355815"><ele>477</ele><time>2025-08-27T12:40:45.000Z</time></trkpt>
<trkpt lat="30.61138550742718" lon="104.0543566844615"><ele>477</ele><time>2025-08-27T12:40:47.000Z</time></trkpt>
<trkpt lat="30.61136819355853" lon="104.0542080306826"><ele>477</ele><time>2025-08-27T12:40:49.000Z</time></trkpt>
<trkpt lat="30.61136892269033" lon="104.054074031768"><ele>477</ele><time>2025-08-27T12:40:51.000Z</time></trkpt>
<trkpt lat="30.61138336339039" lon="104.0539527844567"><ele>477</ele><time>2025-08-27T12:40:53.000Z</time></trkpt>
<trkpt lat="30.61138979343503" lon="104.0538411760829"><ele>477</ele><time>2025-08-27T12:40:55.000Z</time></trkpt>
<trkpt lat="30.61139189115516" lon="104.053672487874"><ele>477</ele><time>2025-08-27T12:40:57.000Z</time></trkpt>
<trkpt lat="30.61139110874077" lon="104.0535377951517"><ele>478</ele><time>2025-08-27T12:40:59.000Z</time></trkpt>
<trkpt lat="30.61139865894006" lon="104.0533827563805"><ele>478</ele><time>2025-08-27T12:41:01.000Z</time></trkpt>
<trkpt lat="30.61141941441366" lon="104.053262218595"><ele>478</ele><time>2025-08-27T12:41:03.000Z</time></trkpt>
<trkpt lat="30.61139640949762" lon="104.0531197807648"><ele>479</ele><time>2025-08-27T12:41:05.000Z</time></trkpt>
<trkpt lat="30.61140487461484" lon="104.0529708521142"><ele>478</ele><time>2025-08-27T12:41:07.000Z</time></trkpt>
<trkpt lat="30.61138083333061" lon="104.0528052166643"><ele>479</ele><time>2025-08-27T12:41:09.000Z</time></trkpt>
<trkpt lat="30.61137916118345" lon="104.0526636961501"><ele>480</ele><time>2025-08-27T12:41:11.000Z</time></trkpt>
<trkpt lat="30.6113720072563" lon="104.0525084808892"><ele>480</ele><time>2025-08-27T12:41:13.000Z</time></trkpt>
<trkpt lat="30.61136286843908" lon="104.0523683686294"><ele>481</ele><time>2025-08-27T12:41:15.000Z</time></trkpt>
<trkpt lat="30.61134478058256" lon="104.0522254724785"><ele>481</ele><time>2025-08-27T12:41:17.000Z</time></trkpt>
<trkpt lat="30.61133905813153" lon="104.0520998121099"><ele>482</ele><time>2025-08-27T12:41:19.000Z</time></trkpt>
<trkpt lat="30.61133654321278" lon="104.051946292285"><ele>482</ele><time>2025-08-27T12:41:21.000Z</time></trkpt>
<trkpt lat="30.61134875644583" lon="104.0517956556597"><ele>484</ele><time>2025-08-27T12:41:23.000Z</time></trkpt>
<trkpt lat="30.61135031231758" lon="104.0516582946204"><ele>484</ele><time>2025-08-27T12:41:25.000Z</time></trkpt>
<trkpt lat="30.61134857424062" lon="104.0515234412596"><ele>482</ele><time>2025-08-27T12:41:27.000Z</time></trkpt>
<trkpt lat="30.61134958015696" lon="104.0513675155826"><ele>481</ele><time>2025-08-27T12:41:29.000Z</time></trkpt>
<trkpt lat="30.61136105861481" lon="104.0512137777901"><ele>481</ele><time>2025-08-27T12:41:31.000Z</time></trkpt>
<trkpt lat="30.61136809951682" lon="104.051067558562"><ele>480</ele><time>2025-08-27T12:41:33.000Z</time></trkpt>
<trkpt lat="30.61138364809333" lon="104.0509348099034"><ele>479</ele><time>2025-08-27T12:41:35.000Z</time></trkpt>
<trkpt lat="30.6113888980242" lon="104.0507940469911"><ele>480</ele><time>2025-08-27T12:41:37.000Z</time></trkpt>
<trkpt lat="30.61139014763532" lon="104.0506536352809"><ele>482</ele><time>2025-08-27T12:41:39.000Z</time></trkpt>
<trkpt lat="30.61139652806853" lon="104.0505131064773"><ele>483</ele><time>2025-08-27T12:41:41.000Z</time></trkpt>
<trkpt lat="30.61140274209311" lon="104.0503740114028"><ele>485</ele><time>2025-08-27T12:41:43.000Z</time></trkpt>
<trkpt lat="30.61140552756109" lon="104.0502325096189"><ele>486</ele><time>2025-08-27T12:41:45.000Z</time></trkpt>
<trkpt lat="30.61140831112261" lon="104.0500915958223"><ele>487</ele><time>2025-08-27T12:41:47.000Z</time></trkpt>
<trkpt lat="30.61141799157264" lon="104.0499434764191"><ele>489</ele><time>2025-08-27T12:41:49.000Z</time></trkpt>
<trkpt lat="30.6114182622611" lon="104.0498013435555"><ele>491</ele><time>2025-08-27T12:41:51.000Z</time></trkpt>
<trkpt lat="30.61141469376095" lon="104.0496667047298"><ele>493</ele><time>2025-08-27T12:41:53.000Z</time></trkpt>
<trkpt lat="30.61142938796317" lon="104.0495194665574"><ele>494</ele><time>2025-08-27T12:41:55.000Z</time></trkpt>
<trkpt lat="30.61143957999873" lon="104.0493851737344"><ele>495</ele><time>2025-08-27T12:41:57.000Z</time></trkpt>
<trkpt lat="30.61145261257435" lon="104.0492539628935"><ele>496</ele><time>2025-08-27T12:41:59.000Z</time></trkpt>
<trkpt lat="30.61144881975299" lon="104.0491225330356"><ele>496</ele><time>2025-08-27T12:42:01.000Z</time></trkpt>
<trkpt lat="30.61145374883984" lon="104.0489912281313"><ele>497</ele><time>2025-08-27T12:42:03.000Z</time></trkpt>
<trkpt lat="30.61145634491386" lon="104.0488648775802"><ele>497</ele><time>2025-08-27T12:42:05.000Z</time></trkpt>
<trkpt lat="30.61145531929262" lon="104.0487356534015"><ele>498</ele><time>2025-08-27T12:42:07.000Z</time></trkpt>
<trkpt lat="30.61145434572487" lon="104.0486063998169"><ele>497</ele><time>2025-08-27T12:42:09.000Z</time></trkpt>
<trkpt lat="30.61145639841972" lon="104.0484773450238"><ele>498</ele><time>2025-08-27T12:42:11.000Z</time></trkpt>
<trkpt lat="30.61145651357063" lon="104.0483457040423"><ele>498</ele><time>2025-08-27T12:42:13.000Z</time></trkpt>
<trkpt lat="30.61146001712623" lon="104.0482238824926"><ele>499</ele><time>2025-08-27T12:42:15.000Z</time></trkpt>
<trkpt lat="30.61144798435547" lon="104.0479968518524"><ele>500</ele><time>2025-08-27T12:42:18.000Z</time></trkpt>
<trkpt lat="30.61144415755385" lon="104.0478622026263"><ele>501</ele><time>2025-08-27T12:42:20.000Z</time></trkpt>
<trkpt lat="30.61144825866247" lon="104.0477355554097"><ele>501</ele><time>2025-08-27T12:42:22.000Z</time></trkpt>
<trkpt lat="30.61145049046319" lon="104.0476125978127"><ele>501</ele><time>2025-08-27T12:42:24.000Z</time></trkpt>
<trkpt lat="30.6114526514789" lon="104.0474911174975"><ele>478</ele><time>2025-08-27T12:42:26.000Z</time></trkpt>
<trkpt lat="30.61145805240294" lon="104.0473675587236"><ele>477</ele><time>2025-08-27T12:42:28.000Z</time></trkpt>
<trkpt lat="30.61145762650028" lon="104.0472349532764"><ele>478</ele><time>2025-08-27T12:42:30.000Z</time></trkpt>
<trkpt lat="30.61146835997752" lon="104.0471191889713"><ele>478</ele><time>2025-08-27T12:42:32.000Z</time></trkpt>
<trkpt lat="30.61147966273298" lon="104.0470119916526"><ele>478</ele><time>2025-08-27T12:42:35.000Z</time></trkpt>
<trkpt lat="30.61150955365233" lon="104.0469119850741"><ele>478</ele><time>2025-08-27T12:42:55.000Z</time></trkpt>
<trkpt lat="30.61155299209503" lon="104.0467984315736"><ele>478</ele><time>2025-08-27T12:42:58.000Z</time></trkpt>
<trkpt lat="30.61156849429706" lon="104.0466518333652"><ele>479</ele><time>2025-08-27T12:43:01.000Z</time></trkpt>
<trkpt lat="30.61157336795416" lon="104.046537037"><ele>479</ele><time>2025-08-27T12:43:03.000Z</time></trkpt>
<trkpt lat="30.61159304372564" lon="104.0464297818063"><ele>479</ele><time>2025-08-27T12:43:05.000Z</time></trkpt>
<trkpt lat="30.61160727850509" lon="104.046310043837"><ele>479</ele><time>2025-08-27T12:43:07.000Z</time></trkpt>
<trkpt lat="30.61160285429519" lon="104.046175355967"><ele>479</ele><time>2025-08-27T12:43:09.000Z</time></trkpt>
<trkpt lat="30.61161127264465" lon="104.0460659685684"><ele>479</ele><time>2025-08-27T12:43:11.000Z</time></trkpt>
<trkpt lat="30.61161512972804" lon="104.045927397436"><ele>479</ele><time>2025-08-27T12:43:13.000Z</time></trkpt>
<trkpt lat="30.61162536754846" lon="104.0458063572559"><ele>480</ele><time>2025-08-27T12:43:15.000Z</time></trkpt>
<trkpt lat="30.61164263486494" lon="104.045671914106"><ele>480</ele><time>2025-08-27T12:43:17.000Z</time></trkpt>
<trkpt lat="30.61166103138047" lon="104.0455338168894"><ele>480</ele><time>2025-08-27T12:43:19.000Z</time></trkpt>
<trkpt lat="30.61168707628775" lon="104.045402570028"><ele>480</ele><time>2025-08-27T12:43:21.000Z</time></trkpt>
<trkpt lat="30.61171599735736" lon="104.0452747049585"><ele>480</ele><time>2025-08-27T12:43:23.000Z</time></trkpt>
<trkpt lat="30.6117566964586" lon="104.0451462067247"><ele>483</ele><time>2025-08-27T12:43:25.000Z</time></trkpt>
<trkpt lat="30.61179790330922" lon="104.0450204843376"><ele>483</ele><time>2025-08-27T12:43:27.000Z</time></trkpt>
<trkpt lat="30.61185005416323" lon="104.0449002295796"><ele>482</ele><time>2025-08-27T12:43:29.000Z</time></trkpt>
<trkpt lat="30.61189507861467" lon="104.0447783999031"><ele>481</ele><time>2025-08-27T12:43:31.000Z</time></trkpt>
<trkpt lat="30.6119485217634" lon="104.044655556262"><ele>482</ele><time>2025-08-27T12:43:33.000Z</time></trkpt>
<trkpt lat="30.61201702504574" lon="104.0445395098919"><ele>482</ele><time>2025-08-27T12:43:35.000Z</time></trkpt>
<trkpt lat="30.61208154447603" lon="104.0444236151897"><ele>481</ele><time>2025-08-27T12:43:37.000Z</time></trkpt>
<trkpt lat="30.61213620777221" lon="104.0442917416765"><ele>481</ele><time>2025-08-27T12:43:39.000Z</time></trkpt>
<trkpt lat="30.61219735393689" lon="104.0441722544387"><ele>481</ele><time>2025-08-27T12:43:41.000Z</time></trkpt>
<trkpt lat="30.61225882114223" lon="104.0440472360522"><ele>481</ele><time>2025-08-27T12:43:43.000Z</time></trkpt>
<trkpt lat="30.61231858305907" lon="104.0439252014675"><ele>481</ele><time>2025-08-27T12:43:45.000Z</time></trkpt>
<trkpt lat="30.61239433696243" lon="104.0437965421114"><ele>481</ele><time>2025-08-27T12:43:47.000Z</time></trkpt>
<trkpt lat="30.61246020702077" lon="104.0436925524042"><ele>481</ele><time>2025-08-27T12:43:49.000Z</time></trkpt>
<trkpt lat="30.61251974249909" lon="104.0435716742825"><ele>480</ele><time>2025-08-27T12:43:51.000Z</time></trkpt>
<trkpt lat="30.61257182617337" lon="104.0434503981219"><ele>480</ele><time>2025-08-27T12:43:53.000Z</time></trkpt>
<trkpt lat="30.61264328633033" lon="104.0433455375597"><ele>480</ele><time>2025-08-27T12:43:55.000Z</time></trkpt>
<trkpt lat="30.61270037735" lon="104.0432100650721"><ele>479</ele><time>2025-08-27T12:43:57.000Z</time></trkpt>
<trkpt lat="30.61276330074231" lon="104.0431009135667"><ele>479</ele><time>2025-08-27T12:43:59.000Z</time></trkpt>
<trkpt lat="30.61282414214208" lon="104.0430000654309"><ele>480</ele><time>2025-08-27T12:44:01.000Z</time></trkpt>
<trkpt lat="30.61287657774791" lon="104.0428878960206"><ele>481</ele><time>2025-08-27T12:44:03.000Z</time></trkpt>
<trkpt lat="30.61292674770715" lon="104.0427589845915"><ele>481</ele><time>2025-08-27T12:44:05.000Z</time></trkpt>
<trkpt lat="30.6129847533978" lon="104.0426498221808"><ele>481</ele><time>2025-08-27T12:44:07.000Z</time></trkpt>
<trkpt lat="30.61304120764533" lon="104.0425414586788"><ele>481</ele><time>2025-08-27T12:44:09.000Z</time></trkpt>
<trkpt lat="30.61311037742356" lon="104.0424247641324"><ele>481</ele><time>2025-08-27T12:44:11.000Z</time></trkpt>
<trkpt lat="30.61316597855392" lon="104.0422952370043"><ele>482</ele><time>2025-08-27T12:44:13.000Z</time></trkpt>
<trkpt lat="30.61321299989502" lon="104.0421792833244"><ele>481</ele><time>2025-08-27T12:44:15.000Z</time></trkpt>
<trkpt lat="30.61326536659926" lon="104.0420591557963"><ele>481</ele><time>2025-08-27T12:44:17.000Z</time></trkpt>
<trkpt lat="30.61332890620612" lon="104.0419467694905"><ele>480</ele><time>2025-08-27T12:44:19.000Z</time></trkpt>
<trkpt lat="30.61338159529508" lon="104.041840124594"><ele>481</ele><time>2025-08-27T12:44:21.000Z</time></trkpt>
<trkpt lat="30.61342555665572" lon="104.0417124297154"><ele>482</ele><time>2025-08-27T12:44:23.000Z</time></trkpt>
<trkpt lat="30.61347761110112" lon="104.041593293183"><ele>481</ele><time>2025-08-27T12:44:25.000Z</time></trkpt>
<trkpt lat="30.61354260362596" lon="104.0414788992214"><ele>481</ele><time>2025-08-27T12:44:27.000Z</time></trkpt>
<trkpt lat="30.61358966799002" lon="104.0413557230604"><ele>480</ele><time>2025-08-27T12:44:29.000Z</time></trkpt>
<trkpt lat="30.61366467048049" lon="104.0412573986205"><ele>480</ele><time>2025-08-27T12:44:31.000Z</time></trkpt>
<trkpt lat="30.61372746747075" lon="104.0411322089524"><ele>480</ele><time>2025-08-27T12:44:33.000Z</time></trkpt>
<trkpt lat="30.61378625991646" lon="104.0410147969266"><ele>480</ele><time>2025-08-27T12:44:35.000Z</time></trkpt>
<trkpt lat="30.613845591573" lon="104.0408894133874"><ele>480</ele><time>2025-08-27T12:44:37.000Z</time></trkpt>
<trkpt lat="30.61390252099747" lon="104.0407633284368"><ele>479</ele><time>2025-08-27T12:44:39.000Z</time></trkpt>
<trkpt lat="30.6139819736948" lon="104.0406392873974"><ele>478</ele><time>2025-08-27T12:44:41.000Z</time></trkpt>
<trkpt lat="30.61405098074666" lon="104.04051309743"><ele>478</ele><time>2025-08-27T12:44:43.000Z</time></trkpt>
<trkpt lat="30.61411101073496" lon="104.0403869446711"><ele>478</ele><time>2025-08-27T12:44:45.000Z</time></trkpt>
<trkpt lat="30.61416055061153" lon="104.0402484978754"><ele>477</ele><time>2025-08-27T12:44:47.000Z</time></trkpt>
<trkpt lat="30.61421549207973" lon="104.0401154919799"><ele>478</ele><time>2025-08-27T12:44:49.000Z</time></trkpt>
<trkpt lat="30.61426803237635" lon="104.0399809980173"><ele>478</ele><time>2025-08-27T12:44:51.000Z</time></trkpt>
<trkpt lat="30.61432874310046" lon="104.0398323441285"><ele>478</ele><time>2025-08-27T12:44:53.000Z</time></trkpt>
<trkpt lat="30.61438956911496" lon="104.0397005238439"><ele>478</ele><time>2025-08-27T12:44:55.000Z</time></trkpt>
<trkpt lat="30.61447290916488" lon="104.0395778228647"><ele>478</ele><time>2025-08-27T12:44:57.000Z</time></trkpt>
<trkpt lat="30.61453391758295" lon="104.0394477153762"><ele>479</ele><time>2025-08-27T12:44:59.000Z</time></trkpt>
<trkpt lat="30.61461628226988" lon="104.0393252263941"><ele>479</ele><time>2025-08-27T12:45:01.000Z</time></trkpt>
<trkpt lat="30.61469067555844" lon="104.0391922393355"><ele>479</ele><time>2025-08-27T12:45:03.000Z</time></trkpt>
<trkpt lat="30.61474105719105" lon="104.0390440898579"><ele>478</ele><time>2025-08-27T12:45:05.000Z</time></trkpt>
<trkpt lat="30.61479762894514" lon="104.0389026248765"><ele>478</ele><time>2025-08-27T12:45:07.000Z</time></trkpt>
<trkpt lat="30.61485881948652" lon="104.0387595077094"><ele>478</ele><time>2025-08-27T12:45:09.000Z</time></trkpt>
<trkpt lat="30.61492010206195" lon="104.0386101700525"><ele>478</ele><time>2025-08-27T12:45:11.000Z</time></trkpt>
<trkpt lat="30.61497860347427" lon="104.0384575680661"><ele>478</ele><time>2025-08-27T12:45:13.000Z</time></trkpt>
<trkpt lat="30.61504436827028" lon="104.0383358112871"><ele>478</ele><time>2025-08-27T12:45:15.000Z</time></trkpt>
<trkpt lat="30.61509823034615" lon="104.038196652275"><ele>478</ele><time>2025-08-27T12:45:17.000Z</time></trkpt>
<trkpt lat="30.6151658004168" lon="104.0380800057644"><ele>477</ele><time>2025-08-27T12:45:19.000Z</time></trkpt>
<trkpt lat="30.61528756356966" lon="104.0379978454987"><ele>477</ele><time>2025-08-27T12:45:21.000Z</time></trkpt>
<trkpt lat="30.61535473640814" lon="104.0378740124889"><ele>477</ele><time>2025-08-27T12:45:23.000Z</time></trkpt>
<trkpt lat="30.61540913297645" lon="104.0377538415213"><ele>478</ele><time>2025-08-27T12:45:25.000Z</time></trkpt>
<trkpt lat="30.61548292583378" lon="104.0376096354791"><ele>478</ele><time>2025-08-27T12:45:27.000Z</time></trkpt>
<trkpt lat="30.61555509502814" lon="104.0374562542807"><ele>478</ele><time>2025-08-27T12:45:29.000Z</time></trkpt>
<trkpt lat="30.6156134990216" lon="104.0373127249835"><ele>478</ele><time>2025-08-27T12:45:31.000Z</time></trkpt>
<trkpt lat="30.61567625885548" lon="104.0371840266389"><ele>479</ele><time>2025-08-27T12:45:33.000Z</time></trkpt>
<trkpt lat="30.61573667225476" lon="104.0370560459609"><ele>478</ele><time>2025-08-27T12:45:35.000Z</time></trkpt>
<trkpt lat="30.61578915593581" lon="104.0369531027587"><ele>478</ele><time>2025-08-27T12:45:37.000Z</time></trkpt>
<trkpt lat="30.61577575675731" lon="104.0368456494229"><ele>478</ele><time>2025-08-27T12:45:47.000Z</time></trkpt>
<trkpt lat="30.61584314777442" lon="104.0367466329801"><ele>478</ele><time>2025-08-27T12:46:21.000Z</time></trkpt>
<trkpt lat="30.61590015474082" lon="104.0366413074559"><ele>478</ele><time>2025-08-27T12:46:24.000Z</time></trkpt>
<trkpt lat="30.61594836138317" lon="104.0365416199732"><ele>478</ele><time>2025-08-27T12:46:26.000Z</time></trkpt>
<trkpt lat="30.61600155528852" lon="104.0364530129291"><ele>478</ele><time>2025-08-27T12:46:28.000Z</time></trkpt>
<trkpt lat="30.61604918123053" lon="104.0363551314784"><ele>479</ele><time>2025-08-27T12:46:30.000Z</time></trkpt>
<trkpt lat="30.61612469730617" lon="104.0362705847544"><ele>479</ele><time>2025-08-27T12:46:32.000Z</time></trkpt>
<trkpt lat="30.61618428918707" lon="104.036182595303"><ele>479</ele><time>2025-08-27T12:46:34.000Z</time></trkpt>
<trkpt lat="30.61618255585061" lon="104.0360685221284"><ele>479</ele><time>2025-08-27T12:46:36.000Z</time></trkpt>
<trkpt lat="30.61621222476258" lon="104.0359498904642"><ele>479</ele><time>2025-08-27T12:46:38.000Z</time></trkpt>
<trkpt lat="30.61623386273951" lon="104.0358408917669"><ele>479</ele><time>2025-08-27T12:46:42.000Z</time></trkpt>
<trkpt lat="30.61634278989058" lon="104.0356124688814"><ele>479</ele><time>2025-08-27T12:46:43.000Z</time></trkpt>
<trkpt lat="30.61640139105221" lon="104.0354860021868"><ele>480</ele><time>2025-08-27T12:46:45.000Z</time></trkpt>
<trkpt lat="30.61646511244107" lon="104.0353726587356"><ele>479</ele><time>2025-08-27T12:46:47.000Z</time></trkpt>
<trkpt lat="30.61653669650924" lon="104.0352564935936"><ele>479</ele><time>2025-08-27T12:46:49.000Z</time></trkpt>
<trkpt lat="30.61659177698" lon="104.0351259395804"><ele>479</ele><time>2025-08-27T12:46:51.000Z</time></trkpt>
<trkpt lat="30.61665557639192" lon="104.0350089077563"><ele>479</ele><time>2025-08-27T12:46:53.000Z</time></trkpt>
<trkpt lat="30.61671399282135" lon="104.0349014935187"><ele>479</ele><time>2025-08-27T12:46:55.000Z</time></trkpt>
<trkpt lat="30.6167763445556" lon="104.0347736587883"><ele>479</ele><time>2025-08-27T12:46:57.000Z</time></trkpt>
<trkpt lat="30.61684279586188" lon="104.0346463460656"><ele>479</ele><time>2025-08-27T12:46:59.000Z</time></trkpt>
<trkpt lat="30.61691656362837" lon="104.0345242881104"><ele>480</ele><time>2025-08-27T12:47:01.000Z</time></trkpt>
<trkpt lat="30.61700963519737" lon="104.0344151098478"><ele>480</ele><time>2025-08-27T12:47:03.000Z</time></trkpt>
<trkpt lat="30.61708276302815" lon="104.0343010746785"><ele>480</ele><time>2025-08-27T12:47:05.000Z</time></trkpt>
<trkpt lat="30.61715952672938" lon="104.0341908852849"><ele>481</ele><time>2025-08-27T12:47:07.000Z</time></trkpt>
<trkpt lat="30.61723109161883" lon="104.0340808466719"><ele>481</ele><time>2025-08-27T12:47:09.000Z</time></trkpt>
<trkpt lat="30.61731182301327" lon="104.0339884245291"><ele>481</ele><time>2025-08-27T12:47:11.000Z</time></trkpt>
<trkpt lat="30.61738788710981" lon="104.0338911853179"><ele>480</ele><time>2025-08-27T12:47:13.000Z</time></trkpt>
<trkpt lat="30.61746939265451" lon="104.0337907329427"><ele>480</ele><time>2025-08-27T12:47:15.000Z</time></trkpt>
<trkpt lat="30.61757945006468" lon="104.0337223437549"><ele>480</ele><time>2025-08-27T12:47:17.000Z</time></trkpt>
<trkpt lat="30.61766331930453" lon="104.0336169420498"><ele>480</ele><time>2025-08-27T12:47:19.000Z</time></trkpt>
<trkpt lat="30.61775013423792" lon="104.033526082813"><ele>480</ele><time>2025-08-27T12:47:21.000Z</time></trkpt>
<trkpt lat="30.61784284825168" lon="104.033435283704"><ele>480</ele><time>2025-08-27T12:47:23.000Z</time></trkpt>
<trkpt lat="30.61794252077912" lon="104.0333490288537"><ele>479</ele><time>2025-08-27T12:47:25.000Z</time></trkpt>
<trkpt lat="30.61803325551246" lon="104.0332816177962"><ele>478</ele><time>2025-08-27T12:47:27.000Z</time></trkpt>
<trkpt lat="30.61812115466678" lon="104.0331629373247"><ele>478</ele><time>2025-08-27T12:47:29.000Z</time></trkpt>
<trkpt lat="30.61818933977743" lon="104.0330336969856"><ele>478</ele><time>2025-08-27T12:47:31.000Z</time></trkpt>
<trkpt lat="30.61828955093823" lon="104.0329397775365"><ele>478</ele><time>2025-08-27T12:47:33.000Z</time></trkpt>
<trkpt lat="30.61838473683024" lon="104.0328436649131"><ele>477</ele><time>2025-08-27T12:47:35.000Z</time></trkpt>
<trkpt lat="30.61847610935262" lon="104.0327541183702"><ele>478</ele><time>2025-08-27T12:47:37.000Z</time></trkpt>
<trkpt lat="30.61856551383401" lon="104.0326514731158"><ele>477</ele><time>2025-08-27T12:47:39.000Z</time></trkpt>
<trkpt lat="30.61863545980658" lon="104.032532123993"><ele>477</ele><time>2025-08-27T12:47:41.000Z</time></trkpt>
<trkpt lat="30.61872879197675" lon="104.0324116790226"><ele>478</ele><time>2025-08-27T12:47:43.000Z</time></trkpt>
<trkpt lat="30.61883091798551" lon="104.032290784863"><ele>477</ele><time>2025-08-27T12:47:45.000Z</time></trkpt>
<trkpt lat="30.61894162483937" lon="104.0321626561902"><ele>477</ele><time>2025-08-27T12:47:47.000Z</time></trkpt>
<trkpt lat="30.61902968366286" lon="104.0320681764338"><ele>478</ele><time>2025-08-27T12:47:49.000Z</time></trkpt>
<trkpt lat="30.61911322164391" lon="104.03196952561"><ele>479</ele><time>2025-08-27T12:47:51.000Z</time></trkpt>
<trkpt lat="30.61920236089447" lon="104.0318316330914"><ele>479</ele><time>2025-08-27T12:47:53.000Z</time></trkpt>
<trkpt lat="30.6192682671472" lon="104.0317003143492"><ele>479</ele><time>2025-08-27T12:47:55.000Z</time></trkpt>
<trkpt lat="30.61933254095627" lon="104.0315614055567"><ele>479</ele><time>2025-08-27T12:47:57.000Z</time></trkpt>
<trkpt lat="30.61937758509351" lon="104.031394898988"><ele>479</ele><time>2025-08-27T12:47:59.000Z</time></trkpt>
<trkpt lat="30.61947956365604" lon="104.0312940205472"><ele>479</ele><time>2025-08-27T12:48:01.000Z</time></trkpt>
<trkpt lat="30.61956453944461" lon="104.031191768566"><ele>479</ele><time>2025-08-27T12:48:03.000Z</time></trkpt>
<trkpt lat="30.61964281083507" lon="104.0310592268296"><ele>478</ele><time>2025-08-27T12:48:05.000Z</time></trkpt>
<trkpt lat="30.61972282124398" lon="104.0309356409049"><ele>478</ele><time>2025-08-27T12:48:07.000Z</time></trkpt>
<trkpt lat="30.61977722429687" lon="104.0307761603459"><ele>478</ele><time>2025-08-27T12:48:09.000Z</time></trkpt>
<trkpt lat="30.61984363114264" lon="104.0306323331951"><ele>479</ele><time>2025-08-27T12:48:11.000Z</time></trkpt>
<trkpt lat="30.61990035174603" lon="104.0305014816285"><ele>479</ele><time>2025-08-27T12:48:13.000Z</time></trkpt>
<trkpt lat="30.61996211281989" lon="104.0303653816488"><ele>479</ele><time>2025-08-27T12:48:15.000Z</time></trkpt>
<trkpt lat="30.62003355816766" lon="104.0302386731861"><ele>479</ele><time>2025-08-27T12:48:17.000Z</time></trkpt>
<trkpt lat="30.62010737005248" lon="104.0301127119974"><ele>479</ele><time>2025-08-27T12:48:19.000Z</time></trkpt>
<trkpt lat="30.62016059313591" lon="104.0300007771622"><ele>479</ele><time>2025-08-27T12:48:21.000Z</time></trkpt>
<trkpt lat="30.62022301942164" lon="104.0298860473743"><ele>479</ele><time>2025-08-27T12:48:23.000Z</time></trkpt>
<trkpt lat="30.62028469611393" lon="104.0297652955467"><ele>480</ele><time>2025-08-27T12:48:25.000Z</time></trkpt>
<trkpt lat="30.6203531207967" lon="104.0296603194065"><ele>480</ele><time>2025-08-27T12:48:27.000Z</time></trkpt>
<trkpt lat="30.62040882787757" lon="104.0295462979067"><ele>480</ele><time>2025-08-27T12:48:29.000Z</time></trkpt>
<trkpt lat="30.62047148059201" lon="104.0294336084032"><ele>480</ele><time>2025-08-27T12:48:31.000Z</time></trkpt>
<trkpt lat="30.62053595643872" lon="104.0293359075696"><ele>480</ele><time>2025-08-27T12:48:33.000Z</time></trkpt>
<trkpt lat="30.62060030290386" lon="104.0292365839273"><ele>480</ele><time>2025-08-27T12:48:35.000Z</time></trkpt>
<trkpt lat="30.6206426610332" lon="104.0291442320937"><ele>480</ele><time>2025-08-27T12:48:37.000Z</time></trkpt>
<trkpt lat="30.62067824151497" lon="104.0290428626945"><ele>480</ele><time>2025-08-27T12:48:42.000Z</time></trkpt>
<trkpt lat="30.62073513744339" lon="104.0289391939987"><ele>480</ele><time>2025-08-27T12:49:12.000Z</time></trkpt>
<trkpt lat="30.62077495444785" lon="104.0287995978672"><ele>480</ele><time>2025-08-27T12:49:15.000Z</time></trkpt>
<trkpt lat="30.62078843904227" lon="104.0286361801279"><ele>480</ele><time>2025-08-27T12:49:18.000Z</time></trkpt>
<trkpt lat="30.62081410400662" lon="104.0285230730985"><ele>479</ele><time>2025-08-27T12:49:20.000Z</time></trkpt>
<trkpt lat="30.62083019532306" lon="104.0284056624633"><ele>479</ele><time>2025-08-27T12:49:22.000Z</time></trkpt>
<trkpt lat="30.62084706444501" lon="104.0282783386518"><ele>479</ele><time>2025-08-27T12:49:24.000Z</time></trkpt>
<trkpt lat="30.62086762721872" lon="104.0281539232942"><ele>479</ele><time>2025-08-27T12:49:26.000Z</time></trkpt>
<trkpt lat="30.62090472007081" lon="104.0280343326609"><ele>479</ele><time>2025-08-27T12:49:28.000Z</time></trkpt>
<trkpt lat="30.62094068283425" lon="104.0279049778136"><ele>478</ele><time>2025-08-27T12:49:30.000Z</time></trkpt>
<trkpt lat="30.62097052603374" lon="104.0277798529803"><ele>478</ele><time>2025-08-27T12:49:32.000Z</time></trkpt>
<trkpt lat="30.62100162371082" lon="104.0276504268614"><ele>478</ele><time>2025-08-27T12:49:34.000Z</time></trkpt>
<trkpt lat="30.62103560246162" lon="104.0275175375549"><ele>478</ele><time>2025-08-27T12:49:36.000Z</time></trkpt>
<trkpt lat="30.62106989984168" lon="104.0273834190514"><ele>478</ele><time>2025-08-27T12:49:38.000Z</time></trkpt>
<trkpt lat="30.62111423172381" lon="104.0272516978318"><ele>478</ele><time>2025-08-27T12:49:40.000Z</time></trkpt>
<trkpt lat="30.62114613508637" lon="104.0271048555931"><ele>478</ele><time>2025-08-27T12:49:42.000Z</time></trkpt>
<trkpt lat="30.62116524427559" lon="104.0269581874646"><ele>478</ele><time>2025-08-27T12:49:44.000Z</time></trkpt>
<trkpt lat="30.62120947026693" lon="104.0268307944416"><ele>478</ele><time>2025-08-27T12:49:46.000Z</time></trkpt>
<trkpt lat="30.62124897449635" lon="104.0267087052598"><ele>478</ele><time>2025-08-27T12:49:48.000Z</time></trkpt>
<trkpt lat="30.62127352219214" lon="104.0265685808544"><ele>478</ele><time>2025-08-27T12:49:50.000Z</time></trkpt>
<trkpt lat="30.62130629674439" lon="104.0264344000093"><ele>478</ele><time>2025-08-27T12:49:52.000Z</time></trkpt>
<trkpt lat="30.62134758308195" lon="104.0263006933302"><ele>478</ele><time>2025-08-27T12:49:54.000Z</time></trkpt>
<trkpt lat="30.62139748213905" lon="104.0261567611037"><ele>478</ele><time>2025-08-27T12:49:56.000Z</time></trkpt>
<trkpt lat="30.62148698934722" lon="104.0260578941583"><ele>478</ele><time>2025-08-27T12:49:58.000Z</time></trkpt>
<trkpt lat="30.62155881495924" lon="104.0259402363573"><ele>479</ele><time>2025-08-27T12:50:00.000Z</time></trkpt>
<trkpt lat="30.62163363055184" lon="104.0258225545928"><ele>478</ele><time>2025-08-27T12:50:02.000Z</time></trkpt>
<trkpt lat="30.6217057534389" lon="104.025690213305"><ele>478</ele><time>2025-08-27T12:50:04.000Z</time></trkpt>
<trkpt lat="30.62177984395339" lon="104.0255661368048"><ele>478</ele><time>2025-08-27T12:50:06.000Z</time></trkpt>
<trkpt lat="30.62184006530754" lon="104.0254614975886"><ele>478</ele><time>2025-08-27T12:50:08.000Z</time></trkpt>
<trkpt lat="30.62189250911042" lon="104.0253503305935"><ele>478</ele><time>2025-08-27T12:50:10.000Z</time></trkpt>
<trkpt lat="30.62195033553532" lon="104.0252224397867"><ele>478</ele><time>2025-08-27T12:50:12.000Z</time></trkpt>
<trkpt lat="30.62201124058397" lon="104.0251289613297"><ele>478</ele><time>2025-08-27T12:50:14.000Z</time></trkpt>
<trkpt lat="30.62208191375324" lon="104.0250434419441"><ele>478</ele><time>2025-08-27T12:50:16.000Z</time></trkpt>
<trkpt lat="30.62213188778778" lon="104.0249102842612"><ele>478</ele><time>2025-08-27T12:50:18.000Z</time></trkpt>
<trkpt lat="30.62221835617557" lon="104.0248695875587"><ele>478</ele><time>2025-08-27T12:50:22.000Z</time></trkpt>
<trkpt lat="30.6222303021428" lon="104.024692393038"><ele>478</ele><time>2025-08-27T12:50:24.000Z</time></trkpt>
<trkpt lat="30.62221356734031" lon="104.0245613949191"><ele>478</ele><time>2025-08-27T12:50:25.000Z</time></trkpt>
<trkpt lat="30.62224057632385" lon="104.0244539900161"><ele>478</ele><time>2025-08-27T12:50:27.000Z</time></trkpt>
<trkpt lat="30.62228650104772" lon="104.0243302676585"><ele>478</ele><time>2025-08-27T12:50:30.000Z</time></trkpt>
<trkpt lat="30.62233598326945" lon="104.0242259507985"><ele>479</ele><time>2025-08-27T12:50:33.000Z</time></trkpt>
<trkpt lat="30.62238196960512" lon="104.0241233934853"><ele>479</ele><time>2025-08-27T12:50:36.000Z</time></trkpt>
<trkpt lat="30.6224208931147" lon="104.0240113493496"><ele>478</ele><time>2025-08-27T12:50:39.000Z</time></trkpt>
<trkpt lat="30.62246541281357" lon="104.023911155976"><ele>478</ele><time>2025-08-27T12:50:45.000Z</time></trkpt>
<trkpt lat="30.62253580794194" lon="104.0237856786531"><ele>478</ele><time>2025-08-27T12:50:48.000Z</time></trkpt>
<trkpt lat="30.62260234031374" lon="104.0237100280291"><ele>478</ele><time>2025-08-27T12:50:50.000Z</time></trkpt>
<trkpt lat="30.62270257099658" lon="104.0236409016542"><ele>478</ele><time>2025-08-27T12:50:55.000Z</time></trkpt>
<trkpt lat="30.62278246890378" lon="104.0235541681552"><ele>477</ele><time>2025-08-27T12:50:59.000Z</time></trkpt>
<trkpt lat="30.62285798086588" lon="104.0234597056809"><ele>477</ele><time>2025-08-27T12:51:02.000Z</time></trkpt>
<trkpt lat="30.62293714083252" lon="104.023340851758"><ele>477</ele><time>2025-08-27T12:51:05.000Z</time></trkpt>
<trkpt lat="30.62299241244151" lon="104.0232489651925"><ele>477</ele><time>2025-08-27T12:51:07.000Z</time></trkpt>
<trkpt lat="30.62306140326902" lon="104.0231623153368"><ele>477</ele><time>2025-08-27T12:51:09.000Z</time></trkpt>
<trkpt lat="30.62312457871474" lon="104.0230658772888"><ele>477</ele><time>2025-08-27T12:51:11.000Z</time></trkpt>
<trkpt lat="30.62320587677863" lon="104.0229934597478"><ele>477</ele><time>2025-08-27T12:51:13.000Z</time></trkpt>
<trkpt lat="30.62319106155102" lon="104.0228777283775"><ele>477</ele><time>2025-08-27T12:51:14.000Z</time></trkpt>
<trkpt lat="30.62326749683315" lon="104.02281100304"><ele>477</ele><time>2025-08-27T12:51:16.000Z</time></trkpt>
<trkpt lat="30.62334912271242" lon="104.022739702685"><ele>478</ele><time>2025-08-27T12:51:18.000Z</time></trkpt>
<trkpt lat="30.62342688070802" lon="104.0226703914106"><ele>478</ele><time>2025-08-27T12:51:23.000Z</time></trkpt>
<trkpt lat="30.62356681512404" lon="104.0228407469103"><ele>478</ele><time>2025-08-27T12:51:25.000Z</time></trkpt>
<trkpt lat="30.62366090969599" lon="104.0228204567163"><ele>478</ele><time>2025-08-27T12:51:30.000Z</time></trkpt>
<trkpt lat="30.62369773709975" lon="104.0227173874612"><ele>478</ele><time>2025-08-27T12:51:32.000Z</time></trkpt>
<trkpt lat="30.62373645575477" lon="104.0225854894721"><ele>478</ele><time>2025-08-27T12:51:35.000Z</time></trkpt>
<trkpt lat="30.62372421120319" lon="104.0224609728767"><ele>478</ele><time>2025-08-27T12:51:36.000Z</time></trkpt>
<trkpt lat="30.62378412679194" lon="104.0223747723547"><ele>478</ele><time>2025-08-27T12:51:38.000Z</time></trkpt>
<trkpt lat="30.6238721891212" lon="104.0223256685359"><ele>479</ele><time>2025-08-27T12:51:41.000Z</time></trkpt>
<trkpt lat="30.62400077392574" lon="104.0222854808162"><ele>479</ele><time>2025-08-27T12:51:45.000Z</time></trkpt>
<trkpt lat="30.62408482762505" lon="104.0221983761562"><ele>479</ele><time>2025-08-27T12:51:49.000Z</time></trkpt>
<trkpt lat="30.6241463157184" lon="104.0221119898221"><ele>479</ele><time>2025-08-27T12:51:52.000Z</time></trkpt>
<trkpt lat="30.62421971399126" lon="104.0220326976022"><ele>479</ele><time>2025-08-27T12:51:55.000Z</time></trkpt>
<trkpt lat="30.62433722996992" lon="104.0220206515913"><ele>479</ele><time>2025-08-27T12:51:58.000Z</time></trkpt>
<trkpt lat="30.62430857869362" lon="104.0219085443353"><ele>479</ele><time>2025-08-27T12:51:59.000Z</time></trkpt>
<trkpt lat="30.62461131263874" lon="104.0219586182558"><ele>480</ele><time>2025-08-27T12:52:00.000Z</time></trkpt>
<trkpt lat="30.62473575385644" lon="104.0219523182855"><ele>480</ele><time>2025-08-27T12:52:01.000Z</time></trkpt>
<trkpt lat="30.62481311518718" lon="104.021870290377"><ele>481</ele><time>2025-08-27T12:52:02.000Z</time></trkpt>
<trkpt lat="30.62488400703237" lon="104.0217822063769"><ele>480</ele><time>2025-08-27T12:52:03.000Z</time></trkpt>
<trkpt lat="30.62497411748264" lon="104.0217027586295"><ele>480</ele><time>2025-08-27T12:52:04.000Z</time></trkpt>
<trkpt lat="30.62507394578959" lon="104.021605237852"><ele>479</ele><time>2025-08-27T12:52:05.000Z</time></trkpt>
<trkpt lat="30.62521203154304" lon="104.0214368469128"><ele>479</ele><time>2025-08-27T12:52:07.000Z</time></trkpt>
<trkpt lat="30.62536114485795" lon="104.021289062792"><ele>479</ele><time>2025-08-27T12:52:09.000Z</time></trkpt>
<trkpt lat="30.62545217093707" lon="104.0211820535795"><ele>479</ele><time>2025-08-27T12:52:10.000Z</time></trkpt>
<trkpt lat="30.62556315566629" lon="104.0210972796051"><ele>479</ele><time>2025-08-27T12:52:11.000Z</time></trkpt>
<trkpt lat="30.62564001214535" lon="104.0210196005494"><ele>479</ele><time>2025-08-27T12:52:12.000Z</time></trkpt>
<trkpt lat="30.6257250798446" lon="104.0209270615547"><ele>479</ele><time>2025-08-27T12:52:13.000Z</time></trkpt>
<trkpt lat="30.62579536176957" lon="104.020855532878"><ele>478</ele><time>2025-08-27T12:52:14.000Z</time></trkpt>
<trkpt lat="30.6258856625203" lon="104.0207972836744"><ele>478</ele><time>2025-08-27T12:52:15.000Z</time></trkpt>
<trkpt lat="30.62599030461946" lon="104.0207098441768"><ele>478</ele><time>2025-08-27T12:52:16.000Z</time></trkpt>
<trkpt lat="30.62611962787611" lon="104.0205723858138"><ele>478</ele><time>2025-08-27T12:52:17.000Z</time></trkpt>
<trkpt lat="30.62621960950878" lon="104.020496519106"><ele>478</ele><time>2025-08-27T12:52:19.000Z</time></trkpt>
<trkpt lat="30.62632038796335" lon="104.0204227005038"><ele>478</ele><time>2025-08-27T12:52:21.000Z</time></trkpt>
<trkpt lat="30.62644138431426" lon="104.0203663056112"><ele>478</ele><time>2025-08-27T12:52:23.000Z</time></trkpt>
<trkpt lat="30.62654002453696" lon="104.0202909951239"><ele>478</ele><time>2025-08-27T12:52:25.000Z</time></trkpt>
<trkpt lat="30.62663300466554" lon="104.0202189823678"><ele>477</ele><time>2025-08-27T12:52:27.000Z</time></trkpt>
<trkpt lat="30.62671596790333" lon="104.0201322737732"><ele>477</ele><time>2025-08-27T12:52:29.000Z</time></trkpt>
<trkpt lat="30.62678916801246" lon="104.020066932976"><ele>478</ele><time>2025-08-27T12:52:31.000Z</time></trkpt>
<trkpt lat="30.62687793537728" lon="104.0200299176533"><ele>478</ele><time>2025-08-27T12:52:33.000Z</time></trkpt>
<trkpt lat="30.62694199265117" lon="104.019949187814"><ele>479</ele><time>2025-08-27T12:52:37.000Z</time></trkpt>
<trkpt lat="30.62705036431103" lon="104.0198966572225"><ele>478</ele><time>2025-08-27T12:52:41.000Z</time></trkpt>
<trkpt lat="30.62713219130118" lon="104.0198077395288"><ele>478</ele><time>2025-08-27T12:52:45.000Z</time></trkpt>
<trkpt lat="30.62722914329133" lon="104.019777293817"><ele>478</ele><time>2025-08-27T12:52:47.000Z</time></trkpt>
<trkpt lat="30.627337010153" lon="104.0197782884778"><ele>478</ele><time>2025-08-27T12:52:50.000Z</time></trkpt>
<trkpt lat="30.62745453070146" lon="104.0197738354939"><ele>478</ele><time>2025-08-27T12:52:53.000Z</time></trkpt>
<trkpt lat="30.62757239879687" lon="104.0197563095529"><ele>479</ele><time>2025-08-27T12:52:56.000Z</time></trkpt>
<trkpt lat="30.62762677857391" lon="104.0196731635656"><ele>481</ele><time>2025-08-27T12:53:07.000Z</time></trkpt>
<trkpt lat="30.62766812789707" lon="104.0195717851774"><ele>481</ele><time>2025-08-27T12:53:12.000Z</time></trkpt>
<trkpt lat="30.62769218592582" lon="104.0194685995388"><ele>481</ele><time>2025-08-27T12:53:16.000Z</time></trkpt>
<trkpt lat="30.62774546847365" lon="104.0193704552477"><ele>480</ele><time>2025-08-27T12:53:29.000Z</time></trkpt>
<trkpt lat="30.62784285751306" lon="104.0193448901313"><ele>484</ele><time>2025-08-27T12:54:16.000Z</time></trkpt>
<trkpt lat="30.62792081953495" lon="104.0192860235014"><ele>482</ele><time>2025-08-27T12:54:18.000Z</time></trkpt>
<trkpt lat="30.62799361987199" lon="104.019214946924"><ele>483</ele><time>2025-08-27T12:54:20.000Z</time></trkpt>
<trkpt lat="30.62807010920891" lon="104.0191306299937"><ele>482</ele><time>2025-08-27T12:54:22.000Z</time></trkpt>
<trkpt lat="30.62814613808825" lon="104.019035630395"><ele>483</ele><time>2025-08-27T12:54:24.000Z</time></trkpt>
<trkpt lat="30.6282386872366" lon="104.0189450655137"><ele>484</ele><time>2025-08-27T12:54:26.000Z</time></trkpt>
<trkpt lat="30.62820200364613" lon="104.0187805408339"><ele>484</ele><time>2025-08-27T12:54:27.000Z</time></trkpt>
<trkpt lat="30.62829334371219" lon="104.0186965283757"><ele>485</ele><time>2025-08-27T12:54:29.000Z</time></trkpt>
<trkpt lat="30.6283875117452" lon="104.0186098960828"><ele>487</ele><time>2025-08-27T12:54:31.000Z</time></trkpt>
<trkpt lat="30.62848372583135" lon="104.0185213933895"><ele>488</ele><time>2025-08-27T12:54:33.000Z</time></trkpt>
<trkpt lat="30.6286085165955" lon="104.0185932214879"><ele>488</ele><time>2025-08-27T12:54:34.000Z</time></trkpt>
<trkpt lat="30.62870017409382" lon="104.0184978423139"><ele>489</ele><time>2025-08-27T12:54:36.000Z</time></trkpt>
<trkpt lat="30.62877410434389" lon="104.0183992403067"><ele>487</ele><time>2025-08-27T12:54:38.000Z</time></trkpt>
<trkpt lat="30.62885221710825" lon="104.0183122062892"><ele>485</ele><time>2025-08-27T12:54:40.000Z</time></trkpt>
<trkpt lat="30.62893699460234" lon="104.0182313281829"><ele>484</ele><time>2025-08-27T12:54:42.000Z</time></trkpt>
<trkpt lat="30.6290234586192" lon="104.0181629985238"><ele>483</ele><time>2025-08-27T12:54:44.000Z</time></trkpt>
<trkpt lat="30.62913215532045" lon="104.0181304023196"><ele>482</ele><time>2025-08-27T12:54:46.000Z</time></trkpt>
<trkpt lat="30.62923801444321" lon="104.0180547897629"><ele>481</ele><time>2025-08-27T12:54:48.000Z</time></trkpt>
<trkpt lat="30.62932546899885" lon="104.0179486195876"><ele>481</ele><time>2025-08-27T12:54:50.000Z</time></trkpt>
<trkpt lat="30.62941058557335" lon="104.0178442690674"><ele>480</ele><time>2025-08-27T12:54:52.000Z</time></trkpt>
<trkpt lat="30.6294673021232" lon="104.0177197638936"><ele>480</ele><time>2025-08-27T12:54:54.000Z</time></trkpt>
<trkpt lat="30.62957162878936" lon="104.0176422611584"><ele>480</ele><time>2025-08-27T12:54:56.000Z</time></trkpt>
<trkpt lat="30.62966637061771" lon="104.0175526389268"><ele>480</ele><time>2025-08-27T12:54:58.000Z</time></trkpt>
<trkpt lat="30.62976100465182" lon="104.0174744059477"><ele>480</ele><time>2025-08-27T12:55:00.000Z</time></trkpt>
<trkpt lat="30.62986020790701" lon="104.0173844514594"><ele>480</ele><time>2025-08-27T12:55:02.000Z</time></trkpt>
<trkpt lat="30.62995573890577" lon="104.0172987649999"><ele>480</ele><time>2025-08-27T12:55:04.000Z</time></trkpt>
<trkpt lat="30.63005255529844" lon="104.0172113871422"><ele>480</ele><time>2025-08-27T12:55:06.000Z</time></trkpt>
<trkpt lat="30.63014451683165" lon="104.0171178354571"><ele>479</ele><time>2025-08-27T12:55:08.000Z</time></trkpt>
<trkpt lat="30.63025104781714" lon="104.0170295128069"><ele>479</ele><time>2025-08-27T12:55:10.000Z</time></trkpt>
<trkpt lat="30.6303512543999" lon="104.0169386974996"><ele>479</ele><time>2025-08-27T12:55:12.000Z</time></trkpt>
<trkpt lat="30.63044966968871" lon="104.0168408832441"><ele>479</ele><time>2025-08-27T12:55:14.000Z</time></trkpt>
<trkpt lat="30.63055511445301" lon="104.0167464509214"><ele>480</ele><time>2025-08-27T12:55:16.000Z</time></trkpt>
<trkpt lat="30.63065400899939" lon="104.0166549489166"><ele>480</ele><time>2025-08-27T12:55:18.000Z</time></trkpt>
<trkpt lat="30.63075746899113" lon="104.0165619761779"><ele>479</ele><time>2025-08-27T12:55:20.000Z</time></trkpt>
<trkpt lat="30.6308608714575" lon="104.0164701835557"><ele>479</ele><time>2025-08-27T12:55:22.000Z</time></trkpt>
<trkpt lat="30.63096152714342" lon="104.0163699609427"><ele>478</ele><time>2025-08-27T12:55:24.000Z</time></trkpt>
<trkpt lat="30.63106483012958" lon="104.0162732316348"><ele>479</ele><time>2025-08-27T12:55:26.000Z</time></trkpt>
<trkpt lat="30.63116480974421" lon="104.0161775405931"><ele>480</ele><time>2025-08-27T12:55:28.000Z</time></trkpt>
<trkpt lat="30.63126472187114" lon="104.0160848197422"><ele>480</ele><time>2025-08-27T12:55:30.000Z</time></trkpt>
<trkpt lat="30.63137023419037" lon="104.0159940469625"><ele>479</ele><time>2025-08-27T12:55:32.000Z</time></trkpt>
<trkpt lat="30.63146415293282" lon="104.0159016554062"><ele>479</ele><time>2025-08-27T12:55:34.000Z</time></trkpt>
<trkpt lat="30.63155260636671" lon="104.0158035901612"><ele>479</ele><time>2025-08-27T12:55:36.000Z</time></trkpt>
<trkpt lat="30.63164975348789" lon="104.0157282879107"><ele>478</ele><time>2025-08-27T12:55:38.000Z</time></trkpt>
<trkpt lat="30.63174469273319" lon="104.0156430263135"><ele>478</ele><time>2025-08-27T12:55:40.000Z</time></trkpt>
<trkpt lat="30.6318338556788" lon="104.0155506338713"><ele>478</ele><time>2025-08-27T12:55:42.000Z</time></trkpt>
<trkpt lat="30.63193514394116" lon="104.0154680316861"><ele>478</ele><time>2025-08-27T12:55:44.000Z</time></trkpt>
<trkpt lat="30.6320313719332" lon="104.0153738632874"><ele>478</ele><time>2025-08-27T12:55:46.000Z</time></trkpt>
<trkpt lat="30.63213426028659" lon="104.0152940266355"><ele>478</ele><time>2025-08-27T12:55:48.000Z</time></trkpt>
<trkpt lat="30.63223427533816" lon="104.0152109728634"><ele>478</ele><time>2025-08-27T12:55:50.000Z</time></trkpt>
<trkpt lat="30.63232612516548" lon="104.0151305139744"><ele>478</ele><time>2025-08-27T12:55:52.000Z</time></trkpt>
<trkpt lat="30.63241269916042" lon="104.01504995615"><ele>478</ele><time>2025-08-27T12:55:54.000Z</time></trkpt>
<trkpt lat="30.6324988879238" lon="104.0149674319908"><ele>478</ele><time>2025-08-27T12:55:56.000Z</time></trkpt>
<trkpt lat="30.63258832530899" lon="104.0148863768079"><ele>478</ele><time>2025-08-27T12:55:58.000Z</time></trkpt>
<trkpt lat="30.63268302389688" lon="104.0148043388463"><ele>477</ele><time>2025-08-27T12:56:00.000Z</time></trkpt>
<trkpt lat="30.63277784083676" lon="104.0147193479796"><ele>477</ele><time>2025-08-27T12:56:02.000Z</time></trkpt>
<trkpt lat="30.63286541120589" lon="104.0146304527903"><ele>477</ele><time>2025-08-27T12:56:04.000Z</time></trkpt>
<trkpt lat="30.63294299359769" lon="104.0145403392633"><ele>477</ele><time>2025-08-27T12:56:06.000Z</time></trkpt>
<trkpt lat="30.63303501851946" lon="104.0144645219905"><ele>478</ele><time>2025-08-27T12:56:08.000Z</time></trkpt>
<trkpt lat="30.63312491923883" lon="104.0143833623288"><ele>477</ele><time>2025-08-27T12:56:10.000Z</time></trkpt>
<trkpt lat="30.63321604383265" lon="104.0142994847841"><ele>477</ele><time>2025-08-27T12:56:12.000Z</time></trkpt>
<trkpt lat="30.63330769151534" lon="104.0142164497244"><ele>478</ele><time>2025-08-27T12:56:14.000Z</time></trkpt>
<trkpt lat="30.63339717990919" lon="104.0141344933341"><ele>477</ele><time>2025-08-27T12:56:16.000Z</time></trkpt>
<trkpt lat="30.63347843935313" lon="104.0140551628629"><ele>477</ele><time>2025-08-27T12:56:18.000Z</time></trkpt>
<trkpt lat="30.63355585233526" lon="104.0139766894121"><ele>477</ele><time>2025-08-27T12:56:20.000Z</time></trkpt>
<trkpt lat="30.63363236161092" lon="104.0139133497931"><ele>477</ele><time>2025-08-27T12:56:22.000Z</time></trkpt>
<trkpt lat="30.63372615189586" lon="104.0138440937434"><ele>477</ele><time>2025-08-27T12:56:26.000Z</time></trkpt>
<trkpt lat="30.63378934985493" lon="104.0137371003653"><ele>477</ele><time>2025-08-27T12:57:21.000Z</time></trkpt>
<trkpt lat="30.63389693809871" lon="104.0136693888919"><ele>476</ele><time>2025-08-27T12:57:24.000Z</time></trkpt>
<trkpt lat="30.63398191757205" lon="104.013600987913"><ele>476</ele><time>2025-08-27T12:57:26.000Z</time></trkpt>
<trkpt lat="30.63407130411951" lon="104.0135254647027"><ele>476</ele><time>2025-08-27T12:57:28.000Z</time></trkpt>
<trkpt lat="30.63414160268065" lon="104.0134039773648"><ele>475</ele><time>2025-08-27T12:57:30.000Z</time></trkpt>
<trkpt lat="30.63423881971788" lon="104.0133359148712"><ele>476</ele><time>2025-08-27T12:57:32.000Z</time></trkpt>
<trkpt lat="30.63435011044443" lon="104.0132580422731"><ele>476</ele><time>2025-08-27T12:57:34.000Z</time></trkpt>
<trkpt lat="30.63444467363527" lon="104.0131896877029"><ele>476</ele><time>2025-08-27T12:57:36.000Z</time></trkpt>
<trkpt lat="30.63454364551108" lon="104.0131166744331"><ele>476</ele><time>2025-08-27T12:57:38.000Z</time></trkpt>
<trkpt lat="30.63466130463004" lon="104.0130591462838"><ele>477</ele><time>2025-08-27T12:57:40.000Z</time></trkpt>
<trkpt lat="30.63475664247007" lon="104.0131054873943"><ele>477</ele><time>2025-08-27T12:57:41.000Z</time></trkpt>
<trkpt lat="30.63486311609206" lon="104.0130377379185"><ele>477</ele><time>2025-08-27T12:57:43.000Z</time></trkpt>
<trkpt lat="30.63495506677099" lon="104.0129861896049"><ele>477</ele><time>2025-08-27T12:57:45.000Z</time></trkpt>
<trkpt lat="30.63506206960083" lon="104.0129102246516"><ele>477</ele><time>2025-08-27T12:57:47.000Z</time></trkpt>
<trkpt lat="30.63515715078881" lon="104.0128270830646"><ele>477</ele><time>2025-08-27T12:57:49.000Z</time></trkpt>
<trkpt lat="30.63525387304439" lon="104.0127558556334"><ele>477</ele><time>2025-08-27T12:57:51.000Z</time></trkpt>
<trkpt lat="30.63535450130842" lon="104.0127091580749"><ele>477</ele><time>2025-08-27T12:57:53.000Z</time></trkpt>
<trkpt lat="30.63544679376311" lon="104.012679251354"><ele>477</ele><time>2025-08-27T12:57:57.000Z</time></trkpt>
<trkpt lat="30.63554217209953" lon="104.0126496032088"><ele>478</ele><time>2025-08-27T12:58:00.000Z</time></trkpt>
<trkpt lat="30.63563269570875" lon="104.0126457726676"><ele>478</ele><time>2025-08-27T12:58:03.000Z</time></trkpt>
<trkpt lat="30.63573188473636" lon="104.0126005303456"><ele>478</ele><time>2025-08-27T12:58:06.000Z</time></trkpt>
<trkpt lat="30.63581469560073" lon="104.012535139299"><ele>478</ele><time>2025-08-27T12:58:08.000Z</time></trkpt>
<trkpt lat="30.63590809229506" lon="104.0124483347875"><ele>478</ele><time>2025-08-27T12:58:10.000Z</time></trkpt>
<trkpt lat="30.63600263080426" lon="104.012375418511"><ele>478</ele><time>2025-08-27T12:58:12.000Z</time></trkpt>
<trkpt lat="30.63611320390016" lon="104.0123165138945"><ele>478</ele><time>2025-08-27T12:58:14.000Z</time></trkpt>
<trkpt lat="30.63622097397672" lon="104.0122822659708"><ele>478</ele><time>2025-08-27T12:58:16.000Z</time></trkpt>
<trkpt lat="30.63633272991647" lon="104.012246911147"><ele>478</ele><time>2025-08-27T12:58:18.000Z</time></trkpt>
<trkpt lat="30.63644549093919" lon="104.0122055670359"><ele>478</ele><time>2025-08-27T12:58:20.000Z</time></trkpt>
<trkpt lat="30.63654826811495" lon="104.0121646928631"><ele>478</ele><time>2025-08-27T12:58:22.000Z</time></trkpt>
<trkpt lat="30.63663644196512" lon="104.0120908140954"><ele>478</ele><time>2025-08-27T12:58:26.000Z</time></trkpt>
<trkpt lat="30.63673320726184" lon="104.0121201608202"><ele>478</ele><time>2025-08-27T12:58:28.000Z</time></trkpt>
<trkpt lat="30.63684156499984" lon="104.0120955272724"><ele>478</ele><time>2025-08-27T12:58:31.000Z</time></trkpt>
<trkpt lat="30.6369125026698" lon="104.0120172508973"><ele>478</ele><time>2025-08-27T12:58:33.000Z</time></trkpt>
<trkpt lat="30.63703592815353" lon="104.0120234806923"><ele>478</ele><time>2025-08-27T12:58:36.000Z</time></trkpt>
<trkpt lat="30.63716384342738" lon="104.011956721349"><ele>478</ele><time>2025-08-27T12:58:39.000Z</time></trkpt>
<trkpt lat="30.63727860798041" lon="104.0119090206426"><ele>479</ele><time>2025-08-27T12:58:42.000Z</time></trkpt>
<trkpt lat="30.63740417706994" lon="104.0118911975543"><ele>479</ele><time>2025-08-27T12:58:45.000Z</time></trkpt>
<trkpt lat="30.63751939715941" lon="104.0118845151557"><ele>479</ele><time>2025-08-27T12:58:48.000Z</time></trkpt>
<trkpt lat="30.6376258788167" lon="104.0118783756334"><ele>479</ele><time>2025-08-27T12:58:51.000Z</time></trkpt>
<trkpt lat="30.63773238428977" lon="104.0118768813308"><ele>478</ele><time>2025-08-27T12:58:54.000Z</time></trkpt>
<trkpt lat="30.63783206147229" lon="104.0118885687039"><ele>478</ele><time>2025-08-27T12:58:57.000Z</time></trkpt>
<trkpt lat="30.63791847392377" lon="104.0118430911151"><ele>478</ele><time>2025-08-27T12:59:00.000Z</time></trkpt>
<trkpt lat="30.63803804526381" lon="104.0118500640448"><ele>479</ele><time>2025-08-27T12:59:04.000Z</time></trkpt>
<trkpt lat="30.63812673657806" lon="104.0117891208209"><ele>479</ele><time>2025-08-27T12:59:07.000Z</time></trkpt>
<trkpt lat="30.63817234629876" lon="104.0116848432017"><ele>479</ele><time>2025-08-27T12:59:10.000Z</time></trkpt>
<trkpt lat="30.6382722825873" lon="104.0116771222493"><ele>479</ele><time>2025-08-27T12:59:13.000Z</time></trkpt>
<trkpt lat="30.63986925048909" lon="104.0106768526721"><ele>479</ele><time>2025-08-27T12:59:24.000Z</time></trkpt>
<trkpt lat="30.63998621491948" lon="104.0106230575749"><ele>479</ele><time>2025-08-27T12:59:26.000Z</time></trkpt>
<trkpt lat="30.64009426154092" lon="104.0105656645498"><ele>479</ele><time>2025-08-27T12:59:28.000Z</time></trkpt>
<trkpt lat="30.6402090695369" lon="104.0105036116343"><ele>479</ele><time>2025-08-27T12:59:30.000Z</time></trkpt>
<trkpt lat="30.64032299875164" lon="104.0104441648486"><ele>479</ele><time>2025-08-27T12:59:32.000Z</time></trkpt>
<trkpt lat="30.64058307649561" lon="104.0103154509617"><ele>479</ele><time>2025-08-27T12:59:37.000Z</time></trkpt>
<trkpt lat="30.64069534369024" lon="104.0102615525701"><ele>480</ele><time>2025-08-27T12:59:39.000Z</time></trkpt>
<trkpt lat="30.64079659448771" lon="104.0102233055465"><ele>481</ele><time>2025-08-27T12:59:41.000Z</time></trkpt>
<trkpt lat="30.64090644463873" lon="104.0101580879552"><ele>479</ele><time>2025-08-27T12:59:43.000Z</time></trkpt>
<trkpt lat="30.64101172994707" lon="104.010103726772"><ele>479</ele><time>2025-08-27T12:59:45.000Z</time></trkpt>
<trkpt lat="30.64111799580445" lon="104.0100445586301"><ele>479</ele><time>2025-08-27T12:59:47.000Z</time></trkpt>
<trkpt lat="30.64122046399854" lon="104.0099768953555"><ele>479</ele><time>2025-08-27T12:59:49.000Z</time></trkpt>
<trkpt lat="30.64132661674383" lon="104.0099205887265"><ele>479</ele><time>2025-08-27T12:59:51.000Z</time></trkpt>
<trkpt lat="30.64143455376737" lon="104.0098634316758"><ele>478</ele><time>2025-08-27T12:59:53.000Z</time></trkpt>
<trkpt lat="30.64154406110008" lon="104.0097735688833"><ele>478</ele><time>2025-08-27T12:59:55.000Z</time></trkpt>
<trkpt lat="30.64165910592778" lon="104.0096866093591"><ele>478</ele><time>2025-08-27T12:59:57.000Z</time></trkpt>
<trkpt lat="30.64177786430927" lon="104.0096389641187"><ele>478</ele><time>2025-08-27T12:59:59.000Z</time></trkpt>
<trkpt lat="30.64189081079547" lon="104.0095715083602"><ele>479</ele><time>2025-08-27T13:00:01.000Z</time></trkpt>
<trkpt lat="30.64199436034753" lon="104.0095157269155"><ele>479</ele><time>2025-08-27T13:00:03.000Z</time></trkpt>
<trkpt lat="30.64210555340434" lon="104.0094568327416"><ele>479</ele><time>2025-08-27T13:00:05.000Z</time></trkpt>
<trkpt lat="30.6422178822191" lon="104.0093952634825"><ele>479</ele><time>2025-08-27T13:00:07.000Z</time></trkpt>
<trkpt lat="30.64232768587375" lon="104.0093316624762"><ele>479</ele><time>2025-08-27T13:00:09.000Z</time></trkpt>
<trkpt lat="30.64243666066479" lon="104.0092742017947"><ele>479</ele><time>2025-08-27T13:00:11.000Z</time></trkpt>
<trkpt lat="30.64254727983137" lon="104.0092165349428"><ele>479</ele><time>2025-08-27T13:00:13.000Z</time></trkpt>
<trkpt lat="30.64266047618099" lon="104.0091493952589"><ele>479</ele><time>2025-08-27T13:00:15.000Z</time></trkpt>
<trkpt lat="30.64277335263587" lon="104.0090881906817"><ele>480</ele><time>2025-08-27T13:00:17.000Z</time></trkpt>
<trkpt lat="30.64287868158424" lon="104.0090266125308"><ele>480</ele><time>2025-08-27T13:00:19.000Z</time></trkpt>
<trkpt lat="30.642971295586" lon="104.0089722568195"><ele>480</ele><time>2025-08-27T13:00:21.000Z</time></trkpt>
<trkpt lat="30.643062014547" lon="104.008935656102"><ele>481</ele><time>2025-08-27T13:00:26.000Z</time></trkpt>
<trkpt lat="30.64316584634412" lon="104.0088923003618"><ele>481</ele><time>2025-08-27T13:00:31.000Z</time></trkpt>
<trkpt lat="30.64328401806242" lon="104.0088273308364"><ele>481</ele><time>2025-08-27T13:00:34.000Z</time></trkpt>
<trkpt lat="30.64337358013577" lon="104.0087767758847"><ele>481</ele><time>2025-08-27T13:00:36.000Z</time></trkpt>
<trkpt lat="30.64346176091851" lon="104.0086932139452"><ele>481</ele><time>2025-08-27T13:00:38.000Z</time></trkpt>
<trkpt lat="30.64352919827963" lon="104.0085436665459"><ele>481</ele><time>2025-08-27T13:00:40.000Z</time></trkpt>
<trkpt lat="30.64363820521547" lon="104.0084808047116"><ele>481</ele><time>2025-08-27T13:00:42.000Z</time></trkpt>
<trkpt lat="30.64375394462941" lon="104.0084140637113"><ele>482</ele><time>2025-08-27T13:00:44.000Z</time></trkpt>
<trkpt lat="30.643863592856" lon="104.0083507634426"><ele>482</ele><time>2025-08-27T13:00:46.000Z</time></trkpt>
<trkpt lat="30.64396929902604" lon="104.0082897876296"><ele>482</ele><time>2025-08-27T13:00:48.000Z</time></trkpt>
<trkpt lat="30.64413666809856" lon="104.0083672452537"><ele>482</ele><time>2025-08-27T13:00:50.000Z</time></trkpt>
<trkpt lat="30.64425680406535" lon="104.0082885969233"><ele>482</ele><time>2025-08-27T13:00:52.000Z</time></trkpt>
<trkpt lat="30.64435785676488" lon="104.0082262795242"><ele>482</ele><time>2025-08-27T13:00:54.000Z</time></trkpt>
<trkpt lat="30.64445671507867" lon="104.0081931388254"><ele>482</ele><time>2025-08-27T13:00:56.000Z</time></trkpt>
<trkpt lat="30.64455712549402" lon="104.0081349704801"><ele>482</ele><time>2025-08-27T13:00:58.000Z</time></trkpt>
<trkpt lat="30.6446710314429" lon="104.0080425826846"><ele>482</ele><time>2025-08-27T13:01:00.000Z</time></trkpt>
<trkpt lat="30.64478576371592" lon="104.0079716276715"><ele>482</ele><time>2025-08-27T13:01:02.000Z</time></trkpt>
<trkpt lat="30.64489399923442" lon="104.0079102245135"><ele>482</ele><time>2025-08-27T13:01:04.000Z</time></trkpt>
<trkpt lat="30.64500104344128" lon="104.0078708084672"><ele>482</ele><time>2025-08-27T13:01:06.000Z</time></trkpt>
<trkpt lat="30.64512672236074" lon="104.0077958173643"><ele>482</ele><time>2025-08-27T13:01:08.000Z</time></trkpt>
<trkpt lat="30.64524651012129" lon="104.0077428765814"><ele>482</ele><time>2025-08-27T13:01:10.000Z</time></trkpt>
<trkpt lat="30.64536717077751" lon="104.0076898661101"><ele>482</ele><time>2025-08-27T13:01:12.000Z</time></trkpt>
<trkpt lat="30.64547295619665" lon="104.007619343826"><ele>481</ele><time>2025-08-27T13:01:14.000Z</time></trkpt>
<trkpt lat="30.64557848605925" lon="104.0075479708817"><ele>481</ele><time>2025-08-27T13:01:16.000Z</time></trkpt>
<trkpt lat="30.64568365944682" lon="104.007479088957"><ele>481</ele><time>2025-08-27T13:01:18.000Z</time></trkpt>
<trkpt lat="30.64579451497731" lon="104.0074113557217"><ele>481</ele><time>2025-08-27T13:01:20.000Z</time></trkpt>
<trkpt lat="30.64591111388489" lon="104.0073529180168"><ele>480</ele><time>2025-08-27T13:01:22.000Z</time></trkpt>
<trkpt lat="30.64602098819234" lon="104.0072856266092"><ele>481</ele><time>2025-08-27T13:01:24.000Z</time></trkpt>
<trkpt lat="30.64613143282751" lon="104.0072357771673"><ele>481</ele><time>2025-08-27T13:01:26.000Z</time></trkpt>
<trkpt lat="30.64624076045943" lon="104.0071800778566"><ele>481</ele><time>2025-08-27T13:01:28.000Z</time></trkpt>
<trkpt lat="30.6463612423601" lon="104.0071391886008"><ele>481</ele><time>2025-08-27T13:01:30.000Z</time></trkpt>
<trkpt lat="30.64647805474767" lon="104.0071133299032"><ele>481</ele><time>2025-08-27T13:01:32.000Z</time></trkpt>
<trkpt lat="30.64659483625369" lon="104.0070936034132"><ele>480</ele><time>2025-08-27T13:01:34.000Z</time></trkpt>
<trkpt lat="30.64671263345566" lon="104.007073925588"><ele>480</ele><time>2025-08-27T13:01:36.000Z</time></trkpt>
<trkpt lat="30.64683401153124" lon="104.0070595026111"><ele>480</ele><time>2025-08-27T13:01:38.000Z</time></trkpt>
<trkpt lat="30.64694955767692" lon="104.0070497662101"><ele>480</ele><time>2025-08-27T13:01:40.000Z</time></trkpt>
<trkpt lat="30.64705925755012" lon="104.0070413302889"><ele>480</ele><time>2025-08-27T13:01:42.000Z</time></trkpt>
<trkpt lat="30.64715855187871" lon="104.0070303796883"><ele>480</ele><time>2025-08-27T13:01:44.000Z</time></trkpt>
<trkpt lat="30.64725629747134" lon="104.0070615211761"><ele>480</ele><time>2025-08-27T13:01:47.000Z</time></trkpt>
<trkpt lat="30.64734494672961" lon="104.0071017642605"><ele>480</ele><time>2025-08-27T13:01:51.000Z</time></trkpt>
<trkpt lat="30.64743818081685" lon="104.0071071408548"><ele>481</ele><time>2025-08-27T13:02:56.000Z</time></trkpt>
<trkpt lat="30.64753972934941" lon="104.0071087661527"><ele>480</ele><time>2025-08-27T13:02:59.000Z</time></trkpt>
<trkpt lat="30.64765264974656" lon="104.0070346359784"><ele>480</ele><time>2025-08-27T13:03:02.000Z</time></trkpt>
<trkpt lat="30.6477485825215" lon="104.0070042937259"><ele>480</ele><time>2025-08-27T13:03:04.000Z</time></trkpt>
<trkpt lat="30.64784964920396" lon="104.006971484558"><ele>481</ele><time>2025-08-27T13:03:06.000Z</time></trkpt>
<trkpt lat="30.64796345825548" lon="104.0069618713912"><ele>481</ele><time>2025-08-27T13:03:08.000Z</time></trkpt>
<trkpt lat="30.6480567779969" lon="104.0068032319232"><ele>481</ele><time>2025-08-27T13:03:10.000Z</time></trkpt>
<trkpt lat="30.64815798993926" lon="104.0067940948838"><ele>481</ele><time>2025-08-27T13:03:12.000Z</time></trkpt>
<trkpt lat="30.64827708571597" lon="104.006783370602"><ele>482</ele><time>2025-08-27T13:03:14.000Z</time></trkpt>
<trkpt lat="30.64838702089391" lon="104.0067734414108"><ele>482</ele><time>2025-08-27T13:03:16.000Z</time></trkpt>
<trkpt lat="30.64850124427314" lon="104.0067631234406"><ele>482</ele><time>2025-08-27T13:03:18.000Z</time></trkpt>
<trkpt lat="30.64853381019394" lon="104.0068837727635"><ele>482</ele><time>2025-08-27T13:03:22.000Z</time></trkpt>
<trkpt lat="30.64862025223954" lon="104.0069228680033"><ele>482</ele><time>2025-08-27T13:03:25.000Z</time></trkpt>
<trkpt lat="30.64872125722431" lon="104.0069159512321"><ele>482</ele><time>2025-08-27T13:03:29.000Z</time></trkpt>
<trkpt lat="30.64879979106036" lon="104.0070482246414"><ele>482</ele><time>2025-08-27T13:03:31.000Z</time></trkpt>
<trkpt lat="30.64888149043159" lon="104.0070937388765"><ele>483</ele><time>2025-08-27T13:03:33.000Z</time></trkpt>
<trkpt lat="30.65015463245986" lon="104.0067364046082"><ele>482</ele><time>2025-08-27T13:03:45.000Z</time></trkpt>
<trkpt lat="30.65028262602827" lon="104.0067270421808"><ele>482</ele><time>2025-08-27T13:03:47.000Z</time></trkpt>
<trkpt lat="30.65040861010478" lon="104.0067105574514"><ele>482</ele><time>2025-08-27T13:03:49.000Z</time></trkpt>
<trkpt lat="30.65053564010607" lon="104.0066974407612"><ele>481</ele><time>2025-08-27T13:03:51.000Z</time></trkpt>
<trkpt lat="30.65066350179362" lon="104.0066815694795"><ele>481</ele><time>2025-08-27T13:03:53.000Z</time></trkpt>
<trkpt lat="30.65078996561182" lon="104.0066623009507"><ele>482</ele><time>2025-08-27T13:03:55.000Z</time></trkpt>
<trkpt lat="30.65092534845326" lon="104.0066855730662"><ele>482</ele><time>2025-08-27T13:03:57.000Z</time></trkpt>
<trkpt lat="30.65104463330024" lon="104.0066654607605"><ele>481</ele><time>2025-08-27T13:03:59.000Z</time></trkpt>
<trkpt lat="30.65117343374161" lon="104.00667084572"><ele>481</ele><time>2025-08-27T13:04:01.000Z</time></trkpt>
<trkpt lat="30.65129378934147" lon="104.0066758635605"><ele>481</ele><time>2025-08-27T13:04:03.000Z</time></trkpt>
<trkpt lat="30.65141753467563" lon="104.0066636064763"><ele>482</ele><time>2025-08-27T13:04:05.000Z</time></trkpt>
<trkpt lat="30.65154504964163" lon="104.0066313560966"><ele>482</ele><time>2025-08-27T13:04:07.000Z</time></trkpt>
<trkpt lat="30.65166300099909" lon="104.0065916669743"><ele>481</ele><time>2025-08-27T13:04:09.000Z</time></trkpt>
<trkpt lat="30.65178316364846" lon="104.0065659036176"><ele>481</ele><time>2025-08-27T13:04:11.000Z</time></trkpt>
<trkpt lat="30.65188411709218" lon="104.0066095930964"><ele>482</ele><time>2025-08-27T13:04:13.000Z</time></trkpt>
<trkpt lat="30.65200573300833" lon="104.0066053437992"><ele>482</ele><time>2025-08-27T13:04:15.000Z</time></trkpt>
<trkpt lat="30.65211361331551" lon="104.0066018570275"><ele>482</ele><time>2025-08-27T13:04:17.000Z</time></trkpt>
<trkpt lat="30.65221852019824" lon="104.0065685492728"><ele>482</ele><time>2025-08-27T13:04:19.000Z</time></trkpt>
<trkpt lat="30.65231289821914" lon="104.0065306185903"><ele>482</ele><time>2025-08-27T13:04:24.000Z</time></trkpt>
<trkpt lat="30.65239975076438" lon="104.0065019550173"><ele>482</ele><time>2025-08-27T13:04:29.000Z</time></trkpt>
<trkpt lat="30.65250558093395" lon="104.0065325315"><ele>482</ele><time>2025-08-27T13:04:32.000Z</time></trkpt>
<trkpt lat="30.65260092486974" lon="104.00651734129"><ele>482</ele><time>2025-08-27T13:04:34.000Z</time></trkpt>
<trkpt lat="30.65269601018765" lon="104.0064892682319"><ele>482</ele><time>2025-08-27T13:04:36.000Z</time></trkpt>
<trkpt lat="30.65279589895264" lon="104.0064694059007"><ele>482</ele><time>2025-08-27T13:04:38.000Z</time></trkpt>
<trkpt lat="30.65290754991154" lon="104.0064710681477"><ele>482</ele><time>2025-08-27T13:04:40.000Z</time></trkpt>
<trkpt lat="30.65301475112191" lon="104.0064584368053"><ele>482</ele><time>2025-08-27T13:04:42.000Z</time></trkpt>
<trkpt lat="30.65311797539189" lon="104.0064595257525"><ele>482</ele><time>2025-08-27T13:04:44.000Z</time></trkpt>
<trkpt lat="30.65323614923927" lon="104.0064457965785"><ele>483</ele><time>2025-08-27T13:04:46.000Z</time></trkpt>
<trkpt lat="30.6533448889722" lon="104.0064362992855"><ele>483</ele><time>2025-08-27T13:04:48.000Z</time></trkpt>
<trkpt lat="30.65343716218392" lon="104.0064325657746"><ele>483</ele><time>2025-08-27T13:04:51.000Z</time></trkpt>
<trkpt lat="30.65356561893769" lon="104.0064626145656"><ele>483</ele><time>2025-08-27T13:04:55.000Z</time></trkpt>
<trkpt lat="30.65369774877951" lon="104.0063922386957"><ele>483</ele><time>2025-08-27T13:04:58.000Z</time></trkpt>
<trkpt lat="30.65381019811777" lon="104.0064067045094"><ele>483</ele><time>2025-08-27T13:05:01.000Z</time></trkpt>
<trkpt lat="30.65392499797274" lon="104.0064890464594"><ele>483</ele><time>2025-08-27T13:05:03.000Z</time></trkpt>
<trkpt lat="30.65402505564688" lon="104.0065479951925"><ele>483</ele><time>2025-08-27T13:05:05.000Z</time></trkpt>
<trkpt lat="30.65414998688658" lon="104.006561564614"><ele>483</ele><time>2025-08-27T13:05:07.000Z</time></trkpt>
<trkpt lat="30.65424222934089" lon="104.0065568629947"><ele>483</ele><time>2025-08-27T13:05:09.000Z</time></trkpt>
<trkpt lat="30.65432737102667" lon="104.006521818124"><ele>483</ele><time>2025-08-27T13:05:11.000Z</time></trkpt>
<trkpt lat="30.65443244620141" lon="104.0065564276794"><ele>483</ele><time>2025-08-27T13:05:15.000Z</time></trkpt>
<trkpt lat="30.65453349179523" lon="104.0065776749612"><ele>483</ele><time>2025-08-27T13:05:19.000Z</time></trkpt>
<trkpt lat="30.65465364744226" lon="104.0065705286179"><ele>483</ele><time>2025-08-27T13:05:21.000Z</time></trkpt>
<trkpt lat="30.65473028630708" lon="104.0064743483621"><ele>482</ele><time>2025-08-27T13:05:23.000Z</time></trkpt>
<trkpt lat="30.65480982779489" lon="104.0064036675589"><ele>483</ele><time>2025-08-27T13:05:25.000Z</time></trkpt>
<trkpt lat="30.65493000995551" lon="104.0063898805913"><ele>482</ele><time>2025-08-27T13:05:27.000Z</time></trkpt>
<trkpt lat="30.65504278505677" lon="104.006408395753"><ele>482</ele><time>2025-08-27T13:05:29.000Z</time></trkpt>
<trkpt lat="30.65516226983453" lon="104.0063986714447"><ele>482</ele><time>2025-08-27T13:05:31.000Z</time></trkpt>
<trkpt lat="30.6552740639819" lon="104.0063410978014"><ele>483</ele><time>2025-08-27T13:05:34.000Z</time></trkpt>
<trkpt lat="30.65559351632733" lon="104.0062817799654"><ele>483</ele><time>2025-08-27T13:05:36.000Z</time></trkpt>
<trkpt lat="30.65571312438261" lon="104.0062681029334"><ele>483</ele><time>2025-08-27T13:05:38.000Z</time></trkpt>
<trkpt lat="30.65582625460201" lon="104.0062592070946"><ele>483</ele><time>2025-08-27T13:05:40.000Z</time></trkpt>
<trkpt lat="30.65595085456345" lon="104.0062442493402"><ele>483</ele><time>2025-08-27T13:05:42.000Z</time></trkpt>
<trkpt lat="30.65607196510869" lon="104.0062348845323"><ele>483</ele><time>2025-08-27T13:05:44.000Z</time></trkpt>
<trkpt lat="30.65619146620102" lon="104.0062188517918"><ele>483</ele><time>2025-08-27T13:05:46.000Z</time></trkpt>
<trkpt lat="30.65631280922067" lon="104.0062123673438"><ele>483</ele><time>2025-08-27T13:05:48.000Z</time></trkpt>
<trkpt lat="30.65643945518909" lon="104.0062113583059"><ele>483</ele><time>2025-08-27T13:05:50.000Z</time></trkpt>
<trkpt lat="30.65656720783595" lon="104.0062135193663"><ele>484</ele><time>2025-08-27T13:05:52.000Z</time></trkpt>
<trkpt lat="30.65669783093815" lon="104.0062105859729"><ele>484</ele><time>2025-08-27T13:05:54.000Z</time></trkpt>
<trkpt lat="30.65684330583083" lon="104.0062140763039"><ele>485</ele><time>2025-08-27T13:05:56.000Z</time></trkpt>
<trkpt lat="30.65697672482445" lon="104.0062073016029"><ele>485</ele><time>2025-08-27T13:05:58.000Z</time></trkpt>
<trkpt lat="30.65710537219655" lon="104.0061976198535"><ele>486</ele><time>2025-08-27T13:06:00.000Z</time></trkpt>
<trkpt lat="30.6572396286003" lon="104.0061934300667"><ele>486</ele><time>2025-08-27T13:06:02.000Z</time></trkpt>
<trkpt lat="30.65737608397202" lon="104.0061931129944"><ele>485</ele><time>2025-08-27T13:06:04.000Z</time></trkpt>
<trkpt lat="30.65750200400912" lon="104.0061828453442"><ele>485</ele><time>2025-08-27T13:06:06.000Z</time></trkpt>
<trkpt lat="30.65764260796695" lon="104.0061691153243"><ele>485</ele><time>2025-08-27T13:06:08.000Z</time></trkpt>
<trkpt lat="30.65776723070398" lon="104.0061610580056"><ele>485</ele><time>2025-08-27T13:06:10.000Z</time></trkpt>
<trkpt lat="30.65790049239488" lon="104.0061630222079"><ele>484</ele><time>2025-08-27T13:06:12.000Z</time></trkpt>
<trkpt lat="30.65802990812522" lon="104.0061518665453"><ele>484</ele><time>2025-08-27T13:06:14.000Z</time></trkpt>
<trkpt lat="30.65816066479831" lon="104.0061567864754"><ele>485</ele><time>2025-08-27T13:06:16.000Z</time></trkpt>
<trkpt lat="30.65828759640856" lon="104.0061561496578"><ele>486</ele><time>2025-08-27T13:06:18.000Z</time></trkpt>
<trkpt lat="30.65841465082441" lon="104.0061462034193"><ele>486</ele><time>2025-08-27T13:06:20.000Z</time></trkpt>
<trkpt lat="30.65854332641284" lon="104.0061356361695"><ele>486</ele><time>2025-08-27T13:06:22.000Z</time></trkpt>
<trkpt lat="30.65867159156159" lon="104.0061221208369"><ele>487</ele><time>2025-08-27T13:06:24.000Z</time></trkpt>
<trkpt lat="30.65880274719552" lon="104.0061137132005"><ele>488</ele><time>2025-08-27T13:06:26.000Z</time></trkpt>
<trkpt lat="30.65893914501385" lon="104.0061172402476"><ele>487</ele><time>2025-08-27T13:06:28.000Z</time></trkpt>
<trkpt lat="30.65906908859522" lon="104.0061026279097"><ele>487</ele><time>2025-08-27T13:06:30.000Z</time></trkpt>
<trkpt lat="30.65920758391645" lon="104.0060991346198"><ele>487</ele><time>2025-08-27T13:06:32.000Z</time></trkpt>
<trkpt lat="30.65933655168093" lon="104.0060956998157"><ele>487</ele><time>2025-08-27T13:06:34.000Z</time></trkpt>
<trkpt lat="30.65946604633349" lon="104.0060824203934"><ele>486</ele><time>2025-08-27T13:06:36.000Z</time></trkpt>
<trkpt lat="30.65959904577591" lon="104.0060535400095"><ele>487</ele><time>2025-08-27T13:06:38.000Z</time></trkpt>
<trkpt lat="30.65972631511629" lon="104.0060441068431"><ele>487</ele><time>2025-08-27T13:06:40.000Z</time></trkpt>
<trkpt lat="30.65985784262273" lon="104.006026508637"><ele>487</ele><time>2025-08-27T13:06:42.000Z</time></trkpt>
<trkpt lat="30.65999687122915" lon="104.0060477679101"><ele>488</ele><time>2025-08-27T13:06:44.000Z</time></trkpt>
<trkpt lat="30.66012837552249" lon="104.0060432855341"><ele>488</ele><time>2025-08-27T13:06:46.000Z</time></trkpt>
<trkpt lat="30.66026263175054" lon="104.0060392774193"><ele>488</ele><time>2025-08-27T13:06:48.000Z</time></trkpt>
<trkpt lat="30.66039570339371" lon="104.0060318528697"><ele>489</ele><time>2025-08-27T13:06:50.000Z</time></trkpt>
<trkpt lat="30.66052770105713" lon="104.0060219853495"><ele>490</ele><time>2025-08-27T13:06:52.000Z</time></trkpt>
<trkpt lat="30.66065757301104" lon="104.0060032364976"><ele>489</ele><time>2025-08-27T13:06:54.000Z</time></trkpt>
<trkpt lat="30.66078744414832" lon="104.0059956804811"><ele>489</ele><time>2025-08-27T13:06:56.000Z</time></trkpt>
<trkpt lat="30.66092293870667" lon="104.005990309"><ele>489</ele><time>2025-08-27T13:06:58.000Z</time></trkpt>
<trkpt lat="30.66105913965221" lon="104.0059900962723"><ele>489</ele><time>2025-08-27T13:07:00.000Z</time></trkpt>
<trkpt lat="30.66118583173591" lon="104.00597719067"><ele>491</ele><time>2025-08-27T13:07:02.000Z</time></trkpt>
<trkpt lat="30.66131734475098" lon="104.0059698394956"><ele>491</ele><time>2025-08-27T13:07:04.000Z</time></trkpt>
<trkpt lat="30.66144669163696" lon="104.005975944015"><ele>491</ele><time>2025-08-27T13:07:06.000Z</time></trkpt>
<trkpt lat="30.66157384360102" lon="104.0059877158675"><ele>491</ele><time>2025-08-27T13:07:08.000Z</time></trkpt>
<trkpt lat="30.66169588497014" lon="104.0059840572656"><ele>490</ele><time>2025-08-27T13:07:10.000Z</time></trkpt>
<trkpt lat="30.661822974174" lon="104.0059906043339"><ele>490</ele><time>2025-08-27T13:07:12.000Z</time></trkpt>
<trkpt lat="30.66195286673649" lon="104.005983467454"><ele>490</ele><time>2025-08-27T13:07:14.000Z</time></trkpt>
<trkpt lat="30.66207558517057" lon="104.005969832251"><ele>491</ele><time>2025-08-27T13:07:16.000Z</time></trkpt>
<trkpt lat="30.6621883389336" lon="104.0059605538705"><ele>491</ele><time>2025-08-27T13:07:18.000Z</time></trkpt>
<trkpt lat="30.66231690999961" lon="104.005943466722"><ele>491</ele><time>2025-08-27T13:07:20.000Z</time></trkpt>
<trkpt lat="30.66243140029454" lon="104.0059256019975"><ele>492</ele><time>2025-08-27T13:07:22.000Z</time></trkpt>
<trkpt lat="30.66255449831576" lon="104.0058906080488"><ele>492</ele><time>2025-08-27T13:07:24.000Z</time></trkpt>
<trkpt lat="30.66267705323627" lon="104.0058861591192"><ele>492</ele><time>2025-08-27T13:07:26.000Z</time></trkpt>
<trkpt lat="30.662796749114" lon="104.0058577401439"><ele>493</ele><time>2025-08-27T13:07:28.000Z</time></trkpt>
<trkpt lat="30.66291357260977" lon="104.0058148269741"><ele>493</ele><time>2025-08-27T13:07:30.000Z</time></trkpt>
<trkpt lat="30.66302197580024" lon="104.0057724825603"><ele>493</ele><time>2025-08-27T13:07:32.000Z</time></trkpt>
<trkpt lat="30.66312186633462" lon="104.0057135526478"><ele>494</ele><time>2025-08-27T13:07:34.000Z</time></trkpt>
<trkpt lat="30.66322834832722" lon="104.0056799468198"><ele>493</ele><time>2025-08-27T13:07:36.000Z</time></trkpt>
<trkpt lat="30.66331517733931" lon="104.0056482118105"><ele>493</ele><time>2025-08-27T13:07:38.000Z</time></trkpt>
<trkpt lat="30.66342792730111" lon="104.0056581507258"><ele>493</ele><time>2025-08-27T13:07:43.000Z</time></trkpt>
<trkpt lat="30.66353236484292" lon="104.0057120448471"><ele>493</ele><time>2025-08-27T13:08:02.000Z</time></trkpt>
<trkpt lat="30.66364864806212" lon="104.0057218417334"><ele>494</ele><time>2025-08-27T13:08:05.000Z</time></trkpt>
<trkpt lat="30.66374117744078" lon="104.0057213449242"><ele>493</ele><time>2025-08-27T13:08:07.000Z</time></trkpt>
<trkpt lat="30.66385688893693" lon="104.0057344042341"><ele>492</ele><time>2025-08-27T13:08:10.000Z</time></trkpt>
<trkpt lat="30.66394739889882" lon="104.0057690074525"><ele>491</ele><time>2025-08-27T13:08:12.000Z</time></trkpt>
<trkpt lat="30.66404354178275" lon="104.0057788589914"><ele>491</ele><time>2025-08-27T13:08:14.000Z</time></trkpt>
<trkpt lat="30.66413612311709" lon="104.0057675671039"><ele>491</ele><time>2025-08-27T13:08:16.000Z</time></trkpt>
<trkpt lat="30.66424038667027" lon="104.0057776069786"><ele>490</ele><time>2025-08-27T13:08:18.000Z</time></trkpt>
<trkpt lat="30.66433469343827" lon="104.0057800631171"><ele>490</ele><time>2025-08-27T13:08:20.000Z</time></trkpt>
<trkpt lat="30.66439408083314" lon="104.005608461169"><ele>490</ele><time>2025-08-27T13:08:21.000Z</time></trkpt>
<trkpt lat="30.66443098136909" lon="104.0057824558678"><ele>490</ele><time>2025-08-27T13:08:22.000Z</time></trkpt>
<trkpt lat="30.66452176776304" lon="104.0057940188308"><ele>490</ele><time>2025-08-27T13:08:25.000Z</time></trkpt>
<trkpt lat="30.66467016128518" lon="104.0057430439658"><ele>489</ele><time>2025-08-27T13:08:27.000Z</time></trkpt>
<trkpt lat="30.66476866637464" lon="104.0057607570339"><ele>490</ele><time>2025-08-27T13:08:29.000Z</time></trkpt>
<trkpt lat="30.66486746653622" lon="104.0057742378506"><ele>489</ele><time>2025-08-27T13:08:31.000Z</time></trkpt>
<trkpt lat="30.6649640880112" lon="104.0057752072141"><ele>490</ele><time>2025-08-27T13:08:33.000Z</time></trkpt>
<trkpt lat="30.66506093128544" lon="104.0057710421989"><ele>490</ele><time>2025-08-27T13:08:35.000Z</time></trkpt>
<trkpt lat="30.66516020268917" lon="104.0057883491909"><ele>490</ele><time>2025-08-27T13:08:37.000Z</time></trkpt>
<trkpt lat="30.66525550729411" lon="104.0057934104039"><ele>490</ele><time>2025-08-27T13:08:39.000Z</time></trkpt>
<trkpt lat="30.66535397550517" lon="104.0057767572637"><ele>490</ele><time>2025-08-27T13:08:41.000Z</time></trkpt>
<trkpt lat="30.66544598238005" lon="104.0057522935457"><ele>491</ele><time>2025-08-27T13:08:43.000Z</time></trkpt>
<trkpt lat="30.66554460052864" lon="104.0057542434911"><ele>491</ele><time>2025-08-27T13:08:45.000Z</time></trkpt>
<trkpt lat="30.66567140895748" lon="104.0057774163057"><ele>490</ele><time>2025-08-27T13:08:47.000Z</time></trkpt>
<trkpt lat="30.66578126539358" lon="104.0057678136984"><ele>489</ele><time>2025-08-27T13:08:49.000Z</time></trkpt>
<trkpt lat="30.66589441287228" lon="104.0057542215583"><ele>488</ele><time>2025-08-27T13:08:51.000Z</time></trkpt>
<trkpt lat="30.66599712197517" lon="104.0057668112504"><ele>488</ele><time>2025-08-27T13:08:53.000Z</time></trkpt>
<trkpt lat="30.66610787025414" lon="104.0057747607449"><ele>488</ele><time>2025-08-27T13:08:56.000Z</time></trkpt>
<trkpt lat="30.66620899982064" lon="104.0057698945942"><ele>488</ele><time>2025-08-27T13:08:58.000Z</time></trkpt>
<trkpt lat="30.66629938154955" lon="104.0057969124073"><ele>488</ele><time>2025-08-27T13:09:00.000Z</time></trkpt>
<trkpt lat="30.66640513377227" lon="104.0058152340264"><ele>488</ele><time>2025-08-27T13:09:03.000Z</time></trkpt>
<trkpt lat="30.6665704008955" lon="104.005861588136"><ele>488</ele><time>2025-08-27T13:09:06.000Z</time></trkpt>
<trkpt lat="30.6668624340749" lon="104.0057922213007"><ele>487</ele><time>2025-08-27T13:09:09.000Z</time></trkpt>
<trkpt lat="30.66697554561269" lon="104.0058068730051"><ele>487</ele><time>2025-08-27T13:09:11.000Z</time></trkpt>
<trkpt lat="30.66708660769338" lon="104.0058180664694"><ele>487</ele><time>2025-08-27T13:09:13.000Z</time></trkpt>
<trkpt lat="30.66720222406614" lon="104.0058332282361"><ele>487</ele><time>2025-08-27T13:09:15.000Z</time></trkpt>
<trkpt lat="30.66732194264205" lon="104.0058475793934"><ele>487</ele><time>2025-08-27T13:09:17.000Z</time></trkpt>
<trkpt lat="30.66743404711957" lon="104.0058837222429"><ele>487</ele><time>2025-08-27T13:09:19.000Z</time></trkpt>
<trkpt lat="30.66752866069958" lon="104.0059629172458"><ele>487</ele><time>2025-08-27T13:09:21.000Z</time></trkpt>
<trkpt lat="30.66764065895845" lon="104.0059967051174"><ele>486</ele><time>2025-08-27T13:09:23.000Z</time></trkpt>
<trkpt lat="30.66775608249627" lon="104.0060022389906"><ele>486</ele><time>2025-08-27T13:09:25.000Z</time></trkpt>
<trkpt lat="30.66787394827097" lon="104.0059738410823"><ele>486</ele><time>2025-08-27T13:09:27.000Z</time></trkpt>
<trkpt lat="30.6679863212787" lon="104.0059883364434"><ele>486</ele><time>2025-08-27T13:09:29.000Z</time></trkpt>
<trkpt lat="30.66811627666146" lon="104.00602217725"><ele>485</ele><time>2025-08-27T13:09:31.000Z</time></trkpt>
<trkpt lat="30.66824491310488" lon="104.0060350362911"><ele>485</ele><time>2025-08-27T13:09:33.000Z</time></trkpt>
<trkpt lat="30.66836739840966" lon="104.0060694664213"><ele>485</ele><time>2025-08-27T13:09:35.000Z</time></trkpt>
<trkpt lat="30.66849386410517" lon="104.0060851709688"><ele>484</ele><time>2025-08-27T13:09:37.000Z</time></trkpt>
<trkpt lat="30.6686156231396" lon="104.0061054610683"><ele>484</ele><time>2025-08-27T13:09:39.000Z</time></trkpt>
<trkpt lat="30.66874321821845" lon="104.0061459714269"><ele>484</ele><time>2025-08-27T13:09:41.000Z</time></trkpt>
<trkpt lat="30.66886900435423" lon="104.0061796804542"><ele>484</ele><time>2025-08-27T13:09:43.000Z</time></trkpt>
<trkpt lat="30.66898561609883" lon="104.0062063665458"><ele>484</ele><time>2025-08-27T13:09:45.000Z</time></trkpt>
<trkpt lat="30.66911547228167" lon="104.0062333961832"><ele>484</ele><time>2025-08-27T13:09:47.000Z</time></trkpt>
<trkpt lat="30.66923620228563" lon="104.0062555931604"><ele>484</ele><time>2025-08-27T13:09:49.000Z</time></trkpt>
<trkpt lat="30.66936082278857" lon="104.0062709278319"><ele>483</ele><time>2025-08-27T13:09:51.000Z</time></trkpt>
<trkpt lat="30.66948832033546" lon="104.0062917284986"><ele>482</ele><time>2025-08-27T13:09:53.000Z</time></trkpt>
<trkpt lat="30.66961867289023" lon="104.0063115455515"><ele>482</ele><time>2025-08-27T13:09:55.000Z</time></trkpt>
<trkpt lat="30.66974574531752" lon="104.0063340223471"><ele>482</ele><time>2025-08-27T13:09:57.000Z</time></trkpt>
<trkpt lat="30.66986801989895" lon="104.006357952651"><ele>482</ele><time>2025-08-27T13:09:59.000Z</time></trkpt>
<trkpt lat="30.66999350742949" lon="104.006383212542"><ele>482</ele><time>2025-08-27T13:10:01.000Z</time></trkpt>
<trkpt lat="30.67012249073614" lon="104.0064149635391"><ele>483</ele><time>2025-08-27T13:10:03.000Z</time></trkpt>
<trkpt lat="30.67024422068901" lon="104.0064432942332"><ele>483</ele><time>2025-08-27T13:10:05.000Z</time></trkpt>
<trkpt lat="30.67037125110403" lon="104.0064744838286"><ele>483</ele><time>2025-08-27T13:10:07.000Z</time></trkpt>
<trkpt lat="30.67049609019994" lon="104.0064941349408"><ele>483</ele><time>2025-08-27T13:10:09.000Z</time></trkpt>
<trkpt lat="30.67061310094456" lon="104.0065178421145"><ele>484</ele><time>2025-08-27T13:10:11.000Z</time></trkpt>
<trkpt lat="30.6707302110532" lon="104.0065383693634"><ele>484</ele><time>2025-08-27T13:10:13.000Z</time></trkpt>
<trkpt lat="30.67085148607975" lon="104.006567340256"><ele>485</ele><time>2025-08-27T13:10:15.000Z</time></trkpt>
<trkpt lat="30.67096332975807" lon="104.0065938321187"><ele>485</ele><time>2025-08-27T13:10:17.000Z</time></trkpt>
<trkpt lat="30.67107582553212" lon="104.0066246275371"><ele>485</ele><time>2025-08-27T13:10:19.000Z</time></trkpt>
<trkpt lat="30.67119234314047" lon="104.0066280044983"><ele>485</ele><time>2025-08-27T13:10:21.000Z</time></trkpt>
<trkpt lat="30.67129933205699" lon="104.0066656970539"><ele>484</ele><time>2025-08-27T13:10:23.000Z</time></trkpt>
<trkpt lat="30.67144834016375" lon="104.0066677374176"><ele>484</ele><time>2025-08-27T13:10:25.000Z</time></trkpt>
<trkpt lat="30.67158666096597" lon="104.0066503742391"><ele>483</ele><time>2025-08-27T13:10:27.000Z</time></trkpt>
<trkpt lat="30.67171601411814" lon="104.0066630760405"><ele>484</ele><time>2025-08-27T13:10:29.000Z</time></trkpt>
<trkpt lat="30.6718384046457" lon="104.0067026791364"><ele>484</ele><time>2025-08-27T13:10:31.000Z</time></trkpt>
<trkpt lat="30.67196375445255" lon="104.0067220617995"><ele>484</ele><time>2025-08-27T13:10:33.000Z</time></trkpt>
<trkpt lat="30.67208243032564" lon="104.0067464922414"><ele>483</ele><time>2025-08-27T13:10:35.000Z</time></trkpt>
<trkpt lat="30.67219920732546" lon="104.0067842212165"><ele>484</ele><time>2025-08-27T13:10:37.000Z</time></trkpt>
<trkpt lat="30.67231400994775" lon="104.00682755475"><ele>484</ele><time>2025-08-27T13:10:39.000Z</time></trkpt>
<trkpt lat="30.6724267564075" lon="104.0068505702217"><ele>483</ele><time>2025-08-27T13:10:41.000Z</time></trkpt>
<trkpt lat="30.67253379672488" lon="104.0068917498209"><ele>483</ele><time>2025-08-27T13:10:43.000Z</time></trkpt>
<trkpt lat="30.67263657842584" lon="104.006928670846"><ele>481</ele><time>2025-08-27T13:10:45.000Z</time></trkpt>
<trkpt lat="30.67275657889558" lon="104.006981957118"><ele>481</ele><time>2025-08-27T13:10:47.000Z</time></trkpt>
<trkpt lat="30.67287397103289" lon="104.0070299013484"><ele>481</ele><time>2025-08-27T13:10:49.000Z</time></trkpt>
<trkpt lat="30.67299455753723" lon="104.0070587206317"><ele>481</ele><time>2025-08-27T13:10:51.000Z</time></trkpt>
<trkpt lat="30.67310985463062" lon="104.0071012527956"><ele>481</ele><time>2025-08-27T13:10:53.000Z</time></trkpt>
<trkpt lat="30.67322132993732" lon="104.007150646702"><ele>481</ele><time>2025-08-27T13:10:55.000Z</time></trkpt>
<trkpt lat="30.67333594464279" lon="104.0071846391802"><ele>482</ele><time>2025-08-27T13:10:57.000Z</time></trkpt>
<trkpt lat="30.67345372174645" lon="104.0072219738837"><ele>482</ele><time>2025-08-27T13:10:59.000Z</time></trkpt>
<trkpt lat="30.67356782202921" lon="104.0072619065412"><ele>482</ele><time>2025-08-27T13:11:01.000Z</time></trkpt>
<trkpt lat="30.67368460103104" lon="104.007300241931"><ele>482</ele><time>2025-08-27T13:11:03.000Z</time></trkpt>
<trkpt lat="30.67379737215866" lon="104.0073501714087"><ele>482</ele><time>2025-08-27T13:11:05.000Z</time></trkpt>
<trkpt lat="30.67391614177781" lon="104.0073777004866"><ele>482</ele><time>2025-08-27T13:11:07.000Z</time></trkpt>
<trkpt lat="30.67402290584091" lon="104.00740380577"><ele>482</ele><time>2025-08-27T13:11:09.000Z</time></trkpt>
<trkpt lat="30.67413233575369" lon="104.0074345565593"><ele>481</ele><time>2025-08-27T13:11:11.000Z</time></trkpt>
<trkpt lat="30.67424185679694" lon="104.007457681618"><ele>481</ele><time>2025-08-27T13:11:13.000Z</time></trkpt>
<trkpt lat="30.67433673651987" lon="104.0074709925279"><ele>481</ele><time>2025-08-27T13:11:16.000Z</time></trkpt>
<trkpt lat="30.67445395466556" lon="104.0075178914953"><ele>481</ele><time>2025-08-27T13:11:19.000Z</time></trkpt>
<trkpt lat="30.67454528682444" lon="104.0075365857005"><ele>481</ele><time>2025-08-27T13:12:01.000Z</time></trkpt>
<trkpt lat="30.67465333412996" lon="104.0075627570443"><ele>481</ele><time>2025-08-27T13:12:04.000Z</time></trkpt>
<trkpt lat="30.67474576331375" lon="104.0076226977644"><ele>481</ele><time>2025-08-27T13:12:07.000Z</time></trkpt>
<trkpt lat="30.67481429834493" lon="104.0077204169135"><ele>482</ele><time>2025-08-27T13:12:10.000Z</time></trkpt>
<trkpt lat="30.6749391253846" lon="104.007701731872"><ele>482</ele><time>2025-08-27T13:12:13.000Z</time></trkpt>
<trkpt lat="30.67510600166652" lon="104.0076217383919"><ele>483</ele><time>2025-08-27T13:12:15.000Z</time></trkpt>
<trkpt lat="30.67525464060621" lon="104.0076340407048"><ele>483</ele><time>2025-08-27T13:12:17.000Z</time></trkpt>
<trkpt lat="30.67534964133081" lon="104.0076867482748"><ele>484</ele><time>2025-08-27T13:12:19.000Z</time></trkpt>
<trkpt lat="30.67548126119712" lon="104.0077059528849"><ele>483</ele><time>2025-08-27T13:12:21.000Z</time></trkpt>
<trkpt lat="30.67562158869902" lon="104.0077146625717"><ele>484</ele><time>2025-08-27T13:12:23.000Z</time></trkpt>
<trkpt lat="30.67573331618586" lon="104.0077624629665"><ele>484</ele><time>2025-08-27T13:12:25.000Z</time></trkpt>
<trkpt lat="30.67584236430225" lon="104.0077757052355"><ele>483</ele><time>2025-08-27T13:12:27.000Z</time></trkpt>
<trkpt lat="30.6759766106094" lon="104.007800415216"><ele>483</ele><time>2025-08-27T13:12:29.000Z</time></trkpt>
<trkpt lat="30.6760858221885" lon="104.007812849337"><ele>483</ele><time>2025-08-27T13:12:31.000Z</time></trkpt>
<trkpt lat="30.67619738583704" lon="104.0078276286538"><ele>483</ele><time>2025-08-27T13:12:33.000Z</time></trkpt>
<trkpt lat="30.67632012812205" lon="104.0078566335778"><ele>483</ele><time>2025-08-27T13:12:35.000Z</time></trkpt>
<trkpt lat="30.6764272718705" lon="104.0078727375386"><ele>482</ele><time>2025-08-27T13:12:37.000Z</time></trkpt>
<trkpt lat="30.67652841543018" lon="104.007886016839"><ele>483</ele><time>2025-08-27T13:12:39.000Z</time></trkpt>
<trkpt lat="30.6766311814175" lon="104.0079153527711"><ele>483</ele><time>2025-08-27T13:12:45.000Z</time></trkpt>
<trkpt lat="30.67673925038687" lon="104.0079310289276"><ele>483</ele><time>2025-08-27T13:12:48.000Z</time></trkpt>
<trkpt lat="30.67684446828603" lon="104.0080239397559"><ele>483</ele><time>2025-08-27T13:12:50.000Z</time></trkpt>
<trkpt lat="30.67692330611746" lon="104.0080779924674"><ele>483</ele><time>2025-08-27T13:12:52.000Z</time></trkpt>
<trkpt lat="30.67700818373634" lon="104.00813595999"><ele>484</ele><time>2025-08-27T13:12:55.000Z</time></trkpt>
<trkpt lat="30.67710560817618" lon="104.0081941758359"><ele>485</ele><time>2025-08-27T13:12:58.000Z</time></trkpt>
<trkpt lat="30.67719060661147" lon="104.0082713898241"><ele>486</ele><time>2025-08-27T13:13:02.000Z</time></trkpt>
<trkpt lat="30.67726159568658" lon="104.0083612890025"><ele>486</ele><time>2025-08-27T13:13:07.000Z</time></trkpt>
<trkpt lat="30.67732201816423" lon="104.0084634477842"><ele>486</ele><time>2025-08-27T13:13:12.000Z</time></trkpt>
<trkpt lat="30.67739139744386" lon="104.0085358323376"><ele>487</ele><time>2025-08-27T13:13:17.000Z</time></trkpt>
<trkpt lat="30.67752486201372" lon="104.0084246237488"><ele>487</ele><time>2025-08-27T13:13:23.000Z</time></trkpt>
<trkpt lat="30.67766934351178" lon="104.0083654439746"><ele>487</ele><time>2025-08-27T13:13:25.000Z</time></trkpt>
<trkpt lat="30.67775965449789" lon="104.008311676637"><ele>486</ele><time>2025-08-27T13:13:27.000Z</time></trkpt>
<trkpt lat="30.67785998660437" lon="104.0082537978678"><ele>486</ele><time>2025-08-27T13:13:29.000Z</time></trkpt>
<trkpt lat="30.67796493534196" lon="104.0082839800476"><ele>486</ele><time>2025-08-27T13:13:32.000Z</time></trkpt>
<trkpt lat="30.67803100257103" lon="104.008378494167"><ele>487</ele><time>2025-08-27T13:13:34.000Z</time></trkpt>
<trkpt lat="30.67960174609961" lon="104.0101624225301"><ele>486</ele><time>2025-08-27T13:13:46.000Z</time></trkpt>
<trkpt lat="30.67971133661786" lon="104.010240793062"><ele>486</ele><time>2025-08-27T13:13:48.000Z</time></trkpt>
<trkpt lat="30.67981452911732" lon="104.0103229458951"><ele>488</ele><time>2025-08-27T13:13:50.000Z</time></trkpt>
<trkpt lat="30.6799137814686" lon="104.01039974619"><ele>487</ele><time>2025-08-27T13:13:52.000Z</time></trkpt>
<trkpt lat="30.68001659764261" lon="104.0104829932816"><ele>487</ele><time>2025-08-27T13:13:54.000Z</time></trkpt>
<trkpt lat="30.68012090928936" lon="104.0105610617903"><ele>487</ele><time>2025-08-27T13:13:56.000Z</time></trkpt>
<trkpt lat="30.68018171248324" lon="104.0106462958786"><ele>487</ele><time>2025-08-27T13:13:57.000Z</time></trkpt>
<trkpt lat="30.68027748142303" lon="104.0107042739269"><ele>486</ele><time>2025-08-27T13:13:59.000Z</time></trkpt>
<trkpt lat="30.68038153794387" lon="104.0107627540996"><ele>486</ele><time>2025-08-27T13:14:01.000Z</time></trkpt>
<trkpt lat="30.68048018573874" lon="104.0108413970583"><ele>484</ele><time>2025-08-27T13:14:03.000Z</time></trkpt>
<trkpt lat="30.68059666481615" lon="104.010907504899"><ele>485</ele><time>2025-08-27T13:14:05.000Z</time></trkpt>
<trkpt lat="30.68072299944264" lon="104.0109541897966"><ele>484</ele><time>2025-08-27T13:14:07.000Z</time></trkpt>
<trkpt lat="30.68080419659119" lon="104.0110234210183"><ele>484</ele><time>2025-08-27T13:14:10.000Z</time></trkpt>
<trkpt lat="30.68091836837867" lon="104.0111236117954"><ele>484</ele><time>2025-08-27T13:14:14.000Z</time></trkpt>
<trkpt lat="30.68100119147633" lon="104.0112216162184"><ele>484</ele><time>2025-08-27T13:14:16.000Z</time></trkpt>
<trkpt lat="30.68105136908424" lon="104.0113621010496"><ele>484</ele><time>2025-08-27T13:14:18.000Z</time></trkpt>
<trkpt lat="30.6810707101158" lon="104.0114665614669"><ele>483</ele><time>2025-08-27T13:14:20.000Z</time></trkpt>
<trkpt lat="30.68123776480341" lon="104.011502870289"><ele>483</ele><time>2025-08-27T13:14:22.000Z</time></trkpt>
<trkpt lat="30.68136408500815" lon="104.0115789251073"><ele>483</ele><time>2025-08-27T13:14:24.000Z</time></trkpt>
<trkpt lat="30.6814832814552" lon="104.0116539106602"><ele>483</ele><time>2025-08-27T13:14:26.000Z</time></trkpt>
<trkpt lat="30.68160748660645" lon="104.0117079032871"><ele>483</ele><time>2025-08-27T13:14:28.000Z</time></trkpt>
<trkpt lat="30.68171835392613" lon="104.0117663759325"><ele>483</ele><time>2025-08-27T13:14:30.000Z</time></trkpt>
<trkpt lat="30.68186330803034" lon="104.0118258649982"><ele>481</ele><time>2025-08-27T13:14:32.000Z</time></trkpt>
<trkpt lat="30.68198598885835" lon="104.0118912539227"><ele>482</ele><time>2025-08-27T13:14:34.000Z</time></trkpt>
<trkpt lat="30.68210296963013" lon="104.0119679946832"><ele>481</ele><time>2025-08-27T13:14:36.000Z</time></trkpt>
<trkpt lat="30.68220553865121" lon="104.0120288592856"><ele>481</ele><time>2025-08-27T13:14:38.000Z</time></trkpt>
<trkpt lat="30.68229888305508" lon="104.0121021624831"><ele>481</ele><time>2025-08-27T13:14:40.000Z</time></trkpt>
<trkpt lat="30.68237724916412" lon="104.0122513361357"><ele>482</ele><time>2025-08-27T13:14:42.000Z</time></trkpt>
<trkpt lat="30.68246237486668" lon="104.0123259076267"><ele>483</ele><time>2025-08-27T13:14:44.000Z</time></trkpt>
<trkpt lat="30.68258079485773" lon="104.0123054014967"><ele>484</ele><time>2025-08-27T13:14:47.000Z</time></trkpt>
<trkpt lat="30.68267173500235" lon="104.0123569348296"><ele>484</ele><time>2025-08-27T13:14:51.000Z</time></trkpt>
<trkpt lat="30.68277437960086" lon="104.0124756093516"><ele>484</ele><time>2025-08-27T13:14:53.000Z</time></trkpt>
<trkpt lat="30.6828597579117" lon="104.0127045348454"><ele>484</ele><time>2025-08-27T13:14:55.000Z</time></trkpt>
<trkpt lat="30.68290467127192" lon="104.0128359231017"><ele>485</ele><time>2025-08-27T13:14:57.000Z</time></trkpt>
<trkpt lat="30.68292543038006" lon="104.0129377122492"><ele>486</ele><time>2025-08-27T13:15:01.000Z</time></trkpt>
<trkpt lat="30.68300341735505" lon="104.0130084208383"><ele>485</ele><time>2025-08-27T13:15:21.000Z</time></trkpt>
<trkpt lat="30.68311792034359" lon="104.0130698453363"><ele>484</ele><time>2025-08-27T13:15:24.000Z</time></trkpt>
<trkpt lat="30.68321822904934" lon="104.0131089390285"><ele>485</ele><time>2025-08-27T13:15:26.000Z</time></trkpt>
<trkpt lat="30.68334215292543" lon="104.0131569718952"><ele>485</ele><time>2025-08-27T13:15:28.000Z</time></trkpt>
<trkpt lat="30.68345262144478" lon="104.0132239407931"><ele>485</ele><time>2025-08-27T13:15:30.000Z</time></trkpt>
<trkpt lat="30.6835607539266" lon="104.0132977464471"><ele>486</ele><time>2025-08-27T13:15:32.000Z</time></trkpt>
<trkpt lat="30.68368404185336" lon="104.0133401798752"><ele>485</ele><time>2025-08-27T13:15:34.000Z</time></trkpt>
<trkpt lat="30.683795880382" lon="104.013418040626"><ele>485</ele><time>2025-08-27T13:15:36.000Z</time></trkpt>
<trkpt lat="30.68390420110791" lon="104.0134701757288"><ele>484</ele><time>2025-08-27T13:15:38.000Z</time></trkpt>
<trkpt lat="30.68402863266125" lon="104.0133512519674"><ele>484</ele><time>2025-08-27T13:15:39.000Z</time></trkpt>
<trkpt lat="30.68414759625782" lon="104.0134312163334"><ele>483</ele><time>2025-08-27T13:15:41.000Z</time></trkpt>
<trkpt lat="30.68426300539836" lon="104.0135087376195"><ele>484</ele><time>2025-08-27T13:15:43.000Z</time></trkpt>
<trkpt lat="30.68425027021463" lon="104.0136799764953"><ele>485</ele><time>2025-08-27T13:15:44.000Z</time></trkpt>
<trkpt lat="30.6843592671274" lon="104.0137470365736"><ele>486</ele><time>2025-08-27T13:15:46.000Z</time></trkpt>
<trkpt lat="30.68446309731985" lon="104.0138276584763"><ele>486</ele><time>2025-08-27T13:15:48.000Z</time></trkpt>
<trkpt lat="30.68456180017677" lon="104.0139013904303"><ele>486</ele><time>2025-08-27T13:15:50.000Z</time></trkpt>
<trkpt lat="30.68466974744518" lon="104.0139823092939"><ele>487</ele><time>2025-08-27T13:15:52.000Z</time></trkpt>
<trkpt lat="30.68478157397951" lon="104.0140505075117"><ele>486</ele><time>2025-08-27T13:15:54.000Z</time></trkpt>
<trkpt lat="30.68488771385713" lon="104.0141322127474"><ele>486</ele><time>2025-08-27T13:15:56.000Z</time></trkpt>
<trkpt lat="30.68500133584301" lon="104.0142013222277"><ele>486</ele><time>2025-08-27T13:15:58.000Z</time></trkpt>
<trkpt lat="30.68511877818238" lon="104.0142686928781"><ele>486</ele><time>2025-08-27T13:16:00.000Z</time></trkpt>
<trkpt lat="30.68522581723846" lon="104.01433733128"><ele>485</ele><time>2025-08-27T13:16:02.000Z</time></trkpt>
<trkpt lat="30.6853309102026" lon="104.0144185005397"><ele>485</ele><time>2025-08-27T13:16:04.000Z</time></trkpt>
<trkpt lat="30.68544935604653" lon="104.0144951025694"><ele>485</ele><time>2025-08-27T13:16:06.000Z</time></trkpt>
<trkpt lat="30.68555240819301" lon="104.014560885113"><ele>484</ele><time>2025-08-27T13:16:08.000Z</time></trkpt>
<trkpt lat="30.68566000822282" lon="104.0146413694251"><ele>484</ele><time>2025-08-27T13:16:10.000Z</time></trkpt>
<trkpt lat="30.68577337919698" lon="104.0147225205361"><ele>484</ele><time>2025-08-27T13:16:12.000Z</time></trkpt>
<trkpt lat="30.68588064410137" lon="104.0148153952037"><ele>484</ele><time>2025-08-27T13:16:14.000Z</time></trkpt>
<trkpt lat="30.68598873175301" lon="104.014912540959"><ele>485</ele><time>2025-08-27T13:16:16.000Z</time></trkpt>
<trkpt lat="30.68609312400844" lon="104.0149955503306"><ele>486</ele><time>2025-08-27T13:16:18.000Z</time></trkpt>
<trkpt lat="30.68620096826188" lon="104.0150627256318"><ele>487</ele><time>2025-08-27T13:16:20.000Z</time></trkpt>
<trkpt lat="30.68631855214414" lon="104.0151357170515"><ele>488</ele><time>2025-08-27T13:16:22.000Z</time></trkpt>
<trkpt lat="30.68619679625469" lon="104.0150469916968"><ele>488</ele><time>2025-08-27T13:16:23.000Z</time></trkpt>
<trkpt lat="30.68624262386596" lon="104.0151689752465"><ele>489</ele><time>2025-08-27T13:16:25.000Z</time></trkpt>
<trkpt lat="30.68640431560232" lon="104.0151636351303"><ele>489</ele><time>2025-08-27T13:16:27.000Z</time></trkpt>
<trkpt lat="30.68651117199254" lon="104.0151824858861"><ele>490</ele><time>2025-08-27T13:16:31.000Z</time></trkpt>
<trkpt lat="30.68662993377332" lon="104.0151524613792"><ele>490</ele><time>2025-08-27T13:16:34.000Z</time></trkpt>
<trkpt lat="30.68671843363505" lon="104.015281140154"><ele>490</ele><time>2025-08-27T13:16:37.000Z</time></trkpt>
<trkpt lat="30.68674267809588" lon="104.0155096375295"><ele>490</ele><time>2025-08-27T13:16:38.000Z</time></trkpt>
<trkpt lat="30.68685026999572" lon="104.0155117420577"><ele>490</ele><time>2025-08-27T13:16:40.000Z</time></trkpt>
<trkpt lat="30.68693644946637" lon="104.0155588353376"><ele>490</ele><time>2025-08-27T13:16:43.000Z</time></trkpt>
<trkpt lat="30.68698704751614" lon="104.0156526095193"><ele>489</ele><time>2025-08-27T13:17:00.000Z</time></trkpt>
<trkpt lat="30.68706271537214" lon="104.0157249410775"><ele>489</ele><time>2025-08-27T13:17:45.000Z</time></trkpt>
<trkpt lat="30.68715446334957" lon="104.0157624451234"><ele>489</ele><time>2025-08-27T13:17:48.000Z</time></trkpt>
<trkpt lat="30.68726796013538" lon="104.0157939475147"><ele>489</ele><time>2025-08-27T13:17:51.000Z</time></trkpt>
<trkpt lat="30.68735874301176" lon="104.0158199919821"><ele>489</ele><time>2025-08-27T13:17:53.000Z</time></trkpt>
<trkpt lat="30.68743896314855" lon="104.0158845850085"><ele>489</ele><time>2025-08-27T13:17:55.000Z</time></trkpt>
<trkpt lat="30.68752518192866" lon="104.0159704291532"><ele>489</ele><time>2025-08-27T13:17:57.000Z</time></trkpt>
<trkpt lat="30.68761845651585" lon="104.0160432591055"><ele>488</ele><time>2025-08-27T13:17:59.000Z</time></trkpt>
<trkpt lat="30.68772497250371" lon="104.0159418743707"><ele>488</ele><time>2025-08-27T13:18:00.000Z</time></trkpt>
<trkpt lat="30.68782330973512" lon="104.0160128334754"><ele>488</ele><time>2025-08-27T13:18:02.000Z</time></trkpt>
<trkpt lat="30.68786875433328" lon="104.0162273128881"><ele>488</ele><time>2025-08-27T13:18:04.000Z</time></trkpt>
<trkpt lat="30.68798783290892" lon="104.0162866516182"><ele>487</ele><time>2025-08-27T13:18:06.000Z</time></trkpt>
<trkpt lat="30.68808437128486" lon="104.0163461221671"><ele>487</ele><time>2025-08-27T13:18:08.000Z</time></trkpt>
<trkpt lat="30.6881843955" lon="104.0164091978162"><ele>487</ele><time>2025-08-27T13:18:10.000Z</time></trkpt>
<trkpt lat="30.68829714674232" lon="104.0164819932067"><ele>487</ele><time>2025-08-27T13:18:12.000Z</time></trkpt>
<trkpt lat="30.68838915324702" lon="104.0165588282143"><ele>486</ele><time>2025-08-27T13:18:14.000Z</time></trkpt>
<trkpt lat="30.68847150526924" lon="104.016616740238"><ele>486</ele><time>2025-08-27T13:18:16.000Z</time></trkpt>
<trkpt lat="30.68855849258217" lon="104.0166966604928"><ele>486</ele><time>2025-08-27T13:18:22.000Z</time></trkpt>
<trkpt lat="30.68864755829368" lon="104.0166785567419"><ele>486</ele><time>2025-08-27T13:18:25.000Z</time></trkpt>
<trkpt lat="30.68866916034994" lon="104.0167796681959"><ele>486</ele><time>2025-08-27T13:18:27.000Z</time></trkpt>
<trkpt lat="30.68873707604165" lon="104.0168563868093"><ele>486</ele><time>2025-08-27T13:18:30.000Z</time></trkpt>
<trkpt lat="30.6888483194545" lon="104.0167884762782"><ele>486</ele><time>2025-08-27T13:18:32.000Z</time></trkpt>
<trkpt lat="30.68895611513354" lon="104.0168084653875"><ele>486</ele><time>2025-08-27T13:18:35.000Z</time></trkpt>
<trkpt lat="30.68905998441136" lon="104.0167820395881"><ele>485</ele><time>2025-08-27T13:18:38.000Z</time></trkpt>
<trkpt lat="30.68914182356146" lon="104.0167265217916"><ele>486</ele><time>2025-08-27T13:18:42.000Z</time></trkpt>
<trkpt lat="30.68923437450474" lon="104.0166993063119"><ele>486</ele><time>2025-08-27T13:18:47.000Z</time></trkpt>
<trkpt lat="30.68934542099282" lon="104.0166991390458"><ele>485</ele><time>2025-08-27T13:18:52.000Z</time></trkpt>
<trkpt lat="30.68945101586927" lon="104.0167298393496"><ele>485</ele><time>2025-08-27T13:18:57.000Z</time></trkpt>
<trkpt lat="30.68952600893024" lon="104.0169873193929"><ele>486</ele><time>2025-08-27T13:19:00.000Z</time></trkpt>
<trkpt lat="30.68955153789954" lon="104.017352722702"><ele>485</ele><time>2025-08-27T13:19:02.000Z</time></trkpt>
<trkpt lat="30.6896271926504" lon="104.0174557033299"><ele>485</ele><time>2025-08-27T13:19:05.000Z</time></trkpt>
<trkpt lat="30.68971989476093" lon="104.0175160033078"><ele>484</ele><time>2025-08-27T13:19:09.000Z</time></trkpt>
<trkpt lat="30.68981743489152" lon="104.0176019744074"><ele>484</ele><time>2025-08-27T13:19:13.000Z</time></trkpt>
<trkpt lat="30.6899101131617" lon="104.0177075087981"><ele>483</ele><time>2025-08-27T13:19:15.000Z</time></trkpt>
<trkpt lat="30.68999694396545" lon="104.0177858797111"><ele>483</ele><time>2025-08-27T13:19:17.000Z</time></trkpt>
<trkpt lat="30.69008637862612" lon="104.0178772773214"><ele>483</ele><time>2025-08-27T13:19:20.000Z</time></trkpt>
<trkpt lat="30.69217944890157" lon="104.0195248756412"><ele>483</ele><time>2025-08-27T13:19:31.000Z</time></trkpt>
<trkpt lat="30.69227372961099" lon="104.0196284187926"><ele>484</ele><time>2025-08-27T13:19:33.000Z</time></trkpt>
<trkpt lat="30.69235533776575" lon="104.0197402127085"><ele>484</ele><time>2025-08-27T13:19:35.000Z</time></trkpt>
<trkpt lat="30.69243418594711" lon="104.0198578171483"><ele>485</ele><time>2025-08-27T13:19:37.000Z</time></trkpt>
<trkpt lat="30.69252429305623" lon="104.0199695584346"><ele>485</ele><time>2025-08-27T13:19:39.000Z</time></trkpt>
<trkpt lat="30.691724282771" lon="104.0196343756135"><ele>486</ele><time>2025-08-27T13:19:51.000Z</time></trkpt>
<trkpt lat="30.69181454989477" lon="104.0197508250445"><ele>485</ele><time>2025-08-27T13:19:53.000Z</time></trkpt>
<trkpt lat="30.69192017632811" lon="104.019852034322"><ele>485</ele><time>2025-08-27T13:19:55.000Z</time></trkpt>
<trkpt lat="30.69200839073214" lon="104.0199158006097"><ele>486</ele><time>2025-08-27T13:19:56.000Z</time></trkpt>
<trkpt lat="30.69209471251058" lon="104.0200204921841"><ele>485</ele><time>2025-08-27T13:19:58.000Z</time></trkpt>
<trkpt lat="30.69226108154084" lon="104.0201590795598"><ele>484</ele><time>2025-08-27T13:20:00.000Z</time></trkpt>
<trkpt lat="30.69238414131759" lon="104.0202755270638"><ele>484</ele><time>2025-08-27T13:20:02.000Z</time></trkpt>
<trkpt lat="30.69253941425258" lon="104.0204043624903"><ele>484</ele><time>2025-08-27T13:20:04.000Z</time></trkpt>
<trkpt lat="30.69263519756318" lon="104.0204885632526"><ele>484</ele><time>2025-08-27T13:20:05.000Z</time></trkpt>
<trkpt lat="30.69274610844461" lon="104.0206034990137"><ele>484</ele><time>2025-08-27T13:20:07.000Z</time></trkpt>
<trkpt lat="30.69286676033883" lon="104.0207291713628"><ele>484</ele><time>2025-08-27T13:20:09.000Z</time></trkpt>
<trkpt lat="30.69295474559366" lon="104.020807628503"><ele>483</ele><time>2025-08-27T13:20:10.000Z</time></trkpt>
<trkpt lat="30.69303694113145" lon="104.020879203342"><ele>484</ele><time>2025-08-27T13:20:11.000Z</time></trkpt>
<trkpt lat="30.69311900815856" lon="104.0209557009503"><ele>483</ele><time>2025-08-27T13:20:12.000Z</time></trkpt>
<trkpt lat="30.69318793013134" lon="104.0210339639793"><ele>483</ele><time>2025-08-27T13:20:13.000Z</time></trkpt>
<trkpt lat="30.69331911102105" lon="104.0211663618095"><ele>482</ele><time>2025-08-27T13:20:15.000Z</time></trkpt>
<trkpt lat="30.69340749338654" lon="104.0212329296265"><ele>482</ele><time>2025-08-27T13:20:16.000Z</time></trkpt>
<trkpt lat="30.69348483006943" lon="104.0213069921825"><ele>481</ele><time>2025-08-27T13:20:17.000Z</time></trkpt>
<trkpt lat="30.69356148304827" lon="104.0213682302395"><ele>480</ele><time>2025-08-27T13:20:18.000Z</time></trkpt>
<trkpt lat="30.69365753830027" lon="104.0214266498675"><ele>480</ele><time>2025-08-27T13:20:19.000Z</time></trkpt>
<trkpt lat="30.69373051063394" lon="104.0214948801841"><ele>479</ele><time>2025-08-27T13:20:20.000Z</time></trkpt>
<trkpt lat="30.69386454461074" lon="104.0216118052357"><ele>479</ele><time>2025-08-27T13:20:22.000Z</time></trkpt>
<trkpt lat="30.69399407779992" lon="104.0217380757603"><ele>479</ele><time>2025-08-27T13:20:24.000Z</time></trkpt>
<trkpt lat="30.69412889092934" lon="104.0218809898891"><ele>479</ele><time>2025-08-27T13:20:26.000Z</time></trkpt>
<trkpt lat="30.69420118398242" lon="104.0219546761407"><ele>479</ele><time>2025-08-27T13:20:27.000Z</time></trkpt>
<trkpt lat="30.69431361421196" lon="104.0220853318527"><ele>479</ele><time>2025-08-27T13:20:29.000Z</time></trkpt>
<trkpt lat="30.69442084890956" lon="104.0221739968461"><ele>479</ele><time>2025-08-27T13:20:31.000Z</time></trkpt>
<trkpt lat="30.69450788528531" lon="104.0222621562411"><ele>479</ele><time>2025-08-27T13:20:33.000Z</time></trkpt>
<trkpt lat="30.69459433723242" lon="104.0223500573501"><ele>479</ele><time>2025-08-27T13:20:35.000Z</time></trkpt>
<trkpt lat="30.69468351128344" lon="104.022438298629"><ele>479</ele><time>2025-08-27T13:20:37.000Z</time></trkpt>
<trkpt lat="30.69473830021975" lon="104.0225209460518"><ele>479</ele><time>2025-08-27T13:20:39.000Z</time></trkpt>
<trkpt lat="30.69484311501391" lon="104.0226213844539"><ele>479</ele><time>2025-08-27T13:20:41.000Z</time></trkpt>
<trkpt lat="30.69491506000004" lon="104.0227253218881"><ele>479</ele><time>2025-08-27T13:20:43.000Z</time></trkpt>
<trkpt lat="30.69498046260499" lon="104.0228254664502"><ele>479</ele><time>2025-08-27T13:20:45.000Z</time></trkpt>
<trkpt lat="30.69506509383173" lon="104.0229172265622"><ele>480</ele><time>2025-08-27T13:20:47.000Z</time></trkpt>
<trkpt lat="30.69515648858337" lon="104.0230151231461"><ele>479</ele><time>2025-08-27T13:20:49.000Z</time></trkpt>
<trkpt lat="30.69524378571076" lon="104.0230956998673"><ele>479</ele><time>2025-08-27T13:20:51.000Z</time></trkpt>
<trkpt lat="30.69532847071923" lon="104.0231819212219"><ele>479</ele><time>2025-08-27T13:20:53.000Z</time></trkpt>
<trkpt lat="30.69541797570956" lon="104.0232598522345"><ele>479</ele><time>2025-08-27T13:20:55.000Z</time></trkpt>
<trkpt lat="30.69549418037138" lon="104.0233537598971"><ele>480</ele><time>2025-08-27T13:20:57.000Z</time></trkpt>
<trkpt lat="30.69555779878006" lon="104.0234748559815"><ele>480</ele><time>2025-08-27T13:20:59.000Z</time></trkpt>
<trkpt lat="30.69562559036254" lon="104.0235759935598"><ele>480</ele><time>2025-08-27T13:21:01.000Z</time></trkpt>
<trkpt lat="30.69570939837928" lon="104.0236770820916"><ele>480</ele><time>2025-08-27T13:21:03.000Z</time></trkpt>
<trkpt lat="30.69578171085472" lon="104.023788833654"><ele>480</ele><time>2025-08-27T13:21:05.000Z</time></trkpt>
<trkpt lat="30.69585690679301" lon="104.0238910100661"><ele>481</ele><time>2025-08-27T13:21:07.000Z</time></trkpt>
<trkpt lat="30.69593153184046" lon="104.0240063502015"><ele>480</ele><time>2025-08-27T13:21:09.000Z</time></trkpt>
<trkpt lat="30.69600156991535" lon="104.0241295558296"><ele>480</ele><time>2025-08-27T13:21:11.000Z</time></trkpt>
<trkpt lat="30.69607895053733" lon="104.0242307635769"><ele>481</ele><time>2025-08-27T13:21:13.000Z</time></trkpt>
<trkpt lat="30.69615443975284" lon="104.024348986706"><ele>483</ele><time>2025-08-27T13:21:15.000Z</time></trkpt>
<trkpt lat="30.69622378582204" lon="104.024477290455"><ele>484</ele><time>2025-08-27T13:21:17.000Z</time></trkpt>
<trkpt lat="30.69629952282938" lon="104.0246090986112"><ele>485</ele><time>2025-08-27T13:21:19.000Z</time></trkpt>
<trkpt lat="30.69640610485353" lon="104.0247010865674"><ele>485</ele><time>2025-08-27T13:21:21.000Z</time></trkpt>
<trkpt lat="30.69648849752283" lon="104.0248216351971"><ele>483</ele><time>2025-08-27T13:21:23.000Z</time></trkpt>
<trkpt lat="30.69655280397935" lon="104.0249462661647"><ele>482</ele><time>2025-08-27T13:21:25.000Z</time></trkpt>
<trkpt lat="30.69662241115154" lon="104.0250557688145"><ele>481</ele><time>2025-08-27T13:21:27.000Z</time></trkpt>
<trkpt lat="30.69668271331627" lon="104.0251617773203"><ele>481</ele><time>2025-08-27T13:21:29.000Z</time></trkpt>
<trkpt lat="30.69677732576181" lon="104.0252562043138"><ele>481</ele><time>2025-08-27T13:21:31.000Z</time></trkpt>
<trkpt lat="30.69686906789276" lon="104.0253545144863"><ele>482</ele><time>2025-08-27T13:21:33.000Z</time></trkpt>
<trkpt lat="30.69693187905328" lon="104.0254702840679"><ele>481</ele><time>2025-08-27T13:21:35.000Z</time></trkpt>
<trkpt lat="30.69700146981618" lon="104.0255839189439"><ele>481</ele><time>2025-08-27T13:21:37.000Z</time></trkpt>
<trkpt lat="30.69708880984588" lon="104.0257003913984"><ele>482</ele><time>2025-08-27T13:21:39.000Z</time></trkpt>
<trkpt lat="30.69716178553801" lon="104.0258359547753"><ele>482</ele><time>2025-08-27T13:21:41.000Z</time></trkpt>
<trkpt lat="30.69722327601017" lon="104.0259667091053"><ele>482</ele><time>2025-08-27T13:21:43.000Z</time></trkpt>
<trkpt lat="30.69728555455606" lon="104.0261041895732"><ele>482</ele><time>2025-08-27T13:21:45.000Z</time></trkpt>
<trkpt lat="30.69733675577676" lon="104.026219368036"><ele>483</ele><time>2025-08-27T13:21:47.000Z</time></trkpt>
<trkpt lat="30.69740314420954" lon="104.026337545835"><ele>484</ele><time>2025-08-27T13:21:49.000Z</time></trkpt>
<trkpt lat="30.69749050269734" lon="104.0264668825814"><ele>485</ele><time>2025-08-27T13:21:51.000Z</time></trkpt>
<trkpt lat="30.69755801089155" lon="104.0266032363747"><ele>485</ele><time>2025-08-27T13:21:53.000Z</time></trkpt>
<trkpt lat="30.69760973566776" lon="104.0267428144094"><ele>484</ele><time>2025-08-27T13:21:55.000Z</time></trkpt>
<trkpt lat="30.6976931591319" lon="104.0268209192263"><ele>484</ele><time>2025-08-27T13:21:57.000Z</time></trkpt>
<trkpt lat="30.6977561344806" lon="104.0269326449951"><ele>484</ele><time>2025-08-27T13:21:59.000Z</time></trkpt>
<trkpt lat="30.69776990895586" lon="104.0270498966969"><ele>484</ele><time>2025-08-27T13:22:03.000Z</time></trkpt>
<trkpt lat="30.69779050960511" lon="104.0271572861152"><ele>484</ele><time>2025-08-27T13:22:06.000Z</time></trkpt>
<trkpt lat="30.69789630064104" lon="104.0272548508136"><ele>484</ele><time>2025-08-27T13:22:08.000Z</time></trkpt>
<trkpt lat="30.69794994165942" lon="104.0273399984688"><ele>483</ele><time>2025-08-27T13:22:09.000Z</time></trkpt>
<trkpt lat="30.69802573543613" lon="104.0274698886562"><ele>483</ele><time>2025-08-27T13:22:11.000Z</time></trkpt>
<trkpt lat="30.69804287013424" lon="104.0276017001153"><ele>483</ele><time>2025-08-27T13:22:15.000Z</time></trkpt>
<trkpt lat="30.69810485956016" lon="104.027678270739"><ele>473</ele><time>2025-08-27T13:22:28.000Z</time></trkpt>
<trkpt lat="30.69815382176964" lon="104.0277954008903"><ele>472</ele><time>2025-08-27T13:23:34.000Z</time></trkpt>
<trkpt lat="30.69821369938321" lon="104.0279222240868"><ele>472</ele><time>2025-08-27T13:23:37.000Z</time></trkpt>
<trkpt lat="30.69825527581915" lon="104.0280330481219"><ele>473</ele><time>2025-08-27T13:23:39.000Z</time></trkpt>
<trkpt lat="30.6983095160464" lon="104.0281362483179"><ele>474</ele><time>2025-08-27T13:23:41.000Z</time></trkpt>
<trkpt lat="30.69840890022547" lon="104.0281404410662"><ele>474</ele><time>2025-08-27T13:23:42.000Z</time></trkpt>
<trkpt lat="30.69846528227765" lon="104.0282565679844"><ele>476</ele><time>2025-08-27T13:23:44.000Z</time></trkpt>
<trkpt lat="30.698517222273" lon="104.0283635362808"><ele>477</ele><time>2025-08-27T13:23:46.000Z</time></trkpt>
<trkpt lat="30.69856406046299" lon="104.0284616053992"><ele>477</ele><time>2025-08-27T13:23:48.000Z</time></trkpt>
<trkpt lat="30.69862454685056" lon="104.0285716030646"><ele>478</ele><time>2025-08-27T13:23:50.000Z</time></trkpt>
<trkpt lat="30.69868164069603" lon="104.0286754329262"><ele>479</ele><time>2025-08-27T13:23:52.000Z</time></trkpt>
<trkpt lat="30.69859528575331" lon="104.0287629549575"><ele>479</ele><time>2025-08-27T13:23:53.000Z</time></trkpt>
<trkpt lat="30.69866729657781" lon="104.0288451192855"><ele>480</ele><time>2025-08-27T13:23:56.000Z</time></trkpt>
<trkpt lat="30.69872314851415" lon="104.0290451453064"><ele>480</ele><time>2025-08-27T13:23:58.000Z</time></trkpt>
<trkpt lat="30.6987988586879" lon="104.0291246251586"><ele>482</ele><time>2025-08-27T13:24:00.000Z</time></trkpt>
<trkpt lat="30.69888826500395" lon="104.0291953909207"><ele>482</ele><time>2025-08-27T13:24:02.000Z</time></trkpt>
<trkpt lat="30.69898156892136" lon="104.0292812051331"><ele>483</ele><time>2025-08-27T13:24:04.000Z</time></trkpt>
<trkpt lat="30.69905894991129" lon="104.0293899868164"><ele>483</ele><time>2025-08-27T13:24:06.000Z</time></trkpt>
<trkpt lat="30.6991281760775" lon="104.0295194493455"><ele>483</ele><time>2025-08-27T13:24:08.000Z</time></trkpt>
<trkpt lat="30.69919695184149" lon="104.0296649845606"><ele>483</ele><time>2025-08-27T13:24:10.000Z</time></trkpt>
<trkpt lat="30.699266855068" lon="104.0298053211009"><ele>483</ele><time>2025-08-27T13:24:12.000Z</time></trkpt>
<trkpt lat="30.69934037907083" lon="104.029945545772"><ele>483</ele><time>2025-08-27T13:24:14.000Z</time></trkpt>
<trkpt lat="30.69941515586654" lon="104.0300757353755"><ele>484</ele><time>2025-08-27T13:24:16.000Z</time></trkpt>
<trkpt lat="30.69951353991373" lon="104.0302270189096"><ele>484</ele><time>2025-08-27T13:24:19.000Z</time></trkpt>
<trkpt lat="30.69959526654413" lon="104.0303461387502"><ele>484</ele><time>2025-08-27T13:24:21.000Z</time></trkpt>
<trkpt lat="30.69966877990018" lon="104.0304566572671"><ele>485</ele><time>2025-08-27T13:24:23.000Z</time></trkpt>
<trkpt lat="30.69974500632593" lon="104.0305830488896"><ele>484</ele><time>2025-08-27T13:24:25.000Z</time></trkpt>
<trkpt lat="30.69979341453247" lon="104.0307067771116"><ele>485</ele><time>2025-08-27T13:24:27.000Z</time></trkpt>
<trkpt lat="30.69985110825816" lon="104.0308187027491"><ele>485</ele><time>2025-08-27T13:24:29.000Z</time></trkpt>
<trkpt lat="30.69990948380997" lon="104.0309262238965"><ele>485</ele><time>2025-08-27T13:24:31.000Z</time></trkpt>
<trkpt lat="30.69998209364138" lon="104.0310359943496"><ele>485</ele><time>2025-08-27T13:24:33.000Z</time></trkpt>
<trkpt lat="30.70003759945419" lon="104.0311456246758"><ele>485</ele><time>2025-08-27T13:24:35.000Z</time></trkpt>
<trkpt lat="30.700075946546" lon="104.0312996665482"><ele>486</ele><time>2025-08-27T13:24:41.000Z</time></trkpt>
<trkpt lat="30.70003725529713" lon="104.0313947458683"><ele>486</ele><time>2025-08-27T13:24:44.000Z</time></trkpt>
<trkpt lat="30.70015236754249" lon="104.0314284511288"><ele>487</ele><time>2025-08-27T13:24:46.000Z</time></trkpt>
<trkpt lat="30.70015205047683" lon="104.0315652055268"><ele>487</ele><time>2025-08-27T13:24:51.000Z</time></trkpt>
<trkpt lat="30.70015912414207" lon="104.0316876671485"><ele>487</ele><time>2025-08-27T13:24:55.000Z</time></trkpt>
<trkpt lat="30.70029775582582" lon="104.0317620017406"><ele>487</ele><time>2025-08-27T13:24:59.000Z</time></trkpt>
<trkpt lat="30.70039606147403" lon="104.0317570281412"><ele>487</ele><time>2025-08-27T13:25:01.000Z</time></trkpt>
<trkpt lat="30.70052236321852" lon="104.0318289893324"><ele>487</ele><time>2025-08-27T13:25:06.000Z</time></trkpt>
<trkpt lat="30.70061003673095" lon="104.0318013005383"><ele>487</ele><time>2025-08-27T13:25:07.000Z</time></trkpt>
<trkpt lat="30.7007029186597" lon="104.0319252651166"><ele>487</ele><time>2025-08-27T13:25:11.000Z</time></trkpt>
<trkpt lat="30.70074170448829" lon="104.0320299527587"><ele>488</ele><time>2025-08-27T13:25:14.000Z</time></trkpt>
<trkpt lat="30.70079613353511" lon="104.0321135373083"><ele>488</ele><time>2025-08-27T13:25:17.000Z</time></trkpt>
<trkpt lat="30.70079709991225" lon="104.0322292953887"><ele>488</ele><time>2025-08-27T13:25:20.000Z</time></trkpt>
<trkpt lat="30.70088324859486" lon="104.0322906073409"><ele>488</ele><time>2025-08-27T13:25:22.000Z</time></trkpt>
<trkpt lat="30.70099236608891" lon="104.0323226530643"><ele>488</ele><time>2025-08-27T13:25:25.000Z</time></trkpt>
<trkpt lat="30.70108671120492" lon="104.0323812713938"><ele>489</ele><time>2025-08-27T13:25:29.000Z</time></trkpt>
<trkpt lat="30.70111862823127" lon="104.0325048598739"><ele>490</ele><time>2025-08-27T13:25:32.000Z</time></trkpt>
<trkpt lat="30.70114676724827" lon="104.0326598088114"><ele>490</ele><time>2025-08-27T13:25:35.000Z</time></trkpt>
<trkpt lat="30.70116704862367" lon="104.0327745495982"><ele>491</ele><time>2025-08-27T13:25:37.000Z</time></trkpt>
<trkpt lat="30.70125066982208" lon="104.0330217506244"><ele>491</ele><time>2025-08-27T13:25:42.000Z</time></trkpt>
<trkpt lat="30.70129375121909" lon="104.0331174125961"><ele>491</ele><time>2025-08-27T13:25:46.000Z</time></trkpt>
<trkpt lat="30.70136601933298" lon="104.0332379027322"><ele>491</ele><time>2025-08-27T13:25:50.000Z</time></trkpt>
<trkpt lat="30.70142441548598" lon="104.0333246156503"><ele>491</ele><time>2025-08-27T13:25:52.000Z</time></trkpt>
<trkpt lat="30.70150761500024" lon="104.0334649076345"><ele>492</ele><time>2025-08-27T13:25:55.000Z</time></trkpt>
<trkpt lat="30.70157081675002" lon="104.033569606578"><ele>491</ele><time>2025-08-27T13:25:57.000Z</time></trkpt>
<trkpt lat="30.70164084738935" lon="104.0336811026735"><ele>492</ele><time>2025-08-27T13:26:00.000Z</time></trkpt>
<trkpt lat="30.7016984158325" lon="104.0337755521151"><ele>492</ele><time>2025-08-27T13:26:04.000Z</time></trkpt>
<trkpt lat="30.70175890034183" lon="104.0338757090436"><ele>492</ele><time>2025-08-27T13:26:09.000Z</time></trkpt>
<trkpt lat="30.70183318394146" lon="104.0339976568189"><ele>492</ele><time>2025-08-27T13:26:13.000Z</time></trkpt>
<trkpt lat="30.7018797121809" lon="104.0340892035672"><ele>492</ele><time>2025-08-27T13:26:15.000Z</time></trkpt>
<trkpt lat="30.70193432103073" lon="104.034191066349"><ele>493</ele><time>2025-08-27T13:26:17.000Z</time></trkpt>
<trkpt lat="30.7019784737463" lon="104.0342835177453"><ele>492</ele><time>2025-08-27T13:26:18.000Z</time></trkpt>
<trkpt lat="30.70204438442137" lon="104.0344324584715"><ele>492</ele><time>2025-08-27T13:26:20.000Z</time></trkpt>
<trkpt lat="30.70211748575154" lon="104.0345497617021"><ele>493</ele><time>2025-08-27T13:26:22.000Z</time></trkpt>
<trkpt lat="30.70220801029156" lon="104.0346380042702"><ele>492</ele><time>2025-08-27T13:26:24.000Z</time></trkpt>
<trkpt lat="30.70229245735009" lon="104.0347174203567"><ele>492</ele><time>2025-08-27T13:26:26.000Z</time></trkpt>
<trkpt lat="30.70235317104206" lon="104.0348112995823"><ele>492</ele><time>2025-08-27T13:26:28.000Z</time></trkpt>
<trkpt lat="30.70239964009342" lon="104.0349212773461"><ele>492</ele><time>2025-08-27T13:26:30.000Z</time></trkpt>
<trkpt lat="30.70245443664508" lon="104.0350379939667"><ele>493</ele><time>2025-08-27T13:26:32.000Z</time></trkpt>
<trkpt lat="30.70258850134141" lon="104.0350837897318"><ele>493</ele><time>2025-08-27T13:26:34.000Z</time></trkpt>
<trkpt lat="30.70265397750352" lon="104.035197406805"><ele>493</ele><time>2025-08-27T13:26:36.000Z</time></trkpt>
<trkpt lat="30.7027159854767" lon="104.0353050055711"><ele>492</ele><time>2025-08-27T13:26:38.000Z</time></trkpt>
<trkpt lat="30.7027704063433" lon="104.0353994388197"><ele>489</ele><time>2025-08-27T13:26:40.000Z</time></trkpt>
<trkpt lat="30.70283086138575" lon="104.0355030371689"><ele>488</ele><time>2025-08-27T13:26:42.000Z</time></trkpt>
<trkpt lat="30.70288578675693" lon="104.0355961546831"><ele>485</ele><time>2025-08-27T13:26:44.000Z</time></trkpt>
<trkpt lat="30.70294827652758" lon="104.035702096233"><ele>482</ele><time>2025-08-27T13:26:46.000Z</time></trkpt>
<trkpt lat="30.70301445729627" lon="104.0358142953571"><ele>484</ele><time>2025-08-27T13:26:48.000Z</time></trkpt>
<trkpt lat="30.703080899667" lon="104.0359269378698"><ele>483</ele><time>2025-08-27T13:26:50.000Z</time></trkpt>
<trkpt lat="30.70314539807081" lon="104.0360362827482"><ele>484</ele><time>2025-08-27T13:26:52.000Z</time></trkpt>
<trkpt lat="30.70321169028838" lon="104.0361486685507"><ele>485</ele><time>2025-08-27T13:26:54.000Z</time></trkpt>
<trkpt lat="30.70327894879757" lon="104.0362626910176"><ele>484</ele><time>2025-08-27T13:26:56.000Z</time></trkpt>
<trkpt lat="30.70326257908505" lon="104.0364588370984"><ele>485</ele><time>2025-08-27T13:26:58.000Z</time></trkpt>
<trkpt lat="30.70334833031199" lon="104.0365778734528"><ele>485</ele><time>2025-08-27T13:27:00.000Z</time></trkpt>
<trkpt lat="30.70342763117525" lon="104.0367001634103"><ele>485</ele><time>2025-08-27T13:27:02.000Z</time></trkpt>
<trkpt lat="30.7035020329729" lon="104.0368345232843"><ele>486</ele><time>2025-08-27T13:27:04.000Z</time></trkpt>
<trkpt lat="30.70358428253013" lon="104.0369602840705"><ele>487</ele><time>2025-08-27T13:27:06.000Z</time></trkpt>
<trkpt lat="30.70365988414644" lon="104.0370811889304"><ele>487</ele><time>2025-08-27T13:27:08.000Z</time></trkpt>
<trkpt lat="30.70372282679385" lon="104.0372146582117"><ele>478</ele><time>2025-08-27T13:27:10.000Z</time></trkpt>
<trkpt lat="30.70378605325929" lon="104.0373319003072"><ele>478</ele><time>2025-08-27T13:27:12.000Z</time></trkpt>
<trkpt lat="30.7038492129835" lon="104.0374632101797"><ele>478</ele><time>2025-08-27T13:27:14.000Z</time></trkpt>
<trkpt lat="30.7039545136127" lon="104.0375690222367"><ele>478</ele><time>2025-08-27T13:27:16.000Z</time></trkpt>
<trkpt lat="30.70407253888105" lon="104.0376753345979"><ele>478</ele><time>2025-08-27T13:27:18.000Z</time></trkpt>
<trkpt lat="30.704094136079" lon="104.0378284607666"><ele>478</ele><time>2025-08-27T13:27:20.000Z</time></trkpt>
<trkpt lat="30.70417910665422" lon="104.0379628458216"><ele>488</ele><time>2025-08-27T13:27:22.000Z</time></trkpt>
<trkpt lat="30.70425840463672" lon="104.0381108488325"><ele>489</ele><time>2025-08-27T13:27:24.000Z</time></trkpt>
<trkpt lat="30.70433207270354" lon="104.0382369157071"><ele>489</ele><time>2025-08-27T13:27:26.000Z</time></trkpt>
<trkpt lat="30.70443343192577" lon="104.0383477858166"><ele>488</ele><time>2025-08-27T13:27:28.000Z</time></trkpt>
<trkpt lat="30.70450186193451" lon="104.0384708132926"><ele>489</ele><time>2025-08-27T13:27:30.000Z</time></trkpt>
<trkpt lat="30.70453529614828" lon="104.0386000629162"><ele>489</ele><time>2025-08-27T13:27:32.000Z</time></trkpt>
<trkpt lat="30.7046046088376" lon="104.0387063461229"><ele>490</ele><time>2025-08-27T13:27:34.000Z</time></trkpt>
<trkpt lat="30.7046622231445" lon="104.0388010354389"><ele>490</ele><time>2025-08-27T13:27:36.000Z</time></trkpt>
<trkpt lat="30.70470797437354" lon="104.0389079168349"><ele>490</ele><time>2025-08-27T13:27:41.000Z</time></trkpt>
<trkpt lat="30.70476564188884" lon="104.0390119297261"><ele>490</ele><time>2025-08-27T13:27:44.000Z</time></trkpt>
<trkpt lat="30.70482107218323" lon="104.0391027603607"><ele>491</ele><time>2025-08-27T13:27:46.000Z</time></trkpt>
<trkpt lat="30.70486942084614" lon="104.0391974425362"><ele>491</ele><time>2025-08-27T13:27:48.000Z</time></trkpt>
<trkpt lat="30.70492972724707" lon="104.0392964391107"><ele>491</ele><time>2025-08-27T13:27:50.000Z</time></trkpt>
<trkpt lat="30.70499396582536" lon="104.039393176589"><ele>491</ele><time>2025-08-27T13:27:52.000Z</time></trkpt>
<trkpt lat="30.70504410018005" lon="104.0394942800851"><ele>491</ele><time>2025-08-27T13:27:54.000Z</time></trkpt>
<trkpt lat="30.70510396032023" lon="104.0395949651863"><ele>491</ele><time>2025-08-27T13:27:56.000Z</time></trkpt>
<trkpt lat="30.70517420724292" lon="104.0397034556071"><ele>492</ele><time>2025-08-27T13:27:58.000Z</time></trkpt>
<trkpt lat="30.70522965223589" lon="104.0398150508794"><ele>491</ele><time>2025-08-27T13:28:00.000Z</time></trkpt>
<trkpt lat="30.70528997920561" lon="104.0399361778095"><ele>491</ele><time>2025-08-27T13:28:02.000Z</time></trkpt>
<trkpt lat="30.70535276498963" lon="104.0400480872034"><ele>491</ele><time>2025-08-27T13:28:04.000Z</time></trkpt>
<trkpt lat="30.70541992162491" lon="104.0401632738909"><ele>491</ele><time>2025-08-27T13:28:06.000Z</time></trkpt>
<trkpt lat="30.70549196929836" lon="104.0402830531335"><ele>491</ele><time>2025-08-27T13:28:08.000Z</time></trkpt>
<trkpt lat="30.70556054530177" lon="104.0404049094138"><ele>491</ele><time>2025-08-27T13:28:10.000Z</time></trkpt>
<trkpt lat="30.70561812630482" lon="104.0404998435788"><ele>490</ele><time>2025-08-27T13:28:13.000Z</time></trkpt>
<trkpt lat="30.70564875166797" lon="104.040603008996"><ele>489</ele><time>2025-08-27T13:28:17.000Z</time></trkpt>
<trkpt lat="30.70563845688922" lon="104.0408277797608"><ele>489</ele><time>2025-08-27T13:28:20.000Z</time></trkpt>
<trkpt lat="30.70555037039097" lon="104.0409064295109"><ele>490</ele><time>2025-08-27T13:28:22.000Z</time></trkpt>
<trkpt lat="30.70543230809267" lon="104.0409858586467"><ele>489</ele><time>2025-08-27T13:28:24.000Z</time></trkpt>
<trkpt lat="30.7053368801534" lon="104.0410726637199"><ele>489</ele><time>2025-08-27T13:28:26.000Z</time></trkpt>
<trkpt lat="30.70523934979286" lon="104.0411419264452"><ele>490</ele><time>2025-08-27T13:28:28.000Z</time></trkpt>
<trkpt lat="30.70513342975665" lon="104.041210479283"><ele>490</ele><time>2025-08-27T13:28:30.000Z</time></trkpt>
<trkpt lat="30.70504185695471" lon="104.0413003410498"><ele>490</ele><time>2025-08-27T13:28:32.000Z</time></trkpt>
<trkpt lat="30.70490977137785" lon="104.0413416977346"><ele>490</ele><time>2025-08-27T13:28:34.000Z</time></trkpt>
<trkpt lat="30.7047997216061" lon="104.0414177055155"><ele>490</ele><time>2025-08-27T13:28:36.000Z</time></trkpt>
<trkpt lat="30.70468930341487" lon="104.0414924219265"><ele>491</ele><time>2025-08-27T13:28:38.000Z</time></trkpt>
<trkpt lat="30.70459712956525" lon="104.0415674505494"><ele>492</ele><time>2025-08-27T13:28:40.000Z</time></trkpt>
<trkpt lat="30.70449173383259" lon="104.0416366018883"><ele>492</ele><time>2025-08-27T13:28:42.000Z</time></trkpt>
<trkpt lat="30.70437017110008" lon="104.0417154999713"><ele>492</ele><time>2025-08-27T13:28:44.000Z</time></trkpt>
<trkpt lat="30.70425884057769" lon="104.0417992356219"><ele>492</ele><time>2025-08-27T13:28:46.000Z</time></trkpt>
<trkpt lat="30.70414743817208" lon="104.0418819486053"><ele>491</ele><time>2025-08-27T13:28:48.000Z</time></trkpt>
<trkpt lat="30.70404191207359" lon="104.0419712355351"><ele>491</ele><time>2025-08-27T13:28:50.000Z</time></trkpt>
<trkpt lat="30.70392521969331" lon="104.0420531496926"><ele>491</ele><time>2025-08-27T13:28:52.000Z</time></trkpt>
<trkpt lat="30.7038106993679" lon="104.0421294584547"><ele>491</ele><time>2025-08-27T13:28:54.000Z</time></trkpt>
<trkpt lat="30.70371183860509" lon="104.042227250026"><ele>491</ele><time>2025-08-27T13:28:56.000Z</time></trkpt>
<trkpt lat="30.70361262077624" lon="104.0423234865997"><ele>492</ele><time>2025-08-27T13:28:58.000Z</time></trkpt>
<trkpt lat="30.70350636456592" lon="104.042420219276"><ele>492</ele><time>2025-08-27T13:29:00.000Z</time></trkpt>
<trkpt lat="30.70339468819423" lon="104.0424987066658"><ele>491</ele><time>2025-08-27T13:29:02.000Z</time></trkpt>
<trkpt lat="30.70328036288156" lon="104.0426024992301"><ele>490</ele><time>2025-08-27T13:29:04.000Z</time></trkpt>
<trkpt lat="30.70316548900147" lon="104.0426935764125"><ele>490</ele><time>2025-08-27T13:29:06.000Z</time></trkpt>
<trkpt lat="30.70304976674736" lon="104.0427774704738"><ele>489</ele><time>2025-08-27T13:29:08.000Z</time></trkpt>
<trkpt lat="30.70292981171791" lon="104.0428728935261"><ele>487</ele><time>2025-08-27T13:29:10.000Z</time></trkpt>
<trkpt lat="30.7028104106185" lon="104.0429440940563"><ele>485</ele><time>2025-08-27T13:29:12.000Z</time></trkpt>
<trkpt lat="30.70269249135251" lon="104.0430200352432"><ele>484</ele><time>2025-08-27T13:29:14.000Z</time></trkpt>
<trkpt lat="30.70257926202072" lon="104.0431123480178"><ele>484</ele><time>2025-08-27T13:29:16.000Z</time></trkpt>
<trkpt lat="30.70246398785539" lon="104.0431922718982"><ele>484</ele><time>2025-08-27T13:29:18.000Z</time></trkpt>
<trkpt lat="30.70233062295034" lon="104.0432609794096"><ele>483</ele><time>2025-08-27T13:29:20.000Z</time></trkpt>
<trkpt lat="30.70221943118331" lon="104.0433435465144"><ele>483</ele><time>2025-08-27T13:29:22.000Z</time></trkpt>
<trkpt lat="30.70210699526884" lon="104.0434298861536"><ele>483</ele><time>2025-08-27T13:29:24.000Z</time></trkpt>
<trkpt lat="30.70199508651973" lon="104.0435266084672"><ele>483</ele><time>2025-08-27T13:29:26.000Z</time></trkpt>
<trkpt lat="30.70188198546494" lon="104.0436123286093"><ele>483</ele><time>2025-08-27T13:29:28.000Z</time></trkpt>
<trkpt lat="30.70176967411982" lon="104.0436874587647"><ele>483</ele><time>2025-08-27T13:29:30.000Z</time></trkpt>
<trkpt lat="30.70164903641463" lon="104.0437619992664"><ele>483</ele><time>2025-08-27T13:29:32.000Z</time></trkpt>
<trkpt lat="30.70156116111197" lon="104.0438182104511"><ele>483</ele><time>2025-08-27T13:29:34.000Z</time></trkpt>
<trkpt lat="30.70150821303433" lon="104.043906173665"><ele>483</ele><time>2025-08-27T13:29:36.000Z</time></trkpt>
<trkpt lat="30.70142878167942" lon="104.0439802450939"><ele>483</ele><time>2025-08-27T13:29:38.000Z</time></trkpt>
<trkpt lat="30.70134665148315" lon="104.044042247659"><ele>483</ele><time>2025-08-27T13:29:40.000Z</time></trkpt>
<trkpt lat="30.70125725903993" lon="104.0441189253496"><ele>481</ele><time>2025-08-27T13:29:42.000Z</time></trkpt>
<trkpt lat="30.70116571324081" lon="104.0441979707488"><ele>481</ele><time>2025-08-27T13:29:44.000Z</time></trkpt>
<trkpt lat="30.70106502877397" lon="104.0442742136821"><ele>481</ele><time>2025-08-27T13:29:46.000Z</time></trkpt>
<trkpt lat="30.70096835592922" lon="104.0443538358619"><ele>481</ele><time>2025-08-27T13:29:48.000Z</time></trkpt>
<trkpt lat="30.70071711918671" lon="104.0445155989714"><ele>481</ele><time>2025-08-27T13:29:51.000Z</time></trkpt>
<trkpt lat="30.70059761071878" lon="104.0445837640595"><ele>482</ele><time>2025-08-27T13:29:53.000Z</time></trkpt>
<trkpt lat="30.70048172906566" lon="104.0446631491966"><ele>482</ele><time>2025-08-27T13:29:55.000Z</time></trkpt>
<trkpt lat="30.70036677778414" lon="104.0447424585376"><ele>482</ele><time>2025-08-27T13:29:57.000Z</time></trkpt>
<trkpt lat="30.70025137777963" lon="104.0448170477254"><ele>482</ele><time>2025-08-27T13:29:59.000Z</time></trkpt>
<trkpt lat="30.70014194184783" lon="104.0448987592367"><ele>483</ele><time>2025-08-27T13:30:01.000Z</time></trkpt>
<trkpt lat="30.70003394872132" lon="104.0449750513987"><ele>483</ele><time>2025-08-27T13:30:03.000Z</time></trkpt>
<trkpt lat="30.69992519464258" lon="104.0450536049295"><ele>484</ele><time>2025-08-27T13:30:05.000Z</time></trkpt>
<trkpt lat="30.69980716996899" lon="104.0451258281245"><ele>484</ele><time>2025-08-27T13:30:07.000Z</time></trkpt>
<trkpt lat="30.69969191846956" lon="104.0451991064115"><ele>484</ele><time>2025-08-27T13:30:09.000Z</time></trkpt>
<trkpt lat="30.69959246670134" lon="104.0452653910039"><ele>484</ele><time>2025-08-27T13:30:11.000Z</time></trkpt>
<trkpt lat="30.6994787049097" lon="104.0453430846632"><ele>484</ele><time>2025-08-27T13:30:13.000Z</time></trkpt>
<trkpt lat="30.6993671938261" lon="104.0454150917113"><ele>484</ele><time>2025-08-27T13:30:15.000Z</time></trkpt>
<trkpt lat="30.69925471844369" lon="104.0454900337317"><ele>484</ele><time>2025-08-27T13:30:17.000Z</time></trkpt>
<trkpt lat="30.69914144003424" lon="104.0455657793203"><ele>484</ele><time>2025-08-27T13:30:19.000Z</time></trkpt>
<trkpt lat="30.69903046354591" lon="104.0456391889526"><ele>484</ele><time>2025-08-27T13:30:21.000Z</time></trkpt>
<trkpt lat="30.69896169498107" lon="104.0457901562834"><ele>484</ele><time>2025-08-27T13:30:23.000Z</time></trkpt>
<trkpt lat="30.69885190401483" lon="104.0458672730852"><ele>484</ele><time>2025-08-27T13:30:25.000Z</time></trkpt>
<trkpt lat="30.69874145175257" lon="104.0459448470351"><ele>485</ele><time>2025-08-27T13:30:27.000Z</time></trkpt>
<trkpt lat="30.69862934369861" lon="104.046019365267"><ele>485</ele><time>2025-08-27T13:30:29.000Z</time></trkpt>
<trkpt lat="30.69851837043417" lon="104.046094213956"><ele>485</ele><time>2025-08-27T13:30:31.000Z</time></trkpt>
<trkpt lat="30.69840129199392" lon="104.0461706677949"><ele>485</ele><time>2025-08-27T13:30:33.000Z</time></trkpt>
<trkpt lat="30.69827990291064" lon="104.0462506094132"><ele>485</ele><time>2025-08-27T13:30:35.000Z</time></trkpt>
<trkpt lat="30.69816883794974" lon="104.0463237694572"><ele>485</ele><time>2025-08-27T13:30:37.000Z</time></trkpt>
<trkpt lat="30.69806153390274" lon="104.0463944664044"><ele>486</ele><time>2025-08-27T13:30:39.000Z</time></trkpt>
<trkpt lat="30.69794128730487" lon="104.0464738062988"><ele>486</ele><time>2025-08-27T13:30:41.000Z</time></trkpt>
<trkpt lat="30.69782306620896" lon="104.0465517114683"><ele>486</ele><time>2025-08-27T13:30:43.000Z</time></trkpt>
<trkpt lat="30.69770650916021" lon="104.0466285185115"><ele>486</ele><time>2025-08-27T13:30:45.000Z</time></trkpt>
<trkpt lat="30.69759100334859" lon="104.046704744583"><ele>486</ele><time>2025-08-27T13:30:47.000Z</time></trkpt>
<trkpt lat="30.69747442239471" lon="104.046785556345"><ele>486</ele><time>2025-08-27T13:30:49.000Z</time></trkpt>
<trkpt lat="30.69735445588737" lon="104.0468667426262"><ele>486</ele><time>2025-08-27T13:30:51.000Z</time></trkpt>
<trkpt lat="30.69726062729189" lon="104.0469304318972"><ele>486</ele><time>2025-08-27T13:30:53.000Z</time></trkpt>
<trkpt lat="30.69702514535769" lon="104.0468354562507"><ele>487</ele><time>2025-08-27T13:30:55.000Z</time></trkpt>
<trkpt lat="30.69700049813595" lon="104.0466992616857"><ele>487</ele><time>2025-08-27T13:30:56.000Z</time></trkpt>
<trkpt lat="30.69701466905296" lon="104.0465535406092"><ele>487</ele><time>2025-08-27T13:30:58.000Z</time></trkpt>
<trkpt lat="30.6970215102211" lon="104.0463971010889"><ele>487</ele><time>2025-08-27T13:31:00.000Z</time></trkpt>
<trkpt lat="30.69698365153023" lon="104.0462520614388"><ele>487</ele><time>2025-08-27T13:31:02.000Z</time></trkpt>
<trkpt lat="30.69697718998894" lon="104.0461013547589"><ele>487</ele><time>2025-08-27T13:31:04.000Z</time></trkpt>
<trkpt lat="30.69697160714622" lon="104.0459447411884"><ele>487</ele><time>2025-08-27T13:31:06.000Z</time></trkpt>
<trkpt lat="30.69696581116265" lon="104.0457819254708"><ele>487</ele><time>2025-08-27T13:31:08.000Z</time></trkpt>
<trkpt lat="30.6969580798512" lon="104.0456453300998"><ele>487</ele><time>2025-08-27T13:31:10.000Z</time></trkpt>
<trkpt lat="30.69694748034652" lon="104.0454935723114"><ele>488</ele><time>2025-08-27T13:31:12.000Z</time></trkpt>
<trkpt lat="30.69693675668099" lon="104.0453400650439"><ele>488</ele><time>2025-08-27T13:31:14.000Z</time></trkpt>
<trkpt lat="30.69700879313949" lon="104.045184730654"><ele>488</ele><time>2025-08-27T13:31:16.000Z</time></trkpt>
<trkpt lat="30.69698748812629" lon="104.0450321289496"><ele>488</ele><time>2025-08-27T13:31:18.000Z</time></trkpt>
<trkpt lat="30.69697609345007" lon="104.0448718611399"><ele>488</ele><time>2025-08-27T13:31:20.000Z</time></trkpt>
<trkpt lat="30.69696669535307" lon="104.0447236239552"><ele>488</ele><time>2025-08-27T13:31:22.000Z</time></trkpt>
<trkpt lat="30.69695310246786" lon="104.0445669545655"><ele>489</ele><time>2025-08-27T13:31:24.000Z</time></trkpt>
<trkpt lat="30.69693598479659" lon="104.0444035522262"><ele>489</ele><time>2025-08-27T13:31:26.000Z</time></trkpt>
<trkpt lat="30.6969081619479" lon="104.04425980722"><ele>490</ele><time>2025-08-27T13:31:28.000Z</time></trkpt>
<trkpt lat="30.69687858419166" lon="104.0441053991224"><ele>489</ele><time>2025-08-27T13:31:30.000Z</time></trkpt>
<trkpt lat="30.69684904473653" lon="104.0439484430672"><ele>489</ele><time>2025-08-27T13:31:32.000Z</time></trkpt>
<trkpt lat="30.69680968016123" lon="104.0438051996423"><ele>489</ele><time>2025-08-27T13:31:34.000Z</time></trkpt>
<trkpt lat="30.69677389099353" lon="104.0436626630855"><ele>488</ele><time>2025-08-27T13:31:36.000Z</time></trkpt>
<trkpt lat="30.69672680793562" lon="104.0435150432479"><ele>488</ele><time>2025-08-27T13:31:38.000Z</time></trkpt>
<trkpt lat="30.69668299317021" lon="104.0433646927757"><ele>488</ele><time>2025-08-27T13:31:40.000Z</time></trkpt>
<trkpt lat="30.69663072879544" lon="104.0432144448117"><ele>489</ele><time>2025-08-27T13:31:42.000Z</time></trkpt>
<trkpt lat="30.69658366244287" lon="104.0430692854908"><ele>488</ele><time>2025-08-27T13:31:44.000Z</time></trkpt>
<trkpt lat="30.6965437181234" lon="104.0429136799765"><ele>488</ele><time>2025-08-27T13:31:46.000Z</time></trkpt>
<trkpt lat="30.6965042397508" lon="104.042770956938"><ele>488</ele><time>2025-08-27T13:31:48.000Z</time></trkpt>
<trkpt lat="30.69645497367818" lon="104.0425967458462"><ele>488</ele><time>2025-08-27T13:31:50.000Z</time></trkpt>
<trkpt lat="30.69640601581044" lon="104.0424287235981"><ele>489</ele><time>2025-08-27T13:31:52.000Z</time></trkpt>
<trkpt lat="30.69635541551675" lon="104.0422818484698"><ele>489</ele><time>2025-08-27T13:31:54.000Z</time></trkpt>
<trkpt lat="30.69630190033663" lon="104.0421136489282"><ele>490</ele><time>2025-08-27T13:31:56.000Z</time></trkpt>
<trkpt lat="30.69623643104855" lon="104.0419680467048"><ele>490</ele><time>2025-08-27T13:31:58.000Z</time></trkpt>
<trkpt lat="30.69617551800134" lon="104.0418226428339"><ele>490</ele><time>2025-08-27T13:32:00.000Z</time></trkpt>
<trkpt lat="30.6960899793252" lon="104.0416914406154"><ele>490</ele><time>2025-08-27T13:32:02.000Z</time></trkpt>
<trkpt lat="30.6960203717411" lon="104.0415391211689"><ele>490</ele><time>2025-08-27T13:32:04.000Z</time></trkpt>
<trkpt lat="30.69594438329504" lon="104.0413870667253"><ele>490</ele><time>2025-08-27T13:32:06.000Z</time></trkpt>
<trkpt lat="30.69586713823275" lon="104.041240326186"><ele>490</ele><time>2025-08-27T13:32:08.000Z</time></trkpt>
<trkpt lat="30.69579266699244" lon="104.0410960879442"><ele>490</ele><time>2025-08-27T13:32:10.000Z</time></trkpt>
<trkpt lat="30.69573101525015" lon="104.0409570259815"><ele>489</ele><time>2025-08-27T13:32:12.000Z</time></trkpt>
<trkpt lat="30.69565933226538" lon="104.0408103303235"><ele>490</ele><time>2025-08-27T13:32:14.000Z</time></trkpt>
<trkpt lat="30.69557691905798" lon="104.0406803333486"><ele>490</ele><time>2025-08-27T13:32:16.000Z</time></trkpt>
<trkpt lat="30.6954888996026" lon="104.0405594281597"><ele>491</ele><time>2025-08-27T13:32:18.000Z</time></trkpt>
<trkpt lat="30.69541221253388" lon="104.0404183240107"><ele>491</ele><time>2025-08-27T13:32:20.000Z</time></trkpt>
<trkpt lat="30.69533390529415" lon="104.0402820924971"><ele>491</ele><time>2025-08-27T13:32:22.000Z</time></trkpt>
<trkpt lat="30.69525454867637" lon="104.040147078634"><ele>491</ele><time>2025-08-27T13:32:24.000Z</time></trkpt>
<trkpt lat="30.69517803850684" lon="104.0400099504238"><ele>492</ele><time>2025-08-27T13:32:26.000Z</time></trkpt>
<trkpt lat="30.69511020837072" lon="104.0398659421447"><ele>492</ele><time>2025-08-27T13:32:28.000Z</time></trkpt>
<trkpt lat="30.69501997050571" lon="104.0397427649186"><ele>492</ele><time>2025-08-27T13:32:30.000Z</time></trkpt>
<trkpt lat="30.69491908691088" lon="104.0396629616151"><ele>493</ele><time>2025-08-27T13:32:32.000Z</time></trkpt>
<trkpt lat="30.69484039778215" lon="104.0395929030706"><ele>493</ele><time>2025-08-27T13:32:33.000Z</time></trkpt>
<trkpt lat="30.69472046653835" lon="104.0394976763925"><ele>493</ele><time>2025-08-27T13:32:35.000Z</time></trkpt>
<trkpt lat="30.69462053999581" lon="104.0393792971852"><ele>493</ele><time>2025-08-27T13:32:37.000Z</time></trkpt>
<trkpt lat="30.69452382615259" lon="104.0392481269858"><ele>492</ele><time>2025-08-27T13:32:39.000Z</time></trkpt>
<trkpt lat="30.69442719078506" lon="104.0391128403378"><ele>493</ele><time>2025-08-27T13:32:41.000Z</time></trkpt>
<trkpt lat="30.69431621566574" lon="104.0389965550387"><ele>493</ele><time>2025-08-27T13:32:43.000Z</time></trkpt>
<trkpt lat="30.694222698845" lon="104.0388626690664"><ele>493</ele><time>2025-08-27T13:32:45.000Z</time></trkpt>
<trkpt lat="30.69414295360222" lon="104.0387545527714"><ele>492</ele><time>2025-08-27T13:32:47.000Z</time></trkpt>
<trkpt lat="30.69403531528406" lon="104.038659824309"><ele>492</ele><time>2025-08-27T13:32:49.000Z</time></trkpt>
<trkpt lat="30.69392562178762" lon="104.0385471256448"><ele>492</ele><time>2025-08-27T13:32:51.000Z</time></trkpt>
<trkpt lat="30.69384104715698" lon="104.0384378751113"><ele>493</ele><time>2025-08-27T13:32:53.000Z</time></trkpt>
<trkpt lat="30.69374611991063" lon="104.0383162752926"><ele>493</ele><time>2025-08-27T13:32:55.000Z</time></trkpt>
<trkpt lat="30.69365675359983" lon="104.0381983963974"><ele>492</ele><time>2025-08-27T13:32:57.000Z</time></trkpt>
<trkpt lat="30.69357778379416" lon="104.038062094116"><ele>492</ele><time>2025-08-27T13:32:59.000Z</time></trkpt>
<trkpt lat="30.69351836083231" lon="104.0379682638585"><ele>491</ele><time>2025-08-27T13:33:01.000Z</time></trkpt>
<trkpt lat="30.69343154705931" lon="104.0378249064375"><ele>491</ele><time>2025-08-27T13:33:03.000Z</time></trkpt>
<trkpt lat="30.69332402360918" lon="104.0376956787668"><ele>491</ele><time>2025-08-27T13:33:05.000Z</time></trkpt>
<trkpt lat="30.69317562149204" lon="104.0376120456992"><ele>490</ele><time>2025-08-27T13:33:07.000Z</time></trkpt>
<trkpt lat="30.69309285895129" lon="104.0375674540732"><ele>490</ele><time>2025-08-27T13:33:08.000Z</time></trkpt>
<trkpt lat="30.69294647749538" lon="104.0375021473583"><ele>489</ele><time>2025-08-27T13:33:10.000Z</time></trkpt>
<trkpt lat="30.69281046807965" lon="104.0374174910557"><ele>489</ele><time>2025-08-27T13:33:12.000Z</time></trkpt>
<trkpt lat="30.69271928228482" lon="104.0373138835305"><ele>488</ele><time>2025-08-27T13:33:14.000Z</time></trkpt>
<trkpt lat="30.69259742049569" lon="104.0372017183715"><ele>488</ele><time>2025-08-27T13:33:16.000Z</time></trkpt>
<trkpt lat="30.69248098521808" lon="104.0370789140403"><ele>488</ele><time>2025-08-27T13:33:18.000Z</time></trkpt>
<trkpt lat="30.69237417970823" lon="104.0369389498867"><ele>488</ele><time>2025-08-27T13:33:20.000Z</time></trkpt>
<trkpt lat="30.69226736467362" lon="104.0368221036189"><ele>488</ele><time>2025-08-27T13:33:22.000Z</time></trkpt>
<trkpt lat="30.69213988442345" lon="104.0367205374858"><ele>488</ele><time>2025-08-27T13:33:24.000Z</time></trkpt>
<trkpt lat="30.69202785782901" lon="104.0366139607144"><ele>488</ele><time>2025-08-27T13:33:26.000Z</time></trkpt>
<trkpt lat="30.69192693261151" lon="104.036487705868"><ele>487</ele><time>2025-08-27T13:33:28.000Z</time></trkpt>
<trkpt lat="30.69183462039214" lon="104.0363823595193"><ele>487</ele><time>2025-08-27T13:33:30.000Z</time></trkpt>
<trkpt lat="30.69174306225892" lon="104.0362662971017"><ele>488</ele><time>2025-08-27T13:33:32.000Z</time></trkpt>
<trkpt lat="30.69163569343686" lon="104.0361774485264"><ele>487</ele><time>2025-08-27T13:33:34.000Z</time></trkpt>
<trkpt lat="30.69153511668451" lon="104.0360621135154"><ele>488</ele><time>2025-08-27T13:33:36.000Z</time></trkpt>
<trkpt lat="30.69146594791074" lon="104.0359335040431"><ele>487</ele><time>2025-08-27T13:33:38.000Z</time></trkpt>
<trkpt lat="30.69136649885827" lon="104.0358102758817"><ele>487</ele><time>2025-08-27T13:33:40.000Z</time></trkpt>
<trkpt lat="30.69128220674018" lon="104.0356963977206"><ele>487</ele><time>2025-08-27T13:33:42.000Z</time></trkpt>
<trkpt lat="30.69115897794611" lon="104.0356054125234"><ele>488</ele><time>2025-08-27T13:33:44.000Z</time></trkpt>
<trkpt lat="30.69106548707287" lon="104.0355045500683"><ele>488</ele><time>2025-08-27T13:33:46.000Z</time></trkpt>
<trkpt lat="30.69099312259443" lon="104.0354091408377"><ele>488</ele><time>2025-08-27T13:33:48.000Z</time></trkpt>
<trkpt lat="30.69090982985778" lon="104.0352796795575"><ele>488</ele><time>2025-08-27T13:33:50.000Z</time></trkpt>
<trkpt lat="30.69085451564035" lon="104.0351144373205"><ele>488</ele><time>2025-08-27T13:33:52.000Z</time></trkpt>
<trkpt lat="30.6906981142137" lon="104.0350367459639"><ele>487</ele><time>2025-08-27T13:33:54.000Z</time></trkpt>
<trkpt lat="30.69065486522308" lon="104.0348803001387"><ele>488</ele><time>2025-08-27T13:33:56.000Z</time></trkpt>
<trkpt lat="30.69059421401854" lon="104.0347539712692"><ele>488</ele><time>2025-08-27T13:33:58.000Z</time></trkpt>
<trkpt lat="30.69049083682867" lon="104.0346231839924"><ele>488</ele><time>2025-08-27T13:34:00.000Z</time></trkpt>
<trkpt lat="30.69039763133384" lon="104.0345032975871"><ele>488</ele><time>2025-08-27T13:34:02.000Z</time></trkpt>
<trkpt lat="30.6902841835128" lon="104.034401237483"><ele>488</ele><time>2025-08-27T13:34:04.000Z</time></trkpt>
<trkpt lat="30.69017587133355" lon="104.0342973585579"><ele>489</ele><time>2025-08-27T13:34:06.000Z</time></trkpt>
<trkpt lat="30.69005153086465" lon="104.0341932168063"><ele>489</ele><time>2025-08-27T13:34:08.000Z</time></trkpt>
<trkpt lat="30.68995608267096" lon="104.0340845742634"><ele>489</ele><time>2025-08-27T13:34:10.000Z</time></trkpt>
<trkpt lat="30.68980922252874" lon="104.0339841759246"><ele>489</ele><time>2025-08-27T13:34:12.000Z</time></trkpt>
<trkpt lat="30.68966488946056" lon="104.033891368244"><ele>489</ele><time>2025-08-27T13:34:14.000Z</time></trkpt>
<trkpt lat="30.68953416353429" lon="104.0337880195615"><ele>490</ele><time>2025-08-27T13:34:16.000Z</time></trkpt>
<trkpt lat="30.6894247356639" lon="104.0336977571093"><ele>490</ele><time>2025-08-27T13:34:18.000Z</time></trkpt>
<trkpt lat="30.68939215817186" lon="104.0335290470466"><ele>490</ele><time>2025-08-27T13:34:20.000Z</time></trkpt>
<trkpt lat="30.68925432469454" lon="104.0334355526502"><ele>490</ele><time>2025-08-27T13:34:22.000Z</time></trkpt>
<trkpt lat="30.68915799322812" lon="104.0333213503078"><ele>490</ele><time>2025-08-27T13:34:24.000Z</time></trkpt>
<trkpt lat="30.68905411636606" lon="104.0332146564232"><ele>490</ele><time>2025-08-27T13:34:26.000Z</time></trkpt>
<trkpt lat="30.68901697127157" lon="104.0330580618489"><ele>490</ele><time>2025-08-27T13:34:28.000Z</time></trkpt>
<trkpt lat="30.68893829180608" lon="104.0329387122127"><ele>491</ele><time>2025-08-27T13:34:30.000Z</time></trkpt>
<trkpt lat="30.68883428373311" lon="104.0328591930219"><ele>491</ele><time>2025-08-27T13:34:32.000Z</time></trkpt>
<trkpt lat="30.68870568408672" lon="104.032715647339"><ele>492</ele><time>2025-08-27T13:34:34.000Z</time></trkpt>
<trkpt lat="30.68862433944601" lon="104.032590126024"><ele>492</ele><time>2025-08-27T13:34:36.000Z</time></trkpt>
<trkpt lat="30.68852613625889" lon="104.032457810274"><ele>492</ele><time>2025-08-27T13:34:38.000Z</time></trkpt>
<trkpt lat="30.68847482349055" lon="104.0323384947817"><ele>492</ele><time>2025-08-27T13:34:40.000Z</time></trkpt>
<trkpt lat="30.68842236638097" lon="104.03221510361"><ele>492</ele><time>2025-08-27T13:34:42.000Z</time></trkpt>
<trkpt lat="30.6883504663803" lon="104.0321097271431"><ele>493</ele><time>2025-08-27T13:34:44.000Z</time></trkpt>
<trkpt lat="30.68826889264371" lon="104.0319630805"><ele>492</ele><time>2025-08-27T13:34:46.000Z</time></trkpt>
<trkpt lat="30.68816787550208" lon="104.0318424931222"><ele>492</ele><time>2025-08-27T13:34:48.000Z</time></trkpt>
<trkpt lat="30.68806723747414" lon="104.0317227521477"><ele>492</ele><time>2025-08-27T13:34:50.000Z</time></trkpt>
<trkpt lat="30.68797049085288" lon="104.0316144110701"><ele>493</ele><time>2025-08-27T13:34:52.000Z</time></trkpt>
<trkpt lat="30.68786462948592" lon="104.0314969921332"><ele>493</ele><time>2025-08-27T13:34:54.000Z</time></trkpt>
<trkpt lat="30.68775883170405" lon="104.0313926329093"><ele>492</ele><time>2025-08-27T13:34:56.000Z</time></trkpt>
<trkpt lat="30.68766184916156" lon="104.0312436978084"><ele>492</ele><time>2025-08-27T13:34:58.000Z</time></trkpt>
<trkpt lat="30.68754393304367" lon="104.0311341395798"><ele>492</ele><time>2025-08-27T13:35:00.000Z</time></trkpt>
<trkpt lat="30.68744077018388" lon="104.0310144266841"><ele>491</ele><time>2025-08-27T13:35:02.000Z</time></trkpt>
<trkpt lat="30.6873329890525" lon="104.0308936663202"><ele>491</ele><time>2025-08-27T13:35:04.000Z</time></trkpt>
<trkpt lat="30.68721268229687" lon="104.0307859830161"><ele>491</ele><time>2025-08-27T13:35:06.000Z</time></trkpt>
<trkpt lat="30.68709189599257" lon="104.0306630979219"><ele>491</ele><time>2025-08-27T13:35:08.000Z</time></trkpt>
<trkpt lat="30.68699811519311" lon="104.0305435607378"><ele>491</ele><time>2025-08-27T13:35:10.000Z</time></trkpt>
<trkpt lat="30.68690149146457" lon="104.0305407524895"><ele>491</ele><time>2025-08-27T13:35:11.000Z</time></trkpt>
<trkpt lat="30.68676710364864" lon="104.0304269904797"><ele>491</ele><time>2025-08-27T13:35:13.000Z</time></trkpt>
<trkpt lat="30.68666943976798" lon="104.0303110701934"><ele>490</ele><time>2025-08-27T13:35:15.000Z</time></trkpt>
<trkpt lat="30.68655393905974" lon="104.0301739836321"><ele>491</ele><time>2025-08-27T13:35:17.000Z</time></trkpt>
<trkpt lat="30.68642148836596" lon="104.0300167676767"><ele>491</ele><time>2025-08-27T13:35:19.000Z</time></trkpt>
<trkpt lat="30.68630519289938" lon="104.0298799284528"><ele>490</ele><time>2025-08-27T13:35:21.000Z</time></trkpt>
<trkpt lat="30.68619719717009" lon="104.0297533804253"><ele>491</ele><time>2025-08-27T13:35:23.000Z</time></trkpt>
<trkpt lat="30.68610120543746" lon="104.0296409023767"><ele>491</ele><time>2025-08-27T13:35:25.000Z</time></trkpt>
<trkpt lat="30.68601805338584" lon="104.0295434601263"><ele>490</ele><time>2025-08-27T13:35:29.000Z</time></trkpt>
<trkpt lat="30.68594973038576" lon="104.0294621073545"><ele>491</ele><time>2025-08-27T13:35:31.000Z</time></trkpt>
<trkpt lat="30.68587011426284" lon="104.0293679830694"><ele>491</ele><time>2025-08-27T13:35:33.000Z</time></trkpt>
<trkpt lat="30.68578178524941" lon="104.0292635491325"><ele>491</ele><time>2025-08-27T13:35:35.000Z</time></trkpt>
<trkpt lat="30.68569090791334" lon="104.0291561044456"><ele>491</ele><time>2025-08-27T13:35:37.000Z</time></trkpt>
<trkpt lat="30.68560131612556" lon="104.0290501834517"><ele>491</ele><time>2025-08-27T13:35:39.000Z</time></trkpt>
<trkpt lat="30.68550727657704" lon="104.0289389994347"><ele>491</ele><time>2025-08-27T13:35:41.000Z</time></trkpt>
<trkpt lat="30.68541567004695" lon="104.0288224158047"><ele>491</ele><time>2025-08-27T13:35:43.000Z</time></trkpt>
<trkpt lat="30.68533050205305" lon="104.0287087168693"><ele>491</ele><time>2025-08-27T13:35:45.000Z</time></trkpt>
<trkpt lat="30.68523757142378" lon="104.0285846580087"><ele>490</ele><time>2025-08-27T13:35:47.000Z</time></trkpt>
<trkpt lat="30.68515185510314" lon="104.0284789046011"><ele>490</ele><time>2025-08-27T13:35:49.000Z</time></trkpt>
<trkpt lat="30.68506187939633" lon="104.0283668507155"><ele>490</ele><time>2025-08-27T13:35:51.000Z</time></trkpt>
<trkpt lat="30.68496571416792" lon="104.0282470904554"><ele>490</ele><time>2025-08-27T13:35:53.000Z</time></trkpt>
<trkpt lat="30.68489631258988" lon="104.0281606636963"><ele>490</ele><time>2025-08-27T13:35:55.000Z</time></trkpt>
<trkpt lat="30.68482624819189" lon="104.0280734103117"><ele>490</ele><time>2025-08-27T13:35:58.000Z</time></trkpt>
<trkpt lat="30.68484293645906" lon="104.0279688442811"><ele>490</ele><time>2025-08-27T13:36:09.000Z</time></trkpt>
<trkpt lat="30.68475247402025" lon="104.0278994705407"><ele>490</ele><time>2025-08-27T13:37:47.000Z</time></trkpt>
<trkpt lat="30.68466545708894" lon="104.0278413156692"><ele>490</ele><time>2025-08-27T13:37:50.000Z</time></trkpt>
<trkpt lat="30.68457001559153" lon="104.0277721665711"><ele>490</ele><time>2025-08-27T13:37:53.000Z</time></trkpt>
<trkpt lat="30.684465007775" lon="104.0277282206957"><ele>490</ele><time>2025-08-27T13:37:56.000Z</time></trkpt>
<trkpt lat="30.68436545893088" lon="104.0276268112919"><ele>490</ele><time>2025-08-27T13:37:59.000Z</time></trkpt>
<trkpt lat="30.68428006157733" lon="104.027548301345"><ele>490</ele><time>2025-08-27T13:38:01.000Z</time></trkpt>
<trkpt lat="30.68420117061694" lon="104.0274473583709"><ele>490</ele><time>2025-08-27T13:38:03.000Z</time></trkpt>
<trkpt lat="30.68411625641732" lon="104.0273464528624"><ele>491</ele><time>2025-08-27T13:38:05.000Z</time></trkpt>
<trkpt lat="30.68401955664989" lon="104.0272328147504"><ele>491</ele><time>2025-08-27T13:38:07.000Z</time></trkpt>
<trkpt lat="30.68392552006812" lon="104.0271228883393"><ele>491</ele><time>2025-08-27T13:38:09.000Z</time></trkpt>
<trkpt lat="30.6838271122488" lon="104.0270145433558"><ele>491</ele><time>2025-08-27T13:38:11.000Z</time></trkpt>
<trkpt lat="30.68373030119492" lon="104.0268949131859"><ele>491</ele><time>2025-08-27T13:38:13.000Z</time></trkpt>
<trkpt lat="30.68362455460304" lon="104.0267936615677"><ele>491</ele><time>2025-08-27T13:38:15.000Z</time></trkpt>
<trkpt lat="30.68353474262729" lon="104.0266690887029"><ele>491</ele><time>2025-08-27T13:38:17.000Z</time></trkpt>
<trkpt lat="30.68345174919017" lon="104.0265357877747"><ele>491</ele><time>2025-08-27T13:38:19.000Z</time></trkpt>
<trkpt lat="30.68334702209469" lon="104.0264208082949"><ele>491</ele><time>2025-08-27T13:38:21.000Z</time></trkpt>
<trkpt lat="30.68324243077885" lon="104.0263061631866"><ele>491</ele><time>2025-08-27T13:38:23.000Z</time></trkpt>
<trkpt lat="30.68314004566624" lon="104.0261861619873"><ele>490</ele><time>2025-08-27T13:38:25.000Z</time></trkpt>
<trkpt lat="30.68304196773601" lon="104.0260693262514"><ele>490</ele><time>2025-08-27T13:38:27.000Z</time></trkpt>
<trkpt lat="30.68293606545254" lon="104.0259489091674"><ele>490</ele><time>2025-08-27T13:38:29.000Z</time></trkpt>
<trkpt lat="30.68283257153451" lon="104.0258346491923"><ele>490</ele><time>2025-08-27T13:38:31.000Z</time></trkpt>
<trkpt lat="30.68273887334858" lon="104.0257176870931"><ele>490</ele><time>2025-08-27T13:38:33.000Z</time></trkpt>
<trkpt lat="30.682642154769" lon="104.0255995851479"><ele>490</ele><time>2025-08-27T13:38:35.000Z</time></trkpt>
<trkpt lat="30.68255095842611" lon="104.0254975964183"><ele>490</ele><time>2025-08-27T13:38:37.000Z</time></trkpt>
<trkpt lat="30.68246467424734" lon="104.0253694096567"><ele>490</ele><time>2025-08-27T13:38:39.000Z</time></trkpt>
<trkpt lat="30.68237866315124" lon="104.0252445252426"><ele>490</ele><time>2025-08-27T13:38:41.000Z</time></trkpt>
<trkpt lat="30.68228508622646" lon="104.0251272947256"><ele>490</ele><time>2025-08-27T13:38:43.000Z</time></trkpt>
<trkpt lat="30.68218947568231" lon="104.0250135940395"><ele>490</ele><time>2025-08-27T13:38:45.000Z</time></trkpt>
<trkpt lat="30.68209689921407" lon="104.0248949643465"><ele>490</ele><time>2025-08-27T13:38:47.000Z</time></trkpt>
<trkpt lat="30.68200616985602" lon="104.02477343785"><ele>490</ele><time>2025-08-27T13:38:49.000Z</time></trkpt>
<trkpt lat="30.68191188345783" lon="104.024653135726"><ele>490</ele><time>2025-08-27T13:38:51.000Z</time></trkpt>
<trkpt lat="30.68181631834996" lon="104.0245299983094"><ele>490</ele><time>2025-08-27T13:38:53.000Z</time></trkpt>
<trkpt lat="30.6817194691973" lon="104.0244082751321"><ele>490</ele><time>2025-08-27T13:38:55.000Z</time></trkpt>
<trkpt lat="30.68161332669661" lon="104.0242926065769"><ele>490</ele><time>2025-08-27T13:38:57.000Z</time></trkpt>
<trkpt lat="30.68151072254064" lon="104.024183192404"><ele>490</ele><time>2025-08-27T13:38:59.000Z</time></trkpt>
<trkpt lat="30.68139612106894" lon="104.024058488135"><ele>490</ele><time>2025-08-27T13:39:01.000Z</time></trkpt>
<trkpt lat="30.68127626107443" lon="104.0239371809073"><ele>490</ele><time>2025-08-27T13:39:03.000Z</time></trkpt>
<trkpt lat="30.68115815131194" lon="104.0237986418296"><ele>490</ele><time>2025-08-27T13:39:05.000Z</time></trkpt>
<trkpt lat="30.68105464447608" lon="104.0236765067799"><ele>490</ele><time>2025-08-27T13:39:07.000Z</time></trkpt>
<trkpt lat="30.68098812754478" lon="104.0236048856533"><ele>490</ele><time>2025-08-27T13:39:08.000Z</time></trkpt>
<trkpt lat="30.6808733795183" lon="104.0234853775863"><ele>490</ele><time>2025-08-27T13:39:10.000Z</time></trkpt>
<trkpt lat="30.68076846075421" lon="104.0233453138407"><ele>490</ele><time>2025-08-27T13:39:12.000Z</time></trkpt>
<trkpt lat="30.68064600372501" lon="104.0232093016914"><ele>490</ele><time>2025-08-27T13:39:14.000Z</time></trkpt>
<trkpt lat="30.68053079026314" lon="104.0230755460016"><ele>490</ele><time>2025-08-27T13:39:16.000Z</time></trkpt>
<trkpt lat="30.68039294563269" lon="104.0229639793775"><ele>490</ele><time>2025-08-27T13:39:18.000Z</time></trkpt>
<trkpt lat="30.68026843471316" lon="104.022830579029"><ele>490</ele><time>2025-08-27T13:39:20.000Z</time></trkpt>
<trkpt lat="30.68013764002291" lon="104.0226869251568"><ele>490</ele><time>2025-08-27T13:39:22.000Z</time></trkpt>
<trkpt lat="30.68002486567941" lon="104.0225380580173"><ele>490</ele><time>2025-08-27T13:39:24.000Z</time></trkpt>
<trkpt lat="30.67996207885552" lon="104.0224625246661"><ele>490</ele><time>2025-08-27T13:39:25.000Z</time></trkpt>
<trkpt lat="30.67984221388565" lon="104.0223284991778"><ele>490</ele><time>2025-08-27T13:39:27.000Z</time></trkpt>
<trkpt lat="30.67972354989932" lon="104.0221864767373"><ele>490</ele><time>2025-08-27T13:39:29.000Z</time></trkpt>
<trkpt lat="30.67961900346275" lon="104.022029419667"><ele>490</ele><time>2025-08-27T13:39:31.000Z</time></trkpt>
<trkpt lat="30.67950735676762" lon="104.02188330377"><ele>491</ele><time>2025-08-27T13:39:33.000Z</time></trkpt>
<trkpt lat="30.67939521349266" lon="104.0217478709185"><ele>490</ele><time>2025-08-27T13:39:35.000Z</time></trkpt>
<trkpt lat="30.67927962186468" lon="104.0216014247462"><ele>490</ele><time>2025-08-27T13:39:37.000Z</time></trkpt>
<trkpt lat="30.67918733612673" lon="104.0214416612231"><ele>491</ele><time>2025-08-27T13:39:39.000Z</time></trkpt>
<trkpt lat="30.67907511894993" lon="104.0213010339481"><ele>491</ele><time>2025-08-27T13:39:41.000Z</time></trkpt>
<trkpt lat="30.67894824509836" lon="104.0211671400709"><ele>491</ele><time>2025-08-27T13:39:43.000Z</time></trkpt>
<trkpt lat="30.67883819345106" lon="104.021026992676"><ele>492</ele><time>2025-08-27T13:39:45.000Z</time></trkpt>
<trkpt lat="30.67872348955727" lon="104.0208838610738"><ele>491</ele><time>2025-08-27T13:39:47.000Z</time></trkpt>
<trkpt lat="30.67861528255363" lon="104.0207295346631"><ele>492</ele><time>2025-08-27T13:39:49.000Z</time></trkpt>
<trkpt lat="30.67851025510796" lon="104.0205692663372"><ele>492</ele><time>2025-08-27T13:39:51.000Z</time></trkpt>
<trkpt lat="30.67844609371626" lon="104.0204943193132"><ele>492</ele><time>2025-08-27T13:39:52.000Z</time></trkpt>
<trkpt lat="30.67830937830252" lon="104.0203708467715"><ele>492</ele><time>2025-08-27T13:39:54.000Z</time></trkpt>
<trkpt lat="30.67816934789604" lon="104.0202592836852"><ele>492</ele><time>2025-08-27T13:39:56.000Z</time></trkpt>
<trkpt lat="30.67809148098794" lon="104.0202019845208"><ele>492</ele><time>2025-08-27T13:39:57.000Z</time></trkpt>
<trkpt lat="30.67795466812768" lon="104.0200872770868"><ele>493</ele><time>2025-08-27T13:39:59.000Z</time></trkpt>
<trkpt lat="30.67787941292653" lon="104.0200266784077"><ele>493</ele><time>2025-08-27T13:40:00.000Z</time></trkpt>
<trkpt lat="30.67774116937684" lon="104.019904797382"><ele>493</ele><time>2025-08-27T13:40:02.000Z</time></trkpt>
<trkpt lat="30.67760364879756" lon="104.0197842596396"><ele>494</ele><time>2025-08-27T13:40:04.000Z</time></trkpt>
<trkpt lat="30.6774509686455" lon="104.0196881843955"><ele>493</ele><time>2025-08-27T13:40:06.000Z</time></trkpt>
<trkpt lat="30.67730409261706" lon="104.0195799689821"><ele>493</ele><time>2025-08-27T13:40:08.000Z</time></trkpt>
<trkpt lat="30.67715172444275" lon="104.0194796079203"><ele>494</ele><time>2025-08-27T13:40:10.000Z</time></trkpt>
<trkpt lat="30.67701437794376" lon="104.0193972592436"><ele>494</ele><time>2025-08-27T13:40:12.000Z</time></trkpt>
<trkpt lat="30.67688476204971" lon="104.0193097573596"><ele>494</ele><time>2025-08-27T13:40:14.000Z</time></trkpt>
<trkpt lat="30.67677996344601" lon="104.0192502528673"><ele>494</ele><time>2025-08-27T13:40:16.000Z</time></trkpt>
<trkpt lat="30.67668674075117" lon="104.0192374923318"><ele>495</ele><time>2025-08-27T13:40:25.000Z</time></trkpt>
<trkpt lat="30.67658055374382" lon="104.0192288554817"><ele>496</ele><time>2025-08-27T13:41:39.000Z</time></trkpt>
<trkpt lat="30.67647805627325" lon="104.0191854672636"><ele>496</ele><time>2025-08-27T13:41:42.000Z</time></trkpt>
<trkpt lat="30.67638469992374" lon="104.0191664742864"><ele>496</ele><time>2025-08-27T13:41:44.000Z</time></trkpt>
<trkpt lat="30.67625990797286" lon="104.0191398301733"><ele>497</ele><time>2025-08-27T13:41:47.000Z</time></trkpt>
<trkpt lat="30.67612588642145" lon="104.0191022779475"><ele>496</ele><time>2025-08-27T13:41:49.000Z</time></trkpt>
<trkpt lat="30.67600109537139" lon="104.0190295564801"><ele>495</ele><time>2025-08-27T13:41:51.000Z</time></trkpt>
<trkpt lat="30.6758689665514" lon="104.018971830979"><ele>494</ele><time>2025-08-27T13:41:53.000Z</time></trkpt>
<trkpt lat="30.67572593160665" lon="104.0190095838108"><ele>493</ele><time>2025-08-27T13:41:55.000Z</time></trkpt>
<trkpt lat="30.67557535071232" lon="104.0189701905715"><ele>493</ele><time>2025-08-27T13:41:57.000Z</time></trkpt>
<trkpt lat="30.67542275786524" lon="104.0189481388563"><ele>494</ele><time>2025-08-27T13:41:59.000Z</time></trkpt>
<trkpt lat="30.67536160654907" lon="104.0188360286979"><ele>494</ele><time>2025-08-27T13:42:00.000Z</time></trkpt>
<trkpt lat="30.67520477593975" lon="104.0187994093447"><ele>495</ele><time>2025-08-27T13:42:02.000Z</time></trkpt>
<trkpt lat="30.67504555630332" lon="104.0187772289311"><ele>494</ele><time>2025-08-27T13:42:04.000Z</time></trkpt>
<trkpt lat="30.67488852667411" lon="104.0187633754322"><ele>494</ele><time>2025-08-27T13:42:06.000Z</time></trkpt>
<trkpt lat="30.67471957545742" lon="104.0187668091161"><ele>495</ele><time>2025-08-27T13:42:08.000Z</time></trkpt>
<trkpt lat="30.67453715377913" lon="104.018770087232"><ele>494</ele><time>2025-08-27T13:42:10.000Z</time></trkpt>
<trkpt lat="30.67436530611091" lon="104.0187753441475"><ele>494</ele><time>2025-08-27T13:42:12.000Z</time></trkpt>
<trkpt lat="30.67419222552341" lon="104.0187744974834"><ele>494</ele><time>2025-08-27T13:42:14.000Z</time></trkpt>
<trkpt lat="30.67402146927725" lon="104.0187812553485"><ele>494</ele><time>2025-08-27T13:42:16.000Z</time></trkpt>
<trkpt lat="30.67384693756666" lon="104.0187854392183"><ele>494</ele><time>2025-08-27T13:42:18.000Z</time></trkpt>
<trkpt lat="30.67367608020156" lon="104.018782042575"><ele>494</ele><time>2025-08-27T13:42:20.000Z</time></trkpt>
<trkpt lat="30.67349993993366" lon="104.0187904059982"><ele>494</ele><time>2025-08-27T13:42:22.000Z</time></trkpt>
<trkpt lat="30.67333745320278" lon="104.0188029311456"><ele>494</ele><time>2025-08-27T13:42:24.000Z</time></trkpt>
<trkpt lat="30.67324537391868" lon="104.0187999608025"><ele>494</ele><time>2025-08-27T13:42:25.000Z</time></trkpt>
<trkpt lat="30.67307147858896" lon="104.0187959035724"><ele>494</ele><time>2025-08-27T13:42:27.000Z</time></trkpt>
<trkpt lat="30.67292221581941" lon="104.0187579538507"><ele>495</ele><time>2025-08-27T13:42:29.000Z</time></trkpt>
<trkpt lat="30.67275453137969" lon="104.0187234736848"><ele>495</ele><time>2025-08-27T13:42:31.000Z</time></trkpt>
<trkpt lat="30.67258251616625" lon="104.018703169287"><ele>496</ele><time>2025-08-27T13:42:33.000Z</time></trkpt>
<trkpt lat="30.67243852910851" lon="104.0187081262603"><ele>496</ele><time>2025-08-27T13:42:35.000Z</time></trkpt>
<trkpt lat="30.67235994670994" lon="104.0187805131456"><ele>497</ele><time>2025-08-27T13:42:36.000Z</time></trkpt>
<trkpt lat="30.67222283284614" lon="104.0188393574857"><ele>496</ele><time>2025-08-27T13:42:38.000Z</time></trkpt>
<trkpt lat="30.67208815999215" lon="104.0188417227586"><ele>497</ele><time>2025-08-27T13:42:40.000Z</time></trkpt>
<trkpt lat="30.67194943479068" lon="104.0188260209151"><ele>497</ele><time>2025-08-27T13:42:42.000Z</time></trkpt>
<trkpt lat="30.67180606149111" lon="104.0187970495548"><ele>497</ele><time>2025-08-27T13:42:44.000Z</time></trkpt>
<trkpt lat="30.67164548322801" lon="104.0188198890843"><ele>496</ele><time>2025-08-27T13:42:46.000Z</time></trkpt>
<trkpt lat="30.67147153007857" lon="104.0188361969648"><ele>496</ele><time>2025-08-27T13:42:48.000Z</time></trkpt>
<trkpt lat="30.67131534157911" lon="104.0188630207954"><ele>496</ele><time>2025-08-27T13:42:50.000Z</time></trkpt>
<trkpt lat="30.67115719335374" lon="104.0188829558233"><ele>496</ele><time>2025-08-27T13:42:52.000Z</time></trkpt>
<trkpt lat="30.67099234480583" lon="104.018892681114"><ele>496</ele><time>2025-08-27T13:42:54.000Z</time></trkpt>
<trkpt lat="30.67090200688" lon="104.0189060673433"><ele>496</ele><time>2025-08-27T13:42:55.000Z</time></trkpt>
<trkpt lat="30.67073483341498" lon="104.0189256829928"><ele>495</ele><time>2025-08-27T13:42:57.000Z</time></trkpt>
<trkpt lat="30.6705581572907" lon="104.0189386616135"><ele>494</ele><time>2025-08-27T13:42:59.000Z</time></trkpt>
<trkpt lat="30.67037989806003" lon="104.0189372751602"><ele>494</ele><time>2025-08-27T13:43:01.000Z</time></trkpt>
<trkpt lat="30.67020103447723" lon="104.0189324449577"><ele>492</ele><time>2025-08-27T13:43:03.000Z</time></trkpt>
<trkpt lat="30.67002953554758" lon="104.0189434040574"><ele>493</ele><time>2025-08-27T13:43:05.000Z</time></trkpt>
<trkpt lat="30.66984863076669" lon="104.0189382443483"><ele>493</ele><time>2025-08-27T13:43:07.000Z</time></trkpt>
<trkpt lat="30.66975592562021" lon="104.0189491030267"><ele>492</ele><time>2025-08-27T13:43:08.000Z</time></trkpt>
<trkpt lat="30.66957823814725" lon="104.0189617437537"><ele>492</ele><time>2025-08-27T13:43:10.000Z</time></trkpt>
<trkpt lat="30.66941074844637" lon="104.0189751234171"><ele>491</ele><time>2025-08-27T13:43:12.000Z</time></trkpt>
<trkpt lat="30.6692431719721" lon="104.0189819321731"><ele>491</ele><time>2025-08-27T13:43:14.000Z</time></trkpt>
<trkpt lat="30.66915067418476" lon="104.0189820728803"><ele>490</ele><time>2025-08-27T13:43:15.000Z</time></trkpt>
<trkpt lat="30.66897906140227" lon="104.0189850067241"><ele>490</ele><time>2025-08-27T13:43:17.000Z</time></trkpt>
<trkpt lat="30.66888789553006" lon="104.0189776534668"><ele>490</ele><time>2025-08-27T13:43:18.000Z</time></trkpt>
<trkpt lat="30.66871584616488" lon="104.0189722396153"><ele>490</ele><time>2025-08-27T13:43:20.000Z</time></trkpt>
<trkpt lat="30.66854030820303" lon="104.0189717022888"><ele>489</ele><time>2025-08-27T13:43:22.000Z</time></trkpt>
<trkpt lat="30.66836253915537" lon="104.0189690569643"><ele>490</ele><time>2025-08-27T13:43:24.000Z</time></trkpt>
<trkpt lat="30.668271181091" lon="104.0189640496497"><ele>489</ele><time>2025-08-27T13:43:25.000Z</time></trkpt>
<trkpt lat="30.66809542605473" lon="104.0189607314384"><ele>490</ele><time>2025-08-27T13:43:27.000Z</time></trkpt>
<trkpt lat="30.66792232393177" lon="104.018942994035"><ele>490</ele><time>2025-08-27T13:43:29.000Z</time></trkpt>
<trkpt lat="30.6678265642387" lon="104.0189395565001"><ele>488</ele><time>2025-08-27T13:43:30.000Z</time></trkpt>
<trkpt lat="30.66772869655913" lon="104.0189290566746"><ele>489</ele><time>2025-08-27T13:43:31.000Z</time></trkpt>
<trkpt lat="30.66763806407139" lon="104.0189316852238"><ele>489</ele><time>2025-08-27T13:43:32.000Z</time></trkpt>
<trkpt lat="30.66754385323508" lon="104.0189249154491"><ele>490</ele><time>2025-08-27T13:43:33.000Z</time></trkpt>
<trkpt lat="30.667362508747" lon="104.0189229641474"><ele>490</ele><time>2025-08-27T13:43:35.000Z</time></trkpt>
<trkpt lat="30.66718845053233" lon="104.0189257889322"><ele>491</ele><time>2025-08-27T13:43:37.000Z</time></trkpt>
<trkpt lat="30.66701391052819" lon="104.0189272641087"><ele>491</ele><time>2025-08-27T13:43:39.000Z</time></trkpt>
<trkpt lat="30.66684813622337" lon="104.0189307971752"><ele>491</ele><time>2025-08-27T13:43:41.000Z</time></trkpt>
<trkpt lat="30.66667898989753" lon="104.0189286439164"><ele>491</ele><time>2025-08-27T13:43:43.000Z</time></trkpt>
<trkpt lat="30.66651733022296" lon="104.0189222311116"><ele>490</ele><time>2025-08-27T13:43:45.000Z</time></trkpt>
<trkpt lat="30.66635519446602" lon="104.0189220916415"><ele>490</ele><time>2025-08-27T13:43:47.000Z</time></trkpt>
<trkpt lat="30.66616661896652" lon="104.0188831492666"><ele>490</ele><time>2025-08-27T13:43:49.000Z</time></trkpt>
<trkpt lat="30.66607543966736" lon="104.0188686057881"><ele>489</ele><time>2025-08-27T13:43:50.000Z</time></trkpt>
<trkpt lat="30.66590317423636" lon="104.018866957549"><ele>489</ele><time>2025-08-27T13:43:52.000Z</time></trkpt>
<trkpt lat="30.66574788295529" lon="104.0188592498406"><ele>491</ele><time>2025-08-27T13:43:54.000Z</time></trkpt>
<trkpt lat="30.66559192621367" lon="104.0188674371505"><ele>491</ele><time>2025-08-27T13:43:56.000Z</time></trkpt>
<trkpt lat="30.66543533792312" lon="104.018858118153"><ele>491</ele><time>2025-08-27T13:43:58.000Z</time></trkpt>
<trkpt lat="30.66529543572835" lon="104.0189018071168"><ele>491</ele><time>2025-08-27T13:44:00.000Z</time></trkpt>
<trkpt lat="30.66515782921288" lon="104.0189181875884"><ele>493</ele><time>2025-08-27T13:44:02.000Z</time></trkpt>
<trkpt lat="30.66505540142727" lon="104.0189333590496"><ele>489</ele><time>2025-08-27T13:44:04.000Z</time></trkpt>
<trkpt lat="30.66498536301522" lon="104.0190023362188"><ele>489</ele><time>2025-08-27T13:44:21.000Z</time></trkpt>
<trkpt lat="30.66489510529476" lon="104.0190371778923"><ele>489</ele><time>2025-08-27T13:44:23.000Z</time></trkpt>
<trkpt lat="30.6647834792717" lon="104.0190689421647"><ele>489</ele><time>2025-08-27T13:44:25.000Z</time></trkpt>
<trkpt lat="30.66465736269117" lon="104.019108702814"><ele>489</ele><time>2025-08-27T13:44:27.000Z</time></trkpt>
<trkpt lat="30.66453425904854" lon="104.0190954396809"><ele>489</ele><time>2025-08-27T13:44:29.000Z</time></trkpt>
<trkpt lat="30.66440687936581" lon="104.0190956695991"><ele>489</ele><time>2025-08-27T13:44:31.000Z</time></trkpt>
<trkpt lat="30.66428573195168" lon="104.0190919504279"><ele>489</ele><time>2025-08-27T13:44:33.000Z</time></trkpt>
<trkpt lat="30.66414368802197" lon="104.0190901229314"><ele>489</ele><time>2025-08-27T13:44:35.000Z</time></trkpt>
<trkpt lat="30.66398994832291" lon="104.0190693592158"><ele>489</ele><time>2025-08-27T13:44:37.000Z</time></trkpt>
<trkpt lat="30.66385064997087" lon="104.0190612876418"><ele>489</ele><time>2025-08-27T13:44:39.000Z</time></trkpt>
<trkpt lat="30.66370340463815" lon="104.0190598186212"><ele>490</ele><time>2025-08-27T13:44:41.000Z</time></trkpt>
<trkpt lat="30.66354668437889" lon="104.0190556925317"><ele>491</ele><time>2025-08-27T13:44:43.000Z</time></trkpt>
<trkpt lat="30.66335866443392" lon="104.0190110071779"><ele>492</ele><time>2025-08-27T13:44:45.000Z</time></trkpt>
<trkpt lat="30.66326814634455" lon="104.0189956084898"><ele>492</ele><time>2025-08-27T13:44:46.000Z</time></trkpt>
<trkpt lat="30.66309467194424" lon="104.0190134679396"><ele>492</ele><time>2025-08-27T13:44:48.000Z</time></trkpt>
<trkpt lat="30.6629281985561" lon="104.0190314323076"><ele>492</ele><time>2025-08-27T13:44:50.000Z</time></trkpt>
<trkpt lat="30.66281592196274" lon="104.0190179982077"><ele>492</ele><time>2025-08-27T13:44:51.000Z</time></trkpt>
<trkpt lat="30.66264469646179" lon="104.0190083689612"><ele>492</ele><time>2025-08-27T13:44:53.000Z</time></trkpt>
<trkpt lat="30.6624727050019" lon="104.0189875557855"><ele>491</ele><time>2025-08-27T13:44:55.000Z</time></trkpt>
<trkpt lat="30.66229931485297" lon="104.0189665216328"><ele>490</ele><time>2025-08-27T13:44:57.000Z</time></trkpt>
<trkpt lat="30.6622091306982" lon="104.0189596778314"><ele>490</ele><time>2025-08-27T13:44:58.000Z</time></trkpt>
<trkpt lat="30.66209551136663" lon="104.0189583714213"><ele>488</ele><time>2025-08-27T13:44:59.000Z</time></trkpt>
<trkpt lat="30.66194496913166" lon="104.0189564996629"><ele>497</ele><time>2025-08-27T13:45:01.000Z</time></trkpt>
<trkpt lat="30.66177069613427" lon="104.0189336390403"><ele>497</ele><time>2025-08-27T13:45:03.000Z</time></trkpt>
<trkpt lat="30.66167230419847" lon="104.0189083238328"><ele>497</ele><time>2025-08-27T13:45:04.000Z</time></trkpt>
<trkpt lat="30.66157553732191" lon="104.0188945037468"><ele>497</ele><time>2025-08-27T13:45:05.000Z</time></trkpt>
<trkpt lat="30.66139166299178" lon="104.0188930478709"><ele>497</ele><time>2025-08-27T13:45:07.000Z</time></trkpt>
<trkpt lat="30.66129748424449" lon="104.0188935634584"><ele>497</ele><time>2025-08-27T13:45:08.000Z</time></trkpt>
<trkpt lat="30.66120473236192" lon="104.0188975732631"><ele>498</ele><time>2025-08-27T13:45:09.000Z</time></trkpt>
<trkpt lat="30.66103723708243" lon="104.0188604395711"><ele>498</ele><time>2025-08-27T13:45:11.000Z</time></trkpt>
<trkpt lat="30.66087147996835" lon="104.0189101545859"><ele>499</ele><time>2025-08-27T13:45:13.000Z</time></trkpt>
<trkpt lat="30.66077738349787" lon="104.0189199175732"><ele>498</ele><time>2025-08-27T13:45:14.000Z</time></trkpt>
<trkpt lat="30.66068738978516" lon="104.0189338982453"><ele>498</ele><time>2025-08-27T13:45:15.000Z</time></trkpt>
<trkpt lat="30.66052338278201" lon="104.0189542696294"><ele>499</ele><time>2025-08-27T13:45:17.000Z</time></trkpt>
<trkpt lat="30.66034789416975" lon="104.0189747295402"><ele>499</ele><time>2025-08-27T13:45:19.000Z</time></trkpt>
<trkpt lat="30.66018709793802" lon="104.0189823541287"><ele>499</ele><time>2025-08-27T13:45:21.000Z</time></trkpt>
<trkpt lat="30.66003536252549" lon="104.0190423362141"><ele>499</ele><time>2025-08-27T13:45:23.000Z</time></trkpt>
<trkpt lat="30.65994071942737" lon="104.0190442198361"><ele>499</ele><time>2025-08-27T13:45:24.000Z</time></trkpt>
<trkpt lat="30.65977728308492" lon="104.0190230026799"><ele>499</ele><time>2025-08-27T13:45:26.000Z</time></trkpt>
<trkpt lat="30.65964616714545" lon="104.0190352517075"><ele>499</ele><time>2025-08-27T13:45:28.000Z</time></trkpt>
<trkpt lat="30.65950488580728" lon="104.0190458636998"><ele>498</ele><time>2025-08-27T13:45:30.000Z</time></trkpt>
<trkpt lat="30.65935107795207" lon="104.0190723903177"><ele>496</ele><time>2025-08-27T13:45:32.000Z</time></trkpt>
<trkpt lat="30.6590511437715" lon="104.0191982496144"><ele>495</ele><time>2025-08-27T13:45:34.000Z</time></trkpt>
<trkpt lat="30.65895942656779" lon="104.0192003435467"><ele>495</ele><time>2025-08-27T13:45:35.000Z</time></trkpt>
<trkpt lat="30.65879473276237" lon="104.019203731307"><ele>494</ele><time>2025-08-27T13:45:37.000Z</time></trkpt>
<trkpt lat="30.65864070314431" lon="104.01920941843"><ele>493</ele><time>2025-08-27T13:45:39.000Z</time></trkpt>
<trkpt lat="30.65847035557035" lon="104.0192202288014"><ele>492</ele><time>2025-08-27T13:45:41.000Z</time></trkpt>
<trkpt lat="30.65830489912548" lon="104.0192280287675"><ele>493</ele><time>2025-08-27T13:45:43.000Z</time></trkpt>
<trkpt lat="30.65814264007069" lon="104.0192201461073"><ele>493</ele><time>2025-08-27T13:45:45.000Z</time></trkpt>
<trkpt lat="30.6579766794732" lon="104.0192177103266"><ele>492</ele><time>2025-08-27T13:45:47.000Z</time></trkpt>
<trkpt lat="30.65781123179479" lon="104.0192248513094"><ele>493</ele><time>2025-08-27T13:45:49.000Z</time></trkpt>
<trkpt lat="30.65761273853005" lon="104.019223323062"><ele>492</ele><time>2025-08-27T13:45:51.000Z</time></trkpt>
<trkpt lat="30.65751177015675" lon="104.0192304858942"><ele>492</ele><time>2025-08-27T13:45:52.000Z</time></trkpt>
<trkpt lat="30.65741292034363" lon="104.0192388410292"><ele>492</ele><time>2025-08-27T13:45:53.000Z</time></trkpt>
<trkpt lat="30.6573204925618" lon="104.0192326688922"><ele>492</ele><time>2025-08-27T13:45:54.000Z</time></trkpt>
<trkpt lat="30.65718115092577" lon="104.0192652787554"><ele>492</ele><time>2025-08-27T13:45:56.000Z</time></trkpt>
<trkpt lat="30.65701899665882" lon="104.019261731335"><ele>492</ele><time>2025-08-27T13:45:58.000Z</time></trkpt>
<trkpt lat="30.65686123453032" lon="104.019265908687"><ele>492</ele><time>2025-08-27T13:46:00.000Z</time></trkpt>
<trkpt lat="30.65670518156556" lon="104.0192683187039"><ele>492</ele><time>2025-08-27T13:46:02.000Z</time></trkpt>
<trkpt lat="30.65654302015358" lon="104.0192758174566"><ele>492</ele><time>2025-08-27T13:46:04.000Z</time></trkpt>
<trkpt lat="30.65637629096357" lon="104.0192755541274"><ele>492</ele><time>2025-08-27T13:46:06.000Z</time></trkpt>
<trkpt lat="30.6562075847038" lon="104.0192833075132"><ele>492</ele><time>2025-08-27T13:46:08.000Z</time></trkpt>
<trkpt lat="30.65611675292585" lon="104.019282697798"><ele>492</ele><time>2025-08-27T13:46:09.000Z</time></trkpt>
<trkpt lat="30.65594734706775" lon="104.0192945301584"><ele>493</ele><time>2025-08-27T13:46:11.000Z</time></trkpt>
<trkpt lat="30.65579099991574" lon="104.0192944031454"><ele>493</ele><time>2025-08-27T13:46:13.000Z</time></trkpt>
<trkpt lat="30.65563978930649" lon="104.0192812773459"><ele>493</ele><time>2025-08-27T13:46:15.000Z</time></trkpt>
<trkpt lat="30.65549513066017" lon="104.0192827459447"><ele>493</ele><time>2025-08-27T13:46:17.000Z</time></trkpt>
<trkpt lat="30.6553637273074" lon="104.0193002851631"><ele>494</ele><time>2025-08-27T13:46:19.000Z</time></trkpt>
<trkpt lat="30.65522571754884" lon="104.0192953635623"><ele>494</ele><time>2025-08-27T13:46:21.000Z</time></trkpt>
<trkpt lat="30.6550785860765" lon="104.0193043837799"><ele>495</ele><time>2025-08-27T13:46:23.000Z</time></trkpt>
<trkpt lat="30.65495439004251" lon="104.0193057271438"><ele>496</ele><time>2025-08-27T13:46:25.000Z</time></trkpt>
<trkpt lat="30.65483276742169" lon="104.019307937243"><ele>496</ele><time>2025-08-27T13:46:27.000Z</time></trkpt>
<trkpt lat="30.65471519495899" lon="104.0193138961319"><ele>496</ele><time>2025-08-27T13:46:29.000Z</time></trkpt>
<trkpt lat="30.65459279801843" lon="104.0193024720139"><ele>496</ele><time>2025-08-27T13:46:31.000Z</time></trkpt>
<trkpt lat="30.65449093397732" lon="104.019302540398"><ele>496</ele><time>2025-08-27T13:46:34.000Z</time></trkpt>
<trkpt lat="30.65436615743405" lon="104.0193063660915"><ele>497</ele><time>2025-08-27T13:46:39.000Z</time></trkpt>
<trkpt lat="30.6542592053071" lon="104.0193373772301"><ele>497</ele><time>2025-08-27T13:46:41.000Z</time></trkpt>
<trkpt lat="30.65414725153849" lon="104.0193509616911"><ele>497</ele><time>2025-08-27T13:46:43.000Z</time></trkpt>
<trkpt lat="30.65403871646058" lon="104.0193693483829"><ele>496</ele><time>2025-08-27T13:46:45.000Z</time></trkpt>
<trkpt lat="30.65390117373406" lon="104.0193467494351"><ele>497</ele><time>2025-08-27T13:46:47.000Z</time></trkpt>
<trkpt lat="30.65377021347314" lon="104.0193451513492"><ele>497</ele><time>2025-08-27T13:46:49.000Z</time></trkpt>
<trkpt lat="30.65364064089087" lon="104.0194082400283"><ele>497</ele><time>2025-08-27T13:46:51.000Z</time></trkpt>
<trkpt lat="30.65356326163987" lon="104.0193529356762"><ele>497</ele><time>2025-08-27T13:46:52.000Z</time></trkpt>
<trkpt lat="30.65343212838532" lon="104.0193604154985"><ele>497</ele><time>2025-08-27T13:46:54.000Z</time></trkpt>
<trkpt lat="30.65329000079123" lon="104.0193604855639"><ele>497</ele><time>2025-08-27T13:46:56.000Z</time></trkpt>
<trkpt lat="30.65314841128196" lon="104.0193500933621"><ele>497</ele><time>2025-08-27T13:46:58.000Z</time></trkpt>
<trkpt lat="30.65300808848667" lon="104.0193730706549"><ele>497</ele><time>2025-08-27T13:47:00.000Z</time></trkpt>
<trkpt lat="30.65291955109593" lon="104.0193214999761"><ele>497</ele><time>2025-08-27T13:47:01.000Z</time></trkpt>
<trkpt lat="30.65276221172604" lon="104.0193176469859"><ele>497</ele><time>2025-08-27T13:47:03.000Z</time></trkpt>
<trkpt lat="30.65258809918711" lon="104.0194092925519"><ele>497</ele><time>2025-08-27T13:47:05.000Z</time></trkpt>
<trkpt lat="30.65246317640203" lon="104.0194033473362"><ele>498</ele><time>2025-08-27T13:47:06.000Z</time></trkpt>
<trkpt lat="30.65232341003122" lon="104.0194038545726"><ele>499</ele><time>2025-08-27T13:47:07.000Z</time></trkpt>
<trkpt lat="30.65220551674914" lon="104.0193954486271"><ele>499</ele><time>2025-08-27T13:47:08.000Z</time></trkpt>
<trkpt lat="30.65211337334581" lon="104.019397407206"><ele>499</ele><time>2025-08-27T13:47:09.000Z</time></trkpt>
<trkpt lat="30.65194666727329" lon="104.0194015464639"><ele>499</ele><time>2025-08-27T13:47:11.000Z</time></trkpt>
<trkpt lat="30.65178302002976" lon="104.0194108945917"><ele>500</ele><time>2025-08-27T13:47:13.000Z</time></trkpt>
<trkpt lat="30.65161979463979" lon="104.019411808292"><ele>500</ele><time>2025-08-27T13:47:15.000Z</time></trkpt>
<trkpt lat="30.65145742797599" lon="104.0194412615796"><ele>499</ele><time>2025-08-27T13:47:17.000Z</time></trkpt>
<trkpt lat="30.65129229264757" lon="104.0194574392241"><ele>500</ele><time>2025-08-27T13:47:19.000Z</time></trkpt>
<trkpt lat="30.65109813195658" lon="104.0194452763058"><ele>501</ele><time>2025-08-27T13:47:20.000Z</time></trkpt>
<trkpt lat="30.65093413470579" lon="104.0194331736797"><ele>502</ele><time>2025-08-27T13:47:22.000Z</time></trkpt>
<trkpt lat="30.65076429386766" lon="104.0194461961847"><ele>503</ele><time>2025-08-27T13:47:24.000Z</time></trkpt>
<trkpt lat="30.65059780667277" lon="104.0194590865686"><ele>502</ele><time>2025-08-27T13:47:26.000Z</time></trkpt>
<trkpt lat="30.65045847576076" lon="104.0194274562535"><ele>502</ele><time>2025-08-27T13:47:27.000Z</time></trkpt>
<trkpt lat="30.65031360631573" lon="104.019358232315"><ele>502</ele><time>2025-08-27T13:47:29.000Z</time></trkpt>
<trkpt lat="30.65038178427752" lon="104.0194325397879"><ele>503</ele><time>2025-08-27T13:47:31.000Z</time></trkpt>
<trkpt lat="30.65031176045093" lon="104.0195111788127"><ele>503</ele><time>2025-08-27T13:48:55.000Z</time></trkpt>
<trkpt lat="30.6501765124554" lon="104.0195299343499"><ele>503</ele><time>2025-08-27T13:48:58.000Z</time></trkpt>
<trkpt lat="30.65006479444479" lon="104.0195253491159"><ele>504</ele><time>2025-08-27T13:49:00.000Z</time></trkpt>
<trkpt lat="30.64992612170978" lon="104.0194877156949"><ele>504</ele><time>2025-08-27T13:49:02.000Z</time></trkpt>
<trkpt lat="30.64976779291385" lon="104.0194372066887"><ele>504</ele><time>2025-08-27T13:49:04.000Z</time></trkpt>
<trkpt lat="30.64964477327819" lon="104.0195615205082"><ele>504</ele><time>2025-08-27T13:49:06.000Z</time></trkpt>
<trkpt lat="30.64952527528209" lon="104.0195653330488"><ele>505</ele><time>2025-08-27T13:49:08.000Z</time></trkpt>
<trkpt lat="30.64935087760773" lon="104.0195663288082"><ele>505</ele><time>2025-08-27T13:49:10.000Z</time></trkpt>
<trkpt lat="30.64918267366986" lon="104.0195679332059"><ele>505</ele><time>2025-08-27T13:49:12.000Z</time></trkpt>
<trkpt lat="30.64909675920592" lon="104.0193991001077"><ele>505</ele><time>2025-08-27T13:49:13.000Z</time></trkpt>
<trkpt lat="30.6489235837209" lon="104.019405081259"><ele>505</ele><time>2025-08-27T13:49:15.000Z</time></trkpt>
<trkpt lat="30.64873274086553" lon="104.0194065923563"><ele>505</ele><time>2025-08-27T13:49:17.000Z</time></trkpt>
<trkpt lat="30.64863593064111" lon="104.0194037942122"><ele>505</ele><time>2025-08-27T13:49:18.000Z</time></trkpt>
<trkpt lat="30.64721817173821" lon="104.0198202513577"><ele>505</ele><time>2025-08-27T13:49:35.000Z</time></trkpt>
<trkpt lat="30.64712565221827" lon="104.0198515485981"><ele>505</ele><time>2025-08-27T13:49:36.000Z</time></trkpt>
<trkpt lat="30.64704215867721" lon="104.0198963665975"><ele>505</ele><time>2025-08-27T13:49:37.000Z</time></trkpt>
<trkpt lat="30.64696186061641" lon="104.0199735596071"><ele>505</ele><time>2025-08-27T13:49:38.000Z</time></trkpt>
<trkpt lat="30.64687795808823" lon="104.0200405474061"><ele>505</ele><time>2025-08-27T13:49:39.000Z</time></trkpt>
<trkpt lat="30.64680208253408" lon="104.0201124130179"><ele>505</ele><time>2025-08-27T13:49:40.000Z</time></trkpt>
<trkpt lat="30.6467280751258" lon="104.0201764821507"><ele>505</ele><time>2025-08-27T13:49:41.000Z</time></trkpt>
<trkpt lat="30.64665418029588" lon="104.0202410322207"><ele>504</ele><time>2025-08-27T13:49:42.000Z</time></trkpt>
<trkpt lat="30.646577177216" lon="104.0203179751998"><ele>504</ele><time>2025-08-27T13:49:43.000Z</time></trkpt>
<trkpt lat="30.6464993474647" lon="104.0203895821597"><ele>504</ele><time>2025-08-27T13:49:44.000Z</time></trkpt>
<trkpt lat="30.64642787273644" lon="104.0204619151666"><ele>503</ele><time>2025-08-27T13:49:45.000Z</time></trkpt>
<trkpt lat="30.64629397242757" lon="104.0205978466208"><ele>503</ele><time>2025-08-27T13:49:47.000Z</time></trkpt>
<trkpt lat="30.64622510569938" lon="104.0206689559375"><ele>504</ele><time>2025-08-27T13:49:48.000Z</time></trkpt>
<trkpt lat="30.64609022237788" lon="104.0208099470697"><ele>503</ele><time>2025-08-27T13:49:50.000Z</time></trkpt>
<trkpt lat="30.64597194950045" lon="104.0209371316476"><ele>503</ele><time>2025-08-27T13:49:52.000Z</time></trkpt>
<trkpt lat="30.64585944102846" lon="104.0210694782023"><ele>502</ele><time>2025-08-27T13:49:54.000Z</time></trkpt>
<trkpt lat="30.64576487734928" lon="104.021158786381"><ele>503</ele><time>2025-08-27T13:49:56.000Z</time></trkpt>
<trkpt lat="30.64564624039837" lon="104.0212865851385"><ele>503</ele><time>2025-08-27T13:49:58.000Z</time></trkpt>
<trkpt lat="30.64553575379971" lon="104.0214069727864"><ele>503</ele><time>2025-08-27T13:50:00.000Z</time></trkpt>
<trkpt lat="30.64545760352075" lon="104.0214999595502"><ele>502</ele><time>2025-08-27T13:50:03.000Z</time></trkpt>
<trkpt lat="30.64535696668941" lon="104.0215623878098"><ele>503</ele><time>2025-08-27T13:50:09.000Z</time></trkpt>
<trkpt lat="30.64528978553294" lon="104.0216804545331"><ele>503</ele><time>2025-08-27T13:51:44.000Z</time></trkpt>
<trkpt lat="30.64520205799667" lon="104.0218115406146"><ele>503</ele><time>2025-08-27T13:51:47.000Z</time></trkpt>
<trkpt lat="30.64511911248033" lon="104.0219257113787"><ele>503</ele><time>2025-08-27T13:51:49.000Z</time></trkpt>
<trkpt lat="30.6450175669837" lon="104.0220325465775"><ele>503</ele><time>2025-08-27T13:51:51.000Z</time></trkpt>
<trkpt lat="30.64490091436994" lon="104.0221437835509"><ele>503</ele><time>2025-08-27T13:51:53.000Z</time></trkpt>
<trkpt lat="30.64480574510593" lon="104.0223030090033"><ele>503</ele><time>2025-08-27T13:51:55.000Z</time></trkpt>
<trkpt lat="30.64466927982557" lon="104.0224106949335"><ele>503</ele><time>2025-08-27T13:51:57.000Z</time></trkpt>
<trkpt lat="30.64453943097627" lon="104.0225291491775"><ele>503</ele><time>2025-08-27T13:51:59.000Z</time></trkpt>
<trkpt lat="30.64440909418481" lon="104.0226145475216"><ele>503</ele><time>2025-08-27T13:52:01.000Z</time></trkpt>
<trkpt lat="30.64430905893919" lon="104.0226705717667"><ele>502</ele><time>2025-08-27T13:52:02.000Z</time></trkpt>
<trkpt lat="30.64420197301592" lon="104.022701146706"><ele>502</ele><time>2025-08-27T13:52:03.000Z</time></trkpt>
<trkpt lat="30.64409998031174" lon="104.0227391952661"><ele>502</ele><time>2025-08-27T13:52:04.000Z</time></trkpt>
<trkpt lat="30.64392760666389" lon="104.0228375674257"><ele>502</ele><time>2025-08-27T13:52:06.000Z</time></trkpt>
<trkpt lat="30.64386215561376" lon="104.0229250824618"><ele>502</ele><time>2025-08-27T13:52:07.000Z</time></trkpt>
<trkpt lat="30.64373847044719" lon="104.0230601467176"><ele>501</ele><time>2025-08-27T13:52:09.000Z</time></trkpt>
<trkpt lat="30.64359626689901" lon="104.0232112316212"><ele>501</ele><time>2025-08-27T13:52:11.000Z</time></trkpt>
<trkpt lat="30.6434917097398" lon="104.0233659103123"><ele>501</ele><time>2025-08-27T13:52:13.000Z</time></trkpt>
<trkpt lat="30.64343444101334" lon="104.023453777532"><ele>501</ele><time>2025-08-27T13:52:14.000Z</time></trkpt>
<trkpt lat="30.64337425557895" lon="104.0235796959876"><ele>501</ele><time>2025-08-27T13:52:15.000Z</time></trkpt>
<trkpt lat="30.64330147661819" lon="104.0236720456471"><ele>501</ele><time>2025-08-27T13:52:16.000Z</time></trkpt>
<trkpt lat="30.64323009922742" lon="104.0237489262609"><ele>501</ele><time>2025-08-27T13:52:17.000Z</time></trkpt>
<trkpt lat="30.64310011953629" lon="104.023909806517"><ele>501</ele><time>2025-08-27T13:52:19.000Z</time></trkpt>
<trkpt lat="30.64303572615113" lon="104.0240356996236"><ele>501</ele><time>2025-08-27T13:52:20.000Z</time></trkpt>
<trkpt lat="30.64296263372006" lon="104.0241143628903"><ele>501</ele><time>2025-08-27T13:52:21.000Z</time></trkpt>
<trkpt lat="30.64289280520137" lon="104.0241977513795"><ele>501</ele><time>2025-08-27T13:52:22.000Z</time></trkpt>
<trkpt lat="30.64281490754365" lon="104.0242567107451"><ele>500</ele><time>2025-08-27T13:52:23.000Z</time></trkpt>
<trkpt lat="30.64267108801348" lon="104.0243592305483"><ele>500</ele><time>2025-08-27T13:52:25.000Z</time></trkpt>
<trkpt lat="30.64260367681975" lon="104.0244366768762"><ele>500</ele><time>2025-08-27T13:52:26.000Z</time></trkpt>
<trkpt lat="30.64246605279424" lon="104.0245589595193"><ele>500</ele><time>2025-08-27T13:52:28.000Z</time></trkpt>
<trkpt lat="30.642392940878" lon="104.024621451532"><ele>500</ele><time>2025-08-27T13:52:29.000Z</time></trkpt>
<trkpt lat="30.64226961476903" lon="104.0247365532333"><ele>500</ele><time>2025-08-27T13:52:31.000Z</time></trkpt>
<trkpt lat="30.64211321870025" lon="104.0248360060915"><ele>500</ele><time>2025-08-27T13:52:33.000Z</time></trkpt>
<trkpt lat="30.64197673891373" lon="104.0249679310971"><ele>500</ele><time>2025-08-27T13:52:35.000Z</time></trkpt>
<trkpt lat="30.64191222422728" lon="104.025043022065"><ele>500</ele><time>2025-08-27T13:52:36.000Z</time></trkpt>
<trkpt lat="30.64183834899016" lon="104.0251119858531"><ele>500</ele><time>2025-08-27T13:52:37.000Z</time></trkpt>
<trkpt lat="30.64176163363361" lon="104.0251832344375"><ele>500</ele><time>2025-08-27T13:52:38.000Z</time></trkpt>
<trkpt lat="30.6416800760092" lon="104.0252502249111"><ele>499</ele><time>2025-08-27T13:52:39.000Z</time></trkpt>
<trkpt lat="30.64160869335139" lon="104.0253147516644"><ele>499</ele><time>2025-08-27T13:52:40.000Z</time></trkpt>
<trkpt lat="30.64147786009501" lon="104.0255446848511"><ele>499</ele><time>2025-08-27T13:52:42.000Z</time></trkpt>
<trkpt lat="30.64140519314548" lon="104.025622353836"><ele>499</ele><time>2025-08-27T13:52:43.000Z</time></trkpt>
<trkpt lat="30.64132467972002" lon="104.0257128351906"><ele>499</ele><time>2025-08-27T13:52:44.000Z</time></trkpt>
<trkpt lat="30.64125148602141" lon="104.0258112280628"><ele>499</ele><time>2025-08-27T13:52:45.000Z</time></trkpt>
<trkpt lat="30.64117964327546" lon="104.0258840672817"><ele>499</ele><time>2025-08-27T13:52:46.000Z</time></trkpt>
<trkpt lat="30.64110472847129" lon="104.0259720931498"><ele>499</ele><time>2025-08-27T13:52:47.000Z</time></trkpt>
<trkpt lat="30.64103347909479" lon="104.0260569272963"><ele>499</ele><time>2025-08-27T13:52:48.000Z</time></trkpt>
<trkpt lat="30.6409637081676" lon="104.026135960952"><ele>499</ele><time>2025-08-27T13:52:49.000Z</time></trkpt>
<trkpt lat="30.64082636560494" lon="104.0262695611999"><ele>499</ele><time>2025-08-27T13:52:51.000Z</time></trkpt>
<trkpt lat="30.64075987352328" lon="104.0263626996211"><ele>498</ele><time>2025-08-27T13:52:52.000Z</time></trkpt>
<trkpt lat="30.64069290418164" lon="104.0264512705486"><ele>498</ele><time>2025-08-27T13:52:53.000Z</time></trkpt>
<trkpt lat="30.64062345904323" lon="104.0265281172107"><ele>498</ele><time>2025-08-27T13:52:54.000Z</time></trkpt>
<trkpt lat="30.64048957434444" lon="104.0266240798613"><ele>497</ele><time>2025-08-27T13:52:56.000Z</time></trkpt>
<trkpt lat="30.64035972634776" lon="104.0267454639514"><ele>497</ele><time>2025-08-27T13:52:58.000Z</time></trkpt>
<trkpt lat="30.64023405799242" lon="104.0268280404671"><ele>497</ele><time>2025-08-27T13:53:00.000Z</time></trkpt>
<trkpt lat="30.64010135273859" lon="104.026941460137"><ele>497</ele><time>2025-08-27T13:53:02.000Z</time></trkpt>
<trkpt lat="30.63999925858649" lon="104.0270086618155"><ele>496</ele><time>2025-08-27T13:53:03.000Z</time></trkpt>
<trkpt lat="30.63988528725585" lon="104.0271298323363"><ele>496</ele><time>2025-08-27T13:53:05.000Z</time></trkpt>
<trkpt lat="30.63981081947276" lon="104.0271938257904"><ele>496</ele><time>2025-08-27T13:53:06.000Z</time></trkpt>
<trkpt lat="30.63973774874544" lon="104.0272617825283"><ele>496</ele><time>2025-08-27T13:53:07.000Z</time></trkpt>
<trkpt lat="30.63960160088625" lon="104.0273911977779"><ele>496</ele><time>2025-08-27T13:53:09.000Z</time></trkpt>
<trkpt lat="30.63950602340977" lon="104.0274644514254"><ele>496</ele><time>2025-08-27T13:53:10.000Z</time></trkpt>
<trkpt lat="30.63942486043321" lon="104.0275284123986"><ele>496</ele><time>2025-08-27T13:53:11.000Z</time></trkpt>
<trkpt lat="30.63933474421836" lon="104.0275934066677"><ele>498</ele><time>2025-08-27T13:53:12.000Z</time></trkpt>
<trkpt lat="30.63925230435328" lon="104.0276500927111"><ele>498</ele><time>2025-08-27T13:53:13.000Z</time></trkpt>
<trkpt lat="30.63913707869957" lon="104.0277033907155"><ele>498</ele><time>2025-08-27T13:53:14.000Z</time></trkpt>
<trkpt lat="30.63902622229541" lon="104.027768193674"><ele>498</ele><time>2025-08-27T13:53:15.000Z</time></trkpt>
<trkpt lat="30.63893484604721" lon="104.0278285150565"><ele>498</ele><time>2025-08-27T13:53:16.000Z</time></trkpt>
<trkpt lat="30.63885827249019" lon="104.0278881287285"><ele>498</ele><time>2025-08-27T13:53:17.000Z</time></trkpt>
<trkpt lat="30.6387435777599" lon="104.02803198387"><ele>501</ele><time>2025-08-27T13:53:19.000Z</time></trkpt>
<trkpt lat="30.63861342265072" lon="104.028126219886"><ele>501</ele><time>2025-08-27T13:53:21.000Z</time></trkpt>
<trkpt lat="30.63849698624177" lon="104.0282379219664"><ele>501</ele><time>2025-08-27T13:53:23.000Z</time></trkpt>
<trkpt lat="30.63841420636212" lon="104.0283831216895"><ele>503</ele><time>2025-08-27T13:53:25.000Z</time></trkpt>
<trkpt lat="30.63834826165241" lon="104.0284882580221"><ele>503</ele><time>2025-08-27T13:53:27.000Z</time></trkpt>
<trkpt lat="30.63827744640685" lon="104.0285743732038"><ele>503</ele><time>2025-08-27T13:53:32.000Z</time></trkpt>
<trkpt lat="30.6382709254047" lon="104.0286830136543"><ele>503</ele><time>2025-08-27T13:53:42.000Z</time></trkpt>
<trkpt lat="30.63817282866885" lon="104.0287587538156"><ele>504</ele><time>2025-08-27T13:54:27.000Z</time></trkpt>
<trkpt lat="30.63810898028905" lon="104.0288676704213"><ele>504</ele><time>2025-08-27T13:54:29.000Z</time></trkpt>
<trkpt lat="30.63804657471776" lon="104.0289753311325"><ele>504</ele><time>2025-08-27T13:54:31.000Z</time></trkpt>
<trkpt lat="30.6380768030173" lon="104.0291121996924"><ele>504</ele><time>2025-08-27T13:54:32.000Z</time></trkpt>
<trkpt lat="30.63797819547229" lon="104.0292015769232"><ele>504</ele><time>2025-08-27T13:54:34.000Z</time></trkpt>
<trkpt lat="30.63783283339267" lon="104.0292389534831"><ele>503</ele><time>2025-08-27T13:54:36.000Z</time></trkpt>
<trkpt lat="30.63772096186229" lon="104.0293443429366"><ele>503</ele><time>2025-08-27T13:54:38.000Z</time></trkpt>
<trkpt lat="30.63760294320081" lon="104.029474605711"><ele>503</ele><time>2025-08-27T13:54:40.000Z</time></trkpt>
<trkpt lat="30.63747623744987" lon="104.0295885660172"><ele>503</ele><time>2025-08-27T13:54:42.000Z</time></trkpt>
<trkpt lat="30.63733455013541" lon="104.0297076016895"><ele>502</ele><time>2025-08-27T13:54:44.000Z</time></trkpt>
<trkpt lat="30.63719445910529" lon="104.0298307026446"><ele>503</ele><time>2025-08-27T13:54:46.000Z</time></trkpt>
<trkpt lat="30.63711732419922" lon="104.0298880645082"><ele>503</ele><time>2025-08-27T13:54:47.000Z</time></trkpt>
<trkpt lat="30.63704411430195" lon="104.0299610274995"><ele>503</ele><time>2025-08-27T13:54:48.000Z</time></trkpt>
<trkpt lat="30.63695822414169" lon="104.0300268464698"><ele>503</ele><time>2025-08-27T13:54:49.000Z</time></trkpt>
<trkpt lat="30.63688307694751" lon="104.0300970428012"><ele>503</ele><time>2025-08-27T13:54:50.000Z</time></trkpt>
<trkpt lat="30.63680064215729" lon="104.0301701600354"><ele>503</ele><time>2025-08-27T13:54:51.000Z</time></trkpt>
<trkpt lat="30.63672670384312" lon="104.0302367874514"><ele>503</ele><time>2025-08-27T13:54:52.000Z</time></trkpt>
<trkpt lat="30.63657567328203" lon="104.0303527979567"><ele>503</ele><time>2025-08-27T13:54:54.000Z</time></trkpt>
<trkpt lat="30.63643813631353" lon="104.0304825736696"><ele>502</ele><time>2025-08-27T13:54:56.000Z</time></trkpt>
<trkpt lat="30.63630979729547" lon="104.0306108236508"><ele>502</ele><time>2025-08-27T13:54:58.000Z</time></trkpt>
<trkpt lat="30.63617444976943" lon="104.0307018319188"><ele>503</ele><time>2025-08-27T13:55:00.000Z</time></trkpt>
<trkpt lat="30.63608090535424" lon="104.0307784862617"><ele>502</ele><time>2025-08-27T13:55:02.000Z</time></trkpt>
<trkpt lat="30.63602627986553" lon="104.0308827500838"><ele>502</ele><time>2025-08-27T13:55:04.000Z</time></trkpt>
<trkpt lat="30.63593447814501" lon="104.0309793534159"><ele>501</ele><time>2025-08-27T13:55:06.000Z</time></trkpt>
<trkpt lat="30.63580459643114" lon="104.0310515816867"><ele>502</ele><time>2025-08-27T13:55:08.000Z</time></trkpt>
<trkpt lat="30.6356793754599" lon="104.0311519999379"><ele>501</ele><time>2025-08-27T13:55:10.000Z</time></trkpt>
<trkpt lat="30.63553551045909" lon="104.0312272280058"><ele>501</ele><time>2025-08-27T13:55:12.000Z</time></trkpt>
<trkpt lat="30.63539664904152" lon="104.0313396107665"><ele>502</ele><time>2025-08-27T13:55:14.000Z</time></trkpt>
<trkpt lat="30.63524541401419" lon="104.0314502037946"><ele>502</ele><time>2025-08-27T13:55:16.000Z</time></trkpt>
<trkpt lat="30.63512589420458" lon="104.0315375695418"><ele>501</ele><time>2025-08-27T13:55:18.000Z</time></trkpt>
<trkpt lat="30.63499289023597" lon="104.0316408819367"><ele>501</ele><time>2025-08-27T13:55:20.000Z</time></trkpt>
<trkpt lat="30.63489881868915" lon="104.0317637678205"><ele>501</ele><time>2025-08-27T13:55:22.000Z</time></trkpt>
<trkpt lat="30.63480433043884" lon="104.031824962163"><ele>501</ele><time>2025-08-27T13:55:23.000Z</time></trkpt>
<trkpt lat="30.63471876235516" lon="104.0318749233675"><ele>502</ele><time>2025-08-27T13:55:24.000Z</time></trkpt>
<trkpt lat="30.63463254404191" lon="104.0319241595923"><ele>502</ele><time>2025-08-27T13:55:25.000Z</time></trkpt>
<trkpt lat="30.63448423009961" lon="104.032031214043"><ele>504</ele><time>2025-08-27T13:55:27.000Z</time></trkpt>
<trkpt lat="30.63435582057197" lon="104.0321540026765"><ele>504</ele><time>2025-08-27T13:55:29.000Z</time></trkpt>
<trkpt lat="30.63422213184846" lon="104.0322850990167"><ele>505</ele><time>2025-08-27T13:55:31.000Z</time></trkpt>
<trkpt lat="30.63410674453528" lon="104.032448069336"><ele>505</ele><time>2025-08-27T13:55:33.000Z</time></trkpt>
<trkpt lat="30.63405183150984" lon="104.0325400925333"><ele>505</ele><time>2025-08-27T13:55:34.000Z</time></trkpt>
<trkpt lat="30.6339723553029" lon="104.0326025060105"><ele>506</ele><time>2025-08-27T13:55:35.000Z</time></trkpt>
<trkpt lat="30.63389700718039" lon="104.0326704527367"><ele>507</ele><time>2025-08-27T13:55:36.000Z</time></trkpt>
<trkpt lat="30.63382989342887" lon="104.0327431538488"><ele>505</ele><time>2025-08-27T13:55:37.000Z</time></trkpt>
<trkpt lat="30.63377453305459" lon="104.0328379998677"><ele>504</ele><time>2025-08-27T13:55:38.000Z</time></trkpt>
<trkpt lat="30.6337030411755" lon="104.03291875547"><ele>504</ele><time>2025-08-27T13:55:39.000Z</time></trkpt>
<trkpt lat="30.63364309970191" lon="104.0329970006611"><ele>505</ele><time>2025-08-27T13:55:40.000Z</time></trkpt>
<trkpt lat="30.63357855396431" lon="104.0330818025688"><ele>489</ele><time>2025-08-27T13:55:41.000Z</time></trkpt>
<trkpt lat="30.63344278269576" lon="104.0332290380339"><ele>489</ele><time>2025-08-27T13:55:43.000Z</time></trkpt>
<trkpt lat="30.63338571925675" lon="104.0333098343309"><ele>488</ele><time>2025-08-27T13:55:44.000Z</time></trkpt>
<trkpt lat="30.6332600291254" lon="104.0334618481462"><ele>488</ele><time>2025-08-27T13:55:46.000Z</time></trkpt>
<trkpt lat="30.63312427777548" lon="104.0335936699631"><ele>488</ele><time>2025-08-27T13:55:48.000Z</time></trkpt>
<trkpt lat="30.63305496967519" lon="104.0336641926916"><ele>488</ele><time>2025-08-27T13:55:49.000Z</time></trkpt>
<trkpt lat="30.63298968037454" lon="104.0337415286347"><ele>488</ele><time>2025-08-27T13:55:50.000Z</time></trkpt>
<trkpt lat="30.6329243559134" lon="104.0338285760082"><ele>488</ele><time>2025-08-27T13:55:51.000Z</time></trkpt>
<trkpt lat="30.63285864755318" lon="104.0339031525814"><ele>488</ele><time>2025-08-27T13:55:52.000Z</time></trkpt>
<trkpt lat="30.63279452014008" lon="104.0340049904659"><ele>488</ele><time>2025-08-27T13:55:53.000Z</time></trkpt>
<trkpt lat="30.6327261809024" lon="104.034087939374"><ele>488</ele><time>2025-08-27T13:55:54.000Z</time></trkpt>
<trkpt lat="30.63265830419243" lon="104.0341656933734"><ele>488</ele><time>2025-08-27T13:55:55.000Z</time></trkpt>
<trkpt lat="30.63252726178283" lon="104.034329204564"><ele>488</ele><time>2025-08-27T13:55:57.000Z</time></trkpt>
<trkpt lat="30.63246506459514" lon="104.0344049244554"><ele>488</ele><time>2025-08-27T13:55:58.000Z</time></trkpt>
<trkpt lat="30.6323926070064" lon="104.0344820348868"><ele>488</ele><time>2025-08-27T13:55:59.000Z</time></trkpt>
<trkpt lat="30.632267081013" lon="104.0346323565685"><ele>488</ele><time>2025-08-27T13:56:01.000Z</time></trkpt>
<trkpt lat="30.63214482623328" lon="104.0347794839612"><ele>488</ele><time>2025-08-27T13:56:03.000Z</time></trkpt>
<trkpt lat="30.63207962534821" lon="104.0348521334193"><ele>488</ele><time>2025-08-27T13:56:04.000Z</time></trkpt>
<trkpt lat="30.63194826157157" lon="104.03499886752"><ele>488</ele><time>2025-08-27T13:56:06.000Z</time></trkpt>
<trkpt lat="30.63182914236673" lon="104.0351500631983"><ele>488</ele><time>2025-08-27T13:56:08.000Z</time></trkpt>
<trkpt lat="30.63171685238329" lon="104.0353080366724"><ele>489</ele><time>2025-08-27T13:56:10.000Z</time></trkpt>
<trkpt lat="30.6316542507163" lon="104.0353903637317"><ele>494</ele><time>2025-08-27T13:56:11.000Z</time></trkpt>
<trkpt lat="30.63154544932772" lon="104.035540425952"><ele>494</ele><time>2025-08-27T13:56:13.000Z</time></trkpt>
<trkpt lat="30.63143447243501" lon="104.0356994242854"><ele>493</ele><time>2025-08-27T13:56:15.000Z</time></trkpt>
<trkpt lat="30.63132756907661" lon="104.0358421900317"><ele>493</ele><time>2025-08-27T13:56:17.000Z</time></trkpt>
<trkpt lat="30.6312506580031" lon="104.0360203135124"><ele>494</ele><time>2025-08-27T13:56:19.000Z</time></trkpt>
<trkpt lat="30.63115816481294" lon="104.036177355269"><ele>494</ele><time>2025-08-27T13:56:21.000Z</time></trkpt>
<trkpt lat="30.63105520222205" lon="104.036343815284"><ele>494</ele><time>2025-08-27T13:56:23.000Z</time></trkpt>
<trkpt lat="30.63094925112244" lon="104.0365043196662"><ele>494</ele><time>2025-08-27T13:56:25.000Z</time></trkpt>
<trkpt lat="30.63085892488213" lon="104.0366807543614"><ele>495</ele><time>2025-08-27T13:56:27.000Z</time></trkpt>
<trkpt lat="30.63077508291905" lon="104.0368475830723"><ele>494</ele><time>2025-08-27T13:56:29.000Z</time></trkpt>
<trkpt lat="30.63068346750192" lon="104.0370009482946"><ele>494</ele><time>2025-08-27T13:56:31.000Z</time></trkpt>
<trkpt lat="30.63059754202729" lon="104.0371714942613"><ele>494</ele><time>2025-08-27T13:56:33.000Z</time></trkpt>
<trkpt lat="30.63052195248306" lon="104.0373515029504"><ele>494</ele><time>2025-08-27T13:56:35.000Z</time></trkpt>
<trkpt lat="30.63047635233731" lon="104.0374456657468"><ele>494</ele><time>2025-08-27T13:56:36.000Z</time></trkpt>
<trkpt lat="30.63039888266791" lon="104.0376223401942"><ele>494</ele><time>2025-08-27T13:56:38.000Z</time></trkpt>
<trkpt lat="30.63036655942387" lon="104.0377200628649"><ele>494</ele><time>2025-08-27T13:56:39.000Z</time></trkpt>
<trkpt lat="30.63025803744919" lon="104.0378840901568"><ele>495</ele><time>2025-08-27T13:56:41.000Z</time></trkpt>
<trkpt lat="30.63019472734418" lon="104.0380656006791"><ele>496</ele><time>2025-08-27T13:56:43.000Z</time></trkpt>
<trkpt lat="30.63011849590321" lon="104.0382460457879"><ele>497</ele><time>2025-08-27T13:56:45.000Z</time></trkpt>
<trkpt lat="30.63002129487566" lon="104.0383949128523"><ele>496</ele><time>2025-08-27T13:56:47.000Z</time></trkpt>
<trkpt lat="30.62995402202487" lon="104.0385594559133"><ele>497</ele><time>2025-08-27T13:56:49.000Z</time></trkpt>
<trkpt lat="30.62989421119342" lon="104.0387285966786"><ele>496</ele><time>2025-08-27T13:56:51.000Z</time></trkpt>
<trkpt lat="30.62979149821524" lon="104.0388909313837"><ele>497</ele><time>2025-08-27T13:56:53.000Z</time></trkpt>
<trkpt lat="30.62973786317533" lon="104.0389770146685"><ele>497</ele><time>2025-08-27T13:56:54.000Z</time></trkpt>
<trkpt lat="30.62966538060341" lon="104.0391345307765"><ele>497</ele><time>2025-08-27T13:56:56.000Z</time></trkpt>
<trkpt lat="30.62955264374288" lon="104.0392565929534"><ele>498</ele><time>2025-08-27T13:56:58.000Z</time></trkpt>
<trkpt lat="30.6294563237818" lon="104.0393695313951"><ele>498</ele><time>2025-08-27T13:57:00.000Z</time></trkpt>
<trkpt lat="30.62937796195708" lon="104.0395171075898"><ele>498</ele><time>2025-08-27T13:57:02.000Z</time></trkpt>
<trkpt lat="30.62930933843579" lon="104.0396955860066"><ele>498</ele><time>2025-08-27T13:57:04.000Z</time></trkpt>
<trkpt lat="30.6292696240573" lon="104.0398029435822"><ele>498</ele><time>2025-08-27T13:57:05.000Z</time></trkpt>
<trkpt lat="30.62922506242483" lon="104.0398949075524"><ele>498</ele><time>2025-08-27T13:57:06.000Z</time></trkpt>
<trkpt lat="30.6291491023264" lon="104.0400700355683"><ele>498</ele><time>2025-08-27T13:57:08.000Z</time></trkpt>
<trkpt lat="30.62907534115193" lon="104.0402278198867"><ele>498</ele><time>2025-08-27T13:57:10.000Z</time></trkpt>
<trkpt lat="30.62897890199772" lon="104.040369866377"><ele>498</ele><time>2025-08-27T13:57:12.000Z</time></trkpt>
<trkpt lat="30.6289269902537" lon="104.0405512793142"><ele>498</ele><time>2025-08-27T13:57:14.000Z</time></trkpt>
<trkpt lat="30.62886071569104" lon="104.0407055438873"><ele>498</ele><time>2025-08-27T13:57:16.000Z</time></trkpt>
<trkpt lat="30.6287792711909" lon="104.0408326676755"><ele>498</ele><time>2025-08-27T13:57:18.000Z</time></trkpt>
<trkpt lat="30.62869944017087" lon="104.040942711573"><ele>498</ele><time>2025-08-27T13:57:20.000Z</time></trkpt>
<trkpt lat="30.62860277031841" lon="104.0410189014258"><ele>499</ele><time>2025-08-27T13:57:22.000Z</time></trkpt>
<trkpt lat="30.62853247960903" lon="104.0411322470611"><ele>499</ele><time>2025-08-27T13:57:24.000Z</time></trkpt>
<trkpt lat="30.62845597967842" lon="104.0412381762579"><ele>499</ele><time>2025-08-27T13:57:26.000Z</time></trkpt>
<trkpt lat="30.62838024672326" lon="104.0413287373025"><ele>500</ele><time>2025-08-27T13:57:28.000Z</time></trkpt>
<trkpt lat="30.6283199779361" lon="104.0414510502006"><ele>500</ele><time>2025-08-27T13:57:30.000Z</time></trkpt>
<trkpt lat="30.62828136366443" lon="104.0415854992889"><ele>500</ele><time>2025-08-27T13:57:32.000Z</time></trkpt>
<trkpt lat="30.62823861784272" lon="104.0417155630799"><ele>500</ele><time>2025-08-27T13:57:37.000Z</time></trkpt>
<trkpt lat="30.62819301989349" lon="104.0418063321565"><ele>500</ele><time>2025-08-27T13:57:39.000Z</time></trkpt>
<trkpt lat="30.62811845816514" lon="104.0419017297264"><ele>501</ele><time>2025-08-27T13:57:42.000Z</time></trkpt>
<trkpt lat="30.62809857597622" lon="104.0420224411535"><ele>501</ele><time>2025-08-27T13:57:44.000Z</time></trkpt>
<trkpt lat="30.62806959010909" lon="104.0421288146981"><ele>501</ele><time>2025-08-27T13:57:46.000Z</time></trkpt>
<trkpt lat="30.62798779260919" lon="104.0422317391126"><ele>501</ele><time>2025-08-27T13:57:52.000Z</time></trkpt>
<trkpt lat="30.62795095848603" lon="104.0423505664824"><ele>501</ele><time>2025-08-27T13:57:56.000Z</time></trkpt>
<trkpt lat="30.62789128612893" lon="104.0424561202119"><ele>501</ele><time>2025-08-27T13:57:59.000Z</time></trkpt>
<trkpt lat="30.62780351798025" lon="104.0425343944711"><ele>501</ele><time>2025-08-27T13:58:02.000Z</time></trkpt>
<trkpt lat="30.62773653224826" lon="104.0426050992713"><ele>502</ele><time>2025-08-27T13:58:05.000Z</time></trkpt>
<trkpt lat="30.62764230639385" lon="104.0426384294451"><ele>502</ele><time>2025-08-27T13:58:10.000Z</time></trkpt>
<trkpt lat="30.62755306217684" lon="104.0426786826533"><ele>503</ele><time>2025-08-27T13:58:17.000Z</time></trkpt>
<trkpt lat="30.62749254061276" lon="104.0428041265101"><ele>503</ele><time>2025-08-27T13:58:21.000Z</time></trkpt>
<trkpt lat="30.62749499383029" lon="104.0430707409832"><ele>504</ele><time>2025-08-27T13:58:24.000Z</time></trkpt>
<trkpt lat="30.62752719582004" lon="104.0432326822413"><ele>505</ele><time>2025-08-27T13:58:25.000Z</time></trkpt>
<trkpt lat="30.62755312406822" lon="104.0433678554505"><ele>504</ele><time>2025-08-27T13:58:27.000Z</time></trkpt>
<trkpt lat="30.62759661633249" lon="104.0434669149719"><ele>505</ele><time>2025-08-27T13:58:30.000Z</time></trkpt>
<trkpt lat="30.62763725860579" lon="104.0435617886638"><ele>505</ele><time>2025-08-27T13:58:33.000Z</time></trkpt>
<trkpt lat="30.62764604018173" lon="104.0436670492384"><ele>504</ele><time>2025-08-27T13:58:36.000Z</time></trkpt>
<trkpt lat="30.62759125660692" lon="104.0437602062162"><ele>504</ele><time>2025-08-27T13:58:39.000Z</time></trkpt>
<trkpt lat="30.62754876423847" lon="104.0438749015447"><ele>505</ele><time>2025-08-27T13:58:42.000Z</time></trkpt>
<trkpt lat="30.62743102978957" lon="104.0439986282165"><ele>504</ele><time>2025-08-27T13:58:45.000Z</time></trkpt>
<trkpt lat="30.62736825513955" lon="104.0440762863991"><ele>503</ele><time>2025-08-27T13:58:46.000Z</time></trkpt>
<trkpt lat="30.62730978870346" lon="104.0441740926245"><ele>502</ele><time>2025-08-27T13:58:47.000Z</time></trkpt>
<trkpt lat="30.62723441812609" lon="104.0443530732631"><ele>500</ele><time>2025-08-27T13:58:49.000Z</time></trkpt>
<trkpt lat="30.62712706501546" lon="104.0444801766226"><ele>500</ele><time>2025-08-27T13:58:51.000Z</time></trkpt>
<trkpt lat="30.62702207588081" lon="104.044597615696"><ele>498</ele><time>2025-08-27T13:58:53.000Z</time></trkpt>
<trkpt lat="30.62690855481464" lon="104.0447491817451"><ele>497</ele><time>2025-08-27T13:58:55.000Z</time></trkpt>
<trkpt lat="30.62680837367114" lon="104.0448907571812"><ele>497</ele><time>2025-08-27T13:58:57.000Z</time></trkpt>
<trkpt lat="30.62671778997111" lon="104.045040040834"><ele>497</ele><time>2025-08-27T13:58:59.000Z</time></trkpt>
<trkpt lat="30.62663870481343" lon="104.0451978642826"><ele>497</ele><time>2025-08-27T13:59:01.000Z</time></trkpt>
<trkpt lat="30.6266101859831" lon="104.0452969787668"><ele>498</ele><time>2025-08-27T13:59:02.000Z</time></trkpt>
<trkpt lat="30.62653914694733" lon="104.0454656981069"><ele>498</ele><time>2025-08-27T13:59:04.000Z</time></trkpt>
<trkpt lat="30.62645584447739" lon="104.0456155968486"><ele>498</ele><time>2025-08-27T13:59:06.000Z</time></trkpt>
<trkpt lat="30.62637989211597" lon="104.0457778648777"><ele>499</ele><time>2025-08-27T13:59:08.000Z</time></trkpt>
<trkpt lat="30.62625813549538" lon="104.0458636743017"><ele>499</ele><time>2025-08-27T13:59:10.000Z</time></trkpt>
<trkpt lat="30.62619463603888" lon="104.046019948356"><ele>500</ele><time>2025-08-27T13:59:12.000Z</time></trkpt>
<trkpt lat="30.62611943019789" lon="104.0461522628496"><ele>500</ele><time>2025-08-27T13:59:14.000Z</time></trkpt>
<trkpt lat="30.62603091803803" lon="104.0462997550687"><ele>500</ele><time>2025-08-27T13:59:16.000Z</time></trkpt>
<trkpt lat="30.62595033517829" lon="104.0464654021731"><ele>500</ele><time>2025-08-27T13:59:18.000Z</time></trkpt>
<trkpt lat="30.62587481800222" lon="104.0466173093442"><ele>500</ele><time>2025-08-27T13:59:20.000Z</time></trkpt>
<trkpt lat="30.62580391869946" lon="104.0467552706357"><ele>500</ele><time>2025-08-27T13:59:22.000Z</time></trkpt>
<trkpt lat="30.62572281461049" lon="104.0468715986538"><ele>501</ele><time>2025-08-27T13:59:24.000Z</time></trkpt>
<trkpt lat="30.6256687795691" lon="104.0470023339424"><ele>500</ele><time>2025-08-27T13:59:26.000Z</time></trkpt>
<trkpt lat="30.62559756107571" lon="104.0470999033844"><ele>499</ele><time>2025-08-27T13:59:29.000Z</time></trkpt>
<trkpt lat="30.62555556137872" lon="104.047199511808"><ele>499</ele><time>2025-08-27T14:00:28.000Z</time></trkpt>
<trkpt lat="30.62550838002575" lon="104.0473126183224"><ele>498</ele><time>2025-08-27T14:00:31.000Z</time></trkpt>
<trkpt lat="30.62552149566709" lon="104.047445744163"><ele>497</ele><time>2025-08-27T14:00:34.000Z</time></trkpt>
<trkpt lat="30.62547135937401" lon="104.047562396242"><ele>496</ele><time>2025-08-27T14:00:36.000Z</time></trkpt>
<trkpt lat="30.62541140766345" lon="104.0477014678505"><ele>496</ele><time>2025-08-27T14:00:38.000Z</time></trkpt>
<trkpt lat="30.62535756032302" lon="104.0478567481408"><ele>495</ele><time>2025-08-27T14:00:40.000Z</time></trkpt>
<trkpt lat="30.62530333895867" lon="104.048020296492"><ele>496</ele><time>2025-08-27T14:00:42.000Z</time></trkpt>
<trkpt lat="30.62538122233992" lon="104.0481805164936"><ele>495</ele><time>2025-08-27T14:00:43.000Z</time></trkpt>
<trkpt lat="30.62519244001521" lon="104.0482650896304"><ele>496</ele><time>2025-08-27T14:00:45.000Z</time></trkpt>
<trkpt lat="30.62518268725492" lon="104.0483722450313"><ele>496</ele><time>2025-08-27T14:00:46.000Z</time></trkpt>
<trkpt lat="30.62511361038949" lon="104.0485500822633"><ele>497</ele><time>2025-08-27T14:00:48.000Z</time></trkpt>
<trkpt lat="30.62504639786126" lon="104.0487251249067"><ele>494</ele><time>2025-08-27T14:00:50.000Z</time></trkpt>
<trkpt lat="30.62498693461197" lon="104.0488754165929"><ele>494</ele><time>2025-08-27T14:00:52.000Z</time></trkpt>
<trkpt lat="30.62491631226079" lon="104.049022174371"><ele>495</ele><time>2025-08-27T14:00:54.000Z</time></trkpt>
<trkpt lat="30.62486813484499" lon="104.0491708465001"><ele>494</ele><time>2025-08-27T14:00:56.000Z</time></trkpt>
<trkpt lat="30.624811882316" lon="104.0493267253242"><ele>494</ele><time>2025-08-27T14:00:58.000Z</time></trkpt>
<trkpt lat="30.62473399138567" lon="104.0494757209016"><ele>494</ele><time>2025-08-27T14:01:00.000Z</time></trkpt>
<trkpt lat="30.62465445768536" lon="104.0496233555079"><ele>493</ele><time>2025-08-27T14:01:02.000Z</time></trkpt>
<trkpt lat="30.6245814354276" lon="104.0497580038871"><ele>493</ele><time>2025-08-27T14:01:04.000Z</time></trkpt>
<trkpt lat="30.62451545612934" lon="104.049910482243"><ele>493</ele><time>2025-08-27T14:01:06.000Z</time></trkpt>
<trkpt lat="30.62446013880512" lon="104.050067104739"><ele>493</ele><time>2025-08-27T14:01:08.000Z</time></trkpt>
<trkpt lat="30.62439655065013" lon="104.0502277142712"><ele>493</ele><time>2025-08-27T14:01:10.000Z</time></trkpt>
<trkpt lat="30.62431663116747" lon="104.0503663072757"><ele>493</ele><time>2025-08-27T14:01:12.000Z</time></trkpt>
<trkpt lat="30.62424993557035" lon="104.0505126671561"><ele>492</ele><time>2025-08-27T14:01:14.000Z</time></trkpt>
<trkpt lat="30.62418448146481" lon="104.0506424065552"><ele>492</ele><time>2025-08-27T14:01:16.000Z</time></trkpt>
<trkpt lat="30.6241120038911" lon="104.0507774627489"><ele>492</ele><time>2025-08-27T14:01:18.000Z</time></trkpt>
<trkpt lat="30.62402977338613" lon="104.0508961828816"><ele>492</ele><time>2025-08-27T14:01:20.000Z</time></trkpt>
<trkpt lat="30.62395584068324" lon="104.051012934993"><ele>492</ele><time>2025-08-27T14:01:22.000Z</time></trkpt>
<trkpt lat="30.62388895474794" lon="104.0511335261607"><ele>492</ele><time>2025-08-27T14:01:24.000Z</time></trkpt>
<trkpt lat="30.62382573164061" lon="104.0512575983749"><ele>492</ele><time>2025-08-27T14:01:26.000Z</time></trkpt>
<trkpt lat="30.62376768062624" lon="104.0514043191029"><ele>496</ele><time>2025-08-27T14:01:28.000Z</time></trkpt>
<trkpt lat="30.6237191581842" lon="104.0515547962323"><ele>496</ele><time>2025-08-27T14:01:30.000Z</time></trkpt>
<trkpt lat="30.62366809405131" lon="104.0516937750443"><ele>497</ele><time>2025-08-27T14:01:32.000Z</time></trkpt>
<trkpt lat="30.62359083467767" lon="104.0518034647154"><ele>496</ele><time>2025-08-27T14:01:34.000Z</time></trkpt>
<trkpt lat="30.62351848891486" lon="104.0518970756732"><ele>496</ele><time>2025-08-27T14:01:37.000Z</time></trkpt>
<trkpt lat="30.62347681400793" lon="104.0520016907771"><ele>497</ele><time>2025-08-27T14:01:39.000Z</time></trkpt>
<trkpt lat="30.62344002134971" lon="104.0521127107506"><ele>497</ele><time>2025-08-27T14:01:41.000Z</time></trkpt>
<trkpt lat="30.62342523137058" lon="104.0522392941776"><ele>497</ele><time>2025-08-27T14:01:43.000Z</time></trkpt>
<trkpt lat="30.62338039399676" lon="104.0523675214906"><ele>497</ele><time>2025-08-27T14:01:45.000Z</time></trkpt>
<trkpt lat="30.62332172511064" lon="104.0524988650485"><ele>497</ele><time>2025-08-27T14:01:47.000Z</time></trkpt>
<trkpt lat="30.62325954598644" lon="104.05262422913"><ele>497</ele><time>2025-08-27T14:01:49.000Z</time></trkpt>
<trkpt lat="30.62317702834227" lon="104.0527423627218"><ele>496</ele><time>2025-08-27T14:01:51.000Z</time></trkpt>
<trkpt lat="30.62311284462917" lon="104.0528818784407"><ele>497</ele><time>2025-08-27T14:01:53.000Z</time></trkpt>
<trkpt lat="30.62305279252496" lon="104.0530108007287"><ele>496</ele><time>2025-08-27T14:01:55.000Z</time></trkpt>
<trkpt lat="30.62298899718328" lon="104.0531239540984"><ele>497</ele><time>2025-08-27T14:01:57.000Z</time></trkpt>
<trkpt lat="30.62292573267534" lon="104.0532800328592"><ele>497</ele><time>2025-08-27T14:01:59.000Z</time></trkpt>
<trkpt lat="30.62285222182832" lon="104.0534050174968"><ele>497</ele><time>2025-08-27T14:02:01.000Z</time></trkpt>
<trkpt lat="30.62278328568776" lon="104.0535602723861"><ele>497</ele><time>2025-08-27T14:02:03.000Z</time></trkpt>
<trkpt lat="30.62271242591138" lon="104.0537091581643"><ele>497</ele><time>2025-08-27T14:02:05.000Z</time></trkpt>
<trkpt lat="30.62264632103224" lon="104.0538556460039"><ele>497</ele><time>2025-08-27T14:02:07.000Z</time></trkpt>
<trkpt lat="30.62258145527962" lon="104.0539874985126"><ele>496</ele><time>2025-08-27T14:02:09.000Z</time></trkpt>
<trkpt lat="30.62252875965507" lon="104.0541356865746"><ele>497</ele><time>2025-08-27T14:02:11.000Z</time></trkpt>
<trkpt lat="30.62246966197747" lon="104.0542799196697"><ele>497</ele><time>2025-08-27T14:02:13.000Z</time></trkpt>
<trkpt lat="30.62241727940161" lon="104.0544057864129"><ele>496</ele><time>2025-08-27T14:02:15.000Z</time></trkpt>
<trkpt lat="30.62238719160833" lon="104.054550754858"><ele>496</ele><time>2025-08-27T14:02:17.000Z</time></trkpt>
<trkpt lat="30.62237031722334" lon="104.0546534129252"><ele>496</ele><time>2025-08-27T14:02:19.000Z</time></trkpt>
<trkpt lat="30.6223358724835" lon="104.0547664883115"><ele>496</ele><time>2025-08-27T14:02:24.000Z</time></trkpt>
<trkpt lat="30.62227609573934" lon="104.0548563400697"><ele>495</ele><time>2025-08-27T14:03:21.000Z</time></trkpt>
<trkpt lat="30.62226323182031" lon="104.0549594003518"><ele>496</ele><time>2025-08-27T14:03:24.000Z</time></trkpt>
<trkpt lat="30.6223014341933" lon="104.0550890872926"><ele>495</ele><time>2025-08-27T14:03:27.000Z</time></trkpt>
<trkpt lat="30.62229244785857" lon="104.0552438976219"><ele>495</ele><time>2025-08-27T14:03:30.000Z</time></trkpt>
<trkpt lat="30.62227244063904" lon="104.0553566846012"><ele>495</ele><time>2025-08-27T14:03:32.000Z</time></trkpt>
<trkpt lat="30.62224959318356" lon="104.0554963925653"><ele>495</ele><time>2025-08-27T14:03:34.000Z</time></trkpt>
<trkpt lat="30.62221287792259" lon="104.0556356839531"><ele>495</ele><time>2025-08-27T14:03:36.000Z</time></trkpt>
<trkpt lat="30.62219489692265" lon="104.0557960987868"><ele>495</ele><time>2025-08-27T14:03:38.000Z</time></trkpt>
<trkpt lat="30.62217445268621" lon="104.0559683733066"><ele>496</ele><time>2025-08-27T14:03:40.000Z</time></trkpt>
<trkpt lat="30.62216580446333" lon="104.0561269841652"><ele>496</ele><time>2025-08-27T14:03:42.000Z</time></trkpt>
<trkpt lat="30.62215787992855" lon="104.0562963388072"><ele>495</ele><time>2025-08-27T14:03:44.000Z</time></trkpt>
<trkpt lat="30.62216169073855" lon="104.0564497704732"><ele>495</ele><time>2025-08-27T14:03:46.000Z</time></trkpt>
<trkpt lat="30.62216487368288" lon="104.0566057228827"><ele>496</ele><time>2025-08-27T14:03:48.000Z</time></trkpt>
<trkpt lat="30.62214738885029" lon="104.0567583191595"><ele>496</ele><time>2025-08-27T14:03:50.000Z</time></trkpt>
<trkpt lat="30.62214221875733" lon="104.0569081120717"><ele>497</ele><time>2025-08-27T14:03:52.000Z</time></trkpt>
<trkpt lat="30.62214653932277" lon="104.0570617173143"><ele>497</ele><time>2025-08-27T14:03:54.000Z</time></trkpt>
<trkpt lat="30.62215472992735" lon="104.0572262783344"><ele>497</ele><time>2025-08-27T14:03:56.000Z</time></trkpt>
<trkpt lat="30.62217341193166" lon="104.0573921693371"><ele>496</ele><time>2025-08-27T14:03:58.000Z</time></trkpt>
<trkpt lat="30.6221776547812" lon="104.0575222049356"><ele>496</ele><time>2025-08-27T14:04:00.000Z</time></trkpt>
<trkpt lat="30.62220025131085" lon="104.0576874816773"><ele>496</ele><time>2025-08-27T14:04:02.000Z</time></trkpt>
<trkpt lat="30.62220213232323" lon="104.0578440307967"><ele>496</ele><time>2025-08-27T14:04:04.000Z</time></trkpt>
<trkpt lat="30.62219107541258" lon="104.0579821044669"><ele>496</ele><time>2025-08-27T14:04:06.000Z</time></trkpt>
<trkpt lat="30.62219187967047" lon="104.0581282329309"><ele>496</ele><time>2025-08-27T14:04:08.000Z</time></trkpt>
<trkpt lat="30.62218568920485" lon="104.0582627044267"><ele>496</ele><time>2025-08-27T14:04:10.000Z</time></trkpt>
<trkpt lat="30.62218422357732" lon="104.0584037244466"><ele>495</ele><time>2025-08-27T14:04:12.000Z</time></trkpt>
<trkpt lat="30.62219703796209" lon="104.0585608606421"><ele>495</ele><time>2025-08-27T14:04:14.000Z</time></trkpt>
<trkpt lat="30.62218851346907" lon="104.0586783655535"><ele>496</ele><time>2025-08-27T14:04:16.000Z</time></trkpt>
<trkpt lat="30.62219350599497" lon="104.0588207914449"><ele>496</ele><time>2025-08-27T14:04:18.000Z</time></trkpt>
<trkpt lat="30.62219447370325" lon="104.0589604610406"><ele>496</ele><time>2025-08-27T14:04:20.000Z</time></trkpt>
<trkpt lat="30.62219505306189" lon="104.0590992196621"><ele>496</ele><time>2025-08-27T14:04:22.000Z</time></trkpt>
<trkpt lat="30.62220201522794" lon="104.0592335807938"><ele>496</ele><time>2025-08-27T14:04:24.000Z</time></trkpt>
<trkpt lat="30.62218138741357" lon="104.0593652022506"><ele>496</ele><time>2025-08-27T14:04:26.000Z</time></trkpt>
<trkpt lat="30.62217784580938" lon="104.0595046423298"><ele>496</ele><time>2025-08-27T14:04:28.000Z</time></trkpt>
<trkpt lat="30.62217051718125" lon="104.0596342692932"><ele>496</ele><time>2025-08-27T14:04:30.000Z</time></trkpt>
<trkpt lat="30.62216618668662" lon="104.0597558762375"><ele>496</ele><time>2025-08-27T14:04:32.000Z</time></trkpt>
<trkpt lat="30.62216234338142" lon="104.0598876762923"><ele>496</ele><time>2025-08-27T14:04:34.000Z</time></trkpt>
<trkpt lat="30.62216392976424" lon="104.0600245880897"><ele>496</ele><time>2025-08-27T14:04:36.000Z</time></trkpt>
<trkpt lat="30.62216118285244" lon="104.060168297374"><ele>497</ele><time>2025-08-27T14:04:38.000Z</time></trkpt>
<trkpt lat="30.62216499005338" lon="104.0602959925323"><ele>497</ele><time>2025-08-27T14:04:40.000Z</time></trkpt>
<trkpt lat="30.62217558743916" lon="104.0604187055134"><ele>497</ele><time>2025-08-27T14:04:42.000Z</time></trkpt>
<trkpt lat="30.62217203548614" lon="104.0605589273114"><ele>497</ele><time>2025-08-27T14:04:44.000Z</time></trkpt>
<trkpt lat="30.62217345618276" lon="104.0606978109689"><ele>498</ele><time>2025-08-27T14:04:46.000Z</time></trkpt>
<trkpt lat="30.62217801052744" lon="104.0608340837488"><ele>497</ele><time>2025-08-27T14:04:48.000Z</time></trkpt>
<trkpt lat="30.62218231191831" lon="104.0609866994544"><ele>498</ele><time>2025-08-27T14:04:50.000Z</time></trkpt>
<trkpt lat="30.62218072694852" lon="104.0611188482765"><ele>498</ele><time>2025-08-27T14:04:52.000Z</time></trkpt>
<trkpt lat="30.62217733822734" lon="104.0612708160791"><ele>498</ele><time>2025-08-27T14:04:54.000Z</time></trkpt>
<trkpt lat="30.62217572793912" lon="104.0614343100679"><ele>497</ele><time>2025-08-27T14:04:56.000Z</time></trkpt>
<trkpt lat="30.62219686274618" lon="104.0615806496601"><ele>498</ele><time>2025-08-27T14:04:58.000Z</time></trkpt>
<trkpt lat="30.62219722819647" lon="104.0617389778496"><ele>498</ele><time>2025-08-27T14:05:00.000Z</time></trkpt>
<trkpt lat="30.62220130943255" lon="104.0618860834213"><ele>497</ele><time>2025-08-27T14:05:02.000Z</time></trkpt>
<trkpt lat="30.62218780815618" lon="104.0620328368613"><ele>498</ele><time>2025-08-27T14:05:04.000Z</time></trkpt>
<trkpt lat="30.62214562704506" lon="104.0621674685942"><ele>498</ele><time>2025-08-27T14:05:06.000Z</time></trkpt>
<trkpt lat="30.62209718505669" lon="104.0623058335908"><ele>498</ele><time>2025-08-27T14:05:08.000Z</time></trkpt>
<trkpt lat="30.62205645213326" lon="104.0624387528011"><ele>498</ele><time>2025-08-27T14:05:10.000Z</time></trkpt>
<trkpt lat="30.6220119699779" lon="104.0625585423296"><ele>498</ele><time>2025-08-27T14:05:12.000Z</time></trkpt>
<trkpt lat="30.6219956910528" lon="104.0626970269635"><ele>499</ele><time>2025-08-27T14:05:14.000Z</time></trkpt>
<trkpt lat="30.62200797009674" lon="104.0628635289613"><ele>499</ele><time>2025-08-27T14:05:16.000Z</time></trkpt>
<trkpt lat="30.62196831100976" lon="104.0629950383186"><ele>499</ele><time>2025-08-27T14:05:18.000Z</time></trkpt>
<trkpt lat="30.62193485016259" lon="104.0631126782619"><ele>498</ele><time>2025-08-27T14:05:20.000Z</time></trkpt>
<trkpt lat="30.62193790580932" lon="104.0632389975802"><ele>498</ele><time>2025-08-27T14:05:22.000Z</time></trkpt>
<trkpt lat="30.62193610064062" lon="104.0633683943121"><ele>499</ele><time>2025-08-27T14:05:24.000Z</time></trkpt>
<trkpt lat="30.62194643310644" lon="104.0635142483596"><ele>498</ele><time>2025-08-27T14:05:26.000Z</time></trkpt>
<trkpt lat="30.62193953608775" lon="104.0636442874893"><ele>498</ele><time>2025-08-27T14:05:28.000Z</time></trkpt>
<trkpt lat="30.62193707314711" lon="104.0637780750752"><ele>498</ele><time>2025-08-27T14:05:30.000Z</time></trkpt>
<trkpt lat="30.62193417960217" lon="104.0638870178698"><ele>497</ele><time>2025-08-27T14:05:32.000Z</time></trkpt>
<trkpt lat="30.62193859199034" lon="104.0640050782642"><ele>498</ele><time>2025-08-27T14:05:35.000Z</time></trkpt>
<trkpt lat="30.62189496125812" lon="104.0641047200504"><ele>498</ele><time>2025-08-27T14:05:42.000Z</time></trkpt>
<trkpt lat="30.62189166348509" lon="104.0642384181529"><ele>498</ele><time>2025-08-27T14:06:14.000Z</time></trkpt>
<trkpt lat="30.62189708963255" lon="104.0643480491716"><ele>497</ele><time>2025-08-27T14:06:17.000Z</time></trkpt>
<trkpt lat="30.62192769356315" lon="104.0644663965976"><ele>497</ele><time>2025-08-27T14:06:21.000Z</time></trkpt>
<trkpt lat="30.62195878453806" lon="104.064567198191"><ele>498</ele><time>2025-08-27T14:06:24.000Z</time></trkpt>
<trkpt lat="30.62191300302892" lon="104.0646640813512"><ele>498</ele><time>2025-08-27T14:06:27.000Z</time></trkpt>
<trkpt lat="30.62192051565448" lon="104.0647712316054"><ele>498</ele><time>2025-08-27T14:06:32.000Z</time></trkpt>
<trkpt lat="30.62194496343243" lon="104.064871805906"><ele>498</ele><time>2025-08-27T14:06:38.000Z</time></trkpt>
<trkpt lat="30.62194496343243" lon="104.064871805906"><ele>498</ele><time>2025-08-27T13:07:36.000Z</time></trkpt>
<trkpt lat="30.62194496343243" lon="104.064871805906"><ele>498</ele><time>2025-08-27T13:07:37.000Z</time></trkpt>
<trkpt lat="30.62194496343243" lon="104.064871805906"><ele>497</ele><time>2025-08-27T13:07:38.000Z</time></trkpt>
<trkpt lat="30.62194496343243" lon="104.064871805906"><ele>498</ele><time>2025-08-27T13:07:39.000Z</time></trkpt>
<trkpt lat="30.62194496343243" lon="104.064871805906"><ele>497</ele><time>2025-08-27T13:07:40.000Z</time></trkpt>
<trkpt lat="30.62194496343243" lon="104.064871805906"><ele>498</ele><time>2025-08-27T13:07:41.000Z</time></trkpt>
<trkpt lat="30.62194496343243" lon="104.064871805906"><ele>498</ele><time>2025-08-27T13:07:42.000Z</time></trkpt>
<trkpt lat="30.62194496343243" lon="104.064871805906"><ele>499</ele><time>2025-08-27T13:07:43.000Z</time></trkpt>
<trkpt lat="30.62194496343243" lon="104.064871805906"><ele>498</ele><time>2025-08-27T13:07:44.000Z</time></trkpt>
<trkpt lat="30.62194496343243" lon="104.064871805906"><ele>498</ele><time>2025-08-27T13:07:45.000Z</time></trkpt>
<trkpt lat="30.62194496343243" lon="104.064871805906"><ele>498</ele><time>2025-08-27T13:07:46.000Z</time></trkpt>
<trkpt lat="30.62194496343243" lon="104.064871805906"><ele>498</ele><time>2025-08-27T13:07:47.000Z</time></trkpt>
<trkpt lat="30.62194496343243" lon="104.064871805906"><ele>498</ele><time>2025-08-27T13:07:48.000Z</time></trkpt>
<trkpt lat="30.62194496343243" lon="104.064871805906"><ele>497</ele><time>2025-08-27T13:07:49.000Z</time></trkpt>
<trkpt lat="30.62194496343243" lon="104.064871805906"><ele>497</ele><time>2025-08-27T13:07:50.000Z</time></trkpt>
<trkpt lat="30.62194496343243" lon="104.064871805906"><ele>497</ele><time>2025-08-27T13:07:51.000Z</time></trkpt>
<trkpt lat="30.62194496343243" lon="104.064871805906"><ele>497</ele><time>2025-08-27T13:07:52.000Z</time></trkpt>
<trkpt lat="30.62194496343243" lon="104.064871805906"><ele>497</ele><time>2025-08-27T13:07:53.000Z</time></trkpt>
<trkpt lat="30.62194496343243" lon="104.064871805906"><ele>497</ele><time>2025-08-27T13:07:54.000Z</time></trkpt>
<trkpt lat="30.62194496343243" lon="104.064871805906"><ele>497</ele><time>2025-08-27T13:07:55.000Z</time></trkpt>
<trkpt lat="30.62194496343243" lon="104.064871805906"><ele>497</ele><time>2025-08-27T13:07:56.000Z</time></trkpt>
<trkpt lat="30.62194496343243" lon="104.064871805906"><ele>497</ele><time>2025-08-27T13:07:57.000Z</time></trkpt>
<trkpt lat="30.62194496343243" lon="104.064871805906"><ele>497</ele><time>2025-08-27T13:07:58.000Z</time></trkpt>
<trkpt lat="30.62194496343243" lon="104.064871805906"><ele>498</ele><time>2025-08-27T13:07:59.000Z</time></trkpt>
<trkpt lat="30.62194496343243" lon="104.064871805906"><ele>498</ele><time>2025-08-27T13:08:00.000Z</time></trkpt>
<trkpt lat="30.62194496343243" lon="104.064871805906"><ele>499</ele><time>2025-08-27T13:08:01.000Z</time></trkpt>
<trkpt lat="30.62194496343243" lon="104.064871805906"><ele>499</ele><time>2025-08-27T13:08:02.000Z</time></trkpt>
<trkpt lat="30.62194496343243" lon="104.064871805906"><ele>500</ele><time>2025-08-27T13:08:03.000Z</time></trkpt>
<trkpt lat="30.62194496343243" lon="104.064871805906"><ele>500</ele><time>2025-08-27T13:08:04.000Z</time></trkpt>
<trkpt lat="30.62194496343243" lon="104.064871805906"><ele>500</ele><time>2025-08-27T13:08:05.000Z</time></trkpt>
<trkpt lat="30.62194496343243" lon="104.064871805906"><ele>499</ele><time>2025-08-27T13:08:06.000Z</time></trkpt>
<trkpt lat="30.62194496343243" lon="104.064871805906"><ele>499</ele><time>2025-08-27T13:08:07.000Z</time></trkpt>
<trkpt lat="30.62194496343243" lon="104.064871805906"><ele>499</ele><time>2025-08-27T13:08:08.000Z</time></trkpt>
<trkpt lat="30.62194496343243" lon="104.064871805906"><ele>500</ele><time>2025-08-27T13:08:09.000Z</time></trkpt>
<trkpt lat="30.62194496343243" lon="104.064871805906"><ele>500</ele><time>2025-08-27T13:08:10.000Z</time></trkpt>
<trkpt lat="30.62194496343243" lon="104.064871805906"><ele>499</ele><time>2025-08-27T13:08:11.000Z</time></trkpt>
<trkpt lat="30.62194496343243" lon="104.064871805906"><ele>501</ele><time>2025-08-27T13:08:12.000Z</time></trkpt>
<trkpt lat="30.62194496343243" lon="104.064871805906"><ele>501</ele><time>2025-08-27T13:08:13.000Z</time></trkpt>
<trkpt lat="30.62194496343243" lon="104.064871805906"><ele>501</ele><time>2025-08-27T13:08:14.000Z</time></trkpt>
<trkpt lat="30.62194496343243" lon="104.064871805906"><ele>502</ele><time>2025-08-27T13:08:15.000Z</time></trkpt>
<trkpt lat="30.62194496343243" lon="104.064871805906"><ele>502</ele><time>2025-08-27T13:08:16.000Z</time></trkpt>
<trkpt lat="30.62194496343243" lon="104.064871805906"><ele>502</ele><time>2025-08-27T13:08:17.000Z</time></trkpt>
<trkpt lat="30.62194496343243" lon="104.064871805906"><ele>502</ele><time>2025-08-27T13:08:18.000Z</time></trkpt>
<trkpt lat="30.62194496343243" lon="104.064871805906"><ele>503</ele><time>2025-08-27T13:08:19.000Z</time></trkpt>
<trkpt lat="30.62194496343243" lon="104.064871805906"><ele>502</ele><time>2025-08-27T13:08:20.000Z</time></trkpt>
<trkpt lat="30.62194496343243" lon="104.064871805906"><ele>503</ele><time>2025-08-27T13:08:21.000Z</time></trkpt>
<trkpt lat="30.62194496343243" lon="104.064871805906"><ele>503</ele><time>2025-08-27T13:08:22.000Z</time></trkpt>
<trkpt lat="30.62194496343243" lon="104.064871805906"><ele>503</ele><time>2025-08-27T13:08:23.000Z</time></trkpt>
<trkpt lat="30.62194496343243" lon="104.064871805906"><ele>504</ele><time>2025-08-27T13:08:24.000Z</time></trkpt>
<trkpt lat="30.62194496343243" lon="104.064871805906"><ele>505</ele><time>2025-08-27T13:08:25.000Z</time></trkpt>
<trkpt lat="30.62194496343243" lon="104.064871805906"><ele>506</ele><time>2025-08-27T13:08:26.000Z</time></trkpt>
<trkpt lat="30.62194496343243" lon="104.064871805906"><ele>493</ele><time>2025-08-27T13:08:27.000Z</time></trkpt>
<trkpt lat="30.62194496343243" lon="104.064871805906"><ele>493</ele><time>2025-08-27T13:08:28.000Z</time></trkpt>
<trkpt lat="30.62194496343243" lon="104.064871805906"><ele>492</ele><time>2025-08-27T13:08:29.000Z</time></trkpt>
<trkpt lat="30.62194496343243" lon="104.064871805906"><ele>492</ele><time>2025-08-27T13:08:30.000Z</time></trkpt>
<trkpt lat="30.62194496343243" lon="104.064871805906"><ele>492</ele><time>2025-08-27T13:08:31.000Z</time></trkpt>
<trkpt lat="30.62194496343243" lon="104.064871805906"><ele>492</ele><time>2025-08-27T13:08:32.000Z</time></trkpt>
<trkpt lat="30.62194496343243" lon="104.064871805906"><ele>492</ele><time>2025-08-27T13:08:33.000Z</time></trkpt>
<trkpt lat="30.62194496343243" lon="104.064871805906"><ele>492</ele><time>2025-08-27T13:08:34.000Z</time></trkpt>
<trkpt lat="30.62194496343243" lon="104.064871805906"><ele>492</ele><time>2025-08-27T13:08:35.000Z</time></trkpt>
<trkpt lat="30.62194496343243" lon="104.064871805906"><ele>492</ele><time>2025-08-27T13:08:36.000Z</time></trkpt>
<trkpt lat="30.62194496343243" lon="104.064871805906"><ele>492</ele><time>2025-08-27T13:08:37.000Z</time></trkpt>
<trkpt lat="30.62194496343243" lon="104.064871805906"><ele>492</ele><time>2025-08-27T13:08:38.000Z</time></trkpt>
<trkpt lat="30.62194496343243" lon="104.064871805906"><ele>492</ele><time>2025-08-27T13:08:39.000Z</time></trkpt>
<trkpt lat="30.62194496343243" lon="104.064871805906"><ele>493</ele><time>2025-08-27T13:08:40.000Z</time></trkpt>
<trkpt lat="30.62194496343243" lon="104.064871805906"><ele>493</ele><time>2025-08-27T13:08:41.000Z</time></trkpt>
<trkpt lat="30.62194496343243" lon="104.064871805906"><ele>492</ele><time>2025-08-27T13:08:42.000Z</time></trkpt>
<trkpt lat="30.62194496343243" lon="104.064871805906"><ele>492</ele><time>2025-08-27T13:08:43.000Z</time></trkpt>
<trkpt lat="30.62194496343243" lon="104.064871805906"><ele>492</ele><time>2025-08-27T13:08:44.000Z</time></trkpt>
<trkpt lat="30.62194496343243" lon="104.064871805906"><ele>492</ele><time>2025-08-27T13:08:45.000Z</time></trkpt>
<trkpt lat="30.62194496343243" lon="104.064871805906"><ele>492</ele><time>2025-08-27T13:08:46.000Z</time></trkpt>
<trkpt lat="30.62194496343243" lon="104.064871805906"><ele>504</ele><time>2025-08-27T13:08:47.000Z</time></trkpt>
<trkpt lat="30.62194496343243" lon="104.064871805906"><ele>504</ele><time>2025-08-27T13:08:48.000Z</time></trkpt>
<trkpt lat="30.62194496343243" lon="104.064871805906"><ele>504</ele><time>2025-08-27T13:08:49.000Z</time></trkpt>
<trkpt lat="30.62194496343243" lon="104.064871805906"><ele>502</ele><time>2025-08-27T13:08:50.000Z</time></trkpt>
<trkpt lat="30.62194496343243" lon="104.064871805906"><ele>502</ele><time>2025-08-27T13:08:51.000Z</time></trkpt>
<trkpt lat="30.62194496343243" lon="104.064871805906"><ele>502</ele><time>2025-08-27T13:08:52.000Z</time></trkpt>
<trkpt lat="30.62194496343243" lon="104.064871805906"><ele>502</ele><time>2025-08-27T13:08:53.000Z</time></trkpt>
<trkpt lat="30.62194496343243" lon="104.064871805906"><ele>501</ele><time>2025-08-27T13:08:54.000Z</time></trkpt>
<trkpt lat="30.62194496343243" lon="104.064871805906"><ele>502</ele><time>2025-08-27T13:08:55.000Z</time></trkpt>
<trkpt lat="30.62194496343243" lon="104.064871805906"><ele>503</ele><time>2025-08-27T13:08:56.000Z</time></trkpt>
<trkpt lat="30.62194496343243" lon="104.064871805906"><ele>503</ele><time>2025-08-27T13:08:57.000Z</time></trkpt>
<trkpt lat="30.62194496343243" lon="104.064871805906"><ele>503</ele><time>2025-08-27T13:08:58.000Z</time></trkpt>
<trkpt lat="30.62194496343243" lon="104.064871805906"><ele>504</ele><time>2025-08-27T13:08:59.000Z</time></trkpt>
<trkpt lat="30.62194496343243" lon="104.064871805906"><ele>504</ele><time>2025-08-27T13:09:00.000Z</time></trkpt>
<trkpt lat="30.62194496343243" lon="104.064871805906"><ele>505</ele><time>2025-08-27T13:09:01.000Z</time></trkpt>
<trkpt lat="30.62194496343243" lon="104.064871805906"><ele>506</ele><time>2025-08-27T13:09:02.000Z</time></trkpt>
<trkpt lat="30.62194496343243" lon="104.064871805906"><ele>505</ele><time>2025-08-27T13:09:03.000Z</time></trkpt>
<trkpt lat="30.62194496343243" lon="104.064871805906"><ele>506</ele><time>2025-08-27T13:09:04.000Z</time></trkpt>
<trkpt lat="30.62194496343243" lon="104.064871805906"><ele>506</ele><time>2025-08-27T13:09:05.000Z</time></trkpt>
<trkpt lat="30.62194496343243" lon="104.064871805906"><ele>507</ele><time>2025-08-27T13:09:06.000Z</time></trkpt>
<trkpt lat="30.62194496343243" lon="104.064871805906"><ele>505</ele><time>2025-08-27T13:09:07.000Z</time></trkpt>
<trkpt lat="30.62194496343243" lon="104.064871805906"><ele>505</ele><time>2025-08-27T13:09:08.000Z</time></trkpt>
<trkpt lat="30.62194496343243" lon="104.064871805906"><ele>491</ele><time>2025-08-27T13:09:09.000Z</time></trkpt>
<trkpt lat="30.62194496343243" lon="104.064871805906"><ele>490</ele><time>2025-08-27T13:09:10.000Z</time></trkpt>
<trkpt lat="30.62194496343243" lon="104.064871805906"><ele>490</ele><time>2025-08-27T13:09:11.000Z</time></trkpt>
<trkpt lat="30.62194496343243" lon="104.064871805906"><ele>490</ele><time>2025-08-27T13:09:12.000Z</time></trkpt>
<trkpt lat="30.62194496343243" lon="104.064871805906"><ele>490</ele><time>2025-08-27T13:09:13.000Z</time></trkpt>
<trkpt lat="30.62194496343243" lon="104.064871805906"><ele>490</ele><time>2025-08-27T13:09:14.000Z</time></trkpt>
<trkpt lat="30.62194496343243" lon="104.064871805906"><ele>490</ele><time>2025-08-27T13:09:15.000Z</time></trkpt>
<trkpt lat="30.62194496343243" lon="104.064871805906"><ele>490</ele><time>2025-08-27T13:09:16.000Z</time></trkpt>
<trkpt lat="30.62194496343243" lon="104.064871805906"><ele>490</ele><time>2025-08-27T13:09:17.000Z</time></trkpt>
<trkpt lat="30.62194496343243" lon="104.064871805906"><ele>489</ele><time>2025-08-27T13:09:18.000Z</time></trkpt>
<trkpt lat="30.62194496343243" lon="104.064871805906"><ele>489</ele><time>2025-08-27T13:09:19.000Z</time></trkpt>
<trkpt lat="30.62194496343243" lon="104.064871805906"><ele>489</ele><time>2025-08-27T13:09:20.000Z</time></trkpt>
<trkpt lat="30.62194496343243" lon="104.064871805906"><ele>489</ele><time>2025-08-27T13:09:21.000Z</time></trkpt>
<trkpt lat="30.62194496343243" lon="104.064871805906"><ele>489</ele><time>2025-08-27T13:09:22.000Z</time></trkpt>
<trkpt lat="30.62194496343243" lon="104.064871805906"><ele>489</ele><time>2025-08-27T13:09:23.000Z</time></trkpt>
<trkpt lat="30.62194496343243" lon="104.064871805906"><ele>489</ele><time>2025-08-27T13:09:24.000Z</time></trkpt>
<trkpt lat="30.62194496343243" lon="104.064871805906"><ele>489</ele><time>2025-08-27T13:09:25.000Z</time></trkpt>
<trkpt lat="30.62194496343243" lon="104.064871805906"><ele>489</ele><time>2025-08-27T13:09:26.000Z</time></trkpt>
<trkpt lat="30.62194496343243" lon="104.064871805906"><ele>489</ele><time>2025-08-27T13:09:27.000Z</time></trkpt>
<trkpt lat="30.62194496343243" lon="104.064871805906"><ele>489</ele><time>2025-08-27T13:09:28.000Z</time></trkpt>
<trkpt lat="30.62194496343243" lon="104.064871805906"><ele>502</ele><time>2025-08-27T13:09:29.000Z</time></trkpt>
<trkpt lat="30.62194496343243" lon="104.064871805906"><ele>501</ele><time>2025-08-27T13:09:30.000Z</time></trkpt>
<trkpt lat="30.62194496343243" lon="104.064871805906"><ele>501</ele><time>2025-08-27T13:09:31.000Z</time></trkpt>
<trkpt lat="30.62194496343243" lon="104.064871805906"><ele>495</ele><time>2025-08-27T13:09:32.000Z</time></trkpt>
<trkpt lat="30.62194496343243" lon="104.064871805906"><ele>495</ele><time>2025-08-27T13:09:33.000Z</time></trkpt>
<trkpt lat="30.62194496343243" lon="104.064871805906"><ele>495</ele><time>2025-08-27T13:09:34.000Z</time></trkpt>
<trkpt lat="30.62194496343243" lon="104.064871805906"><ele>495</ele><time>2025-08-27T13:09:35.000Z</time></trkpt>
<trkpt lat="30.62194496343243" lon="104.064871805906"><ele>495</ele><time>2025-08-27T13:09:36.000Z</time></trkpt>
<trkpt lat="30.62194496343243" lon="104.064871805906"><ele>495</ele><time>2025-08-27T13:09:37.000Z</time></trkpt>
<trkpt lat="30.62194496343243" lon="104.064871805906"><ele>495</ele><time>2025-08-27T13:09:38.000Z</time></trkpt>
<trkpt lat="30.62194496343243" lon="104.064871805906"><ele>495</ele><time>2025-08-27T13:09:39.000Z</time></trkpt>
<trkpt lat="30.62194496343243" lon="104.064871805906"><ele>495</ele><time>2025-08-27T13:09:40.000Z</time></trkpt>
<trkpt lat="30.62194496343243" lon="104.064871805906"><ele>495</ele><time>2025-08-27T13:09:41.000Z</time></trkpt>
<trkpt lat="30.62194496343243" lon="104.064871805906"><ele>496</ele><time>2025-08-27T13:09:42.000Z</time></trkpt>
<trkpt lat="30.62194496343243" lon="104.064871805906"><ele>495</ele><time>2025-08-27T13:09:43.000Z</time></trkpt>
<trkpt lat="30.62194496343243" lon="104.064871805906"><ele>496</ele><time>2025-08-27T13:09:44.000Z</time></trkpt>
<trkpt lat="30.62194496343243" lon="104.064871805906"><ele>496</ele><time>2025-08-27T13:09:45.000Z</time></trkpt>
<trkpt lat="30.62194496343243" lon="104.064871805906"><ele>495</ele><time>2025-08-27T13:09:46.000Z</time></trkpt>
<trkpt lat="30.62194496343243" lon="104.064871805906"><ele>496</ele><time>2025-08-27T13:09:47.000Z</time></trkpt>
<trkpt lat="30.62194496343243" lon="104.064871805906"><ele>496</ele><time>2025-08-27T13:09:48.000Z</time></trkpt>
<trkpt lat="30.62194496343243" lon="104.064871805906"><ele>495</ele><time>2025-08-27T13:09:49.000Z</time></trkpt>
<trkpt lat="30.62194496343243" lon="104.064871805906"><ele>496</ele><time>2025-08-27T13:09:50.000Z</time></trkpt>
<trkpt lat="30.62194496343243" lon="104.064871805906"><ele>495</ele><time>2025-08-27T13:09:51.000Z</time></trkpt>
<trkpt lat="30.62194496343243" lon="104.064871805906"><ele>495</ele><time>2025-08-27T13:09:52.000Z</time></trkpt>
<trkpt lat="30.62194496343243" lon="104.064871805906"><ele>495</ele><time>2025-08-27T13:09:53.000Z</time></trkpt>
<trkpt lat="30.62194496343243" lon="104.064871805906"><ele>495</ele><time>2025-08-27T13:09:54.000Z</time></trkpt>
<trkpt lat="30.62194496343243" lon="104.064871805906"><ele>495</ele><time>2025-08-27T13:09:55.000Z</time></trkpt>
<trkpt lat="30.62194496343243" lon="104.064871805906"><ele>495</ele><time>2025-08-27T13:09:56.000Z</time></trkpt>
<trkpt lat="30.62194496343243" lon="104.064871805906"><ele>495</ele><time>2025-08-27T13:09:57.000Z</time></trkpt>
<trkpt lat="30.62194496343243" lon="104.064871805906"><ele>495</ele><time>2025-08-27T13:09:58.000Z</time></trkpt>
<trkpt lat="30.62194496343243" lon="104.064871805906"><ele>496</ele><time>2025-08-27T13:09:59.000Z</time></trkpt>
<trkpt lat="30.62194496343243" lon="104.064871805906"><ele>496</ele><time>2025-08-27T13:10:00.000Z</time></trkpt>
<trkpt lat="30.62194496343243" lon="104.064871805906"><ele>496</ele><time>2025-08-27T13:10:01.000Z</time></trkpt>
<trkpt lat="30.62194496343243" lon="104.064871805906"><ele>496</ele><time>2025-08-27T13:10:02.000Z</time></trkpt>
<trkpt lat="30.62194496343243" lon="104.064871805906"><ele>496</ele><time>2025-08-27T13:10:03.000Z</time></trkpt>
<trkpt lat="30.62194496343243" lon="104.064871805906"><ele>497</ele><time>2025-08-27T13:10:04.000Z</time></trkpt>
<trkpt lat="30.62194496343243" lon="104.064871805906"><ele>497</ele><time>2025-08-27T13:10:05.000Z</time></trkpt>
<trkpt lat="30.62194496343243" lon="104.064871805906"><ele>496</ele><time>2025-08-27T13:10:06.000Z</time></trkpt>
<trkpt lat="30.62194496343243" lon="104.064871805906"><ele>494</ele><time>2025-08-27T13:10:07.000Z</time></trkpt>
<trkpt lat="30.62194496343243" lon="104.064871805906"><ele>494</ele><time>2025-08-27T13:10:08.000Z</time></trkpt>
<trkpt lat="30.62194496343243" lon="104.064871805906"><ele>495</ele><time>2025-08-27T13:10:09.000Z</time></trkpt>
<trkpt lat="30.62194496343243" lon="104.064871805906"><ele>495</ele><time>2025-08-27T13:10:10.000Z</time></trkpt>
<trkpt lat="30.62194496343243" lon="104.064871805906"><ele>495</ele><time>2025-08-27T13:10:11.000Z</time></trkpt>
<trkpt lat="30.62194496343243" lon="104.064871805906"><ele>495</ele><time>2025-08-27T13:10:12.000Z</time></trkpt>
<trkpt lat="30.62194496343243" lon="104.064871805906"><ele>495</ele><time>2025-08-27T13:10:13.000Z</time></trkpt>
<trkpt lat="30.62194496343243" lon="104.064871805906"><ele>495</ele><time>2025-08-27T13:10:14.000Z</time></trkpt>
<trkpt lat="30.62194496343243" lon="104.064871805906"><ele>496</ele><time>2025-08-27T13:10:15.000Z</time></trkpt>
<trkpt lat="30.62194496343243" lon="104.064871805906"><ele>496</ele><time>2025-08-27T13:10:16.000Z</time></trkpt>
<trkpt lat="30.62194496343243" lon="104.064871805906"><ele>497</ele><time>2025-08-27T13:10:17.000Z</time></trkpt>
<trkpt lat="30.62194496343243" lon="104.064871805906"><ele>497</ele><time>2025-08-27T13:10:18.000Z</time></trkpt>
<trkpt lat="30.62194496343243" lon="104.064871805906"><ele>495</ele><time>2025-08-27T13:10:19.000Z</time></trkpt>
<trkpt lat="30.62194496343243" lon="104.064871805906"><ele>496</ele><time>2025-08-27T13:10:20.000Z</time></trkpt>
<trkpt lat="30.62194496343243" lon="104.064871805906"><ele>496</ele><time>2025-08-27T13:10:21.000Z</time></trkpt>
<trkpt lat="30.62194496343243" lon="104.064871805906"><ele>496</ele><time>2025-08-27T13:10:22.000Z</time></trkpt>
<trkpt lat="30.62194496343243" lon="104.064871805906"><ele>496</ele><time>2025-08-27T13:10:23.000Z</time></trkpt>
<trkpt lat="30.62194496343243" lon="104.064871805906"><ele>497</ele><time>2025-08-27T13:10:24.000Z</time></trkpt>
<trkpt lat="30.62194496343243" lon="104.064871805906"><ele>496</ele><time>2025-08-27T13:10:25.000Z</time></trkpt>
<trkpt lat="30.62194496343243" lon="104.064871805906"><ele>495</ele><time>2025-08-27T13:10:26.000Z</time></trkpt>
<trkpt lat="30.62194496343243" lon="104.064871805906"><ele>495</ele><time>2025-08-27T13:10:27.000Z</time></trkpt>
<trkpt lat="30.62194496343243" lon="104.064871805906"><ele>496</ele><time>2025-08-27T13:10:28.000Z</time></trkpt>
<trkpt lat="30.62194496343243" lon="104.064871805906"><ele>496</ele><time>2025-08-27T13:10:29.000Z</time></trkpt>
<trkpt lat="30.62194496343243" lon="104.064871805906"><ele>496</ele><time>2025-08-27T13:10:30.000Z</time></trkpt>
<trkpt lat="30.62194496343243" lon="104.064871805906"><ele>497</ele><time>2025-08-27T13:10:31.000Z</time></trkpt>
<trkpt lat="30.62194496343243" lon="104.064871805906"><ele>496</ele><time>2025-08-27T13:10:32.000Z</time></trkpt>
<trkpt lat="30.62194496343243" lon="104.064871805906"><ele>496</ele><time>2025-08-27T13:10:33.000Z</time></trkpt>
<trkpt lat="30.62194496343243" lon="104.064871805906"><ele>497</ele><time>2025-08-27T13:10:34.000Z</time></trkpt>
<trkpt lat="30.62194496343243" lon="104.064871805906"><ele>497</ele><time>2025-08-27T13:10:35.000Z</time></trkpt>
<trkpt lat="30.62194496343243" lon="104.064871805906"><ele>497</ele><time>2025-08-27T13:10:36.000Z</time></trkpt>
<trkpt lat="30.62194496343243" lon="104.064871805906"><ele>497</ele><time>2025-08-27T13:10:37.000Z</time></trkpt>
<trkpt lat="30.62194496343243" lon="104.064871805906"><ele>497</ele><time>2025-08-27T13:10:38.000Z</time></trkpt>
<trkpt lat="30.62194496343243" lon="104.064871805906"><ele>497</ele><time>2025-08-27T13:10:39.000Z</time></trkpt>
<trkpt lat="30.62194496343243" lon="104.064871805906"><ele>498</ele><time>2025-08-27T13:10:40.000Z</time></trkpt>
<trkpt lat="30.62194496343243" lon="104.064871805906"><ele>498</ele><time>2025-08-27T13:10:41.000Z</time></trkpt>
<trkpt lat="30.62194496343243" lon="104.064871805906"><ele>498</ele><time>2025-08-27T13:10:42.000Z</time></trkpt>
<trkpt lat="30.62194496343243" lon="104.064871805906"><ele>497</ele><time>2025-08-27T13:10:43.000Z</time></trkpt>
<trkpt lat="30.62194496343243" lon="104.064871805906"><ele>498</ele><time>2025-08-27T13:10:44.000Z</time></trkpt>
<trkpt lat="30.62194496343243" lon="104.064871805906"><ele>498</ele><time>2025-08-27T13:10:45.000Z</time></trkpt>
<trkpt lat="30.62194496343243" lon="104.064871805906"><ele>497</ele><time>2025-08-27T13:10:46.000Z</time></trkpt>
<trkpt lat="30.62194496343243" lon="104.064871805906"><ele>497</ele><time>2025-08-27T13:10:47.000Z</time></trkpt>
<trkpt lat="30.62194496343243" lon="104.064871805906"><ele>498</ele><time>2025-08-27T13:10:48.000Z</time></trkpt>
<trkpt lat="30.62194496343243" lon="104.064871805906"><ele>498</ele><time>2025-08-27T13:10:49.000Z</time></trkpt>
<trkpt lat="30.62194496343243" lon="104.064871805906"><ele>498</ele><time>2025-08-27T13:10:50.000Z</time></trkpt>
<trkpt lat="30.62194496343243" lon="104.064871805906"><ele>497</ele><time>2025-08-27T13:10:51.000Z</time></trkpt>
<trkpt lat="30.62194496343243" lon="104.064871805906"><ele>496</ele><time>2025-08-27T13:10:52.000Z</time></trkpt>
<trkpt lat="30.62194496343243" lon="104.064871805906"><ele>497</ele><time>2025-08-27T13:10:53.000Z</time></trkpt>
<trkpt lat="30.62194496343243" lon="104.064871805906"><ele>497</ele><time>2025-08-27T13:10:54.000Z</time></trkpt>
<trkpt lat="30.62194496343243" lon="104.064871805906"><ele>497</ele><time>2025-08-27T13:10:55.000Z</time></trkpt>
<trkpt lat="30.62194496343243" lon="104.064871805906"><ele>497</ele><time>2025-08-27T13:10:56.000Z</time></trkpt>
<trkpt lat="30.62194496343243" lon="104.064871805906"><ele>497</ele><time>2025-08-27T13:10:57.000Z</time></trkpt>
<trkpt lat="30.62194496343243" lon="104.064871805906"><ele>497</ele><time>2025-08-27T13:10:58.000Z</time></trkpt>
<trkpt lat="30.62194496343243" lon="104.064871805906"><ele>496</ele><time>2025-08-27T13:10:59.000Z</time></trkpt>
<trkpt lat="30.62194496343243" lon="104.064871805906"><ele>497</ele><time>2025-08-27T13:11:00.000Z</time></trkpt>
<trkpt lat="30.62194496343243" lon="104.064871805906"><ele>497</ele><time>2025-08-27T13:11:01.000Z</time></trkpt>
<trkpt lat="30.62194496343243" lon="104.064871805906"><ele>497</ele><time>2025-08-27T13:11:02.000Z</time></trkpt>
<trkpt lat="30.62194496343243" lon="104.064871805906"><ele>498</ele><time>2025-08-27T13:11:03.000Z</time></trkpt>
<trkpt lat="30.62194496343243" lon="104.064871805906"><ele>497</ele><time>2025-08-27T13:11:04.000Z</time></trkpt>
<trkpt lat="30.62194496343243" lon="104.064871805906"><ele>497</ele><time>2025-08-27T13:11:05.000Z</time></trkpt>
<trkpt lat="30.62194496343243" lon="104.064871805906"><ele>497</ele><time>2025-08-27T13:11:06.000Z</time></trkpt>
<trkpt lat="30.62194496343243" lon="104.064871805906"><ele>497</ele><time>2025-08-27T13:11:07.000Z</time></trkpt>
<trkpt lat="30.62194496343243" lon="104.064871805906"><ele>497</ele><time>2025-08-27T13:11:08.000Z</time></trkpt>
<trkpt lat="30.62194496343243" lon="104.064871805906"><ele>497</ele><time>2025-08-27T13:11:09.000Z</time></trkpt>
<trkpt lat="30.62194496343243" lon="104.064871805906"><ele>497</ele><time>2025-08-27T13:11:10.000Z</time></trkpt>
<trkpt lat="30.62194496343243" lon="104.064871805906"><ele>498</ele><time>2025-08-27T13:11:11.000Z</time></trkpt>
<trkpt lat="30.62194496343243" lon="104.064871805906"><ele>498</ele><time>2025-08-27T13:11:12.000Z</time></trkpt>
<trkpt lat="30.62194496343243" lon="104.064871805906"><ele>497</ele><time>2025-08-27T13:11:13.000Z</time></trkpt>
<trkpt lat="30.62194496343243" lon="104.064871805906"><ele>498</ele><time>2025-08-27T13:11:14.000Z</time></trkpt>
<trkpt lat="30.62194496343243" lon="104.064871805906"><ele>498</ele><time>2025-08-27T13:11:15.000Z</time></trkpt>
<trkpt lat="30.62194496343243" lon="104.064871805906"><ele>497</ele><time>2025-08-27T13:11:16.000Z</time></trkpt>
<trkpt lat="30.62194496343243" lon="104.064871805906"><ele>497</ele><time>2025-08-27T13:11:17.000Z</time></trkpt>
<trkpt lat="30.62194496343243" lon="104.064871805906"><ele>498</ele><time>2025-08-27T13:11:18.000Z</time></trkpt>
<trkpt lat="30.62194496343243" lon="104.064871805906"><ele>498</ele><time>2025-08-27T13:11:19.000Z</time></trkpt>
<trkpt lat="30.62194496343243" lon="104.064871805906"><ele>498</ele><time>2025-08-27T13:11:20.000Z</time></trkpt>
<trkpt lat="30.62194496343243" lon="104.064871805906"><ele>499</ele><time>2025-08-27T13:11:21.000Z</time></trkpt>
<trkpt lat="30.62194496343243" lon="104.064871805906"><ele>500</ele><time>2025-08-27T13:11:22.000Z</time></trkpt>
<trkpt lat="30.62194496343243" lon="104.064871805906"><ele>501</ele><time>2025-08-27T13:11:23.000Z</time></trkpt>
<trkpt lat="30.62194496343243" lon="104.064871805906"><ele>501</ele><time>2025-08-27T13:11:24.000Z</time></trkpt>
<trkpt lat="30.62194496343243" lon="104.064871805906"><ele>500</ele><time>2025-08-27T13:11:25.000Z</time></trkpt>
<trkpt lat="30.62194496343243" lon="104.064871805906"><ele>500</ele><time>2025-08-27T13:11:26.000Z</time></trkpt>
<trkpt lat="30.62194496343243" lon="104.064871805906"><ele>500</ele><time>2025-08-27T13:11:27.000Z</time></trkpt>
<trkpt lat="30.62194496343243" lon="104.064871805906"><ele>500</ele><time>2025-08-27T13:11:28.000Z</time></trkpt>
<trkpt lat="30.62194496343243" lon="104.064871805906"><ele>501</ele><time>2025-08-27T13:11:29.000Z</time></trkpt>
<trkpt lat="30.62194496343243" lon="104.064871805906"><ele>501</ele><time>2025-08-27T13:11:30.000Z</time></trkpt>
<trkpt lat="30.62194496343243" lon="104.064871805906"><ele>501</ele><time>2025-08-27T13:11:31.000Z</time></trkpt>
<trkpt lat="30.62194496343243" lon="104.064871805906"><ele>501</ele><time>2025-08-27T13:11:32.000Z</time></trkpt>
<trkpt lat="30.62194496343243" lon="104.064871805906"><ele>500</ele><time>2025-08-27T13:11:33.000Z</time></trkpt>
<trkpt lat="30.62194496343243" lon="104.064871805906"><ele>500</ele><time>2025-08-27T13:11:34.000Z</time></trkpt>
<trkpt lat="30.62194496343243" lon="104.064871805906"><ele>500</ele><time>2025-08-27T13:11:35.000Z</time></trkpt>
<trkpt lat="30.62194496343243" lon="104.064871805906"><ele>500</ele><time>2025-08-27T13:11:36.000Z</time></trkpt>
<trkpt lat="30.62194496343243" lon="104.064871805906"><ele>500</ele><time>2025-08-27T13:11:37.000Z</time></trkpt>
<trkpt lat="30.62194496343243" lon="104.064871805906"><ele>500</ele><time>2025-08-27T13:11:38.000Z</time></trkpt>
<trkpt lat="30.62194496343243" lon="104.064871805906"><ele>500</ele><time>2025-08-27T13:11:39.000Z</time></trkpt>
<trkpt lat="30.62194496343243" lon="104.064871805906"><ele>500</ele><time>2025-08-27T13:11:40.000Z</time></trkpt>
<trkpt lat="30.62194496343243" lon="104.064871805906"><ele>500</ele><time>2025-08-27T13:11:41.000Z</time></trkpt>
<trkpt lat="30.62194496343243" lon="104.064871805906"><ele>500</ele><time>2025-08-27T13:11:42.000Z</time></trkpt>
<trkpt lat="30.62194496343243" lon="104.064871805906"><ele>500</ele><time>2025-08-27T13:11:43.000Z</time></trkpt>
<trkpt lat="30.62194496343243" lon="104.064871805906"><ele>500</ele><time>2025-08-27T13:11:44.000Z</time></trkpt>
<trkpt lat="30.62194496343243" lon="104.064871805906"><ele>499</ele><time>2025-08-27T13:11:45.000Z</time></trkpt>
<trkpt lat="30.62194496343243" lon="104.064871805906"><ele>499</ele><time>2025-08-27T13:11:46.000Z</time></trkpt>
<trkpt lat="30.62194496343243" lon="104.064871805906"><ele>499</ele><time>2025-08-27T13:11:47.000Z</time></trkpt>
<trkpt lat="30.62194496343243" lon="104.064871805906"><ele>499</ele><time>2025-08-27T13:11:48.000Z</time></trkpt>
<trkpt lat="30.62194496343243" lon="104.064871805906"><ele>499</ele><time>2025-08-27T13:11:49.000Z</time></trkpt>
<trkpt lat="30.62194496343243" lon="104.064871805906"><ele>499</ele><time>2025-08-27T13:11:50.000Z</time></trkpt>
<trkpt lat="30.62194496343243" lon="104.064871805906"><ele>499</ele><time>2025-08-27T13:11:51.000Z</time></trkpt>
<trkpt lat="30.62194496343243" lon="104.064871805906"><ele>499</ele><time>2025-08-27T13:11:52.000Z</time></trkpt>
<trkpt lat="30.62194496343243" lon="104.064871805906"><ele>499</ele><time>2025-08-27T13:11:53.000Z</time></trkpt>
<trkpt lat="30.62194496343243" lon="104.064871805906"><ele>499</ele><time>2025-08-27T13:11:54.000Z</time></trkpt>
<trkpt lat="30.62194496343243" lon="104.064871805906"><ele>499</ele><time>2025-08-27T13:11:55.000Z</time></trkpt>
<trkpt lat="30.62194496343243" lon="104.064871805906"><ele>499</ele><time>2025-08-27T13:11:56.000Z</time></trkpt>
<trkpt lat="30.62194496343243" lon="104.064871805906"><ele>499</ele><time>2025-08-27T13:11:57.000Z</time></trkpt>
<trkpt lat="30.62194496343243" lon="104.064871805906"><ele>499</ele><time>2025-08-27T13:11:58.000Z</time></trkpt>
<trkpt lat="30.62194496343243" lon="104.064871805906"><ele>499</ele><time>2025-08-27T13:11:59.000Z</time></trkpt>
<trkpt lat="30.62194496343243" lon="104.064871805906"><ele>499</ele><time>2025-08-27T13:12:00.000Z</time></trkpt>
<trkpt lat="30.62194496343243" lon="104.064871805906"><ele>499</ele><time>2025-08-27T13:12:01.000Z</time></trkpt>
<trkpt lat="30.62194496343243" lon="104.064871805906"><ele>499</ele><time>2025-08-27T13:12:02.000Z</time></trkpt>
<trkpt lat="30.62194496343243" lon="104.064871805906"><ele>500</ele><time>2025-08-27T13:12:03.000Z</time></trkpt>
<trkpt lat="30.62194496343243" lon="104.064871805906"><ele>499</ele><time>2025-08-27T13:12:04.000Z</time></trkpt>
<trkpt lat="30.62194496343243" lon="104.064871805906"><ele>500</ele><time>2025-08-27T13:12:05.000Z</time></trkpt>
<trkpt lat="30.62194496343243" lon="104.064871805906"><ele>500</ele><time>2025-08-27T13:12:06.000Z</time></trkpt>
<trkpt lat="30.62194496343243" lon="104.064871805906"><ele>499</ele><time>2025-08-27T13:12:07.000Z</time></trkpt>
<trkpt lat="30.62194496343243" lon="104.064871805906"><ele>499</ele><time>2025-08-27T13:12:08.000Z</time></trkpt>
<trkpt lat="30.62194496343243" lon="104.064871805906"><ele>499</ele><time>2025-08-27T13:12:09.000Z</time></trkpt>
<trkpt lat="30.62194496343243" lon="104.064871805906"><ele>499</ele><time>2025-08-27T13:12:10.000Z</time></trkpt>
<trkpt lat="30.62194496343243" lon="104.064871805906"><ele>499</ele><time>2025-08-27T13:12:11.000Z</time></trkpt>
<trkpt lat="30.62194496343243" lon="104.064871805906"><ele>499</ele><time>2025-08-27T13:12:12.000Z</time></trkpt>
<trkpt lat="30.62194496343243" lon="104.064871805906"><ele>500</ele><time>2025-08-27T13:12:13.000Z</time></trkpt>
<trkpt lat="30.62194496343243" lon="104.064871805906"><ele>500</ele><time>2025-08-27T13:12:14.000Z</time></trkpt>
<trkpt lat="30.62194496343243" lon="104.064871805906"><ele>500</ele><time>2025-08-27T13:12:15.000Z</time></trkpt>
<trkpt lat="30.62194496343243" lon="104.064871805906"><ele>499</ele><time>2025-08-27T13:12:16.000Z</time></trkpt>
<trkpt lat="30.62194496343243" lon="104.064871805906"><ele>499</ele><time>2025-08-27T13:12:17.000Z</time></trkpt>
<trkpt lat="30.62194496343243" lon="104.064871805906"><ele>499</ele><time>2025-08-27T13:12:18.000Z</time></trkpt>
<trkpt lat="30.62194496343243" lon="104.064871805906"><ele>499</ele><time>2025-08-27T13:12:19.000Z</time></trkpt>
<trkpt lat="30.62194496343243" lon="104.064871805906"><ele>498</ele><time>2025-08-27T13:12:20.000Z</time></trkpt>
<trkpt lat="30.62194496343243" lon="104.064871805906"><ele>499</ele><time>2025-08-27T13:12:21.000Z</time></trkpt>
<trkpt lat="30.62194496343243" lon="104.064871805906"><ele>499</ele><time>2025-08-27T13:12:22.000Z</time></trkpt>
<trkpt lat="30.62194496343243" lon="104.064871805906"><ele>500</ele><time>2025-08-27T13:12:23.000Z</time></trkpt>
<trkpt lat="30.62194496343243" lon="104.064871805906"><ele>499</ele><time>2025-08-27T13:12:24.000Z</time></trkpt>
<trkpt lat="30.62194496343243" lon="104.064871805906"><ele>499</ele><time>2025-08-27T13:12:25.000Z</time></trkpt>
<trkpt lat="30.62194496343243" lon="104.064871805906"><ele>499</ele><time>2025-08-27T13:12:26.000Z</time></trkpt>
<trkpt lat="30.62194496343243" lon="104.064871805906"><ele>499</ele><time>2025-08-27T13:12:27.000Z</time></trkpt>
<trkpt lat="30.62194496343243" lon="104.064871805906"><ele>500</ele><time>2025-08-27T13:12:28.000Z</time></trkpt>
<trkpt lat="30.62194496343243" lon="104.064871805906"><ele>499</ele><time>2025-08-27T13:12:29.000Z</time></trkpt>
<trkpt lat="30.62194496343243" lon="104.064871805906"><ele>500</ele><time>2025-08-27T13:12:30.000Z</time></trkpt>
<trkpt lat="30.62194496343243" lon="104.064871805906"><ele>500</ele><time>2025-08-27T13:12:31.000Z</time></trkpt>
<trkpt lat="30.62194496343243" lon="104.064871805906"><ele>501</ele><time>2025-08-27T13:12:32.000Z</time></trkpt>
<trkpt lat="30.62194496343243" lon="104.064871805906"><ele>502</ele><time>2025-08-27T13:12:33.000Z</time></trkpt>
<trkpt lat="30.62194496343243" lon="104.064871805906"><ele>501</ele><time>2025-08-27T13:12:34.000Z</time></trkpt>
<trkpt lat="30.62194496343243" lon="104.064871805906"><ele>501</ele><time>2025-08-27T13:12:35.000Z</time></trkpt>
<trkpt lat="30.62194496343243" lon="104.064871805906"><ele>501</ele><time>2025-08-27T13:12:36.000Z</time></trkpt>
<trkpt lat="30.62194496343243" lon="104.064871805906"><ele>501</ele><time>2025-08-27T13:12:37.000Z</time></trkpt>
<trkpt lat="30.62194496343243" lon="104.064871805906"><ele>501</ele><time>2025-08-27T13:12:38.000Z</time></trkpt>
<trkpt lat="30.62194496343243" lon="104.064871805906"><ele>501</ele><time>2025-08-27T13:12:39.000Z</time></trkpt>
<trkpt lat="30.62194496343243" lon="104.064871805906"><ele>502</ele><time>2025-08-27T13:12:40.000Z</time></trkpt>
<trkpt lat="30.62194496343243" lon="104.064871805906"><ele>502</ele><time>2025-08-27T13:12:41.000Z</time></trkpt>
<trkpt lat="30.62194496343243" lon="104.064871805906"><ele>504</ele><time>2025-08-27T13:12:42.000Z</time></trkpt>
<trkpt lat="30.62194496343243" lon="104.064871805906"><ele>504</ele><time>2025-08-27T13:12:43.000Z</time></trkpt>
<trkpt lat="30.62194496343243" lon="104.064871805906"><ele>504</ele><time>2025-08-27T13:12:44.000Z</time></trkpt>
<trkpt lat="30.62194496343243" lon="104.064871805906"><ele>503</ele><time>2025-08-27T13:12:45.000Z</time></trkpt>
<trkpt lat="30.62194496343243" lon="104.064871805906"><ele>502</ele><time>2025-08-27T13:12:46.000Z</time></trkpt>
<trkpt lat="30.62194496343243" lon="104.064871805906"><ele>501</ele><time>2025-08-27T13:12:47.000Z</time></trkpt>
<trkpt lat="30.62194496343243" lon="104.064871805906"><ele>500</ele><time>2025-08-27T13:12:48.000Z</time></trkpt>
<trkpt lat="30.62194496343243" lon="104.064871805906"><ele>499</ele><time>2025-08-27T13:12:49.000Z</time></trkpt>
<trkpt lat="30.62194496343243" lon="104.064871805906"><ele>496</ele><time>2025-08-27T13:12:50.000Z</time></trkpt>
<trkpt lat="30.62194496343243" lon="104.064871805906"><ele>495</ele><time>2025-08-27T13:12:51.000Z</time></trkpt>
<trkpt lat="30.62194496343243" lon="104.064871805906"><ele>495</ele><time>2025-08-27T13:12:52.000Z</time></trkpt>
<trkpt lat="30.62194496343243" lon="104.064871805906"><ele>494</ele><time>2025-08-27T13:12:53.000Z</time></trkpt>
<trkpt lat="30.62194496343243" lon="104.064871805906"><ele>494</ele><time>2025-08-27T13:12:54.000Z</time></trkpt>
<trkpt lat="30.62194496343243" lon="104.064871805906"><ele>492</ele><time>2025-08-27T13:12:55.000Z</time></trkpt>
<trkpt lat="30.62194496343243" lon="104.064871805906"><ele>491</ele><time>2025-08-27T13:12:56.000Z</time></trkpt>
<trkpt lat="30.62194496343243" lon="104.064871805906"><ele>489</ele><time>2025-08-27T13:12:57.000Z</time></trkpt>
<trkpt lat="30.62194496343243" lon="104.064871805906"><ele>489</ele><time>2025-08-27T13:12:58.000Z</time></trkpt>
<trkpt lat="30.62194496343243" lon="104.064871805906"><ele>489</ele><time>2025-08-27T13:12:59.000Z</time></trkpt>
<trkpt lat="30.62194496343243" lon="104.064871805906"><ele>489</ele><time>2025-08-27T13:13:00.000Z</time></trkpt>
<trkpt lat="30.62194496343243" lon="104.064871805906"><ele>488</ele><time>2025-08-27T13:13:01.000Z</time></trkpt>
<trkpt lat="30.62194496343243" lon="104.064871805906"><ele>486</ele><time>2025-08-27T13:13:02.000Z</time></trkpt>
<trkpt lat="30.62194496343243" lon="104.064871805906"><ele>486</ele><time>2025-08-27T13:13:03.000Z</time></trkpt>
<trkpt lat="30.62194496343243" lon="104.064871805906"><ele>486</ele><time>2025-08-27T13:13:04.000Z</time></trkpt>
<trkpt lat="30.62194496343243" lon="104.064871805906"><ele>486</ele><time>2025-08-27T13:13:05.000Z</time></trkpt>
<trkpt lat="30.62194496343243" lon="104.064871805906"><ele>486</ele><time>2025-08-27T13:13:06.000Z</time></trkpt>
<trkpt lat="30.62194496343243" lon="104.064871805906"><ele>486</ele><time>2025-08-27T13:13:07.000Z</time></trkpt>
<trkpt lat="30.62194496343243" lon="104.064871805906"><ele>486</ele><time>2025-08-27T13:13:08.000Z</time></trkpt>
<trkpt lat="30.62194496343243" lon="104.064871805906"><ele>487</ele><time>2025-08-27T13:13:09.000Z</time></trkpt>
<trkpt lat="30.62194496343243" lon="104.064871805906"><ele>487</ele><time>2025-08-27T13:13:10.000Z</time></trkpt>
<trkpt lat="30.62194496343243" lon="104.064871805906"><ele>488</ele><time>2025-08-27T13:13:11.000Z</time></trkpt>
<trkpt lat="30.62194496343243" lon="104.064871805906"><ele>489</ele><time>2025-08-27T13:13:12.000Z</time></trkpt>
<trkpt lat="30.62194496343243" lon="104.064871805906"><ele>490</ele><time>2025-08-27T13:13:13.000Z</time></trkpt>
<trkpt lat="30.62194496343243" lon="104.064871805906"><ele>491</ele><time>2025-08-27T13:13:14.000Z</time></trkpt>
<trkpt lat="30.62194496343243" lon="104.064871805906"><ele>490</ele><time>2025-08-27T13:13:15.000Z</time></trkpt>
<trkpt lat="30.62194496343243" lon="104.064871805906"><ele>490</ele><time>2025-08-27T13:13:16.000Z</time></trkpt>
<trkpt lat="30.62194496343243" lon="104.064871805906"><ele>490</ele><time>2025-08-27T13:13:17.000Z</time></trkpt>
<trkpt lat="30.62194496343243" lon="104.064871805906"><ele>491</ele><time>2025-08-27T13:13:18.000Z</time></trkpt>
<trkpt lat="30.62194496343243" lon="104.064871805906"><ele>491</ele><time>2025-08-27T13:13:19.000Z</time></trkpt>
<trkpt lat="30.62194496343243" lon="104.064871805906"><ele>491</ele><time>2025-08-27T13:13:20.000Z</time></trkpt>
<trkpt lat="30.62194496343243" lon="104.064871805906"><ele>491</ele><time>2025-08-27T13:13:21.000Z</time></trkpt>
<trkpt lat="30.62194496343243" lon="104.064871805906"><ele>496</ele><time>2025-08-27T13:13:22.000Z</time></trkpt>
<trkpt lat="30.62194496343243" lon="104.064871805906"><ele>495</ele><time>2025-08-27T13:13:23.000Z</time></trkpt>
<trkpt lat="30.62194496343243" lon="104.064871805906"><ele>492</ele><time>2025-08-27T13:13:24.000Z</time></trkpt>
<trkpt lat="30.62194496343243" lon="104.064871805906"><ele>489</ele><time>2025-08-27T13:13:25.000Z</time></trkpt>
<trkpt lat="30.62194496343243" lon="104.064871805906"><ele>488</ele><time>2025-08-27T13:13:26.000Z</time></trkpt>
<trkpt lat="30.62194496343243" lon="104.064871805906"><ele>487</ele><time>2025-08-27T13:13:27.000Z</time></trkpt>
<trkpt lat="30.62194496343243" lon="104.064871805906"><ele>486</ele><time>2025-08-27T13:13:28.000Z</time></trkpt>
<trkpt lat="30.62194496343243" lon="104.064871805906"><ele>486</ele><time>2025-08-27T13:13:29.000Z</time></trkpt>
<trkpt lat="30.62194496343243" lon="104.064871805906"><ele>485</ele><time>2025-08-27T13:13:30.000Z</time></trkpt>
<trkpt lat="30.62194496343243" lon="104.064871805906"><ele>484</ele><time>2025-08-27T13:13:31.000Z</time></trkpt>
<trkpt lat="30.62194496343243" lon="104.064871805906"><ele>484</ele><time>2025-08-27T13:13:32.000Z</time></trkpt>
<trkpt lat="30.62194496343243" lon="104.064871805906"><ele>484</ele><time>2025-08-27T13:13:33.000Z</time></trkpt>
<trkpt lat="30.62194496343243" lon="104.064871805906"><ele>485</ele><time>2025-08-27T13:13:34.000Z</time></trkpt>
<trkpt lat="30.62194496343243" lon="104.064871805906"><ele>484</ele><time>2025-08-27T13:13:35.000Z</time></trkpt>
<trkpt lat="30.62194496343243" lon="104.064871805906"><ele>493</ele><time>2025-08-27T13:13:36.000Z</time></trkpt>
<trkpt lat="30.62194496343243" lon="104.064871805906"><ele>493</ele><time>2025-08-27T13:13:37.000Z</time></trkpt>
<trkpt lat="30.62194496343243" lon="104.064871805906"><ele>493</ele><time>2025-08-27T13:13:38.000Z</time></trkpt>
<trkpt lat="30.62194496343243" lon="104.064871805906"><ele>493</ele><time>2025-08-27T13:13:39.000Z</time></trkpt>
<trkpt lat="30.62194496343243" lon="104.064871805906"><ele>492</ele><time>2025-08-27T13:13:40.000Z</time></trkpt>
<trkpt lat="30.62194496343243" lon="104.064871805906"><ele>492</ele><time>2025-08-27T13:13:41.000Z</time></trkpt>
<trkpt lat="30.62194496343243" lon="104.064871805906"><ele>492</ele><time>2025-08-27T13:13:42.000Z</time></trkpt>
<trkpt lat="30.62194496343243" lon="104.064871805906"><ele>492</ele><time>2025-08-27T13:13:43.000Z</time></trkpt>
<trkpt lat="30.62194496343243" lon="104.064871805906"><ele>492</ele><time>2025-08-27T13:13:44.000Z</time></trkpt>
<trkpt lat="30.62194496343243" lon="104.064871805906"><ele>492</ele><time>2025-08-27T13:13:45.000Z</time></trkpt>
<trkpt lat="30.62194496343243" lon="104.064871805906"><ele>492</ele><time>2025-08-27T13:13:46.000Z</time></trkpt>
<trkpt lat="30.62194496343243" lon="104.064871805906"><ele>492</ele><time>2025-08-27T13:13:47.000Z</time></trkpt>
<trkpt lat="30.62194496343243" lon="104.064871805906"><ele>491</ele><time>2025-08-27T13:13:48.000Z</time></trkpt>
<trkpt lat="30.62194496343243" lon="104.064871805906"><ele>491</ele><time>2025-08-27T13:13:49.000Z</time></trkpt>
<trkpt lat="30.62194496343243" lon="104.064871805906"><ele>491</ele><time>2025-08-27T13:13:50.000Z</time></trkpt>
<trkpt lat="30.62194496343243" lon="104.064871805906"><ele>491</ele><time>2025-08-27T13:13:51.000Z</time></trkpt>
<trkpt lat="30.62194496343243" lon="104.064871805906"><ele>491</ele><time>2025-08-27T13:13:52.000Z</time></trkpt>
<trkpt lat="30.62194496343243" lon="104.064871805906"><ele>491</ele><time>2025-08-27T13:13:53.000Z</time></trkpt>
<trkpt lat="30.62194496343243" lon="104.064871805906"><ele>491</ele><time>2025-08-27T13:13:54.000Z</time></trkpt>
<trkpt lat="30.62194496343243" lon="104.064871805906"><ele>491</ele><time>2025-08-27T13:13:55.000Z</time></trkpt>
<trkpt lat="30.62194496343243" lon="104.064871805906"><ele>491</ele><time>2025-08-27T13:13:56.000Z</time></trkpt>
<trkpt lat="30.62194496343243" lon="104.064871805906"><ele>503</ele><time>2025-08-27T13:13:57.000Z</time></trkpt>
<trkpt lat="30.62194496343243" lon="104.064871805906"><ele>515</ele><time>2025-08-27T13:13:58.000Z</time></trkpt>
<trkpt lat="30.62194496343243" lon="104.064871805906"><ele>515</ele><time>2025-08-27T13:13:59.000Z</time></trkpt>
<trkpt lat="30.62194496343243" lon="104.064871805906"><ele>515</ele><time>2025-08-27T13:14:00.000Z</time></trkpt>
<trkpt lat="30.62194496343243" lon="104.064871805906"><ele>516</ele><time>2025-08-27T13:14:01.000Z</time></trkpt>
<trkpt lat="30.62194496343243" lon="104.064871805906"><ele>517</ele><time>2025-08-27T13:14:02.000Z</time></trkpt>
<trkpt lat="30.62194496343243" lon="104.064871805906"><ele>517</ele><time>2025-08-27T13:14:03.000Z</time></trkpt>
<trkpt lat="30.62194496343243" lon="104.064871805906"><ele>518</ele><time>2025-08-27T13:14:04.000Z</time></trkpt>
<trkpt lat="30.62194496343243" lon="104.064871805906"><ele>518</ele><time>2025-08-27T13:14:05.000Z</time></trkpt>
<trkpt lat="30.62194496343243" lon="104.064871805906"><ele>519</ele><time>2025-08-27T13:14:06.000Z</time></trkpt>
<trkpt lat="30.62194496343243" lon="104.064871805906"><ele>519</ele><time>2025-08-27T13:14:07.000Z</time></trkpt>
<trkpt lat="30.62194496343243" lon="104.064871805906"><ele>519</ele><time>2025-08-27T13:14:08.000Z</time></trkpt>
<trkpt lat="30.62194496343243" lon="104.064871805906"><ele>520</ele><time>2025-08-27T13:14:09.000Z</time></trkpt>
<trkpt lat="30.62194496343243" lon="104.064871805906"><ele>520</ele><time>2025-08-27T13:14:10.000Z</time></trkpt>
<trkpt lat="30.62194496343243" lon="104.064871805906"><ele>521</ele><time>2025-08-27T13:14:11.000Z</time></trkpt>
<trkpt lat="30.62194496343243" lon="104.064871805906"><ele>521</ele><time>2025-08-27T13:14:12.000Z</time></trkpt>
<trkpt lat="30.62194496343243" lon="104.064871805906"><ele>521</ele><time>2025-08-27T13:14:13.000Z</time></trkpt>
<trkpt lat="30.62194496343243" lon="104.064871805906"><ele>518</ele><time>2025-08-27T13:14:14.000Z</time></trkpt>
<trkpt lat="30.62194496343243" lon="104.064871805906"><ele>517</ele><time>2025-08-27T13:14:15.000Z</time></trkpt>
<trkpt lat="30.62194496343243" lon="104.064871805906"><ele>516</ele><time>2025-08-27T13:14:16.000Z</time></trkpt>
<trkpt lat="30.62194496343243" lon="104.064871805906"><ele>515</ele><time>2025-08-27T13:14:17.000Z</time></trkpt>
<trkpt lat="30.62194496343243" lon="104.064871805906"><ele>515</ele><time>2025-08-27T13:14:18.000Z</time></trkpt>
<trkpt lat="30.62194496343243" lon="104.064871805906"><ele>515</ele><time>2025-08-27T13:14:19.000Z</time></trkpt>
<trkpt lat="30.62194496343243" lon="104.064871805906"><ele>516</ele><time>2025-08-27T13:14:20.000Z</time></trkpt>
<trkpt lat="30.62194496343243" lon="104.064871805906"><ele>516</ele><time>2025-08-27T13:14:21.000Z</time></trkpt>
<trkpt lat="30.62194496343243" lon="104.064871805906"><ele>516</ele><time>2025-08-27T13:14:22.000Z</time></trkpt>
<trkpt lat="30.62194496343243" lon="104.064871805906"><ele>517</ele><time>2025-08-27T13:14:23.000Z</time></trkpt>
<trkpt lat="30.62194496343243" lon="104.064871805906"><ele>516</ele><time>2025-08-27T13:14:24.000Z</time></trkpt>
<trkpt lat="30.62194496343243" lon="104.064871805906"><ele>518</ele><time>2025-08-27T13:14:25.000Z</time></trkpt>
<trkpt lat="30.62194496343243" lon="104.064871805906"><ele>518</ele><time>2025-08-27T13:14:26.000Z</time></trkpt>
<trkpt lat="30.62194496343243" lon="104.064871805906"><ele>519</ele><time>2025-08-27T13:14:27.000Z</time></trkpt>
<trkpt lat="30.62194496343243" lon="104.064871805906"><ele>519</ele><time>2025-08-27T13:14:28.000Z</time></trkpt>
<trkpt lat="30.62194496343243" lon="104.064871805906"><ele>519</ele><time>2025-08-27T13:14:29.000Z</time></trkpt>
<trkpt lat="30.62194496343243" lon="104.064871805906"><ele>520</ele><time>2025-08-27T13:14:30.000Z</time></trkpt>
<trkpt lat="30.62194496343243" lon="104.064871805906"><ele>520</ele><time>2025-08-27T13:14:31.000Z</time></trkpt>
<trkpt lat="30.62194496343243" lon="104.064871805906"><ele>520</ele><time>2025-08-27T13:14:32.000Z</time></trkpt>
<trkpt lat="30.62194496343243" lon="104.064871805906"><ele>520</ele><time>2025-08-27T13:14:33.000Z</time></trkpt>
<trkpt lat="30.62194496343243" lon="104.064871805906"><ele>521</ele><time>2025-08-27T13:14:34.000Z</time></trkpt>
<trkpt lat="30.62194496343243" lon="104.064871805906"><ele>521</ele><time>2025-08-27T13:14:35.000Z</time></trkpt>
<trkpt lat="30.62194496343243" lon="104.064871805906"><ele>519</ele><time>2025-08-27T13:14:36.000Z</time></trkpt>
<trkpt lat="30.62194496343243" lon="104.064871805906"><ele>520</ele><time>2025-08-27T13:14:37.000Z</time></trkpt>
<trkpt lat="30.62194496343243" lon="104.064871805906"><ele>520</ele><time>2025-08-27T13:14:38.000Z</time></trkpt>
<trkpt lat="30.62194496343243" lon="104.064871805906"><ele>522</ele><time>2025-08-27T13:14:39.000Z</time></trkpt>
<trkpt lat="30.62194496343243" lon="104.064871805906"><ele>522</ele><time>2025-08-27T13:14:40.000Z</time></trkpt>
<trkpt lat="30.62194496343243" lon="104.064871805906"><ele>521</ele><time>2025-08-27T13:14:41.000Z</time></trkpt>
<trkpt lat="30.62194496343243" lon="104.064871805906"><ele>521</ele><time>2025-08-27T13:14:42.000Z</time></trkpt>
<trkpt lat="30.62194496343243" lon="104.064871805906"><ele>522</ele><time>2025-08-27T13:14:43.000Z</time></trkpt>
<trkpt lat="30.62194496343243" lon="104.064871805906"><ele>522</ele><time>2025-08-27T13:14:44.000Z</time></trkpt>
<trkpt lat="30.62194496343243" lon="104.064871805906"><ele>523</ele><time>2025-08-27T13:14:45.000Z</time></trkpt>
<trkpt lat="30.62194496343243" lon="104.064871805906"><ele>523</ele><time>2025-08-27T13:14:46.000Z</time></trkpt>
<trkpt lat="30.62194496343243" lon="104.064871805906"><ele>523</ele><time>2025-08-27T13:14:47.000Z</time></trkpt>
<trkpt lat="30.62194496343243" lon="104.064871805906"><ele>524</ele><time>2025-08-27T13:14:48.000Z</time></trkpt>
<trkpt lat="30.62194496343243" lon="104.064871805906"><ele>525</ele><time>2025-08-27T13:14:49.000Z</time></trkpt>
<trkpt lat="30.62194496343243" lon="104.064871805906"><ele>526</ele><time>2025-08-27T13:14:50.000Z</time></trkpt>
<trkpt lat="30.62194496343243" lon="104.064871805906"><ele>527</ele><time>2025-08-27T13:14:51.000Z</time></trkpt>
<trkpt lat="30.62194496343243" lon="104.064871805906"><ele>527</ele><time>2025-08-27T13:14:52.000Z</time></trkpt>
<trkpt lat="30.62194496343243" lon="104.064871805906"><ele>526</ele><time>2025-08-27T13:14:53.000Z</time></trkpt>
<trkpt lat="30.62194496343243" lon="104.064871805906"><ele>526</ele><time>2025-08-27T13:14:54.000Z</time></trkpt>
<trkpt lat="30.62194496343243" lon="104.064871805906"><ele>523</ele><time>2025-08-27T13:14:55.000Z</time></trkpt>
<trkpt lat="30.62194496343243" lon="104.064871805906"><ele>521</ele><time>2025-08-27T13:14:56.000Z</time></trkpt>
<trkpt lat="30.62194496343243" lon="104.064871805906"><ele>520</ele><time>2025-08-27T13:14:57.000Z</time></trkpt>
<trkpt lat="30.62194496343243" lon="104.064871805906"><ele>517</ele><time>2025-08-27T13:14:58.000Z</time></trkpt>
<trkpt lat="30.62194496343243" lon="104.064871805906"><ele>517</ele><time>2025-08-27T13:14:59.000Z</time></trkpt>
<trkpt lat="30.62194496343243" lon="104.064871805906"><ele>518</ele><time>2025-08-27T13:15:00.000Z</time></trkpt>
<trkpt lat="30.62194496343243" lon="104.064871805906"><ele>518</ele><time>2025-08-27T13:15:01.000Z</time></trkpt>
<trkpt lat="30.62194496343243" lon="104.064871805906"><ele>519</ele><time>2025-08-27T13:15:02.000Z</time></trkpt>
<trkpt lat="30.62194496343243" lon="104.064871805906"><ele>519</ele><time>2025-08-27T13:15:03.000Z</time></trkpt>
<trkpt lat="30.62194496343243" lon="104.064871805906"><ele>519</ele><time>2025-08-27T13:15:04.000Z</time></trkpt>
<trkpt lat="30.62194496343243" lon="104.064871805906"><ele>519</ele><time>2025-08-27T13:15:05.000Z</time></trkpt>
<trkpt lat="30.62194496343243" lon="104.064871805906"><ele>519</ele><time>2025-08-27T13:15:06.000Z</time></trkpt>
<trkpt lat="30.62194496343243" lon="104.064871805906"><ele>519</ele><time>2025-08-27T13:15:07.000Z</time></trkpt>
<trkpt lat="30.62194496343243" lon="104.064871805906"><ele>519</ele><time>2025-08-27T13:15:08.000Z</time></trkpt>
<trkpt lat="30.62194496343243" lon="104.064871805906"><ele>519</ele><time>2025-08-27T13:15:09.000Z</time></trkpt>
<trkpt lat="30.62194496343243" lon="104.064871805906"><ele>518</ele><time>2025-08-27T13:15:10.000Z</time></trkpt>
<trkpt lat="30.62194496343243" lon="104.064871805906"><ele>518</ele><time>2025-08-27T13:15:11.000Z</time></trkpt>
<trkpt lat="30.62194496343243" lon="104.064871805906"><ele>518</ele><time>2025-08-27T13:15:12.000Z</time></trkpt>
<trkpt lat="30.62194496343243" lon="104.064871805906"><ele>518</ele><time>2025-08-27T13:15:13.000Z</time></trkpt>
<trkpt lat="30.62194496343243" lon="104.064871805906"><ele>517</ele><time>2025-08-27T13:15:14.000Z</time></trkpt>
<trkpt lat="30.62194496343243" lon="104.064871805906"><ele>517</ele><time>2025-08-27T13:15:15.000Z</time></trkpt>
<trkpt lat="30.62194496343243" lon="104.064871805906"><ele>517</ele><time>2025-08-27T13:15:16.000Z</time></trkpt>
<trkpt lat="30.62194496343243" lon="104.064871805906"><ele>517</ele><time>2025-08-27T13:15:17.000Z</time></trkpt>
<trkpt lat="30.62194496343243" lon="104.064871805906"><ele>517</ele><time>2025-08-27T13:15:18.000Z</time></trkpt>
<trkpt lat="30.62194496343243" lon="104.064871805906"><ele>517</ele><time>2025-08-27T13:15:19.000Z</time></trkpt>
<trkpt lat="30.62194496343243" lon="104.064871805906"><ele>517</ele><time>2025-08-27T13:15:20.000Z</time></trkpt>
<trkpt lat="30.62194496343243" lon="104.064871805906"><ele>517</ele><time>2025-08-27T13:15:21.000Z</time></trkpt>
<trkpt lat="30.62194496343243" lon="104.064871805906"><ele>517</ele><time>2025-08-27T13:15:22.000Z</time></trkpt>
<trkpt lat="30.62194496343243" lon="104.064871805906"><ele>516</ele><time>2025-08-27T13:15:23.000Z</time></trkpt>
<trkpt lat="30.62194496343243" lon="104.064871805906"><ele>516</ele><time>2025-08-27T13:15:24.000Z</time></trkpt>
<trkpt lat="30.62194496343243" lon="104.064871805906"><ele>514</ele><time>2025-08-27T13:15:25.000Z</time></trkpt>
<trkpt lat="30.62194496343243" lon="104.064871805906"><ele>514</ele><time>2025-08-27T13:15:26.000Z</time></trkpt>
<trkpt lat="30.62194496343243" lon="104.064871805906"><ele>515</ele><time>2025-08-27T13:15:27.000Z</time></trkpt>
<trkpt lat="30.62194496343243" lon="104.064871805906"><ele>515</ele><time>2025-08-27T13:15:28.000Z</time></trkpt>
<trkpt lat="30.62194496343243" lon="104.064871805906"><ele>515</ele><time>2025-08-27T13:15:29.000Z</time></trkpt>
<trkpt lat="30.62194496343243" lon="104.064871805906"><ele>513</ele><time>2025-08-27T13:15:30.000Z</time></trkpt>
<trkpt lat="30.62194496343243" lon="104.064871805906"><ele>513</ele><time>2025-08-27T13:15:31.000Z</time></trkpt>
<trkpt lat="30.62194496343243" lon="104.064871805906"><ele>513</ele><time>2025-08-27T13:15:32.000Z</time></trkpt>
<trkpt lat="30.62194496343243" lon="104.064871805906"><ele>512</ele><time>2025-08-27T13:15:33.000Z</time></trkpt>
<trkpt lat="30.62194496343243" lon="104.064871805906"><ele>512</ele><time>2025-08-27T13:15:34.000Z</time></trkpt>
<trkpt lat="30.62194496343243" lon="104.064871805906"><ele>512</ele><time>2025-08-27T13:15:35.000Z</time></trkpt>
<trkpt lat="30.62194496343243" lon="104.064871805906"><ele>511</ele><time>2025-08-27T13:15:36.000Z</time></trkpt>
<trkpt lat="30.62194496343243" lon="104.064871805906"><ele>511</ele><time>2025-08-27T13:15:37.000Z</time></trkpt>
<trkpt lat="30.62194496343243" lon="104.064871805906"><ele>512</ele><time>2025-08-27T13:15:38.000Z</time></trkpt>
<trkpt lat="30.62194496343243" lon="104.064871805906"><ele>511</ele><time>2025-08-27T13:15:39.000Z</time></trkpt>
<trkpt lat="30.62194496343243" lon="104.064871805906"><ele>511</ele><time>2025-08-27T13:15:40.000Z</time></trkpt>
<trkpt lat="30.62194496343243" lon="104.064871805906"><ele>511</ele><time>2025-08-27T13:15:41.000Z</time></trkpt>
<trkpt lat="30.62194496343243" lon="104.064871805906"><ele>511</ele><time>2025-08-27T13:15:42.000Z</time></trkpt>
<trkpt lat="30.62194496343243" lon="104.064871805906"><ele>509</ele><time>2025-08-27T13:15:43.000Z</time></trkpt>
<trkpt lat="30.62194496343243" lon="104.064871805906"><ele>509</ele><time>2025-08-27T13:15:44.000Z</time></trkpt>
<trkpt lat="30.62194496343243" lon="104.064871805906"><ele>508</ele><time>2025-08-27T13:15:45.000Z</time></trkpt>
<trkpt lat="30.62194496343243" lon="104.064871805906"><ele>508</ele><time>2025-08-27T13:15:46.000Z</time></trkpt>
<trkpt lat="30.62194496343243" lon="104.064871805906"><ele>509</ele><time>2025-08-27T13:15:47.000Z</time></trkpt>
<trkpt lat="30.62194496343243" lon="104.064871805906"><ele>509</ele><time>2025-08-27T13:15:48.000Z</time></trkpt>
<trkpt lat="30.62194496343243" lon="104.064871805906"><ele>509</ele><time>2025-08-27T13:15:49.000Z</time></trkpt>
<trkpt lat="30.62194496343243" lon="104.064871805906"><ele>509</ele><time>2025-08-27T13:15:50.000Z</time></trkpt>
<trkpt lat="30.62194496343243" lon="104.064871805906"><ele>510</ele><time>2025-08-27T13:15:51.000Z</time></trkpt>
<trkpt lat="30.62194496343243" lon="104.064871805906"><ele>509</ele><time>2025-08-27T13:15:52.000Z</time></trkpt>
<trkpt lat="30.62194496343243" lon="104.064871805906"><ele>509</ele><time>2025-08-27T13:15:53.000Z</time></trkpt>
<trkpt lat="30.62194496343243" lon="104.064871805906"><ele>509</ele><time>2025-08-27T13:15:54.000Z</time></trkpt>
<trkpt lat="30.62194496343243" lon="104.064871805906"><ele>510</ele><time>2025-08-27T13:15:55.000Z</time></trkpt>
<trkpt lat="30.62194496343243" lon="104.064871805906"><ele>509</ele><time>2025-08-27T13:15:56.000Z</time></trkpt>
<trkpt lat="30.62194496343243" lon="104.064871805906"><ele>509</ele><time>2025-08-27T13:15:57.000Z</time></trkpt>
<trkpt lat="30.62194496343243" lon="104.064871805906"><ele>509</ele><time>2025-08-27T13:15:58.000Z</time></trkpt>
<trkpt lat="30.62194496343243" lon="104.064871805906"><ele>509</ele><time>2025-08-27T13:15:59.000Z</time></trkpt>
<trkpt lat="30.62194496343243" lon="104.064871805906"><ele>508</ele><time>2025-08-27T13:16:00.000Z</time></trkpt>
<trkpt lat="30.62194496343243" lon="104.064871805906"><ele>508</ele><time>2025-08-27T13:16:01.000Z</time></trkpt>
<trkpt lat="30.62194496343243" lon="104.064871805906"><ele>507</ele><time>2025-08-27T13:16:02.000Z</time></trkpt>
<trkpt lat="30.62194496343243" lon="104.064871805906"><ele>507</ele><time>2025-08-27T13:16:03.000Z</time></trkpt>
<trkpt lat="30.62194496343243" lon="104.064871805906"><ele>507</ele><time>2025-08-27T13:16:04.000Z</time></trkpt>
<trkpt lat="30.62194496343243" lon="104.064871805906"><ele>507</ele><time>2025-08-27T13:16:05.000Z</time></trkpt>
<trkpt lat="30.62194496343243" lon="104.064871805906"><ele>507</ele><time>2025-08-27T13:16:06.000Z</time></trkpt>
<trkpt lat="30.62194496343243" lon="104.064871805906"><ele>507</ele><time>2025-08-27T13:16:07.000Z</time></trkpt>
<trkpt lat="30.62194496343243" lon="104.064871805906"><ele>508</ele><time>2025-08-27T13:16:08.000Z</time></trkpt>
<trkpt lat="30.62194496343243" lon="104.064871805906"><ele>508</ele><time>2025-08-27T13:16:09.000Z</time></trkpt>
<trkpt lat="30.62194496343243" lon="104.064871805906"><ele>508</ele><time>2025-08-27T13:16:10.000Z</time></trkpt>
<trkpt lat="30.62194496343243" lon="104.064871805906"><ele>508</ele><time>2025-08-27T13:16:11.000Z</time></trkpt>
<trkpt lat="30.62194496343243" lon="104.064871805906"><ele>508</ele><time>2025-08-27T13:16:12.000Z</time></trkpt>
<trkpt lat="30.62194496343243" lon="104.064871805906"><ele>509</ele><time>2025-08-27T13:16:13.000Z</time></trkpt>
<trkpt lat="30.62194496343243" lon="104.064871805906"><ele>510</ele><time>2025-08-27T13:16:14.000Z</time></trkpt>
<trkpt lat="30.62194496343243" lon="104.064871805906"><ele>510</ele><time>2025-08-27T13:16:15.000Z</time></trkpt>
<trkpt lat="30.62194496343243" lon="104.064871805906"><ele>510</ele><time>2025-08-27T13:16:16.000Z</time></trkpt>
<trkpt lat="30.62194496343243" lon="104.064871805906"><ele>510</ele><time>2025-08-27T13:16:17.000Z</time></trkpt>
<trkpt lat="30.62194496343243" lon="104.064871805906"><ele>510</ele><time>2025-08-27T13:16:18.000Z</time></trkpt>
<trkpt lat="30.62194496343243" lon="104.064871805906"><ele>509</ele><time>2025-08-27T13:16:19.000Z</time></trkpt>
<trkpt lat="30.62194496343243" lon="104.064871805906"><ele>510</ele><time>2025-08-27T13:16:20.000Z</time></trkpt>
<trkpt lat="30.62194496343243" lon="104.064871805906"><ele>510</ele><time>2025-08-27T13:16:21.000Z</time></trkpt>
<trkpt lat="30.62194496343243" lon="104.064871805906"><ele>509</ele><time>2025-08-27T13:16:22.000Z</time></trkpt>
<trkpt lat="30.62194496343243" lon="104.064871805906"><ele>510</ele><time>2025-08-27T13:16:23.000Z</time></trkpt>
<trkpt lat="30.62194496343243" lon="104.064871805906"><ele>511</ele><time>2025-08-27T13:16:24.000Z</time></trkpt>
<trkpt lat="30.62194496343243" lon="104.064871805906"><ele>512</ele><time>2025-08-27T13:16:25.000Z</time></trkpt>
<trkpt lat="30.62194496343243" lon="104.064871805906"><ele>512</ele><time>2025-08-27T13:16:26.000Z</time></trkpt>
<trkpt lat="30.62194496343243" lon="104.064871805906"><ele>512</ele><time>2025-08-27T13:16:27.000Z</time></trkpt>
<trkpt lat="30.62194496343243" lon="104.064871805906"><ele>512</ele><time>2025-08-27T13:16:28.000Z</time></trkpt>
<trkpt lat="30.62194496343243" lon="104.064871805906"><ele>513</ele><time>2025-08-27T13:16:29.000Z</time></trkpt>
<trkpt lat="30.62194496343243" lon="104.064871805906"><ele>514</ele><time>2025-08-27T13:16:30.000Z</time></trkpt>
<trkpt lat="30.62194496343243" lon="104.064871805906"><ele>513</ele><time>2025-08-27T13:16:31.000Z</time></trkpt>
<trkpt lat="30.62194496343243" lon="104.064871805906"><ele>513</ele><time>2025-08-27T13:16:32.000Z</time></trkpt>
<trkpt lat="30.62194496343243" lon="104.064871805906"><ele>513</ele><time>2025-08-27T13:16:33.000Z</time></trkpt>
<trkpt lat="30.62194496343243" lon="104.064871805906"><ele>513</ele><time>2025-08-27T13:16:34.000Z</time></trkpt>
<trkpt lat="30.62194496343243" lon="104.064871805906"><ele>513</ele><time>2025-08-27T13:16:35.000Z</time></trkpt>
<trkpt lat="30.62194496343243" lon="104.064871805906"><ele>513</ele><time>2025-08-27T13:16:36.000Z</time></trkpt>
<trkpt lat="30.62194496343243" lon="104.064871805906"><ele>513</ele><time>2025-08-27T13:16:37.000Z</time></trkpt>
<trkpt lat="30.62194496343243" lon="104.064871805906"><ele>511</ele><time>2025-08-27T13:16:38.000Z</time></trkpt>
<trkpt lat="30.62194496343243" lon="104.064871805906"><ele>509</ele><time>2025-08-27T13:16:39.000Z</time></trkpt>
<trkpt lat="30.62194496343243" lon="104.064871805906"><ele>507</ele><time>2025-08-27T13:16:40.000Z</time></trkpt>
<trkpt lat="30.62194496343243" lon="104.064871805906"><ele>505</ele><time>2025-08-27T13:16:41.000Z</time></trkpt>
<trkpt lat="30.62194496343243" lon="104.064871805906"><ele>505</ele><time>2025-08-27T13:16:42.000Z</time></trkpt>
<trkpt lat="30.62194496343243" lon="104.064871805906"><ele>504</ele><time>2025-08-27T13:16:43.000Z</time></trkpt>
<trkpt lat="30.62194496343243" lon="104.064871805906"><ele>504</ele><time>2025-08-27T13:16:44.000Z</time></trkpt>
<trkpt lat="30.62194496343243" lon="104.064871805906"><ele>504</ele><time>2025-08-27T13:16:45.000Z</time></trkpt>
<trkpt lat="30.62194496343243" lon="104.064871805906"><ele>504</ele><time>2025-08-27T13:16:46.000Z</time></trkpt>
<trkpt lat="30.62194496343243" lon="104.064871805906"><ele>504</ele><time>2025-08-27T13:16:47.000Z</time></trkpt>
<trkpt lat="30.62194496343243" lon="104.064871805906"><ele>504</ele><time>2025-08-27T13:16:48.000Z</time></trkpt>
<trkpt lat="30.62194496343243" lon="104.064871805906"><ele>503</ele><time>2025-08-27T13:16:49.000Z</time></trkpt>
<trkpt lat="30.62194496343243" lon="104.064871805906"><ele>503</ele><time>2025-08-27T13:16:50.000Z</time></trkpt>
<trkpt lat="30.62194496343243" lon="104.064871805906"><ele>503</ele><time>2025-08-27T13:16:51.000Z</time></trkpt>
<trkpt lat="30.62194496343243" lon="104.064871805906"><ele>503</ele><time>2025-08-27T13:16:52.000Z</time></trkpt>
<trkpt lat="30.62194496343243" lon="104.064871805906"><ele>502</ele><time>2025-08-27T13:16:53.000Z</time></trkpt>
<trkpt lat="30.62194496343243" lon="104.064871805906"><ele>502</ele><time>2025-08-27T13:16:54.000Z</time></trkpt>
<trkpt lat="30.62194496343243" lon="104.064871805906"><ele>502</ele><time>2025-08-27T13:16:55.000Z</time></trkpt>
<trkpt lat="30.62194496343243" lon="104.064871805906"><ele>502</ele><time>2025-08-27T13:16:56.000Z</time></trkpt>
<trkpt lat="30.62194496343243" lon="104.064871805906"><ele>503</ele><time>2025-08-27T13:16:57.000Z</time></trkpt>
<trkpt lat="30.62194496343243" lon="104.064871805906"><ele>501</ele><time>2025-08-27T13:16:58.000Z</time></trkpt>
<trkpt lat="30.62194496343243" lon="104.064871805906"><ele>500</ele><time>2025-08-27T13:16:59.000Z</time></trkpt>
<trkpt lat="30.62194496343243" lon="104.064871805906"><ele>499</ele><time>2025-08-27T13:17:00.000Z</time></trkpt>
<trkpt lat="30.62194496343243" lon="104.064871805906"><ele>498</ele><time>2025-08-27T13:17:01.000Z</time></trkpt>
<trkpt lat="30.62194496343243" lon="104.064871805906"><ele>497</ele><time>2025-08-27T13:17:02.000Z</time></trkpt>
<trkpt lat="30.62194496343243" lon="104.064871805906"><ele>497</ele><time>2025-08-27T13:17:03.000Z</time></trkpt>
<trkpt lat="30.62194496343243" lon="104.064871805906"><ele>496</ele><time>2025-08-27T13:17:04.000Z</time></trkpt>
<trkpt lat="30.62194496343243" lon="104.064871805906"><ele>496</ele><time>2025-08-27T13:17:05.000Z</time></trkpt>
<trkpt lat="30.62194496343243" lon="104.064871805906"><ele>496</ele><time>2025-08-27T13:17:06.000Z</time></trkpt>
<trkpt lat="30.62194496343243" lon="104.064871805906"><ele>495</ele><time>2025-08-27T13:17:07.000Z</time></trkpt>
<trkpt lat="30.62194496343243" lon="104.064871805906"><ele>495</ele><time>2025-08-27T13:17:08.000Z</time></trkpt>
<trkpt lat="30.62194496343243" lon="104.064871805906"><ele>495</ele><time>2025-08-27T13:17:09.000Z</time></trkpt>
<trkpt lat="30.62194496343243" lon="104.064871805906"><ele>495</ele><time>2025-08-27T13:17:10.000Z</time></trkpt>
<trkpt lat="30.62194496343243" lon="104.064871805906"><ele>494</ele><time>2025-08-27T13:17:11.000Z</time></trkpt>
<trkpt lat="30.62194496343243" lon="104.064871805906"><ele>494</ele><time>2025-08-27T13:17:12.000Z</time></trkpt>
<trkpt lat="30.62194496343243" lon="104.064871805906"><ele>494</ele><time>2025-08-27T13:17:13.000Z</time></trkpt>
<trkpt lat="30.62194496343243" lon="104.064871805906"><ele>494</ele><time>2025-08-27T13:17:14.000Z</time></trkpt>
<trkpt lat="30.62194496343243" lon="104.064871805906"><ele>494</ele><time>2025-08-27T13:17:15.000Z</time></trkpt>
<trkpt lat="30.62194496343243" lon="104.064871805906"><ele>494</ele><time>2025-08-27T13:17:16.000Z</time></trkpt>
<trkpt lat="30.62194496343243" lon="104.064871805906"><ele>493</ele><time>2025-08-27T13:17:17.000Z</time></trkpt>
<trkpt lat="30.62194496343243" lon="104.064871805906"><ele>493</ele><time>2025-08-27T13:17:18.000Z</time></trkpt>
<trkpt lat="30.62194496343243" lon="104.064871805906"><ele>493</ele><time>2025-08-27T13:17:19.000Z</time></trkpt>
<trkpt lat="30.62194496343243" lon="104.064871805906"><ele>493</ele><time>2025-08-27T13:17:20.000Z</time></trkpt>
<trkpt lat="30.62194496343243" lon="104.064871805906"><ele>493</ele><time>2025-08-27T13:17:21.000Z</time></trkpt>
<trkpt lat="30.62194496343243" lon="104.064871805906"><ele>492</ele><time>2025-08-27T13:17:22.000Z</time></trkpt>
<trkpt lat="30.62194496343243" lon="104.064871805906"><ele>492</ele><time>2025-08-27T13:17:23.000Z</time></trkpt>
<trkpt lat="30.62194496343243" lon="104.064871805906"><ele>492</ele><time>2025-08-27T13:17:24.000Z</time></trkpt>
<trkpt lat="30.62194496343243" lon="104.064871805906"><ele>492</ele><time>2025-08-27T13:17:25.000Z</time></trkpt>
<trkpt lat="30.62194496343243" lon="104.064871805906"><ele>493</ele><time>2025-08-27T13:17:26.000Z</time></trkpt>
<trkpt lat="30.62194496343243" lon="104.064871805906"><ele>492</ele><time>2025-08-27T13:17:27.000Z</time></trkpt>
<trkpt lat="30.62194496343243" lon="104.064871805906"><ele>493</ele><time>2025-08-27T13:17:28.000Z</time></trkpt>
<trkpt lat="30.62194496343243" lon="104.064871805906"><ele>493</ele><time>2025-08-27T13:17:29.000Z</time></trkpt>
<trkpt lat="30.62194496343243" lon="104.064871805906"><ele>493</ele><time>2025-08-27T13:17:30.000Z</time></trkpt>
<trkpt lat="30.62194496343243" lon="104.064871805906"><ele>493</ele><time>2025-08-27T13:17:31.000Z</time></trkpt>
<trkpt lat="30.62194496343243" lon="104.064871805906"><ele>493</ele><time>2025-08-27T13:17:32.000Z</time></trkpt>
<trkpt lat="30.62194496343243" lon="104.064871805906"><ele>494</ele><time>2025-08-27T13:17:33.000Z</time></trkpt>
<trkpt lat="30.62194496343243" lon="104.064871805906"><ele>494</ele><time>2025-08-27T13:17:34.000Z</time></trkpt>
<trkpt lat="30.62194496343243" lon="104.064871805906"><ele>495</ele><time>2025-08-27T13:17:35.000Z</time></trkpt>
<trkpt lat="30.62194496343243" lon="104.064871805906"><ele>495</ele><time>2025-08-27T13:17:36.000Z</time></trkpt>
<trkpt lat="30.62194496343243" lon="104.064871805906"><ele>495</ele><time>2025-08-27T13:17:37.000Z</time></trkpt>
<trkpt lat="30.62194496343243" lon="104.064871805906"><ele>495</ele><time>2025-08-27T13:17:38.000Z</time></trkpt>
<trkpt lat="30.62194496343243" lon="104.064871805906"><ele>495</ele><time>2025-08-27T13:17:39.000Z</time></trkpt>
<trkpt lat="30.62194496343243" lon="104.064871805906"><ele>495</ele><time>2025-08-27T13:17:40.000Z</time></trkpt>
<trkpt lat="30.62194496343243" lon="104.064871805906"><ele>495</ele><time>2025-08-27T13:17:41.000Z</time></trkpt>
<trkpt lat="30.62194496343243" lon="104.064871805906"><ele>495</ele><time>2025-08-27T13:17:42.000Z</time></trkpt>
<trkpt lat="30.62194496343243" lon="104.064871805906"><ele>495</ele><time>2025-08-27T13:17:43.000Z</time></trkpt>
<trkpt lat="30.62194496343243" lon="104.064871805906"><ele>496</ele><time>2025-08-27T13:17:44.000Z</time></trkpt>
<trkpt lat="30.62194496343243" lon="104.064871805906"><ele>496</ele><time>2025-08-27T13:17:45.000Z</time></trkpt>
<trkpt lat="30.62194496343243" lon="104.064871805906"><ele>496</ele><time>2025-08-27T13:17:46.000Z</time></trkpt>
<trkpt lat="30.62194496343243" lon="104.064871805906"><ele>496</ele><time>2025-08-27T13:17:47.000Z</time></trkpt>
<trkpt lat="30.62194496343243" lon="104.064871805906"><ele>496</ele><time>2025-08-27T13:17:48.000Z</time></trkpt>
<trkpt lat="30.62194496343243" lon="104.064871805906"><ele>496</ele><time>2025-08-27T13:17:49.000Z</time></trkpt>
<trkpt lat="30.62194496343243" lon="104.064871805906"><ele>496</ele><time>2025-08-27T13:17:50.000Z</time></trkpt>
<trkpt lat="30.62194496343243" lon="104.064871805906"><ele>496</ele><time>2025-08-27T13:17:51.000Z</time></trkpt>
<trkpt lat="30.62194496343243" lon="104.064871805906"><ele>496</ele><time>2025-08-27T13:17:52.000Z</time></trkpt>
<trkpt lat="30.62194496343243" lon="104.064871805906"><ele>496</ele><time>2025-08-27T13:17:53.000Z</time></trkpt>
<trkpt lat="30.62194496343243" lon="104.064871805906"><ele>496</ele><time>2025-08-27T13:17:54.000Z</time></trkpt>
<trkpt lat="30.62194496343243" lon="104.064871805906"><ele>497</ele><time>2025-08-27T13:17:55.000Z</time></trkpt>
<trkpt lat="30.62194496343243" lon="104.064871805906"><ele>497</ele><time>2025-08-27T13:17:56.000Z</time></trkpt>
<trkpt lat="30.62194496343243" lon="104.064871805906"><ele>497</ele><time>2025-08-27T13:17:57.000Z</time></trkpt>
<trkpt lat="30.62194496343243" lon="104.064871805906"><ele>497</ele><time>2025-08-27T13:17:58.000Z</time></trkpt>
<trkpt lat="30.62194496343243" lon="104.064871805906"><ele>498</ele><time>2025-08-27T13:17:59.000Z</time></trkpt>
<trkpt lat="30.62194496343243" lon="104.064871805906"><ele>498</ele><time>2025-08-27T13:18:00.000Z</time></trkpt>
<trkpt lat="30.62194496343243" lon="104.064871805906"><ele>497</ele><time>2025-08-27T13:18:01.000Z</time></trkpt>
<trkpt lat="30.62194496343243" lon="104.064871805906"><ele>497</ele><time>2025-08-27T13:18:02.000Z</time></trkpt>
<trkpt lat="30.62194496343243" lon="104.064871805906"><ele>497</ele><time>2025-08-27T13:18:03.000Z</time></trkpt>
<trkpt lat="30.62194496343243" lon="104.064871805906"><ele>497</ele><time>2025-08-27T13:18:04.000Z</time></trkpt>
<trkpt lat="30.62194496343243" lon="104.064871805906"><ele>497</ele><time>2025-08-27T13:18:05.000Z</time></trkpt>
<trkpt lat="30.62194496343243" lon="104.064871805906"><ele>497</ele><time>2025-08-27T13:18:06.000Z</time></trkpt>
<trkpt lat="30.62194496343243" lon="104.064871805906"><ele>496</ele><time>2025-08-27T13:18:07.000Z</time></trkpt>
<trkpt lat="30.62194496343243" lon="104.064871805906"><ele>497</ele><time>2025-08-27T13:18:08.000Z</time></trkpt>
<trkpt lat="30.62194496343243" lon="104.064871805906"><ele>497</ele><time>2025-08-27T13:18:09.000Z</time></trkpt>
<trkpt lat="30.62194496343243" lon="104.064871805906"><ele>497</ele><time>2025-08-27T13:18:10.000Z</time></trkpt>
<trkpt lat="30.62194496343243" lon="104.064871805906"><ele>497</ele><time>2025-08-27T13:18:11.000Z</time></trkpt>
<trkpt lat="30.62194496343243" lon="104.064871805906"><ele>497</ele><time>2025-08-27T13:18:12.000Z</time></trkpt>
<trkpt lat="30.62194496343243" lon="104.064871805906"><ele>497</ele><time>2025-08-27T13:18:13.000Z</time></trkpt>
<trkpt lat="30.62194496343243" lon="104.064871805906"><ele>497</ele><time>2025-08-27T13:18:14.000Z</time></trkpt>
<trkpt lat="30.62194496343243" lon="104.064871805906"><ele>497</ele><time>2025-08-27T13:18:15.000Z</time></trkpt>
<trkpt lat="30.62194496343243" lon="104.064871805906"><ele>497</ele><time>2025-08-27T13:18:16.000Z</time></trkpt>
<trkpt lat="30.62194496343243" lon="104.064871805906"><ele>497</ele><time>2025-08-27T13:18:17.000Z</time></trkpt>
<trkpt lat="30.62194496343243" lon="104.064871805906"><ele>497</ele><time>2025-08-27T13:18:18.000Z</time></trkpt>
<trkpt lat="30.62194496343243" lon="104.064871805906"><ele>497</ele><time>2025-08-27T13:18:19.000Z</time></trkpt>
<trkpt lat="30.62194496343243" lon="104.064871805906"><ele>498</ele><time>2025-08-27T13:18:20.000Z</time></trkpt>
<trkpt lat="30.62194496343243" lon="104.064871805906"><ele>498</ele><time>2025-08-27T13:18:21.000Z</time></trkpt>
<trkpt lat="30.62194496343243" lon="104.064871805906"><ele>498</ele><time>2025-08-27T13:18:22.000Z</time></trkpt>
<trkpt lat="30.62194496343243" lon="104.064871805906"><ele>498</ele><time>2025-08-27T13:18:23.000Z</time></trkpt>
<trkpt lat="30.62194496343243" lon="104.064871805906"><ele>498</ele><time>2025-08-27T13:18:24.000Z</time></trkpt>
<trkpt lat="30.62194496343243" lon="104.064871805906"><ele>498</ele><time>2025-08-27T13:18:25.000Z</time></trkpt>
<trkpt lat="30.62194496343243" lon="104.064871805906"><ele>498</ele><time>2025-08-27T13:18:26.000Z</time></trkpt>
<trkpt lat="30.62194496343243" lon="104.064871805906"><ele>499</ele><time>2025-08-27T13:18:27.000Z</time></trkpt>
<trkpt lat="30.62194496343243" lon="104.064871805906"><ele>500</ele><time>2025-08-27T13:18:28.000Z</time></trkpt>
<trkpt lat="30.62194496343243" lon="104.064871805906"><ele>501</ele><time>2025-08-27T13:18:29.000Z</time></trkpt>
<trkpt lat="30.62194496343243" lon="104.064871805906"><ele>501</ele><time>2025-08-27T13:18:30.000Z</time></trkpt>
<trkpt lat="30.62194496343243" lon="104.064871805906"><ele>501</ele><time>2025-08-27T13:18:31.000Z</time></trkpt>
<trkpt lat="30.62194496343243" lon="104.064871805906"><ele>501</ele><time>2025-08-27T13:18:32.000Z</time></trkpt>
<trkpt lat="30.62194496343243" lon="104.064871805906"><ele>501</ele><time>2025-08-27T13:18:33.000Z</time></trkpt>
<trkpt lat="30.62194496343243" lon="104.064871805906"><ele>501</ele><time>2025-08-27T13:18:34.000Z</time></trkpt>
<trkpt lat="30.62194496343243" lon="104.064871805906"><ele>501</ele><time>2025-08-27T13:18:35.000Z</time></trkpt>
<trkpt lat="30.62194496343243" lon="104.064871805906"><ele>501</ele><time>2025-08-27T13:18:36.000Z</time></trkpt>
<trkpt lat="30.62194496343243" lon="104.064871805906"><ele>502</ele><time>2025-08-27T13:18:37.000Z</time></trkpt>
<trkpt lat="30.62194496343243" lon="104.064871805906"><ele>501</ele><time>2025-08-27T13:18:38.000Z</time></trkpt>
<trkpt lat="30.62194496343243" lon="104.064871805906"><ele>500</ele><time>2025-08-27T13:18:39.000Z</time></trkpt>
<trkpt lat="30.62194496343243" lon="104.064871805906"><ele>500</ele><time>2025-08-27T13:18:40.000Z</time></trkpt>
<trkpt lat="30.62194496343243" lon="104.064871805906"><ele>500</ele><time>2025-08-27T13:18:41.000Z</time></trkpt>
<trkpt lat="30.62194496343243" lon="104.064871805906"><ele>500</ele><time>2025-08-27T13:18:42.000Z</time></trkpt>
<trkpt lat="30.62194496343243" lon="104.064871805906"><ele>500</ele><time>2025-08-27T13:18:43.000Z</time></trkpt>
<trkpt lat="30.62194496343243" lon="104.064871805906"><ele>501</ele><time>2025-08-27T13:18:44.000Z</time></trkpt>
<trkpt lat="30.62194496343243" lon="104.064871805906"><ele>500</ele><time>2025-08-27T13:18:45.000Z</time></trkpt>
<trkpt lat="30.62194496343243" lon="104.064871805906"><ele>499</ele><time>2025-08-27T13:18:46.000Z</time></trkpt>
<trkpt lat="30.62194496343243" lon="104.064871805906"><ele>500</ele><time>2025-08-27T13:18:47.000Z</time></trkpt>
<trkpt lat="30.62194496343243" lon="104.064871805906"><ele>500</ele><time>2025-08-27T13:18:48.000Z</time></trkpt>
<trkpt lat="30.62194496343243" lon="104.064871805906"><ele>499</ele><time>2025-08-27T13:18:49.000Z</time></trkpt>
<trkpt lat="30.62194496343243" lon="104.064871805906"><ele>499</ele><time>2025-08-27T13:18:50.000Z</time></trkpt>
<trkpt lat="30.62194496343243" lon="104.064871805906"><ele>499</ele><time>2025-08-27T13:18:51.000Z</time></trkpt>
<trkpt lat="30.62194496343243" lon="104.064871805906"><ele>499</ele><time>2025-08-27T13:18:52.000Z</time></trkpt>
<trkpt lat="30.62194496343243" lon="104.064871805906"><ele>499</ele><time>2025-08-27T13:18:53.000Z</time></trkpt>
<trkpt lat="30.62194496343243" lon="104.064871805906"><ele>499</ele><time>2025-08-27T13:18:54.000Z</time></trkpt>
<trkpt lat="30.62194496343243" lon="104.064871805906"><ele>499</ele><time>2025-08-27T13:18:55.000Z</time></trkpt>
<trkpt lat="30.62194496343243" lon="104.064871805906"><ele>499</ele><time>2025-08-27T13:18:56.000Z</time></trkpt>
<trkpt lat="30.62194496343243" lon="104.064871805906"><ele>499</ele><time>2025-08-27T13:18:57.000Z</time></trkpt>
<trkpt lat="30.62194496343243" lon="104.064871805906"><ele>500</ele><time>2025-08-27T13:18:58.000Z</time></trkpt>
<trkpt lat="30.62194496343243" lon="104.064871805906"><ele>500</ele><time>2025-08-27T13:18:59.000Z</time></trkpt>
<trkpt lat="30.62194496343243" lon="104.064871805906"><ele>500</ele><time>2025-08-27T13:19:00.000Z</time></trkpt>
<trkpt lat="30.62194496343243" lon="104.064871805906"><ele>500</ele><time>2025-08-27T13:19:01.000Z</time></trkpt>
<trkpt lat="30.62194496343243" lon="104.064871805906"><ele>497</ele><time>2025-08-27T13:19:02.000Z</time></trkpt>
<trkpt lat="30.62194496343243" lon="104.064871805906"><ele>496</ele><time>2025-08-27T13:19:03.000Z</time></trkpt>
<trkpt lat="30.62194496343243" lon="104.064871805906"><ele>495</ele><time>2025-08-27T13:19:04.000Z</time></trkpt>
<trkpt lat="30.62194496343243" lon="104.064871805906"><ele>494</ele><time>2025-08-27T13:19:05.000Z</time></trkpt>
<trkpt lat="30.62194496343243" lon="104.064871805906"><ele>496</ele><time>2025-08-27T13:19:06.000Z</time></trkpt>
<trkpt lat="30.62194496343243" lon="104.064871805906"><ele>497</ele><time>2025-08-27T13:19:07.000Z</time></trkpt>
<trkpt lat="30.62194496343243" lon="104.064871805906"><ele>497</ele><time>2025-08-27T13:19:08.000Z</time></trkpt>
<trkpt lat="30.62194496343243" lon="104.064871805906"><ele>497</ele><time>2025-08-27T13:19:09.000Z</time></trkpt>
<trkpt lat="30.62194496343243" lon="104.064871805906"><ele>496</ele><time>2025-08-27T13:19:10.000Z</time></trkpt>
<trkpt lat="30.62194496343243" lon="104.064871805906"><ele>497</ele><time>2025-08-27T13:19:11.000Z</time></trkpt>
<trkpt lat="30.62194496343243" lon="104.064871805906"><ele>497</ele><time>2025-08-27T13:19:12.000Z</time></trkpt>
<trkpt lat="30.62194496343243" lon="104.064871805906"><ele>497</ele><time>2025-08-27T13:19:13.000Z</time></trkpt>
<trkpt lat="30.62194496343243" lon="104.064871805906"><ele>496</ele><time>2025-08-27T13:19:14.000Z</time></trkpt>
<trkpt lat="30.62194496343243" lon="104.064871805906"><ele>495</ele><time>2025-08-27T13:19:15.000Z</time></trkpt>
<trkpt lat="30.62194496343243" lon="104.064871805906"><ele>494</ele><time>2025-08-27T13:19:16.000Z</time></trkpt>
<trkpt lat="30.62194496343243" lon="104.064871805906"><ele>493</ele><time>2025-08-27T13:19:17.000Z</time></trkpt>
<trkpt lat="30.62194496343243" lon="104.064871805906"><ele>492</ele><time>2025-08-27T13:19:18.000Z</time></trkpt>
<trkpt lat="30.62194496343243" lon="104.064871805906"><ele>493</ele><time>2025-08-27T13:19:19.000Z</time></trkpt>
<trkpt lat="30.62194496343243" lon="104.064871805906"><ele>492</ele><time>2025-08-27T13:19:20.000Z</time></trkpt>
<trkpt lat="30.62194496343243" lon="104.064871805906"><ele>491</ele><time>2025-08-27T13:19:21.000Z</time></trkpt>
<trkpt lat="30.62194496343243" lon="104.064871805906"><ele>492</ele><time>2025-08-27T13:19:22.000Z</time></trkpt>
<trkpt lat="30.62194496343243" lon="104.064871805906"><ele>491</ele><time>2025-08-27T13:19:23.000Z</time></trkpt>
<trkpt lat="30.62194496343243" lon="104.064871805906"><ele>491</ele><time>2025-08-27T13:19:24.000Z</time></trkpt>
<trkpt lat="30.62194496343243" lon="104.064871805906"><ele>491</ele><time>2025-08-27T13:19:25.000Z</time></trkpt>
<trkpt lat="30.62194496343243" lon="104.064871805906"><ele>491</ele><time>2025-08-27T13:19:26.000Z</time></trkpt>
<trkpt lat="30.62194496343243" lon="104.064871805906"><ele>491</ele><time>2025-08-27T13:19:27.000Z</time></trkpt>
<trkpt lat="30.62194496343243" lon="104.064871805906"><ele>491</ele><time>2025-08-27T13:19:28.000Z</time></trkpt>
<trkpt lat="30.62194496343243" lon="104.064871805906"><ele>491</ele><time>2025-08-27T13:19:29.000Z</time></trkpt>
<trkpt lat="30.62194496343243" lon="104.064871805906"><ele>491</ele><time>2025-08-27T13:19:30.000Z</time></trkpt>
<trkpt lat="30.62194496343243" lon="104.064871805906"><ele>491</ele><time>2025-08-27T13:19:31.000Z</time></trkpt>
<trkpt lat="30.62194496343243" lon="104.064871805906"><ele>491</ele><time>2025-08-27T13:19:32.000Z</time></trkpt>
<trkpt lat="30.62194496343243" lon="104.064871805906"><ele>491</ele><time>2025-08-27T13:19:33.000Z</time></trkpt>
<trkpt lat="30.62194496343243" lon="104.064871805906"><ele>491</ele><time>2025-08-27T13:19:34.000Z</time></trkpt>
<trkpt lat="30.62194496343243" lon="104.064871805906"><ele>491</ele><time>2025-08-27T13:19:35.000Z</time></trkpt>
<trkpt lat="30.62194496343243" lon="104.064871805906"><ele>491</ele><time>2025-08-27T13:19:36.000Z</time></trkpt>
<trkpt lat="30.62194496343243" lon="104.064871805906"><ele>491</ele><time>2025-08-27T13:19:37.000Z</time></trkpt>
<trkpt lat="30.62194496343243" lon="104.064871805906"><ele>491</ele><time>2025-08-27T13:19:38.000Z</time></trkpt>
<trkpt lat="30.62194496343243" lon="104.064871805906"><ele>491</ele><time>2025-08-27T13:19:39.000Z</time></trkpt>
<trkpt lat="30.62194496343243" lon="104.064871805906"><ele>490</ele><time>2025-08-27T13:19:40.000Z</time></trkpt>
<trkpt lat="30.62194496343243" lon="104.064871805906"><ele>496</ele><time>2025-08-27T13:19:41.000Z</time></trkpt>
<trkpt lat="30.62194496343243" lon="104.064871805906"><ele>496</ele><time>2025-08-27T13:19:42.000Z</time></trkpt>
<trkpt lat="30.62194496343243" lon="104.064871805906"><ele>495</ele><time>2025-08-27T13:19:43.000Z</time></trkpt>
<trkpt lat="30.62194496343243" lon="104.064871805906"><ele>492</ele><time>2025-08-27T13:19:44.000Z</time></trkpt>
<trkpt lat="30.62194496343243" lon="104.064871805906"><ele>493</ele><time>2025-08-27T13:19:45.000Z</time></trkpt>
<trkpt lat="30.62194496343243" lon="104.064871805906"><ele>493</ele><time>2025-08-27T13:19:46.000Z</time></trkpt>
<trkpt lat="30.62194496343243" lon="104.064871805906"><ele>492</ele><time>2025-08-27T13:19:47.000Z</time></trkpt>
<trkpt lat="30.62194496343243" lon="104.064871805906"><ele>492</ele><time>2025-08-27T13:19:48.000Z</time></trkpt>
<trkpt lat="30.62194496343243" lon="104.064871805906"><ele>492</ele><time>2025-08-27T13:19:49.000Z</time></trkpt>
<trkpt lat="30.62194496343243" lon="104.064871805906"><ele>492</ele><time>2025-08-27T13:19:50.000Z</time></trkpt>
<trkpt lat="30.62194496343243" lon="104.064871805906"><ele>492</ele><time>2025-08-27T13:19:51.000Z</time></trkpt>
<trkpt lat="30.62194496343243" lon="104.064871805906"><ele>492</ele><time>2025-08-27T13:19:52.000Z</time></trkpt>
<trkpt lat="30.62194496343243" lon="104.064871805906"><ele>490</ele><time>2025-08-27T13:19:53.000Z</time></trkpt>
<trkpt lat="30.62194496343243" lon="104.064871805906"><ele>488</ele><time>2025-08-27T13:19:54.000Z</time></trkpt>
<trkpt lat="30.62194496343243" lon="104.064871805906"><ele>487</ele><time>2025-08-27T13:19:55.000Z</time></trkpt>
<trkpt lat="30.62194496343243" lon="104.064871805906"><ele>488</ele><time>2025-08-27T13:19:56.000Z</time></trkpt>
<trkpt lat="30.62194496343243" lon="104.064871805906"><ele>487</ele><time>2025-08-27T13:19:57.000Z</time></trkpt>
<trkpt lat="30.62194496343243" lon="104.064871805906"><ele>486</ele><time>2025-08-27T13:19:58.000Z</time></trkpt>
<trkpt lat="30.62194496343243" lon="104.064871805906"><ele>486</ele><time>2025-08-27T13:19:59.000Z</time></trkpt>
<trkpt lat="30.62194496343243" lon="104.064871805906"><ele>487</ele><time>2025-08-27T13:20:00.000Z</time></trkpt>
<trkpt lat="30.62194496343243" lon="104.064871805906"><ele>487</ele><time>2025-08-27T13:20:01.000Z</time></trkpt>
<trkpt lat="30.62194496343243" lon="104.064871805906"><ele>487</ele><time>2025-08-27T13:20:02.000Z</time></trkpt>
<trkpt lat="30.62194496343243" lon="104.064871805906"><ele>486</ele><time>2025-08-27T13:20:03.000Z</time></trkpt>
<trkpt lat="30.62194496343243" lon="104.064871805906"><ele>487</ele><time>2025-08-27T13:20:04.000Z</time></trkpt>
<trkpt lat="30.62194496343243" lon="104.064871805906"><ele>489</ele><time>2025-08-27T13:20:05.000Z</time></trkpt>
<trkpt lat="30.62194496343243" lon="104.064871805906"><ele>489</ele><time>2025-08-27T13:20:06.000Z</time></trkpt>
<trkpt lat="30.62194496343243" lon="104.064871805906"><ele>489</ele><time>2025-08-27T13:20:07.000Z</time></trkpt>
<trkpt lat="30.62194496343243" lon="104.064871805906"><ele>489</ele><time>2025-08-27T13:20:08.000Z</time></trkpt>
<trkpt lat="30.62194496343243" lon="104.064871805906"><ele>490</ele><time>2025-08-27T13:20:09.000Z</time></trkpt>
<trkpt lat="30.62194496343243" lon="104.064871805906"><ele>490</ele><time>2025-08-27T13:20:10.000Z</time></trkpt>
<trkpt lat="30.62194496343243" lon="104.064871805906"><ele>490</ele><time>2025-08-27T13:20:11.000Z</time></trkpt>
<trkpt lat="30.62194496343243" lon="104.064871805906"><ele>492</ele><time>2025-08-27T13:20:12.000Z</time></trkpt>
<trkpt lat="30.62194496343243" lon="104.064871805906"><ele>492</ele><time>2025-08-27T13:20:13.000Z</time></trkpt>
<trkpt lat="30.62194496343243" lon="104.064871805906"><ele>492</ele><time>2025-08-27T13:20:14.000Z</time></trkpt>
<trkpt lat="30.62194496343243" lon="104.064871805906"><ele>493</ele><time>2025-08-27T13:20:15.000Z</time></trkpt>
<trkpt lat="30.62194496343243" lon="104.064871805906"><ele>495</ele><time>2025-08-27T13:20:16.000Z</time></trkpt>
<trkpt lat="30.62194496343243" lon="104.064871805906"><ele>497</ele><time>2025-08-27T13:20:17.000Z</time></trkpt>
<trkpt lat="30.62194496343243" lon="104.064871805906"><ele>499</ele><time>2025-08-27T13:20:18.000Z</time></trkpt>
<trkpt lat="30.62194496343243" lon="104.064871805906"><ele>500</ele><time>2025-08-27T13:20:19.000Z</time></trkpt>
<trkpt lat="30.62194496343243" lon="104.064871805906"><ele>500</ele><time>2025-08-27T13:20:20.000Z</time></trkpt>
<trkpt lat="30.62194496343243" lon="104.064871805906"><ele>500</ele><time>2025-08-27T13:20:21.000Z</time></trkpt>
<trkpt lat="30.62194496343243" lon="104.064871805906"><ele>500</ele><time>2025-08-27T13:20:22.000Z</time></trkpt>
<trkpt lat="30.62194496343243" lon="104.064871805906"><ele>501</ele><time>2025-08-27T13:20:23.000Z</time></trkpt>
<trkpt lat="30.62194496343243" lon="104.064871805906"><ele>501</ele><time>2025-08-27T13:20:24.000Z</time></trkpt>
<trkpt lat="30.62194496343243" lon="104.064871805906"><ele>503</ele><time>2025-08-27T13:20:25.000Z</time></trkpt>
<trkpt lat="30.62194496343243" lon="104.064871805906"><ele>503</ele><time>2025-08-27T13:20:26.000Z</time></trkpt>
<trkpt lat="30.62194496343243" lon="104.064871805906"><ele>502</ele><time>2025-08-27T13:20:27.000Z</time></trkpt>
<trkpt lat="30.62194496343243" lon="104.064871805906"><ele>501</ele><time>2025-08-27T13:20:28.000Z</time></trkpt>
<trkpt lat="30.62194496343243" lon="104.064871805906"><ele>500</ele><time>2025-08-27T13:20:29.000Z</time></trkpt>
<trkpt lat="30.62194496343243" lon="104.064871805906"><ele>500</ele><time>2025-08-27T13:20:30.000Z</time></trkpt>
<trkpt lat="30.62194496343243" lon="104.064871805906"><ele>499</ele><time>2025-08-27T13:20:31.000Z</time></trkpt>
<trkpt lat="30.62194496343243" lon="104.064871805906"><ele>498</ele><time>2025-08-27T13:20:32.000Z</time></trkpt>
<trkpt lat="30.62194496343243" lon="104.064871805906"><ele>498</ele><time>2025-08-27T13:20:33.000Z</time></trkpt>
<trkpt lat="30.62194496343243" lon="104.064871805906"><ele>497</ele><time>2025-08-27T13:20:34.000Z</time></trkpt>
<trkpt lat="30.62194496343243" lon="104.064871805906"><ele>497</ele><time>2025-08-27T13:20:35.000Z</time></trkpt>
<trkpt lat="30.62194496343243" lon="104.064871805906"><ele>496</ele><time>2025-08-27T13:20:36.000Z</time></trkpt>
<trkpt lat="30.62194496343243" lon="104.064871805906"><ele>496</ele><time>2025-08-27T13:20:37.000Z</time></trkpt>
<trkpt lat="30.62194496343243" lon="104.064871805906"><ele>496</ele><time>2025-08-27T13:20:38.000Z</time></trkpt>
<trkpt lat="30.62194496343243" lon="104.064871805906"><ele>497</ele><time>2025-08-27T13:20:39.000Z</time></trkpt>
<trkpt lat="30.62194496343243" lon="104.064871805906"><ele>496</ele><time>2025-08-27T13:20:40.000Z</time></trkpt>
<trkpt lat="30.62194496343243" lon="104.064871805906"><ele>496</ele><time>2025-08-27T13:20:41.000Z</time></trkpt>
<trkpt lat="30.62194496343243" lon="104.064871805906"><ele>496</ele><time>2025-08-27T13:20:42.000Z</time></trkpt>
<trkpt lat="30.62194496343243" lon="104.064871805906"><ele>497</ele><time>2025-08-27T13:20:43.000Z</time></trkpt>
<trkpt lat="30.62194496343243" lon="104.064871805906"><ele>496</ele><time>2025-08-27T13:20:44.000Z</time></trkpt>
<trkpt lat="30.62194496343243" lon="104.064871805906"><ele>496</ele><time>2025-08-27T13:20:45.000Z</time></trkpt>
<trkpt lat="30.62194496343243" lon="104.064871805906"><ele>496</ele><time>2025-08-27T13:20:46.000Z</time></trkpt>
<trkpt lat="30.62194496343243" lon="104.064871805906"><ele>498</ele><time>2025-08-27T13:20:47.000Z</time></trkpt>
<trkpt lat="30.62194496343243" lon="104.064871805906"><ele>499</ele><time>2025-08-27T13:20:48.000Z</time></trkpt>
<trkpt lat="30.62194496343243" lon="104.064871805906"><ele>498</ele><time>2025-08-27T13:20:49.000Z</time></trkpt>
<trkpt lat="30.62194496343243" lon="104.064871805906"><ele>499</ele><time>2025-08-27T13:20:50.000Z</time></trkpt>
<trkpt lat="30.62194496343243" lon="104.064871805906"><ele>499</ele><time>2025-08-27T13:20:51.000Z</time></trkpt>
<trkpt lat="30.62194496343243" lon="104.064871805906"><ele>498</ele><time>2025-08-27T13:20:52.000Z</time></trkpt>
<trkpt lat="30.62194496343243" lon="104.064871805906"><ele>498</ele><time>2025-08-27T13:20:53.000Z</time></trkpt>
<trkpt lat="30.62194496343243" lon="104.064871805906"><ele>498</ele><time>2025-08-27T13:20:54.000Z</time></trkpt>
<trkpt lat="30.62194496343243" lon="104.064871805906"><ele>497</ele><time>2025-08-27T13:20:55.000Z</time></trkpt>
<trkpt lat="30.62194496343243" lon="104.064871805906"><ele>497</ele><time>2025-08-27T13:20:56.000Z</time></trkpt>
<trkpt lat="30.62194496343243" lon="104.064871805906"><ele>497</ele><time>2025-08-27T13:20:57.000Z</time></trkpt>
<trkpt lat="30.62194496343243" lon="104.064871805906"><ele>497</ele><time>2025-08-27T13:20:58.000Z</time></trkpt>
<trkpt lat="30.62194496343243" lon="104.064871805906"><ele>497</ele><time>2025-08-27T13:20:59.000Z</time></trkpt>
<trkpt lat="30.62194496343243" lon="104.064871805906"><ele>497</ele><time>2025-08-27T13:21:00.000Z</time></trkpt>
<trkpt lat="30.62194496343243" lon="104.064871805906"><ele>498</ele><time>2025-08-27T13:21:01.000Z</time></trkpt>
<trkpt lat="30.62194496343243" lon="104.064871805906"><ele>498</ele><time>2025-08-27T13:21:02.000Z</time></trkpt>
<trkpt lat="30.62194496343243" lon="104.064871805906"><ele>498</ele><time>2025-08-27T13:21:03.000Z</time></trkpt>
<trkpt lat="30.62194496343243" lon="104.064871805906"><ele>498</ele><time>2025-08-27T13:21:04.000Z</time></trkpt>
<trkpt lat="30.62194496343243" lon="104.064871805906"><ele>497</ele><time>2025-08-27T13:21:05.000Z</time></trkpt>
<trkpt lat="30.62194496343243" lon="104.064871805906"><ele>498</ele><time>2025-08-27T13:21:06.000Z</time></trkpt>
<trkpt lat="30.62194496343243" lon="104.064871805906"><ele>498</ele><time>2025-08-27T13:21:07.000Z</time></trkpt>
<trkpt lat="30.62194496343243" lon="104.064871805906"><ele>499</ele><time>2025-08-27T13:21:08.000Z</time></trkpt>
<trkpt lat="30.62194496343243" lon="104.064871805906"><ele>501</ele><time>2025-08-27T13:21:09.000Z</time></trkpt>
<trkpt lat="30.62194496343243" lon="104.064871805906"><ele>501</ele><time>2025-08-27T13:21:10.000Z</time></trkpt>
<trkpt lat="30.62194496343243" lon="104.064871805906"><ele>500</ele><time>2025-08-27T13:21:11.000Z</time></trkpt>
<trkpt lat="30.62194496343243" lon="104.064871805906"><ele>501</ele><time>2025-08-27T13:21:12.000Z</time></trkpt>
<trkpt lat="30.62194496343243" lon="104.064871805906"><ele>502</ele><time>2025-08-27T13:21:13.000Z</time></trkpt>
<trkpt lat="30.62194496343243" lon="104.064871805906"><ele>502</ele><time>2025-08-27T13:21:14.000Z</time></trkpt>
<trkpt lat="30.62194496343243" lon="104.064871805906"><ele>501</ele><time>2025-08-27T13:21:15.000Z</time></trkpt>
<trkpt lat="30.62194496343243" lon="104.064871805906"><ele>502</ele><time>2025-08-27T13:21:16.000Z</time></trkpt>
<trkpt lat="30.62194496343243" lon="104.064871805906"><ele>500</ele><time>2025-08-27T13:21:17.000Z</time></trkpt>
<trkpt lat="30.62194496343243" lon="104.064871805906"><ele>500</ele><time>2025-08-27T13:21:18.000Z</time></trkpt>
<trkpt lat="30.62194496343243" lon="104.064871805906"><ele>500</ele><time>2025-08-27T13:21:19.000Z</time></trkpt>
<trkpt lat="30.62194496343243" lon="104.064871805906"><ele>501</ele><time>2025-08-27T13:21:20.000Z</time></trkpt>
<trkpt lat="30.62194496343243" lon="104.064871805906"><ele>501</ele><time>2025-08-27T13:21:21.000Z</time></trkpt>
<trkpt lat="30.62194496343243" lon="104.064871805906"><ele>501</ele><time>2025-08-27T13:21:22.000Z</time></trkpt>
<trkpt lat="30.62194496343243" lon="104.064871805906"><ele>501</ele><time>2025-08-27T13:21:23.000Z</time></trkpt>
<trkpt lat="30.62194496343243" lon="104.064871805906"><ele>502</ele><time>2025-08-27T13:21:24.000Z</time></trkpt>
<trkpt lat="30.62194496343243" lon="104.064871805906"><ele>501</ele><time>2025-08-27T13:21:25.000Z</time></trkpt>
<trkpt lat="30.62194496343243" lon="104.064871805906"><ele>501</ele><time>2025-08-27T13:21:26.000Z</time></trkpt>
<trkpt lat="30.62194496343243" lon="104.064871805906"><ele>501</ele><time>2025-08-27T13:21:27.000Z</time></trkpt>
<trkpt lat="30.62194496343243" lon="104.064871805906"><ele>502</ele><time>2025-08-27T13:21:28.000Z</time></trkpt>
<trkpt lat="30.62194496343243" lon="104.064871805906"><ele>503</ele><time>2025-08-27T13:21:29.000Z</time></trkpt>
<trkpt lat="30.62194496343243" lon="104.064871805906"><ele>503</ele><time>2025-08-27T13:21:30.000Z</time></trkpt>
<trkpt lat="30.62194496343243" lon="104.064871805906"><ele>503</ele><time>2025-08-27T13:21:31.000Z</time></trkpt>
<trkpt lat="30.62194496343243" lon="104.064871805906"><ele>502</ele><time>2025-08-27T13:21:32.000Z</time></trkpt>
<trkpt lat="30.62194496343243" lon="104.064871805906"><ele>501</ele><time>2025-08-27T13:21:33.000Z</time></trkpt>
<trkpt lat="30.62194496343243" lon="104.064871805906"><ele>501</ele><time>2025-08-27T13:21:34.000Z</time></trkpt>
<trkpt lat="30.62194496343243" lon="104.064871805906"><ele>501</ele><time>2025-08-27T13:21:35.000Z</time></trkpt>
<trkpt lat="30.62194496343243" lon="104.064871805906"><ele>500</ele><time>2025-08-27T13:21:36.000Z</time></trkpt>
<trkpt lat="30.62194496343243" lon="104.064871805906"><ele>500</ele><time>2025-08-27T13:21:37.000Z</time></trkpt>
<trkpt lat="30.62194496343243" lon="104.064871805906"><ele>500</ele><time>2025-08-27T13:21:38.000Z</time></trkpt>
<trkpt lat="30.62194496343243" lon="104.064871805906"><ele>501</ele><time>2025-08-27T13:21:39.000Z</time></trkpt>
<trkpt lat="30.62194496343243" lon="104.064871805906"><ele>501</ele><time>2025-08-27T13:21:40.000Z</time></trkpt>
<trkpt lat="30.62194496343243" lon="104.064871805906"><ele>501</ele><time>2025-08-27T13:21:41.000Z</time></trkpt>
<trkpt lat="30.62194496343243" lon="104.064871805906"><ele>502</ele><time>2025-08-27T13:21:42.000Z</time></trkpt>
<trkpt lat="30.62194496343243" lon="104.064871805906"><ele>502</ele><time>2025-08-27T13:21:43.000Z</time></trkpt>
<trkpt lat="30.62194496343243" lon="104.064871805906"><ele>503</ele><time>2025-08-27T13:21:44.000Z</time></trkpt>
<trkpt lat="30.62194496343243" lon="104.064871805906"><ele>504</ele><time>2025-08-27T13:21:45.000Z</time></trkpt>
<trkpt lat="30.62194496343243" lon="104.064871805906"><ele>504</ele><time>2025-08-27T13:21:46.000Z</time></trkpt>
<trkpt lat="30.62194496343243" lon="104.064871805906"><ele>504</ele><time>2025-08-27T13:21:47.000Z</time></trkpt>
<trkpt lat="30.62194496343243" lon="104.064871805906"><ele>505</ele><time>2025-08-27T13:21:48.000Z</time></trkpt>
<trkpt lat="30.62194496343243" lon="104.064871805906"><ele>506</ele><time>2025-08-27T13:21:49.000Z</time></trkpt>
<trkpt lat="30.62194496343243" lon="104.064871805906"><ele>505</ele><time>2025-08-27T13:21:50.000Z</time></trkpt>
<trkpt lat="30.62194496343243" lon="104.064871805906"><ele>506</ele><time>2025-08-27T13:21:51.000Z</time></trkpt>
<trkpt lat="30.62194496343243" lon="104.064871805906"><ele>507</ele><time>2025-08-27T13:21:52.000Z</time></trkpt>
<trkpt lat="30.62194496343243" lon="104.064871805906"><ele>507</ele><time>2025-08-27T13:21:53.000Z</time></trkpt>
<trkpt lat="30.62194496343243" lon="104.064871805906"><ele>507</ele><time>2025-08-27T13:21:54.000Z</time></trkpt>
<trkpt lat="30.62194496343243" lon="104.064871805906"><ele>508</ele><time>2025-08-27T13:21:55.000Z</time></trkpt>
<trkpt lat="30.62194496343243" lon="104.064871805906"><ele>509</ele><time>2025-08-27T13:21:56.000Z</time></trkpt>
<trkpt lat="30.62194496343243" lon="104.064871805906"><ele>510</ele><time>2025-08-27T13:21:57.000Z</time></trkpt>
<trkpt lat="30.62194496343243" lon="104.064871805906"><ele>511</ele><time>2025-08-27T13:21:58.000Z</time></trkpt>
<trkpt lat="30.62194496343243" lon="104.064871805906"><ele>511</ele><time>2025-08-27T13:21:59.000Z</time></trkpt>
<trkpt lat="30.62194496343243" lon="104.064871805906"><ele>511</ele><time>2025-08-27T13:22:00.000Z</time></trkpt>
<trkpt lat="30.62194496343243" lon="104.064871805906"><ele>513</ele><time>2025-08-27T13:22:01.000Z</time></trkpt>
<trkpt lat="30.62194496343243" lon="104.064871805906"><ele>514</ele><time>2025-08-27T13:22:02.000Z</time></trkpt>
<trkpt lat="30.62194496343243" lon="104.064871805906"><ele>514</ele><time>2025-08-27T13:22:03.000Z</time></trkpt>
<trkpt lat="30.62194496343243" lon="104.064871805906"><ele>515</ele><time>2025-08-27T13:22:04.000Z</time></trkpt>
<trkpt lat="30.62194496343243" lon="104.064871805906"><ele>517</ele><time>2025-08-27T13:22:05.000Z</time></trkpt>
<trkpt lat="30.62194496343243" lon="104.064871805906"><ele>516</ele><time>2025-08-27T13:22:06.000Z</time></trkpt>
<trkpt lat="30.62194496343243" lon="104.064871805906"><ele>517</ele><time>2025-08-27T13:22:07.000Z</time></trkpt>
<trkpt lat="30.62194496343243" lon="104.064871805906"><ele>516</ele><time>2025-08-27T13:22:08.000Z</time></trkpt>
<trkpt lat="30.62194496343243" lon="104.064871805906"><ele>513</ele><time>2025-08-27T13:22:09.000Z</time></trkpt>
<trkpt lat="30.62194496343243" lon="104.064871805906"><ele>512</ele><time>2025-08-27T13:22:10.000Z</time></trkpt>
<trkpt lat="30.62194496343243" lon="104.064871805906"><ele>509</ele><time>2025-08-27T13:22:11.000Z</time></trkpt>
<trkpt lat="30.62194496343243" lon="104.064871805906"><ele>507</ele><time>2025-08-27T13:22:12.000Z</time></trkpt>
<trkpt lat="30.62194496343243" lon="104.064871805906"><ele>506</ele><time>2025-08-27T13:22:13.000Z</time></trkpt>
<trkpt lat="30.62194496343243" lon="104.064871805906"><ele>505</ele><time>2025-08-27T13:22:14.000Z</time></trkpt>
<trkpt lat="30.62194496343243" lon="104.064871805906"><ele>504</ele><time>2025-08-27T13:22:15.000Z</time></trkpt>
<trkpt lat="30.62194496343243" lon="104.064871805906"><ele>504</ele><time>2025-08-27T13:22:16.000Z</time></trkpt>
<trkpt lat="30.62194496343243" lon="104.064871805906"><ele>503</ele><time>2025-08-27T13:22:17.000Z</time></trkpt>
<trkpt lat="30.62194496343243" lon="104.064871805906"><ele>503</ele><time>2025-08-27T13:22:18.000Z</time></trkpt>
<trkpt lat="30.62194496343243" lon="104.064871805906"><ele>503</ele><time>2025-08-27T13:22:19.000Z</time></trkpt>
<trkpt lat="30.62194496343243" lon="104.064871805906"><ele>502</ele><time>2025-08-27T13:22:20.000Z</time></trkpt>
<trkpt lat="30.62194496343243" lon="104.064871805906"><ele>501</ele><time>2025-08-27T13:22:21.000Z</time></trkpt>
<trkpt lat="30.62194496343243" lon="104.064871805906"><ele>501</ele><time>2025-08-27T13:22:22.000Z</time></trkpt>
<trkpt lat="30.62194496343243" lon="104.064871805906"><ele>501</ele><time>2025-08-27T13:22:23.000Z</time></trkpt>
<trkpt lat="30.62194496343243" lon="104.064871805906"><ele>501</ele><time>2025-08-27T13:22:24.000Z</time></trkpt>
<trkpt lat="30.62194496343243" lon="104.064871805906"><ele>500</ele><time>2025-08-27T13:22:25.000Z</time></trkpt>
<trkpt lat="30.62194496343243" lon="104.064871805906"><ele>499</ele><time>2025-08-27T13:22:26.000Z</time></trkpt>
<trkpt lat="30.62194496343243" lon="104.064871805906"><ele>499</ele><time>2025-08-27T13:22:27.000Z</time></trkpt>
<trkpt lat="30.62194496343243" lon="104.064871805906"><ele>499</ele><time>2025-08-27T13:22:28.000Z</time></trkpt>
<trkpt lat="30.62194496343243" lon="104.064871805906"><ele>498</ele><time>2025-08-27T13:22:29.000Z</time></trkpt>
<trkpt lat="30.62194496343243" lon="104.064871805906"><ele>498</ele><time>2025-08-27T13:22:30.000Z</time></trkpt>
<trkpt lat="30.62194496343243" lon="104.064871805906"><ele>498</ele><time>2025-08-27T13:22:31.000Z</time></trkpt>
<trkpt lat="30.62194496343243" lon="104.064871805906"><ele>498</ele><time>2025-08-27T13:22:32.000Z</time></trkpt>
<trkpt lat="30.62194496343243" lon="104.064871805906"><ele>498</ele><time>2025-08-27T13:22:33.000Z</time></trkpt>
<trkpt lat="30.62194496343243" lon="104.064871805906"><ele>498</ele><time>2025-08-27T13:22:34.000Z</time></trkpt>
<trkpt lat="30.62194496343243" lon="104.064871805906"><ele>497</ele><time>2025-08-27T13:22:35.000Z</time></trkpt>
<trkpt lat="30.62194496343243" lon="104.064871805906"><ele>497</ele><time>2025-08-27T13:22:36.000Z</time></trkpt>
<trkpt lat="30.62194496343243" lon="104.064871805906"><ele>497</ele><time>2025-08-27T13:22:37.000Z</time></trkpt>
<trkpt lat="30.62194496343243" lon="104.064871805906"><ele>497</ele><time>2025-08-27T13:22:38.000Z</time></trkpt>
<trkpt lat="30.62194496343243" lon="104.064871805906"><ele>497</ele><time>2025-08-27T13:22:39.000Z</time></trkpt>
<trkpt lat="30.62194496343243" lon="104.064871805906"><ele>497</ele><time>2025-08-27T13:22:40.000Z</time></trkpt>
<trkpt lat="30.62194496343243" lon="104.064871805906"><ele>497</ele><time>2025-08-27T13:22:41.000Z</time></trkpt>
<trkpt lat="30.62194496343243" lon="104.064871805906"><ele>497</ele><time>2025-08-27T13:22:42.000Z</time></trkpt>
<trkpt lat="30.62194496343243" lon="104.064871805906"><ele>497</ele><time>2025-08-27T13:22:43.000Z</time></trkpt>
<trkpt lat="30.62194496343243" lon="104.064871805906"><ele>497</ele><time>2025-08-27T13:22:44.000Z</time></trkpt>
<trkpt lat="30.62194496343243" lon="104.064871805906"><ele>497</ele><time>2025-08-27T13:22:45.000Z</time></trkpt>
<trkpt lat="30.62194496343243" lon="104.064871805906"><ele>497</ele><time>2025-08-27T13:22:46.000Z</time></trkpt>
<trkpt lat="30.62194496343243" lon="104.064871805906"><ele>497</ele><time>2025-08-27T13:22:47.000Z</time></trkpt>
<trkpt lat="30.62194496343243" lon="104.064871805906"><ele>497</ele><time>2025-08-27T13:22:48.000Z</time></trkpt>
<trkpt lat="30.62194496343243" lon="104.064871805906"><ele>497</ele><time>2025-08-27T13:22:49.000Z</time></trkpt>
<trkpt lat="30.62194496343243" lon="104.064871805906"><ele>497</ele><time>2025-08-27T13:22:50.000Z</time></trkpt>
<trkpt lat="30.62194496343243" lon="104.064871805906"><ele>497</ele><time>2025-08-27T13:22:51.000Z</time></trkpt>
<trkpt lat="30.62194496343243" lon="104.064871805906"><ele>497</ele><time>2025-08-27T13:22:52.000Z</time></trkpt>
<trkpt lat="30.62194496343243" lon="104.064871805906"><ele>497</ele><time>2025-08-27T13:22:53.000Z</time></trkpt>
<trkpt lat="30.62194496343243" lon="104.064871805906"><ele>497</ele><time>2025-08-27T13:22:54.000Z</time></trkpt>
<trkpt lat="30.62194496343243" lon="104.064871805906"><ele>496</ele><time>2025-08-27T13:22:55.000Z</time></trkpt>
<trkpt lat="30.62194496343243" lon="104.064871805906"><ele>496</ele><time>2025-08-27T13:22:56.000Z</time></trkpt>
<trkpt lat="30.62194496343243" lon="104.064871805906"><ele>496</ele><time>2025-08-27T13:22:57.000Z</time></trkpt>
<trkpt lat="30.62194496343243" lon="104.064871805906"><ele>496</ele><time>2025-08-27T13:22:58.000Z</time></trkpt>
<trkpt lat="30.62194496343243" lon="104.064871805906"><ele>496</ele><time>2025-08-27T13:22:59.000Z</time></trkpt>
<trkpt lat="30.62194496343243" lon="104.064871805906"><ele>496</ele><time>2025-08-27T13:23:00.000Z</time></trkpt>
<trkpt lat="30.62194496343243" lon="104.064871805906"><ele>496</ele><time>2025-08-27T13:23:01.000Z</time></trkpt>
<trkpt lat="30.62194496343243" lon="104.064871805906"><ele>496</ele><time>2025-08-27T13:23:02.000Z</time></trkpt>
<trkpt lat="30.62194496343243" lon="104.064871805906"><ele>495</ele><time>2025-08-27T13:23:03.000Z</time></trkpt>
<trkpt lat="30.62194496343243" lon="104.064871805906"><ele>496</ele><time>2025-08-27T13:23:04.000Z</time></trkpt>
<trkpt lat="30.62194496343243" lon="104.064871805906"><ele>495</ele><time>2025-08-27T13:23:05.000Z</time></trkpt>
<trkpt lat="30.62194496343243" lon="104.064871805906"><ele>495</ele><time>2025-08-27T13:23:06.000Z</time></trkpt>
<trkpt lat="30.62194496343243" lon="104.064871805906"><ele>495</ele><time>2025-08-27T13:23:07.000Z</time></trkpt>
<trkpt lat="30.62194496343243" lon="104.064871805906"><ele>495</ele><time>2025-08-27T13:23:08.000Z</time></trkpt>
<trkpt lat="30.62194496343243" lon="104.064871805906"><ele>495</ele><time>2025-08-27T13:23:09.000Z</time></trkpt>
<trkpt lat="30.62194496343243" lon="104.064871805906"><ele>496</ele><time>2025-08-27T13:23:10.000Z</time></trkpt>
<trkpt lat="30.62194496343243" lon="104.064871805906"><ele>496</ele><time>2025-08-27T13:23:11.000Z</time></trkpt>
<trkpt lat="30.62194496343243" lon="104.064871805906"><ele>496</ele><time>2025-08-27T13:23:12.000Z</time></trkpt>
<trkpt lat="30.62194496343243" lon="104.064871805906"><ele>496</ele><time>2025-08-27T13:23:13.000Z</time></trkpt>
<trkpt lat="30.62194496343243" lon="104.064871805906"><ele>496</ele><time>2025-08-27T13:23:14.000Z</time></trkpt>
<trkpt lat="30.62194496343243" lon="104.064871805906"><ele>496</ele><time>2025-08-27T13:23:15.000Z</time></trkpt>
<trkpt lat="30.62194496343243" lon="104.064871805906"><ele>496</ele><time>2025-08-27T13:23:16.000Z</time></trkpt>
<trkpt lat="30.62194496343243" lon="104.064871805906"><ele>496</ele><time>2025-08-27T13:23:17.000Z</time></trkpt>
<trkpt lat="30.62194496343243" lon="104.064871805906"><ele>496</ele><time>2025-08-27T13:23:18.000Z</time></trkpt>
<trkpt lat="30.62194496343243" lon="104.064871805906"><ele>495</ele><time>2025-08-27T13:23:19.000Z</time></trkpt>
<trkpt lat="30.62194496343243" lon="104.064871805906"><ele>495</ele><time>2025-08-27T13:23:20.000Z</time></trkpt>
<trkpt lat="30.62194496343243" lon="104.064871805906"><ele>495</ele><time>2025-08-27T13:23:21.000Z</time></trkpt>
<trkpt lat="30.62194496343243" lon="104.064871805906"><ele>495</ele><time>2025-08-27T13:23:22.000Z</time></trkpt>
<trkpt lat="30.62194496343243" lon="104.064871805906"><ele>495</ele><time>2025-08-27T13:23:23.000Z</time></trkpt>
<trkpt lat="30.62194496343243" lon="104.064871805906"><ele>495</ele><time>2025-08-27T13:23:24.000Z</time></trkpt>
<trkpt lat="30.62194496343243" lon="104.064871805906"><ele>495</ele><time>2025-08-27T13:23:25.000Z</time></trkpt>
<trkpt lat="30.62194496343243" lon="104.064871805906"><ele>495</ele><time>2025-08-27T13:23:26.000Z</time></trkpt>
<trkpt lat="30.62194496343243" lon="104.064871805906"><ele>496</ele><time>2025-08-27T13:23:27.000Z</time></trkpt>
<trkpt lat="30.62194496343243" lon="104.064871805906"><ele>496</ele><time>2025-08-27T13:23:28.000Z</time></trkpt>
<trkpt lat="30.62194496343243" lon="104.064871805906"><ele>496</ele><time>2025-08-27T13:23:29.000Z</time></trkpt>
<trkpt lat="30.62194496343243" lon="104.064871805906"><ele>496</ele><time>2025-08-27T13:23:30.000Z</time></trkpt>
<trkpt lat="30.62194496343243" lon="104.064871805906"><ele>496</ele><time>2025-08-27T13:23:31.000Z</time></trkpt>
<trkpt lat="30.62194496343243" lon="104.064871805906"><ele>496</ele><time>2025-08-27T13:23:32.000Z</time></trkpt>
<trkpt lat="30.62194496343243" lon="104.064871805906"><ele>496</ele><time>2025-08-27T13:23:33.000Z</time></trkpt>
<trkpt lat="30.62194496343243" lon="104.064871805906"><ele>496</ele><time>2025-08-27T13:23:34.000Z</time></trkpt>
<trkpt lat="30.62194496343243" lon="104.064871805906"><ele>496</ele><time>2025-08-27T13:23:35.000Z</time></trkpt>
<trkpt lat="30.62194496343243" lon="104.064871805906"><ele>496</ele><time>2025-08-27T13:23:36.000Z</time></trkpt>
<trkpt lat="30.62194496343243" lon="104.064871805906"><ele>497</ele><time>2025-08-27T13:23:37.000Z</time></trkpt>
<trkpt lat="30.62194496343243" lon="104.064871805906"><ele>496</ele><time>2025-08-27T13:23:38.000Z</time></trkpt>
<trkpt lat="30.62194496343243" lon="104.064871805906"><ele>496</ele><time>2025-08-27T13:23:39.000Z</time></trkpt>
<trkpt lat="30.62194496343243" lon="104.064871805906"><ele>496</ele><time>2025-08-27T13:23:40.000Z</time></trkpt>
<trkpt lat="30.62194496343243" lon="104.064871805906"><ele>496</ele><time>2025-08-27T13:23:41.000Z</time></trkpt>
<trkpt lat="30.62194496343243" lon="104.064871805906"><ele>496</ele><time>2025-08-27T13:23:42.000Z</time></trkpt>
<trkpt lat="30.62194496343243" lon="104.064871805906"><ele>496</ele><time>2025-08-27T13:23:43.000Z</time></trkpt>
<trkpt lat="30.62194496343243" lon="104.064871805906"><ele>497</ele><time>2025-08-27T13:23:44.000Z</time></trkpt>
<trkpt lat="30.62194496343243" lon="104.064871805906"><ele>497</ele><time>2025-08-27T13:23:45.000Z</time></trkpt>
<trkpt lat="30.62194496343243" lon="104.064871805906"><ele>497</ele><time>2025-08-27T13:23:46.000Z</time></trkpt>
<trkpt lat="30.62194496343243" lon="104.064871805906"><ele>496</ele><time>2025-08-27T13:23:47.000Z</time></trkpt>
<trkpt lat="30.62194496343243" lon="104.064871805906"><ele>496</ele><time>2025-08-27T13:23:48.000Z</time></trkpt>
<trkpt lat="30.62194496343243" lon="104.064871805906"><ele>496</ele><time>2025-08-27T13:23:49.000Z</time></trkpt>
<trkpt lat="30.62194496343243" lon="104.064871805906"><ele>497</ele><time>2025-08-27T13:23:50.000Z</time></trkpt>
<trkpt lat="30.62194496343243" lon="104.064871805906"><ele>496</ele><time>2025-08-27T13:23:51.000Z</time></trkpt>
<trkpt lat="30.62194496343243" lon="104.064871805906"><ele>497</ele><time>2025-08-27T13:23:52.000Z</time></trkpt>
<trkpt lat="30.62194496343243" lon="104.064871805906"><ele>497</ele><time>2025-08-27T13:23:53.000Z</time></trkpt>
<trkpt lat="30.62194496343243" lon="104.064871805906"><ele>496</ele><time>2025-08-27T13:23:54.000Z</time></trkpt>
<trkpt lat="30.62194496343243" lon="104.064871805906"><ele>496</ele><time>2025-08-27T13:23:55.000Z</time></trkpt>
<trkpt lat="30.62194496343243" lon="104.064871805906"><ele>495</ele><time>2025-08-27T13:23:56.000Z</time></trkpt>
<trkpt lat="30.62194496343243" lon="104.064871805906"><ele>494</ele><time>2025-08-27T13:23:57.000Z</time></trkpt>
<trkpt lat="30.62194496343243" lon="104.064871805906"><ele>491</ele><time>2025-08-27T13:23:58.000Z</time></trkpt>
<trkpt lat="30.62194496343243" lon="104.064871805906"><ele>491</ele><time>2025-08-27T13:23:59.000Z</time></trkpt>
<trkpt lat="30.62194496343243" lon="104.064871805906"><ele>491</ele><time>2025-08-27T13:24:00.000Z</time></trkpt>
<trkpt lat="30.62194496343243" lon="104.064871805906"><ele>491</ele><time>2025-08-27T13:24:01.000Z</time></trkpt>
<trkpt lat="30.62194496343243" lon="104.064871805906"><ele>491</ele><time>2025-08-27T13:24:02.000Z</time></trkpt>
<trkpt lat="30.62194496343243" lon="104.064871805906"><ele>491</ele><time>2025-08-27T13:24:03.000Z</time></trkpt>
<trkpt lat="30.62194496343243" lon="104.064871805906"><ele>491</ele><time>2025-08-27T13:24:04.000Z</time></trkpt>
<trkpt lat="30.62194496343243" lon="104.064871805906"><ele>491</ele><time>2025-08-27T13:24:05.000Z</time></trkpt>
<trkpt lat="30.62194496343243" lon="104.064871805906"><ele>491</ele><time>2025-08-27T13:24:06.000Z</time></trkpt>
<trkpt lat="30.62194496343243" lon="104.064871805906"><ele>491</ele><time>2025-08-27T13:24:07.000Z</time></trkpt>
<trkpt lat="30.62194496343243" lon="104.064871805906"><ele>491</ele><time>2025-08-27T13:24:08.000Z</time></trkpt>
<trkpt lat="30.62194496343243" lon="104.064871805906"><ele>491</ele><time>2025-08-27T13:24:09.000Z</time></trkpt>
<trkpt lat="30.62194496343243" lon="104.064871805906"><ele>491</ele><time>2025-08-27T13:24:10.000Z</time></trkpt>
<trkpt lat="30.62194496343243" lon="104.064871805906"><ele>491</ele><time>2025-08-27T13:24:11.000Z</time></trkpt>
<trkpt lat="30.62194496343243" lon="104.064871805906"><ele>491</ele><time>2025-08-27T13:24:12.000Z</time></trkpt>
<trkpt lat="30.62194496343243" lon="104.064871805906"><ele>491</ele><time>2025-08-27T13:24:13.000Z</time></trkpt>
<trkpt lat="30.62194496343243" lon="104.064871805906"><ele>491</ele><time>2025-08-27T13:24:14.000Z</time></trkpt>
<trkpt lat="30.62194496343243" lon="104.064871805906"><ele>491</ele><time>2025-08-27T13:24:15.000Z</time></trkpt>
<trkpt lat="30.62194496343243" lon="104.064871805906"><ele>491</ele><time>2025-08-27T13:24:16.000Z</time></trkpt>
<trkpt lat="30.62194496343243" lon="104.064871805906"><ele>491</ele><time>2025-08-27T13:24:17.000Z</time></trkpt>
<trkpt lat="30.62194496343243" lon="104.064871805906"><ele>491</ele><time>2025-08-27T13:24:18.000Z</time></trkpt>
<trkpt lat="30.62194496343243" lon="104.064871805906"><ele>491</ele><time>2025-08-27T13:24:19.000Z</time></trkpt>
<trkpt lat="30.62194496343243" lon="104.064871805906"><ele>491</ele><time>2025-08-27T13:24:20.000Z</time></trkpt>
<trkpt lat="30.62194496343243" lon="104.064871805906"><ele>492</ele><time>2025-08-27T13:24:21.000Z</time></trkpt>
<trkpt lat="30.62194496343243" lon="104.064871805906"><ele>492</ele><time>2025-08-27T13:24:22.000Z</time></trkpt>
<trkpt lat="30.62194496343243" lon="104.064871805906"><ele>492</ele><time>2025-08-27T13:24:23.000Z</time></trkpt>
<trkpt lat="30.62194496343243" lon="104.064871805906"><ele>492</ele><time>2025-08-27T13:24:24.000Z</time></trkpt>
<trkpt lat="30.62194496343243" lon="104.064871805906"><ele>492</ele><time>2025-08-27T13:24:25.000Z</time></trkpt>
<trkpt lat="30.62194496343243" lon="104.064871805906"><ele>493</ele><time>2025-08-27T13:24:26.000Z</time></trkpt>
<trkpt lat="30.62194496343243" lon="104.064871805906"><ele>493</ele><time>2025-08-27T13:24:27.000Z</time></trkpt>
<trkpt lat="30.62194496343243" lon="104.064871805906"><ele>493</ele><time>2025-08-27T13:24:28.000Z</time></trkpt>
<trkpt lat="30.62194496343243" lon="104.064871805906"><ele>494</ele><time>2025-08-27T13:24:29.000Z</time></trkpt>
<trkpt lat="30.62194496343243" lon="104.064871805906"><ele>493</ele><time>2025-08-27T13:24:30.000Z</time></trkpt>
<trkpt lat="30.62194496343243" lon="104.064871805906"><ele>494</ele><time>2025-08-27T13:24:31.000Z</time></trkpt>
<trkpt lat="30.62194496343243" lon="104.064871805906"><ele>494</ele><time>2025-08-27T13:24:32.000Z</time></trkpt>
<trkpt lat="30.62194496343243" lon="104.064871805906"><ele>494</ele><time>2025-08-27T13:24:33.000Z</time></trkpt>
<trkpt lat="30.62194496343243" lon="104.064871805906"><ele>494</ele><time>2025-08-27T13:24:34.000Z</time></trkpt>
<trkpt lat="30.62194496343243" lon="104.064871805906"><ele>495</ele><time>2025-08-27T13:24:35.000Z</time></trkpt>
<trkpt lat="30.62194496343243" lon="104.064871805906"><ele>495</ele><time>2025-08-27T13:24:36.000Z</time></trkpt>
<trkpt lat="30.62194496343243" lon="104.064871805906"><ele>495</ele><time>2025-08-27T13:24:37.000Z</time></trkpt>
<trkpt lat="30.62194496343243" lon="104.064871805906"><ele>494</ele><time>2025-08-27T13:24:38.000Z</time></trkpt>
<trkpt lat="30.62194496343243" lon="104.064871805906"><ele>495</ele><time>2025-08-27T13:24:39.000Z</time></trkpt>
<trkpt lat="30.62194496343243" lon="104.064871805906"><ele>496</ele><time>2025-08-27T13:24:40.000Z</time></trkpt>
<trkpt lat="30.62194496343243" lon="104.064871805906"><ele>496</ele><time>2025-08-27T13:24:41.000Z</time></trkpt>
<trkpt lat="30.62194496343243" lon="104.064871805906"><ele>495</ele><time>2025-08-27T13:24:42.000Z</time></trkpt>
<trkpt lat="30.62194496343243" lon="104.064871805906"><ele>496</ele><time>2025-08-27T13:24:43.000Z</time></trkpt>
<trkpt lat="30.62194496343243" lon="104.064871805906"><ele>495</ele><time>2025-08-27T13:24:44.000Z</time></trkpt>
<trkpt lat="30.62194496343243" lon="104.064871805906"><ele>495</ele><time>2025-08-27T13:24:45.000Z</time></trkpt>
<trkpt lat="30.62194496343243" lon="104.064871805906"><ele>495</ele><time>2025-08-27T13:24:46.000Z</time></trkpt>
<trkpt lat="30.62194496343243" lon="104.064871805906"><ele>495</ele><time>2025-08-27T13:24:47.000Z</time></trkpt>
<trkpt lat="30.62194496343243" lon="104.064871805906"><ele>494</ele><time>2025-08-27T13:24:48.000Z</time></trkpt>
<trkpt lat="30.62194496343243" lon="104.064871805906"><ele>495</ele><time>2025-08-27T13:24:49.000Z</time></trkpt>
<trkpt lat="30.62194496343243" lon="104.064871805906"><ele>494</ele><time>2025-08-27T13:24:50.000Z</time></trkpt>
<trkpt lat="30.62194496343243" lon="104.064871805906"><ele>494</ele><time>2025-08-27T13:24:51.000Z</time></trkpt>
<trkpt lat="30.62194496343243" lon="104.064871805906"><ele>494</ele><time>2025-08-27T13:24:52.000Z</time></trkpt>
<trkpt lat="30.62194496343243" lon="104.064871805906"><ele>495</ele><time>2025-08-27T13:24:53.000Z</time></trkpt>
<trkpt lat="30.62194496343243" lon="104.064871805906"><ele>495</ele><time>2025-08-27T13:24:54.000Z</time></trkpt>
<trkpt lat="30.62194496343243" lon="104.064871805906"><ele>495</ele><time>2025-08-27T13:24:55.000Z</time></trkpt>
<trkpt lat="30.62194496343243" lon="104.064871805906"><ele>496</ele><time>2025-08-27T13:24:56.000Z</time></trkpt>
<trkpt lat="30.62194496343243" lon="104.064871805906"><ele>496</ele><time>2025-08-27T13:24:57.000Z</time></trkpt>
<trkpt lat="30.62194496343243" lon="104.064871805906"><ele>495</ele><time>2025-08-27T13:24:58.000Z</time></trkpt>
<trkpt lat="30.62194496343243" lon="104.064871805906"><ele>495</ele><time>2025-08-27T13:24:59.000Z</time></trkpt>
<trkpt lat="30.62194496343243" lon="104.064871805906"><ele>494</ele><time>2025-08-27T13:25:00.000Z</time></trkpt>
<trkpt lat="30.62194496343243" lon="104.064871805906"><ele>494</ele><time>2025-08-27T13:25:01.000Z</time></trkpt>
<trkpt lat="30.62194496343243" lon="104.064871805906"><ele>494</ele><time>2025-08-27T13:25:02.000Z</time></trkpt>
<trkpt lat="30.62194496343243" lon="104.064871805906"><ele>495</ele><time>2025-08-27T13:25:03.000Z</time></trkpt>
<trkpt lat="30.62194496343243" lon="104.064871805906"><ele>494</ele><time>2025-08-27T13:25:04.000Z</time></trkpt>
<trkpt lat="30.62194496343243" lon="104.064871805906"><ele>494</ele><time>2025-08-27T13:25:05.000Z</time></trkpt>
<trkpt lat="30.62194496343243" lon="104.064871805906"><ele>494</ele><time>2025-08-27T13:25:06.000Z</time></trkpt>
<trkpt lat="30.62194496343243" lon="104.064871805906"><ele>493</ele><time>2025-08-27T13:25:07.000Z</time></trkpt>
<trkpt lat="30.62194496343243" lon="104.064871805906"><ele>494</ele><time>2025-08-27T13:25:08.000Z</time></trkpt>
<trkpt lat="30.62194496343243" lon="104.064871805906"><ele>494</ele><time>2025-08-27T13:25:09.000Z</time></trkpt>
<trkpt lat="30.62194496343243" lon="104.064871805906"><ele>494</ele><time>2025-08-27T13:25:10.000Z</time></trkpt>
<trkpt lat="30.62194496343243" lon="104.064871805906"><ele>493</ele><time>2025-08-27T13:25:11.000Z</time></trkpt>
<trkpt lat="30.62194496343243" lon="104.064871805906"><ele>492</ele><time>2025-08-27T13:25:12.000Z</time></trkpt>
<trkpt lat="30.62194496343243" lon="104.064871805906"><ele>492</ele><time>2025-08-27T13:25:13.000Z</time></trkpt>
<trkpt lat="30.62194496343243" lon="104.064871805906"><ele>492</ele><time>2025-08-27T13:25:14.000Z</time></trkpt>
<trkpt lat="30.62194496343243" lon="104.064871805906"><ele>492</ele><time>2025-08-27T13:25:15.000Z</time></trkpt>
<trkpt lat="30.62194496343243" lon="104.064871805906"><ele>492</ele><time>2025-08-27T13:25:16.000Z</time></trkpt>
<trkpt lat="30.62194496343243" lon="104.064871805906"><ele>491</ele><time>2025-08-27T13:25:17.000Z</time></trkpt>
<trkpt lat="30.62194496343243" lon="104.064871805906"><ele>490</ele><time>2025-08-27T13:25:18.000Z</time></trkpt>
<trkpt lat="30.62194496343243" lon="104.064871805906"><ele>490</ele><time>2025-08-27T13:25:19.000Z</time></trkpt>
<trkpt lat="30.62194496343243" lon="104.064871805906"><ele>490</ele><time>2025-08-27T13:25:20.000Z</time></trkpt>
<trkpt lat="30.62194496343243" lon="104.064871805906"><ele>490</ele><time>2025-08-27T13:25:21.000Z</time></trkpt>
<trkpt lat="30.62194496343243" lon="104.064871805906"><ele>490</ele><time>2025-08-27T13:25:22.000Z</time></trkpt>
<trkpt lat="30.62194496343243" lon="104.064871805906"><ele>489</ele><time>2025-08-27T13:25:23.000Z</time></trkpt>
<trkpt lat="30.62194496343243" lon="104.064871805906"><ele>490</ele><time>2025-08-27T13:25:24.000Z</time></trkpt>
<trkpt lat="30.62194496343243" lon="104.064871805906"><ele>489</ele><time>2025-08-27T13:25:25.000Z</time></trkpt>
<trkpt lat="30.62194496343243" lon="104.064871805906"><ele>488</ele><time>2025-08-27T13:25:26.000Z</time></trkpt>
<trkpt lat="30.62194496343243" lon="104.064871805906"><ele>488</ele><time>2025-08-27T13:25:27.000Z</time></trkpt>
<trkpt lat="30.62194496343243" lon="104.064871805906"><ele>489</ele><time>2025-08-27T13:25:28.000Z</time></trkpt>
<trkpt lat="30.62194496343243" lon="104.064871805906"><ele>488</ele><time>2025-08-27T13:25:29.000Z</time></trkpt>
<trkpt lat="30.62194496343243" lon="104.064871805906"><ele>488</ele><time>2025-08-27T13:25:30.000Z</time></trkpt>
<trkpt lat="30.62194496343243" lon="104.064871805906"><ele>488</ele><time>2025-08-27T13:25:31.000Z</time></trkpt>
<trkpt lat="30.62194496343243" lon="104.064871805906"><ele>488</ele><time>2025-08-27T13:25:32.000Z</time></trkpt>
<trkpt lat="30.62194496343243" lon="104.064871805906"><ele>487</ele><time>2025-08-27T13:25:33.000Z</time></trkpt>
<trkpt lat="30.62194496343243" lon="104.064871805906"><ele>488</ele><time>2025-08-27T13:25:34.000Z</time></trkpt>
<trkpt lat="30.62194496343243" lon="104.064871805906"><ele>485</ele><time>2025-08-27T13:25:35.000Z</time></trkpt>
<trkpt lat="30.62194496343243" lon="104.064871805906"><ele>483</ele><time>2025-08-27T13:25:36.000Z</time></trkpt>
<trkpt lat="30.62194496343243" lon="104.064871805906"><ele>481</ele><time>2025-08-27T13:25:37.000Z</time></trkpt>
<trkpt lat="30.62194496343243" lon="104.064871805906"><ele>478</ele><time>2025-08-27T13:25:38.000Z</time></trkpt>
<trkpt lat="30.62194496343243" lon="104.064871805906"><ele>478</ele><time>2025-08-27T13:25:39.000Z</time></trkpt>
<trkpt lat="30.62194496343243" lon="104.064871805906"><ele>478</ele><time>2025-08-27T13:25:40.000Z</time></trkpt>
<trkpt lat="30.62194496343243" lon="104.064871805906"><ele>478</ele><time>2025-08-27T13:25:41.000Z</time></trkpt>
<trkpt lat="30.62194496343243" lon="104.064871805906"><ele>473</ele><time>2025-08-27T13:25:42.000Z</time></trkpt>
<trkpt lat="30.62194496343243" lon="104.064871805906"><ele>473</ele><time>2025-08-27T13:25:43.000Z</time></trkpt>
<trkpt lat="30.62194496343243" lon="104.064871805906"><ele>473</ele><time>2025-08-27T13:25:44.000Z</time></trkpt>
<trkpt lat="30.62194496343243" lon="104.064871805906"><ele>474</ele><time>2025-08-27T13:25:45.000Z</time></trkpt>
<trkpt lat="30.62194496343243" lon="104.064871805906"><ele>475</ele><time>2025-08-27T13:25:46.000Z</time></trkpt>
<trkpt lat="30.62194496343243" lon="104.064871805906"><ele>475</ele><time>2025-08-27T13:25:47.000Z</time></trkpt>
<trkpt lat="30.62194496343243" lon="104.064871805906"><ele>476</ele><time>2025-08-27T13:25:48.000Z</time></trkpt>
<trkpt lat="30.62194496343243" lon="104.064871805906"><ele>476</ele><time>2025-08-27T13:25:49.000Z</time></trkpt>
<trkpt lat="30.62194496343243" lon="104.064871805906"><ele>476</ele><time>2025-08-27T13:25:50.000Z</time></trkpt>
<trkpt lat="30.62194496343243" lon="104.064871805906"><ele>476</ele><time>2025-08-27T13:25:51.000Z</time></trkpt>
<trkpt lat="30.62194496343243" lon="104.064871805906"><ele>477</ele><time>2025-08-27T13:25:52.000Z</time></trkpt>
<trkpt lat="30.62194496343243" lon="104.064871805906"><ele>477</ele><time>2025-08-27T13:25:53.000Z</time></trkpt>
<trkpt lat="30.62194496343243" lon="104.064871805906"><ele>476</ele><time>2025-08-27T13:25:54.000Z</time></trkpt>
<trkpt lat="30.62194496343243" lon="104.064871805906"><ele>474</ele><time>2025-08-27T13:25:55.000Z</time></trkpt>
<trkpt lat="30.62194496343243" lon="104.064871805906"><ele>472</ele><time>2025-08-27T13:25:56.000Z</time></trkpt>
<trkpt lat="30.62194496343243" lon="104.064871805906"><ele>471</ele><time>2025-08-27T13:25:57.000Z</time></trkpt>
<trkpt lat="30.62194496343243" lon="104.064871805906"><ele>470</ele><time>2025-08-27T13:25:58.000Z</time></trkpt>
<trkpt lat="30.62194496343243" lon="104.064871805906"><ele>469</ele><time>2025-08-27T13:25:59.000Z</time></trkpt>
<trkpt lat="30.62194496343243" lon="104.064871805906"><ele>468</ele><time>2025-08-27T13:26:00.000Z</time></trkpt>
<trkpt lat="30.62194496343243" lon="104.064871805906"><ele>468</ele><time>2025-08-27T13:26:01.000Z</time></trkpt>
<trkpt lat="30.62194496343243" lon="104.064871805906"><ele>468</ele><time>2025-08-27T13:26:02.000Z</time></trkpt>
<trkpt lat="30.62194496343243" lon="104.064871805906"><ele>468</ele><time>2025-08-27T13:26:03.000Z</time></trkpt>
<trkpt lat="30.62194496343243" lon="104.064871805906"><ele>469</ele><time>2025-08-27T13:26:04.000Z</time></trkpt>
<trkpt lat="30.62194496343243" lon="104.064871805906"><ele>469</ele><time>2025-08-27T13:26:05.000Z</time></trkpt>
<trkpt lat="30.62194496343243" lon="104.064871805906"><ele>469</ele><time>2025-08-27T13:26:06.000Z</time></trkpt>
<trkpt lat="30.62194496343243" lon="104.064871805906"><ele>469</ele><time>2025-08-27T13:26:07.000Z</time></trkpt>
<trkpt lat="30.62194496343243" lon="104.064871805906"><ele>469</ele><time>2025-08-27T13:26:08.000Z</time></trkpt>
<trkpt lat="30.62194496343243" lon="104.064871805906"><ele>469</ele><time>2025-08-27T13:26:09.000Z</time></trkpt>
<trkpt lat="30.62194496343243" lon="104.064871805906"><ele>469</ele><time>2025-08-27T13:26:10.000Z</time></trkpt>
<trkpt lat="30.62194496343243" lon="104.064871805906"><ele>470</ele><time>2025-08-27T13:26:11.000Z</time></trkpt>
<trkpt lat="30.62194496343243" lon="104.064871805906"><ele>471</ele><time>2025-08-27T13:26:12.000Z</time></trkpt>
<trkpt lat="30.62194496343243" lon="104.064871805906"><ele>471</ele><time>2025-08-27T13:26:13.000Z</time></trkpt>
<trkpt lat="30.62194496343243" lon="104.064871805906"><ele>472</ele><time>2025-08-27T13:26:14.000Z</time></trkpt>
<trkpt lat="30.62194496343243" lon="104.064871805906"><ele>474</ele><time>2025-08-27T13:26:15.000Z</time></trkpt>
<trkpt lat="30.62194496343243" lon="104.064871805906"><ele>476</ele><time>2025-08-27T13:26:16.000Z</time></trkpt>
<trkpt lat="30.62194496343243" lon="104.064871805906"><ele>478</ele><time>2025-08-27T13:26:17.000Z</time></trkpt>
<trkpt lat="30.62194496343243" lon="104.064871805906"><ele>482</ele><time>2025-08-27T13:26:18.000Z</time></trkpt>
<trkpt lat="30.62194496343243" lon="104.064871805906"><ele>484</ele><time>2025-08-27T13:26:19.000Z</time></trkpt>
<trkpt lat="30.62194496343243" lon="104.064871805906"><ele>487</ele><time>2025-08-27T13:26:20.000Z</time></trkpt>
<trkpt lat="30.62194496343243" lon="104.064871805906"><ele>489</ele><time>2025-08-27T13:26:21.000Z</time></trkpt>
<trkpt lat="30.62194496343243" lon="104.064871805906"><ele>491</ele><time>2025-08-27T13:26:22.000Z</time></trkpt>
<trkpt lat="30.62194496343243" lon="104.064871805906"><ele>492</ele><time>2025-08-27T13:26:23.000Z</time></trkpt>
<trkpt lat="30.62194496343243" lon="104.064871805906"><ele>493</ele><time>2025-08-27T13:26:24.000Z</time></trkpt>
<trkpt lat="30.62194496343243" lon="104.064871805906"><ele>494</ele><time>2025-08-27T13:26:25.000Z</time></trkpt>
<trkpt lat="30.62194496343243" lon="104.064871805906"><ele>494</ele><time>2025-08-27T13:26:26.000Z</time></trkpt>
<trkpt lat="30.62194496343243" lon="104.064871805906"><ele>494</ele><time>2025-08-27T13:26:27.000Z</time></trkpt>
<trkpt lat="30.62194496343243" lon="104.064871805906"><ele>495</ele><time>2025-08-27T13:26:28.000Z</time></trkpt>
<trkpt lat="30.62194496343243" lon="104.064871805906"><ele>495</ele><time>2025-08-27T13:26:29.000Z</time></trkpt>
<trkpt lat="30.62194496343243" lon="104.064871805906"><ele>495</ele><time>2025-08-27T13:26:30.000Z</time></trkpt>
<trkpt lat="30.62194496343243" lon="104.064871805906"><ele>495</ele><time>2025-08-27T13:26:31.000Z</time></trkpt>
<trkpt lat="30.62194496343243" lon="104.064871805906"><ele>495</ele><time>2025-08-27T13:26:32.000Z</time></trkpt>
<trkpt lat="30.62194496343243" lon="104.064871805906"><ele>495</ele><time>2025-08-27T13:26:33.000Z</time></trkpt>
<trkpt lat="30.62194496343243" lon="104.064871805906"><ele>494</ele><time>2025-08-27T13:26:34.000Z</time></trkpt>
<trkpt lat="30.62194496343243" lon="104.064871805906"><ele>495</ele><time>2025-08-27T13:26:35.000Z</time></trkpt>
<trkpt lat="30.62194496343243" lon="104.064871805906"><ele>495</ele><time>2025-08-27T13:26:36.000Z</time></trkpt>
<trkpt lat="30.62194496343243" lon="104.064871805906"><ele>495</ele><time>2025-08-27T13:26:37.000Z</time></trkpt>
<trkpt lat="30.62194496343243" lon="104.064871805906"><ele>495</ele><time>2025-08-27T13:26:38.000Z</time></trkpt>
<trkpt lat="30.62194496343243" lon="104.064871805906"><ele>495</ele><time>2025-08-27T13:26:39.000Z</time></trkpt>
<trkpt lat="30.62194496343243" lon="104.064871805906"><ele>496</ele><time>2025-08-27T13:26:40.000Z</time></trkpt>
<trkpt lat="30.62194496343243" lon="104.064871805906"><ele>495</ele><time>2025-08-27T13:26:41.000Z</time></trkpt>
<trkpt lat="30.62194496343243" lon="104.064871805906"><ele>494</ele><time>2025-08-27T13:26:42.000Z</time></trkpt>
<trkpt lat="30.62194496343243" lon="104.064871805906"><ele>497</ele><time>2025-08-27T13:26:43.000Z</time></trkpt>
<trkpt lat="30.62194496343243" lon="104.064871805906"><ele>493</ele><time>2025-08-27T13:26:44.000Z</time></trkpt>
<trkpt lat="30.62194496343243" lon="104.064871805906"><ele>493</ele><time>2025-08-27T13:26:45.000Z</time></trkpt>
<trkpt lat="30.62194496343243" lon="104.064871805906"><ele>493</ele><time>2025-08-27T13:26:46.000Z</time></trkpt>
<trkpt lat="30.62194496343243" lon="104.064871805906"><ele>494</ele><time>2025-08-27T13:26:47.000Z</time></trkpt>
<trkpt lat="30.62194496343243" lon="104.064871805906"><ele>494</ele><time>2025-08-27T13:26:48.000Z</time></trkpt>
<trkpt lat="30.62194496343243" lon="104.064871805906"><ele>494</ele><time>2025-08-27T13:26:49.000Z</time></trkpt>
<trkpt lat="30.62194496343243" lon="104.064871805906"><ele>494</ele><time>2025-08-27T13:26:50.000Z</time></trkpt>
<trkpt lat="30.62194496343243" lon="104.064871805906"><ele>493</ele><time>2025-08-27T13:26:51.000Z</time></trkpt>
<trkpt lat="30.62194496343243" lon="104.064871805906"><ele>493</ele><time>2025-08-27T13:26:52.000Z</time></trkpt>
<trkpt lat="30.62194496343243" lon="104.064871805906"><ele>494</ele><time>2025-08-27T13:26:53.000Z</time></trkpt>
<trkpt lat="30.62194496343243" lon="104.064871805906"><ele>494</ele><time>2025-08-27T13:26:54.000Z</time></trkpt>
<trkpt lat="30.62194496343243" lon="104.064871805906"><ele>493</ele><time>2025-08-27T13:26:55.000Z</time></trkpt>
<trkpt lat="30.62194496343243" lon="104.064871805906"><ele>493</ele><time>2025-08-27T13:26:56.000Z</time></trkpt>
<trkpt lat="30.62194496343243" lon="104.064871805906"><ele>491</ele><time>2025-08-27T13:26:57.000Z</time></trkpt>
<trkpt lat="30.62194496343243" lon="104.064871805906"><ele>491</ele><time>2025-08-27T13:26:58.000Z</time></trkpt>
<trkpt lat="30.62194496343243" lon="104.064871805906"><ele>491</ele><time>2025-08-27T13:26:59.000Z</time></trkpt>
<trkpt lat="30.62194496343243" lon="104.064871805906"><ele>491</ele><time>2025-08-27T13:27:00.000Z</time></trkpt>
<trkpt lat="30.62194496343243" lon="104.064871805906"><ele>490</ele><time>2025-08-27T13:27:01.000Z</time></trkpt>
<trkpt lat="30.62194496343243" lon="104.064871805906"><ele>490</ele><time>2025-08-27T13:27:02.000Z</time></trkpt>
<trkpt lat="30.62194496343243" lon="104.064871805906"><ele>490</ele><time>2025-08-27T13:27:03.000Z</time></trkpt>
<trkpt lat="30.62194496343243" lon="104.064871805906"><ele>490</ele><time>2025-08-27T13:27:04.000Z</time></trkpt>
<trkpt lat="30.62194496343243" lon="104.064871805906"><ele>498</ele><time>2025-08-27T13:27:05.000Z</time></trkpt>
<trkpt lat="30.62194496343243" lon="104.064871805906"><ele>497</ele><time>2025-08-27T13:27:06.000Z</time></trkpt>
<trkpt lat="30.62194496343243" lon="104.064871805906"><ele>497</ele><time>2025-08-27T13:27:07.000Z</time></trkpt>
<trkpt lat="30.62194496343243" lon="104.064871805906"><ele>498</ele><time>2025-08-27T13:27:08.000Z</time></trkpt>
<trkpt lat="30.62194496343243" lon="104.064871805906"><ele>498</ele><time>2025-08-27T13:27:09.000Z</time></trkpt>
<trkpt lat="30.62194496343243" lon="104.064871805906"><ele>496</ele><time>2025-08-27T13:27:10.000Z</time></trkpt>
<trkpt lat="30.62194496343243" lon="104.064871805906"><ele>496</ele><time>2025-08-27T13:27:11.000Z</time></trkpt>
<trkpt lat="30.62194496343243" lon="104.064871805906"><ele>496</ele><time>2025-08-27T13:27:12.000Z</time></trkpt>
<trkpt lat="30.62194496343243" lon="104.064871805906"><ele>496</ele><time>2025-08-27T13:27:13.000Z</time></trkpt>
<trkpt lat="30.62194496343243" lon="104.064871805906"><ele>496</ele><time>2025-08-27T13:27:14.000Z</time></trkpt>
<trkpt lat="30.62194496343243" lon="104.064871805906"><ele>496</ele><time>2025-08-27T13:27:15.000Z</time></trkpt>
<trkpt lat="30.62194496343243" lon="104.064871805906"><ele>496</ele><time>2025-08-27T13:27:16.000Z</time></trkpt>
<trkpt lat="30.62194496343243" lon="104.064871805906"><ele>497</ele><time>2025-08-27T13:27:17.000Z</time></trkpt>
<trkpt lat="30.62194496343243" lon="104.064871805906"><ele>497</ele><time>2025-08-27T13:27:18.000Z</time></trkpt>
<trkpt lat="30.62194496343243" lon="104.064871805906"><ele>497</ele><time>2025-08-27T13:27:19.000Z</time></trkpt>
<trkpt lat="30.62194496343243" lon="104.064871805906"><ele>497</ele><time>2025-08-27T13:27:20.000Z</time></trkpt>
<trkpt lat="30.62194496343243" lon="104.064871805906"><ele>497</ele><time>2025-08-27T13:27:21.000Z</time></trkpt>
<trkpt lat="30.62194496343243" lon="104.064871805906"><ele>496</ele><time>2025-08-27T13:27:22.000Z</time></trkpt>
<trkpt lat="30.62194496343243" lon="104.064871805906"><ele>496</ele><time>2025-08-27T13:27:23.000Z</time></trkpt>
<trkpt lat="30.62194496343243" lon="104.064871805906"><ele>497</ele><time>2025-08-27T13:27:24.000Z</time></trkpt>
<trkpt lat="30.62194496343243" lon="104.064871805906"><ele>497</ele><time>2025-08-27T13:27:25.000Z</time></trkpt>
<trkpt lat="30.62194496343243" lon="104.064871805906"><ele>498</ele><time>2025-08-27T13:27:26.000Z</time></trkpt>
<trkpt lat="30.62194496343243" lon="104.064871805906"><ele>498</ele><time>2025-08-27T13:27:27.000Z</time></trkpt>
<trkpt lat="30.62194496343243" lon="104.064871805906"><ele>500</ele><time>2025-08-27T13:27:28.000Z</time></trkpt>
<trkpt lat="30.62194496343243" lon="104.064871805906"><ele>500</ele><time>2025-08-27T13:27:29.000Z</time></trkpt>
<trkpt lat="30.62194496343243" lon="104.064871805906"><ele>501</ele><time>2025-08-27T13:27:30.000Z</time></trkpt>
<trkpt lat="30.62194496343243" lon="104.064871805906"><ele>500</ele><time>2025-08-27T13:27:31.000Z</time></trkpt>
<trkpt lat="30.62194496343243" lon="104.064871805906"><ele>500</ele><time>2025-08-27T13:27:32.000Z</time></trkpt>
<trkpt lat="30.62194496343243" lon="104.064871805906"><ele>500</ele><time>2025-08-27T13:27:33.000Z</time></trkpt>
<trkpt lat="30.62194496343243" lon="104.064871805906"><ele>499</ele><time>2025-08-27T13:27:34.000Z</time></trkpt>
<trkpt lat="30.62194496343243" lon="104.064871805906"><ele>500</ele><time>2025-08-27T13:27:35.000Z</time></trkpt>
<trkpt lat="30.62194496343243" lon="104.064871805906"><ele>501</ele><time>2025-08-27T13:27:36.000Z</time></trkpt>
<trkpt lat="30.62194496343243" lon="104.064871805906"><ele>501</ele><time>2025-08-27T13:27:37.000Z</time></trkpt>
<trkpt lat="30.62194496343243" lon="104.064871805906"><ele>501</ele><time>2025-08-27T13:27:38.000Z</time></trkpt>
<trkpt lat="30.62194496343243" lon="104.064871805906"><ele>501</ele><time>2025-08-27T13:27:39.000Z</time></trkpt>
<trkpt lat="30.62194496343243" lon="104.064871805906"><ele>502</ele><time>2025-08-27T13:27:40.000Z</time></trkpt>
<trkpt lat="30.62194496343243" lon="104.064871805906"><ele>501</ele><time>2025-08-27T13:27:41.000Z</time></trkpt>
<trkpt lat="30.62194496343243" lon="104.064871805906"><ele>501</ele><time>2025-08-27T13:27:42.000Z</time></trkpt>
<trkpt lat="30.62194496343243" lon="104.064871805906"><ele>501</ele><time>2025-08-27T13:27:43.000Z</time></trkpt>
<trkpt lat="30.62194496343243" lon="104.064871805906"><ele>501</ele><time>2025-08-27T13:27:44.000Z</time></trkpt>
<trkpt lat="30.62194496343243" lon="104.064871805906"><ele>500</ele><time>2025-08-27T13:27:45.000Z</time></trkpt>
<trkpt lat="30.62194496343243" lon="104.064871805906"><ele>500</ele><time>2025-08-27T13:27:46.000Z</time></trkpt>
<trkpt lat="30.62194496343243" lon="104.064871805906"><ele>500</ele><time>2025-08-27T13:27:47.000Z</time></trkpt>
<trkpt lat="30.62194496343243" lon="104.064871805906"><ele>500</ele><time>2025-08-27T13:27:48.000Z</time></trkpt>
<trkpt lat="30.62194496343243" lon="104.064871805906"><ele>500</ele><time>2025-08-27T13:27:49.000Z</time></trkpt>
<trkpt lat="30.62194496343243" lon="104.064871805906"><ele>500</ele><time>2025-08-27T13:27:50.000Z</time></trkpt>
<trkpt lat="30.62194496343243" lon="104.064871805906"><ele>500</ele><time>2025-08-27T13:27:51.000Z</time></trkpt>
<trkpt lat="30.62194496343243" lon="104.064871805906"><ele>500</ele><time>2025-08-27T13:27:52.000Z</time></trkpt>
<trkpt lat="30.62194496343243" lon="104.064871805906"><ele>500</ele><time>2025-08-27T13:27:53.000Z</time></trkpt>
<trkpt lat="30.62194496343243" lon="104.064871805906"><ele>500</ele><time>2025-08-27T13:27:54.000Z</time></trkpt>
<trkpt lat="30.62194496343243" lon="104.064871805906"><ele>500</ele><time>2025-08-27T13:27:55.000Z</time></trkpt>
<trkpt lat="30.62194496343243" lon="104.064871805906"><ele>501</ele><time>2025-08-27T13:27:56.000Z</time></trkpt>
<trkpt lat="30.62194496343243" lon="104.064871805906"><ele>501</ele><time>2025-08-27T13:27:57.000Z</time></trkpt>
<trkpt lat="30.62194496343243" lon="104.064871805906"><ele>501</ele><time>2025-08-27T13:27:58.000Z</time></trkpt>
<trkpt lat="30.62194496343243" lon="104.064871805906"><ele>502</ele><time>2025-08-27T13:27:59.000Z</time></trkpt>
<trkpt lat="30.62194496343243" lon="104.064871805906"><ele>502</ele><time>2025-08-27T13:28:00.000Z</time></trkpt>
<trkpt lat="30.62194496343243" lon="104.064871805906"><ele>501</ele><time>2025-08-27T13:28:01.000Z</time></trkpt>
<trkpt lat="30.62194496343243" lon="104.064871805906"><ele>501</ele><time>2025-08-27T13:28:02.000Z</time></trkpt>
<trkpt lat="30.62194496343243" lon="104.064871805906"><ele>501</ele><time>2025-08-27T13:28:03.000Z</time></trkpt>
<trkpt lat="30.62194496343243" lon="104.064871805906"><ele>501</ele><time>2025-08-27T13:28:04.000Z</time></trkpt>
<trkpt lat="30.62194496343243" lon="104.064871805906"><ele>501</ele><time>2025-08-27T13:28:05.000Z</time></trkpt>
<trkpt lat="30.62194496343243" lon="104.064871805906"><ele>502</ele><time>2025-08-27T13:28:06.000Z</time></trkpt>
<trkpt lat="30.62194496343243" lon="104.064871805906"><ele>502</ele><time>2025-08-27T13:28:07.000Z</time></trkpt>
<trkpt lat="30.62194496343243" lon="104.064871805906"><ele>501</ele><time>2025-08-27T13:28:08.000Z</time></trkpt>
<trkpt lat="30.62194496343243" lon="104.064871805906"><ele>500</ele><time>2025-08-27T13:28:09.000Z</time></trkpt>
<trkpt lat="30.62194496343243" lon="104.064871805906"><ele>499</ele><time>2025-08-27T13:28:10.000Z</time></trkpt>
<trkpt lat="30.62194496343243" lon="104.064871805906"><ele>499</ele><time>2025-08-27T13:28:11.000Z</time></trkpt>
<trkpt lat="30.62194496343243" lon="104.064871805906"><ele>499</ele><time>2025-08-27T13:28:12.000Z</time></trkpt>
<trkpt lat="30.62194496343243" lon="104.064871805906"><ele>498</ele><time>2025-08-27T13:28:13.000Z</time></trkpt>
<trkpt lat="30.62194496343243" lon="104.064871805906"><ele>498</ele><time>2025-08-27T13:28:14.000Z</time></trkpt>
<trkpt lat="30.62194496343243" lon="104.064871805906"><ele>498</ele><time>2025-08-27T13:28:15.000Z</time></trkpt>
<trkpt lat="30.62194496343243" lon="104.064871805906"><ele>498</ele><time>2025-08-27T13:28:16.000Z</time></trkpt>
<trkpt lat="30.62194496343243" lon="104.064871805906"><ele>498</ele><time>2025-08-27T13:28:17.000Z</time></trkpt>
<trkpt lat="30.62194496343243" lon="104.064871805906"><ele>498</ele><time>2025-08-27T13:28:18.000Z</time></trkpt>
<trkpt lat="30.62194496343243" lon="104.064871805906"><ele>497</ele><time>2025-08-27T13:28:19.000Z</time></trkpt>
<trkpt lat="30.62194496343243" lon="104.064871805906"><ele>491</ele><time>2025-08-27T13:28:20.000Z</time></trkpt>
<trkpt lat="30.62194496343243" lon="104.064871805906"><ele>490</ele><time>2025-08-27T13:28:21.000Z</time></trkpt>
<trkpt lat="30.62194496343243" lon="104.064871805906"><ele>491</ele><time>2025-08-27T13:28:22.000Z</time></trkpt>
<trkpt lat="30.62194496343243" lon="104.064871805906"><ele>490</ele><time>2025-08-27T13:28:23.000Z</time></trkpt>
<trkpt lat="30.62194496343243" lon="104.064871805906"><ele>490</ele><time>2025-08-27T13:28:24.000Z</time></trkpt>
<trkpt lat="30.62194496343243" lon="104.064871805906"><ele>489</ele><time>2025-08-27T13:28:25.000Z</time></trkpt>
<trkpt lat="30.62194496343243" lon="104.064871805906"><ele>489</ele><time>2025-08-27T13:28:26.000Z</time></trkpt>
<trkpt lat="30.62194496343243" lon="104.064871805906"><ele>488</ele><time>2025-08-27T13:28:27.000Z</time></trkpt>
<trkpt lat="30.62194496343243" lon="104.064871805906"><ele>488</ele><time>2025-08-27T13:28:28.000Z</time></trkpt>
<trkpt lat="30.62194496343243" lon="104.064871805906"><ele>488</ele><time>2025-08-27T13:28:29.000Z</time></trkpt>
<trkpt lat="30.62194496343243" lon="104.064871805906"><ele>488</ele><time>2025-08-27T13:28:30.000Z</time></trkpt>
<trkpt lat="30.62194496343243" lon="104.064871805906"><ele>488</ele><time>2025-08-27T13:28:31.000Z</time></trkpt>
<trkpt lat="30.62194496343243" lon="104.064871805906"><ele>488</ele><time>2025-08-27T13:28:32.000Z</time></trkpt>
<trkpt lat="30.62194496343243" lon="104.064871805906"><ele>488</ele><time>2025-08-27T13:28:33.000Z</time></trkpt>
<trkpt lat="30.62194496343243" lon="104.064871805906"><ele>488</ele><time>2025-08-27T13:28:34.000Z</time></trkpt>
<trkpt lat="30.62194496343243" lon="104.064871805906"><ele>487</ele><time>2025-08-27T13:28:35.000Z</time></trkpt>
<trkpt lat="30.62194496343243" lon="104.064871805906"><ele>487</ele><time>2025-08-27T13:28:36.000Z</time></trkpt>
<trkpt lat="30.62194496343243" lon="104.064871805906"><ele>487</ele><time>2025-08-27T13:28:37.000Z</time></trkpt>
<trkpt lat="30.62194496343243" lon="104.064871805906"><ele>487</ele><time>2025-08-27T13:28:38.000Z</time></trkpt>
<trkpt lat="30.62194496343243" lon="104.064871805906"><ele>486</ele><time>2025-08-27T13:28:39.000Z</time></trkpt>
<trkpt lat="30.62194496343243" lon="104.064871805906"><ele>497</ele><time>2025-08-27T13:28:40.000Z</time></trkpt>
<trkpt lat="30.62194496343243" lon="104.064871805906"><ele>497</ele><time>2025-08-27T13:28:41.000Z</time></trkpt>
<trkpt lat="30.62194496343243" lon="104.064871805906"><ele>496</ele><time>2025-08-27T13:28:42.000Z</time></trkpt>
<trkpt lat="30.62194496343243" lon="104.064871805906"><ele>495</ele><time>2025-08-27T13:28:43.000Z</time></trkpt>
<trkpt lat="30.62194496343243" lon="104.064871805906"><ele>496</ele><time>2025-08-27T13:28:44.000Z</time></trkpt>
<trkpt lat="30.62194496343243" lon="104.064871805906"><ele>495</ele><time>2025-08-27T13:28:45.000Z</time></trkpt>
<trkpt lat="30.62194496343243" lon="104.064871805906"><ele>495</ele><time>2025-08-27T13:28:46.000Z</time></trkpt>
<trkpt lat="30.62194496343243" lon="104.064871805906"><ele>495</ele><time>2025-08-27T13:28:47.000Z</time></trkpt>
<trkpt lat="30.62194496343243" lon="104.064871805906"><ele>495</ele><time>2025-08-27T13:28:48.000Z</time></trkpt>
<trkpt lat="30.62194496343243" lon="104.064871805906"><ele>495</ele><time>2025-08-27T13:28:49.000Z</time></trkpt>
<trkpt lat="30.62194496343243" lon="104.064871805906"><ele>495</ele><time>2025-08-27T13:28:50.000Z</time></trkpt>
<trkpt lat="30.62194496343243" lon="104.064871805906"><ele>495</ele><time>2025-08-27T13:28:51.000Z</time></trkpt>
<trkpt lat="30.62194496343243" lon="104.064871805906"><ele>495</ele><time>2025-08-27T13:28:52.000Z</time></trkpt>
<trkpt lat="30.62194496343243" lon="104.064871805906"><ele>497</ele><time>2025-08-27T13:28:53.000Z</time></trkpt>
<trkpt lat="30.62194496343243" lon="104.064871805906"><ele>497</ele><time>2025-08-27T13:28:54.000Z</time></trkpt>
<trkpt lat="30.62194496343243" lon="104.064871805906"><ele>497</ele><time>2025-08-27T13:28:55.000Z</time></trkpt>
<trkpt lat="30.62194496343243" lon="104.064871805906"><ele>497</ele><time>2025-08-27T13:28:56.000Z</time></trkpt>
<trkpt lat="30.62194496343243" lon="104.064871805906"><ele>496</ele><time>2025-08-27T13:28:57.000Z</time></trkpt>
<trkpt lat="30.62194496343243" lon="104.064871805906"><ele>496</ele><time>2025-08-27T13:28:58.000Z</time></trkpt>
<trkpt lat="30.62194496343243" lon="104.064871805906"><ele>496</ele><time>2025-08-27T13:28:59.000Z</time></trkpt>
<trkpt lat="30.62194496343243" lon="104.064871805906"><ele>496</ele><time>2025-08-27T13:29:00.000Z</time></trkpt>
<trkpt lat="30.62194496343243" lon="104.064871805906"><ele>496</ele><time>2025-08-27T13:29:01.000Z</time></trkpt>
<trkpt lat="30.62194496343243" lon="104.064871805906"><ele>496</ele><time>2025-08-27T13:29:02.000Z</time></trkpt>
<trkpt lat="30.62194496343243" lon="104.064871805906"><ele>496</ele><time>2025-08-27T13:29:03.000Z</time></trkpt>
<trkpt lat="30.62194496343243" lon="104.064871805906"><ele>496</ele><time>2025-08-27T13:29:04.000Z</time></trkpt>
<trkpt lat="30.62194496343243" lon="104.064871805906"><ele>496</ele><time>2025-08-27T13:29:05.000Z</time></trkpt>
<trkpt lat="30.62194496343243" lon="104.064871805906"><ele>496</ele><time>2025-08-27T13:29:06.000Z</time></trkpt>
<trkpt lat="30.62194496343243" lon="104.064871805906"><ele>496</ele><time>2025-08-27T13:29:07.000Z</time></trkpt>
<trkpt lat="30.62194496343243" lon="104.064871805906"><ele>496</ele><time>2025-08-27T13:29:08.000Z</time></trkpt>
<trkpt lat="30.62194496343243" lon="104.064871805906"><ele>496</ele><time>2025-08-27T13:29:09.000Z</time></trkpt>
<trkpt lat="30.62194496343243" lon="104.064871805906"><ele>496</ele><time>2025-08-27T13:29:10.000Z</time></trkpt>
<trkpt lat="30.62194496343243" lon="104.064871805906"><ele>495</ele><time>2025-08-27T13:29:11.000Z</time></trkpt>
<trkpt lat="30.62194496343243" lon="104.064871805906"><ele>495</ele><time>2025-08-27T13:29:12.000Z</time></trkpt>
<trkpt lat="30.62194496343243" lon="104.064871805906"><ele>495</ele><time>2025-08-27T13:29:13.000Z</time></trkpt>
<trkpt lat="30.62194496343243" lon="104.064871805906"><ele>495</ele><time>2025-08-27T13:29:14.000Z</time></trkpt>
<trkpt lat="30.62194496343243" lon="104.064871805906"><ele>495</ele><time>2025-08-27T13:29:15.000Z</time></trkpt>
<trkpt lat="30.62194496343243" lon="104.064871805906"><ele>495</ele><time>2025-08-27T13:29:16.000Z</time></trkpt>
<trkpt lat="30.62194496343243" lon="104.064871805906"><ele>495</ele><time>2025-08-27T13:29:17.000Z</time></trkpt>
<trkpt lat="30.62194496343243" lon="104.064871805906"><ele>495</ele><time>2025-08-27T13:29:18.000Z</time></trkpt>
<trkpt lat="30.62194496343243" lon="104.064871805906"><ele>496</ele><time>2025-08-27T13:29:19.000Z</time></trkpt>
<trkpt lat="30.62194496343243" lon="104.064871805906"><ele>496</ele><time>2025-08-27T13:29:20.000Z</time></trkpt>
<trkpt lat="30.62194496343243" lon="104.064871805906"><ele>497</ele><time>2025-08-27T13:29:21.000Z</time></trkpt>
<trkpt lat="30.62194496343243" lon="104.064871805906"><ele>496</ele><time>2025-08-27T13:29:22.000Z</time></trkpt>
<trkpt lat="30.62194496343243" lon="104.064871805906"><ele>496</ele><time>2025-08-27T13:29:23.000Z</time></trkpt>
<trkpt lat="30.62194496343243" lon="104.064871805906"><ele>496</ele><time>2025-08-27T13:29:24.000Z</time></trkpt>
<trkpt lat="30.62194496343243" lon="104.064871805906"><ele>498</ele><time>2025-08-27T13:29:25.000Z</time></trkpt>
<trkpt lat="30.62194496343243" lon="104.064871805906"><ele>497</ele><time>2025-08-27T13:29:26.000Z</time></trkpt>
<trkpt lat="30.62194496343243" lon="104.064871805906"><ele>498</ele><time>2025-08-27T13:29:27.000Z</time></trkpt>
<trkpt lat="30.62194496343243" lon="104.064871805906"><ele>498</ele><time>2025-08-27T13:29:28.000Z</time></trkpt>
<trkpt lat="30.62194496343243" lon="104.064871805906"><ele>498</ele><time>2025-08-27T13:29:29.000Z</time></trkpt>
<trkpt lat="30.62194496343243" lon="104.064871805906"><ele>498</ele><time>2025-08-27T13:29:30.000Z</time></trkpt>
<trkpt lat="30.62194496343243" lon="104.064871805906"><ele>498</ele><time>2025-08-27T13:29:31.000Z</time></trkpt>
<trkpt lat="30.62194496343243" lon="104.064871805906"><ele>499</ele><time>2025-08-27T13:29:32.000Z</time></trkpt>
<trkpt lat="30.62194496343243" lon="104.064871805906"><ele>498</ele><time>2025-08-27T13:29:33.000Z</time></trkpt>
<trkpt lat="30.62194496343243" lon="104.064871805906"><ele>499</ele><time>2025-08-27T13:29:34.000Z</time></trkpt>
<trkpt lat="30.62194496343243" lon="104.064871805906"><ele>499</ele><time>2025-08-27T13:29:35.000Z</time></trkpt>
<trkpt lat="30.62194496343243" lon="104.064871805906"><ele>499</ele><time>2025-08-27T13:29:36.000Z</time></trkpt>
<trkpt lat="30.62194496343243" lon="104.064871805906"><ele>499</ele><time>2025-08-27T13:29:37.000Z</time></trkpt>
<trkpt lat="30.62194496343243" lon="104.064871805906"><ele>499</ele><time>2025-08-27T13:29:38.000Z</time></trkpt>
<trkpt lat="30.62194496343243" lon="104.064871805906"><ele>499</ele><time>2025-08-27T13:29:39.000Z</time></trkpt>
<trkpt lat="30.62194496343243" lon="104.064871805906"><ele>498</ele><time>2025-08-27T13:29:40.000Z</time></trkpt>
<trkpt lat="30.62194496343243" lon="104.064871805906"><ele>498</ele><time>2025-08-27T13:29:41.000Z</time></trkpt>
<trkpt lat="30.62194496343243" lon="104.064871805906"><ele>498</ele><time>2025-08-27T13:29:42.000Z</time></trkpt>
<trkpt lat="30.62194496343243" lon="104.064871805906"><ele>498</ele><time>2025-08-27T13:29:43.000Z</time></trkpt>
<trkpt lat="30.62194496343243" lon="104.064871805906"><ele>498</ele><time>2025-08-27T13:29:44.000Z</time></trkpt>
<trkpt lat="30.62194496343243" lon="104.064871805906"><ele>498</ele><time>2025-08-27T13:29:45.000Z</time></trkpt>
<trkpt lat="30.62194496343243" lon="104.064871805906"><ele>497</ele><time>2025-08-27T13:29:46.000Z</time></trkpt>
<trkpt lat="30.62194496343243" lon="104.064871805906"><ele>496</ele><time>2025-08-27T13:29:47.000Z</time></trkpt>
<trkpt lat="30.62194496343243" lon="104.064871805906"><ele>496</ele><time>2025-08-27T13:29:48.000Z</time></trkpt>
<trkpt lat="30.62194496343243" lon="104.064871805906"><ele>496</ele><time>2025-08-27T13:29:49.000Z</time></trkpt>
<trkpt lat="30.62194496343243" lon="104.064871805906"><ele>496</ele><time>2025-08-27T13:29:50.000Z</time></trkpt>
<trkpt lat="30.62194496343243" lon="104.064871805906"><ele>485</ele><time>2025-08-27T13:29:51.000Z</time></trkpt>
<trkpt lat="30.62194496343243" lon="104.064871805906"><ele>485</ele><time>2025-08-27T13:29:52.000Z</time></trkpt>
<trkpt lat="30.62194496343243" lon="104.064871805906"><ele>485</ele><time>2025-08-27T13:29:53.000Z</time></trkpt>
<trkpt lat="30.62194496343243" lon="104.064871805906"><ele>485</ele><time>2025-08-27T13:29:54.000Z</time></trkpt>
<trkpt lat="30.62194496343243" lon="104.064871805906"><ele>485</ele><time>2025-08-27T13:29:55.000Z</time></trkpt>
<trkpt lat="30.62194496343243" lon="104.064871805906"><ele>485</ele><time>2025-08-27T13:29:56.000Z</time></trkpt>
<trkpt lat="30.62194496343243" lon="104.064871805906"><ele>485</ele><time>2025-08-27T13:29:57.000Z</time></trkpt>
<trkpt lat="30.62194496343243" lon="104.064871805906"><ele>485</ele><time>2025-08-27T13:29:58.000Z</time></trkpt>
<trkpt lat="30.62194496343243" lon="104.064871805906"><ele>485</ele><time>2025-08-27T13:29:59.000Z</time></trkpt>
<trkpt lat="30.62194496343243" lon="104.064871805906"><ele>485</ele><time>2025-08-27T13:30:00.000Z</time></trkpt>
<trkpt lat="30.62194496343243" lon="104.064871805906"><ele>484</ele><time>2025-08-27T13:30:01.000Z</time></trkpt>
<trkpt lat="30.62194496343243" lon="104.064871805906"><ele>485</ele><time>2025-08-27T13:30:02.000Z</time></trkpt>
<trkpt lat="30.62194496343243" lon="104.064871805906"><ele>485</ele><time>2025-08-27T13:30:03.000Z</time></trkpt>
<trkpt lat="30.62194496343243" lon="104.064871805906"><ele>485</ele><time>2025-08-27T13:30:04.000Z</time></trkpt>
<trkpt lat="30.62194496343243" lon="104.064871805906"><ele>485</ele><time>2025-08-27T13:30:05.000Z</time></trkpt>
<trkpt lat="30.62194496343243" lon="104.064871805906"><ele>485</ele><time>2025-08-27T13:30:06.000Z</time></trkpt>
<trkpt lat="30.62194496343243" lon="104.064871805906"><ele>485</ele><time>2025-08-27T13:30:07.000Z</time></trkpt>
<trkpt lat="30.62194496343243" lon="104.064871805906"><ele>485</ele><time>2025-08-27T13:30:08.000Z</time></trkpt>
<trkpt lat="30.62194496343243" lon="104.064871805906"><ele>484</ele><time>2025-08-27T13:30:09.000Z</time></trkpt>
<trkpt lat="30.62194496343243" lon="104.064871805906"><ele>498</ele><time>2025-08-27T13:30:10.000Z</time></trkpt>
<trkpt lat="30.62194496343243" lon="104.064871805906"><ele>498</ele><time>2025-08-27T13:30:11.000Z</time></trkpt>
<trkpt lat="30.62194496343243" lon="104.064871805906"><ele>498</ele><time>2025-08-27T13:30:12.000Z</time></trkpt>
<trkpt lat="30.62194496343243" lon="104.064871805906"><ele>497</ele><time>2025-08-27T13:30:13.000Z</time></trkpt>
<trkpt lat="30.62194496343243" lon="104.064871805906"><ele>496</ele><time>2025-08-27T13:30:14.000Z</time></trkpt>
<trkpt lat="30.62194496343243" lon="104.064871805906"><ele>496</ele><time>2025-08-27T13:30:15.000Z</time></trkpt>
<trkpt lat="30.62194496343243" lon="104.064871805906"><ele>496</ele><time>2025-08-27T13:30:16.000Z</time></trkpt>
<trkpt lat="30.62194496343243" lon="104.064871805906"><ele>496</ele><time>2025-08-27T13:30:17.000Z</time></trkpt>
<trkpt lat="30.62194496343243" lon="104.064871805906"><ele>496</ele><time>2025-08-27T13:30:18.000Z</time></trkpt>
<trkpt lat="30.62194496343243" lon="104.064871805906"><ele>496</ele><time>2025-08-27T13:30:19.000Z</time></trkpt>
<trkpt lat="30.62194496343243" lon="104.064871805906"><ele>495</ele><time>2025-08-27T13:30:20.000Z</time></trkpt>
<trkpt lat="30.62194496343243" lon="104.064871805906"><ele>495</ele><time>2025-08-27T13:30:21.000Z</time></trkpt>
<trkpt lat="30.62194496343243" lon="104.064871805906"><ele>496</ele><time>2025-08-27T13:30:22.000Z</time></trkpt>
<trkpt lat="30.62194496343243" lon="104.064871805906"><ele>496</ele><time>2025-08-27T13:30:23.000Z</time></trkpt>
<trkpt lat="30.62194496343243" lon="104.064871805906"><ele>496</ele><time>2025-08-27T13:30:24.000Z</time></trkpt>
<trkpt lat="30.62194496343243" lon="104.064871805906"><ele>496</ele><time>2025-08-27T13:30:25.000Z</time></trkpt>
<trkpt lat="30.62194496343243" lon="104.064871805906"><ele>495</ele><time>2025-08-27T13:30:26.000Z</time></trkpt>
<trkpt lat="30.62194496343243" lon="104.064871805906"><ele>494</ele><time>2025-08-27T13:30:27.000Z</time></trkpt>
<trkpt lat="30.62194496343243" lon="104.064871805906"><ele>494</ele><time>2025-08-27T13:30:28.000Z</time></trkpt>
<trkpt lat="30.62194496343243" lon="104.064871805906"><ele>493</ele><time>2025-08-27T13:30:29.000Z</time></trkpt>
<trkpt lat="30.62194496343243" lon="104.064871805906"><ele>493</ele><time>2025-08-27T13:30:30.000Z</time></trkpt>
<trkpt lat="30.62194496343243" lon="104.064871805906"><ele>493</ele><time>2025-08-27T13:30:31.000Z</time></trkpt>
<trkpt lat="30.62194496343243" lon="104.064871805906"><ele>493</ele><time>2025-08-27T13:30:32.000Z</time></trkpt>
<trkpt lat="30.62194496343243" lon="104.064871805906"><ele>494</ele><time>2025-08-27T13:30:33.000Z</time></trkpt>
<trkpt lat="30.62194496343243" lon="104.064871805906"><ele>493</ele><time>2025-08-27T13:30:34.000Z</time></trkpt>
<trkpt lat="30.62194496343243" lon="104.064871805906"><ele>492</ele><time>2025-08-27T13:30:35.000Z</time></trkpt>
<trkpt lat="30.62194496343243" lon="104.064871805906"><ele>492</ele><time>2025-08-27T13:30:36.000Z</time></trkpt>
<trkpt lat="30.62194496343243" lon="104.064871805906"><ele>492</ele><time>2025-08-27T13:30:37.000Z</time></trkpt>
<trkpt lat="30.62194496343243" lon="104.064871805906"><ele>491</ele><time>2025-08-27T13:30:38.000Z</time></trkpt>
<trkpt lat="30.62194496343243" lon="104.064871805906"><ele>492</ele><time>2025-08-27T13:30:39.000Z</time></trkpt>
<trkpt lat="30.62194496343243" lon="104.064871805906"><ele>492</ele><time>2025-08-27T13:30:40.000Z</time></trkpt>
<trkpt lat="30.62194496343243" lon="104.064871805906"><ele>492</ele><time>2025-08-27T13:30:41.000Z</time></trkpt>
<trkpt lat="30.62194496343243" lon="104.064871805906"><ele>492</ele><time>2025-08-27T13:30:42.000Z</time></trkpt>
<trkpt lat="30.62194496343243" lon="104.064871805906"><ele>491</ele><time>2025-08-27T13:30:43.000Z</time></trkpt>
<trkpt lat="30.62194496343243" lon="104.064871805906"><ele>492</ele><time>2025-08-27T13:30:44.000Z</time></trkpt>
<trkpt lat="30.62194496343243" lon="104.064871805906"><ele>491</ele><time>2025-08-27T13:30:45.000Z</time></trkpt>
<trkpt lat="30.62194496343243" lon="104.064871805906"><ele>491</ele><time>2025-08-27T13:30:46.000Z</time></trkpt>
<trkpt lat="30.62194496343243" lon="104.064871805906"><ele>491</ele><time>2025-08-27T13:30:47.000Z</time></trkpt>
<trkpt lat="30.62194496343243" lon="104.064871805906"><ele>491</ele><time>2025-08-27T13:30:48.000Z</time></trkpt>
<trkpt lat="30.62194496343243" lon="104.064871805906"><ele>492</ele><time>2025-08-27T13:30:49.000Z</time></trkpt>
<trkpt lat="30.62194496343243" lon="104.064871805906"><ele>491</ele><time>2025-08-27T13:30:50.000Z</time></trkpt>
<trkpt lat="30.62194496343243" lon="104.064871805906"><ele>492</ele><time>2025-08-27T13:30:51.000Z</time></trkpt>
<trkpt lat="30.62194496343243" lon="104.064871805906"><ele>491</ele><time>2025-08-27T13:30:52.000Z</time></trkpt>
<trkpt lat="30.62194496343243" lon="104.064871805906"><ele>492</ele><time>2025-08-27T13:30:53.000Z</time></trkpt>
<trkpt lat="30.62194496343243" lon="104.064871805906"><ele>492</ele><time>2025-08-27T13:30:54.000Z</time></trkpt>
<trkpt lat="30.62194496343243" lon="104.064871805906"><ele>492</ele><time>2025-08-27T13:30:55.000Z</time></trkpt>
<trkpt lat="30.62194496343243" lon="104.064871805906"><ele>492</ele><time>2025-08-27T13:30:56.000Z</time></trkpt>
<trkpt lat="30.62194496343243" lon="104.064871805906"><ele>492</ele><time>2025-08-27T13:30:57.000Z</time></trkpt>
<trkpt lat="30.62194496343243" lon="104.064871805906"><ele>492</ele><time>2025-08-27T13:30:58.000Z</time></trkpt>
<trkpt lat="30.62194496343243" lon="104.064871805906"><ele>491</ele><time>2025-08-27T13:30:59.000Z</time></trkpt>
<trkpt lat="30.62194496343243" lon="104.064871805906"><ele>490</ele><time>2025-08-27T13:31:00.000Z</time></trkpt>
<trkpt lat="30.62194496343243" lon="104.064871805906"><ele>491</ele><time>2025-08-27T13:31:01.000Z</time></trkpt>
<trkpt lat="30.62194496343243" lon="104.064871805906"><ele>492</ele><time>2025-08-27T13:31:02.000Z</time></trkpt>
<trkpt lat="30.62194496343243" lon="104.064871805906"><ele>492</ele><time>2025-08-27T13:31:03.000Z</time></trkpt>
<trkpt lat="30.62194496343243" lon="104.064871805906"><ele>492</ele><time>2025-08-27T13:31:04.000Z</time></trkpt>
<trkpt lat="30.62194496343243" lon="104.064871805906"><ele>493</ele><time>2025-08-27T13:31:05.000Z</time></trkpt>
<trkpt lat="30.62194496343243" lon="104.064871805906"><ele>493</ele><time>2025-08-27T13:31:06.000Z</time></trkpt>
<trkpt lat="30.62194496343243" lon="104.064871805906"><ele>494</ele><time>2025-08-27T13:31:07.000Z</time></trkpt>
<trkpt lat="30.62194496343243" lon="104.064871805906"><ele>495</ele><time>2025-08-27T13:31:08.000Z</time></trkpt>
<trkpt lat="30.62194496343243" lon="104.064871805906"><ele>496</ele><time>2025-08-27T13:31:09.000Z</time></trkpt>
<trkpt lat="30.62194496343243" lon="104.064871805906"><ele>495</ele><time>2025-08-27T13:31:10.000Z</time></trkpt>
<trkpt lat="30.62194496343243" lon="104.064871805906"><ele>495</ele><time>2025-08-27T13:31:11.000Z</time></trkpt>
<trkpt lat="30.62194496343243" lon="104.064871805906"><ele>496</ele><time>2025-08-27T13:31:12.000Z</time></trkpt>
<trkpt lat="30.62194496343243" lon="104.064871805906"><ele>497</ele><time>2025-08-27T13:31:13.000Z</time></trkpt>
<trkpt lat="30.62194496343243" lon="104.064871805906"><ele>497</ele><time>2025-08-27T13:31:14.000Z</time></trkpt>
<trkpt lat="30.62194496343243" lon="104.064871805906"><ele>499</ele><time>2025-08-27T13:31:15.000Z</time></trkpt>
<trkpt lat="30.62194496343243" lon="104.064871805906"><ele>499</ele><time>2025-08-27T13:31:16.000Z</time></trkpt>
<trkpt lat="30.62194496343243" lon="104.064871805906"><ele>499</ele><time>2025-08-27T13:31:17.000Z</time></trkpt>
<trkpt lat="30.62194496343243" lon="104.064871805906"><ele>499</ele><time>2025-08-27T13:31:18.000Z</time></trkpt>
<trkpt lat="30.62194496343243" lon="104.064871805906"><ele>499</ele><time>2025-08-27T13:31:19.000Z</time></trkpt>
<trkpt lat="30.62194496343243" lon="104.064871805906"><ele>500</ele><time>2025-08-27T13:31:20.000Z</time></trkpt>
<trkpt lat="30.62194496343243" lon="104.064871805906"><ele>500</ele><time>2025-08-27T13:31:21.000Z</time></trkpt>
<trkpt lat="30.62194496343243" lon="104.064871805906"><ele>500</ele><time>2025-08-27T13:31:22.000Z</time></trkpt>
<trkpt lat="30.62194496343243" lon="104.064871805906"><ele>501</ele><time>2025-08-27T13:31:23.000Z</time></trkpt>
<trkpt lat="30.62194496343243" lon="104.064871805906"><ele>501</ele><time>2025-08-27T13:31:24.000Z</time></trkpt>
<trkpt lat="30.62194496343243" lon="104.064871805906"><ele>502</ele><time>2025-08-27T13:31:25.000Z</time></trkpt>
<trkpt lat="30.62194496343243" lon="104.064871805906"><ele>502</ele><time>2025-08-27T13:31:26.000Z</time></trkpt>
<trkpt lat="30.62194496343243" lon="104.064871805906"><ele>502</ele><time>2025-08-27T13:31:27.000Z</time></trkpt>
<trkpt lat="30.62194496343243" lon="104.064871805906"><ele>502</ele><time>2025-08-27T13:31:28.000Z</time></trkpt>
<trkpt lat="30.62194496343243" lon="104.064871805906"><ele>501</ele><time>2025-08-27T13:31:29.000Z</time></trkpt>
<trkpt lat="30.62194496343243" lon="104.064871805906"><ele>502</ele><time>2025-08-27T13:31:30.000Z</time></trkpt>
<trkpt lat="30.62194496343243" lon="104.064871805906"><ele>502</ele><time>2025-08-27T13:31:31.000Z</time></trkpt>
<trkpt lat="30.62194496343243" lon="104.064871805906"><ele>502</ele><time>2025-08-27T13:31:32.000Z</time></trkpt>
<trkpt lat="30.62194496343243" lon="104.064871805906"><ele>502</ele><time>2025-08-27T13:31:33.000Z</time></trkpt>
<trkpt lat="30.62194496343243" lon="104.064871805906"><ele>502</ele><time>2025-08-27T13:31:34.000Z</time></trkpt>
<trkpt lat="30.62194496343243" lon="104.064871805906"><ele>502</ele><time>2025-08-27T13:31:35.000Z</time></trkpt>
<trkpt lat="30.62194496343243" lon="104.064871805906"><ele>502</ele><time>2025-08-27T13:31:36.000Z</time></trkpt>
<trkpt lat="30.62194496343243" lon="104.064871805906"><ele>500</ele><time>2025-08-27T13:31:37.000Z</time></trkpt>
<trkpt lat="30.62194496343243" lon="104.064871805906"><ele>500</ele><time>2025-08-27T13:31:38.000Z</time></trkpt>
<trkpt lat="30.62194496343243" lon="104.064871805906"><ele>501</ele><time>2025-08-27T13:31:39.000Z</time></trkpt>
<trkpt lat="30.62194496343243" lon="104.064871805906"><ele>501</ele><time>2025-08-27T13:31:40.000Z</time></trkpt>
<trkpt lat="30.62194496343243" lon="104.064871805906"><ele>500</ele><time>2025-08-27T13:31:41.000Z</time></trkpt>
<trkpt lat="30.62194496343243" lon="104.064871805906"><ele>500</ele><time>2025-08-27T13:31:42.000Z</time></trkpt>
<trkpt lat="30.62194496343243" lon="104.064871805906"><ele>500</ele><time>2025-08-27T13:31:43.000Z</time></trkpt>
<trkpt lat="30.62194496343243" lon="104.064871805906"><ele>500</ele><time>2025-08-27T13:31:44.000Z</time></trkpt>
<trkpt lat="30.62194496343243" lon="104.064871805906"><ele>500</ele><time>2025-08-27T13:31:45.000Z</time></trkpt>
<trkpt lat="30.62194496343243" lon="104.064871805906"><ele>500</ele><time>2025-08-27T13:31:46.000Z</time></trkpt>
<trkpt lat="30.62194496343243" lon="104.064871805906"><ele>500</ele><time>2025-08-27T13:31:47.000Z</time></trkpt>
<trkpt lat="30.62194496343243" lon="104.064871805906"><ele>500</ele><time>2025-08-27T13:31:48.000Z</time></trkpt>
<trkpt lat="30.62194496343243" lon="104.064871805906"><ele>500</ele><time>2025-08-27T13:31:49.000Z</time></trkpt>
<trkpt lat="30.62194496343243" lon="104.064871805906"><ele>501</ele><time>2025-08-27T13:31:50.000Z</time></trkpt>
<trkpt lat="30.62194496343243" lon="104.064871805906"><ele>500</ele><time>2025-08-27T13:31:51.000Z</time></trkpt>
<trkpt lat="30.62194496343243" lon="104.064871805906"><ele>500</ele><time>2025-08-27T13:31:52.000Z</time></trkpt>
<trkpt lat="30.62194496343243" lon="104.064871805906"><ele>501</ele><time>2025-08-27T13:31:53.000Z</time></trkpt>
<trkpt lat="30.62194496343243" lon="104.064871805906"><ele>501</ele><time>2025-08-27T13:31:54.000Z</time></trkpt>
<trkpt lat="30.62194496343243" lon="104.064871805906"><ele>501</ele><time>2025-08-27T13:31:55.000Z</time></trkpt>
<trkpt lat="30.62194496343243" lon="104.064871805906"><ele>500</ele><time>2025-08-27T13:31:56.000Z</time></trkpt>
<trkpt lat="30.62194496343243" lon="104.064871805906"><ele>499</ele><time>2025-08-27T13:31:57.000Z</time></trkpt>
<trkpt lat="30.62194496343243" lon="104.064871805906"><ele>499</ele><time>2025-08-27T13:31:58.000Z</time></trkpt>
<trkpt lat="30.62194496343243" lon="104.064871805906"><ele>499</ele><time>2025-08-27T13:31:59.000Z</time></trkpt>
<trkpt lat="30.62194496343243" lon="104.064871805906"><ele>498</ele><time>2025-08-27T13:32:00.000Z</time></trkpt>
<trkpt lat="30.62194496343243" lon="104.064871805906"><ele>498</ele><time>2025-08-27T13:32:01.000Z</time></trkpt>
<trkpt lat="30.62194496343243" lon="104.064871805906"><ele>498</ele><time>2025-08-27T13:32:02.000Z</time></trkpt>
<trkpt lat="30.62194496343243" lon="104.064871805906"><ele>500</ele><time>2025-08-27T13:32:03.000Z</time></trkpt>
<trkpt lat="30.62194496343243" lon="104.064871805906"><ele>500</ele><time>2025-08-27T13:32:04.000Z</time></trkpt>
<trkpt lat="30.62194496343243" lon="104.064871805906"><ele>499</ele><time>2025-08-27T13:32:05.000Z</time></trkpt>
<trkpt lat="30.62194496343243" lon="104.064871805906"><ele>499</ele><time>2025-08-27T13:32:06.000Z</time></trkpt>
<trkpt lat="30.62194496343243" lon="104.064871805906"><ele>499</ele><time>2025-08-27T13:32:07.000Z</time></trkpt>
<trkpt lat="30.62194496343243" lon="104.064871805906"><ele>499</ele><time>2025-08-27T13:32:08.000Z</time></trkpt>
<trkpt lat="30.62194496343243" lon="104.064871805906"><ele>499</ele><time>2025-08-27T13:32:09.000Z</time></trkpt>
<trkpt lat="30.62194496343243" lon="104.064871805906"><ele>498</ele><time>2025-08-27T13:32:10.000Z</time></trkpt>
<trkpt lat="30.62194496343243" lon="104.064871805906"><ele>499</ele><time>2025-08-27T13:32:11.000Z</time></trkpt>
<trkpt lat="30.62194496343243" lon="104.064871805906"><ele>498</ele><time>2025-08-27T13:32:12.000Z</time></trkpt>
<trkpt lat="30.62194496343243" lon="104.064871805906"><ele>498</ele><time>2025-08-27T13:32:13.000Z</time></trkpt>
<trkpt lat="30.62194496343243" lon="104.064871805906"><ele>498</ele><time>2025-08-27T13:32:14.000Z</time></trkpt>
<trkpt lat="30.62194496343243" lon="104.064871805906"><ele>498</ele><time>2025-08-27T13:32:15.000Z</time></trkpt>
<trkpt lat="30.62194496343243" lon="104.064871805906"><ele>498</ele><time>2025-08-27T13:32:16.000Z</time></trkpt>
<trkpt lat="30.62194496343243" lon="104.064871805906"><ele>498</ele><time>2025-08-27T13:32:17.000Z</time></trkpt>
<trkpt lat="30.62194496343243" lon="104.064871805906"><ele>497</ele><time>2025-08-27T13:32:18.000Z</time></trkpt>
<trkpt lat="30.62194496343243" lon="104.064871805906"><ele>497</ele><time>2025-08-27T13:32:19.000Z</time></trkpt>
<trkpt lat="30.62194496343243" lon="104.064871805906"><ele>497</ele><time>2025-08-27T13:32:20.000Z</time></trkpt>
<trkpt lat="30.62194496343243" lon="104.064871805906"><ele>496</ele><time>2025-08-27T13:32:21.000Z</time></trkpt>
<trkpt lat="30.62194496343243" lon="104.064871805906"><ele>496</ele><time>2025-08-27T13:32:22.000Z</time></trkpt>
<trkpt lat="30.62194496343243" lon="104.064871805906"><ele>496</ele><time>2025-08-27T13:32:23.000Z</time></trkpt>
<trkpt lat="30.62194496343243" lon="104.064871805906"><ele>496</ele><time>2025-08-27T13:32:24.000Z</time></trkpt>
<trkpt lat="30.62194496343243" lon="104.064871805906"><ele>496</ele><time>2025-08-27T13:32:25.000Z</time></trkpt>
<trkpt lat="30.62194496343243" lon="104.064871805906"><ele>496</ele><time>2025-08-27T13:32:26.000Z</time></trkpt>
<trkpt lat="30.62194496343243" lon="104.064871805906"><ele>496</ele><time>2025-08-27T13:32:27.000Z</time></trkpt>
<trkpt lat="30.62194496343243" lon="104.064871805906"><ele>496</ele><time>2025-08-27T13:32:28.000Z</time></trkpt>
<trkpt lat="30.62194496343243" lon="104.064871805906"><ele>497</ele><time>2025-08-27T13:32:29.000Z</time></trkpt>
<trkpt lat="30.62194496343243" lon="104.064871805906"><ele>497</ele><time>2025-08-27T13:32:30.000Z</time></trkpt>
<trkpt lat="30.62194496343243" lon="104.064871805906"><ele>498</ele><time>2025-08-27T13:32:31.000Z</time></trkpt>
<trkpt lat="30.62194496343243" lon="104.064871805906"><ele>499</ele><time>2025-08-27T13:32:32.000Z</time></trkpt>
<trkpt lat="30.62194496343243" lon="104.064871805906"><ele>499</ele><time>2025-08-27T13:32:33.000Z</time></trkpt>
<trkpt lat="30.62194496343243" lon="104.064871805906"><ele>498</ele><time>2025-08-27T13:32:34.000Z</time></trkpt>
<trkpt lat="30.62194496343243" lon="104.064871805906"><ele>498</ele><time>2025-08-27T13:32:35.000Z</time></trkpt>
<trkpt lat="30.62194496343243" lon="104.064871805906"><ele>499</ele><time>2025-08-27T13:32:36.000Z</time></trkpt>
<trkpt lat="30.62194496343243" lon="104.064871805906"><ele>498</ele><time>2025-08-27T13:32:37.000Z</time></trkpt>
<trkpt lat="30.62194496343243" lon="104.064871805906"><ele>498</ele><time>2025-08-27T13:32:38.000Z</time></trkpt>
<trkpt lat="30.62194496343243" lon="104.064871805906"><ele>499</ele><time>2025-08-27T13:32:39.000Z</time></trkpt>
<trkpt lat="30.62194496343243" lon="104.064871805906"><ele>499</ele><time>2025-08-27T13:32:40.000Z</time></trkpt>
<trkpt lat="30.62194496343243" lon="104.064871805906"><ele>498</ele><time>2025-08-27T13:32:41.000Z</time></trkpt>
<trkpt lat="30.62194496343243" lon="104.064871805906"><ele>498</ele><time>2025-08-27T13:32:42.000Z</time></trkpt>
<trkpt lat="30.62194496343243" lon="104.064871805906"><ele>498</ele><time>2025-08-27T13:32:43.000Z</time></trkpt>
<trkpt lat="30.62194496343243" lon="104.064871805906"><ele>498</ele><time>2025-08-27T13:32:44.000Z</time></trkpt>
<trkpt lat="30.62194496343243" lon="104.064871805906"><ele>497</ele><time>2025-08-27T13:32:45.000Z</time></trkpt>
<trkpt lat="30.62194496343243" lon="104.064871805906"><ele>497</ele><time>2025-08-27T13:32:46.000Z</time></trkpt>
<trkpt lat="30.62194496343243" lon="104.064871805906"><ele>498</ele><time>2025-08-27T13:32:47.000Z</time></trkpt>
<trkpt lat="30.62194496343243" lon="104.064871805906"><ele>497</ele><time>2025-08-27T13:32:48.000Z</time></trkpt>
<trkpt lat="30.62194496343243" lon="104.064871805906"><ele>498</ele><time>2025-08-27T13:32:49.000Z</time></trkpt>
<trkpt lat="30.62194496343243" lon="104.064871805906"><ele>499</ele><time>2025-08-27T13:32:50.000Z</time></trkpt>
<trkpt lat="30.62194496343243" lon="104.064871805906"><ele>499</ele><time>2025-08-27T13:32:51.000Z</time></trkpt>
<trkpt lat="30.62194496343243" lon="104.064871805906"><ele>498</ele><time>2025-08-27T13:32:52.000Z</time></trkpt>
<trkpt lat="30.62194496343243" lon="104.064871805906"><ele>498</ele><time>2025-08-27T13:32:53.000Z</time></trkpt>
<trkpt lat="30.62194496343243" lon="104.064871805906"><ele>498</ele><time>2025-08-27T13:32:54.000Z</time></trkpt>
<trkpt lat="30.62194496343243" lon="104.064871805906"><ele>498</ele><time>2025-08-27T13:32:55.000Z</time></trkpt>
<trkpt lat="30.62194496343243" lon="104.064871805906"><ele>498</ele><time>2025-08-27T13:32:56.000Z</time></trkpt>
<trkpt lat="30.62194496343243" lon="104.064871805906"><ele>498</ele><time>2025-08-27T13:32:57.000Z</time></trkpt>
<trkpt lat="30.62194496343243" lon="104.064871805906"><ele>498</ele><time>2025-08-27T13:32:58.000Z</time></trkpt>
<trkpt lat="30.62194496343243" lon="104.064871805906"><ele>497</ele><time>2025-08-27T13:32:59.000Z</time></trkpt>
<trkpt lat="30.62194496343243" lon="104.064871805906"><ele>497</ele><time>2025-08-27T13:33:00.000Z</time></trkpt>
<trkpt lat="30.62194496343243" lon="104.064871805906"><ele>497</ele><time>2025-08-27T13:33:01.000Z</time></trkpt>
<trkpt lat="30.62194496343243" lon="104.064871805906"><ele>498</ele><time>2025-08-27T13:33:02.000Z</time></trkpt>
<trkpt lat="30.62194496343243" lon="104.064871805906"><ele>499</ele><time>2025-08-27T13:33:03.000Z</time></trkpt>
<trkpt lat="30.62194496343243" lon="104.064871805906"><ele>500</ele><time>2025-08-27T13:33:04.000Z</time></trkpt>
<trkpt lat="30.62194496343243" lon="104.064871805906"><ele>500</ele><time>2025-08-27T13:33:05.000Z</time></trkpt>
<trkpt lat="30.62194496343243" lon="104.064871805906"><ele>500</ele><time>2025-08-27T13:33:06.000Z</time></trkpt>
<trkpt lat="30.62194496343243" lon="104.064871805906"><ele>500</ele><time>2025-08-27T13:33:07.000Z</time></trkpt>
<trkpt lat="30.62194496343243" lon="104.064871805906"><ele>500</ele><time>2025-08-27T13:33:08.000Z</time></trkpt>
<trkpt lat="30.62194496343243" lon="104.064871805906"><ele>500</ele><time>2025-08-27T13:33:09.000Z</time></trkpt>
<trkpt lat="30.62194496343243" lon="104.064871805906"><ele>500</ele><time>2025-08-27T13:33:10.000Z</time></trkpt>
<trkpt lat="30.62194496343243" lon="104.064871805906"><ele>499</ele><time>2025-08-27T13:33:11.000Z</time></trkpt>
<trkpt lat="30.62194496343243" lon="104.064871805906"><ele>499</ele><time>2025-08-27T13:33:12.000Z</time></trkpt>
<trkpt lat="30.62194496343243" lon="104.064871805906"><ele>499</ele><time>2025-08-27T13:33:13.000Z</time></trkpt>
<trkpt lat="30.62194496343243" lon="104.064871805906"><ele>499</ele><time>2025-08-27T13:33:14.000Z</time></trkpt>
<trkpt lat="30.62194496343243" lon="104.064871805906"><ele>499</ele><time>2025-08-27T13:33:15.000Z</time></trkpt>
<trkpt lat="30.62194496343243" lon="104.064871805906"><ele>499</ele><time>2025-08-27T13:33:16.000Z</time></trkpt>
<trkpt lat="30.62194496343243" lon="104.064871805906"><ele>499</ele><time>2025-08-27T13:33:17.000Z</time></trkpt>
<trkpt lat="30.62194496343243" lon="104.064871805906"><ele>499</ele><time>2025-08-27T13:33:18.000Z</time></trkpt>
<trkpt lat="30.62194496343243" lon="104.064871805906"><ele>498</ele><time>2025-08-27T13:33:19.000Z</time></trkpt>
<trkpt lat="30.62194496343243" lon="104.064871805906"><ele>498</ele><time>2025-08-27T13:33:20.000Z</time></trkpt>
<trkpt lat="30.62194496343243" lon="104.064871805906"><ele>498</ele><time>2025-08-27T13:33:21.000Z</time></trkpt>
<trkpt lat="30.62194496343243" lon="104.064871805906"><ele>498</ele><time>2025-08-27T13:33:22.000Z</time></trkpt>
<trkpt lat="30.62194496343243" lon="104.064871805906"><ele>498</ele><time>2025-08-27T13:33:23.000Z</time></trkpt>
<trkpt lat="30.62194496343243" lon="104.064871805906"><ele>497</ele><time>2025-08-27T13:33:24.000Z</time></trkpt>
<trkpt lat="30.62194496343243" lon="104.064871805906"><ele>497</ele><time>2025-08-27T13:33:25.000Z</time></trkpt>
<trkpt lat="30.62194496343243" lon="104.064871805906"><ele>497</ele><time>2025-08-27T13:33:26.000Z</time></trkpt>
<trkpt lat="30.62194496343243" lon="104.064871805906"><ele>497</ele><time>2025-08-27T13:33:27.000Z</time></trkpt>
<trkpt lat="30.62194496343243" lon="104.064871805906"><ele>497</ele><time>2025-08-27T13:33:28.000Z</time></trkpt>
<trkpt lat="30.62194496343243" lon="104.064871805906"><ele>496</ele><time>2025-08-27T13:33:29.000Z</time></trkpt>
<trkpt lat="30.62194496343243" lon="104.064871805906"><ele>495</ele><time>2025-08-27T13:33:30.000Z</time></trkpt>
<trkpt lat="30.62194496343243" lon="104.064871805906"><ele>495</ele><time>2025-08-27T13:33:31.000Z</time></trkpt>
<trkpt lat="30.62194496343243" lon="104.064871805906"><ele>495</ele><time>2025-08-27T13:33:32.000Z</time></trkpt>
<trkpt lat="30.62194496343243" lon="104.064871805906"><ele>495</ele><time>2025-08-27T13:33:33.000Z</time></trkpt>
<trkpt lat="30.62194496343243" lon="104.064871805906"><ele>495</ele><time>2025-08-27T13:33:34.000Z</time></trkpt>
<trkpt lat="30.62194496343243" lon="104.064871805906"><ele>495</ele><time>2025-08-27T13:33:35.000Z</time></trkpt>
<trkpt lat="30.62194496343243" lon="104.064871805906"><ele>494</ele><time>2025-08-27T13:33:36.000Z</time></trkpt>
<trkpt lat="30.62194496343243" lon="104.064871805906"><ele>494</ele><time>2025-08-27T13:33:37.000Z</time></trkpt>
<trkpt lat="30.62194496343243" lon="104.064871805906"><ele>494</ele><time>2025-08-27T13:33:38.000Z</time></trkpt>
<trkpt lat="30.62194496343243" lon="104.064871805906"><ele>494</ele><time>2025-08-27T13:33:39.000Z</time></trkpt>
<trkpt lat="30.62194496343243" lon="104.064871805906"><ele>495</ele><time>2025-08-27T13:33:40.000Z</time></trkpt>
<trkpt lat="30.62194496343243" lon="104.064871805906"><ele>494</ele><time>2025-08-27T13:33:41.000Z</time></trkpt>
<trkpt lat="30.62194496343243" lon="104.064871805906"><ele>494</ele><time>2025-08-27T13:33:42.000Z</time></trkpt>
<trkpt lat="30.62194496343243" lon="104.064871805906"><ele>494</ele><time>2025-08-27T13:33:43.000Z</time></trkpt>
<trkpt lat="30.62194496343243" lon="104.064871805906"><ele>494</ele><time>2025-08-27T13:33:44.000Z</time></trkpt>
<trkpt lat="30.62194496343243" lon="104.064871805906"><ele>494</ele><time>2025-08-27T13:33:45.000Z</time></trkpt>
<trkpt lat="30.62194496343243" lon="104.064871805906"><ele>494</ele><time>2025-08-27T13:33:46.000Z</time></trkpt>
<trkpt lat="30.62194496343243" lon="104.064871805906"><ele>494</ele><time>2025-08-27T13:33:47.000Z</time></trkpt>
<trkpt lat="30.62194496343243" lon="104.064871805906"><ele>494</ele><time>2025-08-27T13:33:48.000Z</time></trkpt>
<trkpt lat="30.62194496343243" lon="104.064871805906"><ele>494</ele><time>2025-08-27T13:33:49.000Z</time></trkpt>
<trkpt lat="30.62194496343243" lon="104.064871805906"><ele>494</ele><time>2025-08-27T13:33:50.000Z</time></trkpt>
<trkpt lat="30.62194496343243" lon="104.064871805906"><ele>494</ele><time>2025-08-27T13:33:51.000Z</time></trkpt>
<trkpt lat="30.62194496343243" lon="104.064871805906"><ele>494</ele><time>2025-08-27T13:33:52.000Z</time></trkpt>
<trkpt lat="30.62194496343243" lon="104.064871805906"><ele>494</ele><time>2025-08-27T13:33:53.000Z</time></trkpt>
<trkpt lat="30.62194496343243" lon="104.064871805906"><ele>493</ele><time>2025-08-27T13:33:54.000Z</time></trkpt>
<trkpt lat="30.62194496343243" lon="104.064871805906"><ele>494</ele><time>2025-08-27T13:33:55.000Z</time></trkpt>
<trkpt lat="30.62194496343243" lon="104.064871805906"><ele>493</ele><time>2025-08-27T13:33:56.000Z</time></trkpt>
<trkpt lat="30.62194496343243" lon="104.064871805906"><ele>492</ele><time>2025-08-27T13:33:57.000Z</time></trkpt>
<trkpt lat="30.62194496343243" lon="104.064871805906"><ele>492</ele><time>2025-08-27T13:33:58.000Z</time></trkpt>
<trkpt lat="30.62194496343243" lon="104.064871805906"><ele>493</ele><time>2025-08-27T13:33:59.000Z</time></trkpt>
<trkpt lat="30.62194496343243" lon="104.064871805906"><ele>492</ele><time>2025-08-27T13:34:00.000Z</time></trkpt>
<trkpt lat="30.62194496343243" lon="104.064871805906"><ele>493</ele><time>2025-08-27T13:34:01.000Z</time></trkpt>
<trkpt lat="30.62194496343243" lon="104.064871805906"><ele>493</ele><time>2025-08-27T13:34:02.000Z</time></trkpt>
<trkpt lat="30.62194496343243" lon="104.064871805906"><ele>492</ele><time>2025-08-27T13:34:03.000Z</time></trkpt>
<trkpt lat="30.62194496343243" lon="104.064871805906"><ele>492</ele><time>2025-08-27T13:34:04.000Z</time></trkpt>
<trkpt lat="30.62194496343243" lon="104.064871805906"><ele>492</ele><time>2025-08-27T13:34:05.000Z</time></trkpt>
<trkpt lat="30.62194496343243" lon="104.064871805906"><ele>492</ele><time>2025-08-27T13:34:06.000Z</time></trkpt>
<trkpt lat="30.62194496343243" lon="104.064871805906"><ele>492</ele><time>2025-08-27T13:34:07.000Z</time></trkpt>
<trkpt lat="30.62194496343243" lon="104.064871805906"><ele>491</ele><time>2025-08-27T13:34:08.000Z</time></trkpt>
<trkpt lat="30.62194496343243" lon="104.064871805906"><ele>492</ele><time>2025-08-27T13:34:09.000Z</time></trkpt>
<trkpt lat="30.62194496343243" lon="104.064871805906"><ele>492</ele><time>2025-08-27T13:34:10.000Z</time></trkpt>
<trkpt lat="30.62194496343243" lon="104.064871805906"><ele>491</ele><time>2025-08-27T13:34:11.000Z</time></trkpt>
<trkpt lat="30.62194496343243" lon="104.064871805906"><ele>492</ele><time>2025-08-27T13:34:12.000Z</time></trkpt>
<trkpt lat="30.62194496343243" lon="104.064871805906"><ele>492</ele><time>2025-08-27T13:34:13.000Z</time></trkpt>
<trkpt lat="30.62194496343243" lon="104.064871805906"><ele>492</ele><time>2025-08-27T13:34:14.000Z</time></trkpt>
<trkpt lat="30.62194496343243" lon="104.064871805906"><ele>492</ele><time>2025-08-27T13:34:15.000Z</time></trkpt>
<trkpt lat="30.62194496343243" lon="104.064871805906"><ele>492</ele><time>2025-08-27T13:34:16.000Z</time></trkpt>
<trkpt lat="30.62194496343243" lon="104.064871805906"><ele>492</ele><time>2025-08-27T13:34:17.000Z</time></trkpt>
<trkpt lat="30.62194496343243" lon="104.064871805906"><ele>493</ele><time>2025-08-27T13:34:18.000Z</time></trkpt>
<trkpt lat="30.62194496343243" lon="104.064871805906"><ele>492</ele><time>2025-08-27T13:34:19.000Z</time></trkpt>
<trkpt lat="30.62194496343243" lon="104.064871805906"><ele>492</ele><time>2025-08-27T13:34:20.000Z</time></trkpt>
<trkpt lat="30.62194496343243" lon="104.064871805906"><ele>493</ele><time>2025-08-27T13:34:21.000Z</time></trkpt>
<trkpt lat="30.62194496343243" lon="104.064871805906"><ele>492</ele><time>2025-08-27T13:34:22.000Z</time></trkpt>
<trkpt lat="30.62194496343243" lon="104.064871805906"><ele>492</ele><time>2025-08-27T13:34:23.000Z</time></trkpt>
<trkpt lat="30.62194496343243" lon="104.064871805906"><ele>493</ele><time>2025-08-27T13:34:24.000Z</time></trkpt>
<trkpt lat="30.62194496343243" lon="104.064871805906"><ele>492</ele><time>2025-08-27T13:34:25.000Z</time></trkpt>
<trkpt lat="30.62194496343243" lon="104.064871805906"><ele>492</ele><time>2025-08-27T13:34:26.000Z</time></trkpt>
<trkpt lat="30.62194496343243" lon="104.064871805906"><ele>492</ele><time>2025-08-27T13:34:27.000Z</time></trkpt>
<trkpt lat="30.62194496343243" lon="104.064871805906"><ele>492</ele><time>2025-08-27T13:34:28.000Z</time></trkpt>
<trkpt lat="30.62194496343243" lon="104.064871805906"><ele>493</ele><time>2025-08-27T13:34:29.000Z</time></trkpt>
<trkpt lat="30.62194496343243" lon="104.064871805906"><ele>492</ele><time>2025-08-27T13:34:30.000Z</time></trkpt>
<trkpt lat="30.62194496343243" lon="104.064871805906"><ele>492</ele><time>2025-08-27T13:34:31.000Z</time></trkpt>
<trkpt lat="30.62194496343243" lon="104.064871805906"><ele>492</ele><time>2025-08-27T13:34:32.000Z</time></trkpt>
<trkpt lat="30.62194496343243" lon="104.064871805906"><ele>492</ele><time>2025-08-27T13:34:33.000Z</time></trkpt>
<trkpt lat="30.62194496343243" lon="104.064871805906"><ele>493</ele><time>2025-08-27T13:34:34.000Z</time></trkpt>
<trkpt lat="30.62194496343243" lon="104.064871805906"><ele>493</ele><time>2025-08-27T13:34:35.000Z</time></trkpt>
<trkpt lat="30.62194496343243" lon="104.064871805906"><ele>493</ele><time>2025-08-27T13:34:36.000Z</time></trkpt>
<trkpt lat="30.62194496343243" lon="104.064871805906"><ele>493</ele><time>2025-08-27T13:34:37.000Z</time></trkpt>
<trkpt lat="30.62194496343243" lon="104.064871805906"><ele>493</ele><time>2025-08-27T13:34:38.000Z</time></trkpt>
<trkpt lat="30.62194496343243" lon="104.064871805906"><ele>493</ele><time>2025-08-27T13:34:39.000Z</time></trkpt>
<trkpt lat="30.62194496343243" lon="104.064871805906"><ele>494</ele><time>2025-08-27T13:34:40.000Z</time></trkpt>
<trkpt lat="30.62194496343243" lon="104.064871805906"><ele>494</ele><time>2025-08-27T13:34:41.000Z</time></trkpt>
<trkpt lat="30.62194496343243" lon="104.064871805906"><ele>495</ele><time>2025-08-27T13:34:42.000Z</time></trkpt>
<trkpt lat="30.62194496343243" lon="104.064871805906"><ele>495</ele><time>2025-08-27T13:34:43.000Z</time></trkpt>
<trkpt lat="30.62194496343243" lon="104.064871805906"><ele>495</ele><time>2025-08-27T13:34:44.000Z</time></trkpt>
<trkpt lat="30.62194496343243" lon="104.064871805906"><ele>495</ele><time>2025-08-27T13:34:45.000Z</time></trkpt>
<trkpt lat="30.62194496343243" lon="104.064871805906"><ele>495</ele><time>2025-08-27T13:34:46.000Z</time></trkpt>
<trkpt lat="30.62194496343243" lon="104.064871805906"><ele>495</ele><time>2025-08-27T13:34:47.000Z</time></trkpt>
<trkpt lat="30.62194496343243" lon="104.064871805906"><ele>495</ele><time>2025-08-27T13:34:48.000Z</time></trkpt>
<trkpt lat="30.62194496343243" lon="104.064871805906"><ele>495</ele><time>2025-08-27T13:34:49.000Z</time></trkpt>
<trkpt lat="30.62194496343243" lon="104.064871805906"><ele>495</ele><time>2025-08-27T13:34:50.000Z</time></trkpt>
<trkpt lat="30.62194496343243" lon="104.064871805906"><ele>495</ele><time>2025-08-27T13:34:51.000Z</time></trkpt>
<trkpt lat="30.62194496343243" lon="104.064871805906"><ele>495</ele><time>2025-08-27T13:34:52.000Z</time></trkpt>
<trkpt lat="30.62194496343243" lon="104.064871805906"><ele>495</ele><time>2025-08-27T13:34:53.000Z</time></trkpt>
<trkpt lat="30.62194496343243" lon="104.064871805906"><ele>495</ele><time>2025-08-27T13:34:54.000Z</time></trkpt>
<trkpt lat="30.62194496343243" lon="104.064871805906"><ele>494</ele><time>2025-08-27T13:34:55.000Z</time></trkpt>
<trkpt lat="30.62194496343243" lon="104.064871805906"><ele>495</ele><time>2025-08-27T13:34:56.000Z</time></trkpt>
<trkpt lat="30.62194496343243" lon="104.064871805906"><ele>494</ele><time>2025-08-27T13:34:57.000Z</time></trkpt>
<trkpt lat="30.62194496343243" lon="104.064871805906"><ele>494</ele><time>2025-08-27T13:34:58.000Z</time></trkpt>
<trkpt lat="30.62194496343243" lon="104.064871805906"><ele>495</ele><time>2025-08-27T13:34:59.000Z</time></trkpt>
<trkpt lat="30.62194496343243" lon="104.064871805906"><ele>494</ele><time>2025-08-27T13:35:00.000Z</time></trkpt>
<trkpt lat="30.62194496343243" lon="104.064871805906"><ele>494</ele><time>2025-08-27T13:35:01.000Z</time></trkpt>
<trkpt lat="30.62194496343243" lon="104.064871805906"><ele>494</ele><time>2025-08-27T13:35:02.000Z</time></trkpt>
<trkpt lat="30.62194496343243" lon="104.064871805906"><ele>493</ele><time>2025-08-27T13:35:03.000Z</time></trkpt>
<trkpt lat="30.62194496343243" lon="104.064871805906"><ele>494</ele><time>2025-08-27T13:35:04.000Z</time></trkpt>
<trkpt lat="30.62194496343243" lon="104.064871805906"><ele>494</ele><time>2025-08-27T13:35:05.000Z</time></trkpt>
<trkpt lat="30.62194496343243" lon="104.064871805906"><ele>494</ele><time>2025-08-27T13:35:06.000Z</time></trkpt>
<trkpt lat="30.62194496343243" lon="104.064871805906"><ele>494</ele><time>2025-08-27T13:35:07.000Z</time></trkpt>
<trkpt lat="30.62194496343243" lon="104.064871805906"><ele>494</ele><time>2025-08-27T13:35:08.000Z</time></trkpt>
<trkpt lat="30.62194496343243" lon="104.064871805906"><ele>493</ele><time>2025-08-27T13:35:09.000Z</time></trkpt>
<trkpt lat="30.62194496343243" lon="104.064871805906"><ele>494</ele><time>2025-08-27T13:35:10.000Z</time></trkpt>
<trkpt lat="30.62194496343243" lon="104.064871805906"><ele>494</ele><time>2025-08-27T13:35:11.000Z</time></trkpt>
<trkpt lat="30.62194496343243" lon="104.064871805906"><ele>494</ele><time>2025-08-27T13:35:12.000Z</time></trkpt>
<trkpt lat="30.62194496343243" lon="104.064871805906"><ele>493</ele><time>2025-08-27T13:35:13.000Z</time></trkpt>
<trkpt lat="30.62194496343243" lon="104.064871805906"><ele>494</ele><time>2025-08-27T13:35:14.000Z</time></trkpt>
<trkpt lat="30.62194496343243" lon="104.064871805906"><ele>493</ele><time>2025-08-27T13:35:15.000Z</time></trkpt>
<trkpt lat="30.62194496343243" lon="104.064871805906"><ele>493</ele><time>2025-08-27T13:35:16.000Z</time></trkpt>
<trkpt lat="30.62194496343243" lon="104.064871805906"><ele>493</ele><time>2025-08-27T13:35:17.000Z</time></trkpt>
<trkpt lat="30.62194496343243" lon="104.064871805906"><ele>494</ele><time>2025-08-27T13:35:18.000Z</time></trkpt>
<trkpt lat="30.62194496343243" lon="104.064871805906"><ele>495</ele><time>2025-08-27T13:35:19.000Z</time></trkpt>
<trkpt lat="30.62194496343243" lon="104.064871805906"><ele>495</ele><time>2025-08-27T13:35:20.000Z</time></trkpt>
<trkpt lat="30.62194496343243" lon="104.064871805906"><ele>494</ele><time>2025-08-27T13:35:21.000Z</time></trkpt>
<trkpt lat="30.62194496343243" lon="104.064871805906"><ele>494</ele><time>2025-08-27T13:35:22.000Z</time></trkpt>
<trkpt lat="30.62194496343243" lon="104.064871805906"><ele>494</ele><time>2025-08-27T13:35:23.000Z</time></trkpt>
<trkpt lat="30.62194496343243" lon="104.064871805906"><ele>494</ele><time>2025-08-27T13:35:24.000Z</time></trkpt>
<trkpt lat="30.62194496343243" lon="104.064871805906"><ele>493</ele><time>2025-08-27T13:35:25.000Z</time></trkpt>
<trkpt lat="30.62194496343243" lon="104.064871805906"><ele>493</ele><time>2025-08-27T13:35:26.000Z</time></trkpt>
<trkpt lat="30.62194496343243" lon="104.064871805906"><ele>494</ele><time>2025-08-27T13:35:27.000Z</time></trkpt>
<trkpt lat="30.62194496343243" lon="104.064871805906"><ele>494</ele><time>2025-08-27T13:35:28.000Z</time></trkpt>
<trkpt lat="30.62194496343243" lon="104.064871805906"><ele>494</ele><time>2025-08-27T13:35:29.000Z</time></trkpt>
<trkpt lat="30.62194496343243" lon="104.064871805906"><ele>494</ele><time>2025-08-27T13:35:30.000Z</time></trkpt>
<trkpt lat="30.62194496343243" lon="104.064871805906"><ele>494</ele><time>2025-08-27T13:35:31.000Z</time></trkpt>
<trkpt lat="30.62194496343243" lon="104.064871805906"><ele>494</ele><time>2025-08-27T13:35:32.000Z</time></trkpt>
<trkpt lat="30.62194496343243" lon="104.064871805906"><ele>494</ele><time>2025-08-27T13:35:33.000Z</time></trkpt>
<trkpt lat="30.62194496343243" lon="104.064871805906"><ele>493</ele><time>2025-08-27T13:35:34.000Z</time></trkpt>
<trkpt lat="30.62194496343243" lon="104.064871805906"><ele>493</ele><time>2025-08-27T13:35:35.000Z</time></trkpt>
<trkpt lat="30.62194496343243" lon="104.064871805906"><ele>494</ele><time>2025-08-27T13:35:36.000Z</time></trkpt>
<trkpt lat="30.62194496343243" lon="104.064871805906"><ele>494</ele><time>2025-08-27T13:35:37.000Z</time></trkpt>
<trkpt lat="30.62194496343243" lon="104.064871805906"><ele>494</ele><time>2025-08-27T13:35:38.000Z</time></trkpt>
<trkpt lat="30.62194496343243" lon="104.064871805906"><ele>494</ele><time>2025-08-27T13:35:39.000Z</time></trkpt>
<trkpt lat="30.62194496343243" lon="104.064871805906"><ele>494</ele><time>2025-08-27T13:35:40.000Z</time></trkpt>
<trkpt lat="30.62194496343243" lon="104.064871805906"><ele>494</ele><time>2025-08-27T13:35:41.000Z</time></trkpt>
<trkpt lat="30.62194496343243" lon="104.064871805906"><ele>495</ele><time>2025-08-27T13:35:42.000Z</time></trkpt>
<trkpt lat="30.62194496343243" lon="104.064871805906"><ele>495</ele><time>2025-08-27T13:35:43.000Z</time></trkpt>
<trkpt lat="30.62194496343243" lon="104.064871805906"><ele>495</ele><time>2025-08-27T13:35:44.000Z</time></trkpt>
<trkpt lat="30.62194496343243" lon="104.064871805906"><ele>495</ele><time>2025-08-27T13:35:45.000Z</time></trkpt>
<trkpt lat="30.62194496343243" lon="104.064871805906"><ele>495</ele><time>2025-08-27T13:35:46.000Z</time></trkpt>
<trkpt lat="30.62194496343243" lon="104.064871805906"><ele>494</ele><time>2025-08-27T13:35:47.000Z</time></trkpt>
<trkpt lat="30.62194496343243" lon="104.064871805906"><ele>494</ele><time>2025-08-27T13:35:48.000Z</time></trkpt>
<trkpt lat="30.62194496343243" lon="104.064871805906"><ele>494</ele><time>2025-08-27T13:35:49.000Z</time></trkpt>
<trkpt lat="30.62194496343243" lon="104.064871805906"><ele>494</ele><time>2025-08-27T13:35:50.000Z</time></trkpt>
<trkpt lat="30.62194496343243" lon="104.064871805906"><ele>494</ele><time>2025-08-27T13:35:51.000Z</time></trkpt>
<trkpt lat="30.62194496343243" lon="104.064871805906"><ele>493</ele><time>2025-08-27T13:35:52.000Z</time></trkpt>
<trkpt lat="30.62194496343243" lon="104.064871805906"><ele>494</ele><time>2025-08-27T13:35:53.000Z</time></trkpt>
<trkpt lat="30.62194496343243" lon="104.064871805906"><ele>494</ele><time>2025-08-27T13:35:54.000Z</time></trkpt>
<trkpt lat="30.62194496343243" lon="104.064871805906"><ele>495</ele><time>2025-08-27T13:35:55.000Z</time></trkpt>
<trkpt lat="30.62194496343243" lon="104.064871805906"><ele>495</ele><time>2025-08-27T13:35:56.000Z</time></trkpt>
<trkpt lat="30.62194496343243" lon="104.064871805906"><ele>495</ele><time>2025-08-27T13:35:57.000Z</time></trkpt>
<trkpt lat="30.62194496343243" lon="104.064871805906"><ele>496</ele><time>2025-08-27T13:35:58.000Z</time></trkpt>
<trkpt lat="30.62194496343243" lon="104.064871805906"><ele>496</ele><time>2025-08-27T13:35:59.000Z</time></trkpt>
<trkpt lat="30.62194496343243" lon="104.064871805906"><ele>497</ele><time>2025-08-27T13:36:00.000Z</time></trkpt>
<trkpt lat="30.62194496343243" lon="104.064871805906"><ele>497</ele><time>2025-08-27T13:36:01.000Z</time></trkpt>
<trkpt lat="30.62194496343243" lon="104.064871805906"><ele>497</ele><time>2025-08-27T13:36:02.000Z</time></trkpt>
<trkpt lat="30.62194496343243" lon="104.064871805906"><ele>498</ele><time>2025-08-27T13:36:03.000Z</time></trkpt>
<trkpt lat="30.62194496343243" lon="104.064871805906"><ele>498</ele><time>2025-08-27T13:36:04.000Z</time></trkpt>
<trkpt lat="30.62194496343243" lon="104.064871805906"><ele>498</ele><time>2025-08-27T13:36:05.000Z</time></trkpt>
<trkpt lat="30.62194496343243" lon="104.064871805906"><ele>498</ele><time>2025-08-27T13:36:06.000Z</time></trkpt>
<trkpt lat="30.62194496343243" lon="104.064871805906"><ele>499</ele><time>2025-08-27T13:36:07.000Z</time></trkpt>
<trkpt lat="30.62194496343243" lon="104.064871805906"><ele>499</ele><time>2025-08-27T13:36:08.000Z</time></trkpt>
<trkpt lat="30.62194496343243" lon="104.064871805906"><ele>499</ele><time>2025-08-27T13:36:09.000Z</time></trkpt>
<trkpt lat="30.62194496343243" lon="104.064871805906"><ele>498</ele><time>2025-08-27T13:36:10.000Z</time></trkpt>
<trkpt lat="30.62194496343243" lon="104.064871805906"><ele>499</ele><time>2025-08-27T13:36:11.000Z</time></trkpt>
<trkpt lat="30.62194496343243" lon="104.064871805906"><ele>498</ele><time>2025-08-27T13:36:12.000Z</time></trkpt>
<trkpt lat="30.62194496343243" lon="104.064871805906"><ele>498</ele><time>2025-08-27T13:36:13.000Z</time></trkpt>
<trkpt lat="30.62194496343243" lon="104.064871805906"><ele>498</ele><time>2025-08-27T13:36:14.000Z</time></trkpt>
<trkpt lat="30.62194496343243" lon="104.064871805906"><ele>497</ele><time>2025-08-27T13:36:15.000Z</time></trkpt>
<trkpt lat="30.62194496343243" lon="104.064871805906"><ele>496</ele><time>2025-08-27T13:36:16.000Z</time></trkpt>
<trkpt lat="30.62194496343243" lon="104.064871805906"><ele>495</ele><time>2025-08-27T13:36:17.000Z</time></trkpt>
<trkpt lat="30.62194496343243" lon="104.064871805906"><ele>495</ele><time>2025-08-27T13:36:18.000Z</time></trkpt>
<trkpt lat="30.62194496343243" lon="104.064871805906"><ele>495</ele><time>2025-08-27T13:36:19.000Z</time></trkpt>
<trkpt lat="30.62194496343243" lon="104.064871805906"><ele>495</ele><time>2025-08-27T13:36:20.000Z</time></trkpt>
<trkpt lat="30.62194496343243" lon="104.064871805906"><ele>495</ele><time>2025-08-27T13:36:21.000Z</time></trkpt>
<trkpt lat="30.62194496343243" lon="104.064871805906"><ele>493</ele><time>2025-08-27T13:36:22.000Z</time></trkpt>
<trkpt lat="30.62194496343243" lon="104.064871805906"><ele>493</ele><time>2025-08-27T13:36:23.000Z</time></trkpt>
<trkpt lat="30.62194496343243" lon="104.064871805906"><ele>493</ele><time>2025-08-27T13:36:24.000Z</time></trkpt>
<trkpt lat="30.62194496343243" lon="104.064871805906"><ele>492</ele><time>2025-08-27T13:36:25.000Z</time></trkpt>
<trkpt lat="30.62194496343243" lon="104.064871805906"><ele>492</ele><time>2025-08-27T13:36:26.000Z</time></trkpt>
<trkpt lat="30.62194496343243" lon="104.064871805906"><ele>491</ele><time>2025-08-27T13:36:27.000Z</time></trkpt>
<trkpt lat="30.62194496343243" lon="104.064871805906"><ele>491</ele><time>2025-08-27T13:36:28.000Z</time></trkpt>
<trkpt lat="30.62194496343243" lon="104.064871805906"><ele>491</ele><time>2025-08-27T13:36:29.000Z</time></trkpt>
<trkpt lat="30.62194496343243" lon="104.064871805906"><ele>491</ele><time>2025-08-27T13:36:30.000Z</time></trkpt>
<trkpt lat="30.62194496343243" lon="104.064871805906"><ele>490</ele><time>2025-08-27T13:36:31.000Z</time></trkpt>
<trkpt lat="30.62194496343243" lon="104.064871805906"><ele>490</ele><time>2025-08-27T13:36:32.000Z</time></trkpt>
<trkpt lat="30.62194496343243" lon="104.064871805906"><ele>490</ele><time>2025-08-27T13:36:33.000Z</time></trkpt>
<trkpt lat="30.62194496343243" lon="104.064871805906"><ele>490</ele><time>2025-08-27T13:36:34.000Z</time></trkpt>
<trkpt lat="30.62194496343243" lon="104.064871805906"><ele>490</ele><time>2025-08-27T13:36:35.000Z</time></trkpt>
<trkpt lat="30.62194496343243" lon="104.064871805906"><ele>490</ele><time>2025-08-27T13:36:37.000Z</time></trkpt>
<trkpt lat="30.62194496343243" lon="104.064871805906"><ele>490</ele><time>2025-08-27T13:36:37.000Z</time></trkpt>
<trkpt lat="30.62194496343243" lon="104.064871805906"><ele>490</ele><time>2025-08-27T13:36:38.000Z</time></trkpt>
<trkpt lat="30.62194496343243" lon="104.064871805906"><ele>490</ele><time>2025-08-27T13:36:39.000Z</time></trkpt>
<trkpt lat="30.62194496343243" lon="104.064871805906"><ele>490</ele><time>2025-08-27T13:36:40.000Z</time></trkpt>
<trkpt lat="30.62194496343243" lon="104.064871805906"><ele>490</ele><time>2025-08-27T13:36:41.000Z</time></trkpt>
<trkpt lat="30.62194496343243" lon="104.064871805906"><ele>490</ele><time>2025-08-27T13:36:42.000Z</time></trkpt>
<trkpt lat="30.62194496343243" lon="104.064871805906"><ele>490</ele><time>2025-08-27T13:36:43.000Z</time></trkpt>
<trkpt lat="30.62194496343243" lon="104.064871805906"><ele>491</ele><time>2025-08-27T13:36:44.000Z</time></trkpt>
<trkpt lat="30.62194496343243" lon="104.064871805906"><ele>491</ele><time>2025-08-27T13:36:45.000Z</time></trkpt>
<trkpt lat="30.62194496343243" lon="104.064871805906"><ele>491</ele><time>2025-08-27T13:36:46.000Z</time></trkpt>
<trkpt lat="30.62194496343243" lon="104.064871805906"><ele>491</ele><time>2025-08-27T13:36:47.000Z</time></trkpt>
<trkpt lat="30.62194496343243" lon="104.064871805906"><ele>491</ele><time>2025-08-27T13:36:48.000Z</time></trkpt>
<trkpt lat="30.62194496343243" lon="104.064871805906"><ele>491</ele><time>2025-08-27T13:36:49.000Z</time></trkpt>
<trkpt lat="30.62194496343243" lon="104.064871805906"><ele>492</ele><time>2025-08-27T13:36:50.000Z</time></trkpt>
<trkpt lat="30.62194496343243" lon="104.064871805906"><ele>492</ele><time>2025-08-27T13:36:51.000Z</time></trkpt>
<trkpt lat="30.62194496343243" lon="104.064871805906"><ele>493</ele><time>2025-08-27T13:36:52.000Z</time></trkpt>
<trkpt lat="30.62194496343243" lon="104.064871805906"><ele>493</ele><time>2025-08-27T13:36:53.000Z</time></trkpt>
<trkpt lat="30.62194496343243" lon="104.064871805906"><ele>493</ele><time>2025-08-27T13:36:54.000Z</time></trkpt>
<trkpt lat="30.62194496343243" lon="104.064871805906"><ele>493</ele><time>2025-08-27T13:36:55.000Z</time></trkpt>
<trkpt lat="30.62194496343243" lon="104.064871805906"><ele>493</ele><time>2025-08-27T13:36:56.000Z</time></trkpt>
<trkpt lat="30.62194496343243" lon="104.064871805906"><ele>493</ele><time>2025-08-27T13:36:57.000Z</time></trkpt>
<trkpt lat="30.62194496343243" lon="104.064871805906"><ele>493</ele><time>2025-08-27T13:36:58.000Z</time></trkpt>
<trkpt lat="30.62194496343243" lon="104.064871805906"><ele>493</ele><time>2025-08-27T13:36:59.000Z</time></trkpt>
<trkpt lat="30.62194496343243" lon="104.064871805906"><ele>493</ele><time>2025-08-27T13:37:00.000Z</time></trkpt>
<trkpt lat="30.62194496343243" lon="104.064871805906"><ele>494</ele><time>2025-08-27T13:37:01.000Z</time></trkpt>
<trkpt lat="30.62194496343243" lon="104.064871805906"><ele>494</ele><time>2025-08-27T13:37:02.000Z</time></trkpt>
<trkpt lat="30.62194496343243" lon="104.064871805906"><ele>494</ele><time>2025-08-27T13:37:03.000Z</time></trkpt>
<trkpt lat="30.62194496343243" lon="104.064871805906"><ele>494</ele><time>2025-08-27T13:37:04.000Z</time></trkpt>
<trkpt lat="30.62194496343243" lon="104.064871805906"><ele>494</ele><time>2025-08-27T13:37:05.000Z</time></trkpt>
<trkpt lat="30.62194496343243" lon="104.064871805906"><ele>494</ele><time>2025-08-27T13:37:06.000Z</time></trkpt>
<trkpt lat="30.62194496343243" lon="104.064871805906"><ele>494</ele><time>2025-08-27T13:37:07.000Z</time></trkpt>
<trkpt lat="30.62194496343243" lon="104.064871805906"><ele>494</ele><time>2025-08-27T13:37:08.000Z</time></trkpt>
<trkpt lat="30.62194496343243" lon="104.064871805906"><ele>494</ele><time>2025-08-27T13:37:09.000Z</time></trkpt>
<trkpt lat="30.62194496343243" lon="104.064871805906"><ele>494</ele><time>2025-08-27T13:37:10.000Z</time></trkpt>
<trkpt lat="30.62194496343243" lon="104.064871805906"><ele>494</ele><time>2025-08-27T13:37:11.000Z</time></trkpt>
<trkpt lat="30.62194496343243" lon="104.064871805906"><ele>495</ele><time>2025-08-27T13:37:12.000Z</time></trkpt>
<trkpt lat="30.62194496343243" lon="104.064871805906"><ele>495</ele><time>2025-08-27T13:37:13.000Z</time></trkpt>
<trkpt lat="30.62194496343243" lon="104.064871805906"><ele>495</ele><time>2025-08-27T13:37:14.000Z</time></trkpt>
<trkpt lat="30.62194496343243" lon="104.064871805906"><ele>494</ele><time>2025-08-27T13:37:15.000Z</time></trkpt>
<trkpt lat="30.62194496343243" lon="104.064871805906"><ele>493</ele><time>2025-08-27T13:37:16.000Z</time></trkpt>
<trkpt lat="30.62194496343243" lon="104.064871805906"><ele>493</ele><time>2025-08-27T13:37:17.000Z</time></trkpt>
<trkpt lat="30.62194496343243" lon="104.064871805906"><ele>492</ele><time>2025-08-27T13:37:18.000Z</time></trkpt>
<trkpt lat="30.62194496343243" lon="104.064871805906"><ele>492</ele><time>2025-08-27T13:37:19.000Z</time></trkpt>
<trkpt lat="30.62194496343243" lon="104.064871805906"><ele>492</ele><time>2025-08-27T13:37:20.000Z</time></trkpt>
<trkpt lat="30.62194496343243" lon="104.064871805906"><ele>492</ele><time>2025-08-27T13:37:21.000Z</time></trkpt>
<trkpt lat="30.62194496343243" lon="104.064871805906"><ele>492</ele><time>2025-08-27T13:37:22.000Z</time></trkpt>
<trkpt lat="30.62194496343243" lon="104.064871805906"><ele>492</ele><time>2025-08-27T13:37:23.000Z</time></trkpt>
<trkpt lat="30.62194496343243" lon="104.064871805906"><ele>492</ele><time>2025-08-27T13:37:24.000Z</time></trkpt>
<trkpt lat="30.62194496343243" lon="104.064871805906"><ele>491</ele><time>2025-08-27T13:37:25.000Z</time></trkpt>
<trkpt lat="30.62194496343243" lon="104.064871805906"><ele>491</ele><time>2025-08-27T13:37:26.000Z</time></trkpt>
<trkpt lat="30.62194496343243" lon="104.064871805906"><ele>491</ele><time>2025-08-27T13:37:27.000Z</time></trkpt>
<trkpt lat="30.62194496343243" lon="104.064871805906"><ele>491</ele><time>2025-08-27T13:37:28.000Z</time></trkpt>
<trkpt lat="30.62194496343243" lon="104.064871805906"><ele>491</ele><time>2025-08-27T13:37:29.000Z</time></trkpt>
<trkpt lat="30.62194496343243" lon="104.064871805906"><ele>491</ele><time>2025-08-27T13:37:30.000Z</time></trkpt>
<trkpt lat="30.62194496343243" lon="104.064871805906"><ele>491</ele><time>2025-08-27T13:37:31.000Z</time></trkpt>
<trkpt lat="30.62194496343243" lon="104.064871805906"><ele>491</ele><time>2025-08-27T13:37:32.000Z</time></trkpt>
<trkpt lat="30.62194496343243" lon="104.064871805906"><ele>491</ele><time>2025-08-27T13:37:33.000Z</time></trkpt>
<trkpt lat="30.62194496343243" lon="104.064871805906"><ele>490</ele><time>2025-08-27T13:37:34.000Z</time></trkpt>
<trkpt lat="30.62194496343243" lon="104.064871805906"><ele>491</ele><time>2025-08-27T13:37:35.000Z</time></trkpt>
<trkpt lat="30.62194496343243" lon="104.064871805906"><ele>490</ele><time>2025-08-27T13:37:36.000Z</time></trkpt>
<trkpt lat="30.62194496343243" lon="104.064871805906"><ele>490</ele><time>2025-08-27T13:37:37.000Z</time></trkpt>
<trkpt lat="30.62194496343243" lon="104.064871805906"><ele>490</ele><time>2025-08-27T13:37:38.000Z</time></trkpt>
<trkpt lat="30.62194496343243" lon="104.064871805906"><ele>490</ele><time>2025-08-27T13:37:39.000Z</time></trkpt>
<trkpt lat="30.62194496343243" lon="104.064871805906"><ele>490</ele><time>2025-08-27T13:37:40.000Z</time></trkpt>
<trkpt lat="30.62194496343243" lon="104.064871805906"><ele>490</ele><time>2025-08-27T13:37:41.000Z</time></trkpt>
<trkpt lat="30.62194496343243" lon="104.064871805906"><ele>490</ele><time>2025-08-27T13:37:42.000Z</time></trkpt>
<trkpt lat="30.62194496343243" lon="104.064871805906"><ele>489</ele><time>2025-08-27T13:37:43.000Z</time></trkpt>
<trkpt lat="30.62194496343243" lon="104.064871805906"><ele>489</ele><time>2025-08-27T13:37:44.000Z</time></trkpt>
<trkpt lat="30.62194496343243" lon="104.064871805906"><ele>489</ele><time>2025-08-27T13:37:45.000Z</time></trkpt>
<trkpt lat="30.62194496343243" lon="104.064871805906"><ele>489</ele><time>2025-08-27T13:37:46.000Z</time></trkpt>
<trkpt lat="30.62194496343243" lon="104.064871805906"><ele>489</ele><time>2025-08-27T13:37:47.000Z</time></trkpt>
<trkpt lat="30.62194496343243" lon="104.064871805906"><ele>489</ele><time>2025-08-27T13:37:48.000Z</time></trkpt>
<trkpt lat="30.62194496343243" lon="104.064871805906"><ele>489</ele><time>2025-08-27T13:37:49.000Z</time></trkpt>
<trkpt lat="30.62194496343243" lon="104.064871805906"><ele>489</ele><time>2025-08-27T13:37:50.000Z</time></trkpt>
<trkpt lat="30.62194496343243" lon="104.064871805906"><ele>489</ele><time>2025-08-27T13:37:51.000Z</time></trkpt>
<trkpt lat="30.62194496343243" lon="104.064871805906"><ele>489</ele><time>2025-08-27T13:37:52.000Z</time></trkpt>
<trkpt lat="30.62194496343243" lon="104.064871805906"><ele>489</ele><time>2025-08-27T13:37:53.000Z</time></trkpt>
<trkpt lat="30.62194496343243" lon="104.064871805906"><ele>489</ele><time>2025-08-27T13:37:54.000Z</time></trkpt>
<trkpt lat="30.62194496343243" lon="104.064871805906"><ele>489</ele><time>2025-08-27T13:37:55.000Z</time></trkpt>
<trkpt lat="30.62194496343243" lon="104.064871805906"><ele>489</ele><time>2025-08-27T13:37:56.000Z</time></trkpt>
<trkpt lat="30.62194496343243" lon="104.064871805906"><ele>489</ele><time>2025-08-27T13:37:57.000Z</time></trkpt>
<trkpt lat="30.62194496343243" lon="104.064871805906"><ele>489</ele><time>2025-08-27T13:37:58.000Z</time></trkpt>
<trkpt lat="30.62194496343243" lon="104.064871805906"><ele>489</ele><time>2025-08-27T13:37:59.000Z</time></trkpt>
<trkpt lat="30.62194496343243" lon="104.064871805906"><ele>490</ele><time>2025-08-27T13:38:00.000Z</time></trkpt>
<trkpt lat="30.62194496343243" lon="104.064871805906"><ele>490</ele><time>2025-08-27T13:38:01.000Z</time></trkpt>
<trkpt lat="30.62194496343243" lon="104.064871805906"><ele>490</ele><time>2025-08-27T13:38:02.000Z</time></trkpt>
<trkpt lat="30.62194496343243" lon="104.064871805906"><ele>490</ele><time>2025-08-27T13:38:03.000Z</time></trkpt>
<trkpt lat="30.62194496343243" lon="104.064871805906"><ele>490</ele><time>2025-08-27T13:38:04.000Z</time></trkpt>
<trkpt lat="30.62194496343243" lon="104.064871805906"><ele>491</ele><time>2025-08-27T13:38:05.000Z</time></trkpt>
<trkpt lat="30.62194496343243" lon="104.064871805906"><ele>491</ele><time>2025-08-27T13:38:06.000Z</time></trkpt>
<trkpt lat="30.62194496343243" lon="104.064871805906"><ele>491</ele><time>2025-08-27T13:38:07.000Z</time></trkpt>
<trkpt lat="30.62194496343243" lon="104.064871805906"><ele>491</ele><time>2025-08-27T13:38:08.000Z</time></trkpt>
<trkpt lat="30.62194496343243" lon="104.064871805906"><ele>492</ele><time>2025-08-27T13:38:09.000Z</time></trkpt>
<trkpt lat="30.62194496343243" lon="104.064871805906"><ele>492</ele><time>2025-08-27T13:38:10.000Z</time></trkpt>
<trkpt lat="30.62194496343243" lon="104.064871805906"><ele>492</ele><time>2025-08-27T13:38:11.000Z</time></trkpt>
<trkpt lat="30.62194496343243" lon="104.064871805906"><ele>493</ele><time>2025-08-27T13:38:12.000Z</time></trkpt>
<trkpt lat="30.62194496343243" lon="104.064871805906"><ele>492</ele><time>2025-08-27T13:38:13.000Z</time></trkpt>
<trkpt lat="30.62194496343243" lon="104.064871805906"><ele>493</ele><time>2025-08-27T13:38:14.000Z</time></trkpt>
<trkpt lat="30.62194496343243" lon="104.064871805906"><ele>494</ele><time>2025-08-27T13:38:15.000Z</time></trkpt>
<trkpt lat="30.62194496343243" lon="104.064871805906"><ele>493</ele><time>2025-08-27T13:38:16.000Z</time></trkpt>
<trkpt lat="30.62194496343243" lon="104.064871805906"><ele>494</ele><time>2025-08-27T13:38:17.000Z</time></trkpt>
<trkpt lat="30.62194496343243" lon="104.064871805906"><ele>494</ele><time>2025-08-27T13:38:18.000Z</time></trkpt>
<trkpt lat="30.62194496343243" lon="104.064871805906"><ele>494</ele><time>2025-08-27T13:38:19.000Z</time></trkpt>
<trkpt lat="30.62194496343243" lon="104.064871805906"><ele>493</ele><time>2025-08-27T13:38:20.000Z</time></trkpt>
<trkpt lat="30.62194496343243" lon="104.064871805906"><ele>493</ele><time>2025-08-27T13:38:21.000Z</time></trkpt>
<trkpt lat="30.62194496343243" lon="104.064871805906"><ele>493</ele><time>2025-08-27T13:38:22.000Z</time></trkpt>
<trkpt lat="30.62194496343243" lon="104.064871805906"><ele>493</ele><time>2025-08-27T13:38:23.000Z</time></trkpt>
<trkpt lat="30.62194496343243" lon="104.064871805906"><ele>493</ele><time>2025-08-27T13:38:24.000Z</time></trkpt>
<trkpt lat="30.62194496343243" lon="104.064871805906"><ele>492</ele><time>2025-08-27T13:38:25.000Z</time></trkpt>
<trkpt lat="30.62194496343243" lon="104.064871805906"><ele>493</ele><time>2025-08-27T13:38:26.000Z</time></trkpt>
<trkpt lat="30.62194496343243" lon="104.064871805906"><ele>493</ele><time>2025-08-27T13:38:27.000Z</time></trkpt>
<trkpt lat="30.62194496343243" lon="104.064871805906"><ele>493</ele><time>2025-08-27T13:38:28.000Z</time></trkpt>
<trkpt lat="30.62194496343243" lon="104.064871805906"><ele>493</ele><time>2025-08-27T13:38:29.000Z</time></trkpt>
<trkpt lat="30.62194496343243" lon="104.064871805906"><ele>493</ele><time>2025-08-27T13:38:30.000Z</time></trkpt>
<trkpt lat="30.62194496343243" lon="104.064871805906"><ele>492</ele><time>2025-08-27T13:38:31.000Z</time></trkpt>
<trkpt lat="30.62194496343243" lon="104.064871805906"><ele>492</ele><time>2025-08-27T13:38:32.000Z</time></trkpt>
<trkpt lat="30.62194496343243" lon="104.064871805906"><ele>492</ele><time>2025-08-27T13:38:33.000Z</time></trkpt>
<trkpt lat="30.62194496343243" lon="104.064871805906"><ele>492</ele><time>2025-08-27T13:38:34.000Z</time></trkpt>
<trkpt lat="30.62194496343243" lon="104.064871805906"><ele>492</ele><time>2025-08-27T13:38:35.000Z</time></trkpt>
<trkpt lat="30.62194496343243" lon="104.064871805906"><ele>492</ele><time>2025-08-27T13:38:36.000Z</time></trkpt>
<trkpt lat="30.62194496343243" lon="104.064871805906"><ele>492</ele><time>2025-08-27T13:38:37.000Z</time></trkpt>
<trkpt lat="30.62194496343243" lon="104.064871805906"><ele>492</ele><time>2025-08-27T13:38:38.000Z</time></trkpt>
<trkpt lat="30.62194496343243" lon="104.064871805906"><ele>492</ele><time>2025-08-27T13:38:39.000Z</time></trkpt>
<trkpt lat="30.62194496343243" lon="104.064871805906"><ele>492</ele><time>2025-08-27T13:38:40.000Z</time></trkpt>
<trkpt lat="30.62194496343243" lon="104.064871805906"><ele>492</ele><time>2025-08-27T13:38:41.000Z</time></trkpt>
<trkpt lat="30.62194496343243" lon="104.064871805906"><ele>491</ele><time>2025-08-27T13:38:42.000Z</time></trkpt>
<trkpt lat="30.62194496343243" lon="104.064871805906"><ele>492</ele><time>2025-08-27T13:38:43.000Z</time></trkpt>
<trkpt lat="30.62194496343243" lon="104.064871805906"><ele>492</ele><time>2025-08-27T13:38:44.000Z</time></trkpt>
<trkpt lat="30.62194496343243" lon="104.064871805906"><ele>491</ele><time>2025-08-27T13:38:45.000Z</time></trkpt>
<trkpt lat="30.62194496343243" lon="104.064871805906"><ele>492</ele><time>2025-08-27T13:38:46.000Z</time></trkpt>
<trkpt lat="30.62194496343243" lon="104.064871805906"><ele>492</ele><time>2025-08-27T13:38:47.000Z</time></trkpt>
<trkpt lat="30.62194496343243" lon="104.064871805906"><ele>492</ele><time>2025-08-27T13:38:48.000Z</time></trkpt>
<trkpt lat="30.62194496343243" lon="104.064871805906"><ele>492</ele><time>2025-08-27T13:38:49.000Z</time></trkpt>
<trkpt lat="30.62194496343243" lon="104.064871805906"><ele>491</ele><time>2025-08-27T13:38:50.000Z</time></trkpt>
<trkpt lat="30.62194496343243" lon="104.064871805906"><ele>491</ele><time>2025-08-27T13:38:51.000Z</time></trkpt>
<trkpt lat="30.62194496343243" lon="104.064871805906"><ele>491</ele><time>2025-08-27T13:38:52.000Z</time></trkpt>
<trkpt lat="30.62194496343243" lon="104.064871805906"><ele>492</ele><time>2025-08-27T13:38:53.000Z</time></trkpt>
<trkpt lat="30.62194496343243" lon="104.064871805906"><ele>491</ele><time>2025-08-27T13:38:54.000Z</time></trkpt>
<trkpt lat="30.62194496343243" lon="104.064871805906"><ele>491</ele><time>2025-08-27T13:38:55.000Z</time></trkpt>
<trkpt lat="30.62194496343243" lon="104.064871805906"><ele>491</ele><time>2025-08-27T13:38:56.000Z</time></trkpt>
<trkpt lat="30.62194496343243" lon="104.064871805906"><ele>491</ele><time>2025-08-27T13:38:57.000Z</time></trkpt>
<trkpt lat="30.62194496343243" lon="104.064871805906"><ele>492</ele><time>2025-08-27T13:38:58.000Z</time></trkpt>
<trkpt lat="30.62194496343243" lon="104.064871805906"><ele>492</ele><time>2025-08-27T13:38:59.000Z</time></trkpt>
<trkpt lat="30.62194496343243" lon="104.064871805906"><ele>491</ele><time>2025-08-27T13:39:00.000Z</time></trkpt>
<trkpt lat="30.62194496343243" lon="104.064871805906"><ele>492</ele><time>2025-08-27T13:39:01.000Z</time></trkpt>
<trkpt lat="30.62194496343243" lon="104.064871805906"><ele>491</ele><time>2025-08-27T13:39:02.000Z</time></trkpt>
<trkpt lat="30.62194496343243" lon="104.064871805906"><ele>492</ele><time>2025-08-27T13:39:03.000Z</time></trkpt>
<trkpt lat="30.62194496343243" lon="104.064871805906"><ele>491</ele><time>2025-08-27T13:39:04.000Z</time></trkpt>
<trkpt lat="30.62194496343243" lon="104.064871805906"><ele>491</ele><time>2025-08-27T13:39:05.000Z</time></trkpt>
<trkpt lat="30.62194496343243" lon="104.064871805906"><ele>491</ele><time>2025-08-27T13:39:06.000Z</time></trkpt>
<trkpt lat="30.62194496343243" lon="104.064871805906"><ele>493</ele><time>2025-08-27T13:39:07.000Z</time></trkpt>
<trkpt lat="30.62194496343243" lon="104.064871805906"><ele>490</ele><time>2025-08-27T13:39:08.000Z</time></trkpt>
<trkpt lat="30.62194496343243" lon="104.064871805906"><ele>491</ele><time>2025-08-27T13:39:09.000Z</time></trkpt>
<trkpt lat="30.62194496343243" lon="104.064871805906"><ele>491</ele><time>2025-08-27T13:39:10.000Z</time></trkpt>
<trkpt lat="30.62194496343243" lon="104.064871805906"><ele>492</ele><time>2025-08-27T13:39:11.000Z</time></trkpt>
<trkpt lat="30.62194496343243" lon="104.064871805906"><ele>491</ele><time>2025-08-27T13:39:12.000Z</time></trkpt>
<trkpt lat="30.62194496343243" lon="104.064871805906"><ele>491</ele><time>2025-08-27T13:39:13.000Z</time></trkpt>
<trkpt lat="30.62194496343243" lon="104.064871805906"><ele>492</ele><time>2025-08-27T13:39:14.000Z</time></trkpt>
<trkpt lat="30.62194496343243" lon="104.064871805906"><ele>491</ele><time>2025-08-27T13:39:15.000Z</time></trkpt>
<trkpt lat="30.62194496343243" lon="104.064871805906"><ele>491</ele><time>2025-08-27T13:39:16.000Z</time></trkpt>
<trkpt lat="30.62194496343243" lon="104.064871805906"><ele>490</ele><time>2025-08-27T13:39:17.000Z</time></trkpt>
<trkpt lat="30.62194496343243" lon="104.064871805906"><ele>490</ele><time>2025-08-27T13:39:18.000Z</time></trkpt>
<trkpt lat="30.62194496343243" lon="104.064871805906"><ele>491</ele><time>2025-08-27T13:39:19.000Z</time></trkpt>
<trkpt lat="30.62194496343243" lon="104.064871805906"><ele>491</ele><time>2025-08-27T13:39:20.000Z</time></trkpt>
<trkpt lat="30.62194496343243" lon="104.064871805906"><ele>491</ele><time>2025-08-27T13:39:21.000Z</time></trkpt>
<trkpt lat="30.62194496343243" lon="104.064871805906"><ele>491</ele><time>2025-08-27T13:39:22.000Z</time></trkpt>
<trkpt lat="30.62194496343243" lon="104.064871805906"><ele>491</ele><time>2025-08-27T13:39:23.000Z</time></trkpt>
<trkpt lat="30.62194496343243" lon="104.064871805906"><ele>491</ele><time>2025-08-27T13:39:24.000Z</time></trkpt>
<trkpt lat="30.62194496343243" lon="104.064871805906"><ele>490</ele><time>2025-08-27T13:39:25.000Z</time></trkpt>
<trkpt lat="30.62194496343243" lon="104.064871805906"><ele>491</ele><time>2025-08-27T13:39:26.000Z</time></trkpt>
<trkpt lat="30.62194496343243" lon="104.064871805906"><ele>490</ele><time>2025-08-27T13:39:27.000Z</time></trkpt>
<trkpt lat="30.62194496343243" lon="104.064871805906"><ele>490</ele><time>2025-08-27T13:39:28.000Z</time></trkpt>
<trkpt lat="30.62194496343243" lon="104.064871805906"><ele>491</ele><time>2025-08-27T13:39:29.000Z</time></trkpt>
<trkpt lat="30.62194496343243" lon="104.064871805906"><ele>490</ele><time>2025-08-27T13:39:30.000Z</time></trkpt>
<trkpt lat="30.62194496343243" lon="104.064871805906"><ele>492</ele><time>2025-08-27T13:39:31.000Z</time></trkpt>
<trkpt lat="30.62194496343243" lon="104.064871805906"><ele>490</ele><time>2025-08-27T13:39:32.000Z</time></trkpt>
<trkpt lat="30.62194496343243" lon="104.064871805906"><ele>491</ele><time>2025-08-27T13:39:33.000Z</time></trkpt>
<trkpt lat="30.62194496343243" lon="104.064871805906"><ele>491</ele><time>2025-08-27T13:39:34.000Z</time></trkpt>
<trkpt lat="30.62194496343243" lon="104.064871805906"><ele>491</ele><time>2025-08-27T13:39:35.000Z</time></trkpt>
<trkpt lat="30.62194496343243" lon="104.064871805906"><ele>491</ele><time>2025-08-27T13:39:36.000Z</time></trkpt>
<trkpt lat="30.62194496343243" lon="104.064871805906"><ele>491</ele><time>2025-08-27T13:39:37.000Z</time></trkpt>
<trkpt lat="30.62194496343243" lon="104.064871805906"><ele>491</ele><time>2025-08-27T13:39:38.000Z</time></trkpt>
<trkpt lat="30.62194496343243" lon="104.064871805906"><ele>492</ele><time>2025-08-27T13:39:39.000Z</time></trkpt>
<trkpt lat="30.62194496343243" lon="104.064871805906"><ele>491</ele><time>2025-08-27T13:39:40.000Z</time></trkpt>
<trkpt lat="30.62194496343243" lon="104.064871805906"><ele>491</ele><time>2025-08-27T13:39:41.000Z</time></trkpt>
<trkpt lat="30.62194496343243" lon="104.064871805906"><ele>492</ele><time>2025-08-27T13:39:42.000Z</time></trkpt>
<trkpt lat="30.62194496343243" lon="104.064871805906"><ele>491</ele><time>2025-08-27T13:39:43.000Z</time></trkpt>
<trkpt lat="30.62194496343243" lon="104.064871805906"><ele>492</ele><time>2025-08-27T13:39:44.000Z</time></trkpt>
<trkpt lat="30.62194496343243" lon="104.064871805906"><ele>491</ele><time>2025-08-27T13:39:45.000Z</time></trkpt>
<trkpt lat="30.62194496343243" lon="104.064871805906"><ele>491</ele><time>2025-08-27T13:39:46.000Z</time></trkpt>
<trkpt lat="30.62194496343243" lon="104.064871805906"><ele>492</ele><time>2025-08-27T13:39:47.000Z</time></trkpt>
<trkpt lat="30.62194496343243" lon="104.064871805906"><ele>490</ele><time>2025-08-27T13:39:48.000Z</time></trkpt>
<trkpt lat="30.62194496343243" lon="104.064871805906"><ele>491</ele><time>2025-08-27T13:39:49.000Z</time></trkpt>
<trkpt lat="30.62194496343243" lon="104.064871805906"><ele>490</ele><time>2025-08-27T13:39:50.000Z</time></trkpt>
<trkpt lat="30.62194496343243" lon="104.064871805906"><ele>490</ele><time>2025-08-27T13:39:51.000Z</time></trkpt>
<trkpt lat="30.62194496343243" lon="104.064871805906"><ele>490</ele><time>2025-08-27T13:39:52.000Z</time></trkpt>
<trkpt lat="30.62194496343243" lon="104.064871805906"><ele>490</ele><time>2025-08-27T13:39:53.000Z</time></trkpt>
<trkpt lat="30.62194496343243" lon="104.064871805906"><ele>490</ele><time>2025-08-27T13:39:54.000Z</time></trkpt>
<trkpt lat="30.62194496343243" lon="104.064871805906"><ele>491</ele><time>2025-08-27T13:39:55.000Z</time></trkpt>
<trkpt lat="30.62194496343243" lon="104.064871805906"><ele>490</ele><time>2025-08-27T13:39:56.000Z</time></trkpt>
<trkpt lat="30.62194496343243" lon="104.064871805906"><ele>490</ele><time>2025-08-27T13:39:57.000Z</time></trkpt>
<trkpt lat="30.62194496343243" lon="104.064871805906"><ele>490</ele><time>2025-08-27T13:39:58.000Z</time></trkpt>
<trkpt lat="30.62194496343243" lon="104.064871805906"><ele>490</ele><time>2025-08-27T13:39:59.000Z</time></trkpt>
<trkpt lat="30.62194496343243" lon="104.064871805906"><ele>490</ele><time>2025-08-27T13:40:00.000Z</time></trkpt>
<trkpt lat="30.62194496343243" lon="104.064871805906"><ele>491</ele><time>2025-08-27T13:40:01.000Z</time></trkpt>
<trkpt lat="30.62194496343243" lon="104.064871805906"><ele>491</ele><time>2025-08-27T13:40:02.000Z</time></trkpt>
<trkpt lat="30.62194496343243" lon="104.064871805906"><ele>492</ele><time>2025-08-27T13:40:03.000Z</time></trkpt>
<trkpt lat="30.62194496343243" lon="104.064871805906"><ele>493</ele><time>2025-08-27T13:40:04.000Z</time></trkpt>
<trkpt lat="30.62194496343243" lon="104.064871805906"><ele>494</ele><time>2025-08-27T13:40:05.000Z</time></trkpt>
<trkpt lat="30.62194496343243" lon="104.064871805906"><ele>493</ele><time>2025-08-27T13:40:06.000Z</time></trkpt>
<trkpt lat="30.62194496343243" lon="104.064871805906"><ele>494</ele><time>2025-08-27T13:40:07.000Z</time></trkpt>
<trkpt lat="30.62194496343243" lon="104.064871805906"><ele>493</ele><time>2025-08-27T13:40:08.000Z</time></trkpt>
<trkpt lat="30.62194496343243" lon="104.064871805906"><ele>494</ele><time>2025-08-27T13:40:09.000Z</time></trkpt>
<trkpt lat="30.62194496343243" lon="104.064871805906"><ele>494</ele><time>2025-08-27T13:40:10.000Z</time></trkpt>
<trkpt lat="30.62194496343243" lon="104.064871805906"><ele>494</ele><time>2025-08-27T13:40:11.000Z</time></trkpt>
<trkpt lat="30.62194496343243" lon="104.064871805906"><ele>494</ele><time>2025-08-27T13:40:12.000Z</time></trkpt>
<trkpt lat="30.62194496343243" lon="104.064871805906"><ele>494</ele><time>2025-08-27T13:40:13.000Z</time></trkpt>
<trkpt lat="30.62194496343243" lon="104.064871805906"><ele>495</ele><time>2025-08-27T13:40:14.000Z</time></trkpt>
<trkpt lat="30.62194496343243" lon="104.064871805906"><ele>495</ele><time>2025-08-27T13:40:15.000Z</time></trkpt>
<trkpt lat="30.62194496343243" lon="104.064871805906"><ele>494</ele><time>2025-08-27T13:40:16.000Z</time></trkpt>
<trkpt lat="30.62194496343243" lon="104.064871805906"><ele>495</ele><time>2025-08-27T13:40:17.000Z</time></trkpt>
<trkpt lat="30.62194496343243" lon="104.064871805906"><ele>495</ele><time>2025-08-27T13:40:18.000Z</time></trkpt>
<trkpt lat="30.62194496343243" lon="104.064871805906"><ele>495</ele><time>2025-08-27T13:40:19.000Z</time></trkpt>
<trkpt lat="30.62194496343243" lon="104.064871805906"><ele>496</ele><time>2025-08-27T13:40:20.000Z</time></trkpt>
<trkpt lat="30.62194496343243" lon="104.064871805906"><ele>496</ele><time>2025-08-27T13:40:21.000Z</time></trkpt>
<trkpt lat="30.62194496343243" lon="104.064871805906"><ele>496</ele><time>2025-08-27T13:40:22.000Z</time></trkpt>
<trkpt lat="30.62194496343243" lon="104.064871805906"><ele>497</ele><time>2025-08-27T13:40:23.000Z</time></trkpt>
<trkpt lat="30.62194496343243" lon="104.064871805906"><ele>497</ele><time>2025-08-27T13:40:24.000Z</time></trkpt>
<trkpt lat="30.62194496343243" lon="104.064871805906"><ele>497</ele><time>2025-08-27T13:40:25.000Z</time></trkpt>
<trkpt lat="30.62194496343243" lon="104.064871805906"><ele>497</ele><time>2025-08-27T13:40:26.000Z</time></trkpt>
<trkpt lat="30.62194496343243" lon="104.064871805906"><ele>497</ele><time>2025-08-27T13:40:27.000Z</time></trkpt>
<trkpt lat="30.62194496343243" lon="104.064871805906"><ele>497</ele><time>2025-08-27T13:40:28.000Z</time></trkpt>
<trkpt lat="30.62194496343243" lon="104.064871805906"><ele>498</ele><time>2025-08-27T13:40:29.000Z</time></trkpt>
<trkpt lat="30.62194496343243" lon="104.064871805906"><ele>498</ele><time>2025-08-27T13:40:30.000Z</time></trkpt>
<trkpt lat="30.62194496343243" lon="104.064871805906"><ele>498</ele><time>2025-08-27T13:40:31.000Z</time></trkpt>
<trkpt lat="30.62194496343243" lon="104.064871805906"><ele>499</ele><time>2025-08-27T13:40:32.000Z</time></trkpt>
<trkpt lat="30.62194496343243" lon="104.064871805906"><ele>499</ele><time>2025-08-27T13:40:33.000Z</time></trkpt>
<trkpt lat="30.62194496343243" lon="104.064871805906"><ele>499</ele><time>2025-08-27T13:40:34.000Z</time></trkpt>
<trkpt lat="30.62194496343243" lon="104.064871805906"><ele>500</ele><time>2025-08-27T13:40:35.000Z</time></trkpt>
<trkpt lat="30.62194496343243" lon="104.064871805906"><ele>500</ele><time>2025-08-27T13:40:36.000Z</time></trkpt>
<trkpt lat="30.62194496343243" lon="104.064871805906"><ele>500</ele><time>2025-08-27T13:40:37.000Z</time></trkpt>
<trkpt lat="30.62194496343243" lon="104.064871805906"><ele>500</ele><time>2025-08-27T13:40:38.000Z</time></trkpt>
<trkpt lat="30.62194496343243" lon="104.064871805906"><ele>500</ele><time>2025-08-27T13:40:39.000Z</time></trkpt>
<trkpt lat="30.62194496343243" lon="104.064871805906"><ele>500</ele><time>2025-08-27T13:40:40.000Z</time></trkpt>
<trkpt lat="30.62194496343243" lon="104.064871805906"><ele>500</ele><time>2025-08-27T13:40:41.000Z</time></trkpt>
<trkpt lat="30.62194496343243" lon="104.064871805906"><ele>500</ele><time>2025-08-27T13:40:42.000Z</time></trkpt>
<trkpt lat="30.62194496343243" lon="104.064871805906"><ele>500</ele><time>2025-08-27T13:40:43.000Z</time></trkpt>
<trkpt lat="30.62194496343243" lon="104.064871805906"><ele>500</ele><time>2025-08-27T13:40:44.000Z</time></trkpt>
<trkpt lat="30.62194496343243" lon="104.064871805906"><ele>500</ele><time>2025-08-27T13:40:45.000Z</time></trkpt>
<trkpt lat="30.62194496343243" lon="104.064871805906"><ele>500</ele><time>2025-08-27T13:40:46.000Z</time></trkpt>
<trkpt lat="30.62194496343243" lon="104.064871805906"><ele>500</ele><time>2025-08-27T13:40:47.000Z</time></trkpt>
<trkpt lat="30.62194496343243" lon="104.064871805906"><ele>500</ele><time>2025-08-27T13:40:48.000Z</time></trkpt>
<trkpt lat="30.62194496343243" lon="104.064871805906"><ele>500</ele><time>2025-08-27T13:40:49.000Z</time></trkpt>
<trkpt lat="30.62194496343243" lon="104.064871805906"><ele>500</ele><time>2025-08-27T13:40:50.000Z</time></trkpt>
<trkpt lat="30.62194496343243" lon="104.064871805906"><ele>500</ele><time>2025-08-27T13:40:51.000Z</time></trkpt>
<trkpt lat="30.62194496343243" lon="104.064871805906"><ele>499</ele><time>2025-08-27T13:40:52.000Z</time></trkpt>
<trkpt lat="30.62194496343243" lon="104.064871805906"><ele>499</ele><time>2025-08-27T13:40:53.000Z</time></trkpt>
<trkpt lat="30.62194496343243" lon="104.064871805906"><ele>499</ele><time>2025-08-27T13:40:54.000Z</time></trkpt>
<trkpt lat="30.62194496343243" lon="104.064871805906"><ele>499</ele><time>2025-08-27T13:40:55.000Z</time></trkpt>
<trkpt lat="30.62194496343243" lon="104.064871805906"><ele>499</ele><time>2025-08-27T13:40:56.000Z</time></trkpt>
<trkpt lat="30.62194496343243" lon="104.064871805906"><ele>499</ele><time>2025-08-27T13:40:57.000Z</time></trkpt>
<trkpt lat="30.62194496343243" lon="104.064871805906"><ele>499</ele><time>2025-08-27T13:40:58.000Z</time></trkpt>
<trkpt lat="30.62194496343243" lon="104.064871805906"><ele>499</ele><time>2025-08-27T13:40:59.000Z</time></trkpt>
<trkpt lat="30.62194496343243" lon="104.064871805906"><ele>499</ele><time>2025-08-27T13:41:00.000Z</time></trkpt>
<trkpt lat="30.62194496343243" lon="104.064871805906"><ele>499</ele><time>2025-08-27T13:41:01.000Z</time></trkpt>
<trkpt lat="30.62194496343243" lon="104.064871805906"><ele>499</ele><time>2025-08-27T13:41:02.000Z</time></trkpt>
<trkpt lat="30.62194496343243" lon="104.064871805906"><ele>499</ele><time>2025-08-27T13:41:03.000Z</time></trkpt>
<trkpt lat="30.62194496343243" lon="104.064871805906"><ele>499</ele><time>2025-08-27T13:41:04.000Z</time></trkpt>
<trkpt lat="30.62194496343243" lon="104.064871805906"><ele>499</ele><time>2025-08-27T13:41:05.000Z</time></trkpt>
<trkpt lat="30.62194496343243" lon="104.064871805906"><ele>499</ele><time>2025-08-27T13:41:06.000Z</time></trkpt>
<trkpt lat="30.62194496343243" lon="104.064871805906"><ele>499</ele><time>2025-08-27T13:41:07.000Z</time></trkpt>
<trkpt lat="30.62194496343243" lon="104.064871805906"><ele>499</ele><time>2025-08-27T13:41:08.000Z</time></trkpt>
<trkpt lat="30.62194496343243" lon="104.064871805906"><ele>499</ele><time>2025-08-27T13:41:09.000Z</time></trkpt>
<trkpt lat="30.62194496343243" lon="104.064871805906"><ele>500</ele><time>2025-08-27T13:41:10.000Z</time></trkpt>
<trkpt lat="30.62194496343243" lon="104.064871805906"><ele>500</ele><time>2025-08-27T13:41:11.000Z</time></trkpt>
<trkpt lat="30.62194496343243" lon="104.064871805906"><ele>500</ele><time>2025-08-27T13:41:12.000Z</time></trkpt>
<trkpt lat="30.62194496343243" lon="104.064871805906"><ele>500</ele><time>2025-08-27T13:41:13.000Z</time></trkpt>
<trkpt lat="30.62194496343243" lon="104.064871805906"><ele>501</ele><time>2025-08-27T13:41:14.000Z</time></trkpt>
<trkpt lat="30.62194496343243" lon="104.064871805906"><ele>501</ele><time>2025-08-27T13:41:15.000Z</time></trkpt>
<trkpt lat="30.62194496343243" lon="104.064871805906"><ele>501</ele><time>2025-08-27T13:41:16.000Z</time></trkpt>
<trkpt lat="30.62194496343243" lon="104.064871805906"><ele>501</ele><time>2025-08-27T13:41:17.000Z</time></trkpt>
<trkpt lat="30.62194496343243" lon="104.064871805906"><ele>501</ele><time>2025-08-27T13:41:18.000Z</time></trkpt>
<trkpt lat="30.62194496343243" lon="104.064871805906"><ele>501</ele><time>2025-08-27T13:41:19.000Z</time></trkpt>
<trkpt lat="30.62194496343243" lon="104.064871805906"><ele>501</ele><time>2025-08-27T13:41:20.000Z</time></trkpt>
<trkpt lat="30.62194496343243" lon="104.064871805906"><ele>501</ele><time>2025-08-27T13:41:21.000Z</time></trkpt>
<trkpt lat="30.62194496343243" lon="104.064871805906"><ele>502</ele><time>2025-08-27T13:41:22.000Z</time></trkpt>
<trkpt lat="30.62194496343243" lon="104.064871805906"><ele>501</ele><time>2025-08-27T13:41:23.000Z</time></trkpt>
<trkpt lat="30.62194496343243" lon="104.064871805906"><ele>501</ele><time>2025-08-27T13:41:24.000Z</time></trkpt>
<trkpt lat="30.62194496343243" lon="104.064871805906"><ele>501</ele><time>2025-08-27T13:41:25.000Z</time></trkpt>
<trkpt lat="30.62194496343243" lon="104.064871805906"><ele>502</ele><time>2025-08-27T13:41:26.000Z</time></trkpt>
<trkpt lat="30.62194496343243" lon="104.064871805906"><ele>501</ele><time>2025-08-27T13:41:27.000Z</time></trkpt>
<trkpt lat="30.62194496343243" lon="104.064871805906"><ele>501</ele><time>2025-08-27T13:41:28.000Z</time></trkpt>
<trkpt lat="30.62194496343243" lon="104.064871805906"><ele>501</ele><time>2025-08-27T13:41:29.000Z</time></trkpt>
<trkpt lat="30.62194496343243" lon="104.064871805906"><ele>501</ele><time>2025-08-27T13:41:30.000Z</time></trkpt>
<trkpt lat="30.62194496343243" lon="104.064871805906"><ele>500</ele><time>2025-08-27T13:41:31.000Z</time></trkpt>
<trkpt lat="30.62194496343243" lon="104.064871805906"><ele>500</ele><time>2025-08-27T13:41:32.000Z</time></trkpt>
<trkpt lat="30.62194496343243" lon="104.064871805906"><ele>500</ele><time>2025-08-27T13:41:33.000Z</time></trkpt>
<trkpt lat="30.62194496343243" lon="104.064871805906"><ele>499</ele><time>2025-08-27T13:41:34.000Z</time></trkpt>
<trkpt lat="30.62194496343243" lon="104.064871805906"><ele>499</ele><time>2025-08-27T13:41:35.000Z</time></trkpt>
<trkpt lat="30.62194496343243" lon="104.064871805906"><ele>500</ele><time>2025-08-27T13:41:36.000Z</time></trkpt>
<trkpt lat="30.62194496343243" lon="104.064871805906"><ele>499</ele><time>2025-08-27T13:41:37.000Z</time></trkpt>
<trkpt lat="30.62194496343243" lon="104.064871805906"><ele>501</ele><time>2025-08-27T13:41:38.000Z</time></trkpt>
<trkpt lat="30.62194496343243" lon="104.064871805906"><ele>500</ele><time>2025-08-27T13:41:39.000Z</time></trkpt>
<trkpt lat="30.62194496343243" lon="104.064871805906"><ele>501</ele><time>2025-08-27T13:41:40.000Z</time></trkpt>
<trkpt lat="30.62194496343243" lon="104.064871805906"><ele>502</ele><time>2025-08-27T13:41:41.000Z</time></trkpt>
<trkpt lat="30.62194496343243" lon="104.064871805906"><ele>502</ele><time>2025-08-27T13:41:42.000Z</time></trkpt>
<trkpt lat="30.62194496343243" lon="104.064871805906"><ele>502</ele><time>2025-08-27T13:41:43.000Z</time></trkpt>
<trkpt lat="30.62194496343243" lon="104.064871805906"><ele>501</ele><time>2025-08-27T13:41:44.000Z</time></trkpt>
<trkpt lat="30.62194496343243" lon="104.064871805906"><ele>501</ele><time>2025-08-27T13:41:45.000Z</time></trkpt>
<trkpt lat="30.62194496343243" lon="104.064871805906"><ele>500</ele><time>2025-08-27T13:41:46.000Z</time></trkpt>
<trkpt lat="30.62194496343243" lon="104.064871805906"><ele>499</ele><time>2025-08-27T13:41:47.000Z</time></trkpt>
<trkpt lat="30.62194496343243" lon="104.064871805906"><ele>500</ele><time>2025-08-27T13:41:48.000Z</time></trkpt>
<trkpt lat="30.62194496343243" lon="104.064871805906"><ele>499</ele><time>2025-08-27T13:41:49.000Z</time></trkpt>
<trkpt lat="30.62194496343243" lon="104.064871805906"><ele>499</ele><time>2025-08-27T13:41:50.000Z</time></trkpt>
<trkpt lat="30.62194496343243" lon="104.064871805906"><ele>499</ele><time>2025-08-27T13:41:51.000Z</time></trkpt>
<trkpt lat="30.62194496343243" lon="104.064871805906"><ele>499</ele><time>2025-08-27T13:41:52.000Z</time></trkpt>
<trkpt lat="30.62194496343243" lon="104.064871805906"><ele>499</ele><time>2025-08-27T13:41:53.000Z</time></trkpt>
<trkpt lat="30.62194496343243" lon="104.064871805906"><ele>499</ele><time>2025-08-27T13:41:54.000Z</time></trkpt>
<trkpt lat="30.62194496343243" lon="104.064871805906"><ele>499</ele><time>2025-08-27T13:41:55.000Z</time></trkpt>
<trkpt lat="30.62194496343243" lon="104.064871805906"><ele>499</ele><time>2025-08-27T13:41:56.000Z</time></trkpt>
<trkpt lat="30.62194496343243" lon="104.064871805906"><ele>500</ele><time>2025-08-27T13:41:57.000Z</time></trkpt>
<trkpt lat="30.62194496343243" lon="104.064871805906"><ele>501</ele><time>2025-08-27T13:41:58.000Z</time></trkpt>
<trkpt lat="30.62194496343243" lon="104.064871805906"><ele>501</ele><time>2025-08-27T13:41:59.000Z</time></trkpt>
<trkpt lat="30.62194496343243" lon="104.064871805906"><ele>503</ele><time>2025-08-27T13:42:00.000Z</time></trkpt>
<trkpt lat="30.62194496343243" lon="104.064871805906"><ele>503</ele><time>2025-08-27T13:42:01.000Z</time></trkpt>
<trkpt lat="30.62194496343243" lon="104.064871805906"><ele>504</ele><time>2025-08-27T13:42:02.000Z</time></trkpt>
<trkpt lat="30.62194496343243" lon="104.064871805906"><ele>504</ele><time>2025-08-27T13:42:03.000Z</time></trkpt>
<trkpt lat="30.62194496343243" lon="104.064871805906"><ele>505</ele><time>2025-08-27T13:42:04.000Z</time></trkpt>
<trkpt lat="30.62194496343243" lon="104.064871805906"><ele>505</ele><time>2025-08-27T13:42:05.000Z</time></trkpt>
<trkpt lat="30.62194496343243" lon="104.064871805906"><ele>505</ele><time>2025-08-27T13:42:06.000Z</time></trkpt>
<trkpt lat="30.62194496343243" lon="104.064871805906"><ele>505</ele><time>2025-08-27T13:42:07.000Z</time></trkpt>
<trkpt lat="30.62194496343243" lon="104.064871805906"><ele>505</ele><time>2025-08-27T13:42:08.000Z</time></trkpt>
<trkpt lat="30.62194496343243" lon="104.064871805906"><ele>505</ele><time>2025-08-27T13:42:09.000Z</time></trkpt>
<trkpt lat="30.62194496343243" lon="104.064871805906"><ele>505</ele><time>2025-08-27T13:42:10.000Z</time></trkpt>
<trkpt lat="30.62194496343243" lon="104.064871805906"><ele>506</ele><time>2025-08-27T13:42:11.000Z</time></trkpt>
<trkpt lat="30.62194496343243" lon="104.064871805906"><ele>506</ele><time>2025-08-27T13:42:12.000Z</time></trkpt>
<trkpt lat="30.62194496343243" lon="104.064871805906"><ele>506</ele><time>2025-08-27T13:42:13.000Z</time></trkpt>
<trkpt lat="30.62194496343243" lon="104.064871805906"><ele>505</ele><time>2025-08-27T13:42:14.000Z</time></trkpt>
<trkpt lat="30.62194496343243" lon="104.064871805906"><ele>506</ele><time>2025-08-27T13:42:15.000Z</time></trkpt>
<trkpt lat="30.62194496343243" lon="104.064871805906"><ele>506</ele><time>2025-08-27T13:42:16.000Z</time></trkpt>
<trkpt lat="30.62194496343243" lon="104.064871805906"><ele>505</ele><time>2025-08-27T13:42:17.000Z</time></trkpt>
<trkpt lat="30.62194496343243" lon="104.064871805906"><ele>505</ele><time>2025-08-27T13:42:18.000Z</time></trkpt>
<trkpt lat="30.62194496343243" lon="104.064871805906"><ele>505</ele><time>2025-08-27T13:42:19.000Z</time></trkpt>
<trkpt lat="30.62194496343243" lon="104.064871805906"><ele>504</ele><time>2025-08-27T13:42:20.000Z</time></trkpt>
<trkpt lat="30.62194496343243" lon="104.064871805906"><ele>504</ele><time>2025-08-27T13:42:21.000Z</time></trkpt>
<trkpt lat="30.62194496343243" lon="104.064871805906"><ele>504</ele><time>2025-08-27T13:42:22.000Z</time></trkpt>
<trkpt lat="30.62194496343243" lon="104.064871805906"><ele>504</ele><time>2025-08-27T13:42:23.000Z</time></trkpt>
<trkpt lat="30.62194496343243" lon="104.064871805906"><ele>504</ele><time>2025-08-27T13:42:24.000Z</time></trkpt>
<trkpt lat="30.62194496343243" lon="104.064871805906"><ele>504</ele><time>2025-08-27T13:42:25.000Z</time></trkpt>
<trkpt lat="30.62194496343243" lon="104.064871805906"><ele>504</ele><time>2025-08-27T13:42:26.000Z</time></trkpt>
<trkpt lat="30.62194496343243" lon="104.064871805906"><ele>505</ele><time>2025-08-27T13:42:27.000Z</time></trkpt>
<trkpt lat="30.62194496343243" lon="104.064871805906"><ele>504</ele><time>2025-08-27T13:42:28.000Z</time></trkpt>
<trkpt lat="30.62194496343243" lon="104.064871805906"><ele>504</ele><time>2025-08-27T13:42:29.000Z</time></trkpt>
<trkpt lat="30.62194496343243" lon="104.064871805906"><ele>503</ele><time>2025-08-27T13:42:30.000Z</time></trkpt>
<trkpt lat="30.62194496343243" lon="104.064871805906"><ele>503</ele><time>2025-08-27T13:42:31.000Z</time></trkpt>
<trkpt lat="30.62194496343243" lon="104.064871805906"><ele>503</ele><time>2025-08-27T13:42:32.000Z</time></trkpt>
<trkpt lat="30.62194496343243" lon="104.064871805906"><ele>503</ele><time>2025-08-27T13:42:33.000Z</time></trkpt>
<trkpt lat="30.62194496343243" lon="104.064871805906"><ele>504</ele><time>2025-08-27T13:42:34.000Z</time></trkpt>
<trkpt lat="30.62194496343243" lon="104.064871805906"><ele>504</ele><time>2025-08-27T13:42:35.000Z</time></trkpt>
<trkpt lat="30.62194496343243" lon="104.064871805906"><ele>504</ele><time>2025-08-27T13:42:36.000Z</time></trkpt>
<trkpt lat="30.62194496343243" lon="104.064871805906"><ele>504</ele><time>2025-08-27T13:42:37.000Z</time></trkpt>
<trkpt lat="30.62194496343243" lon="104.064871805906"><ele>504</ele><time>2025-08-27T13:42:38.000Z</time></trkpt>
<trkpt lat="30.62194496343243" lon="104.064871805906"><ele>504</ele><time>2025-08-27T13:42:39.000Z</time></trkpt>
<trkpt lat="30.62194496343243" lon="104.064871805906"><ele>504</ele><time>2025-08-27T13:42:40.000Z</time></trkpt>
<trkpt lat="30.62194496343243" lon="104.064871805906"><ele>504</ele><time>2025-08-27T13:42:41.000Z</time></trkpt>
<trkpt lat="30.62194496343243" lon="104.064871805906"><ele>504</ele><time>2025-08-27T13:42:42.000Z</time></trkpt>
<trkpt lat="30.62194496343243" lon="104.064871805906"><ele>504</ele><time>2025-08-27T13:42:43.000Z</time></trkpt>
<trkpt lat="30.62194496343243" lon="104.064871805906"><ele>502</ele><time>2025-08-27T13:42:44.000Z</time></trkpt>
<trkpt lat="30.62194496343243" lon="104.064871805906"><ele>503</ele><time>2025-08-27T13:42:45.000Z</time></trkpt>
<trkpt lat="30.62194496343243" lon="104.064871805906"><ele>503</ele><time>2025-08-27T13:42:46.000Z</time></trkpt>
<trkpt lat="30.62194496343243" lon="104.064871805906"><ele>503</ele><time>2025-08-27T13:42:47.000Z</time></trkpt>
<trkpt lat="30.62194496343243" lon="104.064871805906"><ele>502</ele><time>2025-08-27T13:42:48.000Z</time></trkpt>
<trkpt lat="30.62194496343243" lon="104.064871805906"><ele>503</ele><time>2025-08-27T13:42:49.000Z</time></trkpt>
<trkpt lat="30.62194496343243" lon="104.064871805906"><ele>502</ele><time>2025-08-27T13:42:50.000Z</time></trkpt>
<trkpt lat="30.62194496343243" lon="104.064871805906"><ele>502</ele><time>2025-08-27T13:42:51.000Z</time></trkpt>
<trkpt lat="30.62194496343243" lon="104.064871805906"><ele>503</ele><time>2025-08-27T13:42:52.000Z</time></trkpt>
<trkpt lat="30.62194496343243" lon="104.064871805906"><ele>501</ele><time>2025-08-27T13:42:53.000Z</time></trkpt>
<trkpt lat="30.62194496343243" lon="104.064871805906"><ele>502</ele><time>2025-08-27T13:42:54.000Z</time></trkpt>
<trkpt lat="30.62194496343243" lon="104.064871805906"><ele>501</ele><time>2025-08-27T13:42:55.000Z</time></trkpt>
<trkpt lat="30.62194496343243" lon="104.064871805906"><ele>500</ele><time>2025-08-27T13:42:56.000Z</time></trkpt>
<trkpt lat="30.62194496343243" lon="104.064871805906"><ele>500</ele><time>2025-08-27T13:42:57.000Z</time></trkpt>
<trkpt lat="30.62194496343243" lon="104.064871805906"><ele>501</ele><time>2025-08-27T13:42:58.000Z</time></trkpt>
<trkpt lat="30.62194496343243" lon="104.064871805906"><ele>500</ele><time>2025-08-27T13:42:59.000Z</time></trkpt>
<trkpt lat="30.62194496343243" lon="104.064871805906"><ele>499</ele><time>2025-08-27T13:43:00.000Z</time></trkpt>
<trkpt lat="30.62194496343243" lon="104.064871805906"><ele>498</ele><time>2025-08-27T13:43:01.000Z</time></trkpt>
<trkpt lat="30.62194496343243" lon="104.064871805906"><ele>498</ele><time>2025-08-27T13:43:02.000Z</time></trkpt>
<trkpt lat="30.62194496343243" lon="104.064871805906"><ele>499</ele><time>2025-08-27T13:43:03.000Z</time></trkpt>
<trkpt lat="30.62194496343243" lon="104.064871805906"><ele>497</ele><time>2025-08-27T13:43:04.000Z</time></trkpt>
<trkpt lat="30.62194496343243" lon="104.064871805906"><ele>496</ele><time>2025-08-27T13:43:05.000Z</time></trkpt>
<trkpt lat="30.62194496343243" lon="104.064871805906"><ele>495</ele><time>2025-08-27T13:43:06.000Z</time></trkpt>
<trkpt lat="30.62194496343243" lon="104.064871805906"><ele>496</ele><time>2025-08-27T13:43:07.000Z</time></trkpt>
<trkpt lat="30.62194496343243" lon="104.064871805906"><ele>495</ele><time>2025-08-27T13:43:08.000Z</time></trkpt>
<trkpt lat="30.62194496343243" lon="104.064871805906"><ele>494</ele><time>2025-08-27T13:43:09.000Z</time></trkpt>
<trkpt lat="30.62194496343243" lon="104.064871805906"><ele>494</ele><time>2025-08-27T13:43:10.000Z</time></trkpt>
<trkpt lat="30.62194496343243" lon="104.064871805906"><ele>493</ele><time>2025-08-27T13:43:11.000Z</time></trkpt>
<trkpt lat="30.62194496343243" lon="104.064871805906"><ele>494</ele><time>2025-08-27T13:43:12.000Z</time></trkpt>
<trkpt lat="30.62194496343243" lon="104.064871805906"><ele>493</ele><time>2025-08-27T13:43:13.000Z</time></trkpt>
<trkpt lat="30.62194496343243" lon="104.064871805906"><ele>493</ele><time>2025-08-27T13:43:14.000Z</time></trkpt>
<trkpt lat="30.62194496343243" lon="104.064871805906"><ele>493</ele><time>2025-08-27T13:43:15.000Z</time></trkpt>
<trkpt lat="30.62194496343243" lon="104.064871805906"><ele>493</ele><time>2025-08-27T13:43:16.000Z</time></trkpt>
<trkpt lat="30.62194496343243" lon="104.064871805906"><ele>493</ele><time>2025-08-27T13:43:17.000Z</time></trkpt>
<trkpt lat="30.62194496343243" lon="104.064871805906"><ele>493</ele><time>2025-08-27T13:43:18.000Z</time></trkpt>
<trkpt lat="30.62194496343243" lon="104.064871805906"><ele>494</ele><time>2025-08-27T13:43:19.000Z</time></trkpt>
<trkpt lat="30.62194496343243" lon="104.064871805906"><ele>494</ele><time>2025-08-27T13:43:20.000Z</time></trkpt>
<trkpt lat="30.62194496343243" lon="104.064871805906"><ele>494</ele><time>2025-08-27T13:43:21.000Z</time></trkpt>
<trkpt lat="30.62194496343243" lon="104.064871805906"><ele>493</ele><time>2025-08-27T13:43:22.000Z</time></trkpt>
<trkpt lat="30.62194496343243" lon="104.064871805906"><ele>494</ele><time>2025-08-27T13:43:23.000Z</time></trkpt>
<trkpt lat="30.62194496343243" lon="104.064871805906"><ele>494</ele><time>2025-08-27T13:43:24.000Z</time></trkpt>
<trkpt lat="30.62194496343243" lon="104.064871805906"><ele>495</ele><time>2025-08-27T13:43:25.000Z</time></trkpt>
<trkpt lat="30.62194496343243" lon="104.064871805906"><ele>495</ele><time>2025-08-27T13:43:26.000Z</time></trkpt>
<trkpt lat="30.62194496343243" lon="104.064871805906"><ele>496</ele><time>2025-08-27T13:43:27.000Z</time></trkpt>
<trkpt lat="30.62194496343243" lon="104.064871805906"><ele>496</ele><time>2025-08-27T13:43:28.000Z</time></trkpt>
<trkpt lat="30.62194496343243" lon="104.064871805906"><ele>497</ele><time>2025-08-27T13:43:29.000Z</time></trkpt>
<trkpt lat="30.62194496343243" lon="104.064871805906"><ele>497</ele><time>2025-08-27T13:43:30.000Z</time></trkpt>
<trkpt lat="30.62194496343243" lon="104.064871805906"><ele>498</ele><time>2025-08-27T13:43:31.000Z</time></trkpt>
<trkpt lat="30.62194496343243" lon="104.064871805906"><ele>498</ele><time>2025-08-27T13:43:32.000Z</time></trkpt>
<trkpt lat="30.62194496343243" lon="104.064871805906"><ele>498</ele><time>2025-08-27T13:43:33.000Z</time></trkpt>
<trkpt lat="30.62194496343243" lon="104.064871805906"><ele>499</ele><time>2025-08-27T13:43:34.000Z</time></trkpt>
<trkpt lat="30.62194496343243" lon="104.064871805906"><ele>498</ele><time>2025-08-27T13:43:35.000Z</time></trkpt>
<trkpt lat="30.62194496343243" lon="104.064871805906"><ele>498</ele><time>2025-08-27T13:43:36.000Z</time></trkpt>
<trkpt lat="30.62194496343243" lon="104.064871805906"><ele>498</ele><time>2025-08-27T13:43:37.000Z</time></trkpt>
<trkpt lat="30.62194496343243" lon="104.064871805906"><ele>498</ele><time>2025-08-27T13:43:38.000Z</time></trkpt>
<trkpt lat="30.62194496343243" lon="104.064871805906"><ele>497</ele><time>2025-08-27T13:43:39.000Z</time></trkpt>
<trkpt lat="30.62194496343243" lon="104.064871805906"><ele>497</ele><time>2025-08-27T13:43:40.000Z</time></trkpt>
<trkpt lat="30.62194496343243" lon="104.064871805906"><ele>497</ele><time>2025-08-27T13:43:41.000Z</time></trkpt>
<trkpt lat="30.62194496343243" lon="104.064871805906"><ele>498</ele><time>2025-08-27T13:43:42.000Z</time></trkpt>
<trkpt lat="30.62194496343243" lon="104.064871805906"><ele>497</ele><time>2025-08-27T13:43:43.000Z</time></trkpt>
<trkpt lat="30.62194496343243" lon="104.064871805906"><ele>497</ele><time>2025-08-27T13:43:44.000Z</time></trkpt>
<trkpt lat="30.62194496343243" lon="104.064871805906"><ele>498</ele><time>2025-08-27T13:43:45.000Z</time></trkpt>
<trkpt lat="30.62194496343243" lon="104.064871805906"><ele>498</ele><time>2025-08-27T13:43:46.000Z</time></trkpt>
<trkpt lat="30.62194496343243" lon="104.064871805906"><ele>499</ele><time>2025-08-27T13:43:47.000Z</time></trkpt>
<trkpt lat="30.62194496343243" lon="104.064871805906"><ele>499</ele><time>2025-08-27T13:43:48.000Z</time></trkpt>
<trkpt lat="30.62194496343243" lon="104.064871805906"><ele>499</ele><time>2025-08-27T13:43:49.000Z</time></trkpt>
<trkpt lat="30.62194496343243" lon="104.064871805906"><ele>499</ele><time>2025-08-27T13:43:50.000Z</time></trkpt>
<trkpt lat="30.62194496343243" lon="104.064871805906"><ele>499</ele><time>2025-08-27T13:43:51.000Z</time></trkpt>
<trkpt lat="30.62194496343243" lon="104.064871805906"><ele>499</ele><time>2025-08-27T13:43:52.000Z</time></trkpt>
<trkpt lat="30.62194496343243" lon="104.064871805906"><ele>500</ele><time>2025-08-27T13:43:53.000Z</time></trkpt>
<trkpt lat="30.62194496343243" lon="104.064871805906"><ele>500</ele><time>2025-08-27T13:43:54.000Z</time></trkpt>
<trkpt lat="30.62194496343243" lon="104.064871805906"><ele>500</ele><time>2025-08-27T13:43:55.000Z</time></trkpt>
<trkpt lat="30.62194496343243" lon="104.064871805906"><ele>500</ele><time>2025-08-27T13:43:56.000Z</time></trkpt>
<trkpt lat="30.62194496343243" lon="104.064871805906"><ele>501</ele><time>2025-08-27T13:43:57.000Z</time></trkpt>
<trkpt lat="30.62194496343243" lon="104.064871805906"><ele>502</ele><time>2025-08-27T13:43:58.000Z</time></trkpt>
<trkpt lat="30.62194496343243" lon="104.064871805906"><ele>504</ele><time>2025-08-27T13:43:59.000Z</time></trkpt>
<trkpt lat="30.62194496343243" lon="104.064871805906"><ele>504</ele><time>2025-08-27T13:44:00.000Z</time></trkpt>
<trkpt lat="30.62194496343243" lon="104.064871805906"><ele>505</ele><time>2025-08-27T13:44:01.000Z</time></trkpt>
<trkpt lat="30.62194496343243" lon="104.064871805906"><ele>505</ele><time>2025-08-27T13:44:02.000Z</time></trkpt>
<trkpt lat="30.62194496343243" lon="104.064871805906"><ele>504</ele><time>2025-08-27T13:44:03.000Z</time></trkpt>
<trkpt lat="30.62194496343243" lon="104.064871805906"><ele>504</ele><time>2025-08-27T13:44:04.000Z</time></trkpt>
<trkpt lat="30.62194496343243" lon="104.064871805906"><ele>504</ele><time>2025-08-27T13:44:05.000Z</time></trkpt>
<trkpt lat="30.62194496343243" lon="104.064871805906"><ele>504</ele><time>2025-08-27T13:44:06.000Z</time></trkpt>
<trkpt lat="30.62194496343243" lon="104.064871805906"><ele>503</ele><time>2025-08-27T13:44:07.000Z</time></trkpt>
<trkpt lat="30.62194496343243" lon="104.064871805906"><ele>502</ele><time>2025-08-27T13:44:08.000Z</time></trkpt>
<trkpt lat="30.62194496343243" lon="104.064871805906"><ele>502</ele><time>2025-08-27T13:44:09.000Z</time></trkpt>
<trkpt lat="30.62194496343243" lon="104.064871805906"><ele>501</ele><time>2025-08-27T13:44:10.000Z</time></trkpt>
<trkpt lat="30.62194496343243" lon="104.064871805906"><ele>500</ele><time>2025-08-27T13:44:11.000Z</time></trkpt>
<trkpt lat="30.62194496343243" lon="104.064871805906"><ele>500</ele><time>2025-08-27T13:44:12.000Z</time></trkpt>
<trkpt lat="30.62194496343243" lon="104.064871805906"><ele>499</ele><time>2025-08-27T13:44:13.000Z</time></trkpt>
<trkpt lat="30.62194496343243" lon="104.064871805906"><ele>497</ele><time>2025-08-27T13:44:14.000Z</time></trkpt>
<trkpt lat="30.62194496343243" lon="104.064871805906"><ele>497</ele><time>2025-08-27T13:44:15.000Z</time></trkpt>
<trkpt lat="30.62194496343243" lon="104.064871805906"><ele>496</ele><time>2025-08-27T13:44:16.000Z</time></trkpt>
<trkpt lat="30.62194496343243" lon="104.064871805906"><ele>495</ele><time>2025-08-27T13:44:17.000Z</time></trkpt>
<trkpt lat="30.62194496343243" lon="104.064871805906"><ele>495</ele><time>2025-08-27T13:44:18.000Z</time></trkpt>
<trkpt lat="30.62194496343243" lon="104.064871805906"><ele>495</ele><time>2025-08-27T13:44:19.000Z</time></trkpt>
<trkpt lat="30.62194496343243" lon="104.064871805906"><ele>495</ele><time>2025-08-27T13:44:20.000Z</time></trkpt>
<trkpt lat="30.62194496343243" lon="104.064871805906"><ele>495</ele><time>2025-08-27T13:44:21.000Z</time></trkpt>
<trkpt lat="30.62194496343243" lon="104.064871805906"><ele>494</ele><time>2025-08-27T13:44:22.000Z</time></trkpt>
<trkpt lat="30.62194496343243" lon="104.064871805906"><ele>493</ele><time>2025-08-27T13:44:23.000Z</time></trkpt>
<trkpt lat="30.62194496343243" lon="104.064871805906"><ele>493</ele><time>2025-08-27T13:44:24.000Z</time></trkpt>
<trkpt lat="30.62194496343243" lon="104.064871805906"><ele>494</ele><time>2025-08-27T13:44:25.000Z</time></trkpt>
<trkpt lat="30.62194496343243" lon="104.064871805906"><ele>494</ele><time>2025-08-27T13:44:26.000Z</time></trkpt>
<trkpt lat="30.62194496343243" lon="104.064871805906"><ele>494</ele><time>2025-08-27T13:44:27.000Z</time></trkpt>
<trkpt lat="30.62194496343243" lon="104.064871805906"><ele>494</ele><time>2025-08-27T13:44:28.000Z</time></trkpt>
<trkpt lat="30.62194496343243" lon="104.064871805906"><ele>495</ele><time>2025-08-27T13:44:29.000Z</time></trkpt>
<trkpt lat="30.62194496343243" lon="104.064871805906"><ele>494</ele><time>2025-08-27T13:44:30.000Z</time></trkpt>
<trkpt lat="30.62194496343243" lon="104.064871805906"><ele>495</ele><time>2025-08-27T13:44:31.000Z</time></trkpt>
<trkpt lat="30.62194496343243" lon="104.064871805906"><ele>494</ele><time>2025-08-27T13:44:32.000Z</time></trkpt>
<trkpt lat="30.62194496343243" lon="104.064871805906"><ele>494</ele><time>2025-08-27T13:44:33.000Z</time></trkpt>
<trkpt lat="30.62194496343243" lon="104.064871805906"><ele>495</ele><time>2025-08-27T13:44:34.000Z</time></trkpt>
<trkpt lat="30.62194496343243" lon="104.064871805906"><ele>495</ele><time>2025-08-27T13:44:35.000Z</time></trkpt>
<trkpt lat="30.62194496343243" lon="104.064871805906"><ele>495</ele><time>2025-08-27T13:44:36.000Z</time></trkpt>
<trkpt lat="30.62194496343243" lon="104.064871805906"><ele>495</ele><time>2025-08-27T13:44:37.000Z</time></trkpt>
<trkpt lat="30.62194496343243" lon="104.064871805906"><ele>495</ele><time>2025-08-27T13:44:38.000Z</time></trkpt>
<trkpt lat="30.62194496343243" lon="104.064871805906"><ele>495</ele><time>2025-08-27T13:44:39.000Z</time></trkpt>
<trkpt lat="30.62194496343243" lon="104.064871805906"><ele>495</ele><time>2025-08-27T13:44:40.000Z</time></trkpt>
<trkpt lat="30.62194496343243" lon="104.064871805906"><ele>496</ele><time>2025-08-27T13:44:41.000Z</time></trkpt>
<trkpt lat="30.62194496343243" lon="104.064871805906"><ele>497</ele><time>2025-08-27T13:44:42.000Z</time></trkpt>
<trkpt lat="30.62194496343243" lon="104.064871805906"><ele>497</ele><time>2025-08-27T13:44:43.000Z</time></trkpt>
<trkpt lat="30.62194496343243" lon="104.064871805906"><ele>498</ele><time>2025-08-27T13:44:44.000Z</time></trkpt>
<trkpt lat="30.62194496343243" lon="104.064871805906"><ele>498</ele><time>2025-08-27T13:44:45.000Z</time></trkpt>
<trkpt lat="30.62194496343243" lon="104.064871805906"><ele>498</ele><time>2025-08-27T13:44:46.000Z</time></trkpt>
<trkpt lat="30.62194496343243" lon="104.064871805906"><ele>497</ele><time>2025-08-27T13:44:47.000Z</time></trkpt>
<trkpt lat="30.62194496343243" lon="104.064871805906"><ele>497</ele><time>2025-08-27T13:44:48.000Z</time></trkpt>
<trkpt lat="30.62194496343243" lon="104.064871805906"><ele>498</ele><time>2025-08-27T13:44:49.000Z</time></trkpt>
<trkpt lat="30.62194496343243" lon="104.064871805906"><ele>498</ele><time>2025-08-27T13:44:50.000Z</time></trkpt>
<trkpt lat="30.62194496343243" lon="104.064871805906"><ele>498</ele><time>2025-08-27T13:44:51.000Z</time></trkpt>
<trkpt lat="30.62194496343243" lon="104.064871805906"><ele>499</ele><time>2025-08-27T13:44:52.000Z</time></trkpt>
<trkpt lat="30.62194496343243" lon="104.064871805906"><ele>499</ele><time>2025-08-27T13:44:53.000Z</time></trkpt>
<trkpt lat="30.62194496343243" lon="104.064871805906"><ele>499</ele><time>2025-08-27T13:44:54.000Z</time></trkpt>
<trkpt lat="30.62194496343243" lon="104.064871805906"><ele>499</ele><time>2025-08-27T13:44:55.000Z</time></trkpt>
<trkpt lat="30.62194496343243" lon="104.064871805906"><ele>499</ele><time>2025-08-27T13:44:56.000Z</time></trkpt>
<trkpt lat="30.62194496343243" lon="104.064871805906"><ele>499</ele><time>2025-08-27T13:44:57.000Z</time></trkpt>
<trkpt lat="30.62194496343243" lon="104.064871805906"><ele>499</ele><time>2025-08-27T13:44:58.000Z</time></trkpt>
<trkpt lat="30.62194496343243" lon="104.064871805906"><ele>499</ele><time>2025-08-27T13:44:59.000Z</time></trkpt>
<trkpt lat="30.62194496343243" lon="104.064871805906"><ele>499</ele><time>2025-08-27T13:45:00.000Z</time></trkpt>
<trkpt lat="30.62194496343243" lon="104.064871805906"><ele>500</ele><time>2025-08-27T13:45:01.000Z</time></trkpt>
<trkpt lat="30.62194496343243" lon="104.064871805906"><ele>499</ele><time>2025-08-27T13:45:02.000Z</time></trkpt>
<trkpt lat="30.62194496343243" lon="104.064871805906"><ele>500</ele><time>2025-08-27T13:45:03.000Z</time></trkpt>
<trkpt lat="30.62194496343243" lon="104.064871805906"><ele>499</ele><time>2025-08-27T13:45:04.000Z</time></trkpt>
<trkpt lat="30.62194496343243" lon="104.064871805906"><ele>500</ele><time>2025-08-27T13:45:05.000Z</time></trkpt>
<trkpt lat="30.62194496343243" lon="104.064871805906"><ele>500</ele><time>2025-08-27T13:45:06.000Z</time></trkpt>
<trkpt lat="30.62194496343243" lon="104.064871805906"><ele>501</ele><time>2025-08-27T13:45:07.000Z</time></trkpt>
<trkpt lat="30.62194496343243" lon="104.064871805906"><ele>500</ele><time>2025-08-27T13:45:08.000Z</time></trkpt>
<trkpt lat="30.62194496343243" lon="104.064871805906"><ele>501</ele><time>2025-08-27T13:45:09.000Z</time></trkpt>
<trkpt lat="30.62194496343243" lon="104.064871805906"><ele>500</ele><time>2025-08-27T13:45:10.000Z</time></trkpt>
<trkpt lat="30.62194496343243" lon="104.064871805906"><ele>501</ele><time>2025-08-27T13:45:11.000Z</time></trkpt>
<trkpt lat="30.62194496343243" lon="104.064871805906"><ele>501</ele><time>2025-08-27T13:45:12.000Z</time></trkpt>
<trkpt lat="30.62194496343243" lon="104.064871805906"><ele>500</ele><time>2025-08-27T13:45:13.000Z</time></trkpt>
<trkpt lat="30.62194496343243" lon="104.064871805906"><ele>500</ele><time>2025-08-27T13:45:14.000Z</time></trkpt>
<trkpt lat="30.62194496343243" lon="104.064871805906"><ele>500</ele><time>2025-08-27T13:45:15.000Z</time></trkpt>
<trkpt lat="30.62194496343243" lon="104.064871805906"><ele>500</ele><time>2025-08-27T13:45:16.000Z</time></trkpt>
<trkpt lat="30.62194496343243" lon="104.064871805906"><ele>500</ele><time>2025-08-27T13:45:17.000Z</time></trkpt>
<trkpt lat="30.62194496343243" lon="104.064871805906"><ele>501</ele><time>2025-08-27T13:45:18.000Z</time></trkpt>
<trkpt lat="30.62194496343243" lon="104.064871805906"><ele>500</ele><time>2025-08-27T13:45:19.000Z</time></trkpt>
<trkpt lat="30.62194496343243" lon="104.064871805906"><ele>500</ele><time>2025-08-27T13:45:20.000Z</time></trkpt>
<trkpt lat="30.62194496343243" lon="104.064871805906"><ele>500</ele><time>2025-08-27T13:45:21.000Z</time></trkpt>
<trkpt lat="30.62194496343243" lon="104.064871805906"><ele>500</ele><time>2025-08-27T13:45:22.000Z</time></trkpt>
<trkpt lat="30.62194496343243" lon="104.064871805906"><ele>500</ele><time>2025-08-27T13:45:23.000Z</time></trkpt>
<trkpt lat="30.62194496343243" lon="104.064871805906"><ele>500</ele><time>2025-08-27T13:45:24.000Z</time></trkpt>
<trkpt lat="30.62194496343243" lon="104.064871805906"><ele>500</ele><time>2025-08-27T13:45:25.000Z</time></trkpt>
<trkpt lat="30.62194496343243" lon="104.064871805906"><ele>500</ele><time>2025-08-27T13:45:26.000Z</time></trkpt>
<trkpt lat="30.62194496343243" lon="104.064871805906"><ele>500</ele><time>2025-08-27T13:45:27.000Z</time></trkpt>
<trkpt lat="30.62194496343243" lon="104.064871805906"><ele>500</ele><time>2025-08-27T13:45:28.000Z</time></trkpt>
<trkpt lat="30.62194496343243" lon="104.064871805906"><ele>500</ele><time>2025-08-27T13:45:29.000Z</time></trkpt>
<trkpt lat="30.62194496343243" lon="104.064871805906"><ele>499</ele><time>2025-08-27T13:45:30.000Z</time></trkpt>
<trkpt lat="30.62194496343243" lon="104.064871805906"><ele>500</ele><time>2025-08-27T13:45:31.000Z</time></trkpt>
<trkpt lat="30.62194496343243" lon="104.064871805906"><ele>499</ele><time>2025-08-27T13:45:32.000Z</time></trkpt>
<trkpt lat="30.62194496343243" lon="104.064871805906"><ele>499</ele><time>2025-08-27T13:45:33.000Z</time></trkpt>
<trkpt lat="30.62194496343243" lon="104.064871805906"><ele>500</ele><time>2025-08-27T13:45:34.000Z</time></trkpt>
<trkpt lat="30.62194496343243" lon="104.064871805906"><ele>499</ele><time>2025-08-27T13:45:35.000Z</time></trkpt>
<trkpt lat="30.62194496343243" lon="104.064871805906"><ele>500</ele><time>2025-08-27T13:45:36.000Z</time></trkpt>
<trkpt lat="30.62194496343243" lon="104.064871805906"><ele>499</ele><time>2025-08-27T13:45:37.000Z</time></trkpt>
<trkpt lat="30.62194496343243" lon="104.064871805906"><ele>498</ele><time>2025-08-27T13:45:38.000Z</time></trkpt>
<trkpt lat="30.62194496343243" lon="104.064871805906"><ele>498</ele><time>2025-08-27T13:45:39.000Z</time></trkpt>
<trkpt lat="30.62194496343243" lon="104.064871805906"><ele>498</ele><time>2025-08-27T13:45:40.000Z</time></trkpt>
<trkpt lat="30.62194496343243" lon="104.064871805906"><ele>498</ele><time>2025-08-27T13:45:41.000Z</time></trkpt>
<trkpt lat="30.62194496343243" lon="104.064871805906"><ele>497</ele><time>2025-08-27T13:45:42.000Z</time></trkpt>
<trkpt lat="30.62194496343243" lon="104.064871805906"><ele>496</ele><time>2025-08-27T13:45:43.000Z</time></trkpt>
<trkpt lat="30.62194496343243" lon="104.064871805906"><ele>497</ele><time>2025-08-27T13:45:44.000Z</time></trkpt>
<trkpt lat="30.62194496343243" lon="104.064871805906"><ele>496</ele><time>2025-08-27T13:45:45.000Z</time></trkpt>
<trkpt lat="30.62194496343243" lon="104.064871805906"><ele>496</ele><time>2025-08-27T13:45:46.000Z</time></trkpt>
<trkpt lat="30.62194496343243" lon="104.064871805906"><ele>496</ele><time>2025-08-27T13:45:47.000Z</time></trkpt>
<trkpt lat="30.62194496343243" lon="104.064871805906"><ele>496</ele><time>2025-08-27T13:45:48.000Z</time></trkpt>
<trkpt lat="30.62194496343243" lon="104.064871805906"><ele>496</ele><time>2025-08-27T13:45:49.000Z</time></trkpt>
<trkpt lat="30.62194496343243" lon="104.064871805906"><ele>496</ele><time>2025-08-27T13:45:50.000Z</time></trkpt>
<trkpt lat="30.62194496343243" lon="104.064871805906"><ele>496</ele><time>2025-08-27T13:45:51.000Z</time></trkpt>
<trkpt lat="30.62194496343243" lon="104.064871805906"><ele>496</ele><time>2025-08-27T13:45:52.000Z</time></trkpt>
<trkpt lat="30.62194496343243" lon="104.064871805906"><ele>496</ele><time>2025-08-27T13:45:53.000Z</time></trkpt>
<trkpt lat="30.62194496343243" lon="104.064871805906"><ele>495</ele><time>2025-08-27T13:45:54.000Z</time></trkpt>
<trkpt lat="30.62194496343243" lon="104.064871805906"><ele>496</ele><time>2025-08-27T13:45:55.000Z</time></trkpt>
<trkpt lat="30.62194496343243" lon="104.064871805906"><ele>496</ele><time>2025-08-27T13:45:56.000Z</time></trkpt>
<trkpt lat="30.62194496343243" lon="104.064871805906"><ele>496</ele><time>2025-08-27T13:45:57.000Z</time></trkpt>
<trkpt lat="30.62194496343243" lon="104.064871805906"><ele>495</ele><time>2025-08-27T13:45:58.000Z</time></trkpt>
<trkpt lat="30.62194496343243" lon="104.064871805906"><ele>496</ele><time>2025-08-27T13:45:59.000Z</time></trkpt>
<trkpt lat="30.62194496343243" lon="104.064871805906"><ele>495</ele><time>2025-08-27T13:46:00.000Z</time></trkpt>
<trkpt lat="30.62194496343243" lon="104.064871805906"><ele>495</ele><time>2025-08-27T13:46:01.000Z</time></trkpt>
<trkpt lat="30.62194496343243" lon="104.064871805906"><ele>495</ele><time>2025-08-27T13:46:02.000Z</time></trkpt>
<trkpt lat="30.62194496343243" lon="104.064871805906"><ele>496</ele><time>2025-08-27T13:46:03.000Z</time></trkpt>
<trkpt lat="30.62194496343243" lon="104.064871805906"><ele>496</ele><time>2025-08-27T13:46:04.000Z</time></trkpt>
<trkpt lat="30.62194496343243" lon="104.064871805906"><ele>495</ele><time>2025-08-27T13:46:05.000Z</time></trkpt>
<trkpt lat="30.62194496343243" lon="104.064871805906"><ele>496</ele><time>2025-08-27T13:46:06.000Z</time></trkpt>
<trkpt lat="30.62194496343243" lon="104.064871805906"><ele>495</ele><time>2025-08-27T13:46:07.000Z</time></trkpt>
<trkpt lat="30.62194496343243" lon="104.064871805906"><ele>495</ele><time>2025-08-27T13:46:08.000Z</time></trkpt>
<trkpt lat="30.62194496343243" lon="104.064871805906"><ele>496</ele><time>2025-08-27T13:46:09.000Z</time></trkpt>
<trkpt lat="30.62194496343243" lon="104.064871805906"><ele>496</ele><time>2025-08-27T13:46:10.000Z</time></trkpt>
<trkpt lat="30.62194496343243" lon="104.064871805906"><ele>496</ele><time>2025-08-27T13:46:11.000Z</time></trkpt>
<trkpt lat="30.62194496343243" lon="104.064871805906"><ele>495</ele><time>2025-08-27T13:46:12.000Z</time></trkpt>
<trkpt lat="30.62194496343243" lon="104.064871805906"><ele>496</ele><time>2025-08-27T13:46:13.000Z</time></trkpt>
<trkpt lat="30.62194496343243" lon="104.064871805906"><ele>496</ele><time>2025-08-27T13:46:14.000Z</time></trkpt>
<trkpt lat="30.62194496343243" lon="104.064871805906"><ele>495</ele><time>2025-08-27T13:46:15.000Z</time></trkpt>
<trkpt lat="30.62194496343243" lon="104.064871805906"><ele>495</ele><time>2025-08-27T13:46:16.000Z</time></trkpt>
<trkpt lat="30.62194496343243" lon="104.064871805906"><ele>495</ele><time>2025-08-27T13:46:17.000Z</time></trkpt>
<trkpt lat="30.62194496343243" lon="104.064871805906"><ele>496</ele><time>2025-08-27T13:46:18.000Z</time></trkpt>
<trkpt lat="30.62194496343243" lon="104.064871805906"><ele>496</ele><time>2025-08-27T13:46:19.000Z</time></trkpt>
<trkpt lat="30.62194496343243" lon="104.064871805906"><ele>496</ele><time>2025-08-27T13:46:20.000Z</time></trkpt>
<trkpt lat="30.62194496343243" lon="104.064871805906"><ele>495</ele><time>2025-08-27T13:46:21.000Z</time></trkpt>
<trkpt lat="30.62194496343243" lon="104.064871805906"><ele>495</ele><time>2025-08-27T13:46:22.000Z</time></trkpt>
<trkpt lat="30.62194496343243" lon="104.064871805906"><ele>496</ele><time>2025-08-27T13:46:23.000Z</time></trkpt>
<trkpt lat="30.62194496343243" lon="104.064871805906"><ele>496</ele><time>2025-08-27T13:46:24.000Z</time></trkpt>
<trkpt lat="30.62194496343243" lon="104.064871805906"><ele>496</ele><time>2025-08-27T13:46:25.000Z</time></trkpt>
<trkpt lat="30.62194496343243" lon="104.064871805906"><ele>496</ele><time>2025-08-27T13:46:26.000Z</time></trkpt>
<trkpt lat="30.62194496343243" lon="104.064871805906"><ele>495</ele><time>2025-08-27T13:46:27.000Z</time></trkpt>
<trkpt lat="30.62194496343243" lon="104.064871805906"><ele>495</ele><time>2025-08-27T13:46:28.000Z</time></trkpt>
<trkpt lat="30.62194496343243" lon="104.064871805906"><ele>495</ele><time>2025-08-27T13:46:29.000Z</time></trkpt>
<trkpt lat="30.62194496343243" lon="104.064871805906"><ele>495</ele><time>2025-08-27T13:46:30.000Z</time></trkpt>
<trkpt lat="30.62194496343243" lon="104.064871805906"><ele>496</ele><time>2025-08-27T13:46:31.000Z</time></trkpt>
<trkpt lat="30.62194496343243" lon="104.064871805906"><ele>495</ele><time>2025-08-27T13:46:32.000Z</time></trkpt>
<trkpt lat="30.62194496343243" lon="104.064871805906"><ele>496</ele><time>2025-08-27T13:46:33.000Z</time></trkpt>
<trkpt lat="30.62194496343243" lon="104.064871805906"><ele>496</ele><time>2025-08-27T13:46:34.000Z</time></trkpt>
<trkpt lat="30.62194496343243" lon="104.064871805906"><ele>496</ele><time>2025-08-27T13:46:35.000Z</time></trkpt>
<trkpt lat="30.62194496343243" lon="104.064871805906"><ele>496</ele><time>2025-08-27T13:46:36.000Z</time></trkpt>
<trkpt lat="30.62194496343243" lon="104.064871805906"><ele>494</ele><time>2025-08-27T13:46:37.000Z</time></trkpt>
<trkpt lat="30.62194496343243" lon="104.064871805906"><ele>491</ele><time>2025-08-27T13:46:38.000Z</time></trkpt>
<trkpt lat="30.62194496343243" lon="104.064871805906"><ele>490</ele><time>2025-08-27T13:46:39.000Z</time></trkpt>
<trkpt lat="30.62194496343243" lon="104.064871805906"><ele>490</ele><time>2025-08-27T13:46:40.000Z</time></trkpt>
<trkpt lat="30.62194496343243" lon="104.064871805906"><ele>490</ele><time>2025-08-27T13:46:41.000Z</time></trkpt>
<trkpt lat="30.62194496343243" lon="104.064871805906"><ele>489</ele><time>2025-08-27T13:46:42.000Z</time></trkpt>
<trkpt lat="30.62194496343243" lon="104.064871805906"><ele>489</ele><time>2025-08-27T13:46:43.000Z</time></trkpt>
<trkpt lat="30.62194496343243" lon="104.064871805906"><ele>487</ele><time>2025-08-27T13:46:44.000Z</time></trkpt>
<trkpt lat="30.62194496343243" lon="104.064871805906"><ele>488</ele><time>2025-08-27T13:46:45.000Z</time></trkpt>
<trkpt lat="30.62194496343243" lon="104.064871805906"><ele>488</ele><time>2025-08-27T13:46:46.000Z</time></trkpt>
<trkpt lat="30.62194496343243" lon="104.064871805906"><ele>489</ele><time>2025-08-27T13:46:47.000Z</time></trkpt>
<trkpt lat="30.62194496343243" lon="104.064871805906"><ele>490</ele><time>2025-08-27T13:46:48.000Z</time></trkpt>
<trkpt lat="30.62194496343243" lon="104.064871805906"><ele>489</ele><time>2025-08-27T13:46:49.000Z</time></trkpt>
<trkpt lat="30.62194496343243" lon="104.064871805906"><ele>488</ele><time>2025-08-27T13:46:50.000Z</time></trkpt>
<trkpt lat="30.62194496343243" lon="104.064871805906"><ele>488</ele><time>2025-08-27T13:46:51.000Z</time></trkpt>
<trkpt lat="30.62194496343243" lon="104.064871805906"><ele>489</ele><time>2025-08-27T13:46:52.000Z</time></trkpt>
<trkpt lat="30.62194496343243" lon="104.064871805906"><ele>489</ele><time>2025-08-27T13:46:53.000Z</time></trkpt>
<trkpt lat="30.62194496343243" lon="104.064871805906"><ele>488</ele><time>2025-08-27T13:46:54.000Z</time></trkpt>
<trkpt lat="30.62194496343243" lon="104.064871805906"><ele>488</ele><time>2025-08-27T13:46:55.000Z</time></trkpt>
<trkpt lat="30.62194496343243" lon="104.064871805906"><ele>488</ele><time>2025-08-27T13:46:56.000Z</time></trkpt>
<trkpt lat="30.62194496343243" lon="104.064871805906"><ele>489</ele><time>2025-08-27T13:46:57.000Z</time></trkpt>
<trkpt lat="30.62194496343243" lon="104.064871805906"><ele>489</ele><time>2025-08-27T13:46:58.000Z</time></trkpt>
<trkpt lat="30.62194496343243" lon="104.064871805906"><ele>488</ele><time>2025-08-27T13:46:59.000Z</time></trkpt>
<trkpt lat="30.62194496343243" lon="104.064871805906"><ele>488</ele><time>2025-08-27T13:47:00.000Z</time></trkpt>
<trkpt lat="30.62194496343243" lon="104.064871805906"><ele>488</ele><time>2025-08-27T13:47:01.000Z</time></trkpt>
<trkpt lat="30.62194496343243" lon="104.064871805906"><ele>488</ele><time>2025-08-27T13:47:02.000Z</time></trkpt>
<trkpt lat="30.62194496343243" lon="104.064871805906"><ele>488</ele><time>2025-08-27T13:47:03.000Z</time></trkpt>
<trkpt lat="30.62194496343243" lon="104.064871805906"><ele>488</ele><time>2025-08-27T13:47:04.000Z</time></trkpt>
<trkpt lat="30.62194496343243" lon="104.064871805906"><ele>487</ele><time>2025-08-27T13:47:05.000Z</time></trkpt>
<trkpt lat="30.62194496343243" lon="104.064871805906"><ele>488</ele><time>2025-08-27T13:47:06.000Z</time></trkpt>
<trkpt lat="30.62194496343243" lon="104.064871805906"><ele>488</ele><time>2025-08-27T13:47:07.000Z</time></trkpt>
<trkpt lat="30.62194496343243" lon="104.064871805906"><ele>488</ele><time>2025-08-27T13:47:08.000Z</time></trkpt>
<trkpt lat="30.62194496343243" lon="104.064871805906"><ele>488</ele><time>2025-08-27T13:47:09.000Z</time></trkpt>
<trkpt lat="30.62194496343243" lon="104.064871805906"><ele>487</ele><time>2025-08-27T13:47:10.000Z</time></trkpt>
<trkpt lat="30.62194496343243" lon="104.064871805906"><ele>487</ele><time>2025-08-27T13:47:11.000Z</time></trkpt>
<trkpt lat="30.62194496343243" lon="104.064871805906"><ele>487</ele><time>2025-08-27T13:47:12.000Z</time></trkpt>
<trkpt lat="30.62194496343243" lon="104.064871805906"><ele>487</ele><time>2025-08-27T13:47:13.000Z</time></trkpt>
<trkpt lat="30.62194496343243" lon="104.064871805906"><ele>488</ele><time>2025-08-27T13:47:14.000Z</time></trkpt>
<trkpt lat="30.62194496343243" lon="104.064871805906"><ele>487</ele><time>2025-08-27T13:47:15.000Z</time></trkpt>
<trkpt lat="30.62194496343243" lon="104.064871805906"><ele>487</ele><time>2025-08-27T13:47:16.000Z</time></trkpt>
<trkpt lat="30.62194496343243" lon="104.064871805906"><ele>488</ele><time>2025-08-27T13:47:17.000Z</time></trkpt>
<trkpt lat="30.62194496343243" lon="104.064871805906"><ele>487</ele><time>2025-08-27T13:47:18.000Z</time></trkpt>
<trkpt lat="30.62194496343243" lon="104.064871805906"><ele>487</ele><time>2025-08-27T13:47:19.000Z</time></trkpt>
<trkpt lat="30.62194496343243" lon="104.064871805906"><ele>488</ele><time>2025-08-27T13:47:20.000Z</time></trkpt>
<trkpt lat="30.62194496343243" lon="104.064871805906"><ele>488</ele><time>2025-08-27T13:47:21.000Z</time></trkpt>
<trkpt lat="30.62194496343243" lon="104.064871805906"><ele>491</ele><time>2025-08-27T13:47:22.000Z</time></trkpt>
<trkpt lat="30.62194496343243" lon="104.064871805906"><ele>491</ele><time>2025-08-27T13:47:23.000Z</time></trkpt>
<trkpt lat="30.62194496343243" lon="104.064871805906"><ele>491</ele><time>2025-08-27T13:47:24.000Z</time></trkpt>
<trkpt lat="30.62194496343243" lon="104.064871805906"><ele>491</ele><time>2025-08-27T13:47:25.000Z</time></trkpt>
<trkpt lat="30.62194496343243" lon="104.064871805906"><ele>491</ele><time>2025-08-27T13:47:26.000Z</time></trkpt>
<trkpt lat="30.62194496343243" lon="104.064871805906"><ele>491</ele><time>2025-08-27T13:47:27.000Z</time></trkpt>
<trkpt lat="30.62194496343243" lon="104.064871805906"><ele>492</ele><time>2025-08-27T13:47:28.000Z</time></trkpt>
<trkpt lat="30.62194496343243" lon="104.064871805906"><ele>490</ele><time>2025-08-27T13:47:29.000Z</time></trkpt>
<trkpt lat="30.62194496343243" lon="104.064871805906"><ele>490</ele><time>2025-08-27T13:47:30.000Z</time></trkpt>
<trkpt lat="30.62194496343243" lon="104.064871805906"><ele>490</ele><time>2025-08-27T13:47:31.000Z</time></trkpt>
<trkpt lat="30.62194496343243" lon="104.064871805906"><ele>491</ele><time>2025-08-27T13:47:32.000Z</time></trkpt>
<trkpt lat="30.62194496343243" lon="104.064871805906"><ele>491</ele><time>2025-08-27T13:47:33.000Z</time></trkpt>
<trkpt lat="30.62194496343243" lon="104.064871805906"><ele>491</ele><time>2025-08-27T13:47:34.000Z</time></trkpt>
<trkpt lat="30.62194496343243" lon="104.064871805906"><ele>490</ele><time>2025-08-27T13:47:35.000Z</time></trkpt>
<trkpt lat="30.62194496343243" lon="104.064871805906"><ele>491</ele><time>2025-08-27T13:47:36.000Z</time></trkpt>
<trkpt lat="30.62194496343243" lon="104.064871805906"><ele>492</ele><time>2025-08-27T13:47:37.000Z</time></trkpt>
<trkpt lat="30.62194496343243" lon="104.064871805906"><ele>492</ele><time>2025-08-27T13:47:38.000Z</time></trkpt>
<trkpt lat="30.62194496343243" lon="104.064871805906"><ele>493</ele><time>2025-08-27T13:47:39.000Z</time></trkpt>
<trkpt lat="30.62194496343243" lon="104.064871805906"><ele>493</ele><time>2025-08-27T13:47:40.000Z</time></trkpt>
<trkpt lat="30.62194496343243" lon="104.064871805906"><ele>493</ele><time>2025-08-27T13:47:41.000Z</time></trkpt>
<trkpt lat="30.62194496343243" lon="104.064871805906"><ele>493</ele><time>2025-08-27T13:47:42.000Z</time></trkpt>
<trkpt lat="30.62194496343243" lon="104.064871805906"><ele>493</ele><time>2025-08-27T13:47:43.000Z</time></trkpt>
<trkpt lat="30.62194496343243" lon="104.064871805906"><ele>495</ele><time>2025-08-27T13:47:44.000Z</time></trkpt>
<trkpt lat="30.62194496343243" lon="104.064871805906"><ele>495</ele><time>2025-08-27T13:47:45.000Z</time></trkpt>
<trkpt lat="30.62194496343243" lon="104.064871805906"><ele>495</ele><time>2025-08-27T13:47:46.000Z</time></trkpt>
<trkpt lat="30.62194496343243" lon="104.064871805906"><ele>495</ele><time>2025-08-27T13:47:47.000Z</time></trkpt>
<trkpt lat="30.62194496343243" lon="104.064871805906"><ele>494</ele><time>2025-08-27T13:47:48.000Z</time></trkpt>
<trkpt lat="30.62194496343243" lon="104.064871805906"><ele>495</ele><time>2025-08-27T13:47:49.000Z</time></trkpt>
<trkpt lat="30.62194496343243" lon="104.064871805906"><ele>495</ele><time>2025-08-27T13:47:50.000Z</time></trkpt>
<trkpt lat="30.62194496343243" lon="104.064871805906"><ele>496</ele><time>2025-08-27T13:47:51.000Z</time></trkpt>
<trkpt lat="30.62194496343243" lon="104.064871805906"><ele>496</ele><time>2025-08-27T13:47:52.000Z</time></trkpt>
<trkpt lat="30.62194496343243" lon="104.064871805906"><ele>495</ele><time>2025-08-27T13:47:53.000Z</time></trkpt>
<trkpt lat="30.62194496343243" lon="104.064871805906"><ele>495</ele><time>2025-08-27T13:47:54.000Z</time></trkpt>
<trkpt lat="30.62194496343243" lon="104.064871805906"><ele>495</ele><time>2025-08-27T13:47:55.000Z</time></trkpt>
<trkpt lat="30.62194496343243" lon="104.064871805906"><ele>495</ele><time>2025-08-27T13:47:56.000Z</time></trkpt>
<trkpt lat="30.62194496343243" lon="104.064871805906"><ele>495</ele><time>2025-08-27T13:47:57.000Z</time></trkpt>
<trkpt lat="30.62194496343243" lon="104.064871805906"><ele>495</ele><time>2025-08-27T13:47:58.000Z</time></trkpt>
<trkpt lat="30.62194496343243" lon="104.064871805906"><ele>495</ele><time>2025-08-27T13:47:59.000Z</time></trkpt>
<trkpt lat="30.62194496343243" lon="104.064871805906"><ele>495</ele><time>2025-08-27T13:48:00.000Z</time></trkpt>
<trkpt lat="30.62194496343243" lon="104.064871805906"><ele>495</ele><time>2025-08-27T13:48:01.000Z</time></trkpt>
<trkpt lat="30.62194496343243" lon="104.064871805906"><ele>495</ele><time>2025-08-27T13:48:02.000Z</time></trkpt>
<trkpt lat="30.62194496343243" lon="104.064871805906"><ele>494</ele><time>2025-08-27T13:48:03.000Z</time></trkpt>
<trkpt lat="30.62194496343243" lon="104.064871805906"><ele>494</ele><time>2025-08-27T13:48:04.000Z</time></trkpt>
<trkpt lat="30.62194496343243" lon="104.064871805906"><ele>494</ele><time>2025-08-27T13:48:05.000Z</time></trkpt>
<trkpt lat="30.62194496343243" lon="104.064871805906"><ele>494</ele><time>2025-08-27T13:48:06.000Z</time></trkpt>
<trkpt lat="30.62194496343243" lon="104.064871805906"><ele>494</ele><time>2025-08-27T13:48:07.000Z</time></trkpt>
<trkpt lat="30.62194496343243" lon="104.064871805906"><ele>493</ele><time>2025-08-27T13:48:08.000Z</time></trkpt>
<trkpt lat="30.62194496343243" lon="104.064871805906"><ele>492</ele><time>2025-08-27T13:48:09.000Z</time></trkpt>
<trkpt lat="30.62194496343243" lon="104.064871805906"><ele>492</ele><time>2025-08-27T13:48:10.000Z</time></trkpt>
<trkpt lat="30.62194496343243" lon="104.064871805906"><ele>492</ele><time>2025-08-27T13:48:11.000Z</time></trkpt>
<trkpt lat="30.62194496343243" lon="104.064871805906"><ele>491</ele><time>2025-08-27T13:48:12.000Z</time></trkpt>
<trkpt lat="30.62194496343243" lon="104.064871805906"><ele>491</ele><time>2025-08-27T13:48:13.000Z</time></trkpt>
<trkpt lat="30.62194496343243" lon="104.064871805906"><ele>491</ele><time>2025-08-27T13:48:14.000Z</time></trkpt>
<trkpt lat="30.62194496343243" lon="104.064871805906"><ele>490</ele><time>2025-08-27T13:48:15.000Z</time></trkpt>
<trkpt lat="30.62194496343243" lon="104.064871805906"><ele>491</ele><time>2025-08-27T13:48:16.000Z</time></trkpt>
<trkpt lat="30.62194496343243" lon="104.064871805906"><ele>490</ele><time>2025-08-27T13:48:17.000Z</time></trkpt>
<trkpt lat="30.62194496343243" lon="104.064871805906"><ele>489</ele><time>2025-08-27T13:48:18.000Z</time></trkpt>
<trkpt lat="30.62194496343243" lon="104.064871805906"><ele>490</ele><time>2025-08-27T13:48:19.000Z</time></trkpt>
<trkpt lat="30.62194496343243" lon="104.064871805906"><ele>490</ele><time>2025-08-27T13:48:20.000Z</time></trkpt>
<trkpt lat="30.62194496343243" lon="104.064871805906"><ele>489</ele><time>2025-08-27T13:48:21.000Z</time></trkpt>
<trkpt lat="30.62194496343243" lon="104.064871805906"><ele>489</ele><time>2025-08-27T13:48:22.000Z</time></trkpt>
<trkpt lat="30.62194496343243" lon="104.064871805906"><ele>489</ele><time>2025-08-27T13:48:23.000Z</time></trkpt>
<trkpt lat="30.62194496343243" lon="104.064871805906"><ele>489</ele><time>2025-08-27T13:48:24.000Z</time></trkpt>
<trkpt lat="30.62194496343243" lon="104.064871805906"><ele>488</ele><time>2025-08-27T13:48:25.000Z</time></trkpt>
<trkpt lat="30.62194496343243" lon="104.064871805906"><ele>488</ele><time>2025-08-27T13:48:26.000Z</time></trkpt>
<trkpt lat="30.62194496343243" lon="104.064871805906"><ele>488</ele><time>2025-08-27T13:48:27.000Z</time></trkpt>
<trkpt lat="30.62194496343243" lon="104.064871805906"><ele>488</ele><time>2025-08-27T13:48:28.000Z</time></trkpt>
<trkpt lat="30.62194496343243" lon="104.064871805906"><ele>488</ele><time>2025-08-27T13:48:29.000Z</time></trkpt>
<trkpt lat="30.62194496343243" lon="104.064871805906"><ele>488</ele><time>2025-08-27T13:48:30.000Z</time></trkpt>
<trkpt lat="30.62194496343243" lon="104.064871805906"><ele>487</ele><time>2025-08-27T13:48:31.000Z</time></trkpt>
<trkpt lat="30.62194496343243" lon="104.064871805906"><ele>487</ele><time>2025-08-27T13:48:32.000Z</time></trkpt>
<trkpt lat="30.62194496343243" lon="104.064871805906"><ele>487</ele><time>2025-08-27T13:48:33.000Z</time></trkpt>
<trkpt lat="30.62194496343243" lon="104.064871805906"><ele>487</ele><time>2025-08-27T13:48:34.000Z</time></trkpt>
<trkpt lat="30.62194496343243" lon="104.064871805906"><ele>487</ele><time>2025-08-27T13:48:35.000Z</time></trkpt>
<trkpt lat="30.62194496343243" lon="104.064871805906"><ele>487</ele><time>2025-08-27T13:48:36.000Z</time></trkpt>
<trkpt lat="30.62194496343243" lon="104.064871805906"><ele>487</ele><time>2025-08-27T13:48:37.000Z</time></trkpt>
<trkpt lat="30.62194496343243" lon="104.064871805906"><ele>487</ele><time>2025-08-27T13:48:38.000Z</time></trkpt>
<trkpt lat="30.62194496343243" lon="104.064871805906"><ele>487</ele><time>2025-08-27T13:48:39.000Z</time></trkpt>
<trkpt lat="30.62194496343243" lon="104.064871805906"><ele>487</ele><time>2025-08-27T13:48:40.000Z</time></trkpt>
<trkpt lat="30.62194496343243" lon="104.064871805906"><ele>487</ele><time>2025-08-27T13:48:41.000Z</time></trkpt>
<trkpt lat="30.62194496343243" lon="104.064871805906"><ele>487</ele><time>2025-08-27T13:48:42.000Z</time></trkpt>
<trkpt lat="30.62194496343243" lon="104.064871805906"><ele>487</ele><time>2025-08-27T13:48:43.000Z</time></trkpt>
<trkpt lat="30.62194496343243" lon="104.064871805906"><ele>487</ele><time>2025-08-27T13:48:44.000Z</time></trkpt>
<trkpt lat="30.62194496343243" lon="104.064871805906"><ele>487</ele><time>2025-08-27T13:48:45.000Z</time></trkpt>
<trkpt lat="30.62194496343243" lon="104.064871805906"><ele>488</ele><time>2025-08-27T13:48:46.000Z</time></trkpt>
<trkpt lat="30.62194496343243" lon="104.064871805906"><ele>488</ele><time>2025-08-27T13:48:47.000Z</time></trkpt>
<trkpt lat="30.62194496343243" lon="104.064871805906"><ele>488</ele><time>2025-08-27T13:48:48.000Z</time></trkpt>
<trkpt lat="30.62194496343243" lon="104.064871805906"><ele>488</ele><time>2025-08-27T13:48:49.000Z</time></trkpt>
<trkpt lat="30.62194496343243" lon="104.064871805906"><ele>488</ele><time>2025-08-27T13:48:50.000Z</time></trkpt>
<trkpt lat="30.62194496343243" lon="104.064871805906"><ele>488</ele><time>2025-08-27T13:48:51.000Z</time></trkpt>
<trkpt lat="30.62194496343243" lon="104.064871805906"><ele>488</ele><time>2025-08-27T13:48:52.000Z</time></trkpt>
<trkpt lat="30.62194496343243" lon="104.064871805906"><ele>488</ele><time>2025-08-27T13:48:53.000Z</time></trkpt>
<trkpt lat="30.62194496343243" lon="104.064871805906"><ele>488</ele><time>2025-08-27T13:48:54.000Z</time></trkpt>
<trkpt lat="30.62194496343243" lon="104.064871805906"><ele>489</ele><time>2025-08-27T13:48:55.000Z</time></trkpt>
<trkpt lat="30.62194496343243" lon="104.064871805906"><ele>490</ele><time>2025-08-27T13:48:56.000Z</time></trkpt>
<trkpt lat="30.62194496343243" lon="104.064871805906"><ele>490</ele><time>2025-08-27T13:48:57.000Z</time></trkpt>
<trkpt lat="30.62194496343243" lon="104.064871805906"><ele>490</ele><time>2025-08-27T13:48:58.000Z</time></trkpt>
<trkpt lat="30.62194496343243" lon="104.064871805906"><ele>490</ele><time>2025-08-27T13:48:59.000Z</time></trkpt>
<trkpt lat="30.62194496343243" lon="104.064871805906"><ele>492</ele><time>2025-08-27T13:49:00.000Z</time></trkpt>
<trkpt lat="30.62194496343243" lon="104.064871805906"><ele>493</ele><time>2025-08-27T13:49:01.000Z</time></trkpt>
<trkpt lat="30.62194496343243" lon="104.064871805906"><ele>494</ele><time>2025-08-27T13:49:02.000Z</time></trkpt>
<trkpt lat="30.62194496343243" lon="104.064871805906"><ele>495</ele><time>2025-08-27T13:49:03.000Z</time></trkpt>
<trkpt lat="30.62194496343243" lon="104.064871805906"><ele>496</ele><time>2025-08-27T13:49:04.000Z</time></trkpt>
<trkpt lat="30.62194496343243" lon="104.064871805906"><ele>496</ele><time>2025-08-27T13:49:05.000Z</time></trkpt>
<trkpt lat="30.62194496343243" lon="104.064871805906"><ele>497</ele><time>2025-08-27T13:49:06.000Z</time></trkpt>
<trkpt lat="30.62194496343243" lon="104.064871805906"><ele>497</ele><time>2025-08-27T13:49:07.000Z</time></trkpt>
<trkpt lat="30.62194496343243" lon="104.064871805906"><ele>498</ele><time>2025-08-27T13:49:08.000Z</time></trkpt>
<trkpt lat="30.62194496343243" lon="104.064871805906"><ele>499</ele><time>2025-08-27T13:49:09.000Z</time></trkpt>
<trkpt lat="30.62194496343243" lon="104.064871805906"><ele>499</ele><time>2025-08-27T13:49:10.000Z</time></trkpt>
<trkpt lat="30.62194496343243" lon="104.064871805906"><ele>500</ele><time>2025-08-27T13:49:11.000Z</time></trkpt>
<trkpt lat="30.62194496343243" lon="104.064871805906"><ele>500</ele><time>2025-08-27T13:49:12.000Z</time></trkpt>
<trkpt lat="30.62194496343243" lon="104.064871805906"><ele>501</ele><time>2025-08-27T13:49:13.000Z</time></trkpt>
<trkpt lat="30.62194496343243" lon="104.064871805906"><ele>500</ele><time>2025-08-27T13:49:14.000Z</time></trkpt>
<trkpt lat="30.62194496343243" lon="104.064871805906"><ele>502</ele><time>2025-08-27T13:49:15.000Z</time></trkpt>
<trkpt lat="30.62194496343243" lon="104.064871805906"><ele>502</ele><time>2025-08-27T13:49:16.000Z</time></trkpt>
<trkpt lat="30.62194496343243" lon="104.064871805906"><ele>501</ele><time>2025-08-27T13:49:17.000Z</time></trkpt>
<trkpt lat="30.62194496343243" lon="104.064871805906"><ele>502</ele><time>2025-08-27T13:49:18.000Z</time></trkpt>
<trkpt lat="30.62194496343243" lon="104.064871805906"><ele>507</ele><time>2025-08-27T13:49:25.000Z</time></trkpt>
<trkpt lat="30.62194496343243" lon="104.064871805906"><ele>509</ele><time>2025-08-27T13:49:26.000Z</time></trkpt>
<trkpt lat="30.62194496343243" lon="104.064871805906"><ele>509</ele><time>2025-08-27T13:49:27.000Z</time></trkpt>
<trkpt lat="30.62194496343243" lon="104.064871805906"><ele>513</ele><time>2025-08-27T13:49:28.000Z</time></trkpt>
<trkpt lat="30.62194496343243" lon="104.064871805906"><ele>535</ele><time>2025-08-27T13:49:29.000Z</time></trkpt>
<trkpt lat="30.62194496343243" lon="104.064871805906"><ele>519</ele><time>2025-08-27T13:49:30.000Z</time></trkpt>
<trkpt lat="30.62194496343243" lon="104.064871805906"><ele>514</ele><time>2025-08-27T13:49:31.000Z</time></trkpt>
<trkpt lat="30.62194496343243" lon="104.064871805906"><ele>509</ele><time>2025-08-27T13:49:32.000Z</time></trkpt>
<trkpt lat="30.62194496343243" lon="104.064871805906"><ele>502</ele><time>2025-08-27T13:49:33.000Z</time></trkpt>
<trkpt lat="30.62194496343243" lon="104.064871805906"><ele>498</ele><time>2025-08-27T13:49:34.000Z</time></trkpt>
<trkpt lat="30.62194496343243" lon="104.064871805906"><ele>494</ele><time>2025-08-27T13:49:35.000Z</time></trkpt>
<trkpt lat="30.62194496343243" lon="104.064871805906"><ele>494</ele><time>2025-08-27T13:49:36.000Z</time></trkpt>
<trkpt lat="30.62194496343243" lon="104.064871805906"><ele>493</ele><time>2025-08-27T13:49:37.000Z</time></trkpt>
<trkpt lat="30.62194496343243" lon="104.064871805906"><ele>491</ele><time>2025-08-27T13:49:38.000Z</time></trkpt>
<trkpt lat="30.62194496343243" lon="104.064871805906"><ele>490</ele><time>2025-08-27T13:49:39.000Z</time></trkpt>
<trkpt lat="30.62194496343243" lon="104.064871805906"><ele>489</ele><time>2025-08-27T13:49:40.000Z</time></trkpt>
<trkpt lat="30.62194496343243" lon="104.064871805906"><ele>490</ele><time>2025-08-27T13:49:41.000Z</time></trkpt>
<trkpt lat="30.62194496343243" lon="104.064871805906"><ele>490</ele><time>2025-08-27T13:49:42.000Z</time></trkpt>
<trkpt lat="30.62194496343243" lon="104.064871805906"><ele>489</ele><time>2025-08-27T13:49:43.000Z</time></trkpt>
<trkpt lat="30.62194496343243" lon="104.064871805906"><ele>489</ele><time>2025-08-27T13:49:44.000Z</time></trkpt>
<trkpt lat="30.62194496343243" lon="104.064871805906"><ele>489</ele><time>2025-08-27T13:49:45.000Z</time></trkpt>
<trkpt lat="30.62194496343243" lon="104.064871805906"><ele>489</ele><time>2025-08-27T13:49:46.000Z</time></trkpt>
<trkpt lat="30.62194496343243" lon="104.064871805906"><ele>489</ele><time>2025-08-27T13:49:47.000Z</time></trkpt>
<trkpt lat="30.62194496343243" lon="104.064871805906"><ele>488</ele><time>2025-08-27T13:49:48.000Z</time></trkpt>
<trkpt lat="30.62194496343243" lon="104.064871805906"><ele>488</ele><time>2025-08-27T13:49:49.000Z</time></trkpt>
<trkpt lat="30.62194496343243" lon="104.064871805906"><ele>487</ele><time>2025-08-27T13:49:50.000Z</time></trkpt>
<trkpt lat="30.62194496343243" lon="104.064871805906"><ele>486</ele><time>2025-08-27T13:49:51.000Z</time></trkpt>
<trkpt lat="30.62194496343243" lon="104.064871805906"><ele>485</ele><time>2025-08-27T13:49:52.000Z</time></trkpt>
<trkpt lat="30.62194496343243" lon="104.064871805906"><ele>484</ele><time>2025-08-27T13:49:53.000Z</time></trkpt>
<trkpt lat="30.62194496343243" lon="104.064871805906"><ele>483</ele><time>2025-08-27T13:49:54.000Z</time></trkpt>
<trkpt lat="30.62194496343243" lon="104.064871805906"><ele>483</ele><time>2025-08-27T13:49:55.000Z</time></trkpt>
<trkpt lat="30.62194496343243" lon="104.064871805906"><ele>491</ele><time>2025-08-27T13:49:56.000Z</time></trkpt>
<trkpt lat="30.62194496343243" lon="104.064871805906"><ele>491</ele><time>2025-08-27T13:49:57.000Z</time></trkpt>
<trkpt lat="30.62194496343243" lon="104.064871805906"><ele>490</ele><time>2025-08-27T13:49:58.000Z</time></trkpt>
<trkpt lat="30.62194496343243" lon="104.064871805906"><ele>490</ele><time>2025-08-27T13:49:59.000Z</time></trkpt>
<trkpt lat="30.62194496343243" lon="104.064871805906"><ele>489</ele><time>2025-08-27T13:50:00.000Z</time></trkpt>
<trkpt lat="30.62194496343243" lon="104.064871805906"><ele>489</ele><time>2025-08-27T13:50:01.000Z</time></trkpt>
<trkpt lat="30.62194496343243" lon="104.064871805906"><ele>488</ele><time>2025-08-27T13:50:02.000Z</time></trkpt>
<trkpt lat="30.62194496343243" lon="104.064871805906"><ele>488</ele><time>2025-08-27T13:50:03.000Z</time></trkpt>
<trkpt lat="30.62194496343243" lon="104.064871805906"><ele>487</ele><time>2025-08-27T13:50:04.000Z</time></trkpt>
<trkpt lat="30.62194496343243" lon="104.064871805906"><ele>487</ele><time>2025-08-27T13:50:05.000Z</time></trkpt>
<trkpt lat="30.62194496343243" lon="104.064871805906"><ele>487</ele><time>2025-08-27T13:50:06.000Z</time></trkpt>
<trkpt lat="30.62194496343243" lon="104.064871805906"><ele>487</ele><time>2025-08-27T13:50:07.000Z</time></trkpt>
<trkpt lat="30.62194496343243" lon="104.064871805906"><ele>486</ele><time>2025-08-27T13:50:08.000Z</time></trkpt>
<trkpt lat="30.62194496343243" lon="104.064871805906"><ele>485</ele><time>2025-08-27T13:50:09.000Z</time></trkpt>
<trkpt lat="30.62194496343243" lon="104.064871805906"><ele>485</ele><time>2025-08-27T13:50:10.000Z</time></trkpt>
<trkpt lat="30.62194496343243" lon="104.064871805906"><ele>485</ele><time>2025-08-27T13:50:11.000Z</time></trkpt>
<trkpt lat="30.62194496343243" lon="104.064871805906"><ele>485</ele><time>2025-08-27T13:50:12.000Z</time></trkpt>
<trkpt lat="30.62194496343243" lon="104.064871805906"><ele>485</ele><time>2025-08-27T13:50:13.000Z</time></trkpt>
<trkpt lat="30.62194496343243" lon="104.064871805906"><ele>484</ele><time>2025-08-27T13:50:14.000Z</time></trkpt>
<trkpt lat="30.62194496343243" lon="104.064871805906"><ele>485</ele><time>2025-08-27T13:50:15.000Z</time></trkpt>
<trkpt lat="30.62194496343243" lon="104.064871805906"><ele>485</ele><time>2025-08-27T13:50:16.000Z</time></trkpt>
<trkpt lat="30.62194496343243" lon="104.064871805906"><ele>485</ele><time>2025-08-27T13:50:17.000Z</time></trkpt>
<trkpt lat="30.62194496343243" lon="104.064871805906"><ele>484</ele><time>2025-08-27T13:50:18.000Z</time></trkpt>
<trkpt lat="30.62194496343243" lon="104.064871805906"><ele>483</ele><time>2025-08-27T13:50:19.000Z</time></trkpt>
<trkpt lat="30.62194496343243" lon="104.064871805906"><ele>483</ele><time>2025-08-27T13:50:20.000Z</time></trkpt>
<trkpt lat="30.62194496343243" lon="104.064871805906"><ele>483</ele><time>2025-08-27T13:50:21.000Z</time></trkpt>
<trkpt lat="30.62194496343243" lon="104.064871805906"><ele>483</ele><time>2025-08-27T13:50:22.000Z</time></trkpt>
<trkpt lat="30.62194496343243" lon="104.064871805906"><ele>483</ele><time>2025-08-27T13:50:23.000Z</time></trkpt>
<trkpt lat="30.62194496343243" lon="104.064871805906"><ele>483</ele><time>2025-08-27T13:50:24.000Z</time></trkpt>
<trkpt lat="30.62194496343243" lon="104.064871805906"><ele>483</ele><time>2025-08-27T13:50:25.000Z</time></trkpt>
<trkpt lat="30.62194496343243" lon="104.064871805906"><ele>483</ele><time>2025-08-27T13:50:26.000Z</time></trkpt>
<trkpt lat="30.62194496343243" lon="104.064871805906"><ele>482</ele><time>2025-08-27T13:50:27.000Z</time></trkpt>
<trkpt lat="30.62194496343243" lon="104.064871805906"><ele>482</ele><time>2025-08-27T13:50:28.000Z</time></trkpt>
<trkpt lat="30.62194496343243" lon="104.064871805906"><ele>482</ele><time>2025-08-27T13:50:29.000Z</time></trkpt>
<trkpt lat="30.62194496343243" lon="104.064871805906"><ele>482</ele><time>2025-08-27T13:50:30.000Z</time></trkpt>
<trkpt lat="30.62194496343243" lon="104.064871805906"><ele>482</ele><time>2025-08-27T13:50:31.000Z</time></trkpt>
<trkpt lat="30.62194496343243" lon="104.064871805906"><ele>482</ele><time>2025-08-27T13:50:32.000Z</time></trkpt>
<trkpt lat="30.62194496343243" lon="104.064871805906"><ele>482</ele><time>2025-08-27T13:50:33.000Z</time></trkpt>
<trkpt lat="30.62194496343243" lon="104.064871805906"><ele>481</ele><time>2025-08-27T13:50:34.000Z</time></trkpt>
<trkpt lat="30.62194496343243" lon="104.064871805906"><ele>482</ele><time>2025-08-27T13:50:35.000Z</time></trkpt>
<trkpt lat="30.62194496343243" lon="104.064871805906"><ele>482</ele><time>2025-08-27T13:50:36.000Z</time></trkpt>
<trkpt lat="30.62194496343243" lon="104.064871805906"><ele>482</ele><time>2025-08-27T13:50:37.000Z</time></trkpt>
<trkpt lat="30.62194496343243" lon="104.064871805906"><ele>482</ele><time>2025-08-27T13:50:38.000Z</time></trkpt>
<trkpt lat="30.62194496343243" lon="104.064871805906"><ele>482</ele><time>2025-08-27T13:50:39.000Z</time></trkpt>
<trkpt lat="30.62194496343243" lon="104.064871805906"><ele>482</ele><time>2025-08-27T13:50:40.000Z</time></trkpt>
<trkpt lat="30.62194496343243" lon="104.064871805906"><ele>482</ele><time>2025-08-27T13:50:41.000Z</time></trkpt>
<trkpt lat="30.62194496343243" lon="104.064871805906"><ele>482</ele><time>2025-08-27T13:50:42.000Z</time></trkpt>
<trkpt lat="30.62194496343243" lon="104.064871805906"><ele>482</ele><time>2025-08-27T13:50:43.000Z</time></trkpt>
<trkpt lat="30.62194496343243" lon="104.064871805906"><ele>482</ele><time>2025-08-27T13:50:44.000Z</time></trkpt>
<trkpt lat="30.62194496343243" lon="104.064871805906"><ele>482</ele><time>2025-08-27T13:50:45.000Z</time></trkpt>
<trkpt lat="30.62194496343243" lon="104.064871805906"><ele>482</ele><time>2025-08-27T13:50:46.000Z</time></trkpt>
<trkpt lat="30.62194496343243" lon="104.064871805906"><ele>482</ele><time>2025-08-27T13:50:47.000Z</time></trkpt>
<trkpt lat="30.62194496343243" lon="104.064871805906"><ele>482</ele><time>2025-08-27T13:50:48.000Z</time></trkpt>
<trkpt lat="30.62194496343243" lon="104.064871805906"><ele>482</ele><time>2025-08-27T13:50:49.000Z</time></trkpt>
<trkpt lat="30.62194496343243" lon="104.064871805906"><ele>482</ele><time>2025-08-27T13:50:50.000Z</time></trkpt>
<trkpt lat="30.62194496343243" lon="104.064871805906"><ele>482</ele><time>2025-08-27T13:50:51.000Z</time></trkpt>
<trkpt lat="30.62194496343243" lon="104.064871805906"><ele>482</ele><time>2025-08-27T13:50:52.000Z</time></trkpt>
<trkpt lat="30.62194496343243" lon="104.064871805906"><ele>482</ele><time>2025-08-27T13:50:53.000Z</time></trkpt>
<trkpt lat="30.62194496343243" lon="104.064871805906"><ele>482</ele><time>2025-08-27T13:50:54.000Z</time></trkpt>
<trkpt lat="30.62194496343243" lon="104.064871805906"><ele>482</ele><time>2025-08-27T13:50:55.000Z</time></trkpt>
<trkpt lat="30.62194496343243" lon="104.064871805906"><ele>482</ele><time>2025-08-27T13:50:56.000Z</time></trkpt>
<trkpt lat="30.62194496343243" lon="104.064871805906"><ele>482</ele><time>2025-08-27T13:50:57.000Z</time></trkpt>
<trkpt lat="30.62194496343243" lon="104.064871805906"><ele>482</ele><time>2025-08-27T13:50:58.000Z</time></trkpt>
<trkpt lat="30.62194496343243" lon="104.064871805906"><ele>481</ele><time>2025-08-27T13:50:59.000Z</time></trkpt>
<trkpt lat="30.62194496343243" lon="104.064871805906"><ele>481</ele><time>2025-08-27T13:51:00.000Z</time></trkpt>
<trkpt lat="30.62194496343243" lon="104.064871805906"><ele>482</ele><time>2025-08-27T13:51:01.000Z</time></trkpt>
<trkpt lat="30.62194496343243" lon="104.064871805906"><ele>482</ele><time>2025-08-27T13:51:02.000Z</time></trkpt>
<trkpt lat="30.62194496343243" lon="104.064871805906"><ele>482</ele><time>2025-08-27T13:51:03.000Z</time></trkpt>
<trkpt lat="30.62194496343243" lon="104.064871805906"><ele>482</ele><time>2025-08-27T13:51:04.000Z</time></trkpt>
<trkpt lat="30.62194496343243" lon="104.064871805906"><ele>482</ele><time>2025-08-27T13:51:05.000Z</time></trkpt>
<trkpt lat="30.62194496343243" lon="104.064871805906"><ele>482</ele><time>2025-08-27T13:51:06.000Z</time></trkpt>
<trkpt lat="30.62194496343243" lon="104.064871805906"><ele>482</ele><time>2025-08-27T13:51:07.000Z</time></trkpt>
<trkpt lat="30.62194496343243" lon="104.064871805906"><ele>482</ele><time>2025-08-27T13:51:08.000Z</time></trkpt>
<trkpt lat="30.62194496343243" lon="104.064871805906"><ele>482</ele><time>2025-08-27T13:51:09.000Z</time></trkpt>
<trkpt lat="30.62194496343243" lon="104.064871805906"><ele>482</ele><time>2025-08-27T13:51:10.000Z</time></trkpt>
<trkpt lat="30.62194496343243" lon="104.064871805906"><ele>482</ele><time>2025-08-27T13:51:11.000Z</time></trkpt>
<trkpt lat="30.62194496343243" lon="104.064871805906"><ele>482</ele><time>2025-08-27T13:51:12.000Z</time></trkpt>
<trkpt lat="30.62194496343243" lon="104.064871805906"><ele>482</ele><time>2025-08-27T13:51:13.000Z</time></trkpt>
<trkpt lat="30.62194496343243" lon="104.064871805906"><ele>482</ele><time>2025-08-27T13:51:14.000Z</time></trkpt>
<trkpt lat="30.62194496343243" lon="104.064871805906"><ele>482</ele><time>2025-08-27T13:51:15.000Z</time></trkpt>
<trkpt lat="30.62194496343243" lon="104.064871805906"><ele>482</ele><time>2025-08-27T13:51:16.000Z</time></trkpt>
<trkpt lat="30.62194496343243" lon="104.064871805906"><ele>482</ele><time>2025-08-27T13:51:17.000Z</time></trkpt>
<trkpt lat="30.62194496343243" lon="104.064871805906"><ele>482</ele><time>2025-08-27T13:51:18.000Z</time></trkpt>
<trkpt lat="30.62194496343243" lon="104.064871805906"><ele>482</ele><time>2025-08-27T13:51:19.000Z</time></trkpt>
<trkpt lat="30.62194496343243" lon="104.064871805906"><ele>482</ele><time>2025-08-27T13:51:20.000Z</time></trkpt>
<trkpt lat="30.62194496343243" lon="104.064871805906"><ele>482</ele><time>2025-08-27T13:51:21.000Z</time></trkpt>
<trkpt lat="30.62194496343243" lon="104.064871805906"><ele>482</ele><time>2025-08-27T13:51:22.000Z</time></trkpt>
<trkpt lat="30.62194496343243" lon="104.064871805906"><ele>482</ele><time>2025-08-27T13:51:23.000Z</time></trkpt>
<trkpt lat="30.62194496343243" lon="104.064871805906"><ele>482</ele><time>2025-08-27T13:51:24.000Z</time></trkpt>
<trkpt lat="30.62194496343243" lon="104.064871805906"><ele>482</ele><time>2025-08-27T13:51:25.000Z</time></trkpt>
<trkpt lat="30.62194496343243" lon="104.064871805906"><ele>482</ele><time>2025-08-27T13:51:26.000Z</time></trkpt>
<trkpt lat="30.62194496343243" lon="104.064871805906"><ele>482</ele><time>2025-08-27T13:51:27.000Z</time></trkpt>
<trkpt lat="30.62194496343243" lon="104.064871805906"><ele>482</ele><time>2025-08-27T13:51:28.000Z</time></trkpt>
<trkpt lat="30.62194496343243" lon="104.064871805906"><ele>482</ele><time>2025-08-27T13:51:29.000Z</time></trkpt>
<trkpt lat="30.62194496343243" lon="104.064871805906"><ele>482</ele><time>2025-08-27T13:51:30.000Z</time></trkpt>
<trkpt lat="30.62194496343243" lon="104.064871805906"><ele>482</ele><time>2025-08-27T13:51:31.000Z</time></trkpt>
<trkpt lat="30.62194496343243" lon="104.064871805906"><ele>482</ele><time>2025-08-27T13:51:32.000Z</time></trkpt>
<trkpt lat="30.62194496343243" lon="104.064871805906"><ele>482</ele><time>2025-08-27T13:51:33.000Z</time></trkpt>
<trkpt lat="30.62194496343243" lon="104.064871805906"><ele>482</ele><time>2025-08-27T13:51:34.000Z</time></trkpt>
<trkpt lat="30.62194496343243" lon="104.064871805906"><ele>482</ele><time>2025-08-27T13:51:35.000Z</time></trkpt>
<trkpt lat="30.62194496343243" lon="104.064871805906"><ele>482</ele><time>2025-08-27T13:51:36.000Z</time></trkpt>
<trkpt lat="30.62194496343243" lon="104.064871805906"><ele>482</ele><time>2025-08-27T13:51:37.000Z</time></trkpt>
<trkpt lat="30.62194496343243" lon="104.064871805906"><ele>482</ele><time>2025-08-27T13:51:38.000Z</time></trkpt>
<trkpt lat="30.62194496343243" lon="104.064871805906"><ele>482</ele><time>2025-08-27T13:51:39.000Z</time></trkpt>
<trkpt lat="30.62194496343243" lon="104.064871805906"><ele>482</ele><time>2025-08-27T13:51:40.000Z</time></trkpt>
<trkpt lat="30.62194496343243" lon="104.064871805906"><ele>483</ele><time>2025-08-27T13:51:41.000Z</time></trkpt>
<trkpt lat="30.62194496343243" lon="104.064871805906"><ele>483</ele><time>2025-08-27T13:51:42.000Z</time></trkpt>
<trkpt lat="30.62194496343243" lon="104.064871805906"><ele>483</ele><time>2025-08-27T13:51:43.000Z</time></trkpt>
<trkpt lat="30.62194496343243" lon="104.064871805906"><ele>483</ele><time>2025-08-27T13:51:44.000Z</time></trkpt>
<trkpt lat="30.62194496343243" lon="104.064871805906"><ele>484</ele><time>2025-08-27T13:51:45.000Z</time></trkpt>
<trkpt lat="30.62194496343243" lon="104.064871805906"><ele>484</ele><time>2025-08-27T13:51:46.000Z</time></trkpt>
<trkpt lat="30.62194496343243" lon="104.064871805906"><ele>485</ele><time>2025-08-27T13:51:47.000Z</time></trkpt>
<trkpt lat="30.62194496343243" lon="104.064871805906"><ele>485</ele><time>2025-08-27T13:51:48.000Z</time></trkpt>
<trkpt lat="30.62194496343243" lon="104.064871805906"><ele>485</ele><time>2025-08-27T13:51:49.000Z</time></trkpt>
<trkpt lat="30.62194496343243" lon="104.064871805906"><ele>484</ele><time>2025-08-27T13:51:50.000Z</time></trkpt>
<trkpt lat="30.62194496343243" lon="104.064871805906"><ele>485</ele><time>2025-08-27T13:51:51.000Z</time></trkpt>
<trkpt lat="30.62194496343243" lon="104.064871805906"><ele>484</ele><time>2025-08-27T13:51:52.000Z</time></trkpt>
<trkpt lat="30.62194496343243" lon="104.064871805906"><ele>485</ele><time>2025-08-27T13:51:53.000Z</time></trkpt>
<trkpt lat="30.62194496343243" lon="104.064871805906"><ele>483</ele><time>2025-08-27T13:51:54.000Z</time></trkpt>
<trkpt lat="30.62194496343243" lon="104.064871805906"><ele>484</ele><time>2025-08-27T13:51:55.000Z</time></trkpt>
<trkpt lat="30.62194496343243" lon="104.064871805906"><ele>484</ele><time>2025-08-27T13:51:56.000Z</time></trkpt>
<trkpt lat="30.62194496343243" lon="104.064871805906"><ele>483</ele><time>2025-08-27T13:51:57.000Z</time></trkpt>
<trkpt lat="30.62194496343243" lon="104.064871805906"><ele>485</ele><time>2025-08-27T13:51:58.000Z</time></trkpt>
<trkpt lat="30.62194496343243" lon="104.064871805906"><ele>484</ele><time>2025-08-27T13:51:59.000Z</time></trkpt>
<trkpt lat="30.62194496343243" lon="104.064871805906"><ele>484</ele><time>2025-08-27T13:52:00.000Z</time></trkpt>
<trkpt lat="30.62194496343243" lon="104.064871805906"><ele>483</ele><time>2025-08-27T13:52:01.000Z</time></trkpt>
<trkpt lat="30.62194496343243" lon="104.064871805906"><ele>483</ele><time>2025-08-27T13:52:02.000Z</time></trkpt>
<trkpt lat="30.62194496343243" lon="104.064871805906"><ele>483</ele><time>2025-08-27T13:52:03.000Z</time></trkpt>
<trkpt lat="30.62194496343243" lon="104.064871805906"><ele>483</ele><time>2025-08-27T13:52:04.000Z</time></trkpt>
<trkpt lat="30.62194496343243" lon="104.064871805906"><ele>484</ele><time>2025-08-27T13:52:05.000Z</time></trkpt>
<trkpt lat="30.62194496343243" lon="104.064871805906"><ele>483</ele><time>2025-08-27T13:52:06.000Z</time></trkpt>
<trkpt lat="30.62194496343243" lon="104.064871805906"><ele>483</ele><time>2025-08-27T13:52:07.000Z</time></trkpt>
<trkpt lat="30.62194496343243" lon="104.064871805906"><ele>482</ele><time>2025-08-27T13:52:08.000Z</time></trkpt>
<trkpt lat="30.62194496343243" lon="104.064871805906"><ele>482</ele><time>2025-08-27T13:52:09.000Z</time></trkpt>
<trkpt lat="30.62194496343243" lon="104.064871805906"><ele>481</ele><time>2025-08-27T13:52:10.000Z</time></trkpt>
<trkpt lat="30.62194496343243" lon="104.064871805906"><ele>482</ele><time>2025-08-27T13:52:11.000Z</time></trkpt>
<trkpt lat="30.62194496343243" lon="104.064871805906"><ele>482</ele><time>2025-08-27T13:52:12.000Z</time></trkpt>
<trkpt lat="30.62194496343243" lon="104.064871805906"><ele>481</ele><time>2025-08-27T13:52:13.000Z</time></trkpt>
<trkpt lat="30.62194496343243" lon="104.064871805906"><ele>482</ele><time>2025-08-27T13:52:14.000Z</time></trkpt>
<trkpt lat="30.62194496343243" lon="104.064871805906"><ele>480</ele><time>2025-08-27T13:52:15.000Z</time></trkpt>
<trkpt lat="30.62194496343243" lon="104.064871805906"><ele>481</ele><time>2025-08-27T13:52:16.000Z</time></trkpt>
<trkpt lat="30.62194496343243" lon="104.064871805906"><ele>481</ele><time>2025-08-27T13:52:17.000Z</time></trkpt>
<trkpt lat="30.62194496343243" lon="104.064871805906"><ele>481</ele><time>2025-08-27T13:52:18.000Z</time></trkpt>
<trkpt lat="30.62194496343243" lon="104.064871805906"><ele>482</ele><time>2025-08-27T13:52:19.000Z</time></trkpt>
<trkpt lat="30.62194496343243" lon="104.064871805906"><ele>480</ele><time>2025-08-27T13:52:20.000Z</time></trkpt>
<trkpt lat="30.62194496343243" lon="104.064871805906"><ele>481</ele><time>2025-08-27T13:52:21.000Z</time></trkpt>
<trkpt lat="30.62194496343243" lon="104.064871805906"><ele>481</ele><time>2025-08-27T13:52:22.000Z</time></trkpt>
<trkpt lat="30.62194496343243" lon="104.064871805906"><ele>481</ele><time>2025-08-27T13:52:23.000Z</time></trkpt>
<trkpt lat="30.62194496343243" lon="104.064871805906"><ele>482</ele><time>2025-08-27T13:52:24.000Z</time></trkpt>
<trkpt lat="30.62194496343243" lon="104.064871805906"><ele>482</ele><time>2025-08-27T13:52:25.000Z</time></trkpt>
<trkpt lat="30.62194496343243" lon="104.064871805906"><ele>482</ele><time>2025-08-27T13:52:26.000Z</time></trkpt>
<trkpt lat="30.62194496343243" lon="104.064871805906"><ele>482</ele><time>2025-08-27T13:52:27.000Z</time></trkpt>
<trkpt lat="30.62194496343243" lon="104.064871805906"><ele>482</ele><time>2025-08-27T13:52:28.000Z</time></trkpt>
<trkpt lat="30.62194496343243" lon="104.064871805906"><ele>480</ele><time>2025-08-27T13:52:29.000Z</time></trkpt>
<trkpt lat="30.62194496343243" lon="104.064871805906"><ele>482</ele><time>2025-08-27T13:52:30.000Z</time></trkpt>
<trkpt lat="30.62194496343243" lon="104.064871805906"><ele>481</ele><time>2025-08-27T13:52:31.000Z</time></trkpt>
<trkpt lat="30.62194496343243" lon="104.064871805906"><ele>481</ele><time>2025-08-27T13:52:32.000Z</time></trkpt>
<trkpt lat="30.62194496343243" lon="104.064871805906"><ele>481</ele><time>2025-08-27T13:52:33.000Z</time></trkpt>
<trkpt lat="30.62194496343243" lon="104.064871805906"><ele>480</ele><time>2025-08-27T13:52:34.000Z</time></trkpt>
<trkpt lat="30.62194496343243" lon="104.064871805906"><ele>481</ele><time>2025-08-27T13:52:35.000Z</time></trkpt>
<trkpt lat="30.62194496343243" lon="104.064871805906"><ele>482</ele><time>2025-08-27T13:52:36.000Z</time></trkpt>
<trkpt lat="30.62194496343243" lon="104.064871805906"><ele>481</ele><time>2025-08-27T13:52:37.000Z</time></trkpt>
<trkpt lat="30.62194496343243" lon="104.064871805906"><ele>482</ele><time>2025-08-27T13:52:38.000Z</time></trkpt>
<trkpt lat="30.62194496343243" lon="104.064871805906"><ele>481</ele><time>2025-08-27T13:52:39.000Z</time></trkpt>
<trkpt lat="30.62194496343243" lon="104.064871805906"><ele>482</ele><time>2025-08-27T13:52:40.000Z</time></trkpt>
<trkpt lat="30.62194496343243" lon="104.064871805906"><ele>481</ele><time>2025-08-27T13:52:41.000Z</time></trkpt>
<trkpt lat="30.62194496343243" lon="104.064871805906"><ele>481</ele><time>2025-08-27T13:52:42.000Z</time></trkpt>
<trkpt lat="30.62194496343243" lon="104.064871805906"><ele>480</ele><time>2025-08-27T13:52:43.000Z</time></trkpt>
<trkpt lat="30.62194496343243" lon="104.064871805906"><ele>480</ele><time>2025-08-27T13:52:44.000Z</time></trkpt>
<trkpt lat="30.62194496343243" lon="104.064871805906"><ele>479</ele><time>2025-08-27T13:52:45.000Z</time></trkpt>
<trkpt lat="30.62194496343243" lon="104.064871805906"><ele>481</ele><time>2025-08-27T13:52:46.000Z</time></trkpt>
<trkpt lat="30.62194496343243" lon="104.064871805906"><ele>480</ele><time>2025-08-27T13:52:47.000Z</time></trkpt>
<trkpt lat="30.62194496343243" lon="104.064871805906"><ele>480</ele><time>2025-08-27T13:52:48.000Z</time></trkpt>
<trkpt lat="30.62194496343243" lon="104.064871805906"><ele>480</ele><time>2025-08-27T13:52:49.000Z</time></trkpt>
<trkpt lat="30.62194496343243" lon="104.064871805906"><ele>480</ele><time>2025-08-27T13:52:50.000Z</time></trkpt>
<trkpt lat="30.62194496343243" lon="104.064871805906"><ele>480</ele><time>2025-08-27T13:52:51.000Z</time></trkpt>
<trkpt lat="30.62194496343243" lon="104.064871805906"><ele>480</ele><time>2025-08-27T13:52:52.000Z</time></trkpt>
<trkpt lat="30.62194496343243" lon="104.064871805906"><ele>481</ele><time>2025-08-27T13:52:53.000Z</time></trkpt>
<trkpt lat="30.62194496343243" lon="104.064871805906"><ele>479</ele><time>2025-08-27T13:52:54.000Z</time></trkpt>
<trkpt lat="30.62194496343243" lon="104.064871805906"><ele>480</ele><time>2025-08-27T13:52:55.000Z</time></trkpt>
<trkpt lat="30.62194496343243" lon="104.064871805906"><ele>480</ele><time>2025-08-27T13:52:56.000Z</time></trkpt>
<trkpt lat="30.62194496343243" lon="104.064871805906"><ele>481</ele><time>2025-08-27T13:52:57.000Z</time></trkpt>
<trkpt lat="30.62194496343243" lon="104.064871805906"><ele>480</ele><time>2025-08-27T13:52:58.000Z</time></trkpt>
<trkpt lat="30.62194496343243" lon="104.064871805906"><ele>481</ele><time>2025-08-27T13:52:59.000Z</time></trkpt>
<trkpt lat="30.62194496343243" lon="104.064871805906"><ele>480</ele><time>2025-08-27T13:53:00.000Z</time></trkpt>
<trkpt lat="30.62194496343243" lon="104.064871805906"><ele>480</ele><time>2025-08-27T13:53:01.000Z</time></trkpt>
<trkpt lat="30.62194496343243" lon="104.064871805906"><ele>482</ele><time>2025-08-27T13:53:02.000Z</time></trkpt>
<trkpt lat="30.62194496343243" lon="104.064871805906"><ele>479</ele><time>2025-08-27T13:53:03.000Z</time></trkpt>
<trkpt lat="30.62194496343243" lon="104.064871805906"><ele>483</ele><time>2025-08-27T13:53:04.000Z</time></trkpt>
<trkpt lat="30.62194496343243" lon="104.064871805906"><ele>482</ele><time>2025-08-27T13:53:05.000Z</time></trkpt>
<trkpt lat="30.62194496343243" lon="104.064871805906"><ele>481</ele><time>2025-08-27T13:53:06.000Z</time></trkpt>
<trkpt lat="30.62194496343243" lon="104.064871805906"><ele>482</ele><time>2025-08-27T13:53:07.000Z</time></trkpt>
<trkpt lat="30.62194496343243" lon="104.064871805906"><ele>482</ele><time>2025-08-27T13:53:08.000Z</time></trkpt>
<trkpt lat="30.62194496343243" lon="104.064871805906"><ele>484</ele><time>2025-08-27T13:53:09.000Z</time></trkpt>
<trkpt lat="30.62194496343243" lon="104.064871805906"><ele>481</ele><time>2025-08-27T13:53:10.000Z</time></trkpt>
<trkpt lat="30.62194496343243" lon="104.064871805906"><ele>482</ele><time>2025-08-27T13:53:11.000Z</time></trkpt>
<trkpt lat="30.62194496343243" lon="104.064871805906"><ele>480</ele><time>2025-08-27T13:53:12.000Z</time></trkpt>
<trkpt lat="30.62194496343243" lon="104.064871805906"><ele>479</ele><time>2025-08-27T13:53:13.000Z</time></trkpt>
<trkpt lat="30.62194496343243" lon="104.064871805906"><ele>479</ele><time>2025-08-27T13:53:14.000Z</time></trkpt>
<trkpt lat="30.62194496343243" lon="104.064871805906"><ele>478</ele><time>2025-08-27T13:53:15.000Z</time></trkpt>
<trkpt lat="30.62194496343243" lon="104.064871805906"><ele>478</ele><time>2025-08-27T13:53:16.000Z</time></trkpt>
<trkpt lat="30.62194496343243" lon="104.064871805906"><ele>478</ele><time>2025-08-27T13:53:17.000Z</time></trkpt>
<trkpt lat="30.62194496343243" lon="104.064871805906"><ele>478</ele><time>2025-08-27T13:53:18.000Z</time></trkpt>
<trkpt lat="30.62194496343243" lon="104.064871805906"><ele>479</ele><time>2025-08-27T13:53:19.000Z</time></trkpt>
<trkpt lat="30.62194496343243" lon="104.064871805906"><ele>477</ele><time>2025-08-27T13:53:20.000Z</time></trkpt>
<trkpt lat="30.62194496343243" lon="104.064871805906"><ele>478</ele><time>2025-08-27T13:53:21.000Z</time></trkpt>
<trkpt lat="30.62194496343243" lon="104.064871805906"><ele>478</ele><time>2025-08-27T13:53:22.000Z</time></trkpt>
<trkpt lat="30.62194496343243" lon="104.064871805906"><ele>478</ele><time>2025-08-27T13:53:23.000Z</time></trkpt>
<trkpt lat="30.62194496343243" lon="104.064871805906"><ele>478</ele><time>2025-08-27T13:53:24.000Z</time></trkpt>
<trkpt lat="30.62194496343243" lon="104.064871805906"><ele>479</ele><time>2025-08-27T13:53:25.000Z</time></trkpt>
<trkpt lat="30.62194496343243" lon="104.064871805906"><ele>480</ele><time>2025-08-27T13:53:26.000Z</time></trkpt>
<trkpt lat="30.62194496343243" lon="104.064871805906"><ele>481</ele><time>2025-08-27T13:53:27.000Z</time></trkpt>
<trkpt lat="30.62194496343243" lon="104.064871805906"><ele>481</ele><time>2025-08-27T13:53:28.000Z</time></trkpt>
<trkpt lat="30.62194496343243" lon="104.064871805906"><ele>481</ele><time>2025-08-27T13:53:29.000Z</time></trkpt>
<trkpt lat="30.62194496343243" lon="104.064871805906"><ele>481</ele><time>2025-08-27T13:53:30.000Z</time></trkpt>
<trkpt lat="30.62194496343243" lon="104.064871805906"><ele>482</ele><time>2025-08-27T13:53:31.000Z</time></trkpt>
<trkpt lat="30.62194496343243" lon="104.064871805906"><ele>483</ele><time>2025-08-27T13:53:32.000Z</time></trkpt>
<trkpt lat="30.62194496343243" lon="104.064871805906"><ele>483</ele><time>2025-08-27T13:53:33.000Z</time></trkpt>
<trkpt lat="30.62194496343243" lon="104.064871805906"><ele>483</ele><time>2025-08-27T13:53:34.000Z</time></trkpt>
<trkpt lat="30.62194496343243" lon="104.064871805906"><ele>484</ele><time>2025-08-27T13:53:35.000Z</time></trkpt>
<trkpt lat="30.62194496343243" lon="104.064871805906"><ele>484</ele><time>2025-08-27T13:53:36.000Z</time></trkpt>
<trkpt lat="30.62194496343243" lon="104.064871805906"><ele>484</ele><time>2025-08-27T13:53:37.000Z</time></trkpt>
<trkpt lat="30.62194496343243" lon="104.064871805906"><ele>485</ele><time>2025-08-27T13:53:38.000Z</time></trkpt>
<trkpt lat="30.62194496343243" lon="104.064871805906"><ele>485</ele><time>2025-08-27T13:53:39.000Z</time></trkpt>
<trkpt lat="30.62194496343243" lon="104.064871805906"><ele>485</ele><time>2025-08-27T13:53:40.000Z</time></trkpt>
<trkpt lat="30.62194496343243" lon="104.064871805906"><ele>486</ele><time>2025-08-27T13:53:41.000Z</time></trkpt>
<trkpt lat="30.62194496343243" lon="104.064871805906"><ele>486</ele><time>2025-08-27T13:53:42.000Z</time></trkpt>
<trkpt lat="30.62194496343243" lon="104.064871805906"><ele>486</ele><time>2025-08-27T13:53:43.000Z</time></trkpt>
<trkpt lat="30.62194496343243" lon="104.064871805906"><ele>486</ele><time>2025-08-27T13:53:44.000Z</time></trkpt>
<trkpt lat="30.62194496343243" lon="104.064871805906"><ele>486</ele><time>2025-08-27T13:53:45.000Z</time></trkpt>
<trkpt lat="30.62194496343243" lon="104.064871805906"><ele>487</ele><time>2025-08-27T13:53:46.000Z</time></trkpt>
<trkpt lat="30.62194496343243" lon="104.064871805906"><ele>487</ele><time>2025-08-27T13:53:47.000Z</time></trkpt>
<trkpt lat="30.62194496343243" lon="104.064871805906"><ele>487</ele><time>2025-08-27T13:53:48.000Z</time></trkpt>
<trkpt lat="30.62194496343243" lon="104.064871805906"><ele>488</ele><time>2025-08-27T13:53:49.000Z</time></trkpt>
<trkpt lat="30.62194496343243" lon="104.064871805906"><ele>488</ele><time>2025-08-27T13:53:50.000Z</time></trkpt>
<trkpt lat="30.62194496343243" lon="104.064871805906"><ele>489</ele><time>2025-08-27T13:53:51.000Z</time></trkpt>
<trkpt lat="30.62194496343243" lon="104.064871805906"><ele>489</ele><time>2025-08-27T13:53:52.000Z</time></trkpt>
<trkpt lat="30.62194496343243" lon="104.064871805906"><ele>488</ele><time>2025-08-27T13:53:53.000Z</time></trkpt>
<trkpt lat="30.62194496343243" lon="104.064871805906"><ele>489</ele><time>2025-08-27T13:53:54.000Z</time></trkpt>
<trkpt lat="30.62194496343243" lon="104.064871805906"><ele>489</ele><time>2025-08-27T13:53:55.000Z</time></trkpt>
<trkpt lat="30.62194496343243" lon="104.064871805906"><ele>489</ele><time>2025-08-27T13:53:56.000Z</time></trkpt>
<trkpt lat="30.62194496343243" lon="104.064871805906"><ele>489</ele><time>2025-08-27T13:53:57.000Z</time></trkpt>
<trkpt lat="30.62194496343243" lon="104.064871805906"><ele>489</ele><time>2025-08-27T13:53:58.000Z</time></trkpt>
<trkpt lat="30.62194496343243" lon="104.064871805906"><ele>489</ele><time>2025-08-27T13:53:59.000Z</time></trkpt>
<trkpt lat="30.62194496343243" lon="104.064871805906"><ele>489</ele><time>2025-08-27T13:54:00.000Z</time></trkpt>
<trkpt lat="30.62194496343243" lon="104.064871805906"><ele>489</ele><time>2025-08-27T13:54:01.000Z</time></trkpt>
<trkpt lat="30.62194496343243" lon="104.064871805906"><ele>489</ele><time>2025-08-27T13:54:02.000Z</time></trkpt>
<trkpt lat="30.62194496343243" lon="104.064871805906"><ele>490</ele><time>2025-08-27T13:54:03.000Z</time></trkpt>
<trkpt lat="30.62194496343243" lon="104.064871805906"><ele>490</ele><time>2025-08-27T13:54:04.000Z</time></trkpt>
<trkpt lat="30.62194496343243" lon="104.064871805906"><ele>489</ele><time>2025-08-27T13:54:05.000Z</time></trkpt>
<trkpt lat="30.62194496343243" lon="104.064871805906"><ele>490</ele><time>2025-08-27T13:54:06.000Z</time></trkpt>
<trkpt lat="30.62194496343243" lon="104.064871805906"><ele>490</ele><time>2025-08-27T13:54:07.000Z</time></trkpt>
<trkpt lat="30.62194496343243" lon="104.064871805906"><ele>490</ele><time>2025-08-27T13:54:08.000Z</time></trkpt>
<trkpt lat="30.62194496343243" lon="104.064871805906"><ele>490</ele><time>2025-08-27T13:54:09.000Z</time></trkpt>
<trkpt lat="30.62194496343243" lon="104.064871805906"><ele>490</ele><time>2025-08-27T13:54:10.000Z</time></trkpt>
<trkpt lat="30.62194496343243" lon="104.064871805906"><ele>490</ele><time>2025-08-27T13:54:11.000Z</time></trkpt>
<trkpt lat="30.62194496343243" lon="104.064871805906"><ele>490</ele><time>2025-08-27T13:54:12.000Z</time></trkpt>
<trkpt lat="30.62194496343243" lon="104.064871805906"><ele>490</ele><time>2025-08-27T13:54:13.000Z</time></trkpt>
<trkpt lat="30.62194496343243" lon="104.064871805906"><ele>490</ele><time>2025-08-27T13:54:14.000Z</time></trkpt>
<trkpt lat="30.62194496343243" lon="104.064871805906"><ele>490</ele><time>2025-08-27T13:54:15.000Z</time></trkpt>
<trkpt lat="30.62194496343243" lon="104.064871805906"><ele>490</ele><time>2025-08-27T13:54:16.000Z</time></trkpt>
<trkpt lat="30.62194496343243" lon="104.064871805906"><ele>491</ele><time>2025-08-27T13:54:17.000Z</time></trkpt>
<trkpt lat="30.62194496343243" lon="104.064871805906"><ele>491</ele><time>2025-08-27T13:54:18.000Z</time></trkpt>
<trkpt lat="30.62194496343243" lon="104.064871805906"><ele>491</ele><time>2025-08-27T13:54:19.000Z</time></trkpt>
<trkpt lat="30.62194496343243" lon="104.064871805906"><ele>491</ele><time>2025-08-27T13:54:20.000Z</time></trkpt>
<trkpt lat="30.62194496343243" lon="104.064871805906"><ele>491</ele><time>2025-08-27T13:54:21.000Z</time></trkpt>
<trkpt lat="30.62194496343243" lon="104.064871805906"><ele>491</ele><time>2025-08-27T13:54:22.000Z</time></trkpt>
<trkpt lat="30.62194496343243" lon="104.064871805906"><ele>492</ele><time>2025-08-27T13:54:23.000Z</time></trkpt>
<trkpt lat="30.62194496343243" lon="104.064871805906"><ele>492</ele><time>2025-08-27T13:54:24.000Z</time></trkpt>
<trkpt lat="30.62194496343243" lon="104.064871805906"><ele>492</ele><time>2025-08-27T13:54:25.000Z</time></trkpt>
<trkpt lat="30.62194496343243" lon="104.064871805906"><ele>491</ele><time>2025-08-27T13:54:26.000Z</time></trkpt>
<trkpt lat="30.62194496343243" lon="104.064871805906"><ele>492</ele><time>2025-08-27T13:54:27.000Z</time></trkpt>
<trkpt lat="30.62194496343243" lon="104.064871805906"><ele>492</ele><time>2025-08-27T13:54:28.000Z</time></trkpt>
<trkpt lat="30.62194496343243" lon="104.064871805906"><ele>493</ele><time>2025-08-27T13:54:29.000Z</time></trkpt>
<trkpt lat="30.62194496343243" lon="104.064871805906"><ele>493</ele><time>2025-08-27T13:54:30.000Z</time></trkpt>
<trkpt lat="30.62194496343243" lon="104.064871805906"><ele>493</ele><time>2025-08-27T13:54:31.000Z</time></trkpt>
<trkpt lat="30.62194496343243" lon="104.064871805906"><ele>492</ele><time>2025-08-27T13:54:32.000Z</time></trkpt>
<trkpt lat="30.62194496343243" lon="104.064871805906"><ele>491</ele><time>2025-08-27T13:54:33.000Z</time></trkpt>
<trkpt lat="30.62194496343243" lon="104.064871805906"><ele>491</ele><time>2025-08-27T13:54:34.000Z</time></trkpt>
<trkpt lat="30.62194496343243" lon="104.064871805906"><ele>490</ele><time>2025-08-27T13:54:35.000Z</time></trkpt>
<trkpt lat="30.62194496343243" lon="104.064871805906"><ele>490</ele><time>2025-08-27T13:54:36.000Z</time></trkpt>
<trkpt lat="30.62194496343243" lon="104.064871805906"><ele>489</ele><time>2025-08-27T13:54:37.000Z</time></trkpt>
<trkpt lat="30.62194496343243" lon="104.064871805906"><ele>490</ele><time>2025-08-27T13:54:38.000Z</time></trkpt>
<trkpt lat="30.62194496343243" lon="104.064871805906"><ele>489</ele><time>2025-08-27T13:54:39.000Z</time></trkpt>
<trkpt lat="30.62194496343243" lon="104.064871805906"><ele>489</ele><time>2025-08-27T13:54:40.000Z</time></trkpt>
<trkpt lat="30.62194496343243" lon="104.064871805906"><ele>490</ele><time>2025-08-27T13:54:41.000Z</time></trkpt>
<trkpt lat="30.62194496343243" lon="104.064871805906"><ele>489</ele><time>2025-08-27T13:54:42.000Z</time></trkpt>
<trkpt lat="30.62194496343243" lon="104.064871805906"><ele>489</ele><time>2025-08-27T13:54:43.000Z</time></trkpt>
<trkpt lat="30.62194496343243" lon="104.064871805906"><ele>488</ele><time>2025-08-27T13:54:44.000Z</time></trkpt>
<trkpt lat="30.62194496343243" lon="104.064871805906"><ele>490</ele><time>2025-08-27T13:54:45.000Z</time></trkpt>
<trkpt lat="30.62194496343243" lon="104.064871805906"><ele>489</ele><time>2025-08-27T13:54:46.000Z</time></trkpt>
<trkpt lat="30.62194496343243" lon="104.064871805906"><ele>489</ele><time>2025-08-27T13:54:47.000Z</time></trkpt>
<trkpt lat="30.62194496343243" lon="104.064871805906"><ele>489</ele><time>2025-08-27T13:54:48.000Z</time></trkpt>
<trkpt lat="30.62194496343243" lon="104.064871805906"><ele>489</ele><time>2025-08-27T13:54:49.000Z</time></trkpt>
<trkpt lat="30.62194496343243" lon="104.064871805906"><ele>489</ele><time>2025-08-27T13:54:50.000Z</time></trkpt>
<trkpt lat="30.62194496343243" lon="104.064871805906"><ele>490</ele><time>2025-08-27T13:54:51.000Z</time></trkpt>
<trkpt lat="30.62194496343243" lon="104.064871805906"><ele>490</ele><time>2025-08-27T13:54:52.000Z</time></trkpt>
<trkpt lat="30.62194496343243" lon="104.064871805906"><ele>489</ele><time>2025-08-27T13:54:53.000Z</time></trkpt>
<trkpt lat="30.62194496343243" lon="104.064871805906"><ele>488</ele><time>2025-08-27T13:54:54.000Z</time></trkpt>
<trkpt lat="30.62194496343243" lon="104.064871805906"><ele>488</ele><time>2025-08-27T13:54:55.000Z</time></trkpt>
<trkpt lat="30.62194496343243" lon="104.064871805906"><ele>487</ele><time>2025-08-27T13:54:56.000Z</time></trkpt>
<trkpt lat="30.62194496343243" lon="104.064871805906"><ele>487</ele><time>2025-08-27T13:54:57.000Z</time></trkpt>
<trkpt lat="30.62194496343243" lon="104.064871805906"><ele>487</ele><time>2025-08-27T13:54:58.000Z</time></trkpt>
<trkpt lat="30.62194496343243" lon="104.064871805906"><ele>485</ele><time>2025-08-27T13:54:59.000Z</time></trkpt>
<trkpt lat="30.62194496343243" lon="104.064871805906"><ele>486</ele><time>2025-08-27T13:55:00.000Z</time></trkpt>
<trkpt lat="30.62194496343243" lon="104.064871805906"><ele>486</ele><time>2025-08-27T13:55:01.000Z</time></trkpt>
<trkpt lat="30.62194496343243" lon="104.064871805906"><ele>486</ele><time>2025-08-27T13:55:02.000Z</time></trkpt>
<trkpt lat="30.62194496343243" lon="104.064871805906"><ele>485</ele><time>2025-08-27T13:55:03.000Z</time></trkpt>
<trkpt lat="30.62194496343243" lon="104.064871805906"><ele>484</ele><time>2025-08-27T13:55:04.000Z</time></trkpt>
<trkpt lat="30.62194496343243" lon="104.064871805906"><ele>485</ele><time>2025-08-27T13:55:05.000Z</time></trkpt>
<trkpt lat="30.62194496343243" lon="104.064871805906"><ele>485</ele><time>2025-08-27T13:55:06.000Z</time></trkpt>
<trkpt lat="30.62194496343243" lon="104.064871805906"><ele>484</ele><time>2025-08-27T13:55:07.000Z</time></trkpt>
<trkpt lat="30.62194496343243" lon="104.064871805906"><ele>483</ele><time>2025-08-27T13:55:08.000Z</time></trkpt>
<trkpt lat="30.62194496343243" lon="104.064871805906"><ele>483</ele><time>2025-08-27T13:55:09.000Z</time></trkpt>
<trkpt lat="30.62194496343243" lon="104.064871805906"><ele>484</ele><time>2025-08-27T13:55:10.000Z</time></trkpt>
<trkpt lat="30.62194496343243" lon="104.064871805906"><ele>483</ele><time>2025-08-27T13:55:11.000Z</time></trkpt>
<trkpt lat="30.62194496343243" lon="104.064871805906"><ele>483</ele><time>2025-08-27T13:55:12.000Z</time></trkpt>
<trkpt lat="30.62194496343243" lon="104.064871805906"><ele>482</ele><time>2025-08-27T13:55:13.000Z</time></trkpt>
<trkpt lat="30.62194496343243" lon="104.064871805906"><ele>483</ele><time>2025-08-27T13:55:14.000Z</time></trkpt>
<trkpt lat="30.62194496343243" lon="104.064871805906"><ele>483</ele><time>2025-08-27T13:55:15.000Z</time></trkpt>
<trkpt lat="30.62194496343243" lon="104.064871805906"><ele>484</ele><time>2025-08-27T13:55:16.000Z</time></trkpt>
<trkpt lat="30.62194496343243" lon="104.064871805906"><ele>484</ele><time>2025-08-27T13:55:17.000Z</time></trkpt>
<trkpt lat="30.62194496343243" lon="104.064871805906"><ele>484</ele><time>2025-08-27T13:55:18.000Z</time></trkpt>
<trkpt lat="30.62194496343243" lon="104.064871805906"><ele>484</ele><time>2025-08-27T13:55:19.000Z</time></trkpt>
<trkpt lat="30.62194496343243" lon="104.064871805906"><ele>484</ele><time>2025-08-27T13:55:20.000Z</time></trkpt>
<trkpt lat="30.62194496343243" lon="104.064871805906"><ele>484</ele><time>2025-08-27T13:55:21.000Z</time></trkpt>
<trkpt lat="30.62194496343243" lon="104.064871805906"><ele>484</ele><time>2025-08-27T13:55:22.000Z</time></trkpt>
<trkpt lat="30.62194496343243" lon="104.064871805906"><ele>484</ele><time>2025-08-27T13:55:23.000Z</time></trkpt>
<trkpt lat="30.62194496343243" lon="104.064871805906"><ele>483</ele><time>2025-08-27T13:55:24.000Z</time></trkpt>
<trkpt lat="30.62194496343243" lon="104.064871805906"><ele>483</ele><time>2025-08-27T13:55:25.000Z</time></trkpt>
<trkpt lat="30.62194496343243" lon="104.064871805906"><ele>483</ele><time>2025-08-27T13:55:26.000Z</time></trkpt>
<trkpt lat="30.62194496343243" lon="104.064871805906"><ele>482</ele><time>2025-08-27T13:55:27.000Z</time></trkpt>
<trkpt lat="30.62194496343243" lon="104.064871805906"><ele>482</ele><time>2025-08-27T13:55:28.000Z</time></trkpt>
<trkpt lat="30.62194496343243" lon="104.064871805906"><ele>482</ele><time>2025-08-27T13:55:29.000Z</time></trkpt>
<trkpt lat="30.62194496343243" lon="104.064871805906"><ele>483</ele><time>2025-08-27T13:55:30.000Z</time></trkpt>
<trkpt lat="30.62194496343243" lon="104.064871805906"><ele>482</ele><time>2025-08-27T13:55:31.000Z</time></trkpt>
<trkpt lat="30.62194496343243" lon="104.064871805906"><ele>481</ele><time>2025-08-27T13:55:32.000Z</time></trkpt>
<trkpt lat="30.62194496343243" lon="104.064871805906"><ele>482</ele><time>2025-08-27T13:55:33.000Z</time></trkpt>
<trkpt lat="30.62194496343243" lon="104.064871805906"><ele>483</ele><time>2025-08-27T13:55:34.000Z</time></trkpt>
<trkpt lat="30.62194496343243" lon="104.064871805906"><ele>481</ele><time>2025-08-27T13:55:35.000Z</time></trkpt>
<trkpt lat="30.62194496343243" lon="104.064871805906"><ele>482</ele><time>2025-08-27T13:55:36.000Z</time></trkpt>
<trkpt lat="30.62194496343243" lon="104.064871805906"><ele>481</ele><time>2025-08-27T13:55:37.000Z</time></trkpt>
<trkpt lat="30.62194496343243" lon="104.064871805906"><ele>482</ele><time>2025-08-27T13:55:38.000Z</time></trkpt>
<trkpt lat="30.62194496343243" lon="104.064871805906"><ele>480</ele><time>2025-08-27T13:55:39.000Z</time></trkpt>
<trkpt lat="30.62194496343243" lon="104.064871805906"><ele>481</ele><time>2025-08-27T13:55:40.000Z</time></trkpt>
<trkpt lat="30.62194496343243" lon="104.064871805906"><ele>480</ele><time>2025-08-27T13:55:41.000Z</time></trkpt>
<trkpt lat="30.62194496343243" lon="104.064871805906"><ele>481</ele><time>2025-08-27T13:55:42.000Z</time></trkpt>
<trkpt lat="30.62194496343243" lon="104.064871805906"><ele>480</ele><time>2025-08-27T13:55:43.000Z</time></trkpt>
<trkpt lat="30.62194496343243" lon="104.064871805906"><ele>480</ele><time>2025-08-27T13:55:44.000Z</time></trkpt>
<trkpt lat="30.62194496343243" lon="104.064871805906"><ele>480</ele><time>2025-08-27T13:55:45.000Z</time></trkpt>
<trkpt lat="30.62194496343243" lon="104.064871805906"><ele>480</ele><time>2025-08-27T13:55:46.000Z</time></trkpt>
<trkpt lat="30.62194496343243" lon="104.064871805906"><ele>480</ele><time>2025-08-27T13:55:47.000Z</time></trkpt>
<trkpt lat="30.62194496343243" lon="104.064871805906"><ele>481</ele><time>2025-08-27T13:55:48.000Z</time></trkpt>
<trkpt lat="30.62194496343243" lon="104.064871805906"><ele>481</ele><time>2025-08-27T13:55:49.000Z</time></trkpt>
<trkpt lat="30.62194496343243" lon="104.064871805906"><ele>481</ele><time>2025-08-27T13:55:50.000Z</time></trkpt>
<trkpt lat="30.62194496343243" lon="104.064871805906"><ele>481</ele><time>2025-08-27T13:55:51.000Z</time></trkpt>
<trkpt lat="30.62194496343243" lon="104.064871805906"><ele>482</ele><time>2025-08-27T13:55:52.000Z</time></trkpt>
<trkpt lat="30.62194496343243" lon="104.064871805906"><ele>481</ele><time>2025-08-27T13:55:53.000Z</time></trkpt>
<trkpt lat="30.62194496343243" lon="104.064871805906"><ele>479</ele><time>2025-08-27T13:55:54.000Z</time></trkpt>
<trkpt lat="30.62194496343243" lon="104.064871805906"><ele>480</ele><time>2025-08-27T13:55:55.000Z</time></trkpt>
<trkpt lat="30.62194496343243" lon="104.064871805906"><ele>479</ele><time>2025-08-27T13:55:56.000Z</time></trkpt>
<trkpt lat="30.62194496343243" lon="104.064871805906"><ele>480</ele><time>2025-08-27T13:55:57.000Z</time></trkpt>
<trkpt lat="30.62194496343243" lon="104.064871805906"><ele>480</ele><time>2025-08-27T13:55:58.000Z</time></trkpt>
<trkpt lat="30.62194496343243" lon="104.064871805906"><ele>480</ele><time>2025-08-27T13:55:59.000Z</time></trkpt>
<trkpt lat="30.62194496343243" lon="104.064871805906"><ele>481</ele><time>2025-08-27T13:56:00.000Z</time></trkpt>
<trkpt lat="30.62194496343243" lon="104.064871805906"><ele>480</ele><time>2025-08-27T13:56:01.000Z</time></trkpt>
<trkpt lat="30.62194496343243" lon="104.064871805906"><ele>480</ele><time>2025-08-27T13:56:02.000Z</time></trkpt>
<trkpt lat="30.62194496343243" lon="104.064871805906"><ele>479</ele><time>2025-08-27T13:56:03.000Z</time></trkpt>
<trkpt lat="30.62194496343243" lon="104.064871805906"><ele>479</ele><time>2025-08-27T13:56:04.000Z</time></trkpt>
<trkpt lat="30.62194496343243" lon="104.064871805906"><ele>480</ele><time>2025-08-27T13:56:05.000Z</time></trkpt>
<trkpt lat="30.62194496343243" lon="104.064871805906"><ele>479</ele><time>2025-08-27T13:56:06.000Z</time></trkpt>
<trkpt lat="30.62194496343243" lon="104.064871805906"><ele>480</ele><time>2025-08-27T13:56:07.000Z</time></trkpt>
<trkpt lat="30.62194496343243" lon="104.064871805906"><ele>479</ele><time>2025-08-27T13:56:08.000Z</time></trkpt>
<trkpt lat="30.62194496343243" lon="104.064871805906"><ele>480</ele><time>2025-08-27T13:56:09.000Z</time></trkpt>
<trkpt lat="30.62194496343243" lon="104.064871805906"><ele>480</ele><time>2025-08-27T13:56:10.000Z</time></trkpt>
<trkpt lat="30.62194496343243" lon="104.064871805906"><ele>481</ele><time>2025-08-27T13:56:11.000Z</time></trkpt>
<trkpt lat="30.62194496343243" lon="104.064871805906"><ele>480</ele><time>2025-08-27T13:56:12.000Z</time></trkpt>
<trkpt lat="30.62194496343243" lon="104.064871805906"><ele>482</ele><time>2025-08-27T13:56:13.000Z</time></trkpt>
<trkpt lat="30.62194496343243" lon="104.064871805906"><ele>481</ele><time>2025-08-27T13:56:14.000Z</time></trkpt>
<trkpt lat="30.62194496343243" lon="104.064871805906"><ele>481</ele><time>2025-08-27T13:56:15.000Z</time></trkpt>
<trkpt lat="30.62194496343243" lon="104.064871805906"><ele>481</ele><time>2025-08-27T13:56:16.000Z</time></trkpt>
<trkpt lat="30.62194496343243" lon="104.064871805906"><ele>482</ele><time>2025-08-27T13:56:17.000Z</time></trkpt>
<trkpt lat="30.62194496343243" lon="104.064871805906"><ele>483</ele><time>2025-08-27T13:56:18.000Z</time></trkpt>
<trkpt lat="30.62194496343243" lon="104.064871805906"><ele>483</ele><time>2025-08-27T13:56:19.000Z</time></trkpt>
<trkpt lat="30.62194496343243" lon="104.064871805906"><ele>483</ele><time>2025-08-27T13:56:20.000Z</time></trkpt>
<trkpt lat="30.62194496343243" lon="104.064871805906"><ele>482</ele><time>2025-08-27T13:56:21.000Z</time></trkpt>
<trkpt lat="30.62194496343243" lon="104.064871805906"><ele>483</ele><time>2025-08-27T13:56:22.000Z</time></trkpt>
<trkpt lat="30.62194496343243" lon="104.064871805906"><ele>482</ele><time>2025-08-27T13:56:23.000Z</time></trkpt>
<trkpt lat="30.62194496343243" lon="104.064871805906"><ele>483</ele><time>2025-08-27T13:56:24.000Z</time></trkpt>
<trkpt lat="30.62194496343243" lon="104.064871805906"><ele>483</ele><time>2025-08-27T13:56:25.000Z</time></trkpt>
<trkpt lat="30.62194496343243" lon="104.064871805906"><ele>482</ele><time>2025-08-27T13:56:26.000Z</time></trkpt>
<trkpt lat="30.62194496343243" lon="104.064871805906"><ele>482</ele><time>2025-08-27T13:56:27.000Z</time></trkpt>
<trkpt lat="30.62194496343243" lon="104.064871805906"><ele>483</ele><time>2025-08-27T13:56:28.000Z</time></trkpt>
<trkpt lat="30.62194496343243" lon="104.064871805906"><ele>482</ele><time>2025-08-27T13:56:29.000Z</time></trkpt>
<trkpt lat="30.62194496343243" lon="104.064871805906"><ele>482</ele><time>2025-08-27T13:56:30.000Z</time></trkpt>
<trkpt lat="30.62194496343243" lon="104.064871805906"><ele>482</ele><time>2025-08-27T13:56:31.000Z</time></trkpt>
<trkpt lat="30.62194496343243" lon="104.064871805906"><ele>483</ele><time>2025-08-27T13:56:32.000Z</time></trkpt>
<trkpt lat="30.62194496343243" lon="104.064871805906"><ele>483</ele><time>2025-08-27T13:56:33.000Z</time></trkpt>
<trkpt lat="30.62194496343243" lon="104.064871805906"><ele>482</ele><time>2025-08-27T13:56:34.000Z</time></trkpt>
<trkpt lat="30.62194496343243" lon="104.064871805906"><ele>483</ele><time>2025-08-27T13:56:35.000Z</time></trkpt>
<trkpt lat="30.62194496343243" lon="104.064871805906"><ele>482</ele><time>2025-08-27T13:56:36.000Z</time></trkpt>
<trkpt lat="30.62194496343243" lon="104.064871805906"><ele>482</ele><time>2025-08-27T13:56:37.000Z</time></trkpt>
<trkpt lat="30.62194496343243" lon="104.064871805906"><ele>482</ele><time>2025-08-27T13:56:38.000Z</time></trkpt>
<trkpt lat="30.62194496343243" lon="104.064871805906"><ele>483</ele><time>2025-08-27T13:56:39.000Z</time></trkpt>
<trkpt lat="30.62194496343243" lon="104.064871805906"><ele>482</ele><time>2025-08-27T13:56:40.000Z</time></trkpt>
<trkpt lat="30.62194496343243" lon="104.064871805906"><ele>482</ele><time>2025-08-27T13:56:41.000Z</time></trkpt>
<trkpt lat="30.62194496343243" lon="104.064871805906"><ele>482</ele><time>2025-08-27T13:56:42.000Z</time></trkpt>
<trkpt lat="30.62194496343243" lon="104.064871805906"><ele>482</ele><time>2025-08-27T13:56:43.000Z</time></trkpt>
<trkpt lat="30.62194496343243" lon="104.064871805906"><ele>482</ele><time>2025-08-27T13:56:44.000Z</time></trkpt>
<trkpt lat="30.62194496343243" lon="104.064871805906"><ele>481</ele><time>2025-08-27T13:56:45.000Z</time></trkpt>
<trkpt lat="30.62194496343243" lon="104.064871805906"><ele>481</ele><time>2025-08-27T13:56:46.000Z</time></trkpt>
<trkpt lat="30.62194496343243" lon="104.064871805906"><ele>481</ele><time>2025-08-27T13:56:47.000Z</time></trkpt>
<trkpt lat="30.62194496343243" lon="104.064871805906"><ele>480</ele><time>2025-08-27T13:56:48.000Z</time></trkpt>
<trkpt lat="30.62194496343243" lon="104.064871805906"><ele>481</ele><time>2025-08-27T13:56:49.000Z</time></trkpt>
<trkpt lat="30.62194496343243" lon="104.064871805906"><ele>480</ele><time>2025-08-27T13:56:50.000Z</time></trkpt>
<trkpt lat="30.62194496343243" lon="104.064871805906"><ele>481</ele><time>2025-08-27T13:56:51.000Z</time></trkpt>
<trkpt lat="30.62194496343243" lon="104.064871805906"><ele>480</ele><time>2025-08-27T13:56:52.000Z</time></trkpt>
<trkpt lat="30.62194496343243" lon="104.064871805906"><ele>481</ele><time>2025-08-27T13:56:53.000Z</time></trkpt>
<trkpt lat="30.62194496343243" lon="104.064871805906"><ele>480</ele><time>2025-08-27T13:56:54.000Z</time></trkpt>
<trkpt lat="30.62194496343243" lon="104.064871805906"><ele>482</ele><time>2025-08-27T13:56:55.000Z</time></trkpt>
<trkpt lat="30.62194496343243" lon="104.064871805906"><ele>483</ele><time>2025-08-27T13:56:56.000Z</time></trkpt>
<trkpt lat="30.62194496343243" lon="104.064871805906"><ele>483</ele><time>2025-08-27T13:56:57.000Z</time></trkpt>
<trkpt lat="30.62194496343243" lon="104.064871805906"><ele>483</ele><time>2025-08-27T13:56:58.000Z</time></trkpt>
<trkpt lat="30.62194496343243" lon="104.064871805906"><ele>483</ele><time>2025-08-27T13:56:59.000Z</time></trkpt>
<trkpt lat="30.62194496343243" lon="104.064871805906"><ele>485</ele><time>2025-08-27T13:57:00.000Z</time></trkpt>
<trkpt lat="30.62194496343243" lon="104.064871805906"><ele>486</ele><time>2025-08-27T13:57:01.000Z</time></trkpt>
<trkpt lat="30.62194496343243" lon="104.064871805906"><ele>485</ele><time>2025-08-27T13:57:02.000Z</time></trkpt>
<trkpt lat="30.62194496343243" lon="104.064871805906"><ele>486</ele><time>2025-08-27T13:57:03.000Z</time></trkpt>
<trkpt lat="30.62194496343243" lon="104.064871805906"><ele>486</ele><time>2025-08-27T13:57:04.000Z</time></trkpt>
<trkpt lat="30.62194496343243" lon="104.064871805906"><ele>485</ele><time>2025-08-27T13:57:05.000Z</time></trkpt>
<trkpt lat="30.62194496343243" lon="104.064871805906"><ele>483</ele><time>2025-08-27T13:57:06.000Z</time></trkpt>
<trkpt lat="30.62194496343243" lon="104.064871805906"><ele>482</ele><time>2025-08-27T13:57:07.000Z</time></trkpt>
<trkpt lat="30.62194496343243" lon="104.064871805906"><ele>480</ele><time>2025-08-27T13:57:08.000Z</time></trkpt>
<trkpt lat="30.62194496343243" lon="104.064871805906"><ele>480</ele><time>2025-08-27T13:57:09.000Z</time></trkpt>
<trkpt lat="30.62194496343243" lon="104.064871805906"><ele>480</ele><time>2025-08-27T13:57:10.000Z</time></trkpt>
<trkpt lat="30.62194496343243" lon="104.064871805906"><ele>480</ele><time>2025-08-27T13:57:11.000Z</time></trkpt>
<trkpt lat="30.62194496343243" lon="104.064871805906"><ele>480</ele><time>2025-08-27T13:57:12.000Z</time></trkpt>
<trkpt lat="30.62194496343243" lon="104.064871805906"><ele>480</ele><time>2025-08-27T13:57:13.000Z</time></trkpt>
<trkpt lat="30.62194496343243" lon="104.064871805906"><ele>481</ele><time>2025-08-27T13:57:14.000Z</time></trkpt>
<trkpt lat="30.62194496343243" lon="104.064871805906"><ele>481</ele><time>2025-08-27T13:57:15.000Z</time></trkpt>
<trkpt lat="30.62194496343243" lon="104.064871805906"><ele>481</ele><time>2025-08-27T13:57:16.000Z</time></trkpt>
<trkpt lat="30.62194496343243" lon="104.064871805906"><ele>482</ele><time>2025-08-27T13:57:17.000Z</time></trkpt>
<trkpt lat="30.62194496343243" lon="104.064871805906"><ele>482</ele><time>2025-08-27T13:57:18.000Z</time></trkpt>
<trkpt lat="30.62194496343243" lon="104.064871805906"><ele>483</ele><time>2025-08-27T13:57:19.000Z</time></trkpt>
<trkpt lat="30.62194496343243" lon="104.064871805906"><ele>484</ele><time>2025-08-27T13:57:20.000Z</time></trkpt>
<trkpt lat="30.62194496343243" lon="104.064871805906"><ele>484</ele><time>2025-08-27T13:57:21.000Z</time></trkpt>
<trkpt lat="30.62194496343243" lon="104.064871805906"><ele>486</ele><time>2025-08-27T13:57:22.000Z</time></trkpt>
<trkpt lat="30.62194496343243" lon="104.064871805906"><ele>486</ele><time>2025-08-27T13:57:23.000Z</time></trkpt>
<trkpt lat="30.62194496343243" lon="104.064871805906"><ele>487</ele><time>2025-08-27T13:57:24.000Z</time></trkpt>
<trkpt lat="30.62194496343243" lon="104.064871805906"><ele>487</ele><time>2025-08-27T13:57:25.000Z</time></trkpt>
<trkpt lat="30.62194496343243" lon="104.064871805906"><ele>487</ele><time>2025-08-27T13:57:26.000Z</time></trkpt>
<trkpt lat="30.62194496343243" lon="104.064871805906"><ele>487</ele><time>2025-08-27T13:57:27.000Z</time></trkpt>
<trkpt lat="30.62194496343243" lon="104.064871805906"><ele>487</ele><time>2025-08-27T13:57:28.000Z</time></trkpt>
<trkpt lat="30.62194496343243" lon="104.064871805906"><ele>488</ele><time>2025-08-27T13:57:29.000Z</time></trkpt>
<trkpt lat="30.62194496343243" lon="104.064871805906"><ele>487</ele><time>2025-08-27T13:57:30.000Z</time></trkpt>
<trkpt lat="30.62194496343243" lon="104.064871805906"><ele>487</ele><time>2025-08-27T13:57:31.000Z</time></trkpt>
<trkpt lat="30.62194496343243" lon="104.064871805906"><ele>487</ele><time>2025-08-27T13:57:32.000Z</time></trkpt>
<trkpt lat="30.62194496343243" lon="104.064871805906"><ele>487</ele><time>2025-08-27T13:57:33.000Z</time></trkpt>
<trkpt lat="30.62194496343243" lon="104.064871805906"><ele>487</ele><time>2025-08-27T13:57:34.000Z</time></trkpt>
<trkpt lat="30.62194496343243" lon="104.064871805906"><ele>487</ele><time>2025-08-27T13:57:35.000Z</time></trkpt>
<trkpt lat="30.62194496343243" lon="104.064871805906"><ele>487</ele><time>2025-08-27T13:57:36.000Z</time></trkpt>
<trkpt lat="30.62194496343243" lon="104.064871805906"><ele>488</ele><time>2025-08-27T13:57:37.000Z</time></trkpt>
<trkpt lat="30.62194496343243" lon="104.064871805906"><ele>489</ele><time>2025-08-27T13:57:38.000Z</time></trkpt>
<trkpt lat="30.62194496343243" lon="104.064871805906"><ele>489</ele><time>2025-08-27T13:57:39.000Z</time></trkpt>
<trkpt lat="30.62194496343243" lon="104.064871805906"><ele>489</ele><time>2025-08-27T13:57:40.000Z</time></trkpt>
<trkpt lat="30.62194496343243" lon="104.064871805906"><ele>489</ele><time>2025-08-27T13:57:41.000Z</time></trkpt>
<trkpt lat="30.62194496343243" lon="104.064871805906"><ele>489</ele><time>2025-08-27T13:57:42.000Z</time></trkpt>
<trkpt lat="30.62194496343243" lon="104.064871805906"><ele>488</ele><time>2025-08-27T13:57:43.000Z</time></trkpt>
<trkpt lat="30.62194496343243" lon="104.064871805906"><ele>489</ele><time>2025-08-27T13:57:44.000Z</time></trkpt>
<trkpt lat="30.62194496343243" lon="104.064871805906"><ele>489</ele><time>2025-08-27T13:57:45.000Z</time></trkpt>
<trkpt lat="30.62194496343243" lon="104.064871805906"><ele>489</ele><time>2025-08-27T13:57:46.000Z</time></trkpt>
<trkpt lat="30.62194496343243" lon="104.064871805906"><ele>489</ele><time>2025-08-27T13:57:47.000Z</time></trkpt>
<trkpt lat="30.62194496343243" lon="104.064871805906"><ele>490</ele><time>2025-08-27T13:57:48.000Z</time></trkpt>
<trkpt lat="30.62194496343243" lon="104.064871805906"><ele>490</ele><time>2025-08-27T13:57:49.000Z</time></trkpt>
<trkpt lat="30.62194496343243" lon="104.064871805906"><ele>490</ele><time>2025-08-27T13:57:50.000Z</time></trkpt>
<trkpt lat="30.62194496343243" lon="104.064871805906"><ele>489</ele><time>2025-08-27T13:57:51.000Z</time></trkpt>
<trkpt lat="30.62194496343243" lon="104.064871805906"><ele>489</ele><time>2025-08-27T13:57:52.000Z</time></trkpt>
<trkpt lat="30.62194496343243" lon="104.064871805906"><ele>489</ele><time>2025-08-27T13:57:53.000Z</time></trkpt>
<trkpt lat="30.62194496343243" lon="104.064871805906"><ele>489</ele><time>2025-08-27T13:57:54.000Z</time></trkpt>
<trkpt lat="30.62194496343243" lon="104.064871805906"><ele>490</ele><time>2025-08-27T13:57:55.000Z</time></trkpt>
<trkpt lat="30.62194496343243" lon="104.064871805906"><ele>491</ele><time>2025-08-27T13:57:56.000Z</time></trkpt>
<trkpt lat="30.62194496343243" lon="104.064871805906"><ele>491</ele><time>2025-08-27T13:57:57.000Z</time></trkpt>
<trkpt lat="30.62194496343243" lon="104.064871805906"><ele>493</ele><time>2025-08-27T13:57:58.000Z</time></trkpt>
<trkpt lat="30.62194496343243" lon="104.064871805906"><ele>495</ele><time>2025-08-27T13:57:59.000Z</time></trkpt>
<trkpt lat="30.62194496343243" lon="104.064871805906"><ele>496</ele><time>2025-08-27T13:58:00.000Z</time></trkpt>
<trkpt lat="30.62194496343243" lon="104.064871805906"><ele>497</ele><time>2025-08-27T13:58:01.000Z</time></trkpt>
<trkpt lat="30.62194496343243" lon="104.064871805906"><ele>496</ele><time>2025-08-27T13:58:02.000Z</time></trkpt>
<trkpt lat="30.62194496343243" lon="104.064871805906"><ele>496</ele><time>2025-08-27T13:58:03.000Z</time></trkpt>
<trkpt lat="30.62194496343243" lon="104.064871805906"><ele>494</ele><time>2025-08-27T13:58:04.000Z</time></trkpt>
<trkpt lat="30.62194496343243" lon="104.064871805906"><ele>494</ele><time>2025-08-27T13:58:05.000Z</time></trkpt>
<trkpt lat="30.62194496343243" lon="104.064871805906"><ele>493</ele><time>2025-08-27T13:58:06.000Z</time></trkpt>
<trkpt lat="30.62194496343243" lon="104.064871805906"><ele>493</ele><time>2025-08-27T13:58:07.000Z</time></trkpt>
<trkpt lat="30.62194496343243" lon="104.064871805906"><ele>493</ele><time>2025-08-27T13:58:08.000Z</time></trkpt>
<trkpt lat="30.62194496343243" lon="104.064871805906"><ele>493</ele><time>2025-08-27T13:58:09.000Z</time></trkpt>
<trkpt lat="30.62194496343243" lon="104.064871805906"><ele>493</ele><time>2025-08-27T13:58:10.000Z</time></trkpt>
<trkpt lat="30.62194496343243" lon="104.064871805906"><ele>493</ele><time>2025-08-27T13:58:11.000Z</time></trkpt>
<trkpt lat="30.62194496343243" lon="104.064871805906"><ele>493</ele><time>2025-08-27T13:58:12.000Z</time></trkpt>
<trkpt lat="30.62194496343243" lon="104.064871805906"><ele>493</ele><time>2025-08-27T13:58:13.000Z</time></trkpt>
<trkpt lat="30.62194496343243" lon="104.064871805906"><ele>493</ele><time>2025-08-27T13:58:14.000Z</time></trkpt>
<trkpt lat="30.62194496343243" lon="104.064871805906"><ele>493</ele><time>2025-08-27T13:58:15.000Z</time></trkpt>
<trkpt lat="30.62194496343243" lon="104.064871805906"><ele>494</ele><time>2025-08-27T13:58:16.000Z</time></trkpt>
<trkpt lat="30.62194496343243" lon="104.064871805906"><ele>494</ele><time>2025-08-27T13:58:17.000Z</time></trkpt>
<trkpt lat="30.62194496343243" lon="104.064871805906"><ele>494</ele><time>2025-08-27T13:58:18.000Z</time></trkpt>
<trkpt lat="30.62194496343243" lon="104.064871805906"><ele>494</ele><time>2025-08-27T13:58:19.000Z</time></trkpt>
<trkpt lat="30.62194496343243" lon="104.064871805906"><ele>493</ele><time>2025-08-27T13:58:20.000Z</time></trkpt>
<trkpt lat="30.62194496343243" lon="104.064871805906"><ele>493</ele><time>2025-08-27T13:58:21.000Z</time></trkpt>
<trkpt lat="30.62194496343243" lon="104.064871805906"><ele>493</ele><time>2025-08-27T13:58:22.000Z</time></trkpt>
<trkpt lat="30.62194496343243" lon="104.064871805906"><ele>493</ele><time>2025-08-27T13:58:23.000Z</time></trkpt>
<trkpt lat="30.62194496343243" lon="104.064871805906"><ele>491</ele><time>2025-08-27T13:58:24.000Z</time></trkpt>
<trkpt lat="30.62194496343243" lon="104.064871805906"><ele>488</ele><time>2025-08-27T13:58:25.000Z</time></trkpt>
<trkpt lat="30.62194496343243" lon="104.064871805906"><ele>485</ele><time>2025-08-27T13:58:26.000Z</time></trkpt>
<trkpt lat="30.62194496343243" lon="104.064871805906"><ele>485</ele><time>2025-08-27T13:58:27.000Z</time></trkpt>
<trkpt lat="30.62194496343243" lon="104.064871805906"><ele>485</ele><time>2025-08-27T13:58:28.000Z</time></trkpt>
<trkpt lat="30.62194496343243" lon="104.064871805906"><ele>485</ele><time>2025-08-27T13:58:29.000Z</time></trkpt>
<trkpt lat="30.62194496343243" lon="104.064871805906"><ele>485</ele><time>2025-08-27T13:58:30.000Z</time></trkpt>
<trkpt lat="30.62194496343243" lon="104.064871805906"><ele>485</ele><time>2025-08-27T13:58:31.000Z</time></trkpt>
<trkpt lat="30.62194496343243" lon="104.064871805906"><ele>484</ele><time>2025-08-27T13:58:32.000Z</time></trkpt>
<trkpt lat="30.62194496343243" lon="104.064871805906"><ele>485</ele><time>2025-08-27T13:58:33.000Z</time></trkpt>
<trkpt lat="30.62194496343243" lon="104.064871805906"><ele>484</ele><time>2025-08-27T13:58:34.000Z</time></trkpt>
<trkpt lat="30.62194496343243" lon="104.064871805906"><ele>484</ele><time>2025-08-27T13:58:35.000Z</time></trkpt>
<trkpt lat="30.62194496343243" lon="104.064871805906"><ele>484</ele><time>2025-08-27T13:58:36.000Z</time></trkpt>
<trkpt lat="30.62194496343243" lon="104.064871805906"><ele>483</ele><time>2025-08-27T13:58:37.000Z</time></trkpt>
<trkpt lat="30.62194496343243" lon="104.064871805906"><ele>483</ele><time>2025-08-27T13:58:38.000Z</time></trkpt>
<trkpt lat="30.62194496343243" lon="104.064871805906"><ele>482</ele><time>2025-08-27T13:58:39.000Z</time></trkpt>
<trkpt lat="30.62194496343243" lon="104.064871805906"><ele>483</ele><time>2025-08-27T13:58:40.000Z</time></trkpt>
<trkpt lat="30.62194496343243" lon="104.064871805906"><ele>483</ele><time>2025-08-27T13:58:41.000Z</time></trkpt>
<trkpt lat="30.62194496343243" lon="104.064871805906"><ele>483</ele><time>2025-08-27T13:58:42.000Z</time></trkpt>
<trkpt lat="30.62194496343243" lon="104.064871805906"><ele>483</ele><time>2025-08-27T13:58:43.000Z</time></trkpt>
<trkpt lat="30.62194496343243" lon="104.064871805906"><ele>483</ele><time>2025-08-27T13:58:44.000Z</time></trkpt>
<trkpt lat="30.62194496343243" lon="104.064871805906"><ele>483</ele><time>2025-08-27T13:58:45.000Z</time></trkpt>
<trkpt lat="30.62194496343243" lon="104.064871805906"><ele>483</ele><time>2025-08-27T13:58:46.000Z</time></trkpt>
<trkpt lat="30.62194496343243" lon="104.064871805906"><ele>483</ele><time>2025-08-27T13:58:47.000Z</time></trkpt>
<trkpt lat="30.62194496343243" lon="104.064871805906"><ele>483</ele><time>2025-08-27T13:58:48.000Z</time></trkpt>
<trkpt lat="30.62194496343243" lon="104.064871805906"><ele>483</ele><time>2025-08-27T13:58:49.000Z</time></trkpt>
<trkpt lat="30.62194496343243" lon="104.064871805906"><ele>484</ele><time>2025-08-27T13:58:50.000Z</time></trkpt>
<trkpt lat="30.62194496343243" lon="104.064871805906"><ele>484</ele><time>2025-08-27T13:58:51.000Z</time></trkpt>
<trkpt lat="30.62194496343243" lon="104.064871805906"><ele>484</ele><time>2025-08-27T13:58:52.000Z</time></trkpt>
<trkpt lat="30.62194496343243" lon="104.064871805906"><ele>483</ele><time>2025-08-27T13:58:53.000Z</time></trkpt>
<trkpt lat="30.62194496343243" lon="104.064871805906"><ele>483</ele><time>2025-08-27T13:58:54.000Z</time></trkpt>
<trkpt lat="30.62194496343243" lon="104.064871805906"><ele>484</ele><time>2025-08-27T13:58:55.000Z</time></trkpt>
<trkpt lat="30.62194496343243" lon="104.064871805906"><ele>483</ele><time>2025-08-27T13:58:56.000Z</time></trkpt>
<trkpt lat="30.62194496343243" lon="104.064871805906"><ele>483</ele><time>2025-08-27T13:58:57.000Z</time></trkpt>
<trkpt lat="30.62194496343243" lon="104.064871805906"><ele>483</ele><time>2025-08-27T13:58:58.000Z</time></trkpt>
<trkpt lat="30.62194496343243" lon="104.064871805906"><ele>484</ele><time>2025-08-27T13:58:59.000Z</time></trkpt>
<trkpt lat="30.62194496343243" lon="104.064871805906"><ele>484</ele><time>2025-08-27T13:59:00.000Z</time></trkpt>
<trkpt lat="30.62194496343243" lon="104.064871805906"><ele>483</ele><time>2025-08-27T13:59:01.000Z</time></trkpt>
<trkpt lat="30.62194496343243" lon="104.064871805906"><ele>484</ele><time>2025-08-27T13:59:02.000Z</time></trkpt>
<trkpt lat="30.62194496343243" lon="104.064871805906"><ele>483</ele><time>2025-08-27T13:59:03.000Z</time></trkpt>
<trkpt lat="30.62194496343243" lon="104.064871805906"><ele>483</ele><time>2025-08-27T13:59:04.000Z</time></trkpt>
<trkpt lat="30.62194496343243" lon="104.064871805906"><ele>483</ele><time>2025-08-27T13:59:05.000Z</time></trkpt>
<trkpt lat="30.62194496343243" lon="104.064871805906"><ele>483</ele><time>2025-08-27T13:59:06.000Z</time></trkpt>
<trkpt lat="30.62194496343243" lon="104.064871805906"><ele>484</ele><time>2025-08-27T13:59:07.000Z</time></trkpt>
<trkpt lat="30.62194496343243" lon="104.064871805906"><ele>483</ele><time>2025-08-27T13:59:08.000Z</time></trkpt>
<trkpt lat="30.62194496343243" lon="104.064871805906"><ele>483</ele><time>2025-08-27T13:59:09.000Z</time></trkpt>
<trkpt lat="30.62194496343243" lon="104.064871805906"><ele>486</ele><time>2025-08-27T13:59:10.000Z</time></trkpt>
<trkpt lat="30.62194496343243" lon="104.064871805906"><ele>486</ele><time>2025-08-27T13:59:11.000Z</time></trkpt>
<trkpt lat="30.62194496343243" lon="104.064871805906"><ele>486</ele><time>2025-08-27T13:59:12.000Z</time></trkpt>
<trkpt lat="30.62194496343243" lon="104.064871805906"><ele>487</ele><time>2025-08-27T13:59:13.000Z</time></trkpt>
<trkpt lat="30.62194496343243" lon="104.064871805906"><ele>488</ele><time>2025-08-27T13:59:14.000Z</time></trkpt>
<trkpt lat="30.62194496343243" lon="104.064871805906"><ele>487</ele><time>2025-08-27T13:59:15.000Z</time></trkpt>
<trkpt lat="30.62194496343243" lon="104.064871805906"><ele>488</ele><time>2025-08-27T13:59:16.000Z</time></trkpt>
<trkpt lat="30.62194496343243" lon="104.064871805906"><ele>487</ele><time>2025-08-27T13:59:17.000Z</time></trkpt>
<trkpt lat="30.62194496343243" lon="104.064871805906"><ele>486</ele><time>2025-08-27T13:59:18.000Z</time></trkpt>
<trkpt lat="30.62194496343243" lon="104.064871805906"><ele>485</ele><time>2025-08-27T13:59:19.000Z</time></trkpt>
<trkpt lat="30.62194496343243" lon="104.064871805906"><ele>484</ele><time>2025-08-27T13:59:20.000Z</time></trkpt>
<trkpt lat="30.62194496343243" lon="104.064871805906"><ele>483</ele><time>2025-08-27T13:59:21.000Z</time></trkpt>
<trkpt lat="30.62194496343243" lon="104.064871805906"><ele>482</ele><time>2025-08-27T13:59:22.000Z</time></trkpt>
<trkpt lat="30.62194496343243" lon="104.064871805906"><ele>482</ele><time>2025-08-27T13:59:23.000Z</time></trkpt>
<trkpt lat="30.62194496343243" lon="104.064871805906"><ele>481</ele><time>2025-08-27T13:59:24.000Z</time></trkpt>
<trkpt lat="30.62194496343243" lon="104.064871805906"><ele>480</ele><time>2025-08-27T13:59:25.000Z</time></trkpt>
<trkpt lat="30.62194496343243" lon="104.064871805906"><ele>479</ele><time>2025-08-27T13:59:26.000Z</time></trkpt>
<trkpt lat="30.62194496343243" lon="104.064871805906"><ele>479</ele><time>2025-08-27T13:59:27.000Z</time></trkpt>
<trkpt lat="30.62194496343243" lon="104.064871805906"><ele>479</ele><time>2025-08-27T13:59:28.000Z</time></trkpt>
<trkpt lat="30.62194496343243" lon="104.064871805906"><ele>478</ele><time>2025-08-27T13:59:29.000Z</time></trkpt>
<trkpt lat="30.62194496343243" lon="104.064871805906"><ele>478</ele><time>2025-08-27T13:59:30.000Z</time></trkpt>
<trkpt lat="30.62194496343243" lon="104.064871805906"><ele>478</ele><time>2025-08-27T13:59:31.000Z</time></trkpt>
<trkpt lat="30.62194496343243" lon="104.064871805906"><ele>477</ele><time>2025-08-27T13:59:32.000Z</time></trkpt>
<trkpt lat="30.62194496343243" lon="104.064871805906"><ele>478</ele><time>2025-08-27T13:59:33.000Z</time></trkpt>
<trkpt lat="30.62194496343243" lon="104.064871805906"><ele>478</ele><time>2025-08-27T13:59:34.000Z</time></trkpt>
<trkpt lat="30.62194496343243" lon="104.064871805906"><ele>480</ele><time>2025-08-27T13:59:35.000Z</time></trkpt>
<trkpt lat="30.62194496343243" lon="104.064871805906"><ele>481</ele><time>2025-08-27T13:59:36.000Z</time></trkpt>
<trkpt lat="30.62194496343243" lon="104.064871805906"><ele>481</ele><time>2025-08-27T13:59:37.000Z</time></trkpt>
<trkpt lat="30.62194496343243" lon="104.064871805906"><ele>481</ele><time>2025-08-27T13:59:38.000Z</time></trkpt>
<trkpt lat="30.62194496343243" lon="104.064871805906"><ele>481</ele><time>2025-08-27T13:59:39.000Z</time></trkpt>
<trkpt lat="30.62194496343243" lon="104.064871805906"><ele>481</ele><time>2025-08-27T13:59:40.000Z</time></trkpt>
<trkpt lat="30.62194496343243" lon="104.064871805906"><ele>481</ele><time>2025-08-27T13:59:41.000Z</time></trkpt>
<trkpt lat="30.62194496343243" lon="104.064871805906"><ele>481</ele><time>2025-08-27T13:59:42.000Z</time></trkpt>
<trkpt lat="30.62194496343243" lon="104.064871805906"><ele>481</ele><time>2025-08-27T13:59:43.000Z</time></trkpt>
<trkpt lat="30.62194496343243" lon="104.064871805906"><ele>481</ele><time>2025-08-27T13:59:44.000Z</time></trkpt>
<trkpt lat="30.62194496343243" lon="104.064871805906"><ele>481</ele><time>2025-08-27T13:59:45.000Z</time></trkpt>
<trkpt lat="30.62194496343243" lon="104.064871805906"><ele>481</ele><time>2025-08-27T13:59:46.000Z</time></trkpt>
<trkpt lat="30.62194496343243" lon="104.064871805906"><ele>481</ele><time>2025-08-27T13:59:47.000Z</time></trkpt>
<trkpt lat="30.62194496343243" lon="104.064871805906"><ele>481</ele><time>2025-08-27T13:59:48.000Z</time></trkpt>
<trkpt lat="30.62194496343243" lon="104.064871805906"><ele>481</ele><time>2025-08-27T13:59:49.000Z</time></trkpt>
<trkpt lat="30.62194496343243" lon="104.064871805906"><ele>481</ele><time>2025-08-27T13:59:50.000Z</time></trkpt>
<trkpt lat="30.62194496343243" lon="104.064871805906"><ele>481</ele><time>2025-08-27T13:59:51.000Z</time></trkpt>
<trkpt lat="30.62194496343243" lon="104.064871805906"><ele>481</ele><time>2025-08-27T13:59:52.000Z</time></trkpt>
<trkpt lat="30.62194496343243" lon="104.064871805906"><ele>481</ele><time>2025-08-27T13:59:53.000Z</time></trkpt>
<trkpt lat="30.62194496343243" lon="104.064871805906"><ele>481</ele><time>2025-08-27T13:59:54.000Z</time></trkpt>
<trkpt lat="30.62194496343243" lon="104.064871805906"><ele>481</ele><time>2025-08-27T13:59:55.000Z</time></trkpt>
<trkpt lat="30.62194496343243" lon="104.064871805906"><ele>481</ele><time>2025-08-27T13:59:56.000Z</time></trkpt>
<trkpt lat="30.62194496343243" lon="104.064871805906"><ele>481</ele><time>2025-08-27T13:59:57.000Z</time></trkpt>
<trkpt lat="30.62194496343243" lon="104.064871805906"><ele>481</ele><time>2025-08-27T13:59:58.000Z</time></trkpt>
<trkpt lat="30.62194496343243" lon="104.064871805906"><ele>481</ele><time>2025-08-27T13:59:59.000Z</time></trkpt>
<trkpt lat="30.62194496343243" lon="104.064871805906"><ele>481</ele><time>2025-08-27T14:00:00.000Z</time></trkpt>
<trkpt lat="30.62194496343243" lon="104.064871805906"><ele>481</ele><time>2025-08-27T14:00:01.000Z</time></trkpt>
<trkpt lat="30.62194496343243" lon="104.064871805906"><ele>481</ele><time>2025-08-27T14:00:02.000Z</time></trkpt>
<trkpt lat="30.62194496343243" lon="104.064871805906"><ele>481</ele><time>2025-08-27T14:00:03.000Z</time></trkpt>
<trkpt lat="30.62194496343243" lon="104.064871805906"><ele>481</ele><time>2025-08-27T14:00:04.000Z</time></trkpt>
<trkpt lat="30.62194496343243" lon="104.064871805906"><ele>481</ele><time>2025-08-27T14:00:05.000Z</time></trkpt>
<trkpt lat="30.62194496343243" lon="104.064871805906"><ele>481</ele><time>2025-08-27T14:00:06.000Z</time></trkpt>
<trkpt lat="30.62194496343243" lon="104.064871805906"><ele>481</ele><time>2025-08-27T14:00:07.000Z</time></trkpt>
<trkpt lat="30.62194496343243" lon="104.064871805906"><ele>481</ele><time>2025-08-27T14:00:08.000Z</time></trkpt>
<trkpt lat="30.62194496343243" lon="104.064871805906"><ele>481</ele><time>2025-08-27T14:00:09.000Z</time></trkpt>
<trkpt lat="30.62194496343243" lon="104.064871805906"><ele>481</ele><time>2025-08-27T14:00:10.000Z</time></trkpt>
<trkpt lat="30.62194496343243" lon="104.064871805906"><ele>481</ele><time>2025-08-27T14:00:11.000Z</time></trkpt>
<trkpt lat="30.62194496343243" lon="104.064871805906"><ele>481</ele><time>2025-08-27T14:00:12.000Z</time></trkpt>
<trkpt lat="30.62194496343243" lon="104.064871805906"><ele>481</ele><time>2025-08-27T14:00:13.000Z</time></trkpt>
<trkpt lat="30.62194496343243" lon="104.064871805906"><ele>481</ele><time>2025-08-27T14:00:14.000Z</time></trkpt>
<trkpt lat="30.62194496343243" lon="104.064871805906"><ele>481</ele><time>2025-08-27T14:00:15.000Z</time></trkpt>
<trkpt lat="30.62194496343243" lon="104.064871805906"><ele>481</ele><time>2025-08-27T14:00:16.000Z</time></trkpt>
<trkpt lat="30.62194496343243" lon="104.064871805906"><ele>481</ele><time>2025-08-27T14:00:17.000Z</time></trkpt>
<trkpt lat="30.62194496343243" lon="104.064871805906"><ele>481</ele><time>2025-08-27T14:00:18.000Z</time></trkpt>
<trkpt lat="30.62194496343243" lon="104.064871805906"><ele>481</ele><time>2025-08-27T14:00:19.000Z</time></trkpt>
<trkpt lat="30.62194496343243" lon="104.064871805906"><ele>481</ele><time>2025-08-27T14:00:20.000Z</time></trkpt>
<trkpt lat="30.62194496343243" lon="104.064871805906"><ele>484</ele><time>2025-08-27T14:00:21.000Z</time></trkpt>
<trkpt lat="30.62194496343243" lon="104.064871805906"><ele>484</ele><time>2025-08-27T14:00:22.000Z</time></trkpt>
<trkpt lat="30.62194496343243" lon="104.064871805906"><ele>484</ele><time>2025-08-27T14:00:23.000Z</time></trkpt>
<trkpt lat="30.62194496343243" lon="104.064871805906"><ele>485</ele><time>2025-08-27T14:00:24.000Z</time></trkpt>
<trkpt lat="30.62194496343243" lon="104.064871805906"><ele>486</ele><time>2025-08-27T14:00:25.000Z</time></trkpt>
<trkpt lat="30.62194496343243" lon="104.064871805906"><ele>486</ele><time>2025-08-27T14:00:26.000Z</time></trkpt>
<trkpt lat="30.62194496343243" lon="104.064871805906"><ele>487</ele><time>2025-08-27T14:00:27.000Z</time></trkpt>
<trkpt lat="30.62194496343243" lon="104.064871805906"><ele>487</ele><time>2025-08-27T14:00:28.000Z</time></trkpt>
<trkpt lat="30.62194496343243" lon="104.064871805906"><ele>488</ele><time>2025-08-27T14:00:29.000Z</time></trkpt>
<trkpt lat="30.62194496343243" lon="104.064871805906"><ele>488</ele><time>2025-08-27T14:00:30.000Z</time></trkpt>
<trkpt lat="30.62194496343243" lon="104.064871805906"><ele>489</ele><time>2025-08-27T14:00:31.000Z</time></trkpt>
<trkpt lat="30.62194496343243" lon="104.064871805906"><ele>490</ele><time>2025-08-27T14:00:32.000Z</time></trkpt>
<trkpt lat="30.62194496343243" lon="104.064871805906"><ele>490</ele><time>2025-08-27T14:00:33.000Z</time></trkpt>
<trkpt lat="30.62194496343243" lon="104.064871805906"><ele>490</ele><time>2025-08-27T14:00:34.000Z</time></trkpt>
<trkpt lat="30.62194496343243" lon="104.064871805906"><ele>490</ele><time>2025-08-27T14:00:35.000Z</time></trkpt>
<trkpt lat="30.62194496343243" lon="104.064871805906"><ele>490</ele><time>2025-08-27T14:00:36.000Z</time></trkpt>
<trkpt lat="30.62194496343243" lon="104.064871805906"><ele>491</ele><time>2025-08-27T14:00:37.000Z</time></trkpt>
<trkpt lat="30.62194496343243" lon="104.064871805906"><ele>490</ele><time>2025-08-27T14:00:38.000Z</time></trkpt>
<trkpt lat="30.62194496343243" lon="104.064871805906"><ele>491</ele><time>2025-08-27T14:00:39.000Z</time></trkpt>
<trkpt lat="30.62194496343243" lon="104.064871805906"><ele>490</ele><time>2025-08-27T14:00:40.000Z</time></trkpt>
<trkpt lat="30.62194496343243" lon="104.064871805906"><ele>490</ele><time>2025-08-27T14:00:41.000Z</time></trkpt>
<trkpt lat="30.62194496343243" lon="104.064871805906"><ele>490</ele><time>2025-08-27T14:00:42.000Z</time></trkpt>
<trkpt lat="30.62194496343243" lon="104.064871805906"><ele>491</ele><time>2025-08-27T14:00:43.000Z</time></trkpt>
<trkpt lat="30.62194496343243" lon="104.064871805906"><ele>491</ele><time>2025-08-27T14:00:44.000Z</time></trkpt>
<trkpt lat="30.62194496343243" lon="104.064871805906"><ele>491</ele><time>2025-08-27T14:00:45.000Z</time></trkpt>
<trkpt lat="30.62194496343243" lon="104.064871805906"><ele>491</ele><time>2025-08-27T14:00:46.000Z</time></trkpt>
<trkpt lat="30.62194496343243" lon="104.064871805906"><ele>490</ele><time>2025-08-27T14:00:47.000Z</time></trkpt>
<trkpt lat="30.62194496343243" lon="104.064871805906"><ele>489</ele><time>2025-08-27T14:00:48.000Z</time></trkpt>
<trkpt lat="30.62194496343243" lon="104.064871805906"><ele>485</ele><time>2025-08-27T14:00:49.000Z</time></trkpt>
<trkpt lat="30.62194496343243" lon="104.064871805906"><ele>483</ele><time>2025-08-27T14:00:50.000Z</time></trkpt>
<trkpt lat="30.62194496343243" lon="104.064871805906"><ele>483</ele><time>2025-08-27T14:00:51.000Z</time></trkpt>
<trkpt lat="30.62194496343243" lon="104.064871805906"><ele>485</ele><time>2025-08-27T14:00:52.000Z</time></trkpt>
<trkpt lat="30.62194496343243" lon="104.064871805906"><ele>484</ele><time>2025-08-27T14:00:53.000Z</time></trkpt>
<trkpt lat="30.62194496343243" lon="104.064871805906"><ele>483</ele><time>2025-08-27T14:00:54.000Z</time></trkpt>
<trkpt lat="30.62194496343243" lon="104.064871805906"><ele>483</ele><time>2025-08-27T14:00:55.000Z</time></trkpt>
<trkpt lat="30.62194496343243" lon="104.064871805906"><ele>483</ele><time>2025-08-27T14:00:56.000Z</time></trkpt>
<trkpt lat="30.62194496343243" lon="104.064871805906"><ele>483</ele><time>2025-08-27T14:00:57.000Z</time></trkpt>
<trkpt lat="30.62194496343243" lon="104.064871805906"><ele>482</ele><time>2025-08-27T14:00:58.000Z</time></trkpt>
<trkpt lat="30.62194496343243" lon="104.064871805906"><ele>482</ele><time>2025-08-27T14:00:59.000Z</time></trkpt>
<trkpt lat="30.62194496343243" lon="104.064871805906"><ele>481</ele><time>2025-08-27T14:01:00.000Z</time></trkpt>
<trkpt lat="30.62194496343243" lon="104.064871805906"><ele>481</ele><time>2025-08-27T14:01:01.000Z</time></trkpt>
<trkpt lat="30.62194496343243" lon="104.064871805906"><ele>480</ele><time>2025-08-27T14:01:02.000Z</time></trkpt>
<trkpt lat="30.62194496343243" lon="104.064871805906"><ele>479</ele><time>2025-08-27T14:01:03.000Z</time></trkpt>
<trkpt lat="30.62194496343243" lon="104.064871805906"><ele>478</ele><time>2025-08-27T14:01:04.000Z</time></trkpt>
<trkpt lat="30.62194496343243" lon="104.064871805906"><ele>478</ele><time>2025-08-27T14:01:05.000Z</time></trkpt>
<trkpt lat="30.62194496343243" lon="104.064871805906"><ele>478</ele><time>2025-08-27T14:01:06.000Z</time></trkpt>
<trkpt lat="30.62194496343243" lon="104.064871805906"><ele>477</ele><time>2025-08-27T14:01:07.000Z</time></trkpt>
<trkpt lat="30.62194496343243" lon="104.064871805906"><ele>477</ele><time>2025-08-27T14:01:08.000Z</time></trkpt>
<trkpt lat="30.62194496343243" lon="104.064871805906"><ele>477</ele><time>2025-08-27T14:01:09.000Z</time></trkpt>
<trkpt lat="30.62194496343243" lon="104.064871805906"><ele>476</ele><time>2025-08-27T14:01:10.000Z</time></trkpt>
<trkpt lat="30.62194496343243" lon="104.064871805906"><ele>477</ele><time>2025-08-27T14:01:11.000Z</time></trkpt>
<trkpt lat="30.62194496343243" lon="104.064871805906"><ele>475</ele><time>2025-08-27T14:01:12.000Z</time></trkpt>
<trkpt lat="30.62194496343243" lon="104.064871805906"><ele>477</ele><time>2025-08-27T14:01:13.000Z</time></trkpt>
<trkpt lat="30.62194496343243" lon="104.064871805906"><ele>477</ele><time>2025-08-27T14:01:14.000Z</time></trkpt>
<trkpt lat="30.62194496343243" lon="104.064871805906"><ele>476</ele><time>2025-08-27T14:01:15.000Z</time></trkpt>
<trkpt lat="30.62194496343243" lon="104.064871805906"><ele>476</ele><time>2025-08-27T14:01:16.000Z</time></trkpt>
<trkpt lat="30.62194496343243" lon="104.064871805906"><ele>477</ele><time>2025-08-27T14:01:17.000Z</time></trkpt>
<trkpt lat="30.62194496343243" lon="104.064871805906"><ele>478</ele><time>2025-08-27T14:01:18.000Z</time></trkpt>
<trkpt lat="30.62194496343243" lon="104.064871805906"><ele>477</ele><time>2025-08-27T14:01:19.000Z</time></trkpt>
<trkpt lat="30.62194496343243" lon="104.064871805906"><ele>477</ele><time>2025-08-27T14:01:20.000Z</time></trkpt>
<trkpt lat="30.62194496343243" lon="104.064871805906"><ele>477</ele><time>2025-08-27T14:01:21.000Z</time></trkpt>
<trkpt lat="30.62194496343243" lon="104.064871805906"><ele>477</ele><time>2025-08-27T14:01:22.000Z</time></trkpt>
<trkpt lat="30.62194496343243" lon="104.064871805906"><ele>478</ele><time>2025-08-27T14:01:23.000Z</time></trkpt>
<trkpt lat="30.62194496343243" lon="104.064871805906"><ele>478</ele><time>2025-08-27T14:01:24.000Z</time></trkpt>
<trkpt lat="30.62194496343243" lon="104.064871805906"><ele>479</ele><time>2025-08-27T14:01:25.000Z</time></trkpt>
<trkpt lat="30.62194496343243" lon="104.064871805906"><ele>478</ele><time>2025-08-27T14:01:26.000Z</time></trkpt>
<trkpt lat="30.62194496343243" lon="104.064871805906"><ele>477</ele><time>2025-08-27T14:01:27.000Z</time></trkpt>
<trkpt lat="30.62194496343243" lon="104.064871805906"><ele>478</ele><time>2025-08-27T14:01:28.000Z</time></trkpt>
<trkpt lat="30.62194496343243" lon="104.064871805906"><ele>477</ele><time>2025-08-27T14:01:29.000Z</time></trkpt>
<trkpt lat="30.62194496343243" lon="104.064871805906"><ele>476</ele><time>2025-08-27T14:01:30.000Z</time></trkpt>
<trkpt lat="30.62194496343243" lon="104.064871805906"><ele>476</ele><time>2025-08-27T14:01:31.000Z</time></trkpt>
<trkpt lat="30.62194496343243" lon="104.064871805906"><ele>475</ele><time>2025-08-27T14:01:32.000Z</time></trkpt>
<trkpt lat="30.62194496343243" lon="104.064871805906"><ele>476</ele><time>2025-08-27T14:01:33.000Z</time></trkpt>
<trkpt lat="30.62194496343243" lon="104.064871805906"><ele>476</ele><time>2025-08-27T14:01:34.000Z</time></trkpt>
<trkpt lat="30.62194496343243" lon="104.064871805906"><ele>476</ele><time>2025-08-27T14:01:35.000Z</time></trkpt>
<trkpt lat="30.62194496343243" lon="104.064871805906"><ele>476</ele><time>2025-08-27T14:01:36.000Z</time></trkpt>
<trkpt lat="30.62194496343243" lon="104.064871805906"><ele>476</ele><time>2025-08-27T14:01:37.000Z</time></trkpt>
<trkpt lat="30.62194496343243" lon="104.064871805906"><ele>476</ele><time>2025-08-27T14:01:38.000Z</time></trkpt>
<trkpt lat="30.62194496343243" lon="104.064871805906"><ele>476</ele><time>2025-08-27T14:01:39.000Z</time></trkpt>
<trkpt lat="30.62194496343243" lon="104.064871805906"><ele>477</ele><time>2025-08-27T14:01:40.000Z</time></trkpt>
<trkpt lat="30.62194496343243" lon="104.064871805906"><ele>477</ele><time>2025-08-27T14:01:41.000Z</time></trkpt>
<trkpt lat="30.62194496343243" lon="104.064871805906"><ele>477</ele><time>2025-08-27T14:01:42.000Z</time></trkpt>
<trkpt lat="30.62194496343243" lon="104.064871805906"><ele>478</ele><time>2025-08-27T14:01:43.000Z</time></trkpt>
<trkpt lat="30.62194496343243" lon="104.064871805906"><ele>477</ele><time>2025-08-27T14:01:44.000Z</time></trkpt>
<trkpt lat="30.62194496343243" lon="104.064871805906"><ele>477</ele><time>2025-08-27T14:01:45.000Z</time></trkpt>
<trkpt lat="30.62194496343243" lon="104.064871805906"><ele>477</ele><time>2025-08-27T14:01:46.000Z</time></trkpt>
<trkpt lat="30.62194496343243" lon="104.064871805906"><ele>477</ele><time>2025-08-27T14:01:47.000Z</time></trkpt>
<trkpt lat="30.62194496343243" lon="104.064871805906"><ele>476</ele><time>2025-08-27T14:01:48.000Z</time></trkpt>
<trkpt lat="30.62194496343243" lon="104.064871805906"><ele>476</ele><time>2025-08-27T14:01:49.000Z</time></trkpt>
<trkpt lat="30.62194496343243" lon="104.064871805906"><ele>476</ele><time>2025-08-27T14:01:50.000Z</time></trkpt>
<trkpt lat="30.62194496343243" lon="104.064871805906"><ele>476</ele><time>2025-08-27T14:01:51.000Z</time></trkpt>
<trkpt lat="30.62194496343243" lon="104.064871805906"><ele>476</ele><time>2025-08-27T14:01:52.000Z</time></trkpt>
<trkpt lat="30.62194496343243" lon="104.064871805906"><ele>476</ele><time>2025-08-27T14:01:53.000Z</time></trkpt>
<trkpt lat="30.62194496343243" lon="104.064871805906"><ele>476</ele><time>2025-08-27T14:01:54.000Z</time></trkpt>
<trkpt lat="30.62194496343243" lon="104.064871805906"><ele>476</ele><time>2025-08-27T14:01:55.000Z</time></trkpt>
<trkpt lat="30.62194496343243" lon="104.064871805906"><ele>476</ele><time>2025-08-27T14:01:56.000Z</time></trkpt>
<trkpt lat="30.62194496343243" lon="104.064871805906"><ele>477</ele><time>2025-08-27T14:01:57.000Z</time></trkpt>
<trkpt lat="30.62194496343243" lon="104.064871805906"><ele>477</ele><time>2025-08-27T14:01:58.000Z</time></trkpt>
<trkpt lat="30.62194496343243" lon="104.064871805906"><ele>475</ele><time>2025-08-27T14:01:59.000Z</time></trkpt>
<trkpt lat="30.62194496343243" lon="104.064871805906"><ele>475</ele><time>2025-08-27T14:02:00.000Z</time></trkpt>
<trkpt lat="30.62194496343243" lon="104.064871805906"><ele>476</ele><time>2025-08-27T14:02:01.000Z</time></trkpt>
<trkpt lat="30.62194496343243" lon="104.064871805906"><ele>475</ele><time>2025-08-27T14:02:02.000Z</time></trkpt>
<trkpt lat="30.62194496343243" lon="104.064871805906"><ele>475</ele><time>2025-08-27T14:02:03.000Z</time></trkpt>
<trkpt lat="30.62194496343243" lon="104.064871805906"><ele>477</ele><time>2025-08-27T14:02:04.000Z</time></trkpt>
<trkpt lat="30.62194496343243" lon="104.064871805906"><ele>476</ele><time>2025-08-27T14:02:05.000Z</time></trkpt>
<trkpt lat="30.62194496343243" lon="104.064871805906"><ele>476</ele><time>2025-08-27T14:02:06.000Z</time></trkpt>
<trkpt lat="30.62194496343243" lon="104.064871805906"><ele>476</ele><time>2025-08-27T14:02:07.000Z</time></trkpt>
<trkpt lat="30.62194496343243" lon="104.064871805906"><ele>476</ele><time>2025-08-27T14:02:08.000Z</time></trkpt>
<trkpt lat="30.62194496343243" lon="104.064871805906"><ele>477</ele><time>2025-08-27T14:02:09.000Z</time></trkpt>
<trkpt lat="30.62194496343243" lon="104.064871805906"><ele>477</ele><time>2025-08-27T14:02:10.000Z</time></trkpt>
<trkpt lat="30.62194496343243" lon="104.064871805906"><ele>476</ele><time>2025-08-27T14:02:11.000Z</time></trkpt>
<trkpt lat="30.62194496343243" lon="104.064871805906"><ele>476</ele><time>2025-08-27T14:02:12.000Z</time></trkpt>
<trkpt lat="30.62194496343243" lon="104.064871805906"><ele>476</ele><time>2025-08-27T14:02:13.000Z</time></trkpt>
<trkpt lat="30.62194496343243" lon="104.064871805906"><ele>476</ele><time>2025-08-27T14:02:14.000Z</time></trkpt>
<trkpt lat="30.62194496343243" lon="104.064871805906"><ele>476</ele><time>2025-08-27T14:02:15.000Z</time></trkpt>
<trkpt lat="30.62194496343243" lon="104.064871805906"><ele>477</ele><time>2025-08-27T14:02:16.000Z</time></trkpt>
<trkpt lat="30.62194496343243" lon="104.064871805906"><ele>476</ele><time>2025-08-27T14:02:17.000Z</time></trkpt>
<trkpt lat="30.62194496343243" lon="104.064871805906"><ele>476</ele><time>2025-08-27T14:02:18.000Z</time></trkpt>
<trkpt lat="30.62194496343243" lon="104.064871805906"><ele>475</ele><time>2025-08-27T14:02:19.000Z</time></trkpt>
<trkpt lat="30.62194496343243" lon="104.064871805906"><ele>475</ele><time>2025-08-27T14:02:20.000Z</time></trkpt>
<trkpt lat="30.62194496343243" lon="104.064871805906"><ele>475</ele><time>2025-08-27T14:02:21.000Z</time></trkpt>
<trkpt lat="30.62194496343243" lon="104.064871805906"><ele>475</ele><time>2025-08-27T14:02:22.000Z</time></trkpt>
<trkpt lat="30.62194496343243" lon="104.064871805906"><ele>475</ele><time>2025-08-27T14:02:23.000Z</time></trkpt>
<trkpt lat="30.62194496343243" lon="104.064871805906"><ele>475</ele><time>2025-08-27T14:02:24.000Z</time></trkpt>
<trkpt lat="30.62194496343243" lon="104.064871805906"><ele>475</ele><time>2025-08-27T14:02:25.000Z</time></trkpt>
<trkpt lat="30.62194496343243" lon="104.064871805906"><ele>475</ele><time>2025-08-27T14:02:26.000Z</time></trkpt>
<trkpt lat="30.62194496343243" lon="104.064871805906"><ele>475</ele><time>2025-08-27T14:02:27.000Z</time></trkpt>
<trkpt lat="30.62194496343243" lon="104.064871805906"><ele>475</ele><time>2025-08-27T14:02:28.000Z</time></trkpt>
<trkpt lat="30.62194496343243" lon="104.064871805906"><ele>475</ele><time>2025-08-27T14:02:29.000Z</time></trkpt>
<trkpt lat="30.62194496343243" lon="104.064871805906"><ele>475</ele><time>2025-08-27T14:02:30.000Z</time></trkpt>
<trkpt lat="30.62194496343243" lon="104.064871805906"><ele>475</ele><time>2025-08-27T14:02:31.000Z</time></trkpt>
<trkpt lat="30.62194496343243" lon="104.064871805906"><ele>474</ele><time>2025-08-27T14:02:32.000Z</time></trkpt>
<trkpt lat="30.62194496343243" lon="104.064871805906"><ele>474</ele><time>2025-08-27T14:02:33.000Z</time></trkpt>
<trkpt lat="30.62194496343243" lon="104.064871805906"><ele>474</ele><time>2025-08-27T14:02:34.000Z</time></trkpt>
<trkpt lat="30.62194496343243" lon="104.064871805906"><ele>474</ele><time>2025-08-27T14:02:35.000Z</time></trkpt>
<trkpt lat="30.62194496343243" lon="104.064871805906"><ele>475</ele><time>2025-08-27T14:02:36.000Z</time></trkpt>
<trkpt lat="30.62194496343243" lon="104.064871805906"><ele>475</ele><time>2025-08-27T14:02:37.000Z</time></trkpt>
<trkpt lat="30.62194496343243" lon="104.064871805906"><ele>475</ele><time>2025-08-27T14:02:38.000Z</time></trkpt>
<trkpt lat="30.62194496343243" lon="104.064871805906"><ele>476</ele><time>2025-08-27T14:02:39.000Z</time></trkpt>
<trkpt lat="30.62194496343243" lon="104.064871805906"><ele>476</ele><time>2025-08-27T14:02:40.000Z</time></trkpt>
<trkpt lat="30.62194496343243" lon="104.064871805906"><ele>477</ele><time>2025-08-27T14:02:41.000Z</time></trkpt>
<trkpt lat="30.62194496343243" lon="104.064871805906"><ele>477</ele><time>2025-08-27T14:02:42.000Z</time></trkpt>
<trkpt lat="30.62194496343243" lon="104.064871805906"><ele>478</ele><time>2025-08-27T14:02:43.000Z</time></trkpt>
<trkpt lat="30.62194496343243" lon="104.064871805906"><ele>478</ele><time>2025-08-27T14:02:44.000Z</time></trkpt>
<trkpt lat="30.62194496343243" lon="104.064871805906"><ele>478</ele><time>2025-08-27T14:02:45.000Z</time></trkpt>
<trkpt lat="30.62194496343243" lon="104.064871805906"><ele>478</ele><time>2025-08-27T14:02:46.000Z</time></trkpt>
<trkpt lat="30.62194496343243" lon="104.064871805906"><ele>478</ele><time>2025-08-27T14:02:47.000Z</time></trkpt>
<trkpt lat="30.62194496343243" lon="104.064871805906"><ele>478</ele><time>2025-08-27T14:02:48.000Z</time></trkpt>
<trkpt lat="30.62194496343243" lon="104.064871805906"><ele>478</ele><time>2025-08-27T14:02:49.000Z</time></trkpt>
<trkpt lat="30.62194496343243" lon="104.064871805906"><ele>477</ele><time>2025-08-27T14:02:50.000Z</time></trkpt>
<trkpt lat="30.62194496343243" lon="104.064871805906"><ele>478</ele><time>2025-08-27T14:02:51.000Z</time></trkpt>
<trkpt lat="30.62194496343243" lon="104.064871805906"><ele>478</ele><time>2025-08-27T14:02:52.000Z</time></trkpt>
<trkpt lat="30.62194496343243" lon="104.064871805906"><ele>478</ele><time>2025-08-27T14:02:53.000Z</time></trkpt>
<trkpt lat="30.62194496343243" lon="104.064871805906"><ele>477</ele><time>2025-08-27T14:02:54.000Z</time></trkpt>
<trkpt lat="30.62194496343243" lon="104.064871805906"><ele>477</ele><time>2025-08-27T14:02:55.000Z</time></trkpt>
<trkpt lat="30.62194496343243" lon="104.064871805906"><ele>477</ele><time>2025-08-27T14:02:56.000Z</time></trkpt>
<trkpt lat="30.62194496343243" lon="104.064871805906"><ele>477</ele><time>2025-08-27T14:02:57.000Z</time></trkpt>
<trkpt lat="30.62194496343243" lon="104.064871805906"><ele>477</ele><time>2025-08-27T14:02:58.000Z</time></trkpt>
<trkpt lat="30.62194496343243" lon="104.064871805906"><ele>477</ele><time>2025-08-27T14:02:59.000Z</time></trkpt>
<trkpt lat="30.62194496343243" lon="104.064871805906"><ele>477</ele><time>2025-08-27T14:03:00.000Z</time></trkpt>
<trkpt lat="30.62194496343243" lon="104.064871805906"><ele>477</ele><time>2025-08-27T14:03:01.000Z</time></trkpt>
<trkpt lat="30.62194496343243" lon="104.064871805906"><ele>477</ele><time>2025-08-27T14:03:02.000Z</time></trkpt>
<trkpt lat="30.62194496343243" lon="104.064871805906"><ele>477</ele><time>2025-08-27T14:03:03.000Z</time></trkpt>
<trkpt lat="30.62194496343243" lon="104.064871805906"><ele>476</ele><time>2025-08-27T14:03:04.000Z</time></trkpt>
<trkpt lat="30.62194496343243" lon="104.064871805906"><ele>476</ele><time>2025-08-27T14:03:05.000Z</time></trkpt>
<trkpt lat="30.62194496343243" lon="104.064871805906"><ele>476</ele><time>2025-08-27T14:03:06.000Z</time></trkpt>
<trkpt lat="30.62194496343243" lon="104.064871805906"><ele>476</ele><time>2025-08-27T14:03:07.000Z</time></trkpt>
<trkpt lat="30.62194496343243" lon="104.064871805906"><ele>476</ele><time>2025-08-27T14:03:08.000Z</time></trkpt>
<trkpt lat="30.62194496343243" lon="104.064871805906"><ele>475</ele><time>2025-08-27T14:03:09.000Z</time></trkpt>
<trkpt lat="30.62194496343243" lon="104.064871805906"><ele>476</ele><time>2025-08-27T14:03:10.000Z</time></trkpt>
<trkpt lat="30.62194496343243" lon="104.064871805906"><ele>476</ele><time>2025-08-27T14:03:11.000Z</time></trkpt>
<trkpt lat="30.62194496343243" lon="104.064871805906"><ele>476</ele><time>2025-08-27T14:03:12.000Z</time></trkpt>
<trkpt lat="30.62194496343243" lon="104.064871805906"><ele>476</ele><time>2025-08-27T14:03:13.000Z</time></trkpt>
<trkpt lat="30.62194496343243" lon="104.064871805906"><ele>476</ele><time>2025-08-27T14:03:14.000Z</time></trkpt>
<trkpt lat="30.62194496343243" lon="104.064871805906"><ele>475</ele><time>2025-08-27T14:03:15.000Z</time></trkpt>
<trkpt lat="30.62194496343243" lon="104.064871805906"><ele>475</ele><time>2025-08-27T14:03:16.000Z</time></trkpt>
<trkpt lat="30.62194496343243" lon="104.064871805906"><ele>475</ele><time>2025-08-27T14:03:17.000Z</time></trkpt>
<trkpt lat="30.62194496343243" lon="104.064871805906"><ele>476</ele><time>2025-08-27T14:03:18.000Z</time></trkpt>
<trkpt lat="30.62194496343243" lon="104.064871805906"><ele>477</ele><time>2025-08-27T14:03:19.000Z</time></trkpt>
<trkpt lat="30.62194496343243" lon="104.064871805906"><ele>478</ele><time>2025-08-27T14:03:20.000Z</time></trkpt>
<trkpt lat="30.62194496343243" lon="104.064871805906"><ele>478</ele><time>2025-08-27T14:03:21.000Z</time></trkpt>
<trkpt lat="30.62194496343243" lon="104.064871805906"><ele>478</ele><time>2025-08-27T14:03:22.000Z</time></trkpt>
<trkpt lat="30.62194496343243" lon="104.064871805906"><ele>478</ele><time>2025-08-27T14:03:23.000Z</time></trkpt>
<trkpt lat="30.62194496343243" lon="104.064871805906"><ele>479</ele><time>2025-08-27T14:03:24.000Z</time></trkpt>
<trkpt lat="30.62194496343243" lon="104.064871805906"><ele>478</ele><time>2025-08-27T14:03:25.000Z</time></trkpt>
<trkpt lat="30.62194496343243" lon="104.064871805906"><ele>479</ele><time>2025-08-27T14:03:26.000Z</time></trkpt>
<trkpt lat="30.62194496343243" lon="104.064871805906"><ele>479</ele><time>2025-08-27T14:03:27.000Z</time></trkpt>
<trkpt lat="30.62194496343243" lon="104.064871805906"><ele>479</ele><time>2025-08-27T14:03:28.000Z</time></trkpt>
<trkpt lat="30.62194496343243" lon="104.064871805906"><ele>480</ele><time>2025-08-27T14:03:29.000Z</time></trkpt>
<trkpt lat="30.62194496343243" lon="104.064871805906"><ele>480</ele><time>2025-08-27T14:03:30.000Z</time></trkpt>
<trkpt lat="30.62194496343243" lon="104.064871805906"><ele>481</ele><time>2025-08-27T14:03:31.000Z</time></trkpt>
<trkpt lat="30.62194496343243" lon="104.064871805906"><ele>481</ele><time>2025-08-27T14:03:32.000Z</time></trkpt>
<trkpt lat="30.62194496343243" lon="104.064871805906"><ele>480</ele><time>2025-08-27T14:03:33.000Z</time></trkpt>
<trkpt lat="30.62194496343243" lon="104.064871805906"><ele>481</ele><time>2025-08-27T14:03:34.000Z</time></trkpt>
<trkpt lat="30.62194496343243" lon="104.064871805906"><ele>480</ele><time>2025-08-27T14:03:35.000Z</time></trkpt>
<trkpt lat="30.62194496343243" lon="104.064871805906"><ele>481</ele><time>2025-08-27T14:03:36.000Z</time></trkpt>
<trkpt lat="30.62194496343243" lon="104.064871805906"><ele>481</ele><time>2025-08-27T14:03:37.000Z</time></trkpt>
<trkpt lat="30.62194496343243" lon="104.064871805906"><ele>481</ele><time>2025-08-27T14:03:38.000Z</time></trkpt>
<trkpt lat="30.62194496343243" lon="104.064871805906"><ele>481</ele><time>2025-08-27T14:03:39.000Z</time></trkpt>
<trkpt lat="30.62194496343243" lon="104.064871805906"><ele>480</ele><time>2025-08-27T14:03:40.000Z</time></trkpt>
<trkpt lat="30.62194496343243" lon="104.064871805906"><ele>482</ele><time>2025-08-27T14:03:41.000Z</time></trkpt>
<trkpt lat="30.62194496343243" lon="104.064871805906"><ele>480</ele><time>2025-08-27T14:03:42.000Z</time></trkpt>
<trkpt lat="30.62194496343243" lon="104.064871805906"><ele>480</ele><time>2025-08-27T14:03:43.000Z</time></trkpt>
<trkpt lat="30.62194496343243" lon="104.064871805906"><ele>480</ele><time>2025-08-27T14:03:44.000Z</time></trkpt>
<trkpt lat="30.62194496343243" lon="104.064871805906"><ele>481</ele><time>2025-08-27T14:03:45.000Z</time></trkpt>
<trkpt lat="30.62194496343243" lon="104.064871805906"><ele>480</ele><time>2025-08-27T14:03:46.000Z</time></trkpt>
<trkpt lat="30.62194496343243" lon="104.064871805906"><ele>481</ele><time>2025-08-27T14:03:47.000Z</time></trkpt>
<trkpt lat="30.62194496343243" lon="104.064871805906"><ele>481</ele><time>2025-08-27T14:03:48.000Z</time></trkpt>
<trkpt lat="30.62194496343243" lon="104.064871805906"><ele>481</ele><time>2025-08-27T14:03:49.000Z</time></trkpt>
<trkpt lat="30.62194496343243" lon="104.064871805906"><ele>481</ele><time>2025-08-27T14:03:50.000Z</time></trkpt>
<trkpt lat="30.62194496343243" lon="104.064871805906"><ele>482</ele><time>2025-08-27T14:03:51.000Z</time></trkpt>
<trkpt lat="30.62194496343243" lon="104.064871805906"><ele>481</ele><time>2025-08-27T14:03:52.000Z</time></trkpt>
<trkpt lat="30.62194496343243" lon="104.064871805906"><ele>480</ele><time>2025-08-27T14:03:53.000Z</time></trkpt>
<trkpt lat="30.62194496343243" lon="104.064871805906"><ele>482</ele><time>2025-08-27T14:03:54.000Z</time></trkpt>
<trkpt lat="30.62194496343243" lon="104.064871805906"><ele>480</ele><time>2025-08-27T14:03:55.000Z</time></trkpt>
<trkpt lat="30.62194496343243" lon="104.064871805906"><ele>482</ele><time>2025-08-27T14:03:56.000Z</time></trkpt>
<trkpt lat="30.62194496343243" lon="104.064871805906"><ele>482</ele><time>2025-08-27T14:03:57.000Z</time></trkpt>
<trkpt lat="30.62194496343243" lon="104.064871805906"><ele>480</ele><time>2025-08-27T14:03:58.000Z</time></trkpt>
<trkpt lat="30.62194496343243" lon="104.064871805906"><ele>481</ele><time>2025-08-27T14:03:59.000Z</time></trkpt>
<trkpt lat="30.62194496343243" lon="104.064871805906"><ele>481</ele><time>2025-08-27T14:04:00.000Z</time></trkpt>
<trkpt lat="30.62194496343243" lon="104.064871805906"><ele>482</ele><time>2025-08-27T14:04:01.000Z</time></trkpt>
<trkpt lat="30.62194496343243" lon="104.064871805906"><ele>481</ele><time>2025-08-27T14:04:02.000Z</time></trkpt>
<trkpt lat="30.62194496343243" lon="104.064871805906"><ele>481</ele><time>2025-08-27T14:04:03.000Z</time></trkpt>
<trkpt lat="30.62194496343243" lon="104.064871805906"><ele>481</ele><time>2025-08-27T14:04:04.000Z</time></trkpt>
<trkpt lat="30.62194496343243" lon="104.064871805906"><ele>482</ele><time>2025-08-27T14:04:05.000Z</time></trkpt>
<trkpt lat="30.62194496343243" lon="104.064871805906"><ele>482</ele><time>2025-08-27T14:04:06.000Z</time></trkpt>
<trkpt lat="30.62194496343243" lon="104.064871805906"><ele>482</ele><time>2025-08-27T14:04:07.000Z</time></trkpt>
<trkpt lat="30.62194496343243" lon="104.064871805906"><ele>482</ele><time>2025-08-27T14:04:08.000Z</time></trkpt>
<trkpt lat="30.62194496343243" lon="104.064871805906"><ele>482</ele><time>2025-08-27T14:04:09.000Z</time></trkpt>
<trkpt lat="30.62194496343243" lon="104.064871805906"><ele>482</ele><time>2025-08-27T14:04:10.000Z</time></trkpt>
<trkpt lat="30.62194496343243" lon="104.064871805906"><ele>483</ele><time>2025-08-27T14:04:11.000Z</time></trkpt>
<trkpt lat="30.62194496343243" lon="104.064871805906"><ele>483</ele><time>2025-08-27T14:04:12.000Z</time></trkpt>
<trkpt lat="30.62194496343243" lon="104.064871805906"><ele>483</ele><time>2025-08-27T14:04:13.000Z</time></trkpt>
<trkpt lat="30.62194496343243" lon="104.064871805906"><ele>483</ele><time>2025-08-27T14:04:14.000Z</time></trkpt>
<trkpt lat="30.62194496343243" lon="104.064871805906"><ele>483</ele><time>2025-08-27T14:04:15.000Z</time></trkpt>
<trkpt lat="30.62194496343243" lon="104.064871805906"><ele>484</ele><time>2025-08-27T14:04:16.000Z</time></trkpt>
<trkpt lat="30.62194496343243" lon="104.064871805906"><ele>484</ele><time>2025-08-27T14:04:17.000Z</time></trkpt>
<trkpt lat="30.62194496343243" lon="104.064871805906"><ele>484</ele><time>2025-08-27T14:04:18.000Z</time></trkpt>
<trkpt lat="30.62194496343243" lon="104.064871805906"><ele>483</ele><time>2025-08-27T14:04:19.000Z</time></trkpt>
<trkpt lat="30.62194496343243" lon="104.064871805906"><ele>483</ele><time>2025-08-27T14:04:20.000Z</time></trkpt>
<trkpt lat="30.62194496343243" lon="104.064871805906"><ele>482</ele><time>2025-08-27T14:04:21.000Z</time></trkpt>
<trkpt lat="30.62194496343243" lon="104.064871805906"><ele>482</ele><time>2025-08-27T14:04:22.000Z</time></trkpt>
<trkpt lat="30.62194496343243" lon="104.064871805906"><ele>482</ele><time>2025-08-27T14:04:23.000Z</time></trkpt>
<trkpt lat="30.62194496343243" lon="104.064871805906"><ele>482</ele><time>2025-08-27T14:04:24.000Z</time></trkpt>
<trkpt lat="30.62194496343243" lon="104.064871805906"><ele>481</ele><time>2025-08-27T14:04:25.000Z</time></trkpt>
<trkpt lat="30.62194496343243" lon="104.064871805906"><ele>482</ele><time>2025-08-27T14:04:26.000Z</time></trkpt>
<trkpt lat="30.62194496343243" lon="104.064871805906"><ele>482</ele><time>2025-08-27T14:04:27.000Z</time></trkpt>
<trkpt lat="30.62194496343243" lon="104.064871805906"><ele>480</ele><time>2025-08-27T14:04:28.000Z</time></trkpt>
<trkpt lat="30.62194496343243" lon="104.064871805906"><ele>480</ele><time>2025-08-27T14:04:29.000Z</time></trkpt>
<trkpt lat="30.62194496343243" lon="104.064871805906"><ele>479</ele><time>2025-08-27T14:04:30.000Z</time></trkpt>
<trkpt lat="30.62194496343243" lon="104.064871805906"><ele>479</ele><time>2025-08-27T14:04:31.000Z</time></trkpt>
<trkpt lat="30.62194496343243" lon="104.064871805906"><ele>479</ele><time>2025-08-27T14:04:32.000Z</time></trkpt>
<trkpt lat="30.62194496343243" lon="104.064871805906"><ele>478</ele><time>2025-08-27T14:04:33.000Z</time></trkpt>
<trkpt lat="30.62194496343243" lon="104.064871805906"><ele>479</ele><time>2025-08-27T14:04:34.000Z</time></trkpt>
<trkpt lat="30.62194496343243" lon="104.064871805906"><ele>478</ele><time>2025-08-27T14:04:35.000Z</time></trkpt>
<trkpt lat="30.62194496343243" lon="104.064871805906"><ele>478</ele><time>2025-08-27T14:04:36.000Z</time></trkpt>
<trkpt lat="30.62194496343243" lon="104.064871805906"><ele>478</ele><time>2025-08-27T14:04:37.000Z</time></trkpt>
<trkpt lat="30.62194496343243" lon="104.064871805906"><ele>478</ele><time>2025-08-27T14:04:38.000Z</time></trkpt>
<trkpt lat="30.62194496343243" lon="104.064871805906"><ele>478</ele><time>2025-08-27T14:04:39.000Z</time></trkpt>
<trkpt lat="30.62194496343243" lon="104.064871805906"><ele>477</ele><time>2025-08-27T14:04:40.000Z</time></trkpt>
<trkpt lat="30.62194496343243" lon="104.064871805906"><ele>478</ele><time>2025-08-27T14:04:41.000Z</time></trkpt>
<trkpt lat="30.62194496343243" lon="104.064871805906"><ele>478</ele><time>2025-08-27T14:04:42.000Z</time></trkpt>
<trkpt lat="30.62194496343243" lon="104.064871805906"><ele>478</ele><time>2025-08-27T14:04:43.000Z</time></trkpt>
<trkpt lat="30.62194496343243" lon="104.064871805906"><ele>478</ele><time>2025-08-27T14:04:44.000Z</time></trkpt>
<trkpt lat="30.62194496343243" lon="104.064871805906"><ele>478</ele><time>2025-08-27T14:04:45.000Z</time></trkpt>
<trkpt lat="30.62194496343243" lon="104.064871805906"><ele>478</ele><time>2025-08-27T14:04:46.000Z</time></trkpt>
<trkpt lat="30.62194496343243" lon="104.064871805906"><ele>478</ele><time>2025-08-27T14:04:47.000Z</time></trkpt>
<trkpt lat="30.62194496343243" lon="104.064871805906"><ele>478</ele><time>2025-08-27T14:04:48.000Z</time></trkpt>
<trkpt lat="30.62194496343243" lon="104.064871805906"><ele>478</ele><time>2025-08-27T14:04:49.000Z</time></trkpt>
<trkpt lat="30.62194496343243" lon="104.064871805906"><ele>478</ele><time>2025-08-27T14:04:50.000Z</time></trkpt>
<trkpt lat="30.62194496343243" lon="104.064871805906"><ele>479</ele><time>2025-08-27T14:04:51.000Z</time></trkpt>
<trkpt lat="30.62194496343243" lon="104.064871805906"><ele>479</ele><time>2025-08-27T14:04:52.000Z</time></trkpt>
<trkpt lat="30.62194496343243" lon="104.064871805906"><ele>478</ele><time>2025-08-27T14:04:53.000Z</time></trkpt>
<trkpt lat="30.62194496343243" lon="104.064871805906"><ele>478</ele><time>2025-08-27T14:04:54.000Z</time></trkpt>
<trkpt lat="30.62194496343243" lon="104.064871805906"><ele>478</ele><time>2025-08-27T14:04:55.000Z</time></trkpt>
<trkpt lat="30.62194496343243" lon="104.064871805906"><ele>478</ele><time>2025-08-27T14:04:56.000Z</time></trkpt>
<trkpt lat="30.62194496343243" lon="104.064871805906"><ele>478</ele><time>2025-08-27T14:04:57.000Z</time></trkpt>
<trkpt lat="30.62194496343243" lon="104.064871805906"><ele>478</ele><time>2025-08-27T14:04:58.000Z</time></trkpt>
<trkpt lat="30.62194496343243" lon="104.064871805906"><ele>478</ele><time>2025-08-27T14:04:59.000Z</time></trkpt>
<trkpt lat="30.62194496343243" lon="104.064871805906"><ele>479</ele><time>2025-08-27T14:05:00.000Z</time></trkpt>
<trkpt lat="30.62194496343243" lon="104.064871805906"><ele>479</ele><time>2025-08-27T14:05:01.000Z</time></trkpt>
<trkpt lat="30.62194496343243" lon="104.064871805906"><ele>478</ele><time>2025-08-27T14:05:02.000Z</time></trkpt>
<trkpt lat="30.62194496343243" lon="104.064871805906"><ele>479</ele><time>2025-08-27T14:05:03.000Z</time></trkpt>
<trkpt lat="30.62194496343243" lon="104.064871805906"><ele>478</ele><time>2025-08-27T14:05:04.000Z</time></trkpt>
<trkpt lat="30.62194496343243" lon="104.064871805906"><ele>479</ele><time>2025-08-27T14:05:05.000Z</time></trkpt>
<trkpt lat="30.62194496343243" lon="104.064871805906"><ele>478</ele><time>2025-08-27T14:05:06.000Z</time></trkpt>
<trkpt lat="30.62194496343243" lon="104.064871805906"><ele>478</ele><time>2025-08-27T14:05:07.000Z</time></trkpt>
<trkpt lat="30.62194496343243" lon="104.064871805906"><ele>478</ele><time>2025-08-27T14:05:08.000Z</time></trkpt>
<trkpt lat="30.62194496343243" lon="104.064871805906"><ele>478</ele><time>2025-08-27T14:05:09.000Z</time></trkpt>
<trkpt lat="30.62194496343243" lon="104.064871805906"><ele>478</ele><time>2025-08-27T14:05:10.000Z</time></trkpt>
<trkpt lat="30.62194496343243" lon="104.064871805906"><ele>478</ele><time>2025-08-27T14:05:11.000Z</time></trkpt>
<trkpt lat="30.62194496343243" lon="104.064871805906"><ele>477</ele><time>2025-08-27T14:05:12.000Z</time></trkpt>
<trkpt lat="30.62194496343243" lon="104.064871805906"><ele>478</ele><time>2025-08-27T14:05:13.000Z</time></trkpt>
<trkpt lat="30.62194496343243" lon="104.064871805906"><ele>477</ele><time>2025-08-27T14:05:14.000Z</time></trkpt>
<trkpt lat="30.62194496343243" lon="104.064871805906"><ele>477</ele><time>2025-08-27T14:05:15.000Z</time></trkpt>
<trkpt lat="30.62194496343243" lon="104.064871805906"><ele>477</ele><time>2025-08-27T14:05:16.000Z</time></trkpt>
<trkpt lat="30.62194496343243" lon="104.064871805906"><ele>476</ele><time>2025-08-27T14:05:17.000Z</time></trkpt>
<trkpt lat="30.62194496343243" lon="104.064871805906"><ele>476</ele><time>2025-08-27T14:05:18.000Z</time></trkpt>
<trkpt lat="30.62194496343243" lon="104.064871805906"><ele>477</ele><time>2025-08-27T14:05:19.000Z</time></trkpt>
<trkpt lat="30.62194496343243" lon="104.064871805906"><ele>477</ele><time>2025-08-27T14:05:20.000Z</time></trkpt>
<trkpt lat="30.62194496343243" lon="104.064871805906"><ele>477</ele><time>2025-08-27T14:05:21.000Z</time></trkpt>
<trkpt lat="30.62194496343243" lon="104.064871805906"><ele>477</ele><time>2025-08-27T14:05:22.000Z</time></trkpt>
<trkpt lat="30.62194496343243" lon="104.064871805906"><ele>477</ele><time>2025-08-27T14:05:23.000Z</time></trkpt>
<trkpt lat="30.62194496343243" lon="104.064871805906"><ele>477</ele><time>2025-08-27T14:05:24.000Z</time></trkpt>
<trkpt lat="30.62194496343243" lon="104.064871805906"><ele>477</ele><time>2025-08-27T14:05:25.000Z</time></trkpt>
<trkpt lat="30.62194496343243" lon="104.064871805906"><ele>477</ele><time>2025-08-27T14:05:26.000Z</time></trkpt>
<trkpt lat="30.62194496343243" lon="104.064871805906"><ele>477</ele><time>2025-08-27T14:05:27.000Z</time></trkpt>
<trkpt lat="30.62194496343243" lon="104.064871805906"><ele>479</ele><time>2025-08-27T14:05:28.000Z</time></trkpt>
<trkpt lat="30.62194496343243" lon="104.064871805906"><ele>479</ele><time>2025-08-27T14:05:29.000Z</time></trkpt>
<trkpt lat="30.62194496343243" lon="104.064871805906"><ele>479</ele><time>2025-08-27T14:05:30.000Z</time></trkpt>
<trkpt lat="30.62194496343243" lon="104.064871805906"><ele>479</ele><time>2025-08-27T14:05:31.000Z</time></trkpt>
<trkpt lat="30.62194496343243" lon="104.064871805906"><ele>479</ele><time>2025-08-27T14:05:32.000Z</time></trkpt>
<trkpt lat="30.62194496343243" lon="104.064871805906"><ele>479</ele><time>2025-08-27T14:05:33.000Z</time></trkpt>
<trkpt lat="30.62194496343243" lon="104.064871805906"><ele>479</ele><time>2025-08-27T14:05:34.000Z</time></trkpt>
<trkpt lat="30.62194496343243" lon="104.064871805906"><ele>478</ele><time>2025-08-27T14:05:35.000Z</time></trkpt>
<trkpt lat="30.62194496343243" lon="104.064871805906"><ele>478</ele><time>2025-08-27T14:05:36.000Z</time></trkpt>
<trkpt lat="30.62194496343243" lon="104.064871805906"><ele>478</ele><time>2025-08-27T14:05:37.000Z</time></trkpt>
<trkpt lat="30.62194496343243" lon="104.064871805906"><ele>477</ele><time>2025-08-27T14:05:38.000Z</time></trkpt>
<trkpt lat="30.62194496343243" lon="104.064871805906"><ele>477</ele><time>2025-08-27T14:05:39.000Z</time></trkpt>
<trkpt lat="30.62194496343243" lon="104.064871805906"><ele>477</ele><time>2025-08-27T14:05:40.000Z</time></trkpt>
<trkpt lat="30.62194496343243" lon="104.064871805906"><ele>477</ele><time>2025-08-27T14:05:41.000Z</time></trkpt>
<trkpt lat="30.62194496343243" lon="104.064871805906"><ele>477</ele><time>2025-08-27T14:05:42.000Z</time></trkpt>
<trkpt lat="30.62194496343243" lon="104.064871805906"><ele>477</ele><time>2025-08-27T14:05:43.000Z</time></trkpt>
<trkpt lat="30.62194496343243" lon="104.064871805906"><ele>477</ele><time>2025-08-27T14:05:44.000Z</time></trkpt>
<trkpt lat="30.62194496343243" lon="104.064871805906"><ele>477</ele><time>2025-08-27T14:05:45.000Z</time></trkpt>
<trkpt lat="30.62194496343243" lon="104.064871805906"><ele>478</ele><time>2025-08-27T14:05:46.000Z</time></trkpt>
<trkpt lat="30.62194496343243" lon="104.064871805906"><ele>478</ele><time>2025-08-27T14:05:47.000Z</time></trkpt>
<trkpt lat="30.62194496343243" lon="104.064871805906"><ele>478</ele><time>2025-08-27T14:05:48.000Z</time></trkpt>
<trkpt lat="30.62194496343243" lon="104.064871805906"><ele>478</ele><time>2025-08-27T14:05:49.000Z</time></trkpt>
<trkpt lat="30.62194496343243" lon="104.064871805906"><ele>478</ele><time>2025-08-27T14:05:50.000Z</time></trkpt>
<trkpt lat="30.62194496343243" lon="104.064871805906"><ele>478</ele><time>2025-08-27T14:05:51.000Z</time></trkpt>
<trkpt lat="30.62194496343243" lon="104.064871805906"><ele>478</ele><time>2025-08-27T14:05:52.000Z</time></trkpt>
<trkpt lat="30.62194496343243" lon="104.064871805906"><ele>478</ele><time>2025-08-27T14:05:53.000Z</time></trkpt>
<trkpt lat="30.62194496343243" lon="104.064871805906"><ele>478</ele><time>2025-08-27T14:05:54.000Z</time></trkpt>
<trkpt lat="30.62194496343243" lon="104.064871805906"><ele>478</ele><time>2025-08-27T14:05:55.000Z</time></trkpt>
<trkpt lat="30.62194496343243" lon="104.064871805906"><ele>479</ele><time>2025-08-27T14:05:56.000Z</time></trkpt>
<trkpt lat="30.62194496343243" lon="104.064871805906"><ele>479</ele><time>2025-08-27T14:05:57.000Z</time></trkpt>
<trkpt lat="30.62194496343243" lon="104.064871805906"><ele>479</ele><time>2025-08-27T14:05:58.000Z</time></trkpt>
<trkpt lat="30.62194496343243" lon="104.064871805906"><ele>480</ele><time>2025-08-27T14:05:59.000Z</time></trkpt>
<trkpt lat="30.62194496343243" lon="104.064871805906"><ele>480</ele><time>2025-08-27T14:06:00.000Z</time></trkpt>
<trkpt lat="30.62194496343243" lon="104.064871805906"><ele>480</ele><time>2025-08-27T14:06:01.000Z</time></trkpt>
<trkpt lat="30.62194496343243" lon="104.064871805906"><ele>480</ele><time>2025-08-27T14:06:02.000Z</time></trkpt>
<trkpt lat="30.62194496343243" lon="104.064871805906"><ele>480</ele><time>2025-08-27T14:06:03.000Z</time></trkpt>
<trkpt lat="30.62194496343243" lon="104.064871805906"><ele>480</ele><time>2025-08-27T14:06:04.000Z</time></trkpt>
<trkpt lat="30.62194496343243" lon="104.064871805906"><ele>479</ele><time>2025-08-27T14:06:05.000Z</time></trkpt>
<trkpt lat="30.62194496343243" lon="104.064871805906"><ele>479</ele><time>2025-08-27T14:06:06.000Z</time></trkpt>
<trkpt lat="30.62194496343243" lon="104.064871805906"><ele>479</ele><time>2025-08-27T14:06:07.000Z</time></trkpt>
<trkpt lat="30.62194496343243" lon="104.064871805906"><ele>479</ele><time>2025-08-27T14:06:08.000Z</time></trkpt>
<trkpt lat="30.62194496343243" lon="104.064871805906"><ele>478</ele><time>2025-08-27T14:06:09.000Z</time></trkpt>
<trkpt lat="30.62194496343243" lon="104.064871805906"><ele>478</ele><time>2025-08-27T14:06:10.000Z</time></trkpt>
<trkpt lat="30.62194496343243" lon="104.064871805906"><ele>478</ele><time>2025-08-27T14:06:11.000Z</time></trkpt>
<trkpt lat="30.62194496343243" lon="104.064871805906"><ele>478</ele><time>2025-08-27T14:06:12.000Z</time></trkpt>
<trkpt lat="30.62194496343243" lon="104.064871805906"><ele>478</ele><time>2025-08-27T14:06:13.000Z</time></trkpt>
<trkpt lat="30.62194496343243" lon="104.064871805906"><ele>478</ele><time>2025-08-27T14:06:14.000Z</time></trkpt>
<trkpt lat="30.62194496343243" lon="104.064871805906"><ele>478</ele><time>2025-08-27T14:06:15.000Z</time></trkpt>
<trkpt lat="30.62194496343243" lon="104.064871805906"><ele>478</ele><time>2025-08-27T14:06:16.000Z</time></trkpt>
<trkpt lat="30.62194496343243" lon="104.064871805906"><ele>479</ele><time>2025-08-27T14:06:17.000Z</time></trkpt>
<trkpt lat="30.62194496343243" lon="104.064871805906"><ele>479</ele><time>2025-08-27T14:06:18.000Z</time></trkpt>
<trkpt lat="30.62194496343243" lon="104.064871805906"><ele>480</ele><time>2025-08-27T14:06:19.000Z</time></trkpt>
<trkpt lat="30.62194496343243" lon="104.064871805906"><ele>480</ele><time>2025-08-27T14:06:20.000Z</time></trkpt>
<trkpt lat="30.62194496343243" lon="104.064871805906"><ele>480</ele><time>2025-08-27T14:06:21.000Z</time></trkpt>
<trkpt lat="30.62194496343243" lon="104.064871805906"><ele>480</ele><time>2025-08-27T14:06:22.000Z</time></trkpt>
<trkpt lat="30.62194496343243" lon="104.064871805906"><ele>480</ele><time>2025-08-27T14:06:23.000Z</time></trkpt>
<trkpt lat="30.62194496343243" lon="104.064871805906"><ele>480</ele><time>2025-08-27T14:06:24.000Z</time></trkpt>
<trkpt lat="30.62194496343243" lon="104.064871805906"><ele>480</ele><time>2025-08-27T14:06:25.000Z</time></trkpt>
<trkpt lat="30.62194496343243" lon="104.064871805906"><ele>479</ele><time>2025-08-27T14:06:26.000Z</time></trkpt>
<trkpt lat="30.62194496343243" lon="104.064871805906"><ele>480</ele><time>2025-08-27T14:06:27.000Z</time></trkpt>
<trkpt lat="30.62194496343243" lon="104.064871805906"><ele>480</ele><time>2025-08-27T14:06:28.000Z</time></trkpt>
<trkpt lat="30.62194496343243" lon="104.064871805906"><ele>481</ele><time>2025-08-27T14:06:29.000Z</time></trkpt>
<trkpt lat="30.62194496343243" lon="104.064871805906"><ele>481</ele><time>2025-08-27T14:06:30.000Z</time></trkpt>
<trkpt lat="30.62194496343243" lon="104.064871805906"><ele>481</ele><time>2025-08-27T14:06:31.000Z</time></trkpt>
<trkpt lat="30.62194496343243" lon="104.064871805906"><ele>481</ele><time>2025-08-27T14:06:32.000Z</time></trkpt>
<trkpt lat="30.62194496343243" lon="104.064871805906"><ele>481</ele><time>2025-08-27T14:06:33.000Z</time></trkpt>
<trkpt lat="30.62194496343243" lon="104.064871805906"><ele>482</ele><time>2025-08-27T14:06:34.000Z</time></trkpt>
<trkpt lat="30.62194496343243" lon="104.064871805906"><ele>482</ele><time>2025-08-27T14:06:35.000Z</time></trkpt>
<trkpt lat="30.62194496343243" lon="104.064871805906"><ele>483</ele><time>2025-08-27T14:06:36.000Z</time></trkpt>
<trkpt lat="30.62194496343243" lon="104.064871805906"><ele>483</ele><time>2025-08-27T14:06:37.000Z</time></trkpt>
<trkpt lat="30.62194496343243" lon="104.064871805906"><ele>483</ele><time>2025-08-27T14:06:38.000Z</time></trkpt>
<trkpt lat="30.62194496343243" lon="104.064871805906"><ele>484</ele><time>2025-08-27T14:06:39.000Z</time></trkpt>
<trkpt lat="30.62194496343243" lon="104.064871805906"><ele>484</ele><time>2025-08-27T14:06:40.000Z</time></trkpt>
<trkpt lat="30.62194496343243" lon="104.064871805906"><ele>484</ele><time>2025-08-27T14:06:41.000Z</time></trkpt>
<trkpt lat="30.62194496343243" lon="104.064871805906"><ele>484</ele><time>2025-08-27T14:06:42.000Z</time></trkpt>
<trkpt lat="30.62194496343243" lon="104.064871805906"><ele>484</ele><time>2025-08-27T14:06:43.000Z</time></trkpt>
<trkpt lat="30.62194496343243" lon="104.064871805906"><ele>484</ele><time>2025-08-27T14:06:44.000Z</time></trkpt>
</trkseg><name>中环-二环</name></trk></gpx>