<?xml version="1.0" encoding="utf-8"?><gpx xmlns:ns3="http://www.garmin.com/xmlschemas/TrackPointExtension/v1" xmlns="http://www.topografix.com/GPX/1/1" xmlns:xsi="http://www.w3.org/2001/XMLSchema-instance" xmlns:ns2="http://www.garmin.com/xmlschemas/GpxExtensions/v3" creator="Garmin Connect" version="1.1" xsi:schemaLocation="http://www.topografix.com/GPX/1/1 http://www.topografix.com/GPX/11.xsd"><metadata><time>2025-04-10T12:15:12.000Z</time></metadata><trk><type>20250410户外骑行</type><extensions><totalTime>5557</totalTime><cumulativeDecrease>726</cumulativeDecrease><cumulativeClimb>704</cumulativeClimb><totalDistance>30120</totalDistance><routeType>0</routeType></extensions><trkseg><trkpt lat="30.63083582629013" lon="104.0565408387031"><ele>507</ele><time>2025-04-10T12:15:12.000Z</time></trkpt>
<trkpt lat="30.63076210626337" lon="104.0566019152133"><ele>509</ele><time>2025-04-10T12:15:35.000Z</time></trkpt>
<trkpt lat="30.63067122015864" lon="104.0565952372841"><ele>506</ele><time>2025-04-10T12:15:55.000Z</time></trkpt>
<trkpt lat="30.63057555460687" lon="104.0565841317892"><ele>506</ele><time>2025-04-10T12:15:58.000Z</time></trkpt>
<trkpt lat="30.63048203240703" lon="104.0565822370926"><ele>505</ele><time>2025-04-10T12:16:01.000Z</time></trkpt>
<trkpt lat="30.63038615852971" lon="104.0565806985903"><ele>495</ele><time>2025-04-10T12:16:09.000Z</time></trkpt>
<trkpt lat="30.63035615760347" lon="104.056482154822"><ele>503</ele><time>2025-04-10T12:16:30.000Z</time></trkpt>
<trkpt lat="30.63036019351557" lon="104.0563742626117"><ele>493</ele><time>2025-04-10T12:16:35.000Z</time></trkpt>
<trkpt lat="30.63035504312198" lon="104.0562464619149"><ele>493</ele><time>2025-04-10T12:16:38.000Z</time></trkpt>
<trkpt lat="30.63035317885679" lon="104.056139820099"><ele>493</ele><time>2025-04-10T12:16:41.000Z</time></trkpt>
<trkpt lat="30.63034241347988" lon="104.0560265663947"><ele>493</ele><time>2025-04-10T12:16:45.000Z</time></trkpt>
<trkpt lat="30.63043199961048" lon="104.0559819571491"><ele>493</ele><time>2025-04-10T12:16:51.000Z</time></trkpt>
<trkpt lat="30.63046859589595" lon="104.0558784918113"><ele>493</ele><time>2025-04-10T12:17:35.000Z</time></trkpt>
<trkpt lat="30.63040524649187" lon="104.0557754227137"><ele>493</ele><time>2025-04-10T12:17:40.000Z</time></trkpt>
<trkpt lat="30.6303471031253" lon="104.0558597666793"><ele>493</ele><time>2025-04-10T12:17:43.000Z</time></trkpt>
<trkpt lat="30.63022962919898" lon="104.0557970121066"><ele>493</ele><time>2025-04-10T12:17:45.000Z</time></trkpt>
<trkpt lat="30.63011314981117" lon="104.0557845466009"><ele>493</ele><time>2025-04-10T12:17:47.000Z</time></trkpt>
<trkpt lat="30.62998918964229" lon="104.0557716638881"><ele>493</ele><time>2025-04-10T12:17:49.000Z</time></trkpt>
<trkpt lat="30.62987579555596" lon="104.05578050378"><ele>493</ele><time>2025-04-10T12:17:51.000Z</time></trkpt>
<trkpt lat="30.62977331521927" lon="104.055736432509"><ele>494</ele><time>2025-04-10T12:17:53.000Z</time></trkpt>
<trkpt lat="30.62966646243749" lon="104.0557010097648"><ele>493</ele><time>2025-04-10T12:17:55.000Z</time></trkpt>
<trkpt lat="30.62954595633315" lon="104.0556948995222"><ele>493</ele><time>2025-04-10T12:17:57.000Z</time></trkpt>
<trkpt lat="30.6294299292399" lon="104.0556856738656"><ele>494</ele><time>2025-04-10T12:17:59.000Z</time></trkpt>
<trkpt lat="30.62930971691485" lon="104.0556772908389"><ele>494</ele><time>2025-04-10T12:18:01.000Z</time></trkpt>
<trkpt lat="30.6291777663592" lon="104.0556653857804"><ele>493</ele><time>2025-04-10T12:18:03.000Z</time></trkpt>
<trkpt lat="30.62902361787536" lon="104.0556465467122"><ele>493</ele><time>2025-04-10T12:18:05.000Z</time></trkpt>
<trkpt lat="30.62887116588022" lon="104.0556329913652"><ele>493</ele><time>2025-04-10T12:18:07.000Z</time></trkpt>
<trkpt lat="30.62875397310874" lon="104.0556147118964"><ele>496</ele><time>2025-04-10T12:18:09.000Z</time></trkpt>
<trkpt lat="30.62863010445542" lon="104.0556291788187"><ele>496</ele><time>2025-04-10T12:18:11.000Z</time></trkpt>
<trkpt lat="30.62850403341508" lon="104.0556111709518"><ele>494</ele><time>2025-04-10T12:18:13.000Z</time></trkpt>
<trkpt lat="30.62837998484344" lon="104.0555954703213"><ele>495</ele><time>2025-04-10T12:18:15.000Z</time></trkpt>
<trkpt lat="30.62825828577845" lon="104.0555842787491"><ele>495</ele><time>2025-04-10T12:18:17.000Z</time></trkpt>
<trkpt lat="30.62813386182383" lon="104.0555747742969"><ele>495</ele><time>2025-04-10T12:18:19.000Z</time></trkpt>
<trkpt lat="30.62800634420313" lon="104.0555644620763"><ele>495</ele><time>2025-04-10T12:18:21.000Z</time></trkpt>
<trkpt lat="30.62788037781295" lon="104.0555507186352"><ele>495</ele><time>2025-04-10T12:18:23.000Z</time></trkpt>
<trkpt lat="30.62775872156628" lon="104.0555367230075"><ele>495</ele><time>2025-04-10T12:18:25.000Z</time></trkpt>
<trkpt lat="30.62763809478934" lon="104.0555193442975"><ele>495</ele><time>2025-04-10T12:18:27.000Z</time></trkpt>
<trkpt lat="30.62754230911681" lon="104.0555120651503"><ele>495</ele><time>2025-04-10T12:18:29.000Z</time></trkpt>
<trkpt lat="30.62744683309884" lon="104.0555178715579"><ele>496</ele><time>2025-04-10T12:18:33.000Z</time></trkpt>
<trkpt lat="30.62735669354754" lon="104.0554676207532"><ele>495</ele><time>2025-04-10T12:18:38.000Z</time></trkpt>
<trkpt lat="30.62726494376681" lon="104.0554434592398"><ele>494</ele><time>2025-04-10T12:18:48.000Z</time></trkpt>
<trkpt lat="30.6271562279629" lon="104.0554314737649"><ele>495</ele><time>2025-04-10T12:18:53.000Z</time></trkpt>
<trkpt lat="30.62705832195482" lon="104.0554063030079"><ele>494</ele><time>2025-04-10T12:18:56.000Z</time></trkpt>
<trkpt lat="30.62693222450096" lon="104.0554053256798"><ele>494</ele><time>2025-04-10T12:18:59.000Z</time></trkpt>
<trkpt lat="30.62680387797477" lon="104.0553906454438"><ele>494</ele><time>2025-04-10T12:19:02.000Z</time></trkpt>
<trkpt lat="30.62668184576371" lon="104.0554076721921"><ele>493</ele><time>2025-04-10T12:19:05.000Z</time></trkpt>
<trkpt lat="30.62655043309971" lon="104.0553730861534"><ele>492</ele><time>2025-04-10T12:19:08.000Z</time></trkpt>
<trkpt lat="30.62645434666713" lon="104.055358948118"><ele>491</ele><time>2025-04-10T12:19:10.000Z</time></trkpt>
<trkpt lat="30.62636023649118" lon="104.0553496955563"><ele>491</ele><time>2025-04-10T12:19:12.000Z</time></trkpt>
<trkpt lat="30.62626496306795" lon="104.0553452171885"><ele>491</ele><time>2025-04-10T12:19:14.000Z</time></trkpt>
<trkpt lat="30.62617177010234" lon="104.0553359935282"><ele>492</ele><time>2025-04-10T12:19:16.000Z</time></trkpt>
<trkpt lat="30.62607613339241" lon="104.0553282315653"><ele>492</ele><time>2025-04-10T12:19:18.000Z</time></trkpt>
<trkpt lat="30.62598009566824" lon="104.0553262083581"><ele>493</ele><time>2025-04-10T12:19:20.000Z</time></trkpt>
<trkpt lat="30.6258871633316" lon="104.0552952024486"><ele>494</ele><time>2025-04-10T12:19:22.000Z</time></trkpt>
<trkpt lat="30.62578575190878" lon="104.0552839489351"><ele>495</ele><time>2025-04-10T12:19:24.000Z</time></trkpt>
<trkpt lat="30.62568411230635" lon="104.0552697653043"><ele>495</ele><time>2025-04-10T12:19:26.000Z</time></trkpt>
<trkpt lat="30.6255822300087" lon="104.0552568155368"><ele>495</ele><time>2025-04-10T12:19:28.000Z</time></trkpt>
<trkpt lat="30.6254763551045" lon="104.0552447321435"><ele>495</ele><time>2025-04-10T12:19:30.000Z</time></trkpt>
<trkpt lat="30.62536871851619" lon="104.0552361575715"><ele>496</ele><time>2025-04-10T12:19:32.000Z</time></trkpt>
<trkpt lat="30.62526416992348" lon="104.0552210053225"><ele>496</ele><time>2025-04-10T12:19:34.000Z</time></trkpt>
<trkpt lat="30.62515603879152" lon="104.0552071677074"><ele>496</ele><time>2025-04-10T12:19:36.000Z</time></trkpt>
<trkpt lat="30.62504869871146" lon="104.0551864667948"><ele>496</ele><time>2025-04-10T12:19:38.000Z</time></trkpt>
<trkpt lat="30.62494005631065" lon="104.0551630215912"><ele>496</ele><time>2025-04-10T12:19:40.000Z</time></trkpt>
<trkpt lat="30.62482696599414" lon="104.0551545816837"><ele>496</ele><time>2025-04-10T12:19:42.000Z</time></trkpt>
<trkpt lat="30.62471739070783" lon="104.05514427494"><ele>496</ele><time>2025-04-10T12:19:44.000Z</time></trkpt>
<trkpt lat="30.62460797821488" lon="104.0551060932866"><ele>495</ele><time>2025-04-10T12:19:46.000Z</time></trkpt>
<trkpt lat="30.62449858405175" lon="104.055086034831"><ele>495</ele><time>2025-04-10T12:19:48.000Z</time></trkpt>
<trkpt lat="30.62439073747732" lon="104.0550707926357"><ele>494</ele><time>2025-04-10T12:19:50.000Z</time></trkpt>
<trkpt lat="30.62427952479779" lon="104.0550723169285"><ele>495</ele><time>2025-04-10T12:19:52.000Z</time></trkpt>
<trkpt lat="30.62416742004777" lon="104.0550530022135"><ele>495</ele><time>2025-04-10T12:19:54.000Z</time></trkpt>
<trkpt lat="30.62405363129858" lon="104.0550398428196"><ele>495</ele><time>2025-04-10T12:19:56.000Z</time></trkpt>
<trkpt lat="30.62394356651044" lon="104.0550298969642"><ele>495</ele><time>2025-04-10T12:19:58.000Z</time></trkpt>
<trkpt lat="30.62383036754108" lon="104.0550179340673"><ele>495</ele><time>2025-04-10T12:20:00.000Z</time></trkpt>
<trkpt lat="30.62371908655635" lon="104.0550081960444"><ele>494</ele><time>2025-04-10T12:20:02.000Z</time></trkpt>
<trkpt lat="30.62360619991878" lon="104.0549977395932"><ele>494</ele><time>2025-04-10T12:20:04.000Z</time></trkpt>
<trkpt lat="30.62348584308307" lon="104.0549778389927"><ele>493</ele><time>2025-04-10T12:20:06.000Z</time></trkpt>
<trkpt lat="30.62336608109952" lon="104.0549679508923"><ele>492</ele><time>2025-04-10T12:20:08.000Z</time></trkpt>
<trkpt lat="30.62324879725157" lon="104.0549462169775"><ele>492</ele><time>2025-04-10T12:20:10.000Z</time></trkpt>
<trkpt lat="30.62312734722009" lon="104.0549368556101"><ele>493</ele><time>2025-04-10T12:20:12.000Z</time></trkpt>
<trkpt lat="30.6230123002145" lon="104.0549226137648"><ele>493</ele><time>2025-04-10T12:20:14.000Z</time></trkpt>
<trkpt lat="30.62289981077945" lon="104.0549192620008"><ele>493</ele><time>2025-04-10T12:20:16.000Z</time></trkpt>
<trkpt lat="30.62279256913181" lon="104.054897586661"><ele>492</ele><time>2025-04-10T12:20:18.000Z</time></trkpt>
<trkpt lat="30.622765528582" lon="104.0547023696194"><ele>492</ele><time>2025-04-10T12:20:23.000Z</time></trkpt>
<trkpt lat="30.6228011196955" lon="104.0545910205273"><ele>492</ele><time>2025-04-10T12:20:25.000Z</time></trkpt>
<trkpt lat="30.62283431522612" lon="104.0544807621937"><ele>491</ele><time>2025-04-10T12:20:27.000Z</time></trkpt>
<trkpt lat="30.62286579833209" lon="104.054366138222"><ele>491</ele><time>2025-04-10T12:20:29.000Z</time></trkpt>
<trkpt lat="30.62290928879498" lon="104.0542528092963"><ele>491</ele><time>2025-04-10T12:20:31.000Z</time></trkpt>
<trkpt lat="30.62295320027499" lon="104.0541451147376"><ele>491</ele><time>2025-04-10T12:20:33.000Z</time></trkpt>
<trkpt lat="30.62301837889983" lon="104.05404730809"><ele>491</ele><time>2025-04-10T12:20:35.000Z</time></trkpt>
<trkpt lat="30.6230504932314" lon="104.0539360494993"><ele>490</ele><time>2025-04-10T12:20:37.000Z</time></trkpt>
<trkpt lat="30.6230911089471" lon="104.0538224742129"><ele>490</ele><time>2025-04-10T12:20:39.000Z</time></trkpt>
<trkpt lat="30.62314316707728" lon="104.0537162163289"><ele>490</ele><time>2025-04-10T12:20:41.000Z</time></trkpt>
<trkpt lat="30.62317525377044" lon="104.0536029919697"><ele>490</ele><time>2025-04-10T12:20:43.000Z</time></trkpt>
<trkpt lat="30.62320864780601" lon="104.0534837940685"><ele>489</ele><time>2025-04-10T12:20:45.000Z</time></trkpt>
<trkpt lat="30.62325081434911" lon="104.0533616256603"><ele>489</ele><time>2025-04-10T12:20:47.000Z</time></trkpt>
<trkpt lat="30.62330262376772" lon="104.0532516659862"><ele>488</ele><time>2025-04-10T12:20:49.000Z</time></trkpt>
<trkpt lat="30.62336216193819" lon="104.0531489902379"><ele>489</ele><time>2025-04-10T12:20:51.000Z</time></trkpt>
<trkpt lat="30.62342709375227" lon="104.0530419811411"><ele>489</ele><time>2025-04-10T12:20:53.000Z</time></trkpt>
<trkpt lat="30.62348589084012" lon="104.0529284205927"><ele>488</ele><time>2025-04-10T12:20:55.000Z</time></trkpt>
<trkpt lat="30.6235360801776" lon="104.0528162742541"><ele>487</ele><time>2025-04-10T12:20:57.000Z</time></trkpt>
<trkpt lat="30.62358879300718" lon="104.0527050628727"><ele>487</ele><time>2025-04-10T12:20:59.000Z</time></trkpt>
<trkpt lat="30.62364013256485" lon="104.0525951695998"><ele>487</ele><time>2025-04-10T12:21:01.000Z</time></trkpt>
<trkpt lat="30.62368762469561" lon="104.0524816856541"><ele>487</ele><time>2025-04-10T12:21:03.000Z</time></trkpt>
<trkpt lat="30.62374242849914" lon="104.0523751588736"><ele>486</ele><time>2025-04-10T12:21:05.000Z</time></trkpt>
<trkpt lat="30.62380253961502" lon="104.0522653678935"><ele>486</ele><time>2025-04-10T12:21:07.000Z</time></trkpt>
<trkpt lat="30.62387531347345" lon="104.0521653078549"><ele>486</ele><time>2025-04-10T12:21:09.000Z</time></trkpt>
<trkpt lat="30.62391540521335" lon="104.0520518114191"><ele>485</ele><time>2025-04-10T12:21:11.000Z</time></trkpt>
<trkpt lat="30.62398473222052" lon="104.0519411800334"><ele>486</ele><time>2025-04-10T12:21:13.000Z</time></trkpt>
<trkpt lat="30.62402141165761" lon="104.051825478418"><ele>486</ele><time>2025-04-10T12:21:15.000Z</time></trkpt>
<trkpt lat="30.62406980075846" lon="104.0517221489355"><ele>486</ele><time>2025-04-10T12:21:17.000Z</time></trkpt>
<trkpt lat="30.62413017096885" lon="104.0516270603421"><ele>486</ele><time>2025-04-10T12:21:19.000Z</time></trkpt>
<trkpt lat="30.6241676287042" lon="104.0515179190833"><ele>486</ele><time>2025-04-10T12:21:21.000Z</time></trkpt>
<trkpt lat="30.62420064435958" lon="104.051403346166"><ele>486</ele><time>2025-04-10T12:21:23.000Z</time></trkpt>
<trkpt lat="30.62425235610702" lon="104.0513022304186"><ele>487</ele><time>2025-04-10T12:21:25.000Z</time></trkpt>
<trkpt lat="30.62430797529463" lon="104.0511960439669"><ele>487</ele><time>2025-04-10T12:21:27.000Z</time></trkpt>
<trkpt lat="30.62435776870738" lon="104.0510742843009"><ele>487</ele><time>2025-04-10T12:21:29.000Z</time></trkpt>
<trkpt lat="30.62441252566872" lon="104.0509555452648"><ele>487</ele><time>2025-04-10T12:21:31.000Z</time></trkpt>
<trkpt lat="30.62447185801803" lon="104.0508417646392"><ele>487</ele><time>2025-04-10T12:21:33.000Z</time></trkpt>
<trkpt lat="30.62452831423423" lon="104.0507307167545"><ele>487</ele><time>2025-04-10T12:21:35.000Z</time></trkpt>
<trkpt lat="30.62459116805255" lon="104.0506013032252"><ele>487</ele><time>2025-04-10T12:21:37.000Z</time></trkpt>
<trkpt lat="30.62465479743869" lon="104.0504771149441"><ele>487</ele><time>2025-04-10T12:21:39.000Z</time></trkpt>
<trkpt lat="30.62471388842566" lon="104.0503564638062"><ele>487</ele><time>2025-04-10T12:21:41.000Z</time></trkpt>
<trkpt lat="30.62476601487214" lon="104.0502376567791"><ele>487</ele><time>2025-04-10T12:21:43.000Z</time></trkpt>
<trkpt lat="30.62482246387285" lon="104.050122768596"><ele>487</ele><time>2025-04-10T12:21:45.000Z</time></trkpt>
<trkpt lat="30.62486882884065" lon="104.0500041869023"><ele>487</ele><time>2025-04-10T12:21:47.000Z</time></trkpt>
<trkpt lat="30.62491994779399" lon="104.0498903073451"><ele>487</ele><time>2025-04-10T12:21:49.000Z</time></trkpt>
<trkpt lat="30.6249670693469" lon="104.0497744850636"><ele>487</ele><time>2025-04-10T12:21:51.000Z</time></trkpt>
<trkpt lat="30.62502403786997" lon="104.0496631554155"><ele>487</ele><time>2025-04-10T12:21:53.000Z</time></trkpt>
<trkpt lat="30.62510750407992" lon="104.0495750142308"><ele>489</ele><time>2025-04-10T12:21:55.000Z</time></trkpt>
<trkpt lat="30.62515172146518" lon="104.0494650792593"><ele>489</ele><time>2025-04-10T12:21:57.000Z</time></trkpt>
<trkpt lat="30.62520716307138" lon="104.0493511080777"><ele>489</ele><time>2025-04-10T12:21:59.000Z</time></trkpt>
<trkpt lat="30.62526926752433" lon="104.0492511107376"><ele>489</ele><time>2025-04-10T12:22:01.000Z</time></trkpt>
<trkpt lat="30.62530319315583" lon="104.0491345449576"><ele>489</ele><time>2025-04-10T12:22:03.000Z</time></trkpt>
<trkpt lat="30.62533874832049" lon="104.0490215108029"><ele>489</ele><time>2025-04-10T12:22:05.000Z</time></trkpt>
<trkpt lat="30.6253869794748" lon="104.0489130332132"><ele>489</ele><time>2025-04-10T12:22:07.000Z</time></trkpt>
<trkpt lat="30.62544044161713" lon="104.0488086444865"><ele>489</ele><time>2025-04-10T12:22:09.000Z</time></trkpt>
<trkpt lat="30.62549137429647" lon="104.0486986461852"><ele>489</ele><time>2025-04-10T12:22:11.000Z</time></trkpt>
<trkpt lat="30.62554011530767" lon="104.0485933536116"><ele>489</ele><time>2025-04-10T12:22:13.000Z</time></trkpt>
<trkpt lat="30.62560136812401" lon="104.04849402984"><ele>489</ele><time>2025-04-10T12:22:15.000Z</time></trkpt>
<trkpt lat="30.62564257894833" lon="104.0483920625513"><ele>491</ele><time>2025-04-10T12:22:17.000Z</time></trkpt>
<trkpt lat="30.62573356667396" lon="104.0483128755375"><ele>491</ele><time>2025-04-10T12:22:19.000Z</time></trkpt>
<trkpt lat="30.62579305713418" lon="104.0482065818646"><ele>491</ele><time>2025-04-10T12:22:21.000Z</time></trkpt>
<trkpt lat="30.62585445613175" lon="104.0481038169691"><ele>491</ele><time>2025-04-10T12:22:23.000Z</time></trkpt>
<trkpt lat="30.62590690998685" lon="104.0479907550847"><ele>491</ele><time>2025-04-10T12:22:25.000Z</time></trkpt>
<trkpt lat="30.62595827323626" lon="104.0478777697797"><ele>491</ele><time>2025-04-10T12:22:27.000Z</time></trkpt>
<trkpt lat="30.62600180316916" lon="104.047760157771"><ele>491</ele><time>2025-04-10T12:22:29.000Z</time></trkpt>
<trkpt lat="30.62604731913612" lon="104.0476486756754"><ele>491</ele><time>2025-04-10T12:22:31.000Z</time></trkpt>
<trkpt lat="30.62609759692609" lon="104.047547032827"><ele>491</ele><time>2025-04-10T12:22:33.000Z</time></trkpt>
<trkpt lat="30.62615677259274" lon="104.0474398911506"><ele>491</ele><time>2025-04-10T12:22:36.000Z</time></trkpt>
<trkpt lat="30.62621346585406" lon="104.0472945751728"><ele>491</ele><time>2025-04-10T12:22:39.000Z</time></trkpt>
<trkpt lat="30.62630542208768" lon="104.0471980512281"><ele>490</ele><time>2025-04-10T12:22:41.000Z</time></trkpt>
<trkpt lat="30.62639463243582" lon="104.0470736659882"><ele>490</ele><time>2025-04-10T12:22:43.000Z</time></trkpt>
<trkpt lat="30.62646015387591" lon="104.0469574030683"><ele>490</ele><time>2025-04-10T12:22:45.000Z</time></trkpt>
<trkpt lat="30.62650984338114" lon="104.0468442932832"><ele>490</ele><time>2025-04-10T12:22:47.000Z</time></trkpt>
<trkpt lat="30.62655689016355" lon="104.0467426567339"><ele>490</ele><time>2025-04-10T12:22:49.000Z</time></trkpt>
<trkpt lat="30.62660254807811" lon="104.0466338621994"><ele>489</ele><time>2025-04-10T12:22:51.000Z</time></trkpt>
<trkpt lat="30.6266374730221" lon="104.0465015706554"><ele>489</ele><time>2025-04-10T12:22:53.000Z</time></trkpt>
<trkpt lat="30.62669677079356" lon="104.0463935432369"><ele>489</ele><time>2025-04-10T12:22:55.000Z</time></trkpt>
<trkpt lat="30.6267499517385" lon="104.0462759038851"><ele>490</ele><time>2025-04-10T12:22:57.000Z</time></trkpt>
<trkpt lat="30.62682682267515" lon="104.046173879826"><ele>490</ele><time>2025-04-10T12:22:59.000Z</time></trkpt>
<trkpt lat="30.62688069580235" lon="104.0460596379977"><ele>490</ele><time>2025-04-10T12:23:01.000Z</time></trkpt>
<trkpt lat="30.62695181359414" lon="104.0459453848723"><ele>490</ele><time>2025-04-10T12:23:03.000Z</time></trkpt>
<trkpt lat="30.62692451453042" lon="104.0458443200269"><ele>490</ele><time>2025-04-10T12:23:04.000Z</time></trkpt>
<trkpt lat="30.62702221817485" lon="104.0458274479804"><ele>490</ele><time>2025-04-10T12:23:05.000Z</time></trkpt>
<trkpt lat="30.62709684286709" lon="104.0457139621451"><ele>490</ele><time>2025-04-10T12:23:07.000Z</time></trkpt>
<trkpt lat="30.62708634178809" lon="104.0455383457732"><ele>490</ele><time>2025-04-10T12:23:09.000Z</time></trkpt>
<trkpt lat="30.62713781060891" lon="104.0454409540188"><ele>490</ele><time>2025-04-10T12:23:11.000Z</time></trkpt>
<trkpt lat="30.62719538851319" lon="104.0453325024641"><ele>490</ele><time>2025-04-10T12:23:14.000Z</time></trkpt>
<trkpt lat="30.62726329359437" lon="104.045178194947"><ele>490</ele><time>2025-04-10T12:23:17.000Z</time></trkpt>
<trkpt lat="30.62731320135501" lon="104.0450771511437"><ele>491</ele><time>2025-04-10T12:23:19.000Z</time></trkpt>
<trkpt lat="30.62735821134393" lon="104.0449562994908"><ele>491</ele><time>2025-04-10T12:23:21.000Z</time></trkpt>
<trkpt lat="30.62741310621999" lon="104.0448386259701"><ele>491</ele><time>2025-04-10T12:23:23.000Z</time></trkpt>
<trkpt lat="30.62747035696581" lon="104.0447311188182"><ele>491</ele><time>2025-04-10T12:23:25.000Z</time></trkpt>
<trkpt lat="30.62752198753336" lon="104.0446120440091"><ele>491</ele><time>2025-04-10T12:23:27.000Z</time></trkpt>
<trkpt lat="30.62756496975835" lon="104.0444674626059"><ele>491</ele><time>2025-04-10T12:23:29.000Z</time></trkpt>
<trkpt lat="30.62761242780269" lon="104.0443375698918"><ele>491</ele><time>2025-04-10T12:23:31.000Z</time></trkpt>
<trkpt lat="30.62766911133221" lon="104.0442204899707"><ele>492</ele><time>2025-04-10T12:23:33.000Z</time></trkpt>
<trkpt lat="30.62773124379227" lon="104.0441004626674"><ele>491</ele><time>2025-04-10T12:23:35.000Z</time></trkpt>
<trkpt lat="30.62778740038667" lon="104.0439789694574"><ele>492</ele><time>2025-04-10T12:23:37.000Z</time></trkpt>
<trkpt lat="30.62783370082071" lon="104.0438551174878"><ele>492</ele><time>2025-04-10T12:23:39.000Z</time></trkpt>
<trkpt lat="30.62788067382484" lon="104.043744230344"><ele>492</ele><time>2025-04-10T12:23:41.000Z</time></trkpt>
<trkpt lat="30.62793545456083" lon="104.0436147405312"><ele>493</ele><time>2025-04-10T12:23:43.000Z</time></trkpt>
<trkpt lat="30.62799635584462" lon="104.0434962708031"><ele>493</ele><time>2025-04-10T12:23:45.000Z</time></trkpt>
<trkpt lat="30.62805239104993" lon="104.0433749446026"><ele>493</ele><time>2025-04-10T12:23:47.000Z</time></trkpt>
<trkpt lat="30.62811676944257" lon="104.0432689053186"><ele>493</ele><time>2025-04-10T12:23:49.000Z</time></trkpt>
<trkpt lat="30.62819322311199" lon="104.0431776231741"><ele>493</ele><time>2025-04-10T12:23:51.000Z</time></trkpt>
<trkpt lat="30.62823630911881" lon="104.0430564023323"><ele>493</ele><time>2025-04-10T12:23:53.000Z</time></trkpt>
<trkpt lat="30.62827335192713" lon="104.0429111951983"><ele>494</ele><time>2025-04-10T12:23:55.000Z</time></trkpt>
<trkpt lat="30.62832160981796" lon="104.0427888748957"><ele>493</ele><time>2025-04-10T12:23:57.000Z</time></trkpt>
<trkpt lat="30.62838140897807" lon="104.0426763731102"><ele>494</ele><time>2025-04-10T12:23:59.000Z</time></trkpt>
<trkpt lat="30.62847368867083" lon="104.0426123721151"><ele>494</ele><time>2025-04-10T12:24:01.000Z</time></trkpt>
<trkpt lat="30.6285686987617" lon="104.04252771582"><ele>494</ele><time>2025-04-10T12:24:03.000Z</time></trkpt>
<trkpt lat="30.62863805288487" lon="104.0424224714818"><ele>495</ele><time>2025-04-10T12:24:05.000Z</time></trkpt>
<trkpt lat="30.62869957921325" lon="104.0423007787666"><ele>495</ele><time>2025-04-10T12:24:07.000Z</time></trkpt>
<trkpt lat="30.62876028406747" lon="104.0421888597763"><ele>495</ele><time>2025-04-10T12:24:09.000Z</time></trkpt>
<trkpt lat="30.62882097854253" lon="104.0420750676332"><ele>495</ele><time>2025-04-10T12:24:11.000Z</time></trkpt>
<trkpt lat="30.62888059265487" lon="104.0419472694374"><ele>495</ele><time>2025-04-10T12:24:13.000Z</time></trkpt>
<trkpt lat="30.62894816548667" lon="104.0418311329323"><ele>495</ele><time>2025-04-10T12:24:15.000Z</time></trkpt>
<trkpt lat="30.62900825485122" lon="104.0417064340373"><ele>495</ele><time>2025-04-10T12:24:17.000Z</time></trkpt>
<trkpt lat="30.62908041159107" lon="104.041596104475"><ele>495</ele><time>2025-04-10T12:24:19.000Z</time></trkpt>
<trkpt lat="30.62914116149183" lon="104.0414750079212"><ele>495</ele><time>2025-04-10T12:24:21.000Z</time></trkpt>
<trkpt lat="30.62920090044108" lon="104.0413429460252"><ele>495</ele><time>2025-04-10T12:24:23.000Z</time></trkpt>
<trkpt lat="30.62926246928743" lon="104.0412231716563"><ele>495</ele><time>2025-04-10T12:24:25.000Z</time></trkpt>
<trkpt lat="30.62932512662716" lon="104.0411011087787"><ele>494</ele><time>2025-04-10T12:24:27.000Z</time></trkpt>
<trkpt lat="30.62939372067444" lon="104.040974299958"><ele>494</ele><time>2025-04-10T12:24:29.000Z</time></trkpt>
<trkpt lat="30.62946611318881" lon="104.0408476795086"><ele>494</ele><time>2025-04-10T12:24:31.000Z</time></trkpt>
<trkpt lat="30.62953366348749" lon="104.0407273456926"><ele>495</ele><time>2025-04-10T12:24:33.000Z</time></trkpt>
<trkpt lat="30.6295960242998" lon="104.0406048345682"><ele>495</ele><time>2025-04-10T12:24:35.000Z</time></trkpt>
<trkpt lat="30.62964688619786" lon="104.0404817368476"><ele>494</ele><time>2025-04-10T12:24:37.000Z</time></trkpt>
<trkpt lat="30.62969388040415" lon="104.0403488264296"><ele>494</ele><time>2025-04-10T12:24:39.000Z</time></trkpt>
<trkpt lat="30.62975915677044" lon="104.0402199142849"><ele>494</ele><time>2025-04-10T12:24:41.000Z</time></trkpt>
<trkpt lat="30.62981347629493" lon="104.0400876064143"><ele>494</ele><time>2025-04-10T12:24:43.000Z</time></trkpt>
<trkpt lat="30.6298701690306" lon="104.0399675283547"><ele>494</ele><time>2025-04-10T12:24:45.000Z</time></trkpt>
<trkpt lat="30.62992416445658" lon="104.0398456555656"><ele>494</ele><time>2025-04-10T12:24:47.000Z</time></trkpt>
<trkpt lat="30.62997538577676" lon="104.0397266698472"><ele>494</ele><time>2025-04-10T12:24:49.000Z</time></trkpt>
<trkpt lat="30.63002208102493" lon="104.0396000488159"><ele>494</ele><time>2025-04-10T12:24:51.000Z</time></trkpt>
<trkpt lat="30.63006666137483" lon="104.0394719767341"><ele>493</ele><time>2025-04-10T12:24:53.000Z</time></trkpt>
<trkpt lat="30.63012589313702" lon="104.0393510467438"><ele>493</ele><time>2025-04-10T12:24:55.000Z</time></trkpt>
<trkpt lat="30.63018455273633" lon="104.0392247513949"><ele>494</ele><time>2025-04-10T12:24:57.000Z</time></trkpt>
<trkpt lat="30.63024401372904" lon="104.0390972933667"><ele>493</ele><time>2025-04-10T12:24:59.000Z</time></trkpt>
<trkpt lat="30.63030916710082" lon="104.0389844385656"><ele>493</ele><time>2025-04-10T12:25:01.000Z</time></trkpt>
<trkpt lat="30.63038022591999" lon="104.0388754100465"><ele>493</ele><time>2025-04-10T12:25:03.000Z</time></trkpt>
<trkpt lat="30.63043892279332" lon="104.0387591455171"><ele>493</ele><time>2025-04-10T12:25:05.000Z</time></trkpt>
<trkpt lat="30.63049565859115" lon="104.0386452689695"><ele>493</ele><time>2025-04-10T12:25:07.000Z</time></trkpt>
<trkpt lat="30.63053568714059" lon="104.0385185339328"><ele>493</ele><time>2025-04-10T12:25:09.000Z</time></trkpt>
<trkpt lat="30.63057543229603" lon="104.0383864502372"><ele>493</ele><time>2025-04-10T12:25:11.000Z</time></trkpt>
<trkpt lat="30.63061263133102" lon="104.0382555310394"><ele>493</ele><time>2025-04-10T12:25:13.000Z</time></trkpt>
<trkpt lat="30.630665184963" lon="104.0381339137581"><ele>493</ele><time>2025-04-10T12:25:15.000Z</time></trkpt>
<trkpt lat="30.63069275442993" lon="104.0379986190387"><ele>493</ele><time>2025-04-10T12:25:17.000Z</time></trkpt>
<trkpt lat="30.63078145977269" lon="104.0379023500831"><ele>493</ele><time>2025-04-10T12:25:19.000Z</time></trkpt>
<trkpt lat="30.63083754470226" lon="104.0377855641279"><ele>493</ele><time>2025-04-10T12:25:21.000Z</time></trkpt>
<trkpt lat="30.63088855875549" lon="104.0376706633043"><ele>493</ele><time>2025-04-10T12:25:23.000Z</time></trkpt>
<trkpt lat="30.63094047058732" lon="104.0375536295048"><ele>493</ele><time>2025-04-10T12:25:25.000Z</time></trkpt>
<trkpt lat="30.63100138845701" lon="104.037440782177"><ele>493</ele><time>2025-04-10T12:25:27.000Z</time></trkpt>
<trkpt lat="30.63104986057869" lon="104.0373195160041"><ele>493</ele><time>2025-04-10T12:25:29.000Z</time></trkpt>
<trkpt lat="30.63116451238038" lon="104.0372413275075"><ele>493</ele><time>2025-04-10T12:25:31.000Z</time></trkpt>
<trkpt lat="30.63123181211546" lon="104.0371236203114"><ele>494</ele><time>2025-04-10T12:25:33.000Z</time></trkpt>
<trkpt lat="30.63130071164124" lon="104.0370128468104"><ele>494</ele><time>2025-04-10T12:25:35.000Z</time></trkpt>
<trkpt lat="30.6313528172203" lon="104.0368940813337"><ele>494</ele><time>2025-04-10T12:25:37.000Z</time></trkpt>
<trkpt lat="30.63140681450171" lon="104.036780307476"><ele>494</ele><time>2025-04-10T12:25:39.000Z</time></trkpt>
<trkpt lat="30.63146786007616" lon="104.0366741507922"><ele>494</ele><time>2025-04-10T12:25:41.000Z</time></trkpt>
<trkpt lat="30.63153319430684" lon="104.0365665293103"><ele>494</ele><time>2025-04-10T12:25:43.000Z</time></trkpt>
<trkpt lat="30.63160316645227" lon="104.0364615709257"><ele>494</ele><time>2025-04-10T12:25:45.000Z</time></trkpt>
<trkpt lat="30.63166622242704" lon="104.0363460608054"><ele>495</ele><time>2025-04-10T12:25:47.000Z</time></trkpt>
<trkpt lat="30.6317460010141" lon="104.0362532579837"><ele>495</ele><time>2025-04-10T12:25:49.000Z</time></trkpt>
<trkpt lat="30.63181583826405" lon="104.0361713236606"><ele>495</ele><time>2025-04-10T12:25:52.000Z</time></trkpt>
<trkpt lat="30.63186477514387" lon="104.0360383768082"><ele>495</ele><time>2025-04-10T12:25:55.000Z</time></trkpt>
<trkpt lat="30.63192554096004" lon="104.0359526585767"><ele>496</ele><time>2025-04-10T12:25:57.000Z</time></trkpt>
<trkpt lat="30.63199656681278" lon="104.035859448151"><ele>496</ele><time>2025-04-10T12:25:59.000Z</time></trkpt>
<trkpt lat="30.63206994019298" lon="104.0357560008402"><ele>496</ele><time>2025-04-10T12:26:01.000Z</time></trkpt>
<trkpt lat="30.6321315271563" lon="104.0356430832509"><ele>496</ele><time>2025-04-10T12:26:03.000Z</time></trkpt>
<trkpt lat="30.6322096377316" lon="104.0355426460215"><ele>496</ele><time>2025-04-10T12:26:05.000Z</time></trkpt>
<trkpt lat="30.63228649197582" lon="104.0354385006816"><ele>496</ele><time>2025-04-10T12:26:07.000Z</time></trkpt>
<trkpt lat="30.63236925890542" lon="104.0353362109835"><ele>495</ele><time>2025-04-10T12:26:09.000Z</time></trkpt>
<trkpt lat="30.63245166921365" lon="104.0352343688792"><ele>495</ele><time>2025-04-10T12:26:11.000Z</time></trkpt>
<trkpt lat="30.63253151129182" lon="104.035125262846"><ele>495</ele><time>2025-04-10T12:26:13.000Z</time></trkpt>
<trkpt lat="30.63262461724081" lon="104.0350305452251"><ele>495</ele><time>2025-04-10T12:26:15.000Z</time></trkpt>
<trkpt lat="30.63270871532883" lon="104.0349182469443"><ele>495</ele><time>2025-04-10T12:26:17.000Z</time></trkpt>
<trkpt lat="30.63280397375393" lon="104.0348142534313"><ele>495</ele><time>2025-04-10T12:26:19.000Z</time></trkpt>
<trkpt lat="30.63289894508837" lon="104.0347060843604"><ele>495</ele><time>2025-04-10T12:26:21.000Z</time></trkpt>
<trkpt lat="30.63298853572483" lon="104.0345966164516"><ele>495</ele><time>2025-04-10T12:26:23.000Z</time></trkpt>
<trkpt lat="30.63298880705419" lon="104.0344808018912"><ele>495</ele><time>2025-04-10T12:26:24.000Z</time></trkpt>
<trkpt lat="30.63308794517603" lon="104.0343797978416"><ele>495</ele><time>2025-04-10T12:26:26.000Z</time></trkpt>
<trkpt lat="30.63318716245962" lon="104.034278716331"><ele>495</ele><time>2025-04-10T12:26:28.000Z</time></trkpt>
<trkpt lat="30.63328597531572" lon="104.034178062002"><ele>495</ele><time>2025-04-10T12:26:30.000Z</time></trkpt>
<trkpt lat="30.63338632085161" lon="104.0340767807574"><ele>495</ele><time>2025-04-10T12:26:32.000Z</time></trkpt>
<trkpt lat="30.63348623411728" lon="104.0339761992049"><ele>495</ele><time>2025-04-10T12:26:34.000Z</time></trkpt>
<trkpt lat="30.63359208076263" lon="104.0338841478918"><ele>495</ele><time>2025-04-10T12:26:36.000Z</time></trkpt>
<trkpt lat="30.63367461657462" lon="104.0337662584378"><ele>494</ele><time>2025-04-10T12:26:38.000Z</time></trkpt>
<trkpt lat="30.63376737293832" lon="104.033665530746"><ele>494</ele><time>2025-04-10T12:26:40.000Z</time></trkpt>
<trkpt lat="30.63387093670341" lon="104.0335745509116"><ele>494</ele><time>2025-04-10T12:26:42.000Z</time></trkpt>
<trkpt lat="30.63397005293283" lon="104.0334775357158"><ele>494</ele><time>2025-04-10T12:26:44.000Z</time></trkpt>
<trkpt lat="30.63408141607129" lon="104.0334004560267"><ele>494</ele><time>2025-04-10T12:26:46.000Z</time></trkpt>
<trkpt lat="30.63419108555937" lon="104.0333185264717"><ele>494</ele><time>2025-04-10T12:26:48.000Z</time></trkpt>
<trkpt lat="30.63428640209947" lon="104.0332037364237"><ele>494</ele><time>2025-04-10T12:26:50.000Z</time></trkpt>
<trkpt lat="30.63438401272952" lon="104.0331040320141"><ele>494</ele><time>2025-04-10T12:26:52.000Z</time></trkpt>
<trkpt lat="30.63447801004355" lon="104.0330024159598"><ele>494</ele><time>2025-04-10T12:26:54.000Z</time></trkpt>
<trkpt lat="30.63456556103909" lon="104.0328990472264"><ele>494</ele><time>2025-04-10T12:26:56.000Z</time></trkpt>
<trkpt lat="30.63466201226467" lon="104.0328048969256"><ele>494</ele><time>2025-04-10T12:26:58.000Z</time></trkpt>
<trkpt lat="30.63476469914165" lon="104.0327155031088"><ele>494</ele><time>2025-04-10T12:27:00.000Z</time></trkpt>
<trkpt lat="30.63486693860476" lon="104.0326213182548"><ele>494</ele><time>2025-04-10T12:27:02.000Z</time></trkpt>
<trkpt lat="30.6349670659083" lon="104.0325312890606"><ele>494</ele><time>2025-04-10T12:27:04.000Z</time></trkpt>
<trkpt lat="30.63507132765234" lon="104.0324412598533"><ele>493</ele><time>2025-04-10T12:27:06.000Z</time></trkpt>
<trkpt lat="30.6351775801069" lon="104.0323564120626"><ele>493</ele><time>2025-04-10T12:27:08.000Z</time></trkpt>
<trkpt lat="30.63527785560003" lon="104.0322672964603"><ele>493</ele><time>2025-04-10T12:27:10.000Z</time></trkpt>
<trkpt lat="30.63537786201426" lon="104.0321778470256"><ele>493</ele><time>2025-04-10T12:27:12.000Z</time></trkpt>
<trkpt lat="30.63548516211488" lon="104.0320964402044"><ele>492</ele><time>2025-04-10T12:27:14.000Z</time></trkpt>
<trkpt lat="30.63558444381271" lon="104.0319998524946"><ele>492</ele><time>2025-04-10T12:27:16.000Z</time></trkpt>
<trkpt lat="30.63567887322753" lon="104.0319008922193"><ele>492</ele><time>2025-04-10T12:27:18.000Z</time></trkpt>
<trkpt lat="30.6357777851377" lon="104.0318053679747"><ele>492</ele><time>2025-04-10T12:27:20.000Z</time></trkpt>
<trkpt lat="30.63587944017296" lon="104.0317089939377"><ele>492</ele><time>2025-04-10T12:27:22.000Z</time></trkpt>
<trkpt lat="30.63598861766397" lon="104.0316213756051"><ele>492</ele><time>2025-04-10T12:27:24.000Z</time></trkpt>
<trkpt lat="30.63609603415646" lon="104.0315300970727"><ele>493</ele><time>2025-04-10T12:27:26.000Z</time></trkpt>
<trkpt lat="30.63620658346031" lon="104.0314377102753"><ele>493</ele><time>2025-04-10T12:27:28.000Z</time></trkpt>
<trkpt lat="30.63631388755076" lon="104.0313428936441"><ele>493</ele><time>2025-04-10T12:27:30.000Z</time></trkpt>
<trkpt lat="30.63643599573684" lon="104.0312456404273"><ele>493</ele><time>2025-04-10T12:27:32.000Z</time></trkpt>
<trkpt lat="30.63655311526565" lon="104.0311264128185"><ele>493</ele><time>2025-04-10T12:27:34.000Z</time></trkpt>
<trkpt lat="30.63666860073992" lon="104.0310200816927"><ele>493</ele><time>2025-04-10T12:27:36.000Z</time></trkpt>
<trkpt lat="30.63678701070759" lon="104.030918597917"><ele>493</ele><time>2025-04-10T12:27:38.000Z</time></trkpt>
<trkpt lat="30.63689994910419" lon="104.0308100172309"><ele>493</ele><time>2025-04-10T12:27:40.000Z</time></trkpt>
<trkpt lat="30.63701155536791" lon="104.0307006549337"><ele>493</ele><time>2025-04-10T12:27:42.000Z</time></trkpt>
<trkpt lat="30.63712970152465" lon="104.0306055821558"><ele>493</ele><time>2025-04-10T12:27:44.000Z</time></trkpt>
<trkpt lat="30.63723982791317" lon="104.0305049795633"><ele>493</ele><time>2025-04-10T12:27:46.000Z</time></trkpt>
<trkpt lat="30.63732923542874" lon="104.0304166403871"><ele>492</ele><time>2025-04-10T12:27:48.000Z</time></trkpt>
<trkpt lat="30.63742488280272" lon="104.0303229770978"><ele>492</ele><time>2025-04-10T12:27:50.000Z</time></trkpt>
<trkpt lat="30.63751885278707" lon="104.0302329933237"><ele>492</ele><time>2025-04-10T12:27:52.000Z</time></trkpt>
<trkpt lat="30.63764537483094" lon="104.0301524976806"><ele>492</ele><time>2025-04-10T12:27:54.000Z</time></trkpt>
<trkpt lat="30.63775882285735" lon="104.0300565731823"><ele>492</ele><time>2025-04-10T12:27:56.000Z</time></trkpt>
<trkpt lat="30.63785840232845" lon="104.0299452588719"><ele>492</ele><time>2025-04-10T12:27:58.000Z</time></trkpt>
<trkpt lat="30.6379644689614" lon="104.0298344689347"><ele>492</ele><time>2025-04-10T12:28:00.000Z</time></trkpt>
<trkpt lat="30.63807793409369" lon="104.0297396472149"><ele>492</ele><time>2025-04-10T12:28:02.000Z</time></trkpt>
<trkpt lat="30.63812993126542" lon="104.029637415325"><ele>492</ele><time>2025-04-10T12:28:04.000Z</time></trkpt>
<trkpt lat="30.6382007712612" lon="104.029571428023"><ele>492</ele><time>2025-04-10T12:28:08.000Z</time></trkpt>
<trkpt lat="30.63828718399294" lon="104.0294909726279"><ele>492</ele><time>2025-04-10T12:28:11.000Z</time></trkpt>
<trkpt lat="30.63836434683197" lon="104.0294191546053"><ele>492</ele><time>2025-04-10T12:28:13.000Z</time></trkpt>
<trkpt lat="30.63845050780245" lon="104.0293471709482"><ele>492</ele><time>2025-04-10T12:28:15.000Z</time></trkpt>
<trkpt lat="30.63851915356063" lon="104.0292487736379"><ele>491</ele><time>2025-04-10T12:28:17.000Z</time></trkpt>
<trkpt lat="30.63860766307929" lon="104.0291588333665"><ele>491</ele><time>2025-04-10T12:28:19.000Z</time></trkpt>
<trkpt lat="30.6387023302356" lon="104.0290746292324"><ele>491</ele><time>2025-04-10T12:28:21.000Z</time></trkpt>
<trkpt lat="30.63878586035783" lon="104.0289750799817"><ele>491</ele><time>2025-04-10T12:28:23.000Z</time></trkpt>
<trkpt lat="30.63888139334467" lon="104.0288760113718"><ele>491</ele><time>2025-04-10T12:28:25.000Z</time></trkpt>
<trkpt lat="30.63897721647452" lon="104.0287766336621"><ele>491</ele><time>2025-04-10T12:28:27.000Z</time></trkpt>
<trkpt lat="30.63909483528289" lon="104.0287049478583"><ele>491</ele><time>2025-04-10T12:28:29.000Z</time></trkpt>
<trkpt lat="30.63919376427098" lon="104.0286022029735"><ele>491</ele><time>2025-04-10T12:28:31.000Z</time></trkpt>
<trkpt lat="30.63929980236308" lon="104.0285178874557"><ele>491</ele><time>2025-04-10T12:28:33.000Z</time></trkpt>
<trkpt lat="30.63940370465447" lon="104.0284267441559"><ele>491</ele><time>2025-04-10T12:28:35.000Z</time></trkpt>
<trkpt lat="30.63950585180803" lon="104.0283358842969"><ele>491</ele><time>2025-04-10T12:28:37.000Z</time></trkpt>
<trkpt lat="30.63960709959968" lon="104.0282338624064"><ele>490</ele><time>2025-04-10T12:28:39.000Z</time></trkpt>
<trkpt lat="30.63970793492371" lon="104.0281321165237"><ele>490</ele><time>2025-04-10T12:28:41.000Z</time></trkpt>
<trkpt lat="30.63980176801932" lon="104.0280227560324"><ele>490</ele><time>2025-04-10T12:28:43.000Z</time></trkpt>
<trkpt lat="30.63989807884698" lon="104.0279177535921"><ele>490</ele><time>2025-04-10T12:28:45.000Z</time></trkpt>
<trkpt lat="30.64000445930804" lon="104.0278251340944"><ele>490</ele><time>2025-04-10T12:28:47.000Z</time></trkpt>
<trkpt lat="30.64010576956022" lon="104.027728791488"><ele>490</ele><time>2025-04-10T12:28:49.000Z</time></trkpt>
<trkpt lat="30.64021015395146" lon="104.0276327768117"><ele>490</ele><time>2025-04-10T12:28:51.000Z</time></trkpt>
<trkpt lat="30.64031312337665" lon="104.0275382595711"><ele>490</ele><time>2025-04-10T12:28:53.000Z</time></trkpt>
<trkpt lat="30.64040925117696" lon="104.0274371131674"><ele>490</ele><time>2025-04-10T12:28:55.000Z</time></trkpt>
<trkpt lat="30.64049404718644" lon="104.0273369487862"><ele>490</ele><time>2025-04-10T12:28:57.000Z</time></trkpt>
<trkpt lat="30.64058847993332" lon="104.0272359471415"><ele>491</ele><time>2025-04-10T12:28:59.000Z</time></trkpt>
<trkpt lat="30.64068215434215" lon="104.027131963403"><ele>490</ele><time>2025-04-10T12:29:01.000Z</time></trkpt>
<trkpt lat="30.64078082673012" lon="104.0270324608819"><ele>491</ele><time>2025-04-10T12:29:03.000Z</time></trkpt>
<trkpt lat="30.64088201250076" lon="104.0269306663534"><ele>491</ele><time>2025-04-10T12:29:05.000Z</time></trkpt>
<trkpt lat="30.64098559762827" lon="104.0268327949039"><ele>491</ele><time>2025-04-10T12:29:07.000Z</time></trkpt>
<trkpt lat="30.64109501842992" lon="104.0267353532742"><ele>491</ele><time>2025-04-10T12:29:09.000Z</time></trkpt>
<trkpt lat="30.64119416276255" lon="104.0266351946975"><ele>491</ele><time>2025-04-10T12:29:11.000Z</time></trkpt>
<trkpt lat="30.64129785647966" lon="104.0265344323176"><ele>490</ele><time>2025-04-10T12:29:13.000Z</time></trkpt>
<trkpt lat="30.64138871409944" lon="104.0264181188463"><ele>490</ele><time>2025-04-10T12:29:15.000Z</time></trkpt>
<trkpt lat="30.64147699436784" lon="104.0262941879256"><ele>490</ele><time>2025-04-10T12:29:17.000Z</time></trkpt>
<trkpt lat="30.64157614859" lon="104.0261939442908"><ele>490</ele><time>2025-04-10T12:29:19.000Z</time></trkpt>
<trkpt lat="30.64167809797463" lon="104.0260947219307"><ele>490</ele><time>2025-04-10T12:29:21.000Z</time></trkpt>
<trkpt lat="30.64178128657718" lon="104.0259979922"><ele>490</ele><time>2025-04-10T12:29:23.000Z</time></trkpt>
<trkpt lat="30.64187784190822" lon="104.0258945655449"><ele>489</ele><time>2025-04-10T12:29:25.000Z</time></trkpt>
<trkpt lat="30.64197707750489" lon="104.0257907912566"><ele>489</ele><time>2025-04-10T12:29:27.000Z</time></trkpt>
<trkpt lat="30.64207389209067" lon="104.0256834974927"><ele>489</ele><time>2025-04-10T12:29:29.000Z</time></trkpt>
<trkpt lat="30.64217429458811" lon="104.0255933200277"><ele>489</ele><time>2025-04-10T12:29:31.000Z</time></trkpt>
<trkpt lat="30.64225890110558" lon="104.025501240922"><ele>489</ele><time>2025-04-10T12:29:33.000Z</time></trkpt>
<trkpt lat="30.64234363546644" lon="104.0254377955453"><ele>489</ele><time>2025-04-10T12:29:35.000Z</time></trkpt>
<trkpt lat="30.64240349467977" lon="104.0253468129835"><ele>489</ele><time>2025-04-10T12:30:27.000Z</time></trkpt>
<trkpt lat="30.6424740602638" lon="104.0252729385169"><ele>489</ele><time>2025-04-10T12:30:31.000Z</time></trkpt>
<trkpt lat="30.64255919998865" lon="104.0251901003667"><ele>488</ele><time>2025-04-10T12:30:34.000Z</time></trkpt>
<trkpt lat="30.6426613981908" lon="104.0251002484666"><ele>489</ele><time>2025-04-10T12:30:37.000Z</time></trkpt>
<trkpt lat="30.6427381648794" lon="104.0250308895265"><ele>488</ele><time>2025-04-10T12:30:39.000Z</time></trkpt>
<trkpt lat="30.6428059666876" lon="104.0249479464988"><ele>489</ele><time>2025-04-10T12:30:41.000Z</time></trkpt>
<trkpt lat="30.64288316982059" lon="104.0248698832529"><ele>489</ele><time>2025-04-10T12:30:43.000Z</time></trkpt>
<trkpt lat="30.64296085385858" lon="104.0247917099523"><ele>489</ele><time>2025-04-10T12:30:45.000Z</time></trkpt>
<trkpt lat="30.64303425897163" lon="104.0247172633079"><ele>489</ele><time>2025-04-10T12:30:47.000Z</time></trkpt>
<trkpt lat="30.64309347790093" lon="104.0246321825736"><ele>488</ele><time>2025-04-10T12:30:49.000Z</time></trkpt>
<trkpt lat="30.64316721331037" lon="104.0245695172388"><ele>488</ele><time>2025-04-10T12:30:51.000Z</time></trkpt>
<trkpt lat="30.64324291578559" lon="104.0244849958514"><ele>487</ele><time>2025-04-10T12:30:55.000Z</time></trkpt>
<trkpt lat="30.64332787705217" lon="104.0244062212185"><ele>488</ele><time>2025-04-10T12:30:58.000Z</time></trkpt>
<trkpt lat="30.64341287877295" lon="104.0243420898661"><ele>488</ele><time>2025-04-10T12:31:00.000Z</time></trkpt>
<trkpt lat="30.64350391262525" lon="104.024272342008"><ele>488</ele><time>2025-04-10T12:31:02.000Z</time></trkpt>
<trkpt lat="30.64358382801001" lon="104.0241977752998"><ele>488</ele><time>2025-04-10T12:31:04.000Z</time></trkpt>
<trkpt lat="30.64366350960487" lon="104.0241149863769"><ele>488</ele><time>2025-04-10T12:31:06.000Z</time></trkpt>
<trkpt lat="30.64373366357896" lon="104.0240186514892"><ele>488</ele><time>2025-04-10T12:31:08.000Z</time></trkpt>
<trkpt lat="30.64381934523509" lon="104.023934701111"><ele>487</ele><time>2025-04-10T12:31:10.000Z</time></trkpt>
<trkpt lat="30.64392519482483" lon="104.0238594505122"><ele>487</ele><time>2025-04-10T12:31:12.000Z</time></trkpt>
<trkpt lat="30.64402799338267" lon="104.0237844746411"><ele>487</ele><time>2025-04-10T12:31:14.000Z</time></trkpt>
<trkpt lat="30.64412396873458" lon="104.0236919160668"><ele>487</ele><time>2025-04-10T12:31:16.000Z</time></trkpt>
<trkpt lat="30.64422166552761" lon="104.0235974744336"><ele>487</ele><time>2025-04-10T12:31:18.000Z</time></trkpt>
<trkpt lat="30.64432062643441" lon="104.0235067944438"><ele>487</ele><time>2025-04-10T12:31:20.000Z</time></trkpt>
<trkpt lat="30.64441727262631" lon="104.0234196243422"><ele>486</ele><time>2025-04-10T12:31:22.000Z</time></trkpt>
<trkpt lat="30.64451166725717" lon="104.0233367689087"><ele>486</ele><time>2025-04-10T12:31:24.000Z</time></trkpt>
<trkpt lat="30.64460369014525" lon="104.023251067214"><ele>486</ele><time>2025-04-10T12:31:26.000Z</time></trkpt>
<trkpt lat="30.64469069177995" lon="104.0231564235648"><ele>486</ele><time>2025-04-10T12:31:28.000Z</time></trkpt>
<trkpt lat="30.6447840161587" lon="104.0230609369642"><ele>486</ele><time>2025-04-10T12:31:30.000Z</time></trkpt>
<trkpt lat="30.64488913646471" lon="104.0229703707629"><ele>486</ele><time>2025-04-10T12:31:32.000Z</time></trkpt>
<trkpt lat="30.64499540721164" lon="104.0229082245715"><ele>486</ele><time>2025-04-10T12:31:34.000Z</time></trkpt>
<trkpt lat="30.64509590204483" lon="104.022821583504"><ele>486</ele><time>2025-04-10T12:31:36.000Z</time></trkpt>
<trkpt lat="30.64518992879289" lon="104.0227318009147"><ele>486</ele><time>2025-04-10T12:31:38.000Z</time></trkpt>
<trkpt lat="30.64528677307566" lon="104.0226417978247"><ele>486</ele><time>2025-04-10T12:31:40.000Z</time></trkpt>
<trkpt lat="30.64537517766222" lon="104.0225426170952"><ele>487</ele><time>2025-04-10T12:31:42.000Z</time></trkpt>
<trkpt lat="30.64547891115829" lon="104.0225100884225"><ele>486</ele><time>2025-04-10T12:31:44.000Z</time></trkpt>
<trkpt lat="30.6454264464264" lon="104.0223709025386"><ele>487</ele><time>2025-04-10T12:31:46.000Z</time></trkpt>
<trkpt lat="30.64550634385656" lon="104.0224841526285"><ele>486</ele><time>2025-04-10T12:32:06.000Z</time></trkpt>
<trkpt lat="30.64558831723351" lon="104.0224049152697"><ele>486</ele><time>2025-04-10T12:32:54.000Z</time></trkpt>
<trkpt lat="30.64565364427914" lon="104.0223036907187"><ele>486</ele><time>2025-04-10T12:32:57.000Z</time></trkpt>
<trkpt lat="30.64574459963419" lon="104.0221946137937"><ele>486</ele><time>2025-04-10T12:33:00.000Z</time></trkpt>
<trkpt lat="30.64581077482279" lon="104.0221192259113"><ele>486</ele><time>2025-04-10T12:33:02.000Z</time></trkpt>
<trkpt lat="30.64588252034433" lon="104.0219924352198"><ele>486</ele><time>2025-04-10T12:33:05.000Z</time></trkpt>
<trkpt lat="30.64592773432601" lon="104.0218874276422"><ele>486</ele><time>2025-04-10T12:33:11.000Z</time></trkpt>
<trkpt lat="30.6460253322041" lon="104.0218249141976"><ele>486</ele><time>2025-04-10T12:33:14.000Z</time></trkpt>
<trkpt lat="30.64612552917021" lon="104.021717972288"><ele>485</ele><time>2025-04-10T12:33:17.000Z</time></trkpt>
<trkpt lat="30.64620447569504" lon="104.0216543057755"><ele>485</ele><time>2025-04-10T12:33:19.000Z</time></trkpt>
<trkpt lat="30.64628153104413" lon="104.0215843697745"><ele>485</ele><time>2025-04-10T12:33:21.000Z</time></trkpt>
<trkpt lat="30.64636975055872" lon="104.0215132633324"><ele>485</ele><time>2025-04-10T12:33:23.000Z</time></trkpt>
<trkpt lat="30.64645586055005" lon="104.0214332097913"><ele>485</ele><time>2025-04-10T12:33:25.000Z</time></trkpt>
<trkpt lat="30.6465367609336" lon="104.0213503763489"><ele>485</ele><time>2025-04-10T12:33:27.000Z</time></trkpt>
<trkpt lat="30.64662059741198" lon="104.0212678966834"><ele>485</ele><time>2025-04-10T12:33:29.000Z</time></trkpt>
<trkpt lat="30.6466987214538" lon="104.0211777977848"><ele>485</ele><time>2025-04-10T12:33:31.000Z</time></trkpt>
<trkpt lat="30.64678178176768" lon="104.0210921266602"><ele>485</ele><time>2025-04-10T12:33:33.000Z</time></trkpt>
<trkpt lat="30.6468712941301" lon="104.0210078964692"><ele>485</ele><time>2025-04-10T12:33:35.000Z</time></trkpt>
<trkpt lat="30.6469581543637" lon="104.0209263550706"><ele>485</ele><time>2025-04-10T12:33:37.000Z</time></trkpt>
<trkpt lat="30.64705551924804" lon="104.0208464177887"><ele>485</ele><time>2025-04-10T12:33:39.000Z</time></trkpt>
<trkpt lat="30.64714985534317" lon="104.0207624209944"><ele>485</ele><time>2025-04-10T12:33:41.000Z</time></trkpt>
<trkpt lat="30.64723998346897" lon="104.0206701899528"><ele>485</ele><time>2025-04-10T12:33:43.000Z</time></trkpt>
<trkpt lat="30.64733126873547" lon="104.0205810536281"><ele>485</ele><time>2025-04-10T12:33:45.000Z</time></trkpt>
<trkpt lat="30.6474334046522" lon="104.0204933135154"><ele>485</ele><time>2025-04-10T12:33:47.000Z</time></trkpt>
<trkpt lat="30.64754205691744" lon="104.0204121549148"><ele>485</ele><time>2025-04-10T12:33:49.000Z</time></trkpt>
<trkpt lat="30.64764825245488" lon="104.0203399668127"><ele>485</ele><time>2025-04-10T12:33:51.000Z</time></trkpt>
<trkpt lat="30.64776231245833" lon="104.0202839337804"><ele>485</ele><time>2025-04-10T12:33:53.000Z</time></trkpt>
<trkpt lat="30.64784970762806" lon="104.0202530491525"><ele>485</ele><time>2025-04-10T12:33:55.000Z</time></trkpt>
<trkpt lat="30.64798251749741" lon="104.0201986101785"><ele>485</ele><time>2025-04-10T12:33:57.000Z</time></trkpt>
<trkpt lat="30.64811239622288" lon="104.0201762142088"><ele>485</ele><time>2025-04-10T12:33:59.000Z</time></trkpt>
<trkpt lat="30.64825315203834" lon="104.0201446192946"><ele>485</ele><time>2025-04-10T12:34:01.000Z</time></trkpt>
<trkpt lat="30.64836759899791" lon="104.0201390990821"><ele>485</ele><time>2025-04-10T12:34:03.000Z</time></trkpt>
<trkpt lat="30.64847485259867" lon="104.0201346466845"><ele>485</ele><time>2025-04-10T12:34:05.000Z</time></trkpt>
<trkpt lat="30.64858235948563" lon="104.0200683387417"><ele>485</ele><time>2025-04-10T12:34:07.000Z</time></trkpt>
<trkpt lat="30.64871535377263" lon="104.0200689015453"><ele>485</ele><time>2025-04-10T12:34:09.000Z</time></trkpt>
<trkpt lat="30.64883832262091" lon="104.0200606222164"><ele>485</ele><time>2025-04-10T12:34:11.000Z</time></trkpt>
<trkpt lat="30.64896448905685" lon="104.0200887321021"><ele>485</ele><time>2025-04-10T12:34:13.000Z</time></trkpt>
<trkpt lat="30.64909480195054" lon="104.020083310537"><ele>485</ele><time>2025-04-10T12:34:15.000Z</time></trkpt>
<trkpt lat="30.64923034876654" lon="104.0200818666139"><ele>485</ele><time>2025-04-10T12:34:17.000Z</time></trkpt>
<trkpt lat="30.64936446018408" lon="104.0200943823945"><ele>485</ele><time>2025-04-10T12:34:19.000Z</time></trkpt>
<trkpt lat="30.64949856498293" lon="104.0200400277255"><ele>484</ele><time>2025-04-10T12:34:21.000Z</time></trkpt>
<trkpt lat="30.64963353502072" lon="104.0200441117797"><ele>484</ele><time>2025-04-10T12:34:23.000Z</time></trkpt>
<trkpt lat="30.64975694917871" lon="104.0200304892558"><ele>484</ele><time>2025-04-10T12:34:25.000Z</time></trkpt>
<trkpt lat="30.64983068554595" lon="104.0201121621174"><ele>484</ele><time>2025-04-10T12:34:26.000Z</time></trkpt>
<trkpt lat="30.64995264518822" lon="104.0201068435133"><ele>484</ele><time>2025-04-10T12:34:28.000Z</time></trkpt>
<trkpt lat="30.65007338622829" lon="104.0201029562422"><ele>484</ele><time>2025-04-10T12:34:30.000Z</time></trkpt>
<trkpt lat="30.65016655942102" lon="104.0200679327833"><ele>484</ele><time>2025-04-10T12:34:33.000Z</time></trkpt>
<trkpt lat="30.65026223688052" lon="104.020117480106"><ele>484</ele><time>2025-04-10T12:35:51.000Z</time></trkpt>
<trkpt lat="30.65035195781603" lon="104.020067651257"><ele>484</ele><time>2025-04-10T12:35:55.000Z</time></trkpt>
<trkpt lat="30.65040840742428" lon="104.0199846900686"><ele>484</ele><time>2025-04-10T12:35:57.000Z</time></trkpt>
<trkpt lat="30.65050332066249" lon="104.0199811257112"><ele>484</ele><time>2025-04-10T12:35:59.000Z</time></trkpt>
<trkpt lat="30.65060444505672" lon="104.019976171222"><ele>484</ele><time>2025-04-10T12:36:01.000Z</time></trkpt>
<trkpt lat="30.65073043686088" lon="104.0199699654545"><ele>484</ele><time>2025-04-10T12:36:04.000Z</time></trkpt>
<trkpt lat="30.65084046349719" lon="104.0199647596486"><ele>484</ele><time>2025-04-10T12:36:06.000Z</time></trkpt>
<trkpt lat="30.65093347047072" lon="104.0199601360104"><ele>484</ele><time>2025-04-10T12:36:08.000Z</time></trkpt>
<trkpt lat="30.6510366622977" lon="104.0200438334378"><ele>484</ele><time>2025-04-10T12:36:10.000Z</time></trkpt>
<trkpt lat="30.65114544478037" lon="104.0200526054871"><ele>484</ele><time>2025-04-10T12:36:12.000Z</time></trkpt>
<trkpt lat="30.65120687186174" lon="104.0199466949299"><ele>483</ele><time>2025-04-10T12:36:13.000Z</time></trkpt>
<trkpt lat="30.65126738847468" lon="104.0200600580314"><ele>483</ele><time>2025-04-10T12:36:14.000Z</time></trkpt>
<trkpt lat="30.65138931180447" lon="104.0200596432109"><ele>484</ele><time>2025-04-10T12:36:16.000Z</time></trkpt>
<trkpt lat="30.65151313549721" lon="104.02006652145"><ele>483</ele><time>2025-04-10T12:36:18.000Z</time></trkpt>
<trkpt lat="30.65157734592577" lon="104.0199490842148"><ele>483</ele><time>2025-04-10T12:36:19.000Z</time></trkpt>
<trkpt lat="30.65170530363051" lon="104.0199484157488"><ele>484</ele><time>2025-04-10T12:36:21.000Z</time></trkpt>
<trkpt lat="30.65183179906796" lon="104.0199477666269"><ele>484</ele><time>2025-04-10T12:36:23.000Z</time></trkpt>
<trkpt lat="30.65196000552396" lon="104.0199471359511"><ele>484</ele><time>2025-04-10T12:36:25.000Z</time></trkpt>
<trkpt lat="30.65209178850509" lon="104.0199464729855"><ele>484</ele><time>2025-04-10T12:36:27.000Z</time></trkpt>
<trkpt lat="30.65222343861062" lon="104.0199445882187"><ele>483</ele><time>2025-04-10T12:36:29.000Z</time></trkpt>
<trkpt lat="30.652352452698" lon="104.0199425938958"><ele>484</ele><time>2025-04-10T12:36:31.000Z</time></trkpt>
<trkpt lat="30.65247701528224" lon="104.0199406810376"><ele>484</ele><time>2025-04-10T12:36:33.000Z</time></trkpt>
<trkpt lat="30.65260145296955" lon="104.0199340842492"><ele>484</ele><time>2025-04-10T12:36:35.000Z</time></trkpt>
<trkpt lat="30.65272095757461" lon="104.019923768719"><ele>485</ele><time>2025-04-10T12:36:37.000Z</time></trkpt>
<trkpt lat="30.65284911825628" lon="104.0199127298275"><ele>484</ele><time>2025-04-10T12:36:39.000Z</time></trkpt>
<trkpt lat="30.65297169361066" lon="104.0199022152739"><ele>484</ele><time>2025-04-10T12:36:41.000Z</time></trkpt>
<trkpt lat="30.65308613804504" lon="104.0198710873338"><ele>485</ele><time>2025-04-10T12:36:43.000Z</time></trkpt>
<trkpt lat="30.6532230066774" lon="104.0198354808209"><ele>485</ele><time>2025-04-10T12:36:45.000Z</time></trkpt>
<trkpt lat="30.65334485071664" lon="104.01983055003"><ele>485</ele><time>2025-04-10T12:36:47.000Z</time></trkpt>
<trkpt lat="30.65346580668564" lon="104.01982565733"><ele>486</ele><time>2025-04-10T12:36:49.000Z</time></trkpt>
<trkpt lat="30.65358311787137" lon="104.0198209598576"><ele>486</ele><time>2025-04-10T12:36:51.000Z</time></trkpt>
<trkpt lat="30.65369297677395" lon="104.0198165079973"><ele>486</ele><time>2025-04-10T12:36:53.000Z</time></trkpt>
<trkpt lat="30.65379503520926" lon="104.0198123399645"><ele>486</ele><time>2025-04-10T12:36:55.000Z</time></trkpt>
<trkpt lat="30.6539204811262" lon="104.0198072470533"><ele>487</ele><time>2025-04-10T12:36:58.000Z</time></trkpt>
<trkpt lat="30.65401511053581" lon="104.0198032759613"><ele>487</ele><time>2025-04-10T12:37:04.000Z</time></trkpt>
<trkpt lat="30.65395444567353" lon="104.0199419300198"><ele>487</ele><time>2025-04-10T12:37:15.000Z</time></trkpt>
<trkpt lat="30.65403106931409" lon="104.0199984338132"><ele>487</ele><time>2025-04-10T12:37:34.000Z</time></trkpt>
<trkpt lat="30.65415138732168" lon="104.0199698262932"><ele>487</ele><time>2025-04-10T12:37:39.000Z</time></trkpt>
<trkpt lat="30.6542725646822" lon="104.0199247728348"><ele>487</ele><time>2025-04-10T12:37:43.000Z</time></trkpt>
<trkpt lat="30.65438020384383" lon="104.0198950419419"><ele>487</ele><time>2025-04-10T12:37:46.000Z</time></trkpt>
<trkpt lat="30.65449099719841" lon="104.0198604912977"><ele>487</ele><time>2025-04-10T12:37:49.000Z</time></trkpt>
<trkpt lat="30.6546353266847" lon="104.0198545292083"><ele>487</ele><time>2025-04-10T12:37:52.000Z</time></trkpt>
<trkpt lat="30.65474184180625" lon="104.0198573415231"><ele>487</ele><time>2025-04-10T12:37:54.000Z</time></trkpt>
<trkpt lat="30.65485613851007" lon="104.0198598823899"><ele>487</ele><time>2025-04-10T12:37:56.000Z</time></trkpt>
<trkpt lat="30.65497742767768" lon="104.0198580134337"><ele>487</ele><time>2025-04-10T12:37:58.000Z</time></trkpt>
<trkpt lat="30.65510120956939" lon="104.0198498694378"><ele>487</ele><time>2025-04-10T12:38:00.000Z</time></trkpt>
<trkpt lat="30.65522385734966" lon="104.0198457678893"><ele>487</ele><time>2025-04-10T12:38:02.000Z</time></trkpt>
<trkpt lat="30.65528912300086" lon="104.0197605260696"><ele>486</ele><time>2025-04-10T12:38:03.000Z</time></trkpt>
<trkpt lat="30.65542276014958" lon="104.0197588128232"><ele>486</ele><time>2025-04-10T12:38:05.000Z</time></trkpt>
<trkpt lat="30.65556316947147" lon="104.0197568894829"><ele>487</ele><time>2025-04-10T12:38:07.000Z</time></trkpt>
<trkpt lat="30.6557060078793" lon="104.0197547241749"><ele>487</ele><time>2025-04-10T12:38:09.000Z</time></trkpt>
<trkpt lat="30.65584638333986" lon="104.0197525245852"><ele>488</ele><time>2025-04-10T12:38:11.000Z</time></trkpt>
<trkpt lat="30.65599580781097" lon="104.0197503802814"><ele>488</ele><time>2025-04-10T12:38:13.000Z</time></trkpt>
<trkpt lat="30.65614099581559" lon="104.0197486592022"><ele>489</ele><time>2025-04-10T12:38:15.000Z</time></trkpt>
<trkpt lat="30.65628567732779" lon="104.0197469971074"><ele>488</ele><time>2025-04-10T12:38:17.000Z</time></trkpt>
<trkpt lat="30.65642783473257" lon="104.0197882155386"><ele>488</ele><time>2025-04-10T12:38:19.000Z</time></trkpt>
<trkpt lat="30.65657343169465" lon="104.0197871908276"><ele>487</ele><time>2025-04-10T12:38:21.000Z</time></trkpt>
<trkpt lat="30.6567220403468" lon="104.019782627956"><ele>487</ele><time>2025-04-10T12:38:23.000Z</time></trkpt>
<trkpt lat="30.65686972637577" lon="104.019778825237"><ele>486</ele><time>2025-04-10T12:38:25.000Z</time></trkpt>
<trkpt lat="30.6570205286692" lon="104.01977334327"><ele>486</ele><time>2025-04-10T12:38:27.000Z</time></trkpt>
<trkpt lat="30.65716971271062" lon="104.0197670453471"><ele>486</ele><time>2025-04-10T12:38:29.000Z</time></trkpt>
<trkpt lat="30.65732204010902" lon="104.019770915751"><ele>486</ele><time>2025-04-10T12:38:31.000Z</time></trkpt>
<trkpt lat="30.6574707244039" lon="104.0197196861419"><ele>486</ele><time>2025-04-10T12:38:33.000Z</time></trkpt>
<trkpt lat="30.65763783633587" lon="104.019715187294"><ele>486</ele><time>2025-04-10T12:38:35.000Z</time></trkpt>
<trkpt lat="30.65780305725027" lon="104.0197103174448"><ele>485</ele><time>2025-04-10T12:38:37.000Z</time></trkpt>
<trkpt lat="30.65797013395833" lon="104.0197052945279"><ele>484</ele><time>2025-04-10T12:38:39.000Z</time></trkpt>
<trkpt lat="30.65814026716064" lon="104.0197001987789"><ele>484</ele><time>2025-04-10T12:38:41.000Z</time></trkpt>
<trkpt lat="30.65830366946597" lon="104.0196953070197"><ele>484</ele><time>2025-04-10T12:38:43.000Z</time></trkpt>
<trkpt lat="30.65846991620445" lon="104.0196903340895"><ele>484</ele><time>2025-04-10T12:38:45.000Z</time></trkpt>
<trkpt lat="30.65863678111288" lon="104.0196853435595"><ele>484</ele><time>2025-04-10T12:38:47.000Z</time></trkpt>
<trkpt lat="30.65880681413367" lon="104.0196802430328"><ele>484</ele><time>2025-04-10T12:38:49.000Z</time></trkpt>
<trkpt lat="30.65897274552347" lon="104.0196752217831"><ele>484</ele><time>2025-04-10T12:38:51.000Z</time></trkpt>
<trkpt lat="30.65913765947926" lon="104.0196700658627"><ele>484</ele><time>2025-04-10T12:38:53.000Z</time></trkpt>
<trkpt lat="30.65930290321658" lon="104.0196648847429"><ele>484</ele><time>2025-04-10T12:38:55.000Z</time></trkpt>
<trkpt lat="30.65946810685253" lon="104.0196585672921"><ele>484</ele><time>2025-04-10T12:38:57.000Z</time></trkpt>
<trkpt lat="30.65962206819837" lon="104.019755542338"><ele>484</ele><time>2025-04-10T12:38:59.000Z</time></trkpt>
<trkpt lat="30.65978443580949" lon="104.0197677590935"><ele>484</ele><time>2025-04-10T12:39:01.000Z</time></trkpt>
<trkpt lat="30.65993802051593" lon="104.0198002771554"><ele>485</ele><time>2025-04-10T12:39:03.000Z</time></trkpt>
<trkpt lat="30.66009443767719" lon="104.0197919189568"><ele>484</ele><time>2025-04-10T12:39:05.000Z</time></trkpt>
<trkpt lat="30.66024567722914" lon="104.0197778768357"><ele>484</ele><time>2025-04-10T12:39:07.000Z</time></trkpt>
<trkpt lat="30.66039606349062" lon="104.0197511705839"><ele>486</ele><time>2025-04-10T12:39:09.000Z</time></trkpt>
<trkpt lat="30.66054145720313" lon="104.0197288516664"><ele>486</ele><time>2025-04-10T12:39:11.000Z</time></trkpt>
<trkpt lat="30.66067844224208" lon="104.0197044595448"><ele>486</ele><time>2025-04-10T12:39:13.000Z</time></trkpt>
<trkpt lat="30.66081835472853" lon="104.0197014286653"><ele>485</ele><time>2025-04-10T12:39:15.000Z</time></trkpt>
<trkpt lat="30.66095620995387" lon="104.0197103525001"><ele>485</ele><time>2025-04-10T12:39:17.000Z</time></trkpt>
<trkpt lat="30.66109997265775" lon="104.0197093961856"><ele>485</ele><time>2025-04-10T12:39:19.000Z</time></trkpt>
<trkpt lat="30.66124345822378" lon="104.0197127545064"><ele>484</ele><time>2025-04-10T12:39:21.000Z</time></trkpt>
<trkpt lat="30.66138956624297" lon="104.0197113389248"><ele>484</ele><time>2025-04-10T12:39:23.000Z</time></trkpt>
<trkpt lat="30.66153634978378" lon="104.0197054095341"><ele>485</ele><time>2025-04-10T12:39:25.000Z</time></trkpt>
<trkpt lat="30.66168346358285" lon="104.0197081511151"><ele>485</ele><time>2025-04-10T12:39:27.000Z</time></trkpt>
<trkpt lat="30.66182757673876" lon="104.019700296761"><ele>485</ele><time>2025-04-10T12:39:29.000Z</time></trkpt>
<trkpt lat="30.66197688257574" lon="104.0196991592322"><ele>484</ele><time>2025-04-10T12:39:31.000Z</time></trkpt>
<trkpt lat="30.66212563665043" lon="104.0196550766305"><ele>484</ele><time>2025-04-10T12:39:33.000Z</time></trkpt>
<trkpt lat="30.66227468278368" lon="104.0196500172771"><ele>484</ele><time>2025-04-10T12:39:35.000Z</time></trkpt>
<trkpt lat="30.66241868420914" lon="104.0196451548938"><ele>484</ele><time>2025-04-10T12:39:37.000Z</time></trkpt>
<trkpt lat="30.66256034761232" lon="104.0196403587437"><ele>484</ele><time>2025-04-10T12:39:39.000Z</time></trkpt>
<trkpt lat="30.66270839906916" lon="104.0196353335316"><ele>484</ele><time>2025-04-10T12:39:41.000Z</time></trkpt>
<trkpt lat="30.66285035722198" lon="104.0196323435762"><ele>483</ele><time>2025-04-10T12:39:43.000Z</time></trkpt>
<trkpt lat="30.66299625522494" lon="104.0196307876405"><ele>484</ele><time>2025-04-10T12:39:45.000Z</time></trkpt>
<trkpt lat="30.66313509999765" lon="104.0196293262321"><ele>485</ele><time>2025-04-10T12:39:47.000Z</time></trkpt>
<trkpt lat="30.66327926146912" lon="104.0196277713133"><ele>485</ele><time>2025-04-10T12:39:49.000Z</time></trkpt>
<trkpt lat="30.66342042280706" lon="104.0196236758113"><ele>485</ele><time>2025-04-10T12:39:51.000Z</time></trkpt>
<trkpt lat="30.66356471682821" lon="104.0196180626209"><ele>486</ele><time>2025-04-10T12:39:53.000Z</time></trkpt>
<trkpt lat="30.663704987264" lon="104.0196111291364"><ele>486</ele><time>2025-04-10T12:39:55.000Z</time></trkpt>
<trkpt lat="30.66384548426147" lon="104.0196041933269"><ele>486</ele><time>2025-04-10T12:39:57.000Z</time></trkpt>
<trkpt lat="30.66398405339922" lon="104.0195976783702"><ele>487</ele><time>2025-04-10T12:39:59.000Z</time></trkpt>
<trkpt lat="30.66411969189384" lon="104.0195918417882"><ele>488</ele><time>2025-04-10T12:40:01.000Z</time></trkpt>
<trkpt lat="30.66424912830967" lon="104.0195862826216"><ele>487</ele><time>2025-04-10T12:40:03.000Z</time></trkpt>
<trkpt lat="30.66437329152479" lon="104.0195809928388"><ele>488</ele><time>2025-04-10T12:40:05.000Z</time></trkpt>
<trkpt lat="30.66448455958302" lon="104.0195728343026"><ele>488</ele><time>2025-04-10T12:40:07.000Z</time></trkpt>
<trkpt lat="30.66459576777206" lon="104.0195789124952"><ele>488</ele><time>2025-04-10T12:40:09.000Z</time></trkpt>
<trkpt lat="30.66471241683088" lon="104.0195767556553"><ele>488</ele><time>2025-04-10T12:40:12.000Z</time></trkpt>
<trkpt lat="30.66480289786712" lon="104.0195528498718"><ele>488</ele><time>2025-04-10T12:41:20.000Z</time></trkpt>
<trkpt lat="30.66489377653989" lon="104.0195647562987"><ele>489</ele><time>2025-04-10T12:41:27.000Z</time></trkpt>
<trkpt lat="30.664998566779" lon="104.0195185670928"><ele>488</ele><time>2025-04-10T12:41:31.000Z</time></trkpt>
<trkpt lat="30.66511557572085" lon="104.0195208044327"><ele>490</ele><time>2025-04-10T12:41:34.000Z</time></trkpt>
<trkpt lat="30.665208826949" lon="104.0195244345442"><ele>490</ele><time>2025-04-10T12:41:36.000Z</time></trkpt>
<trkpt lat="30.66530125640915" lon="104.019524849417"><ele>490</ele><time>2025-04-10T12:41:38.000Z</time></trkpt>
<trkpt lat="30.66540786983994" lon="104.0195305313236"><ele>490</ele><time>2025-04-10T12:41:40.000Z</time></trkpt>
<trkpt lat="30.66552590978138" lon="104.0195160228227"><ele>490</ele><time>2025-04-10T12:41:42.000Z</time></trkpt>
<trkpt lat="30.66564690046254" lon="104.0195111726055"><ele>490</ele><time>2025-04-10T12:41:44.000Z</time></trkpt>
<trkpt lat="30.66576759845626" lon="104.0195063064373"><ele>490</ele><time>2025-04-10T12:41:46.000Z</time></trkpt>
<trkpt lat="30.66589502123516" lon="104.0195018601737"><ele>490</ele><time>2025-04-10T12:41:48.000Z</time></trkpt>
<trkpt lat="30.66602088616244" lon="104.0194977515054"><ele>491</ele><time>2025-04-10T12:41:50.000Z</time></trkpt>
<trkpt lat="30.66614041246066" lon="104.0194938785815"><ele>491</ele><time>2025-04-10T12:41:52.000Z</time></trkpt>
<trkpt lat="30.66626190737892" lon="104.0194900330915"><ele>491</ele><time>2025-04-10T12:41:54.000Z</time></trkpt>
<trkpt lat="30.6663887195235" lon="104.0194859375857"><ele>491</ele><time>2025-04-10T12:41:56.000Z</time></trkpt>
<trkpt lat="30.6665190266337" lon="104.0194816873642"><ele>491</ele><time>2025-04-10T12:41:58.000Z</time></trkpt>
<trkpt lat="30.66665126626523" lon="104.0194771904896"><ele>491</ele><time>2025-04-10T12:42:00.000Z</time></trkpt>
<trkpt lat="30.66678135173457" lon="104.0194736589366"><ele>492</ele><time>2025-04-10T12:42:02.000Z</time></trkpt>
<trkpt lat="30.66691289387992" lon="104.0194710959601"><ele>492</ele><time>2025-04-10T12:42:04.000Z</time></trkpt>
<trkpt lat="30.66703778971203" lon="104.0194443496341"><ele>492</ele><time>2025-04-10T12:42:06.000Z</time></trkpt>
<trkpt lat="30.66718098846885" lon="104.0194128415317"><ele>491</ele><time>2025-04-10T12:42:08.000Z</time></trkpt>
<trkpt lat="30.66730567416804" lon="104.0194254359661"><ele>491</ele><time>2025-04-10T12:42:10.000Z</time></trkpt>
<trkpt lat="30.66743212268538" lon="104.0194382583705"><ele>491</ele><time>2025-04-10T12:42:12.000Z</time></trkpt>
<trkpt lat="30.66755027809045" lon="104.0194577518491"><ele>492</ele><time>2025-04-10T12:42:14.000Z</time></trkpt>
<trkpt lat="30.66768137022045" lon="104.0194494319935"><ele>491</ele><time>2025-04-10T12:42:16.000Z</time></trkpt>
<trkpt lat="30.66781073766522" lon="104.0194470150779"><ele>491</ele><time>2025-04-10T12:42:18.000Z</time></trkpt>
<trkpt lat="30.66794250755391" lon="104.0194404604995"><ele>490</ele><time>2025-04-10T12:42:20.000Z</time></trkpt>
<trkpt lat="30.66807321717046" lon="104.0194412129508"><ele>491</ele><time>2025-04-10T12:42:22.000Z</time></trkpt>
<trkpt lat="30.6681999722671" lon="104.0194499680308"><ele>491</ele><time>2025-04-10T12:42:24.000Z</time></trkpt>
<trkpt lat="30.66832935806816" lon="104.0194466494108"><ele>491</ele><time>2025-04-10T12:42:26.000Z</time></trkpt>
<trkpt lat="30.66845841252418" lon="104.0194512383876"><ele>490</ele><time>2025-04-10T12:42:28.000Z</time></trkpt>
<trkpt lat="30.66858576658975" lon="104.019441838255"><ele>490</ele><time>2025-04-10T12:42:30.000Z</time></trkpt>
<trkpt lat="30.66871862352906" lon="104.0194393528279"><ele>490</ele><time>2025-04-10T12:42:32.000Z</time></trkpt>
<trkpt lat="30.6688460710569" lon="104.0194317379946"><ele>489</ele><time>2025-04-10T12:42:34.000Z</time></trkpt>
<trkpt lat="30.66897485742436" lon="104.019432382443"><ele>489</ele><time>2025-04-10T12:42:36.000Z</time></trkpt>
<trkpt lat="30.66909628272313" lon="104.0194299568472"><ele>489</ele><time>2025-04-10T12:42:38.000Z</time></trkpt>
<trkpt lat="30.66921256867159" lon="104.0194305320786"><ele>489</ele><time>2025-04-10T12:42:40.000Z</time></trkpt>
<trkpt lat="30.66932113504187" lon="104.0194237077978"><ele>489</ele><time>2025-04-10T12:42:42.000Z</time></trkpt>
<trkpt lat="30.66943086563544" lon="104.0194097449633"><ele>489</ele><time>2025-04-10T12:42:44.000Z</time></trkpt>
<trkpt lat="30.66953395120798" lon="104.019377446756"><ele>489</ele><time>2025-04-10T12:42:46.000Z</time></trkpt>
<trkpt lat="30.66964112336346" lon="104.0193671965585"><ele>489</ele><time>2025-04-10T12:42:48.000Z</time></trkpt>
<trkpt lat="30.66975035442708" lon="104.0193538397904"><ele>489</ele><time>2025-04-10T12:42:50.000Z</time></trkpt>
<trkpt lat="30.66985879038075" lon="104.0193657350165"><ele>488</ele><time>2025-04-10T12:42:52.000Z</time></trkpt>
<trkpt lat="30.66997459774144" lon="104.0193690742779"><ele>488</ele><time>2025-04-10T12:42:54.000Z</time></trkpt>
<trkpt lat="30.67009505246549" lon="104.019392476224"><ele>488</ele><time>2025-04-10T12:42:56.000Z</time></trkpt>
<trkpt lat="30.67020942897125" lon="104.0193964006679"><ele>488</ele><time>2025-04-10T12:42:58.000Z</time></trkpt>
<trkpt lat="30.67033082234097" lon="104.0193841730286"><ele>488</ele><time>2025-04-10T12:43:00.000Z</time></trkpt>
<trkpt lat="30.67045625950474" lon="104.0193374553294"><ele>488</ele><time>2025-04-10T12:43:02.000Z</time></trkpt>
<trkpt lat="30.67058223695455" lon="104.0193279217222"><ele>488</ele><time>2025-04-10T12:43:04.000Z</time></trkpt>
<trkpt lat="30.67071294277228" lon="104.0193662226511"><ele>488</ele><time>2025-04-10T12:43:06.000Z</time></trkpt>
<trkpt lat="30.67082713483725" lon="104.0193877216748"><ele>488</ele><time>2025-04-10T12:43:08.000Z</time></trkpt>
<trkpt lat="30.67094286529653" lon="104.0194002716235"><ele>488</ele><time>2025-04-10T12:43:10.000Z</time></trkpt>
<trkpt lat="30.67106327376232" lon="104.0193972910584"><ele>488</ele><time>2025-04-10T12:43:12.000Z</time></trkpt>
<trkpt lat="30.6711881496468" lon="104.0193988763841"><ele>488</ele><time>2025-04-10T12:43:14.000Z</time></trkpt>
<trkpt lat="30.67131092713307" lon="104.0193989148834"><ele>488</ele><time>2025-04-10T12:43:16.000Z</time></trkpt>
<trkpt lat="30.67143074863565" lon="104.0193716970328"><ele>488</ele><time>2025-04-10T12:43:18.000Z</time></trkpt>
<trkpt lat="30.6715519968799" lon="104.0193665178278"><ele>488</ele><time>2025-04-10T12:43:20.000Z</time></trkpt>
<trkpt lat="30.67167626410178" lon="104.0193610322729"><ele>488</ele><time>2025-04-10T12:43:22.000Z</time></trkpt>
<trkpt lat="30.67180053715052" lon="104.0193555611006"><ele>487</ele><time>2025-04-10T12:43:24.000Z</time></trkpt>
<trkpt lat="30.67191934042227" lon="104.0194106312453"><ele>488</ele><time>2025-04-10T12:43:26.000Z</time></trkpt>
<trkpt lat="30.67203733939466" lon="104.0194135157078"><ele>488</ele><time>2025-04-10T12:43:28.000Z</time></trkpt>
<trkpt lat="30.67215397770939" lon="104.0194167489689"><ele>488</ele><time>2025-04-10T12:43:30.000Z</time></trkpt>
<trkpt lat="30.67227492994895" lon="104.0194145718002"><ele>488</ele><time>2025-04-10T12:43:32.000Z</time></trkpt>
<trkpt lat="30.67238500039371" lon="104.0193992677463"><ele>488</ele><time>2025-04-10T12:43:34.000Z</time></trkpt>
<trkpt lat="30.67249946705594" lon="104.0193942279382"><ele>488</ele><time>2025-04-10T12:43:36.000Z</time></trkpt>
<trkpt lat="30.67261450692082" lon="104.0194109571014"><ele>488</ele><time>2025-04-10T12:43:38.000Z</time></trkpt>
<trkpt lat="30.67266908659289" lon="104.019317793243"><ele>488</ele><time>2025-04-10T12:43:39.000Z</time></trkpt>
<trkpt lat="30.67278588059825" lon="104.0194273431247"><ele>488</ele><time>2025-04-10T12:43:41.000Z</time></trkpt>
<trkpt lat="30.67292210182714" lon="104.01942955664"><ele>488</ele><time>2025-04-10T12:43:43.000Z</time></trkpt>
<trkpt lat="30.67304892490009" lon="104.0194092247257"><ele>488</ele><time>2025-04-10T12:43:45.000Z</time></trkpt>
<trkpt lat="30.67317491141726" lon="104.0194054246475"><ele>488</ele><time>2025-04-10T12:43:47.000Z</time></trkpt>
<trkpt lat="30.67329924746716" lon="104.0194098215333"><ele>488</ele><time>2025-04-10T12:43:49.000Z</time></trkpt>
<trkpt lat="30.67342592605864" lon="104.0194048564111"><ele>488</ele><time>2025-04-10T12:43:51.000Z</time></trkpt>
<trkpt lat="30.67354449802453" lon="104.0194205823325"><ele>489</ele><time>2025-04-10T12:43:53.000Z</time></trkpt>
<trkpt lat="30.67366493405161" lon="104.0194425972153"><ele>489</ele><time>2025-04-10T12:43:55.000Z</time></trkpt>
<trkpt lat="30.67378339077993" lon="104.0194306926849"><ele>489</ele><time>2025-04-10T12:43:57.000Z</time></trkpt>
<trkpt lat="30.67390270315964" lon="104.0194254591323"><ele>489</ele><time>2025-04-10T12:43:59.000Z</time></trkpt>
<trkpt lat="30.67401822202302" lon="104.0193944292398"><ele>489</ele><time>2025-04-10T12:44:01.000Z</time></trkpt>
<trkpt lat="30.67407837312272" lon="104.0193051732231"><ele>489</ele><time>2025-04-10T12:44:02.000Z</time></trkpt>
<trkpt lat="30.674200177102" lon="104.0193712344675"><ele>489</ele><time>2025-04-10T12:44:04.000Z</time></trkpt>
<trkpt lat="30.67432635716711" lon="104.0193807245411"><ele>489</ele><time>2025-04-10T12:44:06.000Z</time></trkpt>
<trkpt lat="30.67445470569481" lon="104.0193002484428"><ele>490</ele><time>2025-04-10T12:44:08.000Z</time></trkpt>
<trkpt lat="30.67458683508465" lon="104.0193766498836"><ele>490</ele><time>2025-04-10T12:44:10.000Z</time></trkpt>
<trkpt lat="30.67471384536166" lon="104.0193720137283"><ele>490</ele><time>2025-04-10T12:44:12.000Z</time></trkpt>
<trkpt lat="30.67484290946715" lon="104.0193670415987"><ele>490</ele><time>2025-04-10T12:44:14.000Z</time></trkpt>
<trkpt lat="30.67496995943499" lon="104.0193695160834"><ele>490</ele><time>2025-04-10T12:44:16.000Z</time></trkpt>
<trkpt lat="30.67509441058044" lon="104.0193724924415"><ele>489</ele><time>2025-04-10T12:44:18.000Z</time></trkpt>
<trkpt lat="30.6752231490027" lon="104.0193986509642"><ele>490</ele><time>2025-04-10T12:44:20.000Z</time></trkpt>
<trkpt lat="30.67535038705572" lon="104.0194291464935"><ele>490</ele><time>2025-04-10T12:44:22.000Z</time></trkpt>
<trkpt lat="30.67543541877031" lon="104.0193269504491"><ele>490</ele><time>2025-04-10T12:44:23.000Z</time></trkpt>
<trkpt lat="30.67556488360977" lon="104.0193598812506"><ele>490</ele><time>2025-04-10T12:44:25.000Z</time></trkpt>
<trkpt lat="30.67568922958885" lon="104.019391499675"><ele>490</ele><time>2025-04-10T12:44:27.000Z</time></trkpt>
<trkpt lat="30.67580829295744" lon="104.0194252899239"><ele>491</ele><time>2025-04-10T12:44:29.000Z</time></trkpt>
<trkpt lat="30.67592758837861" lon="104.0194617223365"><ele>491</ele><time>2025-04-10T12:44:31.000Z</time></trkpt>
<trkpt lat="30.67604706321412" lon="104.0195054451021"><ele>491</ele><time>2025-04-10T12:44:33.000Z</time></trkpt>
<trkpt lat="30.67615337787383" lon="104.0195467559142"><ele>491</ele><time>2025-04-10T12:44:35.000Z</time></trkpt>
<trkpt lat="30.67625757008604" lon="104.0195878706697"><ele>491</ele><time>2025-04-10T12:44:38.000Z</time></trkpt>
<trkpt lat="30.67624716889789" lon="104.0197729752313"><ele>491</ele><time>2025-04-10T12:45:19.000Z</time></trkpt>
<trkpt lat="30.67634056801933" lon="104.0198146445654"><ele>491</ele><time>2025-04-10T12:45:27.000Z</time></trkpt>
<trkpt lat="30.67643113663466" lon="104.0198449185676"><ele>491</ele><time>2025-04-10T12:45:30.000Z</time></trkpt>
<trkpt lat="30.67654752856405" lon="104.0198777963607"><ele>491</ele><time>2025-04-10T12:45:33.000Z</time></trkpt>
<trkpt lat="30.67666883023097" lon="104.0199426354015"><ele>490</ele><time>2025-04-10T12:45:36.000Z</time></trkpt>
<trkpt lat="30.67675758063339" lon="104.0199904911531"><ele>490</ele><time>2025-04-10T12:45:38.000Z</time></trkpt>
<trkpt lat="30.67685526562364" lon="104.0200371902723"><ele>490</ele><time>2025-04-10T12:45:40.000Z</time></trkpt>
<trkpt lat="30.67694918316194" lon="104.0200968238415"><ele>490</ele><time>2025-04-10T12:45:42.000Z</time></trkpt>
<trkpt lat="30.67704118549221" lon="104.0201650541916"><ele>490</ele><time>2025-04-10T12:45:44.000Z</time></trkpt>
<trkpt lat="30.67713845564908" lon="104.0202309147267"><ele>490</ele><time>2025-04-10T12:45:46.000Z</time></trkpt>
<trkpt lat="30.6772324437938" lon="104.0202993544384"><ele>490</ele><time>2025-04-10T12:45:48.000Z</time></trkpt>
<trkpt lat="30.67732414637412" lon="104.0203764513035"><ele>490</ele><time>2025-04-10T12:45:50.000Z</time></trkpt>
<trkpt lat="30.67741775880803" lon="104.0204469657992"><ele>490</ele><time>2025-04-10T12:45:52.000Z</time></trkpt>
<trkpt lat="30.67757587247782" lon="104.020405771192"><ele>490</ele><time>2025-04-10T12:45:54.000Z</time></trkpt>
<trkpt lat="30.67766613721155" lon="104.0204961552993"><ele>489</ele><time>2025-04-10T12:45:56.000Z</time></trkpt>
<trkpt lat="30.67764483563194" lon="104.0206338943753"><ele>490</ele><time>2025-04-10T12:45:57.000Z</time></trkpt>
<trkpt lat="30.67773135594635" lon="104.0207189967051"><ele>489</ele><time>2025-04-10T12:45:59.000Z</time></trkpt>
<trkpt lat="30.67781869737666" lon="104.0207991741929"><ele>489</ele><time>2025-04-10T12:46:01.000Z</time></trkpt>
<trkpt lat="30.67789995805104" lon="104.0208902094811"><ele>490</ele><time>2025-04-10T12:46:03.000Z</time></trkpt>
<trkpt lat="30.67797860218177" lon="104.0209894825689"><ele>489</ele><time>2025-04-10T12:46:05.000Z</time></trkpt>
<trkpt lat="30.67805944847593" lon="104.0210755723238"><ele>489</ele><time>2025-04-10T12:46:07.000Z</time></trkpt>
<trkpt lat="30.67814248915684" lon="104.021158820779"><ele>489</ele><time>2025-04-10T12:46:09.000Z</time></trkpt>
<trkpt lat="30.6782255315757" lon="104.0212488509758"><ele>489</ele><time>2025-04-10T12:46:11.000Z</time></trkpt>
<trkpt lat="30.67831178369364" lon="104.0213375964954"><ele>489</ele><time>2025-04-10T12:46:13.000Z</time></trkpt>
<trkpt lat="30.67840179443354" lon="104.0214264476866"><ele>488</ele><time>2025-04-10T12:46:15.000Z</time></trkpt>
<trkpt lat="30.67848386386249" lon="104.0215154453161"><ele>488</ele><time>2025-04-10T12:46:17.000Z</time></trkpt>
<trkpt lat="30.67856399616302" lon="104.0216118478985"><ele>488</ele><time>2025-04-10T12:46:19.000Z</time></trkpt>
<trkpt lat="30.67864768172636" lon="104.0217029354659"><ele>488</ele><time>2025-04-10T12:46:21.000Z</time></trkpt>
<trkpt lat="30.67878912145767" lon="104.0217230949264"><ele>488</ele><time>2025-04-10T12:46:23.000Z</time></trkpt>
<trkpt lat="30.67887691592042" lon="104.0218181103838"><ele>488</ele><time>2025-04-10T12:46:25.000Z</time></trkpt>
<trkpt lat="30.67884360456393" lon="104.021953649153"><ele>488</ele><time>2025-04-10T12:46:26.000Z</time></trkpt>
<trkpt lat="30.67891481317999" lon="104.0220619945836"><ele>488</ele><time>2025-04-10T12:46:28.000Z</time></trkpt>
<trkpt lat="30.67908646930114" lon="104.0220770119951"><ele>488</ele><time>2025-04-10T12:46:30.000Z</time></trkpt>
<trkpt lat="30.67905666244737" lon="104.0222899745502"><ele>488</ele><time>2025-04-10T12:46:32.000Z</time></trkpt>
<trkpt lat="30.67914145168644" lon="104.0223957894735"><ele>488</ele><time>2025-04-10T12:46:34.000Z</time></trkpt>
<trkpt lat="30.67922879383357" lon="104.0224952191177"><ele>488</ele><time>2025-04-10T12:46:36.000Z</time></trkpt>
<trkpt lat="30.67931526333802" lon="104.0225923023426"><ele>488</ele><time>2025-04-10T12:46:38.000Z</time></trkpt>
<trkpt lat="30.67940195771521" lon="104.0226890054565"><ele>488</ele><time>2025-04-10T12:46:40.000Z</time></trkpt>
<trkpt lat="30.67949182161199" lon="104.0227815408796"><ele>488</ele><time>2025-04-10T12:46:42.000Z</time></trkpt>
<trkpt lat="30.67958001860452" lon="104.0228809129509"><ele>488</ele><time>2025-04-10T12:46:44.000Z</time></trkpt>
<trkpt lat="30.67966706385484" lon="104.0229742950449"><ele>488</ele><time>2025-04-10T12:46:46.000Z</time></trkpt>
<trkpt lat="30.67974446733316" lon="104.0230768745002"><ele>488</ele><time>2025-04-10T12:46:48.000Z</time></trkpt>
<trkpt lat="30.67983564342806" lon="104.0231733231739"><ele>488</ele><time>2025-04-10T12:46:50.000Z</time></trkpt>
<trkpt lat="30.67990705853078" lon="104.0232695517608"><ele>488</ele><time>2025-04-10T12:46:52.000Z</time></trkpt>
<trkpt lat="30.68001153505492" lon="104.0232770831314"><ele>488</ele><time>2025-04-10T12:46:55.000Z</time></trkpt>
<trkpt lat="30.67996273393383" lon="104.0233936924039"><ele>488</ele><time>2025-04-10T12:47:00.000Z</time></trkpt>
<trkpt lat="30.68004063330532" lon="104.0233129449331"><ele>488</ele><time>2025-04-10T12:47:24.000Z</time></trkpt>
<trkpt lat="30.67996732158354" lon="104.0233950054664"><ele>488</ele><time>2025-04-10T12:47:28.000Z</time></trkpt>
<trkpt lat="30.68004182656477" lon="104.023314416725"><ele>487</ele><time>2025-04-10T12:47:33.000Z</time></trkpt>
<trkpt lat="30.67996924630906" lon="104.0233940013476"><ele>487</ele><time>2025-04-10T12:47:36.000Z</time></trkpt>
<trkpt lat="30.68004250765199" lon="104.0233152564944"><ele>487</ele><time>2025-04-10T12:47:41.000Z</time></trkpt>
<trkpt lat="30.67996837803145" lon="104.0233953655036"><ele>488</ele><time>2025-04-10T12:47:43.000Z</time></trkpt>
<trkpt lat="30.68006605076032" lon="104.0233442732276"><ele>488</ele><time>2025-04-10T12:48:07.000Z</time></trkpt>
<trkpt lat="30.6800081328176" lon="104.0234423534773"><ele>488</ele><time>2025-04-10T12:48:08.000Z</time></trkpt>
<trkpt lat="30.68006822623075" lon="104.0235219130068"><ele>488</ele><time>2025-04-10T12:48:11.000Z</time></trkpt>
<trkpt lat="30.68017243988347" lon="104.0234683563756"><ele>488</ele><time>2025-04-10T12:48:12.000Z</time></trkpt>
<trkpt lat="30.6802607001295" lon="104.0235719643924"><ele>489</ele><time>2025-04-10T12:48:15.000Z</time></trkpt>
<trkpt lat="30.68035437771831" lon="104.0236819306048"><ele>489</ele><time>2025-04-10T12:48:18.000Z</time></trkpt>
<trkpt lat="30.68042152417786" lon="104.0237607507689"><ele>488</ele><time>2025-04-10T12:48:20.000Z</time></trkpt>
<trkpt lat="30.68049153599357" lon="104.0238429329686"><ele>488</ele><time>2025-04-10T12:48:22.000Z</time></trkpt>
<trkpt lat="30.68056139168758" lon="104.0239249293154"><ele>488</ele><time>2025-04-10T12:48:24.000Z</time></trkpt>
<trkpt lat="30.68063360876985" lon="104.0240097038194"><ele>488</ele><time>2025-04-10T12:48:26.000Z</time></trkpt>
<trkpt lat="30.68070699837291" lon="104.0240966989014"><ele>488</ele><time>2025-04-10T12:48:28.000Z</time></trkpt>
<trkpt lat="30.68077817170205" lon="104.0241817731915"><ele>488</ele><time>2025-04-10T12:48:30.000Z</time></trkpt>
<trkpt lat="30.68085758079128" lon="104.0242766917893"><ele>489</ele><time>2025-04-10T12:48:32.000Z</time></trkpt>
<trkpt lat="30.68093540824032" lon="104.0243697221635"><ele>489</ele><time>2025-04-10T12:48:34.000Z</time></trkpt>
<trkpt lat="30.68101604109683" lon="104.0244661090148"><ele>489</ele><time>2025-04-10T12:48:36.000Z</time></trkpt>
<trkpt lat="30.6810729912666" lon="104.0245909951179"><ele>489</ele><time>2025-04-10T12:48:38.000Z</time></trkpt>
<trkpt lat="30.68115888666453" lon="104.0246872316645"><ele>489</ele><time>2025-04-10T12:48:40.000Z</time></trkpt>
<trkpt lat="30.68126461463471" lon="104.0247632312124"><ele>488</ele><time>2025-04-10T12:48:42.000Z</time></trkpt>
<trkpt lat="30.68132823541466" lon="104.0248792847637"><ele>489</ele><time>2025-04-10T12:48:44.000Z</time></trkpt>
<trkpt lat="30.68141251022627" lon="104.0249753133811"><ele>489</ele><time>2025-04-10T12:48:46.000Z</time></trkpt>
<trkpt lat="30.68152487965218" lon="104.0250364895282"><ele>488</ele><time>2025-04-10T12:48:48.000Z</time></trkpt>
<trkpt lat="30.68161173601387" lon="104.0251298613255"><ele>488</ele><time>2025-04-10T12:48:50.000Z</time></trkpt>
<trkpt lat="30.68170125728367" lon="104.0252175876085"><ele>488</ele><time>2025-04-10T12:48:52.000Z</time></trkpt>
<trkpt lat="30.68182183033525" lon="104.0252811506499"><ele>488</ele><time>2025-04-10T12:48:54.000Z</time></trkpt>
<trkpt lat="30.68191006480085" lon="104.0253761583447"><ele>488</ele><time>2025-04-10T12:48:56.000Z</time></trkpt>
<trkpt lat="30.68200247233279" lon="104.0254756586839"><ele>488</ele><time>2025-04-10T12:48:58.000Z</time></trkpt>
<trkpt lat="30.68209431532039" lon="104.0255745501265"><ele>488</ele><time>2025-04-10T12:49:00.000Z</time></trkpt>
<trkpt lat="30.68217251844391" lon="104.0257022913942"><ele>488</ele><time>2025-04-10T12:49:02.000Z</time></trkpt>
<trkpt lat="30.6822583275827" lon="104.0258108766814"><ele>488</ele><time>2025-04-10T12:49:04.000Z</time></trkpt>
<trkpt lat="30.68234464918494" lon="104.0259201087763"><ele>488</ele><time>2025-04-10T12:49:06.000Z</time></trkpt>
<trkpt lat="30.68243499419966" lon="104.0260344302118"><ele>488</ele><time>2025-04-10T12:49:08.000Z</time></trkpt>
<trkpt lat="30.68253058995183" lon="104.0261440320139"><ele>488</ele><time>2025-04-10T12:49:10.000Z</time></trkpt>
<trkpt lat="30.682628354691" lon="104.0262559685353"><ele>488</ele><time>2025-04-10T12:49:12.000Z</time></trkpt>
<trkpt lat="30.68272574029503" lon="104.0263674240076"><ele>488</ele><time>2025-04-10T12:49:14.000Z</time></trkpt>
<trkpt lat="30.68282964180538" lon="104.0264819964235"><ele>489</ele><time>2025-04-10T12:49:16.000Z</time></trkpt>
<trkpt lat="30.68292625910157" lon="104.0265862077382"><ele>489</ele><time>2025-04-10T12:49:18.000Z</time></trkpt>
<trkpt lat="30.68302587377008" lon="104.0266936697879"><ele>488</ele><time>2025-04-10T12:49:20.000Z</time></trkpt>
<trkpt lat="30.68312309002893" lon="104.0268048202194"><ele>488</ele><time>2025-04-10T12:49:22.000Z</time></trkpt>
<trkpt lat="30.68321784646391" lon="104.0269163712223"><ele>489</ele><time>2025-04-10T12:49:24.000Z</time></trkpt>
<trkpt lat="30.68331077636499" lon="104.0270260917591"><ele>488</ele><time>2025-04-10T12:49:26.000Z</time></trkpt>
<trkpt lat="30.68340473251614" lon="104.0271370223451"><ele>488</ele><time>2025-04-10T12:49:28.000Z</time></trkpt>
<trkpt lat="30.68349465182273" lon="104.0272414771424"><ele>487</ele><time>2025-04-10T12:49:30.000Z</time></trkpt>
<trkpt lat="30.6835809829346" lon="104.0273424191459"><ele>487</ele><time>2025-04-10T12:49:32.000Z</time></trkpt>
<trkpt lat="30.68366865155542" lon="104.0274449265726"><ele>488</ele><time>2025-04-10T12:49:34.000Z</time></trkpt>
<trkpt lat="30.68375762773644" lon="104.0275489651087"><ele>487</ele><time>2025-04-10T12:49:36.000Z</time></trkpt>
<trkpt lat="30.68374550101353" lon="104.0276677242446"><ele>487</ele><time>2025-04-10T12:49:37.000Z</time></trkpt>
<trkpt lat="30.68384636884125" lon="104.0276527296725"><ele>487</ele><time>2025-04-10T12:49:38.000Z</time></trkpt>
<trkpt lat="30.68393326682822" lon="104.027754335236"><ele>487</ele><time>2025-04-10T12:49:40.000Z</time></trkpt>
<trkpt lat="30.68402972024904" lon="104.0278671167349"><ele>487</ele><time>2025-04-10T12:49:42.000Z</time></trkpt>
<trkpt lat="30.68413146990594" lon="104.0279826923442"><ele>487</ele><time>2025-04-10T12:49:44.000Z</time></trkpt>
<trkpt lat="30.68423356591683" lon="104.0280978405882"><ele>486</ele><time>2025-04-10T12:49:46.000Z</time></trkpt>
<trkpt lat="30.68432446621385" lon="104.0282003681166"><ele>486</ele><time>2025-04-10T12:49:48.000Z</time></trkpt>
<trkpt lat="30.68441948411314" lon="104.0283064470444"><ele>486</ele><time>2025-04-10T12:49:50.000Z</time></trkpt>
<trkpt lat="30.68450930286105" lon="104.0284107855364"><ele>486</ele><time>2025-04-10T12:49:52.000Z</time></trkpt>
<trkpt lat="30.68458200140378" lon="104.0284946983854"><ele>486</ele><time>2025-04-10T12:49:54.000Z</time></trkpt>
<trkpt lat="30.684659203431" lon="104.0285837882749"><ele>486</ele><time>2025-04-10T12:49:56.000Z</time></trkpt>
<trkpt lat="30.68474951045702" lon="104.0286844996814"><ele>486</ele><time>2025-04-10T12:49:58.000Z</time></trkpt>
<trkpt lat="30.68484807494697" lon="104.028789023508"><ele>486</ele><time>2025-04-10T12:50:00.000Z</time></trkpt>
<trkpt lat="30.68494447253184" lon="104.0288966415634"><ele>486</ele><time>2025-04-10T12:50:02.000Z</time></trkpt>
<trkpt lat="30.68503788515249" lon="104.0290058252102"><ele>486</ele><time>2025-04-10T12:50:04.000Z</time></trkpt>
<trkpt lat="30.68513177275125" lon="104.0291155612075"><ele>486</ele><time>2025-04-10T12:50:06.000Z</time></trkpt>
<trkpt lat="30.68522433614469" lon="104.0292237477494"><ele>486</ele><time>2025-04-10T12:50:08.000Z</time></trkpt>
<trkpt lat="30.68531782499477" lon="104.0293330160745"><ele>486</ele><time>2025-04-10T12:50:10.000Z</time></trkpt>
<trkpt lat="30.68540808962193" lon="104.0294373575283"><ele>486</ele><time>2025-04-10T12:50:12.000Z</time></trkpt>
<trkpt lat="30.68549949168038" lon="104.0295425170013"><ele>487</ele><time>2025-04-10T12:50:14.000Z</time></trkpt>
<trkpt lat="30.68558896493104" lon="104.0296454589353"><ele>487</ele><time>2025-04-10T12:50:16.000Z</time></trkpt>
<trkpt lat="30.6856764940013" lon="104.0297461674095"><ele>487</ele><time>2025-04-10T12:50:18.000Z</time></trkpt>
<trkpt lat="30.68576689326719" lon="104.0298501842458"><ele>487</ele><time>2025-04-10T12:50:20.000Z</time></trkpt>
<trkpt lat="30.68585473995639" lon="104.0299565156996"><ele>487</ele><time>2025-04-10T12:50:22.000Z</time></trkpt>
<trkpt lat="30.68594250475931" lon="104.0300535664685"><ele>487</ele><time>2025-04-10T12:50:24.000Z</time></trkpt>
<trkpt lat="30.68603121025227" lon="104.0301480989556"><ele>487</ele><time>2025-04-10T12:50:26.000Z</time></trkpt>
<trkpt lat="30.68612035897888" lon="104.0302496724064"><ele>487</ele><time>2025-04-10T12:50:28.000Z</time></trkpt>
<trkpt lat="30.68620843841276" lon="104.0303511412327"><ele>487</ele><time>2025-04-10T12:50:30.000Z</time></trkpt>
<trkpt lat="30.68629899526756" lon="104.0304554604062"><ele>487</ele><time>2025-04-10T12:50:32.000Z</time></trkpt>
<trkpt lat="30.68634858038778" lon="104.0306060389753"><ele>487</ele><time>2025-04-10T12:50:34.000Z</time></trkpt>
<trkpt lat="30.68642825722658" lon="104.0307191202841"><ele>488</ele><time>2025-04-10T12:50:36.000Z</time></trkpt>
<trkpt lat="30.68650975894571" lon="104.0308295212161"><ele>487</ele><time>2025-04-10T12:50:38.000Z</time></trkpt>
<trkpt lat="30.68659253633448" lon="104.0309330297031"><ele>487</ele><time>2025-04-10T12:50:40.000Z</time></trkpt>
<trkpt lat="30.68674766709818" lon="104.0309528302507"><ele>487</ele><time>2025-04-10T12:50:42.000Z</time></trkpt>
<trkpt lat="30.68671921344683" lon="104.0311008809031"><ele>487</ele><time>2025-04-10T12:50:43.000Z</time></trkpt>
<trkpt lat="30.6868033085484" lon="104.0312051963537"><ele>487</ele><time>2025-04-10T12:50:45.000Z</time></trkpt>
<trkpt lat="30.68688922068828" lon="104.0313155394516"><ele>487</ele><time>2025-04-10T12:50:47.000Z</time></trkpt>
<trkpt lat="30.68704585795494" lon="104.0313469473828"><ele>487</ele><time>2025-04-10T12:50:49.000Z</time></trkpt>
<trkpt lat="30.68706707151032" lon="104.031511285963"><ele>487</ele><time>2025-04-10T12:50:51.000Z</time></trkpt>
<trkpt lat="30.68714742139139" lon="104.031585082069"><ele>487</ele><time>2025-04-10T12:50:53.000Z</time></trkpt>
<trkpt lat="30.68725052953172" lon="104.0317134018611"><ele>486</ele><time>2025-04-10T12:50:55.000Z</time></trkpt>
<trkpt lat="30.68733912829937" lon="104.0318225192979"><ele>486</ele><time>2025-04-10T12:50:57.000Z</time></trkpt>
<trkpt lat="30.68743724516557" lon="104.0319245078323"><ele>486</ele><time>2025-04-10T12:50:59.000Z</time></trkpt>
<trkpt lat="30.68752275333625" lon="104.032024747579"><ele>486</ele><time>2025-04-10T12:51:01.000Z</time></trkpt>
<trkpt lat="30.68760033316435" lon="104.0321501662039"><ele>486</ele><time>2025-04-10T12:51:03.000Z</time></trkpt>
<trkpt lat="30.68769211154202" lon="104.0322529274955"><ele>486</ele><time>2025-04-10T12:51:05.000Z</time></trkpt>
<trkpt lat="30.68778153700597" lon="104.0323520254765"><ele>486</ele><time>2025-04-10T12:51:07.000Z</time></trkpt>
<trkpt lat="30.68787054842161" lon="104.0324566839918"><ele>486</ele><time>2025-04-10T12:51:09.000Z</time></trkpt>
<trkpt lat="30.68796114510967" lon="104.032560254612"><ele>486</ele><time>2025-04-10T12:51:11.000Z</time></trkpt>
<trkpt lat="30.68805166863522" lon="104.0326691117849"><ele>486</ele><time>2025-04-10T12:51:13.000Z</time></trkpt>
<trkpt lat="30.68814499042459" lon="104.0327799838072"><ele>486</ele><time>2025-04-10T12:51:15.000Z</time></trkpt>
<trkpt lat="30.68824062246155" lon="104.0328882549614"><ele>486</ele><time>2025-04-10T12:51:17.000Z</time></trkpt>
<trkpt lat="30.68833567620822" lon="104.0329986922554"><ele>486</ele><time>2025-04-10T12:51:19.000Z</time></trkpt>
<trkpt lat="30.68843039970821" lon="104.0331097890426"><ele>486</ele><time>2025-04-10T12:51:21.000Z</time></trkpt>
<trkpt lat="30.68853088620179" lon="104.0332153481616"><ele>486</ele><time>2025-04-10T12:51:23.000Z</time></trkpt>
<trkpt lat="30.68862199923134" lon="104.0333271427039"><ele>486</ele><time>2025-04-10T12:51:25.000Z</time></trkpt>
<trkpt lat="30.68872851868489" lon="104.0334072437719"><ele>486</ele><time>2025-04-10T12:51:27.000Z</time></trkpt>
<trkpt lat="30.68882006263398" lon="104.0335115680327"><ele>486</ele><time>2025-04-10T12:51:29.000Z</time></trkpt>
<trkpt lat="30.68890797986135" lon="104.0336243863566"><ele>486</ele><time>2025-04-10T12:51:31.000Z</time></trkpt>
<trkpt lat="30.68900001111945" lon="104.0337307006984"><ele>486</ele><time>2025-04-10T12:51:33.000Z</time></trkpt>
<trkpt lat="30.68909815113697" lon="104.0338371827794"><ele>486</ele><time>2025-04-10T12:51:35.000Z</time></trkpt>
<trkpt lat="30.68919487167534" lon="104.0339415982931"><ele>486</ele><time>2025-04-10T12:51:37.000Z</time></trkpt>
<trkpt lat="30.68929345497001" lon="104.0340458660849"><ele>487</ele><time>2025-04-10T12:51:39.000Z</time></trkpt>
<trkpt lat="30.68939285982135" lon="104.0341443575563"><ele>486</ele><time>2025-04-10T12:51:41.000Z</time></trkpt>
<trkpt lat="30.68949105508477" lon="104.0342395654117"><ele>486</ele><time>2025-04-10T12:51:43.000Z</time></trkpt>
<trkpt lat="30.68957850746066" lon="104.0343335045499"><ele>486</ele><time>2025-04-10T12:51:45.000Z</time></trkpt>
<trkpt lat="30.6896717909852" lon="104.034443221959"><ele>486</ele><time>2025-04-10T12:51:47.000Z</time></trkpt>
<trkpt lat="30.68981542411614" lon="104.0344392891966"><ele>487</ele><time>2025-04-10T12:51:49.000Z</time></trkpt>
<trkpt lat="30.68990951428691" lon="104.0345649097531"><ele>487</ele><time>2025-04-10T12:51:51.000Z</time></trkpt>
<trkpt lat="30.6899154170648" lon="104.0347773550928"><ele>487</ele><time>2025-04-10T12:51:53.000Z</time></trkpt>
<trkpt lat="30.69000720910197" lon="104.0348847092401"><ele>487</ele><time>2025-04-10T12:51:55.000Z</time></trkpt>
<trkpt lat="30.69010611777378" lon="104.035011660469"><ele>487</ele><time>2025-04-10T12:51:57.000Z</time></trkpt>
<trkpt lat="30.69019641764875" lon="104.0351317142592"><ele>487</ele><time>2025-04-10T12:51:59.000Z</time></trkpt>
<trkpt lat="30.69029225506219" lon="104.0352439694098"><ele>487</ele><time>2025-04-10T12:52:01.000Z</time></trkpt>
<trkpt lat="30.69039052441716" lon="104.0353535874416"><ele>487</ele><time>2025-04-10T12:52:03.000Z</time></trkpt>
<trkpt lat="30.69046064951134" lon="104.0354775800029"><ele>487</ele><time>2025-04-10T12:52:05.000Z</time></trkpt>
<trkpt lat="30.69057875252462" lon="104.0355535252209"><ele>487</ele><time>2025-04-10T12:52:07.000Z</time></trkpt>
<trkpt lat="30.69070307604707" lon="104.0355186501859"><ele>487</ele><time>2025-04-10T12:52:09.000Z</time></trkpt>
<trkpt lat="30.69078292083054" lon="104.0355915957569"><ele>487</ele><time>2025-04-10T12:52:10.000Z</time></trkpt>
<trkpt lat="30.69086995129941" lon="104.0356863924499"><ele>487</ele><time>2025-04-10T12:52:12.000Z</time></trkpt>
<trkpt lat="30.69096388070701" lon="104.0357886902239"><ele>487</ele><time>2025-04-10T12:52:14.000Z</time></trkpt>
<trkpt lat="30.69107167287718" lon="104.0359092070077"><ele>487</ele><time>2025-04-10T12:52:16.000Z</time></trkpt>
<trkpt lat="30.69114379542052" lon="104.0360593917361"><ele>487</ele><time>2025-04-10T12:52:18.000Z</time></trkpt>
<trkpt lat="30.69124561231421" lon="104.0361697557573"><ele>487</ele><time>2025-04-10T12:52:20.000Z</time></trkpt>
<trkpt lat="30.69137053968902" lon="104.0362665443478"><ele>488</ele><time>2025-04-10T12:52:22.000Z</time></trkpt>
<trkpt lat="30.69147179003838" lon="104.0363889160418"><ele>487</ele><time>2025-04-10T12:52:24.000Z</time></trkpt>
<trkpt lat="30.69156963543833" lon="104.0365009483718"><ele>488</ele><time>2025-04-10T12:52:26.000Z</time></trkpt>
<trkpt lat="30.69165353533569" lon="104.0366120491027"><ele>488</ele><time>2025-04-10T12:52:28.000Z</time></trkpt>
<trkpt lat="30.6917518334023" lon="104.0367302540379"><ele>488</ele><time>2025-04-10T12:52:30.000Z</time></trkpt>
<trkpt lat="30.6918545823886" lon="104.0368378244158"><ele>487</ele><time>2025-04-10T12:52:32.000Z</time></trkpt>
<trkpt lat="30.6919538852738" lon="104.0369561886688"><ele>488</ele><time>2025-04-10T12:52:34.000Z</time></trkpt>
<trkpt lat="30.69205196390952" lon="104.0370737652695"><ele>488</ele><time>2025-04-10T12:52:36.000Z</time></trkpt>
<trkpt lat="30.69215489752179" lon="104.0371872037831"><ele>488</ele><time>2025-04-10T12:52:38.000Z</time></trkpt>
<trkpt lat="30.69225289231825" lon="104.0373335270561"><ele>488</ele><time>2025-04-10T12:52:40.000Z</time></trkpt>
<trkpt lat="30.6923562906288" lon="104.037436849296"><ele>488</ele><time>2025-04-10T12:52:42.000Z</time></trkpt>
<trkpt lat="30.69246217505217" lon="104.0375424097646"><ele>488</ele><time>2025-04-10T12:52:44.000Z</time></trkpt>
<trkpt lat="30.69256248404864" lon="104.0376633762605"><ele>488</ele><time>2025-04-10T12:52:46.000Z</time></trkpt>
<trkpt lat="30.69265131306955" lon="104.0377688578094"><ele>488</ele><time>2025-04-10T12:52:48.000Z</time></trkpt>
<trkpt lat="30.6927209750742" lon="104.0378545346922"><ele>488</ele><time>2025-04-10T12:52:50.000Z</time></trkpt>
<trkpt lat="30.69281174646352" lon="104.0379337504417"><ele>488</ele><time>2025-04-10T12:52:52.000Z</time></trkpt>
<trkpt lat="30.69289155045493" lon="104.0380343955116"><ele>488</ele><time>2025-04-10T12:52:54.000Z</time></trkpt>
<trkpt lat="30.69297020956563" lon="104.0381551970321"><ele>488</ele><time>2025-04-10T12:52:56.000Z</time></trkpt>
<trkpt lat="30.69307302435622" lon="104.0382611009509"><ele>488</ele><time>2025-04-10T12:52:58.000Z</time></trkpt>
<trkpt lat="30.69317719582575" lon="104.0383795282961"><ele>488</ele><time>2025-04-10T12:53:00.000Z</time></trkpt>
<trkpt lat="30.69328898893537" lon="104.0385056079451"><ele>488</ele><time>2025-04-10T12:53:02.000Z</time></trkpt>
<trkpt lat="30.69338060269266" lon="104.038631614418"><ele>488</ele><time>2025-04-10T12:53:04.000Z</time></trkpt>
<trkpt lat="30.69342118885713" lon="104.0387703399055"><ele>488</ele><time>2025-04-10T12:53:06.000Z</time></trkpt>
<trkpt lat="30.69345528199626" lon="104.0389117445461"><ele>488</ele><time>2025-04-10T12:53:08.000Z</time></trkpt>
<trkpt lat="30.69354672721155" lon="104.0390088282822"><ele>489</ele><time>2025-04-10T12:53:10.000Z</time></trkpt>
<trkpt lat="30.69366103991522" lon="104.0390766851412"><ele>489</ele><time>2025-04-10T12:53:12.000Z</time></trkpt>
<trkpt lat="30.69375580666796" lon="104.0391888245523"><ele>489</ele><time>2025-04-10T12:53:14.000Z</time></trkpt>
<trkpt lat="30.69383169666288" lon="104.0392786189523"><ele>489</ele><time>2025-04-10T12:53:16.000Z</time></trkpt>
<trkpt lat="30.6939064516703" lon="104.0393670578822"><ele>489</ele><time>2025-04-10T12:53:18.000Z</time></trkpt>
<trkpt lat="30.69397992559025" lon="104.0394512155585"><ele>489</ele><time>2025-04-10T12:53:20.000Z</time></trkpt>
<trkpt lat="30.69405715987431" lon="104.0395410651183"><ele>490</ele><time>2025-04-10T12:53:22.000Z</time></trkpt>
<trkpt lat="30.6941436335179" lon="104.0396433328547"><ele>490</ele><time>2025-04-10T12:53:24.000Z</time></trkpt>
<trkpt lat="30.69422420877302" lon="104.0397380904252"><ele>490</ele><time>2025-04-10T12:53:26.000Z</time></trkpt>
<trkpt lat="30.69430335376884" lon="104.0398311730864"><ele>490</ele><time>2025-04-10T12:53:28.000Z</time></trkpt>
<trkpt lat="30.69438678905807" lon="104.0399408425404"><ele>490</ele><time>2025-04-10T12:53:30.000Z</time></trkpt>
<trkpt lat="30.69447997659757" lon="104.0400614962056"><ele>490</ele><time>2025-04-10T12:53:32.000Z</time></trkpt>
<trkpt lat="30.69456309168157" lon="104.0401709700428"><ele>490</ele><time>2025-04-10T12:53:34.000Z</time></trkpt>
<trkpt lat="30.69464162600732" lon="104.040276066664"><ele>490</ele><time>2025-04-10T12:53:36.000Z</time></trkpt>
<trkpt lat="30.69472235603937" lon="104.0403900092324"><ele>490</ele><time>2025-04-10T12:53:38.000Z</time></trkpt>
<trkpt lat="30.69479703931401" lon="104.0404954166234"><ele>489</ele><time>2025-04-10T12:53:40.000Z</time></trkpt>
<trkpt lat="30.69487118004239" lon="104.0406051194136"><ele>489</ele><time>2025-04-10T12:53:42.000Z</time></trkpt>
<trkpt lat="30.69494291843232" lon="104.0407160824441"><ele>489</ele><time>2025-04-10T12:53:44.000Z</time></trkpt>
<trkpt lat="30.69501285331913" lon="104.0408242561094"><ele>489</ele><time>2025-04-10T12:53:46.000Z</time></trkpt>
<trkpt lat="30.69507500821075" lon="104.0409282476328"><ele>490</ele><time>2025-04-10T12:53:48.000Z</time></trkpt>
<trkpt lat="30.69516981716157" lon="104.0410132027692"><ele>490</ele><time>2025-04-10T12:53:50.000Z</time></trkpt>
<trkpt lat="30.69520661063027" lon="104.0411418670684"><ele>490</ele><time>2025-04-10T12:53:52.000Z</time></trkpt>
<trkpt lat="30.695269537515" lon="104.0412621810142"><ele>491</ele><time>2025-04-10T12:53:54.000Z</time></trkpt>
<trkpt lat="30.69533491443383" lon="104.0413806222383"><ele>491</ele><time>2025-04-10T12:53:56.000Z</time></trkpt>
<trkpt lat="30.69539752768159" lon="104.0414997134368"><ele>491</ele><time>2025-04-10T12:53:58.000Z</time></trkpt>
<trkpt lat="30.69545426704713" lon="104.0416262724448"><ele>491</ele><time>2025-04-10T12:54:00.000Z</time></trkpt>
<trkpt lat="30.69550607418941" lon="104.0417470250528"><ele>491</ele><time>2025-04-10T12:54:02.000Z</time></trkpt>
<trkpt lat="30.69555731258616" lon="104.0418648665728"><ele>491</ele><time>2025-04-10T12:54:04.000Z</time></trkpt>
<trkpt lat="30.69560745620841" lon="104.0419809715583"><ele>491</ele><time>2025-04-10T12:54:06.000Z</time></trkpt>
<trkpt lat="30.69565898458884" lon="104.0421020502806"><ele>491</ele><time>2025-04-10T12:54:08.000Z</time></trkpt>
<trkpt lat="30.69571056193185" lon="104.0422232379589"><ele>491</ele><time>2025-04-10T12:54:10.000Z</time></trkpt>
<trkpt lat="30.69576103887698" lon="104.0423418385164"><ele>491</ele><time>2025-04-10T12:54:12.000Z</time></trkpt>
<trkpt lat="30.69581054341526" lon="104.0424581527384"><ele>491</ele><time>2025-04-10T12:54:14.000Z</time></trkpt>
<trkpt lat="30.69586094355004" lon="104.042576574302"><ele>491</ele><time>2025-04-10T12:54:16.000Z</time></trkpt>
<trkpt lat="30.69591202650356" lon="104.0426965909785"><ele>491</ele><time>2025-04-10T12:54:18.000Z</time></trkpt>
<trkpt lat="30.69597734521069" lon="104.0427984649491"><ele>494</ele><time>2025-04-10T12:54:20.000Z</time></trkpt>
<trkpt lat="30.69606566572092" lon="104.0429191422524"><ele>494</ele><time>2025-04-10T12:54:22.000Z</time></trkpt>
<trkpt lat="30.69609895350132" lon="104.0430449110552"><ele>494</ele><time>2025-04-10T12:54:24.000Z</time></trkpt>
<trkpt lat="30.69613260479994" lon="104.0431686533441"><ele>494</ele><time>2025-04-10T12:54:26.000Z</time></trkpt>
<trkpt lat="30.69616682258714" lon="104.0432920894708"><ele>494</ele><time>2025-04-10T12:54:28.000Z</time></trkpt>
<trkpt lat="30.69620084230441" lon="104.0434148082247"><ele>494</ele><time>2025-04-10T12:54:30.000Z</time></trkpt>
<trkpt lat="30.69623600335969" lon="104.043541642063"><ele>494</ele><time>2025-04-10T12:54:32.000Z</time></trkpt>
<trkpt lat="30.69627001422438" lon="104.0436643275109"><ele>494</ele><time>2025-04-10T12:54:34.000Z</time></trkpt>
<trkpt lat="30.69630507912361" lon="104.0437908156989"><ele>494</ele><time>2025-04-10T12:54:36.000Z</time></trkpt>
<trkpt lat="30.69633102155091" lon="104.0439282111694"><ele>494</ele><time>2025-04-10T12:54:38.000Z</time></trkpt>
<trkpt lat="30.69635712417373" lon="104.0440602912679"><ele>494</ele><time>2025-04-10T12:54:40.000Z</time></trkpt>
<trkpt lat="30.69638174221276" lon="104.044190323"><ele>494</ele><time>2025-04-10T12:54:42.000Z</time></trkpt>
<trkpt lat="30.69640718131718" lon="104.0443246886621"><ele>494</ele><time>2025-04-10T12:54:44.000Z</time></trkpt>
<trkpt lat="30.69643165741665" lon="104.0444539653093"><ele>494</ele><time>2025-04-10T12:54:46.000Z</time></trkpt>
<trkpt lat="30.69645722397795" lon="104.0445890002965"><ele>494</ele><time>2025-04-10T12:54:48.000Z</time></trkpt>
<trkpt lat="30.69647253033076" lon="104.0447253685993"><ele>494</ele><time>2025-04-10T12:54:50.000Z</time></trkpt>
<trkpt lat="30.69643914997124" lon="104.044874247297"><ele>494</ele><time>2025-04-10T12:54:52.000Z</time></trkpt>
<trkpt lat="30.6964565673364" lon="104.0450108475992"><ele>494</ele><time>2025-04-10T12:54:54.000Z</time></trkpt>
<trkpt lat="30.69647087756968" lon="104.0451452562663"><ele>495</ele><time>2025-04-10T12:54:56.000Z</time></trkpt>
<trkpt lat="30.69648692844917" lon="104.0452844540739"><ele>494</ele><time>2025-04-10T12:54:58.000Z</time></trkpt>
<trkpt lat="30.69650057592884" lon="104.0454239886957"><ele>494</ele><time>2025-04-10T12:55:00.000Z</time></trkpt>
<trkpt lat="30.69650973830705" lon="104.0455659355652"><ele>494</ele><time>2025-04-10T12:55:02.000Z</time></trkpt>
<trkpt lat="30.69651997230466" lon="104.0457117499359"><ele>494</ele><time>2025-04-10T12:55:04.000Z</time></trkpt>
<trkpt lat="30.69652461774642" lon="104.0458560831552"><ele>494</ele><time>2025-04-10T12:55:06.000Z</time></trkpt>
<trkpt lat="30.69652841920894" lon="104.0460097864785"><ele>494</ele><time>2025-04-10T12:55:08.000Z</time></trkpt>
<trkpt lat="30.6965384461467" lon="104.0461536241278"><ele>494</ele><time>2025-04-10T12:55:10.000Z</time></trkpt>
<trkpt lat="30.69654755908408" lon="104.0463015487448"><ele>494</ele><time>2025-04-10T12:55:12.000Z</time></trkpt>
<trkpt lat="30.69661239858054" lon="104.0464478472866"><ele>494</ele><time>2025-04-10T12:55:14.000Z</time></trkpt>
<trkpt lat="30.69661932701311" lon="104.0465960874256"><ele>494</ele><time>2025-04-10T12:55:16.000Z</time></trkpt>
<trkpt lat="30.69662606856895" lon="104.0467403633133"><ele>494</ele><time>2025-04-10T12:55:18.000Z</time></trkpt>
<trkpt lat="30.69663365975693" lon="104.0469026758367"><ele>494</ele><time>2025-04-10T12:55:20.000Z</time></trkpt>
<trkpt lat="30.69664066894358" lon="104.0470526202494"><ele>494</ele><time>2025-04-10T12:55:22.000Z</time></trkpt>
<trkpt lat="30.69664762025882" lon="104.0472012897171"><ele>494</ele><time>2025-04-10T12:55:24.000Z</time></trkpt>
<trkpt lat="30.69665364161329" lon="104.0473299921528"><ele>494</ele><time>2025-04-10T12:55:26.000Z</time></trkpt>
<trkpt lat="30.69645807543415" lon="104.0474286883029"><ele>494</ele><time>2025-04-10T12:55:29.000Z</time></trkpt>
<trkpt lat="30.69652747299255" lon="104.0476399399048"><ele>494</ele><time>2025-04-10T12:55:33.000Z</time></trkpt>
<trkpt lat="30.6966183254904" lon="104.0477128891942"><ele>494</ele><time>2025-04-10T12:55:35.000Z</time></trkpt>
<trkpt lat="30.69665617673429" lon="104.0478244387766"><ele>494</ele><time>2025-04-10T12:55:37.000Z</time></trkpt>
<trkpt lat="30.696692706041" lon="104.0479622928707"><ele>494</ele><time>2025-04-10T12:55:39.000Z</time></trkpt>
<trkpt lat="30.6967014393693" lon="104.0481024781894"><ele>494</ele><time>2025-04-10T12:55:41.000Z</time></trkpt>
<trkpt lat="30.69671014173468" lon="104.0482423678728"><ele>494</ele><time>2025-04-10T12:55:43.000Z</time></trkpt>
<trkpt lat="30.69670831336883" lon="104.048386327369"><ele>494</ele><time>2025-04-10T12:55:45.000Z</time></trkpt>
<trkpt lat="30.69672975573634" lon="104.0485352165858"><ele>494</ele><time>2025-04-10T12:55:47.000Z</time></trkpt>
<trkpt lat="30.69672043870905" lon="104.0486761000547"><ele>494</ele><time>2025-04-10T12:55:49.000Z</time></trkpt>
<trkpt lat="30.69673690459763" lon="104.0488278419877"><ele>494</ele><time>2025-04-10T12:55:51.000Z</time></trkpt>
<trkpt lat="30.69675238022539" lon="104.0489795201646"><ele>494</ele><time>2025-04-10T12:55:53.000Z</time></trkpt>
<trkpt lat="30.69674979147837" lon="104.0491327848929"><ele>494</ele><time>2025-04-10T12:55:55.000Z</time></trkpt>
<trkpt lat="30.69676362856708" lon="104.0492844888786"><ele>494</ele><time>2025-04-10T12:55:57.000Z</time></trkpt>
<trkpt lat="30.69677190744445" lon="104.0494355265473"><ele>494</ele><time>2025-04-10T12:55:59.000Z</time></trkpt>
<trkpt lat="30.69678042013376" lon="104.0495908118894"><ele>494</ele><time>2025-04-10T12:56:01.000Z</time></trkpt>
<trkpt lat="30.69677404306589" lon="104.0497443374601"><ele>494</ele><time>2025-04-10T12:56:03.000Z</time></trkpt>
<trkpt lat="30.69678489799715" lon="104.0498933516408"><ele>493</ele><time>2025-04-10T12:56:05.000Z</time></trkpt>
<trkpt lat="30.69678938525463" lon="104.0500471469856"><ele>493</ele><time>2025-04-10T12:56:07.000Z</time></trkpt>
<trkpt lat="30.69680903235709" lon="104.0501984765593"><ele>493</ele><time>2025-04-10T12:56:09.000Z</time></trkpt>
<trkpt lat="30.6968343439103" lon="104.0503517183666"><ele>493</ele><time>2025-04-10T12:56:11.000Z</time></trkpt>
<trkpt lat="30.69683911333945" lon="104.0505036922366"><ele>492</ele><time>2025-04-10T12:56:13.000Z</time></trkpt>
<trkpt lat="30.69682443446257" lon="104.0506565274846"><ele>493</ele><time>2025-04-10T12:56:15.000Z</time></trkpt>
<trkpt lat="30.6968475586241" lon="104.05080990098"><ele>493</ele><time>2025-04-10T12:56:17.000Z</time></trkpt>
<trkpt lat="30.69685907614518" lon="104.0509641404249"><ele>492</ele><time>2025-04-10T12:56:19.000Z</time></trkpt>
<trkpt lat="30.69687077953937" lon="104.0511208835248"><ele>492</ele><time>2025-04-10T12:56:21.000Z</time></trkpt>
<trkpt lat="30.69688256667156" lon="104.0512787694465"><ele>492</ele><time>2025-04-10T12:56:23.000Z</time></trkpt>
<trkpt lat="30.69689417048291" lon="104.0514341851552"><ele>492</ele><time>2025-04-10T12:56:25.000Z</time></trkpt>
<trkpt lat="30.69690007463731" lon="104.0515911114914"><ele>492</ele><time>2025-04-10T12:56:27.000Z</time></trkpt>
<trkpt lat="30.69690754544164" lon="104.0517486157118"><ele>491</ele><time>2025-04-10T12:56:29.000Z</time></trkpt>
<trkpt lat="30.69691507206352" lon="104.0519073054479"><ele>491</ele><time>2025-04-10T12:56:31.000Z</time></trkpt>
<trkpt lat="30.69690657678419" lon="104.052062771618"><ele>490</ele><time>2025-04-10T12:56:33.000Z</time></trkpt>
<trkpt lat="30.69692608392766" lon="104.0522208447472"><ele>490</ele><time>2025-04-10T12:56:35.000Z</time></trkpt>
<trkpt lat="30.69694011221981" lon="104.0523752981553"><ele>490</ele><time>2025-04-10T12:56:37.000Z</time></trkpt>
<trkpt lat="30.69694091164074" lon="104.052535428634"><ele>490</ele><time>2025-04-10T12:56:39.000Z</time></trkpt>
<trkpt lat="30.69694666443792" lon="104.0526956068078"><ele>489</ele><time>2025-04-10T12:56:41.000Z</time></trkpt>
<trkpt lat="30.69695238207942" lon="104.0528551435147"><ele>490</ele><time>2025-04-10T12:56:43.000Z</time></trkpt>
<trkpt lat="30.69695785446037" lon="104.0530076606215"><ele>490</ele><time>2025-04-10T12:56:45.000Z</time></trkpt>
<trkpt lat="30.69696170929107" lon="104.0531589238883"><ele>490</ele><time>2025-04-10T12:56:47.000Z</time></trkpt>
<trkpt lat="30.6969623258117" lon="104.0533069529862"><ele>490</ele><time>2025-04-10T12:56:49.000Z</time></trkpt>
<trkpt lat="30.69696134995061" lon="104.0534578300304"><ele>489</ele><time>2025-04-10T12:56:51.000Z</time></trkpt>
<trkpt lat="30.6969603831968" lon="104.0536059168619"><ele>490</ele><time>2025-04-10T12:56:53.000Z</time></trkpt>
<trkpt lat="30.69695942958472" lon="104.0537520790618"><ele>489</ele><time>2025-04-10T12:56:55.000Z</time></trkpt>
<trkpt lat="30.69695847514652" lon="104.0538980836932"><ele>489</ele><time>2025-04-10T12:56:57.000Z</time></trkpt>
<trkpt lat="30.69695751847247" lon="104.0540449601612"><ele>490</ele><time>2025-04-10T12:56:59.000Z</time></trkpt>
<trkpt lat="30.69695593756064" lon="104.0541866749262"><ele>490</ele><time>2025-04-10T12:57:01.000Z</time></trkpt>
<trkpt lat="30.69695446477267" lon="104.0543377662725"><ele>490</ele><time>2025-04-10T12:57:03.000Z</time></trkpt>
<trkpt lat="30.69695364905025" lon="104.0544771068722"><ele>490</ele><time>2025-04-10T12:57:05.000Z</time></trkpt>
<trkpt lat="30.69695295664588" lon="104.0545973450801"><ele>491</ele><time>2025-04-10T12:57:07.000Z</time></trkpt>
<trkpt lat="30.69695229386625" lon="104.0547179655501"><ele>491</ele><time>2025-04-10T12:57:10.000Z</time></trkpt>
<trkpt lat="30.69692995252348" lon="104.0549161324243"><ele>491</ele><time>2025-04-10T12:57:13.000Z</time></trkpt>
<trkpt lat="30.69695178625285" lon="104.0548107972257"><ele>491</ele><time>2025-04-10T12:57:16.000Z</time></trkpt>
<trkpt lat="30.69692270377178" lon="104.0549354398849"><ele>491</ele><time>2025-04-10T12:57:22.000Z</time></trkpt>
<trkpt lat="30.69673792202596" lon="104.0549775100349"><ele>492</ele><time>2025-04-10T12:57:26.000Z</time></trkpt>
<trkpt lat="30.69676568256946" lon="104.055076571159"><ele>492</ele><time>2025-04-10T12:57:28.000Z</time></trkpt>
<trkpt lat="30.69682023328233" lon="104.0551620830228"><ele>493</ele><time>2025-04-10T12:57:30.000Z</time></trkpt>
<trkpt lat="30.69695082896212" lon="104.0551995408569"><ele>493</ele><time>2025-04-10T12:57:31.000Z</time></trkpt>
<trkpt lat="30.69695055445453" lon="104.055333867491"><ele>493</ele><time>2025-04-10T12:57:34.000Z</time></trkpt>
<trkpt lat="30.69693148246528" lon="104.055440980143"><ele>492</ele><time>2025-04-10T12:57:36.000Z</time></trkpt>
<trkpt lat="30.69693088729111" lon="104.0555614325076"><ele>493</ele><time>2025-04-10T12:57:38.000Z</time></trkpt>
<trkpt lat="30.69692553796755" lon="104.055691691266"><ele>493</ele><time>2025-04-10T12:57:40.000Z</time></trkpt>
<trkpt lat="30.69692455685922" lon="104.0558282932804"><ele>492</ele><time>2025-04-10T12:57:42.000Z</time></trkpt>
<trkpt lat="30.69692584728387" lon="104.0559742513799"><ele>492</ele><time>2025-04-10T12:57:44.000Z</time></trkpt>
<trkpt lat="30.69693032664002" lon="104.0561332555082"><ele>492</ele><time>2025-04-10T12:57:46.000Z</time></trkpt>
<trkpt lat="30.6969429507826" lon="104.0563022177298"><ele>492</ele><time>2025-04-10T12:57:48.000Z</time></trkpt>
<trkpt lat="30.6969357407013" lon="104.0564794701663"><ele>492</ele><time>2025-04-10T12:57:50.000Z</time></trkpt>
<trkpt lat="30.69693297520323" lon="104.0566535103354"><ele>491</ele><time>2025-04-10T12:57:52.000Z</time></trkpt>
<trkpt lat="30.69692809501696" lon="104.0568275122397"><ele>491</ele><time>2025-04-10T12:57:54.000Z</time></trkpt>
<trkpt lat="30.69692873004503" lon="104.0569908039636"><ele>491</ele><time>2025-04-10T12:57:56.000Z</time></trkpt>
<trkpt lat="30.69692726727224" lon="104.0571639528712"><ele>491</ele><time>2025-04-10T12:57:58.000Z</time></trkpt>
<trkpt lat="30.69692167273117" lon="104.0573339524724"><ele>491</ele><time>2025-04-10T12:58:00.000Z</time></trkpt>
<trkpt lat="30.69692988182209" lon="104.0575008024477"><ele>491</ele><time>2025-04-10T12:58:02.000Z</time></trkpt>
<trkpt lat="30.69693171286144" lon="104.0576665723466"><ele>492</ele><time>2025-04-10T12:58:04.000Z</time></trkpt>
<trkpt lat="30.69693417899207" lon="104.0578357714574"><ele>491</ele><time>2025-04-10T12:58:06.000Z</time></trkpt>
<trkpt lat="30.69693392226661" lon="104.0580007507781"><ele>491</ele><time>2025-04-10T12:58:08.000Z</time></trkpt>
<trkpt lat="30.6969284117063" lon="104.0581712386987"><ele>491</ele><time>2025-04-10T12:58:10.000Z</time></trkpt>
<trkpt lat="30.69692471109692" lon="104.0583400403726"><ele>491</ele><time>2025-04-10T12:58:12.000Z</time></trkpt>
<trkpt lat="30.69691910160865" lon="104.058517032583"><ele>491</ele><time>2025-04-10T12:58:14.000Z</time></trkpt>
<trkpt lat="30.69691338634645" lon="104.0587103639638"><ele>492</ele><time>2025-04-10T12:58:16.000Z</time></trkpt>
<trkpt lat="30.69691412825004" lon="104.0588981292443"><ele>491</ele><time>2025-04-10T12:58:18.000Z</time></trkpt>
<trkpt lat="30.69684639237517" lon="104.0589869488572"><ele>491</ele><time>2025-04-10T12:58:19.000Z</time></trkpt>
<trkpt lat="30.69681978307968" lon="104.0591775254136"><ele>491</ele><time>2025-04-10T12:58:21.000Z</time></trkpt>
<trkpt lat="30.6968245482471" lon="104.0593543473365"><ele>491</ele><time>2025-04-10T12:58:23.000Z</time></trkpt>
<trkpt lat="30.69682352223919" lon="104.0595274244695"><ele>491</ele><time>2025-04-10T12:58:25.000Z</time></trkpt>
<trkpt lat="30.69682473883737" lon="104.0596937806561"><ele>491</ele><time>2025-04-10T12:58:27.000Z</time></trkpt>
<trkpt lat="30.69684159815499" lon="104.0598572235856"><ele>491</ele><time>2025-04-10T12:58:29.000Z</time></trkpt>
<trkpt lat="30.69682743799694" lon="104.0600156628105"><ele>491</ele><time>2025-04-10T12:58:31.000Z</time></trkpt>
<trkpt lat="30.69681500560772" lon="104.0601828885089"><ele>491</ele><time>2025-04-10T12:58:33.000Z</time></trkpt>
<trkpt lat="30.69682146551886" lon="104.0603284917024"><ele>491</ele><time>2025-04-10T12:58:35.000Z</time></trkpt>
<trkpt lat="30.69682409928307" lon="104.0604626582117"><ele>491</ele><time>2025-04-10T12:58:37.000Z</time></trkpt>
<trkpt lat="30.69678776042546" lon="104.0605673988234"><ele>491</ele><time>2025-04-10T12:58:55.000Z</time></trkpt>
<trkpt lat="30.6968009146731" lon="104.0607062555922"><ele>491</ele><time>2025-04-10T12:58:59.000Z</time></trkpt>
<trkpt lat="30.69684929858859" lon="104.0608473696862"><ele>491</ele><time>2025-04-10T12:59:02.000Z</time></trkpt>
<trkpt lat="30.69688196080139" lon="104.0609479925039"><ele>491</ele><time>2025-04-10T12:59:04.000Z</time></trkpt>
<trkpt lat="30.69686823611859" lon="104.0610693554791"><ele>491</ele><time>2025-04-10T12:59:06.000Z</time></trkpt>
<trkpt lat="30.6968366634568" lon="104.0612194504447"><ele>491</ele><time>2025-04-10T12:59:08.000Z</time></trkpt>
<trkpt lat="30.69681727879537" lon="104.0613531812158"><ele>491</ele><time>2025-04-10T12:59:10.000Z</time></trkpt>
<trkpt lat="30.69679681504373" lon="104.0614750292922"><ele>491</ele><time>2025-04-10T12:59:12.000Z</time></trkpt>
<trkpt lat="30.69682589992064" lon="104.061599571396"><ele>491</ele><time>2025-04-10T12:59:14.000Z</time></trkpt>
<trkpt lat="30.69684492331741" lon="104.0617778447658"><ele>491</ele><time>2025-04-10T12:59:16.000Z</time></trkpt>
<trkpt lat="30.69686855992735" lon="104.06191913984"><ele>491</ele><time>2025-04-10T12:59:18.000Z</time></trkpt>
<trkpt lat="30.69687263216451" lon="104.062065014904"><ele>491</ele><time>2025-04-10T12:59:20.000Z</time></trkpt>
<trkpt lat="30.69690120014917" lon="104.0622218490072"><ele>491</ele><time>2025-04-10T12:59:22.000Z</time></trkpt>
<trkpt lat="30.69692257952088" lon="104.0623715385309"><ele>491</ele><time>2025-04-10T12:59:24.000Z</time></trkpt>
<trkpt lat="30.69693821490579" lon="104.0625491445646"><ele>491</ele><time>2025-04-10T12:59:26.000Z</time></trkpt>
<trkpt lat="30.69694951583571" lon="104.0627173608946"><ele>491</ele><time>2025-04-10T12:59:28.000Z</time></trkpt>
<trkpt lat="30.69694605938774" lon="104.0629032553012"><ele>491</ele><time>2025-04-10T12:59:30.000Z</time></trkpt>
<trkpt lat="30.69694732012681" lon="104.0630733673026"><ele>491</ele><time>2025-04-10T12:59:32.000Z</time></trkpt>
<trkpt lat="30.69696228287307" lon="104.0632542534376"><ele>491</ele><time>2025-04-10T12:59:34.000Z</time></trkpt>
<trkpt lat="30.69694615871844" lon="104.0634455564197"><ele>491</ele><time>2025-04-10T12:59:36.000Z</time></trkpt>
<trkpt lat="30.69692402242606" lon="104.0636325765851"><ele>491</ele><time>2025-04-10T12:59:38.000Z</time></trkpt>
<trkpt lat="30.69691426367606" lon="104.0638119474696"><ele>492</ele><time>2025-04-10T12:59:40.000Z</time></trkpt>
<trkpt lat="30.69691037154888" lon="104.0639785128462"><ele>491</ele><time>2025-04-10T12:59:42.000Z</time></trkpt>
<trkpt lat="30.69690772865743" lon="104.0641517704099"><ele>491</ele><time>2025-04-10T12:59:44.000Z</time></trkpt>
<trkpt lat="30.69690853182134" lon="104.0643167629156"><ele>491</ele><time>2025-04-10T12:59:46.000Z</time></trkpt>
<trkpt lat="30.6969187200335" lon="104.064470964866"><ele>491</ele><time>2025-04-10T12:59:48.000Z</time></trkpt>
<trkpt lat="30.69691186829885" lon="104.0646217894272"><ele>491</ele><time>2025-04-10T12:59:50.000Z</time></trkpt>
<trkpt lat="30.6969051839348" lon="104.0647750466408"><ele>491</ele><time>2025-04-10T12:59:52.000Z</time></trkpt>
<trkpt lat="30.69689187473467" lon="104.0649254325898"><ele>491</ele><time>2025-04-10T12:59:54.000Z</time></trkpt>
<trkpt lat="30.69688779159717" lon="104.0650882217816"><ele>491</ele><time>2025-04-10T12:59:56.000Z</time></trkpt>
<trkpt lat="30.6968784008486" lon="104.0652413720695"><ele>491</ele><time>2025-04-10T12:59:58.000Z</time></trkpt>
<trkpt lat="30.69687384063739" lon="104.0654140646656"><ele>491</ele><time>2025-04-10T13:00:00.000Z</time></trkpt>
<trkpt lat="30.69687770098301" lon="104.0655854086704"><ele>491</ele><time>2025-04-10T13:00:02.000Z</time></trkpt>
<trkpt lat="30.69687820158824" lon="104.0657495658188"><ele>491</ele><time>2025-04-10T13:00:04.000Z</time></trkpt>
<trkpt lat="30.69688255190908" lon="104.0659153264398"><ele>491</ele><time>2025-04-10T13:00:06.000Z</time></trkpt>
<trkpt lat="30.69686351671826" lon="104.0660841503144"><ele>491</ele><time>2025-04-10T13:00:08.000Z</time></trkpt>
<trkpt lat="30.69685987799325" lon="104.0662574674687"><ele>491</ele><time>2025-04-10T13:00:10.000Z</time></trkpt>
<trkpt lat="30.69685664226366" lon="104.0664310357288"><ele>491</ele><time>2025-04-10T13:00:12.000Z</time></trkpt>
<trkpt lat="30.69685469107139" lon="104.0666033994536"><ele>491</ele><time>2025-04-10T13:00:14.000Z</time></trkpt>
<trkpt lat="30.69685542821913" lon="104.0667788737979"><ele>491</ele><time>2025-04-10T13:00:16.000Z</time></trkpt>
<trkpt lat="30.69685657647188" lon="104.066959700199"><ele>491</ele><time>2025-04-10T13:00:18.000Z</time></trkpt>
<trkpt lat="30.69686328360494" lon="104.0671369223897"><ele>491</ele><time>2025-04-10T13:00:20.000Z</time></trkpt>
<trkpt lat="30.69687025592433" lon="104.0673180258612"><ele>490</ele><time>2025-04-10T13:00:22.000Z</time></trkpt>
<trkpt lat="30.69687022396219" lon="104.0674925385437"><ele>490</ele><time>2025-04-10T13:00:24.000Z</time></trkpt>
<trkpt lat="30.69686475900693" lon="104.0676725394127"><ele>490</ele><time>2025-04-10T13:00:26.000Z</time></trkpt>
<trkpt lat="30.69686224450538" lon="104.0678529573203"><ele>490</ele><time>2025-04-10T13:00:28.000Z</time></trkpt>
<trkpt lat="30.69686160610162" lon="104.0680346615329"><ele>490</ele><time>2025-04-10T13:00:30.000Z</time></trkpt>
<trkpt lat="30.69685826278626" lon="104.0682141784964"><ele>490</ele><time>2025-04-10T13:00:32.000Z</time></trkpt>
<trkpt lat="30.69685107853264" lon="104.0683920422989"><ele>490</ele><time>2025-04-10T13:00:34.000Z</time></trkpt>
<trkpt lat="30.69683102292255" lon="104.0685686333533"><ele>490</ele><time>2025-04-10T13:00:36.000Z</time></trkpt>
<trkpt lat="30.69681945603095" lon="104.0687433777921"><ele>490</ele><time>2025-04-10T13:00:38.000Z</time></trkpt>
<trkpt lat="30.69681252345055" lon="104.0689166834063"><ele>490</ele><time>2025-04-10T13:00:40.000Z</time></trkpt>
<trkpt lat="30.69680687725726" lon="104.0690865754324"><ele>490</ele><time>2025-04-10T13:00:42.000Z</time></trkpt>
<trkpt lat="30.69680392950006" lon="104.0692620351547"><ele>490</ele><time>2025-04-10T13:00:44.000Z</time></trkpt>
<trkpt lat="30.69679446357391" lon="104.0694400606252"><ele>490</ele><time>2025-04-10T13:00:46.000Z</time></trkpt>
<trkpt lat="30.69678903198007" lon="104.0696182884226"><ele>490</ele><time>2025-04-10T13:00:48.000Z</time></trkpt>
<trkpt lat="30.69679402293817" lon="104.0697821455853"><ele>491</ele><time>2025-04-10T13:00:50.000Z</time></trkpt>
<trkpt lat="30.69679726590888" lon="104.0699661126355"><ele>491</ele><time>2025-04-10T13:00:52.000Z</time></trkpt>
<trkpt lat="30.69680305359091" lon="104.0701321107041"><ele>491</ele><time>2025-04-10T13:00:54.000Z</time></trkpt>
<trkpt lat="30.69678153572403" lon="104.0702773995985"><ele>490</ele><time>2025-04-10T13:00:56.000Z</time></trkpt>
<trkpt lat="30.69672536749849" lon="104.0704043928812"><ele>490</ele><time>2025-04-10T13:00:58.000Z</time></trkpt>
<trkpt lat="30.69665880293954" lon="104.0705152374135"><ele>490</ele><time>2025-04-10T13:01:00.000Z</time></trkpt>
<trkpt lat="30.69682707077715" lon="104.0705860770973"><ele>490</ele><time>2025-04-10T13:01:25.000Z</time></trkpt>
<trkpt lat="30.69682768637416" lon="104.0706974538638"><ele>491</ele><time>2025-04-10T13:01:54.000Z</time></trkpt>
<trkpt lat="30.69682839702029" lon="104.0708256040876"><ele>491</ele><time>2025-04-10T13:01:57.000Z</time></trkpt>
<trkpt lat="30.69682000892472" lon="104.0709376871192"><ele>491</ele><time>2025-04-10T13:01:59.000Z</time></trkpt>
<trkpt lat="30.69682312274046" lon="104.0710425114908"><ele>491</ele><time>2025-04-10T13:02:01.000Z</time></trkpt>
<trkpt lat="30.69682324232212" lon="104.0711607198734"><ele>491</ele><time>2025-04-10T13:02:03.000Z</time></trkpt>
<trkpt lat="30.69680823159138" lon="104.0712875695284"><ele>491</ele><time>2025-04-10T13:02:05.000Z</time></trkpt>
<trkpt lat="30.69681331335771" lon="104.0714103787362"><ele>491</ele><time>2025-04-10T13:02:07.000Z</time></trkpt>
<trkpt lat="30.69682976583668" lon="104.0715272722163"><ele>491</ele><time>2025-04-10T13:02:09.000Z</time></trkpt>
<trkpt lat="30.69686966078616" lon="104.0716732619145"><ele>491</ele><time>2025-04-10T13:02:12.000Z</time></trkpt>
<trkpt lat="30.69687197910035" lon="104.0717847073127"><ele>491</ele><time>2025-04-10T13:02:14.000Z</time></trkpt>
<trkpt lat="30.69688458957417" lon="104.0719312490127"><ele>491</ele><time>2025-04-10T13:02:16.000Z</time></trkpt>
<trkpt lat="30.69687532915165" lon="104.0720764808182"><ele>491</ele><time>2025-04-10T13:02:18.000Z</time></trkpt>
<trkpt lat="30.69685708234226" lon="104.0722002973119"><ele>491</ele><time>2025-04-10T13:02:20.000Z</time></trkpt>
<trkpt lat="30.69685610811921" lon="104.0723198252235"><ele>491</ele><time>2025-04-10T13:02:22.000Z</time></trkpt>
<trkpt lat="30.69686382595878" lon="104.0724638783946"><ele>492</ele><time>2025-04-10T13:02:25.000Z</time></trkpt>
<trkpt lat="30.69685860167434" lon="104.0726043473802"><ele>491</ele><time>2025-04-10T13:02:27.000Z</time></trkpt>
<trkpt lat="30.69682556139355" lon="104.0727397040136"><ele>491</ele><time>2025-04-10T13:02:29.000Z</time></trkpt>
<trkpt lat="30.69682986306331" lon="104.0728838295157"><ele>491</ele><time>2025-04-10T13:02:31.000Z</time></trkpt>
<trkpt lat="30.69683459775975" lon="104.0730405955727"><ele>491</ele><time>2025-04-10T13:02:33.000Z</time></trkpt>
<trkpt lat="30.69682900437785" lon="104.0731843400295"><ele>491</ele><time>2025-04-10T13:02:35.000Z</time></trkpt>
<trkpt lat="30.69683030638295" lon="104.0733579919571"><ele>491</ele><time>2025-04-10T13:02:37.000Z</time></trkpt>
<trkpt lat="30.6968314829453" lon="104.0735183366434"><ele>491</ele><time>2025-04-10T13:02:39.000Z</time></trkpt>
<trkpt lat="30.6968367395978" lon="104.0736926854732"><ele>492</ele><time>2025-04-10T13:02:41.000Z</time></trkpt>
<trkpt lat="30.69682559867099" lon="104.0738631694509"><ele>491</ele><time>2025-04-10T13:02:43.000Z</time></trkpt>
<trkpt lat="30.69681600169417" lon="104.0740230017076"><ele>491</ele><time>2025-04-10T13:02:45.000Z</time></trkpt>
<trkpt lat="30.6968161005368" lon="104.074183983253"><ele>492</ele><time>2025-04-10T13:02:47.000Z</time></trkpt>
<trkpt lat="30.69683222076516" lon="104.0743597015249"><ele>492</ele><time>2025-04-10T13:02:49.000Z</time></trkpt>
<trkpt lat="30.69682481143587" lon="104.0745171283837"><ele>492</ele><time>2025-04-10T13:02:51.000Z</time></trkpt>
<trkpt lat="30.69683436085572" lon="104.0746683958931"><ele>492</ele><time>2025-04-10T13:02:53.000Z</time></trkpt>
<trkpt lat="30.69681539368326" lon="104.0748300182836"><ele>492</ele><time>2025-04-10T13:02:55.000Z</time></trkpt>
<trkpt lat="30.69680834203135" lon="104.0749899747156"><ele>492</ele><time>2025-04-10T13:02:57.000Z</time></trkpt>
<trkpt lat="30.69679876174465" lon="104.0751278872404"><ele>493</ele><time>2025-04-10T13:02:59.000Z</time></trkpt>
<trkpt lat="30.69678766149846" lon="104.0752522272342"><ele>493</ele><time>2025-04-10T13:03:01.000Z</time></trkpt>
<trkpt lat="30.69678723589267" lon="104.0754052354404"><ele>493</ele><time>2025-04-10T13:03:03.000Z</time></trkpt>
<trkpt lat="30.6967861917452" lon="104.0755663038692"><ele>492</ele><time>2025-04-10T13:03:05.000Z</time></trkpt>
<trkpt lat="30.69680355089164" lon="104.0757294496936"><ele>493</ele><time>2025-04-10T13:03:07.000Z</time></trkpt>
<trkpt lat="30.6968063486398" lon="104.0758906742677"><ele>492</ele><time>2025-04-10T13:03:09.000Z</time></trkpt>
<trkpt lat="30.69679785168683" lon="104.0760624231659"><ele>492</ele><time>2025-04-10T13:03:11.000Z</time></trkpt>
<trkpt lat="30.69682948970203" lon="104.0762413325364"><ele>492</ele><time>2025-04-10T13:03:13.000Z</time></trkpt>
<trkpt lat="30.69681949274197" lon="104.0763757648555"><ele>492</ele><time>2025-04-10T13:03:15.000Z</time></trkpt>
<trkpt lat="30.69681260128625" lon="104.0765219082734"><ele>493</ele><time>2025-04-10T13:03:17.000Z</time></trkpt>
<trkpt lat="30.69678926119827" lon="104.0766837405612"><ele>493</ele><time>2025-04-10T13:03:19.000Z</time></trkpt>
<trkpt lat="30.69679701825586" lon="104.0768554186329"><ele>492</ele><time>2025-04-10T13:03:21.000Z</time></trkpt>
<trkpt lat="30.69679153366503" lon="104.0770456166329"><ele>493</ele><time>2025-04-10T13:03:23.000Z</time></trkpt>
<trkpt lat="30.69675623591913" lon="104.0772154422813"><ele>493</ele><time>2025-04-10T13:03:25.000Z</time></trkpt>
<trkpt lat="30.69674165156938" lon="104.0773773528916"><ele>493</ele><time>2025-04-10T13:03:27.000Z</time></trkpt>
<trkpt lat="30.69675993202057" lon="104.0775383783425"><ele>493</ele><time>2025-04-10T13:03:29.000Z</time></trkpt>
<trkpt lat="30.69675848244844" lon="104.0776978310543"><ele>493</ele><time>2025-04-10T13:03:31.000Z</time></trkpt>
<trkpt lat="30.69675663115304" lon="104.0778583363137"><ele>493</ele><time>2025-04-10T13:03:33.000Z</time></trkpt>
<trkpt lat="30.69674194124586" lon="104.0780197346763"><ele>493</ele><time>2025-04-10T13:03:35.000Z</time></trkpt>
<trkpt lat="30.69675246814613" lon="104.0781775091973"><ele>494</ele><time>2025-04-10T13:03:37.000Z</time></trkpt>
<trkpt lat="30.69675409698685" lon="104.0783374963527"><ele>494</ele><time>2025-04-10T13:03:39.000Z</time></trkpt>
<trkpt lat="30.69675834334564" lon="104.0784916224105"><ele>494</ele><time>2025-04-10T13:03:41.000Z</time></trkpt>
<trkpt lat="30.69675823162017" lon="104.0786509436021"><ele>495</ele><time>2025-04-10T13:03:43.000Z</time></trkpt>
<trkpt lat="30.69674731704344" lon="104.0788030357389"><ele>495</ele><time>2025-04-10T13:03:45.000Z</time></trkpt>
<trkpt lat="30.6967313236556" lon="104.078955195554"><ele>495</ele><time>2025-04-10T13:03:47.000Z</time></trkpt>
<trkpt lat="30.69675641863051" lon="104.0791186189558"><ele>495</ele><time>2025-04-10T13:03:49.000Z</time></trkpt>
<trkpt lat="30.69675044163823" lon="104.0792684227088"><ele>496</ele><time>2025-04-10T13:03:51.000Z</time></trkpt>
<trkpt lat="30.69675743243825" lon="104.0794334692676"><ele>496</ele><time>2025-04-10T13:03:53.000Z</time></trkpt>
<trkpt lat="30.69677652447381" lon="104.0795947401858"><ele>498</ele><time>2025-04-10T13:03:55.000Z</time></trkpt>
<trkpt lat="30.69679379938043" lon="104.0797499342981"><ele>499</ele><time>2025-04-10T13:03:57.000Z</time></trkpt>
<trkpt lat="30.69678693967013" lon="104.0799021387693"><ele>499</ele><time>2025-04-10T13:03:59.000Z</time></trkpt>
<trkpt lat="30.69678580163072" lon="104.0800531547171"><ele>497</ele><time>2025-04-10T13:04:01.000Z</time></trkpt>
<trkpt lat="30.69678056201344" lon="104.0802207528934"><ele>497</ele><time>2025-04-10T13:04:03.000Z</time></trkpt>
<trkpt lat="30.69677418320337" lon="104.0803870556943"><ele>497</ele><time>2025-04-10T13:04:05.000Z</time></trkpt>
<trkpt lat="30.6967686097024" lon="104.0805510644121"><ele>497</ele><time>2025-04-10T13:04:07.000Z</time></trkpt>
<trkpt lat="30.69676742488937" lon="104.0807163807048"><ele>497</ele><time>2025-04-10T13:04:09.000Z</time></trkpt>
<trkpt lat="30.69677168245203" lon="104.0808842014319"><ele>497</ele><time>2025-04-10T13:04:11.000Z</time></trkpt>
<trkpt lat="30.69676294350449" lon="104.0810473688363"><ele>497</ele><time>2025-04-10T13:04:13.000Z</time></trkpt>
<trkpt lat="30.69676202243039" lon="104.0811973703573"><ele>497</ele><time>2025-04-10T13:04:15.000Z</time></trkpt>
<trkpt lat="30.6967446582019" lon="104.0813571915327"><ele>497</ele><time>2025-04-10T13:04:17.000Z</time></trkpt>
<trkpt lat="30.69674429191067" lon="104.0814899458028"><ele>497</ele><time>2025-04-10T13:04:19.000Z</time></trkpt>
<trkpt lat="30.69671644213798" lon="104.0816418398951"><ele>498</ele><time>2025-04-10T13:04:21.000Z</time></trkpt>
<trkpt lat="30.69662700830084" lon="104.0817750537499"><ele>497</ele><time>2025-04-10T13:04:23.000Z</time></trkpt>
<trkpt lat="30.69658595973249" lon="104.0819053120495"><ele>497</ele><time>2025-04-10T13:04:25.000Z</time></trkpt>
<trkpt lat="30.69654498861294" lon="104.0820409579111"><ele>497</ele><time>2025-04-10T13:04:27.000Z</time></trkpt>
<trkpt lat="30.6964964040698" lon="104.0821765897792"><ele>497</ele><time>2025-04-10T13:04:29.000Z</time></trkpt>
<trkpt lat="30.69644701586934" lon="104.0823165076106"><ele>497</ele><time>2025-04-10T13:04:31.000Z</time></trkpt>
<trkpt lat="30.69638788563679" lon="104.0824429572282"><ele>497</ele><time>2025-04-10T13:04:33.000Z</time></trkpt>
<trkpt lat="30.6963172483985" lon="104.0825638005036"><ele>497</ele><time>2025-04-10T13:04:35.000Z</time></trkpt>
<trkpt lat="30.69624469482651" lon="104.0826813240976"><ele>497</ele><time>2025-04-10T13:04:37.000Z</time></trkpt>
<trkpt lat="30.69617746605337" lon="104.0828116828827"><ele>497</ele><time>2025-04-10T13:04:39.000Z</time></trkpt>
<trkpt lat="30.69613061968272" lon="104.082946871491"><ele>497</ele><time>2025-04-10T13:04:41.000Z</time></trkpt>
<trkpt lat="30.69607544908604" lon="104.0830760079081"><ele>497</ele><time>2025-04-10T13:04:43.000Z</time></trkpt>
<trkpt lat="30.69601957036726" lon="104.0832024121681"><ele>498</ele><time>2025-04-10T13:04:45.000Z</time></trkpt>
<trkpt lat="30.69596538740885" lon="104.0833342377842"><ele>497</ele><time>2025-04-10T13:04:47.000Z</time></trkpt>
<trkpt lat="30.69590469996918" lon="104.0834650983348"><ele>498</ele><time>2025-04-10T13:04:49.000Z</time></trkpt>
<trkpt lat="30.69582984089262" lon="104.0835887879885"><ele>498</ele><time>2025-04-10T13:04:51.000Z</time></trkpt>
<trkpt lat="30.69576268730214" lon="104.0837233383411"><ele>498</ele><time>2025-04-10T13:04:53.000Z</time></trkpt>
<trkpt lat="30.69570830002648" lon="104.0838536583189"><ele>499</ele><time>2025-04-10T13:04:55.000Z</time></trkpt>
<trkpt lat="30.69563046800688" lon="104.0839826176347"><ele>499</ele><time>2025-04-10T13:04:57.000Z</time></trkpt>
<trkpt lat="30.69555981099534" lon="104.0841175536876"><ele>498</ele><time>2025-04-10T13:04:59.000Z</time></trkpt>
<trkpt lat="30.69549648663327" lon="104.0842472702371"><ele>498</ele><time>2025-04-10T13:05:01.000Z</time></trkpt>
<trkpt lat="30.69541770060206" lon="104.0843677109226"><ele>498</ele><time>2025-04-10T13:05:03.000Z</time></trkpt>
<trkpt lat="30.69530215167082" lon="104.0844721982045"><ele>498</ele><time>2025-04-10T13:05:05.000Z</time></trkpt>
<trkpt lat="30.69521638363239" lon="104.0846069407846"><ele>498</ele><time>2025-04-10T13:05:07.000Z</time></trkpt>
<trkpt lat="30.69516290598352" lon="104.0847444472529"><ele>498</ele><time>2025-04-10T13:05:09.000Z</time></trkpt>
<trkpt lat="30.69510108879571" lon="104.0848819810631"><ele>498</ele><time>2025-04-10T13:05:11.000Z</time></trkpt>
<trkpt lat="30.69503097701001" lon="104.0850155097151"><ele>498</ele><time>2025-04-10T13:05:13.000Z</time></trkpt>
<trkpt lat="30.69497512651532" lon="104.085164905906"><ele>498</ele><time>2025-04-10T13:05:15.000Z</time></trkpt>
<trkpt lat="30.69490831536618" lon="104.0852914463194"><ele>498</ele><time>2025-04-10T13:05:17.000Z</time></trkpt>
<trkpt lat="30.69483362661834" lon="104.0854298725461"><ele>498</ele><time>2025-04-10T13:05:19.000Z</time></trkpt>
<trkpt lat="30.69477527332612" lon="104.0855695837548"><ele>499</ele><time>2025-04-10T13:05:21.000Z</time></trkpt>
<trkpt lat="30.69470530631192" lon="104.0857040455642"><ele>499</ele><time>2025-04-10T13:05:23.000Z</time></trkpt>
<trkpt lat="30.69464654922855" lon="104.0858411527072"><ele>499</ele><time>2025-04-10T13:05:25.000Z</time></trkpt>
<trkpt lat="30.69459842295582" lon="104.0859852488668"><ele>499</ele><time>2025-04-10T13:05:27.000Z</time></trkpt>
<trkpt lat="30.6945262616195" lon="104.0861182504049"><ele>499</ele><time>2025-04-10T13:05:29.000Z</time></trkpt>
<trkpt lat="30.694461910972" lon="104.0862451804369"><ele>499</ele><time>2025-04-10T13:05:31.000Z</time></trkpt>
<trkpt lat="30.69439824893319" lon="104.0863806246713"><ele>500</ele><time>2025-04-10T13:05:33.000Z</time></trkpt>
<trkpt lat="30.69432282403159" lon="104.0864996787506"><ele>500</ele><time>2025-04-10T13:05:35.000Z</time></trkpt>
<trkpt lat="30.6942595593117" lon="104.0866050874268"><ele>500</ele><time>2025-04-10T13:05:37.000Z</time></trkpt>
<trkpt lat="30.69418890055301" lon="104.0867094850529"><ele>500</ele><time>2025-04-10T13:05:40.000Z</time></trkpt>
<trkpt lat="30.69412643906082" lon="104.0868049721725"><ele>500</ele><time>2025-04-10T13:07:12.000Z</time></trkpt>
<trkpt lat="30.69410462330918" lon="104.086942050159"><ele>500</ele><time>2025-04-10T13:07:16.000Z</time></trkpt>
<trkpt lat="30.69409299698745" lon="104.0870575537447"><ele>500</ele><time>2025-04-10T13:07:19.000Z</time></trkpt>
<trkpt lat="30.69401149611002" lon="104.0871224869998"><ele>500</ele><time>2025-04-10T13:07:25.000Z</time></trkpt>
<trkpt lat="30.6939703866023" lon="104.0872356714933"><ele>500</ele><time>2025-04-10T13:07:30.000Z</time></trkpt>
<trkpt lat="30.69398766110216" lon="104.0873472165732"><ele>500</ele><time>2025-04-10T13:08:49.000Z</time></trkpt>
<trkpt lat="30.6938694354875" lon="104.0873519905123"><ele>500</ele><time>2025-04-10T13:08:51.000Z</time></trkpt>
<trkpt lat="30.69382968288243" lon="104.0874618105537"><ele>500</ele><time>2025-04-10T13:08:56.000Z</time></trkpt>
<trkpt lat="30.69379073132104" lon="104.0876037741542"><ele>500</ele><time>2025-04-10T13:09:00.000Z</time></trkpt>
<trkpt lat="30.6937528808879" lon="104.0877449333983"><ele>500</ele><time>2025-04-10T13:09:03.000Z</time></trkpt>
<trkpt lat="30.69366766870635" lon="104.0878225541293"><ele>500</ele><time>2025-04-10T13:09:05.000Z</time></trkpt>
<trkpt lat="30.69361837042733" lon="104.0879214363416"><ele>500</ele><time>2025-04-10T13:09:07.000Z</time></trkpt>
<trkpt lat="30.69357324143585" lon="104.0880298344277"><ele>500</ele><time>2025-04-10T13:09:09.000Z</time></trkpt>
<trkpt lat="30.69354849334432" lon="104.088148785675"><ele>499</ele><time>2025-04-10T13:09:11.000Z</time></trkpt>
<trkpt lat="30.69351448165519" lon="104.0882650449502"><ele>499</ele><time>2025-04-10T13:09:13.000Z</time></trkpt>
<trkpt lat="30.6934691833141" lon="104.0883954422292"><ele>499</ele><time>2025-04-10T13:09:15.000Z</time></trkpt>
<trkpt lat="30.69338724441637" lon="104.0885190501994"><ele>499</ele><time>2025-04-10T13:09:17.000Z</time></trkpt>
<trkpt lat="30.69334148430383" lon="104.0886402612196"><ele>499</ele><time>2025-04-10T13:09:19.000Z</time></trkpt>
<trkpt lat="30.69328837962229" lon="104.0887577579906"><ele>499</ele><time>2025-04-10T13:09:21.000Z</time></trkpt>
<trkpt lat="30.69324510540538" lon="104.088857086675"><ele>499</ele><time>2025-04-10T13:09:23.000Z</time></trkpt>
<trkpt lat="30.69319759825225" lon="104.0889666474933"><ele>499</ele><time>2025-04-10T13:09:25.000Z</time></trkpt>
<trkpt lat="30.69314932459719" lon="104.0890724291229"><ele>499</ele><time>2025-04-10T13:09:27.000Z</time></trkpt>
<trkpt lat="30.69309314362562" lon="104.0891888666281"><ele>499</ele><time>2025-04-10T13:09:29.000Z</time></trkpt>
<trkpt lat="30.69302428049337" lon="104.0893075425577"><ele>499</ele><time>2025-04-10T13:09:31.000Z</time></trkpt>
<trkpt lat="30.6929728052881" lon="104.08941241966"><ele>499</ele><time>2025-04-10T13:09:33.000Z</time></trkpt>
<trkpt lat="30.69291428843755" lon="104.0895299126486"><ele>499</ele><time>2025-04-10T13:09:35.000Z</time></trkpt>
<trkpt lat="30.69285459409037" lon="104.0896473089249"><ele>499</ele><time>2025-04-10T13:09:37.000Z</time></trkpt>
<trkpt lat="30.69279506382516" lon="104.089774815626"><ele>499</ele><time>2025-04-10T13:09:39.000Z</time></trkpt>
<trkpt lat="30.69273465138332" lon="104.0898976905354"><ele>499</ele><time>2025-04-10T13:09:41.000Z</time></trkpt>
<trkpt lat="30.6926674512294" lon="104.0900261511366"><ele>499</ele><time>2025-04-10T13:09:43.000Z</time></trkpt>
<trkpt lat="30.69260498338232" lon="104.0901517310529"><ele>499</ele><time>2025-04-10T13:09:45.000Z</time></trkpt>
<trkpt lat="30.69254922763242" lon="104.0902722291207"><ele>499</ele><time>2025-04-10T13:09:47.000Z</time></trkpt>
<trkpt lat="30.69249753826988" lon="104.0904075933212"><ele>499</ele><time>2025-04-10T13:09:49.000Z</time></trkpt>
<trkpt lat="30.69244793880132" lon="104.0905125116976"><ele>499</ele><time>2025-04-10T13:09:51.000Z</time></trkpt>
<trkpt lat="30.69238188175015" lon="104.0906530726993"><ele>499</ele><time>2025-04-10T13:09:53.000Z</time></trkpt>
<trkpt lat="30.69232709210204" lon="104.0907887758541"><ele>499</ele><time>2025-04-10T13:09:55.000Z</time></trkpt>
<trkpt lat="30.69226452663277" lon="104.0909306229449"><ele>499</ele><time>2025-04-10T13:09:57.000Z</time></trkpt>
<trkpt lat="30.69220105566269" lon="104.0910632797368"><ele>499</ele><time>2025-04-10T13:09:59.000Z</time></trkpt>
<trkpt lat="30.69211813656518" lon="104.0911845405076"><ele>499</ele><time>2025-04-10T13:10:01.000Z</time></trkpt>
<trkpt lat="30.69203645291016" lon="104.0913165788348"><ele>499</ele><time>2025-04-10T13:10:03.000Z</time></trkpt>
<trkpt lat="30.69197006988589" lon="104.0914486389754"><ele>499</ele><time>2025-04-10T13:10:05.000Z</time></trkpt>
<trkpt lat="30.69190706782612" lon="104.0915783321765"><ele>499</ele><time>2025-04-10T13:10:07.000Z</time></trkpt>
<trkpt lat="30.69183818345335" lon="104.0917233467752"><ele>499</ele><time>2025-04-10T13:10:09.000Z</time></trkpt>
<trkpt lat="30.69176981972735" lon="104.091842248337"><ele>499</ele><time>2025-04-10T13:10:11.000Z</time></trkpt>
<trkpt lat="30.69169618522764" lon="104.091968865366"><ele>499</ele><time>2025-04-10T13:10:13.000Z</time></trkpt>
<trkpt lat="30.69163667158609" lon="104.0921008026095"><ele>499</ele><time>2025-04-10T13:10:15.000Z</time></trkpt>
<trkpt lat="30.69157655586445" lon="104.0922367922761"><ele>499</ele><time>2025-04-10T13:10:17.000Z</time></trkpt>
<trkpt lat="30.691517959518" lon="104.0923549992299"><ele>499</ele><time>2025-04-10T13:10:19.000Z</time></trkpt>
<trkpt lat="30.69147214514428" lon="104.092445318032"><ele>499</ele><time>2025-04-10T13:11:01.000Z</time></trkpt>
<trkpt lat="30.69142610550236" lon="104.0925363798417"><ele>499</ele><time>2025-04-10T13:12:05.000Z</time></trkpt>
<trkpt lat="30.69137977464522" lon="104.0926299593005"><ele>499</ele><time>2025-04-10T13:12:08.000Z</time></trkpt>
<trkpt lat="30.69131883373002" lon="104.0927525754373"><ele>499</ele><time>2025-04-10T13:12:12.000Z</time></trkpt>
<trkpt lat="30.69127356104428" lon="104.0928436655362"><ele>499</ele><time>2025-04-10T13:12:14.000Z</time></trkpt>
<trkpt lat="30.69119608501758" lon="104.0929635988152"><ele>499</ele><time>2025-04-10T13:12:17.000Z</time></trkpt>
<trkpt lat="30.69117298595165" lon="104.0930758008256"><ele>499</ele><time>2025-04-10T13:12:19.000Z</time></trkpt>
<trkpt lat="30.69113224365421" lon="104.0931764257372"><ele>499</ele><time>2025-04-10T13:12:21.000Z</time></trkpt>
<trkpt lat="30.69108115583208" lon="104.0932786828029"><ele>499</ele><time>2025-04-10T13:12:23.000Z</time></trkpt>
<trkpt lat="30.69103152785254" lon="104.0933886516943"><ele>499</ele><time>2025-04-10T13:12:25.000Z</time></trkpt>
<trkpt lat="30.69097994562922" lon="104.0934911799919"><ele>499</ele><time>2025-04-10T13:12:27.000Z</time></trkpt>
<trkpt lat="30.69092774585859" lon="104.0935890086941"><ele>499</ele><time>2025-04-10T13:12:29.000Z</time></trkpt>
<trkpt lat="30.69087005469659" lon="104.0937139710355"><ele>499</ele><time>2025-04-10T13:12:31.000Z</time></trkpt>
<trkpt lat="30.69080896047882" lon="104.0938320649545"><ele>499</ele><time>2025-04-10T13:12:33.000Z</time></trkpt>
<trkpt lat="30.69074762172563" lon="104.0939480947046"><ele>499</ele><time>2025-04-10T13:12:35.000Z</time></trkpt>
<trkpt lat="30.69068827558803" lon="104.094054608984"><ele>500</ele><time>2025-04-10T13:12:37.000Z</time></trkpt>
<trkpt lat="30.69062695723655" lon="104.094172185945"><ele>500</ele><time>2025-04-10T13:12:39.000Z</time></trkpt>
<trkpt lat="30.69055656369333" lon="104.0942834600269"><ele>501</ele><time>2025-04-10T13:12:41.000Z</time></trkpt>
<trkpt lat="30.69048622966508" lon="104.0943888929857"><ele>501</ele><time>2025-04-10T13:12:43.000Z</time></trkpt>
<trkpt lat="30.69040210972802" lon="104.0944866563257"><ele>501</ele><time>2025-04-10T13:12:45.000Z</time></trkpt>
<trkpt lat="30.69032423849169" lon="104.0945881057703"><ele>501</ele><time>2025-04-10T13:12:47.000Z</time></trkpt>
<trkpt lat="30.69025525675147" lon="104.0947010844824"><ele>501</ele><time>2025-04-10T13:12:49.000Z</time></trkpt>
<trkpt lat="30.69019338159561" lon="104.0948078768614"><ele>502</ele><time>2025-04-10T13:12:51.000Z</time></trkpt>
<trkpt lat="30.69012897948022" lon="104.0949229186265"><ele>501</ele><time>2025-04-10T13:12:53.000Z</time></trkpt>
<trkpt lat="30.69006201061666" lon="104.0950329950251"><ele>502</ele><time>2025-04-10T13:12:55.000Z</time></trkpt>
<trkpt lat="30.69000347820903" lon="104.0951399983305"><ele>502</ele><time>2025-04-10T13:12:57.000Z</time></trkpt>
<trkpt lat="30.68993654812613" lon="104.0952641142385"><ele>501</ele><time>2025-04-10T13:12:59.000Z</time></trkpt>
<trkpt lat="30.68987890712352" lon="104.0953917196534"><ele>501</ele><time>2025-04-10T13:13:01.000Z</time></trkpt>
<trkpt lat="30.68981311823964" lon="104.0955144881215"><ele>501</ele><time>2025-04-10T13:13:03.000Z</time></trkpt>
<trkpt lat="30.68975515863772" lon="104.0956420515042"><ele>500</ele><time>2025-04-10T13:13:05.000Z</time></trkpt>
<trkpt lat="30.68969077014297" lon="104.0957722653119"><ele>501</ele><time>2025-04-10T13:13:07.000Z</time></trkpt>
<trkpt lat="30.68964169416076" lon="104.0959086286363"><ele>500</ele><time>2025-04-10T13:13:09.000Z</time></trkpt>
<trkpt lat="30.68957729090491" lon="104.0960361198681"><ele>500</ele><time>2025-04-10T13:13:11.000Z</time></trkpt>
<trkpt lat="30.68950583465048" lon="104.0961554851346"><ele>500</ele><time>2025-04-10T13:13:13.000Z</time></trkpt>
<trkpt lat="30.68944438459759" lon="104.0962799915304"><ele>500</ele><time>2025-04-10T13:13:15.000Z</time></trkpt>
<trkpt lat="30.68939273757352" lon="104.0964084359037"><ele>500</ele><time>2025-04-10T13:13:17.000Z</time></trkpt>
<trkpt lat="30.68938056352476" lon="104.0965614234816"><ele>500</ele><time>2025-04-10T13:13:19.000Z</time></trkpt>
<trkpt lat="30.68927389392247" lon="104.0966555988973"><ele>500</ele><time>2025-04-10T13:13:21.000Z</time></trkpt>
<trkpt lat="30.6892141286363" lon="104.0967802992584"><ele>500</ele><time>2025-04-10T13:13:23.000Z</time></trkpt>
<trkpt lat="30.68915268962524" lon="104.0969047142376"><ele>500</ele><time>2025-04-10T13:13:25.000Z</time></trkpt>
<trkpt lat="30.68908089882475" lon="104.0970443310613"><ele>500</ele><time>2025-04-10T13:13:27.000Z</time></trkpt>
<trkpt lat="30.68900750638914" lon="104.0971912849873"><ele>499</ele><time>2025-04-10T13:13:29.000Z</time></trkpt>
<trkpt lat="30.68893230314467" lon="104.0973518315134"><ele>499</ele><time>2025-04-10T13:13:31.000Z</time></trkpt>
<trkpt lat="30.68885997460199" lon="104.0975017105877"><ele>499</ele><time>2025-04-10T13:13:33.000Z</time></trkpt>
<trkpt lat="30.68879043763027" lon="104.0976449071394"><ele>498</ele><time>2025-04-10T13:13:35.000Z</time></trkpt>
<trkpt lat="30.68872237201623" lon="104.0977788156652"><ele>498</ele><time>2025-04-10T13:13:37.000Z</time></trkpt>
<trkpt lat="30.68866022693052" lon="104.0979064523563"><ele>498</ele><time>2025-04-10T13:13:39.000Z</time></trkpt>
<trkpt lat="30.68859725537349" lon="104.0980236068482"><ele>498</ele><time>2025-04-10T13:13:41.000Z</time></trkpt>
<trkpt lat="30.68853574519165" lon="104.0981445074357"><ele>498</ele><time>2025-04-10T13:13:43.000Z</time></trkpt>
<trkpt lat="30.68846583552059" lon="104.0982657760218"><ele>498</ele><time>2025-04-10T13:13:45.000Z</time></trkpt>
<trkpt lat="30.68839610280014" lon="104.0983844320001"><ele>498</ele><time>2025-04-10T13:13:47.000Z</time></trkpt>
<trkpt lat="30.68833009557128" lon="104.0985085533926"><ele>498</ele><time>2025-04-10T13:13:49.000Z</time></trkpt>
<trkpt lat="30.68825506771059" lon="104.0986243714306"><ele>499</ele><time>2025-04-10T13:13:51.000Z</time></trkpt>
<trkpt lat="30.68817145849394" lon="104.0987397527999"><ele>498</ele><time>2025-04-10T13:13:53.000Z</time></trkpt>
<trkpt lat="30.68807436976312" lon="104.0988478437061"><ele>498</ele><time>2025-04-10T13:13:55.000Z</time></trkpt>
<trkpt lat="30.68797643682947" lon="104.0989630581439"><ele>498</ele><time>2025-04-10T13:13:57.000Z</time></trkpt>
<trkpt lat="30.6878635875718" lon="104.0989258273016"><ele>499</ele><time>2025-04-10T13:13:59.000Z</time></trkpt>
<trkpt lat="30.68801194613509" lon="104.0992026618221"><ele>498</ele><time>2025-04-10T13:14:02.000Z</time></trkpt>
<trkpt lat="30.6879600923059" lon="104.0992938623033"><ele>498</ele><time>2025-04-10T13:14:09.000Z</time></trkpt>
<trkpt lat="30.68789298188477" lon="104.0994147007654"><ele>499</ele><time>2025-04-10T13:14:15.000Z</time></trkpt>
<trkpt lat="30.68785621123346" lon="104.0995160976746"><ele>499</ele><time>2025-04-10T13:14:18.000Z</time></trkpt>
<trkpt lat="30.68779455893608" lon="104.099632282778"><ele>499</ele><time>2025-04-10T13:14:21.000Z</time></trkpt>
<trkpt lat="30.68771664425027" lon="104.0997222774863"><ele>498</ele><time>2025-04-10T13:14:24.000Z</time></trkpt>
<trkpt lat="30.68764951321051" lon="104.0998443211869"><ele>498</ele><time>2025-04-10T13:14:27.000Z</time></trkpt>
<trkpt lat="30.68759308911948" lon="104.0999277524642"><ele>498</ele><time>2025-04-10T13:14:29.000Z</time></trkpt>
<trkpt lat="30.68753738213953" lon="104.1000101076398"><ele>498</ele><time>2025-04-10T13:14:31.000Z</time></trkpt>
<trkpt lat="30.6874777586139" lon="104.1000967528015"><ele>498</ele><time>2025-04-10T13:14:33.000Z</time></trkpt>
<trkpt lat="30.68741104031326" lon="104.1001933783125"><ele>497</ele><time>2025-04-10T13:14:35.000Z</time></trkpt>
<trkpt lat="30.68730210399044" lon="104.1002875305521"><ele>499</ele><time>2025-04-10T13:14:37.000Z</time></trkpt>
<trkpt lat="30.6872010101997" lon="104.1003669171756"><ele>498</ele><time>2025-04-10T13:14:39.000Z</time></trkpt>
<trkpt lat="30.68708879155228" lon="104.1004273763893"><ele>498</ele><time>2025-04-10T13:14:41.000Z</time></trkpt>
<trkpt lat="30.68698849961611" lon="104.1005130902334"><ele>498</ele><time>2025-04-10T13:14:43.000Z</time></trkpt>
<trkpt lat="30.68687639869239" lon="104.1005771569767"><ele>498</ele><time>2025-04-10T13:14:45.000Z</time></trkpt>
<trkpt lat="30.68675981829219" lon="104.1006360037029"><ele>498</ele><time>2025-04-10T13:14:47.000Z</time></trkpt>
<trkpt lat="30.68664354423644" lon="104.1006990751174"><ele>498</ele><time>2025-04-10T13:14:49.000Z</time></trkpt>
<trkpt lat="30.6865336902574" lon="104.1007734986484"><ele>498</ele><time>2025-04-10T13:14:51.000Z</time></trkpt>
<trkpt lat="30.6864211095123" lon="104.1008390496665"><ele>498</ele><time>2025-04-10T13:14:53.000Z</time></trkpt>
<trkpt lat="30.68630522679038" lon="104.1008997059196"><ele>497</ele><time>2025-04-10T13:14:55.000Z</time></trkpt>
<trkpt lat="30.68619025904471" lon="104.1009667007288"><ele>497</ele><time>2025-04-10T13:14:57.000Z</time></trkpt>
<trkpt lat="30.68606636525626" lon="104.1010273150378"><ele>497</ele><time>2025-04-10T13:14:59.000Z</time></trkpt>
<trkpt lat="30.68594719324828" lon="104.1010917854186"><ele>497</ele><time>2025-04-10T13:15:01.000Z</time></trkpt>
<trkpt lat="30.68582781330582" lon="104.1011669309398"><ele>497</ele><time>2025-04-10T13:15:03.000Z</time></trkpt>
<trkpt lat="30.68571142347562" lon="104.1012463364917"><ele>497</ele><time>2025-04-10T13:15:05.000Z</time></trkpt>
<trkpt lat="30.68558684552193" lon="104.1013044375252"><ele>497</ele><time>2025-04-10T13:15:07.000Z</time></trkpt>
<trkpt lat="30.68545517246296" lon="104.1013573932389"><ele>498</ele><time>2025-04-10T13:15:09.000Z</time></trkpt>
<trkpt lat="30.68531815691203" lon="104.1013989879855"><ele>498</ele><time>2025-04-10T13:15:11.000Z</time></trkpt>
<trkpt lat="30.6851845185322" lon="104.1014551015597"><ele>498</ele><time>2025-04-10T13:15:13.000Z</time></trkpt>
<trkpt lat="30.68505736001627" lon="104.1015252877263"><ele>498</ele><time>2025-04-10T13:15:15.000Z</time></trkpt>
<trkpt lat="30.68492857194542" lon="104.1015922259875"><ele>498</ele><time>2025-04-10T13:15:17.000Z</time></trkpt>
<trkpt lat="30.68479795210492" lon="104.1016565274522"><ele>498</ele><time>2025-04-10T13:15:19.000Z</time></trkpt>
<trkpt lat="30.68467520255697" lon="104.1017269431923"><ele>498</ele><time>2025-04-10T13:15:21.000Z</time></trkpt>
<trkpt lat="30.68455241989437" lon="104.1017995006062"><ele>498</ele><time>2025-04-10T13:15:23.000Z</time></trkpt>
<trkpt lat="30.6844292187938" lon="104.1018674374877"><ele>498</ele><time>2025-04-10T13:15:25.000Z</time></trkpt>
<trkpt lat="30.68430633006175" lon="104.1019338019599"><ele>498</ele><time>2025-04-10T13:15:27.000Z</time></trkpt>
<trkpt lat="30.68418610214487" lon="104.101996141554"><ele>498</ele><time>2025-04-10T13:15:29.000Z</time></trkpt>
<trkpt lat="30.68406900938814" lon="104.1020599634111"><ele>498</ele><time>2025-04-10T13:15:31.000Z</time></trkpt>
<trkpt lat="30.68395156147487" lon="104.1021255838679"><ele>498</ele><time>2025-04-10T13:15:33.000Z</time></trkpt>
<trkpt lat="30.68383563289816" lon="104.1021821644366"><ele>498</ele><time>2025-04-10T13:15:35.000Z</time></trkpt>
<trkpt lat="30.68372143755434" lon="104.1022533902189"><ele>498</ele><time>2025-04-10T13:15:37.000Z</time></trkpt>
<trkpt lat="30.68360539815764" lon="104.1023157534449"><ele>498</ele><time>2025-04-10T13:15:39.000Z</time></trkpt>
<trkpt lat="30.68348769876751" lon="104.1023801961603"><ele>497</ele><time>2025-04-10T13:15:41.000Z</time></trkpt>
<trkpt lat="30.68337066708003" lon="104.1024470828172"><ele>497</ele><time>2025-04-10T13:15:43.000Z</time></trkpt>
<trkpt lat="30.6832446857324" lon="104.1025080134229"><ele>497</ele><time>2025-04-10T13:15:45.000Z</time></trkpt>
<trkpt lat="30.68312813779369" lon="104.1025707498122"><ele>497</ele><time>2025-04-10T13:15:47.000Z</time></trkpt>
<trkpt lat="30.68301101795266" lon="104.1026396809124"><ele>497</ele><time>2025-04-10T13:15:49.000Z</time></trkpt>
<trkpt lat="30.68289435841266" lon="104.1026885629885"><ele>497</ele><time>2025-04-10T13:15:51.000Z</time></trkpt>
<trkpt lat="30.6827876790022" lon="104.1027482011645"><ele>497</ele><time>2025-04-10T13:15:53.000Z</time></trkpt>
<trkpt lat="30.68268736053368" lon="104.102803576643"><ele>497</ele><time>2025-04-10T13:15:55.000Z</time></trkpt>
<trkpt lat="30.68260393886689" lon="104.1028540824921"><ele>497</ele><time>2025-04-10T13:15:57.000Z</time></trkpt>
<trkpt lat="30.68251008435151" lon="104.1028900597883"><ele>496</ele><time>2025-04-10T13:16:21.000Z</time></trkpt>
<trkpt lat="30.6824318393965" lon="104.1029713968068"><ele>496</ele><time>2025-04-10T13:16:25.000Z</time></trkpt>
<trkpt lat="30.68235006924507" lon="104.1030666838087"><ele>496</ele><time>2025-04-10T13:16:29.000Z</time></trkpt>
<trkpt lat="30.68226125553625" lon="104.1030977837606"><ele>496</ele><time>2025-04-10T13:16:31.000Z</time></trkpt>
<trkpt lat="30.68217840702686" lon="104.1031413656003"><ele>496</ele><time>2025-04-10T13:16:33.000Z</time></trkpt>
<trkpt lat="30.68208129854951" lon="104.1031907754418"><ele>496</ele><time>2025-04-10T13:16:35.000Z</time></trkpt>
<trkpt lat="30.68198105829908" lon="104.1032458681907"><ele>496</ele><time>2025-04-10T13:16:37.000Z</time></trkpt>
<trkpt lat="30.68188066512862" lon="104.10329084441"><ele>496</ele><time>2025-04-10T13:16:39.000Z</time></trkpt>
<trkpt lat="30.68177051702046" lon="104.1033452876508"><ele>496</ele><time>2025-04-10T13:16:41.000Z</time></trkpt>
<trkpt lat="30.68167822946625" lon="104.1034297706992"><ele>496</ele><time>2025-04-10T13:16:43.000Z</time></trkpt>
<trkpt lat="30.6815702930614" lon="104.1034960541196"><ele>495</ele><time>2025-04-10T13:16:45.000Z</time></trkpt>
<trkpt lat="30.68146452024346" lon="104.1035717997377"><ele>495</ele><time>2025-04-10T13:16:47.000Z</time></trkpt>
<trkpt lat="30.68135322211436" lon="104.1036344730286"><ele>495</ele><time>2025-04-10T13:16:49.000Z</time></trkpt>
<trkpt lat="30.6812405546679" lon="104.1036921274086"><ele>495</ele><time>2025-04-10T13:16:51.000Z</time></trkpt>
<trkpt lat="30.68112217783495" lon="104.1037425730037"><ele>495</ele><time>2025-04-10T13:16:53.000Z</time></trkpt>
<trkpt lat="30.68101231966242" lon="104.1038022054253"><ele>495</ele><time>2025-04-10T13:16:55.000Z</time></trkpt>
<trkpt lat="30.68090009806219" lon="104.1038751036493"><ele>495</ele><time>2025-04-10T13:16:57.000Z</time></trkpt>
<trkpt lat="30.68079122061403" lon="104.1039474803997"><ele>495</ele><time>2025-04-10T13:16:59.000Z</time></trkpt>
<trkpt lat="30.68069214687726" lon="104.1040345177187"><ele>496</ele><time>2025-04-10T13:17:01.000Z</time></trkpt>
<trkpt lat="30.68057956562328" lon="104.1040947830319"><ele>496</ele><time>2025-04-10T13:17:03.000Z</time></trkpt>
<trkpt lat="30.68046578213603" lon="104.1041576051075"><ele>496</ele><time>2025-04-10T13:17:05.000Z</time></trkpt>
<trkpt lat="30.68035098136583" lon="104.1042179059337"><ele>497</ele><time>2025-04-10T13:17:07.000Z</time></trkpt>
<trkpt lat="30.68024315139113" lon="104.1042880073194"><ele>497</ele><time>2025-04-10T13:17:09.000Z</time></trkpt>
<trkpt lat="30.68013023726207" lon="104.1043479001918"><ele>497</ele><time>2025-04-10T13:17:11.000Z</time></trkpt>
<trkpt lat="30.68001479509007" lon="104.1044095658004"><ele>496</ele><time>2025-04-10T13:17:13.000Z</time></trkpt>
<trkpt lat="30.67990149049071" lon="104.1044780658753"><ele>496</ele><time>2025-04-10T13:17:15.000Z</time></trkpt>
<trkpt lat="30.67978838226836" lon="104.1045491399605"><ele>496</ele><time>2025-04-10T13:17:17.000Z</time></trkpt>
<trkpt lat="30.67967920997513" lon="104.1046222439028"><ele>496</ele><time>2025-04-10T13:17:19.000Z</time></trkpt>
<trkpt lat="30.67956001496537" lon="104.1046725172023"><ele>496</ele><time>2025-04-10T13:17:21.000Z</time></trkpt>
<trkpt lat="30.67945291361807" lon="104.1047531282619"><ele>496</ele><time>2025-04-10T13:17:23.000Z</time></trkpt>
<trkpt lat="30.67933884016744" lon="104.1048167642896"><ele>496</ele><time>2025-04-10T13:17:25.000Z</time></trkpt>
<trkpt lat="30.67922077474183" lon="104.1048726324345"><ele>496</ele><time>2025-04-10T13:17:27.000Z</time></trkpt>
<trkpt lat="30.67910658297669" lon="104.1049369560608"><ele>496</ele><time>2025-04-10T13:17:29.000Z</time></trkpt>
<trkpt lat="30.67899673251089" lon="104.1050002449477"><ele>496</ele><time>2025-04-10T13:17:31.000Z</time></trkpt>
<trkpt lat="30.67887960574408" lon="104.105062855035"><ele>496</ele><time>2025-04-10T13:17:33.000Z</time></trkpt>
<trkpt lat="30.67876385734668" lon="104.1051274806472"><ele>496</ele><time>2025-04-10T13:17:35.000Z</time></trkpt>
<trkpt lat="30.67864726138675" lon="104.1051939692103"><ele>496</ele><time>2025-04-10T13:17:37.000Z</time></trkpt>
<trkpt lat="30.6785327442178" lon="104.1052639964345"><ele>496</ele><time>2025-04-10T13:17:39.000Z</time></trkpt>
<trkpt lat="30.67840843613205" lon="104.1053218877522"><ele>496</ele><time>2025-04-10T13:17:41.000Z</time></trkpt>
<trkpt lat="30.67829713825246" lon="104.105398471864"><ele>496</ele><time>2025-04-10T13:17:43.000Z</time></trkpt>
<trkpt lat="30.67816639750463" lon="104.105453822246"><ele>496</ele><time>2025-04-10T13:17:45.000Z</time></trkpt>
<trkpt lat="30.67803640868384" lon="104.1055096046666"><ele>495</ele><time>2025-04-10T13:17:47.000Z</time></trkpt>
<trkpt lat="30.67792208313042" lon="104.1056125175787"><ele>496</ele><time>2025-04-10T13:17:49.000Z</time></trkpt>
<trkpt lat="30.67779449253509" lon="104.1056583524208"><ele>495</ele><time>2025-04-10T13:17:51.000Z</time></trkpt>
<trkpt lat="30.67767325274099" lon="104.1057159741154"><ele>496</ele><time>2025-04-10T13:17:53.000Z</time></trkpt>
<trkpt lat="30.67756045068887" lon="104.10576547624"><ele>495</ele><time>2025-04-10T13:17:55.000Z</time></trkpt>
<trkpt lat="30.67746750157279" lon="104.1058239470923"><ele>496</ele><time>2025-04-10T13:17:57.000Z</time></trkpt>
<trkpt lat="30.67736377499972" lon="104.1058695897127"><ele>495</ele><time>2025-04-10T13:18:00.000Z</time></trkpt>
<trkpt lat="30.67727684006441" lon="104.1059078425792"><ele>495</ele><time>2025-04-10T13:18:02.000Z</time></trkpt>
<trkpt lat="30.67718028672752" lon="104.1059480603827"><ele>495</ele><time>2025-04-10T13:18:04.000Z</time></trkpt>
<trkpt lat="30.67707713881573" lon="104.1059911950456"><ele>495</ele><time>2025-04-10T13:18:06.000Z</time></trkpt>
<trkpt lat="30.67695415425383" lon="104.1060574884276"><ele>496</ele><time>2025-04-10T13:18:08.000Z</time></trkpt>
<trkpt lat="30.67684069545492" lon="104.1061345404091"><ele>496</ele><time>2025-04-10T13:18:10.000Z</time></trkpt>
<trkpt lat="30.67669403206432" lon="104.1061808804027"><ele>496</ele><time>2025-04-10T13:18:12.000Z</time></trkpt>
<trkpt lat="30.67656184937369" lon="104.1062269424005"><ele>496</ele><time>2025-04-10T13:18:14.000Z</time></trkpt>
<trkpt lat="30.67643609167154" lon="104.1062726152106"><ele>496</ele><time>2025-04-10T13:18:16.000Z</time></trkpt>
<trkpt lat="30.67629924809754" lon="104.1062992279728"><ele>496</ele><time>2025-04-10T13:18:18.000Z</time></trkpt>
<trkpt lat="30.67616726289358" lon="104.1063495610869"><ele>496</ele><time>2025-04-10T13:18:20.000Z</time></trkpt>
<trkpt lat="30.6760295539285" lon="104.1063779289146"><ele>496</ele><time>2025-04-10T13:18:22.000Z</time></trkpt>
<trkpt lat="30.67588124489635" lon="104.1063975852984"><ele>496</ele><time>2025-04-10T13:18:24.000Z</time></trkpt>
<trkpt lat="30.67574093619137" lon="104.1064358563975"><ele>496</ele><time>2025-04-10T13:18:26.000Z</time></trkpt>
<trkpt lat="30.67560475213347" lon="104.1064925688891"><ele>496</ele><time>2025-04-10T13:18:28.000Z</time></trkpt>
<trkpt lat="30.67547504207351" lon="104.1065463074665"><ele>497</ele><time>2025-04-10T13:18:30.000Z</time></trkpt>
<trkpt lat="30.67534878725714" lon="104.1066000947742"><ele>497</ele><time>2025-04-10T13:18:32.000Z</time></trkpt>
<trkpt lat="30.6752103160661" lon="104.1066269384226"><ele>496</ele><time>2025-04-10T13:18:34.000Z</time></trkpt>
<trkpt lat="30.67508311821917" lon="104.1067110698834"><ele>497</ele><time>2025-04-10T13:18:36.000Z</time></trkpt>
<trkpt lat="30.67501748207097" lon="104.1067829257689"><ele>496</ele><time>2025-04-10T13:18:37.000Z</time></trkpt>
<trkpt lat="30.67486844286468" lon="104.106815996181"><ele>497</ele><time>2025-04-10T13:18:39.000Z</time></trkpt>
<trkpt lat="30.67473023997153" lon="104.1068906774952"><ele>497</ele><time>2025-04-10T13:18:41.000Z</time></trkpt>
<trkpt lat="30.67459529659793" lon="104.1069695647892"><ele>497</ele><time>2025-04-10T13:18:43.000Z</time></trkpt>
<trkpt lat="30.67445462256398" lon="104.1070206799099"><ele>497</ele><time>2025-04-10T13:18:45.000Z</time></trkpt>
<trkpt lat="30.67432622623248" lon="104.1070767660307"><ele>497</ele><time>2025-04-10T13:18:47.000Z</time></trkpt>
<trkpt lat="30.674192838383" lon="104.1071411313264"><ele>498</ele><time>2025-04-10T13:18:49.000Z</time></trkpt>
<trkpt lat="30.67407069652082" lon="104.1071912176716"><ele>498</ele><time>2025-04-10T13:18:51.000Z</time></trkpt>
<trkpt lat="30.67399972630251" lon="104.1072910867318"><ele>498</ele><time>2025-04-10T13:18:53.000Z</time></trkpt>
<trkpt lat="30.67388458775585" lon="104.1073167243075"><ele>498</ele><time>2025-04-10T13:18:55.000Z</time></trkpt>
<trkpt lat="30.67376133788713" lon="104.1073510943359"><ele>497</ele><time>2025-04-10T13:18:57.000Z</time></trkpt>
<trkpt lat="30.67364378497101" lon="104.1073801449692"><ele>498</ele><time>2025-04-10T13:18:59.000Z</time></trkpt>
<trkpt lat="30.67354296547912" lon="104.1074154642557"><ele>497</ele><time>2025-04-10T13:19:01.000Z</time></trkpt>
<trkpt lat="30.67345745192722" lon="104.1074562050952"><ele>497</ele><time>2025-04-10T13:20:18.000Z</time></trkpt>
<trkpt lat="30.67335484127723" lon="104.1074982046324"><ele>497</ele><time>2025-04-10T13:20:21.000Z</time></trkpt>
<trkpt lat="30.67326964870301" lon="104.1075334305913"><ele>497</ele><time>2025-04-10T13:20:23.000Z</time></trkpt>
<trkpt lat="30.67313625062245" lon="104.107568927858"><ele>497</ele><time>2025-04-10T13:20:26.000Z</time></trkpt>
<trkpt lat="30.67304312159181" lon="104.1076351755226"><ele>497</ele><time>2025-04-10T13:20:28.000Z</time></trkpt>
<trkpt lat="30.6729353228349" lon="104.1076964495262"><ele>499</ele><time>2025-04-10T13:20:30.000Z</time></trkpt>
<trkpt lat="30.67281387082583" lon="104.1077473727297"><ele>498</ele><time>2025-04-10T13:20:32.000Z</time></trkpt>
<trkpt lat="30.67267888141136" lon="104.1078010153033"><ele>497</ele><time>2025-04-10T13:20:34.000Z</time></trkpt>
<trkpt lat="30.67254870241043" lon="104.1078518052411"><ele>497</ele><time>2025-04-10T13:20:36.000Z</time></trkpt>
<trkpt lat="30.6724209017252" lon="104.1079001501483"><ele>497</ele><time>2025-04-10T13:20:38.000Z</time></trkpt>
<trkpt lat="30.67228069206377" lon="104.1079560929529"><ele>497</ele><time>2025-04-10T13:20:40.000Z</time></trkpt>
<trkpt lat="30.67215260310402" lon="104.1079782992158"><ele>498</ele><time>2025-04-10T13:20:42.000Z</time></trkpt>
<trkpt lat="30.67203660658321" lon="104.108026054834"><ele>497</ele><time>2025-04-10T13:20:44.000Z</time></trkpt>
<trkpt lat="30.67189862430827" lon="104.108073836991"><ele>497</ele><time>2025-04-10T13:20:46.000Z</time></trkpt>
<trkpt lat="30.67177892804751" lon="104.1081389815513"><ele>497</ele><time>2025-04-10T13:20:48.000Z</time></trkpt>
<trkpt lat="30.67165817580364" lon="104.108200086366"><ele>498</ele><time>2025-04-10T13:20:50.000Z</time></trkpt>
<trkpt lat="30.67152811724548" lon="104.1082466914135"><ele>498</ele><time>2025-04-10T13:20:52.000Z</time></trkpt>
<trkpt lat="30.67140292355825" lon="104.1083157872461"><ele>498</ele><time>2025-04-10T13:20:54.000Z</time></trkpt>
<trkpt lat="30.67128703094946" lon="104.1083842582394"><ele>498</ele><time>2025-04-10T13:20:56.000Z</time></trkpt>
<trkpt lat="30.6711726598712" lon="104.1084213236997"><ele>498</ele><time>2025-04-10T13:20:58.000Z</time></trkpt>
<trkpt lat="30.67105364005734" lon="104.1084679584328"><ele>498</ele><time>2025-04-10T13:21:00.000Z</time></trkpt>
<trkpt lat="30.67092837474329" lon="104.108522751455"><ele>498</ele><time>2025-04-10T13:21:02.000Z</time></trkpt>
<trkpt lat="30.67079384927086" lon="104.1085461255927"><ele>498</ele><time>2025-04-10T13:21:04.000Z</time></trkpt>
<trkpt lat="30.67067675430226" lon="104.1085980626088"><ele>498</ele><time>2025-04-10T13:21:06.000Z</time></trkpt>
<trkpt lat="30.67055377294067" lon="104.1086484152111"><ele>498</ele><time>2025-04-10T13:21:08.000Z</time></trkpt>
<trkpt lat="30.67042656424855" lon="104.1086891868936"><ele>498</ele><time>2025-04-10T13:21:10.000Z</time></trkpt>
<trkpt lat="30.67029903693553" lon="104.1087396755854"><ele>498</ele><time>2025-04-10T13:21:12.000Z</time></trkpt>
<trkpt lat="30.6701728223698" lon="104.1087936220251"><ele>499</ele><time>2025-04-10T13:21:14.000Z</time></trkpt>
<trkpt lat="30.67004573703004" lon="104.1088438663768"><ele>499</ele><time>2025-04-10T13:21:16.000Z</time></trkpt>
<trkpt lat="30.66992169920442" lon="104.1088892265513"><ele>499</ele><time>2025-04-10T13:21:18.000Z</time></trkpt>
<trkpt lat="30.66979383133432" lon="104.1089306366126"><ele>499</ele><time>2025-04-10T13:21:20.000Z</time></trkpt>
<trkpt lat="30.66967196835874" lon="104.108972110096"><ele>499</ele><time>2025-04-10T13:21:22.000Z</time></trkpt>
<trkpt lat="30.66955049138056" lon="104.1090201016657"><ele>500</ele><time>2025-04-10T13:21:24.000Z</time></trkpt>
<trkpt lat="30.66943444240358" lon="104.1090787847875"><ele>500</ele><time>2025-04-10T13:21:26.000Z</time></trkpt>
<trkpt lat="30.66933444925438" lon="104.1091186736171"><ele>500</ele><time>2025-04-10T13:21:28.000Z</time></trkpt>
<trkpt lat="30.66924429248926" lon="104.1091470284145"><ele>500</ele><time>2025-04-10T13:21:42.000Z</time></trkpt>
<trkpt lat="30.66915534852705" lon="104.1092166378656"><ele>500</ele><time>2025-04-10T13:21:45.000Z</time></trkpt>
<trkpt lat="30.66907060124078" lon="104.1092542585546"><ele>501</ele><time>2025-04-10T13:21:47.000Z</time></trkpt>
<trkpt lat="30.66897130540895" lon="104.1092759307831"><ele>500</ele><time>2025-04-10T13:21:49.000Z</time></trkpt>
<trkpt lat="30.6688689220429" lon="104.1093129455934"><ele>501</ele><time>2025-04-10T13:21:51.000Z</time></trkpt>
<trkpt lat="30.66875633019546" lon="104.1093342801989"><ele>500</ele><time>2025-04-10T13:21:53.000Z</time></trkpt>
<trkpt lat="30.66864300619704" lon="104.1093623840014"><ele>501</ele><time>2025-04-10T13:21:55.000Z</time></trkpt>
<trkpt lat="30.66852664516476" lon="104.1094239203871"><ele>501</ele><time>2025-04-10T13:21:57.000Z</time></trkpt>
<trkpt lat="30.66841110547479" lon="104.1094711662744"><ele>501</ele><time>2025-04-10T13:21:59.000Z</time></trkpt>
<trkpt lat="30.66829257684587" lon="104.1095269118624"><ele>501</ele><time>2025-04-10T13:22:01.000Z</time></trkpt>
<trkpt lat="30.66816959056298" lon="104.109585343733"><ele>502</ele><time>2025-04-10T13:22:03.000Z</time></trkpt>
<trkpt lat="30.66806229649582" lon="104.1096444126761"><ele>502</ele><time>2025-04-10T13:22:05.000Z</time></trkpt>
<trkpt lat="30.6679350962083" lon="104.1096612843692"><ele>502</ele><time>2025-04-10T13:22:07.000Z</time></trkpt>
<trkpt lat="30.6678041405884" lon="104.1097090847331"><ele>502</ele><time>2025-04-10T13:22:09.000Z</time></trkpt>
<trkpt lat="30.66767418444568" lon="104.1097605423576"><ele>501</ele><time>2025-04-10T13:22:11.000Z</time></trkpt>
<trkpt lat="30.66754986453934" lon="104.1098068893958"><ele>502</ele><time>2025-04-10T13:22:13.000Z</time></trkpt>
<trkpt lat="30.66742735731361" lon="104.1098661989324"><ele>502</ele><time>2025-04-10T13:22:15.000Z</time></trkpt>
<trkpt lat="30.66728235575551" lon="104.1098734040663"><ele>502</ele><time>2025-04-10T13:22:17.000Z</time></trkpt>
<trkpt lat="30.66715397275282" lon="104.1099347933759"><ele>502</ele><time>2025-04-10T13:22:19.000Z</time></trkpt>
<trkpt lat="30.66703396168868" lon="104.109991935735"><ele>502</ele><time>2025-04-10T13:22:21.000Z</time></trkpt>
<trkpt lat="30.66690286522313" lon="104.1100395893866"><ele>502</ele><time>2025-04-10T13:22:23.000Z</time></trkpt>
<trkpt lat="30.66677763433036" lon="104.1100842589529"><ele>502</ele><time>2025-04-10T13:22:25.000Z</time></trkpt>
<trkpt lat="30.6666478577583" lon="104.1101344483098"><ele>502</ele><time>2025-04-10T13:22:27.000Z</time></trkpt>
<trkpt lat="30.66655212372804" lon="104.1101931878222"><ele>502</ele><time>2025-04-10T13:22:29.000Z</time></trkpt>
<trkpt lat="30.66647075628651" lon="104.1102604466277"><ele>501</ele><time>2025-04-10T13:22:33.000Z</time></trkpt>
<trkpt lat="30.66637102060466" lon="104.1102880187076"><ele>501</ele><time>2025-04-10T13:22:35.000Z</time></trkpt>
<trkpt lat="30.66626532305773" lon="104.1103266957715"><ele>501</ele><time>2025-04-10T13:22:37.000Z</time></trkpt>
<trkpt lat="30.66616683088563" lon="104.1103633652027"><ele>501</ele><time>2025-04-10T13:22:39.000Z</time></trkpt>
<trkpt lat="30.66605254923189" lon="104.1103799216356"><ele>501</ele><time>2025-04-10T13:22:41.000Z</time></trkpt>
<trkpt lat="30.66593925348617" lon="104.110414977287"><ele>502</ele><time>2025-04-10T13:22:43.000Z</time></trkpt>
<trkpt lat="30.66582965227516" lon="104.1104613644889"><ele>501</ele><time>2025-04-10T13:22:45.000Z</time></trkpt>
<trkpt lat="30.66571764763838" lon="104.1104975523772"><ele>501</ele><time>2025-04-10T13:22:47.000Z</time></trkpt>
<trkpt lat="30.66560716525315" lon="104.1105268306635"><ele>501</ele><time>2025-04-10T13:22:49.000Z</time></trkpt>
<trkpt lat="30.66549133094716" lon="104.1105702718875"><ele>501</ele><time>2025-04-10T13:22:51.000Z</time></trkpt>
<trkpt lat="30.66537535493092" lon="104.1106079806486"><ele>501</ele><time>2025-04-10T13:22:53.000Z</time></trkpt>
<trkpt lat="30.66526720230931" lon="104.110655885334"><ele>501</ele><time>2025-04-10T13:22:55.000Z</time></trkpt>
<trkpt lat="30.66515829310163" lon="104.1106942775202"><ele>502</ele><time>2025-04-10T13:22:57.000Z</time></trkpt>
<trkpt lat="30.66505197662959" lon="104.1107374521436"><ele>502</ele><time>2025-04-10T13:22:59.000Z</time></trkpt>
<trkpt lat="30.66495173145928" lon="104.1107866011496"><ele>502</ele><time>2025-04-10T13:23:01.000Z</time></trkpt>
<trkpt lat="30.66484146851722" lon="104.1108377598868"><ele>502</ele><time>2025-04-10T13:23:03.000Z</time></trkpt>
<trkpt lat="30.66473643771245" lon="104.1108960629484"><ele>502</ele><time>2025-04-10T13:23:05.000Z</time></trkpt>
<trkpt lat="30.66462250696672" lon="104.1109555669943"><ele>501</ele><time>2025-04-10T13:23:07.000Z</time></trkpt>
<trkpt lat="30.66450559031275" lon="104.1109927645626"><ele>502</ele><time>2025-04-10T13:23:09.000Z</time></trkpt>
<trkpt lat="30.66438227354913" lon="104.1110382955143"><ele>502</ele><time>2025-04-10T13:23:11.000Z</time></trkpt>
<trkpt lat="30.66426114046025" lon="104.1110845961616"><ele>502</ele><time>2025-04-10T13:23:13.000Z</time></trkpt>
<trkpt lat="30.66414035250542" lon="104.1111338992992"><ele>502</ele><time>2025-04-10T13:23:15.000Z</time></trkpt>
<trkpt lat="30.66401772012233" lon="104.1111715629498"><ele>502</ele><time>2025-04-10T13:23:17.000Z</time></trkpt>
<trkpt lat="30.66389054591234" lon="104.1111891208095"><ele>502</ele><time>2025-04-10T13:23:19.000Z</time></trkpt>
<trkpt lat="30.66376621738684" lon="104.1112136045426"><ele>501</ele><time>2025-04-10T13:23:21.000Z</time></trkpt>
<trkpt lat="30.66364528104574" lon="104.111259185229"><ele>502</ele><time>2025-04-10T13:23:23.000Z</time></trkpt>
<trkpt lat="30.66352747970076" lon="104.1113179388348"><ele>501</ele><time>2025-04-10T13:23:25.000Z</time></trkpt>
<trkpt lat="30.66342166976398" lon="104.1113980588781"><ele>501</ele><time>2025-04-10T13:23:27.000Z</time></trkpt>
<trkpt lat="30.66332016497215" lon="104.1114746767749"><ele>502</ele><time>2025-04-10T13:23:29.000Z</time></trkpt>
<trkpt lat="30.66320289568052" lon="104.1115161124905"><ele>502</ele><time>2025-04-10T13:23:31.000Z</time></trkpt>
<trkpt lat="30.66308689024679" lon="104.1115708740408"><ele>502</ele><time>2025-04-10T13:23:33.000Z</time></trkpt>
<trkpt lat="30.66297326605257" lon="104.1116590768432"><ele>502</ele><time>2025-04-10T13:23:35.000Z</time></trkpt>
<trkpt lat="30.66284750297465" lon="104.1117001966557"><ele>502</ele><time>2025-04-10T13:23:37.000Z</time></trkpt>
<trkpt lat="30.66272406654829" lon="104.111740324928"><ele>502</ele><time>2025-04-10T13:23:39.000Z</time></trkpt>
<trkpt lat="30.66260612655429" lon="104.1117953026065"><ele>502</ele><time>2025-04-10T13:23:41.000Z</time></trkpt>
<trkpt lat="30.66247991446719" lon="104.1118407440195"><ele>503</ele><time>2025-04-10T13:23:43.000Z</time></trkpt>
<trkpt lat="30.66235048089033" lon="104.1118897717236"><ele>504</ele><time>2025-04-10T13:23:45.000Z</time></trkpt>
<trkpt lat="30.66223440072439" lon="104.1119777842092"><ele>504</ele><time>2025-04-10T13:23:47.000Z</time></trkpt>
<trkpt lat="30.66210613337748" lon="104.1120354249236"><ele>504</ele><time>2025-04-10T13:23:49.000Z</time></trkpt>
<trkpt lat="30.66197267220685" lon="104.1120813265021"><ele>504</ele><time>2025-04-10T13:23:51.000Z</time></trkpt>
<trkpt lat="30.66183755567444" lon="104.1121267049609"><ele>505</ele><time>2025-04-10T13:23:53.000Z</time></trkpt>
<trkpt lat="30.66170156710405" lon="104.1121289599812"><ele>505</ele><time>2025-04-10T13:23:55.000Z</time></trkpt>
<trkpt lat="30.66156564013851" lon="104.1121567255853"><ele>505</ele><time>2025-04-10T13:23:57.000Z</time></trkpt>
<trkpt lat="30.66143773772672" lon="104.1122310178304"><ele>504</ele><time>2025-04-10T13:23:59.000Z</time></trkpt>
<trkpt lat="30.66129117755364" lon="104.1122541917575"><ele>504</ele><time>2025-04-10T13:24:01.000Z</time></trkpt>
<trkpt lat="30.66113927416837" lon="104.1122642871384"><ele>504</ele><time>2025-04-10T13:24:03.000Z</time></trkpt>
<trkpt lat="30.66098046460881" lon="104.1122928489317"><ele>504</ele><time>2025-04-10T13:24:05.000Z</time></trkpt>
<trkpt lat="30.66082415431201" lon="104.1122789542968"><ele>504</ele><time>2025-04-10T13:24:07.000Z</time></trkpt>
<trkpt lat="30.66066031678291" lon="104.1122581953609"><ele>504</ele><time>2025-04-10T13:24:09.000Z</time></trkpt>
<trkpt lat="30.66049767903812" lon="104.1122657085001"><ele>504</ele><time>2025-04-10T13:24:11.000Z</time></trkpt>
<trkpt lat="30.66033027113302" lon="104.1122782305392"><ele>504</ele><time>2025-04-10T13:24:13.000Z</time></trkpt>
<trkpt lat="30.66016890966339" lon="104.1122818624993"><ele>504</ele><time>2025-04-10T13:24:15.000Z</time></trkpt>
<trkpt lat="30.6600128341535" lon="104.11228361904"><ele>504</ele><time>2025-04-10T13:24:17.000Z</time></trkpt>
<trkpt lat="30.65986129962059" lon="104.1122742798152"><ele>504</ele><time>2025-04-10T13:24:19.000Z</time></trkpt>
<trkpt lat="30.65972189885577" lon="104.1122534171037"><ele>504</ele><time>2025-04-10T13:24:21.000Z</time></trkpt>
<trkpt lat="30.65958629954388" lon="104.1122424482548"><ele>503</ele><time>2025-04-10T13:24:23.000Z</time></trkpt>
<trkpt lat="30.6594469914362" lon="104.1122276257777"><ele>503</ele><time>2025-04-10T13:24:25.000Z</time></trkpt>
<trkpt lat="30.65931784976079" lon="104.1122589756861"><ele>504</ele><time>2025-04-10T13:24:27.000Z</time></trkpt>
<trkpt lat="30.65918184037237" lon="104.112274169478"><ele>503</ele><time>2025-04-10T13:24:29.000Z</time></trkpt>
<trkpt lat="30.65903406997703" lon="104.1122806633461"><ele>503</ele><time>2025-04-10T13:24:31.000Z</time></trkpt>
<trkpt lat="30.65888577056466" lon="104.1122586811769"><ele>503</ele><time>2025-04-10T13:24:33.000Z</time></trkpt>
<trkpt lat="30.65873468401173" lon="104.1122591944521"><ele>503</ele><time>2025-04-10T13:24:35.000Z</time></trkpt>
<trkpt lat="30.65858920795378" lon="104.1122661761807"><ele>503</ele><time>2025-04-10T13:24:37.000Z</time></trkpt>
<trkpt lat="30.65843515688131" lon="104.112262375511"><ele>503</ele><time>2025-04-10T13:24:39.000Z</time></trkpt>
<trkpt lat="30.65828203471574" lon="104.112259901104"><ele>503</ele><time>2025-04-10T13:24:41.000Z</time></trkpt>
<trkpt lat="30.6581298839102" lon="104.1122576985241"><ele>503</ele><time>2025-04-10T13:24:43.000Z</time></trkpt>
<trkpt lat="30.65799363315088" lon="104.1122553254259"><ele>503</ele><time>2025-04-10T13:24:45.000Z</time></trkpt>
<trkpt lat="30.65785138303686" lon="104.1122407566818"><ele>503</ele><time>2025-04-10T13:24:47.000Z</time></trkpt>
<trkpt lat="30.65770606001779" lon="104.1122310533385"><ele>503</ele><time>2025-04-10T13:24:49.000Z</time></trkpt>
<trkpt lat="30.65756067644227" lon="104.1122287201205"><ele>503</ele><time>2025-04-10T13:24:51.000Z</time></trkpt>
<trkpt lat="30.65740398974626" lon="104.1122098971077"><ele>502</ele><time>2025-04-10T13:24:53.000Z</time></trkpt>
<trkpt lat="30.65724753539019" lon="104.1122017545102"><ele>502</ele><time>2025-04-10T13:24:55.000Z</time></trkpt>
<trkpt lat="30.65710054140889" lon="104.1122373715813"><ele>502</ele><time>2025-04-10T13:24:57.000Z</time></trkpt>
<trkpt lat="30.65695043223504" lon="104.1122307746997"><ele>503</ele><time>2025-04-10T13:24:59.000Z</time></trkpt>
<trkpt lat="30.65679908519944" lon="104.1122238559309"><ele>503</ele><time>2025-04-10T13:25:01.000Z</time></trkpt>
<trkpt lat="30.65664387764779" lon="104.1122307951177"><ele>503</ele><time>2025-04-10T13:25:03.000Z</time></trkpt>
<trkpt lat="30.65646996407346" lon="104.1122385360525"><ele>503</ele><time>2025-04-10T13:25:05.000Z</time></trkpt>
<trkpt lat="30.65631340925371" lon="104.1122250402199"><ele>502</ele><time>2025-04-10T13:25:07.000Z</time></trkpt>
<trkpt lat="30.6561514756533" lon="104.1122503349671"><ele>502</ele><time>2025-04-10T13:25:09.000Z</time></trkpt>
<trkpt lat="30.65598643040247" lon="104.1122449098867"><ele>502</ele><time>2025-04-10T13:25:11.000Z</time></trkpt>
<trkpt lat="30.65584190949734" lon="104.1122027042061"><ele>502</ele><time>2025-04-10T13:25:13.000Z</time></trkpt>
<trkpt lat="30.65568151439063" lon="104.1122136539432"><ele>502</ele><time>2025-04-10T13:25:15.000Z</time></trkpt>
<trkpt lat="30.65553744885984" lon="104.112214808797"><ele>502</ele><time>2025-04-10T13:25:17.000Z</time></trkpt>
<trkpt lat="30.65539137922732" lon="104.1121914064293"><ele>503</ele><time>2025-04-10T13:25:19.000Z</time></trkpt>
<trkpt lat="30.6552362567348" lon="104.1122071599491"><ele>503</ele><time>2025-04-10T13:25:21.000Z</time></trkpt>
<trkpt lat="30.65509627922111" lon="104.1122203505149"><ele>503</ele><time>2025-04-10T13:25:23.000Z</time></trkpt>
<trkpt lat="30.65493163735081" lon="104.1122209726236"><ele>503</ele><time>2025-04-10T13:25:25.000Z</time></trkpt>
<trkpt lat="30.65477203392114" lon="104.1122205478392"><ele>503</ele><time>2025-04-10T13:25:27.000Z</time></trkpt>
<trkpt lat="30.65461530261812" lon="104.1122074061036"><ele>503</ele><time>2025-04-10T13:25:29.000Z</time></trkpt>
<trkpt lat="30.65447703093386" lon="104.1122130453408"><ele>503</ele><time>2025-04-10T13:25:31.000Z</time></trkpt>
<trkpt lat="30.65434178387075" lon="104.1121844801849"><ele>503</ele><time>2025-04-10T13:25:33.000Z</time></trkpt>
<trkpt lat="30.65417975030165" lon="104.1121450177227"><ele>503</ele><time>2025-04-10T13:25:35.000Z</time></trkpt>
<trkpt lat="30.65403571323564" lon="104.1121417908859"><ele>503</ele><time>2025-04-10T13:25:37.000Z</time></trkpt>
<trkpt lat="30.65388269417338" lon="104.1120800794641"><ele>502</ele><time>2025-04-10T13:25:39.000Z</time></trkpt>
<trkpt lat="30.65373794644317" lon="104.1120389482714"><ele>502</ele><time>2025-04-10T13:25:41.000Z</time></trkpt>
<trkpt lat="30.65360626172618" lon="104.11200569543"><ele>502</ele><time>2025-04-10T13:25:43.000Z</time></trkpt>
<trkpt lat="30.65347686742628" lon="104.112047243702"><ele>501</ele><time>2025-04-10T13:25:45.000Z</time></trkpt>
<trkpt lat="30.65336016466123" lon="104.1120067576264"><ele>501</ele><time>2025-04-10T13:25:47.000Z</time></trkpt>
<trkpt lat="30.65322488117678" lon="104.1119544641754"><ele>500</ele><time>2025-04-10T13:25:49.000Z</time></trkpt>
<trkpt lat="30.65313532214843" lon="104.111896959923"><ele>499</ele><time>2025-04-10T13:25:51.000Z</time></trkpt>
<trkpt lat="30.65300771907732" lon="104.1118900739365"><ele>500</ele><time>2025-04-10T13:25:54.000Z</time></trkpt>
<trkpt lat="30.65290075644595" lon="104.1118532192927"><ele>500</ele><time>2025-04-10T13:25:56.000Z</time></trkpt>
<trkpt lat="30.65278432839378" lon="104.1117639545978"><ele>499</ele><time>2025-04-10T13:25:57.000Z</time></trkpt>
<trkpt lat="30.65264420329373" lon="104.1116560231888"><ele>499</ele><time>2025-04-10T13:25:59.000Z</time></trkpt>
<trkpt lat="30.65251125003926" lon="104.111566049864"><ele>499</ele><time>2025-04-10T13:26:01.000Z</time></trkpt>
<trkpt lat="30.65240527759607" lon="104.1115373518489"><ele>499</ele><time>2025-04-10T13:26:02.000Z</time></trkpt>
<trkpt lat="30.65232008116121" lon="104.1114872450969"><ele>499</ele><time>2025-04-10T13:26:03.000Z</time></trkpt>
<trkpt lat="30.65216537591641" lon="104.1114028643122"><ele>499</ele><time>2025-04-10T13:26:05.000Z</time></trkpt>
<trkpt lat="30.65201496663017" lon="104.1112999348658"><ele>499</ele><time>2025-04-10T13:26:07.000Z</time></trkpt>
<trkpt lat="30.65192586929327" lon="104.1112469108748"><ele>499</ele><time>2025-04-10T13:26:08.000Z</time></trkpt>
<trkpt lat="30.65184781643207" lon="104.1111886287847"><ele>499</ele><time>2025-04-10T13:26:09.000Z</time></trkpt>
<trkpt lat="30.65171972447375" lon="104.1110969708568"><ele>499</ele><time>2025-04-10T13:26:11.000Z</time></trkpt>
<trkpt lat="30.65158414417933" lon="104.1109918316629"><ele>499</ele><time>2025-04-10T13:26:13.000Z</time></trkpt>
<trkpt lat="30.65143798262203" lon="104.1108774932759"><ele>499</ele><time>2025-04-10T13:26:15.000Z</time></trkpt>
<trkpt lat="30.65129493603187" lon="104.1107645936922"><ele>499</ele><time>2025-04-10T13:26:17.000Z</time></trkpt>
<trkpt lat="30.65115914482837" lon="104.1106612937433"><ele>499</ele><time>2025-04-10T13:26:19.000Z</time></trkpt>
<trkpt lat="30.65102680384466" lon="104.1105730346543"><ele>499</ele><time>2025-04-10T13:26:21.000Z</time></trkpt>
<trkpt lat="30.65089344118099" lon="104.1104927046687"><ele>499</ele><time>2025-04-10T13:26:23.000Z</time></trkpt>
<trkpt lat="30.65076374158491" lon="104.1104193931171"><ele>498</ele><time>2025-04-10T13:26:25.000Z</time></trkpt>
<trkpt lat="30.65063500288316" lon="104.1103571047578"><ele>498</ele><time>2025-04-10T13:26:27.000Z</time></trkpt>
<trkpt lat="30.65050511060669" lon="104.1102722051584"><ele>498</ele><time>2025-04-10T13:26:29.000Z</time></trkpt>
<trkpt lat="30.65037453482136" lon="104.1101783206864"><ele>498</ele><time>2025-04-10T13:26:31.000Z</time></trkpt>
<trkpt lat="30.65024792748905" lon="104.110102420112"><ele>497</ele><time>2025-04-10T13:26:33.000Z</time></trkpt>
<trkpt lat="30.65012853899581" lon="104.1100314714773"><ele>497</ele><time>2025-04-10T13:26:35.000Z</time></trkpt>
<trkpt lat="30.65004077523819" lon="104.1099716467294"><ele>497</ele><time>2025-04-10T13:26:38.000Z</time></trkpt>
<trkpt lat="30.64995076073086" lon="104.1099046527806"><ele>497</ele><time>2025-04-10T13:26:49.000Z</time></trkpt>
<trkpt lat="30.64986706302481" lon="104.1098403178889"><ele>497</ele><time>2025-04-10T13:26:51.000Z</time></trkpt>
<trkpt lat="30.64978272226313" lon="104.109767346434"><ele>498</ele><time>2025-04-10T13:26:53.000Z</time></trkpt>
<trkpt lat="30.64967727972715" lon="104.1097103144492"><ele>498</ele><time>2025-04-10T13:26:55.000Z</time></trkpt>
<trkpt lat="30.64956265780712" lon="104.1096584560568"><ele>498</ele><time>2025-04-10T13:26:57.000Z</time></trkpt>
<trkpt lat="30.64945294388928" lon="104.1095907601972"><ele>498</ele><time>2025-04-10T13:26:59.000Z</time></trkpt>
<trkpt lat="30.64933031130049" lon="104.1095202508123"><ele>498</ele><time>2025-04-10T13:27:01.000Z</time></trkpt>
<trkpt lat="30.6492040625274" lon="104.1094611520921"><ele>498</ele><time>2025-04-10T13:27:03.000Z</time></trkpt>
<trkpt lat="30.64907659719109" lon="104.1094095659463"><ele>498</ele><time>2025-04-10T13:27:05.000Z</time></trkpt>
<trkpt lat="30.64894310808971" lon="104.1093529957921"><ele>498</ele><time>2025-04-10T13:27:07.000Z</time></trkpt>
<trkpt lat="30.64881464895865" lon="104.1092880501185"><ele>499</ele><time>2025-04-10T13:27:09.000Z</time></trkpt>
<trkpt lat="30.64869339959825" lon="104.109200694583"><ele>499</ele><time>2025-04-10T13:27:11.000Z</time></trkpt>
<trkpt lat="30.64856813529029" lon="104.1091121837328"><ele>499</ele><time>2025-04-10T13:27:13.000Z</time></trkpt>
<trkpt lat="30.64844717597988" lon="104.1090302135462"><ele>499</ele><time>2025-04-10T13:27:15.000Z</time></trkpt>
<trkpt lat="30.64831916660855" lon="104.1089598691224"><ele>499</ele><time>2025-04-10T13:27:17.000Z</time></trkpt>
<trkpt lat="30.6481990852667" lon="104.1088868845549"><ele>500</ele><time>2025-04-10T13:27:19.000Z</time></trkpt>
<trkpt lat="30.64807944194204" lon="104.1088154818783"><ele>500</ele><time>2025-04-10T13:27:21.000Z</time></trkpt>
<trkpt lat="30.64796362722377" lon="104.1087354230158"><ele>500</ele><time>2025-04-10T13:27:23.000Z</time></trkpt>
<trkpt lat="30.64784181361498" lon="104.1086677921038"><ele>500</ele><time>2025-04-10T13:27:25.000Z</time></trkpt>
<trkpt lat="30.6477235457989" lon="104.1086130463199"><ele>500</ele><time>2025-04-10T13:27:27.000Z</time></trkpt>
<trkpt lat="30.64760772009258" lon="104.1085437572377"><ele>500</ele><time>2025-04-10T13:27:29.000Z</time></trkpt>
<trkpt lat="30.64749095142245" lon="104.1084533573479"><ele>500</ele><time>2025-04-10T13:27:31.000Z</time></trkpt>
<trkpt lat="30.64736601405009" lon="104.1083830813566"><ele>501</ele><time>2025-04-10T13:27:33.000Z</time></trkpt>
<trkpt lat="30.64724687596748" lon="104.1083005366488"><ele>501</ele><time>2025-04-10T13:27:35.000Z</time></trkpt>
<trkpt lat="30.64712681112833" lon="104.1082250548916"><ele>501</ele><time>2025-04-10T13:27:37.000Z</time></trkpt>
<trkpt lat="30.64700403031257" lon="104.1081476826845"><ele>501</ele><time>2025-04-10T13:27:39.000Z</time></trkpt>
<trkpt lat="30.64687797986711" lon="104.1080750915649"><ele>502</ele><time>2025-04-10T13:27:41.000Z</time></trkpt>
<trkpt lat="30.64675349770791" lon="104.1079883941067"><ele>502</ele><time>2025-04-10T13:27:43.000Z</time></trkpt>
<trkpt lat="30.64664624474935" lon="104.1079352557611"><ele>502</ele><time>2025-04-10T13:27:45.000Z</time></trkpt>
<trkpt lat="30.64654012739948" lon="104.1079256239786"><ele>502</ele><time>2025-04-10T13:27:47.000Z</time></trkpt>
<trkpt lat="30.64645023015513" lon="104.1078616838248"><ele>503</ele><time>2025-04-10T13:27:49.000Z</time></trkpt>
<trkpt lat="30.64631743255761" lon="104.1079888805795"><ele>503</ele><time>2025-04-10T13:27:50.000Z</time></trkpt>
<trkpt lat="30.64618269305922" lon="104.1080669060531"><ele>503</ele><time>2025-04-10T13:27:52.000Z</time></trkpt>
<trkpt lat="30.64606581201819" lon="104.1080910097057"><ele>503</ele><time>2025-04-10T13:27:54.000Z</time></trkpt>
<trkpt lat="30.64592473852264" lon="104.1081222456639"><ele>503</ele><time>2025-04-10T13:27:56.000Z</time></trkpt>
<trkpt lat="30.6457648964065" lon="104.1081215718409"><ele>503</ele><time>2025-04-10T13:27:58.000Z</time></trkpt>
<trkpt lat="30.64562717376" lon="104.1081099465657"><ele>503</ele><time>2025-04-10T13:28:00.000Z</time></trkpt>
<trkpt lat="30.64552952321472" lon="104.1079947278374"><ele>503</ele><time>2025-04-10T13:28:02.000Z</time></trkpt>
<trkpt lat="30.6454197947444" lon="104.1079550725463"><ele>503</ele><time>2025-04-10T13:28:04.000Z</time></trkpt>
<trkpt lat="30.64536931603339" lon="104.1078612483309"><ele>503</ele><time>2025-04-10T13:28:06.000Z</time></trkpt>
<trkpt lat="30.64529956012826" lon="104.107747906966"><ele>503</ele><time>2025-04-10T13:28:08.000Z</time></trkpt>
<trkpt lat="30.64526865782326" lon="104.107607811407"><ele>503</ele><time>2025-04-10T13:28:10.000Z</time></trkpt>
<trkpt lat="30.64522020008072" lon="104.1074761757639"><ele>503</ele><time>2025-04-10T13:28:12.000Z</time></trkpt>
<trkpt lat="30.64518342463775" lon="104.1073533618096"><ele>503</ele><time>2025-04-10T13:28:14.000Z</time></trkpt>
<trkpt lat="30.64516043986069" lon="104.1072176069842"><ele>503</ele><time>2025-04-10T13:28:16.000Z</time></trkpt>
<trkpt lat="30.64512727355144" lon="104.1070934116141"><ele>503</ele><time>2025-04-10T13:28:18.000Z</time></trkpt>
<trkpt lat="30.64509939884383" lon="104.1069557518604"><ele>503</ele><time>2025-04-10T13:28:20.000Z</time></trkpt>
<trkpt lat="30.64499267485257" lon="104.1068093010628"><ele>503</ele><time>2025-04-10T13:28:22.000Z</time></trkpt>
<trkpt lat="30.64485391538407" lon="104.1067075655111"><ele>503</ele><time>2025-04-10T13:28:24.000Z</time></trkpt>
<trkpt lat="30.64472048092446" lon="104.1066304217518"><ele>503</ele><time>2025-04-10T13:28:26.000Z</time></trkpt>
<trkpt lat="30.64458252137264" lon="104.1065506643293"><ele>503</ele><time>2025-04-10T13:28:28.000Z</time></trkpt>
<trkpt lat="30.64445109328823" lon="104.1064696368031"><ele>503</ele><time>2025-04-10T13:28:30.000Z</time></trkpt>
<trkpt lat="30.64431666160833" lon="104.1063912991689"><ele>503</ele><time>2025-04-10T13:28:32.000Z</time></trkpt>
<trkpt lat="30.64420284395925" lon="104.106278538486"><ele>503</ele><time>2025-04-10T13:28:34.000Z</time></trkpt>
<trkpt lat="30.64407873391979" lon="104.1061900057574"><ele>503</ele><time>2025-04-10T13:28:36.000Z</time></trkpt>
<trkpt lat="30.64394311841292" lon="104.106122411331"><ele>503</ele><time>2025-04-10T13:28:38.000Z</time></trkpt>
<trkpt lat="30.64381297825893" lon="104.1060624182379"><ele>503</ele><time>2025-04-10T13:28:40.000Z</time></trkpt>
<trkpt lat="30.64368525168047" lon="104.1059952219473"><ele>503</ele><time>2025-04-10T13:28:42.000Z</time></trkpt>
<trkpt lat="30.64356513690919" lon="104.1059151956495"><ele>503</ele><time>2025-04-10T13:28:44.000Z</time></trkpt>
<trkpt lat="30.64344595091788" lon="104.1058369836061"><ele>503</ele><time>2025-04-10T13:28:46.000Z</time></trkpt>
<trkpt lat="30.64333044237929" lon="104.1057499141259"><ele>503</ele><time>2025-04-10T13:28:48.000Z</time></trkpt>
<trkpt lat="30.64322398698426" lon="104.1056421862998"><ele>504</ele><time>2025-04-10T13:28:50.000Z</time></trkpt>
<trkpt lat="30.64311328317623" lon="104.1055360160359"><ele>504</ele><time>2025-04-10T13:28:52.000Z</time></trkpt>
<trkpt lat="30.64299273750363" lon="104.1054496194592"><ele>504</ele><time>2025-04-10T13:28:54.000Z</time></trkpt>
<trkpt lat="30.64286434173262" lon="104.1053740508224"><ele>504</ele><time>2025-04-10T13:28:56.000Z</time></trkpt>
<trkpt lat="30.6427385742843" lon="104.1052962115303"><ele>504</ele><time>2025-04-10T13:28:58.000Z</time></trkpt>
<trkpt lat="30.64261606590476" lon="104.1052184367459"><ele>505</ele><time>2025-04-10T13:29:00.000Z</time></trkpt>
<trkpt lat="30.64248298523332" lon="104.1051575498294"><ele>505</ele><time>2025-04-10T13:29:02.000Z</time></trkpt>
<trkpt lat="30.64235638600636" lon="104.1050881728443"><ele>505</ele><time>2025-04-10T13:29:04.000Z</time></trkpt>
<trkpt lat="30.64223287493065" lon="104.1050191655022"><ele>504</ele><time>2025-04-10T13:29:06.000Z</time></trkpt>
<trkpt lat="30.64211342840554" lon="104.1049440026422"><ele>504</ele><time>2025-04-10T13:29:08.000Z</time></trkpt>
<trkpt lat="30.64199421140448" lon="104.1048659489341"><ele>504</ele><time>2025-04-10T13:29:10.000Z</time></trkpt>
<trkpt lat="30.64187624532654" lon="104.1047889097465"><ele>504</ele><time>2025-04-10T13:29:12.000Z</time></trkpt>
<trkpt lat="30.64175904995948" lon="104.1047094197696"><ele>504</ele><time>2025-04-10T13:29:14.000Z</time></trkpt>
<trkpt lat="30.6416341791146" lon="104.1046426922411"><ele>504</ele><time>2025-04-10T13:29:16.000Z</time></trkpt>
<trkpt lat="30.64151563365584" lon="104.1045673013267"><ele>504</ele><time>2025-04-10T13:29:18.000Z</time></trkpt>
<trkpt lat="30.64139379138518" lon="104.104489378542"><ele>504</ele><time>2025-04-10T13:29:20.000Z</time></trkpt>
<trkpt lat="30.64127295663625" lon="104.1044178785756"><ele>504</ele><time>2025-04-10T13:29:22.000Z</time></trkpt>
<trkpt lat="30.64123858115503" lon="104.1042732936703"><ele>504</ele><time>2025-04-10T13:29:24.000Z</time></trkpt>
<trkpt lat="30.64117106493651" lon="104.1041929456995"><ele>505</ele><time>2025-04-10T13:29:26.000Z</time></trkpt>
<trkpt lat="30.64082872606745" lon="104.1042418314408"><ele>504</ele><time>2025-04-10T13:29:29.000Z</time></trkpt>
<trkpt lat="30.64070214555213" lon="104.1041899612239"><ele>504</ele><time>2025-04-10T13:29:31.000Z</time></trkpt>
<trkpt lat="30.64059201287241" lon="104.104106092978"><ele>504</ele><time>2025-04-10T13:29:33.000Z</time></trkpt>
<trkpt lat="30.64047444757098" lon="104.1040182771659"><ele>504</ele><time>2025-04-10T13:29:35.000Z</time></trkpt>
<trkpt lat="30.64036205103658" lon="104.1039364600032"><ele>504</ele><time>2025-04-10T13:29:37.000Z</time></trkpt>
<trkpt lat="30.64023561976629" lon="104.1038559273728"><ele>503</ele><time>2025-04-10T13:29:39.000Z</time></trkpt>
<trkpt lat="30.64011844873274" lon="104.103770905222"><ele>503</ele><time>2025-04-10T13:29:41.000Z</time></trkpt>
<trkpt lat="30.64000685781742" lon="104.1036766646115"><ele>503</ele><time>2025-04-10T13:29:43.000Z</time></trkpt>
<trkpt lat="30.63990642471885" lon="104.1035878518381"><ele>503</ele><time>2025-04-10T13:29:45.000Z</time></trkpt>
<trkpt lat="30.63984404364541" lon="104.103487756687"><ele>503</ele><time>2025-04-10T13:29:47.000Z</time></trkpt>
<trkpt lat="30.63975833643069" lon="104.1034432654513"><ele>502</ele><time>2025-04-10T13:29:48.000Z</time></trkpt>
<trkpt lat="30.63959039263592" lon="104.103364386457"><ele>502</ele><time>2025-04-10T13:29:50.000Z</time></trkpt>
<trkpt lat="30.6394484201133" lon="104.1032884517568"><ele>502</ele><time>2025-04-10T13:29:52.000Z</time></trkpt>
<trkpt lat="30.63932073345913" lon="104.1031938027249"><ele>502</ele><time>2025-04-10T13:29:54.000Z</time></trkpt>
<trkpt lat="30.63919224060743" lon="104.1031004447858"><ele>502</ele><time>2025-04-10T13:29:56.000Z</time></trkpt>
<trkpt lat="30.63906663516733" lon="104.1030208881563"><ele>503</ele><time>2025-04-10T13:29:58.000Z</time></trkpt>
<trkpt lat="30.63896608844055" lon="104.1029498300526"><ele>503</ele><time>2025-04-10T13:30:00.000Z</time></trkpt>
<trkpt lat="30.63884784125269" lon="104.1030317915828"><ele>503</ele><time>2025-04-10T13:30:01.000Z</time></trkpt>
<trkpt lat="30.63875340188181" lon="104.102971589395"><ele>504</ele><time>2025-04-10T13:30:03.000Z</time></trkpt>
<trkpt lat="30.63869322412974" lon="104.1028275796213"><ele>504</ele><time>2025-04-10T13:30:05.000Z</time></trkpt>
<trkpt lat="30.63863013263379" lon="104.1027521095831"><ele>504</ele><time>2025-04-10T13:30:07.000Z</time></trkpt>
<trkpt lat="30.63854494203767" lon="104.1026903814842"><ele>505</ele><time>2025-04-10T13:30:09.000Z</time></trkpt>
<trkpt lat="30.63848659403068" lon="104.1026027602406"><ele>505</ele><time>2025-04-10T13:30:13.000Z</time></trkpt>
<trkpt lat="30.6384166816795" lon="104.1026703827045"><ele>505</ele><time>2025-04-10T13:30:39.000Z</time></trkpt>
<trkpt lat="30.63832547525568" lon="104.102614316528"><ele>505</ele><time>2025-04-10T13:30:43.000Z</time></trkpt>
<trkpt lat="30.6382338269378" lon="104.1025579586101"><ele>505</ele><time>2025-04-10T13:30:46.000Z</time></trkpt>
<trkpt lat="30.63817089745275" lon="104.1024292428166"><ele>505</ele><time>2025-04-10T13:30:49.000Z</time></trkpt>
<trkpt lat="30.63804006127187" lon="104.1023687536571"><ele>505</ele><time>2025-04-10T13:30:52.000Z</time></trkpt>
<trkpt lat="30.63793220253865" lon="104.1023000170593"><ele>505</ele><time>2025-04-10T13:30:54.000Z</time></trkpt>
<trkpt lat="30.63785254531066" lon="104.1022475656367"><ele>504</ele><time>2025-04-10T13:30:56.000Z</time></trkpt>
<trkpt lat="30.63773820117619" lon="104.1022103146555"><ele>504</ele><time>2025-04-10T13:30:59.000Z</time></trkpt>
<trkpt lat="30.63763859265596" lon="104.1021912192632"><ele>505</ele><time>2025-04-10T13:31:01.000Z</time></trkpt>
<trkpt lat="30.6375068331974" lon="104.1021605436614"><ele>505</ele><time>2025-04-10T13:31:03.000Z</time></trkpt>
<trkpt lat="30.63739598194493" lon="104.1021111233102"><ele>506</ele><time>2025-04-10T13:31:05.000Z</time></trkpt>
<trkpt lat="30.63730844796026" lon="104.1020690205474"><ele>506</ele><time>2025-04-10T13:31:07.000Z</time></trkpt>
<trkpt lat="30.63721553764008" lon="104.1020271722893"><ele>506</ele><time>2025-04-10T13:31:09.000Z</time></trkpt>
<trkpt lat="30.63709857199707" lon="104.1020012904644"><ele>507</ele><time>2025-04-10T13:31:11.000Z</time></trkpt>
<trkpt lat="30.63698028359247" lon="104.1019352259067"><ele>507</ele><time>2025-04-10T13:31:13.000Z</time></trkpt>
<trkpt lat="30.6368134002479" lon="104.1017966157618"><ele>507</ele><time>2025-04-10T13:31:15.000Z</time></trkpt>
<trkpt lat="30.63671667762219" lon="104.1016658630598"><ele>507</ele><time>2025-04-10T13:31:16.000Z</time></trkpt>
<trkpt lat="30.63663778503971" lon="104.101584942186"><ele>507</ele><time>2025-04-10T13:31:17.000Z</time></trkpt>
<trkpt lat="30.63655118771826" lon="104.1015395002809"><ele>506</ele><time>2025-04-10T13:31:18.000Z</time></trkpt>
<trkpt lat="30.6364067387114" lon="104.1014460386709"><ele>507</ele><time>2025-04-10T13:31:20.000Z</time></trkpt>
<trkpt lat="30.63628092021153" lon="104.1013525861466"><ele>506</ele><time>2025-04-10T13:31:22.000Z</time></trkpt>
<trkpt lat="30.63618940298026" lon="104.1012897434362"><ele>506</ele><time>2025-04-10T13:31:24.000Z</time></trkpt>
<trkpt lat="30.63610729971922" lon="104.1012285164066"><ele>507</ele><time>2025-04-10T13:31:26.000Z</time></trkpt>
<trkpt lat="30.63601689395325" lon="104.1011648336697"><ele>507</ele><time>2025-04-10T13:31:28.000Z</time></trkpt>
<trkpt lat="30.63594003995462" lon="104.1011056820861"><ele>507</ele><time>2025-04-10T13:31:30.000Z</time></trkpt>
<trkpt lat="30.63585711361402" lon="104.1010412425475"><ele>507</ele><time>2025-04-10T13:31:32.000Z</time></trkpt>
<trkpt lat="30.63575910669569" lon="104.1009858184641"><ele>508</ele><time>2025-04-10T13:31:34.000Z</time></trkpt>
<trkpt lat="30.63564742381369" lon="104.1009266492193"><ele>507</ele><time>2025-04-10T13:31:36.000Z</time></trkpt>
<trkpt lat="30.63552485759154" lon="104.1008969468259"><ele>507</ele><time>2025-04-10T13:31:38.000Z</time></trkpt>
<trkpt lat="30.63540220002948" lon="104.1008519671881"><ele>508</ele><time>2025-04-10T13:31:40.000Z</time></trkpt>
<trkpt lat="30.63528627743821" lon="104.1008017911903"><ele>508</ele><time>2025-04-10T13:31:42.000Z</time></trkpt>
<trkpt lat="30.63517394860055" lon="104.1007197496371"><ele>508</ele><time>2025-04-10T13:31:44.000Z</time></trkpt>
<trkpt lat="30.6350713586426" lon="104.1006523504715"><ele>508</ele><time>2025-04-10T13:31:46.000Z</time></trkpt>
<trkpt lat="30.63496316405802" lon="104.1005892329757"><ele>508</ele><time>2025-04-10T13:31:48.000Z</time></trkpt>
<trkpt lat="30.63487102045609" lon="104.1005205002987"><ele>508</ele><time>2025-04-10T13:31:50.000Z</time></trkpt>
<trkpt lat="30.63484549144156" lon="104.1003890856796"><ele>508</ele><time>2025-04-10T13:31:53.000Z</time></trkpt>
<trkpt lat="30.63477612132321" lon="104.1004764283643"><ele>509</ele><time>2025-04-10T13:31:55.000Z</time></trkpt>
<trkpt lat="30.63467757554368" lon="104.1004161289832"><ele>509</ele><time>2025-04-10T13:32:11.000Z</time></trkpt>
<trkpt lat="30.63459292764655" lon="104.1003634760656"><ele>509</ele><time>2025-04-10T13:32:14.000Z</time></trkpt>
<trkpt lat="30.6345113373552" lon="104.1003099490273"><ele>509</ele><time>2025-04-10T13:32:17.000Z</time></trkpt>
<trkpt lat="30.63439859788765" lon="104.100250044579"><ele>509</ele><time>2025-04-10T13:32:20.000Z</time></trkpt>
<trkpt lat="30.63428085423937" lon="104.1001802508635"><ele>509</ele><time>2025-04-10T13:32:23.000Z</time></trkpt>
<trkpt lat="30.63419248886404" lon="104.1001318103134"><ele>510</ele><time>2025-04-10T13:32:25.000Z</time></trkpt>
<trkpt lat="30.63410493892441" lon="104.1000811997777"><ele>510</ele><time>2025-04-10T13:32:27.000Z</time></trkpt>
<trkpt lat="30.63402299000447" lon="104.1000236727879"><ele>510</ele><time>2025-04-10T13:32:29.000Z</time></trkpt>
<trkpt lat="30.63393447748586" lon="104.099972236496"><ele>510</ele><time>2025-04-10T13:32:31.000Z</time></trkpt>
<trkpt lat="30.63384625584885" lon="104.0999050967123"><ele>510</ele><time>2025-04-10T13:32:33.000Z</time></trkpt>
<trkpt lat="30.63375752676849" lon="104.0998267229833"><ele>510</ele><time>2025-04-10T13:32:35.000Z</time></trkpt>
<trkpt lat="30.63363686428916" lon="104.0997651995216"><ele>510</ele><time>2025-04-10T13:32:37.000Z</time></trkpt>
<trkpt lat="30.63354467796997" lon="104.099703232832"><ele>510</ele><time>2025-04-10T13:32:39.000Z</time></trkpt>
<trkpt lat="30.63344317082161" lon="104.0996419763165"><ele>511</ele><time>2025-04-10T13:32:41.000Z</time></trkpt>
<trkpt lat="30.63333655558665" lon="104.0995759580052"><ele>511</ele><time>2025-04-10T13:32:43.000Z</time></trkpt>
<trkpt lat="30.63321759285164" lon="104.0995022985597"><ele>511</ele><time>2025-04-10T13:32:45.000Z</time></trkpt>
<trkpt lat="30.63311121621444" lon="104.0994364275652"><ele>510</ele><time>2025-04-10T13:32:47.000Z</time></trkpt>
<trkpt lat="30.63300539790375" lon="104.0993709001265"><ele>510</ele><time>2025-04-10T13:32:49.000Z</time></trkpt>
<trkpt lat="30.6329023415792" lon="104.0993070763685"><ele>510</ele><time>2025-04-10T13:32:51.000Z</time></trkpt>
<trkpt lat="30.63280041799009" lon="104.099243893273"><ele>509</ele><time>2025-04-10T13:32:53.000Z</time></trkpt>
<trkpt lat="30.63269391265879" lon="104.0991782425688"><ele>508</ele><time>2025-04-10T13:32:55.000Z</time></trkpt>
<trkpt lat="30.63259517830475" lon="104.0991029151222"><ele>508</ele><time>2025-04-10T13:32:57.000Z</time></trkpt>
<trkpt lat="30.63248285760367" lon="104.0990637329405"><ele>508</ele><time>2025-04-10T13:32:59.000Z</time></trkpt>
<trkpt lat="30.63236939473096" lon="104.0990080362736"><ele>508</ele><time>2025-04-10T13:33:01.000Z</time></trkpt>
<trkpt lat="30.63225599381359" lon="104.0989294240549"><ele>508</ele><time>2025-04-10T13:33:03.000Z</time></trkpt>
<trkpt lat="30.6321463044015" lon="104.0988660458439"><ele>507</ele><time>2025-04-10T13:33:05.000Z</time></trkpt>
<trkpt lat="30.63203190842657" lon="104.0987892594381"><ele>507</ele><time>2025-04-10T13:33:07.000Z</time></trkpt>
<trkpt lat="30.63191988332241" lon="104.0987105634147"><ele>508</ele><time>2025-04-10T13:33:09.000Z</time></trkpt>
<trkpt lat="30.63178367677533" lon="104.0986795997284"><ele>508</ele><time>2025-04-10T13:33:12.000Z</time></trkpt>
<trkpt lat="30.63164738579257" lon="104.0985860117438"><ele>508</ele><time>2025-04-10T13:33:14.000Z</time></trkpt>
<trkpt lat="30.63154261658103" lon="104.0985133967569"><ele>508</ele><time>2025-04-10T13:33:16.000Z</time></trkpt>
<trkpt lat="30.63141609205094" lon="104.098434722547"><ele>509</ele><time>2025-04-10T13:33:18.000Z</time></trkpt>
<trkpt lat="30.63129955814865" lon="104.0983619742462"><ele>509</ele><time>2025-04-10T13:33:20.000Z</time></trkpt>
<trkpt lat="30.63117277099587" lon="104.0982796166951"><ele>509</ele><time>2025-04-10T13:33:22.000Z</time></trkpt>
<trkpt lat="30.63103225144802" lon="104.0981932432663"><ele>509</ele><time>2025-04-10T13:33:24.000Z</time></trkpt>
<trkpt lat="30.63091650056871" lon="104.0981142442898"><ele>509</ele><time>2025-04-10T13:33:26.000Z</time></trkpt>
<trkpt lat="30.63080014500792" lon="104.0980391628472"><ele>509</ele><time>2025-04-10T13:33:28.000Z</time></trkpt>
<trkpt lat="30.63067510518767" lon="104.0979660620847"><ele>509</ele><time>2025-04-10T13:33:30.000Z</time></trkpt>
<trkpt lat="30.63053677971381" lon="104.0978520837119"><ele>509</ele><time>2025-04-10T13:33:32.000Z</time></trkpt>
<trkpt lat="30.63042400023058" lon="104.0977917919961"><ele>509</ele><time>2025-04-10T13:33:34.000Z</time></trkpt>
<trkpt lat="30.63029797673521" lon="104.0977310940224"><ele>510</ele><time>2025-04-10T13:33:36.000Z</time></trkpt>
<trkpt lat="30.6301558513826" lon="104.0976690823799"><ele>510</ele><time>2025-04-10T13:33:38.000Z</time></trkpt>
<trkpt lat="30.63001749343263" lon="104.0975926089693"><ele>510</ele><time>2025-04-10T13:33:40.000Z</time></trkpt>
<trkpt lat="30.6298783871138" lon="104.0975047599853"><ele>511</ele><time>2025-04-10T13:33:42.000Z</time></trkpt>
<trkpt lat="30.62979814761226" lon="104.0974540814866"><ele>511</ele><time>2025-04-10T13:33:43.000Z</time></trkpt>
<trkpt lat="30.62973584966446" lon="104.0973573842622"><ele>510</ele><time>2025-04-10T13:33:45.000Z</time></trkpt>
<trkpt lat="30.62963441529531" lon="104.0972843649627"><ele>510</ele><time>2025-04-10T13:33:47.000Z</time></trkpt>
<trkpt lat="30.62955398771408" lon="104.0972282389186"><ele>510</ele><time>2025-04-10T13:33:48.000Z</time></trkpt>
<trkpt lat="30.62948574991026" lon="104.0971588983962"><ele>510</ele><time>2025-04-10T13:33:49.000Z</time></trkpt>
<trkpt lat="30.62939097659421" lon="104.0971383854258"><ele>510</ele><time>2025-04-10T13:33:50.000Z</time></trkpt>
<trkpt lat="30.6292848180792" lon="104.0970587392569"><ele>510</ele><time>2025-04-10T13:33:52.000Z</time></trkpt>
<trkpt lat="30.6292023130014" lon="104.0969828471252"><ele>510</ele><time>2025-04-10T13:33:56.000Z</time></trkpt>
<trkpt lat="30.62926232168696" lon="104.0967780195632"><ele>510</ele><time>2025-04-10T13:34:38.000Z</time></trkpt>
<trkpt lat="30.62915699214265" lon="104.0969512789382"><ele>510</ele><time>2025-04-10T13:35:01.000Z</time></trkpt>
<trkpt lat="30.62925545790605" lon="104.0967621579811"><ele>510</ele><time>2025-04-10T13:35:02.000Z</time></trkpt>
<trkpt lat="30.62915393771121" lon="104.0969491475137"><ele>510</ele><time>2025-04-10T13:35:06.000Z</time></trkpt>
<trkpt lat="30.62925193578247" lon="104.0967599865717"><ele>510</ele><time>2025-04-10T13:35:07.000Z</time></trkpt>
<trkpt lat="30.62912975155101" lon="104.0969322746031"><ele>510</ele><time>2025-04-10T13:35:30.000Z</time></trkpt>
<trkpt lat="30.62919471453324" lon="104.0967102999831"><ele>510</ele><time>2025-04-10T13:35:33.000Z</time></trkpt>
<trkpt lat="30.62910378393649" lon="104.096647636428"><ele>510</ele><time>2025-04-10T13:35:36.000Z</time></trkpt>
<trkpt lat="30.62900111635903" lon="104.0966143189158"><ele>510</ele><time>2025-04-10T13:35:39.000Z</time></trkpt>
<trkpt lat="30.62882879239753" lon="104.0966991854386"><ele>510</ele><time>2025-04-10T13:35:42.000Z</time></trkpt>
<trkpt lat="30.62876831957836" lon="104.0965369596975"><ele>510</ele><time>2025-04-10T13:35:45.000Z</time></trkpt>
<trkpt lat="30.62864315812259" lon="104.0964527647105"><ele>510</ele><time>2025-04-10T13:35:48.000Z</time></trkpt>
<trkpt lat="30.62855914647161" lon="104.0964016882467"><ele>510</ele><time>2025-04-10T13:35:50.000Z</time></trkpt>
<trkpt lat="30.62846143257911" lon="104.0963319502412"><ele>510</ele><time>2025-04-10T13:35:52.000Z</time></trkpt>
<trkpt lat="30.62837231557287" lon="104.0962778676167"><ele>510</ele><time>2025-04-10T13:35:54.000Z</time></trkpt>
<trkpt lat="30.62827883056438" lon="104.0962108846075"><ele>511</ele><time>2025-04-10T13:35:56.000Z</time></trkpt>
<trkpt lat="30.62818191601422" lon="104.0961519325105"><ele>511</ele><time>2025-04-10T13:35:58.000Z</time></trkpt>
<trkpt lat="30.62808996819096" lon="104.096086794462"><ele>511</ele><time>2025-04-10T13:36:00.000Z</time></trkpt>
<trkpt lat="30.62798482625711" lon="104.0960151206563"><ele>510</ele><time>2025-04-10T13:36:02.000Z</time></trkpt>
<trkpt lat="30.62786693951817" lon="104.0959303031646"><ele>511</ele><time>2025-04-10T13:36:04.000Z</time></trkpt>
<trkpt lat="30.6277432889855" lon="104.095868158029"><ele>511</ele><time>2025-04-10T13:36:06.000Z</time></trkpt>
<trkpt lat="30.62764382249609" lon="104.0957630536266"><ele>510</ele><time>2025-04-10T13:36:08.000Z</time></trkpt>
<trkpt lat="30.62752955140661" lon="104.095671260885"><ele>510</ele><time>2025-04-10T13:36:10.000Z</time></trkpt>
<trkpt lat="30.62740588008495" lon="104.0955889986648"><ele>510</ele><time>2025-04-10T13:36:12.000Z</time></trkpt>
<trkpt lat="30.62728072869211" lon="104.0954932390743"><ele>509</ele><time>2025-04-10T13:36:14.000Z</time></trkpt>
<trkpt lat="30.62715972671773" lon="104.0953949116758"><ele>509</ele><time>2025-04-10T13:36:16.000Z</time></trkpt>
<trkpt lat="30.62703711903967" lon="104.0953114199405"><ele>508</ele><time>2025-04-10T13:36:18.000Z</time></trkpt>
<trkpt lat="30.62692343510263" lon="104.095207756182"><ele>507</ele><time>2025-04-10T13:36:20.000Z</time></trkpt>
<trkpt lat="30.62680548682121" lon="104.0951208936658"><ele>507</ele><time>2025-04-10T13:36:22.000Z</time></trkpt>
<trkpt lat="30.6266836695174" lon="104.095035301622"><ele>507</ele><time>2025-04-10T13:36:24.000Z</time></trkpt>
<trkpt lat="30.62656017981639" lon="104.094951911532"><ele>507</ele><time>2025-04-10T13:36:26.000Z</time></trkpt>
<trkpt lat="30.62645759182409" lon="104.09487620369"><ele>507</ele><time>2025-04-10T13:36:28.000Z</time></trkpt>
<trkpt lat="30.62633467969196" lon="104.0947994866465"><ele>507</ele><time>2025-04-10T13:36:30.000Z</time></trkpt>
<trkpt lat="30.62621587857276" lon="104.0947024646044"><ele>507</ele><time>2025-04-10T13:36:32.000Z</time></trkpt>
<trkpt lat="30.62610187959725" lon="104.0946063610748"><ele>507</ele><time>2025-04-10T13:36:34.000Z</time></trkpt>
<trkpt lat="30.62597996997256" lon="104.0945180379259"><ele>507</ele><time>2025-04-10T13:36:36.000Z</time></trkpt>
<trkpt lat="30.62586049147937" lon="104.0944287046632"><ele>507</ele><time>2025-04-10T13:36:38.000Z</time></trkpt>
<trkpt lat="30.62574171542999" lon="104.0943421741185"><ele>507</ele><time>2025-04-10T13:36:40.000Z</time></trkpt>
<trkpt lat="30.62562476203318" lon="104.0942549596563"><ele>507</ele><time>2025-04-10T13:36:42.000Z</time></trkpt>
<trkpt lat="30.62551429665052" lon="104.0941644409527"><ele>507</ele><time>2025-04-10T13:36:44.000Z</time></trkpt>
<trkpt lat="30.62542140407152" lon="104.0940537529307"><ele>507</ele><time>2025-04-10T13:36:46.000Z</time></trkpt>
<trkpt lat="30.62533114914893" lon="104.0939421599873"><ele>507</ele><time>2025-04-10T13:36:48.000Z</time></trkpt>
<trkpt lat="30.6252212687062" lon="104.0938511427826"><ele>508</ele><time>2025-04-10T13:36:50.000Z</time></trkpt>
<trkpt lat="30.62511096776504" lon="104.0937725101997"><ele>509</ele><time>2025-04-10T13:36:52.000Z</time></trkpt>
<trkpt lat="30.62498692498779" lon="104.093727724138"><ele>508</ele><time>2025-04-10T13:36:54.000Z</time></trkpt>
<trkpt lat="30.62486922329817" lon="104.0936771443807"><ele>508</ele><time>2025-04-10T13:36:56.000Z</time></trkpt>
<trkpt lat="30.6247639386053" lon="104.0935936905178"><ele>508</ele><time>2025-04-10T13:36:58.000Z</time></trkpt>
<trkpt lat="30.62464487676595" lon="104.093541923746"><ele>508</ele><time>2025-04-10T13:37:00.000Z</time></trkpt>
<trkpt lat="30.62454594850687" lon="104.0934473169546"><ele>508</ele><time>2025-04-10T13:37:02.000Z</time></trkpt>
<trkpt lat="30.6244276581086" lon="104.0933721389278"><ele>507</ele><time>2025-04-10T13:37:04.000Z</time></trkpt>
<trkpt lat="30.62432128653748" lon="104.0932843830462"><ele>507</ele><time>2025-04-10T13:37:06.000Z</time></trkpt>
<trkpt lat="30.62421910640001" lon="104.0931931031135"><ele>507</ele><time>2025-04-10T13:37:08.000Z</time></trkpt>
<trkpt lat="30.62413197577222" lon="104.0930753793106"><ele>507</ele><time>2025-04-10T13:37:10.000Z</time></trkpt>
<trkpt lat="30.62403633178584" lon="104.0929751470157"><ele>507</ele><time>2025-04-10T13:37:12.000Z</time></trkpt>
<trkpt lat="30.62394637904386" lon="104.092869751478"><ele>507</ele><time>2025-04-10T13:37:14.000Z</time></trkpt>
<trkpt lat="30.62386644655296" lon="104.0927515902738"><ele>507</ele><time>2025-04-10T13:37:16.000Z</time></trkpt>
<trkpt lat="30.62377274131724" lon="104.0926428579187"><ele>507</ele><time>2025-04-10T13:37:18.000Z</time></trkpt>
<trkpt lat="30.62369045968477" lon="104.0925151645558"><ele>507</ele><time>2025-04-10T13:37:20.000Z</time></trkpt>
<trkpt lat="30.62361952367328" lon="104.092378227413"><ele>507</ele><time>2025-04-10T13:37:22.000Z</time></trkpt>
<trkpt lat="30.62355213072358" lon="104.0922612683713"><ele>507</ele><time>2025-04-10T13:37:24.000Z</time></trkpt>
<trkpt lat="30.62350224996947" lon="104.0921455190386"><ele>507</ele><time>2025-04-10T13:37:26.000Z</time></trkpt>
<trkpt lat="30.62345977775785" lon="104.092008377161"><ele>506</ele><time>2025-04-10T13:37:28.000Z</time></trkpt>
<trkpt lat="30.62342847393995" lon="104.0918697075681"><ele>506</ele><time>2025-04-10T13:37:30.000Z</time></trkpt>
<trkpt lat="30.62338397775387" lon="104.0917329018427"><ele>506</ele><time>2025-04-10T13:37:32.000Z</time></trkpt>
<trkpt lat="30.62335204340982" lon="104.0915918114327"><ele>506</ele><time>2025-04-10T13:37:34.000Z</time></trkpt>
<trkpt lat="30.62333040284154" lon="104.0914512432637"><ele>506</ele><time>2025-04-10T13:37:36.000Z</time></trkpt>
<trkpt lat="30.62330610787845" lon="104.0913060334283"><ele>506</ele><time>2025-04-10T13:37:38.000Z</time></trkpt>
<trkpt lat="30.62329523406108" lon="104.0911545404438"><ele>506</ele><time>2025-04-10T13:37:40.000Z</time></trkpt>
<trkpt lat="30.62328639958413" lon="104.0910087900685"><ele>506</ele><time>2025-04-10T13:37:42.000Z</time></trkpt>
<trkpt lat="30.6232764199352" lon="104.0908759795748"><ele>506</ele><time>2025-04-10T13:37:44.000Z</time></trkpt>
<trkpt lat="30.62325769147883" lon="104.0907672326124"><ele>506</ele><time>2025-04-10T13:37:46.000Z</time></trkpt>
<trkpt lat="30.62325034059099" lon="104.0906383085317"><ele>506</ele><time>2025-04-10T13:37:49.000Z</time></trkpt>
<trkpt lat="30.62324682498783" lon="104.0905003152673"><ele>507</ele><time>2025-04-10T13:37:53.000Z</time></trkpt>
<trkpt lat="30.62324989689951" lon="104.090357743762"><ele>507</ele><time>2025-04-10T13:37:56.000Z</time></trkpt>
<trkpt lat="30.62325204196554" lon="104.0902525699372"><ele>507</ele><time>2025-04-10T13:37:58.000Z</time></trkpt>
<trkpt lat="30.62324645479728" lon="104.0901040407918"><ele>506</ele><time>2025-04-10T13:38:01.000Z</time></trkpt>
<trkpt lat="30.62326175372603" lon="104.089984650388"><ele>506</ele><time>2025-04-10T13:38:03.000Z</time></trkpt>
<trkpt lat="30.62325158939377" lon="104.0898545028307"><ele>507</ele><time>2025-04-10T13:38:05.000Z</time></trkpt>
<trkpt lat="30.62324652437617" lon="104.0897266483905"><ele>507</ele><time>2025-04-10T13:38:07.000Z</time></trkpt>
<trkpt lat="30.62326141532704" lon="104.0895941486296"><ele>506</ele><time>2025-04-10T13:38:09.000Z</time></trkpt>
<trkpt lat="30.62328262922596" lon="104.089461438874"><ele>506</ele><time>2025-04-10T13:38:11.000Z</time></trkpt>
<trkpt lat="30.62330371837609" lon="104.0893289076764"><ele>505</ele><time>2025-04-10T13:38:13.000Z</time></trkpt>
<trkpt lat="30.62331312048238" lon="104.0891820681375"><ele>505</ele><time>2025-04-10T13:38:15.000Z</time></trkpt>
<trkpt lat="30.62330530118707" lon="104.089044959163"><ele>505</ele><time>2025-04-10T13:38:17.000Z</time></trkpt>
<trkpt lat="30.62328617837171" lon="104.0889093526625"><ele>505</ele><time>2025-04-10T13:38:19.000Z</time></trkpt>
<trkpt lat="30.62327363741388" lon="104.0887806239503"><ele>505</ele><time>2025-04-10T13:38:21.000Z</time></trkpt>
<trkpt lat="30.62327068743274" lon="104.088641040358"><ele>505</ele><time>2025-04-10T13:38:23.000Z</time></trkpt>
<trkpt lat="30.62325865492108" lon="104.0885156201361"><ele>504</ele><time>2025-04-10T13:38:25.000Z</time></trkpt>
<trkpt lat="30.6232586109688" lon="104.0883861131653"><ele>504</ele><time>2025-04-10T13:38:27.000Z</time></trkpt>
<trkpt lat="30.6232699545596" lon="104.0882515029136"><ele>504</ele><time>2025-04-10T13:38:29.000Z</time></trkpt>
<trkpt lat="30.62326987177942" lon="104.0881174074174"><ele>503</ele><time>2025-04-10T13:38:31.000Z</time></trkpt>
<trkpt lat="30.62326570232155" lon="104.0879888462568"><ele>503</ele><time>2025-04-10T13:38:33.000Z</time></trkpt>
<trkpt lat="30.62326270706578" lon="104.0878574927087"><ele>503</ele><time>2025-04-10T13:38:35.000Z</time></trkpt>
<trkpt lat="30.62325842590825" lon="104.0877239732785"><ele>503</ele><time>2025-04-10T13:38:37.000Z</time></trkpt>
<trkpt lat="30.62326484608494" lon="104.0875910674067"><ele>503</ele><time>2025-04-10T13:38:39.000Z</time></trkpt>
<trkpt lat="30.62325431618076" lon="104.08746705056"><ele>502</ele><time>2025-04-10T13:38:41.000Z</time></trkpt>
<trkpt lat="30.62321423588483" lon="104.0873582392522"><ele>502</ele><time>2025-04-10T13:38:43.000Z</time></trkpt>
<trkpt lat="30.62318757235172" lon="104.0872555023232"><ele>503</ele><time>2025-04-10T13:38:45.000Z</time></trkpt>
<trkpt lat="30.62316290148519" lon="104.087127883534"><ele>502</ele><time>2025-04-10T13:38:47.000Z</time></trkpt>
<trkpt lat="30.62316046196321" lon="104.086960136953"><ele>502</ele><time>2025-04-10T13:38:49.000Z</time></trkpt>
<trkpt lat="30.62313293707533" lon="104.0868104182051"><ele>502</ele><time>2025-04-10T13:38:51.000Z</time></trkpt>
<trkpt lat="30.62313277000273" lon="104.0866647510539"><ele>502</ele><time>2025-04-10T13:38:53.000Z</time></trkpt>
<trkpt lat="30.62312601592406" lon="104.0865099768224"><ele>503</ele><time>2025-04-10T13:38:55.000Z</time></trkpt>
<trkpt lat="30.62313534764229" lon="104.0863704788537"><ele>503</ele><time>2025-04-10T13:38:57.000Z</time></trkpt>
<trkpt lat="30.62313908899482" lon="104.0862185052723"><ele>502</ele><time>2025-04-10T13:38:59.000Z</time></trkpt>
<trkpt lat="30.6231383044558" lon="104.0860789127965"><ele>502</ele><time>2025-04-10T13:39:01.000Z</time></trkpt>
<trkpt lat="30.6231503081109" lon="104.0859411552783"><ele>502</ele><time>2025-04-10T13:39:03.000Z</time></trkpt>
<trkpt lat="30.62314409824262" lon="104.0858035908472"><ele>502</ele><time>2025-04-10T13:39:05.000Z</time></trkpt>
<trkpt lat="30.62314311599645" lon="104.0856614991359"><ele>502</ele><time>2025-04-10T13:39:07.000Z</time></trkpt>
<trkpt lat="30.62314490083746" lon="104.0855408866481"><ele>502</ele><time>2025-04-10T13:39:09.000Z</time></trkpt>
<trkpt lat="30.62314056393429" lon="104.0854059016169"><ele>502</ele><time>2025-04-10T13:39:11.000Z</time></trkpt>
<trkpt lat="30.62315264892875" lon="104.0852724537869"><ele>502</ele><time>2025-04-10T13:39:13.000Z</time></trkpt>
<trkpt lat="30.62318684878286" lon="104.0851557194848"><ele>502</ele><time>2025-04-10T13:39:15.000Z</time></trkpt>
<trkpt lat="30.62318681762916" lon="104.0850073607433"><ele>502</ele><time>2025-04-10T13:39:17.000Z</time></trkpt>
<trkpt lat="30.62317746353343" lon="104.0848721662382"><ele>502</ele><time>2025-04-10T13:39:19.000Z</time></trkpt>
<trkpt lat="30.62317884531995" lon="104.0847352686454"><ele>503</ele><time>2025-04-10T13:39:21.000Z</time></trkpt>
<trkpt lat="30.62317148798935" lon="104.0845938671501"><ele>502</ele><time>2025-04-10T13:39:23.000Z</time></trkpt>
<trkpt lat="30.62316287888774" lon="104.0844471329914"><ele>502</ele><time>2025-04-10T13:39:25.000Z</time></trkpt>
<trkpt lat="30.62315659764766" lon="104.0842986510827"><ele>502</ele><time>2025-04-10T13:39:27.000Z</time></trkpt>
<trkpt lat="30.62315893733011" lon="104.0841483464537"><ele>502</ele><time>2025-04-10T13:39:29.000Z</time></trkpt>
<trkpt lat="30.62315537890503" lon="104.0839952452023"><ele>502</ele><time>2025-04-10T13:39:31.000Z</time></trkpt>
<trkpt lat="30.62315063175846" lon="104.0838377990335"><ele>502</ele><time>2025-04-10T13:39:33.000Z</time></trkpt>
<trkpt lat="30.62314948312974" lon="104.0836808972697"><ele>502</ele><time>2025-04-10T13:39:35.000Z</time></trkpt>
<trkpt lat="30.62314766416441" lon="104.0835280859812"><ele>502</ele><time>2025-04-10T13:39:37.000Z</time></trkpt>
<trkpt lat="30.62314700502028" lon="104.0833746076352"><ele>502</ele><time>2025-04-10T13:39:39.000Z</time></trkpt>
<trkpt lat="30.62314272495573" lon="104.0832219731949"><ele>502</ele><time>2025-04-10T13:39:41.000Z</time></trkpt>
<trkpt lat="30.62313305434388" lon="104.0830612713992"><ele>502</ele><time>2025-04-10T13:39:43.000Z</time></trkpt>
<trkpt lat="30.62313200842732" lon="104.0829015637524"><ele>502</ele><time>2025-04-10T13:39:45.000Z</time></trkpt>
<trkpt lat="30.6231306887743" lon="104.0827366288627"><ele>502</ele><time>2025-04-10T13:39:47.000Z</time></trkpt>
<trkpt lat="30.62312157677667" lon="104.0825715500224"><ele>502</ele><time>2025-04-10T13:39:49.000Z</time></trkpt>
<trkpt lat="30.62311131774761" lon="104.0824077470702"><ele>502</ele><time>2025-04-10T13:39:51.000Z</time></trkpt>
<trkpt lat="30.62311026631766" lon="104.0822421274003"><ele>502</ele><time>2025-04-10T13:39:53.000Z</time></trkpt>
<trkpt lat="30.62310747666139" lon="104.0820827654368"><ele>502</ele><time>2025-04-10T13:39:55.000Z</time></trkpt>
<trkpt lat="30.62311042712435" lon="104.0819185640962"><ele>502</ele><time>2025-04-10T13:39:57.000Z</time></trkpt>
<trkpt lat="30.62312131813815" lon="104.0817517522565"><ele>502</ele><time>2025-04-10T13:39:59.000Z</time></trkpt>
<trkpt lat="30.62311603793388" lon="104.0815760784896"><ele>502</ele><time>2025-04-10T13:40:01.000Z</time></trkpt>
<trkpt lat="30.62311821713574" lon="104.0814004230924"><ele>502</ele><time>2025-04-10T13:40:03.000Z</time></trkpt>
<trkpt lat="30.62311298174662" lon="104.0812291901632"><ele>502</ele><time>2025-04-10T13:40:05.000Z</time></trkpt>
<trkpt lat="30.62309212716375" lon="104.0810633485626"><ele>502</ele><time>2025-04-10T13:40:07.000Z</time></trkpt>
<trkpt lat="30.62306769500573" lon="104.0808943847735"><ele>502</ele><time>2025-04-10T13:40:09.000Z</time></trkpt>
<trkpt lat="30.62306249032147" lon="104.0807243761551"><ele>502</ele><time>2025-04-10T13:40:11.000Z</time></trkpt>
<trkpt lat="30.62306482436873" lon="104.0805518836985"><ele>502</ele><time>2025-04-10T13:40:13.000Z</time></trkpt>
<trkpt lat="30.62307003669531" lon="104.0803769374304"><ele>502</ele><time>2025-04-10T13:40:15.000Z</time></trkpt>
<trkpt lat="30.6230647888092" lon="104.0802035368654"><ele>502</ele><time>2025-04-10T13:40:17.000Z</time></trkpt>
<trkpt lat="30.62305769851463" lon="104.0800278684938"><ele>502</ele><time>2025-04-10T13:40:19.000Z</time></trkpt>
<trkpt lat="30.62305914371479" lon="104.0798514429948"><ele>502</ele><time>2025-04-10T13:40:21.000Z</time></trkpt>
<trkpt lat="30.62305581354798" lon="104.0796712861305"><ele>502</ele><time>2025-04-10T13:40:23.000Z</time></trkpt>
<trkpt lat="30.6230474253064" lon="104.0794928781865"><ele>502</ele><time>2025-04-10T13:40:25.000Z</time></trkpt>
<trkpt lat="30.62303908166676" lon="104.0793246350051"><ele>502</ele><time>2025-04-10T13:40:27.000Z</time></trkpt>
<trkpt lat="30.62303853847921" lon="104.0791440176367"><ele>502</ele><time>2025-04-10T13:40:29.000Z</time></trkpt>
<trkpt lat="30.62304301356317" lon="104.078976309764"><ele>502</ele><time>2025-04-10T13:40:31.000Z</time></trkpt>
<trkpt lat="30.62304121891295" lon="104.0788021896635"><ele>502</ele><time>2025-04-10T13:40:33.000Z</time></trkpt>
<trkpt lat="30.6230337228263" lon="104.078630440305"><ele>502</ele><time>2025-04-10T13:40:35.000Z</time></trkpt>
<trkpt lat="30.6230296335836" lon="104.0784605780023"><ele>502</ele><time>2025-04-10T13:40:37.000Z</time></trkpt>
<trkpt lat="30.62302821914611" lon="104.0782979694261"><ele>502</ele><time>2025-04-10T13:40:39.000Z</time></trkpt>
<trkpt lat="30.62302976700655" lon="104.0781335946668"><ele>502</ele><time>2025-04-10T13:40:41.000Z</time></trkpt>
<trkpt lat="30.62301390938526" lon="104.0779795573336"><ele>502</ele><time>2025-04-10T13:40:43.000Z</time></trkpt>
<trkpt lat="30.62300441626755" lon="104.0778177180883"><ele>501</ele><time>2025-04-10T13:40:45.000Z</time></trkpt>
<trkpt lat="30.62299631973054" lon="104.0776633796013"><ele>502</ele><time>2025-04-10T13:40:47.000Z</time></trkpt>
<trkpt lat="30.62299583324491" lon="104.0775118464529"><ele>501</ele><time>2025-04-10T13:40:49.000Z</time></trkpt>
<trkpt lat="30.62299260976787" lon="104.0773594169309"><ele>501</ele><time>2025-04-10T13:40:51.000Z</time></trkpt>
<trkpt lat="30.62299478783941" lon="104.0772087265479"><ele>501</ele><time>2025-04-10T13:40:53.000Z</time></trkpt>
<trkpt lat="30.62299018918571" lon="104.0770609424685"><ele>501</ele><time>2025-04-10T13:40:55.000Z</time></trkpt>
<trkpt lat="30.62299240241223" lon="104.0769132375563"><ele>501</ele><time>2025-04-10T13:40:57.000Z</time></trkpt>
<trkpt lat="30.62297956586595" lon="104.0767599086655"><ele>501</ele><time>2025-04-10T13:40:59.000Z</time></trkpt>
<trkpt lat="30.62297191886919" lon="104.0766079598758"><ele>501</ele><time>2025-04-10T13:41:01.000Z</time></trkpt>
<trkpt lat="30.62296500546928" lon="104.0764543027771"><ele>501</ele><time>2025-04-10T13:41:03.000Z</time></trkpt>
<trkpt lat="30.62296476821621" lon="104.0763002556548"><ele>501</ele><time>2025-04-10T13:41:05.000Z</time></trkpt>
<trkpt lat="30.62297259993226" lon="104.0761380071704"><ele>501</ele><time>2025-04-10T13:41:07.000Z</time></trkpt>
<trkpt lat="30.62296500199574" lon="104.0759778397862"><ele>501</ele><time>2025-04-10T13:41:09.000Z</time></trkpt>
<trkpt lat="30.62297241146666" lon="104.0758310521007"><ele>501</ele><time>2025-04-10T13:41:11.000Z</time></trkpt>
<trkpt lat="30.62298804301239" lon="104.0756688086345"><ele>501</ele><time>2025-04-10T13:41:13.000Z</time></trkpt>
<trkpt lat="30.62297325886421" lon="104.0755100417361"><ele>501</ele><time>2025-04-10T13:41:15.000Z</time></trkpt>
<trkpt lat="30.62296244749657" lon="104.0753480930312"><ele>501</ele><time>2025-04-10T13:41:17.000Z</time></trkpt>
<trkpt lat="30.62294107877893" lon="104.0752017231299"><ele>501</ele><time>2025-04-10T13:41:19.000Z</time></trkpt>
<trkpt lat="30.62293900075211" lon="104.0750587802318"><ele>501</ele><time>2025-04-10T13:41:21.000Z</time></trkpt>
<trkpt lat="30.62294219238169" lon="104.0749179566374"><ele>501</ele><time>2025-04-10T13:41:23.000Z</time></trkpt>
<trkpt lat="30.62295375101247" lon="104.0747774722653"><ele>501</ele><time>2025-04-10T13:41:25.000Z</time></trkpt>
<trkpt lat="30.62294915157326" lon="104.0746666112953"><ele>501</ele><time>2025-04-10T13:41:28.000Z</time></trkpt>
<trkpt lat="30.62294417426477" lon="104.074534170826"><ele>501</ele><time>2025-04-10T13:41:46.000Z</time></trkpt>
<trkpt lat="30.62294263881081" lon="104.0743959380097"><ele>501</ele><time>2025-04-10T13:41:50.000Z</time></trkpt>
<trkpt lat="30.62293850167685" lon="104.0742907839567"><ele>501</ele><time>2025-04-10T13:41:53.000Z</time></trkpt>
<trkpt lat="30.62288624045241" lon="104.0741594454634"><ele>501</ele><time>2025-04-10T13:41:56.000Z</time></trkpt>
<trkpt lat="30.6228849015347" lon="104.0740479169846"><ele>501</ele><time>2025-04-10T13:41:58.000Z</time></trkpt>
<trkpt lat="30.62288463836495" lon="104.0739336722966"><ele>501</ele><time>2025-04-10T13:42:00.000Z</time></trkpt>
<trkpt lat="30.62286586942512" lon="104.0737818786617"><ele>501</ele><time>2025-04-10T13:42:02.000Z</time></trkpt>
<trkpt lat="30.62287060631282" lon="104.073634055147"><ele>501</ele><time>2025-04-10T13:42:04.000Z</time></trkpt>
<trkpt lat="30.62285775794907" lon="104.0735036952151"><ele>501</ele><time>2025-04-10T13:42:06.000Z</time></trkpt>
<trkpt lat="30.62287105243842" lon="104.0733610279585"><ele>501</ele><time>2025-04-10T13:42:08.000Z</time></trkpt>
<trkpt lat="30.62289733649218" lon="104.0732124008152"><ele>501</ele><time>2025-04-10T13:42:10.000Z</time></trkpt>
<trkpt lat="30.62289339756985" lon="104.0730537315953"><ele>501</ele><time>2025-04-10T13:42:12.000Z</time></trkpt>
<trkpt lat="30.62288158881235" lon="104.0729060525179"><ele>501</ele><time>2025-04-10T13:42:14.000Z</time></trkpt>
<trkpt lat="30.62287746881082" lon="104.0727545189625"><ele>501</ele><time>2025-04-10T13:42:16.000Z</time></trkpt>
<trkpt lat="30.62288002137348" lon="104.0726058167947"><ele>501</ele><time>2025-04-10T13:42:18.000Z</time></trkpt>
<trkpt lat="30.62288059716446" lon="104.0724376788687"><ele>501</ele><time>2025-04-10T13:42:20.000Z</time></trkpt>
<trkpt lat="30.62289168648227" lon="104.072283439587"><ele>501</ele><time>2025-04-10T13:42:22.000Z</time></trkpt>
<trkpt lat="30.62290080821565" lon="104.072119992072"><ele>501</ele><time>2025-04-10T13:42:24.000Z</time></trkpt>
<trkpt lat="30.62290193797708" lon="104.0719560212073"><ele>500</ele><time>2025-04-10T13:42:26.000Z</time></trkpt>
<trkpt lat="30.62289620099204" lon="104.071789589496"><ele>500</ele><time>2025-04-10T13:42:28.000Z</time></trkpt>
<trkpt lat="30.62289250756276" lon="104.0716233423633"><ele>500</ele><time>2025-04-10T13:42:30.000Z</time></trkpt>
<trkpt lat="30.62289176612823" lon="104.0714598188093"><ele>499</ele><time>2025-04-10T13:42:32.000Z</time></trkpt>
<trkpt lat="30.62288814438589" lon="104.0712968953648"><ele>499</ele><time>2025-04-10T13:42:34.000Z</time></trkpt>
<trkpt lat="30.62289005834386" lon="104.0711410631103"><ele>499</ele><time>2025-04-10T13:42:36.000Z</time></trkpt>
<trkpt lat="30.62289314669959" lon="104.0709787242149"><ele>498</ele><time>2025-04-10T13:42:38.000Z</time></trkpt>
<trkpt lat="30.6229025847696" lon="104.070815553144"><ele>498</ele><time>2025-04-10T13:42:40.000Z</time></trkpt>
<trkpt lat="30.62289707846289" lon="104.0706547489042"><ele>497</ele><time>2025-04-10T13:42:42.000Z</time></trkpt>
<trkpt lat="30.62288939055433" lon="104.0704935160725"><ele>496</ele><time>2025-04-10T13:42:44.000Z</time></trkpt>
<trkpt lat="30.62288660178292" lon="104.0703305910925"><ele>496</ele><time>2025-04-10T13:42:46.000Z</time></trkpt>
<trkpt lat="30.62288417535601" lon="104.070168655902"><ele>495</ele><time>2025-04-10T13:42:48.000Z</time></trkpt>
<trkpt lat="30.62287882337391" lon="104.0700072205949"><ele>495</ele><time>2025-04-10T13:42:50.000Z</time></trkpt>
<trkpt lat="30.6228767564094" lon="104.0698409373601"><ele>495</ele><time>2025-04-10T13:42:52.000Z</time></trkpt>
<trkpt lat="30.62286858946752" lon="104.0696755924944"><ele>495</ele><time>2025-04-10T13:42:54.000Z</time></trkpt>
<trkpt lat="30.62285523992092" lon="104.0695094751109"><ele>495</ele><time>2025-04-10T13:42:56.000Z</time></trkpt>
<trkpt lat="30.62285003040973" lon="104.069338339996"><ele>495</ele><time>2025-04-10T13:42:58.000Z</time></trkpt>
<trkpt lat="30.62283825604513" lon="104.0691686769207"><ele>495</ele><time>2025-04-10T13:43:00.000Z</time></trkpt>
<trkpt lat="30.62283318456256" lon="104.0690076959038"><ele>495</ele><time>2025-04-10T13:43:02.000Z</time></trkpt>
<trkpt lat="30.62282754736108" lon="104.0688332611118"><ele>495</ele><time>2025-04-10T13:43:04.000Z</time></trkpt>
<trkpt lat="30.62284059775022" lon="104.0686597304163"><ele>495</ele><time>2025-04-10T13:43:06.000Z</time></trkpt>
<trkpt lat="30.62285010998191" lon="104.0684892907786"><ele>495</ele><time>2025-04-10T13:43:08.000Z</time></trkpt>
<trkpt lat="30.6228415380716" lon="104.0683167775552"><ele>495</ele><time>2025-04-10T13:43:10.000Z</time></trkpt>
<trkpt lat="30.62282169628417" lon="104.0681513023399"><ele>495</ele><time>2025-04-10T13:43:12.000Z</time></trkpt>
<trkpt lat="30.62281443575868" lon="104.0679952914662"><ele>495</ele><time>2025-04-10T13:43:14.000Z</time></trkpt>
<trkpt lat="30.62281351307285" lon="104.0678394021224"><ele>496</ele><time>2025-04-10T13:43:16.000Z</time></trkpt>
<trkpt lat="30.62280415645418" lon="104.0676965983733"><ele>496</ele><time>2025-04-10T13:43:18.000Z</time></trkpt>
<trkpt lat="30.62278258580575" lon="104.0675779447167"><ele>497</ele><time>2025-04-10T13:43:20.000Z</time></trkpt>
<trkpt lat="30.62280441238509" lon="104.0674657480655"><ele>497</ele><time>2025-04-10T13:43:22.000Z</time></trkpt>
<trkpt lat="30.62281999504262" lon="104.0673264313896"><ele>497</ele><time>2025-04-10T13:43:24.000Z</time></trkpt>
<trkpt lat="30.62283591386411" lon="104.0671903423893"><ele>498</ele><time>2025-04-10T13:43:26.000Z</time></trkpt>
<trkpt lat="30.62284269171956" lon="104.0670518683717"><ele>498</ele><time>2025-04-10T13:43:28.000Z</time></trkpt>
<trkpt lat="30.62286925489532" lon="104.0669128249103"><ele>497</ele><time>2025-04-10T13:43:30.000Z</time></trkpt>
<trkpt lat="30.62290704578774" lon="104.0667751836723"><ele>497</ele><time>2025-04-10T13:43:32.000Z</time></trkpt>
<trkpt lat="30.62296246587019" lon="104.0666491881181"><ele>497</ele><time>2025-04-10T13:43:34.000Z</time></trkpt>
<trkpt lat="30.62301268810583" lon="104.0665231032108"><ele>497</ele><time>2025-04-10T13:43:36.000Z</time></trkpt>
<trkpt lat="30.62306097373251" lon="104.0663897562667"><ele>497</ele><time>2025-04-10T13:43:38.000Z</time></trkpt>
<trkpt lat="30.62309536231815" lon="104.0662524050578"><ele>497</ele><time>2025-04-10T13:43:40.000Z</time></trkpt>
<trkpt lat="30.62312163454031" lon="104.0661048144235"><ele>497</ele><time>2025-04-10T13:43:42.000Z</time></trkpt>
<trkpt lat="30.62312141187723" lon="104.065950947661"><ele>497</ele><time>2025-04-10T13:43:44.000Z</time></trkpt>
<trkpt lat="30.62311716790887" lon="104.0658061306296"><ele>497</ele><time>2025-04-10T13:43:46.000Z</time></trkpt>
<trkpt lat="30.62311801480568" lon="104.0656605879992"><ele>497</ele><time>2025-04-10T13:43:48.000Z</time></trkpt>
<trkpt lat="30.6231092411248" lon="104.0655177008191"><ele>497</ele><time>2025-04-10T13:43:50.000Z</time></trkpt>
<trkpt lat="30.62310692364328" lon="104.0653678846807"><ele>498</ele><time>2025-04-10T13:43:52.000Z</time></trkpt>
<trkpt lat="30.62311413725229" lon="104.0652181663406"><ele>498</ele><time>2025-04-10T13:43:54.000Z</time></trkpt>
<trkpt lat="30.62310861329198" lon="104.0650761537047"><ele>498</ele><time>2025-04-10T13:43:56.000Z</time></trkpt>
<trkpt lat="30.62309537870582" lon="104.0649434560188"><ele>498</ele><time>2025-04-10T13:43:58.000Z</time></trkpt>
<trkpt lat="30.62310683753024" lon="104.0648278640567"><ele>497</ele><time>2025-04-10T13:44:01.000Z</time></trkpt>
<trkpt lat="30.62309155498702" lon="104.0647219822734"><ele>497</ele><time>2025-04-10T13:44:39.000Z</time></trkpt>
<trkpt lat="30.62312237120209" lon="104.0646107483852"><ele>497</ele><time>2025-04-10T13:44:43.000Z</time></trkpt>
<trkpt lat="30.6231456188518" lon="104.0644917838991"><ele>497</ele><time>2025-04-10T13:44:46.000Z</time></trkpt>
<trkpt lat="30.62309458518218" lon="104.0643670219655"><ele>497</ele><time>2025-04-10T13:44:49.000Z</time></trkpt>
<trkpt lat="30.62306005825223" lon="104.0642465217311"><ele>496</ele><time>2025-04-10T13:44:52.000Z</time></trkpt>
<trkpt lat="30.62305411602778" lon="104.0641090992459"><ele>497</ele><time>2025-04-10T13:44:54.000Z</time></trkpt>
<trkpt lat="30.6230415969456" lon="104.0640010306776"><ele>496</ele><time>2025-04-10T13:44:56.000Z</time></trkpt>
<trkpt lat="30.62304635548318" lon="104.0638922448763"><ele>496</ele><time>2025-04-10T13:44:58.000Z</time></trkpt>
<trkpt lat="30.62304272574059" lon="104.0637816776554"><ele>496</ele><time>2025-04-10T13:45:00.000Z</time></trkpt>
<trkpt lat="30.62304161563224" lon="104.0636706645819"><ele>496</ele><time>2025-04-10T13:45:02.000Z</time></trkpt>
<trkpt lat="30.62304645129244" lon="104.063553520436"><ele>496</ele><time>2025-04-10T13:45:04.000Z</time></trkpt>
<trkpt lat="30.62304303386903" lon="104.0634323121593"><ele>496</ele><time>2025-04-10T13:45:06.000Z</time></trkpt>
<trkpt lat="30.6230411229253" lon="104.0633084462897"><ele>496</ele><time>2025-04-10T13:45:08.000Z</time></trkpt>
<trkpt lat="30.62303825011925" lon="104.063183403093"><ele>496</ele><time>2025-04-10T13:45:10.000Z</time></trkpt>
<trkpt lat="30.62303605943026" lon="104.0630534148148"><ele>496</ele><time>2025-04-10T13:45:12.000Z</time></trkpt>
<trkpt lat="30.62301725830307" lon="104.0629205471357"><ele>496</ele><time>2025-04-10T13:45:14.000Z</time></trkpt>
<trkpt lat="30.62298202129998" lon="104.0627913733483"><ele>497</ele><time>2025-04-10T13:45:16.000Z</time></trkpt>
<trkpt lat="30.62297192033446" lon="104.0626538934931"><ele>496</ele><time>2025-04-10T13:45:18.000Z</time></trkpt>
<trkpt lat="30.62294623342209" lon="104.0625140663665"><ele>496</ele><time>2025-04-10T13:45:20.000Z</time></trkpt>
<trkpt lat="30.62289281923315" lon="104.0623816126843"><ele>496</ele><time>2025-04-10T13:45:22.000Z</time></trkpt>
<trkpt lat="30.62284207055513" lon="104.0622474256308"><ele>496</ele><time>2025-04-10T13:45:24.000Z</time></trkpt>
<trkpt lat="30.62279479576679" lon="104.062114056208"><ele>496</ele><time>2025-04-10T13:45:26.000Z</time></trkpt>
<trkpt lat="30.62269931849416" lon="104.0620050322984"><ele>496</ele><time>2025-04-10T13:45:28.000Z</time></trkpt>
<trkpt lat="30.62271018510979" lon="104.0618494853143"><ele>496</ele><time>2025-04-10T13:45:30.000Z</time></trkpt>
<trkpt lat="30.62270878821106" lon="104.0617099596323"><ele>496</ele><time>2025-04-10T13:45:32.000Z</time></trkpt>
<trkpt lat="30.62270419006724" lon="104.0615691059702"><ele>496</ele><time>2025-04-10T13:45:34.000Z</time></trkpt>
<trkpt lat="30.62270225184723" lon="104.0614356999976"><ele>497</ele><time>2025-04-10T13:45:36.000Z</time></trkpt>
<trkpt lat="30.62269863438973" lon="104.0613100394183"><ele>496</ele><time>2025-04-10T13:45:38.000Z</time></trkpt>
<trkpt lat="30.62269237047698" lon="104.0611796749951"><ele>496</ele><time>2025-04-10T13:45:40.000Z</time></trkpt>
<trkpt lat="30.62269061772187" lon="104.0610378137875"><ele>496</ele><time>2025-04-10T13:45:42.000Z</time></trkpt>
<trkpt lat="30.62267220756651" lon="104.0608991705512"><ele>496</ele><time>2025-04-10T13:45:44.000Z</time></trkpt>
<trkpt lat="30.62266341486304" lon="104.0607438443719"><ele>496</ele><time>2025-04-10T13:45:46.000Z</time></trkpt>
<trkpt lat="30.62265721896332" lon="104.0605670570234"><ele>496</ele><time>2025-04-10T13:45:48.000Z</time></trkpt>
<trkpt lat="30.62264545152374" lon="104.0603876585994"><ele>496</ele><time>2025-04-10T13:45:50.000Z</time></trkpt>
<trkpt lat="30.62264244814737" lon="104.0602237708622"><ele>497</ele><time>2025-04-10T13:45:52.000Z</time></trkpt>
<trkpt lat="30.62263381386047" lon="104.0600637850544"><ele>497</ele><time>2025-04-10T13:45:54.000Z</time></trkpt>
<trkpt lat="30.62263893106007" lon="104.0599019359099"><ele>497</ele><time>2025-04-10T13:45:56.000Z</time></trkpt>
<trkpt lat="30.62264043134483" lon="104.059742644465"><ele>497</ele><time>2025-04-10T13:45:58.000Z</time></trkpt>
<trkpt lat="30.62262678084089" lon="104.0595839458904"><ele>497</ele><time>2025-04-10T13:46:00.000Z</time></trkpt>
<trkpt lat="30.62262351647678" lon="104.0594239793172"><ele>497</ele><time>2025-04-10T13:46:02.000Z</time></trkpt>
<trkpt lat="30.62261929310457" lon="104.0592708732441"><ele>497</ele><time>2025-04-10T13:46:04.000Z</time></trkpt>
<trkpt lat="30.62261927876337" lon="104.059112489509"><ele>496</ele><time>2025-04-10T13:46:06.000Z</time></trkpt>
<trkpt lat="30.62261301821608" lon="104.0589560558651"><ele>496</ele><time>2025-04-10T13:46:08.000Z</time></trkpt>
<trkpt lat="30.62260993596666" lon="104.0587991989305"><ele>496</ele><time>2025-04-10T13:46:10.000Z</time></trkpt>
<trkpt lat="30.62260908089023" lon="104.0586392413616"><ele>496</ele><time>2025-04-10T13:46:12.000Z</time></trkpt>
<trkpt lat="30.62260332573673" lon="104.0584755173589"><ele>496</ele><time>2025-04-10T13:46:14.000Z</time></trkpt>
<trkpt lat="30.62260286587637" lon="104.058304125332"><ele>496</ele><time>2025-04-10T13:46:16.000Z</time></trkpt>
<trkpt lat="30.62260256767283" lon="104.0581372657635"><ele>496</ele><time>2025-04-10T13:46:18.000Z</time></trkpt>
<trkpt lat="30.62259975493457" lon="104.057967387783"><ele>496</ele><time>2025-04-10T13:46:20.000Z</time></trkpt>
<trkpt lat="30.62259288198024" lon="104.0577914550128"><ele>496</ele><time>2025-04-10T13:46:22.000Z</time></trkpt>
<trkpt lat="30.62258976476182" lon="104.0576116852617"><ele>496</ele><time>2025-04-10T13:46:24.000Z</time></trkpt>
<trkpt lat="30.6225854264397" lon="104.057427552082"><ele>496</ele><time>2025-04-10T13:46:26.000Z</time></trkpt>
<trkpt lat="30.62258023460629" lon="104.0572521569154"><ele>496</ele><time>2025-04-10T13:46:28.000Z</time></trkpt>
<trkpt lat="30.6225745348695" lon="104.0570857752632"><ele>496</ele><time>2025-04-10T13:46:30.000Z</time></trkpt>
<trkpt lat="30.62256245882552" lon="104.0569196963942"><ele>496</ele><time>2025-04-10T13:46:32.000Z</time></trkpt>
<trkpt lat="30.62256250064898" lon="104.0567570305488"><ele>496</ele><time>2025-04-10T13:46:34.000Z</time></trkpt>
<trkpt lat="30.62256440922977" lon="104.0566191616592"><ele>496</ele><time>2025-04-10T13:46:36.000Z</time></trkpt>
<trkpt lat="30.62256060452105" lon="104.0564614397571"><ele>496</ele><time>2025-04-10T13:46:38.000Z</time></trkpt>
<trkpt lat="30.62254963975809" lon="104.0563008347501"><ele>496</ele><time>2025-04-10T13:46:40.000Z</time></trkpt>
<trkpt lat="30.62254857842593" lon="104.0561453601822"><ele>496</ele><time>2025-04-10T13:46:42.000Z</time></trkpt>
<trkpt lat="30.62256097887421" lon="104.0559926559287"><ele>496</ele><time>2025-04-10T13:46:44.000Z</time></trkpt>
<trkpt lat="30.62258532508188" lon="104.0558293044442"><ele>496</ele><time>2025-04-10T13:46:46.000Z</time></trkpt>
<trkpt lat="30.62261947254856" lon="104.055679814028"><ele>496</ele><time>2025-04-10T13:46:48.000Z</time></trkpt>
<trkpt lat="30.62262625788134" lon="104.0555395991056"><ele>496</ele><time>2025-04-10T13:46:50.000Z</time></trkpt>
<trkpt lat="30.62264773468521" lon="104.0554186389407"><ele>496</ele><time>2025-04-10T13:46:52.000Z</time></trkpt>
<trkpt lat="30.62266742029531" lon="104.055295756892"><ele>496</ele><time>2025-04-10T13:46:54.000Z</time></trkpt>
<trkpt lat="30.62268502718051" lon="104.0551829356032"><ele>496</ele><time>2025-04-10T13:46:56.000Z</time></trkpt>
<trkpt lat="30.62269251950323" lon="104.0550640321908"><ele>496</ele><time>2025-04-10T13:46:58.000Z</time></trkpt>
<trkpt lat="30.62288329112857" lon="104.0550369279882"><ele>497</ele><time>2025-04-10T13:47:02.000Z</time></trkpt>
<trkpt lat="30.62299971835169" lon="104.0550554496776"><ele>497</ele><time>2025-04-10T13:47:04.000Z</time></trkpt>
<trkpt lat="30.6231361457447" lon="104.0550678128768"><ele>497</ele><time>2025-04-10T13:47:06.000Z</time></trkpt>
<trkpt lat="30.62328694702474" lon="104.055087740375"><ele>497</ele><time>2025-04-10T13:47:08.000Z</time></trkpt>
<trkpt lat="30.62343491879338" lon="104.0550980359673"><ele>497</ele><time>2025-04-10T13:47:10.000Z</time></trkpt>
<trkpt lat="30.62357913582762" lon="104.0551029495041"><ele>497</ele><time>2025-04-10T13:47:12.000Z</time></trkpt>
<trkpt lat="30.62371772433861" lon="104.0551342946288"><ele>497</ele><time>2025-04-10T13:47:14.000Z</time></trkpt>
<trkpt lat="30.62386027934881" lon="104.0551504086161"><ele>497</ele><time>2025-04-10T13:47:16.000Z</time></trkpt>
<trkpt lat="30.6239994860061" lon="104.0551410368959"><ele>497</ele><time>2025-04-10T13:47:18.000Z</time></trkpt>
<trkpt lat="30.62414280877233" lon="104.055187074314"><ele>497</ele><time>2025-04-10T13:47:20.000Z</time></trkpt>
<trkpt lat="30.62429075946177" lon="104.0552004675872"><ele>497</ele><time>2025-04-10T13:47:22.000Z</time></trkpt>
<trkpt lat="30.62443513821367" lon="104.0552184906308"><ele>497</ele><time>2025-04-10T13:47:24.000Z</time></trkpt>
<trkpt lat="30.62457600318044" lon="104.0552335500562"><ele>497</ele><time>2025-04-10T13:47:26.000Z</time></trkpt>
<trkpt lat="30.62471343108155" lon="104.0552529612652"><ele>497</ele><time>2025-04-10T13:47:28.000Z</time></trkpt>
<trkpt lat="30.62484854959342" lon="104.0552649849611"><ele>497</ele><time>2025-04-10T13:47:30.000Z</time></trkpt>
<trkpt lat="30.62498361197795" lon="104.0552818278838"><ele>497</ele><time>2025-04-10T13:47:32.000Z</time></trkpt>
<trkpt lat="30.62511540158319" lon="104.0553067192451"><ele>497</ele><time>2025-04-10T13:47:34.000Z</time></trkpt>
<trkpt lat="30.62523913155566" lon="104.05533500128"><ele>497</ele><time>2025-04-10T13:47:36.000Z</time></trkpt>
<trkpt lat="30.62536818233149" lon="104.0553485821552"><ele>497</ele><time>2025-04-10T13:47:38.000Z</time></trkpt>
<trkpt lat="30.62548621271927" lon="104.0553544022082"><ele>497</ele><time>2025-04-10T13:47:40.000Z</time></trkpt>
<trkpt lat="30.62559890920173" lon="104.0553757257354"><ele>497</ele><time>2025-04-10T13:47:42.000Z</time></trkpt>
<trkpt lat="30.62570837225868" lon="104.0553956892059"><ele>497</ele><time>2025-04-10T13:47:44.000Z</time></trkpt>
<trkpt lat="30.62580846929351" lon="104.0554070020206"><ele>497</ele><time>2025-04-10T13:47:46.000Z</time></trkpt>
<trkpt lat="30.62590002372023" lon="104.055415472962"><ele>498</ele><time>2025-04-10T13:47:48.000Z</time></trkpt>
<trkpt lat="30.62590002372024" lon="104.055415472962"><ele>498</ele><time>2025-04-10T12:50:44.000Z</time></trkpt>
<trkpt lat="30.62590002372024" lon="104.055415472962"><ele>498</ele><time>2025-04-10T12:50:45.000Z</time></trkpt>
<trkpt lat="30.62590002372024" lon="104.055415472962"><ele>498</ele><time>2025-04-10T12:50:46.000Z</time></trkpt>
<trkpt lat="30.62590002372024" lon="104.055415472962"><ele>498</ele><time>2025-04-10T12:50:47.000Z</time></trkpt>
<trkpt lat="30.62590002372024" lon="104.055415472962"><ele>498</ele><time>2025-04-10T12:50:48.000Z</time></trkpt>
<trkpt lat="30.62590002372024" lon="104.055415472962"><ele>498</ele><time>2025-04-10T12:50:49.000Z</time></trkpt>
<trkpt lat="30.62590002372024" lon="104.055415472962"><ele>498</ele><time>2025-04-10T12:50:50.000Z</time></trkpt>
<trkpt lat="30.62590002372024" lon="104.055415472962"><ele>498</ele><time>2025-04-10T12:50:51.000Z</time></trkpt>
<trkpt lat="30.62590002372024" lon="104.055415472962"><ele>498</ele><time>2025-04-10T12:50:52.000Z</time></trkpt>
<trkpt lat="30.62590002372024" lon="104.055415472962"><ele>498</ele><time>2025-04-10T12:50:53.000Z</time></trkpt>
<trkpt lat="30.62590002372024" lon="104.055415472962"><ele>498</ele><time>2025-04-10T12:50:54.000Z</time></trkpt>
<trkpt lat="30.62590002372024" lon="104.055415472962"><ele>497</ele><time>2025-04-10T12:50:55.000Z</time></trkpt>
<trkpt lat="30.62590002372024" lon="104.055415472962"><ele>497</ele><time>2025-04-10T12:50:56.000Z</time></trkpt>
<trkpt lat="30.62590002372024" lon="104.055415472962"><ele>497</ele><time>2025-04-10T12:50:57.000Z</time></trkpt>
<trkpt lat="30.62590002372024" lon="104.055415472962"><ele>497</ele><time>2025-04-10T12:50:58.000Z</time></trkpt>
<trkpt lat="30.62590002372024" lon="104.055415472962"><ele>498</ele><time>2025-04-10T12:50:59.000Z</time></trkpt>
<trkpt lat="30.62590002372024" lon="104.055415472962"><ele>498</ele><time>2025-04-10T12:51:00.000Z</time></trkpt>
<trkpt lat="30.62590002372024" lon="104.055415472962"><ele>498</ele><time>2025-04-10T12:51:01.000Z</time></trkpt>
<trkpt lat="30.62590002372024" lon="104.055415472962"><ele>498</ele><time>2025-04-10T12:51:02.000Z</time></trkpt>
<trkpt lat="30.62590002372024" lon="104.055415472962"><ele>497</ele><time>2025-04-10T12:51:03.000Z</time></trkpt>
<trkpt lat="30.62590002372024" lon="104.055415472962"><ele>497</ele><time>2025-04-10T12:51:04.000Z</time></trkpt>
<trkpt lat="30.62590002372024" lon="104.055415472962"><ele>498</ele><time>2025-04-10T12:51:05.000Z</time></trkpt>
<trkpt lat="30.62590002372024" lon="104.055415472962"><ele>498</ele><time>2025-04-10T12:51:06.000Z</time></trkpt>
<trkpt lat="30.62590002372024" lon="104.055415472962"><ele>498</ele><time>2025-04-10T12:51:07.000Z</time></trkpt>
<trkpt lat="30.62590002372024" lon="104.055415472962"><ele>498</ele><time>2025-04-10T12:51:08.000Z</time></trkpt>
<trkpt lat="30.62590002372024" lon="104.055415472962"><ele>497</ele><time>2025-04-10T12:51:09.000Z</time></trkpt>
<trkpt lat="30.62590002372024" lon="104.055415472962"><ele>497</ele><time>2025-04-10T12:51:10.000Z</time></trkpt>
<trkpt lat="30.62590002372024" lon="104.055415472962"><ele>497</ele><time>2025-04-10T12:51:11.000Z</time></trkpt>
<trkpt lat="30.62590002372024" lon="104.055415472962"><ele>498</ele><time>2025-04-10T12:51:12.000Z</time></trkpt>
<trkpt lat="30.62590002372024" lon="104.055415472962"><ele>498</ele><time>2025-04-10T12:51:13.000Z</time></trkpt>
<trkpt lat="30.62590002372024" lon="104.055415472962"><ele>498</ele><time>2025-04-10T12:51:14.000Z</time></trkpt>
<trkpt lat="30.62590002372024" lon="104.055415472962"><ele>498</ele><time>2025-04-10T12:51:15.000Z</time></trkpt>
<trkpt lat="30.62590002372024" lon="104.055415472962"><ele>497</ele><time>2025-04-10T12:51:16.000Z</time></trkpt>
<trkpt lat="30.62590002372024" lon="104.055415472962"><ele>497</ele><time>2025-04-10T12:51:17.000Z</time></trkpt>
<trkpt lat="30.62590002372024" lon="104.055415472962"><ele>498</ele><time>2025-04-10T12:51:18.000Z</time></trkpt>
<trkpt lat="30.62590002372024" lon="104.055415472962"><ele>497</ele><time>2025-04-10T12:51:19.000Z</time></trkpt>
<trkpt lat="30.62590002372024" lon="104.055415472962"><ele>497</ele><time>2025-04-10T12:51:20.000Z</time></trkpt>
<trkpt lat="30.62590002372024" lon="104.055415472962"><ele>497</ele><time>2025-04-10T12:51:21.000Z</time></trkpt>
<trkpt lat="30.62590002372024" lon="104.055415472962"><ele>497</ele><time>2025-04-10T12:51:22.000Z</time></trkpt>
<trkpt lat="30.62590002372024" lon="104.055415472962"><ele>497</ele><time>2025-04-10T12:51:23.000Z</time></trkpt>
<trkpt lat="30.62590002372024" lon="104.055415472962"><ele>497</ele><time>2025-04-10T12:51:24.000Z</time></trkpt>
<trkpt lat="30.62590002372024" lon="104.055415472962"><ele>497</ele><time>2025-04-10T12:51:25.000Z</time></trkpt>
<trkpt lat="30.62590002372024" lon="104.055415472962"><ele>497</ele><time>2025-04-10T12:51:26.000Z</time></trkpt>
<trkpt lat="30.62590002372024" lon="104.055415472962"><ele>497</ele><time>2025-04-10T12:51:27.000Z</time></trkpt>
<trkpt lat="30.62590002372024" lon="104.055415472962"><ele>496</ele><time>2025-04-10T12:51:28.000Z</time></trkpt>
<trkpt lat="30.62590002372024" lon="104.055415472962"><ele>496</ele><time>2025-04-10T12:51:29.000Z</time></trkpt>
<trkpt lat="30.62590002372024" lon="104.055415472962"><ele>496</ele><time>2025-04-10T12:51:30.000Z</time></trkpt>
<trkpt lat="30.62590002372024" lon="104.055415472962"><ele>496</ele><time>2025-04-10T12:51:31.000Z</time></trkpt>
<trkpt lat="30.62590002372024" lon="104.055415472962"><ele>496</ele><time>2025-04-10T12:51:32.000Z</time></trkpt>
<trkpt lat="30.62590002372024" lon="104.055415472962"><ele>496</ele><time>2025-04-10T12:51:33.000Z</time></trkpt>
<trkpt lat="30.62590002372024" lon="104.055415472962"><ele>496</ele><time>2025-04-10T12:51:34.000Z</time></trkpt>
<trkpt lat="30.62590002372024" lon="104.055415472962"><ele>496</ele><time>2025-04-10T12:51:35.000Z</time></trkpt>
<trkpt lat="30.62590002372024" lon="104.055415472962"><ele>496</ele><time>2025-04-10T12:51:36.000Z</time></trkpt>
<trkpt lat="30.62590002372024" lon="104.055415472962"><ele>496</ele><time>2025-04-10T12:51:37.000Z</time></trkpt>
<trkpt lat="30.62590002372024" lon="104.055415472962"><ele>496</ele><time>2025-04-10T12:51:38.000Z</time></trkpt>
<trkpt lat="30.62590002372024" lon="104.055415472962"><ele>496</ele><time>2025-04-10T12:51:39.000Z</time></trkpt>
<trkpt lat="30.62590002372024" lon="104.055415472962"><ele>496</ele><time>2025-04-10T12:51:40.000Z</time></trkpt>
<trkpt lat="30.62590002372024" lon="104.055415472962"><ele>496</ele><time>2025-04-10T12:51:41.000Z</time></trkpt>
<trkpt lat="30.62590002372024" lon="104.055415472962"><ele>496</ele><time>2025-04-10T12:51:42.000Z</time></trkpt>
<trkpt lat="30.62590002372024" lon="104.055415472962"><ele>495</ele><time>2025-04-10T12:51:43.000Z</time></trkpt>
<trkpt lat="30.62590002372024" lon="104.055415472962"><ele>495</ele><time>2025-04-10T12:51:44.000Z</time></trkpt>
<trkpt lat="30.62590002372024" lon="104.055415472962"><ele>494</ele><time>2025-04-10T12:51:45.000Z</time></trkpt>
<trkpt lat="30.62590002372024" lon="104.055415472962"><ele>495</ele><time>2025-04-10T12:51:46.000Z</time></trkpt>
<trkpt lat="30.62590002372024" lon="104.055415472962"><ele>494</ele><time>2025-04-10T12:51:47.000Z</time></trkpt>
<trkpt lat="30.62590002372024" lon="104.055415472962"><ele>494</ele><time>2025-04-10T12:51:48.000Z</time></trkpt>
<trkpt lat="30.62590002372024" lon="104.055415472962"><ele>493</ele><time>2025-04-10T12:51:49.000Z</time></trkpt>
<trkpt lat="30.62590002372024" lon="104.055415472962"><ele>493</ele><time>2025-04-10T12:51:50.000Z</time></trkpt>
<trkpt lat="30.62590002372024" lon="104.055415472962"><ele>493</ele><time>2025-04-10T12:51:51.000Z</time></trkpt>
<trkpt lat="30.62590002372024" lon="104.055415472962"><ele>493</ele><time>2025-04-10T12:51:52.000Z</time></trkpt>
<trkpt lat="30.62590002372024" lon="104.055415472962"><ele>492</ele><time>2025-04-10T12:51:53.000Z</time></trkpt>
<trkpt lat="30.62590002372024" lon="104.055415472962"><ele>492</ele><time>2025-04-10T12:51:54.000Z</time></trkpt>
<trkpt lat="30.62590002372024" lon="104.055415472962"><ele>492</ele><time>2025-04-10T12:51:55.000Z</time></trkpt>
<trkpt lat="30.62590002372024" lon="104.055415472962"><ele>492</ele><time>2025-04-10T12:51:56.000Z</time></trkpt>
<trkpt lat="30.62590002372024" lon="104.055415472962"><ele>494</ele><time>2025-04-10T12:51:57.000Z</time></trkpt>
<trkpt lat="30.62590002372024" lon="104.055415472962"><ele>494</ele><time>2025-04-10T12:51:58.000Z</time></trkpt>
<trkpt lat="30.62590002372024" lon="104.055415472962"><ele>494</ele><time>2025-04-10T12:51:59.000Z</time></trkpt>
<trkpt lat="30.62590002372024" lon="104.055415472962"><ele>494</ele><time>2025-04-10T12:52:00.000Z</time></trkpt>
<trkpt lat="30.62590002372024" lon="104.055415472962"><ele>494</ele><time>2025-04-10T12:52:01.000Z</time></trkpt>
<trkpt lat="30.62590002372024" lon="104.055415472962"><ele>494</ele><time>2025-04-10T12:52:02.000Z</time></trkpt>
<trkpt lat="30.62590002372024" lon="104.055415472962"><ele>494</ele><time>2025-04-10T12:52:03.000Z</time></trkpt>
<trkpt lat="30.62590002372024" lon="104.055415472962"><ele>494</ele><time>2025-04-10T12:52:04.000Z</time></trkpt>
<trkpt lat="30.62590002372024" lon="104.055415472962"><ele>494</ele><time>2025-04-10T12:52:05.000Z</time></trkpt>
<trkpt lat="30.62590002372024" lon="104.055415472962"><ele>493</ele><time>2025-04-10T12:52:06.000Z</time></trkpt>
<trkpt lat="30.62590002372024" lon="104.055415472962"><ele>493</ele><time>2025-04-10T12:52:07.000Z</time></trkpt>
<trkpt lat="30.62590002372024" lon="104.055415472962"><ele>493</ele><time>2025-04-10T12:52:08.000Z</time></trkpt>
<trkpt lat="30.62590002372024" lon="104.055415472962"><ele>493</ele><time>2025-04-10T12:52:09.000Z</time></trkpt>
<trkpt lat="30.62590002372024" lon="104.055415472962"><ele>492</ele><time>2025-04-10T12:52:10.000Z</time></trkpt>
<trkpt lat="30.62590002372024" lon="104.055415472962"><ele>492</ele><time>2025-04-10T12:52:11.000Z</time></trkpt>
<trkpt lat="30.62590002372024" lon="104.055415472962"><ele>492</ele><time>2025-04-10T12:52:12.000Z</time></trkpt>
<trkpt lat="30.62590002372024" lon="104.055415472962"><ele>492</ele><time>2025-04-10T12:52:13.000Z</time></trkpt>
<trkpt lat="30.62590002372024" lon="104.055415472962"><ele>492</ele><time>2025-04-10T12:52:14.000Z</time></trkpt>
<trkpt lat="30.62590002372024" lon="104.055415472962"><ele>492</ele><time>2025-04-10T12:52:15.000Z</time></trkpt>
<trkpt lat="30.62590002372024" lon="104.055415472962"><ele>492</ele><time>2025-04-10T12:52:16.000Z</time></trkpt>
<trkpt lat="30.62590002372024" lon="104.055415472962"><ele>492</ele><time>2025-04-10T12:52:17.000Z</time></trkpt>
<trkpt lat="30.62590002372024" lon="104.055415472962"><ele>492</ele><time>2025-04-10T12:52:18.000Z</time></trkpt>
<trkpt lat="30.62590002372024" lon="104.055415472962"><ele>492</ele><time>2025-04-10T12:52:19.000Z</time></trkpt>
<trkpt lat="30.62590002372024" lon="104.055415472962"><ele>492</ele><time>2025-04-10T12:52:20.000Z</time></trkpt>
<trkpt lat="30.62590002372024" lon="104.055415472962"><ele>492</ele><time>2025-04-10T12:52:21.000Z</time></trkpt>
<trkpt lat="30.62590002372024" lon="104.055415472962"><ele>493</ele><time>2025-04-10T12:52:22.000Z</time></trkpt>
<trkpt lat="30.62590002372024" lon="104.055415472962"><ele>493</ele><time>2025-04-10T12:52:23.000Z</time></trkpt>
<trkpt lat="30.62590002372024" lon="104.055415472962"><ele>494</ele><time>2025-04-10T12:52:24.000Z</time></trkpt>
<trkpt lat="30.62590002372024" lon="104.055415472962"><ele>494</ele><time>2025-04-10T12:52:25.000Z</time></trkpt>
<trkpt lat="30.62590002372024" lon="104.055415472962"><ele>493</ele><time>2025-04-10T12:52:26.000Z</time></trkpt>
<trkpt lat="30.62590002372024" lon="104.055415472962"><ele>493</ele><time>2025-04-10T12:52:27.000Z</time></trkpt>
<trkpt lat="30.62590002372024" lon="104.055415472962"><ele>492</ele><time>2025-04-10T12:52:28.000Z</time></trkpt>
<trkpt lat="30.62590002372024" lon="104.055415472962"><ele>492</ele><time>2025-04-10T12:52:29.000Z</time></trkpt>
<trkpt lat="30.62590002372024" lon="104.055415472962"><ele>492</ele><time>2025-04-10T12:52:30.000Z</time></trkpt>
<trkpt lat="30.62590002372024" lon="104.055415472962"><ele>493</ele><time>2025-04-10T12:52:31.000Z</time></trkpt>
<trkpt lat="30.62590002372024" lon="104.055415472962"><ele>493</ele><time>2025-04-10T12:52:32.000Z</time></trkpt>
<trkpt lat="30.62590002372024" lon="104.055415472962"><ele>493</ele><time>2025-04-10T12:52:33.000Z</time></trkpt>
<trkpt lat="30.62590002372024" lon="104.055415472962"><ele>493</ele><time>2025-04-10T12:52:34.000Z</time></trkpt>
<trkpt lat="30.62590002372024" lon="104.055415472962"><ele>493</ele><time>2025-04-10T12:52:35.000Z</time></trkpt>
<trkpt lat="30.62590002372024" lon="104.055415472962"><ele>493</ele><time>2025-04-10T12:52:36.000Z</time></trkpt>
<trkpt lat="30.62590002372024" lon="104.055415472962"><ele>493</ele><time>2025-04-10T12:52:37.000Z</time></trkpt>
<trkpt lat="30.62590002372024" lon="104.055415472962"><ele>493</ele><time>2025-04-10T12:52:38.000Z</time></trkpt>
<trkpt lat="30.62590002372024" lon="104.055415472962"><ele>493</ele><time>2025-04-10T12:52:39.000Z</time></trkpt>
<trkpt lat="30.62590002372024" lon="104.055415472962"><ele>494</ele><time>2025-04-10T12:52:40.000Z</time></trkpt>
<trkpt lat="30.62590002372024" lon="104.055415472962"><ele>494</ele><time>2025-04-10T12:52:41.000Z</time></trkpt>
<trkpt lat="30.62590002372024" lon="104.055415472962"><ele>494</ele><time>2025-04-10T12:52:42.000Z</time></trkpt>
<trkpt lat="30.62590002372024" lon="104.055415472962"><ele>494</ele><time>2025-04-10T12:52:43.000Z</time></trkpt>
<trkpt lat="30.62590002372024" lon="104.055415472962"><ele>493</ele><time>2025-04-10T12:52:44.000Z</time></trkpt>
<trkpt lat="30.62590002372024" lon="104.055415472962"><ele>494</ele><time>2025-04-10T12:52:45.000Z</time></trkpt>
<trkpt lat="30.62590002372024" lon="104.055415472962"><ele>494</ele><time>2025-04-10T12:52:46.000Z</time></trkpt>
<trkpt lat="30.62590002372024" lon="104.055415472962"><ele>494</ele><time>2025-04-10T12:52:47.000Z</time></trkpt>
<trkpt lat="30.62590002372024" lon="104.055415472962"><ele>494</ele><time>2025-04-10T12:52:48.000Z</time></trkpt>
<trkpt lat="30.62590002372024" lon="104.055415472962"><ele>494</ele><time>2025-04-10T12:52:49.000Z</time></trkpt>
<trkpt lat="30.62590002372024" lon="104.055415472962"><ele>494</ele><time>2025-04-10T12:52:50.000Z</time></trkpt>
<trkpt lat="30.62590002372024" lon="104.055415472962"><ele>494</ele><time>2025-04-10T12:52:51.000Z</time></trkpt>
<trkpt lat="30.62590002372024" lon="104.055415472962"><ele>494</ele><time>2025-04-10T12:52:52.000Z</time></trkpt>
<trkpt lat="30.62590002372024" lon="104.055415472962"><ele>494</ele><time>2025-04-10T12:52:53.000Z</time></trkpt>
<trkpt lat="30.62590002372024" lon="104.055415472962"><ele>494</ele><time>2025-04-10T12:52:54.000Z</time></trkpt>
<trkpt lat="30.62590002372024" lon="104.055415472962"><ele>494</ele><time>2025-04-10T12:52:55.000Z</time></trkpt>
<trkpt lat="30.62590002372024" lon="104.055415472962"><ele>494</ele><time>2025-04-10T12:52:56.000Z</time></trkpt>
<trkpt lat="30.62590002372024" lon="104.055415472962"><ele>494</ele><time>2025-04-10T12:52:57.000Z</time></trkpt>
<trkpt lat="30.62590002372024" lon="104.055415472962"><ele>495</ele><time>2025-04-10T12:52:58.000Z</time></trkpt>
<trkpt lat="30.62590002372024" lon="104.055415472962"><ele>494</ele><time>2025-04-10T12:52:59.000Z</time></trkpt>
<trkpt lat="30.62590002372024" lon="104.055415472962"><ele>494</ele><time>2025-04-10T12:53:00.000Z</time></trkpt>
<trkpt lat="30.62590002372024" lon="104.055415472962"><ele>494</ele><time>2025-04-10T12:53:01.000Z</time></trkpt>
<trkpt lat="30.62590002372024" lon="104.055415472962"><ele>494</ele><time>2025-04-10T12:53:02.000Z</time></trkpt>
<trkpt lat="30.62590002372024" lon="104.055415472962"><ele>494</ele><time>2025-04-10T12:53:03.000Z</time></trkpt>
<trkpt lat="30.62590002372024" lon="104.055415472962"><ele>494</ele><time>2025-04-10T12:53:04.000Z</time></trkpt>
<trkpt lat="30.62590002372024" lon="104.055415472962"><ele>494</ele><time>2025-04-10T12:53:05.000Z</time></trkpt>
<trkpt lat="30.62590002372024" lon="104.055415472962"><ele>494</ele><time>2025-04-10T12:53:06.000Z</time></trkpt>
<trkpt lat="30.62590002372024" lon="104.055415472962"><ele>494</ele><time>2025-04-10T12:53:07.000Z</time></trkpt>
<trkpt lat="30.62590002372024" lon="104.055415472962"><ele>494</ele><time>2025-04-10T12:53:08.000Z</time></trkpt>
<trkpt lat="30.62590002372024" lon="104.055415472962"><ele>494</ele><time>2025-04-10T12:53:09.000Z</time></trkpt>
<trkpt lat="30.62590002372024" lon="104.055415472962"><ele>494</ele><time>2025-04-10T12:53:10.000Z</time></trkpt>
<trkpt lat="30.62590002372024" lon="104.055415472962"><ele>494</ele><time>2025-04-10T12:53:11.000Z</time></trkpt>
<trkpt lat="30.62590002372024" lon="104.055415472962"><ele>494</ele><time>2025-04-10T12:53:12.000Z</time></trkpt>
<trkpt lat="30.62590002372024" lon="104.055415472962"><ele>494</ele><time>2025-04-10T12:53:13.000Z</time></trkpt>
<trkpt lat="30.62590002372024" lon="104.055415472962"><ele>493</ele><time>2025-04-10T12:53:14.000Z</time></trkpt>
<trkpt lat="30.62590002372024" lon="104.055415472962"><ele>493</ele><time>2025-04-10T12:53:15.000Z</time></trkpt>
<trkpt lat="30.62590002372024" lon="104.055415472962"><ele>493</ele><time>2025-04-10T12:53:16.000Z</time></trkpt>
<trkpt lat="30.62590002372024" lon="104.055415472962"><ele>494</ele><time>2025-04-10T12:53:17.000Z</time></trkpt>
<trkpt lat="30.62590002372024" lon="104.055415472962"><ele>496</ele><time>2025-04-10T12:53:18.000Z</time></trkpt>
<trkpt lat="30.62590002372024" lon="104.055415472962"><ele>496</ele><time>2025-04-10T12:53:19.000Z</time></trkpt>
<trkpt lat="30.62590002372024" lon="104.055415472962"><ele>495</ele><time>2025-04-10T12:53:20.000Z</time></trkpt>
<trkpt lat="30.62590002372024" lon="104.055415472962"><ele>496</ele><time>2025-04-10T12:53:21.000Z</time></trkpt>
<trkpt lat="30.62590002372024" lon="104.055415472962"><ele>496</ele><time>2025-04-10T12:53:22.000Z</time></trkpt>
<trkpt lat="30.62590002372024" lon="104.055415472962"><ele>497</ele><time>2025-04-10T12:53:23.000Z</time></trkpt>
<trkpt lat="30.62590002372024" lon="104.055415472962"><ele>498</ele><time>2025-04-10T12:53:24.000Z</time></trkpt>
<trkpt lat="30.62590002372024" lon="104.055415472962"><ele>499</ele><time>2025-04-10T12:53:25.000Z</time></trkpt>
<trkpt lat="30.62590002372024" lon="104.055415472962"><ele>498</ele><time>2025-04-10T12:53:26.000Z</time></trkpt>
<trkpt lat="30.62590002372024" lon="104.055415472962"><ele>498</ele><time>2025-04-10T12:53:27.000Z</time></trkpt>
<trkpt lat="30.62590002372024" lon="104.055415472962"><ele>498</ele><time>2025-04-10T12:53:28.000Z</time></trkpt>
<trkpt lat="30.62590002372024" lon="104.055415472962"><ele>498</ele><time>2025-04-10T12:53:29.000Z</time></trkpt>
<trkpt lat="30.62590002372024" lon="104.055415472962"><ele>499</ele><time>2025-04-10T12:53:30.000Z</time></trkpt>
<trkpt lat="30.62590002372024" lon="104.055415472962"><ele>500</ele><time>2025-04-10T12:53:31.000Z</time></trkpt>
<trkpt lat="30.62590002372024" lon="104.055415472962"><ele>502</ele><time>2025-04-10T12:53:32.000Z</time></trkpt>
<trkpt lat="30.62590002372024" lon="104.055415472962"><ele>504</ele><time>2025-04-10T12:53:33.000Z</time></trkpt>
<trkpt lat="30.62590002372024" lon="104.055415472962"><ele>503</ele><time>2025-04-10T12:53:34.000Z</time></trkpt>
<trkpt lat="30.62590002372024" lon="104.055415472962"><ele>504</ele><time>2025-04-10T12:53:35.000Z</time></trkpt>
<trkpt lat="30.62590002372024" lon="104.055415472962"><ele>503</ele><time>2025-04-10T12:53:36.000Z</time></trkpt>
<trkpt lat="30.62590002372024" lon="104.055415472962"><ele>503</ele><time>2025-04-10T12:53:37.000Z</time></trkpt>
<trkpt lat="30.62590002372024" lon="104.055415472962"><ele>504</ele><time>2025-04-10T12:53:38.000Z</time></trkpt>
<trkpt lat="30.62590002372024" lon="104.055415472962"><ele>504</ele><time>2025-04-10T12:53:39.000Z</time></trkpt>
<trkpt lat="30.62590002372024" lon="104.055415472962"><ele>504</ele><time>2025-04-10T12:53:40.000Z</time></trkpt>
<trkpt lat="30.62590002372024" lon="104.055415472962"><ele>503</ele><time>2025-04-10T12:53:41.000Z</time></trkpt>
<trkpt lat="30.62590002372024" lon="104.055415472962"><ele>504</ele><time>2025-04-10T12:53:42.000Z</time></trkpt>
<trkpt lat="30.62590002372024" lon="104.055415472962"><ele>505</ele><time>2025-04-10T12:53:43.000Z</time></trkpt>
<trkpt lat="30.62590002372024" lon="104.055415472962"><ele>504</ele><time>2025-04-10T12:53:44.000Z</time></trkpt>
<trkpt lat="30.62590002372024" lon="104.055415472962"><ele>505</ele><time>2025-04-10T12:53:45.000Z</time></trkpt>
<trkpt lat="30.62590002372024" lon="104.055415472962"><ele>505</ele><time>2025-04-10T12:53:46.000Z</time></trkpt>
<trkpt lat="30.62590002372024" lon="104.055415472962"><ele>506</ele><time>2025-04-10T12:53:47.000Z</time></trkpt>
<trkpt lat="30.62590002372024" lon="104.055415472962"><ele>505</ele><time>2025-04-10T12:53:48.000Z</time></trkpt>
<trkpt lat="30.62590002372024" lon="104.055415472962"><ele>503</ele><time>2025-04-10T12:53:49.000Z</time></trkpt>
<trkpt lat="30.62590002372024" lon="104.055415472962"><ele>505</ele><time>2025-04-10T12:53:50.000Z</time></trkpt>
<trkpt lat="30.62590002372024" lon="104.055415472962"><ele>504</ele><time>2025-04-10T12:53:51.000Z</time></trkpt>
<trkpt lat="30.62590002372024" lon="104.055415472962"><ele>504</ele><time>2025-04-10T12:53:52.000Z</time></trkpt>
<trkpt lat="30.62590002372024" lon="104.055415472962"><ele>504</ele><time>2025-04-10T12:53:53.000Z</time></trkpt>
<trkpt lat="30.62590002372024" lon="104.055415472962"><ele>505</ele><time>2025-04-10T12:53:54.000Z</time></trkpt>
<trkpt lat="30.62590002372024" lon="104.055415472962"><ele>505</ele><time>2025-04-10T12:53:55.000Z</time></trkpt>
<trkpt lat="30.62590002372024" lon="104.055415472962"><ele>506</ele><time>2025-04-10T12:53:56.000Z</time></trkpt>
<trkpt lat="30.62590002372024" lon="104.055415472962"><ele>506</ele><time>2025-04-10T12:53:57.000Z</time></trkpt>
<trkpt lat="30.62590002372024" lon="104.055415472962"><ele>506</ele><time>2025-04-10T12:53:58.000Z</time></trkpt>
<trkpt lat="30.62590002372024" lon="104.055415472962"><ele>506</ele><time>2025-04-10T12:53:59.000Z</time></trkpt>
<trkpt lat="30.62590002372024" lon="104.055415472962"><ele>506</ele><time>2025-04-10T12:54:00.000Z</time></trkpt>
<trkpt lat="30.62590002372024" lon="104.055415472962"><ele>506</ele><time>2025-04-10T12:54:01.000Z</time></trkpt>
<trkpt lat="30.62590002372024" lon="104.055415472962"><ele>506</ele><time>2025-04-10T12:54:02.000Z</time></trkpt>
<trkpt lat="30.62590002372024" lon="104.055415472962"><ele>506</ele><time>2025-04-10T12:54:03.000Z</time></trkpt>
<trkpt lat="30.62590002372024" lon="104.055415472962"><ele>506</ele><time>2025-04-10T12:54:04.000Z</time></trkpt>
<trkpt lat="30.62590002372024" lon="104.055415472962"><ele>505</ele><time>2025-04-10T12:54:05.000Z</time></trkpt>
<trkpt lat="30.62590002372024" lon="104.055415472962"><ele>505</ele><time>2025-04-10T12:54:06.000Z</time></trkpt>
<trkpt lat="30.62590002372024" lon="104.055415472962"><ele>505</ele><time>2025-04-10T12:54:07.000Z</time></trkpt>
<trkpt lat="30.62590002372024" lon="104.055415472962"><ele>505</ele><time>2025-04-10T12:54:08.000Z</time></trkpt>
<trkpt lat="30.62590002372024" lon="104.055415472962"><ele>505</ele><time>2025-04-10T12:54:09.000Z</time></trkpt>
<trkpt lat="30.62590002372024" lon="104.055415472962"><ele>505</ele><time>2025-04-10T12:54:10.000Z</time></trkpt>
<trkpt lat="30.62590002372024" lon="104.055415472962"><ele>505</ele><time>2025-04-10T12:54:11.000Z</time></trkpt>
<trkpt lat="30.62590002372024" lon="104.055415472962"><ele>505</ele><time>2025-04-10T12:54:12.000Z</time></trkpt>
<trkpt lat="30.62590002372024" lon="104.055415472962"><ele>505</ele><time>2025-04-10T12:54:13.000Z</time></trkpt>
<trkpt lat="30.62590002372024" lon="104.055415472962"><ele>505</ele><time>2025-04-10T12:54:14.000Z</time></trkpt>
<trkpt lat="30.62590002372024" lon="104.055415472962"><ele>504</ele><time>2025-04-10T12:54:15.000Z</time></trkpt>
<trkpt lat="30.62590002372024" lon="104.055415472962"><ele>505</ele><time>2025-04-10T12:54:16.000Z</time></trkpt>
<trkpt lat="30.62590002372024" lon="104.055415472962"><ele>505</ele><time>2025-04-10T12:54:17.000Z</time></trkpt>
<trkpt lat="30.62590002372024" lon="104.055415472962"><ele>505</ele><time>2025-04-10T12:54:18.000Z</time></trkpt>
<trkpt lat="30.62590002372024" lon="104.055415472962"><ele>505</ele><time>2025-04-10T12:54:19.000Z</time></trkpt>
<trkpt lat="30.62590002372024" lon="104.055415472962"><ele>505</ele><time>2025-04-10T12:54:20.000Z</time></trkpt>
<trkpt lat="30.62590002372024" lon="104.055415472962"><ele>505</ele><time>2025-04-10T12:54:21.000Z</time></trkpt>
<trkpt lat="30.62590002372024" lon="104.055415472962"><ele>505</ele><time>2025-04-10T12:54:22.000Z</time></trkpt>
<trkpt lat="30.62590002372024" lon="104.055415472962"><ele>505</ele><time>2025-04-10T12:54:23.000Z</time></trkpt>
<trkpt lat="30.62590002372024" lon="104.055415472962"><ele>505</ele><time>2025-04-10T12:54:24.000Z</time></trkpt>
<trkpt lat="30.62590002372024" lon="104.055415472962"><ele>504</ele><time>2025-04-10T12:54:25.000Z</time></trkpt>
<trkpt lat="30.62590002372024" lon="104.055415472962"><ele>504</ele><time>2025-04-10T12:54:26.000Z</time></trkpt>
<trkpt lat="30.62590002372024" lon="104.055415472962"><ele>503</ele><time>2025-04-10T12:54:27.000Z</time></trkpt>
<trkpt lat="30.62590002372024" lon="104.055415472962"><ele>503</ele><time>2025-04-10T12:54:28.000Z</time></trkpt>
<trkpt lat="30.62590002372024" lon="104.055415472962"><ele>503</ele><time>2025-04-10T12:54:29.000Z</time></trkpt>
<trkpt lat="30.62590002372024" lon="104.055415472962"><ele>503</ele><time>2025-04-10T12:54:30.000Z</time></trkpt>
<trkpt lat="30.62590002372024" lon="104.055415472962"><ele>503</ele><time>2025-04-10T12:54:31.000Z</time></trkpt>
<trkpt lat="30.62590002372024" lon="104.055415472962"><ele>503</ele><time>2025-04-10T12:54:32.000Z</time></trkpt>
<trkpt lat="30.62590002372024" lon="104.055415472962"><ele>503</ele><time>2025-04-10T12:54:33.000Z</time></trkpt>
<trkpt lat="30.62590002372024" lon="104.055415472962"><ele>503</ele><time>2025-04-10T12:54:34.000Z</time></trkpt>
<trkpt lat="30.62590002372024" lon="104.055415472962"><ele>503</ele><time>2025-04-10T12:54:35.000Z</time></trkpt>
<trkpt lat="30.62590002372024" lon="104.055415472962"><ele>503</ele><time>2025-04-10T12:54:36.000Z</time></trkpt>
<trkpt lat="30.62590002372024" lon="104.055415472962"><ele>503</ele><time>2025-04-10T12:54:37.000Z</time></trkpt>
<trkpt lat="30.62590002372024" lon="104.055415472962"><ele>503</ele><time>2025-04-10T12:54:38.000Z</time></trkpt>
<trkpt lat="30.62590002372024" lon="104.055415472962"><ele>503</ele><time>2025-04-10T12:54:39.000Z</time></trkpt>
<trkpt lat="30.62590002372024" lon="104.055415472962"><ele>503</ele><time>2025-04-10T12:54:40.000Z</time></trkpt>
<trkpt lat="30.62590002372024" lon="104.055415472962"><ele>503</ele><time>2025-04-10T12:54:41.000Z</time></trkpt>
<trkpt lat="30.62590002372024" lon="104.055415472962"><ele>503</ele><time>2025-04-10T12:54:42.000Z</time></trkpt>
<trkpt lat="30.62590002372024" lon="104.055415472962"><ele>503</ele><time>2025-04-10T12:54:43.000Z</time></trkpt>
<trkpt lat="30.62590002372024" lon="104.055415472962"><ele>503</ele><time>2025-04-10T12:54:44.000Z</time></trkpt>
<trkpt lat="30.62590002372024" lon="104.055415472962"><ele>502</ele><time>2025-04-10T12:54:45.000Z</time></trkpt>
<trkpt lat="30.62590002372024" lon="104.055415472962"><ele>502</ele><time>2025-04-10T12:54:46.000Z</time></trkpt>
<trkpt lat="30.62590002372024" lon="104.055415472962"><ele>502</ele><time>2025-04-10T12:54:47.000Z</time></trkpt>
<trkpt lat="30.62590002372024" lon="104.055415472962"><ele>502</ele><time>2025-04-10T12:54:48.000Z</time></trkpt>
<trkpt lat="30.62590002372024" lon="104.055415472962"><ele>501</ele><time>2025-04-10T12:54:49.000Z</time></trkpt>
<trkpt lat="30.62590002372024" lon="104.055415472962"><ele>501</ele><time>2025-04-10T12:54:50.000Z</time></trkpt>
<trkpt lat="30.62590002372024" lon="104.055415472962"><ele>501</ele><time>2025-04-10T12:54:51.000Z</time></trkpt>
<trkpt lat="30.62590002372024" lon="104.055415472962"><ele>501</ele><time>2025-04-10T12:54:52.000Z</time></trkpt>
<trkpt lat="30.62590002372024" lon="104.055415472962"><ele>501</ele><time>2025-04-10T12:54:53.000Z</time></trkpt>
<trkpt lat="30.62590002372024" lon="104.055415472962"><ele>500</ele><time>2025-04-10T12:54:54.000Z</time></trkpt>
<trkpt lat="30.62590002372024" lon="104.055415472962"><ele>500</ele><time>2025-04-10T12:54:55.000Z</time></trkpt>
<trkpt lat="30.62590002372024" lon="104.055415472962"><ele>500</ele><time>2025-04-10T12:54:56.000Z</time></trkpt>
<trkpt lat="30.62590002372024" lon="104.055415472962"><ele>500</ele><time>2025-04-10T12:54:57.000Z</time></trkpt>
<trkpt lat="30.62590002372024" lon="104.055415472962"><ele>500</ele><time>2025-04-10T12:54:58.000Z</time></trkpt>
<trkpt lat="30.62590002372024" lon="104.055415472962"><ele>500</ele><time>2025-04-10T12:54:59.000Z</time></trkpt>
<trkpt lat="30.62590002372024" lon="104.055415472962"><ele>500</ele><time>2025-04-10T12:55:00.000Z</time></trkpt>
<trkpt lat="30.62590002372024" lon="104.055415472962"><ele>500</ele><time>2025-04-10T12:55:01.000Z</time></trkpt>
<trkpt lat="30.62590002372024" lon="104.055415472962"><ele>499</ele><time>2025-04-10T12:55:02.000Z</time></trkpt>
<trkpt lat="30.62590002372024" lon="104.055415472962"><ele>499</ele><time>2025-04-10T12:55:03.000Z</time></trkpt>
<trkpt lat="30.62590002372024" lon="104.055415472962"><ele>499</ele><time>2025-04-10T12:55:04.000Z</time></trkpt>
<trkpt lat="30.62590002372024" lon="104.055415472962"><ele>499</ele><time>2025-04-10T12:55:05.000Z</time></trkpt>
<trkpt lat="30.62590002372024" lon="104.055415472962"><ele>499</ele><time>2025-04-10T12:55:06.000Z</time></trkpt>
<trkpt lat="30.62590002372024" lon="104.055415472962"><ele>499</ele><time>2025-04-10T12:55:07.000Z</time></trkpt>
<trkpt lat="30.62590002372024" lon="104.055415472962"><ele>499</ele><time>2025-04-10T12:55:08.000Z</time></trkpt>
<trkpt lat="30.62590002372024" lon="104.055415472962"><ele>499</ele><time>2025-04-10T12:55:09.000Z</time></trkpt>
<trkpt lat="30.62590002372024" lon="104.055415472962"><ele>498</ele><time>2025-04-10T12:55:10.000Z</time></trkpt>
<trkpt lat="30.62590002372024" lon="104.055415472962"><ele>498</ele><time>2025-04-10T12:55:11.000Z</time></trkpt>
<trkpt lat="30.62590002372024" lon="104.055415472962"><ele>498</ele><time>2025-04-10T12:55:12.000Z</time></trkpt>
<trkpt lat="30.62590002372024" lon="104.055415472962"><ele>498</ele><time>2025-04-10T12:55:13.000Z</time></trkpt>
<trkpt lat="30.62590002372024" lon="104.055415472962"><ele>498</ele><time>2025-04-10T12:55:14.000Z</time></trkpt>
<trkpt lat="30.62590002372024" lon="104.055415472962"><ele>498</ele><time>2025-04-10T12:55:15.000Z</time></trkpt>
<trkpt lat="30.62590002372024" lon="104.055415472962"><ele>497</ele><time>2025-04-10T12:55:16.000Z</time></trkpt>
<trkpt lat="30.62590002372024" lon="104.055415472962"><ele>497</ele><time>2025-04-10T12:55:17.000Z</time></trkpt>
<trkpt lat="30.62590002372024" lon="104.055415472962"><ele>497</ele><time>2025-04-10T12:55:18.000Z</time></trkpt>
<trkpt lat="30.62590002372024" lon="104.055415472962"><ele>497</ele><time>2025-04-10T12:55:19.000Z</time></trkpt>
<trkpt lat="30.62590002372024" lon="104.055415472962"><ele>497</ele><time>2025-04-10T12:55:20.000Z</time></trkpt>
<trkpt lat="30.62590002372024" lon="104.055415472962"><ele>498</ele><time>2025-04-10T12:55:21.000Z</time></trkpt>
<trkpt lat="30.62590002372024" lon="104.055415472962"><ele>497</ele><time>2025-04-10T12:55:22.000Z</time></trkpt>
<trkpt lat="30.62590002372024" lon="104.055415472962"><ele>497</ele><time>2025-04-10T12:55:23.000Z</time></trkpt>
<trkpt lat="30.62590002372024" lon="104.055415472962"><ele>497</ele><time>2025-04-10T12:55:24.000Z</time></trkpt>
<trkpt lat="30.62590002372024" lon="104.055415472962"><ele>497</ele><time>2025-04-10T12:55:25.000Z</time></trkpt>
<trkpt lat="30.62590002372024" lon="104.055415472962"><ele>497</ele><time>2025-04-10T12:55:26.000Z</time></trkpt>
<trkpt lat="30.62590002372024" lon="104.055415472962"><ele>497</ele><time>2025-04-10T12:55:27.000Z</time></trkpt>
<trkpt lat="30.62590002372024" lon="104.055415472962"><ele>497</ele><time>2025-04-10T12:55:28.000Z</time></trkpt>
<trkpt lat="30.62590002372024" lon="104.055415472962"><ele>497</ele><time>2025-04-10T12:55:29.000Z</time></trkpt>
<trkpt lat="30.62590002372024" lon="104.055415472962"><ele>497</ele><time>2025-04-10T12:55:30.000Z</time></trkpt>
<trkpt lat="30.62590002372024" lon="104.055415472962"><ele>497</ele><time>2025-04-10T12:55:31.000Z</time></trkpt>
<trkpt lat="30.62590002372024" lon="104.055415472962"><ele>497</ele><time>2025-04-10T12:55:32.000Z</time></trkpt>
<trkpt lat="30.62590002372024" lon="104.055415472962"><ele>497</ele><time>2025-04-10T12:55:33.000Z</time></trkpt>
<trkpt lat="30.62590002372024" lon="104.055415472962"><ele>497</ele><time>2025-04-10T12:55:34.000Z</time></trkpt>
<trkpt lat="30.62590002372024" lon="104.055415472962"><ele>497</ele><time>2025-04-10T12:55:35.000Z</time></trkpt>
<trkpt lat="30.62590002372024" lon="104.055415472962"><ele>497</ele><time>2025-04-10T12:55:36.000Z</time></trkpt>
<trkpt lat="30.62590002372024" lon="104.055415472962"><ele>497</ele><time>2025-04-10T12:55:37.000Z</time></trkpt>
<trkpt lat="30.62590002372024" lon="104.055415472962"><ele>498</ele><time>2025-04-10T12:55:38.000Z</time></trkpt>
<trkpt lat="30.62590002372024" lon="104.055415472962"><ele>498</ele><time>2025-04-10T12:55:39.000Z</time></trkpt>
<trkpt lat="30.62590002372024" lon="104.055415472962"><ele>498</ele><time>2025-04-10T12:55:40.000Z</time></trkpt>
<trkpt lat="30.62590002372024" lon="104.055415472962"><ele>498</ele><time>2025-04-10T12:55:41.000Z</time></trkpt>
<trkpt lat="30.62590002372024" lon="104.055415472962"><ele>496</ele><time>2025-04-10T12:55:42.000Z</time></trkpt>
<trkpt lat="30.62590002372024" lon="104.055415472962"><ele>496</ele><time>2025-04-10T12:55:43.000Z</time></trkpt>
<trkpt lat="30.62590002372024" lon="104.055415472962"><ele>496</ele><time>2025-04-10T12:55:44.000Z</time></trkpt>
<trkpt lat="30.62590002372024" lon="104.055415472962"><ele>496</ele><time>2025-04-10T12:55:45.000Z</time></trkpt>
<trkpt lat="30.62590002372024" lon="104.055415472962"><ele>497</ele><time>2025-04-10T12:55:46.000Z</time></trkpt>
<trkpt lat="30.62590002372024" lon="104.055415472962"><ele>497</ele><time>2025-04-10T12:55:47.000Z</time></trkpt>
<trkpt lat="30.62590002372024" lon="104.055415472962"><ele>496</ele><time>2025-04-10T12:55:48.000Z</time></trkpt>
<trkpt lat="30.62590002372024" lon="104.055415472962"><ele>496</ele><time>2025-04-10T12:55:49.000Z</time></trkpt>
<trkpt lat="30.62590002372024" lon="104.055415472962"><ele>495</ele><time>2025-04-10T12:55:50.000Z</time></trkpt>
<trkpt lat="30.62590002372024" lon="104.055415472962"><ele>495</ele><time>2025-04-10T12:55:51.000Z</time></trkpt>
<trkpt lat="30.62590002372024" lon="104.055415472962"><ele>495</ele><time>2025-04-10T12:55:52.000Z</time></trkpt>
<trkpt lat="30.62590002372024" lon="104.055415472962"><ele>495</ele><time>2025-04-10T12:55:53.000Z</time></trkpt>
<trkpt lat="30.62590002372024" lon="104.055415472962"><ele>494</ele><time>2025-04-10T12:55:54.000Z</time></trkpt>
<trkpt lat="30.62590002372024" lon="104.055415472962"><ele>494</ele><time>2025-04-10T12:55:55.000Z</time></trkpt>
<trkpt lat="30.62590002372024" lon="104.055415472962"><ele>494</ele><time>2025-04-10T12:55:56.000Z</time></trkpt>
<trkpt lat="30.62590002372024" lon="104.055415472962"><ele>494</ele><time>2025-04-10T12:55:57.000Z</time></trkpt>
<trkpt lat="30.62590002372024" lon="104.055415472962"><ele>494</ele><time>2025-04-10T12:55:58.000Z</time></trkpt>
<trkpt lat="30.62590002372024" lon="104.055415472962"><ele>493</ele><time>2025-04-10T12:55:59.000Z</time></trkpt>
<trkpt lat="30.62590002372024" lon="104.055415472962"><ele>493</ele><time>2025-04-10T12:56:00.000Z</time></trkpt>
<trkpt lat="30.62590002372024" lon="104.055415472962"><ele>493</ele><time>2025-04-10T12:56:01.000Z</time></trkpt>
<trkpt lat="30.62590002372024" lon="104.055415472962"><ele>494</ele><time>2025-04-10T12:56:02.000Z</time></trkpt>
<trkpt lat="30.62590002372024" lon="104.055415472962"><ele>494</ele><time>2025-04-10T12:56:03.000Z</time></trkpt>
<trkpt lat="30.62590002372024" lon="104.055415472962"><ele>494</ele><time>2025-04-10T12:56:04.000Z</time></trkpt>
<trkpt lat="30.62590002372024" lon="104.055415472962"><ele>494</ele><time>2025-04-10T12:56:05.000Z</time></trkpt>
<trkpt lat="30.62590002372024" lon="104.055415472962"><ele>494</ele><time>2025-04-10T12:56:06.000Z</time></trkpt>
<trkpt lat="30.62590002372024" lon="104.055415472962"><ele>494</ele><time>2025-04-10T12:56:07.000Z</time></trkpt>
<trkpt lat="30.62590002372024" lon="104.055415472962"><ele>494</ele><time>2025-04-10T12:56:08.000Z</time></trkpt>
<trkpt lat="30.62590002372024" lon="104.055415472962"><ele>494</ele><time>2025-04-10T12:56:09.000Z</time></trkpt>
<trkpt lat="30.62590002372024" lon="104.055415472962"><ele>494</ele><time>2025-04-10T12:56:10.000Z</time></trkpt>
<trkpt lat="30.62590002372024" lon="104.055415472962"><ele>494</ele><time>2025-04-10T12:56:11.000Z</time></trkpt>
<trkpt lat="30.62590002372024" lon="104.055415472962"><ele>494</ele><time>2025-04-10T12:56:12.000Z</time></trkpt>
<trkpt lat="30.62590002372024" lon="104.055415472962"><ele>494</ele><time>2025-04-10T12:56:13.000Z</time></trkpt>
<trkpt lat="30.62590002372024" lon="104.055415472962"><ele>494</ele><time>2025-04-10T12:56:14.000Z</time></trkpt>
<trkpt lat="30.62590002372024" lon="104.055415472962"><ele>494</ele><time>2025-04-10T12:56:15.000Z</time></trkpt>
<trkpt lat="30.62590002372024" lon="104.055415472962"><ele>494</ele><time>2025-04-10T12:56:16.000Z</time></trkpt>
<trkpt lat="30.62590002372024" lon="104.055415472962"><ele>494</ele><time>2025-04-10T12:56:17.000Z</time></trkpt>
<trkpt lat="30.62590002372024" lon="104.055415472962"><ele>493</ele><time>2025-04-10T12:56:18.000Z</time></trkpt>
<trkpt lat="30.62590002372024" lon="104.055415472962"><ele>494</ele><time>2025-04-10T12:56:19.000Z</time></trkpt>
<trkpt lat="30.62590002372024" lon="104.055415472962"><ele>493</ele><time>2025-04-10T12:56:20.000Z</time></trkpt>
<trkpt lat="30.62590002372024" lon="104.055415472962"><ele>493</ele><time>2025-04-10T12:56:21.000Z</time></trkpt>
<trkpt lat="30.62590002372024" lon="104.055415472962"><ele>493</ele><time>2025-04-10T12:56:22.000Z</time></trkpt>
<trkpt lat="30.62590002372024" lon="104.055415472962"><ele>493</ele><time>2025-04-10T12:56:23.000Z</time></trkpt>
<trkpt lat="30.62590002372024" lon="104.055415472962"><ele>493</ele><time>2025-04-10T12:56:24.000Z</time></trkpt>
<trkpt lat="30.62590002372024" lon="104.055415472962"><ele>493</ele><time>2025-04-10T12:56:25.000Z</time></trkpt>
<trkpt lat="30.62590002372024" lon="104.055415472962"><ele>493</ele><time>2025-04-10T12:56:26.000Z</time></trkpt>
<trkpt lat="30.62590002372024" lon="104.055415472962"><ele>493</ele><time>2025-04-10T12:56:27.000Z</time></trkpt>
<trkpt lat="30.62590002372024" lon="104.055415472962"><ele>493</ele><time>2025-04-10T12:56:28.000Z</time></trkpt>
<trkpt lat="30.62590002372024" lon="104.055415472962"><ele>492</ele><time>2025-04-10T12:56:29.000Z</time></trkpt>
<trkpt lat="30.62590002372024" lon="104.055415472962"><ele>492</ele><time>2025-04-10T12:56:30.000Z</time></trkpt>
<trkpt lat="30.62590002372024" lon="104.055415472962"><ele>492</ele><time>2025-04-10T12:56:31.000Z</time></trkpt>
<trkpt lat="30.62590002372024" lon="104.055415472962"><ele>492</ele><time>2025-04-10T12:56:32.000Z</time></trkpt>
<trkpt lat="30.62590002372024" lon="104.055415472962"><ele>492</ele><time>2025-04-10T12:56:33.000Z</time></trkpt>
<trkpt lat="30.62590002372024" lon="104.055415472962"><ele>492</ele><time>2025-04-10T12:56:34.000Z</time></trkpt>
<trkpt lat="30.62590002372024" lon="104.055415472962"><ele>491</ele><time>2025-04-10T12:56:35.000Z</time></trkpt>
<trkpt lat="30.62590002372024" lon="104.055415472962"><ele>491</ele><time>2025-04-10T12:56:36.000Z</time></trkpt>
<trkpt lat="30.62590002372024" lon="104.055415472962"><ele>491</ele><time>2025-04-10T12:56:37.000Z</time></trkpt>
<trkpt lat="30.62590002372024" lon="104.055415472962"><ele>491</ele><time>2025-04-10T12:56:38.000Z</time></trkpt>
<trkpt lat="30.62590002372024" lon="104.055415472962"><ele>491</ele><time>2025-04-10T12:56:39.000Z</time></trkpt>
<trkpt lat="30.62590002372024" lon="104.055415472962"><ele>491</ele><time>2025-04-10T12:56:40.000Z</time></trkpt>
<trkpt lat="30.62590002372024" lon="104.055415472962"><ele>491</ele><time>2025-04-10T12:56:41.000Z</time></trkpt>
<trkpt lat="30.62590002372024" lon="104.055415472962"><ele>491</ele><time>2025-04-10T12:56:42.000Z</time></trkpt>
<trkpt lat="30.62590002372024" lon="104.055415472962"><ele>491</ele><time>2025-04-10T12:56:43.000Z</time></trkpt>
<trkpt lat="30.62590002372024" lon="104.055415472962"><ele>491</ele><time>2025-04-10T12:56:44.000Z</time></trkpt>
<trkpt lat="30.62590002372024" lon="104.055415472962"><ele>491</ele><time>2025-04-10T12:56:45.000Z</time></trkpt>
<trkpt lat="30.62590002372024" lon="104.055415472962"><ele>491</ele><time>2025-04-10T12:56:46.000Z</time></trkpt>
<trkpt lat="30.62590002372024" lon="104.055415472962"><ele>490</ele><time>2025-04-10T12:56:47.000Z</time></trkpt>
<trkpt lat="30.62590002372024" lon="104.055415472962"><ele>490</ele><time>2025-04-10T12:56:48.000Z</time></trkpt>
<trkpt lat="30.62590002372024" lon="104.055415472962"><ele>490</ele><time>2025-04-10T12:56:49.000Z</time></trkpt>
<trkpt lat="30.62590002372024" lon="104.055415472962"><ele>490</ele><time>2025-04-10T12:56:50.000Z</time></trkpt>
<trkpt lat="30.62590002372024" lon="104.055415472962"><ele>490</ele><time>2025-04-10T12:56:51.000Z</time></trkpt>
<trkpt lat="30.62590002372024" lon="104.055415472962"><ele>490</ele><time>2025-04-10T12:56:52.000Z</time></trkpt>
<trkpt lat="30.62590002372024" lon="104.055415472962"><ele>491</ele><time>2025-04-10T12:56:53.000Z</time></trkpt>
<trkpt lat="30.62590002372024" lon="104.055415472962"><ele>491</ele><time>2025-04-10T12:56:54.000Z</time></trkpt>
<trkpt lat="30.62590002372024" lon="104.055415472962"><ele>491</ele><time>2025-04-10T12:56:55.000Z</time></trkpt>
<trkpt lat="30.62590002372024" lon="104.055415472962"><ele>491</ele><time>2025-04-10T12:56:56.000Z</time></trkpt>
<trkpt lat="30.62590002372024" lon="104.055415472962"><ele>491</ele><time>2025-04-10T12:56:57.000Z</time></trkpt>
<trkpt lat="30.62590002372024" lon="104.055415472962"><ele>491</ele><time>2025-04-10T12:56:58.000Z</time></trkpt>
<trkpt lat="30.62590002372024" lon="104.055415472962"><ele>491</ele><time>2025-04-10T12:56:59.000Z</time></trkpt>
<trkpt lat="30.62590002372024" lon="104.055415472962"><ele>490</ele><time>2025-04-10T12:57:00.000Z</time></trkpt>
<trkpt lat="30.62590002372024" lon="104.055415472962"><ele>490</ele><time>2025-04-10T12:57:01.000Z</time></trkpt>
<trkpt lat="30.62590002372024" lon="104.055415472962"><ele>490</ele><time>2025-04-10T12:57:02.000Z</time></trkpt>
<trkpt lat="30.62590002372024" lon="104.055415472962"><ele>491</ele><time>2025-04-10T12:57:03.000Z</time></trkpt>
<trkpt lat="30.62590002372024" lon="104.055415472962"><ele>491</ele><time>2025-04-10T12:57:04.000Z</time></trkpt>
<trkpt lat="30.62590002372024" lon="104.055415472962"><ele>491</ele><time>2025-04-10T12:57:05.000Z</time></trkpt>
<trkpt lat="30.62590002372024" lon="104.055415472962"><ele>491</ele><time>2025-04-10T12:57:06.000Z</time></trkpt>
<trkpt lat="30.62590002372024" lon="104.055415472962"><ele>491</ele><time>2025-04-10T12:57:07.000Z</time></trkpt>
<trkpt lat="30.62590002372024" lon="104.055415472962"><ele>491</ele><time>2025-04-10T12:57:08.000Z</time></trkpt>
<trkpt lat="30.62590002372024" lon="104.055415472962"><ele>490</ele><time>2025-04-10T12:57:09.000Z</time></trkpt>
<trkpt lat="30.62590002372024" lon="104.055415472962"><ele>490</ele><time>2025-04-10T12:57:10.000Z</time></trkpt>
<trkpt lat="30.62590002372024" lon="104.055415472962"><ele>490</ele><time>2025-04-10T12:57:11.000Z</time></trkpt>
<trkpt lat="30.62590002372024" lon="104.055415472962"><ele>490</ele><time>2025-04-10T12:57:12.000Z</time></trkpt>
<trkpt lat="30.62590002372024" lon="104.055415472962"><ele>490</ele><time>2025-04-10T12:57:13.000Z</time></trkpt>
<trkpt lat="30.62590002372024" lon="104.055415472962"><ele>490</ele><time>2025-04-10T12:57:14.000Z</time></trkpt>
<trkpt lat="30.62590002372024" lon="104.055415472962"><ele>490</ele><time>2025-04-10T12:57:15.000Z</time></trkpt>
<trkpt lat="30.62590002372024" lon="104.055415472962"><ele>491</ele><time>2025-04-10T12:57:16.000Z</time></trkpt>
<trkpt lat="30.62590002372024" lon="104.055415472962"><ele>490</ele><time>2025-04-10T12:57:17.000Z</time></trkpt>
<trkpt lat="30.62590002372024" lon="104.055415472962"><ele>490</ele><time>2025-04-10T12:57:18.000Z</time></trkpt>
<trkpt lat="30.62590002372024" lon="104.055415472962"><ele>490</ele><time>2025-04-10T12:57:19.000Z</time></trkpt>
<trkpt lat="30.62590002372024" lon="104.055415472962"><ele>490</ele><time>2025-04-10T12:57:20.000Z</time></trkpt>
<trkpt lat="30.62590002372024" lon="104.055415472962"><ele>491</ele><time>2025-04-10T12:57:21.000Z</time></trkpt>
<trkpt lat="30.62590002372024" lon="104.055415472962"><ele>491</ele><time>2025-04-10T12:57:22.000Z</time></trkpt>
<trkpt lat="30.62590002372024" lon="104.055415472962"><ele>491</ele><time>2025-04-10T12:57:23.000Z</time></trkpt>
<trkpt lat="30.62590002372024" lon="104.055415472962"><ele>491</ele><time>2025-04-10T12:57:24.000Z</time></trkpt>
<trkpt lat="30.62590002372024" lon="104.055415472962"><ele>491</ele><time>2025-04-10T12:57:25.000Z</time></trkpt>
<trkpt lat="30.62590002372024" lon="104.055415472962"><ele>491</ele><time>2025-04-10T12:57:26.000Z</time></trkpt>
<trkpt lat="30.62590002372024" lon="104.055415472962"><ele>491</ele><time>2025-04-10T12:57:27.000Z</time></trkpt>
<trkpt lat="30.62590002372024" lon="104.055415472962"><ele>491</ele><time>2025-04-10T12:57:28.000Z</time></trkpt>
<trkpt lat="30.62590002372024" lon="104.055415472962"><ele>491</ele><time>2025-04-10T12:57:29.000Z</time></trkpt>
<trkpt lat="30.62590002372024" lon="104.055415472962"><ele>491</ele><time>2025-04-10T12:57:30.000Z</time></trkpt>
<trkpt lat="30.62590002372024" lon="104.055415472962"><ele>492</ele><time>2025-04-10T12:57:31.000Z</time></trkpt>
<trkpt lat="30.62590002372024" lon="104.055415472962"><ele>492</ele><time>2025-04-10T12:57:32.000Z</time></trkpt>
<trkpt lat="30.62590002372024" lon="104.055415472962"><ele>492</ele><time>2025-04-10T12:57:33.000Z</time></trkpt>
<trkpt lat="30.62590002372024" lon="104.055415472962"><ele>492</ele><time>2025-04-10T12:57:34.000Z</time></trkpt>
<trkpt lat="30.62590002372024" lon="104.055415472962"><ele>492</ele><time>2025-04-10T12:57:35.000Z</time></trkpt>
<trkpt lat="30.62590002372024" lon="104.055415472962"><ele>492</ele><time>2025-04-10T12:57:36.000Z</time></trkpt>
<trkpt lat="30.62590002372024" lon="104.055415472962"><ele>492</ele><time>2025-04-10T12:57:37.000Z</time></trkpt>
<trkpt lat="30.62590002372024" lon="104.055415472962"><ele>492</ele><time>2025-04-10T12:57:38.000Z</time></trkpt>
<trkpt lat="30.62590002372024" lon="104.055415472962"><ele>492</ele><time>2025-04-10T12:57:39.000Z</time></trkpt>
<trkpt lat="30.62590002372024" lon="104.055415472962"><ele>492</ele><time>2025-04-10T12:57:40.000Z</time></trkpt>
<trkpt lat="30.62590002372024" lon="104.055415472962"><ele>492</ele><time>2025-04-10T12:57:41.000Z</time></trkpt>
<trkpt lat="30.62590002372024" lon="104.055415472962"><ele>492</ele><time>2025-04-10T12:57:42.000Z</time></trkpt>
<trkpt lat="30.62590002372024" lon="104.055415472962"><ele>492</ele><time>2025-04-10T12:57:43.000Z</time></trkpt>
<trkpt lat="30.62590002372024" lon="104.055415472962"><ele>492</ele><time>2025-04-10T12:57:44.000Z</time></trkpt>
<trkpt lat="30.62590002372024" lon="104.055415472962"><ele>492</ele><time>2025-04-10T12:57:45.000Z</time></trkpt>
<trkpt lat="30.62590002372024" lon="104.055415472962"><ele>492</ele><time>2025-04-10T12:57:46.000Z</time></trkpt>
<trkpt lat="30.62590002372024" lon="104.055415472962"><ele>492</ele><time>2025-04-10T12:57:47.000Z</time></trkpt>
<trkpt lat="30.62590002372024" lon="104.055415472962"><ele>492</ele><time>2025-04-10T12:57:48.000Z</time></trkpt>
<trkpt lat="30.62590002372024" lon="104.055415472962"><ele>492</ele><time>2025-04-10T12:57:49.000Z</time></trkpt>
<trkpt lat="30.62590002372024" lon="104.055415472962"><ele>492</ele><time>2025-04-10T12:57:50.000Z</time></trkpt>
<trkpt lat="30.62590002372024" lon="104.055415472962"><ele>492</ele><time>2025-04-10T12:57:51.000Z</time></trkpt>
<trkpt lat="30.62590002372024" lon="104.055415472962"><ele>492</ele><time>2025-04-10T12:57:52.000Z</time></trkpt>
<trkpt lat="30.62590002372024" lon="104.055415472962"><ele>492</ele><time>2025-04-10T12:57:53.000Z</time></trkpt>
<trkpt lat="30.62590002372024" lon="104.055415472962"><ele>492</ele><time>2025-04-10T12:57:54.000Z</time></trkpt>
<trkpt lat="30.62590002372024" lon="104.055415472962"><ele>492</ele><time>2025-04-10T12:57:55.000Z</time></trkpt>
<trkpt lat="30.62590002372024" lon="104.055415472962"><ele>491</ele><time>2025-04-10T12:57:56.000Z</time></trkpt>
<trkpt lat="30.62590002372024" lon="104.055415472962"><ele>492</ele><time>2025-04-10T12:57:57.000Z</time></trkpt>
<trkpt lat="30.62590002372024" lon="104.055415472962"><ele>492</ele><time>2025-04-10T12:57:58.000Z</time></trkpt>
<trkpt lat="30.62590002372024" lon="104.055415472962"><ele>491</ele><time>2025-04-10T12:57:59.000Z</time></trkpt>
<trkpt lat="30.62590002372024" lon="104.055415472962"><ele>491</ele><time>2025-04-10T12:58:00.000Z</time></trkpt>
<trkpt lat="30.62590002372024" lon="104.055415472962"><ele>491</ele><time>2025-04-10T12:58:01.000Z</time></trkpt>
<trkpt lat="30.62590002372024" lon="104.055415472962"><ele>492</ele><time>2025-04-10T12:58:02.000Z</time></trkpt>
<trkpt lat="30.62590002372024" lon="104.055415472962"><ele>491</ele><time>2025-04-10T12:58:03.000Z</time></trkpt>
<trkpt lat="30.62590002372024" lon="104.055415472962"><ele>491</ele><time>2025-04-10T12:58:04.000Z</time></trkpt>
<trkpt lat="30.62590002372024" lon="104.055415472962"><ele>491</ele><time>2025-04-10T12:58:05.000Z</time></trkpt>
<trkpt lat="30.62590002372024" lon="104.055415472962"><ele>491</ele><time>2025-04-10T12:58:06.000Z</time></trkpt>
<trkpt lat="30.62590002372024" lon="104.055415472962"><ele>491</ele><time>2025-04-10T12:58:07.000Z</time></trkpt>
<trkpt lat="30.62590002372024" lon="104.055415472962"><ele>491</ele><time>2025-04-10T12:58:08.000Z</time></trkpt>
<trkpt lat="30.62590002372024" lon="104.055415472962"><ele>491</ele><time>2025-04-10T12:58:09.000Z</time></trkpt>
<trkpt lat="30.62590002372024" lon="104.055415472962"><ele>490</ele><time>2025-04-10T12:58:10.000Z</time></trkpt>
<trkpt lat="30.62590002372024" lon="104.055415472962"><ele>490</ele><time>2025-04-10T12:58:11.000Z</time></trkpt>
<trkpt lat="30.62590002372024" lon="104.055415472962"><ele>490</ele><time>2025-04-10T12:58:12.000Z</time></trkpt>
<trkpt lat="30.62590002372024" lon="104.055415472962"><ele>490</ele><time>2025-04-10T12:58:13.000Z</time></trkpt>
<trkpt lat="30.62590002372024" lon="104.055415472962"><ele>490</ele><time>2025-04-10T12:58:14.000Z</time></trkpt>
<trkpt lat="30.62590002372024" lon="104.055415472962"><ele>490</ele><time>2025-04-10T12:58:15.000Z</time></trkpt>
<trkpt lat="30.62590002372024" lon="104.055415472962"><ele>490</ele><time>2025-04-10T12:58:16.000Z</time></trkpt>
<trkpt lat="30.62590002372024" lon="104.055415472962"><ele>491</ele><time>2025-04-10T12:58:17.000Z</time></trkpt>
<trkpt lat="30.62590002372024" lon="104.055415472962"><ele>491</ele><time>2025-04-10T12:58:18.000Z</time></trkpt>
<trkpt lat="30.62590002372024" lon="104.055415472962"><ele>491</ele><time>2025-04-10T12:58:19.000Z</time></trkpt>
<trkpt lat="30.62590002372024" lon="104.055415472962"><ele>491</ele><time>2025-04-10T12:58:20.000Z</time></trkpt>
<trkpt lat="30.62590002372024" lon="104.055415472962"><ele>491</ele><time>2025-04-10T12:58:21.000Z</time></trkpt>
<trkpt lat="30.62590002372024" lon="104.055415472962"><ele>491</ele><time>2025-04-10T12:58:22.000Z</time></trkpt>
<trkpt lat="30.62590002372024" lon="104.055415472962"><ele>491</ele><time>2025-04-10T12:58:23.000Z</time></trkpt>
<trkpt lat="30.62590002372024" lon="104.055415472962"><ele>491</ele><time>2025-04-10T12:58:24.000Z</time></trkpt>
<trkpt lat="30.62590002372024" lon="104.055415472962"><ele>490</ele><time>2025-04-10T12:58:25.000Z</time></trkpt>
<trkpt lat="30.62590002372024" lon="104.055415472962"><ele>490</ele><time>2025-04-10T12:58:26.000Z</time></trkpt>
<trkpt lat="30.62590002372024" lon="104.055415472962"><ele>490</ele><time>2025-04-10T12:58:27.000Z</time></trkpt>
<trkpt lat="30.62590002372024" lon="104.055415472962"><ele>490</ele><time>2025-04-10T12:58:28.000Z</time></trkpt>
<trkpt lat="30.62590002372024" lon="104.055415472962"><ele>490</ele><time>2025-04-10T12:58:29.000Z</time></trkpt>
<trkpt lat="30.62590002372024" lon="104.055415472962"><ele>490</ele><time>2025-04-10T12:58:30.000Z</time></trkpt>
<trkpt lat="30.62590002372024" lon="104.055415472962"><ele>490</ele><time>2025-04-10T12:58:31.000Z</time></trkpt>
<trkpt lat="30.62590002372024" lon="104.055415472962"><ele>489</ele><time>2025-04-10T12:58:32.000Z</time></trkpt>
<trkpt lat="30.62590002372024" lon="104.055415472962"><ele>489</ele><time>2025-04-10T12:58:33.000Z</time></trkpt>
<trkpt lat="30.62590002372024" lon="104.055415472962"><ele>488</ele><time>2025-04-10T12:58:34.000Z</time></trkpt>
<trkpt lat="30.62590002372024" lon="104.055415472962"><ele>488</ele><time>2025-04-10T12:58:35.000Z</time></trkpt>
<trkpt lat="30.62590002372024" lon="104.055415472962"><ele>488</ele><time>2025-04-10T12:58:36.000Z</time></trkpt>
<trkpt lat="30.62590002372024" lon="104.055415472962"><ele>489</ele><time>2025-04-10T12:58:37.000Z</time></trkpt>
<trkpt lat="30.62590002372024" lon="104.055415472962"><ele>488</ele><time>2025-04-10T12:58:38.000Z</time></trkpt>
<trkpt lat="30.62590002372024" lon="104.055415472962"><ele>488</ele><time>2025-04-10T12:58:39.000Z</time></trkpt>
<trkpt lat="30.62590002372024" lon="104.055415472962"><ele>489</ele><time>2025-04-10T12:58:40.000Z</time></trkpt>
<trkpt lat="30.62590002372024" lon="104.055415472962"><ele>489</ele><time>2025-04-10T12:58:41.000Z</time></trkpt>
<trkpt lat="30.62590002372024" lon="104.055415472962"><ele>489</ele><time>2025-04-10T12:58:42.000Z</time></trkpt>
<trkpt lat="30.62590002372024" lon="104.055415472962"><ele>489</ele><time>2025-04-10T12:58:43.000Z</time></trkpt>
<trkpt lat="30.62590002372024" lon="104.055415472962"><ele>490</ele><time>2025-04-10T12:58:44.000Z</time></trkpt>
<trkpt lat="30.62590002372024" lon="104.055415472962"><ele>490</ele><time>2025-04-10T12:58:45.000Z</time></trkpt>
<trkpt lat="30.62590002372024" lon="104.055415472962"><ele>490</ele><time>2025-04-10T12:58:46.000Z</time></trkpt>
<trkpt lat="30.62590002372024" lon="104.055415472962"><ele>490</ele><time>2025-04-10T12:58:47.000Z</time></trkpt>
<trkpt lat="30.62590002372024" lon="104.055415472962"><ele>490</ele><time>2025-04-10T12:58:48.000Z</time></trkpt>
<trkpt lat="30.62590002372024" lon="104.055415472962"><ele>491</ele><time>2025-04-10T12:58:49.000Z</time></trkpt>
<trkpt lat="30.62590002372024" lon="104.055415472962"><ele>491</ele><time>2025-04-10T12:58:50.000Z</time></trkpt>
<trkpt lat="30.62590002372024" lon="104.055415472962"><ele>491</ele><time>2025-04-10T12:58:51.000Z</time></trkpt>
<trkpt lat="30.62590002372024" lon="104.055415472962"><ele>491</ele><time>2025-04-10T12:58:52.000Z</time></trkpt>
<trkpt lat="30.62590002372024" lon="104.055415472962"><ele>492</ele><time>2025-04-10T12:58:53.000Z</time></trkpt>
<trkpt lat="30.62590002372024" lon="104.055415472962"><ele>492</ele><time>2025-04-10T12:58:54.000Z</time></trkpt>
<trkpt lat="30.62590002372024" lon="104.055415472962"><ele>492</ele><time>2025-04-10T12:58:55.000Z</time></trkpt>
<trkpt lat="30.62590002372024" lon="104.055415472962"><ele>492</ele><time>2025-04-10T12:58:56.000Z</time></trkpt>
<trkpt lat="30.62590002372024" lon="104.055415472962"><ele>492</ele><time>2025-04-10T12:58:57.000Z</time></trkpt>
<trkpt lat="30.62590002372024" lon="104.055415472962"><ele>492</ele><time>2025-04-10T12:58:58.000Z</time></trkpt>
<trkpt lat="30.62590002372024" lon="104.055415472962"><ele>492</ele><time>2025-04-10T12:58:59.000Z</time></trkpt>
<trkpt lat="30.62590002372024" lon="104.055415472962"><ele>492</ele><time>2025-04-10T12:59:00.000Z</time></trkpt>
<trkpt lat="30.62590002372024" lon="104.055415472962"><ele>492</ele><time>2025-04-10T12:59:01.000Z</time></trkpt>
<trkpt lat="30.62590002372024" lon="104.055415472962"><ele>492</ele><time>2025-04-10T12:59:02.000Z</time></trkpt>
<trkpt lat="30.62590002372024" lon="104.055415472962"><ele>492</ele><time>2025-04-10T12:59:03.000Z</time></trkpt>
<trkpt lat="30.62590002372024" lon="104.055415472962"><ele>492</ele><time>2025-04-10T12:59:04.000Z</time></trkpt>
<trkpt lat="30.62590002372024" lon="104.055415472962"><ele>492</ele><time>2025-04-10T12:59:05.000Z</time></trkpt>
<trkpt lat="30.62590002372024" lon="104.055415472962"><ele>493</ele><time>2025-04-10T12:59:06.000Z</time></trkpt>
<trkpt lat="30.62590002372024" lon="104.055415472962"><ele>493</ele><time>2025-04-10T12:59:07.000Z</time></trkpt>
<trkpt lat="30.62590002372024" lon="104.055415472962"><ele>493</ele><time>2025-04-10T12:59:08.000Z</time></trkpt>
<trkpt lat="30.62590002372024" lon="104.055415472962"><ele>493</ele><time>2025-04-10T12:59:09.000Z</time></trkpt>
<trkpt lat="30.62590002372024" lon="104.055415472962"><ele>493</ele><time>2025-04-10T12:59:10.000Z</time></trkpt>
<trkpt lat="30.62590002372024" lon="104.055415472962"><ele>493</ele><time>2025-04-10T12:59:11.000Z</time></trkpt>
<trkpt lat="30.62590002372024" lon="104.055415472962"><ele>493</ele><time>2025-04-10T12:59:12.000Z</time></trkpt>
<trkpt lat="30.62590002372024" lon="104.055415472962"><ele>493</ele><time>2025-04-10T12:59:13.000Z</time></trkpt>
<trkpt lat="30.62590002372024" lon="104.055415472962"><ele>493</ele><time>2025-04-10T12:59:14.000Z</time></trkpt>
<trkpt lat="30.62590002372024" lon="104.055415472962"><ele>493</ele><time>2025-04-10T12:59:15.000Z</time></trkpt>
<trkpt lat="30.62590002372024" lon="104.055415472962"><ele>493</ele><time>2025-04-10T12:59:16.000Z</time></trkpt>
<trkpt lat="30.62590002372024" lon="104.055415472962"><ele>493</ele><time>2025-04-10T12:59:17.000Z</time></trkpt>
<trkpt lat="30.62590002372024" lon="104.055415472962"><ele>493</ele><time>2025-04-10T12:59:18.000Z</time></trkpt>
<trkpt lat="30.62590002372024" lon="104.055415472962"><ele>493</ele><time>2025-04-10T12:59:19.000Z</time></trkpt>
<trkpt lat="30.62590002372024" lon="104.055415472962"><ele>493</ele><time>2025-04-10T12:59:20.000Z</time></trkpt>
<trkpt lat="30.62590002372024" lon="104.055415472962"><ele>493</ele><time>2025-04-10T12:59:21.000Z</time></trkpt>
<trkpt lat="30.62590002372024" lon="104.055415472962"><ele>493</ele><time>2025-04-10T12:59:22.000Z</time></trkpt>
<trkpt lat="30.62590002372024" lon="104.055415472962"><ele>493</ele><time>2025-04-10T12:59:23.000Z</time></trkpt>
<trkpt lat="30.62590002372024" lon="104.055415472962"><ele>493</ele><time>2025-04-10T12:59:24.000Z</time></trkpt>
<trkpt lat="30.62590002372024" lon="104.055415472962"><ele>494</ele><time>2025-04-10T12:59:25.000Z</time></trkpt>
<trkpt lat="30.62590002372024" lon="104.055415472962"><ele>493</ele><time>2025-04-10T12:59:26.000Z</time></trkpt>
<trkpt lat="30.62590002372024" lon="104.055415472962"><ele>493</ele><time>2025-04-10T12:59:27.000Z</time></trkpt>
<trkpt lat="30.62590002372024" lon="104.055415472962"><ele>493</ele><time>2025-04-10T12:59:28.000Z</time></trkpt>
<trkpt lat="30.62590002372024" lon="104.055415472962"><ele>493</ele><time>2025-04-10T12:59:29.000Z</time></trkpt>
<trkpt lat="30.62590002372024" lon="104.055415472962"><ele>494</ele><time>2025-04-10T12:59:30.000Z</time></trkpt>
<trkpt lat="30.62590002372024" lon="104.055415472962"><ele>495</ele><time>2025-04-10T12:59:31.000Z</time></trkpt>
<trkpt lat="30.62590002372024" lon="104.055415472962"><ele>495</ele><time>2025-04-10T12:59:32.000Z</time></trkpt>
<trkpt lat="30.62590002372024" lon="104.055415472962"><ele>494</ele><time>2025-04-10T12:59:33.000Z</time></trkpt>
<trkpt lat="30.62590002372024" lon="104.055415472962"><ele>494</ele><time>2025-04-10T12:59:34.000Z</time></trkpt>
<trkpt lat="30.62590002372024" lon="104.055415472962"><ele>494</ele><time>2025-04-10T12:59:35.000Z</time></trkpt>
<trkpt lat="30.62590002372024" lon="104.055415472962"><ele>493</ele><time>2025-04-10T12:59:36.000Z</time></trkpt>
<trkpt lat="30.62590002372024" lon="104.055415472962"><ele>494</ele><time>2025-04-10T12:59:37.000Z</time></trkpt>
<trkpt lat="30.62590002372024" lon="104.055415472962"><ele>493</ele><time>2025-04-10T12:59:38.000Z</time></trkpt>
<trkpt lat="30.62590002372024" lon="104.055415472962"><ele>493</ele><time>2025-04-10T12:59:39.000Z</time></trkpt>
<trkpt lat="30.62590002372024" lon="104.055415472962"><ele>493</ele><time>2025-04-10T12:59:40.000Z</time></trkpt>
<trkpt lat="30.62590002372024" lon="104.055415472962"><ele>493</ele><time>2025-04-10T12:59:41.000Z</time></trkpt>
<trkpt lat="30.62590002372024" lon="104.055415472962"><ele>492</ele><time>2025-04-10T12:59:42.000Z</time></trkpt>
<trkpt lat="30.62590002372024" lon="104.055415472962"><ele>493</ele><time>2025-04-10T12:59:43.000Z</time></trkpt>
<trkpt lat="30.62590002372024" lon="104.055415472962"><ele>493</ele><time>2025-04-10T12:59:44.000Z</time></trkpt>
<trkpt lat="30.62590002372024" lon="104.055415472962"><ele>492</ele><time>2025-04-10T12:59:45.000Z</time></trkpt>
<trkpt lat="30.62590002372024" lon="104.055415472962"><ele>492</ele><time>2025-04-10T12:59:46.000Z</time></trkpt>
<trkpt lat="30.62590002372024" lon="104.055415472962"><ele>491</ele><time>2025-04-10T12:59:47.000Z</time></trkpt>
<trkpt lat="30.62590002372024" lon="104.055415472962"><ele>492</ele><time>2025-04-10T12:59:48.000Z</time></trkpt>
<trkpt lat="30.62590002372024" lon="104.055415472962"><ele>491</ele><time>2025-04-10T12:59:49.000Z</time></trkpt>
<trkpt lat="30.62590002372024" lon="104.055415472962"><ele>491</ele><time>2025-04-10T12:59:50.000Z</time></trkpt>
<trkpt lat="30.62590002372024" lon="104.055415472962"><ele>491</ele><time>2025-04-10T12:59:51.000Z</time></trkpt>
<trkpt lat="30.62590002372024" lon="104.055415472962"><ele>490</ele><time>2025-04-10T12:59:52.000Z</time></trkpt>
<trkpt lat="30.62590002372024" lon="104.055415472962"><ele>489</ele><time>2025-04-10T12:59:53.000Z</time></trkpt>
<trkpt lat="30.62590002372024" lon="104.055415472962"><ele>489</ele><time>2025-04-10T12:59:54.000Z</time></trkpt>
<trkpt lat="30.62590002372024" lon="104.055415472962"><ele>489</ele><time>2025-04-10T12:59:55.000Z</time></trkpt>
<trkpt lat="30.62590002372024" lon="104.055415472962"><ele>488</ele><time>2025-04-10T12:59:56.000Z</time></trkpt>
<trkpt lat="30.62590002372024" lon="104.055415472962"><ele>488</ele><time>2025-04-10T12:59:57.000Z</time></trkpt>
<trkpt lat="30.62590002372024" lon="104.055415472962"><ele>487</ele><time>2025-04-10T12:59:58.000Z</time></trkpt>
<trkpt lat="30.62590002372024" lon="104.055415472962"><ele>487</ele><time>2025-04-10T12:59:59.000Z</time></trkpt>
<trkpt lat="30.62590002372024" lon="104.055415472962"><ele>487</ele><time>2025-04-10T13:00:00.000Z</time></trkpt>
<trkpt lat="30.62590002372024" lon="104.055415472962"><ele>487</ele><time>2025-04-10T13:00:01.000Z</time></trkpt>
<trkpt lat="30.62590002372024" lon="104.055415472962"><ele>487</ele><time>2025-04-10T13:00:02.000Z</time></trkpt>
<trkpt lat="30.62590002372024" lon="104.055415472962"><ele>487</ele><time>2025-04-10T13:00:03.000Z</time></trkpt>
<trkpt lat="30.62590002372024" lon="104.055415472962"><ele>487</ele><time>2025-04-10T13:00:04.000Z</time></trkpt>
<trkpt lat="30.62590002372024" lon="104.055415472962"><ele>486</ele><time>2025-04-10T13:00:05.000Z</time></trkpt>
<trkpt lat="30.62590002372024" lon="104.055415472962"><ele>486</ele><time>2025-04-10T13:00:06.000Z</time></trkpt>
<trkpt lat="30.62590002372024" lon="104.055415472962"><ele>486</ele><time>2025-04-10T13:00:07.000Z</time></trkpt>
<trkpt lat="30.62590002372024" lon="104.055415472962"><ele>486</ele><time>2025-04-10T13:00:08.000Z</time></trkpt>
<trkpt lat="30.62590002372024" lon="104.055415472962"><ele>487</ele><time>2025-04-10T13:00:09.000Z</time></trkpt>
<trkpt lat="30.62590002372024" lon="104.055415472962"><ele>487</ele><time>2025-04-10T13:00:10.000Z</time></trkpt>
<trkpt lat="30.62590002372024" lon="104.055415472962"><ele>487</ele><time>2025-04-10T13:00:11.000Z</time></trkpt>
<trkpt lat="30.62590002372024" lon="104.055415472962"><ele>486</ele><time>2025-04-10T13:00:12.000Z</time></trkpt>
<trkpt lat="30.62590002372024" lon="104.055415472962"><ele>487</ele><time>2025-04-10T13:00:13.000Z</time></trkpt>
<trkpt lat="30.62590002372024" lon="104.055415472962"><ele>486</ele><time>2025-04-10T13:00:14.000Z</time></trkpt>
<trkpt lat="30.62590002372024" lon="104.055415472962"><ele>487</ele><time>2025-04-10T13:00:15.000Z</time></trkpt>
<trkpt lat="30.62590002372024" lon="104.055415472962"><ele>487</ele><time>2025-04-10T13:00:16.000Z</time></trkpt>
<trkpt lat="30.62590002372024" lon="104.055415472962"><ele>487</ele><time>2025-04-10T13:00:17.000Z</time></trkpt>
<trkpt lat="30.62590002372024" lon="104.055415472962"><ele>488</ele><time>2025-04-10T13:00:18.000Z</time></trkpt>
<trkpt lat="30.62590002372024" lon="104.055415472962"><ele>488</ele><time>2025-04-10T13:00:19.000Z</time></trkpt>
<trkpt lat="30.62590002372024" lon="104.055415472962"><ele>488</ele><time>2025-04-10T13:00:20.000Z</time></trkpt>
<trkpt lat="30.62590002372024" lon="104.055415472962"><ele>488</ele><time>2025-04-10T13:00:21.000Z</time></trkpt>
<trkpt lat="30.62590002372024" lon="104.055415472962"><ele>489</ele><time>2025-04-10T13:00:22.000Z</time></trkpt>
<trkpt lat="30.62590002372024" lon="104.055415472962"><ele>489</ele><time>2025-04-10T13:00:23.000Z</time></trkpt>
<trkpt lat="30.62590002372024" lon="104.055415472962"><ele>489</ele><time>2025-04-10T13:00:24.000Z</time></trkpt>
<trkpt lat="30.62590002372024" lon="104.055415472962"><ele>489</ele><time>2025-04-10T13:00:25.000Z</time></trkpt>
<trkpt lat="30.62590002372024" lon="104.055415472962"><ele>489</ele><time>2025-04-10T13:00:26.000Z</time></trkpt>
<trkpt lat="30.62590002372024" lon="104.055415472962"><ele>489</ele><time>2025-04-10T13:00:27.000Z</time></trkpt>
<trkpt lat="30.62590002372024" lon="104.055415472962"><ele>489</ele><time>2025-04-10T13:00:28.000Z</time></trkpt>
<trkpt lat="30.62590002372024" lon="104.055415472962"><ele>489</ele><time>2025-04-10T13:00:29.000Z</time></trkpt>
<trkpt lat="30.62590002372024" lon="104.055415472962"><ele>489</ele><time>2025-04-10T13:00:30.000Z</time></trkpt>
<trkpt lat="30.62590002372024" lon="104.055415472962"><ele>489</ele><time>2025-04-10T13:00:31.000Z</time></trkpt>
<trkpt lat="30.62590002372024" lon="104.055415472962"><ele>489</ele><time>2025-04-10T13:00:32.000Z</time></trkpt>
<trkpt lat="30.62590002372024" lon="104.055415472962"><ele>489</ele><time>2025-04-10T13:00:33.000Z</time></trkpt>
<trkpt lat="30.62590002372024" lon="104.055415472962"><ele>489</ele><time>2025-04-10T13:00:34.000Z</time></trkpt>
<trkpt lat="30.62590002372024" lon="104.055415472962"><ele>490</ele><time>2025-04-10T13:00:35.000Z</time></trkpt>
<trkpt lat="30.62590002372024" lon="104.055415472962"><ele>490</ele><time>2025-04-10T13:00:36.000Z</time></trkpt>
<trkpt lat="30.62590002372024" lon="104.055415472962"><ele>490</ele><time>2025-04-10T13:00:37.000Z</time></trkpt>
<trkpt lat="30.62590002372024" lon="104.055415472962"><ele>489</ele><time>2025-04-10T13:00:38.000Z</time></trkpt>
<trkpt lat="30.62590002372024" lon="104.055415472962"><ele>489</ele><time>2025-04-10T13:00:39.000Z</time></trkpt>
<trkpt lat="30.62590002372024" lon="104.055415472962"><ele>489</ele><time>2025-04-10T13:00:40.000Z</time></trkpt>
<trkpt lat="30.62590002372024" lon="104.055415472962"><ele>489</ele><time>2025-04-10T13:00:41.000Z</time></trkpt>
<trkpt lat="30.62590002372024" lon="104.055415472962"><ele>489</ele><time>2025-04-10T13:00:42.000Z</time></trkpt>
<trkpt lat="30.62590002372024" lon="104.055415472962"><ele>489</ele><time>2025-04-10T13:00:43.000Z</time></trkpt>
<trkpt lat="30.62590002372024" lon="104.055415472962"><ele>489</ele><time>2025-04-10T13:00:44.000Z</time></trkpt>
<trkpt lat="30.62590002372024" lon="104.055415472962"><ele>489</ele><time>2025-04-10T13:00:45.000Z</time></trkpt>
<trkpt lat="30.62590002372024" lon="104.055415472962"><ele>490</ele><time>2025-04-10T13:00:46.000Z</time></trkpt>
<trkpt lat="30.62590002372024" lon="104.055415472962"><ele>490</ele><time>2025-04-10T13:00:47.000Z</time></trkpt>
<trkpt lat="30.62590002372024" lon="104.055415472962"><ele>489</ele><time>2025-04-10T13:00:48.000Z</time></trkpt>
<trkpt lat="30.62590002372024" lon="104.055415472962"><ele>490</ele><time>2025-04-10T13:00:49.000Z</time></trkpt>
<trkpt lat="30.62590002372024" lon="104.055415472962"><ele>490</ele><time>2025-04-10T13:00:50.000Z</time></trkpt>
<trkpt lat="30.62590002372024" lon="104.055415472962"><ele>490</ele><time>2025-04-10T13:00:51.000Z</time></trkpt>
<trkpt lat="30.62590002372024" lon="104.055415472962"><ele>490</ele><time>2025-04-10T13:00:52.000Z</time></trkpt>
<trkpt lat="30.62590002372024" lon="104.055415472962"><ele>490</ele><time>2025-04-10T13:00:53.000Z</time></trkpt>
<trkpt lat="30.62590002372024" lon="104.055415472962"><ele>489</ele><time>2025-04-10T13:00:54.000Z</time></trkpt>
<trkpt lat="30.62590002372024" lon="104.055415472962"><ele>489</ele><time>2025-04-10T13:00:55.000Z</time></trkpt>
<trkpt lat="30.62590002372024" lon="104.055415472962"><ele>488</ele><time>2025-04-10T13:00:56.000Z</time></trkpt>
<trkpt lat="30.62590002372024" lon="104.055415472962"><ele>488</ele><time>2025-04-10T13:00:57.000Z</time></trkpt>
<trkpt lat="30.62590002372024" lon="104.055415472962"><ele>488</ele><time>2025-04-10T13:00:58.000Z</time></trkpt>
<trkpt lat="30.62590002372024" lon="104.055415472962"><ele>488</ele><time>2025-04-10T13:00:59.000Z</time></trkpt>
<trkpt lat="30.62590002372024" lon="104.055415472962"><ele>488</ele><time>2025-04-10T13:01:00.000Z</time></trkpt>
<trkpt lat="30.62590002372024" lon="104.055415472962"><ele>488</ele><time>2025-04-10T13:01:01.000Z</time></trkpt>
<trkpt lat="30.62590002372024" lon="104.055415472962"><ele>488</ele><time>2025-04-10T13:01:02.000Z</time></trkpt>
<trkpt lat="30.62590002372024" lon="104.055415472962"><ele>488</ele><time>2025-04-10T13:01:03.000Z</time></trkpt>
<trkpt lat="30.62590002372024" lon="104.055415472962"><ele>488</ele><time>2025-04-10T13:01:04.000Z</time></trkpt>
<trkpt lat="30.62590002372024" lon="104.055415472962"><ele>488</ele><time>2025-04-10T13:01:05.000Z</time></trkpt>
<trkpt lat="30.62590002372024" lon="104.055415472962"><ele>488</ele><time>2025-04-10T13:01:06.000Z</time></trkpt>
<trkpt lat="30.62590002372024" lon="104.055415472962"><ele>488</ele><time>2025-04-10T13:01:07.000Z</time></trkpt>
<trkpt lat="30.62590002372024" lon="104.055415472962"><ele>489</ele><time>2025-04-10T13:01:08.000Z</time></trkpt>
<trkpt lat="30.62590002372024" lon="104.055415472962"><ele>489</ele><time>2025-04-10T13:01:09.000Z</time></trkpt>
<trkpt lat="30.62590002372024" lon="104.055415472962"><ele>488</ele><time>2025-04-10T13:01:10.000Z</time></trkpt>
<trkpt lat="30.62590002372024" lon="104.055415472962"><ele>489</ele><time>2025-04-10T13:01:11.000Z</time></trkpt>
<trkpt lat="30.62590002372024" lon="104.055415472962"><ele>489</ele><time>2025-04-10T13:01:12.000Z</time></trkpt>
<trkpt lat="30.62590002372024" lon="104.055415472962"><ele>489</ele><time>2025-04-10T13:01:13.000Z</time></trkpt>
<trkpt lat="30.62590002372024" lon="104.055415472962"><ele>489</ele><time>2025-04-10T13:01:14.000Z</time></trkpt>
<trkpt lat="30.62590002372024" lon="104.055415472962"><ele>489</ele><time>2025-04-10T13:01:15.000Z</time></trkpt>
<trkpt lat="30.62590002372024" lon="104.055415472962"><ele>489</ele><time>2025-04-10T13:01:16.000Z</time></trkpt>
<trkpt lat="30.62590002372024" lon="104.055415472962"><ele>489</ele><time>2025-04-10T13:01:17.000Z</time></trkpt>
<trkpt lat="30.62590002372024" lon="104.055415472962"><ele>489</ele><time>2025-04-10T13:01:18.000Z</time></trkpt>
<trkpt lat="30.62590002372024" lon="104.055415472962"><ele>489</ele><time>2025-04-10T13:01:19.000Z</time></trkpt>
<trkpt lat="30.62590002372024" lon="104.055415472962"><ele>489</ele><time>2025-04-10T13:01:20.000Z</time></trkpt>
<trkpt lat="30.62590002372024" lon="104.055415472962"><ele>489</ele><time>2025-04-10T13:01:21.000Z</time></trkpt>
<trkpt lat="30.62590002372024" lon="104.055415472962"><ele>489</ele><time>2025-04-10T13:01:22.000Z</time></trkpt>
<trkpt lat="30.62590002372024" lon="104.055415472962"><ele>489</ele><time>2025-04-10T13:01:23.000Z</time></trkpt>
<trkpt lat="30.62590002372024" lon="104.055415472962"><ele>489</ele><time>2025-04-10T13:01:24.000Z</time></trkpt>
<trkpt lat="30.62590002372024" lon="104.055415472962"><ele>489</ele><time>2025-04-10T13:01:25.000Z</time></trkpt>
<trkpt lat="30.62590002372024" lon="104.055415472962"><ele>489</ele><time>2025-04-10T13:01:26.000Z</time></trkpt>
<trkpt lat="30.62590002372024" lon="104.055415472962"><ele>489</ele><time>2025-04-10T13:01:27.000Z</time></trkpt>
<trkpt lat="30.62590002372024" lon="104.055415472962"><ele>489</ele><time>2025-04-10T13:01:28.000Z</time></trkpt>
<trkpt lat="30.62590002372024" lon="104.055415472962"><ele>489</ele><time>2025-04-10T13:01:29.000Z</time></trkpt>
<trkpt lat="30.62590002372024" lon="104.055415472962"><ele>489</ele><time>2025-04-10T13:01:30.000Z</time></trkpt>
<trkpt lat="30.62590002372024" lon="104.055415472962"><ele>490</ele><time>2025-04-10T13:01:31.000Z</time></trkpt>
<trkpt lat="30.62590002372024" lon="104.055415472962"><ele>490</ele><time>2025-04-10T13:01:32.000Z</time></trkpt>
<trkpt lat="30.62590002372024" lon="104.055415472962"><ele>490</ele><time>2025-04-10T13:01:33.000Z</time></trkpt>
<trkpt lat="30.62590002372024" lon="104.055415472962"><ele>490</ele><time>2025-04-10T13:01:34.000Z</time></trkpt>
<trkpt lat="30.62590002372024" lon="104.055415472962"><ele>490</ele><time>2025-04-10T13:01:35.000Z</time></trkpt>
<trkpt lat="30.62590002372024" lon="104.055415472962"><ele>490</ele><time>2025-04-10T13:01:36.000Z</time></trkpt>
<trkpt lat="30.62590002372024" lon="104.055415472962"><ele>490</ele><time>2025-04-10T13:01:37.000Z</time></trkpt>
<trkpt lat="30.62590002372024" lon="104.055415472962"><ele>490</ele><time>2025-04-10T13:01:38.000Z</time></trkpt>
<trkpt lat="30.62590002372024" lon="104.055415472962"><ele>490</ele><time>2025-04-10T13:01:39.000Z</time></trkpt>
<trkpt lat="30.62590002372024" lon="104.055415472962"><ele>490</ele><time>2025-04-10T13:01:40.000Z</time></trkpt>
<trkpt lat="30.62590002372024" lon="104.055415472962"><ele>490</ele><time>2025-04-10T13:01:41.000Z</time></trkpt>
<trkpt lat="30.62590002372024" lon="104.055415472962"><ele>490</ele><time>2025-04-10T13:01:42.000Z</time></trkpt>
<trkpt lat="30.62590002372024" lon="104.055415472962"><ele>490</ele><time>2025-04-10T13:01:43.000Z</time></trkpt>
<trkpt lat="30.62590002372024" lon="104.055415472962"><ele>490</ele><time>2025-04-10T13:01:44.000Z</time></trkpt>
<trkpt lat="30.62590002372024" lon="104.055415472962"><ele>490</ele><time>2025-04-10T13:01:45.000Z</time></trkpt>
<trkpt lat="30.62590002372024" lon="104.055415472962"><ele>490</ele><time>2025-04-10T13:01:46.000Z</time></trkpt>
<trkpt lat="30.62590002372024" lon="104.055415472962"><ele>490</ele><time>2025-04-10T13:01:47.000Z</time></trkpt>
<trkpt lat="30.62590002372024" lon="104.055415472962"><ele>490</ele><time>2025-04-10T13:01:48.000Z</time></trkpt>
<trkpt lat="30.62590002372024" lon="104.055415472962"><ele>490</ele><time>2025-04-10T13:01:49.000Z</time></trkpt>
<trkpt lat="30.62590002372024" lon="104.055415472962"><ele>490</ele><time>2025-04-10T13:01:50.000Z</time></trkpt>
<trkpt lat="30.62590002372024" lon="104.055415472962"><ele>490</ele><time>2025-04-10T13:01:51.000Z</time></trkpt>
<trkpt lat="30.62590002372024" lon="104.055415472962"><ele>489</ele><time>2025-04-10T13:01:52.000Z</time></trkpt>
<trkpt lat="30.62590002372024" lon="104.055415472962"><ele>489</ele><time>2025-04-10T13:01:53.000Z</time></trkpt>
<trkpt lat="30.62590002372024" lon="104.055415472962"><ele>489</ele><time>2025-04-10T13:01:54.000Z</time></trkpt>
<trkpt lat="30.62590002372024" lon="104.055415472962"><ele>490</ele><time>2025-04-10T13:01:55.000Z</time></trkpt>
<trkpt lat="30.62590002372024" lon="104.055415472962"><ele>490</ele><time>2025-04-10T13:01:56.000Z</time></trkpt>
<trkpt lat="30.62590002372024" lon="104.055415472962"><ele>490</ele><time>2025-04-10T13:01:57.000Z</time></trkpt>
<trkpt lat="30.62590002372024" lon="104.055415472962"><ele>490</ele><time>2025-04-10T13:01:58.000Z</time></trkpt>
<trkpt lat="30.62590002372024" lon="104.055415472962"><ele>490</ele><time>2025-04-10T13:01:59.000Z</time></trkpt>
<trkpt lat="30.62590002372024" lon="104.055415472962"><ele>490</ele><time>2025-04-10T13:02:00.000Z</time></trkpt>
<trkpt lat="30.62590002372024" lon="104.055415472962"><ele>490</ele><time>2025-04-10T13:02:01.000Z</time></trkpt>
<trkpt lat="30.62590002372024" lon="104.055415472962"><ele>490</ele><time>2025-04-10T13:02:02.000Z</time></trkpt>
<trkpt lat="30.62590002372024" lon="104.055415472962"><ele>490</ele><time>2025-04-10T13:02:03.000Z</time></trkpt>
<trkpt lat="30.62590002372024" lon="104.055415472962"><ele>490</ele><time>2025-04-10T13:02:04.000Z</time></trkpt>
<trkpt lat="30.62590002372024" lon="104.055415472962"><ele>489</ele><time>2025-04-10T13:02:05.000Z</time></trkpt>
<trkpt lat="30.62590002372024" lon="104.055415472962"><ele>489</ele><time>2025-04-10T13:02:06.000Z</time></trkpt>
<trkpt lat="30.62590002372024" lon="104.055415472962"><ele>489</ele><time>2025-04-10T13:02:07.000Z</time></trkpt>
<trkpt lat="30.62590002372024" lon="104.055415472962"><ele>489</ele><time>2025-04-10T13:02:08.000Z</time></trkpt>
<trkpt lat="30.62590002372024" lon="104.055415472962"><ele>489</ele><time>2025-04-10T13:02:09.000Z</time></trkpt>
<trkpt lat="30.62590002372024" lon="104.055415472962"><ele>489</ele><time>2025-04-10T13:02:10.000Z</time></trkpt>
<trkpt lat="30.62590002372024" lon="104.055415472962"><ele>489</ele><time>2025-04-10T13:02:11.000Z</time></trkpt>
<trkpt lat="30.62590002372024" lon="104.055415472962"><ele>488</ele><time>2025-04-10T13:02:12.000Z</time></trkpt>
<trkpt lat="30.62590002372024" lon="104.055415472962"><ele>487</ele><time>2025-04-10T13:02:13.000Z</time></trkpt>
<trkpt lat="30.62590002372024" lon="104.055415472962"><ele>486</ele><time>2025-04-10T13:02:14.000Z</time></trkpt>
<trkpt lat="30.62590002372024" lon="104.055415472962"><ele>486</ele><time>2025-04-10T13:02:15.000Z</time></trkpt>
<trkpt lat="30.62590002372024" lon="104.055415472962"><ele>486</ele><time>2025-04-10T13:02:16.000Z</time></trkpt>
<trkpt lat="30.62590002372024" lon="104.055415472962"><ele>487</ele><time>2025-04-10T13:02:17.000Z</time></trkpt>
<trkpt lat="30.62590002372024" lon="104.055415472962"><ele>487</ele><time>2025-04-10T13:02:18.000Z</time></trkpt>
<trkpt lat="30.62590002372024" lon="104.055415472962"><ele>487</ele><time>2025-04-10T13:02:19.000Z</time></trkpt>
<trkpt lat="30.62590002372024" lon="104.055415472962"><ele>486</ele><time>2025-04-10T13:02:20.000Z</time></trkpt>
<trkpt lat="30.62590002372024" lon="104.055415472962"><ele>486</ele><time>2025-04-10T13:02:21.000Z</time></trkpt>
<trkpt lat="30.62590002372024" lon="104.055415472962"><ele>486</ele><time>2025-04-10T13:02:22.000Z</time></trkpt>
<trkpt lat="30.62590002372024" lon="104.055415472962"><ele>486</ele><time>2025-04-10T13:02:23.000Z</time></trkpt>
<trkpt lat="30.62590002372024" lon="104.055415472962"><ele>487</ele><time>2025-04-10T13:02:24.000Z</time></trkpt>
<trkpt lat="30.62590002372024" lon="104.055415472962"><ele>487</ele><time>2025-04-10T13:02:25.000Z</time></trkpt>
<trkpt lat="30.62590002372024" lon="104.055415472962"><ele>487</ele><time>2025-04-10T13:02:26.000Z</time></trkpt>
<trkpt lat="30.62590002372024" lon="104.055415472962"><ele>487</ele><time>2025-04-10T13:02:27.000Z</time></trkpt>
<trkpt lat="30.62590002372024" lon="104.055415472962"><ele>487</ele><time>2025-04-10T13:02:28.000Z</time></trkpt>
<trkpt lat="30.62590002372024" lon="104.055415472962"><ele>487</ele><time>2025-04-10T13:02:29.000Z</time></trkpt>
<trkpt lat="30.62590002372024" lon="104.055415472962"><ele>487</ele><time>2025-04-10T13:02:30.000Z</time></trkpt>
<trkpt lat="30.62590002372024" lon="104.055415472962"><ele>487</ele><time>2025-04-10T13:02:31.000Z</time></trkpt>
<trkpt lat="30.62590002372024" lon="104.055415472962"><ele>487</ele><time>2025-04-10T13:02:32.000Z</time></trkpt>
<trkpt lat="30.62590002372024" lon="104.055415472962"><ele>485</ele><time>2025-04-10T13:02:33.000Z</time></trkpt>
<trkpt lat="30.62590002372024" lon="104.055415472962"><ele>485</ele><time>2025-04-10T13:02:34.000Z</time></trkpt>
<trkpt lat="30.62590002372024" lon="104.055415472962"><ele>483</ele><time>2025-04-10T13:02:35.000Z</time></trkpt>
<trkpt lat="30.62590002372024" lon="104.055415472962"><ele>483</ele><time>2025-04-10T13:02:36.000Z</time></trkpt>
<trkpt lat="30.62590002372024" lon="104.055415472962"><ele>483</ele><time>2025-04-10T13:02:37.000Z</time></trkpt>
<trkpt lat="30.62590002372024" lon="104.055415472962"><ele>483</ele><time>2025-04-10T13:02:38.000Z</time></trkpt>
<trkpt lat="30.62590002372024" lon="104.055415472962"><ele>484</ele><time>2025-04-10T13:02:39.000Z</time></trkpt>
<trkpt lat="30.62590002372024" lon="104.055415472962"><ele>483</ele><time>2025-04-10T13:02:40.000Z</time></trkpt>
<trkpt lat="30.62590002372024" lon="104.055415472962"><ele>484</ele><time>2025-04-10T13:02:41.000Z</time></trkpt>
<trkpt lat="30.62590002372024" lon="104.055415472962"><ele>484</ele><time>2025-04-10T13:02:42.000Z</time></trkpt>
<trkpt lat="30.62590002372024" lon="104.055415472962"><ele>484</ele><time>2025-04-10T13:02:43.000Z</time></trkpt>
<trkpt lat="30.62590002372024" lon="104.055415472962"><ele>484</ele><time>2025-04-10T13:02:44.000Z</time></trkpt>
<trkpt lat="30.62590002372024" lon="104.055415472962"><ele>483</ele><time>2025-04-10T13:02:45.000Z</time></trkpt>
<trkpt lat="30.62590002372024" lon="104.055415472962"><ele>482</ele><time>2025-04-10T13:02:46.000Z</time></trkpt>
<trkpt lat="30.62590002372024" lon="104.055415472962"><ele>482</ele><time>2025-04-10T13:02:47.000Z</time></trkpt>
<trkpt lat="30.62590002372024" lon="104.055415472962"><ele>483</ele><time>2025-04-10T13:02:48.000Z</time></trkpt>
<trkpt lat="30.62590002372024" lon="104.055415472962"><ele>484</ele><time>2025-04-10T13:02:49.000Z</time></trkpt>
<trkpt lat="30.62590002372024" lon="104.055415472962"><ele>484</ele><time>2025-04-10T13:02:50.000Z</time></trkpt>
<trkpt lat="30.62590002372024" lon="104.055415472962"><ele>484</ele><time>2025-04-10T13:02:51.000Z</time></trkpt>
<trkpt lat="30.62590002372024" lon="104.055415472962"><ele>484</ele><time>2025-04-10T13:02:52.000Z</time></trkpt>
<trkpt lat="30.62590002372024" lon="104.055415472962"><ele>483</ele><time>2025-04-10T13:02:53.000Z</time></trkpt>
<trkpt lat="30.62590002372024" lon="104.055415472962"><ele>484</ele><time>2025-04-10T13:02:54.000Z</time></trkpt>
<trkpt lat="30.62590002372024" lon="104.055415472962"><ele>484</ele><time>2025-04-10T13:02:55.000Z</time></trkpt>
<trkpt lat="30.62590002372024" lon="104.055415472962"><ele>484</ele><time>2025-04-10T13:02:56.000Z</time></trkpt>
<trkpt lat="30.62590002372024" lon="104.055415472962"><ele>485</ele><time>2025-04-10T13:02:57.000Z</time></trkpt>
<trkpt lat="30.62590002372024" lon="104.055415472962"><ele>485</ele><time>2025-04-10T13:02:58.000Z</time></trkpt>
<trkpt lat="30.62590002372024" lon="104.055415472962"><ele>485</ele><time>2025-04-10T13:02:59.000Z</time></trkpt>
<trkpt lat="30.62590002372024" lon="104.055415472962"><ele>484</ele><time>2025-04-10T13:03:00.000Z</time></trkpt>
<trkpt lat="30.62590002372024" lon="104.055415472962"><ele>484</ele><time>2025-04-10T13:03:01.000Z</time></trkpt>
<trkpt lat="30.62590002372024" lon="104.055415472962"><ele>485</ele><time>2025-04-10T13:03:02.000Z</time></trkpt>
<trkpt lat="30.62590002372024" lon="104.055415472962"><ele>485</ele><time>2025-04-10T13:03:03.000Z</time></trkpt>
<trkpt lat="30.62590002372024" lon="104.055415472962"><ele>485</ele><time>2025-04-10T13:03:04.000Z</time></trkpt>
<trkpt lat="30.62590002372024" lon="104.055415472962"><ele>485</ele><time>2025-04-10T13:03:05.000Z</time></trkpt>
<trkpt lat="30.62590002372024" lon="104.055415472962"><ele>485</ele><time>2025-04-10T13:03:06.000Z</time></trkpt>
<trkpt lat="30.62590002372024" lon="104.055415472962"><ele>486</ele><time>2025-04-10T13:03:07.000Z</time></trkpt>
<trkpt lat="30.62590002372024" lon="104.055415472962"><ele>486</ele><time>2025-04-10T13:03:08.000Z</time></trkpt>
<trkpt lat="30.62590002372024" lon="104.055415472962"><ele>486</ele><time>2025-04-10T13:03:09.000Z</time></trkpt>
<trkpt lat="30.62590002372024" lon="104.055415472962"><ele>487</ele><time>2025-04-10T13:03:10.000Z</time></trkpt>
<trkpt lat="30.62590002372024" lon="104.055415472962"><ele>487</ele><time>2025-04-10T13:03:11.000Z</time></trkpt>
<trkpt lat="30.62590002372024" lon="104.055415472962"><ele>487</ele><time>2025-04-10T13:03:12.000Z</time></trkpt>
<trkpt lat="30.62590002372024" lon="104.055415472962"><ele>487</ele><time>2025-04-10T13:03:13.000Z</time></trkpt>
<trkpt lat="30.62590002372024" lon="104.055415472962"><ele>487</ele><time>2025-04-10T13:03:14.000Z</time></trkpt>
<trkpt lat="30.62590002372024" lon="104.055415472962"><ele>486</ele><time>2025-04-10T13:03:15.000Z</time></trkpt>
<trkpt lat="30.62590002372024" lon="104.055415472962"><ele>487</ele><time>2025-04-10T13:03:16.000Z</time></trkpt>
<trkpt lat="30.62590002372024" lon="104.055415472962"><ele>487</ele><time>2025-04-10T13:03:17.000Z</time></trkpt>
<trkpt lat="30.62590002372024" lon="104.055415472962"><ele>487</ele><time>2025-04-10T13:03:18.000Z</time></trkpt>
<trkpt lat="30.62590002372024" lon="104.055415472962"><ele>487</ele><time>2025-04-10T13:03:19.000Z</time></trkpt>
<trkpt lat="30.62590002372024" lon="104.055415472962"><ele>487</ele><time>2025-04-10T13:03:20.000Z</time></trkpt>
<trkpt lat="30.62590002372024" lon="104.055415472962"><ele>486</ele><time>2025-04-10T13:03:21.000Z</time></trkpt>
<trkpt lat="30.62590002372024" lon="104.055415472962"><ele>483</ele><time>2025-04-10T13:03:22.000Z</time></trkpt>
<trkpt lat="30.62590002372024" lon="104.055415472962"><ele>482</ele><time>2025-04-10T13:03:23.000Z</time></trkpt>
<trkpt lat="30.62590002372024" lon="104.055415472962"><ele>482</ele><time>2025-04-10T13:03:24.000Z</time></trkpt>
<trkpt lat="30.62590002372024" lon="104.055415472962"><ele>482</ele><time>2025-04-10T13:03:25.000Z</time></trkpt>
<trkpt lat="30.62590002372024" lon="104.055415472962"><ele>483</ele><time>2025-04-10T13:03:26.000Z</time></trkpt>
<trkpt lat="30.62590002372024" lon="104.055415472962"><ele>484</ele><time>2025-04-10T13:03:27.000Z</time></trkpt>
<trkpt lat="30.62590002372024" lon="104.055415472962"><ele>484</ele><time>2025-04-10T13:03:28.000Z</time></trkpt>
<trkpt lat="30.62590002372024" lon="104.055415472962"><ele>485</ele><time>2025-04-10T13:03:29.000Z</time></trkpt>
<trkpt lat="30.62590002372024" lon="104.055415472962"><ele>485</ele><time>2025-04-10T13:03:30.000Z</time></trkpt>
<trkpt lat="30.62590002372024" lon="104.055415472962"><ele>486</ele><time>2025-04-10T13:03:31.000Z</time></trkpt>
<trkpt lat="30.62590002372024" lon="104.055415472962"><ele>486</ele><time>2025-04-10T13:03:32.000Z</time></trkpt>
<trkpt lat="30.62590002372024" lon="104.055415472962"><ele>487</ele><time>2025-04-10T13:03:33.000Z</time></trkpt>
<trkpt lat="30.62590002372024" lon="104.055415472962"><ele>486</ele><time>2025-04-10T13:03:34.000Z</time></trkpt>
<trkpt lat="30.62590002372024" lon="104.055415472962"><ele>485</ele><time>2025-04-10T13:03:35.000Z</time></trkpt>
<trkpt lat="30.62590002372024" lon="104.055415472962"><ele>485</ele><time>2025-04-10T13:03:36.000Z</time></trkpt>
<trkpt lat="30.62590002372024" lon="104.055415472962"><ele>485</ele><time>2025-04-10T13:03:37.000Z</time></trkpt>
<trkpt lat="30.62590002372024" lon="104.055415472962"><ele>486</ele><time>2025-04-10T13:03:38.000Z</time></trkpt>
<trkpt lat="30.62590002372024" lon="104.055415472962"><ele>486</ele><time>2025-04-10T13:03:39.000Z</time></trkpt>
<trkpt lat="30.62590002372024" lon="104.055415472962"><ele>487</ele><time>2025-04-10T13:03:40.000Z</time></trkpt>
<trkpt lat="30.62590002372024" lon="104.055415472962"><ele>487</ele><time>2025-04-10T13:03:41.000Z</time></trkpt>
<trkpt lat="30.62590002372024" lon="104.055415472962"><ele>487</ele><time>2025-04-10T13:03:42.000Z</time></trkpt>
<trkpt lat="30.62590002372024" lon="104.055415472962"><ele>486</ele><time>2025-04-10T13:03:43.000Z</time></trkpt>
<trkpt lat="30.62590002372024" lon="104.055415472962"><ele>487</ele><time>2025-04-10T13:03:44.000Z</time></trkpt>
<trkpt lat="30.62590002372024" lon="104.055415472962"><ele>487</ele><time>2025-04-10T13:03:45.000Z</time></trkpt>
<trkpt lat="30.62590002372024" lon="104.055415472962"><ele>486</ele><time>2025-04-10T13:03:46.000Z</time></trkpt>
<trkpt lat="30.62590002372024" lon="104.055415472962"><ele>487</ele><time>2025-04-10T13:03:47.000Z</time></trkpt>
<trkpt lat="30.62590002372024" lon="104.055415472962"><ele>486</ele><time>2025-04-10T13:03:48.000Z</time></trkpt>
<trkpt lat="30.62590002372024" lon="104.055415472962"><ele>487</ele><time>2025-04-10T13:03:49.000Z</time></trkpt>
<trkpt lat="30.62590002372024" lon="104.055415472962"><ele>486</ele><time>2025-04-10T13:03:50.000Z</time></trkpt>
<trkpt lat="30.62590002372024" lon="104.055415472962"><ele>487</ele><time>2025-04-10T13:03:51.000Z</time></trkpt>
<trkpt lat="30.62590002372024" lon="104.055415472962"><ele>488</ele><time>2025-04-10T13:03:52.000Z</time></trkpt>
<trkpt lat="30.62590002372024" lon="104.055415472962"><ele>488</ele><time>2025-04-10T13:03:53.000Z</time></trkpt>
<trkpt lat="30.62590002372024" lon="104.055415472962"><ele>488</ele><time>2025-04-10T13:03:54.000Z</time></trkpt>
<trkpt lat="30.62590002372024" lon="104.055415472962"><ele>488</ele><time>2025-04-10T13:03:55.000Z</time></trkpt>
<trkpt lat="30.62590002372024" lon="104.055415472962"><ele>488</ele><time>2025-04-10T13:03:56.000Z</time></trkpt>
<trkpt lat="30.62590002372024" lon="104.055415472962"><ele>488</ele><time>2025-04-10T13:03:57.000Z</time></trkpt>
<trkpt lat="30.62590002372024" lon="104.055415472962"><ele>486</ele><time>2025-04-10T13:03:58.000Z</time></trkpt>
<trkpt lat="30.62590002372024" lon="104.055415472962"><ele>485</ele><time>2025-04-10T13:03:59.000Z</time></trkpt>
<trkpt lat="30.62590002372024" lon="104.055415472962"><ele>485</ele><time>2025-04-10T13:04:00.000Z</time></trkpt>
<trkpt lat="30.62590002372024" lon="104.055415472962"><ele>485</ele><time>2025-04-10T13:04:01.000Z</time></trkpt>
<trkpt lat="30.62590002372024" lon="104.055415472962"><ele>485</ele><time>2025-04-10T13:04:02.000Z</time></trkpt>
<trkpt lat="30.62590002372024" lon="104.055415472962"><ele>485</ele><time>2025-04-10T13:04:03.000Z</time></trkpt>
<trkpt lat="30.62590002372024" lon="104.055415472962"><ele>485</ele><time>2025-04-10T13:04:04.000Z</time></trkpt>
<trkpt lat="30.62590002372024" lon="104.055415472962"><ele>485</ele><time>2025-04-10T13:04:05.000Z</time></trkpt>
<trkpt lat="30.62590002372024" lon="104.055415472962"><ele>485</ele><time>2025-04-10T13:04:06.000Z</time></trkpt>
<trkpt lat="30.62590002372024" lon="104.055415472962"><ele>485</ele><time>2025-04-10T13:04:07.000Z</time></trkpt>
<trkpt lat="30.62590002372024" lon="104.055415472962"><ele>485</ele><time>2025-04-10T13:04:08.000Z</time></trkpt>
<trkpt lat="30.62590002372024" lon="104.055415472962"><ele>485</ele><time>2025-04-10T13:04:09.000Z</time></trkpt>
<trkpt lat="30.62590002372024" lon="104.055415472962"><ele>486</ele><time>2025-04-10T13:04:10.000Z</time></trkpt>
<trkpt lat="30.62590002372024" lon="104.055415472962"><ele>486</ele><time>2025-04-10T13:04:11.000Z</time></trkpt>
<trkpt lat="30.62590002372024" lon="104.055415472962"><ele>486</ele><time>2025-04-10T13:04:12.000Z</time></trkpt>
<trkpt lat="30.62590002372024" lon="104.055415472962"><ele>486</ele><time>2025-04-10T13:04:13.000Z</time></trkpt>
<trkpt lat="30.62590002372024" lon="104.055415472962"><ele>487</ele><time>2025-04-10T13:04:14.000Z</time></trkpt>
<trkpt lat="30.62590002372024" lon="104.055415472962"><ele>486</ele><time>2025-04-10T13:04:15.000Z</time></trkpt>
<trkpt lat="30.62590002372024" lon="104.055415472962"><ele>487</ele><time>2025-04-10T13:04:16.000Z</time></trkpt>
<trkpt lat="30.62590002372024" lon="104.055415472962"><ele>487</ele><time>2025-04-10T13:04:17.000Z</time></trkpt>
<trkpt lat="30.62590002372024" lon="104.055415472962"><ele>487</ele><time>2025-04-10T13:04:18.000Z</time></trkpt>
<trkpt lat="30.62590002372024" lon="104.055415472962"><ele>485</ele><time>2025-04-10T13:04:19.000Z</time></trkpt>
<trkpt lat="30.62590002372024" lon="104.055415472962"><ele>482</ele><time>2025-04-10T13:04:20.000Z</time></trkpt>
<trkpt lat="30.62590002372024" lon="104.055415472962"><ele>481</ele><time>2025-04-10T13:04:21.000Z</time></trkpt>
<trkpt lat="30.62590002372024" lon="104.055415472962"><ele>480</ele><time>2025-04-10T13:04:22.000Z</time></trkpt>
<trkpt lat="30.62590002372024" lon="104.055415472962"><ele>488</ele><time>2025-04-10T13:04:23.000Z</time></trkpt>
<trkpt lat="30.62590002372024" lon="104.055415472962"><ele>488</ele><time>2025-04-10T13:04:24.000Z</time></trkpt>
<trkpt lat="30.62590002372024" lon="104.055415472962"><ele>489</ele><time>2025-04-10T13:04:25.000Z</time></trkpt>
<trkpt lat="30.62590002372024" lon="104.055415472962"><ele>489</ele><time>2025-04-10T13:04:26.000Z</time></trkpt>
<trkpt lat="30.62590002372024" lon="104.055415472962"><ele>490</ele><time>2025-04-10T13:04:27.000Z</time></trkpt>
<trkpt lat="30.62590002372024" lon="104.055415472962"><ele>490</ele><time>2025-04-10T13:04:28.000Z</time></trkpt>
<trkpt lat="30.62590002372024" lon="104.055415472962"><ele>490</ele><time>2025-04-10T13:04:29.000Z</time></trkpt>
<trkpt lat="30.62590002372024" lon="104.055415472962"><ele>490</ele><time>2025-04-10T13:04:30.000Z</time></trkpt>
<trkpt lat="30.62590002372024" lon="104.055415472962"><ele>491</ele><time>2025-04-10T13:04:31.000Z</time></trkpt>
<trkpt lat="30.62590002372024" lon="104.055415472962"><ele>491</ele><time>2025-04-10T13:04:32.000Z</time></trkpt>
<trkpt lat="30.62590002372024" lon="104.055415472962"><ele>490</ele><time>2025-04-10T13:04:33.000Z</time></trkpt>
<trkpt lat="30.62590002372024" lon="104.055415472962"><ele>491</ele><time>2025-04-10T13:04:34.000Z</time></trkpt>
<trkpt lat="30.62590002372024" lon="104.055415472962"><ele>491</ele><time>2025-04-10T13:04:35.000Z</time></trkpt>
<trkpt lat="30.62590002372024" lon="104.055415472962"><ele>491</ele><time>2025-04-10T13:04:36.000Z</time></trkpt>
<trkpt lat="30.62590002372024" lon="104.055415472962"><ele>491</ele><time>2025-04-10T13:04:37.000Z</time></trkpt>
<trkpt lat="30.62590002372024" lon="104.055415472962"><ele>490</ele><time>2025-04-10T13:04:38.000Z</time></trkpt>
<trkpt lat="30.62590002372024" lon="104.055415472962"><ele>491</ele><time>2025-04-10T13:04:39.000Z</time></trkpt>
<trkpt lat="30.62590002372024" lon="104.055415472962"><ele>491</ele><time>2025-04-10T13:04:40.000Z</time></trkpt>
<trkpt lat="30.62590002372024" lon="104.055415472962"><ele>491</ele><time>2025-04-10T13:04:41.000Z</time></trkpt>
<trkpt lat="30.62590002372024" lon="104.055415472962"><ele>492</ele><time>2025-04-10T13:04:42.000Z</time></trkpt>
<trkpt lat="30.62590002372024" lon="104.055415472962"><ele>492</ele><time>2025-04-10T13:04:43.000Z</time></trkpt>
<trkpt lat="30.62590002372024" lon="104.055415472962"><ele>492</ele><time>2025-04-10T13:04:44.000Z</time></trkpt>
<trkpt lat="30.62590002372024" lon="104.055415472962"><ele>492</ele><time>2025-04-10T13:04:45.000Z</time></trkpt>
<trkpt lat="30.62590002372024" lon="104.055415472962"><ele>492</ele><time>2025-04-10T13:04:46.000Z</time></trkpt>
<trkpt lat="30.62590002372024" lon="104.055415472962"><ele>491</ele><time>2025-04-10T13:04:47.000Z</time></trkpt>
<trkpt lat="30.62590002372024" lon="104.055415472962"><ele>491</ele><time>2025-04-10T13:04:48.000Z</time></trkpt>
<trkpt lat="30.62590002372024" lon="104.055415472962"><ele>491</ele><time>2025-04-10T13:04:49.000Z</time></trkpt>
<trkpt lat="30.62590002372024" lon="104.055415472962"><ele>491</ele><time>2025-04-10T13:04:50.000Z</time></trkpt>
<trkpt lat="30.62590002372024" lon="104.055415472962"><ele>491</ele><time>2025-04-10T13:04:51.000Z</time></trkpt>
<trkpt lat="30.62590002372024" lon="104.055415472962"><ele>491</ele><time>2025-04-10T13:04:52.000Z</time></trkpt>
<trkpt lat="30.62590002372024" lon="104.055415472962"><ele>492</ele><time>2025-04-10T13:04:53.000Z</time></trkpt>
<trkpt lat="30.62590002372024" lon="104.055415472962"><ele>492</ele><time>2025-04-10T13:04:54.000Z</time></trkpt>
<trkpt lat="30.62590002372024" lon="104.055415472962"><ele>492</ele><time>2025-04-10T13:04:55.000Z</time></trkpt>
<trkpt lat="30.62590002372024" lon="104.055415472962"><ele>492</ele><time>2025-04-10T13:04:56.000Z</time></trkpt>
<trkpt lat="30.62590002372024" lon="104.055415472962"><ele>491</ele><time>2025-04-10T13:04:57.000Z</time></trkpt>
<trkpt lat="30.62590002372024" lon="104.055415472962"><ele>491</ele><time>2025-04-10T13:04:58.000Z</time></trkpt>
<trkpt lat="30.62590002372024" lon="104.055415472962"><ele>491</ele><time>2025-04-10T13:04:59.000Z</time></trkpt>
<trkpt lat="30.62590002372024" lon="104.055415472962"><ele>490</ele><time>2025-04-10T13:05:00.000Z</time></trkpt>
<trkpt lat="30.62590002372024" lon="104.055415472962"><ele>490</ele><time>2025-04-10T13:05:01.000Z</time></trkpt>
<trkpt lat="30.62590002372024" lon="104.055415472962"><ele>489</ele><time>2025-04-10T13:05:02.000Z</time></trkpt>
<trkpt lat="30.62590002372024" lon="104.055415472962"><ele>489</ele><time>2025-04-10T13:05:03.000Z</time></trkpt>
<trkpt lat="30.62590002372024" lon="104.055415472962"><ele>489</ele><time>2025-04-10T13:05:04.000Z</time></trkpt>
<trkpt lat="30.62590002372024" lon="104.055415472962"><ele>489</ele><time>2025-04-10T13:05:05.000Z</time></trkpt>
<trkpt lat="30.62590002372024" lon="104.055415472962"><ele>489</ele><time>2025-04-10T13:05:06.000Z</time></trkpt>
<trkpt lat="30.62590002372024" lon="104.055415472962"><ele>488</ele><time>2025-04-10T13:05:07.000Z</time></trkpt>
<trkpt lat="30.62590002372024" lon="104.055415472962"><ele>489</ele><time>2025-04-10T13:05:08.000Z</time></trkpt>
<trkpt lat="30.62590002372024" lon="104.055415472962"><ele>489</ele><time>2025-04-10T13:05:09.000Z</time></trkpt>
<trkpt lat="30.62590002372024" lon="104.055415472962"><ele>489</ele><time>2025-04-10T13:05:10.000Z</time></trkpt>
<trkpt lat="30.62590002372024" lon="104.055415472962"><ele>489</ele><time>2025-04-10T13:05:11.000Z</time></trkpt>
<trkpt lat="30.62590002372024" lon="104.055415472962"><ele>489</ele><time>2025-04-10T13:05:12.000Z</time></trkpt>
<trkpt lat="30.62590002372024" lon="104.055415472962"><ele>489</ele><time>2025-04-10T13:05:13.000Z</time></trkpt>
<trkpt lat="30.62590002372024" lon="104.055415472962"><ele>489</ele><time>2025-04-10T13:05:14.000Z</time></trkpt>
<trkpt lat="30.62590002372024" lon="104.055415472962"><ele>489</ele><time>2025-04-10T13:05:15.000Z</time></trkpt>
<trkpt lat="30.62590002372024" lon="104.055415472962"><ele>490</ele><time>2025-04-10T13:05:16.000Z</time></trkpt>
<trkpt lat="30.62590002372024" lon="104.055415472962"><ele>490</ele><time>2025-04-10T13:05:17.000Z</time></trkpt>
<trkpt lat="30.62590002372024" lon="104.055415472962"><ele>491</ele><time>2025-04-10T13:05:18.000Z</time></trkpt>
<trkpt lat="30.62590002372024" lon="104.055415472962"><ele>491</ele><time>2025-04-10T13:05:19.000Z</time></trkpt>
<trkpt lat="30.62590002372024" lon="104.055415472962"><ele>491</ele><time>2025-04-10T13:05:20.000Z</time></trkpt>
<trkpt lat="30.62590002372024" lon="104.055415472962"><ele>491</ele><time>2025-04-10T13:05:21.000Z</time></trkpt>
<trkpt lat="30.62590002372024" lon="104.055415472962"><ele>491</ele><time>2025-04-10T13:05:22.000Z</time></trkpt>
<trkpt lat="30.62590002372024" lon="104.055415472962"><ele>492</ele><time>2025-04-10T13:05:23.000Z</time></trkpt>
<trkpt lat="30.62590002372024" lon="104.055415472962"><ele>492</ele><time>2025-04-10T13:05:24.000Z</time></trkpt>
<trkpt lat="30.62590002372024" lon="104.055415472962"><ele>492</ele><time>2025-04-10T13:05:25.000Z</time></trkpt>
<trkpt lat="30.62590002372024" lon="104.055415472962"><ele>491</ele><time>2025-04-10T13:05:26.000Z</time></trkpt>
<trkpt lat="30.62590002372024" lon="104.055415472962"><ele>492</ele><time>2025-04-10T13:05:27.000Z</time></trkpt>
<trkpt lat="30.62590002372024" lon="104.055415472962"><ele>493</ele><time>2025-04-10T13:05:28.000Z</time></trkpt>
<trkpt lat="30.62590002372024" lon="104.055415472962"><ele>493</ele><time>2025-04-10T13:05:29.000Z</time></trkpt>
<trkpt lat="30.62590002372024" lon="104.055415472962"><ele>493</ele><time>2025-04-10T13:05:30.000Z</time></trkpt>
<trkpt lat="30.62590002372024" lon="104.055415472962"><ele>493</ele><time>2025-04-10T13:05:31.000Z</time></trkpt>
<trkpt lat="30.62590002372024" lon="104.055415472962"><ele>494</ele><time>2025-04-10T13:05:32.000Z</time></trkpt>
<trkpt lat="30.62590002372024" lon="104.055415472962"><ele>493</ele><time>2025-04-10T13:05:33.000Z</time></trkpt>
<trkpt lat="30.62590002372024" lon="104.055415472962"><ele>494</ele><time>2025-04-10T13:05:34.000Z</time></trkpt>
<trkpt lat="30.62590002372024" lon="104.055415472962"><ele>494</ele><time>2025-04-10T13:05:35.000Z</time></trkpt>
<trkpt lat="30.62590002372024" lon="104.055415472962"><ele>494</ele><time>2025-04-10T13:05:36.000Z</time></trkpt>
<trkpt lat="30.62590002372024" lon="104.055415472962"><ele>494</ele><time>2025-04-10T13:05:37.000Z</time></trkpt>
<trkpt lat="30.62590002372024" lon="104.055415472962"><ele>494</ele><time>2025-04-10T13:05:38.000Z</time></trkpt>
<trkpt lat="30.62590002372024" lon="104.055415472962"><ele>495</ele><time>2025-04-10T13:05:39.000Z</time></trkpt>
<trkpt lat="30.62590002372024" lon="104.055415472962"><ele>495</ele><time>2025-04-10T13:05:40.000Z</time></trkpt>
<trkpt lat="30.62590002372024" lon="104.055415472962"><ele>495</ele><time>2025-04-10T13:05:41.000Z</time></trkpt>
<trkpt lat="30.62590002372024" lon="104.055415472962"><ele>495</ele><time>2025-04-10T13:05:42.000Z</time></trkpt>
<trkpt lat="30.62590002372024" lon="104.055415472962"><ele>496</ele><time>2025-04-10T13:05:43.000Z</time></trkpt>
<trkpt lat="30.62590002372024" lon="104.055415472962"><ele>496</ele><time>2025-04-10T13:05:44.000Z</time></trkpt>
<trkpt lat="30.62590002372024" lon="104.055415472962"><ele>496</ele><time>2025-04-10T13:05:45.000Z</time></trkpt>
<trkpt lat="30.62590002372024" lon="104.055415472962"><ele>496</ele><time>2025-04-10T13:05:46.000Z</time></trkpt>
<trkpt lat="30.62590002372024" lon="104.055415472962"><ele>497</ele><time>2025-04-10T13:05:47.000Z</time></trkpt>
<trkpt lat="30.62590002372024" lon="104.055415472962"><ele>497</ele><time>2025-04-10T13:05:48.000Z</time></trkpt>
<trkpt lat="30.62590002372024" lon="104.055415472962"><ele>496</ele><time>2025-04-10T13:05:49.000Z</time></trkpt>
<trkpt lat="30.62590002372024" lon="104.055415472962"><ele>496</ele><time>2025-04-10T13:05:50.000Z</time></trkpt>
<trkpt lat="30.62590002372024" lon="104.055415472962"><ele>496</ele><time>2025-04-10T13:05:51.000Z</time></trkpt>
<trkpt lat="30.62590002372024" lon="104.055415472962"><ele>497</ele><time>2025-04-10T13:05:52.000Z</time></trkpt>
<trkpt lat="30.62590002372024" lon="104.055415472962"><ele>496</ele><time>2025-04-10T13:05:53.000Z</time></trkpt>
<trkpt lat="30.62590002372024" lon="104.055415472962"><ele>497</ele><time>2025-04-10T13:05:54.000Z</time></trkpt>
<trkpt lat="30.62590002372024" lon="104.055415472962"><ele>497</ele><time>2025-04-10T13:05:55.000Z</time></trkpt>
<trkpt lat="30.62590002372024" lon="104.055415472962"><ele>497</ele><time>2025-04-10T13:05:56.000Z</time></trkpt>
<trkpt lat="30.62590002372024" lon="104.055415472962"><ele>497</ele><time>2025-04-10T13:05:57.000Z</time></trkpt>
<trkpt lat="30.62590002372024" lon="104.055415472962"><ele>497</ele><time>2025-04-10T13:05:58.000Z</time></trkpt>
<trkpt lat="30.62590002372024" lon="104.055415472962"><ele>498</ele><time>2025-04-10T13:05:59.000Z</time></trkpt>
<trkpt lat="30.62590002372024" lon="104.055415472962"><ele>498</ele><time>2025-04-10T13:06:00.000Z</time></trkpt>
<trkpt lat="30.62590002372024" lon="104.055415472962"><ele>498</ele><time>2025-04-10T13:06:01.000Z</time></trkpt>
<trkpt lat="30.62590002372024" lon="104.055415472962"><ele>498</ele><time>2025-04-10T13:06:02.000Z</time></trkpt>
<trkpt lat="30.62590002372024" lon="104.055415472962"><ele>498</ele><time>2025-04-10T13:06:03.000Z</time></trkpt>
<trkpt lat="30.62590002372024" lon="104.055415472962"><ele>498</ele><time>2025-04-10T13:06:04.000Z</time></trkpt>
<trkpt lat="30.62590002372024" lon="104.055415472962"><ele>498</ele><time>2025-04-10T13:06:05.000Z</time></trkpt>
<trkpt lat="30.62590002372024" lon="104.055415472962"><ele>498</ele><time>2025-04-10T13:06:06.000Z</time></trkpt>
<trkpt lat="30.62590002372024" lon="104.055415472962"><ele>499</ele><time>2025-04-10T13:06:07.000Z</time></trkpt>
<trkpt lat="30.62590002372024" lon="104.055415472962"><ele>499</ele><time>2025-04-10T13:06:08.000Z</time></trkpt>
<trkpt lat="30.62590002372024" lon="104.055415472962"><ele>499</ele><time>2025-04-10T13:06:09.000Z</time></trkpt>
<trkpt lat="30.62590002372024" lon="104.055415472962"><ele>499</ele><time>2025-04-10T13:06:10.000Z</time></trkpt>
<trkpt lat="30.62590002372024" lon="104.055415472962"><ele>499</ele><time>2025-04-10T13:06:11.000Z</time></trkpt>
<trkpt lat="30.62590002372024" lon="104.055415472962"><ele>499</ele><time>2025-04-10T13:06:12.000Z</time></trkpt>
<trkpt lat="30.62590002372024" lon="104.055415472962"><ele>499</ele><time>2025-04-10T13:06:13.000Z</time></trkpt>
<trkpt lat="30.62590002372024" lon="104.055415472962"><ele>499</ele><time>2025-04-10T13:06:14.000Z</time></trkpt>
<trkpt lat="30.62590002372024" lon="104.055415472962"><ele>499</ele><time>2025-04-10T13:06:15.000Z</time></trkpt>
<trkpt lat="30.62590002372024" lon="104.055415472962"><ele>499</ele><time>2025-04-10T13:06:16.000Z</time></trkpt>
<trkpt lat="30.62590002372024" lon="104.055415472962"><ele>499</ele><time>2025-04-10T13:06:17.000Z</time></trkpt>
<trkpt lat="30.62590002372024" lon="104.055415472962"><ele>499</ele><time>2025-04-10T13:06:18.000Z</time></trkpt>
<trkpt lat="30.62590002372024" lon="104.055415472962"><ele>499</ele><time>2025-04-10T13:06:19.000Z</time></trkpt>
<trkpt lat="30.62590002372024" lon="104.055415472962"><ele>499</ele><time>2025-04-10T13:06:20.000Z</time></trkpt>
<trkpt lat="30.62590002372024" lon="104.055415472962"><ele>500</ele><time>2025-04-10T13:06:21.000Z</time></trkpt>
<trkpt lat="30.62590002372024" lon="104.055415472962"><ele>500</ele><time>2025-04-10T13:06:22.000Z</time></trkpt>
<trkpt lat="30.62590002372024" lon="104.055415472962"><ele>500</ele><time>2025-04-10T13:06:23.000Z</time></trkpt>
<trkpt lat="30.62590002372024" lon="104.055415472962"><ele>500</ele><time>2025-04-10T13:06:24.000Z</time></trkpt>
<trkpt lat="30.62590002372024" lon="104.055415472962"><ele>500</ele><time>2025-04-10T13:06:25.000Z</time></trkpt>
<trkpt lat="30.62590002372024" lon="104.055415472962"><ele>500</ele><time>2025-04-10T13:06:26.000Z</time></trkpt>
<trkpt lat="30.62590002372024" lon="104.055415472962"><ele>500</ele><time>2025-04-10T13:06:27.000Z</time></trkpt>
<trkpt lat="30.62590002372024" lon="104.055415472962"><ele>500</ele><time>2025-04-10T13:06:28.000Z</time></trkpt>
<trkpt lat="30.62590002372024" lon="104.055415472962"><ele>500</ele><time>2025-04-10T13:06:29.000Z</time></trkpt>
<trkpt lat="30.62590002372024" lon="104.055415472962"><ele>501</ele><time>2025-04-10T13:06:30.000Z</time></trkpt>
<trkpt lat="30.62590002372024" lon="104.055415472962"><ele>501</ele><time>2025-04-10T13:06:31.000Z</time></trkpt>
<trkpt lat="30.62590002372024" lon="104.055415472962"><ele>501</ele><time>2025-04-10T13:06:32.000Z</time></trkpt>
<trkpt lat="30.62590002372024" lon="104.055415472962"><ele>501</ele><time>2025-04-10T13:06:33.000Z</time></trkpt>
<trkpt lat="30.62590002372024" lon="104.055415472962"><ele>501</ele><time>2025-04-10T13:06:34.000Z</time></trkpt>
<trkpt lat="30.62590002372024" lon="104.055415472962"><ele>501</ele><time>2025-04-10T13:06:35.000Z</time></trkpt>
<trkpt lat="30.62590002372024" lon="104.055415472962"><ele>501</ele><time>2025-04-10T13:06:36.000Z</time></trkpt>
<trkpt lat="30.62590002372024" lon="104.055415472962"><ele>501</ele><time>2025-04-10T13:06:37.000Z</time></trkpt>
<trkpt lat="30.62590002372024" lon="104.055415472962"><ele>501</ele><time>2025-04-10T13:06:38.000Z</time></trkpt>
<trkpt lat="30.62590002372024" lon="104.055415472962"><ele>501</ele><time>2025-04-10T13:06:39.000Z</time></trkpt>
<trkpt lat="30.62590002372024" lon="104.055415472962"><ele>501</ele><time>2025-04-10T13:06:40.000Z</time></trkpt>
<trkpt lat="30.62590002372024" lon="104.055415472962"><ele>501</ele><time>2025-04-10T13:06:41.000Z</time></trkpt>
<trkpt lat="30.62590002372024" lon="104.055415472962"><ele>501</ele><time>2025-04-10T13:06:42.000Z</time></trkpt>
<trkpt lat="30.62590002372024" lon="104.055415472962"><ele>501</ele><time>2025-04-10T13:06:43.000Z</time></trkpt>
<trkpt lat="30.62590002372024" lon="104.055415472962"><ele>501</ele><time>2025-04-10T13:06:44.000Z</time></trkpt>
<trkpt lat="30.62590002372024" lon="104.055415472962"><ele>500</ele><time>2025-04-10T13:06:45.000Z</time></trkpt>
<trkpt lat="30.62590002372024" lon="104.055415472962"><ele>501</ele><time>2025-04-10T13:06:46.000Z</time></trkpt>
<trkpt lat="30.62590002372024" lon="104.055415472962"><ele>500</ele><time>2025-04-10T13:06:47.000Z</time></trkpt>
<trkpt lat="30.62590002372024" lon="104.055415472962"><ele>501</ele><time>2025-04-10T13:06:48.000Z</time></trkpt>
<trkpt lat="30.62590002372024" lon="104.055415472962"><ele>501</ele><time>2025-04-10T13:06:49.000Z</time></trkpt>
<trkpt lat="30.62590002372024" lon="104.055415472962"><ele>501</ele><time>2025-04-10T13:06:50.000Z</time></trkpt>
<trkpt lat="30.62590002372024" lon="104.055415472962"><ele>500</ele><time>2025-04-10T13:06:51.000Z</time></trkpt>
<trkpt lat="30.62590002372024" lon="104.055415472962"><ele>500</ele><time>2025-04-10T13:06:52.000Z</time></trkpt>
<trkpt lat="30.62590002372024" lon="104.055415472962"><ele>500</ele><time>2025-04-10T13:06:53.000Z</time></trkpt>
<trkpt lat="30.62590002372024" lon="104.055415472962"><ele>500</ele><time>2025-04-10T13:06:54.000Z</time></trkpt>
<trkpt lat="30.62590002372024" lon="104.055415472962"><ele>500</ele><time>2025-04-10T13:06:55.000Z</time></trkpt>
<trkpt lat="30.62590002372024" lon="104.055415472962"><ele>499</ele><time>2025-04-10T13:06:56.000Z</time></trkpt>
<trkpt lat="30.62590002372024" lon="104.055415472962"><ele>500</ele><time>2025-04-10T13:06:57.000Z</time></trkpt>
<trkpt lat="30.62590002372024" lon="104.055415472962"><ele>500</ele><time>2025-04-10T13:06:58.000Z</time></trkpt>
<trkpt lat="30.62590002372024" lon="104.055415472962"><ele>500</ele><time>2025-04-10T13:06:59.000Z</time></trkpt>
<trkpt lat="30.62590002372024" lon="104.055415472962"><ele>500</ele><time>2025-04-10T13:07:00.000Z</time></trkpt>
<trkpt lat="30.62590002372024" lon="104.055415472962"><ele>500</ele><time>2025-04-10T13:07:01.000Z</time></trkpt>
<trkpt lat="30.62590002372024" lon="104.055415472962"><ele>500</ele><time>2025-04-10T13:07:02.000Z</time></trkpt>
<trkpt lat="30.62590002372024" lon="104.055415472962"><ele>500</ele><time>2025-04-10T13:07:03.000Z</time></trkpt>
<trkpt lat="30.62590002372024" lon="104.055415472962"><ele>500</ele><time>2025-04-10T13:07:04.000Z</time></trkpt>
<trkpt lat="30.62590002372024" lon="104.055415472962"><ele>500</ele><time>2025-04-10T13:07:05.000Z</time></trkpt>
<trkpt lat="30.62590002372024" lon="104.055415472962"><ele>500</ele><time>2025-04-10T13:07:06.000Z</time></trkpt>
<trkpt lat="30.62590002372024" lon="104.055415472962"><ele>500</ele><time>2025-04-10T13:07:07.000Z</time></trkpt>
<trkpt lat="30.62590002372024" lon="104.055415472962"><ele>500</ele><time>2025-04-10T13:07:08.000Z</time></trkpt>
<trkpt lat="30.62590002372024" lon="104.055415472962"><ele>500</ele><time>2025-04-10T13:07:09.000Z</time></trkpt>
<trkpt lat="30.62590002372024" lon="104.055415472962"><ele>500</ele><time>2025-04-10T13:07:10.000Z</time></trkpt>
<trkpt lat="30.62590002372024" lon="104.055415472962"><ele>501</ele><time>2025-04-10T13:07:11.000Z</time></trkpt>
<trkpt lat="30.62590002372024" lon="104.055415472962"><ele>500</ele><time>2025-04-10T13:07:12.000Z</time></trkpt>
<trkpt lat="30.62590002372024" lon="104.055415472962"><ele>500</ele><time>2025-04-10T13:07:13.000Z</time></trkpt>
<trkpt lat="30.62590002372024" lon="104.055415472962"><ele>500</ele><time>2025-04-10T13:07:14.000Z</time></trkpt>
<trkpt lat="30.62590002372024" lon="104.055415472962"><ele>501</ele><time>2025-04-10T13:07:15.000Z</time></trkpt>
<trkpt lat="30.62590002372024" lon="104.055415472962"><ele>501</ele><time>2025-04-10T13:07:16.000Z</time></trkpt>
<trkpt lat="30.62590002372024" lon="104.055415472962"><ele>501</ele><time>2025-04-10T13:07:17.000Z</time></trkpt>
<trkpt lat="30.62590002372024" lon="104.055415472962"><ele>501</ele><time>2025-04-10T13:07:18.000Z</time></trkpt>
<trkpt lat="30.62590002372024" lon="104.055415472962"><ele>502</ele><time>2025-04-10T13:07:19.000Z</time></trkpt>
<trkpt lat="30.62590002372024" lon="104.055415472962"><ele>502</ele><time>2025-04-10T13:07:20.000Z</time></trkpt>
<trkpt lat="30.62590002372024" lon="104.055415472962"><ele>502</ele><time>2025-04-10T13:07:21.000Z</time></trkpt>
<trkpt lat="30.62590002372024" lon="104.055415472962"><ele>502</ele><time>2025-04-10T13:07:22.000Z</time></trkpt>
<trkpt lat="30.62590002372024" lon="104.055415472962"><ele>502</ele><time>2025-04-10T13:07:23.000Z</time></trkpt>
<trkpt lat="30.62590002372024" lon="104.055415472962"><ele>503</ele><time>2025-04-10T13:07:24.000Z</time></trkpt>
<trkpt lat="30.62590002372024" lon="104.055415472962"><ele>503</ele><time>2025-04-10T13:07:25.000Z</time></trkpt>
<trkpt lat="30.62590002372024" lon="104.055415472962"><ele>504</ele><time>2025-04-10T13:07:26.000Z</time></trkpt>
<trkpt lat="30.62590002372024" lon="104.055415472962"><ele>505</ele><time>2025-04-10T13:07:27.000Z</time></trkpt>
<trkpt lat="30.62590002372024" lon="104.055415472962"><ele>504</ele><time>2025-04-10T13:07:28.000Z</time></trkpt>
<trkpt lat="30.62590002372024" lon="104.055415472962"><ele>503</ele><time>2025-04-10T13:07:29.000Z</time></trkpt>
<trkpt lat="30.62590002372024" lon="104.055415472962"><ele>503</ele><time>2025-04-10T13:07:30.000Z</time></trkpt>
<trkpt lat="30.62590002372024" lon="104.055415472962"><ele>503</ele><time>2025-04-10T13:07:31.000Z</time></trkpt>
<trkpt lat="30.62590002372024" lon="104.055415472962"><ele>503</ele><time>2025-04-10T13:07:32.000Z</time></trkpt>
<trkpt lat="30.62590002372024" lon="104.055415472962"><ele>503</ele><time>2025-04-10T13:07:33.000Z</time></trkpt>
<trkpt lat="30.62590002372024" lon="104.055415472962"><ele>503</ele><time>2025-04-10T13:07:34.000Z</time></trkpt>
<trkpt lat="30.62590002372024" lon="104.055415472962"><ele>504</ele><time>2025-04-10T13:07:35.000Z</time></trkpt>
<trkpt lat="30.62590002372024" lon="104.055415472962"><ele>504</ele><time>2025-04-10T13:07:36.000Z</time></trkpt>
<trkpt lat="30.62590002372024" lon="104.055415472962"><ele>504</ele><time>2025-04-10T13:07:37.000Z</time></trkpt>
<trkpt lat="30.62590002372024" lon="104.055415472962"><ele>504</ele><time>2025-04-10T13:07:38.000Z</time></trkpt>
<trkpt lat="30.62590002372024" lon="104.055415472962"><ele>504</ele><time>2025-04-10T13:07:39.000Z</time></trkpt>
<trkpt lat="30.62590002372024" lon="104.055415472962"><ele>504</ele><time>2025-04-10T13:07:40.000Z</time></trkpt>
<trkpt lat="30.62590002372024" lon="104.055415472962"><ele>504</ele><time>2025-04-10T13:07:41.000Z</time></trkpt>
<trkpt lat="30.62590002372024" lon="104.055415472962"><ele>504</ele><time>2025-04-10T13:07:42.000Z</time></trkpt>
<trkpt lat="30.62590002372024" lon="104.055415472962"><ele>504</ele><time>2025-04-10T13:07:43.000Z</time></trkpt>
<trkpt lat="30.62590002372024" lon="104.055415472962"><ele>504</ele><time>2025-04-10T13:07:44.000Z</time></trkpt>
<trkpt lat="30.62590002372024" lon="104.055415472962"><ele>504</ele><time>2025-04-10T13:07:45.000Z</time></trkpt>
<trkpt lat="30.62590002372024" lon="104.055415472962"><ele>504</ele><time>2025-04-10T13:07:46.000Z</time></trkpt>
<trkpt lat="30.62590002372024" lon="104.055415472962"><ele>504</ele><time>2025-04-10T13:07:47.000Z</time></trkpt>
<trkpt lat="30.62590002372024" lon="104.055415472962"><ele>504</ele><time>2025-04-10T13:07:48.000Z</time></trkpt>
<trkpt lat="30.62590002372024" lon="104.055415472962"><ele>504</ele><time>2025-04-10T13:07:49.000Z</time></trkpt>
<trkpt lat="30.62590002372024" lon="104.055415472962"><ele>505</ele><time>2025-04-10T13:07:50.000Z</time></trkpt>
<trkpt lat="30.62590002372024" lon="104.055415472962"><ele>505</ele><time>2025-04-10T13:07:51.000Z</time></trkpt>
<trkpt lat="30.62590002372024" lon="104.055415472962"><ele>505</ele><time>2025-04-10T13:07:52.000Z</time></trkpt>
<trkpt lat="30.62590002372024" lon="104.055415472962"><ele>506</ele><time>2025-04-10T13:07:53.000Z</time></trkpt>
<trkpt lat="30.62590002372024" lon="104.055415472962"><ele>505</ele><time>2025-04-10T13:07:54.000Z</time></trkpt>
<trkpt lat="30.62590002372024" lon="104.055415472962"><ele>506</ele><time>2025-04-10T13:07:55.000Z</time></trkpt>
<trkpt lat="30.62590002372024" lon="104.055415472962"><ele>506</ele><time>2025-04-10T13:07:56.000Z</time></trkpt>
<trkpt lat="30.62590002372024" lon="104.055415472962"><ele>506</ele><time>2025-04-10T13:07:57.000Z</time></trkpt>
<trkpt lat="30.62590002372024" lon="104.055415472962"><ele>506</ele><time>2025-04-10T13:07:58.000Z</time></trkpt>
<trkpt lat="30.62590002372024" lon="104.055415472962"><ele>506</ele><time>2025-04-10T13:07:59.000Z</time></trkpt>
<trkpt lat="30.62590002372024" lon="104.055415472962"><ele>506</ele><time>2025-04-10T13:08:00.000Z</time></trkpt>
<trkpt lat="30.62590002372024" lon="104.055415472962"><ele>506</ele><time>2025-04-10T13:08:01.000Z</time></trkpt>
<trkpt lat="30.62590002372024" lon="104.055415472962"><ele>506</ele><time>2025-04-10T13:08:02.000Z</time></trkpt>
<trkpt lat="30.62590002372024" lon="104.055415472962"><ele>506</ele><time>2025-04-10T13:08:03.000Z</time></trkpt>
<trkpt lat="30.62590002372024" lon="104.055415472962"><ele>506</ele><time>2025-04-10T13:08:04.000Z</time></trkpt>
<trkpt lat="30.62590002372024" lon="104.055415472962"><ele>506</ele><time>2025-04-10T13:08:05.000Z</time></trkpt>
<trkpt lat="30.62590002372024" lon="104.055415472962"><ele>506</ele><time>2025-04-10T13:08:06.000Z</time></trkpt>
<trkpt lat="30.62590002372024" lon="104.055415472962"><ele>506</ele><time>2025-04-10T13:08:07.000Z</time></trkpt>
<trkpt lat="30.62590002372024" lon="104.055415472962"><ele>506</ele><time>2025-04-10T13:08:08.000Z</time></trkpt>
<trkpt lat="30.62590002372024" lon="104.055415472962"><ele>505</ele><time>2025-04-10T13:08:09.000Z</time></trkpt>
<trkpt lat="30.62590002372024" lon="104.055415472962"><ele>505</ele><time>2025-04-10T13:08:10.000Z</time></trkpt>
<trkpt lat="30.62590002372024" lon="104.055415472962"><ele>505</ele><time>2025-04-10T13:08:11.000Z</time></trkpt>
<trkpt lat="30.62590002372024" lon="104.055415472962"><ele>505</ele><time>2025-04-10T13:08:12.000Z</time></trkpt>
<trkpt lat="30.62590002372024" lon="104.055415472962"><ele>505</ele><time>2025-04-10T13:08:13.000Z</time></trkpt>
<trkpt lat="30.62590002372024" lon="104.055415472962"><ele>505</ele><time>2025-04-10T13:08:14.000Z</time></trkpt>
<trkpt lat="30.62590002372024" lon="104.055415472962"><ele>505</ele><time>2025-04-10T13:08:15.000Z</time></trkpt>
<trkpt lat="30.62590002372024" lon="104.055415472962"><ele>505</ele><time>2025-04-10T13:08:16.000Z</time></trkpt>
<trkpt lat="30.62590002372024" lon="104.055415472962"><ele>504</ele><time>2025-04-10T13:08:17.000Z</time></trkpt>
<trkpt lat="30.62590002372024" lon="104.055415472962"><ele>512</ele><time>2025-04-10T13:08:18.000Z</time></trkpt>
<trkpt lat="30.62590002372024" lon="104.055415472962"><ele>504</ele><time>2025-04-10T13:08:19.000Z</time></trkpt>
<trkpt lat="30.62590002372024" lon="104.055415472962"><ele>504</ele><time>2025-04-10T13:08:30.000Z</time></trkpt>
<trkpt lat="30.62590002372024" lon="104.055415472962"><ele>512</ele><time>2025-04-10T13:08:30.000Z</time></trkpt>
<trkpt lat="30.62590002372024" lon="104.055415472962"><ele>512</ele><time>2025-04-10T13:08:30.000Z</time></trkpt>
<trkpt lat="30.62590002372024" lon="104.055415472962"><ele>512</ele><time>2025-04-10T13:08:30.000Z</time></trkpt>
<trkpt lat="30.62590002372024" lon="104.055415472962"><ele>512</ele><time>2025-04-10T13:08:30.000Z</time></trkpt>
<trkpt lat="30.62590002372024" lon="104.055415472962"><ele>512</ele><time>2025-04-10T13:08:30.000Z</time></trkpt>
<trkpt lat="30.62590002372024" lon="104.055415472962"><ele>512</ele><time>2025-04-10T13:08:30.000Z</time></trkpt>
<trkpt lat="30.62590002372024" lon="104.055415472962"><ele>512</ele><time>2025-04-10T13:08:30.000Z</time></trkpt>
<trkpt lat="30.62590002372024" lon="104.055415472962"><ele>512</ele><time>2025-04-10T13:08:30.000Z</time></trkpt>
<trkpt lat="30.62590002372024" lon="104.055415472962"><ele>512</ele><time>2025-04-10T13:08:30.000Z</time></trkpt>
<trkpt lat="30.62590002372024" lon="104.055415472962"><ele>512</ele><time>2025-04-10T13:08:30.000Z</time></trkpt>
<trkpt lat="30.62590002372024" lon="104.055415472962"><ele>502</ele><time>2025-04-10T13:08:31.000Z</time></trkpt>
<trkpt lat="30.62590002372024" lon="104.055415472962"><ele>502</ele><time>2025-04-10T13:08:32.000Z</time></trkpt>
<trkpt lat="30.62590002372024" lon="104.055415472962"><ele>502</ele><time>2025-04-10T13:08:33.000Z</time></trkpt>
<trkpt lat="30.62590002372024" lon="104.055415472962"><ele>502</ele><time>2025-04-10T13:08:34.000Z</time></trkpt>
<trkpt lat="30.62590002372024" lon="104.055415472962"><ele>502</ele><time>2025-04-10T13:08:35.000Z</time></trkpt>
<trkpt lat="30.62590002372024" lon="104.055415472962"><ele>502</ele><time>2025-04-10T13:08:36.000Z</time></trkpt>
<trkpt lat="30.62590002372024" lon="104.055415472962"><ele>502</ele><time>2025-04-10T13:08:37.000Z</time></trkpt>
<trkpt lat="30.62590002372024" lon="104.055415472962"><ele>502</ele><time>2025-04-10T13:08:38.000Z</time></trkpt>
<trkpt lat="30.62590002372024" lon="104.055415472962"><ele>502</ele><time>2025-04-10T13:08:39.000Z</time></trkpt>
<trkpt lat="30.62590002372024" lon="104.055415472962"><ele>502</ele><time>2025-04-10T13:08:40.000Z</time></trkpt>
<trkpt lat="30.62590002372024" lon="104.055415472962"><ele>502</ele><time>2025-04-10T13:08:41.000Z</time></trkpt>
<trkpt lat="30.62590002372024" lon="104.055415472962"><ele>502</ele><time>2025-04-10T13:08:42.000Z</time></trkpt>
<trkpt lat="30.62590002372024" lon="104.055415472962"><ele>502</ele><time>2025-04-10T13:08:43.000Z</time></trkpt>
<trkpt lat="30.62590002372024" lon="104.055415472962"><ele>502</ele><time>2025-04-10T13:08:44.000Z</time></trkpt>
<trkpt lat="30.62590002372024" lon="104.055415472962"><ele>502</ele><time>2025-04-10T13:08:45.000Z</time></trkpt>
<trkpt lat="30.62590002372024" lon="104.055415472962"><ele>502</ele><time>2025-04-10T13:08:46.000Z</time></trkpt>
<trkpt lat="30.62590002372024" lon="104.055415472962"><ele>502</ele><time>2025-04-10T13:08:47.000Z</time></trkpt>
<trkpt lat="30.62590002372024" lon="104.055415472962"><ele>501</ele><time>2025-04-10T13:08:48.000Z</time></trkpt>
<trkpt lat="30.62590002372024" lon="104.055415472962"><ele>501</ele><time>2025-04-10T13:08:49.000Z</time></trkpt>
<trkpt lat="30.62590002372024" lon="104.055415472962"><ele>501</ele><time>2025-04-10T13:08:50.000Z</time></trkpt>
<trkpt lat="30.62590002372024" lon="104.055415472962"><ele>502</ele><time>2025-04-10T13:08:51.000Z</time></trkpt>
<trkpt lat="30.62590002372024" lon="104.055415472962"><ele>502</ele><time>2025-04-10T13:08:52.000Z</time></trkpt>
<trkpt lat="30.62590002372024" lon="104.055415472962"><ele>502</ele><time>2025-04-10T13:08:53.000Z</time></trkpt>
<trkpt lat="30.62590002372024" lon="104.055415472962"><ele>502</ele><time>2025-04-10T13:08:54.000Z</time></trkpt>
<trkpt lat="30.62590002372024" lon="104.055415472962"><ele>503</ele><time>2025-04-10T13:08:55.000Z</time></trkpt>
<trkpt lat="30.62590002372024" lon="104.055415472962"><ele>503</ele><time>2025-04-10T13:08:56.000Z</time></trkpt>
<trkpt lat="30.62590002372024" lon="104.055415472962"><ele>503</ele><time>2025-04-10T13:08:57.000Z</time></trkpt>
<trkpt lat="30.62590002372024" lon="104.055415472962"><ele>503</ele><time>2025-04-10T13:08:58.000Z</time></trkpt>
<trkpt lat="30.62590002372024" lon="104.055415472962"><ele>503</ele><time>2025-04-10T13:08:59.000Z</time></trkpt>
<trkpt lat="30.62590002372024" lon="104.055415472962"><ele>504</ele><time>2025-04-10T13:09:00.000Z</time></trkpt>
<trkpt lat="30.62590002372024" lon="104.055415472962"><ele>504</ele><time>2025-04-10T13:09:01.000Z</time></trkpt>
<trkpt lat="30.62590002372024" lon="104.055415472962"><ele>504</ele><time>2025-04-10T13:09:02.000Z</time></trkpt>
<trkpt lat="30.62590002372024" lon="104.055415472962"><ele>504</ele><time>2025-04-10T13:09:03.000Z</time></trkpt>
<trkpt lat="30.62590002372024" lon="104.055415472962"><ele>504</ele><time>2025-04-10T13:09:04.000Z</time></trkpt>
<trkpt lat="30.62590002372024" lon="104.055415472962"><ele>503</ele><time>2025-04-10T13:09:05.000Z</time></trkpt>
<trkpt lat="30.62590002372024" lon="104.055415472962"><ele>503</ele><time>2025-04-10T13:09:06.000Z</time></trkpt>
<trkpt lat="30.62590002372024" lon="104.055415472962"><ele>503</ele><time>2025-04-10T13:09:07.000Z</time></trkpt>
<trkpt lat="30.62590002372024" lon="104.055415472962"><ele>503</ele><time>2025-04-10T13:09:08.000Z</time></trkpt>
<trkpt lat="30.62590002372024" lon="104.055415472962"><ele>503</ele><time>2025-04-10T13:09:09.000Z</time></trkpt>
<trkpt lat="30.62590002372024" lon="104.055415472962"><ele>503</ele><time>2025-04-10T13:09:10.000Z</time></trkpt>
<trkpt lat="30.62590002372024" lon="104.055415472962"><ele>502</ele><time>2025-04-10T13:09:11.000Z</time></trkpt>
<trkpt lat="30.62590002372024" lon="104.055415472962"><ele>502</ele><time>2025-04-10T13:09:12.000Z</time></trkpt>
<trkpt lat="30.62590002372024" lon="104.055415472962"><ele>502</ele><time>2025-04-10T13:09:13.000Z</time></trkpt>
<trkpt lat="30.62590002372024" lon="104.055415472962"><ele>502</ele><time>2025-04-10T13:09:14.000Z</time></trkpt>
<trkpt lat="30.62590002372024" lon="104.055415472962"><ele>501</ele><time>2025-04-10T13:09:15.000Z</time></trkpt>
<trkpt lat="30.62590002372024" lon="104.055415472962"><ele>501</ele><time>2025-04-10T13:09:16.000Z</time></trkpt>
<trkpt lat="30.62590002372024" lon="104.055415472962"><ele>500</ele><time>2025-04-10T13:09:17.000Z</time></trkpt>
<trkpt lat="30.62590002372024" lon="104.055415472962"><ele>500</ele><time>2025-04-10T13:09:18.000Z</time></trkpt>
<trkpt lat="30.62590002372024" lon="104.055415472962"><ele>501</ele><time>2025-04-10T13:09:19.000Z</time></trkpt>
<trkpt lat="30.62590002372024" lon="104.055415472962"><ele>501</ele><time>2025-04-10T13:09:20.000Z</time></trkpt>
<trkpt lat="30.62590002372024" lon="104.055415472962"><ele>502</ele><time>2025-04-10T13:09:21.000Z</time></trkpt>
<trkpt lat="30.62590002372024" lon="104.055415472962"><ele>503</ele><time>2025-04-10T13:09:22.000Z</time></trkpt>
<trkpt lat="30.62590002372024" lon="104.055415472962"><ele>503</ele><time>2025-04-10T13:09:23.000Z</time></trkpt>
<trkpt lat="30.62590002372024" lon="104.055415472962"><ele>503</ele><time>2025-04-10T13:09:24.000Z</time></trkpt>
<trkpt lat="30.62590002372024" lon="104.055415472962"><ele>503</ele><time>2025-04-10T13:09:25.000Z</time></trkpt>
<trkpt lat="30.62590002372024" lon="104.055415472962"><ele>503</ele><time>2025-04-10T13:09:26.000Z</time></trkpt>
<trkpt lat="30.62590002372024" lon="104.055415472962"><ele>503</ele><time>2025-04-10T13:09:27.000Z</time></trkpt>
<trkpt lat="30.62590002372024" lon="104.055415472962"><ele>503</ele><time>2025-04-10T13:09:28.000Z</time></trkpt>
<trkpt lat="30.62590002372024" lon="104.055415472962"><ele>503</ele><time>2025-04-10T13:09:29.000Z</time></trkpt>
<trkpt lat="30.62590002372024" lon="104.055415472962"><ele>503</ele><time>2025-04-10T13:09:30.000Z</time></trkpt>
<trkpt lat="30.62590002372024" lon="104.055415472962"><ele>503</ele><time>2025-04-10T13:09:31.000Z</time></trkpt>
<trkpt lat="30.62590002372024" lon="104.055415472962"><ele>503</ele><time>2025-04-10T13:09:32.000Z</time></trkpt>
<trkpt lat="30.62590002372024" lon="104.055415472962"><ele>500</ele><time>2025-04-10T13:09:33.000Z</time></trkpt>
<trkpt lat="30.62590002372024" lon="104.055415472962"><ele>499</ele><time>2025-04-10T13:09:34.000Z</time></trkpt>
<trkpt lat="30.62590002372024" lon="104.055415472962"><ele>499</ele><time>2025-04-10T13:09:35.000Z</time></trkpt>
<trkpt lat="30.62590002372024" lon="104.055415472962"><ele>498</ele><time>2025-04-10T13:09:36.000Z</time></trkpt>
<trkpt lat="30.62590002372024" lon="104.055415472962"><ele>498</ele><time>2025-04-10T13:09:37.000Z</time></trkpt>
<trkpt lat="30.62590002372024" lon="104.055415472962"><ele>497</ele><time>2025-04-10T13:09:38.000Z</time></trkpt>
<trkpt lat="30.62590002372024" lon="104.055415472962"><ele>498</ele><time>2025-04-10T13:09:39.000Z</time></trkpt>
<trkpt lat="30.62590002372024" lon="104.055415472962"><ele>498</ele><time>2025-04-10T13:09:40.000Z</time></trkpt>
<trkpt lat="30.62590002372024" lon="104.055415472962"><ele>497</ele><time>2025-04-10T13:09:41.000Z</time></trkpt>
<trkpt lat="30.62590002372024" lon="104.055415472962"><ele>497</ele><time>2025-04-10T13:09:42.000Z</time></trkpt>
<trkpt lat="30.62590002372024" lon="104.055415472962"><ele>497</ele><time>2025-04-10T13:09:43.000Z</time></trkpt>
<trkpt lat="30.62590002372024" lon="104.055415472962"><ele>497</ele><time>2025-04-10T13:09:44.000Z</time></trkpt>
<trkpt lat="30.62590002372024" lon="104.055415472962"><ele>497</ele><time>2025-04-10T13:09:45.000Z</time></trkpt>
<trkpt lat="30.62590002372024" lon="104.055415472962"><ele>497</ele><time>2025-04-10T13:09:46.000Z</time></trkpt>
<trkpt lat="30.62590002372024" lon="104.055415472962"><ele>496</ele><time>2025-04-10T13:09:47.000Z</time></trkpt>
<trkpt lat="30.62590002372024" lon="104.055415472962"><ele>496</ele><time>2025-04-10T13:09:48.000Z</time></trkpt>
<trkpt lat="30.62590002372024" lon="104.055415472962"><ele>495</ele><time>2025-04-10T13:09:49.000Z</time></trkpt>
<trkpt lat="30.62590002372024" lon="104.055415472962"><ele>495</ele><time>2025-04-10T13:09:50.000Z</time></trkpt>
<trkpt lat="30.62590002372024" lon="104.055415472962"><ele>495</ele><time>2025-04-10T13:09:51.000Z</time></trkpt>
<trkpt lat="30.62590002372024" lon="104.055415472962"><ele>495</ele><time>2025-04-10T13:09:52.000Z</time></trkpt>
<trkpt lat="30.62590002372024" lon="104.055415472962"><ele>496</ele><time>2025-04-10T13:09:53.000Z</time></trkpt>
<trkpt lat="30.62590002372024" lon="104.055415472962"><ele>496</ele><time>2025-04-10T13:09:54.000Z</time></trkpt>
<trkpt lat="30.62590002372024" lon="104.055415472962"><ele>496</ele><time>2025-04-10T13:09:55.000Z</time></trkpt>
<trkpt lat="30.62590002372024" lon="104.055415472962"><ele>496</ele><time>2025-04-10T13:09:56.000Z</time></trkpt>
<trkpt lat="30.62590002372024" lon="104.055415472962"><ele>496</ele><time>2025-04-10T13:09:57.000Z</time></trkpt>
<trkpt lat="30.62590002372024" lon="104.055415472962"><ele>496</ele><time>2025-04-10T13:09:58.000Z</time></trkpt>
<trkpt lat="30.62590002372024" lon="104.055415472962"><ele>496</ele><time>2025-04-10T13:09:59.000Z</time></trkpt>
<trkpt lat="30.62590002372024" lon="104.055415472962"><ele>496</ele><time>2025-04-10T13:10:00.000Z</time></trkpt>
<trkpt lat="30.62590002372024" lon="104.055415472962"><ele>497</ele><time>2025-04-10T13:10:01.000Z</time></trkpt>
<trkpt lat="30.62590002372024" lon="104.055415472962"><ele>497</ele><time>2025-04-10T13:10:02.000Z</time></trkpt>
<trkpt lat="30.62590002372024" lon="104.055415472962"><ele>497</ele><time>2025-04-10T13:10:03.000Z</time></trkpt>
<trkpt lat="30.62590002372024" lon="104.055415472962"><ele>497</ele><time>2025-04-10T13:10:04.000Z</time></trkpt>
<trkpt lat="30.62590002372024" lon="104.055415472962"><ele>497</ele><time>2025-04-10T13:10:05.000Z</time></trkpt>
<trkpt lat="30.62590002372024" lon="104.055415472962"><ele>496</ele><time>2025-04-10T13:10:06.000Z</time></trkpt>
<trkpt lat="30.62590002372024" lon="104.055415472962"><ele>497</ele><time>2025-04-10T13:10:07.000Z</time></trkpt>
<trkpt lat="30.62590002372024" lon="104.055415472962"><ele>497</ele><time>2025-04-10T13:10:08.000Z</time></trkpt>
<trkpt lat="30.62590002372024" lon="104.055415472962"><ele>498</ele><time>2025-04-10T13:10:09.000Z</time></trkpt>
<trkpt lat="30.62590002372024" lon="104.055415472962"><ele>497</ele><time>2025-04-10T13:10:10.000Z</time></trkpt>
<trkpt lat="30.62590002372024" lon="104.055415472962"><ele>497</ele><time>2025-04-10T13:10:11.000Z</time></trkpt>
<trkpt lat="30.62590002372024" lon="104.055415472962"><ele>497</ele><time>2025-04-10T13:10:12.000Z</time></trkpt>
<trkpt lat="30.62590002372024" lon="104.055415472962"><ele>497</ele><time>2025-04-10T13:10:13.000Z</time></trkpt>
<trkpt lat="30.62590002372024" lon="104.055415472962"><ele>497</ele><time>2025-04-10T13:10:14.000Z</time></trkpt>
<trkpt lat="30.62590002372024" lon="104.055415472962"><ele>497</ele><time>2025-04-10T13:10:15.000Z</time></trkpt>
<trkpt lat="30.62590002372024" lon="104.055415472962"><ele>497</ele><time>2025-04-10T13:10:16.000Z</time></trkpt>
<trkpt lat="30.62590002372024" lon="104.055415472962"><ele>498</ele><time>2025-04-10T13:10:17.000Z</time></trkpt>
<trkpt lat="30.62590002372024" lon="104.055415472962"><ele>498</ele><time>2025-04-10T13:10:18.000Z</time></trkpt>
<trkpt lat="30.62590002372024" lon="104.055415472962"><ele>498</ele><time>2025-04-10T13:10:19.000Z</time></trkpt>
<trkpt lat="30.62590002372024" lon="104.055415472962"><ele>499</ele><time>2025-04-10T13:10:20.000Z</time></trkpt>
<trkpt lat="30.62590002372024" lon="104.055415472962"><ele>499</ele><time>2025-04-10T13:10:21.000Z</time></trkpt>
<trkpt lat="30.62590002372024" lon="104.055415472962"><ele>499</ele><time>2025-04-10T13:10:22.000Z</time></trkpt>
<trkpt lat="30.62590002372024" lon="104.055415472962"><ele>499</ele><time>2025-04-10T13:10:23.000Z</time></trkpt>
<trkpt lat="30.62590002372024" lon="104.055415472962"><ele>499</ele><time>2025-04-10T13:10:24.000Z</time></trkpt>
<trkpt lat="30.62590002372024" lon="104.055415472962"><ele>500</ele><time>2025-04-10T13:10:25.000Z</time></trkpt>
<trkpt lat="30.62590002372024" lon="104.055415472962"><ele>500</ele><time>2025-04-10T13:10:26.000Z</time></trkpt>
<trkpt lat="30.62590002372024" lon="104.055415472962"><ele>501</ele><time>2025-04-10T13:10:27.000Z</time></trkpt>
<trkpt lat="30.62590002372024" lon="104.055415472962"><ele>501</ele><time>2025-04-10T13:10:28.000Z</time></trkpt>
<trkpt lat="30.62590002372024" lon="104.055415472962"><ele>501</ele><time>2025-04-10T13:10:29.000Z</time></trkpt>
<trkpt lat="30.62590002372024" lon="104.055415472962"><ele>501</ele><time>2025-04-10T13:10:30.000Z</time></trkpt>
<trkpt lat="30.62590002372024" lon="104.055415472962"><ele>502</ele><time>2025-04-10T13:10:31.000Z</time></trkpt>
<trkpt lat="30.62590002372024" lon="104.055415472962"><ele>502</ele><time>2025-04-10T13:10:32.000Z</time></trkpt>
<trkpt lat="30.62590002372024" lon="104.055415472962"><ele>502</ele><time>2025-04-10T13:10:33.000Z</time></trkpt>
<trkpt lat="30.62590002372024" lon="104.055415472962"><ele>502</ele><time>2025-04-10T13:10:34.000Z</time></trkpt>
<trkpt lat="30.62590002372024" lon="104.055415472962"><ele>502</ele><time>2025-04-10T13:10:35.000Z</time></trkpt>
<trkpt lat="30.62590002372024" lon="104.055415472962"><ele>503</ele><time>2025-04-10T13:10:36.000Z</time></trkpt>
<trkpt lat="30.62590002372024" lon="104.055415472962"><ele>503</ele><time>2025-04-10T13:10:37.000Z</time></trkpt>
<trkpt lat="30.62590002372024" lon="104.055415472962"><ele>504</ele><time>2025-04-10T13:10:38.000Z</time></trkpt>
<trkpt lat="30.62590002372024" lon="104.055415472962"><ele>504</ele><time>2025-04-10T13:10:39.000Z</time></trkpt>
<trkpt lat="30.62590002372024" lon="104.055415472962"><ele>504</ele><time>2025-04-10T13:10:40.000Z</time></trkpt>
<trkpt lat="30.62590002372024" lon="104.055415472962"><ele>504</ele><time>2025-04-10T13:10:41.000Z</time></trkpt>
<trkpt lat="30.62590002372024" lon="104.055415472962"><ele>504</ele><time>2025-04-10T13:10:42.000Z</time></trkpt>
<trkpt lat="30.62590002372024" lon="104.055415472962"><ele>504</ele><time>2025-04-10T13:10:43.000Z</time></trkpt>
<trkpt lat="30.62590002372024" lon="104.055415472962"><ele>505</ele><time>2025-04-10T13:10:44.000Z</time></trkpt>
<trkpt lat="30.62590002372024" lon="104.055415472962"><ele>505</ele><time>2025-04-10T13:10:45.000Z</time></trkpt>
<trkpt lat="30.62590002372024" lon="104.055415472962"><ele>505</ele><time>2025-04-10T13:10:46.000Z</time></trkpt>
<trkpt lat="30.62590002372024" lon="104.055415472962"><ele>505</ele><time>2025-04-10T13:10:47.000Z</time></trkpt>
<trkpt lat="30.62590002372024" lon="104.055415472962"><ele>506</ele><time>2025-04-10T13:10:48.000Z</time></trkpt>
<trkpt lat="30.62590002372024" lon="104.055415472962"><ele>506</ele><time>2025-04-10T13:10:49.000Z</time></trkpt>
<trkpt lat="30.62590002372024" lon="104.055415472962"><ele>506</ele><time>2025-04-10T13:10:50.000Z</time></trkpt>
<trkpt lat="30.62590002372024" lon="104.055415472962"><ele>506</ele><time>2025-04-10T13:10:51.000Z</time></trkpt>
<trkpt lat="30.62590002372024" lon="104.055415472962"><ele>506</ele><time>2025-04-10T13:10:52.000Z</time></trkpt>
<trkpt lat="30.62590002372024" lon="104.055415472962"><ele>506</ele><time>2025-04-10T13:10:53.000Z</time></trkpt>
<trkpt lat="30.62590002372024" lon="104.055415472962"><ele>506</ele><time>2025-04-10T13:10:54.000Z</time></trkpt>
<trkpt lat="30.62590002372024" lon="104.055415472962"><ele>507</ele><time>2025-04-10T13:10:55.000Z</time></trkpt>
<trkpt lat="30.62590002372024" lon="104.055415472962"><ele>507</ele><time>2025-04-10T13:10:56.000Z</time></trkpt>
<trkpt lat="30.62590002372024" lon="104.055415472962"><ele>507</ele><time>2025-04-10T13:10:57.000Z</time></trkpt>
<trkpt lat="30.62590002372024" lon="104.055415472962"><ele>507</ele><time>2025-04-10T13:10:58.000Z</time></trkpt>
<trkpt lat="30.62590002372024" lon="104.055415472962"><ele>507</ele><time>2025-04-10T13:10:59.000Z</time></trkpt>
<trkpt lat="30.62590002372024" lon="104.055415472962"><ele>507</ele><time>2025-04-10T13:11:00.000Z</time></trkpt>
<trkpt lat="30.62590002372024" lon="104.055415472962"><ele>507</ele><time>2025-04-10T13:11:01.000Z</time></trkpt>
<trkpt lat="30.62590002372024" lon="104.055415472962"><ele>507</ele><time>2025-04-10T13:11:02.000Z</time></trkpt>
<trkpt lat="30.62590002372024" lon="104.055415472962"><ele>507</ele><time>2025-04-10T13:11:03.000Z</time></trkpt>
<trkpt lat="30.62590002372024" lon="104.055415472962"><ele>508</ele><time>2025-04-10T13:11:04.000Z</time></trkpt>
<trkpt lat="30.62590002372024" lon="104.055415472962"><ele>507</ele><time>2025-04-10T13:11:05.000Z</time></trkpt>
<trkpt lat="30.62590002372024" lon="104.055415472962"><ele>508</ele><time>2025-04-10T13:11:06.000Z</time></trkpt>
<trkpt lat="30.62590002372024" lon="104.055415472962"><ele>508</ele><time>2025-04-10T13:11:07.000Z</time></trkpt>
<trkpt lat="30.62590002372024" lon="104.055415472962"><ele>507</ele><time>2025-04-10T13:11:08.000Z</time></trkpt>
<trkpt lat="30.62590002372024" lon="104.055415472962"><ele>508</ele><time>2025-04-10T13:11:09.000Z</time></trkpt>
<trkpt lat="30.62590002372024" lon="104.055415472962"><ele>508</ele><time>2025-04-10T13:11:10.000Z</time></trkpt>
<trkpt lat="30.62590002372024" lon="104.055415472962"><ele>508</ele><time>2025-04-10T13:11:11.000Z</time></trkpt>
<trkpt lat="30.62590002372024" lon="104.055415472962"><ele>508</ele><time>2025-04-10T13:11:12.000Z</time></trkpt>
<trkpt lat="30.62590002372024" lon="104.055415472962"><ele>508</ele><time>2025-04-10T13:11:13.000Z</time></trkpt>
<trkpt lat="30.62590002372024" lon="104.055415472962"><ele>508</ele><time>2025-04-10T13:11:14.000Z</time></trkpt>
<trkpt lat="30.62590002372024" lon="104.055415472962"><ele>508</ele><time>2025-04-10T13:11:15.000Z</time></trkpt>
<trkpt lat="30.62590002372024" lon="104.055415472962"><ele>509</ele><time>2025-04-10T13:11:16.000Z</time></trkpt>
<trkpt lat="30.62590002372024" lon="104.055415472962"><ele>509</ele><time>2025-04-10T13:11:17.000Z</time></trkpt>
<trkpt lat="30.62590002372024" lon="104.055415472962"><ele>509</ele><time>2025-04-10T13:11:18.000Z</time></trkpt>
<trkpt lat="30.62590002372024" lon="104.055415472962"><ele>509</ele><time>2025-04-10T13:11:19.000Z</time></trkpt>
<trkpt lat="30.62590002372024" lon="104.055415472962"><ele>509</ele><time>2025-04-10T13:11:20.000Z</time></trkpt>
<trkpt lat="30.62590002372024" lon="104.055415472962"><ele>509</ele><time>2025-04-10T13:11:21.000Z</time></trkpt>
<trkpt lat="30.62590002372024" lon="104.055415472962"><ele>509</ele><time>2025-04-10T13:11:22.000Z</time></trkpt>
<trkpt lat="30.62590002372024" lon="104.055415472962"><ele>509</ele><time>2025-04-10T13:11:23.000Z</time></trkpt>
<trkpt lat="30.62590002372024" lon="104.055415472962"><ele>509</ele><time>2025-04-10T13:11:24.000Z</time></trkpt>
<trkpt lat="30.62590002372024" lon="104.055415472962"><ele>509</ele><time>2025-04-10T13:11:25.000Z</time></trkpt>
<trkpt lat="30.62590002372024" lon="104.055415472962"><ele>509</ele><time>2025-04-10T13:11:26.000Z</time></trkpt>
<trkpt lat="30.62590002372024" lon="104.055415472962"><ele>509</ele><time>2025-04-10T13:11:27.000Z</time></trkpt>
<trkpt lat="30.62590002372024" lon="104.055415472962"><ele>509</ele><time>2025-04-10T13:11:28.000Z</time></trkpt>
<trkpt lat="30.62590002372024" lon="104.055415472962"><ele>509</ele><time>2025-04-10T13:11:29.000Z</time></trkpt>
<trkpt lat="30.62590002372024" lon="104.055415472962"><ele>509</ele><time>2025-04-10T13:11:30.000Z</time></trkpt>
<trkpt lat="30.62590002372024" lon="104.055415472962"><ele>509</ele><time>2025-04-10T13:11:31.000Z</time></trkpt>
<trkpt lat="30.62590002372024" lon="104.055415472962"><ele>509</ele><time>2025-04-10T13:11:32.000Z</time></trkpt>
<trkpt lat="30.62590002372024" lon="104.055415472962"><ele>509</ele><time>2025-04-10T13:11:33.000Z</time></trkpt>
<trkpt lat="30.62590002372024" lon="104.055415472962"><ele>509</ele><time>2025-04-10T13:11:34.000Z</time></trkpt>
<trkpt lat="30.62590002372024" lon="104.055415472962"><ele>509</ele><time>2025-04-10T13:11:35.000Z</time></trkpt>
<trkpt lat="30.62590002372024" lon="104.055415472962"><ele>510</ele><time>2025-04-10T13:11:36.000Z</time></trkpt>
<trkpt lat="30.62590002372024" lon="104.055415472962"><ele>510</ele><time>2025-04-10T13:11:37.000Z</time></trkpt>
<trkpt lat="30.62590002372024" lon="104.055415472962"><ele>510</ele><time>2025-04-10T13:11:38.000Z</time></trkpt>
<trkpt lat="30.62590002372024" lon="104.055415472962"><ele>510</ele><time>2025-04-10T13:11:39.000Z</time></trkpt>
<trkpt lat="30.62590002372024" lon="104.055415472962"><ele>510</ele><time>2025-04-10T13:11:40.000Z</time></trkpt>
<trkpt lat="30.62590002372024" lon="104.055415472962"><ele>510</ele><time>2025-04-10T13:11:41.000Z</time></trkpt>
<trkpt lat="30.62590002372024" lon="104.055415472962"><ele>510</ele><time>2025-04-10T13:11:42.000Z</time></trkpt>
<trkpt lat="30.62590002372024" lon="104.055415472962"><ele>510</ele><time>2025-04-10T13:11:43.000Z</time></trkpt>
<trkpt lat="30.62590002372024" lon="104.055415472962"><ele>510</ele><time>2025-04-10T13:11:44.000Z</time></trkpt>
<trkpt lat="30.62590002372024" lon="104.055415472962"><ele>510</ele><time>2025-04-10T13:11:45.000Z</time></trkpt>
<trkpt lat="30.62590002372024" lon="104.055415472962"><ele>510</ele><time>2025-04-10T13:11:46.000Z</time></trkpt>
<trkpt lat="30.62590002372024" lon="104.055415472962"><ele>510</ele><time>2025-04-10T13:11:47.000Z</time></trkpt>
<trkpt lat="30.62590002372024" lon="104.055415472962"><ele>510</ele><time>2025-04-10T13:11:48.000Z</time></trkpt>
<trkpt lat="30.62590002372024" lon="104.055415472962"><ele>510</ele><time>2025-04-10T13:11:49.000Z</time></trkpt>
<trkpt lat="30.62590002372024" lon="104.055415472962"><ele>510</ele><time>2025-04-10T13:11:50.000Z</time></trkpt>
<trkpt lat="30.62590002372024" lon="104.055415472962"><ele>510</ele><time>2025-04-10T13:11:51.000Z</time></trkpt>
<trkpt lat="30.62590002372024" lon="104.055415472962"><ele>510</ele><time>2025-04-10T13:11:52.000Z</time></trkpt>
<trkpt lat="30.62590002372024" lon="104.055415472962"><ele>510</ele><time>2025-04-10T13:11:53.000Z</time></trkpt>
<trkpt lat="30.62590002372024" lon="104.055415472962"><ele>510</ele><time>2025-04-10T13:11:54.000Z</time></trkpt>
<trkpt lat="30.62590002372024" lon="104.055415472962"><ele>510</ele><time>2025-04-10T13:11:55.000Z</time></trkpt>
<trkpt lat="30.62590002372024" lon="104.055415472962"><ele>511</ele><time>2025-04-10T13:11:56.000Z</time></trkpt>
<trkpt lat="30.62590002372024" lon="104.055415472962"><ele>510</ele><time>2025-04-10T13:11:57.000Z</time></trkpt>
<trkpt lat="30.62590002372024" lon="104.055415472962"><ele>511</ele><time>2025-04-10T13:11:58.000Z</time></trkpt>
<trkpt lat="30.62590002372024" lon="104.055415472962"><ele>511</ele><time>2025-04-10T13:11:59.000Z</time></trkpt>
<trkpt lat="30.62590002372024" lon="104.055415472962"><ele>510</ele><time>2025-04-10T13:12:00.000Z</time></trkpt>
<trkpt lat="30.62590002372024" lon="104.055415472962"><ele>511</ele><time>2025-04-10T13:12:01.000Z</time></trkpt>
<trkpt lat="30.62590002372024" lon="104.055415472962"><ele>511</ele><time>2025-04-10T13:12:02.000Z</time></trkpt>
<trkpt lat="30.62590002372024" lon="104.055415472962"><ele>511</ele><time>2025-04-10T13:12:03.000Z</time></trkpt>
<trkpt lat="30.62590002372024" lon="104.055415472962"><ele>511</ele><time>2025-04-10T13:12:04.000Z</time></trkpt>
<trkpt lat="30.62590002372024" lon="104.055415472962"><ele>511</ele><time>2025-04-10T13:12:05.000Z</time></trkpt>
<trkpt lat="30.62590002372024" lon="104.055415472962"><ele>511</ele><time>2025-04-10T13:12:06.000Z</time></trkpt>
<trkpt lat="30.62590002372024" lon="104.055415472962"><ele>511</ele><time>2025-04-10T13:12:07.000Z</time></trkpt>
<trkpt lat="30.62590002372024" lon="104.055415472962"><ele>511</ele><time>2025-04-10T13:12:08.000Z</time></trkpt>
<trkpt lat="30.62590002372024" lon="104.055415472962"><ele>511</ele><time>2025-04-10T13:12:09.000Z</time></trkpt>
<trkpt lat="30.62590002372024" lon="104.055415472962"><ele>511</ele><time>2025-04-10T13:12:10.000Z</time></trkpt>
<trkpt lat="30.62590002372024" lon="104.055415472962"><ele>511</ele><time>2025-04-10T13:12:11.000Z</time></trkpt>
<trkpt lat="30.62590002372024" lon="104.055415472962"><ele>511</ele><time>2025-04-10T13:12:12.000Z</time></trkpt>
<trkpt lat="30.62590002372024" lon="104.055415472962"><ele>512</ele><time>2025-04-10T13:12:13.000Z</time></trkpt>
<trkpt lat="30.62590002372024" lon="104.055415472962"><ele>511</ele><time>2025-04-10T13:12:14.000Z</time></trkpt>
<trkpt lat="30.62590002372024" lon="104.055415472962"><ele>511</ele><time>2025-04-10T13:12:15.000Z</time></trkpt>
<trkpt lat="30.62590002372024" lon="104.055415472962"><ele>511</ele><time>2025-04-10T13:12:16.000Z</time></trkpt>
<trkpt lat="30.62590002372024" lon="104.055415472962"><ele>510</ele><time>2025-04-10T13:12:17.000Z</time></trkpt>
<trkpt lat="30.62590002372024" lon="104.055415472962"><ele>511</ele><time>2025-04-10T13:12:18.000Z</time></trkpt>
<trkpt lat="30.62590002372024" lon="104.055415472962"><ele>511</ele><time>2025-04-10T13:12:19.000Z</time></trkpt>
<trkpt lat="30.62590002372024" lon="104.055415472962"><ele>511</ele><time>2025-04-10T13:12:20.000Z</time></trkpt>
<trkpt lat="30.62590002372024" lon="104.055415472962"><ele>510</ele><time>2025-04-10T13:12:21.000Z</time></trkpt>
<trkpt lat="30.62590002372024" lon="104.055415472962"><ele>510</ele><time>2025-04-10T13:12:22.000Z</time></trkpt>
<trkpt lat="30.62590002372024" lon="104.055415472962"><ele>510</ele><time>2025-04-10T13:12:23.000Z</time></trkpt>
<trkpt lat="30.62590002372024" lon="104.055415472962"><ele>510</ele><time>2025-04-10T13:12:24.000Z</time></trkpt>
<trkpt lat="30.62590002372024" lon="104.055415472962"><ele>510</ele><time>2025-04-10T13:12:25.000Z</time></trkpt>
<trkpt lat="30.62590002372024" lon="104.055415472962"><ele>510</ele><time>2025-04-10T13:12:26.000Z</time></trkpt>
<trkpt lat="30.62590002372024" lon="104.055415472962"><ele>510</ele><time>2025-04-10T13:12:27.000Z</time></trkpt>
<trkpt lat="30.62590002372024" lon="104.055415472962"><ele>510</ele><time>2025-04-10T13:12:28.000Z</time></trkpt>
<trkpt lat="30.62590002372024" lon="104.055415472962"><ele>510</ele><time>2025-04-10T13:12:29.000Z</time></trkpt>
<trkpt lat="30.62590002372024" lon="104.055415472962"><ele>510</ele><time>2025-04-10T13:12:30.000Z</time></trkpt>
<trkpt lat="30.62590002372024" lon="104.055415472962"><ele>509</ele><time>2025-04-10T13:12:31.000Z</time></trkpt>
<trkpt lat="30.62590002372024" lon="104.055415472962"><ele>509</ele><time>2025-04-10T13:12:32.000Z</time></trkpt>
<trkpt lat="30.62590002372024" lon="104.055415472962"><ele>510</ele><time>2025-04-10T13:12:33.000Z</time></trkpt>
<trkpt lat="30.62590002372024" lon="104.055415472962"><ele>510</ele><time>2025-04-10T13:12:34.000Z</time></trkpt>
<trkpt lat="30.62590002372024" lon="104.055415472962"><ele>510</ele><time>2025-04-10T13:12:35.000Z</time></trkpt>
<trkpt lat="30.62590002372024" lon="104.055415472962"><ele>510</ele><time>2025-04-10T13:12:36.000Z</time></trkpt>
<trkpt lat="30.62590002372024" lon="104.055415472962"><ele>510</ele><time>2025-04-10T13:12:37.000Z</time></trkpt>
<trkpt lat="30.62590002372024" lon="104.055415472962"><ele>509</ele><time>2025-04-10T13:12:38.000Z</time></trkpt>
<trkpt lat="30.62590002372024" lon="104.055415472962"><ele>509</ele><time>2025-04-10T13:12:39.000Z</time></trkpt>
<trkpt lat="30.62590002372024" lon="104.055415472962"><ele>510</ele><time>2025-04-10T13:12:40.000Z</time></trkpt>
<trkpt lat="30.62590002372024" lon="104.055415472962"><ele>509</ele><time>2025-04-10T13:12:41.000Z</time></trkpt>
<trkpt lat="30.62590002372024" lon="104.055415472962"><ele>509</ele><time>2025-04-10T13:12:42.000Z</time></trkpt>
<trkpt lat="30.62590002372024" lon="104.055415472962"><ele>509</ele><time>2025-04-10T13:12:43.000Z</time></trkpt>
<trkpt lat="30.62590002372024" lon="104.055415472962"><ele>508</ele><time>2025-04-10T13:12:44.000Z</time></trkpt>
<trkpt lat="30.62590002372024" lon="104.055415472962"><ele>507</ele><time>2025-04-10T13:12:45.000Z</time></trkpt>
<trkpt lat="30.62590002372024" lon="104.055415472962"><ele>507</ele><time>2025-04-10T13:12:46.000Z</time></trkpt>
<trkpt lat="30.62590002372024" lon="104.055415472962"><ele>506</ele><time>2025-04-10T13:12:47.000Z</time></trkpt>
<trkpt lat="30.62590002372024" lon="104.055415472962"><ele>506</ele><time>2025-04-10T13:12:48.000Z</time></trkpt>
<trkpt lat="30.62590002372024" lon="104.055415472962"><ele>505</ele><time>2025-04-10T13:12:49.000Z</time></trkpt>
<trkpt lat="30.62590002372024" lon="104.055415472962"><ele>505</ele><time>2025-04-10T13:12:50.000Z</time></trkpt>
<trkpt lat="30.62590002372024" lon="104.055415472962"><ele>505</ele><time>2025-04-10T13:12:51.000Z</time></trkpt>
<trkpt lat="30.62590002372024" lon="104.055415472962"><ele>505</ele><time>2025-04-10T13:12:52.000Z</time></trkpt>
<trkpt lat="30.62590002372024" lon="104.055415472962"><ele>505</ele><time>2025-04-10T13:12:53.000Z</time></trkpt>
<trkpt lat="30.62590002372024" lon="104.055415472962"><ele>504</ele><time>2025-04-10T13:12:54.000Z</time></trkpt>
<trkpt lat="30.62590002372024" lon="104.055415472962"><ele>504</ele><time>2025-04-10T13:12:55.000Z</time></trkpt>
<trkpt lat="30.62590002372024" lon="104.055415472962"><ele>504</ele><time>2025-04-10T13:12:56.000Z</time></trkpt>
<trkpt lat="30.62590002372024" lon="104.055415472962"><ele>503</ele><time>2025-04-10T13:12:57.000Z</time></trkpt>
<trkpt lat="30.62590002372024" lon="104.055415472962"><ele>502</ele><time>2025-04-10T13:12:58.000Z</time></trkpt>
<trkpt lat="30.62590002372024" lon="104.055415472962"><ele>501</ele><time>2025-04-10T13:12:59.000Z</time></trkpt>
<trkpt lat="30.62590002372024" lon="104.055415472962"><ele>501</ele><time>2025-04-10T13:13:00.000Z</time></trkpt>
<trkpt lat="30.62590002372024" lon="104.055415472962"><ele>501</ele><time>2025-04-10T13:13:01.000Z</time></trkpt>
<trkpt lat="30.62590002372024" lon="104.055415472962"><ele>501</ele><time>2025-04-10T13:13:02.000Z</time></trkpt>
<trkpt lat="30.62590002372024" lon="104.055415472962"><ele>501</ele><time>2025-04-10T13:13:03.000Z</time></trkpt>
<trkpt lat="30.62590002372024" lon="104.055415472962"><ele>501</ele><time>2025-04-10T13:13:04.000Z</time></trkpt>
<trkpt lat="30.62590002372024" lon="104.055415472962"><ele>501</ele><time>2025-04-10T13:13:05.000Z</time></trkpt>
<trkpt lat="30.62590002372024" lon="104.055415472962"><ele>500</ele><time>2025-04-10T13:13:06.000Z</time></trkpt>
<trkpt lat="30.62590002372024" lon="104.055415472962"><ele>500</ele><time>2025-04-10T13:13:07.000Z</time></trkpt>
<trkpt lat="30.62590002372024" lon="104.055415472962"><ele>500</ele><time>2025-04-10T13:13:08.000Z</time></trkpt>
<trkpt lat="30.62590002372024" lon="104.055415472962"><ele>501</ele><time>2025-04-10T13:13:09.000Z</time></trkpt>
<trkpt lat="30.62590002372024" lon="104.055415472962"><ele>501</ele><time>2025-04-10T13:13:10.000Z</time></trkpt>
<trkpt lat="30.62590002372024" lon="104.055415472962"><ele>501</ele><time>2025-04-10T13:13:11.000Z</time></trkpt>
<trkpt lat="30.62590002372024" lon="104.055415472962"><ele>501</ele><time>2025-04-10T13:13:12.000Z</time></trkpt>
<trkpt lat="30.62590002372024" lon="104.055415472962"><ele>500</ele><time>2025-04-10T13:13:13.000Z</time></trkpt>
<trkpt lat="30.62590002372024" lon="104.055415472962"><ele>501</ele><time>2025-04-10T13:13:14.000Z</time></trkpt>
<trkpt lat="30.62590002372024" lon="104.055415472962"><ele>501</ele><time>2025-04-10T13:13:15.000Z</time></trkpt>
<trkpt lat="30.62590002372024" lon="104.055415472962"><ele>501</ele><time>2025-04-10T13:13:16.000Z</time></trkpt>
<trkpt lat="30.62590002372024" lon="104.055415472962"><ele>501</ele><time>2025-04-10T13:13:17.000Z</time></trkpt>
<trkpt lat="30.62590002372024" lon="104.055415472962"><ele>501</ele><time>2025-04-10T13:13:18.000Z</time></trkpt>
<trkpt lat="30.62590002372024" lon="104.055415472962"><ele>501</ele><time>2025-04-10T13:13:19.000Z</time></trkpt>
<trkpt lat="30.62590002372024" lon="104.055415472962"><ele>501</ele><time>2025-04-10T13:13:20.000Z</time></trkpt>
<trkpt lat="30.62590002372024" lon="104.055415472962"><ele>501</ele><time>2025-04-10T13:13:21.000Z</time></trkpt>
<trkpt lat="30.62590002372024" lon="104.055415472962"><ele>501</ele><time>2025-04-10T13:13:22.000Z</time></trkpt>
<trkpt lat="30.62590002372024" lon="104.055415472962"><ele>501</ele><time>2025-04-10T13:13:23.000Z</time></trkpt>
<trkpt lat="30.62590002372024" lon="104.055415472962"><ele>501</ele><time>2025-04-10T13:13:24.000Z</time></trkpt>
<trkpt lat="30.62590002372024" lon="104.055415472962"><ele>501</ele><time>2025-04-10T13:13:25.000Z</time></trkpt>
<trkpt lat="30.62590002372024" lon="104.055415472962"><ele>501</ele><time>2025-04-10T13:13:26.000Z</time></trkpt>
<trkpt lat="30.62590002372024" lon="104.055415472962"><ele>501</ele><time>2025-04-10T13:13:27.000Z</time></trkpt>
<trkpt lat="30.62590002372024" lon="104.055415472962"><ele>500</ele><time>2025-04-10T13:13:28.000Z</time></trkpt>
<trkpt lat="30.62590002372024" lon="104.055415472962"><ele>500</ele><time>2025-04-10T13:13:29.000Z</time></trkpt>
<trkpt lat="30.62590002372024" lon="104.055415472962"><ele>500</ele><time>2025-04-10T13:13:30.000Z</time></trkpt>
<trkpt lat="30.62590002372024" lon="104.055415472962"><ele>500</ele><time>2025-04-10T13:13:31.000Z</time></trkpt>
<trkpt lat="30.62590002372024" lon="104.055415472962"><ele>500</ele><time>2025-04-10T13:13:32.000Z</time></trkpt>
<trkpt lat="30.62590002372024" lon="104.055415472962"><ele>500</ele><time>2025-04-10T13:13:33.000Z</time></trkpt>
<trkpt lat="30.62590002372024" lon="104.055415472962"><ele>500</ele><time>2025-04-10T13:13:34.000Z</time></trkpt>
<trkpt lat="30.62590002372024" lon="104.055415472962"><ele>499</ele><time>2025-04-10T13:13:35.000Z</time></trkpt>
<trkpt lat="30.62590002372024" lon="104.055415472962"><ele>499</ele><time>2025-04-10T13:13:36.000Z</time></trkpt>
<trkpt lat="30.62590002372024" lon="104.055415472962"><ele>499</ele><time>2025-04-10T13:13:37.000Z</time></trkpt>
<trkpt lat="30.62590002372024" lon="104.055415472962"><ele>498</ele><time>2025-04-10T13:13:38.000Z</time></trkpt>
<trkpt lat="30.62590002372024" lon="104.055415472962"><ele>499</ele><time>2025-04-10T13:13:39.000Z</time></trkpt>
<trkpt lat="30.62590002372024" lon="104.055415472962"><ele>498</ele><time>2025-04-10T13:13:40.000Z</time></trkpt>
<trkpt lat="30.62590002372024" lon="104.055415472962"><ele>499</ele><time>2025-04-10T13:13:41.000Z</time></trkpt>
<trkpt lat="30.62590002372024" lon="104.055415472962"><ele>498</ele><time>2025-04-10T13:13:42.000Z</time></trkpt>
<trkpt lat="30.62590002372024" lon="104.055415472962"><ele>499</ele><time>2025-04-10T13:13:43.000Z</time></trkpt>
<trkpt lat="30.62590002372024" lon="104.055415472962"><ele>499</ele><time>2025-04-10T13:13:44.000Z</time></trkpt>
<trkpt lat="30.62590002372024" lon="104.055415472962"><ele>499</ele><time>2025-04-10T13:13:45.000Z</time></trkpt>
<trkpt lat="30.62590002372024" lon="104.055415472962"><ele>499</ele><time>2025-04-10T13:13:46.000Z</time></trkpt>
<trkpt lat="30.62590002372024" lon="104.055415472962"><ele>499</ele><time>2025-04-10T13:13:47.000Z</time></trkpt>
<trkpt lat="30.62590002372024" lon="104.055415472962"><ele>499</ele><time>2025-04-10T13:13:48.000Z</time></trkpt>
<trkpt lat="30.62590002372024" lon="104.055415472962"><ele>499</ele><time>2025-04-10T13:13:49.000Z</time></trkpt>
<trkpt lat="30.62590002372024" lon="104.055415472962"><ele>499</ele><time>2025-04-10T13:13:50.000Z</time></trkpt>
<trkpt lat="30.62590002372024" lon="104.055415472962"><ele>499</ele><time>2025-04-10T13:13:51.000Z</time></trkpt>
<trkpt lat="30.62590002372024" lon="104.055415472962"><ele>499</ele><time>2025-04-10T13:13:52.000Z</time></trkpt>
<trkpt lat="30.62590002372024" lon="104.055415472962"><ele>498</ele><time>2025-04-10T13:13:53.000Z</time></trkpt>
<trkpt lat="30.62590002372024" lon="104.055415472962"><ele>498</ele><time>2025-04-10T13:13:54.000Z</time></trkpt>
<trkpt lat="30.62590002372024" lon="104.055415472962"><ele>498</ele><time>2025-04-10T13:13:55.000Z</time></trkpt>
<trkpt lat="30.62590002372024" lon="104.055415472962"><ele>498</ele><time>2025-04-10T13:13:56.000Z</time></trkpt>
<trkpt lat="30.62590002372024" lon="104.055415472962"><ele>498</ele><time>2025-04-10T13:13:57.000Z</time></trkpt>
<trkpt lat="30.62590002372024" lon="104.055415472962"><ele>498</ele><time>2025-04-10T13:13:58.000Z</time></trkpt>
<trkpt lat="30.62590002372024" lon="104.055415472962"><ele>498</ele><time>2025-04-10T13:13:59.000Z</time></trkpt>
<trkpt lat="30.62590002372024" lon="104.055415472962"><ele>498</ele><time>2025-04-10T13:14:00.000Z</time></trkpt>
<trkpt lat="30.62590002372024" lon="104.055415472962"><ele>499</ele><time>2025-04-10T13:14:01.000Z</time></trkpt>
<trkpt lat="30.62590002372024" lon="104.055415472962"><ele>498</ele><time>2025-04-10T13:14:02.000Z</time></trkpt>
<trkpt lat="30.62590002372024" lon="104.055415472962"><ele>498</ele><time>2025-04-10T13:14:03.000Z</time></trkpt>
<trkpt lat="30.62590002372024" lon="104.055415472962"><ele>498</ele><time>2025-04-10T13:14:04.000Z</time></trkpt>
<trkpt lat="30.62590002372024" lon="104.055415472962"><ele>499</ele><time>2025-04-10T13:14:05.000Z</time></trkpt>
<trkpt lat="30.62590002372024" lon="104.055415472962"><ele>497</ele><time>2025-04-10T13:14:06.000Z</time></trkpt>
<trkpt lat="30.62590002372024" lon="104.055415472962"><ele>497</ele><time>2025-04-10T13:14:07.000Z</time></trkpt>
<trkpt lat="30.62590002372024" lon="104.055415472962"><ele>497</ele><time>2025-04-10T13:14:08.000Z</time></trkpt>
<trkpt lat="30.62590002372024" lon="104.055415472962"><ele>497</ele><time>2025-04-10T13:14:09.000Z</time></trkpt>
<trkpt lat="30.62590002372024" lon="104.055415472962"><ele>497</ele><time>2025-04-10T13:14:10.000Z</time></trkpt>
<trkpt lat="30.62590002372024" lon="104.055415472962"><ele>496</ele><time>2025-04-10T13:14:11.000Z</time></trkpt>
<trkpt lat="30.62590002372024" lon="104.055415472962"><ele>496</ele><time>2025-04-10T13:14:12.000Z</time></trkpt>
<trkpt lat="30.62590002372024" lon="104.055415472962"><ele>496</ele><time>2025-04-10T13:14:13.000Z</time></trkpt>
<trkpt lat="30.62590002372024" lon="104.055415472962"><ele>495</ele><time>2025-04-10T13:14:14.000Z</time></trkpt>
<trkpt lat="30.62590002372024" lon="104.055415472962"><ele>495</ele><time>2025-04-10T13:14:15.000Z</time></trkpt>
<trkpt lat="30.62590002372024" lon="104.055415472962"><ele>495</ele><time>2025-04-10T13:14:16.000Z</time></trkpt>
<trkpt lat="30.62590002372024" lon="104.055415472962"><ele>495</ele><time>2025-04-10T13:14:17.000Z</time></trkpt>
<trkpt lat="30.62590002372024" lon="104.055415472962"><ele>495</ele><time>2025-04-10T13:14:18.000Z</time></trkpt>
<trkpt lat="30.62590002372024" lon="104.055415472962"><ele>495</ele><time>2025-04-10T13:14:19.000Z</time></trkpt>
<trkpt lat="30.62590002372024" lon="104.055415472962"><ele>495</ele><time>2025-04-10T13:14:20.000Z</time></trkpt>
<trkpt lat="30.62590002372024" lon="104.055415472962"><ele>495</ele><time>2025-04-10T13:14:21.000Z</time></trkpt>
<trkpt lat="30.62590002372024" lon="104.055415472962"><ele>495</ele><time>2025-04-10T13:14:22.000Z</time></trkpt>
<trkpt lat="30.62590002372024" lon="104.055415472962"><ele>495</ele><time>2025-04-10T13:14:23.000Z</time></trkpt>
<trkpt lat="30.62590002372024" lon="104.055415472962"><ele>495</ele><time>2025-04-10T13:14:24.000Z</time></trkpt>
<trkpt lat="30.62590002372024" lon="104.055415472962"><ele>495</ele><time>2025-04-10T13:14:25.000Z</time></trkpt>
<trkpt lat="30.62590002372024" lon="104.055415472962"><ele>494</ele><time>2025-04-10T13:14:26.000Z</time></trkpt>
<trkpt lat="30.62590002372024" lon="104.055415472962"><ele>495</ele><time>2025-04-10T13:14:27.000Z</time></trkpt>
<trkpt lat="30.62590002372024" lon="104.055415472962"><ele>495</ele><time>2025-04-10T13:14:28.000Z</time></trkpt>
<trkpt lat="30.62590002372024" lon="104.055415472962"><ele>494</ele><time>2025-04-10T13:14:29.000Z</time></trkpt>
<trkpt lat="30.62590002372024" lon="104.055415472962"><ele>494</ele><time>2025-04-10T13:14:30.000Z</time></trkpt>
<trkpt lat="30.62590002372024" lon="104.055415472962"><ele>494</ele><time>2025-04-10T13:14:31.000Z</time></trkpt>
<trkpt lat="30.62590002372024" lon="104.055415472962"><ele>494</ele><time>2025-04-10T13:14:32.000Z</time></trkpt>
<trkpt lat="30.62590002372024" lon="104.055415472962"><ele>494</ele><time>2025-04-10T13:14:33.000Z</time></trkpt>
<trkpt lat="30.62590002372024" lon="104.055415472962"><ele>494</ele><time>2025-04-10T13:14:34.000Z</time></trkpt>
<trkpt lat="30.62590002372024" lon="104.055415472962"><ele>493</ele><time>2025-04-10T13:14:35.000Z</time></trkpt>
<trkpt lat="30.62590002372024" lon="104.055415472962"><ele>493</ele><time>2025-04-10T13:14:36.000Z</time></trkpt>
<trkpt lat="30.62590002372024" lon="104.055415472962"><ele>493</ele><time>2025-04-10T13:14:37.000Z</time></trkpt>
<trkpt lat="30.62590002372024" lon="104.055415472962"><ele>493</ele><time>2025-04-10T13:14:38.000Z</time></trkpt>
<trkpt lat="30.62590002372024" lon="104.055415472962"><ele>493</ele><time>2025-04-10T13:14:39.000Z</time></trkpt>
<trkpt lat="30.62590002372024" lon="104.055415472962"><ele>493</ele><time>2025-04-10T13:14:40.000Z</time></trkpt>
<trkpt lat="30.62590002372024" lon="104.055415472962"><ele>493</ele><time>2025-04-10T13:14:41.000Z</time></trkpt>
<trkpt lat="30.62590002372024" lon="104.055415472962"><ele>493</ele><time>2025-04-10T13:14:42.000Z</time></trkpt>
<trkpt lat="30.62590002372024" lon="104.055415472962"><ele>493</ele><time>2025-04-10T13:14:43.000Z</time></trkpt>
<trkpt lat="30.62590002372024" lon="104.055415472962"><ele>493</ele><time>2025-04-10T13:14:44.000Z</time></trkpt>
<trkpt lat="30.62590002372024" lon="104.055415472962"><ele>493</ele><time>2025-04-10T13:14:45.000Z</time></trkpt>
<trkpt lat="30.62590002372024" lon="104.055415472962"><ele>493</ele><time>2025-04-10T13:14:46.000Z</time></trkpt>
<trkpt lat="30.62590002372024" lon="104.055415472962"><ele>493</ele><time>2025-04-10T13:14:47.000Z</time></trkpt>
<trkpt lat="30.62590002372024" lon="104.055415472962"><ele>493</ele><time>2025-04-10T13:14:48.000Z</time></trkpt>
<trkpt lat="30.62590002372024" lon="104.055415472962"><ele>493</ele><time>2025-04-10T13:14:49.000Z</time></trkpt>
<trkpt lat="30.62590002372024" lon="104.055415472962"><ele>493</ele><time>2025-04-10T13:14:50.000Z</time></trkpt>
<trkpt lat="30.62590002372024" lon="104.055415472962"><ele>493</ele><time>2025-04-10T13:14:51.000Z</time></trkpt>
<trkpt lat="30.62590002372024" lon="104.055415472962"><ele>493</ele><time>2025-04-10T13:14:52.000Z</time></trkpt>
<trkpt lat="30.62590002372024" lon="104.055415472962"><ele>493</ele><time>2025-04-10T13:14:53.000Z</time></trkpt>
<trkpt lat="30.62590002372024" lon="104.055415472962"><ele>493</ele><time>2025-04-10T13:14:54.000Z</time></trkpt>
<trkpt lat="30.62590002372024" lon="104.055415472962"><ele>493</ele><time>2025-04-10T13:14:55.000Z</time></trkpt>
<trkpt lat="30.62590002372024" lon="104.055415472962"><ele>493</ele><time>2025-04-10T13:14:56.000Z</time></trkpt>
<trkpt lat="30.62590002372024" lon="104.055415472962"><ele>493</ele><time>2025-04-10T13:14:57.000Z</time></trkpt>
<trkpt lat="30.62590002372024" lon="104.055415472962"><ele>493</ele><time>2025-04-10T13:14:58.000Z</time></trkpt>
<trkpt lat="30.62590002372024" lon="104.055415472962"><ele>493</ele><time>2025-04-10T13:14:59.000Z</time></trkpt>
<trkpt lat="30.62590002372024" lon="104.055415472962"><ele>493</ele><time>2025-04-10T13:15:00.000Z</time></trkpt>
<trkpt lat="30.62590002372024" lon="104.055415472962"><ele>492</ele><time>2025-04-10T13:15:01.000Z</time></trkpt>
<trkpt lat="30.62590002372024" lon="104.055415472962"><ele>493</ele><time>2025-04-10T13:15:02.000Z</time></trkpt>
<trkpt lat="30.62590002372024" lon="104.055415472962"><ele>493</ele><time>2025-04-10T13:15:03.000Z</time></trkpt>
<trkpt lat="30.62590002372024" lon="104.055415472962"><ele>493</ele><time>2025-04-10T13:15:04.000Z</time></trkpt>
<trkpt lat="30.62590002372024" lon="104.055415472962"><ele>493</ele><time>2025-04-10T13:15:05.000Z</time></trkpt>
<trkpt lat="30.62590002372024" lon="104.055415472962"><ele>493</ele><time>2025-04-10T13:15:06.000Z</time></trkpt>
<trkpt lat="30.62590002372024" lon="104.055415472962"><ele>493</ele><time>2025-04-10T13:15:07.000Z</time></trkpt>
<trkpt lat="30.62590002372024" lon="104.055415472962"><ele>494</ele><time>2025-04-10T13:15:08.000Z</time></trkpt>
<trkpt lat="30.62590002372024" lon="104.055415472962"><ele>493</ele><time>2025-04-10T13:15:09.000Z</time></trkpt>
<trkpt lat="30.62590002372024" lon="104.055415472962"><ele>494</ele><time>2025-04-10T13:15:10.000Z</time></trkpt>
<trkpt lat="30.62590002372024" lon="104.055415472962"><ele>494</ele><time>2025-04-10T13:15:11.000Z</time></trkpt>
<trkpt lat="30.62590002372024" lon="104.055415472962"><ele>494</ele><time>2025-04-10T13:15:12.000Z</time></trkpt>
<trkpt lat="30.62590002372024" lon="104.055415472962"><ele>494</ele><time>2025-04-10T13:15:13.000Z</time></trkpt>
<trkpt lat="30.62590002372024" lon="104.055415472962"><ele>494</ele><time>2025-04-10T13:15:14.000Z</time></trkpt>
<trkpt lat="30.62590002372024" lon="104.055415472962"><ele>494</ele><time>2025-04-10T13:15:15.000Z</time></trkpt>
<trkpt lat="30.62590002372024" lon="104.055415472962"><ele>494</ele><time>2025-04-10T13:15:16.000Z</time></trkpt>
<trkpt lat="30.62590002372024" lon="104.055415472962"><ele>494</ele><time>2025-04-10T13:15:17.000Z</time></trkpt>
<trkpt lat="30.62590002372024" lon="104.055415472962"><ele>494</ele><time>2025-04-10T13:15:18.000Z</time></trkpt>
<trkpt lat="30.62590002372024" lon="104.055415472962"><ele>494</ele><time>2025-04-10T13:15:19.000Z</time></trkpt>
<trkpt lat="30.62590002372024" lon="104.055415472962"><ele>494</ele><time>2025-04-10T13:15:20.000Z</time></trkpt>
<trkpt lat="30.62590002372024" lon="104.055415472962"><ele>494</ele><time>2025-04-10T13:15:21.000Z</time></trkpt>
<trkpt lat="30.62590002372024" lon="104.055415472962"><ele>495</ele><time>2025-04-10T13:15:22.000Z</time></trkpt>
<trkpt lat="30.62590002372024" lon="104.055415472962"><ele>495</ele><time>2025-04-10T13:15:23.000Z</time></trkpt>
<trkpt lat="30.62590002372024" lon="104.055415472962"><ele>495</ele><time>2025-04-10T13:15:24.000Z</time></trkpt>
<trkpt lat="30.62590002372024" lon="104.055415472962"><ele>495</ele><time>2025-04-10T13:15:25.000Z</time></trkpt>
<trkpt lat="30.62590002372024" lon="104.055415472962"><ele>495</ele><time>2025-04-10T13:15:26.000Z</time></trkpt>
<trkpt lat="30.62590002372024" lon="104.055415472962"><ele>495</ele><time>2025-04-10T13:15:27.000Z</time></trkpt>
<trkpt lat="30.62590002372024" lon="104.055415472962"><ele>495</ele><time>2025-04-10T13:15:28.000Z</time></trkpt>
<trkpt lat="30.62590002372024" lon="104.055415472962"><ele>495</ele><time>2025-04-10T13:15:29.000Z</time></trkpt>
<trkpt lat="30.62590002372024" lon="104.055415472962"><ele>495</ele><time>2025-04-10T13:15:30.000Z</time></trkpt>
<trkpt lat="30.62590002372024" lon="104.055415472962"><ele>495</ele><time>2025-04-10T13:15:31.000Z</time></trkpt>
<trkpt lat="30.62590002372024" lon="104.055415472962"><ele>495</ele><time>2025-04-10T13:15:32.000Z</time></trkpt>
<trkpt lat="30.62590002372024" lon="104.055415472962"><ele>495</ele><time>2025-04-10T13:15:33.000Z</time></trkpt>
<trkpt lat="30.62590002372024" lon="104.055415472962"><ele>495</ele><time>2025-04-10T13:15:34.000Z</time></trkpt>
<trkpt lat="30.62590002372024" lon="104.055415472962"><ele>495</ele><time>2025-04-10T13:15:35.000Z</time></trkpt>
<trkpt lat="30.62590002372024" lon="104.055415472962"><ele>495</ele><time>2025-04-10T13:15:36.000Z</time></trkpt>
<trkpt lat="30.62590002372024" lon="104.055415472962"><ele>495</ele><time>2025-04-10T13:15:37.000Z</time></trkpt>
<trkpt lat="30.62590002372024" lon="104.055415472962"><ele>495</ele><time>2025-04-10T13:15:38.000Z</time></trkpt>
<trkpt lat="30.62590002372024" lon="104.055415472962"><ele>495</ele><time>2025-04-10T13:15:39.000Z</time></trkpt>
<trkpt lat="30.62590002372024" lon="104.055415472962"><ele>495</ele><time>2025-04-10T13:15:40.000Z</time></trkpt>
<trkpt lat="30.62590002372024" lon="104.055415472962"><ele>495</ele><time>2025-04-10T13:15:41.000Z</time></trkpt>
<trkpt lat="30.62590002372024" lon="104.055415472962"><ele>495</ele><time>2025-04-10T13:15:42.000Z</time></trkpt>
<trkpt lat="30.62590002372024" lon="104.055415472962"><ele>495</ele><time>2025-04-10T13:15:43.000Z</time></trkpt>
<trkpt lat="30.62590002372024" lon="104.055415472962"><ele>495</ele><time>2025-04-10T13:15:44.000Z</time></trkpt>
<trkpt lat="30.62590002372024" lon="104.055415472962"><ele>495</ele><time>2025-04-10T13:15:45.000Z</time></trkpt>
<trkpt lat="30.62590002372024" lon="104.055415472962"><ele>495</ele><time>2025-04-10T13:15:46.000Z</time></trkpt>
<trkpt lat="30.62590002372024" lon="104.055415472962"><ele>495</ele><time>2025-04-10T13:15:47.000Z</time></trkpt>
<trkpt lat="30.62590002372024" lon="104.055415472962"><ele>495</ele><time>2025-04-10T13:15:48.000Z</time></trkpt>
<trkpt lat="30.62590002372024" lon="104.055415472962"><ele>496</ele><time>2025-04-10T13:15:49.000Z</time></trkpt>
<trkpt lat="30.62590002372024" lon="104.055415472962"><ele>496</ele><time>2025-04-10T13:15:50.000Z</time></trkpt>
<trkpt lat="30.62590002372024" lon="104.055415472962"><ele>496</ele><time>2025-04-10T13:15:51.000Z</time></trkpt>
<trkpt lat="30.62590002372024" lon="104.055415472962"><ele>495</ele><time>2025-04-10T13:15:52.000Z</time></trkpt>
<trkpt lat="30.62590002372024" lon="104.055415472962"><ele>495</ele><time>2025-04-10T13:15:53.000Z</time></trkpt>
<trkpt lat="30.62590002372024" lon="104.055415472962"><ele>496</ele><time>2025-04-10T13:15:54.000Z</time></trkpt>
<trkpt lat="30.62590002372024" lon="104.055415472962"><ele>496</ele><time>2025-04-10T13:15:55.000Z</time></trkpt>
<trkpt lat="30.62590002372024" lon="104.055415472962"><ele>496</ele><time>2025-04-10T13:15:56.000Z</time></trkpt>
<trkpt lat="30.62590002372024" lon="104.055415472962"><ele>496</ele><time>2025-04-10T13:15:57.000Z</time></trkpt>
<trkpt lat="30.62590002372024" lon="104.055415472962"><ele>496</ele><time>2025-04-10T13:15:58.000Z</time></trkpt>
<trkpt lat="30.62590002372024" lon="104.055415472962"><ele>496</ele><time>2025-04-10T13:15:59.000Z</time></trkpt>
<trkpt lat="30.62590002372024" lon="104.055415472962"><ele>496</ele><time>2025-04-10T13:16:00.000Z</time></trkpt>
<trkpt lat="30.62590002372024" lon="104.055415472962"><ele>496</ele><time>2025-04-10T13:16:01.000Z</time></trkpt>
<trkpt lat="30.62590002372024" lon="104.055415472962"><ele>495</ele><time>2025-04-10T13:16:02.000Z</time></trkpt>
<trkpt lat="30.62590002372024" lon="104.055415472962"><ele>496</ele><time>2025-04-10T13:16:03.000Z</time></trkpt>
<trkpt lat="30.62590002372024" lon="104.055415472962"><ele>496</ele><time>2025-04-10T13:16:04.000Z</time></trkpt>
<trkpt lat="30.62590002372024" lon="104.055415472962"><ele>496</ele><time>2025-04-10T13:16:05.000Z</time></trkpt>
<trkpt lat="30.62590002372024" lon="104.055415472962"><ele>496</ele><time>2025-04-10T13:16:06.000Z</time></trkpt>
<trkpt lat="30.62590002372024" lon="104.055415472962"><ele>495</ele><time>2025-04-10T13:16:07.000Z</time></trkpt>
<trkpt lat="30.62590002372024" lon="104.055415472962"><ele>495</ele><time>2025-04-10T13:16:08.000Z</time></trkpt>
<trkpt lat="30.62590002372024" lon="104.055415472962"><ele>495</ele><time>2025-04-10T13:16:09.000Z</time></trkpt>
<trkpt lat="30.62590002372024" lon="104.055415472962"><ele>495</ele><time>2025-04-10T13:16:10.000Z</time></trkpt>
<trkpt lat="30.62590002372024" lon="104.055415472962"><ele>495</ele><time>2025-04-10T13:16:11.000Z</time></trkpt>
<trkpt lat="30.62590002372024" lon="104.055415472962"><ele>495</ele><time>2025-04-10T13:16:12.000Z</time></trkpt>
<trkpt lat="30.62590002372024" lon="104.055415472962"><ele>495</ele><time>2025-04-10T13:16:13.000Z</time></trkpt>
<trkpt lat="30.62590002372024" lon="104.055415472962"><ele>495</ele><time>2025-04-10T13:16:14.000Z</time></trkpt>
<trkpt lat="30.62590002372024" lon="104.055415472962"><ele>495</ele><time>2025-04-10T13:16:15.000Z</time></trkpt>
<trkpt lat="30.62590002372024" lon="104.055415472962"><ele>495</ele><time>2025-04-10T13:16:16.000Z</time></trkpt>
<trkpt lat="30.62590002372024" lon="104.055415472962"><ele>495</ele><time>2025-04-10T13:16:17.000Z</time></trkpt>
<trkpt lat="30.62590002372024" lon="104.055415472962"><ele>495</ele><time>2025-04-10T13:16:18.000Z</time></trkpt>
<trkpt lat="30.62590002372024" lon="104.055415472962"><ele>495</ele><time>2025-04-10T13:16:19.000Z</time></trkpt>
<trkpt lat="30.62590002372024" lon="104.055415472962"><ele>495</ele><time>2025-04-10T13:16:20.000Z</time></trkpt>
<trkpt lat="30.62590002372024" lon="104.055415472962"><ele>495</ele><time>2025-04-10T13:16:21.000Z</time></trkpt>
<trkpt lat="30.62590002372024" lon="104.055415472962"><ele>495</ele><time>2025-04-10T13:16:22.000Z</time></trkpt>
<trkpt lat="30.62590002372024" lon="104.055415472962"><ele>496</ele><time>2025-04-10T13:16:23.000Z</time></trkpt>
<trkpt lat="30.62590002372024" lon="104.055415472962"><ele>496</ele><time>2025-04-10T13:16:24.000Z</time></trkpt>
<trkpt lat="30.62590002372024" lon="104.055415472962"><ele>496</ele><time>2025-04-10T13:16:25.000Z</time></trkpt>
<trkpt lat="30.62590002372024" lon="104.055415472962"><ele>496</ele><time>2025-04-10T13:16:26.000Z</time></trkpt>
<trkpt lat="30.62590002372024" lon="104.055415472962"><ele>495</ele><time>2025-04-10T13:16:27.000Z</time></trkpt>
<trkpt lat="30.62590002372024" lon="104.055415472962"><ele>495</ele><time>2025-04-10T13:16:28.000Z</time></trkpt>
<trkpt lat="30.62590002372024" lon="104.055415472962"><ele>494</ele><time>2025-04-10T13:16:29.000Z</time></trkpt>
<trkpt lat="30.62590002372024" lon="104.055415472962"><ele>494</ele><time>2025-04-10T13:16:30.000Z</time></trkpt>
<trkpt lat="30.62590002372024" lon="104.055415472962"><ele>493</ele><time>2025-04-10T13:16:31.000Z</time></trkpt>
<trkpt lat="30.62590002372024" lon="104.055415472962"><ele>493</ele><time>2025-04-10T13:16:32.000Z</time></trkpt>
<trkpt lat="30.62590002372024" lon="104.055415472962"><ele>492</ele><time>2025-04-10T13:16:33.000Z</time></trkpt>
<trkpt lat="30.62590002372024" lon="104.055415472962"><ele>492</ele><time>2025-04-10T13:16:34.000Z</time></trkpt>
<trkpt lat="30.62590002372024" lon="104.055415472962"><ele>492</ele><time>2025-04-10T13:16:35.000Z</time></trkpt>
<trkpt lat="30.62590002372024" lon="104.055415472962"><ele>492</ele><time>2025-04-10T13:16:36.000Z</time></trkpt>
<trkpt lat="30.62590002372024" lon="104.055415472962"><ele>492</ele><time>2025-04-10T13:16:37.000Z</time></trkpt>
<trkpt lat="30.62590002372024" lon="104.055415472962"><ele>492</ele><time>2025-04-10T13:16:38.000Z</time></trkpt>
<trkpt lat="30.62590002372024" lon="104.055415472962"><ele>492</ele><time>2025-04-10T13:16:39.000Z</time></trkpt>
<trkpt lat="30.62590002372024" lon="104.055415472962"><ele>492</ele><time>2025-04-10T13:16:40.000Z</time></trkpt>
<trkpt lat="30.62590002372024" lon="104.055415472962"><ele>492</ele><time>2025-04-10T13:16:41.000Z</time></trkpt>
<trkpt lat="30.62590002372024" lon="104.055415472962"><ele>492</ele><time>2025-04-10T13:16:42.000Z</time></trkpt>
<trkpt lat="30.62590002372024" lon="104.055415472962"><ele>493</ele><time>2025-04-10T13:16:43.000Z</time></trkpt>
<trkpt lat="30.62590002372024" lon="104.055415472962"><ele>492</ele><time>2025-04-10T13:16:44.000Z</time></trkpt>
<trkpt lat="30.62590002372024" lon="104.055415472962"><ele>493</ele><time>2025-04-10T13:16:45.000Z</time></trkpt>
<trkpt lat="30.62590002372024" lon="104.055415472962"><ele>493</ele><time>2025-04-10T13:16:46.000Z</time></trkpt>
<trkpt lat="30.62590002372024" lon="104.055415472962"><ele>493</ele><time>2025-04-10T13:16:47.000Z</time></trkpt>
<trkpt lat="30.62590002372024" lon="104.055415472962"><ele>492</ele><time>2025-04-10T13:16:48.000Z</time></trkpt>
<trkpt lat="30.62590002372024" lon="104.055415472962"><ele>492</ele><time>2025-04-10T13:16:49.000Z</time></trkpt>
<trkpt lat="30.62590002372024" lon="104.055415472962"><ele>492</ele><time>2025-04-10T13:16:50.000Z</time></trkpt>
<trkpt lat="30.62590002372024" lon="104.055415472962"><ele>492</ele><time>2025-04-10T13:16:51.000Z</time></trkpt>
<trkpt lat="30.62590002372024" lon="104.055415472962"><ele>492</ele><time>2025-04-10T13:16:52.000Z</time></trkpt>
<trkpt lat="30.62590002372024" lon="104.055415472962"><ele>492</ele><time>2025-04-10T13:16:53.000Z</time></trkpt>
<trkpt lat="30.62590002372024" lon="104.055415472962"><ele>492</ele><time>2025-04-10T13:16:54.000Z</time></trkpt>
<trkpt lat="30.62590002372024" lon="104.055415472962"><ele>491</ele><time>2025-04-10T13:16:55.000Z</time></trkpt>
<trkpt lat="30.62590002372024" lon="104.055415472962"><ele>491</ele><time>2025-04-10T13:16:56.000Z</time></trkpt>
<trkpt lat="30.62590002372024" lon="104.055415472962"><ele>492</ele><time>2025-04-10T13:16:57.000Z</time></trkpt>
<trkpt lat="30.62590002372024" lon="104.055415472962"><ele>492</ele><time>2025-04-10T13:16:58.000Z</time></trkpt>
<trkpt lat="30.62590002372024" lon="104.055415472962"><ele>492</ele><time>2025-04-10T13:16:59.000Z</time></trkpt>
<trkpt lat="30.62590002372024" lon="104.055415472962"><ele>492</ele><time>2025-04-10T13:17:00.000Z</time></trkpt>
<trkpt lat="30.62590002372024" lon="104.055415472962"><ele>492</ele><time>2025-04-10T13:17:01.000Z</time></trkpt>
<trkpt lat="30.62590002372024" lon="104.055415472962"><ele>493</ele><time>2025-04-10T13:17:02.000Z</time></trkpt>
<trkpt lat="30.62590002372024" lon="104.055415472962"><ele>492</ele><time>2025-04-10T13:17:03.000Z</time></trkpt>
<trkpt lat="30.62590002372024" lon="104.055415472962"><ele>492</ele><time>2025-04-10T13:17:04.000Z</time></trkpt>
<trkpt lat="30.62590002372024" lon="104.055415472962"><ele>492</ele><time>2025-04-10T13:17:05.000Z</time></trkpt>
<trkpt lat="30.62590002372024" lon="104.055415472962"><ele>492</ele><time>2025-04-10T13:17:06.000Z</time></trkpt>
<trkpt lat="30.62590002372024" lon="104.055415472962"><ele>492</ele><time>2025-04-10T13:17:07.000Z</time></trkpt>
<trkpt lat="30.62590002372024" lon="104.055415472962"><ele>492</ele><time>2025-04-10T13:17:08.000Z</time></trkpt>
<trkpt lat="30.62590002372024" lon="104.055415472962"><ele>492</ele><time>2025-04-10T13:17:09.000Z</time></trkpt>
<trkpt lat="30.62590002372024" lon="104.055415472962"><ele>492</ele><time>2025-04-10T13:17:10.000Z</time></trkpt>
<trkpt lat="30.62590002372024" lon="104.055415472962"><ele>492</ele><time>2025-04-10T13:17:11.000Z</time></trkpt>
<trkpt lat="30.62590002372024" lon="104.055415472962"><ele>493</ele><time>2025-04-10T13:17:12.000Z</time></trkpt>
<trkpt lat="30.62590002372024" lon="104.055415472962"><ele>493</ele><time>2025-04-10T13:17:13.000Z</time></trkpt>
<trkpt lat="30.62590002372024" lon="104.055415472962"><ele>493</ele><time>2025-04-10T13:17:14.000Z</time></trkpt>
<trkpt lat="30.62590002372024" lon="104.055415472962"><ele>492</ele><time>2025-04-10T13:17:15.000Z</time></trkpt>
<trkpt lat="30.62590002372024" lon="104.055415472962"><ele>493</ele><time>2025-04-10T13:17:16.000Z</time></trkpt>
<trkpt lat="30.62590002372024" lon="104.055415472962"><ele>492</ele><time>2025-04-10T13:17:17.000Z</time></trkpt>
<trkpt lat="30.62590002372024" lon="104.055415472962"><ele>492</ele><time>2025-04-10T13:17:18.000Z</time></trkpt>
<trkpt lat="30.62590002372024" lon="104.055415472962"><ele>492</ele><time>2025-04-10T13:17:19.000Z</time></trkpt>
<trkpt lat="30.62590002372024" lon="104.055415472962"><ele>492</ele><time>2025-04-10T13:17:20.000Z</time></trkpt>
<trkpt lat="30.62590002372024" lon="104.055415472962"><ele>492</ele><time>2025-04-10T13:17:21.000Z</time></trkpt>
<trkpt lat="30.62590002372024" lon="104.055415472962"><ele>492</ele><time>2025-04-10T13:17:22.000Z</time></trkpt>
<trkpt lat="30.62590002372024" lon="104.055415472962"><ele>492</ele><time>2025-04-10T13:17:23.000Z</time></trkpt>
<trkpt lat="30.62590002372024" lon="104.055415472962"><ele>493</ele><time>2025-04-10T13:17:24.000Z</time></trkpt>
<trkpt lat="30.62590002372024" lon="104.055415472962"><ele>493</ele><time>2025-04-10T13:17:25.000Z</time></trkpt>
<trkpt lat="30.62590002372024" lon="104.055415472962"><ele>491</ele><time>2025-04-10T13:17:26.000Z</time></trkpt>
<trkpt lat="30.62590002372024" lon="104.055415472962"><ele>490</ele><time>2025-04-10T13:17:27.000Z</time></trkpt>
<trkpt lat="30.62590002372024" lon="104.055415472962"><ele>490</ele><time>2025-04-10T13:17:28.000Z</time></trkpt>
<trkpt lat="30.62590002372024" lon="104.055415472962"><ele>490</ele><time>2025-04-10T13:17:29.000Z</time></trkpt>
<trkpt lat="30.62590002372024" lon="104.055415472962"><ele>490</ele><time>2025-04-10T13:17:30.000Z</time></trkpt>
<trkpt lat="30.62590002372024" lon="104.055415472962"><ele>490</ele><time>2025-04-10T13:17:31.000Z</time></trkpt>
<trkpt lat="30.62590002372024" lon="104.055415472962"><ele>489</ele><time>2025-04-10T13:17:32.000Z</time></trkpt>
<trkpt lat="30.62590002372024" lon="104.055415472962"><ele>489</ele><time>2025-04-10T13:17:33.000Z</time></trkpt>
<trkpt lat="30.62590002372024" lon="104.055415472962"><ele>489</ele><time>2025-04-10T13:17:34.000Z</time></trkpt>
<trkpt lat="30.62590002372024" lon="104.055415472962"><ele>488</ele><time>2025-04-10T13:17:35.000Z</time></trkpt>
<trkpt lat="30.62590002372024" lon="104.055415472962"><ele>488</ele><time>2025-04-10T13:17:36.000Z</time></trkpt>
<trkpt lat="30.62590002372024" lon="104.055415472962"><ele>488</ele><time>2025-04-10T13:17:37.000Z</time></trkpt>
<trkpt lat="30.62590002372024" lon="104.055415472962"><ele>488</ele><time>2025-04-10T13:17:38.000Z</time></trkpt>
<trkpt lat="30.62590002372024" lon="104.055415472962"><ele>488</ele><time>2025-04-10T13:17:39.000Z</time></trkpt>
<trkpt lat="30.62590002372024" lon="104.055415472962"><ele>488</ele><time>2025-04-10T13:17:40.000Z</time></trkpt>
<trkpt lat="30.62590002372024" lon="104.055415472962"><ele>487</ele><time>2025-04-10T13:17:41.000Z</time></trkpt>
<trkpt lat="30.62590002372024" lon="104.055415472962"><ele>486</ele><time>2025-04-10T13:17:42.000Z</time></trkpt>
<trkpt lat="30.62590002372024" lon="104.055415472962"><ele>486</ele><time>2025-04-10T13:17:43.000Z</time></trkpt>
<trkpt lat="30.62590002372024" lon="104.055415472962"><ele>486</ele><time>2025-04-10T13:17:44.000Z</time></trkpt>
<trkpt lat="30.62590002372024" lon="104.055415472962"><ele>487</ele><time>2025-04-10T13:17:45.000Z</time></trkpt>
<trkpt lat="30.62590002372024" lon="104.055415472962"><ele>486</ele><time>2025-04-10T13:17:46.000Z</time></trkpt>
<trkpt lat="30.62590002372024" lon="104.055415472962"><ele>486</ele><time>2025-04-10T13:17:47.000Z</time></trkpt>
<trkpt lat="30.62590002372024" lon="104.055415472962"><ele>486</ele><time>2025-04-10T13:17:48.000Z</time></trkpt>
<trkpt lat="30.62590002372024" lon="104.055415472962"><ele>486</ele><time>2025-04-10T13:17:49.000Z</time></trkpt>
<trkpt lat="30.62590002372024" lon="104.055415472962"><ele>486</ele><time>2025-04-10T13:17:50.000Z</time></trkpt>
<trkpt lat="30.62590002372024" lon="104.055415472962"><ele>486</ele><time>2025-04-10T13:17:51.000Z</time></trkpt>
<trkpt lat="30.62590002372024" lon="104.055415472962"><ele>486</ele><time>2025-04-10T13:17:52.000Z</time></trkpt>
<trkpt lat="30.62590002372024" lon="104.055415472962"><ele>486</ele><time>2025-04-10T13:17:53.000Z</time></trkpt>
<trkpt lat="30.62590002372024" lon="104.055415472962"><ele>485</ele><time>2025-04-10T13:17:54.000Z</time></trkpt>
<trkpt lat="30.62590002372024" lon="104.055415472962"><ele>485</ele><time>2025-04-10T13:17:55.000Z</time></trkpt>
<trkpt lat="30.62590002372024" lon="104.055415472962"><ele>485</ele><time>2025-04-10T13:17:56.000Z</time></trkpt>
<trkpt lat="30.62590002372024" lon="104.055415472962"><ele>485</ele><time>2025-04-10T13:17:57.000Z</time></trkpt>
<trkpt lat="30.62590002372024" lon="104.055415472962"><ele>484</ele><time>2025-04-10T13:17:58.000Z</time></trkpt>
<trkpt lat="30.62590002372024" lon="104.055415472962"><ele>484</ele><time>2025-04-10T13:17:59.000Z</time></trkpt>
<trkpt lat="30.62590002372024" lon="104.055415472962"><ele>484</ele><time>2025-04-10T13:18:00.000Z</time></trkpt>
<trkpt lat="30.62590002372024" lon="104.055415472962"><ele>484</ele><time>2025-04-10T13:18:01.000Z</time></trkpt>
<trkpt lat="30.62590002372024" lon="104.055415472962"><ele>484</ele><time>2025-04-10T13:18:02.000Z</time></trkpt>
<trkpt lat="30.62590002372024" lon="104.055415472962"><ele>483</ele><time>2025-04-10T13:18:03.000Z</time></trkpt>
<trkpt lat="30.62590002372024" lon="104.055415472962"><ele>483</ele><time>2025-04-10T13:18:04.000Z</time></trkpt>
<trkpt lat="30.62590002372024" lon="104.055415472962"><ele>483</ele><time>2025-04-10T13:18:05.000Z</time></trkpt>
<trkpt lat="30.62590002372024" lon="104.055415472962"><ele>484</ele><time>2025-04-10T13:18:06.000Z</time></trkpt>
<trkpt lat="30.62590002372024" lon="104.055415472962"><ele>483</ele><time>2025-04-10T13:18:07.000Z</time></trkpt>
<trkpt lat="30.62590002372024" lon="104.055415472962"><ele>483</ele><time>2025-04-10T13:18:08.000Z</time></trkpt>
<trkpt lat="30.62590002372024" lon="104.055415472962"><ele>484</ele><time>2025-04-10T13:18:09.000Z</time></trkpt>
<trkpt lat="30.62590002372024" lon="104.055415472962"><ele>484</ele><time>2025-04-10T13:18:10.000Z</time></trkpt>
<trkpt lat="30.62590002372024" lon="104.055415472962"><ele>485</ele><time>2025-04-10T13:18:11.000Z</time></trkpt>
<trkpt lat="30.62590002372024" lon="104.055415472962"><ele>484</ele><time>2025-04-10T13:18:12.000Z</time></trkpt>
<trkpt lat="30.62590002372024" lon="104.055415472962"><ele>484</ele><time>2025-04-10T13:18:13.000Z</time></trkpt>
<trkpt lat="30.62590002372024" lon="104.055415472962"><ele>485</ele><time>2025-04-10T13:18:14.000Z</time></trkpt>
<trkpt lat="30.62590002372024" lon="104.055415472962"><ele>486</ele><time>2025-04-10T13:18:15.000Z</time></trkpt>
<trkpt lat="30.62590002372024" lon="104.055415472962"><ele>484</ele><time>2025-04-10T13:18:16.000Z</time></trkpt>
<trkpt lat="30.62590002372024" lon="104.055415472962"><ele>485</ele><time>2025-04-10T13:18:17.000Z</time></trkpt>
<trkpt lat="30.62590002372024" lon="104.055415472962"><ele>483</ele><time>2025-04-10T13:18:18.000Z</time></trkpt>
<trkpt lat="30.62590002372024" lon="104.055415472962"><ele>483</ele><time>2025-04-10T13:18:19.000Z</time></trkpt>
<trkpt lat="30.62590002372024" lon="104.055415472962"><ele>484</ele><time>2025-04-10T13:18:20.000Z</time></trkpt>
<trkpt lat="30.62590002372024" lon="104.055415472962"><ele>483</ele><time>2025-04-10T13:18:21.000Z</time></trkpt>
<trkpt lat="30.62590002372024" lon="104.055415472962"><ele>483</ele><time>2025-04-10T13:18:22.000Z</time></trkpt>
<trkpt lat="30.62590002372024" lon="104.055415472962"><ele>483</ele><time>2025-04-10T13:18:23.000Z</time></trkpt>
<trkpt lat="30.62590002372024" lon="104.055415472962"><ele>484</ele><time>2025-04-10T13:18:24.000Z</time></trkpt>
<trkpt lat="30.62590002372024" lon="104.055415472962"><ele>485</ele><time>2025-04-10T13:18:25.000Z</time></trkpt>
<trkpt lat="30.62590002372024" lon="104.055415472962"><ele>484</ele><time>2025-04-10T13:18:26.000Z</time></trkpt>
<trkpt lat="30.62590002372024" lon="104.055415472962"><ele>485</ele><time>2025-04-10T13:18:27.000Z</time></trkpt>
<trkpt lat="30.62590002372024" lon="104.055415472962"><ele>484</ele><time>2025-04-10T13:18:28.000Z</time></trkpt>
<trkpt lat="30.62590002372024" lon="104.055415472962"><ele>484</ele><time>2025-04-10T13:18:29.000Z</time></trkpt>
<trkpt lat="30.62590002372024" lon="104.055415472962"><ele>485</ele><time>2025-04-10T13:18:30.000Z</time></trkpt>
<trkpt lat="30.62590002372024" lon="104.055415472962"><ele>485</ele><time>2025-04-10T13:18:31.000Z</time></trkpt>
<trkpt lat="30.62590002372024" lon="104.055415472962"><ele>486</ele><time>2025-04-10T13:18:32.000Z</time></trkpt>
<trkpt lat="30.62590002372024" lon="104.055415472962"><ele>485</ele><time>2025-04-10T13:18:33.000Z</time></trkpt>
<trkpt lat="30.62590002372024" lon="104.055415472962"><ele>486</ele><time>2025-04-10T13:18:34.000Z</time></trkpt>
<trkpt lat="30.62590002372024" lon="104.055415472962"><ele>486</ele><time>2025-04-10T13:18:35.000Z</time></trkpt>
<trkpt lat="30.62590002372024" lon="104.055415472962"><ele>486</ele><time>2025-04-10T13:18:36.000Z</time></trkpt>
<trkpt lat="30.62590002372024" lon="104.055415472962"><ele>487</ele><time>2025-04-10T13:18:37.000Z</time></trkpt>
<trkpt lat="30.62590002372024" lon="104.055415472962"><ele>487</ele><time>2025-04-10T13:18:38.000Z</time></trkpt>
<trkpt lat="30.62590002372024" lon="104.055415472962"><ele>487</ele><time>2025-04-10T13:18:39.000Z</time></trkpt>
<trkpt lat="30.62590002372024" lon="104.055415472962"><ele>486</ele><time>2025-04-10T13:18:40.000Z</time></trkpt>
<trkpt lat="30.62590002372024" lon="104.055415472962"><ele>486</ele><time>2025-04-10T13:18:41.000Z</time></trkpt>
<trkpt lat="30.62590002372024" lon="104.055415472962"><ele>486</ele><time>2025-04-10T13:18:42.000Z</time></trkpt>
<trkpt lat="30.62590002372024" lon="104.055415472962"><ele>486</ele><time>2025-04-10T13:18:43.000Z</time></trkpt>
<trkpt lat="30.62590002372024" lon="104.055415472962"><ele>487</ele><time>2025-04-10T13:18:44.000Z</time></trkpt>
<trkpt lat="30.62590002372024" lon="104.055415472962"><ele>487</ele><time>2025-04-10T13:18:45.000Z</time></trkpt>
<trkpt lat="30.62590002372024" lon="104.055415472962"><ele>487</ele><time>2025-04-10T13:18:46.000Z</time></trkpt>
<trkpt lat="30.62590002372024" lon="104.055415472962"><ele>487</ele><time>2025-04-10T13:18:47.000Z</time></trkpt>
<trkpt lat="30.62590002372024" lon="104.055415472962"><ele>488</ele><time>2025-04-10T13:18:48.000Z</time></trkpt>
<trkpt lat="30.62590002372024" lon="104.055415472962"><ele>488</ele><time>2025-04-10T13:18:49.000Z</time></trkpt>
<trkpt lat="30.62590002372024" lon="104.055415472962"><ele>488</ele><time>2025-04-10T13:18:50.000Z</time></trkpt>
<trkpt lat="30.62590002372024" lon="104.055415472962"><ele>488</ele><time>2025-04-10T13:18:51.000Z</time></trkpt>
<trkpt lat="30.62590002372024" lon="104.055415472962"><ele>488</ele><time>2025-04-10T13:18:52.000Z</time></trkpt>
<trkpt lat="30.62590002372024" lon="104.055415472962"><ele>489</ele><time>2025-04-10T13:18:53.000Z</time></trkpt>
<trkpt lat="30.62590002372024" lon="104.055415472962"><ele>489</ele><time>2025-04-10T13:18:54.000Z</time></trkpt>
<trkpt lat="30.62590002372024" lon="104.055415472962"><ele>489</ele><time>2025-04-10T13:18:55.000Z</time></trkpt>
<trkpt lat="30.62590002372024" lon="104.055415472962"><ele>489</ele><time>2025-04-10T13:18:56.000Z</time></trkpt>
<trkpt lat="30.62590002372024" lon="104.055415472962"><ele>489</ele><time>2025-04-10T13:18:57.000Z</time></trkpt>
<trkpt lat="30.62590002372024" lon="104.055415472962"><ele>490</ele><time>2025-04-10T13:18:58.000Z</time></trkpt>
<trkpt lat="30.62590002372024" lon="104.055415472962"><ele>490</ele><time>2025-04-10T13:18:59.000Z</time></trkpt>
<trkpt lat="30.62590002372024" lon="104.055415472962"><ele>489</ele><time>2025-04-10T13:19:00.000Z</time></trkpt>
<trkpt lat="30.62590002372024" lon="104.055415472962"><ele>491</ele><time>2025-04-10T13:19:01.000Z</time></trkpt>
<trkpt lat="30.62590002372024" lon="104.055415472962"><ele>492</ele><time>2025-04-10T13:19:02.000Z</time></trkpt>
<trkpt lat="30.62590002372024" lon="104.055415472962"><ele>491</ele><time>2025-04-10T13:19:03.000Z</time></trkpt>
<trkpt lat="30.62590002372024" lon="104.055415472962"><ele>490</ele><time>2025-04-10T13:19:04.000Z</time></trkpt>
<trkpt lat="30.62590002372024" lon="104.055415472962"><ele>490</ele><time>2025-04-10T13:19:05.000Z</time></trkpt>
<trkpt lat="30.62590002372024" lon="104.055415472962"><ele>490</ele><time>2025-04-10T13:19:06.000Z</time></trkpt>
<trkpt lat="30.62590002372024" lon="104.055415472962"><ele>490</ele><time>2025-04-10T13:19:07.000Z</time></trkpt>
<trkpt lat="30.62590002372024" lon="104.055415472962"><ele>489</ele><time>2025-04-10T13:19:08.000Z</time></trkpt>
<trkpt lat="30.62590002372024" lon="104.055415472962"><ele>491</ele><time>2025-04-10T13:19:09.000Z</time></trkpt>
<trkpt lat="30.62590002372024" lon="104.055415472962"><ele>491</ele><time>2025-04-10T13:19:10.000Z</time></trkpt>
<trkpt lat="30.62590002372024" lon="104.055415472962"><ele>491</ele><time>2025-04-10T13:19:11.000Z</time></trkpt>
<trkpt lat="30.62590002372024" lon="104.055415472962"><ele>492</ele><time>2025-04-10T13:19:12.000Z</time></trkpt>
<trkpt lat="30.62590002372024" lon="104.055415472962"><ele>492</ele><time>2025-04-10T13:19:13.000Z</time></trkpt>
<trkpt lat="30.62590002372024" lon="104.055415472962"><ele>492</ele><time>2025-04-10T13:19:14.000Z</time></trkpt>
<trkpt lat="30.62590002372024" lon="104.055415472962"><ele>492</ele><time>2025-04-10T13:19:15.000Z</time></trkpt>
<trkpt lat="30.62590002372024" lon="104.055415472962"><ele>492</ele><time>2025-04-10T13:19:16.000Z</time></trkpt>
<trkpt lat="30.62590002372024" lon="104.055415472962"><ele>492</ele><time>2025-04-10T13:19:17.000Z</time></trkpt>
<trkpt lat="30.62590002372024" lon="104.055415472962"><ele>492</ele><time>2025-04-10T13:19:18.000Z</time></trkpt>
<trkpt lat="30.62590002372024" lon="104.055415472962"><ele>492</ele><time>2025-04-10T13:19:19.000Z</time></trkpt>
<trkpt lat="30.62590002372024" lon="104.055415472962"><ele>492</ele><time>2025-04-10T13:19:20.000Z</time></trkpt>
<trkpt lat="30.62590002372024" lon="104.055415472962"><ele>492</ele><time>2025-04-10T13:19:21.000Z</time></trkpt>
<trkpt lat="30.62590002372024" lon="104.055415472962"><ele>492</ele><time>2025-04-10T13:19:22.000Z</time></trkpt>
<trkpt lat="30.62590002372024" lon="104.055415472962"><ele>492</ele><time>2025-04-10T13:19:23.000Z</time></trkpt>
<trkpt lat="30.62590002372024" lon="104.055415472962"><ele>492</ele><time>2025-04-10T13:19:24.000Z</time></trkpt>
<trkpt lat="30.62590002372024" lon="104.055415472962"><ele>492</ele><time>2025-04-10T13:19:25.000Z</time></trkpt>
<trkpt lat="30.62590002372024" lon="104.055415472962"><ele>492</ele><time>2025-04-10T13:19:26.000Z</time></trkpt>
<trkpt lat="30.62590002372024" lon="104.055415472962"><ele>490</ele><time>2025-04-10T13:19:27.000Z</time></trkpt>
<trkpt lat="30.62590002372024" lon="104.055415472962"><ele>490</ele><time>2025-04-10T13:19:28.000Z</time></trkpt>
<trkpt lat="30.62590002372024" lon="104.055415472962"><ele>490</ele><time>2025-04-10T13:19:29.000Z</time></trkpt>
<trkpt lat="30.62590002372024" lon="104.055415472962"><ele>490</ele><time>2025-04-10T13:19:30.000Z</time></trkpt>
<trkpt lat="30.62590002372024" lon="104.055415472962"><ele>490</ele><time>2025-04-10T13:19:31.000Z</time></trkpt>
<trkpt lat="30.62590002372024" lon="104.055415472962"><ele>490</ele><time>2025-04-10T13:19:32.000Z</time></trkpt>
<trkpt lat="30.62590002372024" lon="104.055415472962"><ele>489</ele><time>2025-04-10T13:19:33.000Z</time></trkpt>
<trkpt lat="30.62590002372024" lon="104.055415472962"><ele>489</ele><time>2025-04-10T13:19:34.000Z</time></trkpt>
<trkpt lat="30.62590002372024" lon="104.055415472962"><ele>489</ele><time>2025-04-10T13:19:35.000Z</time></trkpt>
<trkpt lat="30.62590002372024" lon="104.055415472962"><ele>489</ele><time>2025-04-10T13:19:36.000Z</time></trkpt>
<trkpt lat="30.62590002372024" lon="104.055415472962"><ele>489</ele><time>2025-04-10T13:19:37.000Z</time></trkpt>
<trkpt lat="30.62590002372024" lon="104.055415472962"><ele>489</ele><time>2025-04-10T13:19:38.000Z</time></trkpt>
<trkpt lat="30.62590002372024" lon="104.055415472962"><ele>489</ele><time>2025-04-10T13:19:39.000Z</time></trkpt>
<trkpt lat="30.62590002372024" lon="104.055415472962"><ele>489</ele><time>2025-04-10T13:19:40.000Z</time></trkpt>
<trkpt lat="30.62590002372024" lon="104.055415472962"><ele>489</ele><time>2025-04-10T13:19:41.000Z</time></trkpt>
<trkpt lat="30.62590002372024" lon="104.055415472962"><ele>489</ele><time>2025-04-10T13:19:42.000Z</time></trkpt>
<trkpt lat="30.62590002372024" lon="104.055415472962"><ele>489</ele><time>2025-04-10T13:19:43.000Z</time></trkpt>
<trkpt lat="30.62590002372024" lon="104.055415472962"><ele>489</ele><time>2025-04-10T13:19:44.000Z</time></trkpt>
<trkpt lat="30.62590002372024" lon="104.055415472962"><ele>489</ele><time>2025-04-10T13:19:45.000Z</time></trkpt>
<trkpt lat="30.62590002372024" lon="104.055415472962"><ele>489</ele><time>2025-04-10T13:19:46.000Z</time></trkpt>
<trkpt lat="30.62590002372024" lon="104.055415472962"><ele>489</ele><time>2025-04-10T13:19:47.000Z</time></trkpt>
<trkpt lat="30.62590002372024" lon="104.055415472962"><ele>489</ele><time>2025-04-10T13:19:48.000Z</time></trkpt>
<trkpt lat="30.62590002372024" lon="104.055415472962"><ele>489</ele><time>2025-04-10T13:19:49.000Z</time></trkpt>
<trkpt lat="30.62590002372024" lon="104.055415472962"><ele>488</ele><time>2025-04-10T13:19:50.000Z</time></trkpt>
<trkpt lat="30.62590002372024" lon="104.055415472962"><ele>488</ele><time>2025-04-10T13:19:51.000Z</time></trkpt>
<trkpt lat="30.62590002372024" lon="104.055415472962"><ele>488</ele><time>2025-04-10T13:19:52.000Z</time></trkpt>
<trkpt lat="30.62590002372024" lon="104.055415472962"><ele>488</ele><time>2025-04-10T13:19:53.000Z</time></trkpt>
<trkpt lat="30.62590002372024" lon="104.055415472962"><ele>488</ele><time>2025-04-10T13:19:54.000Z</time></trkpt>
<trkpt lat="30.62590002372024" lon="104.055415472962"><ele>488</ele><time>2025-04-10T13:19:55.000Z</time></trkpt>
<trkpt lat="30.62590002372024" lon="104.055415472962"><ele>487</ele><time>2025-04-10T13:19:56.000Z</time></trkpt>
<trkpt lat="30.62590002372024" lon="104.055415472962"><ele>487</ele><time>2025-04-10T13:19:57.000Z</time></trkpt>
<trkpt lat="30.62590002372024" lon="104.055415472962"><ele>487</ele><time>2025-04-10T13:19:58.000Z</time></trkpt>
<trkpt lat="30.62590002372024" lon="104.055415472962"><ele>487</ele><time>2025-04-10T13:19:59.000Z</time></trkpt>
<trkpt lat="30.62590002372024" lon="104.055415472962"><ele>487</ele><time>2025-04-10T13:20:00.000Z</time></trkpt>
<trkpt lat="30.62590002372024" lon="104.055415472962"><ele>487</ele><time>2025-04-10T13:20:01.000Z</time></trkpt>
<trkpt lat="30.62590002372024" lon="104.055415472962"><ele>487</ele><time>2025-04-10T13:20:02.000Z</time></trkpt>
<trkpt lat="30.62590002372024" lon="104.055415472962"><ele>487</ele><time>2025-04-10T13:20:03.000Z</time></trkpt>
<trkpt lat="30.62590002372024" lon="104.055415472962"><ele>487</ele><time>2025-04-10T13:20:04.000Z</time></trkpt>
<trkpt lat="30.62590002372024" lon="104.055415472962"><ele>487</ele><time>2025-04-10T13:20:05.000Z</time></trkpt>
<trkpt lat="30.62590002372024" lon="104.055415472962"><ele>487</ele><time>2025-04-10T13:20:06.000Z</time></trkpt>
<trkpt lat="30.62590002372024" lon="104.055415472962"><ele>487</ele><time>2025-04-10T13:20:07.000Z</time></trkpt>
<trkpt lat="30.62590002372024" lon="104.055415472962"><ele>487</ele><time>2025-04-10T13:20:08.000Z</time></trkpt>
<trkpt lat="30.62590002372024" lon="104.055415472962"><ele>487</ele><time>2025-04-10T13:20:09.000Z</time></trkpt>
<trkpt lat="30.62590002372024" lon="104.055415472962"><ele>487</ele><time>2025-04-10T13:20:10.000Z</time></trkpt>
<trkpt lat="30.62590002372024" lon="104.055415472962"><ele>487</ele><time>2025-04-10T13:20:11.000Z</time></trkpt>
<trkpt lat="30.62590002372024" lon="104.055415472962"><ele>487</ele><time>2025-04-10T13:20:12.000Z</time></trkpt>
<trkpt lat="30.62590002372024" lon="104.055415472962"><ele>487</ele><time>2025-04-10T13:20:13.000Z</time></trkpt>
<trkpt lat="30.62590002372024" lon="104.055415472962"><ele>487</ele><time>2025-04-10T13:20:14.000Z</time></trkpt>
<trkpt lat="30.62590002372024" lon="104.055415472962"><ele>487</ele><time>2025-04-10T13:20:15.000Z</time></trkpt>
<trkpt lat="30.62590002372024" lon="104.055415472962"><ele>487</ele><time>2025-04-10T13:20:16.000Z</time></trkpt>
<trkpt lat="30.62590002372024" lon="104.055415472962"><ele>487</ele><time>2025-04-10T13:20:17.000Z</time></trkpt>
<trkpt lat="30.62590002372024" lon="104.055415472962"><ele>487</ele><time>2025-04-10T13:20:18.000Z</time></trkpt>
<trkpt lat="30.62590002372024" lon="104.055415472962"><ele>487</ele><time>2025-04-10T13:20:19.000Z</time></trkpt>
<trkpt lat="30.62590002372024" lon="104.055415472962"><ele>486</ele><time>2025-04-10T13:20:20.000Z</time></trkpt>
<trkpt lat="30.62590002372024" lon="104.055415472962"><ele>486</ele><time>2025-04-10T13:20:21.000Z</time></trkpt>
<trkpt lat="30.62590002372024" lon="104.055415472962"><ele>486</ele><time>2025-04-10T13:20:22.000Z</time></trkpt>
<trkpt lat="30.62590002372024" lon="104.055415472962"><ele>485</ele><time>2025-04-10T13:20:23.000Z</time></trkpt>
<trkpt lat="30.62590002372024" lon="104.055415472962"><ele>486</ele><time>2025-04-10T13:20:24.000Z</time></trkpt>
<trkpt lat="30.62590002372024" lon="104.055415472962"><ele>485</ele><time>2025-04-10T13:20:25.000Z</time></trkpt>
<trkpt lat="30.62590002372024" lon="104.055415472962"><ele>485</ele><time>2025-04-10T13:20:26.000Z</time></trkpt>
<trkpt lat="30.62590002372024" lon="104.055415472962"><ele>485</ele><time>2025-04-10T13:20:27.000Z</time></trkpt>
<trkpt lat="30.62590002372024" lon="104.055415472962"><ele>485</ele><time>2025-04-10T13:20:28.000Z</time></trkpt>
<trkpt lat="30.62590002372024" lon="104.055415472962"><ele>484</ele><time>2025-04-10T13:20:29.000Z</time></trkpt>
<trkpt lat="30.62590002372024" lon="104.055415472962"><ele>484</ele><time>2025-04-10T13:20:30.000Z</time></trkpt>
<trkpt lat="30.62590002372024" lon="104.055415472962"><ele>485</ele><time>2025-04-10T13:20:31.000Z</time></trkpt>
<trkpt lat="30.62590002372024" lon="104.055415472962"><ele>485</ele><time>2025-04-10T13:20:32.000Z</time></trkpt>
<trkpt lat="30.62590002372024" lon="104.055415472962"><ele>485</ele><time>2025-04-10T13:20:33.000Z</time></trkpt>
<trkpt lat="30.62590002372024" lon="104.055415472962"><ele>486</ele><time>2025-04-10T13:20:34.000Z</time></trkpt>
<trkpt lat="30.62590002372024" lon="104.055415472962"><ele>486</ele><time>2025-04-10T13:20:35.000Z</time></trkpt>
<trkpt lat="30.62590002372024" lon="104.055415472962"><ele>486</ele><time>2025-04-10T13:20:36.000Z</time></trkpt>
<trkpt lat="30.62590002372024" lon="104.055415472962"><ele>487</ele><time>2025-04-10T13:20:37.000Z</time></trkpt>
<trkpt lat="30.62590002372024" lon="104.055415472962"><ele>487</ele><time>2025-04-10T13:20:38.000Z</time></trkpt>
<trkpt lat="30.62590002372024" lon="104.055415472962"><ele>486</ele><time>2025-04-10T13:20:39.000Z</time></trkpt>
<trkpt lat="30.62590002372024" lon="104.055415472962"><ele>486</ele><time>2025-04-10T13:20:40.000Z</time></trkpt>
<trkpt lat="30.62590002372024" lon="104.055415472962"><ele>486</ele><time>2025-04-10T13:20:41.000Z</time></trkpt>
<trkpt lat="30.62590002372024" lon="104.055415472962"><ele>486</ele><time>2025-04-10T13:20:42.000Z</time></trkpt>
<trkpt lat="30.62590002372024" lon="104.055415472962"><ele>485</ele><time>2025-04-10T13:20:43.000Z</time></trkpt>
<trkpt lat="30.62590002372024" lon="104.055415472962"><ele>485</ele><time>2025-04-10T13:20:44.000Z</time></trkpt>
<trkpt lat="30.62590002372024" lon="104.055415472962"><ele>485</ele><time>2025-04-10T13:20:45.000Z</time></trkpt>
<trkpt lat="30.62590002372024" lon="104.055415472962"><ele>486</ele><time>2025-04-10T13:20:46.000Z</time></trkpt>
<trkpt lat="30.62590002372024" lon="104.055415472962"><ele>485</ele><time>2025-04-10T13:20:47.000Z</time></trkpt>
<trkpt lat="30.62590002372024" lon="104.055415472962"><ele>486</ele><time>2025-04-10T13:20:48.000Z</time></trkpt>
<trkpt lat="30.62590002372024" lon="104.055415472962"><ele>486</ele><time>2025-04-10T13:20:49.000Z</time></trkpt>
<trkpt lat="30.62590002372024" lon="104.055415472962"><ele>486</ele><time>2025-04-10T13:20:50.000Z</time></trkpt>
<trkpt lat="30.62590002372024" lon="104.055415472962"><ele>486</ele><time>2025-04-10T13:20:51.000Z</time></trkpt>
<trkpt lat="30.62590002372024" lon="104.055415472962"><ele>487</ele><time>2025-04-10T13:20:52.000Z</time></trkpt>
<trkpt lat="30.62590002372024" lon="104.055415472962"><ele>487</ele><time>2025-04-10T13:20:53.000Z</time></trkpt>
<trkpt lat="30.62590002372024" lon="104.055415472962"><ele>488</ele><time>2025-04-10T13:20:54.000Z</time></trkpt>
<trkpt lat="30.62590002372024" lon="104.055415472962"><ele>488</ele><time>2025-04-10T13:20:55.000Z</time></trkpt>
<trkpt lat="30.62590002372024" lon="104.055415472962"><ele>489</ele><time>2025-04-10T13:20:56.000Z</time></trkpt>
<trkpt lat="30.62590002372024" lon="104.055415472962"><ele>489</ele><time>2025-04-10T13:20:57.000Z</time></trkpt>
<trkpt lat="30.62590002372024" lon="104.055415472962"><ele>490</ele><time>2025-04-10T13:20:58.000Z</time></trkpt>
<trkpt lat="30.62590002372024" lon="104.055415472962"><ele>490</ele><time>2025-04-10T13:20:59.000Z</time></trkpt>
<trkpt lat="30.62590002372024" lon="104.055415472962"><ele>490</ele><time>2025-04-10T13:21:00.000Z</time></trkpt>
<trkpt lat="30.62590002372024" lon="104.055415472962"><ele>490</ele><time>2025-04-10T13:21:01.000Z</time></trkpt>
<trkpt lat="30.62590002372024" lon="104.055415472962"><ele>490</ele><time>2025-04-10T13:21:02.000Z</time></trkpt>
<trkpt lat="30.62590002372024" lon="104.055415472962"><ele>490</ele><time>2025-04-10T13:21:03.000Z</time></trkpt>
<trkpt lat="30.62590002372024" lon="104.055415472962"><ele>491</ele><time>2025-04-10T13:21:04.000Z</time></trkpt>
<trkpt lat="30.62590002372024" lon="104.055415472962"><ele>490</ele><time>2025-04-10T13:21:05.000Z</time></trkpt>
<trkpt lat="30.62590002372024" lon="104.055415472962"><ele>491</ele><time>2025-04-10T13:21:06.000Z</time></trkpt>
<trkpt lat="30.62590002372024" lon="104.055415472962"><ele>491</ele><time>2025-04-10T13:21:07.000Z</time></trkpt>
<trkpt lat="30.62590002372024" lon="104.055415472962"><ele>491</ele><time>2025-04-10T13:21:08.000Z</time></trkpt>
<trkpt lat="30.62590002372024" lon="104.055415472962"><ele>491</ele><time>2025-04-10T13:21:09.000Z</time></trkpt>
<trkpt lat="30.62590002372024" lon="104.055415472962"><ele>491</ele><time>2025-04-10T13:21:10.000Z</time></trkpt>
<trkpt lat="30.62590002372024" lon="104.055415472962"><ele>491</ele><time>2025-04-10T13:21:11.000Z</time></trkpt>
<trkpt lat="30.62590002372024" lon="104.055415472962"><ele>492</ele><time>2025-04-10T13:21:12.000Z</time></trkpt>
<trkpt lat="30.62590002372024" lon="104.055415472962"><ele>492</ele><time>2025-04-10T13:21:13.000Z</time></trkpt>
<trkpt lat="30.62590002372024" lon="104.055415472962"><ele>492</ele><time>2025-04-10T13:21:14.000Z</time></trkpt>
<trkpt lat="30.62590002372024" lon="104.055415472962"><ele>492</ele><time>2025-04-10T13:21:15.000Z</time></trkpt>
<trkpt lat="30.62590002372024" lon="104.055415472962"><ele>493</ele><time>2025-04-10T13:21:16.000Z</time></trkpt>
<trkpt lat="30.62590002372024" lon="104.055415472962"><ele>493</ele><time>2025-04-10T13:21:17.000Z</time></trkpt>
<trkpt lat="30.62590002372024" lon="104.055415472962"><ele>493</ele><time>2025-04-10T13:21:18.000Z</time></trkpt>
<trkpt lat="30.62590002372024" lon="104.055415472962"><ele>493</ele><time>2025-04-10T13:21:19.000Z</time></trkpt>
<trkpt lat="30.62590002372024" lon="104.055415472962"><ele>493</ele><time>2025-04-10T13:21:20.000Z</time></trkpt>
<trkpt lat="30.62590002372024" lon="104.055415472962"><ele>493</ele><time>2025-04-10T13:21:21.000Z</time></trkpt>
<trkpt lat="30.62590002372024" lon="104.055415472962"><ele>493</ele><time>2025-04-10T13:21:22.000Z</time></trkpt>
<trkpt lat="30.62590002372024" lon="104.055415472962"><ele>493</ele><time>2025-04-10T13:21:23.000Z</time></trkpt>
<trkpt lat="30.62590002372024" lon="104.055415472962"><ele>493</ele><time>2025-04-10T13:21:24.000Z</time></trkpt>
<trkpt lat="30.62590002372024" lon="104.055415472962"><ele>493</ele><time>2025-04-10T13:21:25.000Z</time></trkpt>
<trkpt lat="30.62590002372024" lon="104.055415472962"><ele>493</ele><time>2025-04-10T13:21:26.000Z</time></trkpt>
<trkpt lat="30.62590002372024" lon="104.055415472962"><ele>493</ele><time>2025-04-10T13:21:27.000Z</time></trkpt>
<trkpt lat="30.62590002372024" lon="104.055415472962"><ele>493</ele><time>2025-04-10T13:21:28.000Z</time></trkpt>
<trkpt lat="30.62590002372024" lon="104.055415472962"><ele>493</ele><time>2025-04-10T13:21:29.000Z</time></trkpt>
<trkpt lat="30.62590002372024" lon="104.055415472962"><ele>493</ele><time>2025-04-10T13:21:30.000Z</time></trkpt>
<trkpt lat="30.62590002372024" lon="104.055415472962"><ele>493</ele><time>2025-04-10T13:21:31.000Z</time></trkpt>
<trkpt lat="30.62590002372024" lon="104.055415472962"><ele>493</ele><time>2025-04-10T13:21:32.000Z</time></trkpt>
<trkpt lat="30.62590002372024" lon="104.055415472962"><ele>493</ele><time>2025-04-10T13:21:33.000Z</time></trkpt>
<trkpt lat="30.62590002372024" lon="104.055415472962"><ele>493</ele><time>2025-04-10T13:21:34.000Z</time></trkpt>
<trkpt lat="30.62590002372024" lon="104.055415472962"><ele>492</ele><time>2025-04-10T13:21:35.000Z</time></trkpt>
<trkpt lat="30.62590002372024" lon="104.055415472962"><ele>492</ele><time>2025-04-10T13:21:36.000Z</time></trkpt>
<trkpt lat="30.62590002372024" lon="104.055415472962"><ele>492</ele><time>2025-04-10T13:21:37.000Z</time></trkpt>
<trkpt lat="30.62590002372024" lon="104.055415472962"><ele>492</ele><time>2025-04-10T13:21:38.000Z</time></trkpt>
<trkpt lat="30.62590002372024" lon="104.055415472962"><ele>492</ele><time>2025-04-10T13:21:39.000Z</time></trkpt>
<trkpt lat="30.62590002372024" lon="104.055415472962"><ele>492</ele><time>2025-04-10T13:21:40.000Z</time></trkpt>
<trkpt lat="30.62590002372024" lon="104.055415472962"><ele>492</ele><time>2025-04-10T13:21:41.000Z</time></trkpt>
<trkpt lat="30.62590002372024" lon="104.055415472962"><ele>492</ele><time>2025-04-10T13:21:42.000Z</time></trkpt>
<trkpt lat="30.62590002372024" lon="104.055415472962"><ele>492</ele><time>2025-04-10T13:21:43.000Z</time></trkpt>
<trkpt lat="30.62590002372024" lon="104.055415472962"><ele>492</ele><time>2025-04-10T13:21:44.000Z</time></trkpt>
<trkpt lat="30.62590002372024" lon="104.055415472962"><ele>491</ele><time>2025-04-10T13:21:45.000Z</time></trkpt>
<trkpt lat="30.62590002372024" lon="104.055415472962"><ele>490</ele><time>2025-04-10T13:21:46.000Z</time></trkpt>
<trkpt lat="30.62590002372024" lon="104.055415472962"><ele>489</ele><time>2025-04-10T13:21:47.000Z</time></trkpt>
<trkpt lat="30.62590002372024" lon="104.055415472962"><ele>489</ele><time>2025-04-10T13:21:48.000Z</time></trkpt>
<trkpt lat="30.62590002372024" lon="104.055415472962"><ele>489</ele><time>2025-04-10T13:21:49.000Z</time></trkpt>
<trkpt lat="30.62590002372024" lon="104.055415472962"><ele>489</ele><time>2025-04-10T13:21:50.000Z</time></trkpt>
<trkpt lat="30.62590002372024" lon="104.055415472962"><ele>489</ele><time>2025-04-10T13:21:51.000Z</time></trkpt>
<trkpt lat="30.62590002372024" lon="104.055415472962"><ele>489</ele><time>2025-04-10T13:21:52.000Z</time></trkpt>
<trkpt lat="30.62590002372024" lon="104.055415472962"><ele>489</ele><time>2025-04-10T13:21:53.000Z</time></trkpt>
<trkpt lat="30.62590002372024" lon="104.055415472962"><ele>490</ele><time>2025-04-10T13:21:54.000Z</time></trkpt>
<trkpt lat="30.62590002372024" lon="104.055415472962"><ele>490</ele><time>2025-04-10T13:21:55.000Z</time></trkpt>
<trkpt lat="30.62590002372024" lon="104.055415472962"><ele>490</ele><time>2025-04-10T13:21:56.000Z</time></trkpt>
<trkpt lat="30.62590002372024" lon="104.055415472962"><ele>490</ele><time>2025-04-10T13:21:57.000Z</time></trkpt>
<trkpt lat="30.62590002372024" lon="104.055415472962"><ele>491</ele><time>2025-04-10T13:21:58.000Z</time></trkpt>
<trkpt lat="30.62590002372024" lon="104.055415472962"><ele>491</ele><time>2025-04-10T13:21:59.000Z</time></trkpt>
<trkpt lat="30.62590002372024" lon="104.055415472962"><ele>491</ele><time>2025-04-10T13:22:00.000Z</time></trkpt>
<trkpt lat="30.62590002372024" lon="104.055415472962"><ele>491</ele><time>2025-04-10T13:22:01.000Z</time></trkpt>
<trkpt lat="30.62590002372024" lon="104.055415472962"><ele>492</ele><time>2025-04-10T13:22:02.000Z</time></trkpt>
<trkpt lat="30.62590002372024" lon="104.055415472962"><ele>492</ele><time>2025-04-10T13:22:03.000Z</time></trkpt>
<trkpt lat="30.62590002372024" lon="104.055415472962"><ele>494</ele><time>2025-04-10T13:22:04.000Z</time></trkpt>
<trkpt lat="30.62590002372024" lon="104.055415472962"><ele>494</ele><time>2025-04-10T13:22:05.000Z</time></trkpt>
<trkpt lat="30.62590002372024" lon="104.055415472962"><ele>494</ele><time>2025-04-10T13:22:06.000Z</time></trkpt>
<trkpt lat="30.62590002372024" lon="104.055415472962"><ele>494</ele><time>2025-04-10T13:22:07.000Z</time></trkpt>
<trkpt lat="30.62590002372024" lon="104.055415472962"><ele>494</ele><time>2025-04-10T13:22:08.000Z</time></trkpt>
<trkpt lat="30.62590002372024" lon="104.055415472962"><ele>495</ele><time>2025-04-10T13:22:09.000Z</time></trkpt>
<trkpt lat="30.62590002372024" lon="104.055415472962"><ele>494</ele><time>2025-04-10T13:22:10.000Z</time></trkpt>
<trkpt lat="30.62590002372024" lon="104.055415472962"><ele>495</ele><time>2025-04-10T13:22:11.000Z</time></trkpt>
<trkpt lat="30.62590002372024" lon="104.055415472962"><ele>495</ele><time>2025-04-10T13:22:12.000Z</time></trkpt>
<trkpt lat="30.62590002372024" lon="104.055415472962"><ele>494</ele><time>2025-04-10T13:22:13.000Z</time></trkpt>
<trkpt lat="30.62590002372024" lon="104.055415472962"><ele>494</ele><time>2025-04-10T13:22:14.000Z</time></trkpt>
<trkpt lat="30.62590002372024" lon="104.055415472962"><ele>493</ele><time>2025-04-10T13:22:15.000Z</time></trkpt>
<trkpt lat="30.62590002372024" lon="104.055415472962"><ele>493</ele><time>2025-04-10T13:22:16.000Z</time></trkpt>
<trkpt lat="30.62590002372024" lon="104.055415472962"><ele>493</ele><time>2025-04-10T13:22:17.000Z</time></trkpt>
<trkpt lat="30.62590002372024" lon="104.055415472962"><ele>493</ele><time>2025-04-10T13:22:18.000Z</time></trkpt>
<trkpt lat="30.62590002372024" lon="104.055415472962"><ele>493</ele><time>2025-04-10T13:22:19.000Z</time></trkpt>
<trkpt lat="30.62590002372024" lon="104.055415472962"><ele>493</ele><time>2025-04-10T13:22:20.000Z</time></trkpt>
<trkpt lat="30.62590002372024" lon="104.055415472962"><ele>493</ele><time>2025-04-10T13:22:21.000Z</time></trkpt>
<trkpt lat="30.62590002372024" lon="104.055415472962"><ele>493</ele><time>2025-04-10T13:22:22.000Z</time></trkpt>
<trkpt lat="30.62590002372024" lon="104.055415472962"><ele>493</ele><time>2025-04-10T13:22:23.000Z</time></trkpt>
<trkpt lat="30.62590002372024" lon="104.055415472962"><ele>493</ele><time>2025-04-10T13:22:24.000Z</time></trkpt>
<trkpt lat="30.62590002372024" lon="104.055415472962"><ele>491</ele><time>2025-04-10T13:22:25.000Z</time></trkpt>
<trkpt lat="30.62590002372024" lon="104.055415472962"><ele>490</ele><time>2025-04-10T13:22:26.000Z</time></trkpt>
<trkpt lat="30.62590002372024" lon="104.055415472962"><ele>489</ele><time>2025-04-10T13:22:27.000Z</time></trkpt>
<trkpt lat="30.62590002372024" lon="104.055415472962"><ele>490</ele><time>2025-04-10T13:22:28.000Z</time></trkpt>
<trkpt lat="30.62590002372024" lon="104.055415472962"><ele>490</ele><time>2025-04-10T13:22:29.000Z</time></trkpt>
<trkpt lat="30.62590002372024" lon="104.055415472962"><ele>490</ele><time>2025-04-10T13:22:30.000Z</time></trkpt>
<trkpt lat="30.62590002372024" lon="104.055415472962"><ele>490</ele><time>2025-04-10T13:22:31.000Z</time></trkpt>
<trkpt lat="30.62590002372024" lon="104.055415472962"><ele>491</ele><time>2025-04-10T13:22:32.000Z</time></trkpt>
<trkpt lat="30.62590002372024" lon="104.055415472962"><ele>490</ele><time>2025-04-10T13:22:33.000Z</time></trkpt>
<trkpt lat="30.62590002372024" lon="104.055415472962"><ele>490</ele><time>2025-04-10T13:22:34.000Z</time></trkpt>
<trkpt lat="30.62590002372024" lon="104.055415472962"><ele>490</ele><time>2025-04-10T13:22:35.000Z</time></trkpt>
<trkpt lat="30.62590002372024" lon="104.055415472962"><ele>490</ele><time>2025-04-10T13:22:36.000Z</time></trkpt>
<trkpt lat="30.62590002372024" lon="104.055415472962"><ele>489</ele><time>2025-04-10T13:22:37.000Z</time></trkpt>
<trkpt lat="30.62590002372024" lon="104.055415472962"><ele>489</ele><time>2025-04-10T13:22:38.000Z</time></trkpt>
<trkpt lat="30.62590002372024" lon="104.055415472962"><ele>487</ele><time>2025-04-10T13:22:39.000Z</time></trkpt>
<trkpt lat="30.62590002372024" lon="104.055415472962"><ele>486</ele><time>2025-04-10T13:22:40.000Z</time></trkpt>
<trkpt lat="30.62590002372024" lon="104.055415472962"><ele>486</ele><time>2025-04-10T13:22:41.000Z</time></trkpt>
<trkpt lat="30.62590002372024" lon="104.055415472962"><ele>486</ele><time>2025-04-10T13:22:42.000Z</time></trkpt>
<trkpt lat="30.62590002372024" lon="104.055415472962"><ele>486</ele><time>2025-04-10T13:22:43.000Z</time></trkpt>
<trkpt lat="30.62590002372024" lon="104.055415472962"><ele>486</ele><time>2025-04-10T13:22:44.000Z</time></trkpt>
<trkpt lat="30.62590002372024" lon="104.055415472962"><ele>486</ele><time>2025-04-10T13:22:45.000Z</time></trkpt>
<trkpt lat="30.62590002372024" lon="104.055415472962"><ele>486</ele><time>2025-04-10T13:22:46.000Z</time></trkpt>
<trkpt lat="30.62590002372024" lon="104.055415472962"><ele>487</ele><time>2025-04-10T13:22:47.000Z</time></trkpt>
<trkpt lat="30.62590002372024" lon="104.055415472962"><ele>486</ele><time>2025-04-10T13:22:48.000Z</time></trkpt>
<trkpt lat="30.62590002372024" lon="104.055415472962"><ele>486</ele><time>2025-04-10T13:22:49.000Z</time></trkpt>
<trkpt lat="30.62590002372024" lon="104.055415472962"><ele>486</ele><time>2025-04-10T13:22:51.000Z</time></trkpt>
<trkpt lat="30.62590002372024" lon="104.055415472962"><ele>486</ele><time>2025-04-10T13:22:51.000Z</time></trkpt>
<trkpt lat="30.62590002372024" lon="104.055415472962"><ele>486</ele><time>2025-04-10T13:22:52.000Z</time></trkpt>
<trkpt lat="30.62590002372024" lon="104.055415472962"><ele>485</ele><time>2025-04-10T13:22:53.000Z</time></trkpt>
<trkpt lat="30.62590002372024" lon="104.055415472962"><ele>486</ele><time>2025-04-10T13:22:54.000Z</time></trkpt>
<trkpt lat="30.62590002372024" lon="104.055415472962"><ele>486</ele><time>2025-04-10T13:22:55.000Z</time></trkpt>
<trkpt lat="30.62590002372024" lon="104.055415472962"><ele>486</ele><time>2025-04-10T13:22:56.000Z</time></trkpt>
<trkpt lat="30.62590002372024" lon="104.055415472962"><ele>486</ele><time>2025-04-10T13:22:57.000Z</time></trkpt>
<trkpt lat="30.62590002372024" lon="104.055415472962"><ele>486</ele><time>2025-04-10T13:22:58.000Z</time></trkpt>
<trkpt lat="30.62590002372024" lon="104.055415472962"><ele>486</ele><time>2025-04-10T13:22:59.000Z</time></trkpt>
<trkpt lat="30.62590002372024" lon="104.055415472962"><ele>486</ele><time>2025-04-10T13:23:00.000Z</time></trkpt>
<trkpt lat="30.62590002372024" lon="104.055415472962"><ele>486</ele><time>2025-04-10T13:23:01.000Z</time></trkpt>
<trkpt lat="30.62590002372024" lon="104.055415472962"><ele>486</ele><time>2025-04-10T13:23:02.000Z</time></trkpt>
<trkpt lat="30.62590002372024" lon="104.055415472962"><ele>486</ele><time>2025-04-10T13:23:03.000Z</time></trkpt>
<trkpt lat="30.62590002372024" lon="104.055415472962"><ele>486</ele><time>2025-04-10T13:23:04.000Z</time></trkpt>
<trkpt lat="30.62590002372024" lon="104.055415472962"><ele>486</ele><time>2025-04-10T13:23:05.000Z</time></trkpt>
<trkpt lat="30.62590002372024" lon="104.055415472962"><ele>486</ele><time>2025-04-10T13:23:06.000Z</time></trkpt>
<trkpt lat="30.62590002372024" lon="104.055415472962"><ele>485</ele><time>2025-04-10T13:23:07.000Z</time></trkpt>
<trkpt lat="30.62590002372024" lon="104.055415472962"><ele>485</ele><time>2025-04-10T13:23:08.000Z</time></trkpt>
<trkpt lat="30.62590002372024" lon="104.055415472962"><ele>485</ele><time>2025-04-10T13:23:09.000Z</time></trkpt>
<trkpt lat="30.62590002372024" lon="104.055415472962"><ele>485</ele><time>2025-04-10T13:23:10.000Z</time></trkpt>
<trkpt lat="30.62590002372024" lon="104.055415472962"><ele>486</ele><time>2025-04-10T13:23:11.000Z</time></trkpt>
<trkpt lat="30.62590002372024" lon="104.055415472962"><ele>486</ele><time>2025-04-10T13:23:12.000Z</time></trkpt>
<trkpt lat="30.62590002372024" lon="104.055415472962"><ele>486</ele><time>2025-04-10T13:23:13.000Z</time></trkpt>
<trkpt lat="30.62590002372024" lon="104.055415472962"><ele>486</ele><time>2025-04-10T13:23:14.000Z</time></trkpt>
<trkpt lat="30.62590002372024" lon="104.055415472962"><ele>486</ele><time>2025-04-10T13:23:15.000Z</time></trkpt>
<trkpt lat="30.62590002372024" lon="104.055415472962"><ele>486</ele><time>2025-04-10T13:23:16.000Z</time></trkpt>
<trkpt lat="30.62590002372024" lon="104.055415472962"><ele>486</ele><time>2025-04-10T13:23:17.000Z</time></trkpt>
<trkpt lat="30.62590002372024" lon="104.055415472962"><ele>486</ele><time>2025-04-10T13:23:18.000Z</time></trkpt>
<trkpt lat="30.62590002372024" lon="104.055415472962"><ele>486</ele><time>2025-04-10T13:23:19.000Z</time></trkpt>
<trkpt lat="30.62590002372024" lon="104.055415472962"><ele>486</ele><time>2025-04-10T13:23:20.000Z</time></trkpt>
<trkpt lat="30.62590002372024" lon="104.055415472962"><ele>486</ele><time>2025-04-10T13:23:21.000Z</time></trkpt>
<trkpt lat="30.62590002372024" lon="104.055415472962"><ele>486</ele><time>2025-04-10T13:23:22.000Z</time></trkpt>
<trkpt lat="30.62590002372024" lon="104.055415472962"><ele>486</ele><time>2025-04-10T13:23:23.000Z</time></trkpt>
<trkpt lat="30.62590002372024" lon="104.055415472962"><ele>486</ele><time>2025-04-10T13:23:24.000Z</time></trkpt>
<trkpt lat="30.62590002372024" lon="104.055415472962"><ele>486</ele><time>2025-04-10T13:23:25.000Z</time></trkpt>
<trkpt lat="30.62590002372024" lon="104.055415472962"><ele>487</ele><time>2025-04-10T13:23:26.000Z</time></trkpt>
<trkpt lat="30.62590002372024" lon="104.055415472962"><ele>486</ele><time>2025-04-10T13:23:27.000Z</time></trkpt>
<trkpt lat="30.62590002372024" lon="104.055415472962"><ele>487</ele><time>2025-04-10T13:23:28.000Z</time></trkpt>
<trkpt lat="30.62590002372024" lon="104.055415472962"><ele>486</ele><time>2025-04-10T13:23:29.000Z</time></trkpt>
<trkpt lat="30.62590002372024" lon="104.055415472962"><ele>486</ele><time>2025-04-10T13:23:30.000Z</time></trkpt>
<trkpt lat="30.62590002372024" lon="104.055415472962"><ele>486</ele><time>2025-04-10T13:23:31.000Z</time></trkpt>
<trkpt lat="30.62590002372024" lon="104.055415472962"><ele>486</ele><time>2025-04-10T13:23:32.000Z</time></trkpt>
<trkpt lat="30.62590002372024" lon="104.055415472962"><ele>486</ele><time>2025-04-10T13:23:33.000Z</time></trkpt>
<trkpt lat="30.62590002372024" lon="104.055415472962"><ele>486</ele><time>2025-04-10T13:23:34.000Z</time></trkpt>
<trkpt lat="30.62590002372024" lon="104.055415472962"><ele>486</ele><time>2025-04-10T13:23:35.000Z</time></trkpt>
<trkpt lat="30.62590002372024" lon="104.055415472962"><ele>486</ele><time>2025-04-10T13:23:36.000Z</time></trkpt>
<trkpt lat="30.62590002372024" lon="104.055415472962"><ele>486</ele><time>2025-04-10T13:23:37.000Z</time></trkpt>
<trkpt lat="30.62590002372024" lon="104.055415472962"><ele>486</ele><time>2025-04-10T13:23:38.000Z</time></trkpt>
<trkpt lat="30.62590002372024" lon="104.055415472962"><ele>486</ele><time>2025-04-10T13:23:39.000Z</time></trkpt>
<trkpt lat="30.62590002372024" lon="104.055415472962"><ele>486</ele><time>2025-04-10T13:23:40.000Z</time></trkpt>
<trkpt lat="30.62590002372024" lon="104.055415472962"><ele>486</ele><time>2025-04-10T13:23:41.000Z</time></trkpt>
<trkpt lat="30.62590002372024" lon="104.055415472962"><ele>487</ele><time>2025-04-10T13:23:42.000Z</time></trkpt>
<trkpt lat="30.62590002372024" lon="104.055415472962"><ele>487</ele><time>2025-04-10T13:23:43.000Z</time></trkpt>
<trkpt lat="30.62590002372024" lon="104.055415472962"><ele>487</ele><time>2025-04-10T13:23:44.000Z</time></trkpt>
<trkpt lat="30.62590002372024" lon="104.055415472962"><ele>487</ele><time>2025-04-10T13:23:45.000Z</time></trkpt>
<trkpt lat="30.62590002372024" lon="104.055415472962"><ele>488</ele><time>2025-04-10T13:23:46.000Z</time></trkpt>
<trkpt lat="30.62590002372024" lon="104.055415472962"><ele>488</ele><time>2025-04-10T13:23:47.000Z</time></trkpt>
<trkpt lat="30.62590002372024" lon="104.055415472962"><ele>488</ele><time>2025-04-10T13:23:48.000Z</time></trkpt>
<trkpt lat="30.62590002372024" lon="104.055415472962"><ele>488</ele><time>2025-04-10T13:23:49.000Z</time></trkpt>
<trkpt lat="30.62590002372024" lon="104.055415472962"><ele>488</ele><time>2025-04-10T13:23:50.000Z</time></trkpt>
<trkpt lat="30.62590002372024" lon="104.055415472962"><ele>488</ele><time>2025-04-10T13:23:51.000Z</time></trkpt>
<trkpt lat="30.62590002372024" lon="104.055415472962"><ele>488</ele><time>2025-04-10T13:23:52.000Z</time></trkpt>
<trkpt lat="30.62590002372024" lon="104.055415472962"><ele>489</ele><time>2025-04-10T13:23:53.000Z</time></trkpt>
<trkpt lat="30.62590002372024" lon="104.055415472962"><ele>489</ele><time>2025-04-10T13:23:54.000Z</time></trkpt>
<trkpt lat="30.62590002372024" lon="104.055415472962"><ele>489</ele><time>2025-04-10T13:23:55.000Z</time></trkpt>
<trkpt lat="30.62590002372024" lon="104.055415472962"><ele>489</ele><time>2025-04-10T13:23:56.000Z</time></trkpt>
<trkpt lat="30.62590002372024" lon="104.055415472962"><ele>489</ele><time>2025-04-10T13:23:57.000Z</time></trkpt>
<trkpt lat="30.62590002372024" lon="104.055415472962"><ele>490</ele><time>2025-04-10T13:23:58.000Z</time></trkpt>
<trkpt lat="30.62590002372024" lon="104.055415472962"><ele>490</ele><time>2025-04-10T13:23:59.000Z</time></trkpt>
<trkpt lat="30.62590002372024" lon="104.055415472962"><ele>490</ele><time>2025-04-10T13:24:00.000Z</time></trkpt>
<trkpt lat="30.62590002372024" lon="104.055415472962"><ele>489</ele><time>2025-04-10T13:24:01.000Z</time></trkpt>
<trkpt lat="30.62590002372024" lon="104.055415472962"><ele>488</ele><time>2025-04-10T13:24:02.000Z</time></trkpt>
<trkpt lat="30.62590002372024" lon="104.055415472962"><ele>487</ele><time>2025-04-10T13:24:03.000Z</time></trkpt>
<trkpt lat="30.62590002372024" lon="104.055415472962"><ele>487</ele><time>2025-04-10T13:24:04.000Z</time></trkpt>
<trkpt lat="30.62590002372024" lon="104.055415472962"><ele>487</ele><time>2025-04-10T13:24:05.000Z</time></trkpt>
<trkpt lat="30.62590002372024" lon="104.055415472962"><ele>487</ele><time>2025-04-10T13:24:06.000Z</time></trkpt>
<trkpt lat="30.62590002372024" lon="104.055415472962"><ele>486</ele><time>2025-04-10T13:24:07.000Z</time></trkpt>
<trkpt lat="30.62590002372024" lon="104.055415472962"><ele>486</ele><time>2025-04-10T13:24:08.000Z</time></trkpt>
<trkpt lat="30.62590002372024" lon="104.055415472962"><ele>486</ele><time>2025-04-10T13:24:09.000Z</time></trkpt>
<trkpt lat="30.62590002372024" lon="104.055415472962"><ele>486</ele><time>2025-04-10T13:24:10.000Z</time></trkpt>
<trkpt lat="30.62590002372024" lon="104.055415472962"><ele>486</ele><time>2025-04-10T13:24:11.000Z</time></trkpt>
<trkpt lat="30.62590002372024" lon="104.055415472962"><ele>486</ele><time>2025-04-10T13:24:12.000Z</time></trkpt>
<trkpt lat="30.62590002372024" lon="104.055415472962"><ele>486</ele><time>2025-04-10T13:24:13.000Z</time></trkpt>
<trkpt lat="30.62590002372024" lon="104.055415472962"><ele>487</ele><time>2025-04-10T13:24:14.000Z</time></trkpt>
<trkpt lat="30.62590002372024" lon="104.055415472962"><ele>486</ele><time>2025-04-10T13:24:15.000Z</time></trkpt>
<trkpt lat="30.62590002372024" lon="104.055415472962"><ele>487</ele><time>2025-04-10T13:24:16.000Z</time></trkpt>
<trkpt lat="30.62590002372024" lon="104.055415472962"><ele>486</ele><time>2025-04-10T13:24:17.000Z</time></trkpt>
<trkpt lat="30.62590002372024" lon="104.055415472962"><ele>486</ele><time>2025-04-10T13:24:18.000Z</time></trkpt>
<trkpt lat="30.62590002372024" lon="104.055415472962"><ele>486</ele><time>2025-04-10T13:24:19.000Z</time></trkpt>
<trkpt lat="30.62590002372024" lon="104.055415472962"><ele>487</ele><time>2025-04-10T13:24:20.000Z</time></trkpt>
<trkpt lat="30.62590002372024" lon="104.055415472962"><ele>486</ele><time>2025-04-10T13:24:21.000Z</time></trkpt>
<trkpt lat="30.62590002372024" lon="104.055415472962"><ele>486</ele><time>2025-04-10T13:24:22.000Z</time></trkpt>
<trkpt lat="30.62590002372024" lon="104.055415472962"><ele>485</ele><time>2025-04-10T13:24:23.000Z</time></trkpt>
<trkpt lat="30.62590002372024" lon="104.055415472962"><ele>485</ele><time>2025-04-10T13:24:24.000Z</time></trkpt>
<trkpt lat="30.62590002372024" lon="104.055415472962"><ele>485</ele><time>2025-04-10T13:24:25.000Z</time></trkpt>
<trkpt lat="30.62590002372024" lon="104.055415472962"><ele>485</ele><time>2025-04-10T13:24:26.000Z</time></trkpt>
<trkpt lat="30.62590002372024" lon="104.055415472962"><ele>486</ele><time>2025-04-10T13:24:27.000Z</time></trkpt>
<trkpt lat="30.62590002372024" lon="104.055415472962"><ele>486</ele><time>2025-04-10T13:24:28.000Z</time></trkpt>
<trkpt lat="30.62590002372024" lon="104.055415472962"><ele>486</ele><time>2025-04-10T13:24:29.000Z</time></trkpt>
<trkpt lat="30.62590002372024" lon="104.055415472962"><ele>486</ele><time>2025-04-10T13:24:30.000Z</time></trkpt>
<trkpt lat="30.62590002372024" lon="104.055415472962"><ele>486</ele><time>2025-04-10T13:24:31.000Z</time></trkpt>
<trkpt lat="30.62590002372024" lon="104.055415472962"><ele>487</ele><time>2025-04-10T13:24:32.000Z</time></trkpt>
<trkpt lat="30.62590002372024" lon="104.055415472962"><ele>486</ele><time>2025-04-10T13:24:33.000Z</time></trkpt>
<trkpt lat="30.62590002372024" lon="104.055415472962"><ele>486</ele><time>2025-04-10T13:24:34.000Z</time></trkpt>
<trkpt lat="30.62590002372024" lon="104.055415472962"><ele>486</ele><time>2025-04-10T13:24:35.000Z</time></trkpt>
<trkpt lat="30.62590002372024" lon="104.055415472962"><ele>486</ele><time>2025-04-10T13:24:36.000Z</time></trkpt>
<trkpt lat="30.62590002372024" lon="104.055415472962"><ele>486</ele><time>2025-04-10T13:24:37.000Z</time></trkpt>
<trkpt lat="30.62590002372024" lon="104.055415472962"><ele>486</ele><time>2025-04-10T13:24:38.000Z</time></trkpt>
<trkpt lat="30.62590002372024" lon="104.055415472962"><ele>486</ele><time>2025-04-10T13:24:39.000Z</time></trkpt>
<trkpt lat="30.62590002372024" lon="104.055415472962"><ele>486</ele><time>2025-04-10T13:24:40.000Z</time></trkpt>
<trkpt lat="30.62590002372024" lon="104.055415472962"><ele>487</ele><time>2025-04-10T13:24:41.000Z</time></trkpt>
<trkpt lat="30.62590002372024" lon="104.055415472962"><ele>487</ele><time>2025-04-10T13:24:42.000Z</time></trkpt>
<trkpt lat="30.62590002372024" lon="104.055415472962"><ele>487</ele><time>2025-04-10T13:24:43.000Z</time></trkpt>
<trkpt lat="30.62590002372024" lon="104.055415472962"><ele>487</ele><time>2025-04-10T13:24:44.000Z</time></trkpt>
<trkpt lat="30.62590002372024" lon="104.055415472962"><ele>488</ele><time>2025-04-10T13:24:45.000Z</time></trkpt>
<trkpt lat="30.62590002372024" lon="104.055415472962"><ele>488</ele><time>2025-04-10T13:24:46.000Z</time></trkpt>
<trkpt lat="30.62590002372024" lon="104.055415472962"><ele>488</ele><time>2025-04-10T13:24:47.000Z</time></trkpt>
<trkpt lat="30.62590002372024" lon="104.055415472962"><ele>488</ele><time>2025-04-10T13:24:48.000Z</time></trkpt>
<trkpt lat="30.62590002372024" lon="104.055415472962"><ele>488</ele><time>2025-04-10T13:24:49.000Z</time></trkpt>
<trkpt lat="30.62590002372024" lon="104.055415472962"><ele>489</ele><time>2025-04-10T13:24:50.000Z</time></trkpt>
<trkpt lat="30.62590002372024" lon="104.055415472962"><ele>489</ele><time>2025-04-10T13:24:51.000Z</time></trkpt>
<trkpt lat="30.62590002372024" lon="104.055415472962"><ele>489</ele><time>2025-04-10T13:24:52.000Z</time></trkpt>
<trkpt lat="30.62590002372024" lon="104.055415472962"><ele>489</ele><time>2025-04-10T13:24:53.000Z</time></trkpt>
<trkpt lat="30.62590002372024" lon="104.055415472962"><ele>489</ele><time>2025-04-10T13:24:54.000Z</time></trkpt>
<trkpt lat="30.62590002372024" lon="104.055415472962"><ele>488</ele><time>2025-04-10T13:24:55.000Z</time></trkpt>
<trkpt lat="30.62590002372024" lon="104.055415472962"><ele>488</ele><time>2025-04-10T13:24:56.000Z</time></trkpt>
<trkpt lat="30.62590002372024" lon="104.055415472962"><ele>488</ele><time>2025-04-10T13:24:57.000Z</time></trkpt>
<trkpt lat="30.62590002372024" lon="104.055415472962"><ele>488</ele><time>2025-04-10T13:24:58.000Z</time></trkpt>
<trkpt lat="30.62590002372024" lon="104.055415472962"><ele>488</ele><time>2025-04-10T13:24:59.000Z</time></trkpt>
<trkpt lat="30.62590002372024" lon="104.055415472962"><ele>488</ele><time>2025-04-10T13:25:00.000Z</time></trkpt>
<trkpt lat="30.62590002372024" lon="104.055415472962"><ele>488</ele><time>2025-04-10T13:25:01.000Z</time></trkpt>
<trkpt lat="30.62590002372024" lon="104.055415472962"><ele>489</ele><time>2025-04-10T13:25:02.000Z</time></trkpt>
<trkpt lat="30.62590002372024" lon="104.055415472962"><ele>488</ele><time>2025-04-10T13:25:03.000Z</time></trkpt>
<trkpt lat="30.62590002372024" lon="104.055415472962"><ele>489</ele><time>2025-04-10T13:25:04.000Z</time></trkpt>
<trkpt lat="30.62590002372024" lon="104.055415472962"><ele>490</ele><time>2025-04-10T13:25:05.000Z</time></trkpt>
<trkpt lat="30.62590002372024" lon="104.055415472962"><ele>491</ele><time>2025-04-10T13:25:06.000Z</time></trkpt>
<trkpt lat="30.62590002372024" lon="104.055415472962"><ele>491</ele><time>2025-04-10T13:25:07.000Z</time></trkpt>
<trkpt lat="30.62590002372024" lon="104.055415472962"><ele>491</ele><time>2025-04-10T13:25:08.000Z</time></trkpt>
<trkpt lat="30.62590002372024" lon="104.055415472962"><ele>491</ele><time>2025-04-10T13:25:09.000Z</time></trkpt>
<trkpt lat="30.62590002372024" lon="104.055415472962"><ele>491</ele><time>2025-04-10T13:25:10.000Z</time></trkpt>
<trkpt lat="30.62590002372024" lon="104.055415472962"><ele>492</ele><time>2025-04-10T13:25:11.000Z</time></trkpt>
<trkpt lat="30.62590002372024" lon="104.055415472962"><ele>491</ele><time>2025-04-10T13:25:12.000Z</time></trkpt>
<trkpt lat="30.62590002372024" lon="104.055415472962"><ele>491</ele><time>2025-04-10T13:25:13.000Z</time></trkpt>
<trkpt lat="30.62590002372024" lon="104.055415472962"><ele>491</ele><time>2025-04-10T13:25:14.000Z</time></trkpt>
<trkpt lat="30.62590002372024" lon="104.055415472962"><ele>491</ele><time>2025-04-10T13:25:15.000Z</time></trkpt>
<trkpt lat="30.62590002372024" lon="104.055415472962"><ele>491</ele><time>2025-04-10T13:25:16.000Z</time></trkpt>
<trkpt lat="30.62590002372024" lon="104.055415472962"><ele>491</ele><time>2025-04-10T13:25:17.000Z</time></trkpt>
<trkpt lat="30.62590002372024" lon="104.055415472962"><ele>491</ele><time>2025-04-10T13:25:18.000Z</time></trkpt>
<trkpt lat="30.62590002372024" lon="104.055415472962"><ele>491</ele><time>2025-04-10T13:25:19.000Z</time></trkpt>
<trkpt lat="30.62590002372024" lon="104.055415472962"><ele>491</ele><time>2025-04-10T13:25:20.000Z</time></trkpt>
<trkpt lat="30.62590002372024" lon="104.055415472962"><ele>491</ele><time>2025-04-10T13:25:21.000Z</time></trkpt>
<trkpt lat="30.62590002372024" lon="104.055415472962"><ele>491</ele><time>2025-04-10T13:25:22.000Z</time></trkpt>
<trkpt lat="30.62590002372024" lon="104.055415472962"><ele>491</ele><time>2025-04-10T13:25:23.000Z</time></trkpt>
<trkpt lat="30.62590002372024" lon="104.055415472962"><ele>491</ele><time>2025-04-10T13:25:24.000Z</time></trkpt>
<trkpt lat="30.62590002372024" lon="104.055415472962"><ele>492</ele><time>2025-04-10T13:25:25.000Z</time></trkpt>
<trkpt lat="30.62590002372024" lon="104.055415472962"><ele>492</ele><time>2025-04-10T13:25:26.000Z</time></trkpt>
<trkpt lat="30.62590002372024" lon="104.055415472962"><ele>492</ele><time>2025-04-10T13:25:27.000Z</time></trkpt>
<trkpt lat="30.62590002372024" lon="104.055415472962"><ele>492</ele><time>2025-04-10T13:25:28.000Z</time></trkpt>
<trkpt lat="30.62590002372024" lon="104.055415472962"><ele>492</ele><time>2025-04-10T13:25:29.000Z</time></trkpt>
<trkpt lat="30.62590002372024" lon="104.055415472962"><ele>492</ele><time>2025-04-10T13:25:30.000Z</time></trkpt>
<trkpt lat="30.62590002372024" lon="104.055415472962"><ele>492</ele><time>2025-04-10T13:25:31.000Z</time></trkpt>
<trkpt lat="30.62590002372024" lon="104.055415472962"><ele>492</ele><time>2025-04-10T13:25:32.000Z</time></trkpt>
<trkpt lat="30.62590002372024" lon="104.055415472962"><ele>493</ele><time>2025-04-10T13:25:33.000Z</time></trkpt>
<trkpt lat="30.62590002372024" lon="104.055415472962"><ele>493</ele><time>2025-04-10T13:25:34.000Z</time></trkpt>
<trkpt lat="30.62590002372024" lon="104.055415472962"><ele>493</ele><time>2025-04-10T13:25:35.000Z</time></trkpt>
<trkpt lat="30.62590002372024" lon="104.055415472962"><ele>492</ele><time>2025-04-10T13:25:36.000Z</time></trkpt>
<trkpt lat="30.62590002372024" lon="104.055415472962"><ele>495</ele><time>2025-04-10T13:25:37.000Z</time></trkpt>
<trkpt lat="30.62590002372024" lon="104.055415472962"><ele>497</ele><time>2025-04-10T13:25:38.000Z</time></trkpt>
<trkpt lat="30.62590002372024" lon="104.055415472962"><ele>497</ele><time>2025-04-10T13:25:39.000Z</time></trkpt>
<trkpt lat="30.62590002372024" lon="104.055415472962"><ele>498</ele><time>2025-04-10T13:25:40.000Z</time></trkpt>
<trkpt lat="30.62590002372024" lon="104.055415472962"><ele>497</ele><time>2025-04-10T13:25:41.000Z</time></trkpt>
<trkpt lat="30.62590002372024" lon="104.055415472962"><ele>497</ele><time>2025-04-10T13:25:42.000Z</time></trkpt>
<trkpt lat="30.62590002372024" lon="104.055415472962"><ele>496</ele><time>2025-04-10T13:25:43.000Z</time></trkpt>
<trkpt lat="30.62590002372024" lon="104.055415472962"><ele>496</ele><time>2025-04-10T13:25:44.000Z</time></trkpt>
<trkpt lat="30.62590002372024" lon="104.055415472962"><ele>493</ele><time>2025-04-10T13:25:45.000Z</time></trkpt>
<trkpt lat="30.62590002372024" lon="104.055415472962"><ele>492</ele><time>2025-04-10T13:25:46.000Z</time></trkpt>
<trkpt lat="30.62590002372024" lon="104.055415472962"><ele>491</ele><time>2025-04-10T13:25:47.000Z</time></trkpt>
<trkpt lat="30.62590002372024" lon="104.055415472962"><ele>492</ele><time>2025-04-10T13:25:48.000Z</time></trkpt>
<trkpt lat="30.62590002372024" lon="104.055415472962"><ele>492</ele><time>2025-04-10T13:25:49.000Z</time></trkpt>
<trkpt lat="30.62590002372024" lon="104.055415472962"><ele>490</ele><time>2025-04-10T13:25:50.000Z</time></trkpt>
<trkpt lat="30.62590002372024" lon="104.055415472962"><ele>490</ele><time>2025-04-10T13:25:51.000Z</time></trkpt>
<trkpt lat="30.62590002372024" lon="104.055415472962"><ele>489</ele><time>2025-04-10T13:25:52.000Z</time></trkpt>
<trkpt lat="30.62590002372024" lon="104.055415472962"><ele>490</ele><time>2025-04-10T13:25:53.000Z</time></trkpt>
<trkpt lat="30.62590002372024" lon="104.055415472962"><ele>489</ele><time>2025-04-10T13:25:54.000Z</time></trkpt>
<trkpt lat="30.62590002372024" lon="104.055415472962"><ele>490</ele><time>2025-04-10T13:25:55.000Z</time></trkpt>
<trkpt lat="30.62590002372024" lon="104.055415472962"><ele>490</ele><time>2025-04-10T13:25:56.000Z</time></trkpt>
<trkpt lat="30.62590002372024" lon="104.055415472962"><ele>490</ele><time>2025-04-10T13:25:57.000Z</time></trkpt>
<trkpt lat="30.62590002372024" lon="104.055415472962"><ele>491</ele><time>2025-04-10T13:25:58.000Z</time></trkpt>
<trkpt lat="30.62590002372024" lon="104.055415472962"><ele>491</ele><time>2025-04-10T13:25:59.000Z</time></trkpt>
<trkpt lat="30.62590002372024" lon="104.055415472962"><ele>491</ele><time>2025-04-10T13:26:00.000Z</time></trkpt>
<trkpt lat="30.62590002372024" lon="104.055415472962"><ele>492</ele><time>2025-04-10T13:26:01.000Z</time></trkpt>
<trkpt lat="30.62590002372024" lon="104.055415472962"><ele>492</ele><time>2025-04-10T13:26:02.000Z</time></trkpt>
<trkpt lat="30.62590002372024" lon="104.055415472962"><ele>492</ele><time>2025-04-10T13:26:03.000Z</time></trkpt>
<trkpt lat="30.62590002372024" lon="104.055415472962"><ele>492</ele><time>2025-04-10T13:26:04.000Z</time></trkpt>
<trkpt lat="30.62590002372024" lon="104.055415472962"><ele>492</ele><time>2025-04-10T13:26:05.000Z</time></trkpt>
<trkpt lat="30.62590002372024" lon="104.055415472962"><ele>492</ele><time>2025-04-10T13:26:06.000Z</time></trkpt>
<trkpt lat="30.62590002372024" lon="104.055415472962"><ele>491</ele><time>2025-04-10T13:26:07.000Z</time></trkpt>
<trkpt lat="30.62590002372024" lon="104.055415472962"><ele>491</ele><time>2025-04-10T13:26:08.000Z</time></trkpt>
<trkpt lat="30.62590002372024" lon="104.055415472962"><ele>491</ele><time>2025-04-10T13:26:09.000Z</time></trkpt>
<trkpt lat="30.62590002372024" lon="104.055415472962"><ele>490</ele><time>2025-04-10T13:26:10.000Z</time></trkpt>
<trkpt lat="30.62590002372024" lon="104.055415472962"><ele>491</ele><time>2025-04-10T13:26:11.000Z</time></trkpt>
<trkpt lat="30.62590002372024" lon="104.055415472962"><ele>490</ele><time>2025-04-10T13:26:12.000Z</time></trkpt>
<trkpt lat="30.62590002372024" lon="104.055415472962"><ele>490</ele><time>2025-04-10T13:26:13.000Z</time></trkpt>
<trkpt lat="30.62590002372024" lon="104.055415472962"><ele>489</ele><time>2025-04-10T13:26:14.000Z</time></trkpt>
<trkpt lat="30.62590002372024" lon="104.055415472962"><ele>491</ele><time>2025-04-10T13:26:15.000Z</time></trkpt>
<trkpt lat="30.62590002372024" lon="104.055415472962"><ele>492</ele><time>2025-04-10T13:26:16.000Z</time></trkpt>
<trkpt lat="30.62590002372024" lon="104.055415472962"><ele>493</ele><time>2025-04-10T13:26:17.000Z</time></trkpt>
<trkpt lat="30.62590002372024" lon="104.055415472962"><ele>494</ele><time>2025-04-10T13:26:18.000Z</time></trkpt>
<trkpt lat="30.62590002372024" lon="104.055415472962"><ele>494</ele><time>2025-04-10T13:26:19.000Z</time></trkpt>
<trkpt lat="30.62590002372024" lon="104.055415472962"><ele>494</ele><time>2025-04-10T13:26:20.000Z</time></trkpt>
<trkpt lat="30.62590002372024" lon="104.055415472962"><ele>495</ele><time>2025-04-10T13:26:21.000Z</time></trkpt>
<trkpt lat="30.62590002372024" lon="104.055415472962"><ele>495</ele><time>2025-04-10T13:26:22.000Z</time></trkpt>
<trkpt lat="30.62590002372024" lon="104.055415472962"><ele>495</ele><time>2025-04-10T13:26:23.000Z</time></trkpt>
<trkpt lat="30.62590002372024" lon="104.055415472962"><ele>495</ele><time>2025-04-10T13:26:24.000Z</time></trkpt>
<trkpt lat="30.62590002372024" lon="104.055415472962"><ele>495</ele><time>2025-04-10T13:26:25.000Z</time></trkpt>
<trkpt lat="30.62590002372024" lon="104.055415472962"><ele>493</ele><time>2025-04-10T13:26:26.000Z</time></trkpt>
<trkpt lat="30.62590002372024" lon="104.055415472962"><ele>493</ele><time>2025-04-10T13:26:27.000Z</time></trkpt>
<trkpt lat="30.62590002372024" lon="104.055415472962"><ele>493</ele><time>2025-04-10T13:26:28.000Z</time></trkpt>
<trkpt lat="30.62590002372024" lon="104.055415472962"><ele>492</ele><time>2025-04-10T13:26:29.000Z</time></trkpt>
<trkpt lat="30.62590002372024" lon="104.055415472962"><ele>491</ele><time>2025-04-10T13:26:30.000Z</time></trkpt>
<trkpt lat="30.62590002372024" lon="104.055415472962"><ele>492</ele><time>2025-04-10T13:26:31.000Z</time></trkpt>
<trkpt lat="30.62590002372024" lon="104.055415472962"><ele>492</ele><time>2025-04-10T13:26:32.000Z</time></trkpt>
<trkpt lat="30.62590002372024" lon="104.055415472962"><ele>492</ele><time>2025-04-10T13:26:33.000Z</time></trkpt>
<trkpt lat="30.62590002372024" lon="104.055415472962"><ele>492</ele><time>2025-04-10T13:26:34.000Z</time></trkpt>
<trkpt lat="30.62590002372024" lon="104.055415472962"><ele>493</ele><time>2025-04-10T13:26:35.000Z</time></trkpt>
<trkpt lat="30.62590002372024" lon="104.055415472962"><ele>494</ele><time>2025-04-10T13:26:36.000Z</time></trkpt>
<trkpt lat="30.62590002372024" lon="104.055415472962"><ele>495</ele><time>2025-04-10T13:26:37.000Z</time></trkpt>
<trkpt lat="30.62590002372024" lon="104.055415472962"><ele>495</ele><time>2025-04-10T13:26:38.000Z</time></trkpt>
<trkpt lat="30.62590002372024" lon="104.055415472962"><ele>495</ele><time>2025-04-10T13:26:39.000Z</time></trkpt>
<trkpt lat="30.62590002372024" lon="104.055415472962"><ele>495</ele><time>2025-04-10T13:26:40.000Z</time></trkpt>
<trkpt lat="30.62590002372024" lon="104.055415472962"><ele>496</ele><time>2025-04-10T13:26:41.000Z</time></trkpt>
<trkpt lat="30.62590002372024" lon="104.055415472962"><ele>495</ele><time>2025-04-10T13:26:42.000Z</time></trkpt>
<trkpt lat="30.62590002372024" lon="104.055415472962"><ele>496</ele><time>2025-04-10T13:26:43.000Z</time></trkpt>
<trkpt lat="30.62590002372024" lon="104.055415472962"><ele>496</ele><time>2025-04-10T13:26:44.000Z</time></trkpt>
<trkpt lat="30.62590002372024" lon="104.055415472962"><ele>496</ele><time>2025-04-10T13:26:45.000Z</time></trkpt>
<trkpt lat="30.62590002372024" lon="104.055415472962"><ele>496</ele><time>2025-04-10T13:26:46.000Z</time></trkpt>
<trkpt lat="30.62590002372024" lon="104.055415472962"><ele>496</ele><time>2025-04-10T13:26:47.000Z</time></trkpt>
<trkpt lat="30.62590002372024" lon="104.055415472962"><ele>496</ele><time>2025-04-10T13:26:48.000Z</time></trkpt>
<trkpt lat="30.62590002372024" lon="104.055415472962"><ele>495</ele><time>2025-04-10T13:26:49.000Z</time></trkpt>
<trkpt lat="30.62590002372024" lon="104.055415472962"><ele>495</ele><time>2025-04-10T13:26:50.000Z</time></trkpt>
<trkpt lat="30.62590002372024" lon="104.055415472962"><ele>494</ele><time>2025-04-10T13:26:51.000Z</time></trkpt>
<trkpt lat="30.62590002372024" lon="104.055415472962"><ele>494</ele><time>2025-04-10T13:26:52.000Z</time></trkpt>
<trkpt lat="30.62590002372024" lon="104.055415472962"><ele>494</ele><time>2025-04-10T13:26:53.000Z</time></trkpt>
<trkpt lat="30.62590002372024" lon="104.055415472962"><ele>494</ele><time>2025-04-10T13:26:54.000Z</time></trkpt>
<trkpt lat="30.62590002372024" lon="104.055415472962"><ele>494</ele><time>2025-04-10T13:26:55.000Z</time></trkpt>
<trkpt lat="30.62590002372024" lon="104.055415472962"><ele>494</ele><time>2025-04-10T13:26:56.000Z</time></trkpt>
<trkpt lat="30.62590002372024" lon="104.055415472962"><ele>494</ele><time>2025-04-10T13:26:57.000Z</time></trkpt>
<trkpt lat="30.62590002372024" lon="104.055415472962"><ele>494</ele><time>2025-04-10T13:26:58.000Z</time></trkpt>
<trkpt lat="30.62590002372024" lon="104.055415472962"><ele>494</ele><time>2025-04-10T13:26:59.000Z</time></trkpt>
<trkpt lat="30.62590002372024" lon="104.055415472962"><ele>494</ele><time>2025-04-10T13:27:00.000Z</time></trkpt>
<trkpt lat="30.62590002372024" lon="104.055415472962"><ele>494</ele><time>2025-04-10T13:27:01.000Z</time></trkpt>
<trkpt lat="30.62590002372024" lon="104.055415472962"><ele>494</ele><time>2025-04-10T13:27:02.000Z</time></trkpt>
<trkpt lat="30.62590002372024" lon="104.055415472962"><ele>495</ele><time>2025-04-10T13:27:03.000Z</time></trkpt>
<trkpt lat="30.62590002372024" lon="104.055415472962"><ele>495</ele><time>2025-04-10T13:27:04.000Z</time></trkpt>
<trkpt lat="30.62590002372024" lon="104.055415472962"><ele>495</ele><time>2025-04-10T13:27:05.000Z</time></trkpt>
<trkpt lat="30.62590002372024" lon="104.055415472962"><ele>495</ele><time>2025-04-10T13:27:06.000Z</time></trkpt>
<trkpt lat="30.62590002372024" lon="104.055415472962"><ele>494</ele><time>2025-04-10T13:27:07.000Z</time></trkpt>
<trkpt lat="30.62590002372024" lon="104.055415472962"><ele>494</ele><time>2025-04-10T13:27:08.000Z</time></trkpt>
<trkpt lat="30.62590002372024" lon="104.055415472962"><ele>494</ele><time>2025-04-10T13:27:09.000Z</time></trkpt>
<trkpt lat="30.62590002372024" lon="104.055415472962"><ele>494</ele><time>2025-04-10T13:27:10.000Z</time></trkpt>
<trkpt lat="30.62590002372024" lon="104.055415472962"><ele>494</ele><time>2025-04-10T13:27:11.000Z</time></trkpt>
<trkpt lat="30.62590002372024" lon="104.055415472962"><ele>495</ele><time>2025-04-10T13:27:12.000Z</time></trkpt>
<trkpt lat="30.62590002372024" lon="104.055415472962"><ele>494</ele><time>2025-04-10T13:27:13.000Z</time></trkpt>
<trkpt lat="30.62590002372024" lon="104.055415472962"><ele>494</ele><time>2025-04-10T13:27:14.000Z</time></trkpt>
<trkpt lat="30.62590002372024" lon="104.055415472962"><ele>494</ele><time>2025-04-10T13:27:15.000Z</time></trkpt>
<trkpt lat="30.62590002372024" lon="104.055415472962"><ele>493</ele><time>2025-04-10T13:27:16.000Z</time></trkpt>
<trkpt lat="30.62590002372024" lon="104.055415472962"><ele>493</ele><time>2025-04-10T13:27:17.000Z</time></trkpt>
<trkpt lat="30.62590002372024" lon="104.055415472962"><ele>493</ele><time>2025-04-10T13:27:18.000Z</time></trkpt>
<trkpt lat="30.62590002372024" lon="104.055415472962"><ele>493</ele><time>2025-04-10T13:27:19.000Z</time></trkpt>
<trkpt lat="30.62590002372024" lon="104.055415472962"><ele>493</ele><time>2025-04-10T13:27:20.000Z</time></trkpt>
<trkpt lat="30.62590002372024" lon="104.055415472962"><ele>493</ele><time>2025-04-10T13:27:21.000Z</time></trkpt>
<trkpt lat="30.62590002372024" lon="104.055415472962"><ele>493</ele><time>2025-04-10T13:27:22.000Z</time></trkpt>
<trkpt lat="30.62590002372024" lon="104.055415472962"><ele>493</ele><time>2025-04-10T13:27:23.000Z</time></trkpt>
<trkpt lat="30.62590002372024" lon="104.055415472962"><ele>493</ele><time>2025-04-10T13:27:24.000Z</time></trkpt>
<trkpt lat="30.62590002372024" lon="104.055415472962"><ele>493</ele><time>2025-04-10T13:27:25.000Z</time></trkpt>
<trkpt lat="30.62590002372024" lon="104.055415472962"><ele>494</ele><time>2025-04-10T13:27:26.000Z</time></trkpt>
<trkpt lat="30.62590002372024" lon="104.055415472962"><ele>493</ele><time>2025-04-10T13:27:27.000Z</time></trkpt>
<trkpt lat="30.62590002372024" lon="104.055415472962"><ele>493</ele><time>2025-04-10T13:27:28.000Z</time></trkpt>
<trkpt lat="30.62590002372024" lon="104.055415472962"><ele>493</ele><time>2025-04-10T13:27:29.000Z</time></trkpt>
<trkpt lat="30.62590002372024" lon="104.055415472962"><ele>493</ele><time>2025-04-10T13:27:30.000Z</time></trkpt>
<trkpt lat="30.62590002372024" lon="104.055415472962"><ele>493</ele><time>2025-04-10T13:27:31.000Z</time></trkpt>
<trkpt lat="30.62590002372024" lon="104.055415472962"><ele>493</ele><time>2025-04-10T13:27:32.000Z</time></trkpt>
<trkpt lat="30.62590002372024" lon="104.055415472962"><ele>492</ele><time>2025-04-10T13:27:33.000Z</time></trkpt>
<trkpt lat="30.62590002372024" lon="104.055415472962"><ele>491</ele><time>2025-04-10T13:27:34.000Z</time></trkpt>
<trkpt lat="30.62590002372024" lon="104.055415472962"><ele>491</ele><time>2025-04-10T13:27:35.000Z</time></trkpt>
<trkpt lat="30.62590002372024" lon="104.055415472962"><ele>491</ele><time>2025-04-10T13:27:36.000Z</time></trkpt>
<trkpt lat="30.62590002372024" lon="104.055415472962"><ele>491</ele><time>2025-04-10T13:27:37.000Z</time></trkpt>
<trkpt lat="30.62590002372024" lon="104.055415472962"><ele>490</ele><time>2025-04-10T13:27:38.000Z</time></trkpt>
<trkpt lat="30.62590002372024" lon="104.055415472962"><ele>490</ele><time>2025-04-10T13:27:39.000Z</time></trkpt>
<trkpt lat="30.62590002372024" lon="104.055415472962"><ele>490</ele><time>2025-04-10T13:27:40.000Z</time></trkpt>
<trkpt lat="30.62590002372024" lon="104.055415472962"><ele>490</ele><time>2025-04-10T13:27:41.000Z</time></trkpt>
<trkpt lat="30.62590002372024" lon="104.055415472962"><ele>491</ele><time>2025-04-10T13:27:42.000Z</time></trkpt>
<trkpt lat="30.62590002372024" lon="104.055415472962"><ele>490</ele><time>2025-04-10T13:27:43.000Z</time></trkpt>
<trkpt lat="30.62590002372024" lon="104.055415472962"><ele>490</ele><time>2025-04-10T13:27:44.000Z</time></trkpt>
<trkpt lat="30.62590002372024" lon="104.055415472962"><ele>491</ele><time>2025-04-10T13:27:45.000Z</time></trkpt>
<trkpt lat="30.62590002372024" lon="104.055415472962"><ele>491</ele><time>2025-04-10T13:27:46.000Z</time></trkpt>
<trkpt lat="30.62590002372024" lon="104.055415472962"><ele>490</ele><time>2025-04-10T13:27:47.000Z</time></trkpt>
<trkpt lat="30.62590002372024" lon="104.055415472962"><ele>490</ele><time>2025-04-10T13:27:48.000Z</time></trkpt>
<trkpt lat="30.62590002372024" lon="104.055415472962"><ele>490</ele><time>2025-04-10T13:27:49.000Z</time></trkpt>
<trkpt lat="30.62590002372024" lon="104.055415472962"><ele>489</ele><time>2025-04-10T13:27:50.000Z</time></trkpt>
<trkpt lat="30.62590002372024" lon="104.055415472962"><ele>489</ele><time>2025-04-10T13:27:51.000Z</time></trkpt>
<trkpt lat="30.62590002372024" lon="104.055415472962"><ele>489</ele><time>2025-04-10T13:27:52.000Z</time></trkpt>
<trkpt lat="30.62590002372024" lon="104.055415472962"><ele>489</ele><time>2025-04-10T13:27:53.000Z</time></trkpt>
<trkpt lat="30.62590002372024" lon="104.055415472962"><ele>490</ele><time>2025-04-10T13:27:54.000Z</time></trkpt>
<trkpt lat="30.62590002372024" lon="104.055415472962"><ele>489</ele><time>2025-04-10T13:27:55.000Z</time></trkpt>
<trkpt lat="30.62590002372024" lon="104.055415472962"><ele>489</ele><time>2025-04-10T13:27:56.000Z</time></trkpt>
<trkpt lat="30.62590002372024" lon="104.055415472962"><ele>489</ele><time>2025-04-10T13:27:57.000Z</time></trkpt>
<trkpt lat="30.62590002372024" lon="104.055415472962"><ele>490</ele><time>2025-04-10T13:27:58.000Z</time></trkpt>
<trkpt lat="30.62590002372024" lon="104.055415472962"><ele>490</ele><time>2025-04-10T13:27:59.000Z</time></trkpt>
<trkpt lat="30.62590002372024" lon="104.055415472962"><ele>490</ele><time>2025-04-10T13:28:00.000Z</time></trkpt>
<trkpt lat="30.62590002372024" lon="104.055415472962"><ele>490</ele><time>2025-04-10T13:28:01.000Z</time></trkpt>
<trkpt lat="30.62590002372024" lon="104.055415472962"><ele>489</ele><time>2025-04-10T13:28:02.000Z</time></trkpt>
<trkpt lat="30.62590002372024" lon="104.055415472962"><ele>489</ele><time>2025-04-10T13:28:03.000Z</time></trkpt>
<trkpt lat="30.62590002372024" lon="104.055415472962"><ele>488</ele><time>2025-04-10T13:28:04.000Z</time></trkpt>
<trkpt lat="30.62590002372024" lon="104.055415472962"><ele>486</ele><time>2025-04-10T13:28:05.000Z</time></trkpt>
<trkpt lat="30.62590002372024" lon="104.055415472962"><ele>488</ele><time>2025-04-10T13:28:06.000Z</time></trkpt>
<trkpt lat="30.62590002372024" lon="104.055415472962"><ele>488</ele><time>2025-04-10T13:28:07.000Z</time></trkpt>
<trkpt lat="30.62590002372024" lon="104.055415472962"><ele>486</ele><time>2025-04-10T13:28:08.000Z</time></trkpt>
<trkpt lat="30.62590002372024" lon="104.055415472962"><ele>486</ele><time>2025-04-10T13:28:09.000Z</time></trkpt>
<trkpt lat="30.62590002372024" lon="104.055415472962"><ele>485</ele><time>2025-04-10T13:28:10.000Z</time></trkpt>
<trkpt lat="30.62590002372024" lon="104.055415472962"><ele>485</ele><time>2025-04-10T13:28:11.000Z</time></trkpt>
<trkpt lat="30.62590002372024" lon="104.055415472962"><ele>485</ele><time>2025-04-10T13:28:12.000Z</time></trkpt>
<trkpt lat="30.62590002372024" lon="104.055415472962"><ele>484</ele><time>2025-04-10T13:28:13.000Z</time></trkpt>
<trkpt lat="30.62590002372024" lon="104.055415472962"><ele>483</ele><time>2025-04-10T13:28:14.000Z</time></trkpt>
<trkpt lat="30.62590002372024" lon="104.055415472962"><ele>482</ele><time>2025-04-10T13:28:15.000Z</time></trkpt>
<trkpt lat="30.62590002372024" lon="104.055415472962"><ele>481</ele><time>2025-04-10T13:28:16.000Z</time></trkpt>
<trkpt lat="30.62590002372024" lon="104.055415472962"><ele>481</ele><time>2025-04-10T13:28:17.000Z</time></trkpt>
<trkpt lat="30.62590002372024" lon="104.055415472962"><ele>481</ele><time>2025-04-10T13:28:18.000Z</time></trkpt>
<trkpt lat="30.62590002372024" lon="104.055415472962"><ele>481</ele><time>2025-04-10T13:28:19.000Z</time></trkpt>
<trkpt lat="30.62590002372024" lon="104.055415472962"><ele>481</ele><time>2025-04-10T13:28:20.000Z</time></trkpt>
<trkpt lat="30.62590002372024" lon="104.055415472962"><ele>481</ele><time>2025-04-10T13:28:21.000Z</time></trkpt>
<trkpt lat="30.62590002372024" lon="104.055415472962"><ele>480</ele><time>2025-04-10T13:28:22.000Z</time></trkpt>
<trkpt lat="30.62590002372024" lon="104.055415472962"><ele>481</ele><time>2025-04-10T13:28:23.000Z</time></trkpt>
<trkpt lat="30.62590002372024" lon="104.055415472962"><ele>482</ele><time>2025-04-10T13:28:24.000Z</time></trkpt>
<trkpt lat="30.62590002372024" lon="104.055415472962"><ele>481</ele><time>2025-04-10T13:28:25.000Z</time></trkpt>
<trkpt lat="30.62590002372024" lon="104.055415472962"><ele>483</ele><time>2025-04-10T13:28:26.000Z</time></trkpt>
<trkpt lat="30.62590002372024" lon="104.055415472962"><ele>483</ele><time>2025-04-10T13:28:27.000Z</time></trkpt>
<trkpt lat="30.62590002372024" lon="104.055415472962"><ele>484</ele><time>2025-04-10T13:28:28.000Z</time></trkpt>
<trkpt lat="30.62590002372024" lon="104.055415472962"><ele>483</ele><time>2025-04-10T13:28:29.000Z</time></trkpt>
<trkpt lat="30.62590002372024" lon="104.055415472962"><ele>484</ele><time>2025-04-10T13:28:30.000Z</time></trkpt>
<trkpt lat="30.62590002372024" lon="104.055415472962"><ele>484</ele><time>2025-04-10T13:28:31.000Z</time></trkpt>
<trkpt lat="30.62590002372024" lon="104.055415472962"><ele>485</ele><time>2025-04-10T13:28:32.000Z</time></trkpt>
<trkpt lat="30.62590002372024" lon="104.055415472962"><ele>485</ele><time>2025-04-10T13:28:33.000Z</time></trkpt>
<trkpt lat="30.62590002372024" lon="104.055415472962"><ele>485</ele><time>2025-04-10T13:28:34.000Z</time></trkpt>
<trkpt lat="30.62590002372024" lon="104.055415472962"><ele>485</ele><time>2025-04-10T13:28:35.000Z</time></trkpt>
<trkpt lat="30.62590002372024" lon="104.055415472962"><ele>485</ele><time>2025-04-10T13:28:36.000Z</time></trkpt>
<trkpt lat="30.62590002372024" lon="104.055415472962"><ele>485</ele><time>2025-04-10T13:28:37.000Z</time></trkpt>
<trkpt lat="30.62590002372024" lon="104.055415472962"><ele>485</ele><time>2025-04-10T13:28:38.000Z</time></trkpt>
<trkpt lat="30.62590002372024" lon="104.055415472962"><ele>485</ele><time>2025-04-10T13:28:39.000Z</time></trkpt>
<trkpt lat="30.62590002372024" lon="104.055415472962"><ele>485</ele><time>2025-04-10T13:28:40.000Z</time></trkpt>
<trkpt lat="30.62590002372024" lon="104.055415472962"><ele>485</ele><time>2025-04-10T13:28:41.000Z</time></trkpt>
<trkpt lat="30.62590002372024" lon="104.055415472962"><ele>485</ele><time>2025-04-10T13:28:42.000Z</time></trkpt>
<trkpt lat="30.62590002372024" lon="104.055415472962"><ele>485</ele><time>2025-04-10T13:28:43.000Z</time></trkpt>
<trkpt lat="30.62590002372024" lon="104.055415472962"><ele>485</ele><time>2025-04-10T13:28:44.000Z</time></trkpt>
<trkpt lat="30.62590002372024" lon="104.055415472962"><ele>485</ele><time>2025-04-10T13:28:45.000Z</time></trkpt>
<trkpt lat="30.62590002372024" lon="104.055415472962"><ele>485</ele><time>2025-04-10T13:28:46.000Z</time></trkpt>
<trkpt lat="30.62590002372024" lon="104.055415472962"><ele>485</ele><time>2025-04-10T13:28:47.000Z</time></trkpt>
<trkpt lat="30.62590002372024" lon="104.055415472962"><ele>486</ele><time>2025-04-10T13:28:48.000Z</time></trkpt>
<trkpt lat="30.62590002372024" lon="104.055415472962"><ele>486</ele><time>2025-04-10T13:28:49.000Z</time></trkpt>
<trkpt lat="30.62590002372024" lon="104.055415472962"><ele>485</ele><time>2025-04-10T13:28:50.000Z</time></trkpt>
<trkpt lat="30.62590002372024" lon="104.055415472962"><ele>485</ele><time>2025-04-10T13:28:51.000Z</time></trkpt>
<trkpt lat="30.62590002372024" lon="104.055415472962"><ele>486</ele><time>2025-04-10T13:28:52.000Z</time></trkpt>
<trkpt lat="30.62590002372024" lon="104.055415472962"><ele>486</ele><time>2025-04-10T13:28:53.000Z</time></trkpt>
<trkpt lat="30.62590002372024" lon="104.055415472962"><ele>486</ele><time>2025-04-10T13:28:54.000Z</time></trkpt>
<trkpt lat="30.62590002372024" lon="104.055415472962"><ele>486</ele><time>2025-04-10T13:28:55.000Z</time></trkpt>
<trkpt lat="30.62590002372024" lon="104.055415472962"><ele>486</ele><time>2025-04-10T13:28:56.000Z</time></trkpt>
<trkpt lat="30.62590002372024" lon="104.055415472962"><ele>486</ele><time>2025-04-10T13:28:57.000Z</time></trkpt>
<trkpt lat="30.62590002372024" lon="104.055415472962"><ele>486</ele><time>2025-04-10T13:28:58.000Z</time></trkpt>
<trkpt lat="30.62590002372024" lon="104.055415472962"><ele>486</ele><time>2025-04-10T13:28:59.000Z</time></trkpt>
<trkpt lat="30.62590002372024" lon="104.055415472962"><ele>486</ele><time>2025-04-10T13:29:00.000Z</time></trkpt>
<trkpt lat="30.62590002372024" lon="104.055415472962"><ele>486</ele><time>2025-04-10T13:29:01.000Z</time></trkpt>
<trkpt lat="30.62590002372024" lon="104.055415472962"><ele>486</ele><time>2025-04-10T13:29:02.000Z</time></trkpt>
<trkpt lat="30.62590002372024" lon="104.055415472962"><ele>486</ele><time>2025-04-10T13:29:03.000Z</time></trkpt>
<trkpt lat="30.62590002372024" lon="104.055415472962"><ele>487</ele><time>2025-04-10T13:29:04.000Z</time></trkpt>
<trkpt lat="30.62590002372024" lon="104.055415472962"><ele>487</ele><time>2025-04-10T13:29:05.000Z</time></trkpt>
<trkpt lat="30.62590002372024" lon="104.055415472962"><ele>487</ele><time>2025-04-10T13:29:06.000Z</time></trkpt>
<trkpt lat="30.62590002372024" lon="104.055415472962"><ele>487</ele><time>2025-04-10T13:29:07.000Z</time></trkpt>
<trkpt lat="30.62590002372024" lon="104.055415472962"><ele>487</ele><time>2025-04-10T13:29:08.000Z</time></trkpt>
<trkpt lat="30.62590002372024" lon="104.055415472962"><ele>487</ele><time>2025-04-10T13:29:09.000Z</time></trkpt>
<trkpt lat="30.62590002372024" lon="104.055415472962"><ele>487</ele><time>2025-04-10T13:29:10.000Z</time></trkpt>
<trkpt lat="30.62590002372024" lon="104.055415472962"><ele>487</ele><time>2025-04-10T13:29:11.000Z</time></trkpt>
<trkpt lat="30.62590002372024" lon="104.055415472962"><ele>487</ele><time>2025-04-10T13:29:12.000Z</time></trkpt>
<trkpt lat="30.62590002372024" lon="104.055415472962"><ele>487</ele><time>2025-04-10T13:29:13.000Z</time></trkpt>
<trkpt lat="30.62590002372024" lon="104.055415472962"><ele>487</ele><time>2025-04-10T13:29:14.000Z</time></trkpt>
<trkpt lat="30.62590002372024" lon="104.055415472962"><ele>487</ele><time>2025-04-10T13:29:15.000Z</time></trkpt>
<trkpt lat="30.62590002372024" lon="104.055415472962"><ele>487</ele><time>2025-04-10T13:29:16.000Z</time></trkpt>
<trkpt lat="30.62590002372024" lon="104.055415472962"><ele>487</ele><time>2025-04-10T13:29:17.000Z</time></trkpt>
<trkpt lat="30.62590002372024" lon="104.055415472962"><ele>487</ele><time>2025-04-10T13:29:18.000Z</time></trkpt>
<trkpt lat="30.62590002372024" lon="104.055415472962"><ele>487</ele><time>2025-04-10T13:29:19.000Z</time></trkpt>
<trkpt lat="30.62590002372024" lon="104.055415472962"><ele>487</ele><time>2025-04-10T13:29:20.000Z</time></trkpt>
<trkpt lat="30.62590002372024" lon="104.055415472962"><ele>488</ele><time>2025-04-10T13:29:21.000Z</time></trkpt>
<trkpt lat="30.62590002372024" lon="104.055415472962"><ele>488</ele><time>2025-04-10T13:29:22.000Z</time></trkpt>
<trkpt lat="30.62590002372024" lon="104.055415472962"><ele>489</ele><time>2025-04-10T13:29:23.000Z</time></trkpt>
<trkpt lat="30.62590002372024" lon="104.055415472962"><ele>489</ele><time>2025-04-10T13:29:24.000Z</time></trkpt>
<trkpt lat="30.62590002372024" lon="104.055415472962"><ele>489</ele><time>2025-04-10T13:29:25.000Z</time></trkpt>
<trkpt lat="30.62590002372024" lon="104.055415472962"><ele>488</ele><time>2025-04-10T13:29:26.000Z</time></trkpt>
<trkpt lat="30.62590002372024" lon="104.055415472962"><ele>488</ele><time>2025-04-10T13:29:27.000Z</time></trkpt>
<trkpt lat="30.62590002372024" lon="104.055415472962"><ele>489</ele><time>2025-04-10T13:29:28.000Z</time></trkpt>
<trkpt lat="30.62590002372024" lon="104.055415472962"><ele>488</ele><time>2025-04-10T13:29:29.000Z</time></trkpt>
<trkpt lat="30.62590002372024" lon="104.055415472962"><ele>488</ele><time>2025-04-10T13:29:30.000Z</time></trkpt>
<trkpt lat="30.62590002372024" lon="104.055415472962"><ele>489</ele><time>2025-04-10T13:29:31.000Z</time></trkpt>
<trkpt lat="30.62590002372024" lon="104.055415472962"><ele>489</ele><time>2025-04-10T13:29:32.000Z</time></trkpt>
<trkpt lat="30.62590002372024" lon="104.055415472962"><ele>489</ele><time>2025-04-10T13:29:33.000Z</time></trkpt>
<trkpt lat="30.62590002372024" lon="104.055415472962"><ele>488</ele><time>2025-04-10T13:29:34.000Z</time></trkpt>
<trkpt lat="30.62590002372024" lon="104.055415472962"><ele>488</ele><time>2025-04-10T13:29:35.000Z</time></trkpt>
<trkpt lat="30.62590002372024" lon="104.055415472962"><ele>488</ele><time>2025-04-10T13:29:36.000Z</time></trkpt>
<trkpt lat="30.62590002372024" lon="104.055415472962"><ele>487</ele><time>2025-04-10T13:29:37.000Z</time></trkpt>
<trkpt lat="30.62590002372024" lon="104.055415472962"><ele>487</ele><time>2025-04-10T13:29:38.000Z</time></trkpt>
<trkpt lat="30.62590002372024" lon="104.055415472962"><ele>487</ele><time>2025-04-10T13:29:39.000Z</time></trkpt>
<trkpt lat="30.62590002372024" lon="104.055415472962"><ele>486</ele><time>2025-04-10T13:29:40.000Z</time></trkpt>
<trkpt lat="30.62590002372024" lon="104.055415472962"><ele>485</ele><time>2025-04-10T13:29:41.000Z</time></trkpt>
<trkpt lat="30.62590002372024" lon="104.055415472962"><ele>485</ele><time>2025-04-10T13:29:42.000Z</time></trkpt>
<trkpt lat="30.62590002372024" lon="104.055415472962"><ele>485</ele><time>2025-04-10T13:29:43.000Z</time></trkpt>
<trkpt lat="30.62590002372024" lon="104.055415472962"><ele>484</ele><time>2025-04-10T13:29:44.000Z</time></trkpt>
<trkpt lat="30.62590002372024" lon="104.055415472962"><ele>484</ele><time>2025-04-10T13:29:45.000Z</time></trkpt>
<trkpt lat="30.62590002372024" lon="104.055415472962"><ele>484</ele><time>2025-04-10T13:29:46.000Z</time></trkpt>
<trkpt lat="30.62590002372024" lon="104.055415472962"><ele>484</ele><time>2025-04-10T13:29:47.000Z</time></trkpt>
<trkpt lat="30.62590002372024" lon="104.055415472962"><ele>484</ele><time>2025-04-10T13:29:48.000Z</time></trkpt>
<trkpt lat="30.62590002372024" lon="104.055415472962"><ele>483</ele><time>2025-04-10T13:29:49.000Z</time></trkpt>
<trkpt lat="30.62590002372024" lon="104.055415472962"><ele>482</ele><time>2025-04-10T13:29:50.000Z</time></trkpt>
<trkpt lat="30.62590002372024" lon="104.055415472962"><ele>482</ele><time>2025-04-10T13:29:51.000Z</time></trkpt>
<trkpt lat="30.62590002372024" lon="104.055415472962"><ele>482</ele><time>2025-04-10T13:29:52.000Z</time></trkpt>
<trkpt lat="30.62590002372024" lon="104.055415472962"><ele>480</ele><time>2025-04-10T13:29:53.000Z</time></trkpt>
<trkpt lat="30.62590002372024" lon="104.055415472962"><ele>480</ele><time>2025-04-10T13:29:54.000Z</time></trkpt>
<trkpt lat="30.62590002372024" lon="104.055415472962"><ele>480</ele><time>2025-04-10T13:29:55.000Z</time></trkpt>
<trkpt lat="30.62590002372024" lon="104.055415472962"><ele>479</ele><time>2025-04-10T13:29:56.000Z</time></trkpt>
<trkpt lat="30.62590002372024" lon="104.055415472962"><ele>479</ele><time>2025-04-10T13:29:57.000Z</time></trkpt>
<trkpt lat="30.62590002372024" lon="104.055415472962"><ele>479</ele><time>2025-04-10T13:29:58.000Z</time></trkpt>
<trkpt lat="30.62590002372024" lon="104.055415472962"><ele>479</ele><time>2025-04-10T13:29:59.000Z</time></trkpt>
<trkpt lat="30.62590002372024" lon="104.055415472962"><ele>479</ele><time>2025-04-10T13:30:00.000Z</time></trkpt>
<trkpt lat="30.62590002372024" lon="104.055415472962"><ele>479</ele><time>2025-04-10T13:30:01.000Z</time></trkpt>
<trkpt lat="30.62590002372024" lon="104.055415472962"><ele>478</ele><time>2025-04-10T13:30:02.000Z</time></trkpt>
<trkpt lat="30.62590002372024" lon="104.055415472962"><ele>477</ele><time>2025-04-10T13:30:03.000Z</time></trkpt>
<trkpt lat="30.62590002372024" lon="104.055415472962"><ele>477</ele><time>2025-04-10T13:30:04.000Z</time></trkpt>
<trkpt lat="30.62590002372024" lon="104.055415472962"><ele>477</ele><time>2025-04-10T13:30:05.000Z</time></trkpt>
<trkpt lat="30.62590002372024" lon="104.055415472962"><ele>477</ele><time>2025-04-10T13:30:06.000Z</time></trkpt>
<trkpt lat="30.62590002372024" lon="104.055415472962"><ele>477</ele><time>2025-04-10T13:30:07.000Z</time></trkpt>
<trkpt lat="30.62590002372024" lon="104.055415472962"><ele>477</ele><time>2025-04-10T13:30:08.000Z</time></trkpt>
<trkpt lat="30.62590002372024" lon="104.055415472962"><ele>477</ele><time>2025-04-10T13:30:09.000Z</time></trkpt>
<trkpt lat="30.62590002372024" lon="104.055415472962"><ele>477</ele><time>2025-04-10T13:30:10.000Z</time></trkpt>
<trkpt lat="30.62590002372024" lon="104.055415472962"><ele>476</ele><time>2025-04-10T13:30:11.000Z</time></trkpt>
<trkpt lat="30.62590002372024" lon="104.055415472962"><ele>476</ele><time>2025-04-10T13:30:12.000Z</time></trkpt>
<trkpt lat="30.62590002372024" lon="104.055415472962"><ele>476</ele><time>2025-04-10T13:30:13.000Z</time></trkpt>
<trkpt lat="30.62590002372024" lon="104.055415472962"><ele>478</ele><time>2025-04-10T13:30:14.000Z</time></trkpt>
<trkpt lat="30.62590002372024" lon="104.055415472962"><ele>479</ele><time>2025-04-10T13:30:15.000Z</time></trkpt>
<trkpt lat="30.62590002372024" lon="104.055415472962"><ele>480</ele><time>2025-04-10T13:30:16.000Z</time></trkpt>
<trkpt lat="30.62590002372024" lon="104.055415472962"><ele>481</ele><time>2025-04-10T13:30:17.000Z</time></trkpt>
<trkpt lat="30.62590002372024" lon="104.055415472962"><ele>481</ele><time>2025-04-10T13:30:18.000Z</time></trkpt>
<trkpt lat="30.62590002372024" lon="104.055415472962"><ele>481</ele><time>2025-04-10T13:30:19.000Z</time></trkpt>
<trkpt lat="30.62590002372024" lon="104.055415472962"><ele>482</ele><time>2025-04-10T13:30:20.000Z</time></trkpt>
<trkpt lat="30.62590002372024" lon="104.055415472962"><ele>483</ele><time>2025-04-10T13:30:21.000Z</time></trkpt>
<trkpt lat="30.62590002372024" lon="104.055415472962"><ele>483</ele><time>2025-04-10T13:30:22.000Z</time></trkpt>
<trkpt lat="30.62590002372024" lon="104.055415472962"><ele>484</ele><time>2025-04-10T13:30:23.000Z</time></trkpt>
<trkpt lat="30.62590002372024" lon="104.055415472962"><ele>484</ele><time>2025-04-10T13:30:24.000Z</time></trkpt>
<trkpt lat="30.62590002372024" lon="104.055415472962"><ele>484</ele><time>2025-04-10T13:30:25.000Z</time></trkpt>
<trkpt lat="30.62590002372024" lon="104.055415472962"><ele>485</ele><time>2025-04-10T13:30:26.000Z</time></trkpt>
<trkpt lat="30.62590002372024" lon="104.055415472962"><ele>486</ele><time>2025-04-10T13:30:27.000Z</time></trkpt>
<trkpt lat="30.62590002372024" lon="104.055415472962"><ele>486</ele><time>2025-04-10T13:30:28.000Z</time></trkpt>
<trkpt lat="30.62590002372024" lon="104.055415472962"><ele>487</ele><time>2025-04-10T13:30:29.000Z</time></trkpt>
<trkpt lat="30.62590002372024" lon="104.055415472962"><ele>488</ele><time>2025-04-10T13:30:30.000Z</time></trkpt>
<trkpt lat="30.62590002372024" lon="104.055415472962"><ele>488</ele><time>2025-04-10T13:30:31.000Z</time></trkpt>
<trkpt lat="30.62590002372024" lon="104.055415472962"><ele>489</ele><time>2025-04-10T13:30:32.000Z</time></trkpt>
<trkpt lat="30.62590002372024" lon="104.055415472962"><ele>489</ele><time>2025-04-10T13:30:33.000Z</time></trkpt>
<trkpt lat="30.62590002372024" lon="104.055415472962"><ele>489</ele><time>2025-04-10T13:30:34.000Z</time></trkpt>
<trkpt lat="30.62590002372024" lon="104.055415472962"><ele>490</ele><time>2025-04-10T13:30:35.000Z</time></trkpt>
<trkpt lat="30.62590002372024" lon="104.055415472962"><ele>490</ele><time>2025-04-10T13:30:36.000Z</time></trkpt>
<trkpt lat="30.62590002372024" lon="104.055415472962"><ele>491</ele><time>2025-04-10T13:30:37.000Z</time></trkpt>
<trkpt lat="30.62590002372024" lon="104.055415472962"><ele>492</ele><time>2025-04-10T13:30:38.000Z</time></trkpt>
<trkpt lat="30.62590002372024" lon="104.055415472962"><ele>492</ele><time>2025-04-10T13:30:39.000Z</time></trkpt>
<trkpt lat="30.62590002372024" lon="104.055415472962"><ele>493</ele><time>2025-04-10T13:30:40.000Z</time></trkpt>
<trkpt lat="30.62590002372024" lon="104.055415472962"><ele>493</ele><time>2025-04-10T13:30:41.000Z</time></trkpt>
<trkpt lat="30.62590002372024" lon="104.055415472962"><ele>493</ele><time>2025-04-10T13:30:42.000Z</time></trkpt>
<trkpt lat="30.62590002372024" lon="104.055415472962"><ele>493</ele><time>2025-04-10T13:30:43.000Z</time></trkpt>
<trkpt lat="30.62590002372024" lon="104.055415472962"><ele>493</ele><time>2025-04-10T13:30:44.000Z</time></trkpt>
<trkpt lat="30.62590002372024" lon="104.055415472962"><ele>492</ele><time>2025-04-10T13:30:45.000Z</time></trkpt>
<trkpt lat="30.62590002372024" lon="104.055415472962"><ele>493</ele><time>2025-04-10T13:30:46.000Z</time></trkpt>
<trkpt lat="30.62590002372024" lon="104.055415472962"><ele>493</ele><time>2025-04-10T13:30:47.000Z</time></trkpt>
<trkpt lat="30.62590002372024" lon="104.055415472962"><ele>493</ele><time>2025-04-10T13:30:48.000Z</time></trkpt>
<trkpt lat="30.62590002372024" lon="104.055415472962"><ele>492</ele><time>2025-04-10T13:30:49.000Z</time></trkpt>
<trkpt lat="30.62590002372024" lon="104.055415472962"><ele>492</ele><time>2025-04-10T13:30:50.000Z</time></trkpt>
<trkpt lat="30.62590002372024" lon="104.055415472962"><ele>492</ele><time>2025-04-10T13:30:51.000Z</time></trkpt>
<trkpt lat="30.62590002372024" lon="104.055415472962"><ele>491</ele><time>2025-04-10T13:30:52.000Z</time></trkpt>
<trkpt lat="30.62590002372024" lon="104.055415472962"><ele>490</ele><time>2025-04-10T13:30:53.000Z</time></trkpt>
<trkpt lat="30.62590002372024" lon="104.055415472962"><ele>490</ele><time>2025-04-10T13:30:54.000Z</time></trkpt>
<trkpt lat="30.62590002372024" lon="104.055415472962"><ele>489</ele><time>2025-04-10T13:30:55.000Z</time></trkpt>
<trkpt lat="30.62590002372024" lon="104.055415472962"><ele>489</ele><time>2025-04-10T13:30:56.000Z</time></trkpt>
<trkpt lat="30.62590002372024" lon="104.055415472962"><ele>489</ele><time>2025-04-10T13:30:57.000Z</time></trkpt>
<trkpt lat="30.62590002372024" lon="104.055415472962"><ele>489</ele><time>2025-04-10T13:30:58.000Z</time></trkpt>
<trkpt lat="30.62590002372024" lon="104.055415472962"><ele>489</ele><time>2025-04-10T13:30:59.000Z</time></trkpt>
<trkpt lat="30.62590002372024" lon="104.055415472962"><ele>488</ele><time>2025-04-10T13:31:00.000Z</time></trkpt>
<trkpt lat="30.62590002372024" lon="104.055415472962"><ele>488</ele><time>2025-04-10T13:31:01.000Z</time></trkpt>
<trkpt lat="30.62590002372024" lon="104.055415472962"><ele>488</ele><time>2025-04-10T13:31:02.000Z</time></trkpt>
<trkpt lat="30.62590002372024" lon="104.055415472962"><ele>488</ele><time>2025-04-10T13:31:03.000Z</time></trkpt>
<trkpt lat="30.62590002372024" lon="104.055415472962"><ele>488</ele><time>2025-04-10T13:31:04.000Z</time></trkpt>
<trkpt lat="30.62590002372024" lon="104.055415472962"><ele>488</ele><time>2025-04-10T13:31:05.000Z</time></trkpt>
<trkpt lat="30.62590002372024" lon="104.055415472962"><ele>488</ele><time>2025-04-10T13:31:06.000Z</time></trkpt>
<trkpt lat="30.62590002372024" lon="104.055415472962"><ele>488</ele><time>2025-04-10T13:31:07.000Z</time></trkpt>
<trkpt lat="30.62590002372024" lon="104.055415472962"><ele>488</ele><time>2025-04-10T13:31:08.000Z</time></trkpt>
<trkpt lat="30.62590002372024" lon="104.055415472962"><ele>488</ele><time>2025-04-10T13:31:09.000Z</time></trkpt>
<trkpt lat="30.62590002372024" lon="104.055415472962"><ele>488</ele><time>2025-04-10T13:31:10.000Z</time></trkpt>
<trkpt lat="30.62590002372024" lon="104.055415472962"><ele>488</ele><time>2025-04-10T13:31:11.000Z</time></trkpt>
<trkpt lat="30.62590002372024" lon="104.055415472962"><ele>489</ele><time>2025-04-10T13:31:12.000Z</time></trkpt>
<trkpt lat="30.62590002372024" lon="104.055415472962"><ele>488</ele><time>2025-04-10T13:31:13.000Z</time></trkpt>
<trkpt lat="30.62590002372024" lon="104.055415472962"><ele>487</ele><time>2025-04-10T13:31:14.000Z</time></trkpt>
<trkpt lat="30.62590002372024" lon="104.055415472962"><ele>487</ele><time>2025-04-10T13:31:15.000Z</time></trkpt>
<trkpt lat="30.62590002372024" lon="104.055415472962"><ele>487</ele><time>2025-04-10T13:31:16.000Z</time></trkpt>
<trkpt lat="30.62590002372024" lon="104.055415472962"><ele>485</ele><time>2025-04-10T13:31:17.000Z</time></trkpt>
<trkpt lat="30.62590002372024" lon="104.055415472962"><ele>485</ele><time>2025-04-10T13:31:18.000Z</time></trkpt>
<trkpt lat="30.62590002372024" lon="104.055415472962"><ele>486</ele><time>2025-04-10T13:31:19.000Z</time></trkpt>
<trkpt lat="30.62590002372024" lon="104.055415472962"><ele>486</ele><time>2025-04-10T13:31:20.000Z</time></trkpt>
<trkpt lat="30.62590002372024" lon="104.055415472962"><ele>487</ele><time>2025-04-10T13:31:21.000Z</time></trkpt>
<trkpt lat="30.62590002372024" lon="104.055415472962"><ele>487</ele><time>2025-04-10T13:31:22.000Z</time></trkpt>
<trkpt lat="30.62590002372024" lon="104.055415472962"><ele>487</ele><time>2025-04-10T13:31:23.000Z</time></trkpt>
<trkpt lat="30.62590002372024" lon="104.055415472962"><ele>488</ele><time>2025-04-10T13:31:24.000Z</time></trkpt>
<trkpt lat="30.62590002372024" lon="104.055415472962"><ele>488</ele><time>2025-04-10T13:31:25.000Z</time></trkpt>
<trkpt lat="30.62590002372024" lon="104.055415472962"><ele>488</ele><time>2025-04-10T13:31:26.000Z</time></trkpt>
<trkpt lat="30.62590002372024" lon="104.055415472962"><ele>488</ele><time>2025-04-10T13:31:27.000Z</time></trkpt>
<trkpt lat="30.62590002372024" lon="104.055415472962"><ele>488</ele><time>2025-04-10T13:31:28.000Z</time></trkpt>
<trkpt lat="30.62590002372024" lon="104.055415472962"><ele>488</ele><time>2025-04-10T13:31:29.000Z</time></trkpt>
<trkpt lat="30.62590002372024" lon="104.055415472962"><ele>488</ele><time>2025-04-10T13:31:30.000Z</time></trkpt>
<trkpt lat="30.62590002372024" lon="104.055415472962"><ele>488</ele><time>2025-04-10T13:31:31.000Z</time></trkpt>
<trkpt lat="30.62590002372024" lon="104.055415472962"><ele>489</ele><time>2025-04-10T13:31:32.000Z</time></trkpt>
<trkpt lat="30.62590002372024" lon="104.055415472962"><ele>488</ele><time>2025-04-10T13:31:33.000Z</time></trkpt>
<trkpt lat="30.62590002372024" lon="104.055415472962"><ele>488</ele><time>2025-04-10T13:31:34.000Z</time></trkpt>
<trkpt lat="30.62590002372024" lon="104.055415472962"><ele>488</ele><time>2025-04-10T13:31:35.000Z</time></trkpt>
<trkpt lat="30.62590002372024" lon="104.055415472962"><ele>488</ele><time>2025-04-10T13:31:36.000Z</time></trkpt>
<trkpt lat="30.62590002372024" lon="104.055415472962"><ele>488</ele><time>2025-04-10T13:31:37.000Z</time></trkpt>
<trkpt lat="30.62590002372024" lon="104.055415472962"><ele>489</ele><time>2025-04-10T13:31:38.000Z</time></trkpt>
<trkpt lat="30.62590002372024" lon="104.055415472962"><ele>488</ele><time>2025-04-10T13:31:39.000Z</time></trkpt>
<trkpt lat="30.62590002372024" lon="104.055415472962"><ele>488</ele><time>2025-04-10T13:31:40.000Z</time></trkpt>
<trkpt lat="30.62590002372024" lon="104.055415472962"><ele>489</ele><time>2025-04-10T13:31:41.000Z</time></trkpt>
<trkpt lat="30.62590002372024" lon="104.055415472962"><ele>489</ele><time>2025-04-10T13:31:42.000Z</time></trkpt>
<trkpt lat="30.62590002372024" lon="104.055415472962"><ele>489</ele><time>2025-04-10T13:31:43.000Z</time></trkpt>
<trkpt lat="30.62590002372024" lon="104.055415472962"><ele>489</ele><time>2025-04-10T13:31:44.000Z</time></trkpt>
<trkpt lat="30.62590002372024" lon="104.055415472962"><ele>489</ele><time>2025-04-10T13:31:45.000Z</time></trkpt>
<trkpt lat="30.62590002372024" lon="104.055415472962"><ele>489</ele><time>2025-04-10T13:31:46.000Z</time></trkpt>
<trkpt lat="30.62590002372024" lon="104.055415472962"><ele>489</ele><time>2025-04-10T13:31:47.000Z</time></trkpt>
<trkpt lat="30.62590002372024" lon="104.055415472962"><ele>489</ele><time>2025-04-10T13:31:48.000Z</time></trkpt>
<trkpt lat="30.62590002372024" lon="104.055415472962"><ele>489</ele><time>2025-04-10T13:31:49.000Z</time></trkpt>
<trkpt lat="30.62590002372024" lon="104.055415472962"><ele>490</ele><time>2025-04-10T13:31:50.000Z</time></trkpt>
<trkpt lat="30.62590002372024" lon="104.055415472962"><ele>489</ele><time>2025-04-10T13:31:51.000Z</time></trkpt>
<trkpt lat="30.62590002372024" lon="104.055415472962"><ele>489</ele><time>2025-04-10T13:31:52.000Z</time></trkpt>
<trkpt lat="30.62590002372024" lon="104.055415472962"><ele>489</ele><time>2025-04-10T13:31:53.000Z</time></trkpt>
<trkpt lat="30.62590002372024" lon="104.055415472962"><ele>489</ele><time>2025-04-10T13:31:54.000Z</time></trkpt>
<trkpt lat="30.62590002372024" lon="104.055415472962"><ele>488</ele><time>2025-04-10T13:31:55.000Z</time></trkpt>
<trkpt lat="30.62590002372024" lon="104.055415472962"><ele>488</ele><time>2025-04-10T13:31:56.000Z</time></trkpt>
<trkpt lat="30.62590002372024" lon="104.055415472962"><ele>488</ele><time>2025-04-10T13:31:57.000Z</time></trkpt>
<trkpt lat="30.62590002372024" lon="104.055415472962"><ele>487</ele><time>2025-04-10T13:31:58.000Z</time></trkpt>
<trkpt lat="30.62590002372024" lon="104.055415472962"><ele>487</ele><time>2025-04-10T13:31:59.000Z</time></trkpt>
<trkpt lat="30.62590002372024" lon="104.055415472962"><ele>487</ele><time>2025-04-10T13:32:00.000Z</time></trkpt>
<trkpt lat="30.62590002372024" lon="104.055415472962"><ele>486</ele><time>2025-04-10T13:32:01.000Z</time></trkpt>
<trkpt lat="30.62590002372024" lon="104.055415472962"><ele>486</ele><time>2025-04-10T13:32:02.000Z</time></trkpt>
<trkpt lat="30.62590002372024" lon="104.055415472962"><ele>486</ele><time>2025-04-10T13:32:03.000Z</time></trkpt>
<trkpt lat="30.62590002372024" lon="104.055415472962"><ele>485</ele><time>2025-04-10T13:32:04.000Z</time></trkpt>
<trkpt lat="30.62590002372024" lon="104.055415472962"><ele>485</ele><time>2025-04-10T13:32:05.000Z</time></trkpt>
<trkpt lat="30.62590002372024" lon="104.055415472962"><ele>485</ele><time>2025-04-10T13:32:06.000Z</time></trkpt>
<trkpt lat="30.62590002372024" lon="104.055415472962"><ele>484</ele><time>2025-04-10T13:32:07.000Z</time></trkpt>
<trkpt lat="30.62590002372024" lon="104.055415472962"><ele>484</ele><time>2025-04-10T13:32:08.000Z</time></trkpt>
<trkpt lat="30.62590002372024" lon="104.055415472962"><ele>484</ele><time>2025-04-10T13:32:09.000Z</time></trkpt>
<trkpt lat="30.62590002372024" lon="104.055415472962"><ele>484</ele><time>2025-04-10T13:32:10.000Z</time></trkpt>
<trkpt lat="30.62590002372024" lon="104.055415472962"><ele>484</ele><time>2025-04-10T13:32:11.000Z</time></trkpt>
<trkpt lat="30.62590002372024" lon="104.055415472962"><ele>484</ele><time>2025-04-10T13:32:12.000Z</time></trkpt>
<trkpt lat="30.62590002372024" lon="104.055415472962"><ele>484</ele><time>2025-04-10T13:32:13.000Z</time></trkpt>
<trkpt lat="30.62590002372024" lon="104.055415472962"><ele>484</ele><time>2025-04-10T13:32:14.000Z</time></trkpt>
<trkpt lat="30.62590002372024" lon="104.055415472962"><ele>484</ele><time>2025-04-10T13:32:15.000Z</time></trkpt>
<trkpt lat="30.62590002372024" lon="104.055415472962"><ele>484</ele><time>2025-04-10T13:32:16.000Z</time></trkpt>
<trkpt lat="30.62590002372024" lon="104.055415472962"><ele>484</ele><time>2025-04-10T13:32:17.000Z</time></trkpt>
<trkpt lat="30.62590002372024" lon="104.055415472962"><ele>484</ele><time>2025-04-10T13:32:18.000Z</time></trkpt>
<trkpt lat="30.62590002372024" lon="104.055415472962"><ele>483</ele><time>2025-04-10T13:32:19.000Z</time></trkpt>
<trkpt lat="30.62590002372024" lon="104.055415472962"><ele>484</ele><time>2025-04-10T13:32:20.000Z</time></trkpt>
<trkpt lat="30.62590002372024" lon="104.055415472962"><ele>484</ele><time>2025-04-10T13:32:21.000Z</time></trkpt>
<trkpt lat="30.62590002372024" lon="104.055415472962"><ele>484</ele><time>2025-04-10T13:32:22.000Z</time></trkpt>
<trkpt lat="30.62590002372024" lon="104.055415472962"><ele>484</ele><time>2025-04-10T13:32:23.000Z</time></trkpt>
<trkpt lat="30.62590002372024" lon="104.055415472962"><ele>484</ele><time>2025-04-10T13:32:24.000Z</time></trkpt>
<trkpt lat="30.62590002372024" lon="104.055415472962"><ele>484</ele><time>2025-04-10T13:32:25.000Z</time></trkpt>
<trkpt lat="30.62590002372024" lon="104.055415472962"><ele>483</ele><time>2025-04-10T13:32:26.000Z</time></trkpt>
<trkpt lat="30.62590002372024" lon="104.055415472962"><ele>483</ele><time>2025-04-10T13:32:27.000Z</time></trkpt>
<trkpt lat="30.62590002372024" lon="104.055415472962"><ele>483</ele><time>2025-04-10T13:32:28.000Z</time></trkpt>
<trkpt lat="30.62590002372024" lon="104.055415472962"><ele>483</ele><time>2025-04-10T13:32:29.000Z</time></trkpt>
<trkpt lat="30.62590002372024" lon="104.055415472962"><ele>483</ele><time>2025-04-10T13:32:30.000Z</time></trkpt>
<trkpt lat="30.62590002372024" lon="104.055415472962"><ele>484</ele><time>2025-04-10T13:32:31.000Z</time></trkpt>
<trkpt lat="30.62590002372024" lon="104.055415472962"><ele>484</ele><time>2025-04-10T13:32:32.000Z</time></trkpt>
<trkpt lat="30.62590002372024" lon="104.055415472962"><ele>484</ele><time>2025-04-10T13:32:33.000Z</time></trkpt>
<trkpt lat="30.62590002372024" lon="104.055415472962"><ele>484</ele><time>2025-04-10T13:32:34.000Z</time></trkpt>
<trkpt lat="30.62590002372024" lon="104.055415472962"><ele>484</ele><time>2025-04-10T13:32:35.000Z</time></trkpt>
<trkpt lat="30.62590002372024" lon="104.055415472962"><ele>483</ele><time>2025-04-10T13:32:36.000Z</time></trkpt>
<trkpt lat="30.62590002372024" lon="104.055415472962"><ele>483</ele><time>2025-04-10T13:32:37.000Z</time></trkpt>
<trkpt lat="30.62590002372024" lon="104.055415472962"><ele>483</ele><time>2025-04-10T13:32:38.000Z</time></trkpt>
<trkpt lat="30.62590002372024" lon="104.055415472962"><ele>484</ele><time>2025-04-10T13:32:39.000Z</time></trkpt>
<trkpt lat="30.62590002372024" lon="104.055415472962"><ele>483</ele><time>2025-04-10T13:32:40.000Z</time></trkpt>
<trkpt lat="30.62590002372024" lon="104.055415472962"><ele>483</ele><time>2025-04-10T13:32:41.000Z</time></trkpt>
<trkpt lat="30.62590002372024" lon="104.055415472962"><ele>484</ele><time>2025-04-10T13:32:42.000Z</time></trkpt>
<trkpt lat="30.62590002372024" lon="104.055415472962"><ele>484</ele><time>2025-04-10T13:32:43.000Z</time></trkpt>
<trkpt lat="30.62590002372024" lon="104.055415472962"><ele>486</ele><time>2025-04-10T13:32:44.000Z</time></trkpt>
<trkpt lat="30.62590002372024" lon="104.055415472962"><ele>487</ele><time>2025-04-10T13:32:45.000Z</time></trkpt>
<trkpt lat="30.62590002372024" lon="104.055415472962"><ele>488</ele><time>2025-04-10T13:32:46.000Z</time></trkpt>
<trkpt lat="30.62590002372024" lon="104.055415472962"><ele>488</ele><time>2025-04-10T13:32:47.000Z</time></trkpt>
<trkpt lat="30.62590002372024" lon="104.055415472962"><ele>489</ele><time>2025-04-10T13:32:48.000Z</time></trkpt>
<trkpt lat="30.62590002372024" lon="104.055415472962"><ele>489</ele><time>2025-04-10T13:32:49.000Z</time></trkpt>
<trkpt lat="30.62590002372024" lon="104.055415472962"><ele>489</ele><time>2025-04-10T13:32:50.000Z</time></trkpt>
<trkpt lat="30.62590002372024" lon="104.055415472962"><ele>490</ele><time>2025-04-10T13:32:51.000Z</time></trkpt>
<trkpt lat="30.62590002372024" lon="104.055415472962"><ele>490</ele><time>2025-04-10T13:32:52.000Z</time></trkpt>
<trkpt lat="30.62590002372024" lon="104.055415472962"><ele>490</ele><time>2025-04-10T13:32:53.000Z</time></trkpt>
<trkpt lat="30.62590002372024" lon="104.055415472962"><ele>490</ele><time>2025-04-10T13:32:54.000Z</time></trkpt>
<trkpt lat="30.62590002372024" lon="104.055415472962"><ele>490</ele><time>2025-04-10T13:32:55.000Z</time></trkpt>
<trkpt lat="30.62590002372024" lon="104.055415472962"><ele>491</ele><time>2025-04-10T13:32:56.000Z</time></trkpt>
<trkpt lat="30.62590002372024" lon="104.055415472962"><ele>489</ele><time>2025-04-10T13:32:57.000Z</time></trkpt>
<trkpt lat="30.62590002372024" lon="104.055415472962"><ele>487</ele><time>2025-04-10T13:32:58.000Z</time></trkpt>
<trkpt lat="30.62590002372024" lon="104.055415472962"><ele>487</ele><time>2025-04-10T13:32:59.000Z</time></trkpt>
<trkpt lat="30.62590002372024" lon="104.055415472962"><ele>486</ele><time>2025-04-10T13:33:00.000Z</time></trkpt>
<trkpt lat="30.62590002372024" lon="104.055415472962"><ele>485</ele><time>2025-04-10T13:33:01.000Z</time></trkpt>
<trkpt lat="30.62590002372024" lon="104.055415472962"><ele>485</ele><time>2025-04-10T13:33:02.000Z</time></trkpt>
<trkpt lat="30.62590002372024" lon="104.055415472962"><ele>484</ele><time>2025-04-10T13:33:03.000Z</time></trkpt>
<trkpt lat="30.62590002372024" lon="104.055415472962"><ele>484</ele><time>2025-04-10T13:33:04.000Z</time></trkpt>
<trkpt lat="30.62590002372024" lon="104.055415472962"><ele>484</ele><time>2025-04-10T13:33:05.000Z</time></trkpt>
<trkpt lat="30.62590002372024" lon="104.055415472962"><ele>484</ele><time>2025-04-10T13:33:06.000Z</time></trkpt>
<trkpt lat="30.62590002372024" lon="104.055415472962"><ele>484</ele><time>2025-04-10T13:33:07.000Z</time></trkpt>
<trkpt lat="30.62590002372024" lon="104.055415472962"><ele>483</ele><time>2025-04-10T13:33:08.000Z</time></trkpt>
<trkpt lat="30.62590002372024" lon="104.055415472962"><ele>483</ele><time>2025-04-10T13:33:09.000Z</time></trkpt>
<trkpt lat="30.62590002372024" lon="104.055415472962"><ele>483</ele><time>2025-04-10T13:33:10.000Z</time></trkpt>
<trkpt lat="30.62590002372024" lon="104.055415472962"><ele>484</ele><time>2025-04-10T13:33:11.000Z</time></trkpt>
<trkpt lat="30.62590002372024" lon="104.055415472962"><ele>484</ele><time>2025-04-10T13:33:12.000Z</time></trkpt>
<trkpt lat="30.62590002372024" lon="104.055415472962"><ele>485</ele><time>2025-04-10T13:33:13.000Z</time></trkpt>
<trkpt lat="30.62590002372024" lon="104.055415472962"><ele>486</ele><time>2025-04-10T13:33:14.000Z</time></trkpt>
<trkpt lat="30.62590002372024" lon="104.055415472962"><ele>486</ele><time>2025-04-10T13:33:15.000Z</time></trkpt>
<trkpt lat="30.62590002372024" lon="104.055415472962"><ele>487</ele><time>2025-04-10T13:33:16.000Z</time></trkpt>
<trkpt lat="30.62590002372024" lon="104.055415472962"><ele>487</ele><time>2025-04-10T13:33:17.000Z</time></trkpt>
<trkpt lat="30.62590002372024" lon="104.055415472962"><ele>488</ele><time>2025-04-10T13:33:18.000Z</time></trkpt>
<trkpt lat="30.62590002372024" lon="104.055415472962"><ele>488</ele><time>2025-04-10T13:33:19.000Z</time></trkpt>
<trkpt lat="30.62590002372024" lon="104.055415472962"><ele>488</ele><time>2025-04-10T13:33:20.000Z</time></trkpt>
<trkpt lat="30.62590002372024" lon="104.055415472962"><ele>488</ele><time>2025-04-10T13:33:21.000Z</time></trkpt>
<trkpt lat="30.62590002372024" lon="104.055415472962"><ele>488</ele><time>2025-04-10T13:33:22.000Z</time></trkpt>
<trkpt lat="30.62590002372024" lon="104.055415472962"><ele>488</ele><time>2025-04-10T13:33:23.000Z</time></trkpt>
<trkpt lat="30.62590002372024" lon="104.055415472962"><ele>488</ele><time>2025-04-10T13:33:24.000Z</time></trkpt>
<trkpt lat="30.62590002372024" lon="104.055415472962"><ele>488</ele><time>2025-04-10T13:33:25.000Z</time></trkpt>
<trkpt lat="30.62590002372024" lon="104.055415472962"><ele>488</ele><time>2025-04-10T13:33:26.000Z</time></trkpt>
<trkpt lat="30.62590002372024" lon="104.055415472962"><ele>488</ele><time>2025-04-10T13:33:27.000Z</time></trkpt>
<trkpt lat="30.62590002372024" lon="104.055415472962"><ele>488</ele><time>2025-04-10T13:33:28.000Z</time></trkpt>
<trkpt lat="30.62590002372024" lon="104.055415472962"><ele>488</ele><time>2025-04-10T13:33:29.000Z</time></trkpt>
<trkpt lat="30.62590002372024" lon="104.055415472962"><ele>488</ele><time>2025-04-10T13:33:30.000Z</time></trkpt>
<trkpt lat="30.62590002372024" lon="104.055415472962"><ele>488</ele><time>2025-04-10T13:33:31.000Z</time></trkpt>
<trkpt lat="30.62590002372024" lon="104.055415472962"><ele>488</ele><time>2025-04-10T13:33:32.000Z</time></trkpt>
<trkpt lat="30.62590002372024" lon="104.055415472962"><ele>488</ele><time>2025-04-10T13:33:33.000Z</time></trkpt>
<trkpt lat="30.62590002372024" lon="104.055415472962"><ele>488</ele><time>2025-04-10T13:33:34.000Z</time></trkpt>
<trkpt lat="30.62590002372024" lon="104.055415472962"><ele>487</ele><time>2025-04-10T13:33:35.000Z</time></trkpt>
<trkpt lat="30.62590002372024" lon="104.055415472962"><ele>488</ele><time>2025-04-10T13:33:36.000Z</time></trkpt>
<trkpt lat="30.62590002372024" lon="104.055415472962"><ele>488</ele><time>2025-04-10T13:33:37.000Z</time></trkpt>
<trkpt lat="30.62590002372024" lon="104.055415472962"><ele>488</ele><time>2025-04-10T13:33:38.000Z</time></trkpt>
<trkpt lat="30.62590002372024" lon="104.055415472962"><ele>488</ele><time>2025-04-10T13:33:39.000Z</time></trkpt>
<trkpt lat="30.62590002372024" lon="104.055415472962"><ele>488</ele><time>2025-04-10T13:33:40.000Z</time></trkpt>
<trkpt lat="30.62590002372024" lon="104.055415472962"><ele>488</ele><time>2025-04-10T13:33:41.000Z</time></trkpt>
<trkpt lat="30.62590002372024" lon="104.055415472962"><ele>488</ele><time>2025-04-10T13:33:42.000Z</time></trkpt>
<trkpt lat="30.62590002372024" lon="104.055415472962"><ele>488</ele><time>2025-04-10T13:33:43.000Z</time></trkpt>
<trkpt lat="30.62590002372024" lon="104.055415472962"><ele>488</ele><time>2025-04-10T13:33:44.000Z</time></trkpt>
<trkpt lat="30.62590002372024" lon="104.055415472962"><ele>486</ele><time>2025-04-10T13:33:45.000Z</time></trkpt>
<trkpt lat="30.62590002372024" lon="104.055415472962"><ele>487</ele><time>2025-04-10T13:33:46.000Z</time></trkpt>
<trkpt lat="30.62590002372024" lon="104.055415472962"><ele>487</ele><time>2025-04-10T13:33:47.000Z</time></trkpt>
<trkpt lat="30.62590002372024" lon="104.055415472962"><ele>486</ele><time>2025-04-10T13:33:48.000Z</time></trkpt>
<trkpt lat="30.62590002372024" lon="104.055415472962"><ele>486</ele><time>2025-04-10T13:33:49.000Z</time></trkpt>
<trkpt lat="30.62590002372024" lon="104.055415472962"><ele>486</ele><time>2025-04-10T13:33:50.000Z</time></trkpt>
<trkpt lat="30.62590002372024" lon="104.055415472962"><ele>486</ele><time>2025-04-10T13:33:51.000Z</time></trkpt>
<trkpt lat="30.62590002372024" lon="104.055415472962"><ele>486</ele><time>2025-04-10T13:33:52.000Z</time></trkpt>
<trkpt lat="30.62590002372024" lon="104.055415472962"><ele>487</ele><time>2025-04-10T13:33:53.000Z</time></trkpt>
<trkpt lat="30.62590002372024" lon="104.055415472962"><ele>488</ele><time>2025-04-10T13:33:54.000Z</time></trkpt>
<trkpt lat="30.62590002372024" lon="104.055415472962"><ele>487</ele><time>2025-04-10T13:33:55.000Z</time></trkpt>
<trkpt lat="30.62590002372024" lon="104.055415472962"><ele>486</ele><time>2025-04-10T13:33:56.000Z</time></trkpt>
<trkpt lat="30.62590002372024" lon="104.055415472962"><ele>485</ele><time>2025-04-10T13:33:57.000Z</time></trkpt>
<trkpt lat="30.62590002372024" lon="104.055415472962"><ele>485</ele><time>2025-04-10T13:33:58.000Z</time></trkpt>
<trkpt lat="30.62590002372024" lon="104.055415472962"><ele>485</ele><time>2025-04-10T13:33:59.000Z</time></trkpt>
<trkpt lat="30.62590002372024" lon="104.055415472962"><ele>483</ele><time>2025-04-10T13:34:00.000Z</time></trkpt>
<trkpt lat="30.62590002372024" lon="104.055415472962"><ele>483</ele><time>2025-04-10T13:34:01.000Z</time></trkpt>
<trkpt lat="30.62590002372024" lon="104.055415472962"><ele>482</ele><time>2025-04-10T13:34:02.000Z</time></trkpt>
<trkpt lat="30.62590002372024" lon="104.055415472962"><ele>482</ele><time>2025-04-10T13:34:03.000Z</time></trkpt>
<trkpt lat="30.62590002372024" lon="104.055415472962"><ele>481</ele><time>2025-04-10T13:34:04.000Z</time></trkpt>
<trkpt lat="30.62590002372024" lon="104.055415472962"><ele>482</ele><time>2025-04-10T13:34:05.000Z</time></trkpt>
<trkpt lat="30.62590002372024" lon="104.055415472962"><ele>482</ele><time>2025-04-10T13:34:06.000Z</time></trkpt>
<trkpt lat="30.62590002372024" lon="104.055415472962"><ele>482</ele><time>2025-04-10T13:34:07.000Z</time></trkpt>
<trkpt lat="30.62590002372024" lon="104.055415472962"><ele>482</ele><time>2025-04-10T13:34:08.000Z</time></trkpt>
<trkpt lat="30.62590002372024" lon="104.055415472962"><ele>482</ele><time>2025-04-10T13:34:09.000Z</time></trkpt>
<trkpt lat="30.62590002372024" lon="104.055415472962"><ele>481</ele><time>2025-04-10T13:34:10.000Z</time></trkpt>
<trkpt lat="30.62590002372024" lon="104.055415472962"><ele>481</ele><time>2025-04-10T13:34:11.000Z</time></trkpt>
<trkpt lat="30.62590002372024" lon="104.055415472962"><ele>482</ele><time>2025-04-10T13:34:12.000Z</time></trkpt>
<trkpt lat="30.62590002372024" lon="104.055415472962"><ele>482</ele><time>2025-04-10T13:34:13.000Z</time></trkpt>
<trkpt lat="30.62590002372024" lon="104.055415472962"><ele>483</ele><time>2025-04-10T13:34:14.000Z</time></trkpt>
<trkpt lat="30.62590002372024" lon="104.055415472962"><ele>483</ele><time>2025-04-10T13:34:15.000Z</time></trkpt>
<trkpt lat="30.62590002372024" lon="104.055415472962"><ele>483</ele><time>2025-04-10T13:34:16.000Z</time></trkpt>
<trkpt lat="30.62590002372024" lon="104.055415472962"><ele>482</ele><time>2025-04-10T13:34:17.000Z</time></trkpt>
<trkpt lat="30.62590002372024" lon="104.055415472962"><ele>482</ele><time>2025-04-10T13:34:18.000Z</time></trkpt>
<trkpt lat="30.62590002372024" lon="104.055415472962"><ele>482</ele><time>2025-04-10T13:34:19.000Z</time></trkpt>
<trkpt lat="30.62590002372024" lon="104.055415472962"><ele>482</ele><time>2025-04-10T13:34:20.000Z</time></trkpt>
<trkpt lat="30.62590002372024" lon="104.055415472962"><ele>482</ele><time>2025-04-10T13:34:21.000Z</time></trkpt>
<trkpt lat="30.62590002372024" lon="104.055415472962"><ele>482</ele><time>2025-04-10T13:34:22.000Z</time></trkpt>
<trkpt lat="30.62590002372024" lon="104.055415472962"><ele>482</ele><time>2025-04-10T13:34:23.000Z</time></trkpt>
<trkpt lat="30.62590002372024" lon="104.055415472962"><ele>482</ele><time>2025-04-10T13:34:24.000Z</time></trkpt>
<trkpt lat="30.62590002372024" lon="104.055415472962"><ele>482</ele><time>2025-04-10T13:34:25.000Z</time></trkpt>
<trkpt lat="30.62590002372024" lon="104.055415472962"><ele>482</ele><time>2025-04-10T13:34:26.000Z</time></trkpt>
<trkpt lat="30.62590002372024" lon="104.055415472962"><ele>482</ele><time>2025-04-10T13:34:27.000Z</time></trkpt>
<trkpt lat="30.62590002372024" lon="104.055415472962"><ele>482</ele><time>2025-04-10T13:34:28.000Z</time></trkpt>
<trkpt lat="30.62590002372024" lon="104.055415472962"><ele>482</ele><time>2025-04-10T13:34:29.000Z</time></trkpt>
<trkpt lat="30.62590002372024" lon="104.055415472962"><ele>482</ele><time>2025-04-10T13:34:30.000Z</time></trkpt>
<trkpt lat="30.62590002372024" lon="104.055415472962"><ele>482</ele><time>2025-04-10T13:34:31.000Z</time></trkpt>
<trkpt lat="30.62590002372024" lon="104.055415472962"><ele>482</ele><time>2025-04-10T13:34:32.000Z</time></trkpt>
<trkpt lat="30.62590002372024" lon="104.055415472962"><ele>482</ele><time>2025-04-10T13:34:33.000Z</time></trkpt>
<trkpt lat="30.62590002372024" lon="104.055415472962"><ele>482</ele><time>2025-04-10T13:34:34.000Z</time></trkpt>
<trkpt lat="30.62590002372024" lon="104.055415472962"><ele>482</ele><time>2025-04-10T13:34:35.000Z</time></trkpt>
<trkpt lat="30.62590002372024" lon="104.055415472962"><ele>482</ele><time>2025-04-10T13:34:36.000Z</time></trkpt>
<trkpt lat="30.62590002372024" lon="104.055415472962"><ele>483</ele><time>2025-04-10T13:34:37.000Z</time></trkpt>
<trkpt lat="30.62590002372024" lon="104.055415472962"><ele>483</ele><time>2025-04-10T13:34:38.000Z</time></trkpt>
<trkpt lat="30.62590002372024" lon="104.055415472962"><ele>483</ele><time>2025-04-10T13:34:39.000Z</time></trkpt>
<trkpt lat="30.62590002372024" lon="104.055415472962"><ele>483</ele><time>2025-04-10T13:34:40.000Z</time></trkpt>
<trkpt lat="30.62590002372024" lon="104.055415472962"><ele>483</ele><time>2025-04-10T13:34:41.000Z</time></trkpt>
<trkpt lat="30.62590002372024" lon="104.055415472962"><ele>483</ele><time>2025-04-10T13:34:42.000Z</time></trkpt>
<trkpt lat="30.62590002372024" lon="104.055415472962"><ele>483</ele><time>2025-04-10T13:34:43.000Z</time></trkpt>
<trkpt lat="30.62590002372024" lon="104.055415472962"><ele>484</ele><time>2025-04-10T13:34:44.000Z</time></trkpt>
<trkpt lat="30.62590002372024" lon="104.055415472962"><ele>484</ele><time>2025-04-10T13:34:45.000Z</time></trkpt>
<trkpt lat="30.62590002372024" lon="104.055415472962"><ele>484</ele><time>2025-04-10T13:34:46.000Z</time></trkpt>
<trkpt lat="30.62590002372024" lon="104.055415472962"><ele>484</ele><time>2025-04-10T13:34:47.000Z</time></trkpt>
<trkpt lat="30.62590002372024" lon="104.055415472962"><ele>484</ele><time>2025-04-10T13:34:48.000Z</time></trkpt>
<trkpt lat="30.62590002372024" lon="104.055415472962"><ele>484</ele><time>2025-04-10T13:34:49.000Z</time></trkpt>
<trkpt lat="30.62590002372024" lon="104.055415472962"><ele>484</ele><time>2025-04-10T13:34:50.000Z</time></trkpt>
<trkpt lat="30.62590002372024" lon="104.055415472962"><ele>484</ele><time>2025-04-10T13:34:51.000Z</time></trkpt>
<trkpt lat="30.62590002372024" lon="104.055415472962"><ele>484</ele><time>2025-04-10T13:34:52.000Z</time></trkpt>
<trkpt lat="30.62590002372024" lon="104.055415472962"><ele>484</ele><time>2025-04-10T13:34:53.000Z</time></trkpt>
<trkpt lat="30.62590002372024" lon="104.055415472962"><ele>484</ele><time>2025-04-10T13:34:54.000Z</time></trkpt>
<trkpt lat="30.62590002372024" lon="104.055415472962"><ele>484</ele><time>2025-04-10T13:34:55.000Z</time></trkpt>
<trkpt lat="30.62590002372024" lon="104.055415472962"><ele>485</ele><time>2025-04-10T13:34:56.000Z</time></trkpt>
<trkpt lat="30.62590002372024" lon="104.055415472962"><ele>485</ele><time>2025-04-10T13:34:57.000Z</time></trkpt>
<trkpt lat="30.62590002372024" lon="104.055415472962"><ele>485</ele><time>2025-04-10T13:34:58.000Z</time></trkpt>
<trkpt lat="30.62590002372024" lon="104.055415472962"><ele>485</ele><time>2025-04-10T13:34:59.000Z</time></trkpt>
<trkpt lat="30.62590002372024" lon="104.055415472962"><ele>485</ele><time>2025-04-10T13:35:00.000Z</time></trkpt>
<trkpt lat="30.62590002372024" lon="104.055415472962"><ele>484</ele><time>2025-04-10T13:35:01.000Z</time></trkpt>
<trkpt lat="30.62590002372024" lon="104.055415472962"><ele>484</ele><time>2025-04-10T13:35:02.000Z</time></trkpt>
<trkpt lat="30.62590002372024" lon="104.055415472962"><ele>485</ele><time>2025-04-10T13:35:03.000Z</time></trkpt>
<trkpt lat="30.62590002372024" lon="104.055415472962"><ele>485</ele><time>2025-04-10T13:35:04.000Z</time></trkpt>
<trkpt lat="30.62590002372024" lon="104.055415472962"><ele>485</ele><time>2025-04-10T13:35:05.000Z</time></trkpt>
<trkpt lat="30.62590002372024" lon="104.055415472962"><ele>485</ele><time>2025-04-10T13:35:06.000Z</time></trkpt>
<trkpt lat="30.62590002372024" lon="104.055415472962"><ele>485</ele><time>2025-04-10T13:35:07.000Z</time></trkpt>
<trkpt lat="30.62590002372024" lon="104.055415472962"><ele>485</ele><time>2025-04-10T13:35:08.000Z</time></trkpt>
<trkpt lat="30.62590002372024" lon="104.055415472962"><ele>485</ele><time>2025-04-10T13:35:09.000Z</time></trkpt>
<trkpt lat="30.62590002372024" lon="104.055415472962"><ele>485</ele><time>2025-04-10T13:35:10.000Z</time></trkpt>
<trkpt lat="30.62590002372024" lon="104.055415472962"><ele>485</ele><time>2025-04-10T13:35:11.000Z</time></trkpt>
<trkpt lat="30.62590002372024" lon="104.055415472962"><ele>485</ele><time>2025-04-10T13:35:12.000Z</time></trkpt>
<trkpt lat="30.62590002372024" lon="104.055415472962"><ele>485</ele><time>2025-04-10T13:35:13.000Z</time></trkpt>
<trkpt lat="30.62590002372024" lon="104.055415472962"><ele>485</ele><time>2025-04-10T13:35:14.000Z</time></trkpt>
<trkpt lat="30.62590002372024" lon="104.055415472962"><ele>485</ele><time>2025-04-10T13:35:15.000Z</time></trkpt>
<trkpt lat="30.62590002372024" lon="104.055415472962"><ele>485</ele><time>2025-04-10T13:35:16.000Z</time></trkpt>
<trkpt lat="30.62590002372024" lon="104.055415472962"><ele>486</ele><time>2025-04-10T13:35:17.000Z</time></trkpt>
<trkpt lat="30.62590002372024" lon="104.055415472962"><ele>486</ele><time>2025-04-10T13:35:18.000Z</time></trkpt>
<trkpt lat="30.62590002372024" lon="104.055415472962"><ele>486</ele><time>2025-04-10T13:35:19.000Z</time></trkpt>
<trkpt lat="30.62590002372024" lon="104.055415472962"><ele>486</ele><time>2025-04-10T13:35:20.000Z</time></trkpt>
<trkpt lat="30.62590002372024" lon="104.055415472962"><ele>486</ele><time>2025-04-10T13:35:21.000Z</time></trkpt>
<trkpt lat="30.62590002372024" lon="104.055415472962"><ele>486</ele><time>2025-04-10T13:35:22.000Z</time></trkpt>
<trkpt lat="30.62590002372024" lon="104.055415472962"><ele>486</ele><time>2025-04-10T13:35:23.000Z</time></trkpt>
<trkpt lat="30.62590002372024" lon="104.055415472962"><ele>486</ele><time>2025-04-10T13:35:24.000Z</time></trkpt>
<trkpt lat="30.62590002372024" lon="104.055415472962"><ele>487</ele><time>2025-04-10T13:35:25.000Z</time></trkpt>
<trkpt lat="30.62590002372024" lon="104.055415472962"><ele>487</ele><time>2025-04-10T13:35:26.000Z</time></trkpt>
<trkpt lat="30.62590002372024" lon="104.055415472962"><ele>487</ele><time>2025-04-10T13:35:27.000Z</time></trkpt>
<trkpt lat="30.62590002372024" lon="104.055415472962"><ele>487</ele><time>2025-04-10T13:35:28.000Z</time></trkpt>
<trkpt lat="30.62590002372024" lon="104.055415472962"><ele>487</ele><time>2025-04-10T13:35:29.000Z</time></trkpt>
<trkpt lat="30.62590002372024" lon="104.055415472962"><ele>487</ele><time>2025-04-10T13:35:30.000Z</time></trkpt>
<trkpt lat="30.62590002372024" lon="104.055415472962"><ele>487</ele><time>2025-04-10T13:35:31.000Z</time></trkpt>
<trkpt lat="30.62590002372024" lon="104.055415472962"><ele>487</ele><time>2025-04-10T13:35:32.000Z</time></trkpt>
<trkpt lat="30.62590002372024" lon="104.055415472962"><ele>487</ele><time>2025-04-10T13:35:33.000Z</time></trkpt>
<trkpt lat="30.62590002372024" lon="104.055415472962"><ele>487</ele><time>2025-04-10T13:35:34.000Z</time></trkpt>
<trkpt lat="30.62590002372024" lon="104.055415472962"><ele>487</ele><time>2025-04-10T13:35:35.000Z</time></trkpt>
<trkpt lat="30.62590002372024" lon="104.055415472962"><ele>487</ele><time>2025-04-10T13:35:36.000Z</time></trkpt>
<trkpt lat="30.62590002372024" lon="104.055415472962"><ele>486</ele><time>2025-04-10T13:35:37.000Z</time></trkpt>
<trkpt lat="30.62590002372024" lon="104.055415472962"><ele>486</ele><time>2025-04-10T13:35:38.000Z</time></trkpt>
<trkpt lat="30.62590002372024" lon="104.055415472962"><ele>486</ele><time>2025-04-10T13:35:39.000Z</time></trkpt>
<trkpt lat="30.62590002372024" lon="104.055415472962"><ele>486</ele><time>2025-04-10T13:35:40.000Z</time></trkpt>
<trkpt lat="30.62590002372024" lon="104.055415472962"><ele>486</ele><time>2025-04-10T13:35:41.000Z</time></trkpt>
<trkpt lat="30.62590002372024" lon="104.055415472962"><ele>485</ele><time>2025-04-10T13:35:42.000Z</time></trkpt>
<trkpt lat="30.62590002372024" lon="104.055415472962"><ele>484</ele><time>2025-04-10T13:35:43.000Z</time></trkpt>
<trkpt lat="30.62590002372024" lon="104.055415472962"><ele>484</ele><time>2025-04-10T13:35:44.000Z</time></trkpt>
<trkpt lat="30.62590002372024" lon="104.055415472962"><ele>484</ele><time>2025-04-10T13:35:45.000Z</time></trkpt>
<trkpt lat="30.62590002372024" lon="104.055415472962"><ele>485</ele><time>2025-04-10T13:35:46.000Z</time></trkpt>
<trkpt lat="30.62590002372024" lon="104.055415472962"><ele>485</ele><time>2025-04-10T13:35:47.000Z</time></trkpt>
<trkpt lat="30.62590002372024" lon="104.055415472962"><ele>485</ele><time>2025-04-10T13:35:48.000Z</time></trkpt>
<trkpt lat="30.62590002372024" lon="104.055415472962"><ele>485</ele><time>2025-04-10T13:35:49.000Z</time></trkpt>
<trkpt lat="30.62590002372024" lon="104.055415472962"><ele>485</ele><time>2025-04-10T13:35:50.000Z</time></trkpt>
<trkpt lat="30.62590002372024" lon="104.055415472962"><ele>484</ele><time>2025-04-10T13:35:51.000Z</time></trkpt>
<trkpt lat="30.62590002372024" lon="104.055415472962"><ele>484</ele><time>2025-04-10T13:35:52.000Z</time></trkpt>
<trkpt lat="30.62590002372024" lon="104.055415472962"><ele>484</ele><time>2025-04-10T13:35:53.000Z</time></trkpt>
<trkpt lat="30.62590002372024" lon="104.055415472962"><ele>484</ele><time>2025-04-10T13:35:54.000Z</time></trkpt>
<trkpt lat="30.62590002372024" lon="104.055415472962"><ele>484</ele><time>2025-04-10T13:35:55.000Z</time></trkpt>
<trkpt lat="30.62590002372024" lon="104.055415472962"><ele>483</ele><time>2025-04-10T13:35:56.000Z</time></trkpt>
<trkpt lat="30.62590002372024" lon="104.055415472962"><ele>483</ele><time>2025-04-10T13:35:57.000Z</time></trkpt>
<trkpt lat="30.62590002372024" lon="104.055415472962"><ele>483</ele><time>2025-04-10T13:35:58.000Z</time></trkpt>
<trkpt lat="30.62590002372024" lon="104.055415472962"><ele>484</ele><time>2025-04-10T13:35:59.000Z</time></trkpt>
<trkpt lat="30.62590002372024" lon="104.055415472962"><ele>484</ele><time>2025-04-10T13:36:00.000Z</time></trkpt>
<trkpt lat="30.62590002372024" lon="104.055415472962"><ele>484</ele><time>2025-04-10T13:36:01.000Z</time></trkpt>
<trkpt lat="30.62590002372024" lon="104.055415472962"><ele>484</ele><time>2025-04-10T13:36:02.000Z</time></trkpt>
<trkpt lat="30.62590002372024" lon="104.055415472962"><ele>484</ele><time>2025-04-10T13:36:03.000Z</time></trkpt>
<trkpt lat="30.62590002372024" lon="104.055415472962"><ele>484</ele><time>2025-04-10T13:36:04.000Z</time></trkpt>
<trkpt lat="30.62590002372024" lon="104.055415472962"><ele>486</ele><time>2025-04-10T13:36:05.000Z</time></trkpt>
<trkpt lat="30.62590002372024" lon="104.055415472962"><ele>486</ele><time>2025-04-10T13:36:06.000Z</time></trkpt>
<trkpt lat="30.62590002372024" lon="104.055415472962"><ele>486</ele><time>2025-04-10T13:36:07.000Z</time></trkpt>
<trkpt lat="30.62590002372024" lon="104.055415472962"><ele>486</ele><time>2025-04-10T13:36:08.000Z</time></trkpt>
<trkpt lat="30.62590002372024" lon="104.055415472962"><ele>486</ele><time>2025-04-10T13:36:09.000Z</time></trkpt>
<trkpt lat="30.62590002372024" lon="104.055415472962"><ele>485</ele><time>2025-04-10T13:36:10.000Z</time></trkpt>
<trkpt lat="30.62590002372024" lon="104.055415472962"><ele>485</ele><time>2025-04-10T13:36:11.000Z</time></trkpt>
<trkpt lat="30.62590002372024" lon="104.055415472962"><ele>485</ele><time>2025-04-10T13:36:12.000Z</time></trkpt>
<trkpt lat="30.62590002372024" lon="104.055415472962"><ele>485</ele><time>2025-04-10T13:36:13.000Z</time></trkpt>
<trkpt lat="30.62590002372024" lon="104.055415472962"><ele>486</ele><time>2025-04-10T13:36:14.000Z</time></trkpt>
<trkpt lat="30.62590002372024" lon="104.055415472962"><ele>486</ele><time>2025-04-10T13:36:15.000Z</time></trkpt>
<trkpt lat="30.62590002372024" lon="104.055415472962"><ele>486</ele><time>2025-04-10T13:36:16.000Z</time></trkpt>
<trkpt lat="30.62590002372024" lon="104.055415472962"><ele>486</ele><time>2025-04-10T13:36:17.000Z</time></trkpt>
<trkpt lat="30.62590002372024" lon="104.055415472962"><ele>486</ele><time>2025-04-10T13:36:18.000Z</time></trkpt>
<trkpt lat="30.62590002372024" lon="104.055415472962"><ele>486</ele><time>2025-04-10T13:36:19.000Z</time></trkpt>
<trkpt lat="30.62590002372024" lon="104.055415472962"><ele>485</ele><time>2025-04-10T13:36:20.000Z</time></trkpt>
<trkpt lat="30.62590002372024" lon="104.055415472962"><ele>485</ele><time>2025-04-10T13:36:21.000Z</time></trkpt>
<trkpt lat="30.62590002372024" lon="104.055415472962"><ele>485</ele><time>2025-04-10T13:36:22.000Z</time></trkpt>
<trkpt lat="30.62590002372024" lon="104.055415472962"><ele>485</ele><time>2025-04-10T13:36:23.000Z</time></trkpt>
<trkpt lat="30.62590002372024" lon="104.055415472962"><ele>484</ele><time>2025-04-10T13:36:24.000Z</time></trkpt>
<trkpt lat="30.62590002372024" lon="104.055415472962"><ele>484</ele><time>2025-04-10T13:36:25.000Z</time></trkpt>
<trkpt lat="30.62590002372024" lon="104.055415472962"><ele>484</ele><time>2025-04-10T13:36:26.000Z</time></trkpt>
<trkpt lat="30.62590002372024" lon="104.055415472962"><ele>484</ele><time>2025-04-10T13:36:27.000Z</time></trkpt>
<trkpt lat="30.62590002372024" lon="104.055415472962"><ele>483</ele><time>2025-04-10T13:36:28.000Z</time></trkpt>
<trkpt lat="30.62590002372024" lon="104.055415472962"><ele>483</ele><time>2025-04-10T13:36:29.000Z</time></trkpt>
<trkpt lat="30.62590002372024" lon="104.055415472962"><ele>482</ele><time>2025-04-10T13:36:30.000Z</time></trkpt>
<trkpt lat="30.62590002372024" lon="104.055415472962"><ele>482</ele><time>2025-04-10T13:36:31.000Z</time></trkpt>
<trkpt lat="30.62590002372024" lon="104.055415472962"><ele>482</ele><time>2025-04-10T13:36:32.000Z</time></trkpt>
<trkpt lat="30.62590002372024" lon="104.055415472962"><ele>481</ele><time>2025-04-10T13:36:33.000Z</time></trkpt>
<trkpt lat="30.62590002372024" lon="104.055415472962"><ele>480</ele><time>2025-04-10T13:36:34.000Z</time></trkpt>
<trkpt lat="30.62590002372024" lon="104.055415472962"><ele>480</ele><time>2025-04-10T13:36:35.000Z</time></trkpt>
<trkpt lat="30.62590002372024" lon="104.055415472962"><ele>480</ele><time>2025-04-10T13:36:36.000Z</time></trkpt>
<trkpt lat="30.62590002372024" lon="104.055415472962"><ele>480</ele><time>2025-04-10T13:36:37.000Z</time></trkpt>
<trkpt lat="30.62590002372024" lon="104.055415472962"><ele>480</ele><time>2025-04-10T13:36:38.000Z</time></trkpt>
<trkpt lat="30.62590002372024" lon="104.055415472962"><ele>480</ele><time>2025-04-10T13:36:39.000Z</time></trkpt>
<trkpt lat="30.62590002372024" lon="104.055415472962"><ele>480</ele><time>2025-04-10T13:36:40.000Z</time></trkpt>
<trkpt lat="30.62590002372024" lon="104.055415472962"><ele>480</ele><time>2025-04-10T13:36:41.000Z</time></trkpt>
<trkpt lat="30.62590002372024" lon="104.055415472962"><ele>479</ele><time>2025-04-10T13:36:42.000Z</time></trkpt>
<trkpt lat="30.62590002372024" lon="104.055415472962"><ele>479</ele><time>2025-04-10T13:36:43.000Z</time></trkpt>
<trkpt lat="30.62590002372024" lon="104.055415472962"><ele>480</ele><time>2025-04-10T13:36:44.000Z</time></trkpt>
<trkpt lat="30.62590002372024" lon="104.055415472962"><ele>480</ele><time>2025-04-10T13:36:45.000Z</time></trkpt>
<trkpt lat="30.62590002372024" lon="104.055415472962"><ele>480</ele><time>2025-04-10T13:36:46.000Z</time></trkpt>
<trkpt lat="30.62590002372024" lon="104.055415472962"><ele>479</ele><time>2025-04-10T13:36:47.000Z</time></trkpt>
<trkpt lat="30.62590002372024" lon="104.055415472962"><ele>479</ele><time>2025-04-10T13:36:48.000Z</time></trkpt>
<trkpt lat="30.62590002372024" lon="104.055415472962"><ele>480</ele><time>2025-04-10T13:36:49.000Z</time></trkpt>
<trkpt lat="30.62590002372024" lon="104.055415472962"><ele>479</ele><time>2025-04-10T13:36:50.000Z</time></trkpt>
<trkpt lat="30.62590002372024" lon="104.055415472962"><ele>480</ele><time>2025-04-10T13:36:51.000Z</time></trkpt>
<trkpt lat="30.62590002372024" lon="104.055415472962"><ele>480</ele><time>2025-04-10T13:36:52.000Z</time></trkpt>
<trkpt lat="30.62590002372024" lon="104.055415472962"><ele>480</ele><time>2025-04-10T13:36:53.000Z</time></trkpt>
<trkpt lat="30.62590002372024" lon="104.055415472962"><ele>480</ele><time>2025-04-10T13:36:54.000Z</time></trkpt>
<trkpt lat="30.62590002372024" lon="104.055415472962"><ele>480</ele><time>2025-04-10T13:36:55.000Z</time></trkpt>
<trkpt lat="30.62590002372024" lon="104.055415472962"><ele>480</ele><time>2025-04-10T13:36:56.000Z</time></trkpt>
<trkpt lat="30.62590002372024" lon="104.055415472962"><ele>480</ele><time>2025-04-10T13:36:57.000Z</time></trkpt>
<trkpt lat="30.62590002372024" lon="104.055415472962"><ele>480</ele><time>2025-04-10T13:36:58.000Z</time></trkpt>
<trkpt lat="30.62590002372024" lon="104.055415472962"><ele>480</ele><time>2025-04-10T13:36:59.000Z</time></trkpt>
<trkpt lat="30.62590002372024" lon="104.055415472962"><ele>480</ele><time>2025-04-10T13:37:00.000Z</time></trkpt>
<trkpt lat="30.62590002372024" lon="104.055415472962"><ele>480</ele><time>2025-04-10T13:37:01.000Z</time></trkpt>
<trkpt lat="30.62590002372024" lon="104.055415472962"><ele>480</ele><time>2025-04-10T13:37:02.000Z</time></trkpt>
<trkpt lat="30.62590002372024" lon="104.055415472962"><ele>480</ele><time>2025-04-10T13:37:03.000Z</time></trkpt>
<trkpt lat="30.62590002372024" lon="104.055415472962"><ele>481</ele><time>2025-04-10T13:37:04.000Z</time></trkpt>
<trkpt lat="30.62590002372024" lon="104.055415472962"><ele>481</ele><time>2025-04-10T13:37:05.000Z</time></trkpt>
<trkpt lat="30.62590002372024" lon="104.055415472962"><ele>481</ele><time>2025-04-10T13:37:06.000Z</time></trkpt>
<trkpt lat="30.62590002372024" lon="104.055415472962"><ele>480</ele><time>2025-04-10T13:37:07.000Z</time></trkpt>
<trkpt lat="30.62590002372024" lon="104.055415472962"><ele>480</ele><time>2025-04-10T13:37:08.000Z</time></trkpt>
<trkpt lat="30.62590002372024" lon="104.055415472962"><ele>481</ele><time>2025-04-10T13:37:09.000Z</time></trkpt>
<trkpt lat="30.62590002372024" lon="104.055415472962"><ele>480</ele><time>2025-04-10T13:37:10.000Z</time></trkpt>
<trkpt lat="30.62590002372024" lon="104.055415472962"><ele>480</ele><time>2025-04-10T13:37:11.000Z</time></trkpt>
<trkpt lat="30.62590002372024" lon="104.055415472962"><ele>481</ele><time>2025-04-10T13:37:12.000Z</time></trkpt>
<trkpt lat="30.62590002372024" lon="104.055415472962"><ele>481</ele><time>2025-04-10T13:37:13.000Z</time></trkpt>
<trkpt lat="30.62590002372024" lon="104.055415472962"><ele>481</ele><time>2025-04-10T13:37:14.000Z</time></trkpt>
<trkpt lat="30.62590002372024" lon="104.055415472962"><ele>481</ele><time>2025-04-10T13:37:15.000Z</time></trkpt>
<trkpt lat="30.62590002372024" lon="104.055415472962"><ele>481</ele><time>2025-04-10T13:37:16.000Z</time></trkpt>
<trkpt lat="30.62590002372024" lon="104.055415472962"><ele>481</ele><time>2025-04-10T13:37:17.000Z</time></trkpt>
<trkpt lat="30.62590002372024" lon="104.055415472962"><ele>481</ele><time>2025-04-10T13:37:18.000Z</time></trkpt>
<trkpt lat="30.62590002372024" lon="104.055415472962"><ele>481</ele><time>2025-04-10T13:37:19.000Z</time></trkpt>
<trkpt lat="30.62590002372024" lon="104.055415472962"><ele>481</ele><time>2025-04-10T13:37:20.000Z</time></trkpt>
<trkpt lat="30.62590002372024" lon="104.055415472962"><ele>481</ele><time>2025-04-10T13:37:21.000Z</time></trkpt>
<trkpt lat="30.62590002372024" lon="104.055415472962"><ele>482</ele><time>2025-04-10T13:37:22.000Z</time></trkpt>
<trkpt lat="30.62590002372024" lon="104.055415472962"><ele>482</ele><time>2025-04-10T13:37:23.000Z</time></trkpt>
<trkpt lat="30.62590002372024" lon="104.055415472962"><ele>482</ele><time>2025-04-10T13:37:24.000Z</time></trkpt>
<trkpt lat="30.62590002372024" lon="104.055415472962"><ele>482</ele><time>2025-04-10T13:37:25.000Z</time></trkpt>
<trkpt lat="30.62590002372024" lon="104.055415472962"><ele>481</ele><time>2025-04-10T13:37:26.000Z</time></trkpt>
<trkpt lat="30.62590002372024" lon="104.055415472962"><ele>481</ele><time>2025-04-10T13:37:27.000Z</time></trkpt>
<trkpt lat="30.62590002372024" lon="104.055415472962"><ele>481</ele><time>2025-04-10T13:37:28.000Z</time></trkpt>
<trkpt lat="30.62590002372024" lon="104.055415472962"><ele>481</ele><time>2025-04-10T13:37:29.000Z</time></trkpt>
<trkpt lat="30.62590002372024" lon="104.055415472962"><ele>481</ele><time>2025-04-10T13:37:30.000Z</time></trkpt>
<trkpt lat="30.62590002372024" lon="104.055415472962"><ele>482</ele><time>2025-04-10T13:37:31.000Z</time></trkpt>
<trkpt lat="30.62590002372024" lon="104.055415472962"><ele>482</ele><time>2025-04-10T13:37:32.000Z</time></trkpt>
<trkpt lat="30.62590002372024" lon="104.055415472962"><ele>482</ele><time>2025-04-10T13:37:33.000Z</time></trkpt>
<trkpt lat="30.62590002372024" lon="104.055415472962"><ele>482</ele><time>2025-04-10T13:37:34.000Z</time></trkpt>
<trkpt lat="30.62590002372024" lon="104.055415472962"><ele>481</ele><time>2025-04-10T13:37:35.000Z</time></trkpt>
<trkpt lat="30.62590002372024" lon="104.055415472962"><ele>481</ele><time>2025-04-10T13:37:36.000Z</time></trkpt>
<trkpt lat="30.62590002372024" lon="104.055415472962"><ele>481</ele><time>2025-04-10T13:37:37.000Z</time></trkpt>
<trkpt lat="30.62590002372024" lon="104.055415472962"><ele>480</ele><time>2025-04-10T13:37:38.000Z</time></trkpt>
<trkpt lat="30.62590002372024" lon="104.055415472962"><ele>479</ele><time>2025-04-10T13:37:39.000Z</time></trkpt>
<trkpt lat="30.62590002372024" lon="104.055415472962"><ele>479</ele><time>2025-04-10T13:37:40.000Z</time></trkpt>
<trkpt lat="30.62590002372024" lon="104.055415472962"><ele>479</ele><time>2025-04-10T13:37:41.000Z</time></trkpt>
<trkpt lat="30.62590002372024" lon="104.055415472962"><ele>479</ele><time>2025-04-10T13:37:42.000Z</time></trkpt>
<trkpt lat="30.62590002372024" lon="104.055415472962"><ele>479</ele><time>2025-04-10T13:37:43.000Z</time></trkpt>
<trkpt lat="30.62590002372024" lon="104.055415472962"><ele>479</ele><time>2025-04-10T13:37:44.000Z</time></trkpt>
<trkpt lat="30.62590002372024" lon="104.055415472962"><ele>479</ele><time>2025-04-10T13:37:45.000Z</time></trkpt>
<trkpt lat="30.62590002372024" lon="104.055415472962"><ele>479</ele><time>2025-04-10T13:37:46.000Z</time></trkpt>
<trkpt lat="30.62590002372024" lon="104.055415472962"><ele>479</ele><time>2025-04-10T13:37:47.000Z</time></trkpt>
<trkpt lat="30.62590002372024" lon="104.055415472962"><ele>478</ele><time>2025-04-10T13:37:48.000Z</time></trkpt>
<trkpt lat="30.62590002372024" lon="104.055415472962"><ele>478</ele><time>2025-04-10T13:37:49.000Z</time></trkpt>
<trkpt lat="30.62590002372024" lon="104.055415472962"><ele>478</ele><time>2025-04-10T13:37:50.000Z</time></trkpt>
<trkpt lat="30.62590002372024" lon="104.055415472962"><ele>478</ele><time>2025-04-10T13:37:51.000Z</time></trkpt>
<trkpt lat="30.62590002372024" lon="104.055415472962"><ele>478</ele><time>2025-04-10T13:37:52.000Z</time></trkpt>
<trkpt lat="30.62590002372024" lon="104.055415472962"><ele>478</ele><time>2025-04-10T13:37:53.000Z</time></trkpt>
<trkpt lat="30.62590002372024" lon="104.055415472962"><ele>478</ele><time>2025-04-10T13:37:54.000Z</time></trkpt>
<trkpt lat="30.62590002372024" lon="104.055415472962"><ele>478</ele><time>2025-04-10T13:37:55.000Z</time></trkpt>
<trkpt lat="30.62590002372024" lon="104.055415472962"><ele>478</ele><time>2025-04-10T13:37:56.000Z</time></trkpt>
<trkpt lat="30.62590002372024" lon="104.055415472962"><ele>478</ele><time>2025-04-10T13:37:57.000Z</time></trkpt>
<trkpt lat="30.62590002372024" lon="104.055415472962"><ele>478</ele><time>2025-04-10T13:37:58.000Z</time></trkpt>
<trkpt lat="30.62590002372024" lon="104.055415472962"><ele>478</ele><time>2025-04-10T13:37:59.000Z</time></trkpt>
<trkpt lat="30.62590002372024" lon="104.055415472962"><ele>478</ele><time>2025-04-10T13:38:00.000Z</time></trkpt>
<trkpt lat="30.62590002372024" lon="104.055415472962"><ele>477</ele><time>2025-04-10T13:38:01.000Z</time></trkpt>
<trkpt lat="30.62590002372024" lon="104.055415472962"><ele>478</ele><time>2025-04-10T13:38:02.000Z</time></trkpt>
<trkpt lat="30.62590002372024" lon="104.055415472962"><ele>478</ele><time>2025-04-10T13:38:03.000Z</time></trkpt>
<trkpt lat="30.62590002372024" lon="104.055415472962"><ele>477</ele><time>2025-04-10T13:38:04.000Z</time></trkpt>
<trkpt lat="30.62590002372024" lon="104.055415472962"><ele>477</ele><time>2025-04-10T13:38:05.000Z</time></trkpt>
<trkpt lat="30.62590002372024" lon="104.055415472962"><ele>477</ele><time>2025-04-10T13:38:06.000Z</time></trkpt>
<trkpt lat="30.62590002372024" lon="104.055415472962"><ele>477</ele><time>2025-04-10T13:38:07.000Z</time></trkpt>
<trkpt lat="30.62590002372024" lon="104.055415472962"><ele>476</ele><time>2025-04-10T13:38:08.000Z</time></trkpt>
<trkpt lat="30.62590002372024" lon="104.055415472962"><ele>476</ele><time>2025-04-10T13:38:09.000Z</time></trkpt>
<trkpt lat="30.62590002372024" lon="104.055415472962"><ele>476</ele><time>2025-04-10T13:38:10.000Z</time></trkpt>
<trkpt lat="30.62590002372024" lon="104.055415472962"><ele>476</ele><time>2025-04-10T13:38:11.000Z</time></trkpt>
<trkpt lat="30.62590002372024" lon="104.055415472962"><ele>476</ele><time>2025-04-10T13:38:12.000Z</time></trkpt>
<trkpt lat="30.62590002372024" lon="104.055415472962"><ele>476</ele><time>2025-04-10T13:38:13.000Z</time></trkpt>
<trkpt lat="30.62590002372024" lon="104.055415472962"><ele>476</ele><time>2025-04-10T13:38:14.000Z</time></trkpt>
<trkpt lat="30.62590002372024" lon="104.055415472962"><ele>477</ele><time>2025-04-10T13:38:15.000Z</time></trkpt>
<trkpt lat="30.62590002372024" lon="104.055415472962"><ele>478</ele><time>2025-04-10T13:38:16.000Z</time></trkpt>
<trkpt lat="30.62590002372024" lon="104.055415472962"><ele>478</ele><time>2025-04-10T13:38:17.000Z</time></trkpt>
<trkpt lat="30.62590002372024" lon="104.055415472962"><ele>477</ele><time>2025-04-10T13:38:18.000Z</time></trkpt>
<trkpt lat="30.62590002372024" lon="104.055415472962"><ele>477</ele><time>2025-04-10T13:38:19.000Z</time></trkpt>
<trkpt lat="30.62590002372024" lon="104.055415472962"><ele>477</ele><time>2025-04-10T13:38:20.000Z</time></trkpt>
<trkpt lat="30.62590002372024" lon="104.055415472962"><ele>477</ele><time>2025-04-10T13:38:21.000Z</time></trkpt>
<trkpt lat="30.62590002372024" lon="104.055415472962"><ele>477</ele><time>2025-04-10T13:38:22.000Z</time></trkpt>
<trkpt lat="30.62590002372024" lon="104.055415472962"><ele>477</ele><time>2025-04-10T13:38:23.000Z</time></trkpt>
<trkpt lat="30.62590002372024" lon="104.055415472962"><ele>477</ele><time>2025-04-10T13:38:24.000Z</time></trkpt>
<trkpt lat="30.62590002372024" lon="104.055415472962"><ele>477</ele><time>2025-04-10T13:38:25.000Z</time></trkpt>
<trkpt lat="30.62590002372024" lon="104.055415472962"><ele>477</ele><time>2025-04-10T13:38:26.000Z</time></trkpt>
<trkpt lat="30.62590002372024" lon="104.055415472962"><ele>476</ele><time>2025-04-10T13:38:27.000Z</time></trkpt>
<trkpt lat="30.62590002372024" lon="104.055415472962"><ele>477</ele><time>2025-04-10T13:38:28.000Z</time></trkpt>
<trkpt lat="30.62590002372024" lon="104.055415472962"><ele>477</ele><time>2025-04-10T13:38:29.000Z</time></trkpt>
<trkpt lat="30.62590002372024" lon="104.055415472962"><ele>477</ele><time>2025-04-10T13:38:30.000Z</time></trkpt>
<trkpt lat="30.62590002372024" lon="104.055415472962"><ele>477</ele><time>2025-04-10T13:38:31.000Z</time></trkpt>
<trkpt lat="30.62590002372024" lon="104.055415472962"><ele>476</ele><time>2025-04-10T13:38:32.000Z</time></trkpt>
<trkpt lat="30.62590002372024" lon="104.055415472962"><ele>476</ele><time>2025-04-10T13:38:33.000Z</time></trkpt>
<trkpt lat="30.62590002372024" lon="104.055415472962"><ele>476</ele><time>2025-04-10T13:38:34.000Z</time></trkpt>
<trkpt lat="30.62590002372024" lon="104.055415472962"><ele>476</ele><time>2025-04-10T13:38:35.000Z</time></trkpt>
<trkpt lat="30.62590002372024" lon="104.055415472962"><ele>476</ele><time>2025-04-10T13:38:36.000Z</time></trkpt>
<trkpt lat="30.62590002372024" lon="104.055415472962"><ele>476</ele><time>2025-04-10T13:38:37.000Z</time></trkpt>
<trkpt lat="30.62590002372024" lon="104.055415472962"><ele>476</ele><time>2025-04-10T13:38:38.000Z</time></trkpt>
<trkpt lat="30.62590002372024" lon="104.055415472962"><ele>476</ele><time>2025-04-10T13:38:39.000Z</time></trkpt>
<trkpt lat="30.62590002372024" lon="104.055415472962"><ele>474</ele><time>2025-04-10T13:38:40.000Z</time></trkpt>
<trkpt lat="30.62590002372024" lon="104.055415472962"><ele>473</ele><time>2025-04-10T13:38:41.000Z</time></trkpt>
<trkpt lat="30.62590002372024" lon="104.055415472962"><ele>471</ele><time>2025-04-10T13:38:42.000Z</time></trkpt>
<trkpt lat="30.62590002372024" lon="104.055415472962"><ele>471</ele><time>2025-04-10T13:38:43.000Z</time></trkpt>
<trkpt lat="30.62590002372024" lon="104.055415472962"><ele>471</ele><time>2025-04-10T13:38:44.000Z</time></trkpt>
<trkpt lat="30.62590002372024" lon="104.055415472962"><ele>470</ele><time>2025-04-10T13:38:45.000Z</time></trkpt>
<trkpt lat="30.62590002372024" lon="104.055415472962"><ele>469</ele><time>2025-04-10T13:38:46.000Z</time></trkpt>
<trkpt lat="30.62590002372024" lon="104.055415472962"><ele>470</ele><time>2025-04-10T13:38:47.000Z</time></trkpt>
<trkpt lat="30.62590002372024" lon="104.055415472962"><ele>469</ele><time>2025-04-10T13:38:48.000Z</time></trkpt>
<trkpt lat="30.62590002372024" lon="104.055415472962"><ele>468</ele><time>2025-04-10T13:38:49.000Z</time></trkpt>
<trkpt lat="30.62590002372024" lon="104.055415472962"><ele>468</ele><time>2025-04-10T13:38:50.000Z</time></trkpt>
<trkpt lat="30.62590002372024" lon="104.055415472962"><ele>468</ele><time>2025-04-10T13:38:51.000Z</time></trkpt>
<trkpt lat="30.62590002372024" lon="104.055415472962"><ele>468</ele><time>2025-04-10T13:38:52.000Z</time></trkpt>
<trkpt lat="30.62590002372024" lon="104.055415472962"><ele>468</ele><time>2025-04-10T13:38:53.000Z</time></trkpt>
<trkpt lat="30.62590002372024" lon="104.055415472962"><ele>468</ele><time>2025-04-10T13:38:54.000Z</time></trkpt>
<trkpt lat="30.62590002372024" lon="104.055415472962"><ele>468</ele><time>2025-04-10T13:38:55.000Z</time></trkpt>
<trkpt lat="30.62590002372024" lon="104.055415472962"><ele>468</ele><time>2025-04-10T13:38:56.000Z</time></trkpt>
<trkpt lat="30.62590002372024" lon="104.055415472962"><ele>468</ele><time>2025-04-10T13:38:57.000Z</time></trkpt>
<trkpt lat="30.62590002372024" lon="104.055415472962"><ele>468</ele><time>2025-04-10T13:38:58.000Z</time></trkpt>
<trkpt lat="30.62590002372024" lon="104.055415472962"><ele>468</ele><time>2025-04-10T13:38:59.000Z</time></trkpt>
<trkpt lat="30.62590002372024" lon="104.055415472962"><ele>468</ele><time>2025-04-10T13:39:00.000Z</time></trkpt>
<trkpt lat="30.62590002372024" lon="104.055415472962"><ele>469</ele><time>2025-04-10T13:39:01.000Z</time></trkpt>
<trkpt lat="30.62590002372024" lon="104.055415472962"><ele>469</ele><time>2025-04-10T13:39:02.000Z</time></trkpt>
<trkpt lat="30.62590002372024" lon="104.055415472962"><ele>469</ele><time>2025-04-10T13:39:03.000Z</time></trkpt>
<trkpt lat="30.62590002372024" lon="104.055415472962"><ele>470</ele><time>2025-04-10T13:39:04.000Z</time></trkpt>
<trkpt lat="30.62590002372024" lon="104.055415472962"><ele>470</ele><time>2025-04-10T13:39:05.000Z</time></trkpt>
<trkpt lat="30.62590002372024" lon="104.055415472962"><ele>470</ele><time>2025-04-10T13:39:06.000Z</time></trkpt>
<trkpt lat="30.62590002372024" lon="104.055415472962"><ele>471</ele><time>2025-04-10T13:39:07.000Z</time></trkpt>
<trkpt lat="30.62590002372024" lon="104.055415472962"><ele>471</ele><time>2025-04-10T13:39:08.000Z</time></trkpt>
<trkpt lat="30.62590002372024" lon="104.055415472962"><ele>471</ele><time>2025-04-10T13:39:09.000Z</time></trkpt>
<trkpt lat="30.62590002372024" lon="104.055415472962"><ele>471</ele><time>2025-04-10T13:39:10.000Z</time></trkpt>
<trkpt lat="30.62590002372024" lon="104.055415472962"><ele>472</ele><time>2025-04-10T13:39:11.000Z</time></trkpt>
<trkpt lat="30.62590002372024" lon="104.055415472962"><ele>472</ele><time>2025-04-10T13:39:12.000Z</time></trkpt>
<trkpt lat="30.62590002372024" lon="104.055415472962"><ele>472</ele><time>2025-04-10T13:39:13.000Z</time></trkpt>
<trkpt lat="30.62590002372024" lon="104.055415472962"><ele>472</ele><time>2025-04-10T13:39:14.000Z</time></trkpt>
<trkpt lat="30.62590002372024" lon="104.055415472962"><ele>473</ele><time>2025-04-10T13:39:15.000Z</time></trkpt>
<trkpt lat="30.62590002372024" lon="104.055415472962"><ele>473</ele><time>2025-04-10T13:39:16.000Z</time></trkpt>
<trkpt lat="30.62590002372024" lon="104.055415472962"><ele>473</ele><time>2025-04-10T13:39:17.000Z</time></trkpt>
<trkpt lat="30.62590002372024" lon="104.055415472962"><ele>474</ele><time>2025-04-10T13:39:18.000Z</time></trkpt>
<trkpt lat="30.62590002372024" lon="104.055415472962"><ele>474</ele><time>2025-04-10T13:39:19.000Z</time></trkpt>
<trkpt lat="30.62590002372024" lon="104.055415472962"><ele>474</ele><time>2025-04-10T13:39:20.000Z</time></trkpt>
<trkpt lat="30.62590002372024" lon="104.055415472962"><ele>475</ele><time>2025-04-10T13:39:21.000Z</time></trkpt>
<trkpt lat="30.62590002372024" lon="104.055415472962"><ele>475</ele><time>2025-04-10T13:39:22.000Z</time></trkpt>
<trkpt lat="30.62590002372024" lon="104.055415472962"><ele>476</ele><time>2025-04-10T13:39:23.000Z</time></trkpt>
<trkpt lat="30.62590002372024" lon="104.055415472962"><ele>477</ele><time>2025-04-10T13:39:24.000Z</time></trkpt>
<trkpt lat="30.62590002372024" lon="104.055415472962"><ele>477</ele><time>2025-04-10T13:39:25.000Z</time></trkpt>
<trkpt lat="30.62590002372024" lon="104.055415472962"><ele>477</ele><time>2025-04-10T13:39:26.000Z</time></trkpt>
<trkpt lat="30.62590002372024" lon="104.055415472962"><ele>477</ele><time>2025-04-10T13:39:27.000Z</time></trkpt>
<trkpt lat="30.62590002372024" lon="104.055415472962"><ele>477</ele><time>2025-04-10T13:39:28.000Z</time></trkpt>
<trkpt lat="30.62590002372024" lon="104.055415472962"><ele>477</ele><time>2025-04-10T13:39:29.000Z</time></trkpt>
<trkpt lat="30.62590002372024" lon="104.055415472962"><ele>477</ele><time>2025-04-10T13:39:30.000Z</time></trkpt>
<trkpt lat="30.62590002372024" lon="104.055415472962"><ele>477</ele><time>2025-04-10T13:39:31.000Z</time></trkpt>
<trkpt lat="30.62590002372024" lon="104.055415472962"><ele>477</ele><time>2025-04-10T13:39:32.000Z</time></trkpt>
<trkpt lat="30.62590002372024" lon="104.055415472962"><ele>477</ele><time>2025-04-10T13:39:33.000Z</time></trkpt>
<trkpt lat="30.62590002372024" lon="104.055415472962"><ele>477</ele><time>2025-04-10T13:39:34.000Z</time></trkpt>
<trkpt lat="30.62590002372024" lon="104.055415472962"><ele>477</ele><time>2025-04-10T13:39:35.000Z</time></trkpt>
<trkpt lat="30.62590002372024" lon="104.055415472962"><ele>477</ele><time>2025-04-10T13:39:36.000Z</time></trkpt>
<trkpt lat="30.62590002372024" lon="104.055415472962"><ele>477</ele><time>2025-04-10T13:39:37.000Z</time></trkpt>
<trkpt lat="30.62590002372024" lon="104.055415472962"><ele>477</ele><time>2025-04-10T13:39:38.000Z</time></trkpt>
<trkpt lat="30.62590002372024" lon="104.055415472962"><ele>477</ele><time>2025-04-10T13:39:39.000Z</time></trkpt>
<trkpt lat="30.62590002372024" lon="104.055415472962"><ele>477</ele><time>2025-04-10T13:39:40.000Z</time></trkpt>
<trkpt lat="30.62590002372024" lon="104.055415472962"><ele>477</ele><time>2025-04-10T13:39:41.000Z</time></trkpt>
<trkpt lat="30.62590002372024" lon="104.055415472962"><ele>477</ele><time>2025-04-10T13:39:42.000Z</time></trkpt>
<trkpt lat="30.62590002372024" lon="104.055415472962"><ele>477</ele><time>2025-04-10T13:39:43.000Z</time></trkpt>
<trkpt lat="30.62590002372024" lon="104.055415472962"><ele>477</ele><time>2025-04-10T13:39:44.000Z</time></trkpt>
<trkpt lat="30.62590002372024" lon="104.055415472962"><ele>477</ele><time>2025-04-10T13:39:45.000Z</time></trkpt>
<trkpt lat="30.62590002372024" lon="104.055415472962"><ele>476</ele><time>2025-04-10T13:39:46.000Z</time></trkpt>
<trkpt lat="30.62590002372024" lon="104.055415472962"><ele>476</ele><time>2025-04-10T13:39:47.000Z</time></trkpt>
<trkpt lat="30.62590002372024" lon="104.055415472962"><ele>476</ele><time>2025-04-10T13:39:48.000Z</time></trkpt>
<trkpt lat="30.62590002372024" lon="104.055415472962"><ele>476</ele><time>2025-04-10T13:39:49.000Z</time></trkpt>
<trkpt lat="30.62590002372024" lon="104.055415472962"><ele>476</ele><time>2025-04-10T13:39:50.000Z</time></trkpt>
<trkpt lat="30.62590002372024" lon="104.055415472962"><ele>476</ele><time>2025-04-10T13:39:51.000Z</time></trkpt>
<trkpt lat="30.62590002372024" lon="104.055415472962"><ele>476</ele><time>2025-04-10T13:39:52.000Z</time></trkpt>
<trkpt lat="30.62590002372024" lon="104.055415472962"><ele>476</ele><time>2025-04-10T13:39:53.000Z</time></trkpt>
<trkpt lat="30.62590002372024" lon="104.055415472962"><ele>476</ele><time>2025-04-10T13:39:54.000Z</time></trkpt>
<trkpt lat="30.62590002372024" lon="104.055415472962"><ele>476</ele><time>2025-04-10T13:39:55.000Z</time></trkpt>
<trkpt lat="30.62590002372024" lon="104.055415472962"><ele>476</ele><time>2025-04-10T13:39:56.000Z</time></trkpt>
<trkpt lat="30.62590002372024" lon="104.055415472962"><ele>476</ele><time>2025-04-10T13:39:57.000Z</time></trkpt>
<trkpt lat="30.62590002372024" lon="104.055415472962"><ele>476</ele><time>2025-04-10T13:39:58.000Z</time></trkpt>
<trkpt lat="30.62590002372024" lon="104.055415472962"><ele>476</ele><time>2025-04-10T13:39:59.000Z</time></trkpt>
<trkpt lat="30.62590002372024" lon="104.055415472962"><ele>476</ele><time>2025-04-10T13:40:00.000Z</time></trkpt>
<trkpt lat="30.62590002372024" lon="104.055415472962"><ele>476</ele><time>2025-04-10T13:40:01.000Z</time></trkpt>
<trkpt lat="30.62590002372024" lon="104.055415472962"><ele>476</ele><time>2025-04-10T13:40:02.000Z</time></trkpt>
<trkpt lat="30.62590002372024" lon="104.055415472962"><ele>476</ele><time>2025-04-10T13:40:03.000Z</time></trkpt>
<trkpt lat="30.62590002372024" lon="104.055415472962"><ele>476</ele><time>2025-04-10T13:40:04.000Z</time></trkpt>
<trkpt lat="30.62590002372024" lon="104.055415472962"><ele>476</ele><time>2025-04-10T13:40:05.000Z</time></trkpt>
<trkpt lat="30.62590002372024" lon="104.055415472962"><ele>476</ele><time>2025-04-10T13:40:06.000Z</time></trkpt>
<trkpt lat="30.62590002372024" lon="104.055415472962"><ele>476</ele><time>2025-04-10T13:40:07.000Z</time></trkpt>
<trkpt lat="30.62590002372024" lon="104.055415472962"><ele>476</ele><time>2025-04-10T13:40:08.000Z</time></trkpt>
<trkpt lat="30.62590002372024" lon="104.055415472962"><ele>476</ele><time>2025-04-10T13:40:09.000Z</time></trkpt>
<trkpt lat="30.62590002372024" lon="104.055415472962"><ele>476</ele><time>2025-04-10T13:40:10.000Z</time></trkpt>
<trkpt lat="30.62590002372024" lon="104.055415472962"><ele>476</ele><time>2025-04-10T13:40:11.000Z</time></trkpt>
<trkpt lat="30.62590002372024" lon="104.055415472962"><ele>476</ele><time>2025-04-10T13:40:12.000Z</time></trkpt>
<trkpt lat="30.62590002372024" lon="104.055415472962"><ele>475</ele><time>2025-04-10T13:40:13.000Z</time></trkpt>
<trkpt lat="30.62590002372024" lon="104.055415472962"><ele>475</ele><time>2025-04-10T13:40:14.000Z</time></trkpt>
<trkpt lat="30.62590002372024" lon="104.055415472962"><ele>476</ele><time>2025-04-10T13:40:15.000Z</time></trkpt>
<trkpt lat="30.62590002372024" lon="104.055415472962"><ele>475</ele><time>2025-04-10T13:40:16.000Z</time></trkpt>
<trkpt lat="30.62590002372024" lon="104.055415472962"><ele>475</ele><time>2025-04-10T13:40:17.000Z</time></trkpt>
<trkpt lat="30.62590002372024" lon="104.055415472962"><ele>475</ele><time>2025-04-10T13:40:18.000Z</time></trkpt>
<trkpt lat="30.62590002372024" lon="104.055415472962"><ele>475</ele><time>2025-04-10T13:40:19.000Z</time></trkpt>
<trkpt lat="30.62590002372024" lon="104.055415472962"><ele>475</ele><time>2025-04-10T13:40:20.000Z</time></trkpt>
<trkpt lat="30.62590002372024" lon="104.055415472962"><ele>474</ele><time>2025-04-10T13:40:21.000Z</time></trkpt>
<trkpt lat="30.62590002372024" lon="104.055415472962"><ele>474</ele><time>2025-04-10T13:40:22.000Z</time></trkpt>
<trkpt lat="30.62590002372024" lon="104.055415472962"><ele>475</ele><time>2025-04-10T13:40:23.000Z</time></trkpt>
<trkpt lat="30.62590002372024" lon="104.055415472962"><ele>475</ele><time>2025-04-10T13:40:24.000Z</time></trkpt>
<trkpt lat="30.62590002372024" lon="104.055415472962"><ele>475</ele><time>2025-04-10T13:40:25.000Z</time></trkpt>
<trkpt lat="30.62590002372024" lon="104.055415472962"><ele>474</ele><time>2025-04-10T13:40:26.000Z</time></trkpt>
<trkpt lat="30.62590002372024" lon="104.055415472962"><ele>474</ele><time>2025-04-10T13:40:27.000Z</time></trkpt>
<trkpt lat="30.62590002372024" lon="104.055415472962"><ele>474</ele><time>2025-04-10T13:40:28.000Z</time></trkpt>
<trkpt lat="30.62590002372024" lon="104.055415472962"><ele>474</ele><time>2025-04-10T13:40:29.000Z</time></trkpt>
<trkpt lat="30.62590002372024" lon="104.055415472962"><ele>474</ele><time>2025-04-10T13:40:30.000Z</time></trkpt>
<trkpt lat="30.62590002372024" lon="104.055415472962"><ele>474</ele><time>2025-04-10T13:40:31.000Z</time></trkpt>
<trkpt lat="30.62590002372024" lon="104.055415472962"><ele>474</ele><time>2025-04-10T13:40:32.000Z</time></trkpt>
<trkpt lat="30.62590002372024" lon="104.055415472962"><ele>474</ele><time>2025-04-10T13:40:33.000Z</time></trkpt>
<trkpt lat="30.62590002372024" lon="104.055415472962"><ele>474</ele><time>2025-04-10T13:40:34.000Z</time></trkpt>
<trkpt lat="30.62590002372024" lon="104.055415472962"><ele>474</ele><time>2025-04-10T13:40:35.000Z</time></trkpt>
<trkpt lat="30.62590002372024" lon="104.055415472962"><ele>474</ele><time>2025-04-10T13:40:36.000Z</time></trkpt>
<trkpt lat="30.62590002372024" lon="104.055415472962"><ele>474</ele><time>2025-04-10T13:40:37.000Z</time></trkpt>
<trkpt lat="30.62590002372024" lon="104.055415472962"><ele>474</ele><time>2025-04-10T13:40:38.000Z</time></trkpt>
<trkpt lat="30.62590002372024" lon="104.055415472962"><ele>474</ele><time>2025-04-10T13:40:39.000Z</time></trkpt>
<trkpt lat="30.62590002372024" lon="104.055415472962"><ele>474</ele><time>2025-04-10T13:40:40.000Z</time></trkpt>
<trkpt lat="30.62590002372024" lon="104.055415472962"><ele>474</ele><time>2025-04-10T13:40:41.000Z</time></trkpt>
<trkpt lat="30.62590002372024" lon="104.055415472962"><ele>473</ele><time>2025-04-10T13:40:42.000Z</time></trkpt>
<trkpt lat="30.62590002372024" lon="104.055415472962"><ele>472</ele><time>2025-04-10T13:40:43.000Z</time></trkpt>
<trkpt lat="30.62590002372024" lon="104.055415472962"><ele>472</ele><time>2025-04-10T13:40:44.000Z</time></trkpt>
<trkpt lat="30.62590002372024" lon="104.055415472962"><ele>473</ele><time>2025-04-10T13:40:45.000Z</time></trkpt>
<trkpt lat="30.62590002372024" lon="104.055415472962"><ele>473</ele><time>2025-04-10T13:40:46.000Z</time></trkpt>
<trkpt lat="30.62590002372024" lon="104.055415472962"><ele>473</ele><time>2025-04-10T13:40:47.000Z</time></trkpt>
<trkpt lat="30.62590002372024" lon="104.055415472962"><ele>473</ele><time>2025-04-10T13:40:48.000Z</time></trkpt>
<trkpt lat="30.62590002372024" lon="104.055415472962"><ele>473</ele><time>2025-04-10T13:40:49.000Z</time></trkpt>
<trkpt lat="30.62590002372024" lon="104.055415472962"><ele>473</ele><time>2025-04-10T13:40:50.000Z</time></trkpt>
<trkpt lat="30.62590002372024" lon="104.055415472962"><ele>473</ele><time>2025-04-10T13:40:51.000Z</time></trkpt>
<trkpt lat="30.62590002372024" lon="104.055415472962"><ele>473</ele><time>2025-04-10T13:40:52.000Z</time></trkpt>
<trkpt lat="30.62590002372024" lon="104.055415472962"><ele>473</ele><time>2025-04-10T13:40:53.000Z</time></trkpt>
<trkpt lat="30.62590002372024" lon="104.055415472962"><ele>473</ele><time>2025-04-10T13:40:54.000Z</time></trkpt>
<trkpt lat="30.62590002372024" lon="104.055415472962"><ele>473</ele><time>2025-04-10T13:40:55.000Z</time></trkpt>
<trkpt lat="30.62590002372024" lon="104.055415472962"><ele>473</ele><time>2025-04-10T13:40:56.000Z</time></trkpt>
<trkpt lat="30.62590002372024" lon="104.055415472962"><ele>473</ele><time>2025-04-10T13:40:57.000Z</time></trkpt>
<trkpt lat="30.62590002372024" lon="104.055415472962"><ele>474</ele><time>2025-04-10T13:40:58.000Z</time></trkpt>
<trkpt lat="30.62590002372024" lon="104.055415472962"><ele>474</ele><time>2025-04-10T13:40:59.000Z</time></trkpt>
<trkpt lat="30.62590002372024" lon="104.055415472962"><ele>474</ele><time>2025-04-10T13:41:00.000Z</time></trkpt>
<trkpt lat="30.62590002372024" lon="104.055415472962"><ele>474</ele><time>2025-04-10T13:41:01.000Z</time></trkpt>
<trkpt lat="30.62590002372024" lon="104.055415472962"><ele>474</ele><time>2025-04-10T13:41:02.000Z</time></trkpt>
<trkpt lat="30.62590002372024" lon="104.055415472962"><ele>474</ele><time>2025-04-10T13:41:03.000Z</time></trkpt>
<trkpt lat="30.62590002372024" lon="104.055415472962"><ele>474</ele><time>2025-04-10T13:41:04.000Z</time></trkpt>
<trkpt lat="30.62590002372024" lon="104.055415472962"><ele>475</ele><time>2025-04-10T13:41:05.000Z</time></trkpt>
<trkpt lat="30.62590002372024" lon="104.055415472962"><ele>475</ele><time>2025-04-10T13:41:06.000Z</time></trkpt>
<trkpt lat="30.62590002372024" lon="104.055415472962"><ele>475</ele><time>2025-04-10T13:41:07.000Z</time></trkpt>
<trkpt lat="30.62590002372024" lon="104.055415472962"><ele>475</ele><time>2025-04-10T13:41:08.000Z</time></trkpt>
<trkpt lat="30.62590002372024" lon="104.055415472962"><ele>476</ele><time>2025-04-10T13:41:09.000Z</time></trkpt>
<trkpt lat="30.62590002372024" lon="104.055415472962"><ele>476</ele><time>2025-04-10T13:41:10.000Z</time></trkpt>
<trkpt lat="30.62590002372024" lon="104.055415472962"><ele>475</ele><time>2025-04-10T13:41:11.000Z</time></trkpt>
<trkpt lat="30.62590002372024" lon="104.055415472962"><ele>475</ele><time>2025-04-10T13:41:12.000Z</time></trkpt>
<trkpt lat="30.62590002372024" lon="104.055415472962"><ele>475</ele><time>2025-04-10T13:41:13.000Z</time></trkpt>
<trkpt lat="30.62590002372024" lon="104.055415472962"><ele>475</ele><time>2025-04-10T13:41:14.000Z</time></trkpt>
<trkpt lat="30.62590002372024" lon="104.055415472962"><ele>475</ele><time>2025-04-10T13:41:15.000Z</time></trkpt>
<trkpt lat="30.62590002372024" lon="104.055415472962"><ele>475</ele><time>2025-04-10T13:41:16.000Z</time></trkpt>
<trkpt lat="30.62590002372024" lon="104.055415472962"><ele>475</ele><time>2025-04-10T13:41:17.000Z</time></trkpt>
<trkpt lat="30.62590002372024" lon="104.055415472962"><ele>475</ele><time>2025-04-10T13:41:18.000Z</time></trkpt>
<trkpt lat="30.62590002372024" lon="104.055415472962"><ele>475</ele><time>2025-04-10T13:41:19.000Z</time></trkpt>
<trkpt lat="30.62590002372024" lon="104.055415472962"><ele>475</ele><time>2025-04-10T13:41:20.000Z</time></trkpt>
<trkpt lat="30.62590002372024" lon="104.055415472962"><ele>475</ele><time>2025-04-10T13:41:21.000Z</time></trkpt>
<trkpt lat="30.62590002372024" lon="104.055415472962"><ele>475</ele><time>2025-04-10T13:41:22.000Z</time></trkpt>
<trkpt lat="30.62590002372024" lon="104.055415472962"><ele>475</ele><time>2025-04-10T13:41:23.000Z</time></trkpt>
<trkpt lat="30.62590002372024" lon="104.055415472962"><ele>475</ele><time>2025-04-10T13:41:24.000Z</time></trkpt>
<trkpt lat="30.62590002372024" lon="104.055415472962"><ele>476</ele><time>2025-04-10T13:41:25.000Z</time></trkpt>
<trkpt lat="30.62590002372024" lon="104.055415472962"><ele>477</ele><time>2025-04-10T13:41:26.000Z</time></trkpt>
<trkpt lat="30.62590002372024" lon="104.055415472962"><ele>477</ele><time>2025-04-10T13:41:27.000Z</time></trkpt>
<trkpt lat="30.62590002372024" lon="104.055415472962"><ele>476</ele><time>2025-04-10T13:41:28.000Z</time></trkpt>
<trkpt lat="30.62590002372024" lon="104.055415472962"><ele>478</ele><time>2025-04-10T13:41:29.000Z</time></trkpt>
<trkpt lat="30.62590002372024" lon="104.055415472962"><ele>478</ele><time>2025-04-10T13:41:30.000Z</time></trkpt>
<trkpt lat="30.62590002372024" lon="104.055415472962"><ele>479</ele><time>2025-04-10T13:41:31.000Z</time></trkpt>
<trkpt lat="30.62590002372024" lon="104.055415472962"><ele>478</ele><time>2025-04-10T13:41:32.000Z</time></trkpt>
<trkpt lat="30.62590002372024" lon="104.055415472962"><ele>479</ele><time>2025-04-10T13:41:33.000Z</time></trkpt>
<trkpt lat="30.62590002372024" lon="104.055415472962"><ele>479</ele><time>2025-04-10T13:41:34.000Z</time></trkpt>
<trkpt lat="30.62590002372024" lon="104.055415472962"><ele>480</ele><time>2025-04-10T13:41:35.000Z</time></trkpt>
<trkpt lat="30.62590002372024" lon="104.055415472962"><ele>480</ele><time>2025-04-10T13:41:36.000Z</time></trkpt>
<trkpt lat="30.62590002372024" lon="104.055415472962"><ele>481</ele><time>2025-04-10T13:41:37.000Z</time></trkpt>
<trkpt lat="30.62590002372024" lon="104.055415472962"><ele>481</ele><time>2025-04-10T13:41:38.000Z</time></trkpt>
<trkpt lat="30.62590002372024" lon="104.055415472962"><ele>481</ele><time>2025-04-10T13:41:39.000Z</time></trkpt>
<trkpt lat="30.62590002372024" lon="104.055415472962"><ele>481</ele><time>2025-04-10T13:41:40.000Z</time></trkpt>
<trkpt lat="30.62590002372024" lon="104.055415472962"><ele>481</ele><time>2025-04-10T13:41:41.000Z</time></trkpt>
<trkpt lat="30.62590002372024" lon="104.055415472962"><ele>481</ele><time>2025-04-10T13:41:42.000Z</time></trkpt>
<trkpt lat="30.62590002372024" lon="104.055415472962"><ele>481</ele><time>2025-04-10T13:41:43.000Z</time></trkpt>
<trkpt lat="30.62590002372024" lon="104.055415472962"><ele>480</ele><time>2025-04-10T13:41:44.000Z</time></trkpt>
<trkpt lat="30.62590002372024" lon="104.055415472962"><ele>480</ele><time>2025-04-10T13:41:45.000Z</time></trkpt>
<trkpt lat="30.62590002372024" lon="104.055415472962"><ele>479</ele><time>2025-04-10T13:41:46.000Z</time></trkpt>
<trkpt lat="30.62590002372024" lon="104.055415472962"><ele>479</ele><time>2025-04-10T13:41:47.000Z</time></trkpt>
<trkpt lat="30.62590002372024" lon="104.055415472962"><ele>479</ele><time>2025-04-10T13:41:48.000Z</time></trkpt>
<trkpt lat="30.62590002372024" lon="104.055415472962"><ele>479</ele><time>2025-04-10T13:41:49.000Z</time></trkpt>
<trkpt lat="30.62590002372024" lon="104.055415472962"><ele>479</ele><time>2025-04-10T13:41:50.000Z</time></trkpt>
<trkpt lat="30.62590002372024" lon="104.055415472962"><ele>478</ele><time>2025-04-10T13:41:51.000Z</time></trkpt>
<trkpt lat="30.62590002372024" lon="104.055415472962"><ele>478</ele><time>2025-04-10T13:41:52.000Z</time></trkpt>
<trkpt lat="30.62590002372024" lon="104.055415472962"><ele>478</ele><time>2025-04-10T13:41:53.000Z</time></trkpt>
<trkpt lat="30.62590002372024" lon="104.055415472962"><ele>478</ele><time>2025-04-10T13:41:54.000Z</time></trkpt>
<trkpt lat="30.62590002372024" lon="104.055415472962"><ele>477</ele><time>2025-04-10T13:41:55.000Z</time></trkpt>
<trkpt lat="30.62590002372024" lon="104.055415472962"><ele>477</ele><time>2025-04-10T13:41:56.000Z</time></trkpt>
<trkpt lat="30.62590002372024" lon="104.055415472962"><ele>476</ele><time>2025-04-10T13:41:57.000Z</time></trkpt>
<trkpt lat="30.62590002372024" lon="104.055415472962"><ele>476</ele><time>2025-04-10T13:41:58.000Z</time></trkpt>
<trkpt lat="30.62590002372024" lon="104.055415472962"><ele>476</ele><time>2025-04-10T13:41:59.000Z</time></trkpt>
<trkpt lat="30.62590002372024" lon="104.055415472962"><ele>476</ele><time>2025-04-10T13:42:00.000Z</time></trkpt>
<trkpt lat="30.62590002372024" lon="104.055415472962"><ele>476</ele><time>2025-04-10T13:42:01.000Z</time></trkpt>
<trkpt lat="30.62590002372024" lon="104.055415472962"><ele>476</ele><time>2025-04-10T13:42:02.000Z</time></trkpt>
<trkpt lat="30.62590002372024" lon="104.055415472962"><ele>476</ele><time>2025-04-10T13:42:03.000Z</time></trkpt>
<trkpt lat="30.62590002372024" lon="104.055415472962"><ele>475</ele><time>2025-04-10T13:42:04.000Z</time></trkpt>
<trkpt lat="30.62590002372024" lon="104.055415472962"><ele>475</ele><time>2025-04-10T13:42:05.000Z</time></trkpt>
<trkpt lat="30.62590002372024" lon="104.055415472962"><ele>475</ele><time>2025-04-10T13:42:06.000Z</time></trkpt>
<trkpt lat="30.62590002372024" lon="104.055415472962"><ele>475</ele><time>2025-04-10T13:42:07.000Z</time></trkpt>
<trkpt lat="30.62590002372024" lon="104.055415472962"><ele>474</ele><time>2025-04-10T13:42:08.000Z</time></trkpt>
<trkpt lat="30.62590002372024" lon="104.055415472962"><ele>475</ele><time>2025-04-10T13:42:09.000Z</time></trkpt>
<trkpt lat="30.62590002372024" lon="104.055415472962"><ele>474</ele><time>2025-04-10T13:42:10.000Z</time></trkpt>
<trkpt lat="30.62590002372024" lon="104.055415472962"><ele>473</ele><time>2025-04-10T13:42:11.000Z</time></trkpt>
<trkpt lat="30.62590002372024" lon="104.055415472962"><ele>473</ele><time>2025-04-10T13:42:12.000Z</time></trkpt>
<trkpt lat="30.62590002372024" lon="104.055415472962"><ele>473</ele><time>2025-04-10T13:42:13.000Z</time></trkpt>
<trkpt lat="30.62590002372024" lon="104.055415472962"><ele>472</ele><time>2025-04-10T13:42:14.000Z</time></trkpt>
<trkpt lat="30.62590002372024" lon="104.055415472962"><ele>472</ele><time>2025-04-10T13:42:15.000Z</time></trkpt>
<trkpt lat="30.62590002372024" lon="104.055415472962"><ele>472</ele><time>2025-04-10T13:42:16.000Z</time></trkpt>
<trkpt lat="30.62590002372024" lon="104.055415472962"><ele>473</ele><time>2025-04-10T13:42:17.000Z</time></trkpt>
<trkpt lat="30.62590002372024" lon="104.055415472962"><ele>473</ele><time>2025-04-10T13:42:18.000Z</time></trkpt>
<trkpt lat="30.62590002372024" lon="104.055415472962"><ele>473</ele><time>2025-04-10T13:42:19.000Z</time></trkpt>
<trkpt lat="30.62590002372024" lon="104.055415472962"><ele>474</ele><time>2025-04-10T13:42:20.000Z</time></trkpt>
<trkpt lat="30.62590002372024" lon="104.055415472962"><ele>473</ele><time>2025-04-10T13:42:21.000Z</time></trkpt>
<trkpt lat="30.62590002372024" lon="104.055415472962"><ele>473</ele><time>2025-04-10T13:42:22.000Z</time></trkpt>
<trkpt lat="30.62590002372024" lon="104.055415472962"><ele>473</ele><time>2025-04-10T13:42:23.000Z</time></trkpt>
<trkpt lat="30.62590002372024" lon="104.055415472962"><ele>474</ele><time>2025-04-10T13:42:24.000Z</time></trkpt>
<trkpt lat="30.62590002372024" lon="104.055415472962"><ele>474</ele><time>2025-04-10T13:42:25.000Z</time></trkpt>
<trkpt lat="30.62590002372024" lon="104.055415472962"><ele>474</ele><time>2025-04-10T13:42:26.000Z</time></trkpt>
<trkpt lat="30.62590002372024" lon="104.055415472962"><ele>474</ele><time>2025-04-10T13:42:27.000Z</time></trkpt>
<trkpt lat="30.62590002372024" lon="104.055415472962"><ele>474</ele><time>2025-04-10T13:42:28.000Z</time></trkpt>
<trkpt lat="30.62590002372024" lon="104.055415472962"><ele>474</ele><time>2025-04-10T13:42:29.000Z</time></trkpt>
<trkpt lat="30.62590002372024" lon="104.055415472962"><ele>474</ele><time>2025-04-10T13:42:30.000Z</time></trkpt>
<trkpt lat="30.62590002372024" lon="104.055415472962"><ele>474</ele><time>2025-04-10T13:42:31.000Z</time></trkpt>
<trkpt lat="30.62590002372024" lon="104.055415472962"><ele>474</ele><time>2025-04-10T13:42:32.000Z</time></trkpt>
<trkpt lat="30.62590002372024" lon="104.055415472962"><ele>474</ele><time>2025-04-10T13:42:33.000Z</time></trkpt>
<trkpt lat="30.62590002372024" lon="104.055415472962"><ele>474</ele><time>2025-04-10T13:42:34.000Z</time></trkpt>
<trkpt lat="30.62590002372024" lon="104.055415472962"><ele>474</ele><time>2025-04-10T13:42:35.000Z</time></trkpt>
<trkpt lat="30.62590002372024" lon="104.055415472962"><ele>473</ele><time>2025-04-10T13:42:36.000Z</time></trkpt>
<trkpt lat="30.62590002372024" lon="104.055415472962"><ele>473</ele><time>2025-04-10T13:42:37.000Z</time></trkpt>
<trkpt lat="30.62590002372024" lon="104.055415472962"><ele>473</ele><time>2025-04-10T13:42:38.000Z</time></trkpt>
<trkpt lat="30.62590002372024" lon="104.055415472962"><ele>473</ele><time>2025-04-10T13:42:39.000Z</time></trkpt>
<trkpt lat="30.62590002372024" lon="104.055415472962"><ele>473</ele><time>2025-04-10T13:42:40.000Z</time></trkpt>
<trkpt lat="30.62590002372024" lon="104.055415472962"><ele>474</ele><time>2025-04-10T13:42:41.000Z</time></trkpt>
<trkpt lat="30.62590002372024" lon="104.055415472962"><ele>474</ele><time>2025-04-10T13:42:42.000Z</time></trkpt>
<trkpt lat="30.62590002372024" lon="104.055415472962"><ele>474</ele><time>2025-04-10T13:42:43.000Z</time></trkpt>
<trkpt lat="30.62590002372024" lon="104.055415472962"><ele>473</ele><time>2025-04-10T13:42:44.000Z</time></trkpt>
<trkpt lat="30.62590002372024" lon="104.055415472962"><ele>474</ele><time>2025-04-10T13:42:45.000Z</time></trkpt>
<trkpt lat="30.62590002372024" lon="104.055415472962"><ele>474</ele><time>2025-04-10T13:42:46.000Z</time></trkpt>
<trkpt lat="30.62590002372024" lon="104.055415472962"><ele>474</ele><time>2025-04-10T13:42:47.000Z</time></trkpt>
<trkpt lat="30.62590002372024" lon="104.055415472962"><ele>474</ele><time>2025-04-10T13:42:48.000Z</time></trkpt>
<trkpt lat="30.62590002372024" lon="104.055415472962"><ele>475</ele><time>2025-04-10T13:42:49.000Z</time></trkpt>
<trkpt lat="30.62590002372024" lon="104.055415472962"><ele>475</ele><time>2025-04-10T13:42:50.000Z</time></trkpt>
<trkpt lat="30.62590002372024" lon="104.055415472962"><ele>475</ele><time>2025-04-10T13:42:51.000Z</time></trkpt>
<trkpt lat="30.62590002372024" lon="104.055415472962"><ele>475</ele><time>2025-04-10T13:42:52.000Z</time></trkpt>
<trkpt lat="30.62590002372024" lon="104.055415472962"><ele>475</ele><time>2025-04-10T13:42:53.000Z</time></trkpt>
<trkpt lat="30.62590002372024" lon="104.055415472962"><ele>476</ele><time>2025-04-10T13:42:54.000Z</time></trkpt>
<trkpt lat="30.62590002372024" lon="104.055415472962"><ele>476</ele><time>2025-04-10T13:42:55.000Z</time></trkpt>
<trkpt lat="30.62590002372024" lon="104.055415472962"><ele>476</ele><time>2025-04-10T13:42:56.000Z</time></trkpt>
<trkpt lat="30.62590002372024" lon="104.055415472962"><ele>476</ele><time>2025-04-10T13:42:57.000Z</time></trkpt>
<trkpt lat="30.62590002372024" lon="104.055415472962"><ele>476</ele><time>2025-04-10T13:42:58.000Z</time></trkpt>
<trkpt lat="30.62590002372024" lon="104.055415472962"><ele>476</ele><time>2025-04-10T13:42:59.000Z</time></trkpt>
<trkpt lat="30.62590002372024" lon="104.055415472962"><ele>476</ele><time>2025-04-10T13:43:00.000Z</time></trkpt>
<trkpt lat="30.62590002372024" lon="104.055415472962"><ele>476</ele><time>2025-04-10T13:43:01.000Z</time></trkpt>
<trkpt lat="30.62590002372024" lon="104.055415472962"><ele>477</ele><time>2025-04-10T13:43:02.000Z</time></trkpt>
<trkpt lat="30.62590002372024" lon="104.055415472962"><ele>476</ele><time>2025-04-10T13:43:03.000Z</time></trkpt>
<trkpt lat="30.62590002372024" lon="104.055415472962"><ele>477</ele><time>2025-04-10T13:43:04.000Z</time></trkpt>
<trkpt lat="30.62590002372024" lon="104.055415472962"><ele>477</ele><time>2025-04-10T13:43:05.000Z</time></trkpt>
<trkpt lat="30.62590002372024" lon="104.055415472962"><ele>477</ele><time>2025-04-10T13:43:06.000Z</time></trkpt>
<trkpt lat="30.62590002372024" lon="104.055415472962"><ele>477</ele><time>2025-04-10T13:43:07.000Z</time></trkpt>
<trkpt lat="30.62590002372024" lon="104.055415472962"><ele>478</ele><time>2025-04-10T13:43:08.000Z</time></trkpt>
<trkpt lat="30.62590002372024" lon="104.055415472962"><ele>478</ele><time>2025-04-10T13:43:09.000Z</time></trkpt>
<trkpt lat="30.62590002372024" lon="104.055415472962"><ele>478</ele><time>2025-04-10T13:43:10.000Z</time></trkpt>
<trkpt lat="30.62590002372024" lon="104.055415472962"><ele>478</ele><time>2025-04-10T13:43:11.000Z</time></trkpt>
<trkpt lat="30.62590002372024" lon="104.055415472962"><ele>478</ele><time>2025-04-10T13:43:12.000Z</time></trkpt>
<trkpt lat="30.62590002372024" lon="104.055415472962"><ele>478</ele><time>2025-04-10T13:43:13.000Z</time></trkpt>
<trkpt lat="30.62590002372024" lon="104.055415472962"><ele>479</ele><time>2025-04-10T13:43:14.000Z</time></trkpt>
<trkpt lat="30.62590002372024" lon="104.055415472962"><ele>479</ele><time>2025-04-10T13:43:15.000Z</time></trkpt>
<trkpt lat="30.62590002372024" lon="104.055415472962"><ele>479</ele><time>2025-04-10T13:43:16.000Z</time></trkpt>
<trkpt lat="30.62590002372024" lon="104.055415472962"><ele>479</ele><time>2025-04-10T13:43:17.000Z</time></trkpt>
<trkpt lat="30.62590002372024" lon="104.055415472962"><ele>479</ele><time>2025-04-10T13:43:18.000Z</time></trkpt>
<trkpt lat="30.62590002372024" lon="104.055415472962"><ele>479</ele><time>2025-04-10T13:43:19.000Z</time></trkpt>
<trkpt lat="30.62590002372024" lon="104.055415472962"><ele>478</ele><time>2025-04-10T13:43:20.000Z</time></trkpt>
<trkpt lat="30.62590002372024" lon="104.055415472962"><ele>478</ele><time>2025-04-10T13:43:21.000Z</time></trkpt>
<trkpt lat="30.62590002372024" lon="104.055415472962"><ele>478</ele><time>2025-04-10T13:43:22.000Z</time></trkpt>
<trkpt lat="30.62590002372024" lon="104.055415472962"><ele>478</ele><time>2025-04-10T13:43:23.000Z</time></trkpt>
<trkpt lat="30.62590002372024" lon="104.055415472962"><ele>478</ele><time>2025-04-10T13:43:24.000Z</time></trkpt>
<trkpt lat="30.62590002372024" lon="104.055415472962"><ele>478</ele><time>2025-04-10T13:43:25.000Z</time></trkpt>
<trkpt lat="30.62590002372024" lon="104.055415472962"><ele>479</ele><time>2025-04-10T13:43:26.000Z</time></trkpt>
<trkpt lat="30.62590002372024" lon="104.055415472962"><ele>478</ele><time>2025-04-10T13:43:27.000Z</time></trkpt>
<trkpt lat="30.62590002372024" lon="104.055415472962"><ele>479</ele><time>2025-04-10T13:43:28.000Z</time></trkpt>
<trkpt lat="30.62590002372024" lon="104.055415472962"><ele>478</ele><time>2025-04-10T13:43:29.000Z</time></trkpt>
<trkpt lat="30.62590002372024" lon="104.055415472962"><ele>479</ele><time>2025-04-10T13:43:30.000Z</time></trkpt>
<trkpt lat="30.62590002372024" lon="104.055415472962"><ele>479</ele><time>2025-04-10T13:43:31.000Z</time></trkpt>
<trkpt lat="30.62590002372024" lon="104.055415472962"><ele>478</ele><time>2025-04-10T13:43:32.000Z</time></trkpt>
<trkpt lat="30.62590002372024" lon="104.055415472962"><ele>478</ele><time>2025-04-10T13:43:33.000Z</time></trkpt>
<trkpt lat="30.62590002372024" lon="104.055415472962"><ele>478</ele><time>2025-04-10T13:43:34.000Z</time></trkpt>
<trkpt lat="30.62590002372024" lon="104.055415472962"><ele>478</ele><time>2025-04-10T13:43:35.000Z</time></trkpt>
<trkpt lat="30.62590002372024" lon="104.055415472962"><ele>478</ele><time>2025-04-10T13:43:36.000Z</time></trkpt>
<trkpt lat="30.62590002372024" lon="104.055415472962"><ele>478</ele><time>2025-04-10T13:43:37.000Z</time></trkpt>
<trkpt lat="30.62590002372024" lon="104.055415472962"><ele>478</ele><time>2025-04-10T13:43:38.000Z</time></trkpt>
<trkpt lat="30.62590002372024" lon="104.055415472962"><ele>478</ele><time>2025-04-10T13:43:39.000Z</time></trkpt>
<trkpt lat="30.62590002372024" lon="104.055415472962"><ele>479</ele><time>2025-04-10T13:43:40.000Z</time></trkpt>
<trkpt lat="30.62590002372024" lon="104.055415472962"><ele>479</ele><time>2025-04-10T13:43:41.000Z</time></trkpt>
<trkpt lat="30.62590002372024" lon="104.055415472962"><ele>479</ele><time>2025-04-10T13:43:42.000Z</time></trkpt>
<trkpt lat="30.62590002372024" lon="104.055415472962"><ele>479</ele><time>2025-04-10T13:43:43.000Z</time></trkpt>
<trkpt lat="30.62590002372024" lon="104.055415472962"><ele>479</ele><time>2025-04-10T13:43:44.000Z</time></trkpt>
<trkpt lat="30.62590002372024" lon="104.055415472962"><ele>479</ele><time>2025-04-10T13:43:45.000Z</time></trkpt>
<trkpt lat="30.62590002372024" lon="104.055415472962"><ele>479</ele><time>2025-04-10T13:43:46.000Z</time></trkpt>
<trkpt lat="30.62590002372024" lon="104.055415472962"><ele>479</ele><time>2025-04-10T13:43:47.000Z</time></trkpt>
<trkpt lat="30.62590002372024" lon="104.055415472962"><ele>479</ele><time>2025-04-10T13:43:48.000Z</time></trkpt>
<trkpt lat="30.62590002372024" lon="104.055415472962"><ele>479</ele><time>2025-04-10T13:43:49.000Z</time></trkpt>
<trkpt lat="30.62590002372024" lon="104.055415472962"><ele>479</ele><time>2025-04-10T13:43:50.000Z</time></trkpt>
<trkpt lat="30.62590002372024" lon="104.055415472962"><ele>479</ele><time>2025-04-10T13:43:51.000Z</time></trkpt>
<trkpt lat="30.62590002372024" lon="104.055415472962"><ele>479</ele><time>2025-04-10T13:43:52.000Z</time></trkpt>
<trkpt lat="30.62590002372024" lon="104.055415472962"><ele>480</ele><time>2025-04-10T13:43:53.000Z</time></trkpt>
<trkpt lat="30.62590002372024" lon="104.055415472962"><ele>480</ele><time>2025-04-10T13:43:54.000Z</time></trkpt>
<trkpt lat="30.62590002372024" lon="104.055415472962"><ele>480</ele><time>2025-04-10T13:43:55.000Z</time></trkpt>
<trkpt lat="30.62590002372024" lon="104.055415472962"><ele>480</ele><time>2025-04-10T13:43:56.000Z</time></trkpt>
<trkpt lat="30.62590002372024" lon="104.055415472962"><ele>480</ele><time>2025-04-10T13:43:57.000Z</time></trkpt>
<trkpt lat="30.62590002372024" lon="104.055415472962"><ele>480</ele><time>2025-04-10T13:43:58.000Z</time></trkpt>
<trkpt lat="30.62590002372024" lon="104.055415472962"><ele>480</ele><time>2025-04-10T13:43:59.000Z</time></trkpt>
<trkpt lat="30.62590002372024" lon="104.055415472962"><ele>480</ele><time>2025-04-10T13:44:00.000Z</time></trkpt>
<trkpt lat="30.62590002372024" lon="104.055415472962"><ele>480</ele><time>2025-04-10T13:44:01.000Z</time></trkpt>
<trkpt lat="30.62590002372024" lon="104.055415472962"><ele>480</ele><time>2025-04-10T13:44:02.000Z</time></trkpt>
<trkpt lat="30.62590002372024" lon="104.055415472962"><ele>480</ele><time>2025-04-10T13:44:03.000Z</time></trkpt>
<trkpt lat="30.62590002372024" lon="104.055415472962"><ele>480</ele><time>2025-04-10T13:44:04.000Z</time></trkpt>
<trkpt lat="30.62590002372024" lon="104.055415472962"><ele>480</ele><time>2025-04-10T13:44:05.000Z</time></trkpt>
<trkpt lat="30.62590002372024" lon="104.055415472962"><ele>480</ele><time>2025-04-10T13:44:06.000Z</time></trkpt>
<trkpt lat="30.62590002372024" lon="104.055415472962"><ele>480</ele><time>2025-04-10T13:44:07.000Z</time></trkpt>
<trkpt lat="30.62590002372024" lon="104.055415472962"><ele>480</ele><time>2025-04-10T13:44:08.000Z</time></trkpt>
<trkpt lat="30.62590002372024" lon="104.055415472962"><ele>480</ele><time>2025-04-10T13:44:09.000Z</time></trkpt>
<trkpt lat="30.62590002372024" lon="104.055415472962"><ele>480</ele><time>2025-04-10T13:44:10.000Z</time></trkpt>
<trkpt lat="30.62590002372024" lon="104.055415472962"><ele>480</ele><time>2025-04-10T13:44:11.000Z</time></trkpt>
<trkpt lat="30.62590002372024" lon="104.055415472962"><ele>480</ele><time>2025-04-10T13:44:12.000Z</time></trkpt>
<trkpt lat="30.62590002372024" lon="104.055415472962"><ele>480</ele><time>2025-04-10T13:44:13.000Z</time></trkpt>
<trkpt lat="30.62590002372024" lon="104.055415472962"><ele>480</ele><time>2025-04-10T13:44:14.000Z</time></trkpt>
<trkpt lat="30.62590002372024" lon="104.055415472962"><ele>480</ele><time>2025-04-10T13:44:15.000Z</time></trkpt>
<trkpt lat="30.62590002372024" lon="104.055415472962"><ele>480</ele><time>2025-04-10T13:44:16.000Z</time></trkpt>
<trkpt lat="30.62590002372024" lon="104.055415472962"><ele>480</ele><time>2025-04-10T13:44:17.000Z</time></trkpt>
<trkpt lat="30.62590002372024" lon="104.055415472962"><ele>480</ele><time>2025-04-10T13:44:18.000Z</time></trkpt>
<trkpt lat="30.62590002372024" lon="104.055415472962"><ele>480</ele><time>2025-04-10T13:44:19.000Z</time></trkpt>
<trkpt lat="30.62590002372024" lon="104.055415472962"><ele>480</ele><time>2025-04-10T13:44:20.000Z</time></trkpt>
<trkpt lat="30.62590002372024" lon="104.055415472962"><ele>480</ele><time>2025-04-10T13:44:21.000Z</time></trkpt>
<trkpt lat="30.62590002372024" lon="104.055415472962"><ele>480</ele><time>2025-04-10T13:44:22.000Z</time></trkpt>
<trkpt lat="30.62590002372024" lon="104.055415472962"><ele>480</ele><time>2025-04-10T13:44:23.000Z</time></trkpt>
<trkpt lat="30.62590002372024" lon="104.055415472962"><ele>479</ele><time>2025-04-10T13:44:24.000Z</time></trkpt>
<trkpt lat="30.62590002372024" lon="104.055415472962"><ele>479</ele><time>2025-04-10T13:44:25.000Z</time></trkpt>
<trkpt lat="30.62590002372024" lon="104.055415472962"><ele>479</ele><time>2025-04-10T13:44:26.000Z</time></trkpt>
<trkpt lat="30.62590002372024" lon="104.055415472962"><ele>479</ele><time>2025-04-10T13:44:27.000Z</time></trkpt>
<trkpt lat="30.62590002372024" lon="104.055415472962"><ele>479</ele><time>2025-04-10T13:44:28.000Z</time></trkpt>
<trkpt lat="30.62590002372024" lon="104.055415472962"><ele>479</ele><time>2025-04-10T13:44:29.000Z</time></trkpt>
<trkpt lat="30.62590002372024" lon="104.055415472962"><ele>479</ele><time>2025-04-10T13:44:30.000Z</time></trkpt>
<trkpt lat="30.62590002372024" lon="104.055415472962"><ele>479</ele><time>2025-04-10T13:44:31.000Z</time></trkpt>
<trkpt lat="30.62590002372024" lon="104.055415472962"><ele>479</ele><time>2025-04-10T13:44:32.000Z</time></trkpt>
<trkpt lat="30.62590002372024" lon="104.055415472962"><ele>479</ele><time>2025-04-10T13:44:33.000Z</time></trkpt>
<trkpt lat="30.62590002372024" lon="104.055415472962"><ele>479</ele><time>2025-04-10T13:44:34.000Z</time></trkpt>
<trkpt lat="30.62590002372024" lon="104.055415472962"><ele>479</ele><time>2025-04-10T13:44:35.000Z</time></trkpt>
<trkpt lat="30.62590002372024" lon="104.055415472962"><ele>479</ele><time>2025-04-10T13:44:36.000Z</time></trkpt>
<trkpt lat="30.62590002372024" lon="104.055415472962"><ele>479</ele><time>2025-04-10T13:44:37.000Z</time></trkpt>
<trkpt lat="30.62590002372024" lon="104.055415472962"><ele>479</ele><time>2025-04-10T13:44:38.000Z</time></trkpt>
<trkpt lat="30.62590002372024" lon="104.055415472962"><ele>479</ele><time>2025-04-10T13:44:39.000Z</time></trkpt>
<trkpt lat="30.62590002372024" lon="104.055415472962"><ele>479</ele><time>2025-04-10T13:44:40.000Z</time></trkpt>
<trkpt lat="30.62590002372024" lon="104.055415472962"><ele>479</ele><time>2025-04-10T13:44:41.000Z</time></trkpt>
<trkpt lat="30.62590002372024" lon="104.055415472962"><ele>480</ele><time>2025-04-10T13:44:42.000Z</time></trkpt>
<trkpt lat="30.62590002372024" lon="104.055415472962"><ele>480</ele><time>2025-04-10T13:44:43.000Z</time></trkpt>
<trkpt lat="30.62590002372024" lon="104.055415472962"><ele>480</ele><time>2025-04-10T13:44:44.000Z</time></trkpt>
<trkpt lat="30.62590002372024" lon="104.055415472962"><ele>480</ele><time>2025-04-10T13:44:45.000Z</time></trkpt>
<trkpt lat="30.62590002372024" lon="104.055415472962"><ele>479</ele><time>2025-04-10T13:44:46.000Z</time></trkpt>
<trkpt lat="30.62590002372024" lon="104.055415472962"><ele>479</ele><time>2025-04-10T13:44:47.000Z</time></trkpt>
<trkpt lat="30.62590002372024" lon="104.055415472962"><ele>479</ele><time>2025-04-10T13:44:48.000Z</time></trkpt>
<trkpt lat="30.62590002372024" lon="104.055415472962"><ele>479</ele><time>2025-04-10T13:44:49.000Z</time></trkpt>
<trkpt lat="30.62590002372024" lon="104.055415472962"><ele>479</ele><time>2025-04-10T13:44:50.000Z</time></trkpt>
<trkpt lat="30.62590002372024" lon="104.055415472962"><ele>479</ele><time>2025-04-10T13:44:51.000Z</time></trkpt>
<trkpt lat="30.62590002372024" lon="104.055415472962"><ele>479</ele><time>2025-04-10T13:44:52.000Z</time></trkpt>
<trkpt lat="30.62590002372024" lon="104.055415472962"><ele>479</ele><time>2025-04-10T13:44:53.000Z</time></trkpt>
<trkpt lat="30.62590002372024" lon="104.055415472962"><ele>479</ele><time>2025-04-10T13:44:54.000Z</time></trkpt>
<trkpt lat="30.62590002372024" lon="104.055415472962"><ele>479</ele><time>2025-04-10T13:44:55.000Z</time></trkpt>
<trkpt lat="30.62590002372024" lon="104.055415472962"><ele>479</ele><time>2025-04-10T13:44:56.000Z</time></trkpt>
<trkpt lat="30.62590002372024" lon="104.055415472962"><ele>479</ele><time>2025-04-10T13:44:57.000Z</time></trkpt>
<trkpt lat="30.62590002372024" lon="104.055415472962"><ele>479</ele><time>2025-04-10T13:44:58.000Z</time></trkpt>
<trkpt lat="30.62590002372024" lon="104.055415472962"><ele>479</ele><time>2025-04-10T13:44:59.000Z</time></trkpt>
<trkpt lat="30.62590002372024" lon="104.055415472962"><ele>479</ele><time>2025-04-10T13:45:00.000Z</time></trkpt>
<trkpt lat="30.62590002372024" lon="104.055415472962"><ele>479</ele><time>2025-04-10T13:45:01.000Z</time></trkpt>
<trkpt lat="30.62590002372024" lon="104.055415472962"><ele>479</ele><time>2025-04-10T13:45:02.000Z</time></trkpt>
<trkpt lat="30.62590002372024" lon="104.055415472962"><ele>479</ele><time>2025-04-10T13:45:03.000Z</time></trkpt>
<trkpt lat="30.62590002372024" lon="104.055415472962"><ele>479</ele><time>2025-04-10T13:45:04.000Z</time></trkpt>
<trkpt lat="30.62590002372024" lon="104.055415472962"><ele>479</ele><time>2025-04-10T13:45:05.000Z</time></trkpt>
<trkpt lat="30.62590002372024" lon="104.055415472962"><ele>478</ele><time>2025-04-10T13:45:06.000Z</time></trkpt>
<trkpt lat="30.62590002372024" lon="104.055415472962"><ele>478</ele><time>2025-04-10T13:45:07.000Z</time></trkpt>
<trkpt lat="30.62590002372024" lon="104.055415472962"><ele>478</ele><time>2025-04-10T13:45:08.000Z</time></trkpt>
<trkpt lat="30.62590002372024" lon="104.055415472962"><ele>479</ele><time>2025-04-10T13:45:09.000Z</time></trkpt>
<trkpt lat="30.62590002372024" lon="104.055415472962"><ele>479</ele><time>2025-04-10T13:45:10.000Z</time></trkpt>
<trkpt lat="30.62590002372024" lon="104.055415472962"><ele>479</ele><time>2025-04-10T13:45:11.000Z</time></trkpt>
<trkpt lat="30.62590002372024" lon="104.055415472962"><ele>479</ele><time>2025-04-10T13:45:12.000Z</time></trkpt>
<trkpt lat="30.62590002372024" lon="104.055415472962"><ele>479</ele><time>2025-04-10T13:45:13.000Z</time></trkpt>
<trkpt lat="30.62590002372024" lon="104.055415472962"><ele>479</ele><time>2025-04-10T13:45:14.000Z</time></trkpt>
<trkpt lat="30.62590002372024" lon="104.055415472962"><ele>479</ele><time>2025-04-10T13:45:15.000Z</time></trkpt>
<trkpt lat="30.62590002372024" lon="104.055415472962"><ele>479</ele><time>2025-04-10T13:45:16.000Z</time></trkpt>
<trkpt lat="30.62590002372024" lon="104.055415472962"><ele>479</ele><time>2025-04-10T13:45:17.000Z</time></trkpt>
<trkpt lat="30.62590002372024" lon="104.055415472962"><ele>479</ele><time>2025-04-10T13:45:18.000Z</time></trkpt>
<trkpt lat="30.62590002372024" lon="104.055415472962"><ele>480</ele><time>2025-04-10T13:45:19.000Z</time></trkpt>
<trkpt lat="30.62590002372024" lon="104.055415472962"><ele>480</ele><time>2025-04-10T13:45:20.000Z</time></trkpt>
<trkpt lat="30.62590002372024" lon="104.055415472962"><ele>480</ele><time>2025-04-10T13:45:21.000Z</time></trkpt>
<trkpt lat="30.62590002372024" lon="104.055415472962"><ele>480</ele><time>2025-04-10T13:45:22.000Z</time></trkpt>
<trkpt lat="30.62590002372024" lon="104.055415472962"><ele>480</ele><time>2025-04-10T13:45:23.000Z</time></trkpt>
<trkpt lat="30.62590002372024" lon="104.055415472962"><ele>480</ele><time>2025-04-10T13:45:24.000Z</time></trkpt>
<trkpt lat="30.62590002372024" lon="104.055415472962"><ele>481</ele><time>2025-04-10T13:45:25.000Z</time></trkpt>
<trkpt lat="30.62590002372024" lon="104.055415472962"><ele>481</ele><time>2025-04-10T13:45:26.000Z</time></trkpt>
<trkpt lat="30.62590002372024" lon="104.055415472962"><ele>481</ele><time>2025-04-10T13:45:27.000Z</time></trkpt>
<trkpt lat="30.62590002372024" lon="104.055415472962"><ele>481</ele><time>2025-04-10T13:45:28.000Z</time></trkpt>
<trkpt lat="30.62590002372024" lon="104.055415472962"><ele>481</ele><time>2025-04-10T13:45:29.000Z</time></trkpt>
<trkpt lat="30.62590002372024" lon="104.055415472962"><ele>481</ele><time>2025-04-10T13:45:30.000Z</time></trkpt>
<trkpt lat="30.62590002372024" lon="104.055415472962"><ele>481</ele><time>2025-04-10T13:45:31.000Z</time></trkpt>
<trkpt lat="30.62590002372024" lon="104.055415472962"><ele>481</ele><time>2025-04-10T13:45:32.000Z</time></trkpt>
<trkpt lat="30.62590002372024" lon="104.055415472962"><ele>481</ele><time>2025-04-10T13:45:33.000Z</time></trkpt>
<trkpt lat="30.62590002372024" lon="104.055415472962"><ele>481</ele><time>2025-04-10T13:45:34.000Z</time></trkpt>
<trkpt lat="30.62590002372024" lon="104.055415472962"><ele>481</ele><time>2025-04-10T13:45:35.000Z</time></trkpt>
<trkpt lat="30.62590002372024" lon="104.055415472962"><ele>481</ele><time>2025-04-10T13:45:36.000Z</time></trkpt>
<trkpt lat="30.62590002372024" lon="104.055415472962"><ele>482</ele><time>2025-04-10T13:45:37.000Z</time></trkpt>
<trkpt lat="30.62590002372024" lon="104.055415472962"><ele>482</ele><time>2025-04-10T13:45:38.000Z</time></trkpt>
<trkpt lat="30.62590002372024" lon="104.055415472962"><ele>481</ele><time>2025-04-10T13:45:39.000Z</time></trkpt>
<trkpt lat="30.62590002372024" lon="104.055415472962"><ele>481</ele><time>2025-04-10T13:45:40.000Z</time></trkpt>
<trkpt lat="30.62590002372024" lon="104.055415472962"><ele>481</ele><time>2025-04-10T13:45:41.000Z</time></trkpt>
<trkpt lat="30.62590002372024" lon="104.055415472962"><ele>481</ele><time>2025-04-10T13:45:42.000Z</time></trkpt>
<trkpt lat="30.62590002372024" lon="104.055415472962"><ele>482</ele><time>2025-04-10T13:45:43.000Z</time></trkpt>
<trkpt lat="30.62590002372024" lon="104.055415472962"><ele>482</ele><time>2025-04-10T13:45:44.000Z</time></trkpt>
<trkpt lat="30.62590002372024" lon="104.055415472962"><ele>481</ele><time>2025-04-10T13:45:45.000Z</time></trkpt>
<trkpt lat="30.62590002372024" lon="104.055415472962"><ele>481</ele><time>2025-04-10T13:45:46.000Z</time></trkpt>
<trkpt lat="30.62590002372024" lon="104.055415472962"><ele>481</ele><time>2025-04-10T13:45:47.000Z</time></trkpt>
<trkpt lat="30.62590002372024" lon="104.055415472962"><ele>482</ele><time>2025-04-10T13:45:48.000Z</time></trkpt>
<trkpt lat="30.62590002372024" lon="104.055415472962"><ele>482</ele><time>2025-04-10T13:45:49.000Z</time></trkpt>
<trkpt lat="30.62590002372024" lon="104.055415472962"><ele>482</ele><time>2025-04-10T13:45:50.000Z</time></trkpt>
<trkpt lat="30.62590002372024" lon="104.055415472962"><ele>482</ele><time>2025-04-10T13:45:51.000Z</time></trkpt>
<trkpt lat="30.62590002372024" lon="104.055415472962"><ele>482</ele><time>2025-04-10T13:45:52.000Z</time></trkpt>
<trkpt lat="30.62590002372024" lon="104.055415472962"><ele>482</ele><time>2025-04-10T13:45:53.000Z</time></trkpt>
<trkpt lat="30.62590002372024" lon="104.055415472962"><ele>482</ele><time>2025-04-10T13:45:54.000Z</time></trkpt>
<trkpt lat="30.62590002372024" lon="104.055415472962"><ele>482</ele><time>2025-04-10T13:45:55.000Z</time></trkpt>
<trkpt lat="30.62590002372024" lon="104.055415472962"><ele>482</ele><time>2025-04-10T13:45:56.000Z</time></trkpt>
<trkpt lat="30.62590002372024" lon="104.055415472962"><ele>482</ele><time>2025-04-10T13:45:57.000Z</time></trkpt>
<trkpt lat="30.62590002372024" lon="104.055415472962"><ele>482</ele><time>2025-04-10T13:45:58.000Z</time></trkpt>
<trkpt lat="30.62590002372024" lon="104.055415472962"><ele>482</ele><time>2025-04-10T13:45:59.000Z</time></trkpt>
<trkpt lat="30.62590002372024" lon="104.055415472962"><ele>482</ele><time>2025-04-10T13:46:00.000Z</time></trkpt>
<trkpt lat="30.62590002372024" lon="104.055415472962"><ele>482</ele><time>2025-04-10T13:46:01.000Z</time></trkpt>
<trkpt lat="30.62590002372024" lon="104.055415472962"><ele>482</ele><time>2025-04-10T13:46:02.000Z</time></trkpt>
<trkpt lat="30.62590002372024" lon="104.055415472962"><ele>482</ele><time>2025-04-10T13:46:03.000Z</time></trkpt>
<trkpt lat="30.62590002372024" lon="104.055415472962"><ele>482</ele><time>2025-04-10T13:46:04.000Z</time></trkpt>
<trkpt lat="30.62590002372024" lon="104.055415472962"><ele>482</ele><time>2025-04-10T13:46:05.000Z</time></trkpt>
<trkpt lat="30.62590002372024" lon="104.055415472962"><ele>482</ele><time>2025-04-10T13:46:06.000Z</time></trkpt>
<trkpt lat="30.62590002372024" lon="104.055415472962"><ele>482</ele><time>2025-04-10T13:46:07.000Z</time></trkpt>
<trkpt lat="30.62590002372024" lon="104.055415472962"><ele>482</ele><time>2025-04-10T13:46:08.000Z</time></trkpt>
<trkpt lat="30.62590002372024" lon="104.055415472962"><ele>482</ele><time>2025-04-10T13:46:09.000Z</time></trkpt>
<trkpt lat="30.62590002372024" lon="104.055415472962"><ele>482</ele><time>2025-04-10T13:46:10.000Z</time></trkpt>
<trkpt lat="30.62590002372024" lon="104.055415472962"><ele>482</ele><time>2025-04-10T13:46:11.000Z</time></trkpt>
<trkpt lat="30.62590002372024" lon="104.055415472962"><ele>482</ele><time>2025-04-10T13:46:12.000Z</time></trkpt>
<trkpt lat="30.62590002372024" lon="104.055415472962"><ele>482</ele><time>2025-04-10T13:46:13.000Z</time></trkpt>
<trkpt lat="30.62590002372024" lon="104.055415472962"><ele>482</ele><time>2025-04-10T13:46:14.000Z</time></trkpt>
<trkpt lat="30.62590002372024" lon="104.055415472962"><ele>482</ele><time>2025-04-10T13:46:15.000Z</time></trkpt>
<trkpt lat="30.62590002372024" lon="104.055415472962"><ele>482</ele><time>2025-04-10T13:46:16.000Z</time></trkpt>
<trkpt lat="30.62590002372024" lon="104.055415472962"><ele>482</ele><time>2025-04-10T13:46:17.000Z</time></trkpt>
<trkpt lat="30.62590002372024" lon="104.055415472962"><ele>482</ele><time>2025-04-10T13:46:18.000Z</time></trkpt>
<trkpt lat="30.62590002372024" lon="104.055415472962"><ele>482</ele><time>2025-04-10T13:46:19.000Z</time></trkpt>
<trkpt lat="30.62590002372024" lon="104.055415472962"><ele>482</ele><time>2025-04-10T13:46:20.000Z</time></trkpt>
<trkpt lat="30.62590002372024" lon="104.055415472962"><ele>482</ele><time>2025-04-10T13:46:21.000Z</time></trkpt>
<trkpt lat="30.62590002372024" lon="104.055415472962"><ele>481</ele><time>2025-04-10T13:46:22.000Z</time></trkpt>
<trkpt lat="30.62590002372024" lon="104.055415472962"><ele>482</ele><time>2025-04-10T13:46:23.000Z</time></trkpt>
<trkpt lat="30.62590002372024" lon="104.055415472962"><ele>481</ele><time>2025-04-10T13:46:24.000Z</time></trkpt>
<trkpt lat="30.62590002372024" lon="104.055415472962"><ele>481</ele><time>2025-04-10T13:46:25.000Z</time></trkpt>
<trkpt lat="30.62590002372024" lon="104.055415472962"><ele>481</ele><time>2025-04-10T13:46:26.000Z</time></trkpt>
<trkpt lat="30.62590002372024" lon="104.055415472962"><ele>482</ele><time>2025-04-10T13:46:27.000Z</time></trkpt>
<trkpt lat="30.62590002372024" lon="104.055415472962"><ele>481</ele><time>2025-04-10T13:46:28.000Z</time></trkpt>
<trkpt lat="30.62590002372024" lon="104.055415472962"><ele>481</ele><time>2025-04-10T13:46:29.000Z</time></trkpt>
<trkpt lat="30.62590002372024" lon="104.055415472962"><ele>481</ele><time>2025-04-10T13:46:30.000Z</time></trkpt>
<trkpt lat="30.62590002372024" lon="104.055415472962"><ele>481</ele><time>2025-04-10T13:46:31.000Z</time></trkpt>
<trkpt lat="30.62590002372024" lon="104.055415472962"><ele>481</ele><time>2025-04-10T13:46:32.000Z</time></trkpt>
<trkpt lat="30.62590002372024" lon="104.055415472962"><ele>481</ele><time>2025-04-10T13:46:33.000Z</time></trkpt>
<trkpt lat="30.62590002372024" lon="104.055415472962"><ele>480</ele><time>2025-04-10T13:46:34.000Z</time></trkpt>
<trkpt lat="30.62590002372024" lon="104.055415472962"><ele>480</ele><time>2025-04-10T13:46:35.000Z</time></trkpt>
<trkpt lat="30.62590002372024" lon="104.055415472962"><ele>480</ele><time>2025-04-10T13:46:36.000Z</time></trkpt>
<trkpt lat="30.62590002372024" lon="104.055415472962"><ele>480</ele><time>2025-04-10T13:46:37.000Z</time></trkpt>
<trkpt lat="30.62590002372024" lon="104.055415472962"><ele>478</ele><time>2025-04-10T13:46:38.000Z</time></trkpt>
<trkpt lat="30.62590002372024" lon="104.055415472962"><ele>479</ele><time>2025-04-10T13:46:39.000Z</time></trkpt>
<trkpt lat="30.62590002372024" lon="104.055415472962"><ele>479</ele><time>2025-04-10T13:46:40.000Z</time></trkpt>
<trkpt lat="30.62590002372024" lon="104.055415472962"><ele>479</ele><time>2025-04-10T13:46:41.000Z</time></trkpt>
<trkpt lat="30.62590002372024" lon="104.055415472962"><ele>479</ele><time>2025-04-10T13:46:42.000Z</time></trkpt>
<trkpt lat="30.62590002372024" lon="104.055415472962"><ele>479</ele><time>2025-04-10T13:46:43.000Z</time></trkpt>
<trkpt lat="30.62590002372024" lon="104.055415472962"><ele>479</ele><time>2025-04-10T13:46:44.000Z</time></trkpt>
<trkpt lat="30.62590002372024" lon="104.055415472962"><ele>479</ele><time>2025-04-10T13:46:45.000Z</time></trkpt>
<trkpt lat="30.62590002372024" lon="104.055415472962"><ele>479</ele><time>2025-04-10T13:46:46.000Z</time></trkpt>
<trkpt lat="30.62590002372024" lon="104.055415472962"><ele>478</ele><time>2025-04-10T13:46:47.000Z</time></trkpt>
<trkpt lat="30.62590002372024" lon="104.055415472962"><ele>477</ele><time>2025-04-10T13:46:48.000Z</time></trkpt>
<trkpt lat="30.62590002372024" lon="104.055415472962"><ele>477</ele><time>2025-04-10T13:46:49.000Z</time></trkpt>
<trkpt lat="30.62590002372024" lon="104.055415472962"><ele>477</ele><time>2025-04-10T13:46:50.000Z</time></trkpt>
<trkpt lat="30.62590002372024" lon="104.055415472962"><ele>478</ele><time>2025-04-10T13:46:51.000Z</time></trkpt>
<trkpt lat="30.62590002372024" lon="104.055415472962"><ele>477</ele><time>2025-04-10T13:46:52.000Z</time></trkpt>
<trkpt lat="30.62590002372024" lon="104.055415472962"><ele>478</ele><time>2025-04-10T13:46:53.000Z</time></trkpt>
<trkpt lat="30.62590002372024" lon="104.055415472962"><ele>478</ele><time>2025-04-10T13:46:54.000Z</time></trkpt>
<trkpt lat="30.62590002372024" lon="104.055415472962"><ele>477</ele><time>2025-04-10T13:46:55.000Z</time></trkpt>
<trkpt lat="30.62590002372024" lon="104.055415472962"><ele>477</ele><time>2025-04-10T13:46:56.000Z</time></trkpt>
<trkpt lat="30.62590002372024" lon="104.055415472962"><ele>478</ele><time>2025-04-10T13:46:57.000Z</time></trkpt>
<trkpt lat="30.62590002372024" lon="104.055415472962"><ele>478</ele><time>2025-04-10T13:46:58.000Z</time></trkpt>
<trkpt lat="30.62590002372024" lon="104.055415472962"><ele>478</ele><time>2025-04-10T13:46:59.000Z</time></trkpt>
<trkpt lat="30.62590002372024" lon="104.055415472962"><ele>478</ele><time>2025-04-10T13:47:00.000Z</time></trkpt>
<trkpt lat="30.62590002372024" lon="104.055415472962"><ele>478</ele><time>2025-04-10T13:47:01.000Z</time></trkpt>
<trkpt lat="30.62590002372024" lon="104.055415472962"><ele>477</ele><time>2025-04-10T13:47:02.000Z</time></trkpt>
<trkpt lat="30.62590002372024" lon="104.055415472962"><ele>477</ele><time>2025-04-10T13:47:03.000Z</time></trkpt>
<trkpt lat="30.62590002372024" lon="104.055415472962"><ele>478</ele><time>2025-04-10T13:47:04.000Z</time></trkpt>
<trkpt lat="30.62590002372024" lon="104.055415472962"><ele>478</ele><time>2025-04-10T13:47:05.000Z</time></trkpt>
<trkpt lat="30.62590002372024" lon="104.055415472962"><ele>478</ele><time>2025-04-10T13:47:06.000Z</time></trkpt>
<trkpt lat="30.62590002372024" lon="104.055415472962"><ele>478</ele><time>2025-04-10T13:47:07.000Z</time></trkpt>
<trkpt lat="30.62590002372024" lon="104.055415472962"><ele>478</ele><time>2025-04-10T13:47:08.000Z</time></trkpt>
<trkpt lat="30.62590002372024" lon="104.055415472962"><ele>479</ele><time>2025-04-10T13:47:09.000Z</time></trkpt>
<trkpt lat="30.62590002372024" lon="104.055415472962"><ele>478</ele><time>2025-04-10T13:47:10.000Z</time></trkpt>
<trkpt lat="30.62590002372024" lon="104.055415472962"><ele>479</ele><time>2025-04-10T13:47:11.000Z</time></trkpt>
<trkpt lat="30.62590002372024" lon="104.055415472962"><ele>479</ele><time>2025-04-10T13:47:12.000Z</time></trkpt>
<trkpt lat="30.62590002372024" lon="104.055415472962"><ele>479</ele><time>2025-04-10T13:47:13.000Z</time></trkpt>
<trkpt lat="30.62590002372024" lon="104.055415472962"><ele>479</ele><time>2025-04-10T13:47:14.000Z</time></trkpt>
<trkpt lat="30.62590002372024" lon="104.055415472962"><ele>479</ele><time>2025-04-10T13:47:15.000Z</time></trkpt>
<trkpt lat="30.62590002372024" lon="104.055415472962"><ele>479</ele><time>2025-04-10T13:47:16.000Z</time></trkpt>
<trkpt lat="30.62590002372024" lon="104.055415472962"><ele>480</ele><time>2025-04-10T13:47:17.000Z</time></trkpt>
<trkpt lat="30.62590002372024" lon="104.055415472962"><ele>480</ele><time>2025-04-10T13:47:18.000Z</time></trkpt>
<trkpt lat="30.62590002372024" lon="104.055415472962"><ele>480</ele><time>2025-04-10T13:47:19.000Z</time></trkpt>
<trkpt lat="30.62590002372024" lon="104.055415472962"><ele>480</ele><time>2025-04-10T13:47:20.000Z</time></trkpt>
<trkpt lat="30.62590002372024" lon="104.055415472962"><ele>480</ele><time>2025-04-10T13:47:21.000Z</time></trkpt>
<trkpt lat="30.62590002372024" lon="104.055415472962"><ele>480</ele><time>2025-04-10T13:47:22.000Z</time></trkpt>
<trkpt lat="30.62590002372024" lon="104.055415472962"><ele>481</ele><time>2025-04-10T13:47:23.000Z</time></trkpt>
<trkpt lat="30.62590002372024" lon="104.055415472962"><ele>481</ele><time>2025-04-10T13:47:24.000Z</time></trkpt>
<trkpt lat="30.62590002372024" lon="104.055415472962"><ele>481</ele><time>2025-04-10T13:47:25.000Z</time></trkpt>
<trkpt lat="30.62590002372024" lon="104.055415472962"><ele>481</ele><time>2025-04-10T13:47:26.000Z</time></trkpt>
<trkpt lat="30.62590002372024" lon="104.055415472962"><ele>482</ele><time>2025-04-10T13:47:27.000Z</time></trkpt>
<trkpt lat="30.62590002372024" lon="104.055415472962"><ele>482</ele><time>2025-04-10T13:47:28.000Z</time></trkpt>
<trkpt lat="30.62590002372024" lon="104.055415472962"><ele>482</ele><time>2025-04-10T13:47:29.000Z</time></trkpt>
<trkpt lat="30.62590002372024" lon="104.055415472962"><ele>482</ele><time>2025-04-10T13:47:30.000Z</time></trkpt>
<trkpt lat="30.62590002372024" lon="104.055415472962"><ele>482</ele><time>2025-04-10T13:47:31.000Z</time></trkpt>
<trkpt lat="30.62590002372024" lon="104.055415472962"><ele>482</ele><time>2025-04-10T13:47:32.000Z</time></trkpt>
<trkpt lat="30.62590002372024" lon="104.055415472962"><ele>482</ele><time>2025-04-10T13:47:33.000Z</time></trkpt>
<trkpt lat="30.62590002372024" lon="104.055415472962"><ele>482</ele><time>2025-04-10T13:47:34.000Z</time></trkpt>
<trkpt lat="30.62590002372024" lon="104.055415472962"><ele>483</ele><time>2025-04-10T13:47:35.000Z</time></trkpt>
<trkpt lat="30.62590002372024" lon="104.055415472962"><ele>483</ele><time>2025-04-10T13:47:36.000Z</time></trkpt>
<trkpt lat="30.62590002372024" lon="104.055415472962"><ele>483</ele><time>2025-04-10T13:47:37.000Z</time></trkpt>
<trkpt lat="30.62590002372024" lon="104.055415472962"><ele>483</ele><time>2025-04-10T13:47:38.000Z</time></trkpt>
<trkpt lat="30.62590002372024" lon="104.055415472962"><ele>483</ele><time>2025-04-10T13:47:39.000Z</time></trkpt>
<trkpt lat="30.62590002372024" lon="104.055415472962"><ele>483</ele><time>2025-04-10T13:47:40.000Z</time></trkpt>
<trkpt lat="30.62590002372024" lon="104.055415472962"><ele>483</ele><time>2025-04-10T13:47:41.000Z</time></trkpt>
<trkpt lat="30.62590002372024" lon="104.055415472962"><ele>483</ele><time>2025-04-10T13:47:42.000Z</time></trkpt>
<trkpt lat="30.62590002372024" lon="104.055415472962"><ele>483</ele><time>2025-04-10T13:47:43.000Z</time></trkpt>
<trkpt lat="30.62590002372024" lon="104.055415472962"><ele>483</ele><time>2025-04-10T13:47:44.000Z</time></trkpt>
<trkpt lat="30.62590002372024" lon="104.055415472962"><ele>483</ele><time>2025-04-10T13:47:45.000Z</time></trkpt>
<trkpt lat="30.62590002372024" lon="104.055415472962"><ele>483</ele><time>2025-04-10T13:47:46.000Z</time></trkpt>
<trkpt lat="30.62590002372024" lon="104.055415472962"><ele>483</ele><time>2025-04-10T13:47:47.000Z</time></trkpt>
<trkpt lat="30.62590002372024" lon="104.055415472962"><ele>483</ele><time>2025-04-10T13:47:48.000Z</time></trkpt>
<trkpt lat="30.62590002372024" lon="104.055415472962"><ele>483</ele><time>2025-04-10T13:47:49.000Z</time></trkpt>
<trkpt lat="30.62590002372024" lon="104.055415472962"><ele>483</ele><time>2025-04-10T13:47:50.000Z</time></trkpt>
<trkpt lat="30.62590002372024" lon="104.055415472962"><ele>484</ele><time>2025-04-10T13:47:51.000Z</time></trkpt>
</trkseg><name>二环</name></trk></gpx>