<?xml version="1.0" encoding="utf-8"?><gpx xmlns:ns3="http://www.garmin.com/xmlschemas/TrackPointExtension/v1" xmlns="http://www.topografix.com/GPX/1/1" xmlns:xsi="http://www.w3.org/2001/XMLSchema-instance" xmlns:ns2="http://www.garmin.com/xmlschemas/GpxExtensions/v3" creator="Garmin Connect" version="1.1" xsi:schemaLocation="http://www.topografix.com/GPX/1/1 http://www.topografix.com/GPX/11.xsd"><metadata><time>2025-07-20T12:15:35.000Z</time></metadata><trk><type>20250720户外骑行</type><extensions><totalTime>8123</totalTime><cumulativeDecrease>1520</cumulativeDecrease><cumulativeClimb>1519</cumulativeClimb><totalDistance>21976</totalDistance><routeType>0</routeType></extensions><trkseg><trkpt lat="30.62292138220157" lon="104.0673926535655"><ele>478</ele><time>2025-07-20T12:15:35.000Z</time></trkpt>
<trkpt lat="30.62284295265649" lon="104.0673118265463"><ele>478</ele><time>2025-07-20T12:15:42.000Z</time></trkpt>
<trkpt lat="30.62285408006063" lon="104.0672036817436"><ele>477</ele><time>2025-07-20T12:15:45.000Z</time></trkpt>
<trkpt lat="30.6228762569659" lon="104.0670932482224"><ele>477</ele><time>2025-07-20T12:15:47.000Z</time></trkpt>
<trkpt lat="30.62293231858302" lon="104.0669584809963"><ele>477</ele><time>2025-07-20T12:15:50.000Z</time></trkpt>
<trkpt lat="30.62297896712085" lon="104.0668661959189"><ele>477</ele><time>2025-07-20T12:15:52.000Z</time></trkpt>
<trkpt lat="30.62304277955642" lon="104.0667246025445"><ele>477</ele><time>2025-07-20T12:15:55.000Z</time></trkpt>
<trkpt lat="30.62308499513373" lon="104.0665977755189"><ele>478</ele><time>2025-07-20T12:15:57.000Z</time></trkpt>
<trkpt lat="30.62304159960159" lon="104.0664146535574"><ele>477</ele><time>2025-07-20T12:15:59.000Z</time></trkpt>
<trkpt lat="30.62315079118124" lon="104.0663011572027"><ele>477</ele><time>2025-07-20T12:16:01.000Z</time></trkpt>
<trkpt lat="30.62316254707123" lon="104.0661749665013"><ele>477</ele><time>2025-07-20T12:16:03.000Z</time></trkpt>
<trkpt lat="30.62312136217589" lon="104.0660337504837"><ele>476</ele><time>2025-07-20T12:16:05.000Z</time></trkpt>
<trkpt lat="30.62311884874675" lon="104.0659087226655"><ele>476</ele><time>2025-07-20T12:16:07.000Z</time></trkpt>
<trkpt lat="30.62311649710546" lon="104.0657868776972"><ele>475</ele><time>2025-07-20T12:16:09.000Z</time></trkpt>
<trkpt lat="30.6231222021203" lon="104.0656795512014"><ele>473</ele><time>2025-07-20T12:16:11.000Z</time></trkpt>
<trkpt lat="30.62312710982426" lon="104.0655260519456"><ele>473</ele><time>2025-07-20T12:16:14.000Z</time></trkpt>
<trkpt lat="30.62313747395639" lon="104.065394480391"><ele>473</ele><time>2025-07-20T12:16:17.000Z</time></trkpt>
<trkpt lat="30.62314786988867" lon="104.0652391854038"><ele>474</ele><time>2025-07-20T12:16:20.000Z</time></trkpt>
<trkpt lat="30.62314631143062" lon="104.0650986743129"><ele>473</ele><time>2025-07-20T12:16:22.000Z</time></trkpt>
<trkpt lat="30.62315160118669" lon="104.0649562726225"><ele>473</ele><time>2025-07-20T12:16:24.000Z</time></trkpt>
<trkpt lat="30.62316108287267" lon="104.0648360676802"><ele>472</ele><time>2025-07-20T12:16:26.000Z</time></trkpt>
<trkpt lat="30.62317008727798" lon="104.0647033731413"><ele>473</ele><time>2025-07-20T12:16:28.000Z</time></trkpt>
<trkpt lat="30.62308977235665" lon="104.0646444811854"><ele>474</ele><time>2025-07-20T12:16:29.000Z</time></trkpt>
<trkpt lat="30.62312436059176" lon="104.0645233577225"><ele>474</ele><time>2025-07-20T12:16:31.000Z</time></trkpt>
<trkpt lat="30.62312055699529" lon="104.0643945915084"><ele>476</ele><time>2025-07-20T12:16:33.000Z</time></trkpt>
<trkpt lat="30.62308622619094" lon="104.0642214137036"><ele>476</ele><time>2025-07-20T12:16:36.000Z</time></trkpt>
<trkpt lat="30.62304608380833" lon="104.0640875993698"><ele>476</ele><time>2025-07-20T12:16:38.000Z</time></trkpt>
<trkpt lat="30.62307884975137" lon="104.0639512451136"><ele>476</ele><time>2025-07-20T12:16:40.000Z</time></trkpt>
<trkpt lat="30.6230668264263" lon="104.0638347505077"><ele>476</ele><time>2025-07-20T12:16:42.000Z</time></trkpt>
<trkpt lat="30.62305586704658" lon="104.0636838320739"><ele>477</ele><time>2025-07-20T12:16:44.000Z</time></trkpt>
<trkpt lat="30.62306034990203" lon="104.0635498367836"><ele>477</ele><time>2025-07-20T12:16:46.000Z</time></trkpt>
<trkpt lat="30.62305660659495" lon="104.0634327199813"><ele>477</ele><time>2025-07-20T12:16:48.000Z</time></trkpt>
<trkpt lat="30.62306109427161" lon="104.0632921975474"><ele>477</ele><time>2025-07-20T12:16:50.000Z</time></trkpt>
<trkpt lat="30.62306269551599" lon="104.0631683298895"><ele>477</ele><time>2025-07-20T12:16:52.000Z</time></trkpt>
<trkpt lat="30.62306906622309" lon="104.0630207138166"><ele>476</ele><time>2025-07-20T12:16:54.000Z</time></trkpt>
<trkpt lat="30.6230456862866" lon="104.0628926512278"><ele>476</ele><time>2025-07-20T12:16:56.000Z</time></trkpt>
<trkpt lat="30.62303040497119" lon="104.0627732068535"><ele>476</ele><time>2025-07-20T12:16:58.000Z</time></trkpt>
<trkpt lat="30.62300763115411" lon="104.0626554009455"><ele>475</ele><time>2025-07-20T12:17:00.000Z</time></trkpt>
<trkpt lat="30.62297392282697" lon="104.0625222173227"><ele>475</ele><time>2025-07-20T12:17:02.000Z</time></trkpt>
<trkpt lat="30.62293633346458" lon="104.0624096524172"><ele>475</ele><time>2025-07-20T12:17:04.000Z</time></trkpt>
<trkpt lat="30.622897361682" lon="104.0623115414299"><ele>476</ele><time>2025-07-20T12:17:06.000Z</time></trkpt>
<trkpt lat="30.62285574725874" lon="104.0622067767379"><ele>475</ele><time>2025-07-20T12:17:08.000Z</time></trkpt>
<trkpt lat="30.62280590833169" lon="104.0620962709246"><ele>475</ele><time>2025-07-20T12:17:10.000Z</time></trkpt>
<trkpt lat="30.6227507543032" lon="104.0619748463201"><ele>475</ele><time>2025-07-20T12:17:12.000Z</time></trkpt>
<trkpt lat="30.62278415843535" lon="104.061872685713"><ele>476</ele><time>2025-07-20T12:17:13.000Z</time></trkpt>
<trkpt lat="30.62279284974743" lon="104.0617672747368"><ele>477</ele><time>2025-07-20T12:17:15.000Z</time></trkpt>
<trkpt lat="30.62277608248809" lon="104.0616645415898"><ele>477</ele><time>2025-07-20T12:17:17.000Z</time></trkpt>
<trkpt lat="30.62276108577879" lon="104.061552261054"><ele>477</ele><time>2025-07-20T12:17:19.000Z</time></trkpt>
<trkpt lat="30.62276219358907" lon="104.0614396127749"><ele>478</ele><time>2025-07-20T12:17:21.000Z</time></trkpt>
<trkpt lat="30.62274967103506" lon="104.0613326150375"><ele>478</ele><time>2025-07-20T12:17:23.000Z</time></trkpt>
<trkpt lat="30.62274018144775" lon="104.0611785160631"><ele>477</ele><time>2025-07-20T12:17:26.000Z</time></trkpt>
<trkpt lat="30.62272160815137" lon="104.0610732315735"><ele>478</ele><time>2025-07-20T12:17:28.000Z</time></trkpt>
<trkpt lat="30.62271805995495" lon="104.060914303392"><ele>479</ele><time>2025-07-20T12:17:31.000Z</time></trkpt>
<trkpt lat="30.62270672265567" lon="104.0608100137163"><ele>479</ele><time>2025-07-20T12:17:33.000Z</time></trkpt>
<trkpt lat="30.62270603517032" lon="104.0606971749065"><ele>479</ele><time>2025-07-20T12:17:35.000Z</time></trkpt>
<trkpt lat="30.6226992778162" lon="104.060586978255"><ele>478</ele><time>2025-07-20T12:17:37.000Z</time></trkpt>
<trkpt lat="30.62268586564814" lon="104.0604790237882"><ele>479</ele><time>2025-07-20T12:17:39.000Z</time></trkpt>
<trkpt lat="30.62267825907003" lon="104.060332064174"><ele>479</ele><time>2025-07-20T12:17:42.000Z</time></trkpt>
<trkpt lat="30.62269624382962" lon="104.060207942537"><ele>479</ele><time>2025-07-20T12:17:45.000Z</time></trkpt>
<trkpt lat="30.62270726209795" lon="104.0600539099752"><ele>479</ele><time>2025-07-20T12:17:48.000Z</time></trkpt>
<trkpt lat="30.62268415306632" lon="104.0599027918069"><ele>479</ele><time>2025-07-20T12:17:51.000Z</time></trkpt>
<trkpt lat="30.62266530886927" lon="104.0597964678757"><ele>480</ele><time>2025-07-20T12:17:53.000Z</time></trkpt>
<trkpt lat="30.62266434533253" lon="104.0596248175091"><ele>480</ele><time>2025-07-20T12:17:56.000Z</time></trkpt>
<trkpt lat="30.62267823032992" lon="104.0594812553631"><ele>479</ele><time>2025-07-20T12:17:58.000Z</time></trkpt>
<trkpt lat="30.62268111432171" lon="104.0593335783813"><ele>480</ele><time>2025-07-20T12:18:00.000Z</time></trkpt>
<trkpt lat="30.62267786569793" lon="104.0591923174027"><ele>480</ele><time>2025-07-20T12:18:02.000Z</time></trkpt>
<trkpt lat="30.62263494705849" lon="104.0590457943409"><ele>479</ele><time>2025-07-20T12:18:04.000Z</time></trkpt>
<trkpt lat="30.62262919517514" lon="104.0589086614972"><ele>478</ele><time>2025-07-20T12:18:06.000Z</time></trkpt>
<trkpt lat="30.62262384147204" lon="104.0587808953228"><ele>478</ele><time>2025-07-20T12:18:08.000Z</time></trkpt>
<trkpt lat="30.62261791509532" lon="104.0586395392204"><ele>477</ele><time>2025-07-20T12:18:10.000Z</time></trkpt>
<trkpt lat="30.62261635821098" lon="104.0584867045682"><ele>477</ele><time>2025-07-20T12:18:12.000Z</time></trkpt>
<trkpt lat="30.62262225820126" lon="104.0583515025605"><ele>477</ele><time>2025-07-20T12:18:14.000Z</time></trkpt>
<trkpt lat="30.62264047864354" lon="104.0582252203149"><ele>477</ele><time>2025-07-20T12:18:16.000Z</time></trkpt>
<trkpt lat="30.62260949394663" lon="104.0580776928253"><ele>478</ele><time>2025-07-20T12:18:18.000Z</time></trkpt>
<trkpt lat="30.62266723631289" lon="104.0579438296619"><ele>478</ele><time>2025-07-20T12:18:20.000Z</time></trkpt>
<trkpt lat="30.62267214739825" lon="104.0578217182632"><ele>478</ele><time>2025-07-20T12:18:22.000Z</time></trkpt>
<trkpt lat="30.62260282612504" lon="104.0576787279839"><ele>478</ele><time>2025-07-20T12:18:24.000Z</time></trkpt>
<trkpt lat="30.6226008107296" lon="104.0575577979009"><ele>478</ele><time>2025-07-20T12:18:26.000Z</time></trkpt>
<trkpt lat="30.62259955830652" lon="104.0574167309132"><ele>478</ele><time>2025-07-20T12:18:28.000Z</time></trkpt>
<trkpt lat="30.62259809846393" lon="104.0572856444333"><ele>478</ele><time>2025-07-20T12:18:30.000Z</time></trkpt>
<trkpt lat="30.62259662320561" lon="104.0571528075917"><ele>478</ele><time>2025-07-20T12:18:32.000Z</time></trkpt>
<trkpt lat="30.62260416224821" lon="104.0570161492411"><ele>478</ele><time>2025-07-20T12:18:34.000Z</time></trkpt>
<trkpt lat="30.62253923858635" lon="104.0568853784307"><ele>477</ele><time>2025-07-20T12:18:36.000Z</time></trkpt>
<trkpt lat="30.62253446090099" lon="104.0567418623132"><ele>477</ele><time>2025-07-20T12:18:37.000Z</time></trkpt>
<trkpt lat="30.62260320662361" lon="104.0566335432383"><ele>477</ele><time>2025-07-20T12:18:39.000Z</time></trkpt>
<trkpt lat="30.62258712439472" lon="104.0565044877922"><ele>477</ele><time>2025-07-20T12:18:41.000Z</time></trkpt>
<trkpt lat="30.62258418218597" lon="104.0563724377005"><ele>477</ele><time>2025-07-20T12:18:43.000Z</time></trkpt>
<trkpt lat="30.62259288028798" lon="104.0562189609506"><ele>477</ele><time>2025-07-20T12:18:45.000Z</time></trkpt>
<trkpt lat="30.62258428435779" lon="104.056076781712"><ele>476</ele><time>2025-07-20T12:18:47.000Z</time></trkpt>
<trkpt lat="30.62258492258974" lon="104.0559341315162"><ele>475</ele><time>2025-07-20T12:18:49.000Z</time></trkpt>
<trkpt lat="30.62259823886235" lon="104.0557963083561"><ele>476</ele><time>2025-07-20T12:18:51.000Z</time></trkpt>
<trkpt lat="30.6227022468962" lon="104.0557014932765"><ele>475</ele><time>2025-07-20T12:18:53.000Z</time></trkpt>
<trkpt lat="30.62268331201522" lon="104.0555677329041"><ele>477</ele><time>2025-07-20T12:18:56.000Z</time></trkpt>
<trkpt lat="30.62264059612002" lon="104.0554350115196"><ele>477</ele><time>2025-07-20T12:18:58.000Z</time></trkpt>
<trkpt lat="30.6227395698988" lon="104.0553279763323"><ele>478</ele><time>2025-07-20T12:19:00.000Z</time></trkpt>
<trkpt lat="30.62275506928606" lon="104.0552211070628"><ele>478</ele><time>2025-07-20T12:19:02.000Z</time></trkpt>
<trkpt lat="30.62270549739336" lon="104.0551063901431"><ele>477</ele><time>2025-07-20T12:19:04.000Z</time></trkpt>
<trkpt lat="30.62279757856009" lon="104.0551059776958"><ele>477</ele><time>2025-07-20T12:19:05.000Z</time></trkpt>
<trkpt lat="30.62290476609474" lon="104.0550610897191"><ele>475</ele><time>2025-07-20T12:19:08.000Z</time></trkpt>
<trkpt lat="30.62302513338088" lon="104.0550412752681"><ele>475</ele><time>2025-07-20T12:19:11.000Z</time></trkpt>
<trkpt lat="30.6231148090557" lon="104.0550684982738"><ele>475</ele><time>2025-07-20T12:19:13.000Z</time></trkpt>
<trkpt lat="30.62320707282809" lon="104.0550874620711"><ele>479</ele><time>2025-07-20T12:19:15.000Z</time></trkpt>
<trkpt lat="30.62329849871988" lon="104.0550971188906"><ele>477</ele><time>2025-07-20T12:19:17.000Z</time></trkpt>
<trkpt lat="30.6234328096929" lon="104.0550971527126"><ele>478</ele><time>2025-07-20T12:19:20.000Z</time></trkpt>
<trkpt lat="30.62353249840206" lon="104.0551333246883"><ele>478</ele><time>2025-07-20T12:19:22.000Z</time></trkpt>
<trkpt lat="30.62362395050704" lon="104.055150014998"><ele>477</ele><time>2025-07-20T12:19:24.000Z</time></trkpt>
<trkpt lat="30.62376403339828" lon="104.0551760743534"><ele>478</ele><time>2025-07-20T12:19:27.000Z</time></trkpt>
<trkpt lat="30.62387148710148" lon="104.0551895414729"><ele>478</ele><time>2025-07-20T12:19:30.000Z</time></trkpt>
<trkpt lat="30.62398581849441" lon="104.055203799969"><ele>478</ele><time>2025-07-20T12:19:33.000Z</time></trkpt>
<trkpt lat="30.62411201491533" lon="104.0552026813351"><ele>478</ele><time>2025-07-20T12:19:36.000Z</time></trkpt>
<trkpt lat="30.62423282123006" lon="104.0552051220644"><ele>478</ele><time>2025-07-20T12:19:39.000Z</time></trkpt>
<trkpt lat="30.62435935731608" lon="104.0552021975188"><ele>478</ele><time>2025-07-20T12:19:42.000Z</time></trkpt>
<trkpt lat="30.62444457941176" lon="104.0552418468847"><ele>479</ele><time>2025-07-20T12:19:43.000Z</time></trkpt>
<trkpt lat="30.6245357315974" lon="104.0552502151671"><ele>479</ele><time>2025-07-20T12:19:45.000Z</time></trkpt>
<trkpt lat="30.62464777400825" lon="104.0552604460042"><ele>479</ele><time>2025-07-20T12:19:48.000Z</time></trkpt>
<trkpt lat="30.624763946646" lon="104.0552303642337"><ele>478</ele><time>2025-07-20T12:19:51.000Z</time></trkpt>
<trkpt lat="30.62486414563013" lon="104.0552473205086"><ele>479</ele><time>2025-07-20T12:19:53.000Z</time></trkpt>
<trkpt lat="30.62498584520685" lon="104.0552892747094"><ele>479</ele><time>2025-07-20T12:19:55.000Z</time></trkpt>
<trkpt lat="30.62509513208298" lon="104.0553273192305"><ele>480</ele><time>2025-07-20T12:19:57.000Z</time></trkpt>
<trkpt lat="30.62522957663856" lon="104.0553062196643"><ele>480</ele><time>2025-07-20T12:20:00.000Z</time></trkpt>
<trkpt lat="30.62536941412533" lon="104.055307518873"><ele>480</ele><time>2025-07-20T12:20:03.000Z</time></trkpt>
<trkpt lat="30.62546850843978" lon="104.0553503013716"><ele>480</ele><time>2025-07-20T12:20:06.000Z</time></trkpt>
<trkpt lat="30.62557230121762" lon="104.0553725481733"><ele>480</ele><time>2025-07-20T12:20:09.000Z</time></trkpt>
<trkpt lat="30.62565299508374" lon="104.0554930256977"><ele>480</ele><time>2025-07-20T12:20:11.000Z</time></trkpt>
<trkpt lat="30.62572599026489" lon="104.0554084665599"><ele>481</ele><time>2025-07-20T12:20:14.000Z</time></trkpt>
<trkpt lat="30.62585715675192" lon="104.055450379599"><ele>481</ele><time>2025-07-20T12:20:17.000Z</time></trkpt>
<trkpt lat="30.62595269047663" lon="104.0554521483432"><ele>481</ele><time>2025-07-20T12:20:19.000Z</time></trkpt>
<trkpt lat="30.62605768141546" lon="104.0554343495614"><ele>481</ele><time>2025-07-20T12:20:22.000Z</time></trkpt>
<trkpt lat="30.62618444928929" lon="104.0554268058979"><ele>482</ele><time>2025-07-20T12:20:25.000Z</time></trkpt>
<trkpt lat="30.62630940004212" lon="104.0554390772304"><ele>482</ele><time>2025-07-20T12:20:28.000Z</time></trkpt>
<trkpt lat="30.62640229303445" lon="104.0554719040449"><ele>483</ele><time>2025-07-20T12:20:30.000Z</time></trkpt>
<trkpt lat="30.62651130685621" lon="104.0554930809856"><ele>483</ele><time>2025-07-20T12:20:33.000Z</time></trkpt>
<trkpt lat="30.62660207545035" lon="104.0554827027736"><ele>483</ele><time>2025-07-20T12:20:36.000Z</time></trkpt>
<trkpt lat="30.62671329303611" lon="104.0554986897571"><ele>482</ele><time>2025-07-20T12:20:40.000Z</time></trkpt>
<trkpt lat="30.62683382204303" lon="104.0555263783272"><ele>481</ele><time>2025-07-20T12:20:44.000Z</time></trkpt>
<trkpt lat="30.62694785468053" lon="104.055540822494"><ele>480</ele><time>2025-07-20T12:20:47.000Z</time></trkpt>
<trkpt lat="30.6270431522604" lon="104.0555547463717"><ele>480</ele><time>2025-07-20T12:20:51.000Z</time></trkpt>
<trkpt lat="30.62714569882821" lon="104.0555806888439"><ele>479</ele><time>2025-07-20T12:20:56.000Z</time></trkpt>
<trkpt lat="30.62724725706033" lon="104.055582788985"><ele>477</ele><time>2025-07-20T12:21:00.000Z</time></trkpt>
<trkpt lat="30.62734229173306" lon="104.0555997709403"><ele>477</ele><time>2025-07-20T12:21:03.000Z</time></trkpt>
<trkpt lat="30.62739876576556" lon="104.0555046432215"><ele>478</ele><time>2025-07-20T12:21:53.000Z</time></trkpt>
<trkpt lat="30.62745647227049" lon="104.0554216020153"><ele>479</ele><time>2025-07-20T12:22:01.000Z</time></trkpt>
<trkpt lat="30.6275470688898" lon="104.0554452516965"><ele>478</ele><time>2025-07-20T12:22:04.000Z</time></trkpt>
<trkpt lat="30.62764373600226" lon="104.0554565585806"><ele>479</ele><time>2025-07-20T12:22:07.000Z</time></trkpt>
<trkpt lat="30.627752313907" lon="104.0554805764093"><ele>479</ele><time>2025-07-20T12:22:10.000Z</time></trkpt>
<trkpt lat="30.62786734205431" lon="104.0554833314598"><ele>478</ele><time>2025-07-20T12:22:13.000Z</time></trkpt>
<trkpt lat="30.62797201928904" lon="104.0555011638544"><ele>478</ele><time>2025-07-20T12:22:16.000Z</time></trkpt>
<trkpt lat="30.62806301864317" lon="104.0554458866172"><ele>479</ele><time>2025-07-20T12:22:30.000Z</time></trkpt>
<trkpt lat="30.6281564454729" lon="104.0554745356753"><ele>479</ele><time>2025-07-20T12:22:59.000Z</time></trkpt>
<trkpt lat="30.62813923457592" lon="104.0555882167879"><ele>479</ele><time>2025-07-20T12:23:06.000Z</time></trkpt>
<trkpt lat="30.62812489635211" lon="104.0554399561282"><ele>480</ele><time>2025-07-20T12:23:15.000Z</time></trkpt>
<trkpt lat="30.62805072345115" lon="104.0556164964296"><ele>479</ele><time>2025-07-20T12:24:00.000Z</time></trkpt>
<trkpt lat="30.62804909076984" lon="104.0554849206187"><ele>479</ele><time>2025-07-20T12:24:02.000Z</time></trkpt>
<trkpt lat="30.62795437175916" lon="104.0554870751978"><ele>480</ele><time>2025-07-20T12:24:41.000Z</time></trkpt>
<trkpt lat="30.62786262515061" lon="104.055455612532"><ele>481</ele><time>2025-07-20T12:24:45.000Z</time></trkpt>
<trkpt lat="30.62774366103208" lon="104.0554435583111"><ele>482</ele><time>2025-07-20T12:24:49.000Z</time></trkpt>
<trkpt lat="30.62761619814609" lon="104.0554315605813"><ele>482</ele><time>2025-07-20T12:24:53.000Z</time></trkpt>
<trkpt lat="30.62751722317681" lon="104.0554379568161"><ele>483</ele><time>2025-07-20T12:24:56.000Z</time></trkpt>
<trkpt lat="30.6274165532286" lon="104.0554390974959"><ele>482</ele><time>2025-07-20T12:24:59.000Z</time></trkpt>
<trkpt lat="30.62729462860126" lon="104.0554357148666"><ele>483</ele><time>2025-07-20T12:25:03.000Z</time></trkpt>
<trkpt lat="30.62724709014712" lon="104.0553424096649"><ele>482</ele><time>2025-07-20T12:25:12.000Z</time></trkpt>
<trkpt lat="30.62725279042832" lon="104.055228000713"><ele>482</ele><time>2025-07-20T12:25:14.000Z</time></trkpt>
<trkpt lat="30.62725900634763" lon="104.0551097557345"><ele>482</ele><time>2025-07-20T12:25:17.000Z</time></trkpt>
<trkpt lat="30.62726068481096" lon="104.0549858195267"><ele>482</ele><time>2025-07-20T12:25:20.000Z</time></trkpt>
<trkpt lat="30.62725507646219" lon="104.0548614363509"><ele>481</ele><time>2025-07-20T12:25:23.000Z</time></trkpt>
<trkpt lat="30.62723854768045" lon="104.0547439814344"><ele>481</ele><time>2025-07-20T12:25:26.000Z</time></trkpt>
<trkpt lat="30.62722426759258" lon="104.0546137040899"><ele>482</ele><time>2025-07-20T12:25:29.000Z</time></trkpt>
<trkpt lat="30.62722635482091" lon="104.0545003294147"><ele>482</ele><time>2025-07-20T12:25:31.000Z</time></trkpt>
<trkpt lat="30.62719586221147" lon="104.0543882823304"><ele>482</ele><time>2025-07-20T12:25:34.000Z</time></trkpt>
<trkpt lat="30.62716294072975" lon="104.0542776136947"><ele>482</ele><time>2025-07-20T12:25:37.000Z</time></trkpt>
<trkpt lat="30.62716899145225" lon="104.0541680395223"><ele>482</ele><time>2025-07-20T12:25:39.000Z</time></trkpt>
<trkpt lat="30.62717004692454" lon="104.0540419141591"><ele>482</ele><time>2025-07-20T12:25:42.000Z</time></trkpt>
<trkpt lat="30.62717548376412" lon="104.053928936609"><ele>482</ele><time>2025-07-20T12:25:45.000Z</time></trkpt>
<trkpt lat="30.62716693043786" lon="104.0538029331278"><ele>482</ele><time>2025-07-20T12:25:51.000Z</time></trkpt>
<trkpt lat="30.62720515017973" lon="104.0536994194445"><ele>482</ele><time>2025-07-20T12:25:54.000Z</time></trkpt>
<trkpt lat="30.62720445559149" lon="104.0535773998214"><ele>482</ele><time>2025-07-20T12:25:57.000Z</time></trkpt>
<trkpt lat="30.62722420035456" lon="104.0534520457205"><ele>482</ele><time>2025-07-20T12:26:00.000Z</time></trkpt>
<trkpt lat="30.62727492866529" lon="104.0533319102426"><ele>482</ele><time>2025-07-20T12:26:03.000Z</time></trkpt>
<trkpt lat="30.62726675801702" lon="104.0532239726259"><ele>483</ele><time>2025-07-20T12:26:05.000Z</time></trkpt>
<trkpt lat="30.62729120831762" lon="104.053075413212"><ele>482</ele><time>2025-07-20T12:26:08.000Z</time></trkpt>
<trkpt lat="30.6273041213982" lon="104.0529617793092"><ele>482</ele><time>2025-07-20T12:26:10.000Z</time></trkpt>
<trkpt lat="30.62732851908938" lon="104.0528233941805"><ele>482</ele><time>2025-07-20T12:26:13.000Z</time></trkpt>
<trkpt lat="30.62736257839897" lon="104.0526958087437"><ele>482</ele><time>2025-07-20T12:26:16.000Z</time></trkpt>
<trkpt lat="30.62737777961719" lon="104.0525885751483"><ele>482</ele><time>2025-07-20T12:26:18.000Z</time></trkpt>
<trkpt lat="30.62741738938294" lon="104.0524599175026"><ele>482</ele><time>2025-07-20T12:26:21.000Z</time></trkpt>
<trkpt lat="30.62744240701491" lon="104.0523205134074"><ele>482</ele><time>2025-07-20T12:26:24.000Z</time></trkpt>
<trkpt lat="30.62747110054272" lon="104.0521908842438"><ele>482</ele><time>2025-07-20T12:26:27.000Z</time></trkpt>
<trkpt lat="30.62751928229448" lon="104.0520580201991"><ele>483</ele><time>2025-07-20T12:26:30.000Z</time></trkpt>
<trkpt lat="30.62756212342191" lon="104.0519315541313"><ele>482</ele><time>2025-07-20T12:26:33.000Z</time></trkpt>
<trkpt lat="30.62762458881198" lon="104.051815322111"><ele>483</ele><time>2025-07-20T12:26:36.000Z</time></trkpt>
<trkpt lat="30.62768439889064" lon="104.0516866072227"><ele>483</ele><time>2025-07-20T12:26:39.000Z</time></trkpt>
<trkpt lat="30.62774331428938" lon="104.0515510794044"><ele>482</ele><time>2025-07-20T12:26:42.000Z</time></trkpt>
<trkpt lat="30.62780418805766" lon="104.0514242353575"><ele>482</ele><time>2025-07-20T12:26:45.000Z</time></trkpt>
<trkpt lat="30.62785600521717" lon="104.0513253167799"><ele>482</ele><time>2025-07-20T12:26:48.000Z</time></trkpt>
<trkpt lat="30.62791034866024" lon="104.0512053425123"><ele>482</ele><time>2025-07-20T12:26:52.000Z</time></trkpt>
<trkpt lat="30.62798181571946" lon="104.0510920298674"><ele>482</ele><time>2025-07-20T12:26:55.000Z</time></trkpt>
<trkpt lat="30.62804239200538" lon="104.0509634186181"><ele>483</ele><time>2025-07-20T12:26:58.000Z</time></trkpt>
<trkpt lat="30.62809216531022" lon="104.0508329660063"><ele>482</ele><time>2025-07-20T12:27:01.000Z</time></trkpt>
<trkpt lat="30.62814291055052" lon="104.0506999106405"><ele>482</ele><time>2025-07-20T12:27:04.000Z</time></trkpt>
<trkpt lat="30.62820403161151" lon="104.0505751974628"><ele>482</ele><time>2025-07-20T12:27:07.000Z</time></trkpt>
<trkpt lat="30.62825890325304" lon="104.0504395179629"><ele>483</ele><time>2025-07-20T12:27:10.000Z</time></trkpt>
<trkpt lat="30.62831846383763" lon="104.0503084679293"><ele>483</ele><time>2025-07-20T12:27:13.000Z</time></trkpt>
<trkpt lat="30.62837179653897" lon="104.0501648440734"><ele>483</ele><time>2025-07-20T12:27:16.000Z</time></trkpt>
<trkpt lat="30.62842486120039" lon="104.0500256433029"><ele>483</ele><time>2025-07-20T12:27:19.000Z</time></trkpt>
<trkpt lat="30.62847310640564" lon="104.049884088345"><ele>483</ele><time>2025-07-20T12:27:22.000Z</time></trkpt>
<trkpt lat="30.62851691764578" lon="104.0497872606508"><ele>481</ele><time>2025-07-20T12:27:24.000Z</time></trkpt>
<trkpt lat="30.62858009642959" lon="104.0496508151217"><ele>480</ele><time>2025-07-20T12:27:27.000Z</time></trkpt>
<trkpt lat="30.6286327154598" lon="104.0495429843255"><ele>479</ele><time>2025-07-20T12:27:30.000Z</time></trkpt>
<trkpt lat="30.62866924999878" lon="104.0494063919956"><ele>480</ele><time>2025-07-20T12:27:33.000Z</time></trkpt>
<trkpt lat="30.62863052759551" lon="104.0492864517041"><ele>480</ele><time>2025-07-20T12:27:36.000Z</time></trkpt>
<trkpt lat="30.62862045165714" lon="104.0491800942047"><ele>480</ele><time>2025-07-20T12:27:39.000Z</time></trkpt>
<trkpt lat="30.62855995731746" lon="104.0491024716856"><ele>480</ele><time>2025-07-20T12:27:43.000Z</time></trkpt>
<trkpt lat="30.62857475212408" lon="104.0489819929258"><ele>480</ele><time>2025-07-20T12:28:11.000Z</time></trkpt>
<trkpt lat="30.62852385423158" lon="104.048856041683"><ele>480</ele><time>2025-07-20T12:28:15.000Z</time></trkpt>
<trkpt lat="30.628422044392" lon="104.0487800107516"><ele>480</ele><time>2025-07-20T12:28:18.000Z</time></trkpt>
<trkpt lat="30.62830624125489" lon="104.048705781749"><ele>480</ele><time>2025-07-20T12:28:21.000Z</time></trkpt>
<trkpt lat="30.62821117821525" lon="104.0486394758034"><ele>480</ele><time>2025-07-20T12:28:24.000Z</time></trkpt>
<trkpt lat="30.62810104241714" lon="104.0485566565911"><ele>480</ele><time>2025-07-20T12:28:27.000Z</time></trkpt>
<trkpt lat="30.62799520207186" lon="104.048481230678"><ele>480</ele><time>2025-07-20T12:28:30.000Z</time></trkpt>
<trkpt lat="30.62786981989368" lon="104.0484274176711"><ele>480</ele><time>2025-07-20T12:28:33.000Z</time></trkpt>
<trkpt lat="30.62776917654369" lon="104.048374281028"><ele>479</ele><time>2025-07-20T12:28:37.000Z</time></trkpt>
<trkpt lat="30.62766026395238" lon="104.0482895442608"><ele>479</ele><time>2025-07-20T12:28:40.000Z</time></trkpt>
<trkpt lat="30.62756074032945" lon="104.0482191761513"><ele>480</ele><time>2025-07-20T12:28:42.000Z</time></trkpt>
<trkpt lat="30.62744111159945" lon="104.0482243040566"><ele>479</ele><time>2025-07-20T12:28:44.000Z</time></trkpt>
<trkpt lat="30.62736002163489" lon="104.0481712201801"><ele>480</ele><time>2025-07-20T12:28:46.000Z</time></trkpt>
<trkpt lat="30.6272683209476" lon="104.048111174084"><ele>480</ele><time>2025-07-20T12:28:48.000Z</time></trkpt>
<trkpt lat="30.62718687912001" lon="104.0480472062099"><ele>480</ele><time>2025-07-20T12:28:50.000Z</time></trkpt>
<trkpt lat="30.62709930597583" lon="104.0479848832961"><ele>480</ele><time>2025-07-20T12:28:52.000Z</time></trkpt>
<trkpt lat="30.62701228921637" lon="104.0479229330553"><ele>480</ele><time>2025-07-20T12:28:54.000Z</time></trkpt>
<trkpt lat="30.62692659889905" lon="104.0478726374043"><ele>480</ele><time>2025-07-20T12:28:56.000Z</time></trkpt>
<trkpt lat="30.62681767831898" lon="104.0478016972627"><ele>480</ele><time>2025-07-20T12:28:59.000Z</time></trkpt>
<trkpt lat="30.62672398888011" lon="104.0477407078586"><ele>480</ele><time>2025-07-20T12:29:01.000Z</time></trkpt>
<trkpt lat="30.62663887183029" lon="104.0476852754989"><ele>480</ele><time>2025-07-20T12:29:03.000Z</time></trkpt>
<trkpt lat="30.62655665759953" lon="104.0476317467164"><ele>480</ele><time>2025-07-20T12:29:05.000Z</time></trkpt>
<trkpt lat="30.62647328005406" lon="104.0475774340698"><ele>480</ele><time>2025-07-20T12:29:07.000Z</time></trkpt>
<trkpt lat="30.62639246307901" lon="104.0475268656758"><ele>480</ele><time>2025-07-20T12:29:09.000Z</time></trkpt>
<trkpt lat="30.62629803372845" lon="104.047413738415"><ele>480</ele><time>2025-07-20T12:29:12.000Z</time></trkpt>
<trkpt lat="30.62621960409447" lon="104.0473470317019"><ele>480</ele><time>2025-07-20T12:29:14.000Z</time></trkpt>
<trkpt lat="30.6261013694246" lon="104.0472721670742"><ele>480</ele><time>2025-07-20T12:29:17.000Z</time></trkpt>
<trkpt lat="30.62599943042844" lon="104.0472516039435"><ele>480</ele><time>2025-07-20T12:29:20.000Z</time></trkpt>
<trkpt lat="30.6258943435792" lon="104.0472120108071"><ele>481</ele><time>2025-07-20T12:29:22.000Z</time></trkpt>
<trkpt lat="30.62577547871561" lon="104.0472082847922"><ele>481</ele><time>2025-07-20T12:29:25.000Z</time></trkpt>
<trkpt lat="30.62568458406678" lon="104.0472222673934"><ele>481</ele><time>2025-07-20T12:29:27.000Z</time></trkpt>
<trkpt lat="30.62555728612609" lon="104.0472508284801"><ele>481</ele><time>2025-07-20T12:29:30.000Z</time></trkpt>
<trkpt lat="30.62542472126173" lon="104.0472483155875"><ele>480</ele><time>2025-07-20T12:29:33.000Z</time></trkpt>
<trkpt lat="30.62529502387095" lon="104.0472477819086"><ele>480</ele><time>2025-07-20T12:29:36.000Z</time></trkpt>
<trkpt lat="30.62516400802422" lon="104.0472453878295"><ele>481</ele><time>2025-07-20T12:29:39.000Z</time></trkpt>
<trkpt lat="30.62505956898169" lon="104.0472670770345"><ele>480</ele><time>2025-07-20T12:29:42.000Z</time></trkpt>
<trkpt lat="30.62493717820787" lon="104.0472740609523"><ele>481</ele><time>2025-07-20T12:29:45.000Z</time></trkpt>
<trkpt lat="30.62481998525772" lon="104.0472616019302"><ele>480</ele><time>2025-07-20T12:29:48.000Z</time></trkpt>
<trkpt lat="30.6247288846922" lon="104.047263811322"><ele>480</ele><time>2025-07-20T12:29:50.000Z</time></trkpt>
<trkpt lat="30.62460649180125" lon="104.0472575985624"><ele>481</ele><time>2025-07-20T12:29:53.000Z</time></trkpt>
<trkpt lat="30.6245143462856" lon="104.0472497106713"><ele>481</ele><time>2025-07-20T12:29:55.000Z</time></trkpt>
<trkpt lat="30.62439170654701" lon="104.0472302191151"><ele>481</ele><time>2025-07-20T12:29:58.000Z</time></trkpt>
<trkpt lat="30.62429259847042" lon="104.0472240153586"><ele>482</ele><time>2025-07-20T12:30:00.000Z</time></trkpt>
<trkpt lat="30.62420023613252" lon="104.0472191017981"><ele>481</ele><time>2025-07-20T12:30:02.000Z</time></trkpt>
<trkpt lat="30.62408204218351" lon="104.0472022755368"><ele>481</ele><time>2025-07-20T12:30:05.000Z</time></trkpt>
<trkpt lat="30.62394546593073" lon="104.047193623643"><ele>481</ele><time>2025-07-20T12:30:08.000Z</time></trkpt>
<trkpt lat="30.62381650618938" lon="104.0471763445767"><ele>481</ele><time>2025-07-20T12:30:11.000Z</time></trkpt>
<trkpt lat="30.62373005280033" lon="104.0471416864313"><ele>481</ele><time>2025-07-20T12:30:13.000Z</time></trkpt>
<trkpt lat="30.62361041670852" lon="104.0471025077874"><ele>482</ele><time>2025-07-20T12:30:16.000Z</time></trkpt>
<trkpt lat="30.62348527125434" lon="104.0470595945508"><ele>482</ele><time>2025-07-20T12:30:19.000Z</time></trkpt>
<trkpt lat="30.62337730958869" lon="104.0469934610353"><ele>482</ele><time>2025-07-20T12:30:22.000Z</time></trkpt>
<trkpt lat="30.62329760946913" lon="104.0469436404513"><ele>482</ele><time>2025-07-20T12:30:24.000Z</time></trkpt>
<trkpt lat="30.62318648472506" lon="104.0468647875069"><ele>483</ele><time>2025-07-20T12:30:27.000Z</time></trkpt>
<trkpt lat="30.62307741749132" lon="104.0467918881218"><ele>483</ele><time>2025-07-20T12:30:30.000Z</time></trkpt>
<trkpt lat="30.62297448125965" lon="104.0466970268527"><ele>483</ele><time>2025-07-20T12:30:33.000Z</time></trkpt>
<trkpt lat="30.62287932337773" lon="104.0466023445655"><ele>483</ele><time>2025-07-20T12:30:36.000Z</time></trkpt>
<trkpt lat="30.62277990017046" lon="104.0465178603581"><ele>483</ele><time>2025-07-20T12:30:39.000Z</time></trkpt>
<trkpt lat="30.62268978898961" lon="104.0464231393892"><ele>483</ele><time>2025-07-20T12:30:42.000Z</time></trkpt>
<trkpt lat="30.62259231825691" lon="104.046325788373"><ele>483</ele><time>2025-07-20T12:30:45.000Z</time></trkpt>
<trkpt lat="30.62249217267604" lon="104.0462343534514"><ele>483</ele><time>2025-07-20T12:30:48.000Z</time></trkpt>
<trkpt lat="30.62238445390437" lon="104.046152468093"><ele>484</ele><time>2025-07-20T12:30:51.000Z</time></trkpt>
<trkpt lat="30.62228403194009" lon="104.0460724448638"><ele>484</ele><time>2025-07-20T12:30:54.000Z</time></trkpt>
<trkpt lat="30.62218883216797" lon="104.0459889024702"><ele>484</ele><time>2025-07-20T12:30:57.000Z</time></trkpt>
<trkpt lat="30.62209806958577" lon="104.0458941850867"><ele>484</ele><time>2025-07-20T12:31:00.000Z</time></trkpt>
<trkpt lat="30.62200767717597" lon="104.0458143404934"><ele>484</ele><time>2025-07-20T12:31:03.000Z</time></trkpt>
<trkpt lat="30.62190468754974" lon="104.0457345465389"><ele>484</ele><time>2025-07-20T12:31:06.000Z</time></trkpt>
<trkpt lat="30.62179747060744" lon="104.0456755214649"><ele>484</ele><time>2025-07-20T12:31:09.000Z</time></trkpt>
<trkpt lat="30.62173686808961" lon="104.0455786813057"><ele>484</ele><time>2025-07-20T12:31:12.000Z</time></trkpt>
<trkpt lat="30.62176330591602" lon="104.0454595968942"><ele>484</ele><time>2025-07-20T12:31:15.000Z</time></trkpt>
<trkpt lat="30.62182961480525" lon="104.0453624588376"><ele>485</ele><time>2025-07-20T12:31:18.000Z</time></trkpt>
<trkpt lat="30.62187066733713" lon="104.0452635295911"><ele>485</ele><time>2025-07-20T12:31:20.000Z</time></trkpt>
<trkpt lat="30.62193189677183" lon="104.0451432039764"><ele>484</ele><time>2025-07-20T12:31:23.000Z</time></trkpt>
<trkpt lat="30.62199061301675" lon="104.0450129336529"><ele>484</ele><time>2025-07-20T12:31:26.000Z</time></trkpt>
<trkpt lat="30.62204328299737" lon="104.0448724025296"><ele>484</ele><time>2025-07-20T12:31:29.000Z</time></trkpt>
<trkpt lat="30.62209081339012" lon="104.04477948276"><ele>485</ele><time>2025-07-20T12:31:31.000Z</time></trkpt>
<trkpt lat="30.62214029857441" lon="104.0446732481572"><ele>484</ele><time>2025-07-20T12:31:34.000Z</time></trkpt>
<trkpt lat="30.62221109463322" lon="104.0445742372223"><ele>484</ele><time>2025-07-20T12:31:37.000Z</time></trkpt>
<trkpt lat="30.62228378990984" lon="104.0444718001432"><ele>483</ele><time>2025-07-20T12:31:40.000Z</time></trkpt>
<trkpt lat="30.62235088299169" lon="104.0443636271072"><ele>483</ele><time>2025-07-20T12:31:43.000Z</time></trkpt>
<trkpt lat="30.62241309893779" lon="104.0442221958036"><ele>482</ele><time>2025-07-20T12:31:46.000Z</time></trkpt>
<trkpt lat="30.62244933710071" lon="104.0441241152073"><ele>482</ele><time>2025-07-20T12:31:48.000Z</time></trkpt>
<trkpt lat="30.6224930970493" lon="104.0440299225112"><ele>483</ele><time>2025-07-20T12:31:50.000Z</time></trkpt>
<trkpt lat="30.62255334687402" lon="104.0438995629514"><ele>482</ele><time>2025-07-20T12:31:53.000Z</time></trkpt>
<trkpt lat="30.62261592152634" lon="104.0437630932621"><ele>482</ele><time>2025-07-20T12:31:56.000Z</time></trkpt>
<trkpt lat="30.6226566185075" lon="104.0436548920251"><ele>481</ele><time>2025-07-20T12:31:58.000Z</time></trkpt>
<trkpt lat="30.62271620770483" lon="104.0435232989142"><ele>481</ele><time>2025-07-20T12:32:01.000Z</time></trkpt>
<trkpt lat="30.62276971646228" lon="104.0434169290196"><ele>481</ele><time>2025-07-20T12:32:04.000Z</time></trkpt>
<trkpt lat="30.62284333350612" lon="104.0433009685252"><ele>481</ele><time>2025-07-20T12:32:07.000Z</time></trkpt>
<trkpt lat="30.62285655145345" lon="104.0431845292413"><ele>481</ele><time>2025-07-20T12:32:11.000Z</time></trkpt>
<trkpt lat="30.62282661473542" lon="104.0433067432078"><ele>481</ele><time>2025-07-20T12:32:39.000Z</time></trkpt>
<trkpt lat="30.62292439052499" lon="104.0432945914642"><ele>480</ele><time>2025-07-20T12:32:55.000Z</time></trkpt>
<trkpt lat="30.62301412232862" lon="104.0433354514125"><ele>480</ele><time>2025-07-20T12:33:01.000Z</time></trkpt>
<trkpt lat="30.62299595630399" lon="104.0434527093068"><ele>480</ele><time>2025-07-20T12:33:11.000Z</time></trkpt>
<trkpt lat="30.62295941005432" lon="104.0435526196942"><ele>480</ele><time>2025-07-20T12:33:14.000Z</time></trkpt>
<trkpt lat="30.62290485381853" lon="104.0436731069908"><ele>480</ele><time>2025-07-20T12:33:17.000Z</time></trkpt>
<trkpt lat="30.62284992212964" lon="104.0437957051823"><ele>479</ele><time>2025-07-20T12:33:20.000Z</time></trkpt>
<trkpt lat="30.62277374976474" lon="104.0438605601538"><ele>479</ele><time>2025-07-20T12:33:24.000Z</time></trkpt>
<trkpt lat="30.62286024351972" lon="104.043963327251"><ele>480</ele><time>2025-07-20T12:33:27.000Z</time></trkpt>
<trkpt lat="30.62296565503786" lon="104.0439832562179"><ele>481</ele><time>2025-07-20T12:33:32.000Z</time></trkpt>
<trkpt lat="30.62304432240325" lon="104.0440556376891"><ele>482</ele><time>2025-07-20T12:33:40.000Z</time></trkpt>
<trkpt lat="30.62313546402825" lon="104.0441139471546"><ele>483</ele><time>2025-07-20T12:33:46.000Z</time></trkpt>
<trkpt lat="30.62322442455072" lon="104.0440687098223"><ele>483</ele><time>2025-07-20T12:33:53.000Z</time></trkpt>
<trkpt lat="30.62328855834194" lon="104.0439749858656"><ele>484</ele><time>2025-07-20T12:33:58.000Z</time></trkpt>
<trkpt lat="30.62332143358255" lon="104.0438683318798"><ele>484</ele><time>2025-07-20T12:34:05.000Z</time></trkpt>
<trkpt lat="30.6233540083381" lon="104.0437551545387"><ele>483</ele><time>2025-07-20T12:34:12.000Z</time></trkpt>
<trkpt lat="30.6234038699547" lon="104.0436552350509"><ele>482</ele><time>2025-07-20T12:34:20.000Z</time></trkpt>
<trkpt lat="30.62346938411289" lon="104.0435566166105"><ele>482</ele><time>2025-07-20T12:34:27.000Z</time></trkpt>
<trkpt lat="30.6235307230286" lon="104.0434789988423"><ele>482</ele><time>2025-07-20T12:34:33.000Z</time></trkpt>
<trkpt lat="30.62358098627707" lon="104.0433729294172"><ele>483</ele><time>2025-07-20T12:34:40.000Z</time></trkpt>
<trkpt lat="30.62362987414077" lon="104.043274955223"><ele>483</ele><time>2025-07-20T12:34:47.000Z</time></trkpt>
<trkpt lat="30.62366901248729" lon="104.0431671866526"><ele>482</ele><time>2025-07-20T12:34:54.000Z</time></trkpt>
<trkpt lat="30.62371848446436" lon="104.0430725550836"><ele>483</ele><time>2025-07-20T12:35:02.000Z</time></trkpt>
<trkpt lat="30.62380193743923" lon="104.0430153817635"><ele>483</ele><time>2025-07-20T12:35:11.000Z</time></trkpt>
<trkpt lat="30.6238925960977" lon="104.0430337592276"><ele>483</ele><time>2025-07-20T12:35:18.000Z</time></trkpt>
<trkpt lat="30.62395934145506" lon="104.043116256535"><ele>483</ele><time>2025-07-20T12:35:27.000Z</time></trkpt>
<trkpt lat="30.62404780549569" lon="104.0431431607896"><ele>482</ele><time>2025-07-20T12:35:38.000Z</time></trkpt>
<trkpt lat="30.62416377700439" lon="104.0431690555082"><ele>483</ele><time>2025-07-20T12:35:52.000Z</time></trkpt>
<trkpt lat="30.62412974711887" lon="104.0432741999826"><ele>482</ele><time>2025-07-20T12:36:01.000Z</time></trkpt>
<trkpt lat="30.62403671865769" lon="104.0432379745107"><ele>482</ele><time>2025-07-20T12:36:10.000Z</time></trkpt>
<trkpt lat="30.624057797621" lon="104.0431233645047"><ele>483</ele><time>2025-07-20T12:36:28.000Z</time></trkpt>
<trkpt lat="30.62393689099435" lon="104.0434624406293"><ele>483</ele><time>2025-07-20T12:36:35.000Z</time></trkpt>
<trkpt lat="30.62398867294139" lon="104.0433182063875"><ele>483</ele><time>2025-07-20T12:36:42.000Z</time></trkpt>
<trkpt lat="30.62404259857103" lon="104.0434134351824"><ele>482</ele><time>2025-07-20T12:36:59.000Z</time></trkpt>
<trkpt lat="30.62409100569047" lon="104.0431734502432"><ele>482</ele><time>2025-07-20T12:37:04.000Z</time></trkpt>
<trkpt lat="30.62399002112296" lon="104.043242487434"><ele>482</ele><time>2025-07-20T12:37:06.000Z</time></trkpt>
<trkpt lat="30.62391912210304" lon="104.0431554932749"><ele>482</ele><time>2025-07-20T12:37:42.000Z</time></trkpt>
<trkpt lat="30.62383793913338" lon="104.0430821934769"><ele>481</ele><time>2025-07-20T12:37:51.000Z</time></trkpt>
<trkpt lat="30.6237470829473" lon="104.0431061590025"><ele>481</ele><time>2025-07-20T12:38:01.000Z</time></trkpt>
<trkpt lat="30.62366896675912" lon="104.0431680238232"><ele>481</ele><time>2025-07-20T12:38:40.000Z</time></trkpt>
<trkpt lat="30.62361976032823" lon="104.0432832885299"><ele>480</ele><time>2025-07-20T12:38:43.000Z</time></trkpt>
<trkpt lat="30.62357757694018" lon="104.0433791381443"><ele>480</ele><time>2025-07-20T12:38:46.000Z</time></trkpt>
<trkpt lat="30.62351812347102" lon="104.043462854933"><ele>479</ele><time>2025-07-20T12:38:51.000Z</time></trkpt>
<trkpt lat="30.6234867175232" lon="104.0435774851348"><ele>480</ele><time>2025-07-20T12:38:56.000Z</time></trkpt>
<trkpt lat="30.62342315555043" lon="104.0437086313345"><ele>480</ele><time>2025-07-20T12:38:59.000Z</time></trkpt>
<trkpt lat="30.62336022952546" lon="104.0438316854754"><ele>480</ele><time>2025-07-20T12:39:02.000Z</time></trkpt>
<trkpt lat="30.62330078790575" lon="104.043948737099"><ele>480</ele><time>2025-07-20T12:39:05.000Z</time></trkpt>
<trkpt lat="30.62324188096745" lon="104.0440605235999"><ele>479</ele><time>2025-07-20T12:39:08.000Z</time></trkpt>
<trkpt lat="30.62314143577202" lon="104.0440886029805"><ele>479</ele><time>2025-07-20T12:39:12.000Z</time></trkpt>
<trkpt lat="30.62305937685137" lon="104.0440206274387"><ele>479</ele><time>2025-07-20T12:39:14.000Z</time></trkpt>
<trkpt lat="30.62298020054163" lon="104.0439314538145"><ele>479</ele><time>2025-07-20T12:39:17.000Z</time></trkpt>
<trkpt lat="30.62287058939612" lon="104.0439124658181"><ele>479</ele><time>2025-07-20T12:39:20.000Z</time></trkpt>
<trkpt lat="30.62281878488914" lon="104.0438213020867"><ele>479</ele><time>2025-07-20T12:39:30.000Z</time></trkpt>
<trkpt lat="30.62287614572729" lon="104.0437053351576"><ele>479</ele><time>2025-07-20T12:39:33.000Z</time></trkpt>
<trkpt lat="30.62291726529523" lon="104.0435921308727"><ele>479</ele><time>2025-07-20T12:39:37.000Z</time></trkpt>
<trkpt lat="30.62297592127191" lon="104.0434809006165"><ele>478</ele><time>2025-07-20T12:39:42.000Z</time></trkpt>
<trkpt lat="30.62299964003135" lon="104.0433680504223"><ele>478</ele><time>2025-07-20T12:39:47.000Z</time></trkpt>
<trkpt lat="30.62294873751192" lon="104.0432808416041"><ele>478</ele><time>2025-07-20T12:39:51.000Z</time></trkpt>
<trkpt lat="30.62286946287422" lon="104.0432166314128"><ele>478</ele><time>2025-07-20T12:39:57.000Z</time></trkpt>
<trkpt lat="30.62288692762014" lon="104.0431057821092"><ele>478</ele><time>2025-07-20T12:40:18.000Z</time></trkpt>
<trkpt lat="30.6229036123617" lon="104.0430024599476"><ele>478</ele><time>2025-07-20T12:40:26.000Z</time></trkpt>
<trkpt lat="30.62281391154277" lon="104.0429559271908"><ele>478</ele><time>2025-07-20T12:40:29.000Z</time></trkpt>
<trkpt lat="30.62270931458699" lon="104.0428487704431"><ele>478</ele><time>2025-07-20T12:40:32.000Z</time></trkpt>
<trkpt lat="30.62265078708358" lon="104.0427373846399"><ele>478</ele><time>2025-07-20T12:40:35.000Z</time></trkpt>
<trkpt lat="30.62258432923053" lon="104.0426214564159"><ele>478</ele><time>2025-07-20T12:40:38.000Z</time></trkpt>
<trkpt lat="30.62255003276314" lon="104.0425080062629"><ele>478</ele><time>2025-07-20T12:40:43.000Z</time></trkpt>
<trkpt lat="30.62252460562063" lon="104.0423757900666"><ele>478</ele><time>2025-07-20T12:40:48.000Z</time></trkpt>
<trkpt lat="30.62251227080271" lon="104.0422706150233"><ele>477</ele><time>2025-07-20T12:40:50.000Z</time></trkpt>
<trkpt lat="30.62251154201102" lon="104.0421651198668"><ele>478</ele><time>2025-07-20T12:40:52.000Z</time></trkpt>
<trkpt lat="30.62247669346062" lon="104.0420333382764"><ele>478</ele><time>2025-07-20T12:40:54.000Z</time></trkpt>
<trkpt lat="30.62243335040851" lon="104.0419386615142"><ele>478</ele><time>2025-07-20T12:40:56.000Z</time></trkpt>
<trkpt lat="30.62236391393467" lon="104.041809201741"><ele>478</ele><time>2025-07-20T12:40:59.000Z</time></trkpt>
<trkpt lat="30.62226715058367" lon="104.0417148536368"><ele>478</ele><time>2025-07-20T12:41:02.000Z</time></trkpt>
<trkpt lat="30.62219047750776" lon="104.0416561479839"><ele>478</ele><time>2025-07-20T12:41:04.000Z</time></trkpt>
<trkpt lat="30.62208189423187" lon="104.0415700573655"><ele>477</ele><time>2025-07-20T12:41:07.000Z</time></trkpt>
<trkpt lat="30.62197337897379" lon="104.0414971958166"><ele>476</ele><time>2025-07-20T12:41:10.000Z</time></trkpt>
<trkpt lat="30.62186708118001" lon="104.0414072741473"><ele>476</ele><time>2025-07-20T12:41:13.000Z</time></trkpt>
<trkpt lat="30.62175577199477" lon="104.0413493267252"><ele>476</ele><time>2025-07-20T12:41:16.000Z</time></trkpt>
<trkpt lat="30.62164404457011" lon="104.0412738093465"><ele>476</ele><time>2025-07-20T12:41:19.000Z</time></trkpt>
<trkpt lat="30.62155994988568" lon="104.0412003397825"><ele>476</ele><time>2025-07-20T12:41:22.000Z</time></trkpt>
<trkpt lat="30.62151509075444" lon="104.0411020025967"><ele>477</ele><time>2025-07-20T12:41:28.000Z</time></trkpt>
<trkpt lat="30.62154508443871" lon="104.0409757404648"><ele>477</ele><time>2025-07-20T12:41:31.000Z</time></trkpt>
<trkpt lat="30.6216084176001" lon="104.0408443176378"><ele>476</ele><time>2025-07-20T12:41:34.000Z</time></trkpt>
<trkpt lat="30.62165526226431" lon="104.0407190187384"><ele>476</ele><time>2025-07-20T12:41:37.000Z</time></trkpt>
<trkpt lat="30.62170653639934" lon="104.040601578476"><ele>476</ele><time>2025-07-20T12:41:40.000Z</time></trkpt>
<trkpt lat="30.62175144768407" lon="104.0405045917174"><ele>475</ele><time>2025-07-20T12:41:43.000Z</time></trkpt>
<trkpt lat="30.6218161285953" lon="104.0404297909228"><ele>475</ele><time>2025-07-20T12:42:33.000Z</time></trkpt>
<trkpt lat="30.62189360312674" lon="104.0403591312176"><ele>475</ele><time>2025-07-20T12:43:11.000Z</time></trkpt>
<trkpt lat="30.62196260980054" lon="104.0402330714503"><ele>475</ele><time>2025-07-20T12:43:14.000Z</time></trkpt>
<trkpt lat="30.62199662902589" lon="104.0400967020605"><ele>476</ele><time>2025-07-20T12:43:17.000Z</time></trkpt>
<trkpt lat="30.6220290553221" lon="104.0399458102075"><ele>476</ele><time>2025-07-20T12:43:20.000Z</time></trkpt>
<trkpt lat="30.6220463896727" lon="104.0398414351061"><ele>476</ele><time>2025-07-20T12:43:22.000Z</time></trkpt>
<trkpt lat="30.62208774946806" lon="104.039739930795"><ele>476</ele><time>2025-07-20T12:43:24.000Z</time></trkpt>
<trkpt lat="30.62213007395184" lon="104.0396386661974"><ele>476</ele><time>2025-07-20T12:43:26.000Z</time></trkpt>
<trkpt lat="30.62218207814028" lon="104.0395405339432"><ele>476</ele><time>2025-07-20T12:43:28.000Z</time></trkpt>
<trkpt lat="30.62223822051937" lon="104.0394432912308"><ele>476</ele><time>2025-07-20T12:43:30.000Z</time></trkpt>
<trkpt lat="30.62229233444844" lon="104.039341381002"><ele>476</ele><time>2025-07-20T12:43:32.000Z</time></trkpt>
<trkpt lat="30.6223499212626" lon="104.0392408129254"><ele>476</ele><time>2025-07-20T12:43:34.000Z</time></trkpt>
<trkpt lat="30.62240565684258" lon="104.0391315921217"><ele>476</ele><time>2025-07-20T12:43:36.000Z</time></trkpt>
<trkpt lat="30.62246390108911" lon="104.03901663334"><ele>477</ele><time>2025-07-20T12:43:38.000Z</time></trkpt>
<trkpt lat="30.62253064303053" lon="104.0389049078427"><ele>477</ele><time>2025-07-20T12:43:40.000Z</time></trkpt>
<trkpt lat="30.6225907443982" lon="104.0387828401955"><ele>477</ele><time>2025-07-20T12:43:42.000Z</time></trkpt>
<trkpt lat="30.62265808833368" lon="104.0386528017685"><ele>478</ele><time>2025-07-20T12:43:44.000Z</time></trkpt>
<trkpt lat="30.62272708046602" lon="104.0385329666542"><ele>478</ele><time>2025-07-20T12:43:46.000Z</time></trkpt>
<trkpt lat="30.62278895834291" lon="104.0384155369892"><ele>479</ele><time>2025-07-20T12:43:48.000Z</time></trkpt>
<trkpt lat="30.62285158750613" lon="104.038297838234"><ele>479</ele><time>2025-07-20T12:43:50.000Z</time></trkpt>
<trkpt lat="30.62291494345876" lon="104.0381932033712"><ele>480</ele><time>2025-07-20T12:43:52.000Z</time></trkpt>
<trkpt lat="30.62296394077117" lon="104.0380862768845"><ele>479</ele><time>2025-07-20T12:43:54.000Z</time></trkpt>
<trkpt lat="30.62300680281673" lon="104.0379877049996"><ele>481</ele><time>2025-07-20T12:43:56.000Z</time></trkpt>
<trkpt lat="30.62300540794693" lon="104.037882655023"><ele>481</ele><time>2025-07-20T12:43:58.000Z</time></trkpt>
<trkpt lat="30.62295046407663" lon="104.0377821389573"><ele>482</ele><time>2025-07-20T12:44:00.000Z</time></trkpt>
<trkpt lat="30.62289747618153" lon="104.0376745186351"><ele>482</ele><time>2025-07-20T12:44:02.000Z</time></trkpt>
<trkpt lat="30.62281660957845" lon="104.0375813753032"><ele>482</ele><time>2025-07-20T12:44:04.000Z</time></trkpt>
<trkpt lat="30.62271922497917" lon="104.0375090138226"><ele>483</ele><time>2025-07-20T12:44:06.000Z</time></trkpt>
<trkpt lat="30.62264024468512" lon="104.0374521713291"><ele>483</ele><time>2025-07-20T12:44:08.000Z</time></trkpt>
<trkpt lat="30.62272377491055" lon="104.0375488193683"><ele>483</ele><time>2025-07-20T12:44:16.000Z</time></trkpt>
<trkpt lat="30.62281034142492" lon="104.0375810494165"><ele>482</ele><time>2025-07-20T12:44:18.000Z</time></trkpt>
<trkpt lat="30.62290325244967" lon="104.0375861714411"><ele>482</ele><time>2025-07-20T12:44:20.000Z</time></trkpt>
<trkpt lat="30.62302976399463" lon="104.0375491258205"><ele>482</ele><time>2025-07-20T12:44:23.000Z</time></trkpt>
<trkpt lat="30.62310002767737" lon="104.0374709103706"><ele>482</ele><time>2025-07-20T12:44:26.000Z</time></trkpt>
<trkpt lat="30.62317026957053" lon="104.037342897189"><ele>482</ele><time>2025-07-20T12:44:29.000Z</time></trkpt>
<trkpt lat="30.6232177051762" lon="104.0372514129464"><ele>482</ele><time>2025-07-20T12:44:31.000Z</time></trkpt>
<trkpt lat="30.62326897793293" lon="104.0371607355297"><ele>482</ele><time>2025-07-20T12:44:33.000Z</time></trkpt>
<trkpt lat="30.6233196184386" lon="104.0370662681734"><ele>482</ele><time>2025-07-20T12:44:35.000Z</time></trkpt>
<trkpt lat="30.62336947375958" lon="104.036965159204"><ele>482</ele><time>2025-07-20T12:44:37.000Z</time></trkpt>
<trkpt lat="30.62342478242078" lon="104.0368775313636"><ele>482</ele><time>2025-07-20T12:44:39.000Z</time></trkpt>
<trkpt lat="30.62347228527187" lon="104.0367885582211"><ele>482</ele><time>2025-07-20T12:44:41.000Z</time></trkpt>
<trkpt lat="30.62353649830496" lon="104.0366665419221"><ele>482</ele><time>2025-07-20T12:44:44.000Z</time></trkpt>
<trkpt lat="30.62359465145956" lon="104.0365559444824"><ele>482</ele><time>2025-07-20T12:44:47.000Z</time></trkpt>
<trkpt lat="30.62365258679555" lon="104.0364285852315"><ele>482</ele><time>2025-07-20T12:44:50.000Z</time></trkpt>
<trkpt lat="30.62370323450875" lon="104.0363401687157"><ele>482</ele><time>2025-07-20T12:44:53.000Z</time></trkpt>
<trkpt lat="30.62376007792801" lon="104.0362415974971"><ele>481</ele><time>2025-07-20T12:44:58.000Z</time></trkpt>
<trkpt lat="30.62370255013693" lon="104.0363718421386"><ele>482</ele><time>2025-07-20T12:45:05.000Z</time></trkpt>
<trkpt lat="30.62363770307498" lon="104.0364668510582"><ele>482</ele><time>2025-07-20T12:45:07.000Z</time></trkpt>
<trkpt lat="30.62359050972826" lon="104.0365642640487"><ele>484</ele><time>2025-07-20T12:45:09.000Z</time></trkpt>
<trkpt lat="30.62354386337269" lon="104.0366692401333"><ele>483</ele><time>2025-07-20T12:45:11.000Z</time></trkpt>
<trkpt lat="30.6234986926377" lon="104.0367714799557"><ele>483</ele><time>2025-07-20T12:45:13.000Z</time></trkpt>
<trkpt lat="30.62344040653395" lon="104.0368713628933"><ele>483</ele><time>2025-07-20T12:45:15.000Z</time></trkpt>
<trkpt lat="30.62338868658859" lon="104.036972542561"><ele>483</ele><time>2025-07-20T12:45:17.000Z</time></trkpt>
<trkpt lat="30.62332976367375" lon="104.0370699611887"><ele>483</ele><time>2025-07-20T12:45:19.000Z</time></trkpt>
<trkpt lat="30.62327423367886" lon="104.0371692340126"><ele>483</ele><time>2025-07-20T12:45:21.000Z</time></trkpt>
<trkpt lat="30.62322024107559" lon="104.0372681456818"><ele>483</ele><time>2025-07-20T12:45:23.000Z</time></trkpt>
<trkpt lat="30.6231910934829" lon="104.0373699586441"><ele>483</ele><time>2025-07-20T12:45:25.000Z</time></trkpt>
<trkpt lat="30.62312978541413" lon="104.0374797713325"><ele>483</ele><time>2025-07-20T12:45:28.000Z</time></trkpt>
<trkpt lat="30.62306631561986" lon="104.037594530686"><ele>483</ele><time>2025-07-20T12:45:31.000Z</time></trkpt>
<trkpt lat="30.62320286139791" lon="104.0378866722557"><ele>483</ele><time>2025-07-20T12:45:34.000Z</time></trkpt>
<trkpt lat="30.62331421666508" lon="104.0379545225678"><ele>481</ele><time>2025-07-20T12:45:37.000Z</time></trkpt>
<trkpt lat="30.62342555946838" lon="104.038034578327"><ele>481</ele><time>2025-07-20T12:45:40.000Z</time></trkpt>
<trkpt lat="30.62353479680403" lon="104.0381027252861"><ele>481</ele><time>2025-07-20T12:45:43.000Z</time></trkpt>
<trkpt lat="30.62364131303305" lon="104.0381708670355"><ele>483</ele><time>2025-07-20T12:45:46.000Z</time></trkpt>
<trkpt lat="30.62375345966273" lon="104.0382403698533"><ele>484</ele><time>2025-07-20T12:45:49.000Z</time></trkpt>
<trkpt lat="30.6238372618138" lon="104.0382974385165"><ele>484</ele><time>2025-07-20T12:45:51.000Z</time></trkpt>
<trkpt lat="30.62391913396102" lon="104.038352399264"><ele>483</ele><time>2025-07-20T12:45:53.000Z</time></trkpt>
<trkpt lat="30.62403031290223" lon="104.0384416370761"><ele>483</ele><time>2025-07-20T12:45:56.000Z</time></trkpt>
<trkpt lat="30.62413229191316" lon="104.0384948455715"><ele>483</ele><time>2025-07-20T12:45:58.000Z</time></trkpt>
<trkpt lat="30.62425003662328" lon="104.0385561826884"><ele>483</ele><time>2025-07-20T12:46:00.000Z</time></trkpt>
<trkpt lat="30.62435031725598" lon="104.0386211226904"><ele>483</ele><time>2025-07-20T12:46:02.000Z</time></trkpt>
<trkpt lat="30.62443986788914" lon="104.0387016967418"><ele>482</ele><time>2025-07-20T12:46:04.000Z</time></trkpt>
<trkpt lat="30.62454618105322" lon="104.038755585658"><ele>482</ele><time>2025-07-20T12:46:06.000Z</time></trkpt>
<trkpt lat="30.62463980350463" lon="104.0388457851207"><ele>482</ele><time>2025-07-20T12:46:08.000Z</time></trkpt>
<trkpt lat="30.62473459910646" lon="104.0388972655909"><ele>482</ele><time>2025-07-20T12:46:10.000Z</time></trkpt>
<trkpt lat="30.62481697457263" lon="104.0389547575198"><ele>483</ele><time>2025-07-20T12:46:12.000Z</time></trkpt>
<trkpt lat="30.6249030019468" lon="104.0390138997909"><ele>483</ele><time>2025-07-20T12:46:14.000Z</time></trkpt>
<trkpt lat="30.62499475002377" lon="104.039073001092"><ele>480</ele><time>2025-07-20T12:46:16.000Z</time></trkpt>
<trkpt lat="30.62507400509526" lon="104.0391318029082"><ele>480</ele><time>2025-07-20T12:46:18.000Z</time></trkpt>
<trkpt lat="30.62518249159118" lon="104.0392074415956"><ele>481</ele><time>2025-07-20T12:46:21.000Z</time></trkpt>
<trkpt lat="30.62529501982379" lon="104.0392586251092"><ele>482</ele><time>2025-07-20T12:46:24.000Z</time></trkpt>
<trkpt lat="30.62538375740693" lon="104.0393064666902"><ele>484</ele><time>2025-07-20T12:46:26.000Z</time></trkpt>
<trkpt lat="30.62548480238977" lon="104.0393926234753"><ele>485</ele><time>2025-07-20T12:46:29.000Z</time></trkpt>
<trkpt lat="30.62560902887105" lon="104.0394296749142"><ele>484</ele><time>2025-07-20T12:46:31.000Z</time></trkpt>
<trkpt lat="30.62572674428302" lon="104.0395371731923"><ele>483</ele><time>2025-07-20T12:46:33.000Z</time></trkpt>
<trkpt lat="30.6258202789316" lon="104.0395990647346"><ele>483</ele><time>2025-07-20T12:46:35.000Z</time></trkpt>
<trkpt lat="30.62590272591859" lon="104.0396485144691"><ele>483</ele><time>2025-07-20T12:46:37.000Z</time></trkpt>
<trkpt lat="30.62599003703196" lon="104.0397109831297"><ele>483</ele><time>2025-07-20T12:46:39.000Z</time></trkpt>
<trkpt lat="30.62609880695831" lon="104.0397615680998"><ele>483</ele><time>2025-07-20T12:46:42.000Z</time></trkpt>
<trkpt lat="30.62618812089366" lon="104.0397781048284"><ele>482</ele><time>2025-07-20T12:46:44.000Z</time></trkpt>
<trkpt lat="30.62629426306585" lon="104.0398496340578"><ele>482</ele><time>2025-07-20T12:46:47.000Z</time></trkpt>
<trkpt lat="30.62636649831513" lon="104.0399154054"><ele>481</ele><time>2025-07-20T12:46:49.000Z</time></trkpt>
<trkpt lat="30.62646755648425" lon="104.0399826424899"><ele>480</ele><time>2025-07-20T12:46:51.000Z</time></trkpt>
<trkpt lat="30.62655996992169" lon="104.0400322656348"><ele>480</ele><time>2025-07-20T12:46:53.000Z</time></trkpt>
<trkpt lat="30.626670274283" lon="104.0401075056038"><ele>480</ele><time>2025-07-20T12:46:56.000Z</time></trkpt>
<trkpt lat="30.62677121233697" lon="104.0401398463258"><ele>480</ele><time>2025-07-20T12:46:58.000Z</time></trkpt>
<trkpt lat="30.62687515961287" lon="104.0401551235729"><ele>481</ele><time>2025-07-20T12:47:00.000Z</time></trkpt>
<trkpt lat="30.62693094747971" lon="104.0400663379631"><ele>480</ele><time>2025-07-20T12:47:02.000Z</time></trkpt>
<trkpt lat="30.62699800219532" lon="104.0399154722151"><ele>480</ele><time>2025-07-20T12:47:05.000Z</time></trkpt>
<trkpt lat="30.62707075628687" lon="104.0398277767711"><ele>480</ele><time>2025-07-20T12:47:08.000Z</time></trkpt>
<trkpt lat="30.62710832008801" lon="104.03972903863"><ele>480</ele><time>2025-07-20T12:47:10.000Z</time></trkpt>
<trkpt lat="30.62715484758128" lon="104.0396370312798"><ele>480</ele><time>2025-07-20T12:47:15.000Z</time></trkpt>
<trkpt lat="30.62719239519776" lon="104.0395207380383"><ele>480</ele><time>2025-07-20T12:47:22.000Z</time></trkpt>
<trkpt lat="30.62715552850523" lon="104.0396271074717"><ele>480</ele><time>2025-07-20T12:47:35.000Z</time></trkpt>
<trkpt lat="30.62709192403027" lon="104.0397246266688"><ele>480</ele><time>2025-07-20T12:47:40.000Z</time></trkpt>
<trkpt lat="30.6271897241239" lon="104.0396017637391"><ele>480</ele><time>2025-07-20T12:47:49.000Z</time></trkpt>
<trkpt lat="30.62724666905553" lon="104.0394948049382"><ele>480</ele><time>2025-07-20T12:47:52.000Z</time></trkpt>
<trkpt lat="30.62729832779513" lon="104.0394035072453"><ele>480</ele><time>2025-07-20T12:47:55.000Z</time></trkpt>
<trkpt lat="30.62736016195243" lon="104.0393265119802"><ele>480</ele><time>2025-07-20T12:47:59.000Z</time></trkpt>
<trkpt lat="30.62736165561958" lon="104.0392156352265"><ele>480</ele><time>2025-07-20T12:48:05.000Z</time></trkpt>
<trkpt lat="30.62735670019742" lon="104.039339694388"><ele>480</ele><time>2025-07-20T12:48:54.000Z</time></trkpt>
<trkpt lat="30.62728615527879" lon="104.0394485682972"><ele>480</ele><time>2025-07-20T12:48:58.000Z</time></trkpt>
<trkpt lat="30.62724720884104" lon="104.0395659008853"><ele>480</ele><time>2025-07-20T12:49:02.000Z</time></trkpt>
<trkpt lat="30.62719648864375" lon="104.0396572725647"><ele>480</ele><time>2025-07-20T12:49:07.000Z</time></trkpt>
<trkpt lat="30.6271579197297" lon="104.0397719263716"><ele>480</ele><time>2025-07-20T12:49:16.000Z</time></trkpt>
<trkpt lat="30.62718133755007" lon="104.0398771995353"><ele>480</ele><time>2025-07-20T12:49:48.000Z</time></trkpt>
<trkpt lat="30.62730764134579" lon="104.0399390041482"><ele>480</ele><time>2025-07-20T12:49:51.000Z</time></trkpt>
<trkpt lat="30.62725286396395" lon="104.0397936172339"><ele>480</ele><time>2025-07-20T12:50:04.000Z</time></trkpt>
<trkpt lat="30.62737832160989" lon="104.0394818045734"><ele>481</ele><time>2025-07-20T12:51:37.000Z</time></trkpt>
<trkpt lat="30.6273384476104" lon="104.0397456220398"><ele>480</ele><time>2025-07-20T12:51:38.000Z</time></trkpt>
<trkpt lat="30.62714165014264" lon="104.0397900237689"><ele>480</ele><time>2025-07-20T12:51:40.000Z</time></trkpt>
<trkpt lat="30.62715966856058" lon="104.0396842460957"><ele>481</ele><time>2025-07-20T12:52:22.000Z</time></trkpt>
<trkpt lat="30.62722057327207" lon="104.0395692308311"><ele>480</ele><time>2025-07-20T12:52:25.000Z</time></trkpt>
<trkpt lat="30.62727038262594" lon="104.0394772365363"><ele>480</ele><time>2025-07-20T12:52:27.000Z</time></trkpt>
<trkpt lat="30.62732529336549" lon="104.0393430898735"><ele>480</ele><time>2025-07-20T12:52:30.000Z</time></trkpt>
<trkpt lat="30.62737953186029" lon="104.0392401601414"><ele>480</ele><time>2025-07-20T12:52:32.000Z</time></trkpt>
<trkpt lat="30.62741567433522" lon="104.0391388283256"><ele>481</ele><time>2025-07-20T12:52:34.000Z</time></trkpt>
<trkpt lat="30.62745978871089" lon="104.0390392594239"><ele>481</ele><time>2025-07-20T12:52:36.000Z</time></trkpt>
<trkpt lat="30.62749883355712" lon="104.0389340485011"><ele>481</ele><time>2025-07-20T12:52:38.000Z</time></trkpt>
<trkpt lat="30.62754595723094" lon="104.0388353759956"><ele>482</ele><time>2025-07-20T12:52:40.000Z</time></trkpt>
<trkpt lat="30.62762741691065" lon="104.0387702899297"><ele>483</ele><time>2025-07-20T12:52:45.000Z</time></trkpt>
<trkpt lat="30.62772040685778" lon="104.0386869625363"><ele>483</ele><time>2025-07-20T12:52:48.000Z</time></trkpt>
<trkpt lat="30.62771378655523" lon="104.0385462345576"><ele>483</ele><time>2025-07-20T12:52:52.000Z</time></trkpt>
<trkpt lat="30.62782193560178" lon="104.0384528930519"><ele>482</ele><time>2025-07-20T12:52:56.000Z</time></trkpt>
<trkpt lat="30.62788993982918" lon="104.0383427794633"><ele>482</ele><time>2025-07-20T12:52:58.000Z</time></trkpt>
<trkpt lat="30.62796633141357" lon="104.0382633229644"><ele>482</ele><time>2025-07-20T12:53:02.000Z</time></trkpt>
<trkpt lat="30.62806065681342" lon="104.0382425378572"><ele>482</ele><time>2025-07-20T12:53:05.000Z</time></trkpt>
<trkpt lat="30.62814664616112" lon="104.0381834131281"><ele>482</ele><time>2025-07-20T12:53:07.000Z</time></trkpt>
<trkpt lat="30.62824983639111" lon="104.0381419130604"><ele>482</ele><time>2025-07-20T12:53:09.000Z</time></trkpt>
<trkpt lat="30.62834048081545" lon="104.0381370982532"><ele>482</ele><time>2025-07-20T12:53:11.000Z</time></trkpt>
<trkpt lat="30.62846169341161" lon="104.0381624719155"><ele>482</ele><time>2025-07-20T12:53:14.000Z</time></trkpt>
<trkpt lat="30.62857462765898" lon="104.0382066193068"><ele>482</ele><time>2025-07-20T12:53:17.000Z</time></trkpt>
<trkpt lat="30.62867053481356" lon="104.0382668835972"><ele>482</ele><time>2025-07-20T12:53:20.000Z</time></trkpt>
<trkpt lat="30.62876001591611" lon="104.0383563080219"><ele>482</ele><time>2025-07-20T12:53:23.000Z</time></trkpt>
<trkpt lat="30.6288551151742" lon="104.0384164955768"><ele>482</ele><time>2025-07-20T12:53:26.000Z</time></trkpt>
<trkpt lat="30.62894326164313" lon="104.0384940505304"><ele>481</ele><time>2025-07-20T12:53:30.000Z</time></trkpt>
<trkpt lat="30.62903805662958" lon="104.0385110610356"><ele>481</ele><time>2025-07-20T12:53:33.000Z</time></trkpt>
<trkpt lat="30.62914616869996" lon="104.0385802444768"><ele>481</ele><time>2025-07-20T12:53:37.000Z</time></trkpt>
<trkpt lat="30.62923655227985" lon="104.0386308150384"><ele>480</ele><time>2025-07-20T12:53:40.000Z</time></trkpt>
<trkpt lat="30.62933034758509" lon="104.0386746306457"><ele>480</ele><time>2025-07-20T12:53:43.000Z</time></trkpt>
<trkpt lat="30.62945157597603" lon="104.0387645788796"><ele>480</ele><time>2025-07-20T12:53:46.000Z</time></trkpt>
<trkpt lat="30.62953863337036" lon="104.0388205995557"><ele>481</ele><time>2025-07-20T12:53:48.000Z</time></trkpt>
<trkpt lat="30.62962477100058" lon="104.0388720679138"><ele>481</ele><time>2025-07-20T12:53:50.000Z</time></trkpt>
<trkpt lat="30.62971339247037" lon="104.0389685891237"><ele>481</ele><time>2025-07-20T12:53:53.000Z</time></trkpt>
<trkpt lat="30.62965989953118" lon="104.0391023826359"><ele>481</ele><time>2025-07-20T12:53:56.000Z</time></trkpt>
<trkpt lat="30.62959015193307" lon="104.0392124325869"><ele>481</ele><time>2025-07-20T12:53:59.000Z</time></trkpt>
<trkpt lat="30.6295357862594" lon="104.0393430347149"><ele>481</ele><time>2025-07-20T12:54:02.000Z</time></trkpt>
<trkpt lat="30.62946876601726" lon="104.0394747287896"><ele>481</ele><time>2025-07-20T12:54:05.000Z</time></trkpt>
<trkpt lat="30.62943095254098" lon="104.0395745458511"><ele>481</ele><time>2025-07-20T12:54:07.000Z</time></trkpt>
<trkpt lat="30.62938260240562" lon="104.0396661154365"><ele>480</ele><time>2025-07-20T12:54:09.000Z</time></trkpt>
<trkpt lat="30.62932930936036" lon="104.0397524463226"><ele>480</ele><time>2025-07-20T12:54:11.000Z</time></trkpt>
<trkpt lat="30.62925417660777" lon="104.0398858584885"><ele>480</ele><time>2025-07-20T12:54:14.000Z</time></trkpt>
<trkpt lat="30.62919881436777" lon="104.0399807109"><ele>481</ele><time>2025-07-20T12:54:16.000Z</time></trkpt>
<trkpt lat="30.62915003409692" lon="104.040087713235"><ele>481</ele><time>2025-07-20T12:54:18.000Z</time></trkpt>
<trkpt lat="30.62910390819221" lon="104.0401796391047"><ele>482</ele><time>2025-07-20T12:54:20.000Z</time></trkpt>
<trkpt lat="30.62905317151221" lon="104.0402734985596"><ele>482</ele><time>2025-07-20T12:54:22.000Z</time></trkpt>
<trkpt lat="30.62899143606176" lon="104.0403734816083"><ele>483</ele><time>2025-07-20T12:54:24.000Z</time></trkpt>
<trkpt lat="30.6289247154735" lon="104.0404791487421"><ele>483</ele><time>2025-07-20T12:54:26.000Z</time></trkpt>
<trkpt lat="30.6288688363199" lon="104.0405813820957"><ele>483</ele><time>2025-07-20T12:54:28.000Z</time></trkpt>
<trkpt lat="30.62882356712179" lon="104.0406860241264"><ele>483</ele><time>2025-07-20T12:54:30.000Z</time></trkpt>
<trkpt lat="30.62877486248197" lon="104.0408527396808"><ele>483</ele><time>2025-07-20T12:54:34.000Z</time></trkpt>
<trkpt lat="30.62871353049323" lon="104.0409455752194"><ele>483</ele><time>2025-07-20T12:54:36.000Z</time></trkpt>
<trkpt lat="30.62866467270898" lon="104.0410332626871"><ele>484</ele><time>2025-07-20T12:54:38.000Z</time></trkpt>
<trkpt lat="30.62861805700006" lon="104.0411238282966"><ele>484</ele><time>2025-07-20T12:54:40.000Z</time></trkpt>
<trkpt lat="30.62870856176176" lon="104.0412379297511"><ele>483</ele><time>2025-07-20T12:54:41.000Z</time></trkpt>
<trkpt lat="30.62866592985699" lon="104.0413332544105"><ele>483</ele><time>2025-07-20T12:54:43.000Z</time></trkpt>
<trkpt lat="30.62861199773157" lon="104.0414458454067"><ele>483</ele><time>2025-07-20T12:54:45.000Z</time></trkpt>
<trkpt lat="30.62856223655108" lon="104.0415450036223"><ele>483</ele><time>2025-07-20T12:54:47.000Z</time></trkpt>
<trkpt lat="30.62839445789191" lon="104.0415663834922"><ele>483</ele><time>2025-07-20T12:54:49.000Z</time></trkpt>
<trkpt lat="30.62834536164912" lon="104.0416698919943"><ele>483</ele><time>2025-07-20T12:54:51.000Z</time></trkpt>
<trkpt lat="30.62822025575376" lon="104.041746854436"><ele>483</ele><time>2025-07-20T12:54:53.000Z</time></trkpt>
<trkpt lat="30.62819407818129" lon="104.0418509142053"><ele>483</ele><time>2025-07-20T12:54:55.000Z</time></trkpt>
<trkpt lat="30.62817091498832" lon="104.0419542809195"><ele>482</ele><time>2025-07-20T12:54:57.000Z</time></trkpt>
<trkpt lat="30.62813433373117" lon="104.0420594069669"><ele>482</ele><time>2025-07-20T12:54:59.000Z</time></trkpt>
<trkpt lat="30.62808416289256" lon="104.0422310594782"><ele>482</ele><time>2025-07-20T12:55:02.000Z</time></trkpt>
<trkpt lat="30.62803243798356" lon="104.0423230378107"><ele>482</ele><time>2025-07-20T12:55:04.000Z</time></trkpt>
<trkpt lat="30.62797738448975" lon="104.0424251826185"><ele>482</ele><time>2025-07-20T12:55:06.000Z</time></trkpt>
<trkpt lat="30.62794665732102" lon="104.0425243882421"><ele>482</ele><time>2025-07-20T12:55:08.000Z</time></trkpt>
<trkpt lat="30.62803571471031" lon="104.0426505984418"><ele>483</ele><time>2025-07-20T12:55:09.000Z</time></trkpt>
<trkpt lat="30.62796620608372" lon="104.0427922335184"><ele>483</ele><time>2025-07-20T12:55:12.000Z</time></trkpt>
<trkpt lat="30.62791916282394" lon="104.0428881212964"><ele>483</ele><time>2025-07-20T12:55:14.000Z</time></trkpt>
<trkpt lat="30.62786694281377" lon="104.0429947105231"><ele>483</ele><time>2025-07-20T12:55:17.000Z</time></trkpt>
<trkpt lat="30.6278127353502" lon="104.0430915540759"><ele>482</ele><time>2025-07-20T12:55:20.000Z</time></trkpt>
<trkpt lat="30.62751828911392" lon="104.0429328932567"><ele>483</ele><time>2025-07-20T12:55:21.000Z</time></trkpt>
<trkpt lat="30.62742103622135" lon="104.0429602947313"><ele>483</ele><time>2025-07-20T12:55:26.000Z</time></trkpt>
<trkpt lat="30.62741389623158" lon="104.0430881121034"><ele>482</ele><time>2025-07-20T12:55:30.000Z</time></trkpt>
<trkpt lat="30.62744437630765" lon="104.0432174332648"><ele>482</ele><time>2025-07-20T12:55:34.000Z</time></trkpt>
<trkpt lat="30.62751888534462" lon="104.0433122954504"><ele>482</ele><time>2025-07-20T12:55:36.000Z</time></trkpt>
<trkpt lat="30.62760946222905" lon="104.0434271127667"><ele>482</ele><time>2025-07-20T12:55:39.000Z</time></trkpt>
<trkpt lat="30.6276693025053" lon="104.0435107785941"><ele>482</ele><time>2025-07-20T12:55:41.000Z</time></trkpt>
<trkpt lat="30.62763332983983" lon="104.0436512016191"><ele>482</ele><time>2025-07-20T12:55:44.000Z</time></trkpt>
<trkpt lat="30.62758964343207" lon="104.0437470580681"><ele>482</ele><time>2025-07-20T12:55:46.000Z</time></trkpt>
<trkpt lat="30.62754677957694" lon="104.0438457646433"><ele>480</ele><time>2025-07-20T12:55:48.000Z</time></trkpt>
<trkpt lat="30.62750635171314" lon="104.0439513489587"><ele>480</ele><time>2025-07-20T12:55:50.000Z</time></trkpt>
<trkpt lat="30.62745273340408" lon="104.0440624389036"><ele>480</ele><time>2025-07-20T12:55:53.000Z</time></trkpt>
<trkpt lat="30.6273562970067" lon="104.0441542975357"><ele>481</ele><time>2025-07-20T12:55:56.000Z</time></trkpt>
<trkpt lat="30.62731017859404" lon="104.0442503989192"><ele>481</ele><time>2025-07-20T12:55:58.000Z</time></trkpt>
<trkpt lat="30.62725625417343" lon="104.0443400438246"><ele>481</ele><time>2025-07-20T12:56:00.000Z</time></trkpt>
<trkpt lat="30.62715572386546" lon="104.0444354833971"><ele>482</ele><time>2025-07-20T12:56:03.000Z</time></trkpt>
<trkpt lat="30.62706281186314" lon="104.0445446676862"><ele>482</ele><time>2025-07-20T12:56:06.000Z</time></trkpt>
<trkpt lat="30.62697279403024" lon="104.044660972605"><ele>482</ele><time>2025-07-20T12:56:09.000Z</time></trkpt>
<trkpt lat="30.62689456690059" lon="104.0447738141222"><ele>482</ele><time>2025-07-20T12:56:12.000Z</time></trkpt>
<trkpt lat="30.62683896835613" lon="104.0448964245229"><ele>482</ele><time>2025-07-20T12:56:15.000Z</time></trkpt>
<trkpt lat="30.62675866720543" lon="104.0450269641496"><ele>482</ele><time>2025-07-20T12:56:18.000Z</time></trkpt>
<trkpt lat="30.62674266468789" lon="104.0451559449264"><ele>482</ele><time>2025-07-20T12:56:22.000Z</time></trkpt>
<trkpt lat="30.62667921891031" lon="104.0452553575312"><ele>482</ele><time>2025-07-20T12:56:26.000Z</time></trkpt>
<trkpt lat="30.62660664451455" lon="104.0453775013915"><ele>484</ele><time>2025-07-20T12:56:28.000Z</time></trkpt>
<trkpt lat="30.62653958531945" lon="104.0454830775023"><ele>485</ele><time>2025-07-20T12:56:30.000Z</time></trkpt>
<trkpt lat="30.62645911338003" lon="104.0455997360269"><ele>485</ele><time>2025-07-20T12:56:32.000Z</time></trkpt>
<trkpt lat="30.62640334563626" lon="104.0457066115765"><ele>485</ele><time>2025-07-20T12:56:34.000Z</time></trkpt>
<trkpt lat="30.62635174449962" lon="104.0458193958686"><ele>486</ele><time>2025-07-20T12:56:36.000Z</time></trkpt>
<trkpt lat="30.62629969004451" lon="104.0459260588504"><ele>485</ele><time>2025-07-20T12:56:38.000Z</time></trkpt>
<trkpt lat="30.6262399837346" lon="104.0460307100644"><ele>485</ele><time>2025-07-20T12:56:40.000Z</time></trkpt>
<trkpt lat="30.62618879968124" lon="104.0461331235605"><ele>485</ele><time>2025-07-20T12:56:42.000Z</time></trkpt>
<trkpt lat="30.62613420924103" lon="104.0462329389279"><ele>485</ele><time>2025-07-20T12:56:44.000Z</time></trkpt>
<trkpt lat="30.62608340271457" lon="104.0463373852058"><ele>485</ele><time>2025-07-20T12:56:46.000Z</time></trkpt>
<trkpt lat="30.62603723877178" lon="104.0464488561042"><ele>484</ele><time>2025-07-20T12:56:48.000Z</time></trkpt>
<trkpt lat="30.62598840704143" lon="104.046573917804"><ele>484</ele><time>2025-07-20T12:56:50.000Z</time></trkpt>
<trkpt lat="30.62593518062003" lon="104.0466926359918"><ele>484</ele><time>2025-07-20T12:56:52.000Z</time></trkpt>
<trkpt lat="30.62587459784025" lon="104.046798563392"><ele>484</ele><time>2025-07-20T12:56:54.000Z</time></trkpt>
<trkpt lat="30.62582354732768" lon="104.0469191132869"><ele>484</ele><time>2025-07-20T12:56:57.000Z</time></trkpt>
<trkpt lat="30.62579667006938" lon="104.0470289396835"><ele>484</ele><time>2025-07-20T12:56:59.000Z</time></trkpt>
<trkpt lat="30.62581186547727" lon="104.0471338173712"><ele>485</ele><time>2025-07-20T12:57:02.000Z</time></trkpt>
<trkpt lat="30.62571188105354" lon="104.0471501096588"><ele>484</ele><time>2025-07-20T12:57:20.000Z</time></trkpt>
<trkpt lat="30.62569023605061" lon="104.0472591027391"><ele>484</ele><time>2025-07-20T12:57:23.000Z</time></trkpt>
<trkpt lat="30.62564046627928" lon="104.0473559898794"><ele>483</ele><time>2025-07-20T12:57:26.000Z</time></trkpt>
<trkpt lat="30.6256122337884" lon="104.0474605757612"><ele>483</ele><time>2025-07-20T12:57:30.000Z</time></trkpt>
<trkpt lat="30.62571547333568" lon="104.0475275765354"><ele>483</ele><time>2025-07-20T12:58:49.000Z</time></trkpt>
<trkpt lat="30.6258109223533" lon="104.0475511175565"><ele>482</ele><time>2025-07-20T12:58:52.000Z</time></trkpt>
<trkpt lat="30.62591215009381" lon="104.0475513038987"><ele>482</ele><time>2025-07-20T12:58:59.000Z</time></trkpt>
<trkpt lat="30.62604316878849" lon="104.0475947560825"><ele>482</ele><time>2025-07-20T12:59:01.000Z</time></trkpt>
<trkpt lat="30.6261508385654" lon="104.047581753043"><ele>482</ele><time>2025-07-20T12:59:03.000Z</time></trkpt>
<trkpt lat="30.62627643794554" lon="104.0475999107019"><ele>482</ele><time>2025-07-20T12:59:06.000Z</time></trkpt>
<trkpt lat="30.62635137980366" lon="104.0476627157635"><ele>481</ele><time>2025-07-20T12:59:08.000Z</time></trkpt>
<trkpt lat="30.62643340111398" lon="104.0477072268315"><ele>481</ele><time>2025-07-20T12:59:10.000Z</time></trkpt>
<trkpt lat="30.6265449573934" lon="104.0477919844772"><ele>480</ele><time>2025-07-20T12:59:13.000Z</time></trkpt>
<trkpt lat="30.62664103813851" lon="104.0478473098201"><ele>479</ele><time>2025-07-20T12:59:15.000Z</time></trkpt>
<trkpt lat="30.62672866875889" lon="104.047902095064"><ele>479</ele><time>2025-07-20T12:59:17.000Z</time></trkpt>
<trkpt lat="30.62681184504632" lon="104.0479608346146"><ele>479</ele><time>2025-07-20T12:59:20.000Z</time></trkpt>
<trkpt lat="30.62689863542515" lon="104.0480112415817"><ele>479</ele><time>2025-07-20T12:59:22.000Z</time></trkpt>
<trkpt lat="30.62697650045418" lon="104.0480688349687"><ele>479</ele><time>2025-07-20T12:59:24.000Z</time></trkpt>
<trkpt lat="30.62706160231701" lon="104.0481127186744"><ele>479</ele><time>2025-07-20T12:59:26.000Z</time></trkpt>
<trkpt lat="30.6271513055868" lon="104.0481710611198"><ele>479</ele><time>2025-07-20T12:59:28.000Z</time></trkpt>
<trkpt lat="30.62723680860601" lon="104.0482265126553"><ele>479</ele><time>2025-07-20T12:59:30.000Z</time></trkpt>
<trkpt lat="30.62732312915012" lon="104.0482779197842"><ele>478</ele><time>2025-07-20T12:59:32.000Z</time></trkpt>
<trkpt lat="30.62741289128391" lon="104.0483218992948"><ele>479</ele><time>2025-07-20T12:59:34.000Z</time></trkpt>
<trkpt lat="30.62749171308164" lon="104.0483772027497"><ele>479</ele><time>2025-07-20T12:59:36.000Z</time></trkpt>
<trkpt lat="30.62757336248159" lon="104.0484521501113"><ele>479</ele><time>2025-07-20T12:59:38.000Z</time></trkpt>
<trkpt lat="30.6276572635954" lon="104.0485084391107"><ele>479</ele><time>2025-07-20T12:59:40.000Z</time></trkpt>
<trkpt lat="30.62774803464218" lon="104.0485653314724"><ele>479</ele><time>2025-07-20T12:59:42.000Z</time></trkpt>
<trkpt lat="30.62785961826221" lon="104.048652836576"><ele>479</ele><time>2025-07-20T12:59:45.000Z</time></trkpt>
<trkpt lat="30.6279526995615" lon="104.0487206841718"><ele>479</ele><time>2025-07-20T12:59:47.000Z</time></trkpt>
<trkpt lat="30.62803373602897" lon="104.0487779275086"><ele>479</ele><time>2025-07-20T12:59:49.000Z</time></trkpt>
<trkpt lat="30.62812454360562" lon="104.0488214597757"><ele>479</ele><time>2025-07-20T12:59:51.000Z</time></trkpt>
<trkpt lat="30.62822122602041" lon="104.0488708390916"><ele>479</ele><time>2025-07-20T12:59:53.000Z</time></trkpt>
<trkpt lat="30.62831845563248" lon="104.0489400315651"><ele>479</ele><time>2025-07-20T12:59:55.000Z</time></trkpt>
<trkpt lat="30.6284162484831" lon="104.0489999702743"><ele>480</ele><time>2025-07-20T12:59:57.000Z</time></trkpt>
<trkpt lat="30.62851790565555" lon="104.0490615372973"><ele>480</ele><time>2025-07-20T12:59:59.000Z</time></trkpt>
<trkpt lat="30.62862382928627" lon="104.0491573572392"><ele>481</ele><time>2025-07-20T13:00:02.000Z</time></trkpt>
<trkpt lat="30.62862769232372" lon="104.0493047590694"><ele>481</ele><time>2025-07-20T13:00:05.000Z</time></trkpt>
<trkpt lat="30.62858256036109" lon="104.0493996621937"><ele>481</ele><time>2025-07-20T13:00:07.000Z</time></trkpt>
<trkpt lat="30.62855454443849" lon="104.0495170801443"><ele>481</ele><time>2025-07-20T13:00:09.000Z</time></trkpt>
<trkpt lat="30.62850669687066" lon="104.0496189633038"><ele>481</ele><time>2025-07-20T13:00:11.000Z</time></trkpt>
<trkpt lat="30.62846128930323" lon="104.0497260948587"><ele>481</ele><time>2025-07-20T13:00:13.000Z</time></trkpt>
<trkpt lat="30.62841257623657" lon="104.0498284073632"><ele>481</ele><time>2025-07-20T13:00:15.000Z</time></trkpt>
<trkpt lat="30.62836555115558" lon="104.0499322707654"><ele>481</ele><time>2025-07-20T13:00:17.000Z</time></trkpt>
<trkpt lat="30.62831225394921" lon="104.0500317092607"><ele>480</ele><time>2025-07-20T13:00:19.000Z</time></trkpt>
<trkpt lat="30.62826354438227" lon="104.05013054912"><ele>480</ele><time>2025-07-20T13:00:21.000Z</time></trkpt>
<trkpt lat="30.62823191654744" lon="104.0502436073696"><ele>480</ele><time>2025-07-20T13:00:23.000Z</time></trkpt>
<trkpt lat="30.62818759058916" lon="104.0503479213897"><ele>480</ele><time>2025-07-20T13:00:25.000Z</time></trkpt>
<trkpt lat="30.62810980902552" lon="104.0504614842588"><ele>480</ele><time>2025-07-20T13:00:27.000Z</time></trkpt>
<trkpt lat="30.62806419732395" lon="104.0505625147153"><ele>479</ele><time>2025-07-20T13:00:29.000Z</time></trkpt>
<trkpt lat="30.62800028434808" lon="104.0506945037901"><ele>479</ele><time>2025-07-20T13:00:32.000Z</time></trkpt>
<trkpt lat="30.62796740844276" lon="104.050838893648"><ele>479</ele><time>2025-07-20T13:00:35.000Z</time></trkpt>
<trkpt lat="30.627930341889" lon="104.050939736714"><ele>479</ele><time>2025-07-20T13:00:37.000Z</time></trkpt>
<trkpt lat="30.62787801700414" lon="104.0510572387808"><ele>480</ele><time>2025-07-20T13:00:40.000Z</time></trkpt>
<trkpt lat="30.62783151045717" lon="104.0511570371026"><ele>480</ele><time>2025-07-20T13:00:43.000Z</time></trkpt>
<trkpt lat="30.62778092336589" lon="104.0512725009574"><ele>480</ele><time>2025-07-20T13:00:46.000Z</time></trkpt>
<trkpt lat="30.6277407367816" lon="104.0514188260812"><ele>480</ele><time>2025-07-20T13:00:49.000Z</time></trkpt>
<trkpt lat="30.62770116480302" lon="104.0515135762568"><ele>481</ele><time>2025-07-20T13:00:51.000Z</time></trkpt>
<trkpt lat="30.62766323010553" lon="104.0516125732958"><ele>481</ele><time>2025-07-20T13:00:53.000Z</time></trkpt>
<trkpt lat="30.62761687166973" lon="104.0517142711274"><ele>481</ele><time>2025-07-20T13:00:55.000Z</time></trkpt>
<trkpt lat="30.62757210347314" lon="104.0518143023668"><ele>481</ele><time>2025-07-20T13:00:57.000Z</time></trkpt>
<trkpt lat="30.62752655628548" lon="104.0519156150648"><ele>481</ele><time>2025-07-20T13:00:59.000Z</time></trkpt>
<trkpt lat="30.62747973589032" lon="104.0520087508225"><ele>481</ele><time>2025-07-20T13:01:01.000Z</time></trkpt>
<trkpt lat="30.62744388601407" lon="104.0521060406487"><ele>481</ele><time>2025-07-20T13:01:03.000Z</time></trkpt>
<trkpt lat="30.6273903944043" lon="104.0522410404776"><ele>481</ele><time>2025-07-20T13:01:06.000Z</time></trkpt>
<trkpt lat="30.62734194251989" lon="104.052369317297"><ele>481</ele><time>2025-07-20T13:01:09.000Z</time></trkpt>
<trkpt lat="30.62730422560142" lon="104.0524700885729"><ele>482</ele><time>2025-07-20T13:01:11.000Z</time></trkpt>
<trkpt lat="30.62727553878686" lon="104.0525738201314"><ele>482</ele><time>2025-07-20T13:01:13.000Z</time></trkpt>
<trkpt lat="30.62725907892418" lon="104.0526826148321"><ele>481</ele><time>2025-07-20T13:01:15.000Z</time></trkpt>
<trkpt lat="30.62722417511467" lon="104.0527925403492"><ele>482</ele><time>2025-07-20T13:01:17.000Z</time></trkpt>
<trkpt lat="30.6271866938836" lon="104.0529316013055"><ele>484</ele><time>2025-07-20T13:01:20.000Z</time></trkpt>
<trkpt lat="30.62716437835376" lon="104.0530625912899"><ele>484</ele><time>2025-07-20T13:01:23.000Z</time></trkpt>
<trkpt lat="30.62712942147918" lon="104.0531836830601"><ele>483</ele><time>2025-07-20T13:01:26.000Z</time></trkpt>
<trkpt lat="30.62712775543816" lon="104.0533177025669"><ele>484</ele><time>2025-07-20T13:01:30.000Z</time></trkpt>
<trkpt lat="30.6271311213061" lon="104.0534560865791"><ele>484</ele><time>2025-07-20T13:01:33.000Z</time></trkpt>
<trkpt lat="30.62713041171206" lon="104.0535696903103"><ele>483</ele><time>2025-07-20T13:01:35.000Z</time></trkpt>
<trkpt lat="30.62713529193193" lon="104.0537209312879"><ele>483</ele><time>2025-07-20T13:01:38.000Z</time></trkpt>
<trkpt lat="30.62714162828423" lon="104.0538674904447"><ele>483</ele><time>2025-07-20T13:01:41.000Z</time></trkpt>
<trkpt lat="30.62712741223184" lon="104.0539891258596"><ele>483</ele><time>2025-07-20T13:01:43.000Z</time></trkpt>
<trkpt lat="30.62713678535339" lon="104.0540961570365"><ele>483</ele><time>2025-07-20T13:01:45.000Z</time></trkpt>
<trkpt lat="30.62714909647951" lon="104.054206481255"><ele>483</ele><time>2025-07-20T13:01:47.000Z</time></trkpt>
<trkpt lat="30.6271517885925" lon="104.0543252396645"><ele>483</ele><time>2025-07-20T13:01:49.000Z</time></trkpt>
<trkpt lat="30.62715964523901" lon="104.0544392993666"><ele>483</ele><time>2025-07-20T13:01:51.000Z</time></trkpt>
<trkpt lat="30.62717131632792" lon="104.054554181045"><ele>483</ele><time>2025-07-20T13:01:53.000Z</time></trkpt>
<trkpt lat="30.62716566673355" lon="104.0546598761939"><ele>482</ele><time>2025-07-20T13:01:55.000Z</time></trkpt>
<trkpt lat="30.62715978879932" lon="104.0548004370858"><ele>482</ele><time>2025-07-20T13:01:58.000Z</time></trkpt>
<trkpt lat="30.62715774083719" lon="104.0549166161045"><ele>482</ele><time>2025-07-20T13:02:03.000Z</time></trkpt>
<trkpt lat="30.62717433172187" lon="104.0550906320483"><ele>482</ele><time>2025-07-20T13:02:06.000Z</time></trkpt>
<trkpt lat="30.6271750446133" lon="104.0552239700614"><ele>482</ele><time>2025-07-20T13:02:10.000Z</time></trkpt>
<trkpt lat="30.62716201679872" lon="104.0553542986792"><ele>482</ele><time>2025-07-20T13:02:12.000Z</time></trkpt>
<trkpt lat="30.62716305222965" lon="104.0554738773699"><ele>482</ele><time>2025-07-20T13:02:14.000Z</time></trkpt>
<trkpt lat="30.62717246618534" lon="104.0555838409618"><ele>482</ele><time>2025-07-20T13:02:16.000Z</time></trkpt>
<trkpt lat="30.62718454595624" lon="104.0556942372845"><ele>481</ele><time>2025-07-20T13:02:18.000Z</time></trkpt>
<trkpt lat="30.6271893854558" lon="104.0558393171617"><ele>481</ele><time>2025-07-20T13:02:21.000Z</time></trkpt>
<trkpt lat="30.62719448278367" lon="104.0559965413887"><ele>481</ele><time>2025-07-20T13:02:24.000Z</time></trkpt>
<trkpt lat="30.62719879359471" lon="104.0561384161961"><ele>481</ele><time>2025-07-20T13:02:27.000Z</time></trkpt>
<trkpt lat="30.62720762573138" lon="104.0562447347523"><ele>481</ele><time>2025-07-20T13:02:29.000Z</time></trkpt>
<trkpt lat="30.62719680904451" lon="104.0563844050232"><ele>481</ele><time>2025-07-20T13:02:32.000Z</time></trkpt>
<trkpt lat="30.62720685858752" lon="104.0565000640644"><ele>481</ele><time>2025-07-20T13:02:34.000Z</time></trkpt>
<trkpt lat="30.62722403431019" lon="104.0566377865551"><ele>480</ele><time>2025-07-20T13:02:37.000Z</time></trkpt>
<trkpt lat="30.62722831438772" lon="104.0567615865566"><ele>480</ele><time>2025-07-20T13:02:40.000Z</time></trkpt>
<trkpt lat="30.62723273448515" lon="104.0568719100023"><ele>480</ele><time>2025-07-20T13:02:43.000Z</time></trkpt>
<trkpt lat="30.62723302173528" lon="104.0570169560229"><ele>481</ele><time>2025-07-20T13:02:46.000Z</time></trkpt>
<trkpt lat="30.62723530929555" lon="104.0571748372765"><ele>481</ele><time>2025-07-20T13:02:49.000Z</time></trkpt>
<trkpt lat="30.62722784779969" lon="104.0573018163535"><ele>481</ele><time>2025-07-20T13:02:52.000Z</time></trkpt>
<trkpt lat="30.62723752991912" lon="104.0574101862105"><ele>481</ele><time>2025-07-20T13:02:54.000Z</time></trkpt>
<trkpt lat="30.62725235857213" lon="104.0575574141234"><ele>481</ele><time>2025-07-20T13:02:57.000Z</time></trkpt>
<trkpt lat="30.62724928044746" lon="104.057703004114"><ele>480</ele><time>2025-07-20T13:03:00.000Z</time></trkpt>
<trkpt lat="30.62723491864424" lon="104.0578356583384"><ele>480</ele><time>2025-07-20T13:03:03.000Z</time></trkpt>
<trkpt lat="30.62724382872264" lon="104.0579680608277"><ele>479</ele><time>2025-07-20T13:03:07.000Z</time></trkpt>
<trkpt lat="30.62727525017918" lon="104.0580943840346"><ele>479</ele><time>2025-07-20T13:03:10.000Z</time></trkpt>
<trkpt lat="30.62728495950385" lon="104.0582322098587"><ele>478</ele><time>2025-07-20T13:03:13.000Z</time></trkpt>
<trkpt lat="30.62738970327571" lon="104.0582759584642"><ele>478</ele><time>2025-07-20T13:03:17.000Z</time></trkpt>
<trkpt lat="30.62749477096918" lon="104.0582809237425"><ele>478</ele><time>2025-07-20T13:03:20.000Z</time></trkpt>
<trkpt lat="30.62761802035823" lon="104.0582767953178"><ele>478</ele><time>2025-07-20T13:03:23.000Z</time></trkpt>
<trkpt lat="30.62771314523328" lon="104.058272990573"><ele>477</ele><time>2025-07-20T13:03:25.000Z</time></trkpt>
<trkpt lat="30.6278302259675" lon="104.0582637206776"><ele>477</ele><time>2025-07-20T13:03:28.000Z</time></trkpt>
<trkpt lat="30.62792833768902" lon="104.0582670119351"><ele>477</ele><time>2025-07-20T13:03:30.000Z</time></trkpt>
<trkpt lat="30.62803096856295" lon="104.0582722778092"><ele>477</ele><time>2025-07-20T13:03:32.000Z</time></trkpt>
<trkpt lat="30.62812615234466" lon="104.0582646177443"><ele>477</ele><time>2025-07-20T13:03:34.000Z</time></trkpt>
<trkpt lat="30.62822012506996" lon="104.0582616380433"><ele>477</ele><time>2025-07-20T13:03:36.000Z</time></trkpt>
<trkpt lat="30.62831235269489" lon="104.0582573985129"><ele>477</ele><time>2025-07-20T13:03:38.000Z</time></trkpt>
<trkpt lat="30.62850474540625" lon="104.0582396100819"><ele>478</ele><time>2025-07-20T13:03:42.000Z</time></trkpt>
<trkpt lat="30.62863269493669" lon="104.0582442864609"><ele>478</ele><time>2025-07-20T13:03:45.000Z</time></trkpt>
<trkpt lat="30.628740863762" lon="104.0582459313303"><ele>478</ele><time>2025-07-20T13:03:48.000Z</time></trkpt>
<trkpt lat="30.62885876863209" lon="104.0582466348699"><ele>478</ele><time>2025-07-20T13:03:51.000Z</time></trkpt>
<trkpt lat="30.62897517895793" lon="104.058277987712"><ele>478</ele><time>2025-07-20T13:03:54.000Z</time></trkpt>
<trkpt lat="30.62899657669395" lon="104.0584157442966"><ele>478</ele><time>2025-07-20T13:03:57.000Z</time></trkpt>
<trkpt lat="30.62897198140243" lon="104.0585346832625"><ele>479</ele><time>2025-07-20T13:04:00.000Z</time></trkpt>
<trkpt lat="30.62898837290342" lon="104.0586616216319"><ele>479</ele><time>2025-07-20T13:04:04.000Z</time></trkpt>
<trkpt lat="30.62902568092683" lon="104.0587611473612"><ele>479</ele><time>2025-07-20T13:04:09.000Z</time></trkpt>
<trkpt lat="30.62902269869608" lon="104.058866084195"><ele>479</ele><time>2025-07-20T13:04:23.000Z</time></trkpt>
<trkpt lat="30.62911984600377" lon="104.0588964628893"><ele>479</ele><time>2025-07-20T13:04:58.000Z</time></trkpt>
<trkpt lat="30.62921318425776" lon="104.058878761189"><ele>479</ele><time>2025-07-20T13:05:20.000Z</time></trkpt>
<trkpt lat="30.62924141514717" lon="104.05898877576"><ele>478</ele><time>2025-07-20T13:05:35.000Z</time></trkpt>
<trkpt lat="30.6291375998327" lon="104.0590127616277"><ele>479</ele><time>2025-07-20T13:05:47.000Z</time></trkpt>
<trkpt lat="30.62923844211606" lon="104.059029637933"><ele>479</ele><time>2025-07-20T13:06:40.000Z</time></trkpt>
<trkpt lat="30.62921020560593" lon="104.0589214523278"><ele>479</ele><time>2025-07-20T13:07:08.000Z</time></trkpt>
<trkpt lat="30.62911995303444" lon="104.0588773426737"><ele>479</ele><time>2025-07-20T13:07:11.000Z</time></trkpt>
<trkpt lat="30.62903076020247" lon="104.058893534789"><ele>480</ele><time>2025-07-20T13:07:56.000Z</time></trkpt>
<trkpt lat="30.62901890275204" lon="104.0590208174167"><ele>479</ele><time>2025-07-20T13:08:39.000Z</time></trkpt>
<trkpt lat="30.62902609569527" lon="104.0591592375319"><ele>479</ele><time>2025-07-20T13:08:43.000Z</time></trkpt>
<trkpt lat="30.62903218151972" lon="104.0592754999479"><ele>479</ele><time>2025-07-20T13:08:46.000Z</time></trkpt>
<trkpt lat="30.62899908162846" lon="104.059415051014"><ele>480</ele><time>2025-07-20T13:08:49.000Z</time></trkpt>
<trkpt lat="30.62899147937019" lon="104.0595476793864"><ele>479</ele><time>2025-07-20T13:08:52.000Z</time></trkpt>
<trkpt lat="30.62898873611407" lon="104.0596599006275"><ele>479</ele><time>2025-07-20T13:08:55.000Z</time></trkpt>
<trkpt lat="30.62902417217046" lon="104.0597581067552"><ele>480</ele><time>2025-07-20T13:08:58.000Z</time></trkpt>
<trkpt lat="30.62911921195307" lon="104.0598190071146"><ele>480</ele><time>2025-07-20T13:09:01.000Z</time></trkpt>
<trkpt lat="30.62924119353334" lon="104.0598026894302"><ele>481</ele><time>2025-07-20T13:09:04.000Z</time></trkpt>
<trkpt lat="30.62935138244895" lon="104.0598107500637"><ele>481</ele><time>2025-07-20T13:09:08.000Z</time></trkpt>
<trkpt lat="30.62948337515478" lon="104.059815929223"><ele>481</ele><time>2025-07-20T13:09:12.000Z</time></trkpt>
<trkpt lat="30.62957422187378" lon="104.0598171970828"><ele>480</ele><time>2025-07-20T13:09:14.000Z</time></trkpt>
<trkpt lat="30.62969825593719" lon="104.059799692296"><ele>480</ele><time>2025-07-20T13:09:17.000Z</time></trkpt>
<trkpt lat="30.62983331342405" lon="104.059800947934"><ele>480</ele><time>2025-07-20T13:09:20.000Z</time></trkpt>
<trkpt lat="30.6299242001157" lon="104.0597921377802"><ele>480</ele><time>2025-07-20T13:09:22.000Z</time></trkpt>
<trkpt lat="30.63004919632485" lon="104.0597714048743"><ele>480</ele><time>2025-07-20T13:09:25.000Z</time></trkpt>
<trkpt lat="30.63017761847426" lon="104.0597670891565"><ele>480</ele><time>2025-07-20T13:09:28.000Z</time></trkpt>
<trkpt lat="30.63027733836553" lon="104.0597750305776"><ele>480</ele><time>2025-07-20T13:09:30.000Z</time></trkpt>
<trkpt lat="30.63041360834275" lon="104.0597719393003"><ele>480</ele><time>2025-07-20T13:09:33.000Z</time></trkpt>
<trkpt lat="30.63050964530071" lon="104.0597844602749"><ele>480</ele><time>2025-07-20T13:09:35.000Z</time></trkpt>
<trkpt lat="30.63060000975194" lon="104.0597747317895"><ele>481</ele><time>2025-07-20T13:09:37.000Z</time></trkpt>
<trkpt lat="30.6307411016362" lon="104.0597753690791"><ele>480</ele><time>2025-07-20T13:09:40.000Z</time></trkpt>
<trkpt lat="30.63085084023683" lon="104.0597925850105"><ele>480</ele><time>2025-07-20T13:09:42.000Z</time></trkpt>
<trkpt lat="30.63095419379102" lon="104.0597804141142"><ele>480</ele><time>2025-07-20T13:09:44.000Z</time></trkpt>
<trkpt lat="30.63104641397926" lon="104.059774765874"><ele>480</ele><time>2025-07-20T13:09:46.000Z</time></trkpt>
<trkpt lat="30.6311456169601" lon="104.0597792868169"><ele>480</ele><time>2025-07-20T13:09:48.000Z</time></trkpt>
<trkpt lat="30.63123814415158" lon="104.0597770383224"><ele>479</ele><time>2025-07-20T13:09:50.000Z</time></trkpt>
<trkpt lat="30.63134376558927" lon="104.0597763670881"><ele>479</ele><time>2025-07-20T13:09:52.000Z</time></trkpt>
<trkpt lat="30.63144268423784" lon="104.0597758511592"><ele>478</ele><time>2025-07-20T13:09:54.000Z</time></trkpt>
<trkpt lat="30.63154992598744" lon="104.0597596728293"><ele>477</ele><time>2025-07-20T13:09:56.000Z</time></trkpt>
<trkpt lat="30.63164789963876" lon="104.0597559844622"><ele>476</ele><time>2025-07-20T13:09:58.000Z</time></trkpt>
<trkpt lat="30.63174250742492" lon="104.0597903227347"><ele>475</ele><time>2025-07-20T13:10:02.000Z</time></trkpt>
<trkpt lat="30.63183418284127" lon="104.0597865535201"><ele>476</ele><time>2025-07-20T13:10:05.000Z</time></trkpt>
<trkpt lat="30.63184907273431" lon="104.059907324836"><ele>475</ele><time>2025-07-20T13:10:08.000Z</time></trkpt>
<trkpt lat="30.63187111248761" lon="104.0600236852587"><ele>476</ele><time>2025-07-20T13:10:11.000Z</time></trkpt>
<trkpt lat="30.63189053650404" lon="104.0601370577034"><ele>477</ele><time>2025-07-20T13:10:13.000Z</time></trkpt>
<trkpt lat="30.63191298930772" lon="104.0602674836132"><ele>476</ele><time>2025-07-20T13:10:15.000Z</time></trkpt>
<trkpt lat="30.63194267209058" lon="104.0603736565696"><ele>476</ele><time>2025-07-20T13:10:17.000Z</time></trkpt>
<trkpt lat="30.63195710873113" lon="104.0604966372256"><ele>477</ele><time>2025-07-20T13:10:21.000Z</time></trkpt>
<trkpt lat="30.63196701350816" lon="104.0606206090387"><ele>477</ele><time>2025-07-20T13:10:24.000Z</time></trkpt>
<trkpt lat="30.63199296231883" lon="104.0608587623905"><ele>477</ele><time>2025-07-20T13:10:26.000Z</time></trkpt>
<trkpt lat="30.63197179149182" lon="104.0610045265508"><ele>477</ele><time>2025-07-20T13:10:29.000Z</time></trkpt>
<trkpt lat="30.63195481420506" lon="104.0611075868782"><ele>478</ele><time>2025-07-20T13:10:31.000Z</time></trkpt>
<trkpt lat="30.63197576325832" lon="104.0612296788964"><ele>477</ele><time>2025-07-20T13:10:35.000Z</time></trkpt>
<trkpt lat="30.63200719197892" lon="104.0613414461754"><ele>479</ele><time>2025-07-20T13:10:38.000Z</time></trkpt>
<trkpt lat="30.63201111146436" lon="104.0614818928217"><ele>479</ele><time>2025-07-20T13:10:42.000Z</time></trkpt>
<trkpt lat="30.63199385442723" lon="104.0615935170196"><ele>479</ele><time>2025-07-20T13:10:45.000Z</time></trkpt>
<trkpt lat="30.63197932769155" lon="104.0616981061715"><ele>480</ele><time>2025-07-20T13:10:52.000Z</time></trkpt>
<trkpt lat="30.63199196236129" lon="104.0618061869347"><ele>480</ele><time>2025-07-20T13:10:56.000Z</time></trkpt>
<trkpt lat="30.63200309066377" lon="104.0619224599445"><ele>480</ele><time>2025-07-20T13:11:00.000Z</time></trkpt>
<trkpt lat="30.63199435760674" lon="104.0620401255408"><ele>480</ele><time>2025-07-20T13:11:16.000Z</time></trkpt>
<trkpt lat="30.63200322059132" lon="104.0621544353791"><ele>480</ele><time>2025-07-20T13:11:24.000Z</time></trkpt>
<trkpt lat="30.63197035238172" lon="104.0620455921482"><ele>480</ele><time>2025-07-20T13:11:55.000Z</time></trkpt>
<trkpt lat="30.63196979707399" lon="104.0619413096287"><ele>480</ele><time>2025-07-20T13:12:05.000Z</time></trkpt>
<trkpt lat="30.63204105179684" lon="104.0618669223986"><ele>480</ele><time>2025-07-20T13:12:16.000Z</time></trkpt>
<trkpt lat="30.63205338433912" lon="104.0617438541096"><ele>479</ele><time>2025-07-20T13:12:19.000Z</time></trkpt>
<trkpt lat="30.63203949814912" lon="104.0616151244207"><ele>480</ele><time>2025-07-20T13:12:22.000Z</time></trkpt>
<trkpt lat="30.63202752687108" lon="104.0614957410454"><ele>480</ele><time>2025-07-20T13:12:25.000Z</time></trkpt>
<trkpt lat="30.63202069614079" lon="104.061365899453"><ele>479</ele><time>2025-07-20T13:12:28.000Z</time></trkpt>
<trkpt lat="30.63202297545958" lon="104.0612388287229"><ele>480</ele><time>2025-07-20T13:12:31.000Z</time></trkpt>
<trkpt lat="30.63203786827736" lon="104.0611202664428"><ele>480</ele><time>2025-07-20T13:12:35.000Z</time></trkpt>
<trkpt lat="30.6320118769301" lon="104.0610067464174"><ele>481</ele><time>2025-07-20T13:12:38.000Z</time></trkpt>
<trkpt lat="30.63197925869802" lon="104.0609006900717"><ele>481</ele><time>2025-07-20T13:12:41.000Z</time></trkpt>
<trkpt lat="30.63198074230071" lon="104.0607717703856"><ele>482</ele><time>2025-07-20T13:12:45.000Z</time></trkpt>
<trkpt lat="30.63198655697581" lon="104.0606334420666"><ele>482</ele><time>2025-07-20T13:12:47.000Z</time></trkpt>
<trkpt lat="30.63200951394921" lon="104.0604836015801"><ele>482</ele><time>2025-07-20T13:12:50.000Z</time></trkpt>
<trkpt lat="30.63200694806986" lon="104.0603342228427"><ele>482</ele><time>2025-07-20T13:12:53.000Z</time></trkpt>
<trkpt lat="30.63200675636664" lon="104.0601904250982"><ele>482</ele><time>2025-07-20T13:12:56.000Z</time></trkpt>
<trkpt lat="30.63201385426812" lon="104.0600344402883"><ele>482</ele><time>2025-07-20T13:12:59.000Z</time></trkpt>
<trkpt lat="30.63200755179368" lon="104.059925555956"><ele>482</ele><time>2025-07-20T13:13:01.000Z</time></trkpt>
<trkpt lat="30.63201975193206" lon="104.0597930738151"><ele>482</ele><time>2025-07-20T13:13:04.000Z</time></trkpt>
<trkpt lat="30.63202623719316" lon="104.059651549864"><ele>482</ele><time>2025-07-20T13:13:07.000Z</time></trkpt>
<trkpt lat="30.63201246688699" lon="104.0595057377958"><ele>482</ele><time>2025-07-20T13:13:10.000Z</time></trkpt>
<trkpt lat="30.63200429290944" lon="104.0593648893289"><ele>482</ele><time>2025-07-20T13:13:13.000Z</time></trkpt>
<trkpt lat="30.63201014394931" lon="104.0592252884987"><ele>481</ele><time>2025-07-20T13:13:16.000Z</time></trkpt>
<trkpt lat="30.63199738102176" lon="104.0590902199832"><ele>481</ele><time>2025-07-20T13:13:19.000Z</time></trkpt>
<trkpt lat="30.63198414433674" lon="104.0589863066587"><ele>481</ele><time>2025-07-20T13:13:21.000Z</time></trkpt>
<trkpt lat="30.63197870449658" lon="104.0588689518293"><ele>481</ele><time>2025-07-20T13:13:23.000Z</time></trkpt>
<trkpt lat="30.63197304720811" lon="104.0587189517206"><ele>481</ele><time>2025-07-20T13:13:26.000Z</time></trkpt>
<trkpt lat="30.63197035192938" lon="104.0586119448517"><ele>481</ele><time>2025-07-20T13:13:28.000Z</time></trkpt>
<trkpt lat="30.63198055391593" lon="104.0584972044489"><ele>482</ele><time>2025-07-20T13:13:30.000Z</time></trkpt>
<trkpt lat="30.63198065839131" lon="104.0583814969393"><ele>482</ele><time>2025-07-20T13:13:32.000Z</time></trkpt>
<trkpt lat="30.63198193905308" lon="104.0582688392885"><ele>482</ele><time>2025-07-20T13:13:34.000Z</time></trkpt>
<trkpt lat="30.6319709555036" lon="104.0581562557177"><ele>483</ele><time>2025-07-20T13:13:36.000Z</time></trkpt>
<trkpt lat="30.63197144752271" lon="104.0580486519881"><ele>483</ele><time>2025-07-20T13:13:38.000Z</time></trkpt>
<trkpt lat="30.63197461087264" lon="104.057942203998"><ele>483</ele><time>2025-07-20T13:13:40.000Z</time></trkpt>
<trkpt lat="30.63197444658807" lon="104.0578344382997"><ele>482</ele><time>2025-07-20T13:13:42.000Z</time></trkpt>
<trkpt lat="30.63197828726206" lon="104.0576872876824"><ele>482</ele><time>2025-07-20T13:13:45.000Z</time></trkpt>
<trkpt lat="30.63195068422311" lon="104.0575593501617"><ele>482</ele><time>2025-07-20T13:13:48.000Z</time></trkpt>
<trkpt lat="30.63190375604233" lon="104.0574671440018"><ele>481</ele><time>2025-07-20T13:13:51.000Z</time></trkpt>
<trkpt lat="30.63188689249947" lon="104.0573561808777"><ele>481</ele><time>2025-07-20T13:13:54.000Z</time></trkpt>
<trkpt lat="30.63187247827312" lon="104.057245142397"><ele>481</ele><time>2025-07-20T13:13:58.000Z</time></trkpt>
<trkpt lat="30.63186725824901" lon="104.0571341934448"><ele>481</ele><time>2025-07-20T13:14:00.000Z</time></trkpt>
<trkpt lat="30.63186628590429" lon="104.0570043790279"><ele>481</ele><time>2025-07-20T13:14:03.000Z</time></trkpt>
<trkpt lat="30.63186450925872" lon="104.0568914874919"><ele>481</ele><time>2025-07-20T13:14:06.000Z</time></trkpt>
<trkpt lat="30.63187967927957" lon="104.0567520540483"><ele>482</ele><time>2025-07-20T13:14:09.000Z</time></trkpt>
<trkpt lat="30.63189620913954" lon="104.0566342414855"><ele>481</ele><time>2025-07-20T13:14:12.000Z</time></trkpt>
<trkpt lat="30.63190718206596" lon="104.0565175377115"><ele>481</ele><time>2025-07-20T13:14:15.000Z</time></trkpt>
<trkpt lat="30.63191730443203" lon="104.0563855026377"><ele>481</ele><time>2025-07-20T13:14:18.000Z</time></trkpt>
<trkpt lat="30.6319084000688" lon="104.0562649608825"><ele>481</ele><time>2025-07-20T13:14:21.000Z</time></trkpt>
<trkpt lat="30.63185054045506" lon="104.0561739398489"><ele>481</ele><time>2025-07-20T13:14:25.000Z</time></trkpt>
<trkpt lat="30.63177736584325" lon="104.0561026191602"><ele>481</ele><time>2025-07-20T13:15:32.000Z</time></trkpt>
<trkpt lat="30.6317357382153" lon="104.0559620188287"><ele>482</ele><time>2025-07-20T13:15:36.000Z</time></trkpt>
<trkpt lat="30.63162370140273" lon="104.055948636313"><ele>481</ele><time>2025-07-20T13:15:39.000Z</time></trkpt>
<trkpt lat="30.63150200795294" lon="104.0559469970165"><ele>481</ele><time>2025-07-20T13:15:42.000Z</time></trkpt>
<trkpt lat="30.63137579130823" lon="104.0559286388128"><ele>482</ele><time>2025-07-20T13:15:45.000Z</time></trkpt>
<trkpt lat="30.631241348989" lon="104.0559126036843"><ele>482</ele><time>2025-07-20T13:15:48.000Z</time></trkpt>
<trkpt lat="30.63115005322114" lon="104.0559029237393"><ele>481</ele><time>2025-07-20T13:15:50.000Z</time></trkpt>
<trkpt lat="30.63105461182502" lon="104.0558882089968"><ele>481</ele><time>2025-07-20T13:15:52.000Z</time></trkpt>
<trkpt lat="30.63092233311629" lon="104.0558665571133"><ele>481</ele><time>2025-07-20T13:15:55.000Z</time></trkpt>
<trkpt lat="30.63079285675661" lon="104.0558532219137"><ele>482</ele><time>2025-07-20T13:15:58.000Z</time></trkpt>
<trkpt lat="30.63069546841144" lon="104.055834281501"><ele>482</ele><time>2025-07-20T13:16:00.000Z</time></trkpt>
<trkpt lat="30.63050084743334" lon="104.0557923352566"><ele>483</ele><time>2025-07-20T13:16:04.000Z</time></trkpt>
<trkpt lat="30.63040672391807" lon="104.0557897811595"><ele>482</ele><time>2025-07-20T13:16:06.000Z</time></trkpt>
<trkpt lat="30.63031272388639" lon="104.0557835964034"><ele>482</ele><time>2025-07-20T13:16:08.000Z</time></trkpt>
<trkpt lat="30.63022042257466" lon="104.0557736675483"><ele>482</ele><time>2025-07-20T13:16:10.000Z</time></trkpt>
<trkpt lat="30.63008705101537" lon="104.0557518041943"><ele>482</ele><time>2025-07-20T13:16:13.000Z</time></trkpt>
<trkpt lat="30.629954311783" lon="104.0557432504803"><ele>482</ele><time>2025-07-20T13:16:16.000Z</time></trkpt>
<trkpt lat="30.6298290487453" lon="104.0557197768043"><ele>481</ele><time>2025-07-20T13:16:19.000Z</time></trkpt>
<trkpt lat="30.62970843133286" lon="104.0557234408067"><ele>481</ele><time>2025-07-20T13:16:22.000Z</time></trkpt>
<trkpt lat="30.62961531896854" lon="104.0557099648245"><ele>481</ele><time>2025-07-20T13:16:24.000Z</time></trkpt>
<trkpt lat="30.62949216815426" lon="104.0557011687226"><ele>481</ele><time>2025-07-20T13:16:27.000Z</time></trkpt>
<trkpt lat="30.62939387945625" lon="104.0556808623642"><ele>481</ele><time>2025-07-20T13:16:29.000Z</time></trkpt>
<trkpt lat="30.62929502327969" lon="104.0556788422646"><ele>481</ele><time>2025-07-20T13:16:31.000Z</time></trkpt>
<trkpt lat="30.62919387326695" lon="104.0556621184845"><ele>481</ele><time>2025-07-20T13:16:33.000Z</time></trkpt>
<trkpt lat="30.62909746865399" lon="104.0556508566584"><ele>482</ele><time>2025-07-20T13:16:35.000Z</time></trkpt>
<trkpt lat="30.62900784728922" lon="104.0556337865267"><ele>483</ele><time>2025-07-20T13:16:37.000Z</time></trkpt>
<trkpt lat="30.62891650106002" lon="104.0556212032197"><ele>483</ele><time>2025-07-20T13:16:39.000Z</time></trkpt>
<trkpt lat="30.6288189705974" lon="104.0556273521299"><ele>483</ele><time>2025-07-20T13:16:41.000Z</time></trkpt>
<trkpt lat="30.62885044999613" lon="104.055449635615"><ele>483</ele><time>2025-07-20T13:16:48.000Z</time></trkpt>
<trkpt lat="30.62884365903523" lon="104.0553095729237"><ele>484</ele><time>2025-07-20T13:16:56.000Z</time></trkpt>
<trkpt lat="30.62887393990843" lon="104.0552026508779"><ele>483</ele><time>2025-07-20T13:16:59.000Z</time></trkpt>
<trkpt lat="30.62889155151402" lon="104.055077074741"><ele>483</ele><time>2025-07-20T13:17:02.000Z</time></trkpt>
<trkpt lat="30.62888997398213" lon="104.0549587540418"><ele>483</ele><time>2025-07-20T13:17:05.000Z</time></trkpt>
<trkpt lat="30.62891904401937" lon="104.0548304736999"><ele>483</ele><time>2025-07-20T13:17:08.000Z</time></trkpt>
<trkpt lat="30.62890992101094" lon="104.0547099988625"><ele>483</ele><time>2025-07-20T13:17:11.000Z</time></trkpt>
<trkpt lat="30.62893683406015" lon="104.0545917800182"><ele>483</ele><time>2025-07-20T13:17:14.000Z</time></trkpt>
<trkpt lat="30.62895104631263" lon="104.0544844472039"><ele>483</ele><time>2025-07-20T13:17:16.000Z</time></trkpt>
<trkpt lat="30.6289807109942" lon="104.0543420095544"><ele>482</ele><time>2025-07-20T13:17:19.000Z</time></trkpt>
<trkpt lat="30.62899890483334" lon="104.0542232319561"><ele>482</ele><time>2025-07-20T13:17:22.000Z</time></trkpt>
<trkpt lat="30.62901489098886" lon="104.0540781363324"><ele>482</ele><time>2025-07-20T13:17:25.000Z</time></trkpt>
<trkpt lat="30.6290465126375" lon="104.0539584336651"><ele>481</ele><time>2025-07-20T13:17:28.000Z</time></trkpt>
<trkpt lat="30.62898990621122" lon="104.0538558622367"><ele>481</ele><time>2025-07-20T13:17:32.000Z</time></trkpt>
<trkpt lat="30.62890105945617" lon="104.0538383899011"><ele>481</ele><time>2025-07-20T13:17:35.000Z</time></trkpt>
<trkpt lat="30.62881069284644" lon="104.0537970126651"><ele>481</ele><time>2025-07-20T13:17:41.000Z</time></trkpt>
<trkpt lat="30.62871838798867" lon="104.0538048617491"><ele>481</ele><time>2025-07-20T13:18:14.000Z</time></trkpt>
<trkpt lat="30.62874582292287" lon="104.0539091572125"><ele>481</ele><time>2025-07-20T13:18:49.000Z</time></trkpt>
<trkpt lat="30.62809965200005" lon="104.0540072720591"><ele>481</ele><time>2025-07-20T13:19:09.000Z</time></trkpt>
<trkpt lat="30.62818567162897" lon="104.0539726349924"><ele>481</ele><time>2025-07-20T13:19:54.000Z</time></trkpt>
<trkpt lat="30.62826928749422" lon="104.0540595762156"><ele>481</ele><time>2025-07-20T13:20:03.000Z</time></trkpt>
<trkpt lat="30.62855633071932" lon="104.0541285009644"><ele>480</ele><time>2025-07-20T13:20:07.000Z</time></trkpt>
<trkpt lat="30.62867109675623" lon="104.0541391566181"><ele>480</ele><time>2025-07-20T13:20:08.000Z</time></trkpt>
<trkpt lat="30.62874857331246" lon="104.0542188673526"><ele>480</ele><time>2025-07-20T13:20:12.000Z</time></trkpt>
<trkpt lat="30.62882358396367" lon="104.0542810409324"><ele>480</ele><time>2025-07-20T13:20:17.000Z</time></trkpt>
<trkpt lat="30.62890739334849" lon="104.0543523358929"><ele>480</ele><time>2025-07-20T13:20:23.000Z</time></trkpt>
<trkpt lat="30.62884901204947" lon="104.0540019112225"><ele>480</ele><time>2025-07-20T13:20:27.000Z</time></trkpt>
<trkpt lat="30.62878769202149" lon="104.0538337717199"><ele>480</ele><time>2025-07-20T13:20:29.000Z</time></trkpt>
<trkpt lat="30.6287216753103" lon="104.0537403262987"><ele>480</ele><time>2025-07-20T13:20:35.000Z</time></trkpt>
<trkpt lat="30.62881347898782" lon="104.0537507864848"><ele>480</ele><time>2025-07-20T13:21:24.000Z</time></trkpt>
<trkpt lat="30.62891454514325" lon="104.0538145375019"><ele>481</ele><time>2025-07-20T13:21:55.000Z</time></trkpt>
<trkpt lat="30.62900040545559" lon="104.0538910560961"><ele>481</ele><time>2025-07-20T13:21:58.000Z</time></trkpt>
<trkpt lat="30.62906448518013" lon="104.0539716982629"><ele>481</ele><time>2025-07-20T13:22:03.000Z</time></trkpt>
<trkpt lat="30.62902820066085" lon="104.0540899540232"><ele>481</ele><time>2025-07-20T13:22:05.000Z</time></trkpt>
<trkpt lat="30.62899100723926" lon="104.054202163724"><ele>481</ele><time>2025-07-20T13:22:09.000Z</time></trkpt>
<trkpt lat="30.62898489525262" lon="104.0543568934492"><ele>481</ele><time>2025-07-20T13:22:13.000Z</time></trkpt>
<trkpt lat="30.62895821769447" lon="104.0544966323587"><ele>481</ele><time>2025-07-20T13:22:16.000Z</time></trkpt>
<trkpt lat="30.62893719820796" lon="104.0546374157964"><ele>482</ele><time>2025-07-20T13:22:19.000Z</time></trkpt>
<trkpt lat="30.62890724858694" lon="104.0547841890914"><ele>481</ele><time>2025-07-20T13:22:22.000Z</time></trkpt>
<trkpt lat="30.62888081478764" lon="104.0549326586585"><ele>482</ele><time>2025-07-20T13:22:25.000Z</time></trkpt>
<trkpt lat="30.62886048283828" lon="104.0550440087886"><ele>482</ele><time>2025-07-20T13:22:27.000Z</time></trkpt>
<trkpt lat="30.62884806450427" lon="104.0551809356034"><ele>482</ele><time>2025-07-20T13:22:30.000Z</time></trkpt>
<trkpt lat="30.62882716033208" lon="104.0553210579406"><ele>482</ele><time>2025-07-20T13:22:33.000Z</time></trkpt>
<trkpt lat="30.62879534553996" lon="104.0554597582897"><ele>481</ele><time>2025-07-20T13:22:36.000Z</time></trkpt>
<trkpt lat="30.62876377599985" lon="104.0555650577477"><ele>480</ele><time>2025-07-20T13:22:39.000Z</time></trkpt>
<trkpt lat="30.62871023291317" lon="104.0556752092914"><ele>480</ele><time>2025-07-20T13:23:54.000Z</time></trkpt>
<trkpt lat="30.62865861020244" lon="104.0557638078589"><ele>480</ele><time>2025-07-20T13:23:57.000Z</time></trkpt>
<trkpt lat="30.62862821846168" lon="104.0558687706918"><ele>481</ele><time>2025-07-20T13:24:02.000Z</time></trkpt>
<trkpt lat="30.62861012087954" lon="104.0560127046993"><ele>482</ele><time>2025-07-20T13:24:05.000Z</time></trkpt>
<trkpt lat="30.62861532640207" lon="104.0561514058613"><ele>482</ele><time>2025-07-20T13:24:08.000Z</time></trkpt>
<trkpt lat="30.62860448381642" lon="104.056293507997"><ele>482</ele><time>2025-07-20T13:24:11.000Z</time></trkpt>
<trkpt lat="30.62858872505585" lon="104.0564073133577"><ele>482</ele><time>2025-07-20T13:24:14.000Z</time></trkpt>
<trkpt lat="30.62860704619431" lon="104.0565311405713"><ele>482</ele><time>2025-07-20T13:24:17.000Z</time></trkpt>
<trkpt lat="30.62864484694416" lon="104.0566483236316"><ele>482</ele><time>2025-07-20T13:24:24.000Z</time></trkpt>
<trkpt lat="30.62863416471496" lon="104.0567888106169"><ele>482</ele><time>2025-07-20T13:24:28.000Z</time></trkpt>
<trkpt lat="30.62865375802098" lon="104.0568939019741"><ele>482</ele><time>2025-07-20T13:24:31.000Z</time></trkpt>
<trkpt lat="30.62864797036786" lon="104.0570182365028"><ele>482</ele><time>2025-07-20T13:24:34.000Z</time></trkpt>
<trkpt lat="30.62864218641304" lon="104.0571263058443"><ele>483</ele><time>2025-07-20T13:24:37.000Z</time></trkpt>
<trkpt lat="30.62865866524197" lon="104.0572591514887"><ele>482</ele><time>2025-07-20T13:24:41.000Z</time></trkpt>
<trkpt lat="30.62865779553459" lon="104.0573950607354"><ele>483</ele><time>2025-07-20T13:24:44.000Z</time></trkpt>
<trkpt lat="30.62864552362609" lon="104.057531823949"><ele>482</ele><time>2025-07-20T13:24:47.000Z</time></trkpt>
<trkpt lat="30.62867075526224" lon="104.0576331472598"><ele>481</ele><time>2025-07-20T13:24:49.000Z</time></trkpt>
<trkpt lat="30.62870077329483" lon="104.0577420415088"><ele>482</ele><time>2025-07-20T13:24:52.000Z</time></trkpt>
<trkpt lat="30.62878837397283" lon="104.0577137707012"><ele>482</ele><time>2025-07-20T13:25:04.000Z</time></trkpt>
<trkpt lat="30.62888813863191" lon="104.0577209465341"><ele>481</ele><time>2025-07-20T13:25:22.000Z</time></trkpt>
<trkpt lat="30.62886189299458" lon="104.0578241368127"><ele>481</ele><time>2025-07-20T13:27:33.000Z</time></trkpt>
<trkpt lat="30.62876770652166" lon="104.0578226487948"><ele>481</ele><time>2025-07-20T13:27:44.000Z</time></trkpt>
<trkpt lat="30.62867592351994" lon="104.0578224504591"><ele>481</ele><time>2025-07-20T13:28:04.000Z</time></trkpt>
<trkpt lat="30.62867325663883" lon="104.0579292918352"><ele>481</ele><time>2025-07-20T13:28:07.000Z</time></trkpt>
<trkpt lat="30.62867451211379" lon="104.0580704677131"><ele>481</ele><time>2025-07-20T13:28:10.000Z</time></trkpt>
<trkpt lat="30.62859384772556" lon="104.05817685814"><ele>481</ele><time>2025-07-20T13:28:14.000Z</time></trkpt>
<trkpt lat="30.62846561231669" lon="104.0581976130373"><ele>481</ele><time>2025-07-20T13:28:17.000Z</time></trkpt>
<trkpt lat="30.62835541438808" lon="104.0582027792922"><ele>482</ele><time>2025-07-20T13:28:19.000Z</time></trkpt>
<trkpt lat="30.62825932140917" lon="104.0582074678148"><ele>481</ele><time>2025-07-20T13:28:21.000Z</time></trkpt>
<trkpt lat="30.62815568549809" lon="104.0582204966973"><ele>481</ele><time>2025-07-20T13:28:23.000Z</time></trkpt>
<trkpt lat="30.62806310838867" lon="104.05820542635"><ele>480</ele><time>2025-07-20T13:28:25.000Z</time></trkpt>
<trkpt lat="30.62795967075435" lon="104.0582164003647"><ele>480</ele><time>2025-07-20T13:28:27.000Z</time></trkpt>
<trkpt lat="30.62783894244095" lon="104.0582267904228"><ele>480</ele><time>2025-07-20T13:28:31.000Z</time></trkpt>
<trkpt lat="30.62773824076999" lon="104.0582431198829"><ele>480</ele><time>2025-07-20T13:28:33.000Z</time></trkpt>
<trkpt lat="30.62762148845831" lon="104.0582434748098"><ele>479</ele><time>2025-07-20T13:28:35.000Z</time></trkpt>
<trkpt lat="30.62751868257402" lon="104.0582537739423"><ele>479</ele><time>2025-07-20T13:28:37.000Z</time></trkpt>
<trkpt lat="30.62741671969625" lon="104.0582766780919"><ele>479</ele><time>2025-07-20T13:28:41.000Z</time></trkpt>
<trkpt lat="30.62736286934025" lon="104.0583674972528"><ele>479</ele><time>2025-07-20T13:28:46.000Z</time></trkpt>
<trkpt lat="30.62731871743394" lon="104.0584759322413"><ele>479</ele><time>2025-07-20T13:28:50.000Z</time></trkpt>
<trkpt lat="30.62728740302774" lon="104.0586077743514"><ele>479</ele><time>2025-07-20T13:28:54.000Z</time></trkpt>
<trkpt lat="30.62728819532592" lon="104.0587505078699"><ele>479</ele><time>2025-07-20T13:28:57.000Z</time></trkpt>
<trkpt lat="30.62728803882913" lon="104.0589033171535"><ele>479</ele><time>2025-07-20T13:29:00.000Z</time></trkpt>
<trkpt lat="30.62729040923004" lon="104.0590149073994"><ele>479</ele><time>2025-07-20T13:29:02.000Z</time></trkpt>
<trkpt lat="30.62729142397291" lon="104.0591721771026"><ele>479</ele><time>2025-07-20T13:29:05.000Z</time></trkpt>
<trkpt lat="30.62729529751423" lon="104.0592914844646"><ele>479</ele><time>2025-07-20T13:29:07.000Z</time></trkpt>
<trkpt lat="30.62729063759266" lon="104.0594050401183"><ele>478</ele><time>2025-07-20T13:29:09.000Z</time></trkpt>
<trkpt lat="30.62728408823826" lon="104.0595103301656"><ele>478</ele><time>2025-07-20T13:29:11.000Z</time></trkpt>
<trkpt lat="30.6272817101812" lon="104.0596212090981"><ele>478</ele><time>2025-07-20T13:29:14.000Z</time></trkpt>
<trkpt lat="30.62723991771338" lon="104.0597248438243"><ele>479</ele><time>2025-07-20T13:29:36.000Z</time></trkpt>
<trkpt lat="30.62727027899826" lon="104.059861108809"><ele>478</ele><time>2025-07-20T13:29:40.000Z</time></trkpt>
<trkpt lat="30.62727624790866" lon="104.0599767994448"><ele>478</ele><time>2025-07-20T13:29:43.000Z</time></trkpt>
<trkpt lat="30.62728578818126" lon="104.0600989522853"><ele>478</ele><time>2025-07-20T13:29:46.000Z</time></trkpt>
<trkpt lat="30.62728374614173" lon="104.060226087833"><ele>478</ele><time>2025-07-20T13:29:49.000Z</time></trkpt>
<trkpt lat="30.62729584753771" lon="104.0603550728961"><ele>479</ele><time>2025-07-20T13:29:52.000Z</time></trkpt>
<trkpt lat="30.62729718433053" lon="104.0605029283929"><ele>479</ele><time>2025-07-20T13:29:55.000Z</time></trkpt>
<trkpt lat="30.62729954956341" lon="104.0606488617115"><ele>479</ele><time>2025-07-20T13:29:58.000Z</time></trkpt>
<trkpt lat="30.62730215787095" lon="104.060794287015"><ele>480</ele><time>2025-07-20T13:30:01.000Z</time></trkpt>
<trkpt lat="30.62730522973627" lon="104.0609481030017"><ele>480</ele><time>2025-07-20T13:30:04.000Z</time></trkpt>
<trkpt lat="30.62730601235572" lon="104.0610544369078"><ele>479</ele><time>2025-07-20T13:30:06.000Z</time></trkpt>
<trkpt lat="30.62731049203868" lon="104.0612057124646"><ele>480</ele><time>2025-07-20T13:30:09.000Z</time></trkpt>
<trkpt lat="30.62731059001569" lon="104.0613566928232"><ele>479</ele><time>2025-07-20T13:30:12.000Z</time></trkpt>
<trkpt lat="30.62731503507561" lon="104.0614623416176"><ele>479</ele><time>2025-07-20T13:30:14.000Z</time></trkpt>
<trkpt lat="30.62731182288381" lon="104.0615672932871"><ele>480</ele><time>2025-07-20T13:30:16.000Z</time></trkpt>
<trkpt lat="30.62731674610508" lon="104.0616739609536"><ele>479</ele><time>2025-07-20T13:30:18.000Z</time></trkpt>
<trkpt lat="30.62731983262739" lon="104.0617801770394"><ele>481</ele><time>2025-07-20T13:30:20.000Z</time></trkpt>
<trkpt lat="30.62732534231755" lon="104.0618841512051"><ele>482</ele><time>2025-07-20T13:30:22.000Z</time></trkpt>
<trkpt lat="30.62732804427207" lon="104.0619896721952"><ele>483</ele><time>2025-07-20T13:30:24.000Z</time></trkpt>
<trkpt lat="30.62732268570799" lon="104.0620968649461"><ele>483</ele><time>2025-07-20T13:30:26.000Z</time></trkpt>
<trkpt lat="30.62732195636652" lon="104.0622035686727"><ele>484</ele><time>2025-07-20T13:30:28.000Z</time></trkpt>
<trkpt lat="30.62732612976888" lon="104.0623093420087"><ele>484</ele><time>2025-07-20T13:30:30.000Z</time></trkpt>
<trkpt lat="30.62732360991655" lon="104.062465257915"><ele>484</ele><time>2025-07-20T13:30:33.000Z</time></trkpt>
<trkpt lat="30.62733183333767" lon="104.062610332837"><ele>484</ele><time>2025-07-20T13:30:36.000Z</time></trkpt>
<trkpt lat="30.62732577668926" lon="104.0627568630643"><ele>485</ele><time>2025-07-20T13:30:39.000Z</time></trkpt>
<trkpt lat="30.62733361471778" lon="104.0628755608407"><ele>486</ele><time>2025-07-20T13:30:41.000Z</time></trkpt>
<trkpt lat="30.62734642368583" lon="104.0630229784656"><ele>487</ele><time>2025-07-20T13:30:44.000Z</time></trkpt>
<trkpt lat="30.62734801624442" lon="104.0632049247881"><ele>487</ele><time>2025-07-20T13:30:48.000Z</time></trkpt>
<trkpt lat="30.62736542459063" lon="104.0633935374554"><ele>487</ele><time>2025-07-20T13:30:52.000Z</time></trkpt>
<trkpt lat="30.62736970844826" lon="104.0635096163974"><ele>487</ele><time>2025-07-20T13:30:55.000Z</time></trkpt>
<trkpt lat="30.62735626380193" lon="104.0636326172123"><ele>487</ele><time>2025-07-20T13:30:58.000Z</time></trkpt>
<trkpt lat="30.62735908432061" lon="104.0637414890743"><ele>487</ele><time>2025-07-20T13:31:02.000Z</time></trkpt>
<trkpt lat="30.62734981995097" lon="104.0638559560627"><ele>487</ele><time>2025-07-20T13:31:05.000Z</time></trkpt>
<trkpt lat="30.62733593163192" lon="104.0639695016073"><ele>487</ele><time>2025-07-20T13:31:10.000Z</time></trkpt>
<trkpt lat="30.62735517487164" lon="104.0640749591888"><ele>488</ele><time>2025-07-20T13:32:29.000Z</time></trkpt>
<trkpt lat="30.62735018551686" lon="104.064193991391"><ele>488</ele><time>2025-07-20T13:32:32.000Z</time></trkpt>
<trkpt lat="30.62736647149693" lon="104.0642983953583"><ele>489</ele><time>2025-07-20T13:32:35.000Z</time></trkpt>
<trkpt lat="30.62739948455624" lon="104.0644151890385"><ele>489</ele><time>2025-07-20T13:32:39.000Z</time></trkpt>
<trkpt lat="30.62739966853035" lon="104.0645257603641"><ele>489</ele><time>2025-07-20T13:32:42.000Z</time></trkpt>
<trkpt lat="30.62739578538384" lon="104.064657183722"><ele>489</ele><time>2025-07-20T13:32:45.000Z</time></trkpt>
<trkpt lat="30.62739990802778" lon="104.064795487903"><ele>489</ele><time>2025-07-20T13:32:48.000Z</time></trkpt>
<trkpt lat="30.62740400499202" lon="104.0649329619202"><ele>488</ele><time>2025-07-20T13:32:51.000Z</time></trkpt>
<trkpt lat="30.62740431363585" lon="104.0650789165039"><ele>489</ele><time>2025-07-20T13:32:54.000Z</time></trkpt>
<trkpt lat="30.62739099515224" lon="104.065207314588"><ele>488</ele><time>2025-07-20T13:32:57.000Z</time></trkpt>
<trkpt lat="30.62737854273805" lon="104.0653246363074"><ele>489</ele><time>2025-07-20T13:33:00.000Z</time></trkpt>
<trkpt lat="30.62736593311317" lon="104.0654587428975"><ele>489</ele><time>2025-07-20T13:33:03.000Z</time></trkpt>
<trkpt lat="30.6273786929724" lon="104.0655824091916"><ele>489</ele><time>2025-07-20T13:33:06.000Z</time></trkpt>
<trkpt lat="30.62739641964691" lon="104.0657275900522"><ele>489</ele><time>2025-07-20T13:33:09.000Z</time></trkpt>
<trkpt lat="30.62740650477774" lon="104.0658388923541"><ele>489</ele><time>2025-07-20T13:33:12.000Z</time></trkpt>
<trkpt lat="30.62742319475349" lon="104.0659720507803"><ele>489</ele><time>2025-07-20T13:33:15.000Z</time></trkpt>
<trkpt lat="30.62743258037083" lon="104.0661095966792"><ele>490</ele><time>2025-07-20T13:33:18.000Z</time></trkpt>
<trkpt lat="30.62743609238128" lon="104.066232806967"><ele>490</ele><time>2025-07-20T13:33:21.000Z</time></trkpt>
<trkpt lat="30.6274334407522" lon="104.0663540576951"><ele>490</ele><time>2025-07-20T13:33:24.000Z</time></trkpt>
<trkpt lat="30.62744429857624" lon="104.0664888287486"><ele>489</ele><time>2025-07-20T13:33:28.000Z</time></trkpt>
<trkpt lat="30.62743589460442" lon="104.0666206833911"><ele>489</ele><time>2025-07-20T13:33:31.000Z</time></trkpt>
<trkpt lat="30.6274409659769" lon="104.066730808205"><ele>489</ele><time>2025-07-20T13:33:33.000Z</time></trkpt>
<trkpt lat="30.6274047378213" lon="104.0668604489161"><ele>489</ele><time>2025-07-20T13:33:36.000Z</time></trkpt>
<trkpt lat="30.62735768073167" lon="104.0669886861455"><ele>489</ele><time>2025-07-20T13:33:39.000Z</time></trkpt>
<trkpt lat="30.62732773076417" lon="104.0670950346243"><ele>488</ele><time>2025-07-20T13:33:42.000Z</time></trkpt>
<trkpt lat="30.62731940544552" lon="104.0672206541874"><ele>488</ele><time>2025-07-20T13:33:45.000Z</time></trkpt>
<trkpt lat="30.62731865315681" lon="104.0673715084963"><ele>487</ele><time>2025-07-20T13:33:48.000Z</time></trkpt>
<trkpt lat="30.62731678043487" lon="104.0675183976788"><ele>488</ele><time>2025-07-20T13:33:51.000Z</time></trkpt>
<trkpt lat="30.62729986873055" lon="104.0676536287473"><ele>488</ele><time>2025-07-20T13:33:54.000Z</time></trkpt>
<trkpt lat="30.62732033519646" lon="104.0678058157909"><ele>488</ele><time>2025-07-20T13:33:57.000Z</time></trkpt>
<trkpt lat="30.62733192405973" lon="104.0679501113111"><ele>488</ele><time>2025-07-20T13:33:59.000Z</time></trkpt>
<trkpt lat="30.62741680622505" lon="104.0679084803579"><ele>488</ele><time>2025-07-20T13:34:02.000Z</time></trkpt>
<trkpt lat="30.62745273980323" lon="104.0680632961875"><ele>490</ele><time>2025-07-20T13:34:06.000Z</time></trkpt>
<trkpt lat="30.62744736627174" lon="104.0682217522566"><ele>491</ele><time>2025-07-20T13:34:09.000Z</time></trkpt>
<trkpt lat="30.62745524585298" lon="104.0683682880985"><ele>491</ele><time>2025-07-20T13:34:12.000Z</time></trkpt>
<trkpt lat="30.62746719691773" lon="104.068504309342"><ele>490</ele><time>2025-07-20T13:34:15.000Z</time></trkpt>
<trkpt lat="30.62745513279067" lon="104.0686128965416"><ele>490</ele><time>2025-07-20T13:34:18.000Z</time></trkpt>
<trkpt lat="30.62748694546121" lon="104.068712996128"><ele>489</ele><time>2025-07-20T13:34:22.000Z</time></trkpt>
<trkpt lat="30.62745475453547" lon="104.0688110756784"><ele>489</ele><time>2025-07-20T13:34:25.000Z</time></trkpt>
<trkpt lat="30.62746742685292" lon="104.0689279771047"><ele>488</ele><time>2025-07-20T13:34:29.000Z</time></trkpt>
<trkpt lat="30.62746216945882" lon="104.0690354416682"><ele>488</ele><time>2025-07-20T13:34:51.000Z</time></trkpt>
<trkpt lat="30.62746904812511" lon="104.0691606969575"><ele>487</ele><time>2025-07-20T13:34:54.000Z</time></trkpt>
<trkpt lat="30.62745889802474" lon="104.0692928975384"><ele>488</ele><time>2025-07-20T13:34:57.000Z</time></trkpt>
<trkpt lat="30.62748462901874" lon="104.0694176272681"><ele>489</ele><time>2025-07-20T13:35:00.000Z</time></trkpt>
<trkpt lat="30.62750485778754" lon="104.069540901253"><ele>488</ele><time>2025-07-20T13:35:03.000Z</time></trkpt>
<trkpt lat="30.62750987133562" lon="104.06967437417"><ele>489</ele><time>2025-07-20T13:35:06.000Z</time></trkpt>
<trkpt lat="30.62753369466333" lon="104.069818705126"><ele>489</ele><time>2025-07-20T13:35:09.000Z</time></trkpt>
<trkpt lat="30.62752187957718" lon="104.0699675729813"><ele>489</ele><time>2025-07-20T13:35:12.000Z</time></trkpt>
<trkpt lat="30.62752633740419" lon="104.0701085783461"><ele>490</ele><time>2025-07-20T13:35:15.000Z</time></trkpt>
<trkpt lat="30.62752267238234" lon="104.0702530340611"><ele>489</ele><time>2025-07-20T13:35:18.000Z</time></trkpt>
<trkpt lat="30.62752623982447" lon="104.0703995059205"><ele>490</ele><time>2025-07-20T13:35:21.000Z</time></trkpt>
<trkpt lat="30.62752041302276" lon="104.0705479756872"><ele>490</ele><time>2025-07-20T13:35:24.000Z</time></trkpt>
<trkpt lat="30.62752177033251" lon="104.0706947323643"><ele>489</ele><time>2025-07-20T13:35:27.000Z</time></trkpt>
<trkpt lat="30.62752441663924" lon="104.070833293102"><ele>489</ele><time>2025-07-20T13:35:30.000Z</time></trkpt>
<trkpt lat="30.62752717596648" lon="104.0709856240152"><ele>489</ele><time>2025-07-20T13:35:33.000Z</time></trkpt>
<trkpt lat="30.62752982508001" lon="104.0711138544331"><ele>488</ele><time>2025-07-20T13:35:36.000Z</time></trkpt>
<trkpt lat="30.62752534244718" lon="104.0712531448237"><ele>488</ele><time>2025-07-20T13:35:39.000Z</time></trkpt>
<trkpt lat="30.62754389686605" lon="104.0713888973682"><ele>488</ele><time>2025-07-20T13:35:42.000Z</time></trkpt>
<trkpt lat="30.62754472238896" lon="104.0715208802845"><ele>488</ele><time>2025-07-20T13:35:45.000Z</time></trkpt>
<trkpt lat="30.62755137650597" lon="104.0716580125475"><ele>489</ele><time>2025-07-20T13:35:48.000Z</time></trkpt>
<trkpt lat="30.627572006951" lon="104.0717940789599"><ele>489</ele><time>2025-07-20T13:35:51.000Z</time></trkpt>
<trkpt lat="30.62758635506338" lon="104.0719196441993"><ele>491</ele><time>2025-07-20T13:35:55.000Z</time></trkpt>
<trkpt lat="30.62760185078726" lon="104.0720729876902"><ele>489</ele><time>2025-07-20T13:35:58.000Z</time></trkpt>
<trkpt lat="30.62761455119992" lon="104.0722497837133"><ele>490</ele><time>2025-07-20T13:36:02.000Z</time></trkpt>
<trkpt lat="30.62759587801773" lon="104.0723523096061"><ele>489</ele><time>2025-07-20T13:36:05.000Z</time></trkpt>
<trkpt lat="30.62759727672718" lon="104.0724671397153"><ele>488</ele><time>2025-07-20T13:36:08.000Z</time></trkpt>
<trkpt lat="30.62758788935415" lon="104.0725758793816"><ele>488</ele><time>2025-07-20T13:36:11.000Z</time></trkpt>
<trkpt lat="30.6276011374201" lon="104.0727097789415"><ele>487</ele><time>2025-07-20T13:36:14.000Z</time></trkpt>
<trkpt lat="30.62761124637566" lon="104.0728391515072"><ele>486</ele><time>2025-07-20T13:36:17.000Z</time></trkpt>
<trkpt lat="30.6276233847352" lon="104.0730026338002"><ele>486</ele><time>2025-07-20T13:36:20.000Z</time></trkpt>
<trkpt lat="30.62763354244133" lon="104.0731331568672"><ele>485</ele><time>2025-07-20T13:36:23.000Z</time></trkpt>
<trkpt lat="30.62762287680884" lon="104.0732701024929"><ele>485</ele><time>2025-07-20T13:36:26.000Z</time></trkpt>
<trkpt lat="30.62762656986296" lon="104.0734149908877"><ele>485</ele><time>2025-07-20T13:36:29.000Z</time></trkpt>
<trkpt lat="30.62764370028099" lon="104.0735471763302"><ele>485</ele><time>2025-07-20T13:36:32.000Z</time></trkpt>
<trkpt lat="30.62764776710642" lon="104.0736760712029"><ele>485</ele><time>2025-07-20T13:36:35.000Z</time></trkpt>
<trkpt lat="30.62763976449074" lon="104.0738148573285"><ele>485</ele><time>2025-07-20T13:36:38.000Z</time></trkpt>
<trkpt lat="30.62760875918453" lon="104.0739331682418"><ele>486</ele><time>2025-07-20T13:36:41.000Z</time></trkpt>
<trkpt lat="30.62749637056066" lon="104.0741006105158"><ele>486</ele><time>2025-07-20T13:36:45.000Z</time></trkpt>
<trkpt lat="30.62739153626728" lon="104.0741066258749"><ele>486</ele><time>2025-07-20T13:36:48.000Z</time></trkpt>
<trkpt lat="30.62727238388814" lon="104.0740435302734"><ele>488</ele><time>2025-07-20T13:36:51.000Z</time></trkpt>
<trkpt lat="30.62715922592281" lon="104.0740755002045"><ele>486</ele><time>2025-07-20T13:36:54.000Z</time></trkpt>
<trkpt lat="30.6270691796288" lon="104.0740695227127"><ele>485</ele><time>2025-07-20T13:36:56.000Z</time></trkpt>
<trkpt lat="30.62697860364577" lon="104.0740490779544"><ele>485</ele><time>2025-07-20T13:36:58.000Z</time></trkpt>
<trkpt lat="30.62685365070041" lon="104.0740483468445"><ele>485</ele><time>2025-07-20T13:37:01.000Z</time></trkpt>
<trkpt lat="30.62672746364369" lon="104.0740521791732"><ele>484</ele><time>2025-07-20T13:37:04.000Z</time></trkpt>
<trkpt lat="30.62660179850015" lon="104.0740628286864"><ele>484</ele><time>2025-07-20T13:37:07.000Z</time></trkpt>
<trkpt lat="30.62648412221181" lon="104.0740746792646"><ele>485</ele><time>2025-07-20T13:37:10.000Z</time></trkpt>
<trkpt lat="30.62636990054646" lon="104.0740904324367"><ele>485</ele><time>2025-07-20T13:37:13.000Z</time></trkpt>
<trkpt lat="30.62627807372366" lon="104.0741068153817"><ele>485</ele><time>2025-07-20T13:37:15.000Z</time></trkpt>
<trkpt lat="30.62615213838653" lon="104.0741169443838"><ele>485</ele><time>2025-07-20T13:37:18.000Z</time></trkpt>
<trkpt lat="30.62606026307829" lon="104.0741172165295"><ele>485</ele><time>2025-07-20T13:37:20.000Z</time></trkpt>
<trkpt lat="30.625935609608" lon="104.0741200789332"><ele>484</ele><time>2025-07-20T13:37:23.000Z</time></trkpt>
<trkpt lat="30.6258087618903" lon="104.0741322425237"><ele>483</ele><time>2025-07-20T13:37:26.000Z</time></trkpt>
<trkpt lat="30.62568940018592" lon="104.0741122209065"><ele>483</ele><time>2025-07-20T13:37:29.000Z</time></trkpt>
<trkpt lat="30.62556865185602" lon="104.0741067316177"><ele>483</ele><time>2025-07-20T13:37:33.000Z</time></trkpt>
<trkpt lat="30.6254545536583" lon="104.0741079306988"><ele>482</ele><time>2025-07-20T13:37:35.000Z</time></trkpt>
<trkpt lat="30.62533154053087" lon="104.0741219162205"><ele>482</ele><time>2025-07-20T13:37:38.000Z</time></trkpt>
<trkpt lat="30.62520289455186" lon="104.0741158098577"><ele>481</ele><time>2025-07-20T13:37:41.000Z</time></trkpt>
<trkpt lat="30.62510768571448" lon="104.0741279322379"><ele>481</ele><time>2025-07-20T13:37:43.000Z</time></trkpt>
<trkpt lat="30.62497906024744" lon="104.0741571629099"><ele>481</ele><time>2025-07-20T13:37:46.000Z</time></trkpt>
<trkpt lat="30.62488772969998" lon="104.0741485152785"><ele>480</ele><time>2025-07-20T13:37:48.000Z</time></trkpt>
<trkpt lat="30.62479535890439" lon="104.0741586248571"><ele>480</ele><time>2025-07-20T13:37:50.000Z</time></trkpt>
<trkpt lat="30.62466219615445" lon="104.074178731111"><ele>480</ele><time>2025-07-20T13:37:53.000Z</time></trkpt>
<trkpt lat="30.62457322313812" lon="104.074201431204"><ele>479</ele><time>2025-07-20T13:37:55.000Z</time></trkpt>
<trkpt lat="30.62448227115339" lon="104.0742145394904"><ele>479</ele><time>2025-07-20T13:37:57.000Z</time></trkpt>
<trkpt lat="30.62435066127305" lon="104.0742276082974"><ele>479</ele><time>2025-07-20T13:38:00.000Z</time></trkpt>
<trkpt lat="30.62421519203864" lon="104.0742271835659"><ele>478</ele><time>2025-07-20T13:38:03.000Z</time></trkpt>
<trkpt lat="30.62412331501707" lon="104.0742365460004"><ele>479</ele><time>2025-07-20T13:38:05.000Z</time></trkpt>
<trkpt lat="30.62398742334071" lon="104.0742445877361"><ele>479</ele><time>2025-07-20T13:38:08.000Z</time></trkpt>
<trkpt lat="30.62389687031778" lon="104.0742511845157"><ele>478</ele><time>2025-07-20T13:38:10.000Z</time></trkpt>
<trkpt lat="30.62376718273452" lon="104.0742610156561"><ele>478</ele><time>2025-07-20T13:38:13.000Z</time></trkpt>
<trkpt lat="30.62364132706258" lon="104.0742519601026"><ele>479</ele><time>2025-07-20T13:38:16.000Z</time></trkpt>
<trkpt lat="30.6235172921495" lon="104.0742497104537"><ele>478</ele><time>2025-07-20T13:38:19.000Z</time></trkpt>
<trkpt lat="30.62340384566368" lon="104.0742465485542"><ele>478</ele><time>2025-07-20T13:38:22.000Z</time></trkpt>
<trkpt lat="30.62326980915837" lon="104.0742450461147"><ele>478</ele><time>2025-07-20T13:38:25.000Z</time></trkpt>
<trkpt lat="30.62315240038561" lon="104.0742432460689"><ele>478</ele><time>2025-07-20T13:38:28.000Z</time></trkpt>
<trkpt lat="30.62305468398486" lon="104.0741945377984"><ele>478</ele><time>2025-07-20T13:38:31.000Z</time></trkpt>
<trkpt lat="30.62296627398489" lon="104.0741729361993"><ele>478</ele><time>2025-07-20T13:38:40.000Z</time></trkpt>
<trkpt lat="30.62297615234453" lon="104.0742841524837"><ele>477</ele><time>2025-07-20T13:39:55.000Z</time></trkpt>
<trkpt lat="30.62301249171949" lon="104.0744400563309"><ele>477</ele><time>2025-07-20T13:40:00.000Z</time></trkpt>
<trkpt lat="30.62301296457484" lon="104.0745564417957"><ele>477</ele><time>2025-07-20T13:40:03.000Z</time></trkpt>
<trkpt lat="30.62300598662872" lon="104.0746840102903"><ele>477</ele><time>2025-07-20T13:40:11.000Z</time></trkpt>
<trkpt lat="30.62291496889747" lon="104.0747069769847"><ele>476</ele><time>2025-07-20T13:40:43.000Z</time></trkpt>
<trkpt lat="30.62284139780285" lon="104.0748003168147"><ele>477</ele><time>2025-07-20T13:40:48.000Z</time></trkpt>
<trkpt lat="30.62276490715385" lon="104.0749008953577"><ele>477</ele><time>2025-07-20T13:40:51.000Z</time></trkpt>
<trkpt lat="30.62270686202548" lon="104.0749971150807"><ele>478</ele><time>2025-07-20T13:40:54.000Z</time></trkpt>
<trkpt lat="30.62269066823999" lon="104.0751052743676"><ele>478</ele><time>2025-07-20T13:40:56.000Z</time></trkpt>
<trkpt lat="30.62264812732058" lon="104.0752366622545"><ele>478</ele><time>2025-07-20T13:40:59.000Z</time></trkpt>
<trkpt lat="30.62262265127951" lon="104.0753813559736"><ele>478</ele><time>2025-07-20T13:41:02.000Z</time></trkpt>
<trkpt lat="30.6226172673151" lon="104.075488369515"><ele>478</ele><time>2025-07-20T13:41:04.000Z</time></trkpt>
<trkpt lat="30.62260947928522" lon="104.0756399770659"><ele>479</ele><time>2025-07-20T13:41:07.000Z</time></trkpt>
<trkpt lat="30.62261469234982" lon="104.0757812347905"><ele>479</ele><time>2025-07-20T13:41:10.000Z</time></trkpt>
<trkpt lat="30.6226081472442" lon="104.0758876763917"><ele>479</ele><time>2025-07-20T13:41:12.000Z</time></trkpt>
<trkpt lat="30.62260385026377" lon="104.0759957662628"><ele>479</ele><time>2025-07-20T13:41:14.000Z</time></trkpt>
<trkpt lat="30.6225963930841" lon="104.0761406227186"><ele>480</ele><time>2025-07-20T13:41:17.000Z</time></trkpt>
<trkpt lat="30.62258436213561" lon="104.0762949081974"><ele>479</ele><time>2025-07-20T13:41:20.000Z</time></trkpt>
<trkpt lat="30.62257961746938" lon="104.0764494397285"><ele>479</ele><time>2025-07-20T13:41:23.000Z</time></trkpt>
<trkpt lat="30.62257015094998" lon="104.0766115718231"><ele>480</ele><time>2025-07-20T13:41:26.000Z</time></trkpt>
<trkpt lat="30.62256506482263" lon="104.0767516123056"><ele>481</ele><time>2025-07-20T13:41:29.000Z</time></trkpt>
<trkpt lat="30.62256993960278" lon="104.0768956506543"><ele>480</ele><time>2025-07-20T13:41:32.000Z</time></trkpt>
<trkpt lat="30.6225896767459" lon="104.0770468680303"><ele>480</ele><time>2025-07-20T13:41:37.000Z</time></trkpt>
<trkpt lat="30.62259496802669" lon="104.077248052502"><ele>479</ele><time>2025-07-20T13:41:40.000Z</time></trkpt>
<trkpt lat="30.62260106218655" lon="104.0773528820746"><ele>479</ele><time>2025-07-20T13:41:42.000Z</time></trkpt>
<trkpt lat="30.62259515300496" lon="104.0774604792575"><ele>480</ele><time>2025-07-20T13:41:44.000Z</time></trkpt>
<trkpt lat="30.62260993830023" lon="104.0776119765084"><ele>481</ele><time>2025-07-20T13:41:47.000Z</time></trkpt>
<trkpt lat="30.62261800850239" lon="104.0777594954299"><ele>480</ele><time>2025-07-20T13:41:50.000Z</time></trkpt>
<trkpt lat="30.62262173214705" lon="104.0779034431262"><ele>480</ele><time>2025-07-20T13:41:53.000Z</time></trkpt>
<trkpt lat="30.62263331284579" lon="104.0780110272485"><ele>481</ele><time>2025-07-20T13:41:55.000Z</time></trkpt>
<trkpt lat="30.62263739409394" lon="104.0781473422082"><ele>481</ele><time>2025-07-20T13:41:58.000Z</time></trkpt>
<trkpt lat="30.62263648690192" lon="104.0782911687879"><ele>481</ele><time>2025-07-20T13:42:01.000Z</time></trkpt>
<trkpt lat="30.62265689127562" lon="104.078432698482"><ele>481</ele><time>2025-07-20T13:42:04.000Z</time></trkpt>
<trkpt lat="30.62267726724734" lon="104.0785656755868"><ele>482</ele><time>2025-07-20T13:42:07.000Z</time></trkpt>
<trkpt lat="30.62267996018687" lon="104.0787060150476"><ele>482</ele><time>2025-07-20T13:42:10.000Z</time></trkpt>
<trkpt lat="30.62269573835091" lon="104.0788454496084"><ele>482</ele><time>2025-07-20T13:42:13.000Z</time></trkpt>
<trkpt lat="30.62269751722619" lon="104.0789904603412"><ele>482</ele><time>2025-07-20T13:42:16.000Z</time></trkpt>
<trkpt lat="30.62269471421108" lon="104.0791271952344"><ele>483</ele><time>2025-07-20T13:42:19.000Z</time></trkpt>
<trkpt lat="30.62269202354727" lon="104.0792649756532"><ele>482</ele><time>2025-07-20T13:42:22.000Z</time></trkpt>
<trkpt lat="30.62268297105012" lon="104.0794012661976"><ele>482</ele><time>2025-07-20T13:42:25.000Z</time></trkpt>
<trkpt lat="30.62266774523176" lon="104.079532019363"><ele>483</ele><time>2025-07-20T13:42:28.000Z</time></trkpt>
<trkpt lat="30.62266754460447" lon="104.0796602882005"><ele>483</ele><time>2025-07-20T13:42:31.000Z</time></trkpt>
<trkpt lat="30.62267189751055" lon="104.0797971317268"><ele>484</ele><time>2025-07-20T13:42:35.000Z</time></trkpt>
<trkpt lat="30.62267912184926" lon="104.0799339804744"><ele>484</ele><time>2025-07-20T13:42:38.000Z</time></trkpt>
<trkpt lat="30.62269915393237" lon="104.0800603911664"><ele>484</ele><time>2025-07-20T13:42:41.000Z</time></trkpt>
<trkpt lat="30.62270262702951" lon="104.0801741099018"><ele>485</ele><time>2025-07-20T13:42:44.000Z</time></trkpt>
<trkpt lat="30.62271009043324" lon="104.0803072163718"><ele>485</ele><time>2025-07-20T13:42:47.000Z</time></trkpt>
<trkpt lat="30.6227220226718" lon="104.0804293164596"><ele>485</ele><time>2025-07-20T13:42:50.000Z</time></trkpt>
<trkpt lat="30.622725079479" lon="104.0805489600324"><ele>485</ele><time>2025-07-20T13:42:53.000Z</time></trkpt>
<trkpt lat="30.62272308411693" lon="104.0806711157245"><ele>486</ele><time>2025-07-20T13:42:56.000Z</time></trkpt>
<trkpt lat="30.62272120867803" lon="104.0807885295469"><ele>486</ele><time>2025-07-20T13:42:59.000Z</time></trkpt>
<trkpt lat="30.62266736654068" lon="104.0808727368175"><ele>486</ele><time>2025-07-20T13:43:02.000Z</time></trkpt>
<trkpt lat="30.62259268668133" lon="104.0809602637704"><ele>486</ele><time>2025-07-20T13:43:05.000Z</time></trkpt>
<trkpt lat="30.62252256702069" lon="104.0808913741248"><ele>486</ele><time>2025-07-20T13:43:11.000Z</time></trkpt>
<trkpt lat="30.62245627764628" lon="104.08080985698"><ele>486</ele><time>2025-07-20T13:43:15.000Z</time></trkpt>
<trkpt lat="30.62239923547547" lon="104.0807248496093"><ele>487</ele><time>2025-07-20T13:43:17.000Z</time></trkpt>
<trkpt lat="30.62237553092878" lon="104.0806240937166"><ele>487</ele><time>2025-07-20T13:43:20.000Z</time></trkpt>
<trkpt lat="30.62238522361204" lon="104.0804884199529"><ele>487</ele><time>2025-07-20T13:43:24.000Z</time></trkpt>
<trkpt lat="30.62236942644839" lon="104.0803716749841"><ele>486</ele><time>2025-07-20T13:43:26.000Z</time></trkpt>
<trkpt lat="30.62237057990946" lon="104.0802322852473"><ele>486</ele><time>2025-07-20T13:43:29.000Z</time></trkpt>
<trkpt lat="30.62233967750401" lon="104.0800914937353"><ele>487</ele><time>2025-07-20T13:43:33.000Z</time></trkpt>
<trkpt lat="30.62233008555119" lon="104.0799871452281"><ele>488</ele><time>2025-07-20T13:43:36.000Z</time></trkpt>
<trkpt lat="30.62231986733117" lon="104.0798797437137"><ele>488</ele><time>2025-07-20T13:43:41.000Z</time></trkpt>
<trkpt lat="30.62228576410234" lon="104.0797770313901"><ele>488</ele><time>2025-07-20T13:44:05.000Z</time></trkpt>
<trkpt lat="30.6222968898802" lon="104.07965769592"><ele>488</ele><time>2025-07-20T13:44:10.000Z</time></trkpt>
<trkpt lat="30.622256355222" lon="104.0795526963466"><ele>488</ele><time>2025-07-20T13:44:18.000Z</time></trkpt>
<trkpt lat="30.62217197091997" lon="104.079508744832"><ele>488</ele><time>2025-07-20T13:44:28.000Z</time></trkpt>
<trkpt lat="30.62207666730373" lon="104.0794590902574"><ele>488</ele><time>2025-07-20T13:44:42.000Z</time></trkpt>
<trkpt lat="30.62202854047827" lon="104.0793643581521"><ele>488</ele><time>2025-07-20T13:44:49.000Z</time></trkpt>
<trkpt lat="30.62193893182624" lon="104.079345656366"><ele>488</ele><time>2025-07-20T13:45:02.000Z</time></trkpt>
<trkpt lat="30.62189094411006" lon="104.0794451321615"><ele>487</ele><time>2025-07-20T13:45:18.000Z</time></trkpt>
<trkpt lat="30.62178729220139" lon="104.0794668272801"><ele>488</ele><time>2025-07-20T13:45:26.000Z</time></trkpt>
<trkpt lat="30.62169370688765" lon="104.0794464164569"><ele>487</ele><time>2025-07-20T13:45:35.000Z</time></trkpt>
<trkpt lat="30.62166408030249" lon="104.0793402839916"><ele>488</ele><time>2025-07-20T13:45:59.000Z</time></trkpt>
<trkpt lat="30.62170157819363" lon="104.0792274512977"><ele>489</ele><time>2025-07-20T13:46:07.000Z</time></trkpt>
<trkpt lat="30.62170729223791" lon="104.0791088017658"><ele>489</ele><time>2025-07-20T13:46:23.000Z</time></trkpt>
<trkpt lat="30.62170571719042" lon="104.0789847212633"><ele>490</ele><time>2025-07-20T13:46:24.000Z</time></trkpt>
<trkpt lat="30.62181681052667" lon="104.0789343236145"><ele>490</ele><time>2025-07-20T13:46:26.000Z</time></trkpt>
<trkpt lat="30.62184679300945" lon="104.0788084378223"><ele>490</ele><time>2025-07-20T13:46:33.000Z</time></trkpt>
<trkpt lat="30.62191355547059" lon="104.0787277712758"><ele>490</ele><time>2025-07-20T13:46:37.000Z</time></trkpt>
<trkpt lat="30.6219772504193" lon="104.0786135964653"><ele>491</ele><time>2025-07-20T13:46:53.000Z</time></trkpt>
<trkpt lat="30.62204651874483" lon="104.0785309792406"><ele>491</ele><time>2025-07-20T13:47:17.000Z</time></trkpt>
<trkpt lat="30.62195992368632" lon="104.0786315186503"><ele>490</ele><time>2025-07-20T13:47:23.000Z</time></trkpt>
<trkpt lat="30.62191145608024" lon="104.0787994141677"><ele>490</ele><time>2025-07-20T13:47:35.000Z</time></trkpt>
<trkpt lat="30.62186878815912" lon="104.0789070564194"><ele>491</ele><time>2025-07-20T13:47:46.000Z</time></trkpt>
<trkpt lat="30.62187181444789" lon="104.0790207485617"><ele>490</ele><time>2025-07-20T13:47:53.000Z</time></trkpt>
<trkpt lat="30.62189490384054" lon="104.0791738650509"><ele>490</ele><time>2025-07-20T13:48:11.000Z</time></trkpt>
<trkpt lat="30.62183987877364" lon="104.0792574598961"><ele>491</ele><time>2025-07-20T13:48:25.000Z</time></trkpt>
<trkpt lat="30.62180220883642" lon="104.0793706683295"><ele>491</ele><time>2025-07-20T13:48:29.000Z</time></trkpt>
<trkpt lat="30.62177147030297" lon="104.0794787679551"><ele>490</ele><time>2025-07-20T13:48:45.000Z</time></trkpt>
<trkpt lat="30.62182760987391" lon="104.0795740391615"><ele>488</ele><time>2025-07-20T13:48:55.000Z</time></trkpt>
<trkpt lat="30.62183189672399" lon="104.0796819435038"><ele>488</ele><time>2025-07-20T13:49:04.000Z</time></trkpt>
<trkpt lat="30.62175505703402" lon="104.0797519216678"><ele>489</ele><time>2025-07-20T13:49:21.000Z</time></trkpt>
<trkpt lat="30.62180023208119" lon="104.079652134116"><ele>489</ele><time>2025-07-20T13:49:41.000Z</time></trkpt>
<trkpt lat="30.62188697044493" lon="104.0795947359065"><ele>489</ele><time>2025-07-20T13:49:45.000Z</time></trkpt>
<trkpt lat="30.62199862848095" lon="104.0795689593315"><ele>490</ele><time>2025-07-20T13:49:48.000Z</time></trkpt>
<trkpt lat="30.62207944772919" lon="104.0795169134831"><ele>491</ele><time>2025-07-20T13:49:50.000Z</time></trkpt>
<trkpt lat="30.62218370952262" lon="104.0794854654352"><ele>491</ele><time>2025-07-20T13:49:58.000Z</time></trkpt>
<trkpt lat="30.62227773338034" lon="104.0794790379679"><ele>491</ele><time>2025-07-20T13:50:23.000Z</time></trkpt>
<trkpt lat="30.62218417970162" lon="104.0794377705364"><ele>491</ele><time>2025-07-20T13:50:53.000Z</time></trkpt>
<trkpt lat="30.62212766958725" lon="104.0793370173696"><ele>492</ele><time>2025-07-20T13:50:57.000Z</time></trkpt>
<trkpt lat="30.62213253781036" lon="104.0795067487815"><ele>492</ele><time>2025-07-20T13:50:58.000Z</time></trkpt>
<trkpt lat="30.62204160278611" lon="104.0794790432939"><ele>492</ele><time>2025-07-20T13:51:00.000Z</time></trkpt>
<trkpt lat="30.62191206794402" lon="104.0795011305027"><ele>493</ele><time>2025-07-20T13:51:02.000Z</time></trkpt>
<trkpt lat="30.62181407967498" lon="104.0795051657024"><ele>493</ele><time>2025-07-20T13:51:04.000Z</time></trkpt>
<trkpt lat="30.62165404399158" lon="104.0794585146796"><ele>493</ele><time>2025-07-20T13:51:06.000Z</time></trkpt>
<trkpt lat="30.62152990644526" lon="104.0794421498809"><ele>493</ele><time>2025-07-20T13:51:08.000Z</time></trkpt>
<trkpt lat="30.62141980944235" lon="104.0794148943602"><ele>493</ele><time>2025-07-20T13:51:16.000Z</time></trkpt>
<trkpt lat="30.62136213862717" lon="104.0792797002549"><ele>494</ele><time>2025-07-20T13:51:18.000Z</time></trkpt>
<trkpt lat="30.6213794332194" lon="104.0791698372859"><ele>495</ele><time>2025-07-20T13:51:20.000Z</time></trkpt>
<trkpt lat="30.62145032382421" lon="104.079057189853"><ele>494</ele><time>2025-07-20T13:51:22.000Z</time></trkpt>
<trkpt lat="30.62140936617109" lon="104.0789454023454"><ele>495</ele><time>2025-07-20T13:51:25.000Z</time></trkpt>
<trkpt lat="30.62131507708307" lon="104.0788818908853"><ele>495</ele><time>2025-07-20T13:51:32.000Z</time></trkpt>
<trkpt lat="30.62120918308581" lon="104.0788797887818"><ele>495</ele><time>2025-07-20T13:51:34.000Z</time></trkpt>
<trkpt lat="30.62109982165606" lon="104.0788862676965"><ele>496</ele><time>2025-07-20T13:51:36.000Z</time></trkpt>
<trkpt lat="30.62099888354424" lon="104.0788542544064"><ele>496</ele><time>2025-07-20T13:51:38.000Z</time></trkpt>
<trkpt lat="30.62089518049624" lon="104.0788158287437"><ele>496</ele><time>2025-07-20T13:51:40.000Z</time></trkpt>
<trkpt lat="30.62079372782035" lon="104.0787677384196"><ele>496</ele><time>2025-07-20T13:51:42.000Z</time></trkpt>
<trkpt lat="30.62068008613759" lon="104.078732511039"><ele>496</ele><time>2025-07-20T13:51:44.000Z</time></trkpt>
<trkpt lat="30.62056659891784" lon="104.0786843723568"><ele>496</ele><time>2025-07-20T13:51:46.000Z</time></trkpt>
<trkpt lat="30.62043675466988" lon="104.0786628316334"><ele>496</ele><time>2025-07-20T13:51:48.000Z</time></trkpt>
<trkpt lat="30.62030875930691" lon="104.0786415856069"><ele>496</ele><time>2025-07-20T13:51:50.000Z</time></trkpt>
<trkpt lat="30.62018377234074" lon="104.0786220105577"><ele>496</ele><time>2025-07-20T13:51:52.000Z</time></trkpt>
<trkpt lat="30.62006968203272" lon="104.0786036554944"><ele>495</ele><time>2025-07-20T13:51:54.000Z</time></trkpt>
<trkpt lat="30.61994661073883" lon="104.0785838893731"><ele>495</ele><time>2025-07-20T13:51:56.000Z</time></trkpt>
<trkpt lat="30.61985972262348" lon="104.0785294004293"><ele>495</ele><time>2025-07-20T13:51:58.000Z</time></trkpt>
<trkpt lat="30.61981717706546" lon="104.0783499748111"><ele>495</ele><time>2025-07-20T13:52:01.000Z</time></trkpt>
<trkpt lat="30.61983719338804" lon="104.0782213396213"><ele>495</ele><time>2025-07-20T13:52:03.000Z</time></trkpt>
<trkpt lat="30.61982192016938" lon="104.0780918180006"><ele>495</ele><time>2025-07-20T13:52:05.000Z</time></trkpt>
<trkpt lat="30.61979232643107" lon="104.0779651209778"><ele>494</ele><time>2025-07-20T13:52:07.000Z</time></trkpt>
<trkpt lat="30.61978868591387" lon="104.0778278810211"><ele>494</ele><time>2025-07-20T13:52:09.000Z</time></trkpt>
<trkpt lat="30.61977257651252" lon="104.0776979674485"><ele>493</ele><time>2025-07-20T13:52:11.000Z</time></trkpt>
<trkpt lat="30.6197631950318" lon="104.0775716866172"><ele>494</ele><time>2025-07-20T13:52:13.000Z</time></trkpt>
<trkpt lat="30.61976385191149" lon="104.0774591676675"><ele>494</ele><time>2025-07-20T13:52:15.000Z</time></trkpt>
<trkpt lat="30.61977585225223" lon="104.0773184777908"><ele>494</ele><time>2025-07-20T13:52:18.000Z</time></trkpt>
<trkpt lat="30.61988628690688" lon="104.0772975142459"><ele>493</ele><time>2025-07-20T13:52:19.000Z</time></trkpt>
<trkpt lat="30.62001392896508" lon="104.0773000292656"><ele>493</ele><time>2025-07-20T13:52:22.000Z</time></trkpt>
<trkpt lat="30.62012705694663" lon="104.0772792994627"><ele>492</ele><time>2025-07-20T13:52:25.000Z</time></trkpt>
<trkpt lat="30.6202224656739" lon="104.0772966921554"><ele>492</ele><time>2025-07-20T13:52:28.000Z</time></trkpt>
<trkpt lat="30.62031119025514" lon="104.0773526676433"><ele>493</ele><time>2025-07-20T13:52:44.000Z</time></trkpt>
<trkpt lat="30.62034182711846" lon="104.0774555043783"><ele>493</ele><time>2025-07-20T13:53:03.000Z</time></trkpt>
<trkpt lat="30.62036101745244" lon="104.0775599326452"><ele>493</ele><time>2025-07-20T13:53:22.000Z</time></trkpt>
<trkpt lat="30.62043994556861" lon="104.077631628848"><ele>492</ele><time>2025-07-20T13:53:31.000Z</time></trkpt>
<trkpt lat="30.62052681528771" lon="104.0776682501239"><ele>492</ele><time>2025-07-20T13:53:37.000Z</time></trkpt>
<trkpt lat="30.62062252884321" lon="104.0776633788864"><ele>492</ele><time>2025-07-20T13:54:08.000Z</time></trkpt>
<trkpt lat="30.6205402117429" lon="104.0776173198654"><ele>492</ele><time>2025-07-20T13:54:31.000Z</time></trkpt>
<trkpt lat="30.6204414467155" lon="104.0776160723197"><ele>492</ele><time>2025-07-20T13:54:41.000Z</time></trkpt>
<trkpt lat="30.62053301938657" lon="104.0776384632295"><ele>491</ele><time>2025-07-20T13:55:19.000Z</time></trkpt>
<trkpt lat="30.62045586831076" lon="104.077556046025"><ele>491</ele><time>2025-07-20T13:56:24.000Z</time></trkpt>
<trkpt lat="30.62037234424621" lon="104.0774950584527"><ele>491</ele><time>2025-07-20T13:56:31.000Z</time></trkpt>
<trkpt lat="30.62034583904085" lon="104.0773943876344"><ele>491</ele><time>2025-07-20T13:56:42.000Z</time></trkpt>
<trkpt lat="30.62021910467814" lon="104.0773470788635"><ele>491</ele><time>2025-07-20T13:56:58.000Z</time></trkpt>
<trkpt lat="30.62009325918831" lon="104.0773353663009"><ele>491</ele><time>2025-07-20T13:57:01.000Z</time></trkpt>
<trkpt lat="30.61997992282646" lon="104.0773204844948"><ele>490</ele><time>2025-07-20T13:57:04.000Z</time></trkpt>
<trkpt lat="30.61985592096881" lon="104.0773397276357"><ele>490</ele><time>2025-07-20T13:57:07.000Z</time></trkpt>
<trkpt lat="30.61975122619428" lon="104.077415183956"><ele>490</ele><time>2025-07-20T13:57:10.000Z</time></trkpt>
<trkpt lat="30.61970722335442" lon="104.0775558038411"><ele>490</ele><time>2025-07-20T13:57:13.000Z</time></trkpt>
<trkpt lat="30.61971749924288" lon="104.0776616456531"><ele>489</ele><time>2025-07-20T13:57:15.000Z</time></trkpt>
<trkpt lat="30.61973546866126" lon="104.0778151163018"><ele>489</ele><time>2025-07-20T13:57:18.000Z</time></trkpt>
<trkpt lat="30.61973140217762" lon="104.0779294900406"><ele>489</ele><time>2025-07-20T13:57:20.000Z</time></trkpt>
<trkpt lat="30.61974539744749" lon="104.0780385351567"><ele>489</ele><time>2025-07-20T13:57:22.000Z</time></trkpt>
<trkpt lat="30.61975078920118" lon="104.07815259637"><ele>488</ele><time>2025-07-20T13:57:24.000Z</time></trkpt>
<trkpt lat="30.6197679281461" lon="104.0783078394277"><ele>489</ele><time>2025-07-20T13:57:27.000Z</time></trkpt>
<trkpt lat="30.61978934191736" lon="104.0784583713509"><ele>491</ele><time>2025-07-20T13:57:30.000Z</time></trkpt>
<trkpt lat="30.61979609235771" lon="104.078606764577"><ele>491</ele><time>2025-07-20T13:57:33.000Z</time></trkpt>
<trkpt lat="30.6198086052859" lon="104.0787575251814"><ele>490</ele><time>2025-07-20T13:57:36.000Z</time></trkpt>
<trkpt lat="30.61980963723453" lon="104.0788629309123"><ele>498</ele><time>2025-07-20T13:57:38.000Z</time></trkpt>
<trkpt lat="30.61980799705006" lon="104.0789736126858"><ele>499</ele><time>2025-07-20T13:57:40.000Z</time></trkpt>
<trkpt lat="30.61981208861848" lon="104.0790838029147"><ele>501</ele><time>2025-07-20T13:57:42.000Z</time></trkpt>
<trkpt lat="30.61981022110755" lon="104.0792025679194"><ele>502</ele><time>2025-07-20T13:57:44.000Z</time></trkpt>
<trkpt lat="30.61986929586585" lon="104.0793021350182"><ele>504</ele><time>2025-07-20T13:57:46.000Z</time></trkpt>
<trkpt lat="30.61987513683715" lon="104.0794064369595"><ele>505</ele><time>2025-07-20T13:58:05.000Z</time></trkpt>
<trkpt lat="30.61988551283648" lon="104.0795445655224"><ele>505</ele><time>2025-07-20T13:58:08.000Z</time></trkpt>
<trkpt lat="30.61989587498954" lon="104.0796935934931"><ele>505</ele><time>2025-07-20T13:58:11.000Z</time></trkpt>
<trkpt lat="30.61990330225015" lon="104.0798003265986"><ele>505</ele><time>2025-07-20T13:58:13.000Z</time></trkpt>
<trkpt lat="30.61985514509355" lon="104.0799178275369"><ele>505</ele><time>2025-07-20T13:58:15.000Z</time></trkpt>
<trkpt lat="30.61986664227284" lon="104.0800230735808"><ele>504</ele><time>2025-07-20T13:58:17.000Z</time></trkpt>
<trkpt lat="30.61987577992436" lon="104.0801270188525"><ele>504</ele><time>2025-07-20T13:58:19.000Z</time></trkpt>
<trkpt lat="30.61991461854741" lon="104.080268817076"><ele>503</ele><time>2025-07-20T13:58:22.000Z</time></trkpt>
<trkpt lat="30.61997156101424" lon="104.0803846964502"><ele>504</ele><time>2025-07-20T13:58:25.000Z</time></trkpt>
<trkpt lat="30.62005540868314" lon="104.0804747439783"><ele>504</ele><time>2025-07-20T13:58:28.000Z</time></trkpt>
<trkpt lat="30.62014354014842" lon="104.0805435454769"><ele>505</ele><time>2025-07-20T13:58:31.000Z</time></trkpt>
<trkpt lat="30.62024713307052" lon="104.0805714354291"><ele>504</ele><time>2025-07-20T13:58:34.000Z</time></trkpt>
<trkpt lat="30.62034640781272" lon="104.0805815286919"><ele>504</ele><time>2025-07-20T13:58:36.000Z</time></trkpt>
<trkpt lat="30.62044803630936" lon="104.0806584390579"><ele>504</ele><time>2025-07-20T13:58:39.000Z</time></trkpt>
<trkpt lat="30.6205697592303" lon="104.0807136060975"><ele>505</ele><time>2025-07-20T13:58:42.000Z</time></trkpt>
<trkpt lat="30.62066009035864" lon="104.0807457865373"><ele>504</ele><time>2025-07-20T13:58:44.000Z</time></trkpt>
<trkpt lat="30.6207949012472" lon="104.0807897757199"><ele>504</ele><time>2025-07-20T13:58:47.000Z</time></trkpt>
<trkpt lat="30.62091699143815" lon="104.0808243008713"><ele>504</ele><time>2025-07-20T13:58:50.000Z</time></trkpt>
<trkpt lat="30.6210157729733" lon="104.0808552067637"><ele>504</ele><time>2025-07-20T13:58:52.000Z</time></trkpt>
<trkpt lat="30.62111253842173" lon="104.0808871041356"><ele>504</ele><time>2025-07-20T13:58:54.000Z</time></trkpt>
<trkpt lat="30.62124313329931" lon="104.0809279342449"><ele>505</ele><time>2025-07-20T13:58:57.000Z</time></trkpt>
<trkpt lat="30.62136765734491" lon="104.0809679562238"><ele>505</ele><time>2025-07-20T13:59:00.000Z</time></trkpt>
<trkpt lat="30.62145789881439" lon="104.0809826544958"><ele>504</ele><time>2025-07-20T13:59:02.000Z</time></trkpt>
<trkpt lat="30.6215746082825" lon="104.0810156409966"><ele>505</ele><time>2025-07-20T13:59:05.000Z</time></trkpt>
<trkpt lat="30.62166716923474" lon="104.0810353210816"><ele>505</ele><time>2025-07-20T13:59:07.000Z</time></trkpt>
<trkpt lat="30.62178467665663" lon="104.0810773447237"><ele>504</ele><time>2025-07-20T13:59:10.000Z</time></trkpt>
<trkpt lat="30.62189949946417" lon="104.0811032912848"><ele>503</ele><time>2025-07-20T13:59:13.000Z</time></trkpt>
<trkpt lat="30.62201757136291" lon="104.0811457006006"><ele>502</ele><time>2025-07-20T13:59:16.000Z</time></trkpt>
<trkpt lat="30.62211976273397" lon="104.0811779647887"><ele>502</ele><time>2025-07-20T13:59:19.000Z</time></trkpt>
<trkpt lat="30.62222580467776" lon="104.081214440785"><ele>501</ele><time>2025-07-20T13:59:22.000Z</time></trkpt>
<trkpt lat="30.62232244551748" lon="104.0812315017325"><ele>501</ele><time>2025-07-20T13:59:25.000Z</time></trkpt>
<trkpt lat="30.62242237044702" lon="104.0812630978104"><ele>501</ele><time>2025-07-20T13:59:28.000Z</time></trkpt>
<trkpt lat="30.6225333093864" lon="104.0812647990806"><ele>500</ele><time>2025-07-20T13:59:32.000Z</time></trkpt>
<trkpt lat="30.62243470015612" lon="104.0812678888579"><ele>500</ele><time>2025-07-20T13:59:43.000Z</time></trkpt>
<trkpt lat="30.62231556426349" lon="104.0812363621086"><ele>500</ele><time>2025-07-20T13:59:46.000Z</time></trkpt>
<trkpt lat="30.62221197294488" lon="104.081212194604"><ele>499</ele><time>2025-07-20T13:59:49.000Z</time></trkpt>
<trkpt lat="30.62232071213742" lon="104.0811817824195"><ele>499</ele><time>2025-07-20T13:59:57.000Z</time></trkpt>
<trkpt lat="30.62241992306021" lon="104.0811918457722"><ele>499</ele><time>2025-07-20T14:00:00.000Z</time></trkpt>
<trkpt lat="30.62253327575576" lon="104.0811459647828"><ele>499</ele><time>2025-07-20T14:00:04.000Z</time></trkpt>
<trkpt lat="30.62264017249571" lon="104.0811198130953"><ele>499</ele><time>2025-07-20T14:00:07.000Z</time></trkpt>
<trkpt lat="30.62369136127237" lon="104.0814455235531"><ele>498</ele><time>2025-07-20T14:00:41.000Z</time></trkpt>
<trkpt lat="30.62379726650811" lon="104.0814726027925"><ele>497</ele><time>2025-07-20T14:00:44.000Z</time></trkpt>
<trkpt lat="30.62392308830503" lon="104.0814888986688"><ele>497</ele><time>2025-07-20T14:00:47.000Z</time></trkpt>
<trkpt lat="30.62401762283559" lon="104.0815060854885"><ele>497</ele><time>2025-07-20T14:00:49.000Z</time></trkpt>
<trkpt lat="30.62412468942785" lon="104.0815246508138"><ele>497</ele><time>2025-07-20T14:00:51.000Z</time></trkpt>
<trkpt lat="30.62424049746666" lon="104.0815401977851"><ele>497</ele><time>2025-07-20T14:00:53.000Z</time></trkpt>
<trkpt lat="30.62436696706826" lon="104.0815675551607"><ele>497</ele><time>2025-07-20T14:00:55.000Z</time></trkpt>
<trkpt lat="30.62449655962476" lon="104.0816063286727"><ele>497</ele><time>2025-07-20T14:00:57.000Z</time></trkpt>
<trkpt lat="30.62462376836956" lon="104.0816089900252"><ele>497</ele><time>2025-07-20T14:00:59.000Z</time></trkpt>
<trkpt lat="30.6247479125978" lon="104.0815959683961"><ele>496</ele><time>2025-07-20T14:01:01.000Z</time></trkpt>
<trkpt lat="30.62486902146111" lon="104.0815826817481"><ele>496</ele><time>2025-07-20T14:01:03.000Z</time></trkpt>
<trkpt lat="30.62498256978992" lon="104.0815601136616"><ele>495</ele><time>2025-07-20T14:01:05.000Z</time></trkpt>
<trkpt lat="30.62508687024762" lon="104.0815411553827"><ele>495</ele><time>2025-07-20T14:01:07.000Z</time></trkpt>
<trkpt lat="30.62518840875142" lon="104.08153279878"><ele>494</ele><time>2025-07-20T14:01:09.000Z</time></trkpt>
<trkpt lat="30.62527859169008" lon="104.0815171562267"><ele>494</ele><time>2025-07-20T14:01:14.000Z</time></trkpt>
<trkpt lat="30.62539830661128" lon="104.0815493050591"><ele>494</ele><time>2025-07-20T14:01:17.000Z</time></trkpt>
<trkpt lat="30.6254968348776" lon="104.0815669969272"><ele>494</ele><time>2025-07-20T14:01:19.000Z</time></trkpt>
<trkpt lat="30.6255893593307" lon="104.0815784080532"><ele>494</ele><time>2025-07-20T14:01:21.000Z</time></trkpt>
<trkpt lat="30.62569183555264" lon="104.0815840839004"><ele>493</ele><time>2025-07-20T14:01:23.000Z</time></trkpt>
<trkpt lat="30.62580112943355" lon="104.0816003198764"><ele>493</ele><time>2025-07-20T14:01:25.000Z</time></trkpt>
<trkpt lat="30.62591104738086" lon="104.0816068232439"><ele>493</ele><time>2025-07-20T14:01:27.000Z</time></trkpt>
<trkpt lat="30.62602009017412" lon="104.0816193625541"><ele>493</ele><time>2025-07-20T14:01:29.000Z</time></trkpt>
<trkpt lat="30.62612269520204" lon="104.0816321788626"><ele>492</ele><time>2025-07-20T14:01:31.000Z</time></trkpt>
<trkpt lat="30.62621691448573" lon="104.0816364074152"><ele>492</ele><time>2025-07-20T14:01:33.000Z</time></trkpt>
<trkpt lat="30.62631529443849" lon="104.081648467348"><ele>492</ele><time>2025-07-20T14:01:35.000Z</time></trkpt>
<trkpt lat="30.62641131204529" lon="104.0816651618104"><ele>492</ele><time>2025-07-20T14:01:37.000Z</time></trkpt>
<trkpt lat="30.62650995564343" lon="104.0816932714825"><ele>492</ele><time>2025-07-20T14:01:39.000Z</time></trkpt>
<trkpt lat="30.6266047289173" lon="104.0817275449663"><ele>492</ele><time>2025-07-20T14:01:41.000Z</time></trkpt>
<trkpt lat="30.6267000330283" lon="104.0817717305003"><ele>491</ele><time>2025-07-20T14:01:43.000Z</time></trkpt>
<trkpt lat="30.62679542148675" lon="104.0818259040581"><ele>491</ele><time>2025-07-20T14:01:45.000Z</time></trkpt>
<trkpt lat="30.62689073132726" lon="104.0818872773861"><ele>491</ele><time>2025-07-20T14:01:47.000Z</time></trkpt>
<trkpt lat="30.62697485934118" lon="104.0819534086037"><ele>491</ele><time>2025-07-20T14:01:49.000Z</time></trkpt>
<trkpt lat="30.62702721368134" lon="104.0820609466483"><ele>491</ele><time>2025-07-20T14:01:51.000Z</time></trkpt>
<trkpt lat="30.62711091498529" lon="104.0821302988927"><ele>491</ele><time>2025-07-20T14:01:53.000Z</time></trkpt>
<trkpt lat="30.62722178495247" lon="104.0821057477646"><ele>491</ele><time>2025-07-20T14:01:55.000Z</time></trkpt>
<trkpt lat="30.62731228040806" lon="104.0820559419047"><ele>490</ele><time>2025-07-20T14:01:57.000Z</time></trkpt>
<trkpt lat="30.62738213336857" lon="104.0819829543458"><ele>490</ele><time>2025-07-20T14:01:59.000Z</time></trkpt>
<trkpt lat="30.62744187875311" lon="104.0818978170087"><ele>490</ele><time>2025-07-20T14:02:01.000Z</time></trkpt>
<trkpt lat="30.62749578177039" lon="104.0818131731688"><ele>490</ele><time>2025-07-20T14:02:03.000Z</time></trkpt>
<trkpt lat="30.62754592694456" lon="104.0817231095733"><ele>490</ele><time>2025-07-20T14:02:05.000Z</time></trkpt>
<trkpt lat="30.62758954771726" lon="104.0816300253353"><ele>490</ele><time>2025-07-20T14:02:07.000Z</time></trkpt>
<trkpt lat="30.62765215589842" lon="104.0814898416663"><ele>490</ele><time>2025-07-20T14:02:10.000Z</time></trkpt>
<trkpt lat="30.62770436710396" lon="104.0814044195478"><ele>489</ele><time>2025-07-20T14:02:12.000Z</time></trkpt>
<trkpt lat="30.62776513606555" lon="104.0813065777902"><ele>489</ele><time>2025-07-20T14:02:14.000Z</time></trkpt>
<trkpt lat="30.62781724273666" lon="104.0812035658935"><ele>489</ele><time>2025-07-20T14:02:16.000Z</time></trkpt>
<trkpt lat="30.62786974256063" lon="104.0811077586712"><ele>489</ele><time>2025-07-20T14:02:18.000Z</time></trkpt>
<trkpt lat="30.62792351524192" lon="104.081021556427"><ele>489</ele><time>2025-07-20T14:02:21.000Z</time></trkpt>
<trkpt lat="30.62782062879237" lon="104.0810729212209"><ele>488</ele><time>2025-07-20T14:03:13.000Z</time></trkpt>
<trkpt lat="30.62775789118622" lon="104.0811734152206"><ele>488</ele><time>2025-07-20T14:03:16.000Z</time></trkpt>
<trkpt lat="30.62768742175701" lon="104.0812824308229"><ele>488</ele><time>2025-07-20T14:03:19.000Z</time></trkpt>
<trkpt lat="30.62761821645162" lon="104.0813632935808"><ele>488</ele><time>2025-07-20T14:03:21.000Z</time></trkpt>
<trkpt lat="30.62755993765185" lon="104.0814872982166"><ele>489</ele><time>2025-07-20T14:03:24.000Z</time></trkpt>
<trkpt lat="30.62749108301843" lon="104.0815824802764"><ele>488</ele><time>2025-07-20T14:03:27.000Z</time></trkpt>
<trkpt lat="30.62743695022786" lon="104.0816736088534"><ele>488</ele><time>2025-07-20T14:03:30.000Z</time></trkpt>
<trkpt lat="30.62740130362015" lon="104.0817932620128"><ele>487</ele><time>2025-07-20T14:03:34.000Z</time></trkpt>
<trkpt lat="30.62738624739398" lon="104.0819017864301"><ele>487</ele><time>2025-07-20T14:03:40.000Z</time></trkpt>
<trkpt lat="30.62740805655129" lon="104.0820471334579"><ele>486</ele><time>2025-07-20T14:03:43.000Z</time></trkpt>
<trkpt lat="30.62741308734012" lon="104.0821574312906"><ele>486</ele><time>2025-07-20T14:03:46.000Z</time></trkpt>
<trkpt lat="30.62744258228489" lon="104.0822759853459"><ele>486</ele><time>2025-07-20T14:03:51.000Z</time></trkpt>
<trkpt lat="30.62751741817048" lon="104.0823541997083"><ele>485</ele><time>2025-07-20T14:03:54.000Z</time></trkpt>
<trkpt lat="30.62761398138849" lon="104.0824297870279"><ele>485</ele><time>2025-07-20T14:03:57.000Z</time></trkpt>
<trkpt lat="30.62769844910553" lon="104.0825143502107"><ele>486</ele><time>2025-07-20T14:04:00.000Z</time></trkpt>
<trkpt lat="30.62779996571407" lon="104.0825941600275"><ele>485</ele><time>2025-07-20T14:04:03.000Z</time></trkpt>
<trkpt lat="30.62788574000625" lon="104.082661159452"><ele>485</ele><time>2025-07-20T14:04:07.000Z</time></trkpt>
<trkpt lat="30.62795893038464" lon="104.0827465089554"><ele>486</ele><time>2025-07-20T14:04:11.000Z</time></trkpt>
<trkpt lat="30.6280437842207" lon="104.0828428595089"><ele>486</ele><time>2025-07-20T14:04:14.000Z</time></trkpt>
<trkpt lat="30.62812175597689" lon="104.082940655018"><ele>486</ele><time>2025-07-20T14:04:17.000Z</time></trkpt>
<trkpt lat="30.62818528934886" lon="104.0830725213739"><ele>486</ele><time>2025-07-20T14:04:20.000Z</time></trkpt>
<trkpt lat="30.62825355679197" lon="104.0831471932779"><ele>486</ele><time>2025-07-20T14:04:22.000Z</time></trkpt>
<trkpt lat="30.62833088629127" lon="104.0832166882081"><ele>485</ele><time>2025-07-20T14:04:24.000Z</time></trkpt>
<trkpt lat="30.62840216227867" lon="104.0832919226127"><ele>485</ele><time>2025-07-20T14:04:26.000Z</time></trkpt>
<trkpt lat="30.62848080288375" lon="104.0833606466598"><ele>484</ele><time>2025-07-20T14:04:28.000Z</time></trkpt>
<trkpt lat="30.62855714446437" lon="104.083437202089"><ele>484</ele><time>2025-07-20T14:04:30.000Z</time></trkpt>
<trkpt lat="30.62862956715383" lon="104.083510994089"><ele>484</ele><time>2025-07-20T14:04:32.000Z</time></trkpt>
<trkpt lat="30.6287030712909" lon="104.0835899827712"><ele>483</ele><time>2025-07-20T14:04:34.000Z</time></trkpt>
<trkpt lat="30.6287722445094" lon="104.0836741624834"><ele>482</ele><time>2025-07-20T14:04:36.000Z</time></trkpt>
<trkpt lat="30.62883939803367" lon="104.0837586152326"><ele>481</ele><time>2025-07-20T14:04:38.000Z</time></trkpt>
<trkpt lat="30.62890553165154" lon="104.083851640418"><ele>481</ele><time>2025-07-20T14:04:40.000Z</time></trkpt>
<trkpt lat="30.62896664763738" lon="104.0839389342201"><ele>481</ele><time>2025-07-20T14:04:42.000Z</time></trkpt>
<trkpt lat="30.62903295999365" lon="104.0840224406392"><ele>481</ele><time>2025-07-20T14:04:44.000Z</time></trkpt>
<trkpt lat="30.62907809503367" lon="104.0841193448413"><ele>481</ele><time>2025-07-20T14:04:46.000Z</time></trkpt>
<trkpt lat="30.62915154246295" lon="104.0842559578851"><ele>480</ele><time>2025-07-20T14:04:49.000Z</time></trkpt>
<trkpt lat="30.62919582932292" lon="104.08435806567"><ele>480</ele><time>2025-07-20T14:04:51.000Z</time></trkpt>
<trkpt lat="30.62924608164612" lon="104.0844601054648"><ele>480</ele><time>2025-07-20T14:04:53.000Z</time></trkpt>
<trkpt lat="30.62929365212309" lon="104.0845658669074"><ele>480</ele><time>2025-07-20T14:04:55.000Z</time></trkpt>
<trkpt lat="30.62932722623102" lon="104.0846798950443"><ele>481</ele><time>2025-07-20T14:04:57.000Z</time></trkpt>
<trkpt lat="30.62935849940639" lon="104.0848043441294"><ele>483</ele><time>2025-07-20T14:04:59.000Z</time></trkpt>
<trkpt lat="30.62939567680827" lon="104.0849223898855"><ele>483</ele><time>2025-07-20T14:05:01.000Z</time></trkpt>
<trkpt lat="30.62943000823869" lon="104.0850449823134"><ele>483</ele><time>2025-07-20T14:05:03.000Z</time></trkpt>
<trkpt lat="30.62945344313653" lon="104.0851687179148"><ele>483</ele><time>2025-07-20T14:05:05.000Z</time></trkpt>
<trkpt lat="30.6294780838989" lon="104.0852957542818"><ele>483</ele><time>2025-07-20T14:05:07.000Z</time></trkpt>
<trkpt lat="30.62949716818289" lon="104.0854259716348"><ele>484</ele><time>2025-07-20T14:05:09.000Z</time></trkpt>
<trkpt lat="30.62950924893665" lon="104.0855629722895"><ele>484</ele><time>2025-07-20T14:05:11.000Z</time></trkpt>
<trkpt lat="30.62951792687083" lon="104.0856958109173"><ele>484</ele><time>2025-07-20T14:05:13.000Z</time></trkpt>
<trkpt lat="30.62951655744195" lon="104.0858215726515"><ele>484</ele><time>2025-07-20T14:05:15.000Z</time></trkpt>
<trkpt lat="30.62951841184298" lon="104.08594742432"><ele>484</ele><time>2025-07-20T14:05:17.000Z</time></trkpt>
<trkpt lat="30.62952259013824" lon="104.0860776137184"><ele>484</ele><time>2025-07-20T14:05:19.000Z</time></trkpt>
<trkpt lat="30.62951939102468" lon="104.0862012529463"><ele>484</ele><time>2025-07-20T14:05:21.000Z</time></trkpt>
<trkpt lat="30.62951183694046" lon="104.0863223202582"><ele>484</ele><time>2025-07-20T14:05:23.000Z</time></trkpt>
<trkpt lat="30.62950636936191" lon="104.0864418386477"><ele>485</ele><time>2025-07-20T14:05:25.000Z</time></trkpt>
<trkpt lat="30.62950520739516" lon="104.0865624764035"><ele>486</ele><time>2025-07-20T14:05:27.000Z</time></trkpt>
<trkpt lat="30.62950413609201" lon="104.0866810039247"><ele>486</ele><time>2025-07-20T14:05:29.000Z</time></trkpt>
<trkpt lat="30.62950802364182" lon="104.0867971330722"><ele>485</ele><time>2025-07-20T14:05:31.000Z</time></trkpt>
<trkpt lat="30.6295060595397" lon="104.0869048937275"><ele>485</ele><time>2025-07-20T14:05:33.000Z</time></trkpt>
<trkpt lat="30.62950529620907" lon="104.0870494398434"><ele>485</ele><time>2025-07-20T14:05:36.000Z</time></trkpt>
<trkpt lat="30.62948428061571" lon="104.0871801142002"><ele>484</ele><time>2025-07-20T14:05:39.000Z</time></trkpt>
<trkpt lat="30.62940147708088" lon="104.0872430786553"><ele>484</ele><time>2025-07-20T14:05:42.000Z</time></trkpt>
<trkpt lat="30.62928940054065" lon="104.0872399292982"><ele>484</ele><time>2025-07-20T14:05:45.000Z</time></trkpt>
<trkpt lat="30.62917288508266" lon="104.087244183317"><ele>485</ele><time>2025-07-20T14:05:48.000Z</time></trkpt>
<trkpt lat="30.62905332254665" lon="104.0872385815268"><ele>486</ele><time>2025-07-20T14:05:51.000Z</time></trkpt>
<trkpt lat="30.62892132400975" lon="104.0872376170191"><ele>487</ele><time>2025-07-20T14:05:54.000Z</time></trkpt>
<trkpt lat="30.62879449935176" lon="104.0872388130438"><ele>487</ele><time>2025-07-20T14:05:57.000Z</time></trkpt>
<trkpt lat="30.62869235534772" lon="104.0872526504944"><ele>485</ele><time>2025-07-20T14:05:59.000Z</time></trkpt>
<trkpt lat="30.62857299558836" lon="104.0873253753528"><ele>485</ele><time>2025-07-20T14:06:02.000Z</time></trkpt>
<trkpt lat="30.62852194376462" lon="104.087419854358"><ele>485</ele><time>2025-07-20T14:06:04.000Z</time></trkpt>
<trkpt lat="30.6285194595807" lon="104.0875329227381"><ele>485</ele><time>2025-07-20T14:06:06.000Z</time></trkpt>
<trkpt lat="30.62852075418619" lon="104.0876441029437"><ele>484</ele><time>2025-07-20T14:06:08.000Z</time></trkpt>
<trkpt lat="30.62851737857953" lon="104.0877611043658"><ele>484</ele><time>2025-07-20T14:06:10.000Z</time></trkpt>
<trkpt lat="30.62852235877973" lon="104.0878762208665"><ele>485</ele><time>2025-07-20T14:06:12.000Z</time></trkpt>
<trkpt lat="30.62852605060797" lon="104.0879929696272"><ele>485</ele><time>2025-07-20T14:06:14.000Z</time></trkpt>
<trkpt lat="30.62852758096538" lon="104.088108734453"><ele>484</ele><time>2025-07-20T14:06:16.000Z</time></trkpt>
<trkpt lat="30.62852779542635" lon="104.0882230738569"><ele>484</ele><time>2025-07-20T14:06:18.000Z</time></trkpt>
<trkpt lat="30.62852704601178" lon="104.0883416527231"><ele>484</ele><time>2025-07-20T14:06:20.000Z</time></trkpt>
<trkpt lat="30.62852236067408" lon="104.0884587741553"><ele>483</ele><time>2025-07-20T14:06:22.000Z</time></trkpt>
<trkpt lat="30.62852403517847" lon="104.088579473307"><ele>484</ele><time>2025-07-20T14:06:24.000Z</time></trkpt>
<trkpt lat="30.62852860126602" lon="104.0887013790876"><ele>485</ele><time>2025-07-20T14:06:26.000Z</time></trkpt>
<trkpt lat="30.62853113958137" lon="104.0888286667288"><ele>485</ele><time>2025-07-20T14:06:28.000Z</time></trkpt>
<trkpt lat="30.6285369544603" lon="104.0889539774221"><ele>485</ele><time>2025-07-20T14:06:30.000Z</time></trkpt>
<trkpt lat="30.62853361245771" lon="104.0890876079972"><ele>485</ele><time>2025-07-20T14:06:33.000Z</time></trkpt>
<trkpt lat="30.62852646002015" lon="104.0891922674068"><ele>486</ele><time>2025-07-20T14:06:35.000Z</time></trkpt>
<trkpt lat="30.62851064649166" lon="104.0893587902114"><ele>486</ele><time>2025-07-20T14:06:38.000Z</time></trkpt>
<trkpt lat="30.62850212792145" lon="104.0895100769482"><ele>486</ele><time>2025-07-20T14:06:41.000Z</time></trkpt>
<trkpt lat="30.62848146785582" lon="104.0896457253961"><ele>486</ele><time>2025-07-20T14:06:44.000Z</time></trkpt>
<trkpt lat="30.62842258451068" lon="104.0897770254292"><ele>486</ele><time>2025-07-20T14:06:47.000Z</time></trkpt>
<trkpt lat="30.62837221740896" lon="104.0899077366733"><ele>486</ele><time>2025-07-20T14:06:50.000Z</time></trkpt>
<trkpt lat="30.62831052927528" lon="104.0900322372948"><ele>487</ele><time>2025-07-20T14:06:53.000Z</time></trkpt>
<trkpt lat="30.62823704555985" lon="104.0901409849296"><ele>487</ele><time>2025-07-20T14:06:56.000Z</time></trkpt>
<trkpt lat="30.62818319783882" lon="104.0902580137371"><ele>487</ele><time>2025-07-20T14:06:59.000Z</time></trkpt>
<trkpt lat="30.62814143584133" lon="104.0903981663651"><ele>487</ele><time>2025-07-20T14:07:02.000Z</time></trkpt>
<trkpt lat="30.62809447297776" lon="104.0904884972422"><ele>488</ele><time>2025-07-20T14:07:04.000Z</time></trkpt>
<trkpt lat="30.62805057311587" lon="104.0905797973665"><ele>487</ele><time>2025-07-20T14:07:06.000Z</time></trkpt>
<trkpt lat="30.62801582568177" lon="104.0906862256829"><ele>486</ele><time>2025-07-20T14:07:08.000Z</time></trkpt>
<trkpt lat="30.62799080993646" lon="104.0908000469314"><ele>487</ele><time>2025-07-20T14:07:10.000Z</time></trkpt>
<trkpt lat="30.62797500050212" lon="104.0909123363747"><ele>487</ele><time>2025-07-20T14:07:12.000Z</time></trkpt>
<trkpt lat="30.6279450346874" lon="104.0910234427369"><ele>488</ele><time>2025-07-20T14:07:14.000Z</time></trkpt>
<trkpt lat="30.62794041836382" lon="104.091133958546"><ele>489</ele><time>2025-07-20T14:07:16.000Z</time></trkpt>
<trkpt lat="30.62792513803008" lon="104.0912394165242"><ele>488</ele><time>2025-07-20T14:07:18.000Z</time></trkpt>
<trkpt lat="30.62788045236179" lon="104.0913568254918"><ele>488</ele><time>2025-07-20T14:07:21.000Z</time></trkpt>
<trkpt lat="30.62784887338473" lon="104.0914658645957"><ele>488</ele><time>2025-07-20T14:07:24.000Z</time></trkpt>
<trkpt lat="30.62774029356548" lon="104.0914589780845"><ele>488</ele><time>2025-07-20T14:07:27.000Z</time></trkpt>
<trkpt lat="30.62765200387655" lon="104.0914230238839"><ele>489</ele><time>2025-07-20T14:07:29.000Z</time></trkpt>
<trkpt lat="30.62755885227504" lon="104.0913896536731"><ele>489</ele><time>2025-07-20T14:07:31.000Z</time></trkpt>
<trkpt lat="30.62746647858309" lon="104.0913537775196"><ele>489</ele><time>2025-07-20T14:07:33.000Z</time></trkpt>
<trkpt lat="30.62737935673224" lon="104.0913116053235"><ele>490</ele><time>2025-07-20T14:07:35.000Z</time></trkpt>
<trkpt lat="30.6272865026828" lon="104.0912713254397"><ele>490</ele><time>2025-07-20T14:07:37.000Z</time></trkpt>
<trkpt lat="30.62720013096717" lon="104.091229618628"><ele>490</ele><time>2025-07-20T14:07:39.000Z</time></trkpt>
<trkpt lat="30.62711344040903" lon="104.0911925610738"><ele>490</ele><time>2025-07-20T14:07:41.000Z</time></trkpt>
<trkpt lat="30.62702685859928" lon="104.0911587510637"><ele>490</ele><time>2025-07-20T14:07:43.000Z</time></trkpt>
<trkpt lat="30.62691479842379" lon="104.0911099641132"><ele>489</ele><time>2025-07-20T14:07:46.000Z</time></trkpt>
<trkpt lat="30.62682889179908" lon="104.0910591369303"><ele>489</ele><time>2025-07-20T14:07:48.000Z</time></trkpt>
<trkpt lat="30.62674794093311" lon="104.0910122827102"><ele>487</ele><time>2025-07-20T14:07:50.000Z</time></trkpt>
<trkpt lat="30.6266523416899" lon="104.0909792640094"><ele>487</ele><time>2025-07-20T14:07:53.000Z</time></trkpt>
<trkpt lat="30.62656185109839" lon="104.0909281037734"><ele>486</ele><time>2025-07-20T14:07:57.000Z</time></trkpt>
<trkpt lat="30.62650116507498" lon="104.0908498775108"><ele>485</ele><time>2025-07-20T14:08:01.000Z</time></trkpt>
<trkpt lat="30.62657106879481" lon="104.0907726060398"><ele>486</ele><time>2025-07-20T14:08:24.000Z</time></trkpt>
<trkpt lat="30.6266632803519" lon="104.0907691777187"><ele>486</ele><time>2025-07-20T14:08:33.000Z</time></trkpt>
<trkpt lat="30.62675274712641" lon="104.0907470025821"><ele>485</ele><time>2025-07-20T14:08:53.000Z</time></trkpt>
<trkpt lat="30.62677002509734" lon="104.0906439938901"><ele>484</ele><time>2025-07-20T14:09:00.000Z</time></trkpt>
<trkpt lat="30.62676640386255" lon="104.0905340688564"><ele>484</ele><time>2025-07-20T14:09:09.000Z</time></trkpt>
<trkpt lat="30.62680476395781" lon="104.090428055752"><ele>484</ele><time>2025-07-20T14:09:19.000Z</time></trkpt>
<trkpt lat="30.62679892481072" lon="104.0903119769597"><ele>483</ele><time>2025-07-20T14:09:26.000Z</time></trkpt>
<trkpt lat="30.62687891527512" lon="104.0902277110506"><ele>483</ele><time>2025-07-20T14:09:34.000Z</time></trkpt>
<trkpt lat="30.62694003315892" lon="104.0901345893191"><ele>483</ele><time>2025-07-20T14:09:41.000Z</time></trkpt>
<trkpt lat="30.62702973413713" lon="104.090115534894"><ele>482</ele><time>2025-07-20T14:09:49.000Z</time></trkpt>
<trkpt lat="30.62711194799101" lon="104.0901715456129"><ele>481</ele><time>2025-07-20T14:09:55.000Z</time></trkpt>
<trkpt lat="30.62720044682245" lon="104.0902262165359"><ele>481</ele><time>2025-07-20T14:10:02.000Z</time></trkpt>
<trkpt lat="30.62722910914434" lon="104.0903276498395"><ele>482</ele><time>2025-07-20T14:10:16.000Z</time></trkpt>
<trkpt lat="30.62716937213897" lon="104.0904201138231"><ele>482</ele><time>2025-07-20T14:10:27.000Z</time></trkpt>
<trkpt lat="30.62710093145973" lon="104.0905055165811"><ele>482</ele><time>2025-07-20T14:10:37.000Z</time></trkpt>
<trkpt lat="30.62700470508353" lon="104.0905527418928"><ele>481</ele><time>2025-07-20T14:10:46.000Z</time></trkpt>
<trkpt lat="30.62700052781181" lon="104.0906822232871"><ele>482</ele><time>2025-07-20T14:11:00.000Z</time></trkpt>
<trkpt lat="30.62681360713928" lon="104.0906875268567"><ele>483</ele><time>2025-07-20T14:14:08.000Z</time></trkpt>
<trkpt lat="30.62709244915412" lon="104.0907166822918"><ele>483</ele><time>2025-07-20T14:14:47.000Z</time></trkpt>
<trkpt lat="30.62681866607999" lon="104.0908715600418"><ele>483</ele><time>2025-07-20T14:15:00.000Z</time></trkpt>
<trkpt lat="30.62697324689166" lon="104.0912397666698"><ele>484</ele><time>2025-07-20T14:15:06.000Z</time></trkpt>
<trkpt lat="30.62712430684605" lon="104.0905165912885"><ele>483</ele><time>2025-07-20T14:16:46.000Z</time></trkpt>
<trkpt lat="30.62721988780664" lon="104.0905008110962"><ele>483</ele><time>2025-07-20T14:16:50.000Z</time></trkpt>
<trkpt lat="30.62720544389415" lon="104.0903935076876"><ele>483</ele><time>2025-07-20T14:17:04.000Z</time></trkpt>
<trkpt lat="30.6272472320965" lon="104.0902972550721"><ele>483</ele><time>2025-07-20T14:17:12.000Z</time></trkpt>
<trkpt lat="30.62724370053012" lon="104.0901909275242"><ele>483</ele><time>2025-07-20T14:17:20.000Z</time></trkpt>
<trkpt lat="30.62714782026831" lon="104.0902219223061"><ele>484</ele><time>2025-07-20T14:17:32.000Z</time></trkpt>
<trkpt lat="30.62705447302385" lon="104.0901864265039"><ele>484</ele><time>2025-07-20T14:17:43.000Z</time></trkpt>
<trkpt lat="30.62697489199703" lon="104.0901187838922"><ele>484</ele><time>2025-07-20T14:17:53.000Z</time></trkpt>
<trkpt lat="30.62690076142707" lon="104.0901790584901"><ele>484</ele><time>2025-07-20T14:18:03.000Z</time></trkpt>
<trkpt lat="30.62686980158235" lon="104.0902855962411"><ele>484</ele><time>2025-07-20T14:18:12.000Z</time></trkpt>
<trkpt lat="30.62681436334074" lon="104.0903846115077"><ele>483</ele><time>2025-07-20T14:18:22.000Z</time></trkpt>
<trkpt lat="30.62677606207675" lon="104.0904797656309"><ele>483</ele><time>2025-07-20T14:18:34.000Z</time></trkpt>
<trkpt lat="30.6267647977822" lon="104.0905904135363"><ele>484</ele><time>2025-07-20T14:18:41.000Z</time></trkpt>
<trkpt lat="30.6267300223724" lon="104.0906877379336"><ele>484</ele><time>2025-07-20T14:18:52.000Z</time></trkpt>
<trkpt lat="30.62664173363217" lon="104.0907304297004"><ele>485</ele><time>2025-07-20T14:18:59.000Z</time></trkpt>
<trkpt lat="30.62656186952568" lon="104.0908019085828"><ele>484</ele><time>2025-07-20T14:19:06.000Z</time></trkpt>
<trkpt lat="30.62648014422976" lon="104.0908461918857"><ele>485</ele><time>2025-07-20T14:19:20.000Z</time></trkpt>
<trkpt lat="30.62641376517178" lon="104.0907740541748"><ele>485</ele><time>2025-07-20T14:19:45.000Z</time></trkpt>
<trkpt lat="30.62632201462421" lon="104.0907446783712"><ele>486</ele><time>2025-07-20T14:19:49.000Z</time></trkpt>
<trkpt lat="30.62620063619426" lon="104.090701669331"><ele>486</ele><time>2025-07-20T14:19:53.000Z</time></trkpt>
<trkpt lat="30.62610465443976" lon="104.0906341976997"><ele>486</ele><time>2025-07-20T14:19:56.000Z</time></trkpt>
<trkpt lat="30.62601817815392" lon="104.0905895244617"><ele>486</ele><time>2025-07-20T14:19:59.000Z</time></trkpt>
<trkpt lat="30.6259220208086" lon="104.0906051712196"><ele>486</ele><time>2025-07-20T14:20:03.000Z</time></trkpt>
<trkpt lat="30.6258363530543" lon="104.0905720012323"><ele>486</ele><time>2025-07-20T14:20:06.000Z</time></trkpt>
<trkpt lat="30.62573855758855" lon="104.0905315251196"><ele>486</ele><time>2025-07-20T14:20:09.000Z</time></trkpt>
<trkpt lat="30.625651004911" lon="104.0905039308746"><ele>487</ele><time>2025-07-20T14:20:12.000Z</time></trkpt>
<trkpt lat="30.62555600328931" lon="104.0904964044133"><ele>487</ele><time>2025-07-20T14:20:15.000Z</time></trkpt>
<trkpt lat="30.62543755864403" lon="104.0905125877023"><ele>487</ele><time>2025-07-20T14:20:18.000Z</time></trkpt>
<trkpt lat="30.6253497802133" lon="104.0904469816999"><ele>488</ele><time>2025-07-20T14:20:21.000Z</time></trkpt>
<trkpt lat="30.62525246909901" lon="104.090438157371"><ele>486</ele><time>2025-07-20T14:20:24.000Z</time></trkpt>
<trkpt lat="30.62513071014376" lon="104.0903996261692"><ele>485</ele><time>2025-07-20T14:20:27.000Z</time></trkpt>
<trkpt lat="30.62500827844853" lon="104.0903942828168"><ele>483</ele><time>2025-07-20T14:20:30.000Z</time></trkpt>
<trkpt lat="30.62489487400844" lon="104.0903720549625"><ele>482</ele><time>2025-07-20T14:20:33.000Z</time></trkpt>
<trkpt lat="30.62479862552399" lon="104.0903394789738"><ele>481</ele><time>2025-07-20T14:20:36.000Z</time></trkpt>
<trkpt lat="30.62468543037413" lon="104.0903353211083"><ele>481</ele><time>2025-07-20T14:20:39.000Z</time></trkpt>
<trkpt lat="30.62459740811047" lon="104.0903050174946"><ele>480</ele><time>2025-07-20T14:20:41.000Z</time></trkpt>
<trkpt lat="30.62446313080588" lon="104.0902786984522"><ele>480</ele><time>2025-07-20T14:20:44.000Z</time></trkpt>
<trkpt lat="30.62434309168092" lon="104.0902640028553"><ele>480</ele><time>2025-07-20T14:20:47.000Z</time></trkpt>
<trkpt lat="30.62422055130722" lon="104.0902349568102"><ele>479</ele><time>2025-07-20T14:20:50.000Z</time></trkpt>
<trkpt lat="30.62411828309568" lon="104.0902151637851"><ele>479</ele><time>2025-07-20T14:20:53.000Z</time></trkpt>
<trkpt lat="30.62401092891962" lon="104.0902058200735"><ele>480</ele><time>2025-07-20T14:20:56.000Z</time></trkpt>
<trkpt lat="30.62392293658581" lon="104.0901716361661"><ele>480</ele><time>2025-07-20T14:20:58.000Z</time></trkpt>
<trkpt lat="30.62380508355167" lon="104.090212553835"><ele>480</ele><time>2025-07-20T14:21:01.000Z</time></trkpt>
<trkpt lat="30.62368254288295" lon="104.0902541058302"><ele>480</ele><time>2025-07-20T14:21:04.000Z</time></trkpt>
<trkpt lat="30.6235752388681" lon="104.0902879181504"><ele>481</ele><time>2025-07-20T14:21:07.000Z</time></trkpt>
<trkpt lat="30.62346333824073" lon="104.0902799566948"><ele>480</ele><time>2025-07-20T14:21:10.000Z</time></trkpt>
<trkpt lat="30.62337111222747" lon="104.0902761780098"><ele>481</ele><time>2025-07-20T14:21:13.000Z</time></trkpt>
<trkpt lat="30.6233146381653" lon="104.090185232311"><ele>481</ele><time>2025-07-20T14:21:17.000Z</time></trkpt>
<trkpt lat="30.62330608319392" lon="104.0900437398977"><ele>481</ele><time>2025-07-20T14:21:20.000Z</time></trkpt>
<trkpt lat="30.62327492674281" lon="104.0899342629517"><ele>481</ele><time>2025-07-20T14:21:23.000Z</time></trkpt>
<trkpt lat="30.62324191620705" lon="104.0897989260546"><ele>481</ele><time>2025-07-20T14:21:27.000Z</time></trkpt>
<trkpt lat="30.62328377969044" lon="104.0896909618785"><ele>482</ele><time>2025-07-20T14:21:30.000Z</time></trkpt>
<trkpt lat="30.6233250769582" lon="104.0895874635908"><ele>482</ele><time>2025-07-20T14:21:32.000Z</time></trkpt>
<trkpt lat="30.62332502407526" lon="104.0894462909782"><ele>481</ele><time>2025-07-20T14:21:35.000Z</time></trkpt>
<trkpt lat="30.62330960727875" lon="104.0893362747369"><ele>481</ele><time>2025-07-20T14:21:37.000Z</time></trkpt>
<trkpt lat="30.62334889018766" lon="104.089222350143"><ele>481</ele><time>2025-07-20T14:21:39.000Z</time></trkpt>
<trkpt lat="30.62341538211522" lon="104.0890814664563"><ele>481</ele><time>2025-07-20T14:21:41.000Z</time></trkpt>
<trkpt lat="30.62342743248576" lon="104.0889736034429"><ele>482</ele><time>2025-07-20T14:21:43.000Z</time></trkpt>
<trkpt lat="30.62344916801933" lon="104.0888577850744"><ele>481</ele><time>2025-07-20T14:21:45.000Z</time></trkpt>
<trkpt lat="30.62343893068421" lon="104.0887523385717"><ele>481</ele><time>2025-07-20T14:21:47.000Z</time></trkpt>
<trkpt lat="30.6234675329421" lon="104.0885933181785"><ele>482</ele><time>2025-07-20T14:21:50.000Z</time></trkpt>
<trkpt lat="30.62339764767085" lon="104.0884939038759"><ele>482</ele><time>2025-07-20T14:21:52.000Z</time></trkpt>
<trkpt lat="30.62337748819546" lon="104.0883828626931"><ele>482</ele><time>2025-07-20T14:21:54.000Z</time></trkpt>
<trkpt lat="30.62338065204786" lon="104.0882263610551"><ele>482</ele><time>2025-07-20T14:21:57.000Z</time></trkpt>
<trkpt lat="30.62334816031494" lon="104.0881236432253"><ele>482</ele><time>2025-07-20T14:21:59.000Z</time></trkpt>
<trkpt lat="30.62337224109753" lon="104.0880197932168"><ele>482</ele><time>2025-07-20T14:22:01.000Z</time></trkpt>
<trkpt lat="30.62338256361556" lon="104.0879122341782"><ele>482</ele><time>2025-07-20T14:22:03.000Z</time></trkpt>
<trkpt lat="30.62338582497294" lon="104.0877658141892"><ele>482</ele><time>2025-07-20T14:22:06.000Z</time></trkpt>
<trkpt lat="30.62336773213717" lon="104.0876107489498"><ele>482</ele><time>2025-07-20T14:22:09.000Z</time></trkpt>
<trkpt lat="30.62332363376909" lon="104.0874615724348"><ele>482</ele><time>2025-07-20T14:22:12.000Z</time></trkpt>
<trkpt lat="30.62327723395702" lon="104.0873670976282"><ele>482</ele><time>2025-07-20T14:22:14.000Z</time></trkpt>
<trkpt lat="30.62324545564869" lon="104.0872668858028"><ele>483</ele><time>2025-07-20T14:22:17.000Z</time></trkpt>
<trkpt lat="30.62323277226503" lon="104.0871535573113"><ele>483</ele><time>2025-07-20T14:22:19.000Z</time></trkpt>
<trkpt lat="30.62323233456951" lon="104.0870402030314"><ele>483</ele><time>2025-07-20T14:22:21.000Z</time></trkpt>
<trkpt lat="30.62322997782488" lon="104.0869002876529"><ele>484</ele><time>2025-07-20T14:22:24.000Z</time></trkpt>
<trkpt lat="30.62323882417794" lon="104.0867581311706"><ele>484</ele><time>2025-07-20T14:22:28.000Z</time></trkpt>
<trkpt lat="30.62322610506189" lon="104.0866258901135"><ele>484</ele><time>2025-07-20T14:22:31.000Z</time></trkpt>
<trkpt lat="30.62321920633201" lon="104.0864957117137"><ele>484</ele><time>2025-07-20T14:22:34.000Z</time></trkpt>
<trkpt lat="30.62322254980794" lon="104.0863804984626"><ele>484</ele><time>2025-07-20T14:22:37.000Z</time></trkpt>
<trkpt lat="30.62323022944416" lon="104.0862711567922"><ele>484</ele><time>2025-07-20T14:22:39.000Z</time></trkpt>
<trkpt lat="30.62322872781375" lon="104.0861476816486"><ele>484</ele><time>2025-07-20T14:22:42.000Z</time></trkpt>
<trkpt lat="30.62321688896615" lon="104.0860285054041"><ele>484</ele><time>2025-07-20T14:22:45.000Z</time></trkpt>
<trkpt lat="30.6232328257791" lon="104.0858939510926"><ele>483</ele><time>2025-07-20T14:22:49.000Z</time></trkpt>
<trkpt lat="30.62323792445811" lon="104.0857426541822"><ele>483</ele><time>2025-07-20T14:22:52.000Z</time></trkpt>
<trkpt lat="30.62323134004783" lon="104.0855853915873"><ele>483</ele><time>2025-07-20T14:22:55.000Z</time></trkpt>
<trkpt lat="30.62322469040375" lon="104.0854798512627"><ele>483</ele><time>2025-07-20T14:22:58.000Z</time></trkpt>
<trkpt lat="30.62323096063404" lon="104.0853709117217"><ele>483</ele><time>2025-07-20T14:23:01.000Z</time></trkpt>
<trkpt lat="30.62325671642188" lon="104.085103797396"><ele>483</ele><time>2025-07-20T14:23:03.000Z</time></trkpt>
<trkpt lat="30.62323451383659" lon="104.0849583865377"><ele>483</ele><time>2025-07-20T14:23:06.000Z</time></trkpt>
<trkpt lat="30.62322661519385" lon="104.0848211603509"><ele>483</ele><time>2025-07-20T14:23:09.000Z</time></trkpt>
<trkpt lat="30.62321425304592" lon="104.0846912365125"><ele>483</ele><time>2025-07-20T14:23:12.000Z</time></trkpt>
<trkpt lat="30.62320354382394" lon="104.0845503380412"><ele>483</ele><time>2025-07-20T14:23:15.000Z</time></trkpt>
<trkpt lat="30.62321658915453" lon="104.0844189430537"><ele>484</ele><time>2025-07-20T14:23:19.000Z</time></trkpt>
<trkpt lat="30.62321937965936" lon="104.0843036207324"><ele>484</ele><time>2025-07-20T14:23:22.000Z</time></trkpt>
<trkpt lat="30.62320368584622" lon="104.084171559391"><ele>484</ele><time>2025-07-20T14:23:25.000Z</time></trkpt>
<trkpt lat="30.62320327773573" lon="104.084058047421"><ele>483</ele><time>2025-07-20T14:23:27.000Z</time></trkpt>
<trkpt lat="30.62319398831639" lon="104.0839181389002"><ele>483</ele><time>2025-07-20T14:23:30.000Z</time></trkpt>
<trkpt lat="30.6231982562471" lon="104.083775197944"><ele>483</ele><time>2025-07-20T14:23:33.000Z</time></trkpt>
<trkpt lat="30.62319737694833" lon="104.0836237292058"><ele>483</ele><time>2025-07-20T14:23:36.000Z</time></trkpt>
<trkpt lat="30.62319119360684" lon="104.0835182605866"><ele>483</ele><time>2025-07-20T14:23:38.000Z</time></trkpt>
<trkpt lat="30.62318903491148" lon="104.0834139232581"><ele>484</ele><time>2025-07-20T14:23:40.000Z</time></trkpt>
<trkpt lat="30.62318150359382" lon="104.0832768096824"><ele>484</ele><time>2025-07-20T14:23:42.000Z</time></trkpt>
<trkpt lat="30.62317538819013" lon="104.0831700209146"><ele>484</ele><time>2025-07-20T14:23:44.000Z</time></trkpt>
<trkpt lat="30.62317721441461" lon="104.08305849762"><ele>483</ele><time>2025-07-20T14:23:46.000Z</time></trkpt>
<trkpt lat="30.62317396021559" lon="104.0829463691944"><ele>483</ele><time>2025-07-20T14:23:48.000Z</time></trkpt>
<trkpt lat="30.62316733037287" lon="104.0828351115182"><ele>483</ele><time>2025-07-20T14:23:50.000Z</time></trkpt>
<trkpt lat="30.62315210675986" lon="104.0827254015525"><ele>483</ele><time>2025-07-20T14:23:52.000Z</time></trkpt>
<trkpt lat="30.62314997451523" lon="104.0826077890311"><ele>483</ele><time>2025-07-20T14:23:54.000Z</time></trkpt>
<trkpt lat="30.62314630627339" lon="104.0824971561545"><ele>483</ele><time>2025-07-20T14:23:56.000Z</time></trkpt>
<trkpt lat="30.62314756030565" lon="104.0823828312644"><ele>483</ele><time>2025-07-20T14:23:58.000Z</time></trkpt>
<trkpt lat="30.62315318104563" lon="104.0822640141649"><ele>483</ele><time>2025-07-20T14:24:00.000Z</time></trkpt>
<trkpt lat="30.62314914109562" lon="104.0821554472431"><ele>483</ele><time>2025-07-20T14:24:02.000Z</time></trkpt>
<trkpt lat="30.62315106667664" lon="104.0820495994954"><ele>483</ele><time>2025-07-20T14:24:04.000Z</time></trkpt>
<trkpt lat="30.62315813463642" lon="104.081891966517"><ele>483</ele><time>2025-07-20T14:24:07.000Z</time></trkpt>
<trkpt lat="30.62315647487918" lon="104.0817377200556"><ele>483</ele><time>2025-07-20T14:24:10.000Z</time></trkpt>
<trkpt lat="30.62316452447306" lon="104.0816141402042"><ele>483</ele><time>2025-07-20T14:24:14.000Z</time></trkpt>
<trkpt lat="30.62315406773431" lon="104.0814840501618"><ele>483</ele><time>2025-07-20T14:24:25.000Z</time></trkpt>
<trkpt lat="30.62313794157925" lon="104.081347646791"><ele>483</ele><time>2025-07-20T14:24:28.000Z</time></trkpt>
<trkpt lat="30.62313607290203" lon="104.0812081898606"><ele>483</ele><time>2025-07-20T14:24:31.000Z</time></trkpt>
<trkpt lat="30.62312143178105" lon="104.0810646778004"><ele>483</ele><time>2025-07-20T14:24:34.000Z</time></trkpt>
<trkpt lat="30.62309946825663" lon="104.0809377066014"><ele>483</ele><time>2025-07-20T14:24:37.000Z</time></trkpt>
<trkpt lat="30.62309791981203" lon="104.0807905900679"><ele>483</ele><time>2025-07-20T14:24:40.000Z</time></trkpt>
<trkpt lat="30.62308879139751" lon="104.0806369372549"><ele>483</ele><time>2025-07-20T14:24:43.000Z</time></trkpt>
<trkpt lat="30.62309576935705" lon="104.0805278963968"><ele>483</ele><time>2025-07-20T14:24:45.000Z</time></trkpt>
<trkpt lat="30.62309290732876" lon="104.0803752572668"><ele>483</ele><time>2025-07-20T14:24:48.000Z</time></trkpt>
<trkpt lat="30.62308904439632" lon="104.0802567808463"><ele>483</ele><time>2025-07-20T14:24:50.000Z</time></trkpt>
<trkpt lat="30.62308709759641" lon="104.080138284023"><ele>483</ele><time>2025-07-20T14:24:52.000Z</time></trkpt>
<trkpt lat="30.62309629813277" lon="104.0800088571131"><ele>483</ele><time>2025-07-20T14:24:54.000Z</time></trkpt>
<trkpt lat="30.62308781699824" lon="104.0798831407471"><ele>483</ele><time>2025-07-20T14:24:56.000Z</time></trkpt>
<trkpt lat="30.62308219816375" lon="104.0797590294949"><ele>483</ele><time>2025-07-20T14:24:58.000Z</time></trkpt>
<trkpt lat="30.62307531762179" lon="104.0796378801864"><ele>483</ele><time>2025-07-20T14:25:00.000Z</time></trkpt>
<trkpt lat="30.62307064467382" lon="104.0795160258063"><ele>483</ele><time>2025-07-20T14:25:02.000Z</time></trkpt>
<trkpt lat="30.6230643854065" lon="104.0793830539114"><ele>483</ele><time>2025-07-20T14:25:04.000Z</time></trkpt>
<trkpt lat="30.62306222292081" lon="104.0792589968195"><ele>483</ele><time>2025-07-20T14:25:06.000Z</time></trkpt>
<trkpt lat="30.62305684377696" lon="104.0791460817143"><ele>483</ele><time>2025-07-20T14:25:08.000Z</time></trkpt>
<trkpt lat="30.62305630259462" lon="104.0790213359686"><ele>483</ele><time>2025-07-20T14:25:10.000Z</time></trkpt>
<trkpt lat="30.62306039930816" lon="104.07890240049"><ele>484</ele><time>2025-07-20T14:25:12.000Z</time></trkpt>
<trkpt lat="30.62308396175025" lon="104.0787629708101"><ele>484</ele><time>2025-07-20T14:25:14.000Z</time></trkpt>
<trkpt lat="30.62305718327421" lon="104.0785961740333"><ele>484</ele><time>2025-07-20T14:25:17.000Z</time></trkpt>
<trkpt lat="30.62305257461168" lon="104.0784676641286"><ele>484</ele><time>2025-07-20T14:25:19.000Z</time></trkpt>
<trkpt lat="30.62304808481182" lon="104.0783424125292"><ele>484</ele><time>2025-07-20T14:25:21.000Z</time></trkpt>
<trkpt lat="30.62304336956152" lon="104.0782108384668"><ele>484</ele><time>2025-07-20T14:25:23.000Z</time></trkpt>
<trkpt lat="30.62303679021383" lon="104.0780271225959"><ele>484</ele><time>2025-07-20T14:25:26.000Z</time></trkpt>
<trkpt lat="30.62303158851499" lon="104.0778819504075"><ele>484</ele><time>2025-07-20T14:25:28.000Z</time></trkpt>
<trkpt lat="30.62302978936637" lon="104.0777619050742"><ele>484</ele><time>2025-07-20T14:25:30.000Z</time></trkpt>
<trkpt lat="30.62302248623017" lon="104.077627881174"><ele>484</ele><time>2025-07-20T14:25:32.000Z</time></trkpt>
<trkpt lat="30.62302316751413" lon="104.0775049745435"><ele>485</ele><time>2025-07-20T14:25:34.000Z</time></trkpt>
<trkpt lat="30.62302882946846" lon="104.0773840640893"><ele>484</ele><time>2025-07-20T14:25:36.000Z</time></trkpt>
<trkpt lat="30.62299987775186" lon="104.0772712303472"><ele>485</ele><time>2025-07-20T14:25:38.000Z</time></trkpt>
<trkpt lat="30.62301744755903" lon="104.0771335043146"><ele>485</ele><time>2025-07-20T14:25:40.000Z</time></trkpt>
<trkpt lat="30.62300692150548" lon="104.0770142993469"><ele>485</ele><time>2025-07-20T14:25:42.000Z</time></trkpt>
<trkpt lat="30.62300913670243" lon="104.0768933873783"><ele>485</ele><time>2025-07-20T14:25:44.000Z</time></trkpt>
<trkpt lat="30.62300696013875" lon="104.076758355177"><ele>485</ele><time>2025-07-20T14:25:46.000Z</time></trkpt>
<trkpt lat="30.62301668731983" lon="104.0766392543073"><ele>485</ele><time>2025-07-20T14:25:48.000Z</time></trkpt>
<trkpt lat="30.62302141813706" lon="104.0764855817391"><ele>485</ele><time>2025-07-20T14:25:51.000Z</time></trkpt>
<trkpt lat="30.6230607350805" lon="104.0763633883864"><ele>485</ele><time>2025-07-20T14:25:53.000Z</time></trkpt>
<trkpt lat="30.62307360799561" lon="104.0762188761047"><ele>484</ele><time>2025-07-20T14:25:55.000Z</time></trkpt>
<trkpt lat="30.62309488130659" lon="104.0760633553047"><ele>485</ele><time>2025-07-20T14:25:57.000Z</time></trkpt>
<trkpt lat="30.62299420013508" lon="104.075945184199"><ele>485</ele><time>2025-07-20T14:25:59.000Z</time></trkpt>
<trkpt lat="30.62299152380812" lon="104.0758092072821"><ele>485</ele><time>2025-07-20T14:26:01.000Z</time></trkpt>
<trkpt lat="30.62298935601656" lon="104.0756924617205"><ele>485</ele><time>2025-07-20T14:26:03.000Z</time></trkpt>
<trkpt lat="30.62298186854392" lon="104.0755423475246"><ele>485</ele><time>2025-07-20T14:26:05.000Z</time></trkpt>
<trkpt lat="30.62297790429439" lon="104.0754357464165"><ele>485</ele><time>2025-07-20T14:26:07.000Z</time></trkpt>
<trkpt lat="30.62297280427574" lon="104.0752987028584"><ele>485</ele><time>2025-07-20T14:26:09.000Z</time></trkpt>
<trkpt lat="30.62296843117588" lon="104.0751812077799"><ele>486</ele><time>2025-07-20T14:26:11.000Z</time></trkpt>
<trkpt lat="30.62296453854857" lon="104.0750770336963"><ele>485</ele><time>2025-07-20T14:26:13.000Z</time></trkpt>
<trkpt lat="30.62295845939368" lon="104.0749147440628"><ele>486</ele><time>2025-07-20T14:26:15.000Z</time></trkpt>
<trkpt lat="30.62295381676424" lon="104.0747913090551"><ele>486</ele><time>2025-07-20T14:26:18.000Z</time></trkpt>
<trkpt lat="30.62294982586866" lon="104.0746850011463"><ele>486</ele><time>2025-07-20T14:26:21.000Z</time></trkpt>
<trkpt lat="30.6230400976183" lon="104.0746855076159"><ele>486</ele><time>2025-07-20T14:26:29.000Z</time></trkpt>
<trkpt lat="30.62304609720029" lon="104.0745779494962"><ele>486</ele><time>2025-07-20T14:27:53.000Z</time></trkpt>
<trkpt lat="30.62308007447411" lon="104.0744444518896"><ele>486</ele><time>2025-07-20T14:27:59.000Z</time></trkpt>
<trkpt lat="30.62310369071462" lon="104.0743254768729"><ele>486</ele><time>2025-07-20T14:28:01.000Z</time></trkpt>
<trkpt lat="30.62308210327133" lon="104.0742112316818"><ele>485</ele><time>2025-07-20T14:28:04.000Z</time></trkpt>
<trkpt lat="30.6230409677583" lon="104.0741124683694"><ele>486</ele><time>2025-07-20T14:28:07.000Z</time></trkpt>
<trkpt lat="30.62296053565402" lon="104.0740061005543"><ele>486</ele><time>2025-07-20T14:28:10.000Z</time></trkpt>
<trkpt lat="30.62292881426295" lon="104.0738899312353"><ele>485</ele><time>2025-07-20T14:28:13.000Z</time></trkpt>
<trkpt lat="30.62291967713265" lon="104.0737674528266"><ele>485</ele><time>2025-07-20T14:28:16.000Z</time></trkpt>
<trkpt lat="30.62292269025401" lon="104.0735674469261"><ele>485</ele><time>2025-07-20T14:28:19.000Z</time></trkpt>
<trkpt lat="30.62293403366436" lon="104.0734357559449"><ele>486</ele><time>2025-07-20T14:28:21.000Z</time></trkpt>
<trkpt lat="30.62298989941731" lon="104.0733430829202"><ele>486</ele><time>2025-07-20T14:28:23.000Z</time></trkpt>
<trkpt lat="30.62307203093726" lon="104.0732622889046"><ele>485</ele><time>2025-07-20T14:28:24.000Z</time></trkpt>
<trkpt lat="30.62315643328019" lon="104.0731708480305"><ele>485</ele><time>2025-07-20T14:28:26.000Z</time></trkpt>
<trkpt lat="30.62313955991243" lon="104.0730049886499"><ele>485</ele><time>2025-07-20T14:28:30.000Z</time></trkpt>
<trkpt lat="30.62317487936444" lon="104.0728961687795"><ele>485</ele><time>2025-07-20T14:28:31.000Z</time></trkpt>
<trkpt lat="30.62324069342555" lon="104.0727042125982"><ele>485</ele><time>2025-07-20T14:28:33.000Z</time></trkpt>
<trkpt lat="30.62326434405142" lon="104.0725847211188"><ele>486</ele><time>2025-07-20T14:28:35.000Z</time></trkpt>
<trkpt lat="30.62323697976566" lon="104.0724061823326"><ele>486</ele><time>2025-07-20T14:28:37.000Z</time></trkpt>
<trkpt lat="30.62326106378442" lon="104.0722930761253"><ele>487</ele><time>2025-07-20T14:28:39.000Z</time></trkpt>
<trkpt lat="30.62324679569776" lon="104.0721482337185"><ele>486</ele><time>2025-07-20T14:28:41.000Z</time></trkpt>
<trkpt lat="30.62321089383211" lon="104.0720460731057"><ele>486</ele><time>2025-07-20T14:28:43.000Z</time></trkpt>
<trkpt lat="30.62315718508013" lon="104.071931093772"><ele>486</ele><time>2025-07-20T14:28:45.000Z</time></trkpt>
<trkpt lat="30.62322305806234" lon="104.0718378872705"><ele>487</ele><time>2025-07-20T14:28:47.000Z</time></trkpt>
<trkpt lat="30.62321949432753" lon="104.0717150855364"><ele>487</ele><time>2025-07-20T14:28:52.000Z</time></trkpt>
<trkpt lat="30.62321641760714" lon="104.0716088561327"><ele>486</ele><time>2025-07-20T14:28:56.000Z</time></trkpt>
<trkpt lat="30.62321297709369" lon="104.0714904326069"><ele>486</ele><time>2025-07-20T14:29:01.000Z</time></trkpt>
<trkpt lat="30.62304208773966" lon="104.0714726779666"><ele>487</ele><time>2025-07-20T14:29:02.000Z</time></trkpt>
<trkpt lat="30.62301383704464" lon="104.0713493834451"><ele>487</ele><time>2025-07-20T14:29:07.000Z</time></trkpt>
<trkpt lat="30.62300815069225" lon="104.0712402267473"><ele>487</ele><time>2025-07-20T14:29:11.000Z</time></trkpt>
<trkpt lat="30.62300594882064" lon="104.0711301265079"><ele>487</ele><time>2025-07-20T14:29:15.000Z</time></trkpt>
<trkpt lat="30.62300083894877" lon="104.07102182415"><ele>487</ele><time>2025-07-20T14:29:19.000Z</time></trkpt>
<trkpt lat="30.6229810814133" lon="104.070910475534"><ele>487</ele><time>2025-07-20T14:29:24.000Z</time></trkpt>
<trkpt lat="30.62295626200585" lon="104.0707988720559"><ele>487</ele><time>2025-07-20T14:29:30.000Z</time></trkpt>
<trkpt lat="30.62295213709165" lon="104.0706931176572"><ele>488</ele><time>2025-07-20T14:29:35.000Z</time></trkpt>
<trkpt lat="30.62294820236799" lon="104.0705810630154"><ele>488</ele><time>2025-07-20T14:29:40.000Z</time></trkpt>
<trkpt lat="30.62293711529984" lon="104.0704616102846"><ele>487</ele><time>2025-07-20T14:29:45.000Z</time></trkpt>
<trkpt lat="30.62293973761871" lon="104.0703172146501"><ele>488</ele><time>2025-07-20T14:29:49.000Z</time></trkpt>
<trkpt lat="30.62292741035864" lon="104.0702039698157"><ele>487</ele><time>2025-07-20T14:29:52.000Z</time></trkpt>
<trkpt lat="30.62292223187774" lon="104.0700934456636"><ele>487</ele><time>2025-07-20T14:29:55.000Z</time></trkpt>
<trkpt lat="30.62291882469792" lon="104.0699831203088"><ele>486</ele><time>2025-07-20T14:29:58.000Z</time></trkpt>
<trkpt lat="30.62292000650183" lon="104.0698640452413"><ele>486</ele><time>2025-07-20T14:30:01.000Z</time></trkpt>
<trkpt lat="30.62291870518336" lon="104.0697445357222"><ele>487</ele><time>2025-07-20T14:30:04.000Z</time></trkpt>
<trkpt lat="30.6229215127272" lon="104.0696209789108"><ele>487</ele><time>2025-07-20T14:30:07.000Z</time></trkpt>
<trkpt lat="30.62292193592475" lon="104.0694965924837"><ele>487</ele><time>2025-07-20T14:30:10.000Z</time></trkpt>
<trkpt lat="30.62291159107877" lon="104.0693681763216"><ele>486</ele><time>2025-07-20T14:30:13.000Z</time></trkpt>
<trkpt lat="30.62290456641827" lon="104.069244743503"><ele>486</ele><time>2025-07-20T14:30:16.000Z</time></trkpt>
<trkpt lat="30.622898704682" lon="104.069126149815"><ele>486</ele><time>2025-07-20T14:30:19.000Z</time></trkpt>
<trkpt lat="30.62290059592274" lon="104.06900686353"><ele>486</ele><time>2025-07-20T14:30:22.000Z</time></trkpt>
<trkpt lat="30.62288484940705" lon="104.0688759476612"><ele>486</ele><time>2025-07-20T14:30:25.000Z</time></trkpt>
<trkpt lat="30.62288087007177" lon="104.0687383562238"><ele>485</ele><time>2025-07-20T14:30:28.000Z</time></trkpt>
<trkpt lat="30.62287536899157" lon="104.0686109953757"><ele>485</ele><time>2025-07-20T14:30:31.000Z</time></trkpt>
<trkpt lat="30.62287418458267" lon="104.0684694218729"><ele>485</ele><time>2025-07-20T14:30:34.000Z</time></trkpt>
<trkpt lat="30.6228632143868" lon="104.0683359264615"><ele>485</ele><time>2025-07-20T14:30:37.000Z</time></trkpt>
<trkpt lat="30.6228612302708" lon="104.0682070531628"><ele>485</ele><time>2025-07-20T14:30:40.000Z</time></trkpt>
<trkpt lat="30.62286195245328" lon="104.0680872330509"><ele>484</ele><time>2025-07-20T14:30:43.000Z</time></trkpt>
<trkpt lat="30.62287071908221" lon="104.0679576747171"><ele>484</ele><time>2025-07-20T14:30:46.000Z</time></trkpt>
<trkpt lat="30.62288896382921" lon="104.0678363632309"><ele>484</ele><time>2025-07-20T14:30:49.000Z</time></trkpt>
<trkpt lat="30.6228845309869" lon="104.0676954353854"><ele>484</ele><time>2025-07-20T14:30:53.000Z</time></trkpt>
<trkpt lat="30.6228845309869" lon="104.0676954353855"><ele>483</ele><time>2025-07-20T12:44:47.000Z</time></trkpt>
<trkpt lat="30.6228845309869" lon="104.0676954353855"><ele>484</ele><time>2025-07-20T12:44:48.000Z</time></trkpt>
<trkpt lat="30.6228845309869" lon="104.0676954353855"><ele>484</ele><time>2025-07-20T12:44:49.000Z</time></trkpt>
<trkpt lat="30.6228845309869" lon="104.0676954353855"><ele>484</ele><time>2025-07-20T12:44:50.000Z</time></trkpt>
<trkpt lat="30.6228845309869" lon="104.0676954353855"><ele>484</ele><time>2025-07-20T12:44:51.000Z</time></trkpt>
<trkpt lat="30.6228845309869" lon="104.0676954353855"><ele>484</ele><time>2025-07-20T12:44:52.000Z</time></trkpt>
<trkpt lat="30.6228845309869" lon="104.0676954353855"><ele>484</ele><time>2025-07-20T12:44:53.000Z</time></trkpt>
<trkpt lat="30.6228845309869" lon="104.0676954353855"><ele>484</ele><time>2025-07-20T12:44:54.000Z</time></trkpt>
<trkpt lat="30.6228845309869" lon="104.0676954353855"><ele>484</ele><time>2025-07-20T12:44:55.000Z</time></trkpt>
<trkpt lat="30.6228845309869" lon="104.0676954353855"><ele>484</ele><time>2025-07-20T12:44:56.000Z</time></trkpt>
<trkpt lat="30.6228845309869" lon="104.0676954353855"><ele>484</ele><time>2025-07-20T12:44:57.000Z</time></trkpt>
<trkpt lat="30.6228845309869" lon="104.0676954353855"><ele>483</ele><time>2025-07-20T12:44:58.000Z</time></trkpt>
<trkpt lat="30.6228845309869" lon="104.0676954353855"><ele>483</ele><time>2025-07-20T12:44:59.000Z</time></trkpt>
<trkpt lat="30.6228845309869" lon="104.0676954353855"><ele>483</ele><time>2025-07-20T12:45:00.000Z</time></trkpt>
<trkpt lat="30.6228845309869" lon="104.0676954353855"><ele>483</ele><time>2025-07-20T12:45:01.000Z</time></trkpt>
<trkpt lat="30.6228845309869" lon="104.0676954353855"><ele>483</ele><time>2025-07-20T12:45:02.000Z</time></trkpt>
<trkpt lat="30.6228845309869" lon="104.0676954353855"><ele>483</ele><time>2025-07-20T12:45:03.000Z</time></trkpt>
<trkpt lat="30.6228845309869" lon="104.0676954353855"><ele>483</ele><time>2025-07-20T12:45:04.000Z</time></trkpt>
<trkpt lat="30.6228845309869" lon="104.0676954353855"><ele>483</ele><time>2025-07-20T12:45:05.000Z</time></trkpt>
<trkpt lat="30.6228845309869" lon="104.0676954353855"><ele>483</ele><time>2025-07-20T12:45:06.000Z</time></trkpt>
<trkpt lat="30.6228845309869" lon="104.0676954353855"><ele>484</ele><time>2025-07-20T12:45:07.000Z</time></trkpt>
<trkpt lat="30.6228845309869" lon="104.0676954353855"><ele>483</ele><time>2025-07-20T12:45:08.000Z</time></trkpt>
<trkpt lat="30.6228845309869" lon="104.0676954353855"><ele>483</ele><time>2025-07-20T12:45:09.000Z</time></trkpt>
<trkpt lat="30.6228845309869" lon="104.0676954353855"><ele>483</ele><time>2025-07-20T12:45:10.000Z</time></trkpt>
<trkpt lat="30.6228845309869" lon="104.0676954353855"><ele>483</ele><time>2025-07-20T12:45:11.000Z</time></trkpt>
<trkpt lat="30.6228845309869" lon="104.0676954353855"><ele>483</ele><time>2025-07-20T12:45:12.000Z</time></trkpt>
<trkpt lat="30.6228845309869" lon="104.0676954353855"><ele>483</ele><time>2025-07-20T12:45:13.000Z</time></trkpt>
<trkpt lat="30.6228845309869" lon="104.0676954353855"><ele>483</ele><time>2025-07-20T12:45:14.000Z</time></trkpt>
<trkpt lat="30.6228845309869" lon="104.0676954353855"><ele>484</ele><time>2025-07-20T12:45:15.000Z</time></trkpt>
<trkpt lat="30.6228845309869" lon="104.0676954353855"><ele>484</ele><time>2025-07-20T12:45:16.000Z</time></trkpt>
<trkpt lat="30.6228845309869" lon="104.0676954353855"><ele>484</ele><time>2025-07-20T12:45:17.000Z</time></trkpt>
<trkpt lat="30.6228845309869" lon="104.0676954353855"><ele>484</ele><time>2025-07-20T12:45:18.000Z</time></trkpt>
<trkpt lat="30.6228845309869" lon="104.0676954353855"><ele>484</ele><time>2025-07-20T12:45:19.000Z</time></trkpt>
<trkpt lat="30.6228845309869" lon="104.0676954353855"><ele>484</ele><time>2025-07-20T12:45:20.000Z</time></trkpt>
<trkpt lat="30.6228845309869" lon="104.0676954353855"><ele>483</ele><time>2025-07-20T12:45:21.000Z</time></trkpt>
<trkpt lat="30.6228845309869" lon="104.0676954353855"><ele>484</ele><time>2025-07-20T12:45:22.000Z</time></trkpt>
<trkpt lat="30.6228845309869" lon="104.0676954353855"><ele>484</ele><time>2025-07-20T12:45:23.000Z</time></trkpt>
<trkpt lat="30.6228845309869" lon="104.0676954353855"><ele>484</ele><time>2025-07-20T12:45:24.000Z</time></trkpt>
<trkpt lat="30.6228845309869" lon="104.0676954353855"><ele>484</ele><time>2025-07-20T12:45:25.000Z</time></trkpt>
<trkpt lat="30.6228845309869" lon="104.0676954353855"><ele>484</ele><time>2025-07-20T12:45:26.000Z</time></trkpt>
<trkpt lat="30.6228845309869" lon="104.0676954353855"><ele>484</ele><time>2025-07-20T12:45:27.000Z</time></trkpt>
<trkpt lat="30.6228845309869" lon="104.0676954353855"><ele>484</ele><time>2025-07-20T12:45:28.000Z</time></trkpt>
<trkpt lat="30.6228845309869" lon="104.0676954353855"><ele>484</ele><time>2025-07-20T12:45:29.000Z</time></trkpt>
<trkpt lat="30.6228845309869" lon="104.0676954353855"><ele>484</ele><time>2025-07-20T12:45:30.000Z</time></trkpt>
<trkpt lat="30.6228845309869" lon="104.0676954353855"><ele>483</ele><time>2025-07-20T12:45:31.000Z</time></trkpt>
<trkpt lat="30.6228845309869" lon="104.0676954353855"><ele>484</ele><time>2025-07-20T12:45:32.000Z</time></trkpt>
<trkpt lat="30.6228845309869" lon="104.0676954353855"><ele>484</ele><time>2025-07-20T12:45:33.000Z</time></trkpt>
<trkpt lat="30.6228845309869" lon="104.0676954353855"><ele>484</ele><time>2025-07-20T12:45:34.000Z</time></trkpt>
<trkpt lat="30.6228845309869" lon="104.0676954353855"><ele>484</ele><time>2025-07-20T12:45:35.000Z</time></trkpt>
<trkpt lat="30.6228845309869" lon="104.0676954353855"><ele>484</ele><time>2025-07-20T12:45:36.000Z</time></trkpt>
<trkpt lat="30.6228845309869" lon="104.0676954353855"><ele>485</ele><time>2025-07-20T12:45:37.000Z</time></trkpt>
<trkpt lat="30.6228845309869" lon="104.0676954353855"><ele>485</ele><time>2025-07-20T12:45:38.000Z</time></trkpt>
<trkpt lat="30.6228845309869" lon="104.0676954353855"><ele>485</ele><time>2025-07-20T12:45:39.000Z</time></trkpt>
<trkpt lat="30.6228845309869" lon="104.0676954353855"><ele>485</ele><time>2025-07-20T12:45:40.000Z</time></trkpt>
<trkpt lat="30.6228845309869" lon="104.0676954353855"><ele>485</ele><time>2025-07-20T12:45:41.000Z</time></trkpt>
<trkpt lat="30.6228845309869" lon="104.0676954353855"><ele>486</ele><time>2025-07-20T12:45:42.000Z</time></trkpt>
<trkpt lat="30.6228845309869" lon="104.0676954353855"><ele>485</ele><time>2025-07-20T12:45:43.000Z</time></trkpt>
<trkpt lat="30.6228845309869" lon="104.0676954353855"><ele>485</ele><time>2025-07-20T12:45:44.000Z</time></trkpt>
<trkpt lat="30.6228845309869" lon="104.0676954353855"><ele>485</ele><time>2025-07-20T12:45:45.000Z</time></trkpt>
<trkpt lat="30.6228845309869" lon="104.0676954353855"><ele>486</ele><time>2025-07-20T12:45:46.000Z</time></trkpt>
<trkpt lat="30.6228845309869" lon="104.0676954353855"><ele>485</ele><time>2025-07-20T12:45:47.000Z</time></trkpt>
<trkpt lat="30.6228845309869" lon="104.0676954353855"><ele>485</ele><time>2025-07-20T12:45:48.000Z</time></trkpt>
<trkpt lat="30.6228845309869" lon="104.0676954353855"><ele>484</ele><time>2025-07-20T12:45:49.000Z</time></trkpt>
<trkpt lat="30.6228845309869" lon="104.0676954353855"><ele>485</ele><time>2025-07-20T12:45:50.000Z</time></trkpt>
<trkpt lat="30.6228845309869" lon="104.0676954353855"><ele>484</ele><time>2025-07-20T12:45:51.000Z</time></trkpt>
<trkpt lat="30.6228845309869" lon="104.0676954353855"><ele>484</ele><time>2025-07-20T12:45:52.000Z</time></trkpt>
<trkpt lat="30.6228845309869" lon="104.0676954353855"><ele>484</ele><time>2025-07-20T12:45:53.000Z</time></trkpt>
<trkpt lat="30.6228845309869" lon="104.0676954353855"><ele>484</ele><time>2025-07-20T12:45:54.000Z</time></trkpt>
<trkpt lat="30.6228845309869" lon="104.0676954353855"><ele>483</ele><time>2025-07-20T12:45:55.000Z</time></trkpt>
<trkpt lat="30.6228845309869" lon="104.0676954353855"><ele>483</ele><time>2025-07-20T12:45:56.000Z</time></trkpt>
<trkpt lat="30.6228845309869" lon="104.0676954353855"><ele>483</ele><time>2025-07-20T12:45:57.000Z</time></trkpt>
<trkpt lat="30.6228845309869" lon="104.0676954353855"><ele>482</ele><time>2025-07-20T12:45:58.000Z</time></trkpt>
<trkpt lat="30.6228845309869" lon="104.0676954353855"><ele>482</ele><time>2025-07-20T12:45:59.000Z</time></trkpt>
<trkpt lat="30.6228845309869" lon="104.0676954353855"><ele>483</ele><time>2025-07-20T12:46:00.000Z</time></trkpt>
<trkpt lat="30.6228845309869" lon="104.0676954353855"><ele>483</ele><time>2025-07-20T12:46:01.000Z</time></trkpt>
<trkpt lat="30.6228845309869" lon="104.0676954353855"><ele>483</ele><time>2025-07-20T12:46:02.000Z</time></trkpt>
<trkpt lat="30.6228845309869" lon="104.0676954353855"><ele>483</ele><time>2025-07-20T12:46:03.000Z</time></trkpt>
<trkpt lat="30.6228845309869" lon="104.0676954353855"><ele>483</ele><time>2025-07-20T12:46:04.000Z</time></trkpt>
<trkpt lat="30.6228845309869" lon="104.0676954353855"><ele>483</ele><time>2025-07-20T12:46:05.000Z</time></trkpt>
<trkpt lat="30.6228845309869" lon="104.0676954353855"><ele>483</ele><time>2025-07-20T12:46:06.000Z</time></trkpt>
<trkpt lat="30.6228845309869" lon="104.0676954353855"><ele>483</ele><time>2025-07-20T12:46:07.000Z</time></trkpt>
<trkpt lat="30.6228845309869" lon="104.0676954353855"><ele>484</ele><time>2025-07-20T12:46:08.000Z</time></trkpt>
<trkpt lat="30.6228845309869" lon="104.0676954353855"><ele>484</ele><time>2025-07-20T12:46:09.000Z</time></trkpt>
<trkpt lat="30.6228845309869" lon="104.0676954353855"><ele>484</ele><time>2025-07-20T12:46:10.000Z</time></trkpt>
<trkpt lat="30.6228845309869" lon="104.0676954353855"><ele>484</ele><time>2025-07-20T12:46:11.000Z</time></trkpt>
<trkpt lat="30.6228845309869" lon="104.0676954353855"><ele>484</ele><time>2025-07-20T12:46:12.000Z</time></trkpt>
<trkpt lat="30.6228845309869" lon="104.0676954353855"><ele>484</ele><time>2025-07-20T12:46:13.000Z</time></trkpt>
<trkpt lat="30.6228845309869" lon="104.0676954353855"><ele>484</ele><time>2025-07-20T12:46:14.000Z</time></trkpt>
<trkpt lat="30.6228845309869" lon="104.0676954353855"><ele>485</ele><time>2025-07-20T12:46:15.000Z</time></trkpt>
<trkpt lat="30.6228845309869" lon="104.0676954353855"><ele>485</ele><time>2025-07-20T12:46:16.000Z</time></trkpt>
<trkpt lat="30.6228845309869" lon="104.0676954353855"><ele>484</ele><time>2025-07-20T12:46:17.000Z</time></trkpt>
<trkpt lat="30.6228845309869" lon="104.0676954353855"><ele>484</ele><time>2025-07-20T12:46:18.000Z</time></trkpt>
<trkpt lat="30.6228845309869" lon="104.0676954353855"><ele>484</ele><time>2025-07-20T12:46:19.000Z</time></trkpt>
<trkpt lat="30.6228845309869" lon="104.0676954353855"><ele>484</ele><time>2025-07-20T12:46:20.000Z</time></trkpt>
<trkpt lat="30.6228845309869" lon="104.0676954353855"><ele>484</ele><time>2025-07-20T12:46:21.000Z</time></trkpt>
<trkpt lat="30.6228845309869" lon="104.0676954353855"><ele>483</ele><time>2025-07-20T12:46:22.000Z</time></trkpt>
<trkpt lat="30.6228845309869" lon="104.0676954353855"><ele>483</ele><time>2025-07-20T12:46:23.000Z</time></trkpt>
<trkpt lat="30.6228845309869" lon="104.0676954353855"><ele>483</ele><time>2025-07-20T12:46:24.000Z</time></trkpt>
<trkpt lat="30.6228845309869" lon="104.0676954353855"><ele>483</ele><time>2025-07-20T12:46:25.000Z</time></trkpt>
<trkpt lat="30.6228845309869" lon="104.0676954353855"><ele>484</ele><time>2025-07-20T12:46:26.000Z</time></trkpt>
<trkpt lat="30.6228845309869" lon="104.0676954353855"><ele>484</ele><time>2025-07-20T12:46:27.000Z</time></trkpt>
<trkpt lat="30.6228845309869" lon="104.0676954353855"><ele>484</ele><time>2025-07-20T12:46:28.000Z</time></trkpt>
<trkpt lat="30.6228845309869" lon="104.0676954353855"><ele>483</ele><time>2025-07-20T12:46:29.000Z</time></trkpt>
<trkpt lat="30.6228845309869" lon="104.0676954353855"><ele>482</ele><time>2025-07-20T12:46:30.000Z</time></trkpt>
<trkpt lat="30.6228845309869" lon="104.0676954353855"><ele>482</ele><time>2025-07-20T12:46:31.000Z</time></trkpt>
<trkpt lat="30.6228845309869" lon="104.0676954353855"><ele>482</ele><time>2025-07-20T12:46:32.000Z</time></trkpt>
<trkpt lat="30.6228845309869" lon="104.0676954353855"><ele>482</ele><time>2025-07-20T12:46:33.000Z</time></trkpt>
<trkpt lat="30.6228845309869" lon="104.0676954353855"><ele>483</ele><time>2025-07-20T12:46:34.000Z</time></trkpt>
<trkpt lat="30.6228845309869" lon="104.0676954353855"><ele>482</ele><time>2025-07-20T12:46:35.000Z</time></trkpt>
<trkpt lat="30.6228845309869" lon="104.0676954353855"><ele>483</ele><time>2025-07-20T12:46:36.000Z</time></trkpt>
<trkpt lat="30.6228845309869" lon="104.0676954353855"><ele>483</ele><time>2025-07-20T12:46:37.000Z</time></trkpt>
<trkpt lat="30.6228845309869" lon="104.0676954353855"><ele>483</ele><time>2025-07-20T12:46:38.000Z</time></trkpt>
<trkpt lat="30.6228845309869" lon="104.0676954353855"><ele>484</ele><time>2025-07-20T12:46:39.000Z</time></trkpt>
<trkpt lat="30.6228845309869" lon="104.0676954353855"><ele>484</ele><time>2025-07-20T12:46:40.000Z</time></trkpt>
<trkpt lat="30.6228845309869" lon="104.0676954353855"><ele>484</ele><time>2025-07-20T12:46:41.000Z</time></trkpt>
<trkpt lat="30.6228845309869" lon="104.0676954353855"><ele>483</ele><time>2025-07-20T12:46:42.000Z</time></trkpt>
<trkpt lat="30.6228845309869" lon="104.0676954353855"><ele>484</ele><time>2025-07-20T12:46:43.000Z</time></trkpt>
<trkpt lat="30.6228845309869" lon="104.0676954353855"><ele>485</ele><time>2025-07-20T12:46:44.000Z</time></trkpt>
<trkpt lat="30.6228845309869" lon="104.0676954353855"><ele>485</ele><time>2025-07-20T12:46:45.000Z</time></trkpt>
<trkpt lat="30.6228845309869" lon="104.0676954353855"><ele>485</ele><time>2025-07-20T12:46:46.000Z</time></trkpt>
<trkpt lat="30.6228845309869" lon="104.0676954353855"><ele>486</ele><time>2025-07-20T12:46:47.000Z</time></trkpt>
<trkpt lat="30.6228845309869" lon="104.0676954353855"><ele>485</ele><time>2025-07-20T12:46:48.000Z</time></trkpt>
<trkpt lat="30.6228845309869" lon="104.0676954353855"><ele>486</ele><time>2025-07-20T12:46:49.000Z</time></trkpt>
<trkpt lat="30.6228845309869" lon="104.0676954353855"><ele>485</ele><time>2025-07-20T12:46:50.000Z</time></trkpt>
<trkpt lat="30.6228845309869" lon="104.0676954353855"><ele>485</ele><time>2025-07-20T12:46:51.000Z</time></trkpt>
<trkpt lat="30.6228845309869" lon="104.0676954353855"><ele>485</ele><time>2025-07-20T12:46:52.000Z</time></trkpt>
<trkpt lat="30.6228845309869" lon="104.0676954353855"><ele>485</ele><time>2025-07-20T12:46:53.000Z</time></trkpt>
<trkpt lat="30.6228845309869" lon="104.0676954353855"><ele>485</ele><time>2025-07-20T12:46:54.000Z</time></trkpt>
<trkpt lat="30.6228845309869" lon="104.0676954353855"><ele>485</ele><time>2025-07-20T12:46:55.000Z</time></trkpt>
<trkpt lat="30.6228845309869" lon="104.0676954353855"><ele>485</ele><time>2025-07-20T12:46:56.000Z</time></trkpt>
<trkpt lat="30.6228845309869" lon="104.0676954353855"><ele>485</ele><time>2025-07-20T12:46:57.000Z</time></trkpt>
<trkpt lat="30.6228845309869" lon="104.0676954353855"><ele>485</ele><time>2025-07-20T12:46:58.000Z</time></trkpt>
<trkpt lat="30.6228845309869" lon="104.0676954353855"><ele>484</ele><time>2025-07-20T12:46:59.000Z</time></trkpt>
<trkpt lat="30.6228845309869" lon="104.0676954353855"><ele>483</ele><time>2025-07-20T12:47:00.000Z</time></trkpt>
<trkpt lat="30.6228845309869" lon="104.0676954353855"><ele>483</ele><time>2025-07-20T12:47:01.000Z</time></trkpt>
<trkpt lat="30.6228845309869" lon="104.0676954353855"><ele>482</ele><time>2025-07-20T12:47:02.000Z</time></trkpt>
<trkpt lat="30.6228845309869" lon="104.0676954353855"><ele>482</ele><time>2025-07-20T12:47:03.000Z</time></trkpt>
<trkpt lat="30.6228845309869" lon="104.0676954353855"><ele>482</ele><time>2025-07-20T12:47:04.000Z</time></trkpt>
<trkpt lat="30.6228845309869" lon="104.0676954353855"><ele>481</ele><time>2025-07-20T12:47:05.000Z</time></trkpt>
<trkpt lat="30.6228845309869" lon="104.0676954353855"><ele>481</ele><time>2025-07-20T12:47:06.000Z</time></trkpt>
<trkpt lat="30.6228845309869" lon="104.0676954353855"><ele>482</ele><time>2025-07-20T12:47:07.000Z</time></trkpt>
<trkpt lat="30.6228845309869" lon="104.0676954353855"><ele>482</ele><time>2025-07-20T12:47:08.000Z</time></trkpt>
<trkpt lat="30.6228845309869" lon="104.0676954353855"><ele>482</ele><time>2025-07-20T12:47:09.000Z</time></trkpt>
<trkpt lat="30.6228845309869" lon="104.0676954353855"><ele>482</ele><time>2025-07-20T12:47:10.000Z</time></trkpt>
<trkpt lat="30.6228845309869" lon="104.0676954353855"><ele>482</ele><time>2025-07-20T12:47:11.000Z</time></trkpt>
<trkpt lat="30.6228845309869" lon="104.0676954353855"><ele>482</ele><time>2025-07-20T12:47:12.000Z</time></trkpt>
<trkpt lat="30.6228845309869" lon="104.0676954353855"><ele>482</ele><time>2025-07-20T12:47:13.000Z</time></trkpt>
<trkpt lat="30.6228845309869" lon="104.0676954353855"><ele>482</ele><time>2025-07-20T12:47:14.000Z</time></trkpt>
<trkpt lat="30.6228845309869" lon="104.0676954353855"><ele>482</ele><time>2025-07-20T12:47:15.000Z</time></trkpt>
<trkpt lat="30.6228845309869" lon="104.0676954353855"><ele>482</ele><time>2025-07-20T12:47:16.000Z</time></trkpt>
<trkpt lat="30.6228845309869" lon="104.0676954353855"><ele>481</ele><time>2025-07-20T12:47:17.000Z</time></trkpt>
<trkpt lat="30.6228845309869" lon="104.0676954353855"><ele>481</ele><time>2025-07-20T12:47:18.000Z</time></trkpt>
<trkpt lat="30.6228845309869" lon="104.0676954353855"><ele>481</ele><time>2025-07-20T12:47:19.000Z</time></trkpt>
<trkpt lat="30.6228845309869" lon="104.0676954353855"><ele>482</ele><time>2025-07-20T12:47:20.000Z</time></trkpt>
<trkpt lat="30.6228845309869" lon="104.0676954353855"><ele>482</ele><time>2025-07-20T12:47:21.000Z</time></trkpt>
<trkpt lat="30.6228845309869" lon="104.0676954353855"><ele>482</ele><time>2025-07-20T12:47:22.000Z</time></trkpt>
<trkpt lat="30.6228845309869" lon="104.0676954353855"><ele>482</ele><time>2025-07-20T12:47:23.000Z</time></trkpt>
<trkpt lat="30.6228845309869" lon="104.0676954353855"><ele>482</ele><time>2025-07-20T12:47:24.000Z</time></trkpt>
<trkpt lat="30.6228845309869" lon="104.0676954353855"><ele>482</ele><time>2025-07-20T12:47:25.000Z</time></trkpt>
<trkpt lat="30.6228845309869" lon="104.0676954353855"><ele>482</ele><time>2025-07-20T12:47:26.000Z</time></trkpt>
<trkpt lat="30.6228845309869" lon="104.0676954353855"><ele>481</ele><time>2025-07-20T12:47:27.000Z</time></trkpt>
<trkpt lat="30.6228845309869" lon="104.0676954353855"><ele>481</ele><time>2025-07-20T12:47:28.000Z</time></trkpt>
<trkpt lat="30.6228845309869" lon="104.0676954353855"><ele>481</ele><time>2025-07-20T12:47:29.000Z</time></trkpt>
<trkpt lat="30.6228845309869" lon="104.0676954353855"><ele>480</ele><time>2025-07-20T12:47:30.000Z</time></trkpt>
<trkpt lat="30.6228845309869" lon="104.0676954353855"><ele>480</ele><time>2025-07-20T12:47:31.000Z</time></trkpt>
<trkpt lat="30.6228845309869" lon="104.0676954353855"><ele>480</ele><time>2025-07-20T12:47:32.000Z</time></trkpt>
<trkpt lat="30.6228845309869" lon="104.0676954353855"><ele>480</ele><time>2025-07-20T12:47:33.000Z</time></trkpt>
<trkpt lat="30.6228845309869" lon="104.0676954353855"><ele>479</ele><time>2025-07-20T12:47:34.000Z</time></trkpt>
<trkpt lat="30.6228845309869" lon="104.0676954353855"><ele>479</ele><time>2025-07-20T12:47:35.000Z</time></trkpt>
<trkpt lat="30.6228845309869" lon="104.0676954353855"><ele>479</ele><time>2025-07-20T12:47:36.000Z</time></trkpt>
<trkpt lat="30.6228845309869" lon="104.0676954353855"><ele>479</ele><time>2025-07-20T12:47:37.000Z</time></trkpt>
<trkpt lat="30.6228845309869" lon="104.0676954353855"><ele>479</ele><time>2025-07-20T12:47:38.000Z</time></trkpt>
<trkpt lat="30.6228845309869" lon="104.0676954353855"><ele>480</ele><time>2025-07-20T12:47:39.000Z</time></trkpt>
<trkpt lat="30.6228845309869" lon="104.0676954353855"><ele>480</ele><time>2025-07-20T12:47:40.000Z</time></trkpt>
<trkpt lat="30.6228845309869" lon="104.0676954353855"><ele>480</ele><time>2025-07-20T12:47:41.000Z</time></trkpt>
<trkpt lat="30.6228845309869" lon="104.0676954353855"><ele>480</ele><time>2025-07-20T12:47:42.000Z</time></trkpt>
<trkpt lat="30.6228845309869" lon="104.0676954353855"><ele>480</ele><time>2025-07-20T12:47:43.000Z</time></trkpt>
<trkpt lat="30.6228845309869" lon="104.0676954353855"><ele>480</ele><time>2025-07-20T12:47:44.000Z</time></trkpt>
<trkpt lat="30.6228845309869" lon="104.0676954353855"><ele>480</ele><time>2025-07-20T12:47:45.000Z</time></trkpt>
<trkpt lat="30.6228845309869" lon="104.0676954353855"><ele>480</ele><time>2025-07-20T12:47:46.000Z</time></trkpt>
<trkpt lat="30.6228845309869" lon="104.0676954353855"><ele>479</ele><time>2025-07-20T12:47:47.000Z</time></trkpt>
<trkpt lat="30.6228845309869" lon="104.0676954353855"><ele>479</ele><time>2025-07-20T12:47:48.000Z</time></trkpt>
<trkpt lat="30.6228845309869" lon="104.0676954353855"><ele>479</ele><time>2025-07-20T12:47:49.000Z</time></trkpt>
<trkpt lat="30.6228845309869" lon="104.0676954353855"><ele>479</ele><time>2025-07-20T12:47:50.000Z</time></trkpt>
<trkpt lat="30.6228845309869" lon="104.0676954353855"><ele>479</ele><time>2025-07-20T12:47:51.000Z</time></trkpt>
<trkpt lat="30.6228845309869" lon="104.0676954353855"><ele>478</ele><time>2025-07-20T12:47:52.000Z</time></trkpt>
<trkpt lat="30.6228845309869" lon="104.0676954353855"><ele>478</ele><time>2025-07-20T12:47:53.000Z</time></trkpt>
<trkpt lat="30.6228845309869" lon="104.0676954353855"><ele>478</ele><time>2025-07-20T12:47:54.000Z</time></trkpt>
<trkpt lat="30.6228845309869" lon="104.0676954353855"><ele>478</ele><time>2025-07-20T12:47:55.000Z</time></trkpt>
<trkpt lat="30.6228845309869" lon="104.0676954353855"><ele>477</ele><time>2025-07-20T12:47:56.000Z</time></trkpt>
<trkpt lat="30.6228845309869" lon="104.0676954353855"><ele>477</ele><time>2025-07-20T12:47:57.000Z</time></trkpt>
<trkpt lat="30.6228845309869" lon="104.0676954353855"><ele>477</ele><time>2025-07-20T12:47:58.000Z</time></trkpt>
<trkpt lat="30.6228845309869" lon="104.0676954353855"><ele>477</ele><time>2025-07-20T12:47:59.000Z</time></trkpt>
<trkpt lat="30.6228845309869" lon="104.0676954353855"><ele>477</ele><time>2025-07-20T12:48:00.000Z</time></trkpt>
<trkpt lat="30.6228845309869" lon="104.0676954353855"><ele>478</ele><time>2025-07-20T12:48:01.000Z</time></trkpt>
<trkpt lat="30.6228845309869" lon="104.0676954353855"><ele>478</ele><time>2025-07-20T12:48:02.000Z</time></trkpt>
<trkpt lat="30.6228845309869" lon="104.0676954353855"><ele>478</ele><time>2025-07-20T12:48:03.000Z</time></trkpt>
<trkpt lat="30.6228845309869" lon="104.0676954353855"><ele>478</ele><time>2025-07-20T12:48:04.000Z</time></trkpt>
<trkpt lat="30.6228845309869" lon="104.0676954353855"><ele>477</ele><time>2025-07-20T12:48:05.000Z</time></trkpt>
<trkpt lat="30.6228845309869" lon="104.0676954353855"><ele>478</ele><time>2025-07-20T12:48:06.000Z</time></trkpt>
<trkpt lat="30.6228845309869" lon="104.0676954353855"><ele>478</ele><time>2025-07-20T12:48:07.000Z</time></trkpt>
<trkpt lat="30.6228845309869" lon="104.0676954353855"><ele>478</ele><time>2025-07-20T12:48:08.000Z</time></trkpt>
<trkpt lat="30.6228845309869" lon="104.0676954353855"><ele>478</ele><time>2025-07-20T12:48:09.000Z</time></trkpt>
<trkpt lat="30.6228845309869" lon="104.0676954353855"><ele>478</ele><time>2025-07-20T12:48:10.000Z</time></trkpt>
<trkpt lat="30.6228845309869" lon="104.0676954353855"><ele>478</ele><time>2025-07-20T12:48:11.000Z</time></trkpt>
<trkpt lat="30.6228845309869" lon="104.0676954353855"><ele>479</ele><time>2025-07-20T12:48:12.000Z</time></trkpt>
<trkpt lat="30.6228845309869" lon="104.0676954353855"><ele>479</ele><time>2025-07-20T12:48:13.000Z</time></trkpt>
<trkpt lat="30.6228845309869" lon="104.0676954353855"><ele>479</ele><time>2025-07-20T12:48:14.000Z</time></trkpt>
<trkpt lat="30.6228845309869" lon="104.0676954353855"><ele>479</ele><time>2025-07-20T12:48:15.000Z</time></trkpt>
<trkpt lat="30.6228845309869" lon="104.0676954353855"><ele>479</ele><time>2025-07-20T12:48:16.000Z</time></trkpt>
<trkpt lat="30.6228845309869" lon="104.0676954353855"><ele>479</ele><time>2025-07-20T12:48:17.000Z</time></trkpt>
<trkpt lat="30.6228845309869" lon="104.0676954353855"><ele>480</ele><time>2025-07-20T12:48:18.000Z</time></trkpt>
<trkpt lat="30.6228845309869" lon="104.0676954353855"><ele>481</ele><time>2025-07-20T12:48:19.000Z</time></trkpt>
<trkpt lat="30.6228845309869" lon="104.0676954353855"><ele>481</ele><time>2025-07-20T12:48:20.000Z</time></trkpt>
<trkpt lat="30.6228845309869" lon="104.0676954353855"><ele>481</ele><time>2025-07-20T12:48:21.000Z</time></trkpt>
<trkpt lat="30.6228845309869" lon="104.0676954353855"><ele>481</ele><time>2025-07-20T12:48:22.000Z</time></trkpt>
<trkpt lat="30.6228845309869" lon="104.0676954353855"><ele>481</ele><time>2025-07-20T12:48:23.000Z</time></trkpt>
<trkpt lat="30.6228845309869" lon="104.0676954353855"><ele>480</ele><time>2025-07-20T12:48:24.000Z</time></trkpt>
<trkpt lat="30.6228845309869" lon="104.0676954353855"><ele>480</ele><time>2025-07-20T12:48:25.000Z</time></trkpt>
<trkpt lat="30.6228845309869" lon="104.0676954353855"><ele>480</ele><time>2025-07-20T12:48:26.000Z</time></trkpt>
<trkpt lat="30.6228845309869" lon="104.0676954353855"><ele>479</ele><time>2025-07-20T12:48:27.000Z</time></trkpt>
<trkpt lat="30.6228845309869" lon="104.0676954353855"><ele>480</ele><time>2025-07-20T12:48:28.000Z</time></trkpt>
<trkpt lat="30.6228845309869" lon="104.0676954353855"><ele>480</ele><time>2025-07-20T12:48:29.000Z</time></trkpt>
<trkpt lat="30.6228845309869" lon="104.0676954353855"><ele>480</ele><time>2025-07-20T12:48:30.000Z</time></trkpt>
<trkpt lat="30.6228845309869" lon="104.0676954353855"><ele>480</ele><time>2025-07-20T12:48:31.000Z</time></trkpt>
<trkpt lat="30.6228845309869" lon="104.0676954353855"><ele>481</ele><time>2025-07-20T12:48:32.000Z</time></trkpt>
<trkpt lat="30.6228845309869" lon="104.0676954353855"><ele>481</ele><time>2025-07-20T12:48:33.000Z</time></trkpt>
<trkpt lat="30.6228845309869" lon="104.0676954353855"><ele>481</ele><time>2025-07-20T12:48:34.000Z</time></trkpt>
<trkpt lat="30.6228845309869" lon="104.0676954353855"><ele>481</ele><time>2025-07-20T12:48:35.000Z</time></trkpt>
<trkpt lat="30.6228845309869" lon="104.0676954353855"><ele>481</ele><time>2025-07-20T12:48:36.000Z</time></trkpt>
<trkpt lat="30.6228845309869" lon="104.0676954353855"><ele>482</ele><time>2025-07-20T12:48:37.000Z</time></trkpt>
<trkpt lat="30.6228845309869" lon="104.0676954353855"><ele>481</ele><time>2025-07-20T12:48:38.000Z</time></trkpt>
<trkpt lat="30.6228845309869" lon="104.0676954353855"><ele>482</ele><time>2025-07-20T12:48:39.000Z</time></trkpt>
<trkpt lat="30.6228845309869" lon="104.0676954353855"><ele>481</ele><time>2025-07-20T12:48:40.000Z</time></trkpt>
<trkpt lat="30.6228845309869" lon="104.0676954353855"><ele>481</ele><time>2025-07-20T12:48:41.000Z</time></trkpt>
<trkpt lat="30.6228845309869" lon="104.0676954353855"><ele>481</ele><time>2025-07-20T12:48:42.000Z</time></trkpt>
<trkpt lat="30.6228845309869" lon="104.0676954353855"><ele>481</ele><time>2025-07-20T12:48:43.000Z</time></trkpt>
<trkpt lat="30.6228845309869" lon="104.0676954353855"><ele>481</ele><time>2025-07-20T12:48:44.000Z</time></trkpt>
<trkpt lat="30.6228845309869" lon="104.0676954353855"><ele>481</ele><time>2025-07-20T12:48:45.000Z</time></trkpt>
<trkpt lat="30.6228845309869" lon="104.0676954353855"><ele>481</ele><time>2025-07-20T12:48:46.000Z</time></trkpt>
<trkpt lat="30.6228845309869" lon="104.0676954353855"><ele>481</ele><time>2025-07-20T12:48:47.000Z</time></trkpt>
<trkpt lat="30.6228845309869" lon="104.0676954353855"><ele>481</ele><time>2025-07-20T12:48:48.000Z</time></trkpt>
<trkpt lat="30.6228845309869" lon="104.0676954353855"><ele>482</ele><time>2025-07-20T12:48:49.000Z</time></trkpt>
<trkpt lat="30.6228845309869" lon="104.0676954353855"><ele>482</ele><time>2025-07-20T12:48:50.000Z</time></trkpt>
<trkpt lat="30.6228845309869" lon="104.0676954353855"><ele>482</ele><time>2025-07-20T12:48:51.000Z</time></trkpt>
<trkpt lat="30.6228845309869" lon="104.0676954353855"><ele>482</ele><time>2025-07-20T12:48:52.000Z</time></trkpt>
<trkpt lat="30.6228845309869" lon="104.0676954353855"><ele>482</ele><time>2025-07-20T12:48:53.000Z</time></trkpt>
<trkpt lat="30.6228845309869" lon="104.0676954353855"><ele>482</ele><time>2025-07-20T12:48:54.000Z</time></trkpt>
<trkpt lat="30.6228845309869" lon="104.0676954353855"><ele>483</ele><time>2025-07-20T12:48:55.000Z</time></trkpt>
<trkpt lat="30.6228845309869" lon="104.0676954353855"><ele>484</ele><time>2025-07-20T12:48:56.000Z</time></trkpt>
<trkpt lat="30.6228845309869" lon="104.0676954353855"><ele>484</ele><time>2025-07-20T12:48:57.000Z</time></trkpt>
<trkpt lat="30.6228845309869" lon="104.0676954353855"><ele>482</ele><time>2025-07-20T12:48:58.000Z</time></trkpt>
<trkpt lat="30.6228845309869" lon="104.0676954353855"><ele>480</ele><time>2025-07-20T12:48:59.000Z</time></trkpt>
<trkpt lat="30.6228845309869" lon="104.0676954353855"><ele>479</ele><time>2025-07-20T12:49:00.000Z</time></trkpt>
<trkpt lat="30.6228845309869" lon="104.0676954353855"><ele>479</ele><time>2025-07-20T12:49:01.000Z</time></trkpt>
<trkpt lat="30.6228845309869" lon="104.0676954353855"><ele>479</ele><time>2025-07-20T12:49:02.000Z</time></trkpt>
<trkpt lat="30.6228845309869" lon="104.0676954353855"><ele>478</ele><time>2025-07-20T12:49:03.000Z</time></trkpt>
<trkpt lat="30.6228845309869" lon="104.0676954353855"><ele>478</ele><time>2025-07-20T12:49:04.000Z</time></trkpt>
<trkpt lat="30.6228845309869" lon="104.0676954353855"><ele>477</ele><time>2025-07-20T12:49:05.000Z</time></trkpt>
<trkpt lat="30.6228845309869" lon="104.0676954353855"><ele>477</ele><time>2025-07-20T12:49:06.000Z</time></trkpt>
<trkpt lat="30.6228845309869" lon="104.0676954353855"><ele>478</ele><time>2025-07-20T12:49:07.000Z</time></trkpt>
<trkpt lat="30.6228845309869" lon="104.0676954353855"><ele>479</ele><time>2025-07-20T12:49:08.000Z</time></trkpt>
<trkpt lat="30.6228845309869" lon="104.0676954353855"><ele>478</ele><time>2025-07-20T12:49:09.000Z</time></trkpt>
<trkpt lat="30.6228845309869" lon="104.0676954353855"><ele>479</ele><time>2025-07-20T12:49:10.000Z</time></trkpt>
<trkpt lat="30.6228845309869" lon="104.0676954353855"><ele>480</ele><time>2025-07-20T12:49:11.000Z</time></trkpt>
<trkpt lat="30.6228845309869" lon="104.0676954353855"><ele>480</ele><time>2025-07-20T12:49:12.000Z</time></trkpt>
<trkpt lat="30.6228845309869" lon="104.0676954353855"><ele>481</ele><time>2025-07-20T12:49:13.000Z</time></trkpt>
<trkpt lat="30.6228845309869" lon="104.0676954353855"><ele>480</ele><time>2025-07-20T12:49:14.000Z</time></trkpt>
<trkpt lat="30.6228845309869" lon="104.0676954353855"><ele>480</ele><time>2025-07-20T12:49:15.000Z</time></trkpt>
<trkpt lat="30.6228845309869" lon="104.0676954353855"><ele>480</ele><time>2025-07-20T12:49:16.000Z</time></trkpt>
<trkpt lat="30.6228845309869" lon="104.0676954353855"><ele>480</ele><time>2025-07-20T12:49:17.000Z</time></trkpt>
<trkpt lat="30.6228845309869" lon="104.0676954353855"><ele>479</ele><time>2025-07-20T12:49:18.000Z</time></trkpt>
<trkpt lat="30.6228845309869" lon="104.0676954353855"><ele>479</ele><time>2025-07-20T12:49:19.000Z</time></trkpt>
<trkpt lat="30.6228845309869" lon="104.0676954353855"><ele>479</ele><time>2025-07-20T12:49:20.000Z</time></trkpt>
<trkpt lat="30.6228845309869" lon="104.0676954353855"><ele>479</ele><time>2025-07-20T12:49:21.000Z</time></trkpt>
<trkpt lat="30.6228845309869" lon="104.0676954353855"><ele>478</ele><time>2025-07-20T12:49:22.000Z</time></trkpt>
<trkpt lat="30.6228845309869" lon="104.0676954353855"><ele>479</ele><time>2025-07-20T12:49:23.000Z</time></trkpt>
<trkpt lat="30.6228845309869" lon="104.0676954353855"><ele>478</ele><time>2025-07-20T12:49:24.000Z</time></trkpt>
<trkpt lat="30.6228845309869" lon="104.0676954353855"><ele>479</ele><time>2025-07-20T12:49:25.000Z</time></trkpt>
<trkpt lat="30.6228845309869" lon="104.0676954353855"><ele>478</ele><time>2025-07-20T12:49:26.000Z</time></trkpt>
<trkpt lat="30.6228845309869" lon="104.0676954353855"><ele>478</ele><time>2025-07-20T12:49:27.000Z</time></trkpt>
<trkpt lat="30.6228845309869" lon="104.0676954353855"><ele>478</ele><time>2025-07-20T12:49:28.000Z</time></trkpt>
<trkpt lat="30.6228845309869" lon="104.0676954353855"><ele>479</ele><time>2025-07-20T12:49:29.000Z</time></trkpt>
<trkpt lat="30.6228845309869" lon="104.0676954353855"><ele>479</ele><time>2025-07-20T12:49:30.000Z</time></trkpt>
<trkpt lat="30.6228845309869" lon="104.0676954353855"><ele>479</ele><time>2025-07-20T12:49:31.000Z</time></trkpt>
<trkpt lat="30.6228845309869" lon="104.0676954353855"><ele>481</ele><time>2025-07-20T12:49:32.000Z</time></trkpt>
<trkpt lat="30.6228845309869" lon="104.0676954353855"><ele>481</ele><time>2025-07-20T12:49:33.000Z</time></trkpt>
<trkpt lat="30.6228845309869" lon="104.0676954353855"><ele>481</ele><time>2025-07-20T12:49:34.000Z</time></trkpt>
<trkpt lat="30.6228845309869" lon="104.0676954353855"><ele>481</ele><time>2025-07-20T12:49:35.000Z</time></trkpt>
<trkpt lat="30.6228845309869" lon="104.0676954353855"><ele>482</ele><time>2025-07-20T12:49:36.000Z</time></trkpt>
<trkpt lat="30.6228845309869" lon="104.0676954353855"><ele>483</ele><time>2025-07-20T12:49:37.000Z</time></trkpt>
<trkpt lat="30.6228845309869" lon="104.0676954353855"><ele>483</ele><time>2025-07-20T12:49:38.000Z</time></trkpt>
<trkpt lat="30.6228845309869" lon="104.0676954353855"><ele>483</ele><time>2025-07-20T12:49:39.000Z</time></trkpt>
<trkpt lat="30.6228845309869" lon="104.0676954353855"><ele>483</ele><time>2025-07-20T12:49:40.000Z</time></trkpt>
<trkpt lat="30.6228845309869" lon="104.0676954353855"><ele>483</ele><time>2025-07-20T12:49:41.000Z</time></trkpt>
<trkpt lat="30.6228845309869" lon="104.0676954353855"><ele>483</ele><time>2025-07-20T12:49:42.000Z</time></trkpt>
<trkpt lat="30.6228845309869" lon="104.0676954353855"><ele>483</ele><time>2025-07-20T12:49:43.000Z</time></trkpt>
<trkpt lat="30.6228845309869" lon="104.0676954353855"><ele>483</ele><time>2025-07-20T12:49:44.000Z</time></trkpt>
<trkpt lat="30.6228845309869" lon="104.0676954353855"><ele>483</ele><time>2025-07-20T12:49:45.000Z</time></trkpt>
<trkpt lat="30.6228845309869" lon="104.0676954353855"><ele>483</ele><time>2025-07-20T12:49:46.000Z</time></trkpt>
<trkpt lat="30.6228845309869" lon="104.0676954353855"><ele>483</ele><time>2025-07-20T12:49:47.000Z</time></trkpt>
<trkpt lat="30.6228845309869" lon="104.0676954353855"><ele>483</ele><time>2025-07-20T12:49:48.000Z</time></trkpt>
<trkpt lat="30.6228845309869" lon="104.0676954353855"><ele>483</ele><time>2025-07-20T12:49:49.000Z</time></trkpt>
<trkpt lat="30.6228845309869" lon="104.0676954353855"><ele>483</ele><time>2025-07-20T12:49:50.000Z</time></trkpt>
<trkpt lat="30.6228845309869" lon="104.0676954353855"><ele>483</ele><time>2025-07-20T12:49:51.000Z</time></trkpt>
<trkpt lat="30.6228845309869" lon="104.0676954353855"><ele>483</ele><time>2025-07-20T12:49:52.000Z</time></trkpt>
<trkpt lat="30.6228845309869" lon="104.0676954353855"><ele>483</ele><time>2025-07-20T12:49:53.000Z</time></trkpt>
<trkpt lat="30.6228845309869" lon="104.0676954353855"><ele>483</ele><time>2025-07-20T12:49:54.000Z</time></trkpt>
<trkpt lat="30.6228845309869" lon="104.0676954353855"><ele>483</ele><time>2025-07-20T12:49:55.000Z</time></trkpt>
<trkpt lat="30.6228845309869" lon="104.0676954353855"><ele>483</ele><time>2025-07-20T12:49:56.000Z</time></trkpt>
<trkpt lat="30.6228845309869" lon="104.0676954353855"><ele>483</ele><time>2025-07-20T12:49:57.000Z</time></trkpt>
<trkpt lat="30.6228845309869" lon="104.0676954353855"><ele>483</ele><time>2025-07-20T12:49:58.000Z</time></trkpt>
<trkpt lat="30.6228845309869" lon="104.0676954353855"><ele>483</ele><time>2025-07-20T12:49:59.000Z</time></trkpt>
<trkpt lat="30.6228845309869" lon="104.0676954353855"><ele>483</ele><time>2025-07-20T12:50:00.000Z</time></trkpt>
<trkpt lat="30.6228845309869" lon="104.0676954353855"><ele>483</ele><time>2025-07-20T12:50:01.000Z</time></trkpt>
<trkpt lat="30.6228845309869" lon="104.0676954353855"><ele>483</ele><time>2025-07-20T12:50:02.000Z</time></trkpt>
<trkpt lat="30.6228845309869" lon="104.0676954353855"><ele>483</ele><time>2025-07-20T12:50:03.000Z</time></trkpt>
<trkpt lat="30.6228845309869" lon="104.0676954353855"><ele>483</ele><time>2025-07-20T12:50:04.000Z</time></trkpt>
<trkpt lat="30.6228845309869" lon="104.0676954353855"><ele>483</ele><time>2025-07-20T12:50:05.000Z</time></trkpt>
<trkpt lat="30.6228845309869" lon="104.0676954353855"><ele>483</ele><time>2025-07-20T12:50:06.000Z</time></trkpt>
<trkpt lat="30.6228845309869" lon="104.0676954353855"><ele>483</ele><time>2025-07-20T12:50:07.000Z</time></trkpt>
<trkpt lat="30.6228845309869" lon="104.0676954353855"><ele>483</ele><time>2025-07-20T12:50:08.000Z</time></trkpt>
<trkpt lat="30.6228845309869" lon="104.0676954353855"><ele>483</ele><time>2025-07-20T12:50:09.000Z</time></trkpt>
<trkpt lat="30.6228845309869" lon="104.0676954353855"><ele>483</ele><time>2025-07-20T12:50:10.000Z</time></trkpt>
<trkpt lat="30.6228845309869" lon="104.0676954353855"><ele>483</ele><time>2025-07-20T12:50:11.000Z</time></trkpt>
<trkpt lat="30.6228845309869" lon="104.0676954353855"><ele>483</ele><time>2025-07-20T12:50:12.000Z</time></trkpt>
<trkpt lat="30.6228845309869" lon="104.0676954353855"><ele>483</ele><time>2025-07-20T12:50:13.000Z</time></trkpt>
<trkpt lat="30.6228845309869" lon="104.0676954353855"><ele>483</ele><time>2025-07-20T12:50:14.000Z</time></trkpt>
<trkpt lat="30.6228845309869" lon="104.0676954353855"><ele>483</ele><time>2025-07-20T12:50:15.000Z</time></trkpt>
<trkpt lat="30.6228845309869" lon="104.0676954353855"><ele>483</ele><time>2025-07-20T12:50:16.000Z</time></trkpt>
<trkpt lat="30.6228845309869" lon="104.0676954353855"><ele>483</ele><time>2025-07-20T12:50:17.000Z</time></trkpt>
<trkpt lat="30.6228845309869" lon="104.0676954353855"><ele>483</ele><time>2025-07-20T12:50:18.000Z</time></trkpt>
<trkpt lat="30.6228845309869" lon="104.0676954353855"><ele>483</ele><time>2025-07-20T12:50:19.000Z</time></trkpt>
<trkpt lat="30.6228845309869" lon="104.0676954353855"><ele>483</ele><time>2025-07-20T12:50:20.000Z</time></trkpt>
<trkpt lat="30.6228845309869" lon="104.0676954353855"><ele>483</ele><time>2025-07-20T12:50:21.000Z</time></trkpt>
<trkpt lat="30.6228845309869" lon="104.0676954353855"><ele>483</ele><time>2025-07-20T12:50:22.000Z</time></trkpt>
<trkpt lat="30.6228845309869" lon="104.0676954353855"><ele>483</ele><time>2025-07-20T12:50:23.000Z</time></trkpt>
<trkpt lat="30.6228845309869" lon="104.0676954353855"><ele>483</ele><time>2025-07-20T12:50:24.000Z</time></trkpt>
<trkpt lat="30.6228845309869" lon="104.0676954353855"><ele>483</ele><time>2025-07-20T12:50:25.000Z</time></trkpt>
<trkpt lat="30.6228845309869" lon="104.0676954353855"><ele>483</ele><time>2025-07-20T12:50:26.000Z</time></trkpt>
<trkpt lat="30.6228845309869" lon="104.0676954353855"><ele>483</ele><time>2025-07-20T12:50:27.000Z</time></trkpt>
<trkpt lat="30.6228845309869" lon="104.0676954353855"><ele>483</ele><time>2025-07-20T12:50:28.000Z</time></trkpt>
<trkpt lat="30.6228845309869" lon="104.0676954353855"><ele>483</ele><time>2025-07-20T12:50:29.000Z</time></trkpt>
<trkpt lat="30.6228845309869" lon="104.0676954353855"><ele>483</ele><time>2025-07-20T12:50:30.000Z</time></trkpt>
<trkpt lat="30.6228845309869" lon="104.0676954353855"><ele>483</ele><time>2025-07-20T12:50:31.000Z</time></trkpt>
<trkpt lat="30.6228845309869" lon="104.0676954353855"><ele>483</ele><time>2025-07-20T12:50:32.000Z</time></trkpt>
<trkpt lat="30.6228845309869" lon="104.0676954353855"><ele>483</ele><time>2025-07-20T12:50:33.000Z</time></trkpt>
<trkpt lat="30.6228845309869" lon="104.0676954353855"><ele>483</ele><time>2025-07-20T12:50:34.000Z</time></trkpt>
<trkpt lat="30.6228845309869" lon="104.0676954353855"><ele>483</ele><time>2025-07-20T12:50:35.000Z</time></trkpt>
<trkpt lat="30.6228845309869" lon="104.0676954353855"><ele>483</ele><time>2025-07-20T12:50:36.000Z</time></trkpt>
<trkpt lat="30.6228845309869" lon="104.0676954353855"><ele>483</ele><time>2025-07-20T12:50:37.000Z</time></trkpt>
<trkpt lat="30.6228845309869" lon="104.0676954353855"><ele>483</ele><time>2025-07-20T12:50:38.000Z</time></trkpt>
<trkpt lat="30.6228845309869" lon="104.0676954353855"><ele>483</ele><time>2025-07-20T12:50:39.000Z</time></trkpt>
<trkpt lat="30.6228845309869" lon="104.0676954353855"><ele>483</ele><time>2025-07-20T12:50:40.000Z</time></trkpt>
<trkpt lat="30.6228845309869" lon="104.0676954353855"><ele>483</ele><time>2025-07-20T12:50:41.000Z</time></trkpt>
<trkpt lat="30.6228845309869" lon="104.0676954353855"><ele>483</ele><time>2025-07-20T12:50:42.000Z</time></trkpt>
<trkpt lat="30.6228845309869" lon="104.0676954353855"><ele>483</ele><time>2025-07-20T12:50:43.000Z</time></trkpt>
<trkpt lat="30.6228845309869" lon="104.0676954353855"><ele>484</ele><time>2025-07-20T12:50:44.000Z</time></trkpt>
<trkpt lat="30.6228845309869" lon="104.0676954353855"><ele>484</ele><time>2025-07-20T12:50:45.000Z</time></trkpt>
<trkpt lat="30.6228845309869" lon="104.0676954353855"><ele>484</ele><time>2025-07-20T12:50:46.000Z</time></trkpt>
<trkpt lat="30.6228845309869" lon="104.0676954353855"><ele>483</ele><time>2025-07-20T12:50:47.000Z</time></trkpt>
<trkpt lat="30.6228845309869" lon="104.0676954353855"><ele>483</ele><time>2025-07-20T12:50:48.000Z</time></trkpt>
<trkpt lat="30.6228845309869" lon="104.0676954353855"><ele>483</ele><time>2025-07-20T12:50:49.000Z</time></trkpt>
<trkpt lat="30.6228845309869" lon="104.0676954353855"><ele>483</ele><time>2025-07-20T12:50:50.000Z</time></trkpt>
<trkpt lat="30.6228845309869" lon="104.0676954353855"><ele>483</ele><time>2025-07-20T12:50:51.000Z</time></trkpt>
<trkpt lat="30.6228845309869" lon="104.0676954353855"><ele>483</ele><time>2025-07-20T12:50:52.000Z</time></trkpt>
<trkpt lat="30.6228845309869" lon="104.0676954353855"><ele>483</ele><time>2025-07-20T12:50:53.000Z</time></trkpt>
<trkpt lat="30.6228845309869" lon="104.0676954353855"><ele>483</ele><time>2025-07-20T12:50:54.000Z</time></trkpt>
<trkpt lat="30.6228845309869" lon="104.0676954353855"><ele>483</ele><time>2025-07-20T12:50:55.000Z</time></trkpt>
<trkpt lat="30.6228845309869" lon="104.0676954353855"><ele>483</ele><time>2025-07-20T12:50:56.000Z</time></trkpt>
<trkpt lat="30.6228845309869" lon="104.0676954353855"><ele>483</ele><time>2025-07-20T12:50:57.000Z</time></trkpt>
<trkpt lat="30.6228845309869" lon="104.0676954353855"><ele>483</ele><time>2025-07-20T12:50:58.000Z</time></trkpt>
<trkpt lat="30.6228845309869" lon="104.0676954353855"><ele>483</ele><time>2025-07-20T12:50:59.000Z</time></trkpt>
<trkpt lat="30.6228845309869" lon="104.0676954353855"><ele>483</ele><time>2025-07-20T12:51:00.000Z</time></trkpt>
<trkpt lat="30.6228845309869" lon="104.0676954353855"><ele>483</ele><time>2025-07-20T12:51:01.000Z</time></trkpt>
<trkpt lat="30.6228845309869" lon="104.0676954353855"><ele>483</ele><time>2025-07-20T12:51:02.000Z</time></trkpt>
<trkpt lat="30.6228845309869" lon="104.0676954353855"><ele>483</ele><time>2025-07-20T12:51:03.000Z</time></trkpt>
<trkpt lat="30.6228845309869" lon="104.0676954353855"><ele>483</ele><time>2025-07-20T12:51:04.000Z</time></trkpt>
<trkpt lat="30.6228845309869" lon="104.0676954353855"><ele>483</ele><time>2025-07-20T12:51:05.000Z</time></trkpt>
<trkpt lat="30.6228845309869" lon="104.0676954353855"><ele>483</ele><time>2025-07-20T12:51:06.000Z</time></trkpt>
<trkpt lat="30.6228845309869" lon="104.0676954353855"><ele>483</ele><time>2025-07-20T12:51:07.000Z</time></trkpt>
<trkpt lat="30.6228845309869" lon="104.0676954353855"><ele>483</ele><time>2025-07-20T12:51:08.000Z</time></trkpt>
<trkpt lat="30.6228845309869" lon="104.0676954353855"><ele>483</ele><time>2025-07-20T12:51:09.000Z</time></trkpt>
<trkpt lat="30.6228845309869" lon="104.0676954353855"><ele>483</ele><time>2025-07-20T12:51:10.000Z</time></trkpt>
<trkpt lat="30.6228845309869" lon="104.0676954353855"><ele>483</ele><time>2025-07-20T12:51:11.000Z</time></trkpt>
<trkpt lat="30.6228845309869" lon="104.0676954353855"><ele>483</ele><time>2025-07-20T12:51:12.000Z</time></trkpt>
<trkpt lat="30.6228845309869" lon="104.0676954353855"><ele>483</ele><time>2025-07-20T12:51:13.000Z</time></trkpt>
<trkpt lat="30.6228845309869" lon="104.0676954353855"><ele>483</ele><time>2025-07-20T12:51:14.000Z</time></trkpt>
<trkpt lat="30.6228845309869" lon="104.0676954353855"><ele>483</ele><time>2025-07-20T12:51:15.000Z</time></trkpt>
<trkpt lat="30.6228845309869" lon="104.0676954353855"><ele>483</ele><time>2025-07-20T12:51:16.000Z</time></trkpt>
<trkpt lat="30.6228845309869" lon="104.0676954353855"><ele>483</ele><time>2025-07-20T12:51:17.000Z</time></trkpt>
<trkpt lat="30.6228845309869" lon="104.0676954353855"><ele>483</ele><time>2025-07-20T12:51:18.000Z</time></trkpt>
<trkpt lat="30.6228845309869" lon="104.0676954353855"><ele>483</ele><time>2025-07-20T12:51:19.000Z</time></trkpt>
<trkpt lat="30.6228845309869" lon="104.0676954353855"><ele>482</ele><time>2025-07-20T12:51:20.000Z</time></trkpt>
<trkpt lat="30.6228845309869" lon="104.0676954353855"><ele>482</ele><time>2025-07-20T12:51:21.000Z</time></trkpt>
<trkpt lat="30.6228845309869" lon="104.0676954353855"><ele>481</ele><time>2025-07-20T12:51:22.000Z</time></trkpt>
<trkpt lat="30.6228845309869" lon="104.0676954353855"><ele>481</ele><time>2025-07-20T12:51:23.000Z</time></trkpt>
<trkpt lat="30.6228845309869" lon="104.0676954353855"><ele>481</ele><time>2025-07-20T12:51:24.000Z</time></trkpt>
<trkpt lat="30.6228845309869" lon="104.0676954353855"><ele>481</ele><time>2025-07-20T12:51:25.000Z</time></trkpt>
<trkpt lat="30.6228845309869" lon="104.0676954353855"><ele>480</ele><time>2025-07-20T12:51:26.000Z</time></trkpt>
<trkpt lat="30.6228845309869" lon="104.0676954353855"><ele>480</ele><time>2025-07-20T12:51:37.000Z</time></trkpt>
<trkpt lat="30.6228845309869" lon="104.0676954353855"><ele>481</ele><time>2025-07-20T12:51:38.000Z</time></trkpt>
<trkpt lat="30.6228845309869" lon="104.0676954353855"><ele>480</ele><time>2025-07-20T12:51:39.000Z</time></trkpt>
<trkpt lat="30.6228845309869" lon="104.0676954353855"><ele>481</ele><time>2025-07-20T12:51:40.000Z</time></trkpt>
<trkpt lat="30.6228845309869" lon="104.0676954353855"><ele>482</ele><time>2025-07-20T12:51:41.000Z</time></trkpt>
<trkpt lat="30.6228845309869" lon="104.0676954353855"><ele>482</ele><time>2025-07-20T12:51:42.000Z</time></trkpt>
<trkpt lat="30.6228845309869" lon="104.0676954353855"><ele>483</ele><time>2025-07-20T12:51:43.000Z</time></trkpt>
<trkpt lat="30.6228845309869" lon="104.0676954353855"><ele>482</ele><time>2025-07-20T12:51:44.000Z</time></trkpt>
<trkpt lat="30.6228845309869" lon="104.0676954353855"><ele>481</ele><time>2025-07-20T12:51:45.000Z</time></trkpt>
<trkpt lat="30.6228845309869" lon="104.0676954353855"><ele>480</ele><time>2025-07-20T12:51:46.000Z</time></trkpt>
<trkpt lat="30.6228845309869" lon="104.0676954353855"><ele>480</ele><time>2025-07-20T12:51:47.000Z</time></trkpt>
<trkpt lat="30.6228845309869" lon="104.0676954353855"><ele>479</ele><time>2025-07-20T12:51:48.000Z</time></trkpt>
<trkpt lat="30.6228845309869" lon="104.0676954353855"><ele>479</ele><time>2025-07-20T12:51:49.000Z</time></trkpt>
<trkpt lat="30.6228845309869" lon="104.0676954353855"><ele>478</ele><time>2025-07-20T12:51:50.000Z</time></trkpt>
<trkpt lat="30.6228845309869" lon="104.0676954353855"><ele>478</ele><time>2025-07-20T12:51:51.000Z</time></trkpt>
<trkpt lat="30.6228845309869" lon="104.0676954353855"><ele>478</ele><time>2025-07-20T12:51:52.000Z</time></trkpt>
<trkpt lat="30.6228845309869" lon="104.0676954353855"><ele>478</ele><time>2025-07-20T12:51:53.000Z</time></trkpt>
<trkpt lat="30.6228845309869" lon="104.0676954353855"><ele>478</ele><time>2025-07-20T12:51:54.000Z</time></trkpt>
<trkpt lat="30.6228845309869" lon="104.0676954353855"><ele>478</ele><time>2025-07-20T12:51:55.000Z</time></trkpt>
<trkpt lat="30.6228845309869" lon="104.0676954353855"><ele>478</ele><time>2025-07-20T12:51:56.000Z</time></trkpt>
<trkpt lat="30.6228845309869" lon="104.0676954353855"><ele>478</ele><time>2025-07-20T12:51:57.000Z</time></trkpt>
<trkpt lat="30.6228845309869" lon="104.0676954353855"><ele>478</ele><time>2025-07-20T12:51:58.000Z</time></trkpt>
<trkpt lat="30.6228845309869" lon="104.0676954353855"><ele>478</ele><time>2025-07-20T12:51:59.000Z</time></trkpt>
<trkpt lat="30.6228845309869" lon="104.0676954353855"><ele>478</ele><time>2025-07-20T12:52:00.000Z</time></trkpt>
<trkpt lat="30.6228845309869" lon="104.0676954353855"><ele>478</ele><time>2025-07-20T12:52:01.000Z</time></trkpt>
<trkpt lat="30.6228845309869" lon="104.0676954353855"><ele>478</ele><time>2025-07-20T12:52:02.000Z</time></trkpt>
<trkpt lat="30.6228845309869" lon="104.0676954353855"><ele>478</ele><time>2025-07-20T12:52:03.000Z</time></trkpt>
<trkpt lat="30.6228845309869" lon="104.0676954353855"><ele>478</ele><time>2025-07-20T12:52:04.000Z</time></trkpt>
<trkpt lat="30.6228845309869" lon="104.0676954353855"><ele>478</ele><time>2025-07-20T12:52:05.000Z</time></trkpt>
<trkpt lat="30.6228845309869" lon="104.0676954353855"><ele>478</ele><time>2025-07-20T12:52:06.000Z</time></trkpt>
<trkpt lat="30.6228845309869" lon="104.0676954353855"><ele>478</ele><time>2025-07-20T12:52:07.000Z</time></trkpt>
<trkpt lat="30.6228845309869" lon="104.0676954353855"><ele>478</ele><time>2025-07-20T12:52:08.000Z</time></trkpt>
<trkpt lat="30.6228845309869" lon="104.0676954353855"><ele>478</ele><time>2025-07-20T12:52:09.000Z</time></trkpt>
<trkpt lat="30.6228845309869" lon="104.0676954353855"><ele>478</ele><time>2025-07-20T12:52:10.000Z</time></trkpt>
<trkpt lat="30.6228845309869" lon="104.0676954353855"><ele>478</ele><time>2025-07-20T12:52:11.000Z</time></trkpt>
<trkpt lat="30.6228845309869" lon="104.0676954353855"><ele>478</ele><time>2025-07-20T12:52:12.000Z</time></trkpt>
<trkpt lat="30.6228845309869" lon="104.0676954353855"><ele>478</ele><time>2025-07-20T12:52:13.000Z</time></trkpt>
<trkpt lat="30.6228845309869" lon="104.0676954353855"><ele>478</ele><time>2025-07-20T12:52:14.000Z</time></trkpt>
<trkpt lat="30.6228845309869" lon="104.0676954353855"><ele>478</ele><time>2025-07-20T12:52:15.000Z</time></trkpt>
<trkpt lat="30.6228845309869" lon="104.0676954353855"><ele>478</ele><time>2025-07-20T12:52:16.000Z</time></trkpt>
<trkpt lat="30.6228845309869" lon="104.0676954353855"><ele>477</ele><time>2025-07-20T12:52:17.000Z</time></trkpt>
<trkpt lat="30.6228845309869" lon="104.0676954353855"><ele>476</ele><time>2025-07-20T12:52:18.000Z</time></trkpt>
<trkpt lat="30.6228845309869" lon="104.0676954353855"><ele>476</ele><time>2025-07-20T12:52:19.000Z</time></trkpt>
<trkpt lat="30.6228845309869" lon="104.0676954353855"><ele>476</ele><time>2025-07-20T12:52:20.000Z</time></trkpt>
<trkpt lat="30.6228845309869" lon="104.0676954353855"><ele>476</ele><time>2025-07-20T12:52:21.000Z</time></trkpt>
<trkpt lat="30.6228845309869" lon="104.0676954353855"><ele>476</ele><time>2025-07-20T12:52:22.000Z</time></trkpt>
<trkpt lat="30.6228845309869" lon="104.0676954353855"><ele>476</ele><time>2025-07-20T12:52:23.000Z</time></trkpt>
<trkpt lat="30.6228845309869" lon="104.0676954353855"><ele>476</ele><time>2025-07-20T12:52:24.000Z</time></trkpt>
<trkpt lat="30.6228845309869" lon="104.0676954353855"><ele>476</ele><time>2025-07-20T12:52:25.000Z</time></trkpt>
<trkpt lat="30.6228845309869" lon="104.0676954353855"><ele>476</ele><time>2025-07-20T12:52:26.000Z</time></trkpt>
<trkpt lat="30.6228845309869" lon="104.0676954353855"><ele>475</ele><time>2025-07-20T12:52:27.000Z</time></trkpt>
<trkpt lat="30.6228845309869" lon="104.0676954353855"><ele>475</ele><time>2025-07-20T12:52:28.000Z</time></trkpt>
<trkpt lat="30.6228845309869" lon="104.0676954353855"><ele>475</ele><time>2025-07-20T12:52:29.000Z</time></trkpt>
<trkpt lat="30.6228845309869" lon="104.0676954353855"><ele>474</ele><time>2025-07-20T12:52:30.000Z</time></trkpt>
<trkpt lat="30.6228845309869" lon="104.0676954353855"><ele>474</ele><time>2025-07-20T12:52:31.000Z</time></trkpt>
<trkpt lat="30.6228845309869" lon="104.0676954353855"><ele>474</ele><time>2025-07-20T12:52:32.000Z</time></trkpt>
<trkpt lat="30.6228845309869" lon="104.0676954353855"><ele>475</ele><time>2025-07-20T12:52:33.000Z</time></trkpt>
<trkpt lat="30.6228845309869" lon="104.0676954353855"><ele>475</ele><time>2025-07-20T12:52:34.000Z</time></trkpt>
<trkpt lat="30.6228845309869" lon="104.0676954353855"><ele>475</ele><time>2025-07-20T12:52:35.000Z</time></trkpt>
<trkpt lat="30.6228845309869" lon="104.0676954353855"><ele>475</ele><time>2025-07-20T12:52:36.000Z</time></trkpt>
<trkpt lat="30.6228845309869" lon="104.0676954353855"><ele>476</ele><time>2025-07-20T12:52:37.000Z</time></trkpt>
<trkpt lat="30.6228845309869" lon="104.0676954353855"><ele>476</ele><time>2025-07-20T12:52:38.000Z</time></trkpt>
<trkpt lat="30.6228845309869" lon="104.0676954353855"><ele>475</ele><time>2025-07-20T12:52:39.000Z</time></trkpt>
<trkpt lat="30.6228845309869" lon="104.0676954353855"><ele>475</ele><time>2025-07-20T12:52:40.000Z</time></trkpt>
<trkpt lat="30.6228845309869" lon="104.0676954353855"><ele>475</ele><time>2025-07-20T12:52:41.000Z</time></trkpt>
<trkpt lat="30.6228845309869" lon="104.0676954353855"><ele>474</ele><time>2025-07-20T12:52:42.000Z</time></trkpt>
<trkpt lat="30.6228845309869" lon="104.0676954353855"><ele>474</ele><time>2025-07-20T12:52:43.000Z</time></trkpt>
<trkpt lat="30.6228845309869" lon="104.0676954353855"><ele>473</ele><time>2025-07-20T12:52:44.000Z</time></trkpt>
<trkpt lat="30.6228845309869" lon="104.0676954353855"><ele>473</ele><time>2025-07-20T12:52:45.000Z</time></trkpt>
<trkpt lat="30.6228845309869" lon="104.0676954353855"><ele>472</ele><time>2025-07-20T12:52:46.000Z</time></trkpt>
<trkpt lat="30.6228845309869" lon="104.0676954353855"><ele>472</ele><time>2025-07-20T12:52:47.000Z</time></trkpt>
<trkpt lat="30.6228845309869" lon="104.0676954353855"><ele>471</ele><time>2025-07-20T12:52:48.000Z</time></trkpt>
<trkpt lat="30.6228845309869" lon="104.0676954353855"><ele>471</ele><time>2025-07-20T12:52:49.000Z</time></trkpt>
<trkpt lat="30.6228845309869" lon="104.0676954353855"><ele>471</ele><time>2025-07-20T12:52:50.000Z</time></trkpt>
<trkpt lat="30.6228845309869" lon="104.0676954353855"><ele>471</ele><time>2025-07-20T12:52:51.000Z</time></trkpt>
<trkpt lat="30.6228845309869" lon="104.0676954353855"><ele>471</ele><time>2025-07-20T12:52:52.000Z</time></trkpt>
<trkpt lat="30.6228845309869" lon="104.0676954353855"><ele>471</ele><time>2025-07-20T12:52:53.000Z</time></trkpt>
<trkpt lat="30.6228845309869" lon="104.0676954353855"><ele>472</ele><time>2025-07-20T12:52:54.000Z</time></trkpt>
<trkpt lat="30.6228845309869" lon="104.0676954353855"><ele>470</ele><time>2025-07-20T12:52:55.000Z</time></trkpt>
<trkpt lat="30.6228845309869" lon="104.0676954353855"><ele>469</ele><time>2025-07-20T12:52:56.000Z</time></trkpt>
<trkpt lat="30.6228845309869" lon="104.0676954353855"><ele>468</ele><time>2025-07-20T12:52:57.000Z</time></trkpt>
<trkpt lat="30.6228845309869" lon="104.0676954353855"><ele>467</ele><time>2025-07-20T12:52:58.000Z</time></trkpt>
<trkpt lat="30.6228845309869" lon="104.0676954353855"><ele>466</ele><time>2025-07-20T12:52:59.000Z</time></trkpt>
<trkpt lat="30.6228845309869" lon="104.0676954353855"><ele>465</ele><time>2025-07-20T12:53:00.000Z</time></trkpt>
<trkpt lat="30.6228845309869" lon="104.0676954353855"><ele>465</ele><time>2025-07-20T12:53:01.000Z</time></trkpt>
<trkpt lat="30.6228845309869" lon="104.0676954353855"><ele>465</ele><time>2025-07-20T12:53:02.000Z</time></trkpt>
<trkpt lat="30.6228845309869" lon="104.0676954353855"><ele>465</ele><time>2025-07-20T12:53:03.000Z</time></trkpt>
<trkpt lat="30.6228845309869" lon="104.0676954353855"><ele>466</ele><time>2025-07-20T12:53:04.000Z</time></trkpt>
<trkpt lat="30.6228845309869" lon="104.0676954353855"><ele>467</ele><time>2025-07-20T12:53:05.000Z</time></trkpt>
<trkpt lat="30.6228845309869" lon="104.0676954353855"><ele>469</ele><time>2025-07-20T12:53:06.000Z</time></trkpt>
<trkpt lat="30.6228845309869" lon="104.0676954353855"><ele>472</ele><time>2025-07-20T12:53:07.000Z</time></trkpt>
<trkpt lat="30.6228845309869" lon="104.0676954353855"><ele>475</ele><time>2025-07-20T12:53:08.000Z</time></trkpt>
<trkpt lat="30.6228845309869" lon="104.0676954353855"><ele>480</ele><time>2025-07-20T12:53:09.000Z</time></trkpt>
<trkpt lat="30.6228845309869" lon="104.0676954353855"><ele>482</ele><time>2025-07-20T12:53:10.000Z</time></trkpt>
<trkpt lat="30.6228845309869" lon="104.0676954353855"><ele>484</ele><time>2025-07-20T12:53:11.000Z</time></trkpt>
<trkpt lat="30.6228845309869" lon="104.0676954353855"><ele>485</ele><time>2025-07-20T12:53:12.000Z</time></trkpt>
<trkpt lat="30.6228845309869" lon="104.0676954353855"><ele>487</ele><time>2025-07-20T12:53:13.000Z</time></trkpt>
<trkpt lat="30.6228845309869" lon="104.0676954353855"><ele>488</ele><time>2025-07-20T12:53:14.000Z</time></trkpt>
<trkpt lat="30.6228845309869" lon="104.0676954353855"><ele>489</ele><time>2025-07-20T12:53:15.000Z</time></trkpt>
<trkpt lat="30.6228845309869" lon="104.0676954353855"><ele>490</ele><time>2025-07-20T12:53:16.000Z</time></trkpt>
<trkpt lat="30.6228845309869" lon="104.0676954353855"><ele>490</ele><time>2025-07-20T12:53:17.000Z</time></trkpt>
<trkpt lat="30.6228845309869" lon="104.0676954353855"><ele>491</ele><time>2025-07-20T12:53:18.000Z</time></trkpt>
<trkpt lat="30.6228845309869" lon="104.0676954353855"><ele>491</ele><time>2025-07-20T12:53:19.000Z</time></trkpt>
<trkpt lat="30.6228845309869" lon="104.0676954353855"><ele>491</ele><time>2025-07-20T12:53:20.000Z</time></trkpt>
<trkpt lat="30.6228845309869" lon="104.0676954353855"><ele>491</ele><time>2025-07-20T12:53:21.000Z</time></trkpt>
<trkpt lat="30.6228845309869" lon="104.0676954353855"><ele>490</ele><time>2025-07-20T12:53:22.000Z</time></trkpt>
<trkpt lat="30.6228845309869" lon="104.0676954353855"><ele>491</ele><time>2025-07-20T12:53:23.000Z</time></trkpt>
<trkpt lat="30.6228845309869" lon="104.0676954353855"><ele>492</ele><time>2025-07-20T12:53:24.000Z</time></trkpt>
<trkpt lat="30.6228845309869" lon="104.0676954353855"><ele>491</ele><time>2025-07-20T12:53:25.000Z</time></trkpt>
<trkpt lat="30.6228845309869" lon="104.0676954353855"><ele>491</ele><time>2025-07-20T12:53:26.000Z</time></trkpt>
<trkpt lat="30.6228845309869" lon="104.0676954353855"><ele>490</ele><time>2025-07-20T12:53:27.000Z</time></trkpt>
<trkpt lat="30.6228845309869" lon="104.0676954353855"><ele>490</ele><time>2025-07-20T12:53:28.000Z</time></trkpt>
<trkpt lat="30.6228845309869" lon="104.0676954353855"><ele>489</ele><time>2025-07-20T12:53:29.000Z</time></trkpt>
<trkpt lat="30.6228845309869" lon="104.0676954353855"><ele>489</ele><time>2025-07-20T12:53:30.000Z</time></trkpt>
<trkpt lat="30.6228845309869" lon="104.0676954353855"><ele>490</ele><time>2025-07-20T12:53:31.000Z</time></trkpt>
<trkpt lat="30.6228845309869" lon="104.0676954353855"><ele>490</ele><time>2025-07-20T12:53:32.000Z</time></trkpt>
<trkpt lat="30.6228845309869" lon="104.0676954353855"><ele>490</ele><time>2025-07-20T12:53:33.000Z</time></trkpt>
<trkpt lat="30.6228845309869" lon="104.0676954353855"><ele>490</ele><time>2025-07-20T12:53:34.000Z</time></trkpt>
<trkpt lat="30.6228845309869" lon="104.0676954353855"><ele>490</ele><time>2025-07-20T12:53:35.000Z</time></trkpt>
<trkpt lat="30.6228845309869" lon="104.0676954353855"><ele>490</ele><time>2025-07-20T12:53:36.000Z</time></trkpt>
<trkpt lat="30.6228845309869" lon="104.0676954353855"><ele>491</ele><time>2025-07-20T12:53:37.000Z</time></trkpt>
<trkpt lat="30.6228845309869" lon="104.0676954353855"><ele>490</ele><time>2025-07-20T12:53:38.000Z</time></trkpt>
<trkpt lat="30.6228845309869" lon="104.0676954353855"><ele>490</ele><time>2025-07-20T12:53:39.000Z</time></trkpt>
<trkpt lat="30.6228845309869" lon="104.0676954353855"><ele>490</ele><time>2025-07-20T12:53:40.000Z</time></trkpt>
<trkpt lat="30.6228845309869" lon="104.0676954353855"><ele>488</ele><time>2025-07-20T12:53:41.000Z</time></trkpt>
<trkpt lat="30.6228845309869" lon="104.0676954353855"><ele>487</ele><time>2025-07-20T12:53:42.000Z</time></trkpt>
<trkpt lat="30.6228845309869" lon="104.0676954353855"><ele>487</ele><time>2025-07-20T12:53:43.000Z</time></trkpt>
<trkpt lat="30.6228845309869" lon="104.0676954353855"><ele>487</ele><time>2025-07-20T12:53:44.000Z</time></trkpt>
<trkpt lat="30.6228845309869" lon="104.0676954353855"><ele>487</ele><time>2025-07-20T12:53:45.000Z</time></trkpt>
<trkpt lat="30.6228845309869" lon="104.0676954353855"><ele>488</ele><time>2025-07-20T12:53:46.000Z</time></trkpt>
<trkpt lat="30.6228845309869" lon="104.0676954353855"><ele>489</ele><time>2025-07-20T12:53:47.000Z</time></trkpt>
<trkpt lat="30.6228845309869" lon="104.0676954353855"><ele>489</ele><time>2025-07-20T12:53:48.000Z</time></trkpt>
<trkpt lat="30.6228845309869" lon="104.0676954353855"><ele>489</ele><time>2025-07-20T12:53:49.000Z</time></trkpt>
<trkpt lat="30.6228845309869" lon="104.0676954353855"><ele>489</ele><time>2025-07-20T12:53:50.000Z</time></trkpt>
<trkpt lat="30.6228845309869" lon="104.0676954353855"><ele>489</ele><time>2025-07-20T12:53:51.000Z</time></trkpt>
<trkpt lat="30.6228845309869" lon="104.0676954353855"><ele>489</ele><time>2025-07-20T12:53:52.000Z</time></trkpt>
<trkpt lat="30.6228845309869" lon="104.0676954353855"><ele>488</ele><time>2025-07-20T12:53:53.000Z</time></trkpt>
<trkpt lat="30.6228845309869" lon="104.0676954353855"><ele>488</ele><time>2025-07-20T12:53:54.000Z</time></trkpt>
<trkpt lat="30.6228845309869" lon="104.0676954353855"><ele>489</ele><time>2025-07-20T12:53:55.000Z</time></trkpt>
<trkpt lat="30.6228845309869" lon="104.0676954353855"><ele>489</ele><time>2025-07-20T12:53:56.000Z</time></trkpt>
<trkpt lat="30.6228845309869" lon="104.0676954353855"><ele>489</ele><time>2025-07-20T12:53:57.000Z</time></trkpt>
<trkpt lat="30.6228845309869" lon="104.0676954353855"><ele>488</ele><time>2025-07-20T12:53:58.000Z</time></trkpt>
<trkpt lat="30.6228845309869" lon="104.0676954353855"><ele>488</ele><time>2025-07-20T12:53:59.000Z</time></trkpt>
<trkpt lat="30.6228845309869" lon="104.0676954353855"><ele>487</ele><time>2025-07-20T12:54:00.000Z</time></trkpt>
<trkpt lat="30.6228845309869" lon="104.0676954353855"><ele>487</ele><time>2025-07-20T12:54:01.000Z</time></trkpt>
<trkpt lat="30.6228845309869" lon="104.0676954353855"><ele>487</ele><time>2025-07-20T12:54:02.000Z</time></trkpt>
<trkpt lat="30.6228845309869" lon="104.0676954353855"><ele>486</ele><time>2025-07-20T12:54:03.000Z</time></trkpt>
<trkpt lat="30.6228845309869" lon="104.0676954353855"><ele>486</ele><time>2025-07-20T12:54:04.000Z</time></trkpt>
<trkpt lat="30.6228845309869" lon="104.0676954353855"><ele>486</ele><time>2025-07-20T12:54:05.000Z</time></trkpt>
<trkpt lat="30.6228845309869" lon="104.0676954353855"><ele>486</ele><time>2025-07-20T12:54:06.000Z</time></trkpt>
<trkpt lat="30.6228845309869" lon="104.0676954353855"><ele>486</ele><time>2025-07-20T12:54:07.000Z</time></trkpt>
<trkpt lat="30.6228845309869" lon="104.0676954353855"><ele>486</ele><time>2025-07-20T12:54:08.000Z</time></trkpt>
<trkpt lat="30.6228845309869" lon="104.0676954353855"><ele>487</ele><time>2025-07-20T12:54:09.000Z</time></trkpt>
<trkpt lat="30.6228845309869" lon="104.0676954353855"><ele>487</ele><time>2025-07-20T12:54:10.000Z</time></trkpt>
<trkpt lat="30.6228845309869" lon="104.0676954353855"><ele>486</ele><time>2025-07-20T12:54:11.000Z</time></trkpt>
<trkpt lat="30.6228845309869" lon="104.0676954353855"><ele>486</ele><time>2025-07-20T12:54:12.000Z</time></trkpt>
<trkpt lat="30.6228845309869" lon="104.0676954353855"><ele>485</ele><time>2025-07-20T12:54:13.000Z</time></trkpt>
<trkpt lat="30.6228845309869" lon="104.0676954353855"><ele>485</ele><time>2025-07-20T12:54:14.000Z</time></trkpt>
<trkpt lat="30.6228845309869" lon="104.0676954353855"><ele>484</ele><time>2025-07-20T12:54:15.000Z</time></trkpt>
<trkpt lat="30.6228845309869" lon="104.0676954353855"><ele>484</ele><time>2025-07-20T12:54:16.000Z</time></trkpt>
<trkpt lat="30.6228845309869" lon="104.0676954353855"><ele>484</ele><time>2025-07-20T12:54:17.000Z</time></trkpt>
<trkpt lat="30.6228845309869" lon="104.0676954353855"><ele>484</ele><time>2025-07-20T12:54:18.000Z</time></trkpt>
<trkpt lat="30.6228845309869" lon="104.0676954353855"><ele>484</ele><time>2025-07-20T12:54:19.000Z</time></trkpt>
<trkpt lat="30.6228845309869" lon="104.0676954353855"><ele>483</ele><time>2025-07-20T12:54:20.000Z</time></trkpt>
<trkpt lat="30.6228845309869" lon="104.0676954353855"><ele>482</ele><time>2025-07-20T12:54:21.000Z</time></trkpt>
<trkpt lat="30.6228845309869" lon="104.0676954353855"><ele>482</ele><time>2025-07-20T12:54:22.000Z</time></trkpt>
<trkpt lat="30.6228845309869" lon="104.0676954353855"><ele>482</ele><time>2025-07-20T12:54:23.000Z</time></trkpt>
<trkpt lat="30.6228845309869" lon="104.0676954353855"><ele>482</ele><time>2025-07-20T12:54:24.000Z</time></trkpt>
<trkpt lat="30.6228845309869" lon="104.0676954353855"><ele>482</ele><time>2025-07-20T12:54:25.000Z</time></trkpt>
<trkpt lat="30.6228845309869" lon="104.0676954353855"><ele>482</ele><time>2025-07-20T12:54:26.000Z</time></trkpt>
<trkpt lat="30.6228845309869" lon="104.0676954353855"><ele>483</ele><time>2025-07-20T12:54:27.000Z</time></trkpt>
<trkpt lat="30.6228845309869" lon="104.0676954353855"><ele>484</ele><time>2025-07-20T12:54:28.000Z</time></trkpt>
<trkpt lat="30.6228845309869" lon="104.0676954353855"><ele>484</ele><time>2025-07-20T12:54:29.000Z</time></trkpt>
<trkpt lat="30.6228845309869" lon="104.0676954353855"><ele>484</ele><time>2025-07-20T12:54:30.000Z</time></trkpt>
<trkpt lat="30.6228845309869" lon="104.0676954353855"><ele>483</ele><time>2025-07-20T12:54:31.000Z</time></trkpt>
<trkpt lat="30.6228845309869" lon="104.0676954353855"><ele>483</ele><time>2025-07-20T12:54:32.000Z</time></trkpt>
<trkpt lat="30.6228845309869" lon="104.0676954353855"><ele>483</ele><time>2025-07-20T12:54:33.000Z</time></trkpt>
<trkpt lat="30.6228845309869" lon="104.0676954353855"><ele>481</ele><time>2025-07-20T12:54:34.000Z</time></trkpt>
<trkpt lat="30.6228845309869" lon="104.0676954353855"><ele>481</ele><time>2025-07-20T12:54:35.000Z</time></trkpt>
<trkpt lat="30.6228845309869" lon="104.0676954353855"><ele>481</ele><time>2025-07-20T12:54:36.000Z</time></trkpt>
<trkpt lat="30.6228845309869" lon="104.0676954353855"><ele>480</ele><time>2025-07-20T12:54:37.000Z</time></trkpt>
<trkpt lat="30.6228845309869" lon="104.0676954353855"><ele>480</ele><time>2025-07-20T12:54:38.000Z</time></trkpt>
<trkpt lat="30.6228845309869" lon="104.0676954353855"><ele>480</ele><time>2025-07-20T12:54:39.000Z</time></trkpt>
<trkpt lat="30.6228845309869" lon="104.0676954353855"><ele>480</ele><time>2025-07-20T12:54:40.000Z</time></trkpt>
<trkpt lat="30.6228845309869" lon="104.0676954353855"><ele>479</ele><time>2025-07-20T12:54:41.000Z</time></trkpt>
<trkpt lat="30.6228845309869" lon="104.0676954353855"><ele>479</ele><time>2025-07-20T12:54:42.000Z</time></trkpt>
<trkpt lat="30.6228845309869" lon="104.0676954353855"><ele>479</ele><time>2025-07-20T12:54:43.000Z</time></trkpt>
<trkpt lat="30.6228845309869" lon="104.0676954353855"><ele>479</ele><time>2025-07-20T12:54:44.000Z</time></trkpt>
<trkpt lat="30.6228845309869" lon="104.0676954353855"><ele>479</ele><time>2025-07-20T12:54:45.000Z</time></trkpt>
<trkpt lat="30.6228845309869" lon="104.0676954353855"><ele>479</ele><time>2025-07-20T12:54:46.000Z</time></trkpt>
<trkpt lat="30.6228845309869" lon="104.0676954353855"><ele>479</ele><time>2025-07-20T12:54:47.000Z</time></trkpt>
<trkpt lat="30.6228845309869" lon="104.0676954353855"><ele>479</ele><time>2025-07-20T12:54:48.000Z</time></trkpt>
<trkpt lat="30.6228845309869" lon="104.0676954353855"><ele>479</ele><time>2025-07-20T12:54:49.000Z</time></trkpt>
<trkpt lat="30.6228845309869" lon="104.0676954353855"><ele>479</ele><time>2025-07-20T12:54:50.000Z</time></trkpt>
<trkpt lat="30.6228845309869" lon="104.0676954353855"><ele>478</ele><time>2025-07-20T12:54:51.000Z</time></trkpt>
<trkpt lat="30.6228845309869" lon="104.0676954353855"><ele>478</ele><time>2025-07-20T12:54:52.000Z</time></trkpt>
<trkpt lat="30.6228845309869" lon="104.0676954353855"><ele>471</ele><time>2025-07-20T12:54:53.000Z</time></trkpt>
<trkpt lat="30.6228845309869" lon="104.0676954353855"><ele>471</ele><time>2025-07-20T12:54:54.000Z</time></trkpt>
<trkpt lat="30.6228845309869" lon="104.0676954353855"><ele>472</ele><time>2025-07-20T12:54:55.000Z</time></trkpt>
<trkpt lat="30.6228845309869" lon="104.0676954353855"><ele>472</ele><time>2025-07-20T12:54:56.000Z</time></trkpt>
<trkpt lat="30.6228845309869" lon="104.0676954353855"><ele>475</ele><time>2025-07-20T12:54:57.000Z</time></trkpt>
<trkpt lat="30.6228845309869" lon="104.0676954353855"><ele>475</ele><time>2025-07-20T12:54:58.000Z</time></trkpt>
<trkpt lat="30.6228845309869" lon="104.0676954353855"><ele>475</ele><time>2025-07-20T12:54:59.000Z</time></trkpt>
<trkpt lat="30.6228845309869" lon="104.0676954353855"><ele>475</ele><time>2025-07-20T12:55:00.000Z</time></trkpt>
<trkpt lat="30.6228845309869" lon="104.0676954353855"><ele>475</ele><time>2025-07-20T12:55:01.000Z</time></trkpt>
<trkpt lat="30.6228845309869" lon="104.0676954353855"><ele>477</ele><time>2025-07-20T12:55:02.000Z</time></trkpt>
<trkpt lat="30.6228845309869" lon="104.0676954353855"><ele>476</ele><time>2025-07-20T12:55:03.000Z</time></trkpt>
<trkpt lat="30.6228845309869" lon="104.0676954353855"><ele>476</ele><time>2025-07-20T12:55:04.000Z</time></trkpt>
<trkpt lat="30.6228845309869" lon="104.0676954353855"><ele>476</ele><time>2025-07-20T12:55:05.000Z</time></trkpt>
<trkpt lat="30.6228845309869" lon="104.0676954353855"><ele>477</ele><time>2025-07-20T12:55:06.000Z</time></trkpt>
<trkpt lat="30.6228845309869" lon="104.0676954353855"><ele>477</ele><time>2025-07-20T12:55:07.000Z</time></trkpt>
<trkpt lat="30.6228845309869" lon="104.0676954353855"><ele>478</ele><time>2025-07-20T12:55:08.000Z</time></trkpt>
<trkpt lat="30.6228845309869" lon="104.0676954353855"><ele>478</ele><time>2025-07-20T12:55:09.000Z</time></trkpt>
<trkpt lat="30.6228845309869" lon="104.0676954353855"><ele>478</ele><time>2025-07-20T12:55:10.000Z</time></trkpt>
<trkpt lat="30.6228845309869" lon="104.0676954353855"><ele>478</ele><time>2025-07-20T12:55:11.000Z</time></trkpt>
<trkpt lat="30.6228845309869" lon="104.0676954353855"><ele>478</ele><time>2025-07-20T12:55:12.000Z</time></trkpt>
<trkpt lat="30.6228845309869" lon="104.0676954353855"><ele>479</ele><time>2025-07-20T12:55:13.000Z</time></trkpt>
<trkpt lat="30.6228845309869" lon="104.0676954353855"><ele>479</ele><time>2025-07-20T12:55:14.000Z</time></trkpt>
<trkpt lat="30.6228845309869" lon="104.0676954353855"><ele>484</ele><time>2025-07-20T12:55:15.000Z</time></trkpt>
<trkpt lat="30.6228845309869" lon="104.0676954353855"><ele>484</ele><time>2025-07-20T12:55:16.000Z</time></trkpt>
<trkpt lat="30.6228845309869" lon="104.0676954353855"><ele>483</ele><time>2025-07-20T12:55:17.000Z</time></trkpt>
<trkpt lat="30.6228845309869" lon="104.0676954353855"><ele>483</ele><time>2025-07-20T12:55:18.000Z</time></trkpt>
<trkpt lat="30.6228845309869" lon="104.0676954353855"><ele>482</ele><time>2025-07-20T12:55:19.000Z</time></trkpt>
<trkpt lat="30.6228845309869" lon="104.0676954353855"><ele>482</ele><time>2025-07-20T12:55:20.000Z</time></trkpt>
<trkpt lat="30.6228845309869" lon="104.0676954353855"><ele>482</ele><time>2025-07-20T12:55:21.000Z</time></trkpt>
<trkpt lat="30.6228845309869" lon="104.0676954353855"><ele>482</ele><time>2025-07-20T12:55:22.000Z</time></trkpt>
<trkpt lat="30.6228845309869" lon="104.0676954353855"><ele>482</ele><time>2025-07-20T12:55:23.000Z</time></trkpt>
<trkpt lat="30.6228845309869" lon="104.0676954353855"><ele>481</ele><time>2025-07-20T12:55:24.000Z</time></trkpt>
<trkpt lat="30.6228845309869" lon="104.0676954353855"><ele>481</ele><time>2025-07-20T12:55:25.000Z</time></trkpt>
<trkpt lat="30.6228845309869" lon="104.0676954353855"><ele>481</ele><time>2025-07-20T12:55:26.000Z</time></trkpt>
<trkpt lat="30.6228845309869" lon="104.0676954353855"><ele>481</ele><time>2025-07-20T12:55:27.000Z</time></trkpt>
<trkpt lat="30.6228845309869" lon="104.0676954353855"><ele>482</ele><time>2025-07-20T12:55:28.000Z</time></trkpt>
<trkpt lat="30.6228845309869" lon="104.0676954353855"><ele>481</ele><time>2025-07-20T12:55:29.000Z</time></trkpt>
<trkpt lat="30.6228845309869" lon="104.0676954353855"><ele>481</ele><time>2025-07-20T12:55:30.000Z</time></trkpt>
<trkpt lat="30.6228845309869" lon="104.0676954353855"><ele>481</ele><time>2025-07-20T12:55:31.000Z</time></trkpt>
<trkpt lat="30.6228845309869" lon="104.0676954353855"><ele>480</ele><time>2025-07-20T12:55:32.000Z</time></trkpt>
<trkpt lat="30.6228845309869" lon="104.0676954353855"><ele>480</ele><time>2025-07-20T12:55:33.000Z</time></trkpt>
<trkpt lat="30.6228845309869" lon="104.0676954353855"><ele>480</ele><time>2025-07-20T12:55:34.000Z</time></trkpt>
<trkpt lat="30.6228845309869" lon="104.0676954353855"><ele>479</ele><time>2025-07-20T12:55:35.000Z</time></trkpt>
<trkpt lat="30.6228845309869" lon="104.0676954353855"><ele>479</ele><time>2025-07-20T12:55:36.000Z</time></trkpt>
<trkpt lat="30.6228845309869" lon="104.0676954353855"><ele>479</ele><time>2025-07-20T12:55:37.000Z</time></trkpt>
<trkpt lat="30.6228845309869" lon="104.0676954353855"><ele>480</ele><time>2025-07-20T12:55:38.000Z</time></trkpt>
<trkpt lat="30.6228845309869" lon="104.0676954353855"><ele>480</ele><time>2025-07-20T12:55:39.000Z</time></trkpt>
<trkpt lat="30.6228845309869" lon="104.0676954353855"><ele>480</ele><time>2025-07-20T12:55:40.000Z</time></trkpt>
<trkpt lat="30.6228845309869" lon="104.0676954353855"><ele>480</ele><time>2025-07-20T12:55:41.000Z</time></trkpt>
<trkpt lat="30.6228845309869" lon="104.0676954353855"><ele>480</ele><time>2025-07-20T12:55:42.000Z</time></trkpt>
<trkpt lat="30.6228845309869" lon="104.0676954353855"><ele>480</ele><time>2025-07-20T12:55:43.000Z</time></trkpt>
<trkpt lat="30.6228845309869" lon="104.0676954353855"><ele>480</ele><time>2025-07-20T12:55:44.000Z</time></trkpt>
<trkpt lat="30.6228845309869" lon="104.0676954353855"><ele>480</ele><time>2025-07-20T12:55:45.000Z</time></trkpt>
<trkpt lat="30.6228845309869" lon="104.0676954353855"><ele>480</ele><time>2025-07-20T12:55:46.000Z</time></trkpt>
<trkpt lat="30.6228845309869" lon="104.0676954353855"><ele>480</ele><time>2025-07-20T12:55:47.000Z</time></trkpt>
<trkpt lat="30.6228845309869" lon="104.0676954353855"><ele>480</ele><time>2025-07-20T12:55:48.000Z</time></trkpt>
<trkpt lat="30.6228845309869" lon="104.0676954353855"><ele>480</ele><time>2025-07-20T12:55:49.000Z</time></trkpt>
<trkpt lat="30.6228845309869" lon="104.0676954353855"><ele>480</ele><time>2025-07-20T12:55:50.000Z</time></trkpt>
<trkpt lat="30.6228845309869" lon="104.0676954353855"><ele>479</ele><time>2025-07-20T12:55:51.000Z</time></trkpt>
<trkpt lat="30.6228845309869" lon="104.0676954353855"><ele>480</ele><time>2025-07-20T12:55:52.000Z</time></trkpt>
<trkpt lat="30.6228845309869" lon="104.0676954353855"><ele>480</ele><time>2025-07-20T12:55:53.000Z</time></trkpt>
<trkpt lat="30.6228845309869" lon="104.0676954353855"><ele>479</ele><time>2025-07-20T12:55:54.000Z</time></trkpt>
<trkpt lat="30.6228845309869" lon="104.0676954353855"><ele>478</ele><time>2025-07-20T12:55:55.000Z</time></trkpt>
<trkpt lat="30.6228845309869" lon="104.0676954353855"><ele>478</ele><time>2025-07-20T12:55:56.000Z</time></trkpt>
<trkpt lat="30.6228845309869" lon="104.0676954353855"><ele>477</ele><time>2025-07-20T12:55:57.000Z</time></trkpt>
<trkpt lat="30.6228845309869" lon="104.0676954353855"><ele>477</ele><time>2025-07-20T12:55:58.000Z</time></trkpt>
<trkpt lat="30.6228845309869" lon="104.0676954353855"><ele>477</ele><time>2025-07-20T12:55:59.000Z</time></trkpt>
<trkpt lat="30.6228845309869" lon="104.0676954353855"><ele>477</ele><time>2025-07-20T12:56:00.000Z</time></trkpt>
<trkpt lat="30.6228845309869" lon="104.0676954353855"><ele>479</ele><time>2025-07-20T12:56:01.000Z</time></trkpt>
<trkpt lat="30.6228845309869" lon="104.0676954353855"><ele>478</ele><time>2025-07-20T12:56:02.000Z</time></trkpt>
<trkpt lat="30.6228845309869" lon="104.0676954353855"><ele>478</ele><time>2025-07-20T12:56:03.000Z</time></trkpt>
<trkpt lat="30.6228845309869" lon="104.0676954353855"><ele>478</ele><time>2025-07-20T12:56:04.000Z</time></trkpt>
<trkpt lat="30.6228845309869" lon="104.0676954353855"><ele>477</ele><time>2025-07-20T12:56:05.000Z</time></trkpt>
<trkpt lat="30.6228845309869" lon="104.0676954353855"><ele>478</ele><time>2025-07-20T12:56:06.000Z</time></trkpt>
<trkpt lat="30.6228845309869" lon="104.0676954353855"><ele>479</ele><time>2025-07-20T12:56:07.000Z</time></trkpt>
<trkpt lat="30.6228845309869" lon="104.0676954353855"><ele>479</ele><time>2025-07-20T12:56:08.000Z</time></trkpt>
<trkpt lat="30.6228845309869" lon="104.0676954353855"><ele>479</ele><time>2025-07-20T12:56:09.000Z</time></trkpt>
<trkpt lat="30.6228845309869" lon="104.0676954353855"><ele>480</ele><time>2025-07-20T12:56:10.000Z</time></trkpt>
<trkpt lat="30.6228845309869" lon="104.0676954353855"><ele>480</ele><time>2025-07-20T12:56:11.000Z</time></trkpt>
<trkpt lat="30.6228845309869" lon="104.0676954353855"><ele>480</ele><time>2025-07-20T12:56:12.000Z</time></trkpt>
<trkpt lat="30.6228845309869" lon="104.0676954353855"><ele>480</ele><time>2025-07-20T12:56:13.000Z</time></trkpt>
<trkpt lat="30.6228845309869" lon="104.0676954353855"><ele>479</ele><time>2025-07-20T12:56:14.000Z</time></trkpt>
<trkpt lat="30.6228845309869" lon="104.0676954353855"><ele>479</ele><time>2025-07-20T12:56:15.000Z</time></trkpt>
<trkpt lat="30.6228845309869" lon="104.0676954353855"><ele>479</ele><time>2025-07-20T12:56:16.000Z</time></trkpt>
<trkpt lat="30.6228845309869" lon="104.0676954353855"><ele>480</ele><time>2025-07-20T12:56:17.000Z</time></trkpt>
<trkpt lat="30.6228845309869" lon="104.0676954353855"><ele>479</ele><time>2025-07-20T12:56:18.000Z</time></trkpt>
<trkpt lat="30.6228845309869" lon="104.0676954353855"><ele>479</ele><time>2025-07-20T12:56:19.000Z</time></trkpt>
<trkpt lat="30.6228845309869" lon="104.0676954353855"><ele>479</ele><time>2025-07-20T12:56:20.000Z</time></trkpt>
<trkpt lat="30.6228845309869" lon="104.0676954353855"><ele>479</ele><time>2025-07-20T12:56:21.000Z</time></trkpt>
<trkpt lat="30.6228845309869" lon="104.0676954353855"><ele>480</ele><time>2025-07-20T12:56:22.000Z</time></trkpt>
<trkpt lat="30.6228845309869" lon="104.0676954353855"><ele>479</ele><time>2025-07-20T12:56:23.000Z</time></trkpt>
<trkpt lat="30.6228845309869" lon="104.0676954353855"><ele>480</ele><time>2025-07-20T12:56:24.000Z</time></trkpt>
<trkpt lat="30.6228845309869" lon="104.0676954353855"><ele>480</ele><time>2025-07-20T12:56:25.000Z</time></trkpt>
<trkpt lat="30.6228845309869" lon="104.0676954353855"><ele>480</ele><time>2025-07-20T12:56:26.000Z</time></trkpt>
<trkpt lat="30.6228845309869" lon="104.0676954353855"><ele>481</ele><time>2025-07-20T12:56:27.000Z</time></trkpt>
<trkpt lat="30.6228845309869" lon="104.0676954353855"><ele>481</ele><time>2025-07-20T12:56:28.000Z</time></trkpt>
<trkpt lat="30.6228845309869" lon="104.0676954353855"><ele>480</ele><time>2025-07-20T12:56:29.000Z</time></trkpt>
<trkpt lat="30.6228845309869" lon="104.0676954353855"><ele>480</ele><time>2025-07-20T12:56:30.000Z</time></trkpt>
<trkpt lat="30.6228845309869" lon="104.0676954353855"><ele>480</ele><time>2025-07-20T12:56:31.000Z</time></trkpt>
<trkpt lat="30.6228845309869" lon="104.0676954353855"><ele>480</ele><time>2025-07-20T12:56:32.000Z</time></trkpt>
<trkpt lat="30.6228845309869" lon="104.0676954353855"><ele>479</ele><time>2025-07-20T12:56:33.000Z</time></trkpt>
<trkpt lat="30.6228845309869" lon="104.0676954353855"><ele>479</ele><time>2025-07-20T12:56:34.000Z</time></trkpt>
<trkpt lat="30.6228845309869" lon="104.0676954353855"><ele>478</ele><time>2025-07-20T12:56:35.000Z</time></trkpt>
<trkpt lat="30.6228845309869" lon="104.0676954353855"><ele>478</ele><time>2025-07-20T12:56:36.000Z</time></trkpt>
<trkpt lat="30.6228845309869" lon="104.0676954353855"><ele>479</ele><time>2025-07-20T12:56:37.000Z</time></trkpt>
<trkpt lat="30.6228845309869" lon="104.0676954353855"><ele>480</ele><time>2025-07-20T12:56:38.000Z</time></trkpt>
<trkpt lat="30.6228845309869" lon="104.0676954353855"><ele>480</ele><time>2025-07-20T12:56:39.000Z</time></trkpt>
<trkpt lat="30.6228845309869" lon="104.0676954353855"><ele>479</ele><time>2025-07-20T12:56:40.000Z</time></trkpt>
<trkpt lat="30.6228845309869" lon="104.0676954353855"><ele>479</ele><time>2025-07-20T12:56:41.000Z</time></trkpt>
<trkpt lat="30.6228845309869" lon="104.0676954353855"><ele>479</ele><time>2025-07-20T12:56:42.000Z</time></trkpt>
<trkpt lat="30.6228845309869" lon="104.0676954353855"><ele>479</ele><time>2025-07-20T12:56:43.000Z</time></trkpt>
<trkpt lat="30.6228845309869" lon="104.0676954353855"><ele>479</ele><time>2025-07-20T12:56:44.000Z</time></trkpt>
<trkpt lat="30.6228845309869" lon="104.0676954353855"><ele>479</ele><time>2025-07-20T12:56:45.000Z</time></trkpt>
<trkpt lat="30.6228845309869" lon="104.0676954353855"><ele>479</ele><time>2025-07-20T12:56:46.000Z</time></trkpt>
<trkpt lat="30.6228845309869" lon="104.0676954353855"><ele>478</ele><time>2025-07-20T12:56:47.000Z</time></trkpt>
<trkpt lat="30.6228845309869" lon="104.0676954353855"><ele>478</ele><time>2025-07-20T12:56:48.000Z</time></trkpt>
<trkpt lat="30.6228845309869" lon="104.0676954353855"><ele>479</ele><time>2025-07-20T12:56:49.000Z</time></trkpt>
<trkpt lat="30.6228845309869" lon="104.0676954353855"><ele>478</ele><time>2025-07-20T12:56:50.000Z</time></trkpt>
<trkpt lat="30.6228845309869" lon="104.0676954353855"><ele>478</ele><time>2025-07-20T12:56:51.000Z</time></trkpt>
<trkpt lat="30.6228845309869" lon="104.0676954353855"><ele>478</ele><time>2025-07-20T12:56:52.000Z</time></trkpt>
<trkpt lat="30.6228845309869" lon="104.0676954353855"><ele>477</ele><time>2025-07-20T12:56:53.000Z</time></trkpt>
<trkpt lat="30.6228845309869" lon="104.0676954353855"><ele>477</ele><time>2025-07-20T12:56:54.000Z</time></trkpt>
<trkpt lat="30.6228845309869" lon="104.0676954353855"><ele>477</ele><time>2025-07-20T12:56:55.000Z</time></trkpt>
<trkpt lat="30.6228845309869" lon="104.0676954353855"><ele>477</ele><time>2025-07-20T12:56:56.000Z</time></trkpt>
<trkpt lat="30.6228845309869" lon="104.0676954353855"><ele>477</ele><time>2025-07-20T12:56:57.000Z</time></trkpt>
<trkpt lat="30.6228845309869" lon="104.0676954353855"><ele>478</ele><time>2025-07-20T12:56:58.000Z</time></trkpt>
<trkpt lat="30.6228845309869" lon="104.0676954353855"><ele>481</ele><time>2025-07-20T12:56:59.000Z</time></trkpt>
<trkpt lat="30.6228845309869" lon="104.0676954353855"><ele>481</ele><time>2025-07-20T12:57:00.000Z</time></trkpt>
<trkpt lat="30.6228845309869" lon="104.0676954353855"><ele>481</ele><time>2025-07-20T12:57:01.000Z</time></trkpt>
<trkpt lat="30.6228845309869" lon="104.0676954353855"><ele>481</ele><time>2025-07-20T12:57:02.000Z</time></trkpt>
<trkpt lat="30.6228845309869" lon="104.0676954353855"><ele>481</ele><time>2025-07-20T12:57:03.000Z</time></trkpt>
<trkpt lat="30.6228845309869" lon="104.0676954353855"><ele>480</ele><time>2025-07-20T12:57:04.000Z</time></trkpt>
<trkpt lat="30.6228845309869" lon="104.0676954353855"><ele>480</ele><time>2025-07-20T12:57:05.000Z</time></trkpt>
<trkpt lat="30.6228845309869" lon="104.0676954353855"><ele>480</ele><time>2025-07-20T12:57:06.000Z</time></trkpt>
<trkpt lat="30.6228845309869" lon="104.0676954353855"><ele>480</ele><time>2025-07-20T12:57:07.000Z</time></trkpt>
<trkpt lat="30.6228845309869" lon="104.0676954353855"><ele>479</ele><time>2025-07-20T12:57:08.000Z</time></trkpt>
<trkpt lat="30.6228845309869" lon="104.0676954353855"><ele>479</ele><time>2025-07-20T12:57:09.000Z</time></trkpt>
<trkpt lat="30.6228845309869" lon="104.0676954353855"><ele>479</ele><time>2025-07-20T12:57:10.000Z</time></trkpt>
<trkpt lat="30.6228845309869" lon="104.0676954353855"><ele>479</ele><time>2025-07-20T12:57:11.000Z</time></trkpt>
<trkpt lat="30.6228845309869" lon="104.0676954353855"><ele>479</ele><time>2025-07-20T12:57:12.000Z</time></trkpt>
<trkpt lat="30.6228845309869" lon="104.0676954353855"><ele>479</ele><time>2025-07-20T12:57:13.000Z</time></trkpt>
<trkpt lat="30.6228845309869" lon="104.0676954353855"><ele>479</ele><time>2025-07-20T12:57:14.000Z</time></trkpt>
<trkpt lat="30.6228845309869" lon="104.0676954353855"><ele>479</ele><time>2025-07-20T12:57:15.000Z</time></trkpt>
<trkpt lat="30.6228845309869" lon="104.0676954353855"><ele>478</ele><time>2025-07-20T12:57:16.000Z</time></trkpt>
<trkpt lat="30.6228845309869" lon="104.0676954353855"><ele>478</ele><time>2025-07-20T12:57:17.000Z</time></trkpt>
<trkpt lat="30.6228845309869" lon="104.0676954353855"><ele>478</ele><time>2025-07-20T12:57:18.000Z</time></trkpt>
<trkpt lat="30.6228845309869" lon="104.0676954353855"><ele>477</ele><time>2025-07-20T12:57:19.000Z</time></trkpt>
<trkpt lat="30.6228845309869" lon="104.0676954353855"><ele>477</ele><time>2025-07-20T12:57:20.000Z</time></trkpt>
<trkpt lat="30.6228845309869" lon="104.0676954353855"><ele>477</ele><time>2025-07-20T12:57:21.000Z</time></trkpt>
<trkpt lat="30.6228845309869" lon="104.0676954353855"><ele>477</ele><time>2025-07-20T12:57:22.000Z</time></trkpt>
<trkpt lat="30.6228845309869" lon="104.0676954353855"><ele>477</ele><time>2025-07-20T12:57:23.000Z</time></trkpt>
<trkpt lat="30.6228845309869" lon="104.0676954353855"><ele>478</ele><time>2025-07-20T12:57:24.000Z</time></trkpt>
<trkpt lat="30.6228845309869" lon="104.0676954353855"><ele>478</ele><time>2025-07-20T12:57:25.000Z</time></trkpt>
<trkpt lat="30.6228845309869" lon="104.0676954353855"><ele>479</ele><time>2025-07-20T12:57:26.000Z</time></trkpt>
<trkpt lat="30.6228845309869" lon="104.0676954353855"><ele>480</ele><time>2025-07-20T12:57:27.000Z</time></trkpt>
<trkpt lat="30.6228845309869" lon="104.0676954353855"><ele>481</ele><time>2025-07-20T12:57:28.000Z</time></trkpt>
<trkpt lat="30.6228845309869" lon="104.0676954353855"><ele>481</ele><time>2025-07-20T12:57:29.000Z</time></trkpt>
<trkpt lat="30.6228845309869" lon="104.0676954353855"><ele>482</ele><time>2025-07-20T12:57:30.000Z</time></trkpt>
<trkpt lat="30.6228845309869" lon="104.0676954353855"><ele>482</ele><time>2025-07-20T12:57:31.000Z</time></trkpt>
<trkpt lat="30.6228845309869" lon="104.0676954353855"><ele>482</ele><time>2025-07-20T12:57:32.000Z</time></trkpt>
<trkpt lat="30.6228845309869" lon="104.0676954353855"><ele>481</ele><time>2025-07-20T12:57:33.000Z</time></trkpt>
<trkpt lat="30.6228845309869" lon="104.0676954353855"><ele>481</ele><time>2025-07-20T12:57:34.000Z</time></trkpt>
<trkpt lat="30.6228845309869" lon="104.0676954353855"><ele>480</ele><time>2025-07-20T12:57:35.000Z</time></trkpt>
<trkpt lat="30.6228845309869" lon="104.0676954353855"><ele>481</ele><time>2025-07-20T12:57:36.000Z</time></trkpt>
<trkpt lat="30.6228845309869" lon="104.0676954353855"><ele>480</ele><time>2025-07-20T12:57:37.000Z</time></trkpt>
<trkpt lat="30.6228845309869" lon="104.0676954353855"><ele>479</ele><time>2025-07-20T12:57:38.000Z</time></trkpt>
<trkpt lat="30.6228845309869" lon="104.0676954353855"><ele>479</ele><time>2025-07-20T12:57:39.000Z</time></trkpt>
<trkpt lat="30.6228845309869" lon="104.0676954353855"><ele>479</ele><time>2025-07-20T12:57:40.000Z</time></trkpt>
<trkpt lat="30.6228845309869" lon="104.0676954353855"><ele>479</ele><time>2025-07-20T12:57:41.000Z</time></trkpt>
<trkpt lat="30.6228845309869" lon="104.0676954353855"><ele>479</ele><time>2025-07-20T12:57:42.000Z</time></trkpt>
<trkpt lat="30.6228845309869" lon="104.0676954353855"><ele>478</ele><time>2025-07-20T12:57:43.000Z</time></trkpt>
<trkpt lat="30.6228845309869" lon="104.0676954353855"><ele>478</ele><time>2025-07-20T12:57:44.000Z</time></trkpt>
<trkpt lat="30.6228845309869" lon="104.0676954353855"><ele>478</ele><time>2025-07-20T12:57:45.000Z</time></trkpt>
<trkpt lat="30.6228845309869" lon="104.0676954353855"><ele>478</ele><time>2025-07-20T12:57:46.000Z</time></trkpt>
<trkpt lat="30.6228845309869" lon="104.0676954353855"><ele>478</ele><time>2025-07-20T12:57:47.000Z</time></trkpt>
<trkpt lat="30.6228845309869" lon="104.0676954353855"><ele>478</ele><time>2025-07-20T12:57:48.000Z</time></trkpt>
<trkpt lat="30.6228845309869" lon="104.0676954353855"><ele>478</ele><time>2025-07-20T12:57:49.000Z</time></trkpt>
<trkpt lat="30.6228845309869" lon="104.0676954353855"><ele>478</ele><time>2025-07-20T12:57:50.000Z</time></trkpt>
<trkpt lat="30.6228845309869" lon="104.0676954353855"><ele>479</ele><time>2025-07-20T12:57:51.000Z</time></trkpt>
<trkpt lat="30.6228845309869" lon="104.0676954353855"><ele>479</ele><time>2025-07-20T12:57:52.000Z</time></trkpt>
<trkpt lat="30.6228845309869" lon="104.0676954353855"><ele>479</ele><time>2025-07-20T12:57:53.000Z</time></trkpt>
<trkpt lat="30.6228845309869" lon="104.0676954353855"><ele>479</ele><time>2025-07-20T12:57:54.000Z</time></trkpt>
<trkpt lat="30.6228845309869" lon="104.0676954353855"><ele>479</ele><time>2025-07-20T12:57:55.000Z</time></trkpt>
<trkpt lat="30.6228845309869" lon="104.0676954353855"><ele>481</ele><time>2025-07-20T12:57:56.000Z</time></trkpt>
<trkpt lat="30.6228845309869" lon="104.0676954353855"><ele>481</ele><time>2025-07-20T12:57:57.000Z</time></trkpt>
<trkpt lat="30.6228845309869" lon="104.0676954353855"><ele>482</ele><time>2025-07-20T12:57:58.000Z</time></trkpt>
<trkpt lat="30.6228845309869" lon="104.0676954353855"><ele>482</ele><time>2025-07-20T12:57:59.000Z</time></trkpt>
<trkpt lat="30.6228845309869" lon="104.0676954353855"><ele>481</ele><time>2025-07-20T12:58:00.000Z</time></trkpt>
<trkpt lat="30.6228845309869" lon="104.0676954353855"><ele>482</ele><time>2025-07-20T12:58:01.000Z</time></trkpt>
<trkpt lat="30.6228845309869" lon="104.0676954353855"><ele>482</ele><time>2025-07-20T12:58:02.000Z</time></trkpt>
<trkpt lat="30.6228845309869" lon="104.0676954353855"><ele>482</ele><time>2025-07-20T12:58:03.000Z</time></trkpt>
<trkpt lat="30.6228845309869" lon="104.0676954353855"><ele>482</ele><time>2025-07-20T12:58:04.000Z</time></trkpt>
<trkpt lat="30.6228845309869" lon="104.0676954353855"><ele>482</ele><time>2025-07-20T12:58:05.000Z</time></trkpt>
<trkpt lat="30.6228845309869" lon="104.0676954353855"><ele>482</ele><time>2025-07-20T12:58:06.000Z</time></trkpt>
<trkpt lat="30.6228845309869" lon="104.0676954353855"><ele>481</ele><time>2025-07-20T12:58:07.000Z</time></trkpt>
<trkpt lat="30.6228845309869" lon="104.0676954353855"><ele>481</ele><time>2025-07-20T12:58:08.000Z</time></trkpt>
<trkpt lat="30.6228845309869" lon="104.0676954353855"><ele>481</ele><time>2025-07-20T12:58:09.000Z</time></trkpt>
<trkpt lat="30.6228845309869" lon="104.0676954353855"><ele>481</ele><time>2025-07-20T12:58:10.000Z</time></trkpt>
<trkpt lat="30.6228845309869" lon="104.0676954353855"><ele>481</ele><time>2025-07-20T12:58:11.000Z</time></trkpt>
<trkpt lat="30.6228845309869" lon="104.0676954353855"><ele>481</ele><time>2025-07-20T12:58:12.000Z</time></trkpt>
<trkpt lat="30.6228845309869" lon="104.0676954353855"><ele>481</ele><time>2025-07-20T12:58:13.000Z</time></trkpt>
<trkpt lat="30.6228845309869" lon="104.0676954353855"><ele>481</ele><time>2025-07-20T12:58:14.000Z</time></trkpt>
<trkpt lat="30.6228845309869" lon="104.0676954353855"><ele>481</ele><time>2025-07-20T12:58:15.000Z</time></trkpt>
<trkpt lat="30.6228845309869" lon="104.0676954353855"><ele>481</ele><time>2025-07-20T12:58:16.000Z</time></trkpt>
<trkpt lat="30.6228845309869" lon="104.0676954353855"><ele>481</ele><time>2025-07-20T12:58:17.000Z</time></trkpt>
<trkpt lat="30.6228845309869" lon="104.0676954353855"><ele>481</ele><time>2025-07-20T12:58:18.000Z</time></trkpt>
<trkpt lat="30.6228845309869" lon="104.0676954353855"><ele>481</ele><time>2025-07-20T12:58:19.000Z</time></trkpt>
<trkpt lat="30.6228845309869" lon="104.0676954353855"><ele>481</ele><time>2025-07-20T12:58:20.000Z</time></trkpt>
<trkpt lat="30.6228845309869" lon="104.0676954353855"><ele>481</ele><time>2025-07-20T12:58:21.000Z</time></trkpt>
<trkpt lat="30.6228845309869" lon="104.0676954353855"><ele>481</ele><time>2025-07-20T12:58:22.000Z</time></trkpt>
<trkpt lat="30.6228845309869" lon="104.0676954353855"><ele>481</ele><time>2025-07-20T12:58:23.000Z</time></trkpt>
<trkpt lat="30.6228845309869" lon="104.0676954353855"><ele>481</ele><time>2025-07-20T12:58:24.000Z</time></trkpt>
<trkpt lat="30.6228845309869" lon="104.0676954353855"><ele>482</ele><time>2025-07-20T12:58:25.000Z</time></trkpt>
<trkpt lat="30.6228845309869" lon="104.0676954353855"><ele>482</ele><time>2025-07-20T12:58:26.000Z</time></trkpt>
<trkpt lat="30.6228845309869" lon="104.0676954353855"><ele>482</ele><time>2025-07-20T12:58:27.000Z</time></trkpt>
<trkpt lat="30.6228845309869" lon="104.0676954353855"><ele>482</ele><time>2025-07-20T12:58:28.000Z</time></trkpt>
<trkpt lat="30.6228845309869" lon="104.0676954353855"><ele>482</ele><time>2025-07-20T12:58:29.000Z</time></trkpt>
<trkpt lat="30.6228845309869" lon="104.0676954353855"><ele>483</ele><time>2025-07-20T12:58:30.000Z</time></trkpt>
<trkpt lat="30.6228845309869" lon="104.0676954353855"><ele>483</ele><time>2025-07-20T12:58:31.000Z</time></trkpt>
<trkpt lat="30.6228845309869" lon="104.0676954353855"><ele>483</ele><time>2025-07-20T12:58:32.000Z</time></trkpt>
<trkpt lat="30.6228845309869" lon="104.0676954353855"><ele>483</ele><time>2025-07-20T12:58:33.000Z</time></trkpt>
<trkpt lat="30.6228845309869" lon="104.0676954353855"><ele>483</ele><time>2025-07-20T12:58:34.000Z</time></trkpt>
<trkpt lat="30.6228845309869" lon="104.0676954353855"><ele>483</ele><time>2025-07-20T12:58:35.000Z</time></trkpt>
<trkpt lat="30.6228845309869" lon="104.0676954353855"><ele>483</ele><time>2025-07-20T12:58:36.000Z</time></trkpt>
<trkpt lat="30.6228845309869" lon="104.0676954353855"><ele>483</ele><time>2025-07-20T12:58:37.000Z</time></trkpt>
<trkpt lat="30.6228845309869" lon="104.0676954353855"><ele>483</ele><time>2025-07-20T12:58:38.000Z</time></trkpt>
<trkpt lat="30.6228845309869" lon="104.0676954353855"><ele>483</ele><time>2025-07-20T12:58:39.000Z</time></trkpt>
<trkpt lat="30.6228845309869" lon="104.0676954353855"><ele>483</ele><time>2025-07-20T12:58:40.000Z</time></trkpt>
<trkpt lat="30.6228845309869" lon="104.0676954353855"><ele>484</ele><time>2025-07-20T12:58:41.000Z</time></trkpt>
<trkpt lat="30.6228845309869" lon="104.0676954353855"><ele>484</ele><time>2025-07-20T12:58:42.000Z</time></trkpt>
<trkpt lat="30.6228845309869" lon="104.0676954353855"><ele>484</ele><time>2025-07-20T12:58:43.000Z</time></trkpt>
<trkpt lat="30.6228845309869" lon="104.0676954353855"><ele>484</ele><time>2025-07-20T12:58:44.000Z</time></trkpt>
<trkpt lat="30.6228845309869" lon="104.0676954353855"><ele>484</ele><time>2025-07-20T12:58:45.000Z</time></trkpt>
<trkpt lat="30.6228845309869" lon="104.0676954353855"><ele>484</ele><time>2025-07-20T12:58:46.000Z</time></trkpt>
<trkpt lat="30.6228845309869" lon="104.0676954353855"><ele>484</ele><time>2025-07-20T12:58:47.000Z</time></trkpt>
<trkpt lat="30.6228845309869" lon="104.0676954353855"><ele>484</ele><time>2025-07-20T12:58:48.000Z</time></trkpt>
<trkpt lat="30.6228845309869" lon="104.0676954353855"><ele>484</ele><time>2025-07-20T12:58:49.000Z</time></trkpt>
<trkpt lat="30.6228845309869" lon="104.0676954353855"><ele>484</ele><time>2025-07-20T12:58:50.000Z</time></trkpt>
<trkpt lat="30.6228845309869" lon="104.0676954353855"><ele>484</ele><time>2025-07-20T12:58:51.000Z</time></trkpt>
<trkpt lat="30.6228845309869" lon="104.0676954353855"><ele>484</ele><time>2025-07-20T12:58:52.000Z</time></trkpt>
<trkpt lat="30.6228845309869" lon="104.0676954353855"><ele>484</ele><time>2025-07-20T12:58:53.000Z</time></trkpt>
<trkpt lat="30.6228845309869" lon="104.0676954353855"><ele>485</ele><time>2025-07-20T12:58:54.000Z</time></trkpt>
<trkpt lat="30.6228845309869" lon="104.0676954353855"><ele>487</ele><time>2025-07-20T12:58:55.000Z</time></trkpt>
<trkpt lat="30.6228845309869" lon="104.0676954353855"><ele>486</ele><time>2025-07-20T12:58:56.000Z</time></trkpt>
<trkpt lat="30.6228845309869" lon="104.0676954353855"><ele>486</ele><time>2025-07-20T12:58:57.000Z</time></trkpt>
<trkpt lat="30.6228845309869" lon="104.0676954353855"><ele>485</ele><time>2025-07-20T12:58:58.000Z</time></trkpt>
<trkpt lat="30.6228845309869" lon="104.0676954353855"><ele>486</ele><time>2025-07-20T12:58:59.000Z</time></trkpt>
<trkpt lat="30.6228845309869" lon="104.0676954353855"><ele>486</ele><time>2025-07-20T12:59:00.000Z</time></trkpt>
<trkpt lat="30.6228845309869" lon="104.0676954353855"><ele>486</ele><time>2025-07-20T12:59:01.000Z</time></trkpt>
<trkpt lat="30.6228845309869" lon="104.0676954353855"><ele>486</ele><time>2025-07-20T12:59:02.000Z</time></trkpt>
<trkpt lat="30.6228845309869" lon="104.0676954353855"><ele>487</ele><time>2025-07-20T12:59:03.000Z</time></trkpt>
<trkpt lat="30.6228845309869" lon="104.0676954353855"><ele>486</ele><time>2025-07-20T12:59:04.000Z</time></trkpt>
<trkpt lat="30.6228845309869" lon="104.0676954353855"><ele>486</ele><time>2025-07-20T12:59:05.000Z</time></trkpt>
<trkpt lat="30.6228845309869" lon="104.0676954353855"><ele>486</ele><time>2025-07-20T12:59:06.000Z</time></trkpt>
<trkpt lat="30.6228845309869" lon="104.0676954353855"><ele>486</ele><time>2025-07-20T12:59:07.000Z</time></trkpt>
<trkpt lat="30.6228845309869" lon="104.0676954353855"><ele>486</ele><time>2025-07-20T12:59:08.000Z</time></trkpt>
<trkpt lat="30.6228845309869" lon="104.0676954353855"><ele>486</ele><time>2025-07-20T12:59:09.000Z</time></trkpt>
<trkpt lat="30.6228845309869" lon="104.0676954353855"><ele>486</ele><time>2025-07-20T12:59:10.000Z</time></trkpt>
<trkpt lat="30.6228845309869" lon="104.0676954353855"><ele>486</ele><time>2025-07-20T12:59:11.000Z</time></trkpt>
<trkpt lat="30.6228845309869" lon="104.0676954353855"><ele>486</ele><time>2025-07-20T12:59:12.000Z</time></trkpt>
<trkpt lat="30.6228845309869" lon="104.0676954353855"><ele>486</ele><time>2025-07-20T12:59:13.000Z</time></trkpt>
<trkpt lat="30.6228845309869" lon="104.0676954353855"><ele>487</ele><time>2025-07-20T12:59:14.000Z</time></trkpt>
<trkpt lat="30.6228845309869" lon="104.0676954353855"><ele>487</ele><time>2025-07-20T12:59:15.000Z</time></trkpt>
<trkpt lat="30.6228845309869" lon="104.0676954353855"><ele>488</ele><time>2025-07-20T12:59:16.000Z</time></trkpt>
<trkpt lat="30.6228845309869" lon="104.0676954353855"><ele>487</ele><time>2025-07-20T12:59:17.000Z</time></trkpt>
<trkpt lat="30.6228845309869" lon="104.0676954353855"><ele>486</ele><time>2025-07-20T12:59:18.000Z</time></trkpt>
<trkpt lat="30.6228845309869" lon="104.0676954353855"><ele>486</ele><time>2025-07-20T12:59:19.000Z</time></trkpt>
<trkpt lat="30.6228845309869" lon="104.0676954353855"><ele>485</ele><time>2025-07-20T12:59:20.000Z</time></trkpt>
<trkpt lat="30.6228845309869" lon="104.0676954353855"><ele>484</ele><time>2025-07-20T12:59:21.000Z</time></trkpt>
<trkpt lat="30.6228845309869" lon="104.0676954353855"><ele>484</ele><time>2025-07-20T12:59:22.000Z</time></trkpt>
<trkpt lat="30.6228845309869" lon="104.0676954353855"><ele>484</ele><time>2025-07-20T12:59:23.000Z</time></trkpt>
<trkpt lat="30.6228845309869" lon="104.0676954353855"><ele>484</ele><time>2025-07-20T12:59:24.000Z</time></trkpt>
<trkpt lat="30.6228845309869" lon="104.0676954353855"><ele>484</ele><time>2025-07-20T12:59:25.000Z</time></trkpt>
<trkpt lat="30.6228845309869" lon="104.0676954353855"><ele>483</ele><time>2025-07-20T12:59:26.000Z</time></trkpt>
<trkpt lat="30.6228845309869" lon="104.0676954353855"><ele>484</ele><time>2025-07-20T12:59:27.000Z</time></trkpt>
<trkpt lat="30.6228845309869" lon="104.0676954353855"><ele>485</ele><time>2025-07-20T12:59:28.000Z</time></trkpt>
<trkpt lat="30.6228845309869" lon="104.0676954353855"><ele>483</ele><time>2025-07-20T12:59:29.000Z</time></trkpt>
<trkpt lat="30.6228845309869" lon="104.0676954353855"><ele>484</ele><time>2025-07-20T12:59:30.000Z</time></trkpt>
<trkpt lat="30.6228845309869" lon="104.0676954353855"><ele>483</ele><time>2025-07-20T12:59:31.000Z</time></trkpt>
<trkpt lat="30.6228845309869" lon="104.0676954353855"><ele>484</ele><time>2025-07-20T12:59:32.000Z</time></trkpt>
<trkpt lat="30.6228845309869" lon="104.0676954353855"><ele>484</ele><time>2025-07-20T12:59:33.000Z</time></trkpt>
<trkpt lat="30.6228845309869" lon="104.0676954353855"><ele>485</ele><time>2025-07-20T12:59:34.000Z</time></trkpt>
<trkpt lat="30.6228845309869" lon="104.0676954353855"><ele>485</ele><time>2025-07-20T12:59:35.000Z</time></trkpt>
<trkpt lat="30.6228845309869" lon="104.0676954353855"><ele>486</ele><time>2025-07-20T12:59:36.000Z</time></trkpt>
<trkpt lat="30.6228845309869" lon="104.0676954353855"><ele>486</ele><time>2025-07-20T12:59:37.000Z</time></trkpt>
<trkpt lat="30.6228845309869" lon="104.0676954353855"><ele>486</ele><time>2025-07-20T12:59:38.000Z</time></trkpt>
<trkpt lat="30.6228845309869" lon="104.0676954353855"><ele>486</ele><time>2025-07-20T12:59:39.000Z</time></trkpt>
<trkpt lat="30.6228845309869" lon="104.0676954353855"><ele>486</ele><time>2025-07-20T12:59:40.000Z</time></trkpt>
<trkpt lat="30.6228845309869" lon="104.0676954353855"><ele>485</ele><time>2025-07-20T12:59:41.000Z</time></trkpt>
<trkpt lat="30.6228845309869" lon="104.0676954353855"><ele>485</ele><time>2025-07-20T12:59:42.000Z</time></trkpt>
<trkpt lat="30.6228845309869" lon="104.0676954353855"><ele>485</ele><time>2025-07-20T12:59:43.000Z</time></trkpt>
<trkpt lat="30.6228845309869" lon="104.0676954353855"><ele>485</ele><time>2025-07-20T12:59:44.000Z</time></trkpt>
<trkpt lat="30.6228845309869" lon="104.0676954353855"><ele>484</ele><time>2025-07-20T12:59:45.000Z</time></trkpt>
<trkpt lat="30.6228845309869" lon="104.0676954353855"><ele>485</ele><time>2025-07-20T12:59:46.000Z</time></trkpt>
<trkpt lat="30.6228845309869" lon="104.0676954353855"><ele>485</ele><time>2025-07-20T12:59:47.000Z</time></trkpt>
<trkpt lat="30.6228845309869" lon="104.0676954353855"><ele>484</ele><time>2025-07-20T12:59:48.000Z</time></trkpt>
<trkpt lat="30.6228845309869" lon="104.0676954353855"><ele>485</ele><time>2025-07-20T12:59:49.000Z</time></trkpt>
<trkpt lat="30.6228845309869" lon="104.0676954353855"><ele>485</ele><time>2025-07-20T12:59:50.000Z</time></trkpt>
<trkpt lat="30.6228845309869" lon="104.0676954353855"><ele>486</ele><time>2025-07-20T12:59:51.000Z</time></trkpt>
<trkpt lat="30.6228845309869" lon="104.0676954353855"><ele>486</ele><time>2025-07-20T12:59:52.000Z</time></trkpt>
<trkpt lat="30.6228845309869" lon="104.0676954353855"><ele>486</ele><time>2025-07-20T12:59:53.000Z</time></trkpt>
<trkpt lat="30.6228845309869" lon="104.0676954353855"><ele>486</ele><time>2025-07-20T12:59:54.000Z</time></trkpt>
<trkpt lat="30.6228845309869" lon="104.0676954353855"><ele>486</ele><time>2025-07-20T12:59:55.000Z</time></trkpt>
<trkpt lat="30.6228845309869" lon="104.0676954353855"><ele>486</ele><time>2025-07-20T12:59:56.000Z</time></trkpt>
<trkpt lat="30.6228845309869" lon="104.0676954353855"><ele>486</ele><time>2025-07-20T12:59:57.000Z</time></trkpt>
<trkpt lat="30.6228845309869" lon="104.0676954353855"><ele>487</ele><time>2025-07-20T12:59:58.000Z</time></trkpt>
<trkpt lat="30.6228845309869" lon="104.0676954353855"><ele>488</ele><time>2025-07-20T12:59:59.000Z</time></trkpt>
<trkpt lat="30.6228845309869" lon="104.0676954353855"><ele>489</ele><time>2025-07-20T13:00:00.000Z</time></trkpt>
<trkpt lat="30.6228845309869" lon="104.0676954353855"><ele>490</ele><time>2025-07-20T13:00:01.000Z</time></trkpt>
<trkpt lat="30.6228845309869" lon="104.0676954353855"><ele>490</ele><time>2025-07-20T13:00:02.000Z</time></trkpt>
<trkpt lat="30.6228845309869" lon="104.0676954353855"><ele>489</ele><time>2025-07-20T13:00:03.000Z</time></trkpt>
<trkpt lat="30.6228845309869" lon="104.0676954353855"><ele>488</ele><time>2025-07-20T13:00:04.000Z</time></trkpt>
<trkpt lat="30.6228845309869" lon="104.0676954353855"><ele>486</ele><time>2025-07-20T13:00:05.000Z</time></trkpt>
<trkpt lat="30.6228845309869" lon="104.0676954353855"><ele>485</ele><time>2025-07-20T13:00:06.000Z</time></trkpt>
<trkpt lat="30.6228845309869" lon="104.0676954353855"><ele>485</ele><time>2025-07-20T13:00:07.000Z</time></trkpt>
<trkpt lat="30.6228845309869" lon="104.0676954353855"><ele>479</ele><time>2025-07-20T13:00:08.000Z</time></trkpt>
<trkpt lat="30.6228845309869" lon="104.0676954353855"><ele>479</ele><time>2025-07-20T13:00:09.000Z</time></trkpt>
<trkpt lat="30.6228845309869" lon="104.0676954353855"><ele>479</ele><time>2025-07-20T13:00:10.000Z</time></trkpt>
<trkpt lat="30.6228845309869" lon="104.0676954353855"><ele>479</ele><time>2025-07-20T13:00:11.000Z</time></trkpt>
<trkpt lat="30.6228845309869" lon="104.0676954353855"><ele>478</ele><time>2025-07-20T13:00:12.000Z</time></trkpt>
<trkpt lat="30.6228845309869" lon="104.0676954353855"><ele>478</ele><time>2025-07-20T13:00:13.000Z</time></trkpt>
<trkpt lat="30.6228845309869" lon="104.0676954353855"><ele>478</ele><time>2025-07-20T13:00:14.000Z</time></trkpt>
<trkpt lat="30.6228845309869" lon="104.0676954353855"><ele>478</ele><time>2025-07-20T13:00:15.000Z</time></trkpt>
<trkpt lat="30.6228845309869" lon="104.0676954353855"><ele>478</ele><time>2025-07-20T13:00:16.000Z</time></trkpt>
<trkpt lat="30.6228845309869" lon="104.0676954353855"><ele>478</ele><time>2025-07-20T13:00:17.000Z</time></trkpt>
<trkpt lat="30.6228845309869" lon="104.0676954353855"><ele>478</ele><time>2025-07-20T13:00:18.000Z</time></trkpt>
<trkpt lat="30.6228845309869" lon="104.0676954353855"><ele>478</ele><time>2025-07-20T13:00:19.000Z</time></trkpt>
<trkpt lat="30.6228845309869" lon="104.0676954353855"><ele>477</ele><time>2025-07-20T13:00:20.000Z</time></trkpt>
<trkpt lat="30.6228845309869" lon="104.0676954353855"><ele>477</ele><time>2025-07-20T13:00:21.000Z</time></trkpt>
<trkpt lat="30.6228845309869" lon="104.0676954353855"><ele>477</ele><time>2025-07-20T13:00:22.000Z</time></trkpt>
<trkpt lat="30.6228845309869" lon="104.0676954353855"><ele>478</ele><time>2025-07-20T13:00:23.000Z</time></trkpt>
<trkpt lat="30.6228845309869" lon="104.0676954353855"><ele>478</ele><time>2025-07-20T13:00:24.000Z</time></trkpt>
<trkpt lat="30.6228845309869" lon="104.0676954353855"><ele>478</ele><time>2025-07-20T13:00:25.000Z</time></trkpt>
<trkpt lat="30.6228845309869" lon="104.0676954353855"><ele>477</ele><time>2025-07-20T13:00:26.000Z</time></trkpt>
<trkpt lat="30.6228845309869" lon="104.0676954353855"><ele>480</ele><time>2025-07-20T13:00:27.000Z</time></trkpt>
<trkpt lat="30.6228845309869" lon="104.0676954353855"><ele>480</ele><time>2025-07-20T13:00:28.000Z</time></trkpt>
<trkpt lat="30.6228845309869" lon="104.0676954353855"><ele>480</ele><time>2025-07-20T13:00:29.000Z</time></trkpt>
<trkpt lat="30.6228845309869" lon="104.0676954353855"><ele>477</ele><time>2025-07-20T13:00:30.000Z</time></trkpt>
<trkpt lat="30.6228845309869" lon="104.0676954353855"><ele>481</ele><time>2025-07-20T13:00:31.000Z</time></trkpt>
<trkpt lat="30.6228845309869" lon="104.0676954353855"><ele>480</ele><time>2025-07-20T13:00:32.000Z</time></trkpt>
<trkpt lat="30.6228845309869" lon="104.0676954353855"><ele>481</ele><time>2025-07-20T13:00:33.000Z</time></trkpt>
<trkpt lat="30.6228845309869" lon="104.0676954353855"><ele>481</ele><time>2025-07-20T13:00:34.000Z</time></trkpt>
<trkpt lat="30.6228845309869" lon="104.0676954353855"><ele>481</ele><time>2025-07-20T13:00:35.000Z</time></trkpt>
<trkpt lat="30.6228845309869" lon="104.0676954353855"><ele>482</ele><time>2025-07-20T13:00:36.000Z</time></trkpt>
<trkpt lat="30.6228845309869" lon="104.0676954353855"><ele>482</ele><time>2025-07-20T13:00:37.000Z</time></trkpt>
<trkpt lat="30.6228845309869" lon="104.0676954353855"><ele>482</ele><time>2025-07-20T13:00:38.000Z</time></trkpt>
<trkpt lat="30.6228845309869" lon="104.0676954353855"><ele>482</ele><time>2025-07-20T13:00:39.000Z</time></trkpt>
<trkpt lat="30.6228845309869" lon="104.0676954353855"><ele>482</ele><time>2025-07-20T13:00:40.000Z</time></trkpt>
<trkpt lat="30.6228845309869" lon="104.0676954353855"><ele>482</ele><time>2025-07-20T13:00:41.000Z</time></trkpt>
<trkpt lat="30.6228845309869" lon="104.0676954353855"><ele>482</ele><time>2025-07-20T13:00:42.000Z</time></trkpt>
<trkpt lat="30.6228845309869" lon="104.0676954353855"><ele>482</ele><time>2025-07-20T13:00:43.000Z</time></trkpt>
<trkpt lat="30.6228845309869" lon="104.0676954353855"><ele>482</ele><time>2025-07-20T13:00:44.000Z</time></trkpt>
<trkpt lat="30.6228845309869" lon="104.0676954353855"><ele>482</ele><time>2025-07-20T13:00:45.000Z</time></trkpt>
<trkpt lat="30.6228845309869" lon="104.0676954353855"><ele>482</ele><time>2025-07-20T13:00:46.000Z</time></trkpt>
<trkpt lat="30.6228845309869" lon="104.0676954353855"><ele>483</ele><time>2025-07-20T13:00:47.000Z</time></trkpt>
<trkpt lat="30.6228845309869" lon="104.0676954353855"><ele>483</ele><time>2025-07-20T13:00:48.000Z</time></trkpt>
<trkpt lat="30.6228845309869" lon="104.0676954353855"><ele>484</ele><time>2025-07-20T13:00:49.000Z</time></trkpt>
<trkpt lat="30.6228845309869" lon="104.0676954353855"><ele>485</ele><time>2025-07-20T13:00:50.000Z</time></trkpt>
<trkpt lat="30.6228845309869" lon="104.0676954353855"><ele>485</ele><time>2025-07-20T13:00:51.000Z</time></trkpt>
<trkpt lat="30.6228845309869" lon="104.0676954353855"><ele>486</ele><time>2025-07-20T13:00:52.000Z</time></trkpt>
<trkpt lat="30.6228845309869" lon="104.0676954353855"><ele>485</ele><time>2025-07-20T13:00:53.000Z</time></trkpt>
<trkpt lat="30.6228845309869" lon="104.0676954353855"><ele>486</ele><time>2025-07-20T13:00:54.000Z</time></trkpt>
<trkpt lat="30.6228845309869" lon="104.0676954353855"><ele>486</ele><time>2025-07-20T13:00:55.000Z</time></trkpt>
<trkpt lat="30.6228845309869" lon="104.0676954353855"><ele>486</ele><time>2025-07-20T13:00:56.000Z</time></trkpt>
<trkpt lat="30.6228845309869" lon="104.0676954353855"><ele>486</ele><time>2025-07-20T13:00:57.000Z</time></trkpt>
<trkpt lat="30.6228845309869" lon="104.0676954353855"><ele>486</ele><time>2025-07-20T13:00:58.000Z</time></trkpt>
<trkpt lat="30.6228845309869" lon="104.0676954353855"><ele>486</ele><time>2025-07-20T13:00:59.000Z</time></trkpt>
<trkpt lat="30.6228845309869" lon="104.0676954353855"><ele>486</ele><time>2025-07-20T13:01:00.000Z</time></trkpt>
<trkpt lat="30.6228845309869" lon="104.0676954353855"><ele>485</ele><time>2025-07-20T13:01:01.000Z</time></trkpt>
<trkpt lat="30.6228845309869" lon="104.0676954353855"><ele>485</ele><time>2025-07-20T13:01:02.000Z</time></trkpt>
<trkpt lat="30.6228845309869" lon="104.0676954353855"><ele>484</ele><time>2025-07-20T13:01:03.000Z</time></trkpt>
<trkpt lat="30.6228845309869" lon="104.0676954353855"><ele>484</ele><time>2025-07-20T13:01:04.000Z</time></trkpt>
<trkpt lat="30.6228845309869" lon="104.0676954353855"><ele>485</ele><time>2025-07-20T13:01:05.000Z</time></trkpt>
<trkpt lat="30.6228845309869" lon="104.0676954353855"><ele>484</ele><time>2025-07-20T13:01:06.000Z</time></trkpt>
<trkpt lat="30.6228845309869" lon="104.0676954353855"><ele>484</ele><time>2025-07-20T13:01:07.000Z</time></trkpt>
<trkpt lat="30.6228845309869" lon="104.0676954353855"><ele>484</ele><time>2025-07-20T13:01:08.000Z</time></trkpt>
<trkpt lat="30.6228845309869" lon="104.0676954353855"><ele>483</ele><time>2025-07-20T13:01:09.000Z</time></trkpt>
<trkpt lat="30.6228845309869" lon="104.0676954353855"><ele>484</ele><time>2025-07-20T13:01:10.000Z</time></trkpt>
<trkpt lat="30.6228845309869" lon="104.0676954353855"><ele>484</ele><time>2025-07-20T13:01:11.000Z</time></trkpt>
<trkpt lat="30.6228845309869" lon="104.0676954353855"><ele>483</ele><time>2025-07-20T13:01:12.000Z</time></trkpt>
<trkpt lat="30.6228845309869" lon="104.0676954353855"><ele>483</ele><time>2025-07-20T13:01:13.000Z</time></trkpt>
<trkpt lat="30.6228845309869" lon="104.0676954353855"><ele>483</ele><time>2025-07-20T13:01:14.000Z</time></trkpt>
<trkpt lat="30.6228845309869" lon="104.0676954353855"><ele>483</ele><time>2025-07-20T13:01:15.000Z</time></trkpt>
<trkpt lat="30.6228845309869" lon="104.0676954353855"><ele>483</ele><time>2025-07-20T13:01:16.000Z</time></trkpt>
<trkpt lat="30.6228845309869" lon="104.0676954353855"><ele>483</ele><time>2025-07-20T13:01:17.000Z</time></trkpt>
<trkpt lat="30.6228845309869" lon="104.0676954353855"><ele>483</ele><time>2025-07-20T13:01:18.000Z</time></trkpt>
<trkpt lat="30.6228845309869" lon="104.0676954353855"><ele>483</ele><time>2025-07-20T13:01:19.000Z</time></trkpt>
<trkpt lat="30.6228845309869" lon="104.0676954353855"><ele>483</ele><time>2025-07-20T13:01:20.000Z</time></trkpt>
<trkpt lat="30.6228845309869" lon="104.0676954353855"><ele>482</ele><time>2025-07-20T13:01:21.000Z</time></trkpt>
<trkpt lat="30.6228845309869" lon="104.0676954353855"><ele>482</ele><time>2025-07-20T13:01:22.000Z</time></trkpt>
<trkpt lat="30.6228845309869" lon="104.0676954353855"><ele>482</ele><time>2025-07-20T13:01:23.000Z</time></trkpt>
<trkpt lat="30.6228845309869" lon="104.0676954353855"><ele>482</ele><time>2025-07-20T13:01:24.000Z</time></trkpt>
<trkpt lat="30.6228845309869" lon="104.0676954353855"><ele>482</ele><time>2025-07-20T13:01:25.000Z</time></trkpt>
<trkpt lat="30.6228845309869" lon="104.0676954353855"><ele>482</ele><time>2025-07-20T13:01:26.000Z</time></trkpt>
<trkpt lat="30.6228845309869" lon="104.0676954353855"><ele>482</ele><time>2025-07-20T13:01:27.000Z</time></trkpt>
<trkpt lat="30.6228845309869" lon="104.0676954353855"><ele>482</ele><time>2025-07-20T13:01:28.000Z</time></trkpt>
<trkpt lat="30.6228845309869" lon="104.0676954353855"><ele>482</ele><time>2025-07-20T13:01:29.000Z</time></trkpt>
<trkpt lat="30.6228845309869" lon="104.0676954353855"><ele>483</ele><time>2025-07-20T13:01:30.000Z</time></trkpt>
<trkpt lat="30.6228845309869" lon="104.0676954353855"><ele>483</ele><time>2025-07-20T13:01:31.000Z</time></trkpt>
<trkpt lat="30.6228845309869" lon="104.0676954353855"><ele>482</ele><time>2025-07-20T13:01:32.000Z</time></trkpt>
<trkpt lat="30.6228845309869" lon="104.0676954353855"><ele>482</ele><time>2025-07-20T13:01:33.000Z</time></trkpt>
<trkpt lat="30.6228845309869" lon="104.0676954353855"><ele>482</ele><time>2025-07-20T13:01:34.000Z</time></trkpt>
<trkpt lat="30.6228845309869" lon="104.0676954353855"><ele>482</ele><time>2025-07-20T13:01:35.000Z</time></trkpt>
<trkpt lat="30.6228845309869" lon="104.0676954353855"><ele>481</ele><time>2025-07-20T13:01:36.000Z</time></trkpt>
<trkpt lat="30.6228845309869" lon="104.0676954353855"><ele>481</ele><time>2025-07-20T13:01:37.000Z</time></trkpt>
<trkpt lat="30.6228845309869" lon="104.0676954353855"><ele>482</ele><time>2025-07-20T13:01:38.000Z</time></trkpt>
<trkpt lat="30.6228845309869" lon="104.0676954353855"><ele>481</ele><time>2025-07-20T13:01:39.000Z</time></trkpt>
<trkpt lat="30.6228845309869" lon="104.0676954353855"><ele>481</ele><time>2025-07-20T13:01:40.000Z</time></trkpt>
<trkpt lat="30.6228845309869" lon="104.0676954353855"><ele>481</ele><time>2025-07-20T13:01:41.000Z</time></trkpt>
<trkpt lat="30.6228845309869" lon="104.0676954353855"><ele>481</ele><time>2025-07-20T13:01:42.000Z</time></trkpt>
<trkpt lat="30.6228845309869" lon="104.0676954353855"><ele>483</ele><time>2025-07-20T13:01:43.000Z</time></trkpt>
<trkpt lat="30.6228845309869" lon="104.0676954353855"><ele>483</ele><time>2025-07-20T13:01:44.000Z</time></trkpt>
<trkpt lat="30.6228845309869" lon="104.0676954353855"><ele>483</ele><time>2025-07-20T13:01:45.000Z</time></trkpt>
<trkpt lat="30.6228845309869" lon="104.0676954353855"><ele>483</ele><time>2025-07-20T13:01:46.000Z</time></trkpt>
<trkpt lat="30.6228845309869" lon="104.0676954353855"><ele>483</ele><time>2025-07-20T13:01:47.000Z</time></trkpt>
<trkpt lat="30.6228845309869" lon="104.0676954353855"><ele>483</ele><time>2025-07-20T13:01:48.000Z</time></trkpt>
<trkpt lat="30.6228845309869" lon="104.0676954353855"><ele>482</ele><time>2025-07-20T13:01:49.000Z</time></trkpt>
<trkpt lat="30.6228845309869" lon="104.0676954353855"><ele>482</ele><time>2025-07-20T13:01:50.000Z</time></trkpt>
<trkpt lat="30.6228845309869" lon="104.0676954353855"><ele>483</ele><time>2025-07-20T13:01:51.000Z</time></trkpt>
<trkpt lat="30.6228845309869" lon="104.0676954353855"><ele>483</ele><time>2025-07-20T13:01:52.000Z</time></trkpt>
<trkpt lat="30.6228845309869" lon="104.0676954353855"><ele>484</ele><time>2025-07-20T13:01:53.000Z</time></trkpt>
<trkpt lat="30.6228845309869" lon="104.0676954353855"><ele>484</ele><time>2025-07-20T13:01:54.000Z</time></trkpt>
<trkpt lat="30.6228845309869" lon="104.0676954353855"><ele>483</ele><time>2025-07-20T13:01:55.000Z</time></trkpt>
<trkpt lat="30.6228845309869" lon="104.0676954353855"><ele>484</ele><time>2025-07-20T13:01:56.000Z</time></trkpt>
<trkpt lat="30.6228845309869" lon="104.0676954353855"><ele>484</ele><time>2025-07-20T13:01:57.000Z</time></trkpt>
<trkpt lat="30.6228845309869" lon="104.0676954353855"><ele>484</ele><time>2025-07-20T13:01:58.000Z</time></trkpt>
<trkpt lat="30.6228845309869" lon="104.0676954353855"><ele>484</ele><time>2025-07-20T13:01:59.000Z</time></trkpt>
<trkpt lat="30.6228845309869" lon="104.0676954353855"><ele>484</ele><time>2025-07-20T13:02:00.000Z</time></trkpt>
<trkpt lat="30.6228845309869" lon="104.0676954353855"><ele>483</ele><time>2025-07-20T13:02:01.000Z</time></trkpt>
<trkpt lat="30.6228845309869" lon="104.0676954353855"><ele>483</ele><time>2025-07-20T13:02:02.000Z</time></trkpt>
<trkpt lat="30.6228845309869" lon="104.0676954353855"><ele>483</ele><time>2025-07-20T13:02:03.000Z</time></trkpt>
<trkpt lat="30.6228845309869" lon="104.0676954353855"><ele>483</ele><time>2025-07-20T13:02:04.000Z</time></trkpt>
<trkpt lat="30.6228845309869" lon="104.0676954353855"><ele>483</ele><time>2025-07-20T13:02:05.000Z</time></trkpt>
<trkpt lat="30.6228845309869" lon="104.0676954353855"><ele>483</ele><time>2025-07-20T13:02:06.000Z</time></trkpt>
<trkpt lat="30.6228845309869" lon="104.0676954353855"><ele>483</ele><time>2025-07-20T13:02:07.000Z</time></trkpt>
<trkpt lat="30.6228845309869" lon="104.0676954353855"><ele>482</ele><time>2025-07-20T13:02:08.000Z</time></trkpt>
<trkpt lat="30.6228845309869" lon="104.0676954353855"><ele>481</ele><time>2025-07-20T13:02:09.000Z</time></trkpt>
<trkpt lat="30.6228845309869" lon="104.0676954353855"><ele>479</ele><time>2025-07-20T13:02:10.000Z</time></trkpt>
<trkpt lat="30.6228845309869" lon="104.0676954353855"><ele>478</ele><time>2025-07-20T13:02:11.000Z</time></trkpt>
<trkpt lat="30.6228845309869" lon="104.0676954353855"><ele>478</ele><time>2025-07-20T13:02:12.000Z</time></trkpt>
<trkpt lat="30.6228845309869" lon="104.0676954353855"><ele>477</ele><time>2025-07-20T13:02:13.000Z</time></trkpt>
<trkpt lat="30.6228845309869" lon="104.0676954353855"><ele>477</ele><time>2025-07-20T13:02:14.000Z</time></trkpt>
<trkpt lat="30.6228845309869" lon="104.0676954353855"><ele>478</ele><time>2025-07-20T13:02:15.000Z</time></trkpt>
<trkpt lat="30.6228845309869" lon="104.0676954353855"><ele>479</ele><time>2025-07-20T13:02:16.000Z</time></trkpt>
<trkpt lat="30.6228845309869" lon="104.0676954353855"><ele>479</ele><time>2025-07-20T13:02:17.000Z</time></trkpt>
<trkpt lat="30.6228845309869" lon="104.0676954353855"><ele>479</ele><time>2025-07-20T13:02:18.000Z</time></trkpt>
<trkpt lat="30.6228845309869" lon="104.0676954353855"><ele>479</ele><time>2025-07-20T13:02:19.000Z</time></trkpt>
<trkpt lat="30.6228845309869" lon="104.0676954353855"><ele>480</ele><time>2025-07-20T13:02:20.000Z</time></trkpt>
<trkpt lat="30.6228845309869" lon="104.0676954353855"><ele>480</ele><time>2025-07-20T13:02:21.000Z</time></trkpt>
<trkpt lat="30.6228845309869" lon="104.0676954353855"><ele>479</ele><time>2025-07-20T13:02:22.000Z</time></trkpt>
<trkpt lat="30.6228845309869" lon="104.0676954353855"><ele>479</ele><time>2025-07-20T13:02:23.000Z</time></trkpt>
<trkpt lat="30.6228845309869" lon="104.0676954353855"><ele>479</ele><time>2025-07-20T13:02:24.000Z</time></trkpt>
<trkpt lat="30.6228845309869" lon="104.0676954353855"><ele>478</ele><time>2025-07-20T13:02:25.000Z</time></trkpt>
<trkpt lat="30.6228845309869" lon="104.0676954353855"><ele>478</ele><time>2025-07-20T13:02:26.000Z</time></trkpt>
<trkpt lat="30.6228845309869" lon="104.0676954353855"><ele>478</ele><time>2025-07-20T13:02:27.000Z</time></trkpt>
<trkpt lat="30.6228845309869" lon="104.0676954353855"><ele>478</ele><time>2025-07-20T13:02:28.000Z</time></trkpt>
<trkpt lat="30.6228845309869" lon="104.0676954353855"><ele>478</ele><time>2025-07-20T13:02:29.000Z</time></trkpt>
<trkpt lat="30.6228845309869" lon="104.0676954353855"><ele>478</ele><time>2025-07-20T13:02:30.000Z</time></trkpt>
<trkpt lat="30.6228845309869" lon="104.0676954353855"><ele>478</ele><time>2025-07-20T13:02:31.000Z</time></trkpt>
<trkpt lat="30.6228845309869" lon="104.0676954353855"><ele>478</ele><time>2025-07-20T13:02:32.000Z</time></trkpt>
<trkpt lat="30.6228845309869" lon="104.0676954353855"><ele>478</ele><time>2025-07-20T13:02:33.000Z</time></trkpt>
<trkpt lat="30.6228845309869" lon="104.0676954353855"><ele>479</ele><time>2025-07-20T13:02:34.000Z</time></trkpt>
<trkpt lat="30.6228845309869" lon="104.0676954353855"><ele>479</ele><time>2025-07-20T13:02:35.000Z</time></trkpt>
<trkpt lat="30.6228845309869" lon="104.0676954353855"><ele>480</ele><time>2025-07-20T13:02:36.000Z</time></trkpt>
<trkpt lat="30.6228845309869" lon="104.0676954353855"><ele>480</ele><time>2025-07-20T13:02:37.000Z</time></trkpt>
<trkpt lat="30.6228845309869" lon="104.0676954353855"><ele>480</ele><time>2025-07-20T13:02:38.000Z</time></trkpt>
<trkpt lat="30.6228845309869" lon="104.0676954353855"><ele>480</ele><time>2025-07-20T13:02:39.000Z</time></trkpt>
<trkpt lat="30.6228845309869" lon="104.0676954353855"><ele>481</ele><time>2025-07-20T13:02:40.000Z</time></trkpt>
<trkpt lat="30.6228845309869" lon="104.0676954353855"><ele>480</ele><time>2025-07-20T13:02:41.000Z</time></trkpt>
<trkpt lat="30.6228845309869" lon="104.0676954353855"><ele>480</ele><time>2025-07-20T13:02:42.000Z</time></trkpt>
<trkpt lat="30.6228845309869" lon="104.0676954353855"><ele>481</ele><time>2025-07-20T13:02:43.000Z</time></trkpt>
<trkpt lat="30.6228845309869" lon="104.0676954353855"><ele>481</ele><time>2025-07-20T13:02:44.000Z</time></trkpt>
<trkpt lat="30.6228845309869" lon="104.0676954353855"><ele>482</ele><time>2025-07-20T13:02:45.000Z</time></trkpt>
<trkpt lat="30.6228845309869" lon="104.0676954353855"><ele>482</ele><time>2025-07-20T13:02:46.000Z</time></trkpt>
<trkpt lat="30.6228845309869" lon="104.0676954353855"><ele>481</ele><time>2025-07-20T13:02:47.000Z</time></trkpt>
<trkpt lat="30.6228845309869" lon="104.0676954353855"><ele>481</ele><time>2025-07-20T13:02:48.000Z</time></trkpt>
<trkpt lat="30.6228845309869" lon="104.0676954353855"><ele>481</ele><time>2025-07-20T13:02:49.000Z</time></trkpt>
<trkpt lat="30.6228845309869" lon="104.0676954353855"><ele>481</ele><time>2025-07-20T13:02:50.000Z</time></trkpt>
<trkpt lat="30.6228845309869" lon="104.0676954353855"><ele>481</ele><time>2025-07-20T13:02:51.000Z</time></trkpt>
<trkpt lat="30.6228845309869" lon="104.0676954353855"><ele>481</ele><time>2025-07-20T13:02:52.000Z</time></trkpt>
<trkpt lat="30.6228845309869" lon="104.0676954353855"><ele>481</ele><time>2025-07-20T13:02:53.000Z</time></trkpt>
<trkpt lat="30.6228845309869" lon="104.0676954353855"><ele>481</ele><time>2025-07-20T13:02:54.000Z</time></trkpt>
<trkpt lat="30.6228845309869" lon="104.0676954353855"><ele>481</ele><time>2025-07-20T13:02:55.000Z</time></trkpt>
<trkpt lat="30.6228845309869" lon="104.0676954353855"><ele>480</ele><time>2025-07-20T13:02:56.000Z</time></trkpt>
<trkpt lat="30.6228845309869" lon="104.0676954353855"><ele>480</ele><time>2025-07-20T13:02:57.000Z</time></trkpt>
<trkpt lat="30.6228845309869" lon="104.0676954353855"><ele>481</ele><time>2025-07-20T13:02:58.000Z</time></trkpt>
<trkpt lat="30.6228845309869" lon="104.0676954353855"><ele>481</ele><time>2025-07-20T13:02:59.000Z</time></trkpt>
<trkpt lat="30.6228845309869" lon="104.0676954353855"><ele>482</ele><time>2025-07-20T13:03:00.000Z</time></trkpt>
<trkpt lat="30.6228845309869" lon="104.0676954353855"><ele>482</ele><time>2025-07-20T13:03:01.000Z</time></trkpt>
<trkpt lat="30.6228845309869" lon="104.0676954353855"><ele>482</ele><time>2025-07-20T13:03:02.000Z</time></trkpt>
<trkpt lat="30.6228845309869" lon="104.0676954353855"><ele>482</ele><time>2025-07-20T13:03:03.000Z</time></trkpt>
<trkpt lat="30.6228845309869" lon="104.0676954353855"><ele>481</ele><time>2025-07-20T13:03:04.000Z</time></trkpt>
<trkpt lat="30.6228845309869" lon="104.0676954353855"><ele>481</ele><time>2025-07-20T13:03:05.000Z</time></trkpt>
<trkpt lat="30.6228845309869" lon="104.0676954353855"><ele>481</ele><time>2025-07-20T13:03:06.000Z</time></trkpt>
<trkpt lat="30.6228845309869" lon="104.0676954353855"><ele>481</ele><time>2025-07-20T13:03:07.000Z</time></trkpt>
<trkpt lat="30.6228845309869" lon="104.0676954353855"><ele>482</ele><time>2025-07-20T13:03:08.000Z</time></trkpt>
<trkpt lat="30.6228845309869" lon="104.0676954353855"><ele>483</ele><time>2025-07-20T13:03:09.000Z</time></trkpt>
<trkpt lat="30.6228845309869" lon="104.0676954353855"><ele>483</ele><time>2025-07-20T13:03:10.000Z</time></trkpt>
<trkpt lat="30.6228845309869" lon="104.0676954353855"><ele>484</ele><time>2025-07-20T13:03:11.000Z</time></trkpt>
<trkpt lat="30.6228845309869" lon="104.0676954353855"><ele>485</ele><time>2025-07-20T13:03:12.000Z</time></trkpt>
<trkpt lat="30.6228845309869" lon="104.0676954353855"><ele>484</ele><time>2025-07-20T13:03:13.000Z</time></trkpt>
<trkpt lat="30.6228845309869" lon="104.0676954353855"><ele>484</ele><time>2025-07-20T13:03:14.000Z</time></trkpt>
<trkpt lat="30.6228845309869" lon="104.0676954353855"><ele>483</ele><time>2025-07-20T13:03:15.000Z</time></trkpt>
<trkpt lat="30.6228845309869" lon="104.0676954353855"><ele>483</ele><time>2025-07-20T13:03:16.000Z</time></trkpt>
<trkpt lat="30.6228845309869" lon="104.0676954353855"><ele>483</ele><time>2025-07-20T13:03:17.000Z</time></trkpt>
<trkpt lat="30.6228845309869" lon="104.0676954353855"><ele>483</ele><time>2025-07-20T13:03:18.000Z</time></trkpt>
<trkpt lat="30.6228845309869" lon="104.0676954353855"><ele>483</ele><time>2025-07-20T13:03:19.000Z</time></trkpt>
<trkpt lat="30.6228845309869" lon="104.0676954353855"><ele>482</ele><time>2025-07-20T13:03:20.000Z</time></trkpt>
<trkpt lat="30.6228845309869" lon="104.0676954353855"><ele>481</ele><time>2025-07-20T13:03:21.000Z</time></trkpt>
<trkpt lat="30.6228845309869" lon="104.0676954353855"><ele>481</ele><time>2025-07-20T13:03:22.000Z</time></trkpt>
<trkpt lat="30.6228845309869" lon="104.0676954353855"><ele>480</ele><time>2025-07-20T13:03:23.000Z</time></trkpt>
<trkpt lat="30.6228845309869" lon="104.0676954353855"><ele>479</ele><time>2025-07-20T13:03:24.000Z</time></trkpt>
<trkpt lat="30.6228845309869" lon="104.0676954353855"><ele>480</ele><time>2025-07-20T13:03:25.000Z</time></trkpt>
<trkpt lat="30.6228845309869" lon="104.0676954353855"><ele>480</ele><time>2025-07-20T13:03:26.000Z</time></trkpt>
<trkpt lat="30.6228845309869" lon="104.0676954353855"><ele>480</ele><time>2025-07-20T13:03:27.000Z</time></trkpt>
<trkpt lat="30.6228845309869" lon="104.0676954353855"><ele>480</ele><time>2025-07-20T13:03:28.000Z</time></trkpt>
<trkpt lat="30.6228845309869" lon="104.0676954353855"><ele>480</ele><time>2025-07-20T13:03:29.000Z</time></trkpt>
<trkpt lat="30.6228845309869" lon="104.0676954353855"><ele>480</ele><time>2025-07-20T13:03:30.000Z</time></trkpt>
<trkpt lat="30.6228845309869" lon="104.0676954353855"><ele>481</ele><time>2025-07-20T13:03:31.000Z</time></trkpt>
<trkpt lat="30.6228845309869" lon="104.0676954353855"><ele>480</ele><time>2025-07-20T13:03:32.000Z</time></trkpt>
<trkpt lat="30.6228845309869" lon="104.0676954353855"><ele>480</ele><time>2025-07-20T13:03:33.000Z</time></trkpt>
<trkpt lat="30.6228845309869" lon="104.0676954353855"><ele>481</ele><time>2025-07-20T13:03:34.000Z</time></trkpt>
<trkpt lat="30.6228845309869" lon="104.0676954353855"><ele>481</ele><time>2025-07-20T13:03:35.000Z</time></trkpt>
<trkpt lat="30.6228845309869" lon="104.0676954353855"><ele>481</ele><time>2025-07-20T13:03:36.000Z</time></trkpt>
<trkpt lat="30.6228845309869" lon="104.0676954353855"><ele>481</ele><time>2025-07-20T13:03:37.000Z</time></trkpt>
<trkpt lat="30.6228845309869" lon="104.0676954353855"><ele>481</ele><time>2025-07-20T13:03:38.000Z</time></trkpt>
<trkpt lat="30.6228845309869" lon="104.0676954353855"><ele>481</ele><time>2025-07-20T13:03:39.000Z</time></trkpt>
<trkpt lat="30.6228845309869" lon="104.0676954353855"><ele>481</ele><time>2025-07-20T13:03:40.000Z</time></trkpt>
<trkpt lat="30.6228845309869" lon="104.0676954353855"><ele>481</ele><time>2025-07-20T13:03:41.000Z</time></trkpt>
<trkpt lat="30.6228845309869" lon="104.0676954353855"><ele>479</ele><time>2025-07-20T13:03:42.000Z</time></trkpt>
<trkpt lat="30.6228845309869" lon="104.0676954353855"><ele>479</ele><time>2025-07-20T13:03:43.000Z</time></trkpt>
<trkpt lat="30.6228845309869" lon="104.0676954353855"><ele>479</ele><time>2025-07-20T13:03:44.000Z</time></trkpt>
<trkpt lat="30.6228845309869" lon="104.0676954353855"><ele>479</ele><time>2025-07-20T13:03:45.000Z</time></trkpt>
<trkpt lat="30.6228845309869" lon="104.0676954353855"><ele>478</ele><time>2025-07-20T13:03:46.000Z</time></trkpt>
<trkpt lat="30.6228845309869" lon="104.0676954353855"><ele>478</ele><time>2025-07-20T13:03:47.000Z</time></trkpt>
<trkpt lat="30.6228845309869" lon="104.0676954353855"><ele>478</ele><time>2025-07-20T13:03:48.000Z</time></trkpt>
<trkpt lat="30.6228845309869" lon="104.0676954353855"><ele>478</ele><time>2025-07-20T13:03:49.000Z</time></trkpt>
<trkpt lat="30.6228845309869" lon="104.0676954353855"><ele>478</ele><time>2025-07-20T13:03:50.000Z</time></trkpt>
<trkpt lat="30.6228845309869" lon="104.0676954353855"><ele>478</ele><time>2025-07-20T13:03:51.000Z</time></trkpt>
<trkpt lat="30.6228845309869" lon="104.0676954353855"><ele>478</ele><time>2025-07-20T13:03:52.000Z</time></trkpt>
<trkpt lat="30.6228845309869" lon="104.0676954353855"><ele>477</ele><time>2025-07-20T13:03:53.000Z</time></trkpt>
<trkpt lat="30.6228845309869" lon="104.0676954353855"><ele>478</ele><time>2025-07-20T13:03:54.000Z</time></trkpt>
<trkpt lat="30.6228845309869" lon="104.0676954353855"><ele>477</ele><time>2025-07-20T13:03:55.000Z</time></trkpt>
<trkpt lat="30.6228845309869" lon="104.0676954353855"><ele>478</ele><time>2025-07-20T13:03:56.000Z</time></trkpt>
<trkpt lat="30.6228845309869" lon="104.0676954353855"><ele>478</ele><time>2025-07-20T13:03:57.000Z</time></trkpt>
<trkpt lat="30.6228845309869" lon="104.0676954353855"><ele>478</ele><time>2025-07-20T13:03:58.000Z</time></trkpt>
<trkpt lat="30.6228845309869" lon="104.0676954353855"><ele>481</ele><time>2025-07-20T13:03:59.000Z</time></trkpt>
<trkpt lat="30.6228845309869" lon="104.0676954353855"><ele>480</ele><time>2025-07-20T13:04:00.000Z</time></trkpt>
<trkpt lat="30.6228845309869" lon="104.0676954353855"><ele>480</ele><time>2025-07-20T13:04:01.000Z</time></trkpt>
<trkpt lat="30.6228845309869" lon="104.0676954353855"><ele>480</ele><time>2025-07-20T13:04:02.000Z</time></trkpt>
<trkpt lat="30.6228845309869" lon="104.0676954353855"><ele>479</ele><time>2025-07-20T13:04:03.000Z</time></trkpt>
<trkpt lat="30.6228845309869" lon="104.0676954353855"><ele>479</ele><time>2025-07-20T13:04:04.000Z</time></trkpt>
<trkpt lat="30.6228845309869" lon="104.0676954353855"><ele>478</ele><time>2025-07-20T13:04:05.000Z</time></trkpt>
<trkpt lat="30.6228845309869" lon="104.0676954353855"><ele>479</ele><time>2025-07-20T13:04:06.000Z</time></trkpt>
<trkpt lat="30.6228845309869" lon="104.0676954353855"><ele>479</ele><time>2025-07-20T13:04:07.000Z</time></trkpt>
<trkpt lat="30.6228845309869" lon="104.0676954353855"><ele>479</ele><time>2025-07-20T13:04:08.000Z</time></trkpt>
<trkpt lat="30.6228845309869" lon="104.0676954353855"><ele>480</ele><time>2025-07-20T13:04:09.000Z</time></trkpt>
<trkpt lat="30.6228845309869" lon="104.0676954353855"><ele>479</ele><time>2025-07-20T13:04:10.000Z</time></trkpt>
<trkpt lat="30.6228845309869" lon="104.0676954353855"><ele>477</ele><time>2025-07-20T13:04:11.000Z</time></trkpt>
<trkpt lat="30.6228845309869" lon="104.0676954353855"><ele>477</ele><time>2025-07-20T13:04:12.000Z</time></trkpt>
<trkpt lat="30.6228845309869" lon="104.0676954353855"><ele>477</ele><time>2025-07-20T13:04:13.000Z</time></trkpt>
<trkpt lat="30.6228845309869" lon="104.0676954353855"><ele>476</ele><time>2025-07-20T13:04:14.000Z</time></trkpt>
<trkpt lat="30.6228845309869" lon="104.0676954353855"><ele>476</ele><time>2025-07-20T13:04:15.000Z</time></trkpt>
<trkpt lat="30.6228845309869" lon="104.0676954353855"><ele>477</ele><time>2025-07-20T13:04:16.000Z</time></trkpt>
<trkpt lat="30.6228845309869" lon="104.0676954353855"><ele>477</ele><time>2025-07-20T13:04:17.000Z</time></trkpt>
<trkpt lat="30.6228845309869" lon="104.0676954353855"><ele>477</ele><time>2025-07-20T13:04:18.000Z</time></trkpt>
<trkpt lat="30.6228845309869" lon="104.0676954353855"><ele>477</ele><time>2025-07-20T13:04:19.000Z</time></trkpt>
<trkpt lat="30.6228845309869" lon="104.0676954353855"><ele>477</ele><time>2025-07-20T13:04:20.000Z</time></trkpt>
<trkpt lat="30.6228845309869" lon="104.0676954353855"><ele>477</ele><time>2025-07-20T13:04:21.000Z</time></trkpt>
<trkpt lat="30.6228845309869" lon="104.0676954353855"><ele>476</ele><time>2025-07-20T13:04:22.000Z</time></trkpt>
<trkpt lat="30.6228845309869" lon="104.0676954353855"><ele>476</ele><time>2025-07-20T13:04:23.000Z</time></trkpt>
<trkpt lat="30.6228845309869" lon="104.0676954353855"><ele>476</ele><time>2025-07-20T13:04:24.000Z</time></trkpt>
<trkpt lat="30.6228845309869" lon="104.0676954353855"><ele>476</ele><time>2025-07-20T13:04:25.000Z</time></trkpt>
<trkpt lat="30.6228845309869" lon="104.0676954353855"><ele>476</ele><time>2025-07-20T13:04:26.000Z</time></trkpt>
<trkpt lat="30.6228845309869" lon="104.0676954353855"><ele>475</ele><time>2025-07-20T13:04:27.000Z</time></trkpt>
<trkpt lat="30.6228845309869" lon="104.0676954353855"><ele>475</ele><time>2025-07-20T13:04:28.000Z</time></trkpt>
<trkpt lat="30.6228845309869" lon="104.0676954353855"><ele>476</ele><time>2025-07-20T13:04:29.000Z</time></trkpt>
<trkpt lat="30.6228845309869" lon="104.0676954353855"><ele>476</ele><time>2025-07-20T13:04:30.000Z</time></trkpt>
<trkpt lat="30.6228845309869" lon="104.0676954353855"><ele>476</ele><time>2025-07-20T13:04:31.000Z</time></trkpt>
<trkpt lat="30.6228845309869" lon="104.0676954353855"><ele>475</ele><time>2025-07-20T13:04:32.000Z</time></trkpt>
<trkpt lat="30.6228845309869" lon="104.0676954353855"><ele>475</ele><time>2025-07-20T13:04:33.000Z</time></trkpt>
<trkpt lat="30.6228845309869" lon="104.0676954353855"><ele>475</ele><time>2025-07-20T13:04:34.000Z</time></trkpt>
<trkpt lat="30.6228845309869" lon="104.0676954353855"><ele>475</ele><time>2025-07-20T13:04:35.000Z</time></trkpt>
<trkpt lat="30.6228845309869" lon="104.0676954353855"><ele>476</ele><time>2025-07-20T13:04:36.000Z</time></trkpt>
<trkpt lat="30.6228845309869" lon="104.0676954353855"><ele>476</ele><time>2025-07-20T13:04:37.000Z</time></trkpt>
<trkpt lat="30.6228845309869" lon="104.0676954353855"><ele>477</ele><time>2025-07-20T13:04:38.000Z</time></trkpt>
<trkpt lat="30.6228845309869" lon="104.0676954353855"><ele>477</ele><time>2025-07-20T13:04:39.000Z</time></trkpt>
<trkpt lat="30.6228845309869" lon="104.0676954353855"><ele>477</ele><time>2025-07-20T13:04:40.000Z</time></trkpt>
<trkpt lat="30.6228845309869" lon="104.0676954353855"><ele>477</ele><time>2025-07-20T13:04:41.000Z</time></trkpt>
<trkpt lat="30.6228845309869" lon="104.0676954353855"><ele>476</ele><time>2025-07-20T13:04:42.000Z</time></trkpt>
<trkpt lat="30.6228845309869" lon="104.0676954353855"><ele>477</ele><time>2025-07-20T13:04:43.000Z</time></trkpt>
<trkpt lat="30.6228845309869" lon="104.0676954353855"><ele>477</ele><time>2025-07-20T13:04:44.000Z</time></trkpt>
<trkpt lat="30.6228845309869" lon="104.0676954353855"><ele>477</ele><time>2025-07-20T13:04:45.000Z</time></trkpt>
<trkpt lat="30.6228845309869" lon="104.0676954353855"><ele>477</ele><time>2025-07-20T13:04:46.000Z</time></trkpt>
<trkpt lat="30.6228845309869" lon="104.0676954353855"><ele>477</ele><time>2025-07-20T13:04:47.000Z</time></trkpt>
<trkpt lat="30.6228845309869" lon="104.0676954353855"><ele>477</ele><time>2025-07-20T13:04:48.000Z</time></trkpt>
<trkpt lat="30.6228845309869" lon="104.0676954353855"><ele>477</ele><time>2025-07-20T13:04:49.000Z</time></trkpt>
<trkpt lat="30.6228845309869" lon="104.0676954353855"><ele>477</ele><time>2025-07-20T13:04:50.000Z</time></trkpt>
<trkpt lat="30.6228845309869" lon="104.0676954353855"><ele>477</ele><time>2025-07-20T13:04:51.000Z</time></trkpt>
<trkpt lat="30.6228845309869" lon="104.0676954353855"><ele>477</ele><time>2025-07-20T13:04:52.000Z</time></trkpt>
<trkpt lat="30.6228845309869" lon="104.0676954353855"><ele>477</ele><time>2025-07-20T13:04:53.000Z</time></trkpt>
<trkpt lat="30.6228845309869" lon="104.0676954353855"><ele>477</ele><time>2025-07-20T13:04:54.000Z</time></trkpt>
<trkpt lat="30.6228845309869" lon="104.0676954353855"><ele>477</ele><time>2025-07-20T13:04:55.000Z</time></trkpt>
<trkpt lat="30.6228845309869" lon="104.0676954353855"><ele>477</ele><time>2025-07-20T13:04:56.000Z</time></trkpt>
<trkpt lat="30.6228845309869" lon="104.0676954353855"><ele>477</ele><time>2025-07-20T13:04:57.000Z</time></trkpt>
<trkpt lat="30.6228845309869" lon="104.0676954353855"><ele>477</ele><time>2025-07-20T13:04:58.000Z</time></trkpt>
<trkpt lat="30.6228845309869" lon="104.0676954353855"><ele>477</ele><time>2025-07-20T13:04:59.000Z</time></trkpt>
<trkpt lat="30.6228845309869" lon="104.0676954353855"><ele>477</ele><time>2025-07-20T13:05:00.000Z</time></trkpt>
<trkpt lat="30.6228845309869" lon="104.0676954353855"><ele>477</ele><time>2025-07-20T13:05:01.000Z</time></trkpt>
<trkpt lat="30.6228845309869" lon="104.0676954353855"><ele>477</ele><time>2025-07-20T13:05:02.000Z</time></trkpt>
<trkpt lat="30.6228845309869" lon="104.0676954353855"><ele>477</ele><time>2025-07-20T13:05:03.000Z</time></trkpt>
<trkpt lat="30.6228845309869" lon="104.0676954353855"><ele>477</ele><time>2025-07-20T13:05:04.000Z</time></trkpt>
<trkpt lat="30.6228845309869" lon="104.0676954353855"><ele>477</ele><time>2025-07-20T13:05:05.000Z</time></trkpt>
<trkpt lat="30.6228845309869" lon="104.0676954353855"><ele>477</ele><time>2025-07-20T13:05:06.000Z</time></trkpt>
<trkpt lat="30.6228845309869" lon="104.0676954353855"><ele>477</ele><time>2025-07-20T13:05:07.000Z</time></trkpt>
<trkpt lat="30.6228845309869" lon="104.0676954353855"><ele>477</ele><time>2025-07-20T13:05:08.000Z</time></trkpt>
<trkpt lat="30.6228845309869" lon="104.0676954353855"><ele>477</ele><time>2025-07-20T13:05:09.000Z</time></trkpt>
<trkpt lat="30.6228845309869" lon="104.0676954353855"><ele>477</ele><time>2025-07-20T13:05:10.000Z</time></trkpt>
<trkpt lat="30.6228845309869" lon="104.0676954353855"><ele>478</ele><time>2025-07-20T13:05:11.000Z</time></trkpt>
<trkpt lat="30.6228845309869" lon="104.0676954353855"><ele>478</ele><time>2025-07-20T13:05:12.000Z</time></trkpt>
<trkpt lat="30.6228845309869" lon="104.0676954353855"><ele>478</ele><time>2025-07-20T13:05:13.000Z</time></trkpt>
<trkpt lat="30.6228845309869" lon="104.0676954353855"><ele>478</ele><time>2025-07-20T13:05:14.000Z</time></trkpt>
<trkpt lat="30.6228845309869" lon="104.0676954353855"><ele>478</ele><time>2025-07-20T13:05:15.000Z</time></trkpt>
<trkpt lat="30.6228845309869" lon="104.0676954353855"><ele>479</ele><time>2025-07-20T13:05:16.000Z</time></trkpt>
<trkpt lat="30.6228845309869" lon="104.0676954353855"><ele>479</ele><time>2025-07-20T13:05:17.000Z</time></trkpt>
<trkpt lat="30.6228845309869" lon="104.0676954353855"><ele>479</ele><time>2025-07-20T13:05:18.000Z</time></trkpt>
<trkpt lat="30.6228845309869" lon="104.0676954353855"><ele>480</ele><time>2025-07-20T13:05:19.000Z</time></trkpt>
<trkpt lat="30.6228845309869" lon="104.0676954353855"><ele>481</ele><time>2025-07-20T13:05:20.000Z</time></trkpt>
<trkpt lat="30.6228845309869" lon="104.0676954353855"><ele>480</ele><time>2025-07-20T13:05:21.000Z</time></trkpt>
<trkpt lat="30.6228845309869" lon="104.0676954353855"><ele>481</ele><time>2025-07-20T13:05:22.000Z</time></trkpt>
<trkpt lat="30.6228845309869" lon="104.0676954353855"><ele>483</ele><time>2025-07-20T13:05:23.000Z</time></trkpt>
<trkpt lat="30.6228845309869" lon="104.0676954353855"><ele>482</ele><time>2025-07-20T13:05:24.000Z</time></trkpt>
<trkpt lat="30.6228845309869" lon="104.0676954353855"><ele>482</ele><time>2025-07-20T13:05:25.000Z</time></trkpt>
<trkpt lat="30.6228845309869" lon="104.0676954353855"><ele>484</ele><time>2025-07-20T13:05:26.000Z</time></trkpt>
<trkpt lat="30.6228845309869" lon="104.0676954353855"><ele>483</ele><time>2025-07-20T13:05:27.000Z</time></trkpt>
<trkpt lat="30.6228845309869" lon="104.0676954353855"><ele>484</ele><time>2025-07-20T13:05:28.000Z</time></trkpt>
<trkpt lat="30.6228845309869" lon="104.0676954353855"><ele>485</ele><time>2025-07-20T13:05:29.000Z</time></trkpt>
<trkpt lat="30.6228845309869" lon="104.0676954353855"><ele>484</ele><time>2025-07-20T13:05:30.000Z</time></trkpt>
<trkpt lat="30.6228845309869" lon="104.0676954353855"><ele>484</ele><time>2025-07-20T13:05:31.000Z</time></trkpt>
<trkpt lat="30.6228845309869" lon="104.0676954353855"><ele>486</ele><time>2025-07-20T13:05:32.000Z</time></trkpt>
<trkpt lat="30.6228845309869" lon="104.0676954353855"><ele>486</ele><time>2025-07-20T13:05:33.000Z</time></trkpt>
<trkpt lat="30.6228845309869" lon="104.0676954353855"><ele>486</ele><time>2025-07-20T13:05:34.000Z</time></trkpt>
<trkpt lat="30.6228845309869" lon="104.0676954353855"><ele>487</ele><time>2025-07-20T13:05:35.000Z</time></trkpt>
<trkpt lat="30.6228845309869" lon="104.0676954353855"><ele>487</ele><time>2025-07-20T13:05:36.000Z</time></trkpt>
<trkpt lat="30.6228845309869" lon="104.0676954353855"><ele>487</ele><time>2025-07-20T13:05:37.000Z</time></trkpt>
<trkpt lat="30.6228845309869" lon="104.0676954353855"><ele>487</ele><time>2025-07-20T13:05:38.000Z</time></trkpt>
<trkpt lat="30.6228845309869" lon="104.0676954353855"><ele>489</ele><time>2025-07-20T13:05:39.000Z</time></trkpt>
<trkpt lat="30.6228845309869" lon="104.0676954353855"><ele>489</ele><time>2025-07-20T13:05:40.000Z</time></trkpt>
<trkpt lat="30.6228845309869" lon="104.0676954353855"><ele>489</ele><time>2025-07-20T13:05:41.000Z</time></trkpt>
<trkpt lat="30.6228845309869" lon="104.0676954353855"><ele>489</ele><time>2025-07-20T13:05:42.000Z</time></trkpt>
<trkpt lat="30.6228845309869" lon="104.0676954353855"><ele>490</ele><time>2025-07-20T13:05:43.000Z</time></trkpt>
<trkpt lat="30.6228845309869" lon="104.0676954353855"><ele>490</ele><time>2025-07-20T13:05:44.000Z</time></trkpt>
<trkpt lat="30.6228845309869" lon="104.0676954353855"><ele>489</ele><time>2025-07-20T13:05:45.000Z</time></trkpt>
<trkpt lat="30.6228845309869" lon="104.0676954353855"><ele>490</ele><time>2025-07-20T13:05:46.000Z</time></trkpt>
<trkpt lat="30.6228845309869" lon="104.0676954353855"><ele>490</ele><time>2025-07-20T13:05:47.000Z</time></trkpt>
<trkpt lat="30.6228845309869" lon="104.0676954353855"><ele>490</ele><time>2025-07-20T13:05:48.000Z</time></trkpt>
<trkpt lat="30.6228845309869" lon="104.0676954353855"><ele>490</ele><time>2025-07-20T13:05:49.000Z</time></trkpt>
<trkpt lat="30.6228845309869" lon="104.0676954353855"><ele>490</ele><time>2025-07-20T13:05:50.000Z</time></trkpt>
<trkpt lat="30.6228845309869" lon="104.0676954353855"><ele>490</ele><time>2025-07-20T13:05:51.000Z</time></trkpt>
<trkpt lat="30.6228845309869" lon="104.0676954353855"><ele>490</ele><time>2025-07-20T13:05:52.000Z</time></trkpt>
<trkpt lat="30.6228845309869" lon="104.0676954353855"><ele>490</ele><time>2025-07-20T13:05:53.000Z</time></trkpt>
<trkpt lat="30.6228845309869" lon="104.0676954353855"><ele>490</ele><time>2025-07-20T13:05:54.000Z</time></trkpt>
<trkpt lat="30.6228845309869" lon="104.0676954353855"><ele>491</ele><time>2025-07-20T13:05:55.000Z</time></trkpt>
<trkpt lat="30.6228845309869" lon="104.0676954353855"><ele>492</ele><time>2025-07-20T13:05:56.000Z</time></trkpt>
<trkpt lat="30.6228845309869" lon="104.0676954353855"><ele>491</ele><time>2025-07-20T13:05:57.000Z</time></trkpt>
<trkpt lat="30.6228845309869" lon="104.0676954353855"><ele>491</ele><time>2025-07-20T13:05:58.000Z</time></trkpt>
<trkpt lat="30.6228845309869" lon="104.0676954353855"><ele>490</ele><time>2025-07-20T13:05:59.000Z</time></trkpt>
<trkpt lat="30.6228845309869" lon="104.0676954353855"><ele>490</ele><time>2025-07-20T13:06:00.000Z</time></trkpt>
<trkpt lat="30.6228845309869" lon="104.0676954353855"><ele>490</ele><time>2025-07-20T13:06:01.000Z</time></trkpt>
<trkpt lat="30.6228845309869" lon="104.0676954353855"><ele>490</ele><time>2025-07-20T13:06:02.000Z</time></trkpt>
<trkpt lat="30.6228845309869" lon="104.0676954353855"><ele>490</ele><time>2025-07-20T13:06:03.000Z</time></trkpt>
<trkpt lat="30.6228845309869" lon="104.0676954353855"><ele>490</ele><time>2025-07-20T13:06:04.000Z</time></trkpt>
<trkpt lat="30.6228845309869" lon="104.0676954353855"><ele>491</ele><time>2025-07-20T13:06:05.000Z</time></trkpt>
<trkpt lat="30.6228845309869" lon="104.0676954353855"><ele>491</ele><time>2025-07-20T13:06:06.000Z</time></trkpt>
<trkpt lat="30.6228845309869" lon="104.0676954353855"><ele>491</ele><time>2025-07-20T13:06:07.000Z</time></trkpt>
<trkpt lat="30.6228845309869" lon="104.0676954353855"><ele>490</ele><time>2025-07-20T13:06:08.000Z</time></trkpt>
<trkpt lat="30.6228845309869" lon="104.0676954353855"><ele>490</ele><time>2025-07-20T13:06:09.000Z</time></trkpt>
<trkpt lat="30.6228845309869" lon="104.0676954353855"><ele>490</ele><time>2025-07-20T13:06:10.000Z</time></trkpt>
<trkpt lat="30.6228845309869" lon="104.0676954353855"><ele>490</ele><time>2025-07-20T13:06:11.000Z</time></trkpt>
<trkpt lat="30.6228845309869" lon="104.0676954353855"><ele>490</ele><time>2025-07-20T13:06:12.000Z</time></trkpt>
<trkpt lat="30.6228845309869" lon="104.0676954353855"><ele>490</ele><time>2025-07-20T13:06:13.000Z</time></trkpt>
<trkpt lat="30.6228845309869" lon="104.0676954353855"><ele>489</ele><time>2025-07-20T13:06:14.000Z</time></trkpt>
<trkpt lat="30.6228845309869" lon="104.0676954353855"><ele>489</ele><time>2025-07-20T13:06:15.000Z</time></trkpt>
<trkpt lat="30.6228845309869" lon="104.0676954353855"><ele>489</ele><time>2025-07-20T13:06:16.000Z</time></trkpt>
<trkpt lat="30.6228845309869" lon="104.0676954353855"><ele>489</ele><time>2025-07-20T13:06:17.000Z</time></trkpt>
<trkpt lat="30.6228845309869" lon="104.0676954353855"><ele>488</ele><time>2025-07-20T13:06:18.000Z</time></trkpt>
<trkpt lat="30.6228845309869" lon="104.0676954353855"><ele>488</ele><time>2025-07-20T13:06:19.000Z</time></trkpt>
<trkpt lat="30.6228845309869" lon="104.0676954353855"><ele>488</ele><time>2025-07-20T13:06:20.000Z</time></trkpt>
<trkpt lat="30.6228845309869" lon="104.0676954353855"><ele>487</ele><time>2025-07-20T13:06:21.000Z</time></trkpt>
<trkpt lat="30.6228845309869" lon="104.0676954353855"><ele>487</ele><time>2025-07-20T13:06:22.000Z</time></trkpt>
<trkpt lat="30.6228845309869" lon="104.0676954353855"><ele>486</ele><time>2025-07-20T13:06:23.000Z</time></trkpt>
<trkpt lat="30.6228845309869" lon="104.0676954353855"><ele>486</ele><time>2025-07-20T13:06:24.000Z</time></trkpt>
<trkpt lat="30.6228845309869" lon="104.0676954353855"><ele>486</ele><time>2025-07-20T13:06:25.000Z</time></trkpt>
<trkpt lat="30.6228845309869" lon="104.0676954353855"><ele>486</ele><time>2025-07-20T13:06:26.000Z</time></trkpt>
<trkpt lat="30.6228845309869" lon="104.0676954353855"><ele>485</ele><time>2025-07-20T13:06:27.000Z</time></trkpt>
<trkpt lat="30.6228845309869" lon="104.0676954353855"><ele>485</ele><time>2025-07-20T13:06:28.000Z</time></trkpt>
<trkpt lat="30.6228845309869" lon="104.0676954353855"><ele>485</ele><time>2025-07-20T13:06:29.000Z</time></trkpt>
<trkpt lat="30.6228845309869" lon="104.0676954353855"><ele>484</ele><time>2025-07-20T13:06:30.000Z</time></trkpt>
<trkpt lat="30.6228845309869" lon="104.0676954353855"><ele>484</ele><time>2025-07-20T13:06:31.000Z</time></trkpt>
<trkpt lat="30.6228845309869" lon="104.0676954353855"><ele>484</ele><time>2025-07-20T13:06:32.000Z</time></trkpt>
<trkpt lat="30.6228845309869" lon="104.0676954353855"><ele>484</ele><time>2025-07-20T13:06:33.000Z</time></trkpt>
<trkpt lat="30.6228845309869" lon="104.0676954353855"><ele>483</ele><time>2025-07-20T13:06:34.000Z</time></trkpt>
<trkpt lat="30.6228845309869" lon="104.0676954353855"><ele>483</ele><time>2025-07-20T13:06:35.000Z</time></trkpt>
<trkpt lat="30.6228845309869" lon="104.0676954353855"><ele>483</ele><time>2025-07-20T13:06:36.000Z</time></trkpt>
<trkpt lat="30.6228845309869" lon="104.0676954353855"><ele>483</ele><time>2025-07-20T13:06:37.000Z</time></trkpt>
<trkpt lat="30.6228845309869" lon="104.0676954353855"><ele>483</ele><time>2025-07-20T13:06:38.000Z</time></trkpt>
<trkpt lat="30.6228845309869" lon="104.0676954353855"><ele>482</ele><time>2025-07-20T13:06:39.000Z</time></trkpt>
<trkpt lat="30.6228845309869" lon="104.0676954353855"><ele>482</ele><time>2025-07-20T13:06:40.000Z</time></trkpt>
<trkpt lat="30.6228845309869" lon="104.0676954353855"><ele>482</ele><time>2025-07-20T13:06:41.000Z</time></trkpt>
<trkpt lat="30.6228845309869" lon="104.0676954353855"><ele>482</ele><time>2025-07-20T13:06:42.000Z</time></trkpt>
<trkpt lat="30.6228845309869" lon="104.0676954353855"><ele>482</ele><time>2025-07-20T13:06:43.000Z</time></trkpt>
<trkpt lat="30.6228845309869" lon="104.0676954353855"><ele>481</ele><time>2025-07-20T13:06:44.000Z</time></trkpt>
<trkpt lat="30.6228845309869" lon="104.0676954353855"><ele>481</ele><time>2025-07-20T13:06:45.000Z</time></trkpt>
<trkpt lat="30.6228845309869" lon="104.0676954353855"><ele>481</ele><time>2025-07-20T13:06:46.000Z</time></trkpt>
<trkpt lat="30.6228845309869" lon="104.0676954353855"><ele>480</ele><time>2025-07-20T13:06:47.000Z</time></trkpt>
<trkpt lat="30.6228845309869" lon="104.0676954353855"><ele>480</ele><time>2025-07-20T13:06:48.000Z</time></trkpt>
<trkpt lat="30.6228845309869" lon="104.0676954353855"><ele>480</ele><time>2025-07-20T13:06:49.000Z</time></trkpt>
<trkpt lat="30.6228845309869" lon="104.0676954353855"><ele>480</ele><time>2025-07-20T13:06:50.000Z</time></trkpt>
<trkpt lat="30.6228845309869" lon="104.0676954353855"><ele>480</ele><time>2025-07-20T13:06:51.000Z</time></trkpt>
<trkpt lat="30.6228845309869" lon="104.0676954353855"><ele>479</ele><time>2025-07-20T13:06:52.000Z</time></trkpt>
<trkpt lat="30.6228845309869" lon="104.0676954353855"><ele>479</ele><time>2025-07-20T13:06:53.000Z</time></trkpt>
<trkpt lat="30.6228845309869" lon="104.0676954353855"><ele>479</ele><time>2025-07-20T13:06:54.000Z</time></trkpt>
<trkpt lat="30.6228845309869" lon="104.0676954353855"><ele>479</ele><time>2025-07-20T13:06:55.000Z</time></trkpt>
<trkpt lat="30.6228845309869" lon="104.0676954353855"><ele>479</ele><time>2025-07-20T13:06:56.000Z</time></trkpt>
<trkpt lat="30.6228845309869" lon="104.0676954353855"><ele>479</ele><time>2025-07-20T13:06:57.000Z</time></trkpt>
<trkpt lat="30.6228845309869" lon="104.0676954353855"><ele>479</ele><time>2025-07-20T13:06:58.000Z</time></trkpt>
<trkpt lat="30.6228845309869" lon="104.0676954353855"><ele>478</ele><time>2025-07-20T13:06:59.000Z</time></trkpt>
<trkpt lat="30.6228845309869" lon="104.0676954353855"><ele>478</ele><time>2025-07-20T13:07:00.000Z</time></trkpt>
<trkpt lat="30.6228845309869" lon="104.0676954353855"><ele>478</ele><time>2025-07-20T13:07:01.000Z</time></trkpt>
<trkpt lat="30.6228845309869" lon="104.0676954353855"><ele>478</ele><time>2025-07-20T13:07:02.000Z</time></trkpt>
<trkpt lat="30.6228845309869" lon="104.0676954353855"><ele>477</ele><time>2025-07-20T13:07:03.000Z</time></trkpt>
<trkpt lat="30.6228845309869" lon="104.0676954353855"><ele>477</ele><time>2025-07-20T13:07:04.000Z</time></trkpt>
<trkpt lat="30.6228845309869" lon="104.0676954353855"><ele>477</ele><time>2025-07-20T13:07:05.000Z</time></trkpt>
<trkpt lat="30.6228845309869" lon="104.0676954353855"><ele>477</ele><time>2025-07-20T13:07:06.000Z</time></trkpt>
<trkpt lat="30.6228845309869" lon="104.0676954353855"><ele>477</ele><time>2025-07-20T13:07:07.000Z</time></trkpt>
<trkpt lat="30.6228845309869" lon="104.0676954353855"><ele>478</ele><time>2025-07-20T13:07:08.000Z</time></trkpt>
<trkpt lat="30.6228845309869" lon="104.0676954353855"><ele>477</ele><time>2025-07-20T13:07:09.000Z</time></trkpt>
<trkpt lat="30.6228845309869" lon="104.0676954353855"><ele>479</ele><time>2025-07-20T13:07:10.000Z</time></trkpt>
<trkpt lat="30.6228845309869" lon="104.0676954353855"><ele>479</ele><time>2025-07-20T13:07:11.000Z</time></trkpt>
<trkpt lat="30.6228845309869" lon="104.0676954353855"><ele>479</ele><time>2025-07-20T13:07:12.000Z</time></trkpt>
<trkpt lat="30.6228845309869" lon="104.0676954353855"><ele>478</ele><time>2025-07-20T13:07:13.000Z</time></trkpt>
<trkpt lat="30.6228845309869" lon="104.0676954353855"><ele>478</ele><time>2025-07-20T13:07:14.000Z</time></trkpt>
<trkpt lat="30.6228845309869" lon="104.0676954353855"><ele>478</ele><time>2025-07-20T13:07:15.000Z</time></trkpt>
<trkpt lat="30.6228845309869" lon="104.0676954353855"><ele>478</ele><time>2025-07-20T13:07:16.000Z</time></trkpt>
<trkpt lat="30.6228845309869" lon="104.0676954353855"><ele>479</ele><time>2025-07-20T13:07:17.000Z</time></trkpt>
<trkpt lat="30.6228845309869" lon="104.0676954353855"><ele>479</ele><time>2025-07-20T13:07:18.000Z</time></trkpt>
<trkpt lat="30.6228845309869" lon="104.0676954353855"><ele>479</ele><time>2025-07-20T13:07:19.000Z</time></trkpt>
<trkpt lat="30.6228845309869" lon="104.0676954353855"><ele>478</ele><time>2025-07-20T13:07:20.000Z</time></trkpt>
<trkpt lat="30.6228845309869" lon="104.0676954353855"><ele>477</ele><time>2025-07-20T13:07:21.000Z</time></trkpt>
<trkpt lat="30.6228845309869" lon="104.0676954353855"><ele>477</ele><time>2025-07-20T13:07:22.000Z</time></trkpt>
<trkpt lat="30.6228845309869" lon="104.0676954353855"><ele>477</ele><time>2025-07-20T13:07:23.000Z</time></trkpt>
<trkpt lat="30.6228845309869" lon="104.0676954353855"><ele>477</ele><time>2025-07-20T13:07:24.000Z</time></trkpt>
<trkpt lat="30.6228845309869" lon="104.0676954353855"><ele>477</ele><time>2025-07-20T13:07:25.000Z</time></trkpt>
<trkpt lat="30.6228845309869" lon="104.0676954353855"><ele>477</ele><time>2025-07-20T13:07:26.000Z</time></trkpt>
<trkpt lat="30.6228845309869" lon="104.0676954353855"><ele>476</ele><time>2025-07-20T13:07:27.000Z</time></trkpt>
<trkpt lat="30.6228845309869" lon="104.0676954353855"><ele>475</ele><time>2025-07-20T13:07:28.000Z</time></trkpt>
<trkpt lat="30.6228845309869" lon="104.0676954353855"><ele>476</ele><time>2025-07-20T13:07:29.000Z</time></trkpt>
<trkpt lat="30.6228845309869" lon="104.0676954353855"><ele>476</ele><time>2025-07-20T13:07:30.000Z</time></trkpt>
<trkpt lat="30.6228845309869" lon="104.0676954353855"><ele>476</ele><time>2025-07-20T13:07:31.000Z</time></trkpt>
<trkpt lat="30.6228845309869" lon="104.0676954353855"><ele>477</ele><time>2025-07-20T13:07:32.000Z</time></trkpt>
<trkpt lat="30.6228845309869" lon="104.0676954353855"><ele>477</ele><time>2025-07-20T13:07:33.000Z</time></trkpt>
<trkpt lat="30.6228845309869" lon="104.0676954353855"><ele>477</ele><time>2025-07-20T13:07:34.000Z</time></trkpt>
<trkpt lat="30.6228845309869" lon="104.0676954353855"><ele>477</ele><time>2025-07-20T13:07:35.000Z</time></trkpt>
<trkpt lat="30.6228845309869" lon="104.0676954353855"><ele>477</ele><time>2025-07-20T13:07:36.000Z</time></trkpt>
<trkpt lat="30.6228845309869" lon="104.0676954353855"><ele>477</ele><time>2025-07-20T13:07:37.000Z</time></trkpt>
<trkpt lat="30.6228845309869" lon="104.0676954353855"><ele>477</ele><time>2025-07-20T13:07:38.000Z</time></trkpt>
<trkpt lat="30.6228845309869" lon="104.0676954353855"><ele>478</ele><time>2025-07-20T13:07:39.000Z</time></trkpt>
<trkpt lat="30.6228845309869" lon="104.0676954353855"><ele>477</ele><time>2025-07-20T13:07:40.000Z</time></trkpt>
<trkpt lat="30.6228845309869" lon="104.0676954353855"><ele>477</ele><time>2025-07-20T13:07:41.000Z</time></trkpt>
<trkpt lat="30.6228845309869" lon="104.0676954353855"><ele>477</ele><time>2025-07-20T13:07:42.000Z</time></trkpt>
<trkpt lat="30.6228845309869" lon="104.0676954353855"><ele>477</ele><time>2025-07-20T13:07:43.000Z</time></trkpt>
<trkpt lat="30.6228845309869" lon="104.0676954353855"><ele>477</ele><time>2025-07-20T13:07:44.000Z</time></trkpt>
<trkpt lat="30.6228845309869" lon="104.0676954353855"><ele>477</ele><time>2025-07-20T13:07:45.000Z</time></trkpt>
<trkpt lat="30.6228845309869" lon="104.0676954353855"><ele>477</ele><time>2025-07-20T13:07:46.000Z</time></trkpt>
<trkpt lat="30.6228845309869" lon="104.0676954353855"><ele>477</ele><time>2025-07-20T13:07:47.000Z</time></trkpt>
<trkpt lat="30.6228845309869" lon="104.0676954353855"><ele>477</ele><time>2025-07-20T13:07:48.000Z</time></trkpt>
<trkpt lat="30.6228845309869" lon="104.0676954353855"><ele>477</ele><time>2025-07-20T13:07:49.000Z</time></trkpt>
<trkpt lat="30.6228845309869" lon="104.0676954353855"><ele>477</ele><time>2025-07-20T13:07:50.000Z</time></trkpt>
<trkpt lat="30.6228845309869" lon="104.0676954353855"><ele>477</ele><time>2025-07-20T13:07:51.000Z</time></trkpt>
<trkpt lat="30.6228845309869" lon="104.0676954353855"><ele>477</ele><time>2025-07-20T13:07:52.000Z</time></trkpt>
<trkpt lat="30.6228845309869" lon="104.0676954353855"><ele>477</ele><time>2025-07-20T13:07:53.000Z</time></trkpt>
<trkpt lat="30.6228845309869" lon="104.0676954353855"><ele>477</ele><time>2025-07-20T13:07:54.000Z</time></trkpt>
<trkpt lat="30.6228845309869" lon="104.0676954353855"><ele>477</ele><time>2025-07-20T13:07:55.000Z</time></trkpt>
<trkpt lat="30.6228845309869" lon="104.0676954353855"><ele>478</ele><time>2025-07-20T13:07:56.000Z</time></trkpt>
<trkpt lat="30.6228845309869" lon="104.0676954353855"><ele>478</ele><time>2025-07-20T13:07:57.000Z</time></trkpt>
<trkpt lat="30.6228845309869" lon="104.0676954353855"><ele>478</ele><time>2025-07-20T13:07:58.000Z</time></trkpt>
<trkpt lat="30.6228845309869" lon="104.0676954353855"><ele>479</ele><time>2025-07-20T13:07:59.000Z</time></trkpt>
<trkpt lat="30.6228845309869" lon="104.0676954353855"><ele>479</ele><time>2025-07-20T13:08:00.000Z</time></trkpt>
<trkpt lat="30.6228845309869" lon="104.0676954353855"><ele>480</ele><time>2025-07-20T13:08:01.000Z</time></trkpt>
<trkpt lat="30.6228845309869" lon="104.0676954353855"><ele>481</ele><time>2025-07-20T13:08:02.000Z</time></trkpt>
<trkpt lat="30.6228845309869" lon="104.0676954353855"><ele>481</ele><time>2025-07-20T13:08:03.000Z</time></trkpt>
<trkpt lat="30.6228845309869" lon="104.0676954353855"><ele>481</ele><time>2025-07-20T13:08:04.000Z</time></trkpt>
<trkpt lat="30.6228845309869" lon="104.0676954353855"><ele>482</ele><time>2025-07-20T13:08:05.000Z</time></trkpt>
<trkpt lat="30.6228845309869" lon="104.0676954353855"><ele>482</ele><time>2025-07-20T13:08:06.000Z</time></trkpt>
<trkpt lat="30.6228845309869" lon="104.0676954353855"><ele>482</ele><time>2025-07-20T13:08:07.000Z</time></trkpt>
<trkpt lat="30.6228845309869" lon="104.0676954353855"><ele>483</ele><time>2025-07-20T13:08:08.000Z</time></trkpt>
<trkpt lat="30.6228845309869" lon="104.0676954353855"><ele>484</ele><time>2025-07-20T13:08:09.000Z</time></trkpt>
<trkpt lat="30.6228845309869" lon="104.0676954353855"><ele>484</ele><time>2025-07-20T13:08:10.000Z</time></trkpt>
<trkpt lat="30.6228845309869" lon="104.0676954353855"><ele>484</ele><time>2025-07-20T13:08:11.000Z</time></trkpt>
<trkpt lat="30.6228845309869" lon="104.0676954353855"><ele>484</ele><time>2025-07-20T13:08:12.000Z</time></trkpt>
<trkpt lat="30.6228845309869" lon="104.0676954353855"><ele>484</ele><time>2025-07-20T13:08:13.000Z</time></trkpt>
<trkpt lat="30.6228845309869" lon="104.0676954353855"><ele>485</ele><time>2025-07-20T13:08:14.000Z</time></trkpt>
<trkpt lat="30.6228845309869" lon="104.0676954353855"><ele>485</ele><time>2025-07-20T13:08:15.000Z</time></trkpt>
<trkpt lat="30.6228845309869" lon="104.0676954353855"><ele>485</ele><time>2025-07-20T13:08:16.000Z</time></trkpt>
<trkpt lat="30.6228845309869" lon="104.0676954353855"><ele>486</ele><time>2025-07-20T13:08:17.000Z</time></trkpt>
<trkpt lat="30.6228845309869" lon="104.0676954353855"><ele>486</ele><time>2025-07-20T13:08:18.000Z</time></trkpt>
<trkpt lat="30.6228845309869" lon="104.0676954353855"><ele>486</ele><time>2025-07-20T13:08:19.000Z</time></trkpt>
<trkpt lat="30.6228845309869" lon="104.0676954353855"><ele>486</ele><time>2025-07-20T13:08:20.000Z</time></trkpt>
<trkpt lat="30.6228845309869" lon="104.0676954353855"><ele>487</ele><time>2025-07-20T13:08:21.000Z</time></trkpt>
<trkpt lat="30.6228845309869" lon="104.0676954353855"><ele>487</ele><time>2025-07-20T13:08:22.000Z</time></trkpt>
<trkpt lat="30.6228845309869" lon="104.0676954353855"><ele>487</ele><time>2025-07-20T13:08:23.000Z</time></trkpt>
<trkpt lat="30.6228845309869" lon="104.0676954353855"><ele>487</ele><time>2025-07-20T13:08:24.000Z</time></trkpt>
<trkpt lat="30.6228845309869" lon="104.0676954353855"><ele>487</ele><time>2025-07-20T13:08:25.000Z</time></trkpt>
<trkpt lat="30.6228845309869" lon="104.0676954353855"><ele>488</ele><time>2025-07-20T13:08:26.000Z</time></trkpt>
<trkpt lat="30.6228845309869" lon="104.0676954353855"><ele>487</ele><time>2025-07-20T13:08:27.000Z</time></trkpt>
<trkpt lat="30.6228845309869" lon="104.0676954353855"><ele>488</ele><time>2025-07-20T13:08:28.000Z</time></trkpt>
<trkpt lat="30.6228845309869" lon="104.0676954353855"><ele>488</ele><time>2025-07-20T13:08:29.000Z</time></trkpt>
<trkpt lat="30.6228845309869" lon="104.0676954353855"><ele>487</ele><time>2025-07-20T13:08:30.000Z</time></trkpt>
<trkpt lat="30.6228845309869" lon="104.0676954353855"><ele>487</ele><time>2025-07-20T13:08:31.000Z</time></trkpt>
<trkpt lat="30.6228845309869" lon="104.0676954353855"><ele>487</ele><time>2025-07-20T13:08:32.000Z</time></trkpt>
<trkpt lat="30.6228845309869" lon="104.0676954353855"><ele>487</ele><time>2025-07-20T13:08:33.000Z</time></trkpt>
<trkpt lat="30.6228845309869" lon="104.0676954353855"><ele>487</ele><time>2025-07-20T13:08:34.000Z</time></trkpt>
<trkpt lat="30.6228845309869" lon="104.0676954353855"><ele>487</ele><time>2025-07-20T13:08:35.000Z</time></trkpt>
<trkpt lat="30.6228845309869" lon="104.0676954353855"><ele>487</ele><time>2025-07-20T13:08:36.000Z</time></trkpt>
<trkpt lat="30.6228845309869" lon="104.0676954353855"><ele>486</ele><time>2025-07-20T13:08:37.000Z</time></trkpt>
<trkpt lat="30.6228845309869" lon="104.0676954353855"><ele>486</ele><time>2025-07-20T13:08:38.000Z</time></trkpt>
<trkpt lat="30.6228845309869" lon="104.0676954353855"><ele>486</ele><time>2025-07-20T13:08:39.000Z</time></trkpt>
<trkpt lat="30.6228845309869" lon="104.0676954353855"><ele>485</ele><time>2025-07-20T13:08:40.000Z</time></trkpt>
<trkpt lat="30.6228845309869" lon="104.0676954353855"><ele>485</ele><time>2025-07-20T13:08:41.000Z</time></trkpt>
<trkpt lat="30.6228845309869" lon="104.0676954353855"><ele>484</ele><time>2025-07-20T13:08:42.000Z</time></trkpt>
<trkpt lat="30.6228845309869" lon="104.0676954353855"><ele>485</ele><time>2025-07-20T13:08:43.000Z</time></trkpt>
<trkpt lat="30.6228845309869" lon="104.0676954353855"><ele>485</ele><time>2025-07-20T13:08:44.000Z</time></trkpt>
<trkpt lat="30.6228845309869" lon="104.0676954353855"><ele>485</ele><time>2025-07-20T13:08:45.000Z</time></trkpt>
<trkpt lat="30.6228845309869" lon="104.0676954353855"><ele>484</ele><time>2025-07-20T13:08:46.000Z</time></trkpt>
<trkpt lat="30.6228845309869" lon="104.0676954353855"><ele>483</ele><time>2025-07-20T13:08:47.000Z</time></trkpt>
<trkpt lat="30.6228845309869" lon="104.0676954353855"><ele>484</ele><time>2025-07-20T13:08:48.000Z</time></trkpt>
<trkpt lat="30.6228845309869" lon="104.0676954353855"><ele>482</ele><time>2025-07-20T13:08:49.000Z</time></trkpt>
<trkpt lat="30.6228845309869" lon="104.0676954353855"><ele>482</ele><time>2025-07-20T13:08:50.000Z</time></trkpt>
<trkpt lat="30.6228845309869" lon="104.0676954353855"><ele>481</ele><time>2025-07-20T13:08:51.000Z</time></trkpt>
<trkpt lat="30.6228845309869" lon="104.0676954353855"><ele>480</ele><time>2025-07-20T13:08:52.000Z</time></trkpt>
<trkpt lat="30.6228845309869" lon="104.0676954353855"><ele>480</ele><time>2025-07-20T13:08:53.000Z</time></trkpt>
<trkpt lat="30.6228845309869" lon="104.0676954353855"><ele>481</ele><time>2025-07-20T13:08:54.000Z</time></trkpt>
<trkpt lat="30.6228845309869" lon="104.0676954353855"><ele>481</ele><time>2025-07-20T13:08:55.000Z</time></trkpt>
<trkpt lat="30.6228845309869" lon="104.0676954353855"><ele>481</ele><time>2025-07-20T13:08:56.000Z</time></trkpt>
<trkpt lat="30.6228845309869" lon="104.0676954353855"><ele>481</ele><time>2025-07-20T13:08:57.000Z</time></trkpt>
<trkpt lat="30.6228845309869" lon="104.0676954353855"><ele>480</ele><time>2025-07-20T13:08:58.000Z</time></trkpt>
<trkpt lat="30.6228845309869" lon="104.0676954353855"><ele>480</ele><time>2025-07-20T13:08:59.000Z</time></trkpt>
<trkpt lat="30.6228845309869" lon="104.0676954353855"><ele>480</ele><time>2025-07-20T13:09:00.000Z</time></trkpt>
<trkpt lat="30.6228845309869" lon="104.0676954353855"><ele>479</ele><time>2025-07-20T13:09:01.000Z</time></trkpt>
<trkpt lat="30.6228845309869" lon="104.0676954353855"><ele>479</ele><time>2025-07-20T13:09:02.000Z</time></trkpt>
<trkpt lat="30.6228845309869" lon="104.0676954353855"><ele>479</ele><time>2025-07-20T13:09:03.000Z</time></trkpt>
<trkpt lat="30.6228845309869" lon="104.0676954353855"><ele>478</ele><time>2025-07-20T13:09:04.000Z</time></trkpt>
<trkpt lat="30.6228845309869" lon="104.0676954353855"><ele>478</ele><time>2025-07-20T13:09:05.000Z</time></trkpt>
<trkpt lat="30.6228845309869" lon="104.0676954353855"><ele>478</ele><time>2025-07-20T13:09:06.000Z</time></trkpt>
<trkpt lat="30.6228845309869" lon="104.0676954353855"><ele>478</ele><time>2025-07-20T13:09:07.000Z</time></trkpt>
<trkpt lat="30.6228845309869" lon="104.0676954353855"><ele>478</ele><time>2025-07-20T13:09:08.000Z</time></trkpt>
<trkpt lat="30.6228845309869" lon="104.0676954353855"><ele>478</ele><time>2025-07-20T13:09:09.000Z</time></trkpt>
<trkpt lat="30.6228845309869" lon="104.0676954353855"><ele>478</ele><time>2025-07-20T13:09:10.000Z</time></trkpt>
<trkpt lat="30.6228845309869" lon="104.0676954353855"><ele>479</ele><time>2025-07-20T13:09:11.000Z</time></trkpt>
<trkpt lat="30.6228845309869" lon="104.0676954353855"><ele>479</ele><time>2025-07-20T13:09:12.000Z</time></trkpt>
<trkpt lat="30.6228845309869" lon="104.0676954353855"><ele>479</ele><time>2025-07-20T13:09:13.000Z</time></trkpt>
<trkpt lat="30.6228845309869" lon="104.0676954353855"><ele>479</ele><time>2025-07-20T13:09:14.000Z</time></trkpt>
<trkpt lat="30.6228845309869" lon="104.0676954353855"><ele>479</ele><time>2025-07-20T13:09:15.000Z</time></trkpt>
<trkpt lat="30.6228845309869" lon="104.0676954353855"><ele>479</ele><time>2025-07-20T13:09:16.000Z</time></trkpt>
<trkpt lat="30.6228845309869" lon="104.0676954353855"><ele>478</ele><time>2025-07-20T13:09:17.000Z</time></trkpt>
<trkpt lat="30.6228845309869" lon="104.0676954353855"><ele>478</ele><time>2025-07-20T13:09:18.000Z</time></trkpt>
<trkpt lat="30.6228845309869" lon="104.0676954353855"><ele>479</ele><time>2025-07-20T13:09:19.000Z</time></trkpt>
<trkpt lat="30.6228845309869" lon="104.0676954353855"><ele>479</ele><time>2025-07-20T13:09:20.000Z</time></trkpt>
<trkpt lat="30.6228845309869" lon="104.0676954353855"><ele>479</ele><time>2025-07-20T13:09:21.000Z</time></trkpt>
<trkpt lat="30.6228845309869" lon="104.0676954353855"><ele>479</ele><time>2025-07-20T13:09:22.000Z</time></trkpt>
<trkpt lat="30.6228845309869" lon="104.0676954353855"><ele>478</ele><time>2025-07-20T13:09:23.000Z</time></trkpt>
<trkpt lat="30.6228845309869" lon="104.0676954353855"><ele>478</ele><time>2025-07-20T13:09:24.000Z</time></trkpt>
<trkpt lat="30.6228845309869" lon="104.0676954353855"><ele>479</ele><time>2025-07-20T13:09:25.000Z</time></trkpt>
<trkpt lat="30.6228845309869" lon="104.0676954353855"><ele>479</ele><time>2025-07-20T13:09:26.000Z</time></trkpt>
<trkpt lat="30.6228845309869" lon="104.0676954353855"><ele>478</ele><time>2025-07-20T13:09:27.000Z</time></trkpt>
<trkpt lat="30.6228845309869" lon="104.0676954353855"><ele>478</ele><time>2025-07-20T13:09:28.000Z</time></trkpt>
<trkpt lat="30.6228845309869" lon="104.0676954353855"><ele>479</ele><time>2025-07-20T13:09:29.000Z</time></trkpt>
<trkpt lat="30.6228845309869" lon="104.0676954353855"><ele>479</ele><time>2025-07-20T13:09:30.000Z</time></trkpt>
<trkpt lat="30.6228845309869" lon="104.0676954353855"><ele>479</ele><time>2025-07-20T13:09:31.000Z</time></trkpt>
<trkpt lat="30.6228845309869" lon="104.0676954353855"><ele>479</ele><time>2025-07-20T13:09:32.000Z</time></trkpt>
<trkpt lat="30.6228845309869" lon="104.0676954353855"><ele>479</ele><time>2025-07-20T13:09:33.000Z</time></trkpt>
<trkpt lat="30.6228845309869" lon="104.0676954353855"><ele>479</ele><time>2025-07-20T13:09:34.000Z</time></trkpt>
<trkpt lat="30.6228845309869" lon="104.0676954353855"><ele>479</ele><time>2025-07-20T13:09:35.000Z</time></trkpt>
<trkpt lat="30.6228845309869" lon="104.0676954353855"><ele>479</ele><time>2025-07-20T13:09:36.000Z</time></trkpt>
<trkpt lat="30.6228845309869" lon="104.0676954353855"><ele>479</ele><time>2025-07-20T13:09:37.000Z</time></trkpt>
<trkpt lat="30.6228845309869" lon="104.0676954353855"><ele>479</ele><time>2025-07-20T13:09:38.000Z</time></trkpt>
<trkpt lat="30.6228845309869" lon="104.0676954353855"><ele>479</ele><time>2025-07-20T13:09:39.000Z</time></trkpt>
<trkpt lat="30.6228845309869" lon="104.0676954353855"><ele>479</ele><time>2025-07-20T13:09:40.000Z</time></trkpt>
<trkpt lat="30.6228845309869" lon="104.0676954353855"><ele>481</ele><time>2025-07-20T13:09:41.000Z</time></trkpt>
<trkpt lat="30.6228845309869" lon="104.0676954353855"><ele>481</ele><time>2025-07-20T13:09:42.000Z</time></trkpt>
<trkpt lat="30.6228845309869" lon="104.0676954353855"><ele>482</ele><time>2025-07-20T13:09:43.000Z</time></trkpt>
<trkpt lat="30.6228845309869" lon="104.0676954353855"><ele>482</ele><time>2025-07-20T13:09:44.000Z</time></trkpt>
<trkpt lat="30.6228845309869" lon="104.0676954353855"><ele>483</ele><time>2025-07-20T13:09:45.000Z</time></trkpt>
<trkpt lat="30.6228845309869" lon="104.0676954353855"><ele>483</ele><time>2025-07-20T13:09:46.000Z</time></trkpt>
<trkpt lat="30.6228845309869" lon="104.0676954353855"><ele>483</ele><time>2025-07-20T13:09:47.000Z</time></trkpt>
<trkpt lat="30.6228845309869" lon="104.0676954353855"><ele>483</ele><time>2025-07-20T13:09:48.000Z</time></trkpt>
<trkpt lat="30.6228845309869" lon="104.0676954353855"><ele>484</ele><time>2025-07-20T13:09:49.000Z</time></trkpt>
<trkpt lat="30.6228845309869" lon="104.0676954353855"><ele>483</ele><time>2025-07-20T13:09:50.000Z</time></trkpt>
<trkpt lat="30.6228845309869" lon="104.0676954353855"><ele>484</ele><time>2025-07-20T13:09:51.000Z</time></trkpt>
<trkpt lat="30.6228845309869" lon="104.0676954353855"><ele>483</ele><time>2025-07-20T13:09:52.000Z</time></trkpt>
<trkpt lat="30.6228845309869" lon="104.0676954353855"><ele>483</ele><time>2025-07-20T13:09:53.000Z</time></trkpt>
<trkpt lat="30.6228845309869" lon="104.0676954353855"><ele>483</ele><time>2025-07-20T13:09:54.000Z</time></trkpt>
<trkpt lat="30.6228845309869" lon="104.0676954353855"><ele>483</ele><time>2025-07-20T13:09:55.000Z</time></trkpt>
<trkpt lat="30.6228845309869" lon="104.0676954353855"><ele>483</ele><time>2025-07-20T13:09:56.000Z</time></trkpt>
<trkpt lat="30.6228845309869" lon="104.0676954353855"><ele>484</ele><time>2025-07-20T13:09:57.000Z</time></trkpt>
<trkpt lat="30.6228845309869" lon="104.0676954353855"><ele>483</ele><time>2025-07-20T13:09:58.000Z</time></trkpt>
<trkpt lat="30.6228845309869" lon="104.0676954353855"><ele>484</ele><time>2025-07-20T13:09:59.000Z</time></trkpt>
<trkpt lat="30.6228845309869" lon="104.0676954353855"><ele>483</ele><time>2025-07-20T13:10:00.000Z</time></trkpt>
<trkpt lat="30.6228845309869" lon="104.0676954353855"><ele>483</ele><time>2025-07-20T13:10:01.000Z</time></trkpt>
<trkpt lat="30.6228845309869" lon="104.0676954353855"><ele>484</ele><time>2025-07-20T13:10:02.000Z</time></trkpt>
<trkpt lat="30.6228845309869" lon="104.0676954353855"><ele>485</ele><time>2025-07-20T13:10:03.000Z</time></trkpt>
<trkpt lat="30.6228845309869" lon="104.0676954353855"><ele>486</ele><time>2025-07-20T13:10:04.000Z</time></trkpt>
<trkpt lat="30.6228845309869" lon="104.0676954353855"><ele>486</ele><time>2025-07-20T13:10:05.000Z</time></trkpt>
<trkpt lat="30.6228845309869" lon="104.0676954353855"><ele>485</ele><time>2025-07-20T13:10:06.000Z</time></trkpt>
<trkpt lat="30.6228845309869" lon="104.0676954353855"><ele>486</ele><time>2025-07-20T13:10:07.000Z</time></trkpt>
<trkpt lat="30.6228845309869" lon="104.0676954353855"><ele>486</ele><time>2025-07-20T13:10:08.000Z</time></trkpt>
<trkpt lat="30.6228845309869" lon="104.0676954353855"><ele>486</ele><time>2025-07-20T13:10:09.000Z</time></trkpt>
<trkpt lat="30.6228845309869" lon="104.0676954353855"><ele>486</ele><time>2025-07-20T13:10:10.000Z</time></trkpt>
<trkpt lat="30.6228845309869" lon="104.0676954353855"><ele>485</ele><time>2025-07-20T13:10:11.000Z</time></trkpt>
<trkpt lat="30.6228845309869" lon="104.0676954353855"><ele>486</ele><time>2025-07-20T13:10:12.000Z</time></trkpt>
<trkpt lat="30.6228845309869" lon="104.0676954353855"><ele>486</ele><time>2025-07-20T13:10:13.000Z</time></trkpt>
<trkpt lat="30.6228845309869" lon="104.0676954353855"><ele>486</ele><time>2025-07-20T13:10:14.000Z</time></trkpt>
<trkpt lat="30.6228845309869" lon="104.0676954353855"><ele>485</ele><time>2025-07-20T13:10:15.000Z</time></trkpt>
<trkpt lat="30.6228845309869" lon="104.0676954353855"><ele>485</ele><time>2025-07-20T13:10:16.000Z</time></trkpt>
<trkpt lat="30.6228845309869" lon="104.0676954353855"><ele>485</ele><time>2025-07-20T13:10:17.000Z</time></trkpt>
<trkpt lat="30.6228845309869" lon="104.0676954353855"><ele>484</ele><time>2025-07-20T13:10:18.000Z</time></trkpt>
<trkpt lat="30.6228845309869" lon="104.0676954353855"><ele>484</ele><time>2025-07-20T13:10:19.000Z</time></trkpt>
<trkpt lat="30.6228845309869" lon="104.0676954353855"><ele>484</ele><time>2025-07-20T13:10:20.000Z</time></trkpt>
<trkpt lat="30.6228845309869" lon="104.0676954353855"><ele>484</ele><time>2025-07-20T13:10:21.000Z</time></trkpt>
<trkpt lat="30.6228845309869" lon="104.0676954353855"><ele>484</ele><time>2025-07-20T13:10:22.000Z</time></trkpt>
<trkpt lat="30.6228845309869" lon="104.0676954353855"><ele>484</ele><time>2025-07-20T13:10:23.000Z</time></trkpt>
<trkpt lat="30.6228845309869" lon="104.0676954353855"><ele>483</ele><time>2025-07-20T13:10:24.000Z</time></trkpt>
<trkpt lat="30.6228845309869" lon="104.0676954353855"><ele>484</ele><time>2025-07-20T13:10:25.000Z</time></trkpt>
<trkpt lat="30.6228845309869" lon="104.0676954353855"><ele>486</ele><time>2025-07-20T13:10:26.000Z</time></trkpt>
<trkpt lat="30.6228845309869" lon="104.0676954353855"><ele>486</ele><time>2025-07-20T13:10:27.000Z</time></trkpt>
<trkpt lat="30.6228845309869" lon="104.0676954353855"><ele>486</ele><time>2025-07-20T13:10:28.000Z</time></trkpt>
<trkpt lat="30.6228845309869" lon="104.0676954353855"><ele>487</ele><time>2025-07-20T13:10:29.000Z</time></trkpt>
<trkpt lat="30.6228845309869" lon="104.0676954353855"><ele>486</ele><time>2025-07-20T13:10:30.000Z</time></trkpt>
<trkpt lat="30.6228845309869" lon="104.0676954353855"><ele>486</ele><time>2025-07-20T13:10:31.000Z</time></trkpt>
<trkpt lat="30.6228845309869" lon="104.0676954353855"><ele>486</ele><time>2025-07-20T13:10:32.000Z</time></trkpt>
<trkpt lat="30.6228845309869" lon="104.0676954353855"><ele>486</ele><time>2025-07-20T13:10:33.000Z</time></trkpt>
<trkpt lat="30.6228845309869" lon="104.0676954353855"><ele>486</ele><time>2025-07-20T13:10:34.000Z</time></trkpt>
<trkpt lat="30.6228845309869" lon="104.0676954353855"><ele>486</ele><time>2025-07-20T13:10:35.000Z</time></trkpt>
<trkpt lat="30.6228845309869" lon="104.0676954353855"><ele>486</ele><time>2025-07-20T13:10:36.000Z</time></trkpt>
<trkpt lat="30.6228845309869" lon="104.0676954353855"><ele>486</ele><time>2025-07-20T13:10:37.000Z</time></trkpt>
<trkpt lat="30.6228845309869" lon="104.0676954353855"><ele>485</ele><time>2025-07-20T13:10:38.000Z</time></trkpt>
<trkpt lat="30.6228845309869" lon="104.0676954353855"><ele>485</ele><time>2025-07-20T13:10:39.000Z</time></trkpt>
<trkpt lat="30.6228845309869" lon="104.0676954353855"><ele>485</ele><time>2025-07-20T13:10:40.000Z</time></trkpt>
<trkpt lat="30.6228845309869" lon="104.0676954353855"><ele>485</ele><time>2025-07-20T13:10:41.000Z</time></trkpt>
<trkpt lat="30.6228845309869" lon="104.0676954353855"><ele>485</ele><time>2025-07-20T13:10:42.000Z</time></trkpt>
<trkpt lat="30.6228845309869" lon="104.0676954353855"><ele>485</ele><time>2025-07-20T13:10:43.000Z</time></trkpt>
<trkpt lat="30.6228845309869" lon="104.0676954353855"><ele>485</ele><time>2025-07-20T13:10:44.000Z</time></trkpt>
<trkpt lat="30.6228845309869" lon="104.0676954353855"><ele>489</ele><time>2025-07-20T13:10:45.000Z</time></trkpt>
<trkpt lat="30.6228845309869" lon="104.0676954353855"><ele>489</ele><time>2025-07-20T13:10:46.000Z</time></trkpt>
<trkpt lat="30.6228845309869" lon="104.0676954353855"><ele>488</ele><time>2025-07-20T13:10:47.000Z</time></trkpt>
<trkpt lat="30.6228845309869" lon="104.0676954353855"><ele>489</ele><time>2025-07-20T13:10:48.000Z</time></trkpt>
<trkpt lat="30.6228845309869" lon="104.0676954353855"><ele>489</ele><time>2025-07-20T13:10:49.000Z</time></trkpt>
<trkpt lat="30.6228845309869" lon="104.0676954353855"><ele>490</ele><time>2025-07-20T13:10:50.000Z</time></trkpt>
<trkpt lat="30.6228845309869" lon="104.0676954353855"><ele>490</ele><time>2025-07-20T13:10:51.000Z</time></trkpt>
<trkpt lat="30.6228845309869" lon="104.0676954353855"><ele>490</ele><time>2025-07-20T13:10:52.000Z</time></trkpt>
<trkpt lat="30.6228845309869" lon="104.0676954353855"><ele>490</ele><time>2025-07-20T13:10:53.000Z</time></trkpt>
<trkpt lat="30.6228845309869" lon="104.0676954353855"><ele>491</ele><time>2025-07-20T13:10:54.000Z</time></trkpt>
<trkpt lat="30.6228845309869" lon="104.0676954353855"><ele>490</ele><time>2025-07-20T13:10:55.000Z</time></trkpt>
<trkpt lat="30.6228845309869" lon="104.0676954353855"><ele>491</ele><time>2025-07-20T13:10:56.000Z</time></trkpt>
<trkpt lat="30.6228845309869" lon="104.0676954353855"><ele>492</ele><time>2025-07-20T13:10:57.000Z</time></trkpt>
<trkpt lat="30.6228845309869" lon="104.0676954353855"><ele>492</ele><time>2025-07-20T13:10:58.000Z</time></trkpt>
<trkpt lat="30.6228845309869" lon="104.0676954353855"><ele>492</ele><time>2025-07-20T13:10:59.000Z</time></trkpt>
<trkpt lat="30.6228845309869" lon="104.0676954353855"><ele>492</ele><time>2025-07-20T13:11:00.000Z</time></trkpt>
<trkpt lat="30.6228845309869" lon="104.0676954353855"><ele>493</ele><time>2025-07-20T13:11:01.000Z</time></trkpt>
<trkpt lat="30.6228845309869" lon="104.0676954353855"><ele>493</ele><time>2025-07-20T13:11:02.000Z</time></trkpt>
<trkpt lat="30.6228845309869" lon="104.0676954353855"><ele>494</ele><time>2025-07-20T13:11:03.000Z</time></trkpt>
<trkpt lat="30.6228845309869" lon="104.0676954353855"><ele>495</ele><time>2025-07-20T13:11:04.000Z</time></trkpt>
<trkpt lat="30.6228845309869" lon="104.0676954353855"><ele>495</ele><time>2025-07-20T13:11:05.000Z</time></trkpt>
<trkpt lat="30.6228845309869" lon="104.0676954353855"><ele>496</ele><time>2025-07-20T13:11:06.000Z</time></trkpt>
<trkpt lat="30.6228845309869" lon="104.0676954353855"><ele>496</ele><time>2025-07-20T13:11:07.000Z</time></trkpt>
<trkpt lat="30.6228845309869" lon="104.0676954353855"><ele>497</ele><time>2025-07-20T13:11:08.000Z</time></trkpt>
<trkpt lat="30.6228845309869" lon="104.0676954353855"><ele>498</ele><time>2025-07-20T13:11:09.000Z</time></trkpt>
<trkpt lat="30.6228845309869" lon="104.0676954353855"><ele>498</ele><time>2025-07-20T13:11:10.000Z</time></trkpt>
<trkpt lat="30.6228845309869" lon="104.0676954353855"><ele>498</ele><time>2025-07-20T13:11:11.000Z</time></trkpt>
<trkpt lat="30.6228845309869" lon="104.0676954353855"><ele>498</ele><time>2025-07-20T13:11:12.000Z</time></trkpt>
<trkpt lat="30.6228845309869" lon="104.0676954353855"><ele>498</ele><time>2025-07-20T13:11:13.000Z</time></trkpt>
<trkpt lat="30.6228845309869" lon="104.0676954353855"><ele>497</ele><time>2025-07-20T13:11:14.000Z</time></trkpt>
<trkpt lat="30.6228845309869" lon="104.0676954353855"><ele>497</ele><time>2025-07-20T13:11:15.000Z</time></trkpt>
<trkpt lat="30.6228845309869" lon="104.0676954353855"><ele>497</ele><time>2025-07-20T13:11:16.000Z</time></trkpt>
<trkpt lat="30.6228845309869" lon="104.0676954353855"><ele>497</ele><time>2025-07-20T13:11:17.000Z</time></trkpt>
<trkpt lat="30.6228845309869" lon="104.0676954353855"><ele>497</ele><time>2025-07-20T13:11:18.000Z</time></trkpt>
<trkpt lat="30.6228845309869" lon="104.0676954353855"><ele>497</ele><time>2025-07-20T13:11:19.000Z</time></trkpt>
<trkpt lat="30.6228845309869" lon="104.0676954353855"><ele>497</ele><time>2025-07-20T13:11:20.000Z</time></trkpt>
<trkpt lat="30.6228845309869" lon="104.0676954353855"><ele>496</ele><time>2025-07-20T13:11:21.000Z</time></trkpt>
<trkpt lat="30.6228845309869" lon="104.0676954353855"><ele>496</ele><time>2025-07-20T13:11:22.000Z</time></trkpt>
<trkpt lat="30.6228845309869" lon="104.0676954353855"><ele>496</ele><time>2025-07-20T13:11:23.000Z</time></trkpt>
<trkpt lat="30.6228845309869" lon="104.0676954353855"><ele>497</ele><time>2025-07-20T13:11:24.000Z</time></trkpt>
<trkpt lat="30.6228845309869" lon="104.0676954353855"><ele>497</ele><time>2025-07-20T13:11:25.000Z</time></trkpt>
<trkpt lat="30.6228845309869" lon="104.0676954353855"><ele>496</ele><time>2025-07-20T13:11:26.000Z</time></trkpt>
<trkpt lat="30.6228845309869" lon="104.0676954353855"><ele>496</ele><time>2025-07-20T13:11:27.000Z</time></trkpt>
<trkpt lat="30.6228845309869" lon="104.0676954353855"><ele>496</ele><time>2025-07-20T13:11:28.000Z</time></trkpt>
<trkpt lat="30.6228845309869" lon="104.0676954353855"><ele>495</ele><time>2025-07-20T13:11:29.000Z</time></trkpt>
<trkpt lat="30.6228845309869" lon="104.0676954353855"><ele>494</ele><time>2025-07-20T13:11:30.000Z</time></trkpt>
<trkpt lat="30.6228845309869" lon="104.0676954353855"><ele>494</ele><time>2025-07-20T13:11:31.000Z</time></trkpt>
<trkpt lat="30.6228845309869" lon="104.0676954353855"><ele>493</ele><time>2025-07-20T13:11:32.000Z</time></trkpt>
<trkpt lat="30.6228845309869" lon="104.0676954353855"><ele>493</ele><time>2025-07-20T13:11:33.000Z</time></trkpt>
<trkpt lat="30.6228845309869" lon="104.0676954353855"><ele>493</ele><time>2025-07-20T13:11:34.000Z</time></trkpt>
<trkpt lat="30.6228845309869" lon="104.0676954353855"><ele>493</ele><time>2025-07-20T13:11:35.000Z</time></trkpt>
<trkpt lat="30.6228845309869" lon="104.0676954353855"><ele>493</ele><time>2025-07-20T13:11:36.000Z</time></trkpt>
<trkpt lat="30.6228845309869" lon="104.0676954353855"><ele>493</ele><time>2025-07-20T13:11:37.000Z</time></trkpt>
<trkpt lat="30.6228845309869" lon="104.0676954353855"><ele>492</ele><time>2025-07-20T13:11:38.000Z</time></trkpt>
<trkpt lat="30.6228845309869" lon="104.0676954353855"><ele>491</ele><time>2025-07-20T13:11:39.000Z</time></trkpt>
<trkpt lat="30.6228845309869" lon="104.0676954353855"><ele>491</ele><time>2025-07-20T13:11:40.000Z</time></trkpt>
<trkpt lat="30.6228845309869" lon="104.0676954353855"><ele>491</ele><time>2025-07-20T13:11:41.000Z</time></trkpt>
<trkpt lat="30.6228845309869" lon="104.0676954353855"><ele>491</ele><time>2025-07-20T13:11:42.000Z</time></trkpt>
<trkpt lat="30.6228845309869" lon="104.0676954353855"><ele>491</ele><time>2025-07-20T13:11:43.000Z</time></trkpt>
<trkpt lat="30.6228845309869" lon="104.0676954353855"><ele>490</ele><time>2025-07-20T13:11:44.000Z</time></trkpt>
<trkpt lat="30.6228845309869" lon="104.0676954353855"><ele>490</ele><time>2025-07-20T13:11:45.000Z</time></trkpt>
<trkpt lat="30.6228845309869" lon="104.0676954353855"><ele>490</ele><time>2025-07-20T13:11:46.000Z</time></trkpt>
<trkpt lat="30.6228845309869" lon="104.0676954353855"><ele>489</ele><time>2025-07-20T13:11:47.000Z</time></trkpt>
<trkpt lat="30.6228845309869" lon="104.0676954353855"><ele>488</ele><time>2025-07-20T13:11:48.000Z</time></trkpt>
<trkpt lat="30.6228845309869" lon="104.0676954353855"><ele>488</ele><time>2025-07-20T13:11:49.000Z</time></trkpt>
<trkpt lat="30.6228845309869" lon="104.0676954353855"><ele>488</ele><time>2025-07-20T13:11:50.000Z</time></trkpt>
<trkpt lat="30.6228845309869" lon="104.0676954353855"><ele>488</ele><time>2025-07-20T13:11:51.000Z</time></trkpt>
<trkpt lat="30.6228845309869" lon="104.0676954353855"><ele>487</ele><time>2025-07-20T13:11:52.000Z</time></trkpt>
<trkpt lat="30.6228845309869" lon="104.0676954353855"><ele>486</ele><time>2025-07-20T13:11:53.000Z</time></trkpt>
<trkpt lat="30.6228845309869" lon="104.0676954353855"><ele>486</ele><time>2025-07-20T13:11:54.000Z</time></trkpt>
<trkpt lat="30.6228845309869" lon="104.0676954353855"><ele>486</ele><time>2025-07-20T13:11:55.000Z</time></trkpt>
<trkpt lat="30.6228845309869" lon="104.0676954353855"><ele>486</ele><time>2025-07-20T13:11:56.000Z</time></trkpt>
<trkpt lat="30.6228845309869" lon="104.0676954353855"><ele>487</ele><time>2025-07-20T13:11:57.000Z</time></trkpt>
<trkpt lat="30.6228845309869" lon="104.0676954353855"><ele>487</ele><time>2025-07-20T13:11:58.000Z</time></trkpt>
<trkpt lat="30.6228845309869" lon="104.0676954353855"><ele>486</ele><time>2025-07-20T13:11:59.000Z</time></trkpt>
<trkpt lat="30.6228845309869" lon="104.0676954353855"><ele>487</ele><time>2025-07-20T13:12:00.000Z</time></trkpt>
<trkpt lat="30.6228845309869" lon="104.0676954353855"><ele>486</ele><time>2025-07-20T13:12:01.000Z</time></trkpt>
<trkpt lat="30.6228845309869" lon="104.0676954353855"><ele>486</ele><time>2025-07-20T13:12:02.000Z</time></trkpt>
<trkpt lat="30.6228845309869" lon="104.0676954353855"><ele>486</ele><time>2025-07-20T13:12:03.000Z</time></trkpt>
<trkpt lat="30.6228845309869" lon="104.0676954353855"><ele>486</ele><time>2025-07-20T13:12:04.000Z</time></trkpt>
<trkpt lat="30.6228845309869" lon="104.0676954353855"><ele>487</ele><time>2025-07-20T13:12:05.000Z</time></trkpt>
<trkpt lat="30.6228845309869" lon="104.0676954353855"><ele>486</ele><time>2025-07-20T13:12:06.000Z</time></trkpt>
<trkpt lat="30.6228845309869" lon="104.0676954353855"><ele>487</ele><time>2025-07-20T13:12:07.000Z</time></trkpt>
<trkpt lat="30.6228845309869" lon="104.0676954353855"><ele>487</ele><time>2025-07-20T13:12:08.000Z</time></trkpt>
<trkpt lat="30.6228845309869" lon="104.0676954353855"><ele>487</ele><time>2025-07-20T13:12:09.000Z</time></trkpt>
<trkpt lat="30.6228845309869" lon="104.0676954353855"><ele>488</ele><time>2025-07-20T13:12:10.000Z</time></trkpt>
<trkpt lat="30.6228845309869" lon="104.0676954353855"><ele>488</ele><time>2025-07-20T13:12:11.000Z</time></trkpt>
<trkpt lat="30.6228845309869" lon="104.0676954353855"><ele>488</ele><time>2025-07-20T13:12:12.000Z</time></trkpt>
<trkpt lat="30.6228845309869" lon="104.0676954353855"><ele>487</ele><time>2025-07-20T13:12:13.000Z</time></trkpt>
<trkpt lat="30.6228845309869" lon="104.0676954353855"><ele>487</ele><time>2025-07-20T13:12:14.000Z</time></trkpt>
<trkpt lat="30.6228845309869" lon="104.0676954353855"><ele>487</ele><time>2025-07-20T13:12:15.000Z</time></trkpt>
<trkpt lat="30.6228845309869" lon="104.0676954353855"><ele>488</ele><time>2025-07-20T13:12:16.000Z</time></trkpt>
<trkpt lat="30.6228845309869" lon="104.0676954353855"><ele>487</ele><time>2025-07-20T13:12:17.000Z</time></trkpt>
<trkpt lat="30.6228845309869" lon="104.0676954353855"><ele>487</ele><time>2025-07-20T13:12:18.000Z</time></trkpt>
<trkpt lat="30.6228845309869" lon="104.0676954353855"><ele>486</ele><time>2025-07-20T13:12:19.000Z</time></trkpt>
<trkpt lat="30.6228845309869" lon="104.0676954353855"><ele>486</ele><time>2025-07-20T13:12:20.000Z</time></trkpt>
<trkpt lat="30.6228845309869" lon="104.0676954353855"><ele>485</ele><time>2025-07-20T13:12:21.000Z</time></trkpt>
<trkpt lat="30.6228845309869" lon="104.0676954353855"><ele>485</ele><time>2025-07-20T13:12:22.000Z</time></trkpt>
<trkpt lat="30.6228845309869" lon="104.0676954353855"><ele>485</ele><time>2025-07-20T13:12:23.000Z</time></trkpt>
<trkpt lat="30.6228845309869" lon="104.0676954353855"><ele>485</ele><time>2025-07-20T13:12:24.000Z</time></trkpt>
<trkpt lat="30.6228845309869" lon="104.0676954353855"><ele>484</ele><time>2025-07-20T13:12:25.000Z</time></trkpt>
<trkpt lat="30.6228845309869" lon="104.0676954353855"><ele>484</ele><time>2025-07-20T13:12:26.000Z</time></trkpt>
<trkpt lat="30.6228845309869" lon="104.0676954353855"><ele>484</ele><time>2025-07-20T13:12:27.000Z</time></trkpt>
<trkpt lat="30.6228845309869" lon="104.0676954353855"><ele>484</ele><time>2025-07-20T13:12:28.000Z</time></trkpt>
<trkpt lat="30.6228845309869" lon="104.0676954353855"><ele>485</ele><time>2025-07-20T13:12:29.000Z</time></trkpt>
<trkpt lat="30.6228845309869" lon="104.0676954353855"><ele>485</ele><time>2025-07-20T13:12:30.000Z</time></trkpt>
<trkpt lat="30.6228845309869" lon="104.0676954353855"><ele>485</ele><time>2025-07-20T13:12:31.000Z</time></trkpt>
<trkpt lat="30.6228845309869" lon="104.0676954353855"><ele>484</ele><time>2025-07-20T13:12:32.000Z</time></trkpt>
<trkpt lat="30.6228845309869" lon="104.0676954353855"><ele>484</ele><time>2025-07-20T13:12:33.000Z</time></trkpt>
<trkpt lat="30.6228845309869" lon="104.0676954353855"><ele>485</ele><time>2025-07-20T13:12:34.000Z</time></trkpt>
<trkpt lat="30.6228845309869" lon="104.0676954353855"><ele>484</ele><time>2025-07-20T13:12:35.000Z</time></trkpt>
<trkpt lat="30.6228845309869" lon="104.0676954353855"><ele>483</ele><time>2025-07-20T13:12:36.000Z</time></trkpt>
<trkpt lat="30.6228845309869" lon="104.0676954353855"><ele>483</ele><time>2025-07-20T13:12:37.000Z</time></trkpt>
<trkpt lat="30.6228845309869" lon="104.0676954353855"><ele>483</ele><time>2025-07-20T13:12:38.000Z</time></trkpt>
<trkpt lat="30.6228845309869" lon="104.0676954353855"><ele>483</ele><time>2025-07-20T13:12:39.000Z</time></trkpt>
<trkpt lat="30.6228845309869" lon="104.0676954353855"><ele>484</ele><time>2025-07-20T13:12:40.000Z</time></trkpt>
<trkpt lat="30.6228845309869" lon="104.0676954353855"><ele>484</ele><time>2025-07-20T13:12:41.000Z</time></trkpt>
<trkpt lat="30.6228845309869" lon="104.0676954353855"><ele>484</ele><time>2025-07-20T13:12:42.000Z</time></trkpt>
<trkpt lat="30.6228845309869" lon="104.0676954353855"><ele>484</ele><time>2025-07-20T13:12:43.000Z</time></trkpt>
<trkpt lat="30.6228845309869" lon="104.0676954353855"><ele>484</ele><time>2025-07-20T13:12:44.000Z</time></trkpt>
<trkpt lat="30.6228845309869" lon="104.0676954353855"><ele>484</ele><time>2025-07-20T13:12:45.000Z</time></trkpt>
<trkpt lat="30.6228845309869" lon="104.0676954353855"><ele>484</ele><time>2025-07-20T13:12:46.000Z</time></trkpt>
<trkpt lat="30.6228845309869" lon="104.0676954353855"><ele>484</ele><time>2025-07-20T13:12:47.000Z</time></trkpt>
<trkpt lat="30.6228845309869" lon="104.0676954353855"><ele>484</ele><time>2025-07-20T13:12:48.000Z</time></trkpt>
<trkpt lat="30.6228845309869" lon="104.0676954353855"><ele>484</ele><time>2025-07-20T13:12:49.000Z</time></trkpt>
<trkpt lat="30.6228845309869" lon="104.0676954353855"><ele>485</ele><time>2025-07-20T13:12:50.000Z</time></trkpt>
<trkpt lat="30.6228845309869" lon="104.0676954353855"><ele>486</ele><time>2025-07-20T13:12:51.000Z</time></trkpt>
<trkpt lat="30.6228845309869" lon="104.0676954353855"><ele>487</ele><time>2025-07-20T13:12:52.000Z</time></trkpt>
<trkpt lat="30.6228845309869" lon="104.0676954353855"><ele>487</ele><time>2025-07-20T13:12:53.000Z</time></trkpt>
<trkpt lat="30.6228845309869" lon="104.0676954353855"><ele>486</ele><time>2025-07-20T13:12:54.000Z</time></trkpt>
<trkpt lat="30.6228845309869" lon="104.0676954353855"><ele>485</ele><time>2025-07-20T13:12:55.000Z</time></trkpt>
<trkpt lat="30.6228845309869" lon="104.0676954353855"><ele>485</ele><time>2025-07-20T13:12:56.000Z</time></trkpt>
<trkpt lat="30.6228845309869" lon="104.0676954353855"><ele>485</ele><time>2025-07-20T13:12:57.000Z</time></trkpt>
<trkpt lat="30.6228845309869" lon="104.0676954353855"><ele>484</ele><time>2025-07-20T13:12:58.000Z</time></trkpt>
<trkpt lat="30.6228845309869" lon="104.0676954353855"><ele>485</ele><time>2025-07-20T13:12:59.000Z</time></trkpt>
<trkpt lat="30.6228845309869" lon="104.0676954353855"><ele>485</ele><time>2025-07-20T13:13:00.000Z</time></trkpt>
<trkpt lat="30.6228845309869" lon="104.0676954353855"><ele>485</ele><time>2025-07-20T13:13:01.000Z</time></trkpt>
<trkpt lat="30.6228845309869" lon="104.0676954353855"><ele>486</ele><time>2025-07-20T13:13:02.000Z</time></trkpt>
<trkpt lat="30.6228845309869" lon="104.0676954353855"><ele>485</ele><time>2025-07-20T13:13:03.000Z</time></trkpt>
<trkpt lat="30.6228845309869" lon="104.0676954353855"><ele>485</ele><time>2025-07-20T13:13:04.000Z</time></trkpt>
<trkpt lat="30.6228845309869" lon="104.0676954353855"><ele>485</ele><time>2025-07-20T13:13:05.000Z</time></trkpt>
<trkpt lat="30.6228845309869" lon="104.0676954353855"><ele>484</ele><time>2025-07-20T13:13:06.000Z</time></trkpt>
<trkpt lat="30.6228845309869" lon="104.0676954353855"><ele>486</ele><time>2025-07-20T13:13:07.000Z</time></trkpt>
<trkpt lat="30.6228845309869" lon="104.0676954353855"><ele>486</ele><time>2025-07-20T13:13:08.000Z</time></trkpt>
<trkpt lat="30.6228845309869" lon="104.0676954353855"><ele>486</ele><time>2025-07-20T13:13:09.000Z</time></trkpt>
<trkpt lat="30.6228845309869" lon="104.0676954353855"><ele>487</ele><time>2025-07-20T13:13:10.000Z</time></trkpt>
<trkpt lat="30.6228845309869" lon="104.0676954353855"><ele>487</ele><time>2025-07-20T13:13:11.000Z</time></trkpt>
<trkpt lat="30.6228845309869" lon="104.0676954353855"><ele>488</ele><time>2025-07-20T13:13:12.000Z</time></trkpt>
<trkpt lat="30.6228845309869" lon="104.0676954353855"><ele>487</ele><time>2025-07-20T13:13:13.000Z</time></trkpt>
<trkpt lat="30.6228845309869" lon="104.0676954353855"><ele>488</ele><time>2025-07-20T13:13:14.000Z</time></trkpt>
<trkpt lat="30.6228845309869" lon="104.0676954353855"><ele>488</ele><time>2025-07-20T13:13:15.000Z</time></trkpt>
<trkpt lat="30.6228845309869" lon="104.0676954353855"><ele>488</ele><time>2025-07-20T13:13:16.000Z</time></trkpt>
<trkpt lat="30.6228845309869" lon="104.0676954353855"><ele>487</ele><time>2025-07-20T13:13:17.000Z</time></trkpt>
<trkpt lat="30.6228845309869" lon="104.0676954353855"><ele>487</ele><time>2025-07-20T13:13:18.000Z</time></trkpt>
<trkpt lat="30.6228845309869" lon="104.0676954353855"><ele>486</ele><time>2025-07-20T13:13:19.000Z</time></trkpt>
<trkpt lat="30.6228845309869" lon="104.0676954353855"><ele>486</ele><time>2025-07-20T13:13:20.000Z</time></trkpt>
<trkpt lat="30.6228845309869" lon="104.0676954353855"><ele>486</ele><time>2025-07-20T13:13:21.000Z</time></trkpt>
<trkpt lat="30.6228845309869" lon="104.0676954353855"><ele>486</ele><time>2025-07-20T13:13:22.000Z</time></trkpt>
<trkpt lat="30.6228845309869" lon="104.0676954353855"><ele>487</ele><time>2025-07-20T13:13:23.000Z</time></trkpt>
<trkpt lat="30.6228845309869" lon="104.0676954353855"><ele>487</ele><time>2025-07-20T13:13:24.000Z</time></trkpt>
<trkpt lat="30.6228845309869" lon="104.0676954353855"><ele>487</ele><time>2025-07-20T13:13:25.000Z</time></trkpt>
<trkpt lat="30.6228845309869" lon="104.0676954353855"><ele>487</ele><time>2025-07-20T13:13:26.000Z</time></trkpt>
<trkpt lat="30.6228845309869" lon="104.0676954353855"><ele>487</ele><time>2025-07-20T13:13:27.000Z</time></trkpt>
<trkpt lat="30.6228845309869" lon="104.0676954353855"><ele>487</ele><time>2025-07-20T13:13:28.000Z</time></trkpt>
<trkpt lat="30.6228845309869" lon="104.0676954353855"><ele>487</ele><time>2025-07-20T13:13:29.000Z</time></trkpt>
<trkpt lat="30.6228845309869" lon="104.0676954353855"><ele>488</ele><time>2025-07-20T13:13:30.000Z</time></trkpt>
<trkpt lat="30.6228845309869" lon="104.0676954353855"><ele>489</ele><time>2025-07-20T13:13:31.000Z</time></trkpt>
<trkpt lat="30.6228845309869" lon="104.0676954353855"><ele>489</ele><time>2025-07-20T13:13:32.000Z</time></trkpt>
<trkpt lat="30.6228845309869" lon="104.0676954353855"><ele>489</ele><time>2025-07-20T13:13:33.000Z</time></trkpt>
<trkpt lat="30.6228845309869" lon="104.0676954353855"><ele>490</ele><time>2025-07-20T13:13:34.000Z</time></trkpt>
<trkpt lat="30.6228845309869" lon="104.0676954353855"><ele>491</ele><time>2025-07-20T13:13:35.000Z</time></trkpt>
<trkpt lat="30.6228845309869" lon="104.0676954353855"><ele>491</ele><time>2025-07-20T13:13:36.000Z</time></trkpt>
<trkpt lat="30.6228845309869" lon="104.0676954353855"><ele>491</ele><time>2025-07-20T13:13:37.000Z</time></trkpt>
<trkpt lat="30.6228845309869" lon="104.0676954353855"><ele>491</ele><time>2025-07-20T13:13:38.000Z</time></trkpt>
<trkpt lat="30.6228845309869" lon="104.0676954353855"><ele>491</ele><time>2025-07-20T13:13:39.000Z</time></trkpt>
<trkpt lat="30.6228845309869" lon="104.0676954353855"><ele>490</ele><time>2025-07-20T13:13:40.000Z</time></trkpt>
<trkpt lat="30.6228845309869" lon="104.0676954353855"><ele>489</ele><time>2025-07-20T13:13:41.000Z</time></trkpt>
<trkpt lat="30.6228845309869" lon="104.0676954353855"><ele>489</ele><time>2025-07-20T13:13:42.000Z</time></trkpt>
<trkpt lat="30.6228845309869" lon="104.0676954353855"><ele>488</ele><time>2025-07-20T13:13:43.000Z</time></trkpt>
<trkpt lat="30.6228845309869" lon="104.0676954353855"><ele>488</ele><time>2025-07-20T13:13:44.000Z</time></trkpt>
<trkpt lat="30.6228845309869" lon="104.0676954353855"><ele>487</ele><time>2025-07-20T13:13:45.000Z</time></trkpt>
<trkpt lat="30.6228845309869" lon="104.0676954353855"><ele>487</ele><time>2025-07-20T13:13:46.000Z</time></trkpt>
<trkpt lat="30.6228845309869" lon="104.0676954353855"><ele>488</ele><time>2025-07-20T13:13:47.000Z</time></trkpt>
<trkpt lat="30.6228845309869" lon="104.0676954353855"><ele>488</ele><time>2025-07-20T13:13:48.000Z</time></trkpt>
<trkpt lat="30.6228845309869" lon="104.0676954353855"><ele>489</ele><time>2025-07-20T13:13:49.000Z</time></trkpt>
<trkpt lat="30.6228845309869" lon="104.0676954353855"><ele>489</ele><time>2025-07-20T13:13:50.000Z</time></trkpt>
<trkpt lat="30.6228845309869" lon="104.0676954353855"><ele>489</ele><time>2025-07-20T13:13:51.000Z</time></trkpt>
<trkpt lat="30.6228845309869" lon="104.0676954353855"><ele>488</ele><time>2025-07-20T13:13:52.000Z</time></trkpt>
<trkpt lat="30.6228845309869" lon="104.0676954353855"><ele>487</ele><time>2025-07-20T13:13:53.000Z</time></trkpt>
<trkpt lat="30.6228845309869" lon="104.0676954353855"><ele>486</ele><time>2025-07-20T13:13:54.000Z</time></trkpt>
<trkpt lat="30.6228845309869" lon="104.0676954353855"><ele>486</ele><time>2025-07-20T13:13:55.000Z</time></trkpt>
<trkpt lat="30.6228845309869" lon="104.0676954353855"><ele>486</ele><time>2025-07-20T13:13:56.000Z</time></trkpt>
<trkpt lat="30.6228845309869" lon="104.0676954353855"><ele>485</ele><time>2025-07-20T13:13:57.000Z</time></trkpt>
<trkpt lat="30.6228845309869" lon="104.0676954353855"><ele>484</ele><time>2025-07-20T13:13:58.000Z</time></trkpt>
<trkpt lat="30.6228845309869" lon="104.0676954353855"><ele>484</ele><time>2025-07-20T13:13:59.000Z</time></trkpt>
<trkpt lat="30.6228845309869" lon="104.0676954353855"><ele>484</ele><time>2025-07-20T13:14:00.000Z</time></trkpt>
<trkpt lat="30.6228845309869" lon="104.0676954353855"><ele>483</ele><time>2025-07-20T13:14:01.000Z</time></trkpt>
<trkpt lat="30.6228845309869" lon="104.0676954353855"><ele>483</ele><time>2025-07-20T13:14:02.000Z</time></trkpt>
<trkpt lat="30.6228845309869" lon="104.0676954353855"><ele>484</ele><time>2025-07-20T13:14:03.000Z</time></trkpt>
<trkpt lat="30.6228845309869" lon="104.0676954353855"><ele>484</ele><time>2025-07-20T13:14:04.000Z</time></trkpt>
<trkpt lat="30.6228845309869" lon="104.0676954353855"><ele>484</ele><time>2025-07-20T13:14:05.000Z</time></trkpt>
<trkpt lat="30.6228845309869" lon="104.0676954353855"><ele>483</ele><time>2025-07-20T13:14:06.000Z</time></trkpt>
<trkpt lat="30.6228845309869" lon="104.0676954353855"><ele>483</ele><time>2025-07-20T13:14:07.000Z</time></trkpt>
<trkpt lat="30.6228845309869" lon="104.0676954353855"><ele>485</ele><time>2025-07-20T13:14:08.000Z</time></trkpt>
<trkpt lat="30.6228845309869" lon="104.0676954353855"><ele>486</ele><time>2025-07-20T13:14:09.000Z</time></trkpt>
<trkpt lat="30.6228845309869" lon="104.0676954353855"><ele>487</ele><time>2025-07-20T13:14:10.000Z</time></trkpt>
<trkpt lat="30.6228845309869" lon="104.0676954353855"><ele>488</ele><time>2025-07-20T13:14:11.000Z</time></trkpt>
<trkpt lat="30.6228845309869" lon="104.0676954353855"><ele>489</ele><time>2025-07-20T13:14:12.000Z</time></trkpt>
<trkpt lat="30.6228845309869" lon="104.0676954353855"><ele>490</ele><time>2025-07-20T13:14:13.000Z</time></trkpt>
<trkpt lat="30.6228845309869" lon="104.0676954353855"><ele>491</ele><time>2025-07-20T13:14:14.000Z</time></trkpt>
<trkpt lat="30.6228845309869" lon="104.0676954353855"><ele>491</ele><time>2025-07-20T13:14:15.000Z</time></trkpt>
<trkpt lat="30.6228845309869" lon="104.0676954353855"><ele>492</ele><time>2025-07-20T13:14:16.000Z</time></trkpt>
<trkpt lat="30.6228845309869" lon="104.0676954353855"><ele>492</ele><time>2025-07-20T13:14:17.000Z</time></trkpt>
<trkpt lat="30.6228845309869" lon="104.0676954353855"><ele>492</ele><time>2025-07-20T13:14:18.000Z</time></trkpt>
<trkpt lat="30.6228845309869" lon="104.0676954353855"><ele>491</ele><time>2025-07-20T13:14:19.000Z</time></trkpt>
<trkpt lat="30.6228845309869" lon="104.0676954353855"><ele>491</ele><time>2025-07-20T13:14:20.000Z</time></trkpt>
<trkpt lat="30.6228845309869" lon="104.0676954353855"><ele>491</ele><time>2025-07-20T13:14:21.000Z</time></trkpt>
<trkpt lat="30.6228845309869" lon="104.0676954353855"><ele>491</ele><time>2025-07-20T13:14:22.000Z</time></trkpt>
<trkpt lat="30.6228845309869" lon="104.0676954353855"><ele>490</ele><time>2025-07-20T13:14:23.000Z</time></trkpt>
<trkpt lat="30.6228845309869" lon="104.0676954353855"><ele>490</ele><time>2025-07-20T13:14:24.000Z</time></trkpt>
<trkpt lat="30.6228845309869" lon="104.0676954353855"><ele>490</ele><time>2025-07-20T13:14:25.000Z</time></trkpt>
<trkpt lat="30.6228845309869" lon="104.0676954353855"><ele>490</ele><time>2025-07-20T13:14:26.000Z</time></trkpt>
<trkpt lat="30.6228845309869" lon="104.0676954353855"><ele>490</ele><time>2025-07-20T13:14:27.000Z</time></trkpt>
<trkpt lat="30.6228845309869" lon="104.0676954353855"><ele>490</ele><time>2025-07-20T13:14:28.000Z</time></trkpt>
<trkpt lat="30.6228845309869" lon="104.0676954353855"><ele>490</ele><time>2025-07-20T13:14:29.000Z</time></trkpt>
<trkpt lat="30.6228845309869" lon="104.0676954353855"><ele>490</ele><time>2025-07-20T13:14:30.000Z</time></trkpt>
<trkpt lat="30.6228845309869" lon="104.0676954353855"><ele>490</ele><time>2025-07-20T13:14:31.000Z</time></trkpt>
<trkpt lat="30.6228845309869" lon="104.0676954353855"><ele>490</ele><time>2025-07-20T13:14:32.000Z</time></trkpt>
<trkpt lat="30.6228845309869" lon="104.0676954353855"><ele>490</ele><time>2025-07-20T13:14:33.000Z</time></trkpt>
<trkpt lat="30.6228845309869" lon="104.0676954353855"><ele>489</ele><time>2025-07-20T13:14:34.000Z</time></trkpt>
<trkpt lat="30.6228845309869" lon="104.0676954353855"><ele>489</ele><time>2025-07-20T13:14:35.000Z</time></trkpt>
<trkpt lat="30.6228845309869" lon="104.0676954353855"><ele>488</ele><time>2025-07-20T13:14:36.000Z</time></trkpt>
<trkpt lat="30.6228845309869" lon="104.0676954353855"><ele>488</ele><time>2025-07-20T13:14:37.000Z</time></trkpt>
<trkpt lat="30.6228845309869" lon="104.0676954353855"><ele>488</ele><time>2025-07-20T13:14:38.000Z</time></trkpt>
<trkpt lat="30.6228845309869" lon="104.0676954353855"><ele>488</ele><time>2025-07-20T13:14:39.000Z</time></trkpt>
<trkpt lat="30.6228845309869" lon="104.0676954353855"><ele>487</ele><time>2025-07-20T13:14:40.000Z</time></trkpt>
<trkpt lat="30.6228845309869" lon="104.0676954353855"><ele>487</ele><time>2025-07-20T13:14:41.000Z</time></trkpt>
<trkpt lat="30.6228845309869" lon="104.0676954353855"><ele>487</ele><time>2025-07-20T13:14:42.000Z</time></trkpt>
<trkpt lat="30.6228845309869" lon="104.0676954353855"><ele>486</ele><time>2025-07-20T13:14:43.000Z</time></trkpt>
<trkpt lat="30.6228845309869" lon="104.0676954353855"><ele>486</ele><time>2025-07-20T13:14:44.000Z</time></trkpt>
<trkpt lat="30.6228845309869" lon="104.0676954353855"><ele>486</ele><time>2025-07-20T13:14:45.000Z</time></trkpt>
<trkpt lat="30.6228845309869" lon="104.0676954353855"><ele>485</ele><time>2025-07-20T13:14:46.000Z</time></trkpt>
<trkpt lat="30.6228845309869" lon="104.0676954353855"><ele>485</ele><time>2025-07-20T13:14:47.000Z</time></trkpt>
<trkpt lat="30.6228845309869" lon="104.0676954353855"><ele>485</ele><time>2025-07-20T13:14:48.000Z</time></trkpt>
<trkpt lat="30.6228845309869" lon="104.0676954353855"><ele>485</ele><time>2025-07-20T13:14:49.000Z</time></trkpt>
<trkpt lat="30.6228845309869" lon="104.0676954353855"><ele>484</ele><time>2025-07-20T13:14:50.000Z</time></trkpt>
<trkpt lat="30.6228845309869" lon="104.0676954353855"><ele>484</ele><time>2025-07-20T13:14:51.000Z</time></trkpt>
<trkpt lat="30.6228845309869" lon="104.0676954353855"><ele>484</ele><time>2025-07-20T13:14:52.000Z</time></trkpt>
<trkpt lat="30.6228845309869" lon="104.0676954353855"><ele>484</ele><time>2025-07-20T13:14:53.000Z</time></trkpt>
<trkpt lat="30.6228845309869" lon="104.0676954353855"><ele>484</ele><time>2025-07-20T13:14:54.000Z</time></trkpt>
<trkpt lat="30.6228845309869" lon="104.0676954353855"><ele>484</ele><time>2025-07-20T13:14:55.000Z</time></trkpt>
<trkpt lat="30.6228845309869" lon="104.0676954353855"><ele>484</ele><time>2025-07-20T13:14:56.000Z</time></trkpt>
<trkpt lat="30.6228845309869" lon="104.0676954353855"><ele>484</ele><time>2025-07-20T13:14:57.000Z</time></trkpt>
<trkpt lat="30.6228845309869" lon="104.0676954353855"><ele>483</ele><time>2025-07-20T13:14:58.000Z</time></trkpt>
<trkpt lat="30.6228845309869" lon="104.0676954353855"><ele>484</ele><time>2025-07-20T13:14:59.000Z</time></trkpt>
<trkpt lat="30.6228845309869" lon="104.0676954353855"><ele>484</ele><time>2025-07-20T13:15:00.000Z</time></trkpt>
<trkpt lat="30.6228845309869" lon="104.0676954353855"><ele>484</ele><time>2025-07-20T13:15:01.000Z</time></trkpt>
<trkpt lat="30.6228845309869" lon="104.0676954353855"><ele>483</ele><time>2025-07-20T13:15:02.000Z</time></trkpt>
<trkpt lat="30.6228845309869" lon="104.0676954353855"><ele>483</ele><time>2025-07-20T13:15:03.000Z</time></trkpt>
<trkpt lat="30.6228845309869" lon="104.0676954353855"><ele>483</ele><time>2025-07-20T13:15:04.000Z</time></trkpt>
<trkpt lat="30.6228845309869" lon="104.0676954353855"><ele>483</ele><time>2025-07-20T13:15:05.000Z</time></trkpt>
<trkpt lat="30.6228845309869" lon="104.0676954353855"><ele>483</ele><time>2025-07-20T13:15:06.000Z</time></trkpt>
<trkpt lat="30.6228845309869" lon="104.0676954353855"><ele>483</ele><time>2025-07-20T13:15:07.000Z</time></trkpt>
<trkpt lat="30.6228845309869" lon="104.0676954353855"><ele>484</ele><time>2025-07-20T13:15:08.000Z</time></trkpt>
<trkpt lat="30.6228845309869" lon="104.0676954353855"><ele>484</ele><time>2025-07-20T13:15:09.000Z</time></trkpt>
<trkpt lat="30.6228845309869" lon="104.0676954353855"><ele>484</ele><time>2025-07-20T13:15:10.000Z</time></trkpt>
<trkpt lat="30.6228845309869" lon="104.0676954353855"><ele>484</ele><time>2025-07-20T13:15:11.000Z</time></trkpt>
<trkpt lat="30.6228845309869" lon="104.0676954353855"><ele>484</ele><time>2025-07-20T13:15:12.000Z</time></trkpt>
<trkpt lat="30.6228845309869" lon="104.0676954353855"><ele>484</ele><time>2025-07-20T13:15:13.000Z</time></trkpt>
<trkpt lat="30.6228845309869" lon="104.0676954353855"><ele>484</ele><time>2025-07-20T13:15:14.000Z</time></trkpt>
<trkpt lat="30.6228845309869" lon="104.0676954353855"><ele>484</ele><time>2025-07-20T13:15:15.000Z</time></trkpt>
<trkpt lat="30.6228845309869" lon="104.0676954353855"><ele>484</ele><time>2025-07-20T13:15:16.000Z</time></trkpt>
<trkpt lat="30.6228845309869" lon="104.0676954353855"><ele>484</ele><time>2025-07-20T13:15:17.000Z</time></trkpt>
<trkpt lat="30.6228845309869" lon="104.0676954353855"><ele>484</ele><time>2025-07-20T13:15:18.000Z</time></trkpt>
<trkpt lat="30.6228845309869" lon="104.0676954353855"><ele>484</ele><time>2025-07-20T13:15:19.000Z</time></trkpt>
<trkpt lat="30.6228845309869" lon="104.0676954353855"><ele>484</ele><time>2025-07-20T13:15:20.000Z</time></trkpt>
<trkpt lat="30.6228845309869" lon="104.0676954353855"><ele>484</ele><time>2025-07-20T13:15:21.000Z</time></trkpt>
<trkpt lat="30.6228845309869" lon="104.0676954353855"><ele>484</ele><time>2025-07-20T13:15:22.000Z</time></trkpt>
<trkpt lat="30.6228845309869" lon="104.0676954353855"><ele>484</ele><time>2025-07-20T13:15:23.000Z</time></trkpt>
<trkpt lat="30.6228845309869" lon="104.0676954353855"><ele>484</ele><time>2025-07-20T13:15:24.000Z</time></trkpt>
<trkpt lat="30.6228845309869" lon="104.0676954353855"><ele>484</ele><time>2025-07-20T13:15:25.000Z</time></trkpt>
<trkpt lat="30.6228845309869" lon="104.0676954353855"><ele>484</ele><time>2025-07-20T13:15:26.000Z</time></trkpt>
<trkpt lat="30.6228845309869" lon="104.0676954353855"><ele>484</ele><time>2025-07-20T13:15:27.000Z</time></trkpt>
<trkpt lat="30.6228845309869" lon="104.0676954353855"><ele>483</ele><time>2025-07-20T13:15:28.000Z</time></trkpt>
<trkpt lat="30.6228845309869" lon="104.0676954353855"><ele>483</ele><time>2025-07-20T13:15:29.000Z</time></trkpt>
<trkpt lat="30.6228845309869" lon="104.0676954353855"><ele>483</ele><time>2025-07-20T13:15:30.000Z</time></trkpt>
<trkpt lat="30.6228845309869" lon="104.0676954353855"><ele>481</ele><time>2025-07-20T13:15:31.000Z</time></trkpt>
<trkpt lat="30.6228845309869" lon="104.0676954353855"><ele>480</ele><time>2025-07-20T13:15:32.000Z</time></trkpt>
<trkpt lat="30.6228845309869" lon="104.0676954353855"><ele>480</ele><time>2025-07-20T13:15:33.000Z</time></trkpt>
<trkpt lat="30.6228845309869" lon="104.0676954353855"><ele>480</ele><time>2025-07-20T13:15:34.000Z</time></trkpt>
<trkpt lat="30.6228845309869" lon="104.0676954353855"><ele>479</ele><time>2025-07-20T13:15:35.000Z</time></trkpt>
<trkpt lat="30.6228845309869" lon="104.0676954353855"><ele>480</ele><time>2025-07-20T13:15:36.000Z</time></trkpt>
<trkpt lat="30.6228845309869" lon="104.0676954353855"><ele>480</ele><time>2025-07-20T13:15:37.000Z</time></trkpt>
<trkpt lat="30.6228845309869" lon="104.0676954353855"><ele>481</ele><time>2025-07-20T13:15:38.000Z</time></trkpt>
<trkpt lat="30.6228845309869" lon="104.0676954353855"><ele>481</ele><time>2025-07-20T13:15:39.000Z</time></trkpt>
<trkpt lat="30.6228845309869" lon="104.0676954353855"><ele>481</ele><time>2025-07-20T13:15:40.000Z</time></trkpt>
<trkpt lat="30.6228845309869" lon="104.0676954353855"><ele>481</ele><time>2025-07-20T13:15:41.000Z</time></trkpt>
<trkpt lat="30.6228845309869" lon="104.0676954353855"><ele>480</ele><time>2025-07-20T13:15:42.000Z</time></trkpt>
<trkpt lat="30.6228845309869" lon="104.0676954353855"><ele>481</ele><time>2025-07-20T13:15:43.000Z</time></trkpt>
<trkpt lat="30.6228845309869" lon="104.0676954353855"><ele>481</ele><time>2025-07-20T13:15:44.000Z</time></trkpt>
<trkpt lat="30.6228845309869" lon="104.0676954353855"><ele>481</ele><time>2025-07-20T13:15:45.000Z</time></trkpt>
<trkpt lat="30.6228845309869" lon="104.0676954353855"><ele>481</ele><time>2025-07-20T13:15:46.000Z</time></trkpt>
<trkpt lat="30.6228845309869" lon="104.0676954353855"><ele>481</ele><time>2025-07-20T13:15:47.000Z</time></trkpt>
<trkpt lat="30.6228845309869" lon="104.0676954353855"><ele>481</ele><time>2025-07-20T13:15:48.000Z</time></trkpt>
<trkpt lat="30.6228845309869" lon="104.0676954353855"><ele>481</ele><time>2025-07-20T13:15:49.000Z</time></trkpt>
<trkpt lat="30.6228845309869" lon="104.0676954353855"><ele>481</ele><time>2025-07-20T13:15:50.000Z</time></trkpt>
<trkpt lat="30.6228845309869" lon="104.0676954353855"><ele>481</ele><time>2025-07-20T13:15:51.000Z</time></trkpt>
<trkpt lat="30.6228845309869" lon="104.0676954353855"><ele>481</ele><time>2025-07-20T13:15:52.000Z</time></trkpt>
<trkpt lat="30.6228845309869" lon="104.0676954353855"><ele>481</ele><time>2025-07-20T13:15:53.000Z</time></trkpt>
<trkpt lat="30.6228845309869" lon="104.0676954353855"><ele>481</ele><time>2025-07-20T13:15:54.000Z</time></trkpt>
<trkpt lat="30.6228845309869" lon="104.0676954353855"><ele>480</ele><time>2025-07-20T13:15:55.000Z</time></trkpt>
<trkpt lat="30.6228845309869" lon="104.0676954353855"><ele>480</ele><time>2025-07-20T13:15:56.000Z</time></trkpt>
<trkpt lat="30.6228845309869" lon="104.0676954353855"><ele>479</ele><time>2025-07-20T13:15:57.000Z</time></trkpt>
<trkpt lat="30.6228845309869" lon="104.0676954353855"><ele>480</ele><time>2025-07-20T13:15:58.000Z</time></trkpt>
<trkpt lat="30.6228845309869" lon="104.0676954353855"><ele>480</ele><time>2025-07-20T13:15:59.000Z</time></trkpt>
<trkpt lat="30.6228845309869" lon="104.0676954353855"><ele>480</ele><time>2025-07-20T13:16:00.000Z</time></trkpt>
<trkpt lat="30.6228845309869" lon="104.0676954353855"><ele>479</ele><time>2025-07-20T13:16:01.000Z</time></trkpt>
<trkpt lat="30.6228845309869" lon="104.0676954353855"><ele>478</ele><time>2025-07-20T13:16:02.000Z</time></trkpt>
<trkpt lat="30.6228845309869" lon="104.0676954353855"><ele>478</ele><time>2025-07-20T13:16:03.000Z</time></trkpt>
<trkpt lat="30.6228845309869" lon="104.0676954353855"><ele>477</ele><time>2025-07-20T13:16:04.000Z</time></trkpt>
<trkpt lat="30.6228845309869" lon="104.0676954353855"><ele>477</ele><time>2025-07-20T13:16:05.000Z</time></trkpt>
<trkpt lat="30.6228845309869" lon="104.0676954353855"><ele>477</ele><time>2025-07-20T13:16:06.000Z</time></trkpt>
<trkpt lat="30.6228845309869" lon="104.0676954353855"><ele>477</ele><time>2025-07-20T13:16:07.000Z</time></trkpt>
<trkpt lat="30.6228845309869" lon="104.0676954353855"><ele>477</ele><time>2025-07-20T13:16:08.000Z</time></trkpt>
<trkpt lat="30.6228845309869" lon="104.0676954353855"><ele>478</ele><time>2025-07-20T13:16:09.000Z</time></trkpt>
<trkpt lat="30.6228845309869" lon="104.0676954353855"><ele>478</ele><time>2025-07-20T13:16:10.000Z</time></trkpt>
<trkpt lat="30.6228845309869" lon="104.0676954353855"><ele>478</ele><time>2025-07-20T13:16:11.000Z</time></trkpt>
<trkpt lat="30.6228845309869" lon="104.0676954353855"><ele>478</ele><time>2025-07-20T13:16:12.000Z</time></trkpt>
<trkpt lat="30.6228845309869" lon="104.0676954353855"><ele>477</ele><time>2025-07-20T13:16:13.000Z</time></trkpt>
<trkpt lat="30.6228845309869" lon="104.0676954353855"><ele>477</ele><time>2025-07-20T13:16:14.000Z</time></trkpt>
<trkpt lat="30.6228845309869" lon="104.0676954353855"><ele>477</ele><time>2025-07-20T13:16:15.000Z</time></trkpt>
<trkpt lat="30.6228845309869" lon="104.0676954353855"><ele>477</ele><time>2025-07-20T13:16:16.000Z</time></trkpt>
<trkpt lat="30.6228845309869" lon="104.0676954353855"><ele>477</ele><time>2025-07-20T13:16:17.000Z</time></trkpt>
<trkpt lat="30.6228845309869" lon="104.0676954353855"><ele>478</ele><time>2025-07-20T13:16:18.000Z</time></trkpt>
<trkpt lat="30.6228845309869" lon="104.0676954353855"><ele>477</ele><time>2025-07-20T13:16:19.000Z</time></trkpt>
<trkpt lat="30.6228845309869" lon="104.0676954353855"><ele>477</ele><time>2025-07-20T13:16:20.000Z</time></trkpt>
<trkpt lat="30.6228845309869" lon="104.0676954353855"><ele>477</ele><time>2025-07-20T13:16:21.000Z</time></trkpt>
<trkpt lat="30.6228845309869" lon="104.0676954353855"><ele>481</ele><time>2025-07-20T13:16:22.000Z</time></trkpt>
<trkpt lat="30.6228845309869" lon="104.0676954353855"><ele>481</ele><time>2025-07-20T13:16:23.000Z</time></trkpt>
<trkpt lat="30.6228845309869" lon="104.0676954353855"><ele>482</ele><time>2025-07-20T13:16:24.000Z</time></trkpt>
<trkpt lat="30.6228845309869" lon="104.0676954353855"><ele>482</ele><time>2025-07-20T13:16:25.000Z</time></trkpt>
<trkpt lat="30.6228845309869" lon="104.0676954353855"><ele>481</ele><time>2025-07-20T13:16:26.000Z</time></trkpt>
<trkpt lat="30.6228845309869" lon="104.0676954353855"><ele>481</ele><time>2025-07-20T13:16:27.000Z</time></trkpt>
<trkpt lat="30.6228845309869" lon="104.0676954353855"><ele>481</ele><time>2025-07-20T13:16:28.000Z</time></trkpt>
<trkpt lat="30.6228845309869" lon="104.0676954353855"><ele>481</ele><time>2025-07-20T13:16:29.000Z</time></trkpt>
<trkpt lat="30.6228845309869" lon="104.0676954353855"><ele>481</ele><time>2025-07-20T13:16:30.000Z</time></trkpt>
<trkpt lat="30.6228845309869" lon="104.0676954353855"><ele>482</ele><time>2025-07-20T13:16:31.000Z</time></trkpt>
<trkpt lat="30.6228845309869" lon="104.0676954353855"><ele>482</ele><time>2025-07-20T13:16:32.000Z</time></trkpt>
<trkpt lat="30.6228845309869" lon="104.0676954353855"><ele>482</ele><time>2025-07-20T13:16:33.000Z</time></trkpt>
<trkpt lat="30.6228845309869" lon="104.0676954353855"><ele>482</ele><time>2025-07-20T13:16:34.000Z</time></trkpt>
<trkpt lat="30.6228845309869" lon="104.0676954353855"><ele>482</ele><time>2025-07-20T13:16:35.000Z</time></trkpt>
<trkpt lat="30.6228845309869" lon="104.0676954353855"><ele>482</ele><time>2025-07-20T13:16:36.000Z</time></trkpt>
<trkpt lat="30.6228845309869" lon="104.0676954353855"><ele>482</ele><time>2025-07-20T13:16:37.000Z</time></trkpt>
<trkpt lat="30.6228845309869" lon="104.0676954353855"><ele>481</ele><time>2025-07-20T13:16:38.000Z</time></trkpt>
<trkpt lat="30.6228845309869" lon="104.0676954353855"><ele>481</ele><time>2025-07-20T13:16:39.000Z</time></trkpt>
<trkpt lat="30.6228845309869" lon="104.0676954353855"><ele>481</ele><time>2025-07-20T13:16:40.000Z</time></trkpt>
<trkpt lat="30.6228845309869" lon="104.0676954353855"><ele>481</ele><time>2025-07-20T13:16:41.000Z</time></trkpt>
<trkpt lat="30.6228845309869" lon="104.0676954353855"><ele>481</ele><time>2025-07-20T13:16:42.000Z</time></trkpt>
<trkpt lat="30.6228845309869" lon="104.0676954353855"><ele>482</ele><time>2025-07-20T13:16:43.000Z</time></trkpt>
<trkpt lat="30.6228845309869" lon="104.0676954353855"><ele>481</ele><time>2025-07-20T13:16:44.000Z</time></trkpt>
<trkpt lat="30.6228845309869" lon="104.0676954353855"><ele>480</ele><time>2025-07-20T13:16:45.000Z</time></trkpt>
<trkpt lat="30.6228845309869" lon="104.0676954353855"><ele>480</ele><time>2025-07-20T13:16:46.000Z</time></trkpt>
<trkpt lat="30.6228845309869" lon="104.0676954353855"><ele>480</ele><time>2025-07-20T13:16:47.000Z</time></trkpt>
<trkpt lat="30.6228845309869" lon="104.0676954353855"><ele>479</ele><time>2025-07-20T13:16:48.000Z</time></trkpt>
<trkpt lat="30.6228845309869" lon="104.0676954353855"><ele>479</ele><time>2025-07-20T13:16:49.000Z</time></trkpt>
<trkpt lat="30.6228845309869" lon="104.0676954353855"><ele>479</ele><time>2025-07-20T13:16:50.000Z</time></trkpt>
<trkpt lat="30.6228845309869" lon="104.0676954353855"><ele>480</ele><time>2025-07-20T13:16:51.000Z</time></trkpt>
<trkpt lat="30.6228845309869" lon="104.0676954353855"><ele>480</ele><time>2025-07-20T13:16:52.000Z</time></trkpt>
<trkpt lat="30.6228845309869" lon="104.0676954353855"><ele>479</ele><time>2025-07-20T13:16:53.000Z</time></trkpt>
<trkpt lat="30.6228845309869" lon="104.0676954353855"><ele>479</ele><time>2025-07-20T13:16:54.000Z</time></trkpt>
<trkpt lat="30.6228845309869" lon="104.0676954353855"><ele>479</ele><time>2025-07-20T13:16:55.000Z</time></trkpt>
<trkpt lat="30.6228845309869" lon="104.0676954353855"><ele>478</ele><time>2025-07-20T13:16:56.000Z</time></trkpt>
<trkpt lat="30.6228845309869" lon="104.0676954353855"><ele>478</ele><time>2025-07-20T13:16:57.000Z</time></trkpt>
<trkpt lat="30.6228845309869" lon="104.0676954353855"><ele>478</ele><time>2025-07-20T13:16:58.000Z</time></trkpt>
<trkpt lat="30.6228845309869" lon="104.0676954353855"><ele>477</ele><time>2025-07-20T13:16:59.000Z</time></trkpt>
<trkpt lat="30.6228845309869" lon="104.0676954353855"><ele>476</ele><time>2025-07-20T13:17:00.000Z</time></trkpt>
<trkpt lat="30.6228845309869" lon="104.0676954353855"><ele>476</ele><time>2025-07-20T13:17:01.000Z</time></trkpt>
<trkpt lat="30.6228845309869" lon="104.0676954353855"><ele>477</ele><time>2025-07-20T13:17:02.000Z</time></trkpt>
<trkpt lat="30.6228845309869" lon="104.0676954353855"><ele>477</ele><time>2025-07-20T13:17:03.000Z</time></trkpt>
<trkpt lat="30.6228845309869" lon="104.0676954353855"><ele>478</ele><time>2025-07-20T13:17:04.000Z</time></trkpt>
<trkpt lat="30.6228845309869" lon="104.0676954353855"><ele>478</ele><time>2025-07-20T13:17:05.000Z</time></trkpt>
<trkpt lat="30.6228845309869" lon="104.0676954353855"><ele>478</ele><time>2025-07-20T13:17:06.000Z</time></trkpt>
<trkpt lat="30.6228845309869" lon="104.0676954353855"><ele>478</ele><time>2025-07-20T13:17:07.000Z</time></trkpt>
<trkpt lat="30.6228845309869" lon="104.0676954353855"><ele>478</ele><time>2025-07-20T13:17:08.000Z</time></trkpt>
<trkpt lat="30.6228845309869" lon="104.0676954353855"><ele>478</ele><time>2025-07-20T13:17:09.000Z</time></trkpt>
<trkpt lat="30.6228845309869" lon="104.0676954353855"><ele>477</ele><time>2025-07-20T13:17:10.000Z</time></trkpt>
<trkpt lat="30.6228845309869" lon="104.0676954353855"><ele>478</ele><time>2025-07-20T13:17:11.000Z</time></trkpt>
<trkpt lat="30.6228845309869" lon="104.0676954353855"><ele>478</ele><time>2025-07-20T13:17:12.000Z</time></trkpt>
<trkpt lat="30.6228845309869" lon="104.0676954353855"><ele>478</ele><time>2025-07-20T13:17:13.000Z</time></trkpt>
<trkpt lat="30.6228845309869" lon="104.0676954353855"><ele>478</ele><time>2025-07-20T13:17:14.000Z</time></trkpt>
<trkpt lat="30.6228845309869" lon="104.0676954353855"><ele>478</ele><time>2025-07-20T13:17:15.000Z</time></trkpt>
<trkpt lat="30.6228845309869" lon="104.0676954353855"><ele>478</ele><time>2025-07-20T13:17:16.000Z</time></trkpt>
<trkpt lat="30.6228845309869" lon="104.0676954353855"><ele>479</ele><time>2025-07-20T13:17:17.000Z</time></trkpt>
<trkpt lat="30.6228845309869" lon="104.0676954353855"><ele>479</ele><time>2025-07-20T13:17:18.000Z</time></trkpt>
<trkpt lat="30.6228845309869" lon="104.0676954353855"><ele>479</ele><time>2025-07-20T13:17:19.000Z</time></trkpt>
<trkpt lat="30.6228845309869" lon="104.0676954353855"><ele>479</ele><time>2025-07-20T13:17:20.000Z</time></trkpt>
<trkpt lat="30.6228845309869" lon="104.0676954353855"><ele>479</ele><time>2025-07-20T13:17:21.000Z</time></trkpt>
<trkpt lat="30.6228845309869" lon="104.0676954353855"><ele>478</ele><time>2025-07-20T13:17:22.000Z</time></trkpt>
<trkpt lat="30.6228845309869" lon="104.0676954353855"><ele>479</ele><time>2025-07-20T13:17:23.000Z</time></trkpt>
<trkpt lat="30.6228845309869" lon="104.0676954353855"><ele>479</ele><time>2025-07-20T13:17:24.000Z</time></trkpt>
<trkpt lat="30.6228845309869" lon="104.0676954353855"><ele>480</ele><time>2025-07-20T13:17:25.000Z</time></trkpt>
<trkpt lat="30.6228845309869" lon="104.0676954353855"><ele>480</ele><time>2025-07-20T13:17:26.000Z</time></trkpt>
<trkpt lat="30.6228845309869" lon="104.0676954353855"><ele>480</ele><time>2025-07-20T13:17:27.000Z</time></trkpt>
<trkpt lat="30.6228845309869" lon="104.0676954353855"><ele>480</ele><time>2025-07-20T13:17:28.000Z</time></trkpt>
<trkpt lat="30.6228845309869" lon="104.0676954353855"><ele>480</ele><time>2025-07-20T13:17:29.000Z</time></trkpt>
<trkpt lat="30.6228845309869" lon="104.0676954353855"><ele>480</ele><time>2025-07-20T13:17:30.000Z</time></trkpt>
<trkpt lat="30.6228845309869" lon="104.0676954353855"><ele>480</ele><time>2025-07-20T13:17:31.000Z</time></trkpt>
<trkpt lat="30.6228845309869" lon="104.0676954353855"><ele>480</ele><time>2025-07-20T13:17:32.000Z</time></trkpt>
<trkpt lat="30.6228845309869" lon="104.0676954353855"><ele>480</ele><time>2025-07-20T13:17:33.000Z</time></trkpt>
<trkpt lat="30.6228845309869" lon="104.0676954353855"><ele>480</ele><time>2025-07-20T13:17:34.000Z</time></trkpt>
<trkpt lat="30.6228845309869" lon="104.0676954353855"><ele>480</ele><time>2025-07-20T13:17:35.000Z</time></trkpt>
<trkpt lat="30.6228845309869" lon="104.0676954353855"><ele>480</ele><time>2025-07-20T13:17:36.000Z</time></trkpt>
<trkpt lat="30.6228845309869" lon="104.0676954353855"><ele>480</ele><time>2025-07-20T13:17:37.000Z</time></trkpt>
<trkpt lat="30.6228845309869" lon="104.0676954353855"><ele>480</ele><time>2025-07-20T13:17:38.000Z</time></trkpt>
<trkpt lat="30.6228845309869" lon="104.0676954353855"><ele>479</ele><time>2025-07-20T13:17:39.000Z</time></trkpt>
<trkpt lat="30.6228845309869" lon="104.0676954353855"><ele>480</ele><time>2025-07-20T13:17:40.000Z</time></trkpt>
<trkpt lat="30.6228845309869" lon="104.0676954353855"><ele>480</ele><time>2025-07-20T13:17:41.000Z</time></trkpt>
<trkpt lat="30.6228845309869" lon="104.0676954353855"><ele>479</ele><time>2025-07-20T13:17:42.000Z</time></trkpt>
<trkpt lat="30.6228845309869" lon="104.0676954353855"><ele>479</ele><time>2025-07-20T13:17:43.000Z</time></trkpt>
<trkpt lat="30.6228845309869" lon="104.0676954353855"><ele>479</ele><time>2025-07-20T13:17:44.000Z</time></trkpt>
<trkpt lat="30.6228845309869" lon="104.0676954353855"><ele>480</ele><time>2025-07-20T13:17:45.000Z</time></trkpt>
<trkpt lat="30.6228845309869" lon="104.0676954353855"><ele>480</ele><time>2025-07-20T13:17:46.000Z</time></trkpt>
<trkpt lat="30.6228845309869" lon="104.0676954353855"><ele>480</ele><time>2025-07-20T13:17:47.000Z</time></trkpt>
<trkpt lat="30.6228845309869" lon="104.0676954353855"><ele>480</ele><time>2025-07-20T13:17:48.000Z</time></trkpt>
<trkpt lat="30.6228845309869" lon="104.0676954353855"><ele>481</ele><time>2025-07-20T13:17:49.000Z</time></trkpt>
<trkpt lat="30.6228845309869" lon="104.0676954353855"><ele>481</ele><time>2025-07-20T13:17:50.000Z</time></trkpt>
<trkpt lat="30.6228845309869" lon="104.0676954353855"><ele>481</ele><time>2025-07-20T13:17:51.000Z</time></trkpt>
<trkpt lat="30.6228845309869" lon="104.0676954353855"><ele>483</ele><time>2025-07-20T13:17:52.000Z</time></trkpt>
<trkpt lat="30.6228845309869" lon="104.0676954353855"><ele>484</ele><time>2025-07-20T13:17:53.000Z</time></trkpt>
<trkpt lat="30.6228845309869" lon="104.0676954353855"><ele>484</ele><time>2025-07-20T13:17:54.000Z</time></trkpt>
<trkpt lat="30.6228845309869" lon="104.0676954353855"><ele>484</ele><time>2025-07-20T13:17:55.000Z</time></trkpt>
<trkpt lat="30.6228845309869" lon="104.0676954353855"><ele>484</ele><time>2025-07-20T13:17:56.000Z</time></trkpt>
<trkpt lat="30.6228845309869" lon="104.0676954353855"><ele>483</ele><time>2025-07-20T13:17:57.000Z</time></trkpt>
<trkpt lat="30.6228845309869" lon="104.0676954353855"><ele>483</ele><time>2025-07-20T13:17:58.000Z</time></trkpt>
<trkpt lat="30.6228845309869" lon="104.0676954353855"><ele>484</ele><time>2025-07-20T13:17:59.000Z</time></trkpt>
<trkpt lat="30.6228845309869" lon="104.0676954353855"><ele>484</ele><time>2025-07-20T13:18:00.000Z</time></trkpt>
<trkpt lat="30.6228845309869" lon="104.0676954353855"><ele>484</ele><time>2025-07-20T13:18:01.000Z</time></trkpt>
<trkpt lat="30.6228845309869" lon="104.0676954353855"><ele>484</ele><time>2025-07-20T13:18:02.000Z</time></trkpt>
<trkpt lat="30.6228845309869" lon="104.0676954353855"><ele>484</ele><time>2025-07-20T13:18:03.000Z</time></trkpt>
<trkpt lat="30.6228845309869" lon="104.0676954353855"><ele>484</ele><time>2025-07-20T13:18:04.000Z</time></trkpt>
<trkpt lat="30.6228845309869" lon="104.0676954353855"><ele>484</ele><time>2025-07-20T13:18:05.000Z</time></trkpt>
<trkpt lat="30.6228845309869" lon="104.0676954353855"><ele>483</ele><time>2025-07-20T13:18:06.000Z</time></trkpt>
<trkpt lat="30.6228845309869" lon="104.0676954353855"><ele>483</ele><time>2025-07-20T13:18:07.000Z</time></trkpt>
<trkpt lat="30.6228845309869" lon="104.0676954353855"><ele>482</ele><time>2025-07-20T13:18:08.000Z</time></trkpt>
<trkpt lat="30.6228845309869" lon="104.0676954353855"><ele>482</ele><time>2025-07-20T13:18:09.000Z</time></trkpt>
<trkpt lat="30.6228845309869" lon="104.0676954353855"><ele>481</ele><time>2025-07-20T13:18:10.000Z</time></trkpt>
<trkpt lat="30.6228845309869" lon="104.0676954353855"><ele>481</ele><time>2025-07-20T13:18:11.000Z</time></trkpt>
<trkpt lat="30.6228845309869" lon="104.0676954353855"><ele>481</ele><time>2025-07-20T13:18:12.000Z</time></trkpt>
<trkpt lat="30.6228845309869" lon="104.0676954353855"><ele>481</ele><time>2025-07-20T13:18:13.000Z</time></trkpt>
<trkpt lat="30.6228845309869" lon="104.0676954353855"><ele>482</ele><time>2025-07-20T13:18:14.000Z</time></trkpt>
<trkpt lat="30.6228845309869" lon="104.0676954353855"><ele>482</ele><time>2025-07-20T13:18:15.000Z</time></trkpt>
<trkpt lat="30.6228845309869" lon="104.0676954353855"><ele>482</ele><time>2025-07-20T13:18:16.000Z</time></trkpt>
<trkpt lat="30.6228845309869" lon="104.0676954353855"><ele>481</ele><time>2025-07-20T13:18:17.000Z</time></trkpt>
<trkpt lat="30.6228845309869" lon="104.0676954353855"><ele>481</ele><time>2025-07-20T13:18:18.000Z</time></trkpt>
<trkpt lat="30.6228845309869" lon="104.0676954353855"><ele>481</ele><time>2025-07-20T13:18:19.000Z</time></trkpt>
<trkpt lat="30.6228845309869" lon="104.0676954353855"><ele>482</ele><time>2025-07-20T13:18:20.000Z</time></trkpt>
<trkpt lat="30.6228845309869" lon="104.0676954353855"><ele>482</ele><time>2025-07-20T13:18:21.000Z</time></trkpt>
<trkpt lat="30.6228845309869" lon="104.0676954353855"><ele>482</ele><time>2025-07-20T13:18:22.000Z</time></trkpt>
<trkpt lat="30.6228845309869" lon="104.0676954353855"><ele>482</ele><time>2025-07-20T13:18:23.000Z</time></trkpt>
<trkpt lat="30.6228845309869" lon="104.0676954353855"><ele>482</ele><time>2025-07-20T13:18:24.000Z</time></trkpt>
<trkpt lat="30.6228845309869" lon="104.0676954353855"><ele>482</ele><time>2025-07-20T13:18:25.000Z</time></trkpt>
<trkpt lat="30.6228845309869" lon="104.0676954353855"><ele>481</ele><time>2025-07-20T13:18:26.000Z</time></trkpt>
<trkpt lat="30.6228845309869" lon="104.0676954353855"><ele>481</ele><time>2025-07-20T13:18:27.000Z</time></trkpt>
<trkpt lat="30.6228845309869" lon="104.0676954353855"><ele>481</ele><time>2025-07-20T13:18:28.000Z</time></trkpt>
<trkpt lat="30.6228845309869" lon="104.0676954353855"><ele>481</ele><time>2025-07-20T13:18:29.000Z</time></trkpt>
<trkpt lat="30.6228845309869" lon="104.0676954353855"><ele>481</ele><time>2025-07-20T13:18:30.000Z</time></trkpt>
<trkpt lat="30.6228845309869" lon="104.0676954353855"><ele>481</ele><time>2025-07-20T13:18:31.000Z</time></trkpt>
<trkpt lat="30.6228845309869" lon="104.0676954353855"><ele>481</ele><time>2025-07-20T13:18:32.000Z</time></trkpt>
<trkpt lat="30.6228845309869" lon="104.0676954353855"><ele>481</ele><time>2025-07-20T13:18:33.000Z</time></trkpt>
<trkpt lat="30.6228845309869" lon="104.0676954353855"><ele>482</ele><time>2025-07-20T13:18:34.000Z</time></trkpt>
<trkpt lat="30.6228845309869" lon="104.0676954353855"><ele>482</ele><time>2025-07-20T13:18:35.000Z</time></trkpt>
<trkpt lat="30.6228845309869" lon="104.0676954353855"><ele>482</ele><time>2025-07-20T13:18:36.000Z</time></trkpt>
<trkpt lat="30.6228845309869" lon="104.0676954353855"><ele>482</ele><time>2025-07-20T13:18:37.000Z</time></trkpt>
<trkpt lat="30.6228845309869" lon="104.0676954353855"><ele>482</ele><time>2025-07-20T13:18:38.000Z</time></trkpt>
<trkpt lat="30.6228845309869" lon="104.0676954353855"><ele>483</ele><time>2025-07-20T13:18:39.000Z</time></trkpt>
<trkpt lat="30.6228845309869" lon="104.0676954353855"><ele>484</ele><time>2025-07-20T13:18:40.000Z</time></trkpt>
<trkpt lat="30.6228845309869" lon="104.0676954353855"><ele>484</ele><time>2025-07-20T13:18:41.000Z</time></trkpt>
<trkpt lat="30.6228845309869" lon="104.0676954353855"><ele>484</ele><time>2025-07-20T13:18:42.000Z</time></trkpt>
<trkpt lat="30.6228845309869" lon="104.0676954353855"><ele>484</ele><time>2025-07-20T13:18:43.000Z</time></trkpt>
<trkpt lat="30.6228845309869" lon="104.0676954353855"><ele>485</ele><time>2025-07-20T13:18:44.000Z</time></trkpt>
<trkpt lat="30.6228845309869" lon="104.0676954353855"><ele>485</ele><time>2025-07-20T13:18:45.000Z</time></trkpt>
<trkpt lat="30.6228845309869" lon="104.0676954353855"><ele>486</ele><time>2025-07-20T13:18:46.000Z</time></trkpt>
<trkpt lat="30.6228845309869" lon="104.0676954353855"><ele>486</ele><time>2025-07-20T13:18:47.000Z</time></trkpt>
<trkpt lat="30.6228845309869" lon="104.0676954353855"><ele>486</ele><time>2025-07-20T13:18:48.000Z</time></trkpt>
<trkpt lat="30.6228845309869" lon="104.0676954353855"><ele>487</ele><time>2025-07-20T13:18:49.000Z</time></trkpt>
<trkpt lat="30.6228845309869" lon="104.0676954353855"><ele>487</ele><time>2025-07-20T13:18:50.000Z</time></trkpt>
<trkpt lat="30.6228845309869" lon="104.0676954353855"><ele>487</ele><time>2025-07-20T13:18:51.000Z</time></trkpt>
<trkpt lat="30.6228845309869" lon="104.0676954353855"><ele>490</ele><time>2025-07-20T13:18:59.000Z</time></trkpt>
<trkpt lat="30.6228845309869" lon="104.0676954353855"><ele>491</ele><time>2025-07-20T13:19:00.000Z</time></trkpt>
<trkpt lat="30.6228845309869" lon="104.0676954353855"><ele>491</ele><time>2025-07-20T13:19:01.000Z</time></trkpt>
<trkpt lat="30.6228845309869" lon="104.0676954353855"><ele>491</ele><time>2025-07-20T13:19:02.000Z</time></trkpt>
<trkpt lat="30.6228845309869" lon="104.0676954353855"><ele>492</ele><time>2025-07-20T13:19:03.000Z</time></trkpt>
<trkpt lat="30.6228845309869" lon="104.0676954353855"><ele>493</ele><time>2025-07-20T13:19:04.000Z</time></trkpt>
<trkpt lat="30.6228845309869" lon="104.0676954353855"><ele>493</ele><time>2025-07-20T13:19:05.000Z</time></trkpt>
<trkpt lat="30.6228845309869" lon="104.0676954353855"><ele>493</ele><time>2025-07-20T13:19:06.000Z</time></trkpt>
<trkpt lat="30.6228845309869" lon="104.0676954353855"><ele>493</ele><time>2025-07-20T13:19:07.000Z</time></trkpt>
<trkpt lat="30.6228845309869" lon="104.0676954353855"><ele>494</ele><time>2025-07-20T13:19:08.000Z</time></trkpt>
<trkpt lat="30.6228845309869" lon="104.0676954353855"><ele>494</ele><time>2025-07-20T13:19:09.000Z</time></trkpt>
<trkpt lat="30.6228845309869" lon="104.0676954353855"><ele>494</ele><time>2025-07-20T13:19:10.000Z</time></trkpt>
<trkpt lat="30.6228845309869" lon="104.0676954353855"><ele>496</ele><time>2025-07-20T13:19:11.000Z</time></trkpt>
<trkpt lat="30.6228845309869" lon="104.0676954353855"><ele>496</ele><time>2025-07-20T13:19:12.000Z</time></trkpt>
<trkpt lat="30.6228845309869" lon="104.0676954353855"><ele>496</ele><time>2025-07-20T13:19:13.000Z</time></trkpt>
<trkpt lat="30.6228845309869" lon="104.0676954353855"><ele>496</ele><time>2025-07-20T13:19:14.000Z</time></trkpt>
<trkpt lat="30.6228845309869" lon="104.0676954353855"><ele>496</ele><time>2025-07-20T13:19:15.000Z</time></trkpt>
<trkpt lat="30.6228845309869" lon="104.0676954353855"><ele>496</ele><time>2025-07-20T13:19:16.000Z</time></trkpt>
<trkpt lat="30.6228845309869" lon="104.0676954353855"><ele>496</ele><time>2025-07-20T13:19:17.000Z</time></trkpt>
<trkpt lat="30.6228845309869" lon="104.0676954353855"><ele>495</ele><time>2025-07-20T13:19:18.000Z</time></trkpt>
<trkpt lat="30.6228845309869" lon="104.0676954353855"><ele>495</ele><time>2025-07-20T13:19:19.000Z</time></trkpt>
<trkpt lat="30.6228845309869" lon="104.0676954353855"><ele>496</ele><time>2025-07-20T13:19:20.000Z</time></trkpt>
<trkpt lat="30.6228845309869" lon="104.0676954353855"><ele>495</ele><time>2025-07-20T13:19:21.000Z</time></trkpt>
<trkpt lat="30.6228845309869" lon="104.0676954353855"><ele>495</ele><time>2025-07-20T13:19:22.000Z</time></trkpt>
<trkpt lat="30.6228845309869" lon="104.0676954353855"><ele>495</ele><time>2025-07-20T13:19:23.000Z</time></trkpt>
<trkpt lat="30.6228845309869" lon="104.0676954353855"><ele>495</ele><time>2025-07-20T13:19:28.000Z</time></trkpt>
<trkpt lat="30.6228845309869" lon="104.0676954353855"><ele>495</ele><time>2025-07-20T13:19:29.000Z</time></trkpt>
<trkpt lat="30.6228845309869" lon="104.0676954353855"><ele>495</ele><time>2025-07-20T13:19:30.000Z</time></trkpt>
<trkpt lat="30.6228845309869" lon="104.0676954353855"><ele>495</ele><time>2025-07-20T13:19:31.000Z</time></trkpt>
<trkpt lat="30.6228845309869" lon="104.0676954353855"><ele>495</ele><time>2025-07-20T13:19:32.000Z</time></trkpt>
<trkpt lat="30.6228845309869" lon="104.0676954353855"><ele>495</ele><time>2025-07-20T13:19:33.000Z</time></trkpt>
<trkpt lat="30.6228845309869" lon="104.0676954353855"><ele>495</ele><time>2025-07-20T13:19:34.000Z</time></trkpt>
<trkpt lat="30.6228845309869" lon="104.0676954353855"><ele>495</ele><time>2025-07-20T13:19:35.000Z</time></trkpt>
<trkpt lat="30.6228845309869" lon="104.0676954353855"><ele>495</ele><time>2025-07-20T13:19:36.000Z</time></trkpt>
<trkpt lat="30.6228845309869" lon="104.0676954353855"><ele>495</ele><time>2025-07-20T13:19:37.000Z</time></trkpt>
<trkpt lat="30.6228845309869" lon="104.0676954353855"><ele>495</ele><time>2025-07-20T13:19:38.000Z</time></trkpt>
<trkpt lat="30.6228845309869" lon="104.0676954353855"><ele>495</ele><time>2025-07-20T13:19:44.000Z</time></trkpt>
<trkpt lat="30.6228845309869" lon="104.0676954353855"><ele>495</ele><time>2025-07-20T13:19:44.000Z</time></trkpt>
<trkpt lat="30.6228845309869" lon="104.0676954353855"><ele>495</ele><time>2025-07-20T13:19:44.000Z</time></trkpt>
<trkpt lat="30.6228845309869" lon="104.0676954353855"><ele>495</ele><time>2025-07-20T13:19:44.000Z</time></trkpt>
<trkpt lat="30.6228845309869" lon="104.0676954353855"><ele>495</ele><time>2025-07-20T13:19:44.000Z</time></trkpt>
<trkpt lat="30.6228845309869" lon="104.0676954353855"><ele>495</ele><time>2025-07-20T13:19:44.000Z</time></trkpt>
<trkpt lat="30.6228845309869" lon="104.0676954353855"><ele>495</ele><time>2025-07-20T13:19:44.000Z</time></trkpt>
<trkpt lat="30.6228845309869" lon="104.0676954353855"><ele>495</ele><time>2025-07-20T13:19:44.000Z</time></trkpt>
<trkpt lat="30.6228845309869" lon="104.0676954353855"><ele>494</ele><time>2025-07-20T13:19:45.000Z</time></trkpt>
<trkpt lat="30.6228845309869" lon="104.0676954353855"><ele>494</ele><time>2025-07-20T13:19:46.000Z</time></trkpt>
<trkpt lat="30.6228845309869" lon="104.0676954353855"><ele>494</ele><time>2025-07-20T13:19:47.000Z</time></trkpt>
<trkpt lat="30.6228845309869" lon="104.0676954353855"><ele>493</ele><time>2025-07-20T13:19:48.000Z</time></trkpt>
<trkpt lat="30.6228845309869" lon="104.0676954353855"><ele>493</ele><time>2025-07-20T13:19:49.000Z</time></trkpt>
<trkpt lat="30.6228845309869" lon="104.0676954353855"><ele>492</ele><time>2025-07-20T13:19:50.000Z</time></trkpt>
<trkpt lat="30.6228845309869" lon="104.0676954353855"><ele>492</ele><time>2025-07-20T13:19:51.000Z</time></trkpt>
<trkpt lat="30.6228845309869" lon="104.0676954353855"><ele>492</ele><time>2025-07-20T13:19:52.000Z</time></trkpt>
<trkpt lat="30.6228845309869" lon="104.0676954353855"><ele>492</ele><time>2025-07-20T13:19:53.000Z</time></trkpt>
<trkpt lat="30.6228845309869" lon="104.0676954353855"><ele>491</ele><time>2025-07-20T13:19:54.000Z</time></trkpt>
<trkpt lat="30.6228845309869" lon="104.0676954353855"><ele>491</ele><time>2025-07-20T13:19:55.000Z</time></trkpt>
<trkpt lat="30.6228845309869" lon="104.0676954353855"><ele>491</ele><time>2025-07-20T13:19:56.000Z</time></trkpt>
<trkpt lat="30.6228845309869" lon="104.0676954353855"><ele>490</ele><time>2025-07-20T13:19:57.000Z</time></trkpt>
<trkpt lat="30.6228845309869" lon="104.0676954353855"><ele>490</ele><time>2025-07-20T13:19:58.000Z</time></trkpt>
<trkpt lat="30.6228845309869" lon="104.0676954353855"><ele>490</ele><time>2025-07-20T13:19:59.000Z</time></trkpt>
<trkpt lat="30.6228845309869" lon="104.0676954353855"><ele>490</ele><time>2025-07-20T13:20:00.000Z</time></trkpt>
<trkpt lat="30.6228845309869" lon="104.0676954353855"><ele>489</ele><time>2025-07-20T13:20:01.000Z</time></trkpt>
<trkpt lat="30.6228845309869" lon="104.0676954353855"><ele>489</ele><time>2025-07-20T13:20:02.000Z</time></trkpt>
<trkpt lat="30.6228845309869" lon="104.0676954353855"><ele>489</ele><time>2025-07-20T13:20:03.000Z</time></trkpt>
<trkpt lat="30.6228845309869" lon="104.0676954353855"><ele>489</ele><time>2025-07-20T13:20:04.000Z</time></trkpt>
<trkpt lat="30.6228845309869" lon="104.0676954353855"><ele>489</ele><time>2025-07-20T13:20:07.000Z</time></trkpt>
<trkpt lat="30.6228845309869" lon="104.0676954353855"><ele>489</ele><time>2025-07-20T13:20:08.000Z</time></trkpt>
<trkpt lat="30.6228845309869" lon="104.0676954353855"><ele>488</ele><time>2025-07-20T13:20:09.000Z</time></trkpt>
<trkpt lat="30.6228845309869" lon="104.0676954353855"><ele>488</ele><time>2025-07-20T13:20:10.000Z</time></trkpt>
<trkpt lat="30.6228845309869" lon="104.0676954353855"><ele>488</ele><time>2025-07-20T13:20:11.000Z</time></trkpt>
<trkpt lat="30.6228845309869" lon="104.0676954353855"><ele>487</ele><time>2025-07-20T13:20:12.000Z</time></trkpt>
<trkpt lat="30.6228845309869" lon="104.0676954353855"><ele>487</ele><time>2025-07-20T13:20:13.000Z</time></trkpt>
<trkpt lat="30.6228845309869" lon="104.0676954353855"><ele>486</ele><time>2025-07-20T13:20:14.000Z</time></trkpt>
<trkpt lat="30.6228845309869" lon="104.0676954353855"><ele>486</ele><time>2025-07-20T13:20:15.000Z</time></trkpt>
<trkpt lat="30.6228845309869" lon="104.0676954353855"><ele>486</ele><time>2025-07-20T13:20:16.000Z</time></trkpt>
<trkpt lat="30.6228845309869" lon="104.0676954353855"><ele>486</ele><time>2025-07-20T13:20:17.000Z</time></trkpt>
<trkpt lat="30.6228845309869" lon="104.0676954353855"><ele>486</ele><time>2025-07-20T13:20:18.000Z</time></trkpt>
<trkpt lat="30.6228845309869" lon="104.0676954353855"><ele>485</ele><time>2025-07-20T13:20:19.000Z</time></trkpt>
<trkpt lat="30.6228845309869" lon="104.0676954353855"><ele>485</ele><time>2025-07-20T13:20:20.000Z</time></trkpt>
<trkpt lat="30.6228845309869" lon="104.0676954353855"><ele>484</ele><time>2025-07-20T13:20:21.000Z</time></trkpt>
<trkpt lat="30.6228845309869" lon="104.0676954353855"><ele>484</ele><time>2025-07-20T13:20:22.000Z</time></trkpt>
<trkpt lat="30.6228845309869" lon="104.0676954353855"><ele>484</ele><time>2025-07-20T13:20:23.000Z</time></trkpt>
<trkpt lat="30.6228845309869" lon="104.0676954353855"><ele>483</ele><time>2025-07-20T13:20:24.000Z</time></trkpt>
<trkpt lat="30.6228845309869" lon="104.0676954353855"><ele>483</ele><time>2025-07-20T13:20:25.000Z</time></trkpt>
<trkpt lat="30.6228845309869" lon="104.0676954353855"><ele>483</ele><time>2025-07-20T13:20:27.000Z</time></trkpt>
<trkpt lat="30.6228845309869" lon="104.0676954353855"><ele>483</ele><time>2025-07-20T13:20:28.000Z</time></trkpt>
<trkpt lat="30.6228845309869" lon="104.0676954353855"><ele>483</ele><time>2025-07-20T13:20:29.000Z</time></trkpt>
<trkpt lat="30.6228845309869" lon="104.0676954353855"><ele>483</ele><time>2025-07-20T13:20:30.000Z</time></trkpt>
<trkpt lat="30.6228845309869" lon="104.0676954353855"><ele>483</ele><time>2025-07-20T13:20:31.000Z</time></trkpt>
<trkpt lat="30.6228845309869" lon="104.0676954353855"><ele>483</ele><time>2025-07-20T13:20:32.000Z</time></trkpt>
<trkpt lat="30.6228845309869" lon="104.0676954353855"><ele>483</ele><time>2025-07-20T13:20:33.000Z</time></trkpt>
<trkpt lat="30.6228845309869" lon="104.0676954353855"><ele>483</ele><time>2025-07-20T13:20:34.000Z</time></trkpt>
<trkpt lat="30.6228845309869" lon="104.0676954353855"><ele>485</ele><time>2025-07-20T13:20:35.000Z</time></trkpt>
<trkpt lat="30.6228845309869" lon="104.0676954353855"><ele>485</ele><time>2025-07-20T13:20:36.000Z</time></trkpt>
<trkpt lat="30.6228845309869" lon="104.0676954353855"><ele>485</ele><time>2025-07-20T13:20:37.000Z</time></trkpt>
<trkpt lat="30.6228845309869" lon="104.0676954353855"><ele>485</ele><time>2025-07-20T13:20:38.000Z</time></trkpt>
<trkpt lat="30.6228845309869" lon="104.0676954353855"><ele>485</ele><time>2025-07-20T13:20:39.000Z</time></trkpt>
<trkpt lat="30.6228845309869" lon="104.0676954353855"><ele>485</ele><time>2025-07-20T13:20:40.000Z</time></trkpt>
<trkpt lat="30.6228845309869" lon="104.0676954353855"><ele>484</ele><time>2025-07-20T13:20:41.000Z</time></trkpt>
<trkpt lat="30.6228845309869" lon="104.0676954353855"><ele>484</ele><time>2025-07-20T13:20:42.000Z</time></trkpt>
<trkpt lat="30.6228845309869" lon="104.0676954353855"><ele>483</ele><time>2025-07-20T13:20:43.000Z</time></trkpt>
<trkpt lat="30.6228845309869" lon="104.0676954353855"><ele>483</ele><time>2025-07-20T13:20:44.000Z</time></trkpt>
<trkpt lat="30.6228845309869" lon="104.0676954353855"><ele>484</ele><time>2025-07-20T13:20:45.000Z</time></trkpt>
<trkpt lat="30.6228845309869" lon="104.0676954353855"><ele>484</ele><time>2025-07-20T13:20:46.000Z</time></trkpt>
<trkpt lat="30.6228845309869" lon="104.0676954353855"><ele>485</ele><time>2025-07-20T13:20:47.000Z</time></trkpt>
<trkpt lat="30.6228845309869" lon="104.0676954353855"><ele>484</ele><time>2025-07-20T13:20:48.000Z</time></trkpt>
<trkpt lat="30.6228845309869" lon="104.0676954353855"><ele>484</ele><time>2025-07-20T13:20:49.000Z</time></trkpt>
<trkpt lat="30.6228845309869" lon="104.0676954353855"><ele>484</ele><time>2025-07-20T13:20:50.000Z</time></trkpt>
<trkpt lat="30.6228845309869" lon="104.0676954353855"><ele>484</ele><time>2025-07-20T13:20:51.000Z</time></trkpt>
<trkpt lat="30.6228845309869" lon="104.0676954353855"><ele>484</ele><time>2025-07-20T13:20:52.000Z</time></trkpt>
<trkpt lat="30.6228845309869" lon="104.0676954353855"><ele>484</ele><time>2025-07-20T13:20:53.000Z</time></trkpt>
<trkpt lat="30.6228845309869" lon="104.0676954353855"><ele>484</ele><time>2025-07-20T13:20:54.000Z</time></trkpt>
<trkpt lat="30.6228845309869" lon="104.0676954353855"><ele>484</ele><time>2025-07-20T13:20:55.000Z</time></trkpt>
<trkpt lat="30.6228845309869" lon="104.0676954353855"><ele>484</ele><time>2025-07-20T13:20:56.000Z</time></trkpt>
<trkpt lat="30.6228845309869" lon="104.0676954353855"><ele>484</ele><time>2025-07-20T13:20:57.000Z</time></trkpt>
<trkpt lat="30.6228845309869" lon="104.0676954353855"><ele>484</ele><time>2025-07-20T13:20:58.000Z</time></trkpt>
<trkpt lat="30.6228845309869" lon="104.0676954353855"><ele>484</ele><time>2025-07-20T13:20:59.000Z</time></trkpt>
<trkpt lat="30.6228845309869" lon="104.0676954353855"><ele>484</ele><time>2025-07-20T13:21:00.000Z</time></trkpt>
<trkpt lat="30.6228845309869" lon="104.0676954353855"><ele>484</ele><time>2025-07-20T13:21:01.000Z</time></trkpt>
<trkpt lat="30.6228845309869" lon="104.0676954353855"><ele>484</ele><time>2025-07-20T13:21:02.000Z</time></trkpt>
<trkpt lat="30.6228845309869" lon="104.0676954353855"><ele>485</ele><time>2025-07-20T13:21:03.000Z</time></trkpt>
<trkpt lat="30.6228845309869" lon="104.0676954353855"><ele>485</ele><time>2025-07-20T13:21:04.000Z</time></trkpt>
<trkpt lat="30.6228845309869" lon="104.0676954353855"><ele>486</ele><time>2025-07-20T13:21:05.000Z</time></trkpt>
<trkpt lat="30.6228845309869" lon="104.0676954353855"><ele>487</ele><time>2025-07-20T13:21:06.000Z</time></trkpt>
<trkpt lat="30.6228845309869" lon="104.0676954353855"><ele>487</ele><time>2025-07-20T13:21:07.000Z</time></trkpt>
<trkpt lat="30.6228845309869" lon="104.0676954353855"><ele>488</ele><time>2025-07-20T13:21:08.000Z</time></trkpt>
<trkpt lat="30.6228845309869" lon="104.0676954353855"><ele>488</ele><time>2025-07-20T13:21:09.000Z</time></trkpt>
<trkpt lat="30.6228845309869" lon="104.0676954353855"><ele>488</ele><time>2025-07-20T13:21:10.000Z</time></trkpt>
<trkpt lat="30.6228845309869" lon="104.0676954353855"><ele>488</ele><time>2025-07-20T13:21:11.000Z</time></trkpt>
<trkpt lat="30.6228845309869" lon="104.0676954353855"><ele>488</ele><time>2025-07-20T13:21:12.000Z</time></trkpt>
<trkpt lat="30.6228845309869" lon="104.0676954353855"><ele>488</ele><time>2025-07-20T13:21:13.000Z</time></trkpt>
<trkpt lat="30.6228845309869" lon="104.0676954353855"><ele>488</ele><time>2025-07-20T13:21:14.000Z</time></trkpt>
<trkpt lat="30.6228845309869" lon="104.0676954353855"><ele>491</ele><time>2025-07-20T13:21:15.000Z</time></trkpt>
<trkpt lat="30.6228845309869" lon="104.0676954353855"><ele>491</ele><time>2025-07-20T13:21:16.000Z</time></trkpt>
<trkpt lat="30.6228845309869" lon="104.0676954353855"><ele>491</ele><time>2025-07-20T13:21:17.000Z</time></trkpt>
<trkpt lat="30.6228845309869" lon="104.0676954353855"><ele>491</ele><time>2025-07-20T13:21:18.000Z</time></trkpt>
<trkpt lat="30.6228845309869" lon="104.0676954353855"><ele>493</ele><time>2025-07-20T13:21:19.000Z</time></trkpt>
<trkpt lat="30.6228845309869" lon="104.0676954353855"><ele>493</ele><time>2025-07-20T13:21:20.000Z</time></trkpt>
<trkpt lat="30.6228845309869" lon="104.0676954353855"><ele>493</ele><time>2025-07-20T13:21:21.000Z</time></trkpt>
<trkpt lat="30.6228845309869" lon="104.0676954353855"><ele>493</ele><time>2025-07-20T13:21:22.000Z</time></trkpt>
<trkpt lat="30.6228845309869" lon="104.0676954353855"><ele>493</ele><time>2025-07-20T13:21:23.000Z</time></trkpt>
<trkpt lat="30.6228845309869" lon="104.0676954353855"><ele>495</ele><time>2025-07-20T13:21:24.000Z</time></trkpt>
<trkpt lat="30.6228845309869" lon="104.0676954353855"><ele>495</ele><time>2025-07-20T13:21:25.000Z</time></trkpt>
<trkpt lat="30.6228845309869" lon="104.0676954353855"><ele>495</ele><time>2025-07-20T13:21:26.000Z</time></trkpt>
<trkpt lat="30.6228845309869" lon="104.0676954353855"><ele>496</ele><time>2025-07-20T13:21:27.000Z</time></trkpt>
<trkpt lat="30.6228845309869" lon="104.0676954353855"><ele>496</ele><time>2025-07-20T13:21:28.000Z</time></trkpt>
<trkpt lat="30.6228845309869" lon="104.0676954353855"><ele>496</ele><time>2025-07-20T13:21:29.000Z</time></trkpt>
<trkpt lat="30.6228845309869" lon="104.0676954353855"><ele>496</ele><time>2025-07-20T13:21:30.000Z</time></trkpt>
<trkpt lat="30.6228845309869" lon="104.0676954353855"><ele>497</ele><time>2025-07-20T13:21:31.000Z</time></trkpt>
<trkpt lat="30.6228845309869" lon="104.0676954353855"><ele>497</ele><time>2025-07-20T13:21:32.000Z</time></trkpt>
<trkpt lat="30.6228845309869" lon="104.0676954353855"><ele>497</ele><time>2025-07-20T13:21:33.000Z</time></trkpt>
<trkpt lat="30.6228845309869" lon="104.0676954353855"><ele>498</ele><time>2025-07-20T13:21:34.000Z</time></trkpt>
<trkpt lat="30.6228845309869" lon="104.0676954353855"><ele>498</ele><time>2025-07-20T13:21:35.000Z</time></trkpt>
<trkpt lat="30.6228845309869" lon="104.0676954353855"><ele>498</ele><time>2025-07-20T13:21:36.000Z</time></trkpt>
<trkpt lat="30.6228845309869" lon="104.0676954353855"><ele>498</ele><time>2025-07-20T13:21:37.000Z</time></trkpt>
<trkpt lat="30.6228845309869" lon="104.0676954353855"><ele>498</ele><time>2025-07-20T13:21:38.000Z</time></trkpt>
<trkpt lat="30.6228845309869" lon="104.0676954353855"><ele>499</ele><time>2025-07-20T13:21:39.000Z</time></trkpt>
<trkpt lat="30.6228845309869" lon="104.0676954353855"><ele>499</ele><time>2025-07-20T13:21:40.000Z</time></trkpt>
<trkpt lat="30.6228845309869" lon="104.0676954353855"><ele>499</ele><time>2025-07-20T13:21:41.000Z</time></trkpt>
<trkpt lat="30.6228845309869" lon="104.0676954353855"><ele>499</ele><time>2025-07-20T13:21:42.000Z</time></trkpt>
<trkpt lat="30.6228845309869" lon="104.0676954353855"><ele>499</ele><time>2025-07-20T13:21:43.000Z</time></trkpt>
<trkpt lat="30.6228845309869" lon="104.0676954353855"><ele>499</ele><time>2025-07-20T13:21:44.000Z</time></trkpt>
<trkpt lat="30.6228845309869" lon="104.0676954353855"><ele>499</ele><time>2025-07-20T13:21:45.000Z</time></trkpt>
<trkpt lat="30.6228845309869" lon="104.0676954353855"><ele>499</ele><time>2025-07-20T13:21:46.000Z</time></trkpt>
<trkpt lat="30.6228845309869" lon="104.0676954353855"><ele>499</ele><time>2025-07-20T13:21:47.000Z</time></trkpt>
<trkpt lat="30.6228845309869" lon="104.0676954353855"><ele>499</ele><time>2025-07-20T13:21:48.000Z</time></trkpt>
<trkpt lat="30.6228845309869" lon="104.0676954353855"><ele>500</ele><time>2025-07-20T13:21:49.000Z</time></trkpt>
<trkpt lat="30.6228845309869" lon="104.0676954353855"><ele>499</ele><time>2025-07-20T13:21:50.000Z</time></trkpt>
<trkpt lat="30.6228845309869" lon="104.0676954353855"><ele>499</ele><time>2025-07-20T13:21:51.000Z</time></trkpt>
<trkpt lat="30.6228845309869" lon="104.0676954353855"><ele>499</ele><time>2025-07-20T13:21:52.000Z</time></trkpt>
<trkpt lat="30.6228845309869" lon="104.0676954353855"><ele>496</ele><time>2025-07-20T13:21:53.000Z</time></trkpt>
<trkpt lat="30.6228845309869" lon="104.0676954353855"><ele>495</ele><time>2025-07-20T13:21:54.000Z</time></trkpt>
<trkpt lat="30.6228845309869" lon="104.0676954353855"><ele>495</ele><time>2025-07-20T13:21:55.000Z</time></trkpt>
<trkpt lat="30.6228845309869" lon="104.0676954353855"><ele>495</ele><time>2025-07-20T13:21:56.000Z</time></trkpt>
<trkpt lat="30.6228845309869" lon="104.0676954353855"><ele>495</ele><time>2025-07-20T13:21:57.000Z</time></trkpt>
<trkpt lat="30.6228845309869" lon="104.0676954353855"><ele>495</ele><time>2025-07-20T13:21:58.000Z</time></trkpt>
<trkpt lat="30.6228845309869" lon="104.0676954353855"><ele>494</ele><time>2025-07-20T13:21:59.000Z</time></trkpt>
<trkpt lat="30.6228845309869" lon="104.0676954353855"><ele>494</ele><time>2025-07-20T13:22:00.000Z</time></trkpt>
<trkpt lat="30.6228845309869" lon="104.0676954353855"><ele>494</ele><time>2025-07-20T13:22:01.000Z</time></trkpt>
<trkpt lat="30.6228845309869" lon="104.0676954353855"><ele>493</ele><time>2025-07-20T13:22:02.000Z</time></trkpt>
<trkpt lat="30.6228845309869" lon="104.0676954353855"><ele>492</ele><time>2025-07-20T13:22:03.000Z</time></trkpt>
<trkpt lat="30.6228845309869" lon="104.0676954353855"><ele>491</ele><time>2025-07-20T13:22:04.000Z</time></trkpt>
<trkpt lat="30.6228845309869" lon="104.0676954353855"><ele>490</ele><time>2025-07-20T13:22:05.000Z</time></trkpt>
<trkpt lat="30.6228845309869" lon="104.0676954353855"><ele>489</ele><time>2025-07-20T13:22:06.000Z</time></trkpt>
<trkpt lat="30.6228845309869" lon="104.0676954353855"><ele>488</ele><time>2025-07-20T13:22:07.000Z</time></trkpt>
<trkpt lat="30.6228845309869" lon="104.0676954353855"><ele>487</ele><time>2025-07-20T13:22:08.000Z</time></trkpt>
<trkpt lat="30.6228845309869" lon="104.0676954353855"><ele>487</ele><time>2025-07-20T13:22:09.000Z</time></trkpt>
<trkpt lat="30.6228845309869" lon="104.0676954353855"><ele>485</ele><time>2025-07-20T13:22:10.000Z</time></trkpt>
<trkpt lat="30.6228845309869" lon="104.0676954353855"><ele>485</ele><time>2025-07-20T13:22:11.000Z</time></trkpt>
<trkpt lat="30.6228845309869" lon="104.0676954353855"><ele>484</ele><time>2025-07-20T13:22:12.000Z</time></trkpt>
<trkpt lat="30.6228845309869" lon="104.0676954353855"><ele>483</ele><time>2025-07-20T13:22:13.000Z</time></trkpt>
<trkpt lat="30.6228845309869" lon="104.0676954353855"><ele>482</ele><time>2025-07-20T13:22:14.000Z</time></trkpt>
<trkpt lat="30.6228845309869" lon="104.0676954353855"><ele>483</ele><time>2025-07-20T13:22:15.000Z</time></trkpt>
<trkpt lat="30.6228845309869" lon="104.0676954353855"><ele>482</ele><time>2025-07-20T13:22:16.000Z</time></trkpt>
<trkpt lat="30.6228845309869" lon="104.0676954353855"><ele>482</ele><time>2025-07-20T13:22:17.000Z</time></trkpt>
<trkpt lat="30.6228845309869" lon="104.0676954353855"><ele>481</ele><time>2025-07-20T13:22:18.000Z</time></trkpt>
<trkpt lat="30.6228845309869" lon="104.0676954353855"><ele>481</ele><time>2025-07-20T13:22:19.000Z</time></trkpt>
<trkpt lat="30.6228845309869" lon="104.0676954353855"><ele>481</ele><time>2025-07-20T13:22:20.000Z</time></trkpt>
<trkpt lat="30.6228845309869" lon="104.0676954353855"><ele>480</ele><time>2025-07-20T13:22:21.000Z</time></trkpt>
<trkpt lat="30.6228845309869" lon="104.0676954353855"><ele>480</ele><time>2025-07-20T13:22:22.000Z</time></trkpt>
<trkpt lat="30.6228845309869" lon="104.0676954353855"><ele>480</ele><time>2025-07-20T13:22:23.000Z</time></trkpt>
<trkpt lat="30.6228845309869" lon="104.0676954353855"><ele>481</ele><time>2025-07-20T13:22:24.000Z</time></trkpt>
<trkpt lat="30.6228845309869" lon="104.0676954353855"><ele>481</ele><time>2025-07-20T13:22:25.000Z</time></trkpt>
<trkpt lat="30.6228845309869" lon="104.0676954353855"><ele>480</ele><time>2025-07-20T13:22:26.000Z</time></trkpt>
<trkpt lat="30.6228845309869" lon="104.0676954353855"><ele>481</ele><time>2025-07-20T13:22:27.000Z</time></trkpt>
<trkpt lat="30.6228845309869" lon="104.0676954353855"><ele>481</ele><time>2025-07-20T13:22:28.000Z</time></trkpt>
<trkpt lat="30.6228845309869" lon="104.0676954353855"><ele>482</ele><time>2025-07-20T13:22:29.000Z</time></trkpt>
<trkpt lat="30.6228845309869" lon="104.0676954353855"><ele>482</ele><time>2025-07-20T13:22:30.000Z</time></trkpt>
<trkpt lat="30.6228845309869" lon="104.0676954353855"><ele>482</ele><time>2025-07-20T13:22:31.000Z</time></trkpt>
<trkpt lat="30.6228845309869" lon="104.0676954353855"><ele>481</ele><time>2025-07-20T13:22:32.000Z</time></trkpt>
<trkpt lat="30.6228845309869" lon="104.0676954353855"><ele>481</ele><time>2025-07-20T13:22:33.000Z</time></trkpt>
<trkpt lat="30.6228845309869" lon="104.0676954353855"><ele>481</ele><time>2025-07-20T13:22:34.000Z</time></trkpt>
<trkpt lat="30.6228845309869" lon="104.0676954353855"><ele>481</ele><time>2025-07-20T13:22:35.000Z</time></trkpt>
<trkpt lat="30.6228845309869" lon="104.0676954353855"><ele>480</ele><time>2025-07-20T13:22:36.000Z</time></trkpt>
<trkpt lat="30.6228845309869" lon="104.0676954353855"><ele>479</ele><time>2025-07-20T13:22:37.000Z</time></trkpt>
<trkpt lat="30.6228845309869" lon="104.0676954353855"><ele>478</ele><time>2025-07-20T13:22:38.000Z</time></trkpt>
<trkpt lat="30.6228845309869" lon="104.0676954353855"><ele>477</ele><time>2025-07-20T13:22:39.000Z</time></trkpt>
<trkpt lat="30.6228845309869" lon="104.0676954353855"><ele>477</ele><time>2025-07-20T13:22:40.000Z</time></trkpt>
<trkpt lat="30.6228845309869" lon="104.0676954353855"><ele>477</ele><time>2025-07-20T13:22:41.000Z</time></trkpt>
<trkpt lat="30.6228845309869" lon="104.0676954353855"><ele>477</ele><time>2025-07-20T13:22:42.000Z</time></trkpt>
<trkpt lat="30.6228845309869" lon="104.0676954353855"><ele>477</ele><time>2025-07-20T13:22:43.000Z</time></trkpt>
<trkpt lat="30.6228845309869" lon="104.0676954353855"><ele>477</ele><time>2025-07-20T13:22:44.000Z</time></trkpt>
<trkpt lat="30.6228845309869" lon="104.0676954353855"><ele>477</ele><time>2025-07-20T13:22:45.000Z</time></trkpt>
<trkpt lat="30.6228845309869" lon="104.0676954353855"><ele>477</ele><time>2025-07-20T13:22:46.000Z</time></trkpt>
<trkpt lat="30.6228845309869" lon="104.0676954353855"><ele>477</ele><time>2025-07-20T13:22:47.000Z</time></trkpt>
<trkpt lat="30.6228845309869" lon="104.0676954353855"><ele>477</ele><time>2025-07-20T13:22:48.000Z</time></trkpt>
<trkpt lat="30.6228845309869" lon="104.0676954353855"><ele>477</ele><time>2025-07-20T13:22:49.000Z</time></trkpt>
<trkpt lat="30.6228845309869" lon="104.0676954353855"><ele>477</ele><time>2025-07-20T13:22:50.000Z</time></trkpt>
<trkpt lat="30.6228845309869" lon="104.0676954353855"><ele>476</ele><time>2025-07-20T13:22:51.000Z</time></trkpt>
<trkpt lat="30.6228845309869" lon="104.0676954353855"><ele>477</ele><time>2025-07-20T13:22:52.000Z</time></trkpt>
<trkpt lat="30.6228845309869" lon="104.0676954353855"><ele>477</ele><time>2025-07-20T13:22:53.000Z</time></trkpt>
<trkpt lat="30.6228845309869" lon="104.0676954353855"><ele>477</ele><time>2025-07-20T13:22:54.000Z</time></trkpt>
<trkpt lat="30.6228845309869" lon="104.0676954353855"><ele>477</ele><time>2025-07-20T13:22:55.000Z</time></trkpt>
<trkpt lat="30.6228845309869" lon="104.0676954353855"><ele>477</ele><time>2025-07-20T13:22:56.000Z</time></trkpt>
<trkpt lat="30.6228845309869" lon="104.0676954353855"><ele>477</ele><time>2025-07-20T13:22:57.000Z</time></trkpt>
<trkpt lat="30.6228845309869" lon="104.0676954353855"><ele>477</ele><time>2025-07-20T13:22:58.000Z</time></trkpt>
<trkpt lat="30.6228845309869" lon="104.0676954353855"><ele>477</ele><time>2025-07-20T13:22:59.000Z</time></trkpt>
<trkpt lat="30.6228845309869" lon="104.0676954353855"><ele>478</ele><time>2025-07-20T13:23:00.000Z</time></trkpt>
<trkpt lat="30.6228845309869" lon="104.0676954353855"><ele>478</ele><time>2025-07-20T13:23:01.000Z</time></trkpt>
<trkpt lat="30.6228845309869" lon="104.0676954353855"><ele>478</ele><time>2025-07-20T13:23:02.000Z</time></trkpt>
<trkpt lat="30.6228845309869" lon="104.0676954353855"><ele>478</ele><time>2025-07-20T13:23:03.000Z</time></trkpt>
<trkpt lat="30.6228845309869" lon="104.0676954353855"><ele>479</ele><time>2025-07-20T13:23:04.000Z</time></trkpt>
<trkpt lat="30.6228845309869" lon="104.0676954353855"><ele>479</ele><time>2025-07-20T13:23:05.000Z</time></trkpt>
<trkpt lat="30.6228845309869" lon="104.0676954353855"><ele>480</ele><time>2025-07-20T13:23:06.000Z</time></trkpt>
<trkpt lat="30.6228845309869" lon="104.0676954353855"><ele>480</ele><time>2025-07-20T13:23:07.000Z</time></trkpt>
<trkpt lat="30.6228845309869" lon="104.0676954353855"><ele>480</ele><time>2025-07-20T13:23:08.000Z</time></trkpt>
<trkpt lat="30.6228845309869" lon="104.0676954353855"><ele>480</ele><time>2025-07-20T13:23:09.000Z</time></trkpt>
<trkpt lat="30.6228845309869" lon="104.0676954353855"><ele>480</ele><time>2025-07-20T13:23:10.000Z</time></trkpt>
<trkpt lat="30.6228845309869" lon="104.0676954353855"><ele>480</ele><time>2025-07-20T13:23:11.000Z</time></trkpt>
<trkpt lat="30.6228845309869" lon="104.0676954353855"><ele>481</ele><time>2025-07-20T13:23:12.000Z</time></trkpt>
<trkpt lat="30.6228845309869" lon="104.0676954353855"><ele>480</ele><time>2025-07-20T13:23:13.000Z</time></trkpt>
<trkpt lat="30.6228845309869" lon="104.0676954353855"><ele>480</ele><time>2025-07-20T13:23:14.000Z</time></trkpt>
<trkpt lat="30.6228845309869" lon="104.0676954353855"><ele>480</ele><time>2025-07-20T13:23:15.000Z</time></trkpt>
<trkpt lat="30.6228845309869" lon="104.0676954353855"><ele>481</ele><time>2025-07-20T13:23:16.000Z</time></trkpt>
<trkpt lat="30.6228845309869" lon="104.0676954353855"><ele>481</ele><time>2025-07-20T13:23:17.000Z</time></trkpt>
<trkpt lat="30.6228845309869" lon="104.0676954353855"><ele>481</ele><time>2025-07-20T13:23:18.000Z</time></trkpt>
<trkpt lat="30.6228845309869" lon="104.0676954353855"><ele>480</ele><time>2025-07-20T13:23:19.000Z</time></trkpt>
<trkpt lat="30.6228845309869" lon="104.0676954353855"><ele>481</ele><time>2025-07-20T13:23:20.000Z</time></trkpt>
<trkpt lat="30.6228845309869" lon="104.0676954353855"><ele>481</ele><time>2025-07-20T13:23:21.000Z</time></trkpt>
<trkpt lat="30.6228845309869" lon="104.0676954353855"><ele>481</ele><time>2025-07-20T13:23:22.000Z</time></trkpt>
<trkpt lat="30.6228845309869" lon="104.0676954353855"><ele>481</ele><time>2025-07-20T13:23:23.000Z</time></trkpt>
<trkpt lat="30.6228845309869" lon="104.0676954353855"><ele>481</ele><time>2025-07-20T13:23:24.000Z</time></trkpt>
<trkpt lat="30.6228845309869" lon="104.0676954353855"><ele>481</ele><time>2025-07-20T13:23:25.000Z</time></trkpt>
<trkpt lat="30.6228845309869" lon="104.0676954353855"><ele>481</ele><time>2025-07-20T13:23:26.000Z</time></trkpt>
<trkpt lat="30.6228845309869" lon="104.0676954353855"><ele>481</ele><time>2025-07-20T13:23:27.000Z</time></trkpt>
<trkpt lat="30.6228845309869" lon="104.0676954353855"><ele>481</ele><time>2025-07-20T13:23:28.000Z</time></trkpt>
<trkpt lat="30.6228845309869" lon="104.0676954353855"><ele>481</ele><time>2025-07-20T13:23:29.000Z</time></trkpt>
<trkpt lat="30.6228845309869" lon="104.0676954353855"><ele>481</ele><time>2025-07-20T13:23:30.000Z</time></trkpt>
<trkpt lat="30.6228845309869" lon="104.0676954353855"><ele>481</ele><time>2025-07-20T13:23:31.000Z</time></trkpt>
<trkpt lat="30.6228845309869" lon="104.0676954353855"><ele>481</ele><time>2025-07-20T13:23:32.000Z</time></trkpt>
<trkpt lat="30.6228845309869" lon="104.0676954353855"><ele>481</ele><time>2025-07-20T13:23:33.000Z</time></trkpt>
<trkpt lat="30.6228845309869" lon="104.0676954353855"><ele>480</ele><time>2025-07-20T13:23:34.000Z</time></trkpt>
<trkpt lat="30.6228845309869" lon="104.0676954353855"><ele>480</ele><time>2025-07-20T13:23:35.000Z</time></trkpt>
<trkpt lat="30.6228845309869" lon="104.0676954353855"><ele>480</ele><time>2025-07-20T13:23:36.000Z</time></trkpt>
<trkpt lat="30.6228845309869" lon="104.0676954353855"><ele>480</ele><time>2025-07-20T13:23:37.000Z</time></trkpt>
<trkpt lat="30.6228845309869" lon="104.0676954353855"><ele>480</ele><time>2025-07-20T13:23:38.000Z</time></trkpt>
<trkpt lat="30.6228845309869" lon="104.0676954353855"><ele>480</ele><time>2025-07-20T13:23:39.000Z</time></trkpt>
<trkpt lat="30.6228845309869" lon="104.0676954353855"><ele>480</ele><time>2025-07-20T13:23:40.000Z</time></trkpt>
<trkpt lat="30.6228845309869" lon="104.0676954353855"><ele>480</ele><time>2025-07-20T13:23:41.000Z</time></trkpt>
<trkpt lat="30.6228845309869" lon="104.0676954353855"><ele>480</ele><time>2025-07-20T13:23:42.000Z</time></trkpt>
<trkpt lat="30.6228845309869" lon="104.0676954353855"><ele>479</ele><time>2025-07-20T13:23:43.000Z</time></trkpt>
<trkpt lat="30.6228845309869" lon="104.0676954353855"><ele>480</ele><time>2025-07-20T13:23:44.000Z</time></trkpt>
<trkpt lat="30.6228845309869" lon="104.0676954353855"><ele>480</ele><time>2025-07-20T13:23:45.000Z</time></trkpt>
<trkpt lat="30.6228845309869" lon="104.0676954353855"><ele>480</ele><time>2025-07-20T13:23:46.000Z</time></trkpt>
<trkpt lat="30.6228845309869" lon="104.0676954353855"><ele>480</ele><time>2025-07-20T13:23:47.000Z</time></trkpt>
<trkpt lat="30.6228845309869" lon="104.0676954353855"><ele>481</ele><time>2025-07-20T13:23:48.000Z</time></trkpt>
<trkpt lat="30.6228845309869" lon="104.0676954353855"><ele>481</ele><time>2025-07-20T13:23:49.000Z</time></trkpt>
<trkpt lat="30.6228845309869" lon="104.0676954353855"><ele>479</ele><time>2025-07-20T13:23:50.000Z</time></trkpt>
<trkpt lat="30.6228845309869" lon="104.0676954353855"><ele>479</ele><time>2025-07-20T13:23:51.000Z</time></trkpt>
<trkpt lat="30.6228845309869" lon="104.0676954353855"><ele>479</ele><time>2025-07-20T13:23:52.000Z</time></trkpt>
<trkpt lat="30.6228845309869" lon="104.0676954353855"><ele>478</ele><time>2025-07-20T13:23:53.000Z</time></trkpt>
<trkpt lat="30.6228845309869" lon="104.0676954353855"><ele>478</ele><time>2025-07-20T13:23:54.000Z</time></trkpt>
<trkpt lat="30.6228845309869" lon="104.0676954353855"><ele>479</ele><time>2025-07-20T13:23:55.000Z</time></trkpt>
<trkpt lat="30.6228845309869" lon="104.0676954353855"><ele>480</ele><time>2025-07-20T13:23:56.000Z</time></trkpt>
<trkpt lat="30.6228845309869" lon="104.0676954353855"><ele>480</ele><time>2025-07-20T13:23:57.000Z</time></trkpt>
<trkpt lat="30.6228845309869" lon="104.0676954353855"><ele>479</ele><time>2025-07-20T13:23:58.000Z</time></trkpt>
<trkpt lat="30.6228845309869" lon="104.0676954353855"><ele>479</ele><time>2025-07-20T13:23:59.000Z</time></trkpt>
<trkpt lat="30.6228845309869" lon="104.0676954353855"><ele>478</ele><time>2025-07-20T13:24:00.000Z</time></trkpt>
<trkpt lat="30.6228845309869" lon="104.0676954353855"><ele>478</ele><time>2025-07-20T13:24:01.000Z</time></trkpt>
<trkpt lat="30.6228845309869" lon="104.0676954353855"><ele>478</ele><time>2025-07-20T13:24:02.000Z</time></trkpt>
<trkpt lat="30.6228845309869" lon="104.0676954353855"><ele>477</ele><time>2025-07-20T13:24:03.000Z</time></trkpt>
<trkpt lat="30.6228845309869" lon="104.0676954353855"><ele>476</ele><time>2025-07-20T13:24:04.000Z</time></trkpt>
<trkpt lat="30.6228845309869" lon="104.0676954353855"><ele>476</ele><time>2025-07-20T13:24:05.000Z</time></trkpt>
<trkpt lat="30.6228845309869" lon="104.0676954353855"><ele>477</ele><time>2025-07-20T13:24:06.000Z</time></trkpt>
<trkpt lat="30.6228845309869" lon="104.0676954353855"><ele>477</ele><time>2025-07-20T13:24:07.000Z</time></trkpt>
<trkpt lat="30.6228845309869" lon="104.0676954353855"><ele>477</ele><time>2025-07-20T13:24:08.000Z</time></trkpt>
<trkpt lat="30.6228845309869" lon="104.0676954353855"><ele>477</ele><time>2025-07-20T13:24:09.000Z</time></trkpt>
<trkpt lat="30.6228845309869" lon="104.0676954353855"><ele>477</ele><time>2025-07-20T13:24:10.000Z</time></trkpt>
<trkpt lat="30.6228845309869" lon="104.0676954353855"><ele>477</ele><time>2025-07-20T13:24:11.000Z</time></trkpt>
<trkpt lat="30.6228845309869" lon="104.0676954353855"><ele>477</ele><time>2025-07-20T13:24:12.000Z</time></trkpt>
<trkpt lat="30.6228845309869" lon="104.0676954353855"><ele>477</ele><time>2025-07-20T13:24:13.000Z</time></trkpt>
<trkpt lat="30.6228845309869" lon="104.0676954353855"><ele>478</ele><time>2025-07-20T13:24:14.000Z</time></trkpt>
<trkpt lat="30.6228845309869" lon="104.0676954353855"><ele>477</ele><time>2025-07-20T13:24:15.000Z</time></trkpt>
<trkpt lat="30.6228845309869" lon="104.0676954353855"><ele>477</ele><time>2025-07-20T13:24:16.000Z</time></trkpt>
<trkpt lat="30.6228845309869" lon="104.0676954353855"><ele>477</ele><time>2025-07-20T13:24:17.000Z</time></trkpt>
<trkpt lat="30.6228845309869" lon="104.0676954353855"><ele>478</ele><time>2025-07-20T13:24:18.000Z</time></trkpt>
<trkpt lat="30.6228845309869" lon="104.0676954353855"><ele>478</ele><time>2025-07-20T13:24:19.000Z</time></trkpt>
<trkpt lat="30.6228845309869" lon="104.0676954353855"><ele>478</ele><time>2025-07-20T13:24:20.000Z</time></trkpt>
<trkpt lat="30.6228845309869" lon="104.0676954353855"><ele>478</ele><time>2025-07-20T13:24:21.000Z</time></trkpt>
<trkpt lat="30.6228845309869" lon="104.0676954353855"><ele>478</ele><time>2025-07-20T13:24:22.000Z</time></trkpt>
<trkpt lat="30.6228845309869" lon="104.0676954353855"><ele>478</ele><time>2025-07-20T13:24:23.000Z</time></trkpt>
<trkpt lat="30.6228845309869" lon="104.0676954353855"><ele>479</ele><time>2025-07-20T13:24:24.000Z</time></trkpt>
<trkpt lat="30.6228845309869" lon="104.0676954353855"><ele>479</ele><time>2025-07-20T13:24:25.000Z</time></trkpt>
<trkpt lat="30.6228845309869" lon="104.0676954353855"><ele>480</ele><time>2025-07-20T13:24:26.000Z</time></trkpt>
<trkpt lat="30.6228845309869" lon="104.0676954353855"><ele>480</ele><time>2025-07-20T13:24:27.000Z</time></trkpt>
<trkpt lat="30.6228845309869" lon="104.0676954353855"><ele>481</ele><time>2025-07-20T13:24:28.000Z</time></trkpt>
<trkpt lat="30.6228845309869" lon="104.0676954353855"><ele>481</ele><time>2025-07-20T13:24:29.000Z</time></trkpt>
<trkpt lat="30.6228845309869" lon="104.0676954353855"><ele>480</ele><time>2025-07-20T13:24:30.000Z</time></trkpt>
<trkpt lat="30.6228845309869" lon="104.0676954353855"><ele>480</ele><time>2025-07-20T13:24:31.000Z</time></trkpt>
<trkpt lat="30.6228845309869" lon="104.0676954353855"><ele>480</ele><time>2025-07-20T13:24:32.000Z</time></trkpt>
<trkpt lat="30.6228845309869" lon="104.0676954353855"><ele>480</ele><time>2025-07-20T13:24:33.000Z</time></trkpt>
<trkpt lat="30.6228845309869" lon="104.0676954353855"><ele>479</ele><time>2025-07-20T13:24:34.000Z</time></trkpt>
<trkpt lat="30.6228845309869" lon="104.0676954353855"><ele>479</ele><time>2025-07-20T13:24:35.000Z</time></trkpt>
<trkpt lat="30.6228845309869" lon="104.0676954353855"><ele>479</ele><time>2025-07-20T13:24:36.000Z</time></trkpt>
<trkpt lat="30.6228845309869" lon="104.0676954353855"><ele>479</ele><time>2025-07-20T13:24:37.000Z</time></trkpt>
<trkpt lat="30.6228845309869" lon="104.0676954353855"><ele>479</ele><time>2025-07-20T13:24:38.000Z</time></trkpt>
<trkpt lat="30.6228845309869" lon="104.0676954353855"><ele>479</ele><time>2025-07-20T13:24:39.000Z</time></trkpt>
<trkpt lat="30.6228845309869" lon="104.0676954353855"><ele>479</ele><time>2025-07-20T13:24:40.000Z</time></trkpt>
<trkpt lat="30.6228845309869" lon="104.0676954353855"><ele>479</ele><time>2025-07-20T13:24:41.000Z</time></trkpt>
<trkpt lat="30.6228845309869" lon="104.0676954353855"><ele>479</ele><time>2025-07-20T13:24:42.000Z</time></trkpt>
<trkpt lat="30.6228845309869" lon="104.0676954353855"><ele>479</ele><time>2025-07-20T13:24:43.000Z</time></trkpt>
<trkpt lat="30.6228845309869" lon="104.0676954353855"><ele>478</ele><time>2025-07-20T13:24:44.000Z</time></trkpt>
<trkpt lat="30.6228845309869" lon="104.0676954353855"><ele>478</ele><time>2025-07-20T13:24:45.000Z</time></trkpt>
<trkpt lat="30.6228845309869" lon="104.0676954353855"><ele>478</ele><time>2025-07-20T13:24:46.000Z</time></trkpt>
<trkpt lat="30.6228845309869" lon="104.0676954353855"><ele>478</ele><time>2025-07-20T13:24:47.000Z</time></trkpt>
<trkpt lat="30.6228845309869" lon="104.0676954353855"><ele>478</ele><time>2025-07-20T13:24:48.000Z</time></trkpt>
<trkpt lat="30.6228845309869" lon="104.0676954353855"><ele>479</ele><time>2025-07-20T13:24:49.000Z</time></trkpt>
<trkpt lat="30.6228845309869" lon="104.0676954353855"><ele>479</ele><time>2025-07-20T13:24:50.000Z</time></trkpt>
<trkpt lat="30.6228845309869" lon="104.0676954353855"><ele>479</ele><time>2025-07-20T13:24:51.000Z</time></trkpt>
<trkpt lat="30.6228845309869" lon="104.0676954353855"><ele>479</ele><time>2025-07-20T13:24:52.000Z</time></trkpt>
<trkpt lat="30.6228845309869" lon="104.0676954353855"><ele>478</ele><time>2025-07-20T13:24:53.000Z</time></trkpt>
<trkpt lat="30.6228845309869" lon="104.0676954353855"><ele>479</ele><time>2025-07-20T13:24:54.000Z</time></trkpt>
<trkpt lat="30.6228845309869" lon="104.0676954353855"><ele>479</ele><time>2025-07-20T13:24:55.000Z</time></trkpt>
<trkpt lat="30.6228845309869" lon="104.0676954353855"><ele>479</ele><time>2025-07-20T13:24:56.000Z</time></trkpt>
<trkpt lat="30.6228845309869" lon="104.0676954353855"><ele>479</ele><time>2025-07-20T13:24:57.000Z</time></trkpt>
<trkpt lat="30.6228845309869" lon="104.0676954353855"><ele>479</ele><time>2025-07-20T13:24:58.000Z</time></trkpt>
<trkpt lat="30.6228845309869" lon="104.0676954353855"><ele>479</ele><time>2025-07-20T13:24:59.000Z</time></trkpt>
<trkpt lat="30.6228845309869" lon="104.0676954353855"><ele>478</ele><time>2025-07-20T13:25:00.000Z</time></trkpt>
<trkpt lat="30.6228845309869" lon="104.0676954353855"><ele>477</ele><time>2025-07-20T13:25:01.000Z</time></trkpt>
<trkpt lat="30.6228845309869" lon="104.0676954353855"><ele>477</ele><time>2025-07-20T13:25:02.000Z</time></trkpt>
<trkpt lat="30.6228845309869" lon="104.0676954353855"><ele>477</ele><time>2025-07-20T13:25:03.000Z</time></trkpt>
<trkpt lat="30.6228845309869" lon="104.0676954353855"><ele>478</ele><time>2025-07-20T13:25:04.000Z</time></trkpt>
<trkpt lat="30.6228845309869" lon="104.0676954353855"><ele>478</ele><time>2025-07-20T13:25:05.000Z</time></trkpt>
<trkpt lat="30.6228845309869" lon="104.0676954353855"><ele>478</ele><time>2025-07-20T13:25:06.000Z</time></trkpt>
<trkpt lat="30.6228845309869" lon="104.0676954353855"><ele>477</ele><time>2025-07-20T13:25:07.000Z</time></trkpt>
<trkpt lat="30.6228845309869" lon="104.0676954353855"><ele>478</ele><time>2025-07-20T13:25:08.000Z</time></trkpt>
<trkpt lat="30.6228845309869" lon="104.0676954353855"><ele>478</ele><time>2025-07-20T13:25:09.000Z</time></trkpt>
<trkpt lat="30.6228845309869" lon="104.0676954353855"><ele>478</ele><time>2025-07-20T13:25:10.000Z</time></trkpt>
<trkpt lat="30.6228845309869" lon="104.0676954353855"><ele>478</ele><time>2025-07-20T13:25:11.000Z</time></trkpt>
<trkpt lat="30.6228845309869" lon="104.0676954353855"><ele>479</ele><time>2025-07-20T13:25:12.000Z</time></trkpt>
<trkpt lat="30.6228845309869" lon="104.0676954353855"><ele>479</ele><time>2025-07-20T13:25:13.000Z</time></trkpt>
<trkpt lat="30.6228845309869" lon="104.0676954353855"><ele>479</ele><time>2025-07-20T13:25:14.000Z</time></trkpt>
<trkpt lat="30.6228845309869" lon="104.0676954353855"><ele>479</ele><time>2025-07-20T13:25:15.000Z</time></trkpt>
<trkpt lat="30.6228845309869" lon="104.0676954353855"><ele>480</ele><time>2025-07-20T13:25:16.000Z</time></trkpt>
<trkpt lat="30.6228845309869" lon="104.0676954353855"><ele>480</ele><time>2025-07-20T13:25:17.000Z</time></trkpt>
<trkpt lat="30.6228845309869" lon="104.0676954353855"><ele>478</ele><time>2025-07-20T13:25:18.000Z</time></trkpt>
<trkpt lat="30.6228845309869" lon="104.0676954353855"><ele>478</ele><time>2025-07-20T13:25:19.000Z</time></trkpt>
<trkpt lat="30.6228845309869" lon="104.0676954353855"><ele>478</ele><time>2025-07-20T13:25:20.000Z</time></trkpt>
<trkpt lat="30.6228845309869" lon="104.0676954353855"><ele>478</ele><time>2025-07-20T13:25:21.000Z</time></trkpt>
<trkpt lat="30.6228845309869" lon="104.0676954353855"><ele>478</ele><time>2025-07-20T13:25:22.000Z</time></trkpt>
<trkpt lat="30.6228845309869" lon="104.0676954353855"><ele>478</ele><time>2025-07-20T13:25:23.000Z</time></trkpt>
<trkpt lat="30.6228845309869" lon="104.0676954353855"><ele>478</ele><time>2025-07-20T13:25:24.000Z</time></trkpt>
<trkpt lat="30.6228845309869" lon="104.0676954353855"><ele>478</ele><time>2025-07-20T13:25:25.000Z</time></trkpt>
<trkpt lat="30.6228845309869" lon="104.0676954353855"><ele>477</ele><time>2025-07-20T13:25:26.000Z</time></trkpt>
<trkpt lat="30.6228845309869" lon="104.0676954353855"><ele>477</ele><time>2025-07-20T13:25:27.000Z</time></trkpt>
<trkpt lat="30.6228845309869" lon="104.0676954353855"><ele>477</ele><time>2025-07-20T13:25:28.000Z</time></trkpt>
<trkpt lat="30.6228845309869" lon="104.0676954353855"><ele>477</ele><time>2025-07-20T13:25:29.000Z</time></trkpt>
<trkpt lat="30.6228845309869" lon="104.0676954353855"><ele>479</ele><time>2025-07-20T13:25:30.000Z</time></trkpt>
<trkpt lat="30.6228845309869" lon="104.0676954353855"><ele>479</ele><time>2025-07-20T13:25:31.000Z</time></trkpt>
<trkpt lat="30.6228845309869" lon="104.0676954353855"><ele>481</ele><time>2025-07-20T13:25:32.000Z</time></trkpt>
<trkpt lat="30.6228845309869" lon="104.0676954353855"><ele>481</ele><time>2025-07-20T13:25:33.000Z</time></trkpt>
<trkpt lat="30.6228845309869" lon="104.0676954353855"><ele>482</ele><time>2025-07-20T13:25:34.000Z</time></trkpt>
<trkpt lat="30.6228845309869" lon="104.0676954353855"><ele>482</ele><time>2025-07-20T13:25:35.000Z</time></trkpt>
<trkpt lat="30.6228845309869" lon="104.0676954353855"><ele>483</ele><time>2025-07-20T13:25:36.000Z</time></trkpt>
<trkpt lat="30.6228845309869" lon="104.0676954353855"><ele>484</ele><time>2025-07-20T13:25:37.000Z</time></trkpt>
<trkpt lat="30.6228845309869" lon="104.0676954353855"><ele>485</ele><time>2025-07-20T13:25:38.000Z</time></trkpt>
<trkpt lat="30.6228845309869" lon="104.0676954353855"><ele>485</ele><time>2025-07-20T13:25:39.000Z</time></trkpt>
<trkpt lat="30.6228845309869" lon="104.0676954353855"><ele>485</ele><time>2025-07-20T13:25:40.000Z</time></trkpt>
<trkpt lat="30.6228845309869" lon="104.0676954353855"><ele>485</ele><time>2025-07-20T13:25:41.000Z</time></trkpt>
<trkpt lat="30.6228845309869" lon="104.0676954353855"><ele>485</ele><time>2025-07-20T13:25:42.000Z</time></trkpt>
<trkpt lat="30.6228845309869" lon="104.0676954353855"><ele>485</ele><time>2025-07-20T13:25:43.000Z</time></trkpt>
<trkpt lat="30.6228845309869" lon="104.0676954353855"><ele>485</ele><time>2025-07-20T13:25:44.000Z</time></trkpt>
<trkpt lat="30.6228845309869" lon="104.0676954353855"><ele>486</ele><time>2025-07-20T13:25:45.000Z</time></trkpt>
<trkpt lat="30.6228845309869" lon="104.0676954353855"><ele>485</ele><time>2025-07-20T13:25:46.000Z</time></trkpt>
<trkpt lat="30.6228845309869" lon="104.0676954353855"><ele>485</ele><time>2025-07-20T13:25:47.000Z</time></trkpt>
<trkpt lat="30.6228845309869" lon="104.0676954353855"><ele>485</ele><time>2025-07-20T13:25:48.000Z</time></trkpt>
<trkpt lat="30.6228845309869" lon="104.0676954353855"><ele>485</ele><time>2025-07-20T13:25:49.000Z</time></trkpt>
<trkpt lat="30.6228845309869" lon="104.0676954353855"><ele>486</ele><time>2025-07-20T13:25:50.000Z</time></trkpt>
<trkpt lat="30.6228845309869" lon="104.0676954353855"><ele>486</ele><time>2025-07-20T13:25:51.000Z</time></trkpt>
<trkpt lat="30.6228845309869" lon="104.0676954353855"><ele>485</ele><time>2025-07-20T13:25:52.000Z</time></trkpt>
<trkpt lat="30.6228845309869" lon="104.0676954353855"><ele>485</ele><time>2025-07-20T13:25:53.000Z</time></trkpt>
<trkpt lat="30.6228845309869" lon="104.0676954353855"><ele>486</ele><time>2025-07-20T13:25:54.000Z</time></trkpt>
<trkpt lat="30.6228845309869" lon="104.0676954353855"><ele>485</ele><time>2025-07-20T13:25:55.000Z</time></trkpt>
<trkpt lat="30.6228845309869" lon="104.0676954353855"><ele>484</ele><time>2025-07-20T13:25:56.000Z</time></trkpt>
<trkpt lat="30.6228845309869" lon="104.0676954353855"><ele>484</ele><time>2025-07-20T13:25:57.000Z</time></trkpt>
<trkpt lat="30.6228845309869" lon="104.0676954353855"><ele>484</ele><time>2025-07-20T13:25:58.000Z</time></trkpt>
<trkpt lat="30.6228845309869" lon="104.0676954353855"><ele>483</ele><time>2025-07-20T13:25:59.000Z</time></trkpt>
<trkpt lat="30.6228845309869" lon="104.0676954353855"><ele>484</ele><time>2025-07-20T13:26:00.000Z</time></trkpt>
<trkpt lat="30.6228845309869" lon="104.0676954353855"><ele>484</ele><time>2025-07-20T13:26:01.000Z</time></trkpt>
<trkpt lat="30.6228845309869" lon="104.0676954353855"><ele>484</ele><time>2025-07-20T13:26:02.000Z</time></trkpt>
<trkpt lat="30.6228845309869" lon="104.0676954353855"><ele>484</ele><time>2025-07-20T13:26:03.000Z</time></trkpt>
<trkpt lat="30.6228845309869" lon="104.0676954353855"><ele>484</ele><time>2025-07-20T13:26:04.000Z</time></trkpt>
<trkpt lat="30.6228845309869" lon="104.0676954353855"><ele>483</ele><time>2025-07-20T13:26:05.000Z</time></trkpt>
<trkpt lat="30.6228845309869" lon="104.0676954353855"><ele>483</ele><time>2025-07-20T13:26:06.000Z</time></trkpt>
<trkpt lat="30.6228845309869" lon="104.0676954353855"><ele>483</ele><time>2025-07-20T13:26:07.000Z</time></trkpt>
<trkpt lat="30.6228845309869" lon="104.0676954353855"><ele>483</ele><time>2025-07-20T13:26:08.000Z</time></trkpt>
<trkpt lat="30.6228845309869" lon="104.0676954353855"><ele>483</ele><time>2025-07-20T13:26:09.000Z</time></trkpt>
<trkpt lat="30.6228845309869" lon="104.0676954353855"><ele>482</ele><time>2025-07-20T13:26:10.000Z</time></trkpt>
<trkpt lat="30.6228845309869" lon="104.0676954353855"><ele>482</ele><time>2025-07-20T13:26:11.000Z</time></trkpt>
<trkpt lat="30.6228845309869" lon="104.0676954353855"><ele>482</ele><time>2025-07-20T13:26:12.000Z</time></trkpt>
<trkpt lat="30.6228845309869" lon="104.0676954353855"><ele>483</ele><time>2025-07-20T13:26:13.000Z</time></trkpt>
<trkpt lat="30.6228845309869" lon="104.0676954353855"><ele>483</ele><time>2025-07-20T13:26:14.000Z</time></trkpt>
<trkpt lat="30.6228845309869" lon="104.0676954353855"><ele>483</ele><time>2025-07-20T13:26:15.000Z</time></trkpt>
<trkpt lat="30.6228845309869" lon="104.0676954353855"><ele>484</ele><time>2025-07-20T13:26:16.000Z</time></trkpt>
<trkpt lat="30.6228845309869" lon="104.0676954353855"><ele>485</ele><time>2025-07-20T13:26:17.000Z</time></trkpt>
<trkpt lat="30.6228845309869" lon="104.0676954353855"><ele>485</ele><time>2025-07-20T13:26:18.000Z</time></trkpt>
<trkpt lat="30.6228845309869" lon="104.0676954353855"><ele>485</ele><time>2025-07-20T13:26:19.000Z</time></trkpt>
<trkpt lat="30.6228845309869" lon="104.0676954353855"><ele>485</ele><time>2025-07-20T13:26:20.000Z</time></trkpt>
<trkpt lat="30.6228845309869" lon="104.0676954353855"><ele>485</ele><time>2025-07-20T13:26:21.000Z</time></trkpt>
<trkpt lat="30.6228845309869" lon="104.0676954353855"><ele>484</ele><time>2025-07-20T13:26:22.000Z</time></trkpt>
<trkpt lat="30.6228845309869" lon="104.0676954353855"><ele>484</ele><time>2025-07-20T13:26:23.000Z</time></trkpt>
<trkpt lat="30.6228845309869" lon="104.0676954353855"><ele>485</ele><time>2025-07-20T13:26:24.000Z</time></trkpt>
<trkpt lat="30.6228845309869" lon="104.0676954353855"><ele>485</ele><time>2025-07-20T13:26:25.000Z</time></trkpt>
<trkpt lat="30.6228845309869" lon="104.0676954353855"><ele>485</ele><time>2025-07-20T13:26:26.000Z</time></trkpt>
<trkpt lat="30.6228845309869" lon="104.0676954353855"><ele>485</ele><time>2025-07-20T13:26:27.000Z</time></trkpt>
<trkpt lat="30.6228845309869" lon="104.0676954353855"><ele>485</ele><time>2025-07-20T13:26:28.000Z</time></trkpt>
<trkpt lat="30.6228845309869" lon="104.0676954353855"><ele>485</ele><time>2025-07-20T13:26:29.000Z</time></trkpt>
<trkpt lat="30.6228845309869" lon="104.0676954353855"><ele>485</ele><time>2025-07-20T13:26:30.000Z</time></trkpt>
<trkpt lat="30.6228845309869" lon="104.0676954353855"><ele>485</ele><time>2025-07-20T13:26:31.000Z</time></trkpt>
<trkpt lat="30.6228845309869" lon="104.0676954353855"><ele>485</ele><time>2025-07-20T13:26:32.000Z</time></trkpt>
<trkpt lat="30.6228845309869" lon="104.0676954353855"><ele>485</ele><time>2025-07-20T13:26:33.000Z</time></trkpt>
<trkpt lat="30.6228845309869" lon="104.0676954353855"><ele>484</ele><time>2025-07-20T13:26:34.000Z</time></trkpt>
<trkpt lat="30.6228845309869" lon="104.0676954353855"><ele>485</ele><time>2025-07-20T13:26:35.000Z</time></trkpt>
<trkpt lat="30.6228845309869" lon="104.0676954353855"><ele>485</ele><time>2025-07-20T13:26:36.000Z</time></trkpt>
<trkpt lat="30.6228845309869" lon="104.0676954353855"><ele>485</ele><time>2025-07-20T13:26:37.000Z</time></trkpt>
<trkpt lat="30.6228845309869" lon="104.0676954353855"><ele>485</ele><time>2025-07-20T13:26:38.000Z</time></trkpt>
<trkpt lat="30.6228845309869" lon="104.0676954353855"><ele>484</ele><time>2025-07-20T13:26:39.000Z</time></trkpt>
<trkpt lat="30.6228845309869" lon="104.0676954353855"><ele>484</ele><time>2025-07-20T13:26:40.000Z</time></trkpt>
<trkpt lat="30.6228845309869" lon="104.0676954353855"><ele>484</ele><time>2025-07-20T13:26:41.000Z</time></trkpt>
<trkpt lat="30.6228845309869" lon="104.0676954353855"><ele>484</ele><time>2025-07-20T13:26:42.000Z</time></trkpt>
<trkpt lat="30.6228845309869" lon="104.0676954353855"><ele>484</ele><time>2025-07-20T13:26:43.000Z</time></trkpt>
<trkpt lat="30.6228845309869" lon="104.0676954353855"><ele>484</ele><time>2025-07-20T13:26:44.000Z</time></trkpt>
<trkpt lat="30.6228845309869" lon="104.0676954353855"><ele>484</ele><time>2025-07-20T13:26:45.000Z</time></trkpt>
<trkpt lat="30.6228845309869" lon="104.0676954353855"><ele>484</ele><time>2025-07-20T13:26:46.000Z</time></trkpt>
<trkpt lat="30.6228845309869" lon="104.0676954353855"><ele>484</ele><time>2025-07-20T13:26:47.000Z</time></trkpt>
<trkpt lat="30.6228845309869" lon="104.0676954353855"><ele>484</ele><time>2025-07-20T13:26:48.000Z</time></trkpt>
<trkpt lat="30.6228845309869" lon="104.0676954353855"><ele>484</ele><time>2025-07-20T13:26:49.000Z</time></trkpt>
<trkpt lat="30.6228845309869" lon="104.0676954353855"><ele>485</ele><time>2025-07-20T13:26:50.000Z</time></trkpt>
<trkpt lat="30.6228845309869" lon="104.0676954353855"><ele>485</ele><time>2025-07-20T13:26:51.000Z</time></trkpt>
<trkpt lat="30.6228845309869" lon="104.0676954353855"><ele>484</ele><time>2025-07-20T13:26:52.000Z</time></trkpt>
<trkpt lat="30.6228845309869" lon="104.0676954353855"><ele>484</ele><time>2025-07-20T13:26:53.000Z</time></trkpt>
<trkpt lat="30.6228845309869" lon="104.0676954353855"><ele>484</ele><time>2025-07-20T13:26:54.000Z</time></trkpt>
<trkpt lat="30.6228845309869" lon="104.0676954353855"><ele>484</ele><time>2025-07-20T13:26:55.000Z</time></trkpt>
<trkpt lat="30.6228845309869" lon="104.0676954353855"><ele>484</ele><time>2025-07-20T13:26:56.000Z</time></trkpt>
<trkpt lat="30.6228845309869" lon="104.0676954353855"><ele>484</ele><time>2025-07-20T13:26:57.000Z</time></trkpt>
<trkpt lat="30.6228845309869" lon="104.0676954353855"><ele>484</ele><time>2025-07-20T13:26:58.000Z</time></trkpt>
<trkpt lat="30.6228845309869" lon="104.0676954353855"><ele>484</ele><time>2025-07-20T13:26:59.000Z</time></trkpt>
<trkpt lat="30.6228845309869" lon="104.0676954353855"><ele>484</ele><time>2025-07-20T13:27:00.000Z</time></trkpt>
<trkpt lat="30.6228845309869" lon="104.0676954353855"><ele>484</ele><time>2025-07-20T13:27:01.000Z</time></trkpt>
<trkpt lat="30.6228845309869" lon="104.0676954353855"><ele>484</ele><time>2025-07-20T13:27:02.000Z</time></trkpt>
<trkpt lat="30.6228845309869" lon="104.0676954353855"><ele>484</ele><time>2025-07-20T13:27:03.000Z</time></trkpt>
<trkpt lat="30.6228845309869" lon="104.0676954353855"><ele>484</ele><time>2025-07-20T13:27:04.000Z</time></trkpt>
<trkpt lat="30.6228845309869" lon="104.0676954353855"><ele>483</ele><time>2025-07-20T13:27:05.000Z</time></trkpt>
<trkpt lat="30.6228845309869" lon="104.0676954353855"><ele>484</ele><time>2025-07-20T13:27:06.000Z</time></trkpt>
<trkpt lat="30.6228845309869" lon="104.0676954353855"><ele>483</ele><time>2025-07-20T13:27:07.000Z</time></trkpt>
<trkpt lat="30.6228845309869" lon="104.0676954353855"><ele>483</ele><time>2025-07-20T13:27:08.000Z</time></trkpt>
<trkpt lat="30.6228845309869" lon="104.0676954353855"><ele>483</ele><time>2025-07-20T13:27:09.000Z</time></trkpt>
<trkpt lat="30.6228845309869" lon="104.0676954353855"><ele>482</ele><time>2025-07-20T13:27:10.000Z</time></trkpt>
<trkpt lat="30.6228845309869" lon="104.0676954353855"><ele>482</ele><time>2025-07-20T13:27:11.000Z</time></trkpt>
<trkpt lat="30.6228845309869" lon="104.0676954353855"><ele>483</ele><time>2025-07-20T13:27:12.000Z</time></trkpt>
<trkpt lat="30.6228845309869" lon="104.0676954353855"><ele>483</ele><time>2025-07-20T13:27:13.000Z</time></trkpt>
<trkpt lat="30.6228845309869" lon="104.0676954353855"><ele>482</ele><time>2025-07-20T13:27:14.000Z</time></trkpt>
<trkpt lat="30.6228845309869" lon="104.0676954353855"><ele>481</ele><time>2025-07-20T13:27:15.000Z</time></trkpt>
<trkpt lat="30.6228845309869" lon="104.0676954353855"><ele>481</ele><time>2025-07-20T13:27:16.000Z</time></trkpt>
<trkpt lat="30.6228845309869" lon="104.0676954353855"><ele>480</ele><time>2025-07-20T13:27:17.000Z</time></trkpt>
<trkpt lat="30.6228845309869" lon="104.0676954353855"><ele>480</ele><time>2025-07-20T13:27:18.000Z</time></trkpt>
<trkpt lat="30.6228845309869" lon="104.0676954353855"><ele>481</ele><time>2025-07-20T13:27:19.000Z</time></trkpt>
<trkpt lat="30.6228845309869" lon="104.0676954353855"><ele>480</ele><time>2025-07-20T13:27:20.000Z</time></trkpt>
<trkpt lat="30.6228845309869" lon="104.0676954353855"><ele>481</ele><time>2025-07-20T13:27:21.000Z</time></trkpt>
<trkpt lat="30.6228845309869" lon="104.0676954353855"><ele>481</ele><time>2025-07-20T13:27:22.000Z</time></trkpt>
<trkpt lat="30.6228845309869" lon="104.0676954353855"><ele>481</ele><time>2025-07-20T13:27:23.000Z</time></trkpt>
<trkpt lat="30.6228845309869" lon="104.0676954353855"><ele>480</ele><time>2025-07-20T13:27:24.000Z</time></trkpt>
<trkpt lat="30.6228845309869" lon="104.0676954353855"><ele>481</ele><time>2025-07-20T13:27:25.000Z</time></trkpt>
<trkpt lat="30.6228845309869" lon="104.0676954353855"><ele>483</ele><time>2025-07-20T13:27:26.000Z</time></trkpt>
<trkpt lat="30.6228845309869" lon="104.0676954353855"><ele>482</ele><time>2025-07-20T13:27:27.000Z</time></trkpt>
<trkpt lat="30.6228845309869" lon="104.0676954353855"><ele>483</ele><time>2025-07-20T13:27:28.000Z</time></trkpt>
<trkpt lat="30.6228845309869" lon="104.0676954353855"><ele>484</ele><time>2025-07-20T13:27:29.000Z</time></trkpt>
<trkpt lat="30.6228845309869" lon="104.0676954353855"><ele>485</ele><time>2025-07-20T13:27:30.000Z</time></trkpt>
<trkpt lat="30.6228845309869" lon="104.0676954353855"><ele>485</ele><time>2025-07-20T13:27:31.000Z</time></trkpt>
<trkpt lat="30.6228845309869" lon="104.0676954353855"><ele>485</ele><time>2025-07-20T13:27:32.000Z</time></trkpt>
<trkpt lat="30.6228845309869" lon="104.0676954353855"><ele>485</ele><time>2025-07-20T13:27:33.000Z</time></trkpt>
<trkpt lat="30.6228845309869" lon="104.0676954353855"><ele>484</ele><time>2025-07-20T13:27:34.000Z</time></trkpt>
<trkpt lat="30.6228845309869" lon="104.0676954353855"><ele>484</ele><time>2025-07-20T13:27:35.000Z</time></trkpt>
<trkpt lat="30.6228845309869" lon="104.0676954353855"><ele>484</ele><time>2025-07-20T13:27:36.000Z</time></trkpt>
<trkpt lat="30.6228845309869" lon="104.0676954353855"><ele>484</ele><time>2025-07-20T13:27:37.000Z</time></trkpt>
<trkpt lat="30.6228845309869" lon="104.0676954353855"><ele>484</ele><time>2025-07-20T13:27:38.000Z</time></trkpt>
<trkpt lat="30.6228845309869" lon="104.0676954353855"><ele>484</ele><time>2025-07-20T13:27:39.000Z</time></trkpt>
<trkpt lat="30.6228845309869" lon="104.0676954353855"><ele>484</ele><time>2025-07-20T13:27:40.000Z</time></trkpt>
<trkpt lat="30.6228845309869" lon="104.0676954353855"><ele>484</ele><time>2025-07-20T13:27:41.000Z</time></trkpt>
<trkpt lat="30.6228845309869" lon="104.0676954353855"><ele>484</ele><time>2025-07-20T13:27:42.000Z</time></trkpt>
<trkpt lat="30.6228845309869" lon="104.0676954353855"><ele>484</ele><time>2025-07-20T13:27:43.000Z</time></trkpt>
<trkpt lat="30.6228845309869" lon="104.0676954353855"><ele>483</ele><time>2025-07-20T13:27:44.000Z</time></trkpt>
<trkpt lat="30.6228845309869" lon="104.0676954353855"><ele>481</ele><time>2025-07-20T13:27:45.000Z</time></trkpt>
<trkpt lat="30.6228845309869" lon="104.0676954353855"><ele>480</ele><time>2025-07-20T13:27:46.000Z</time></trkpt>
<trkpt lat="30.6228845309869" lon="104.0676954353855"><ele>480</ele><time>2025-07-20T13:27:47.000Z</time></trkpt>
<trkpt lat="30.6228845309869" lon="104.0676954353855"><ele>480</ele><time>2025-07-20T13:27:48.000Z</time></trkpt>
<trkpt lat="30.6228845309869" lon="104.0676954353855"><ele>479</ele><time>2025-07-20T13:27:49.000Z</time></trkpt>
<trkpt lat="30.6228845309869" lon="104.0676954353855"><ele>479</ele><time>2025-07-20T13:27:50.000Z</time></trkpt>
<trkpt lat="30.6228845309869" lon="104.0676954353855"><ele>478</ele><time>2025-07-20T13:27:51.000Z</time></trkpt>
<trkpt lat="30.6228845309869" lon="104.0676954353855"><ele>478</ele><time>2025-07-20T13:27:52.000Z</time></trkpt>
<trkpt lat="30.6228845309869" lon="104.0676954353855"><ele>478</ele><time>2025-07-20T13:27:53.000Z</time></trkpt>
<trkpt lat="30.6228845309869" lon="104.0676954353855"><ele>477</ele><time>2025-07-20T13:27:54.000Z</time></trkpt>
<trkpt lat="30.6228845309869" lon="104.0676954353855"><ele>477</ele><time>2025-07-20T13:27:55.000Z</time></trkpt>
<trkpt lat="30.6228845309869" lon="104.0676954353855"><ele>477</ele><time>2025-07-20T13:27:56.000Z</time></trkpt>
<trkpt lat="30.6228845309869" lon="104.0676954353855"><ele>478</ele><time>2025-07-20T13:27:57.000Z</time></trkpt>
<trkpt lat="30.6228845309869" lon="104.0676954353855"><ele>478</ele><time>2025-07-20T13:27:58.000Z</time></trkpt>
<trkpt lat="30.6228845309869" lon="104.0676954353855"><ele>478</ele><time>2025-07-20T13:27:59.000Z</time></trkpt>
<trkpt lat="30.6228845309869" lon="104.0676954353855"><ele>478</ele><time>2025-07-20T13:28:00.000Z</time></trkpt>
<trkpt lat="30.6228845309869" lon="104.0676954353855"><ele>477</ele><time>2025-07-20T13:28:01.000Z</time></trkpt>
<trkpt lat="30.6228845309869" lon="104.0676954353855"><ele>477</ele><time>2025-07-20T13:28:02.000Z</time></trkpt>
<trkpt lat="30.6228845309869" lon="104.0676954353855"><ele>477</ele><time>2025-07-20T13:28:03.000Z</time></trkpt>
<trkpt lat="30.6228845309869" lon="104.0676954353855"><ele>477</ele><time>2025-07-20T13:28:04.000Z</time></trkpt>
<trkpt lat="30.6228845309869" lon="104.0676954353855"><ele>477</ele><time>2025-07-20T13:28:05.000Z</time></trkpt>
<trkpt lat="30.6228845309869" lon="104.0676954353855"><ele>477</ele><time>2025-07-20T13:28:06.000Z</time></trkpt>
<trkpt lat="30.6228845309869" lon="104.0676954353855"><ele>477</ele><time>2025-07-20T13:28:07.000Z</time></trkpt>
<trkpt lat="30.6228845309869" lon="104.0676954353855"><ele>477</ele><time>2025-07-20T13:28:08.000Z</time></trkpt>
<trkpt lat="30.6228845309869" lon="104.0676954353855"><ele>477</ele><time>2025-07-20T13:28:09.000Z</time></trkpt>
<trkpt lat="30.6228845309869" lon="104.0676954353855"><ele>477</ele><time>2025-07-20T13:28:10.000Z</time></trkpt>
<trkpt lat="30.6228845309869" lon="104.0676954353855"><ele>476</ele><time>2025-07-20T13:28:11.000Z</time></trkpt>
<trkpt lat="30.6228845309869" lon="104.0676954353855"><ele>476</ele><time>2025-07-20T13:28:12.000Z</time></trkpt>
<trkpt lat="30.6228845309869" lon="104.0676954353855"><ele>476</ele><time>2025-07-20T13:28:13.000Z</time></trkpt>
<trkpt lat="30.6228845309869" lon="104.0676954353855"><ele>475</ele><time>2025-07-20T13:28:14.000Z</time></trkpt>
<trkpt lat="30.6228845309869" lon="104.0676954353855"><ele>476</ele><time>2025-07-20T13:28:15.000Z</time></trkpt>
<trkpt lat="30.6228845309869" lon="104.0676954353855"><ele>475</ele><time>2025-07-20T13:28:16.000Z</time></trkpt>
<trkpt lat="30.6228845309869" lon="104.0676954353855"><ele>475</ele><time>2025-07-20T13:28:17.000Z</time></trkpt>
<trkpt lat="30.6228845309869" lon="104.0676954353855"><ele>476</ele><time>2025-07-20T13:28:18.000Z</time></trkpt>
<trkpt lat="30.6228845309869" lon="104.0676954353855"><ele>476</ele><time>2025-07-20T13:28:19.000Z</time></trkpt>
<trkpt lat="30.6228845309869" lon="104.0676954353855"><ele>476</ele><time>2025-07-20T13:28:20.000Z</time></trkpt>
<trkpt lat="30.6228845309869" lon="104.0676954353855"><ele>477</ele><time>2025-07-20T13:28:21.000Z</time></trkpt>
<trkpt lat="30.6228845309869" lon="104.0676954353855"><ele>476</ele><time>2025-07-20T13:28:22.000Z</time></trkpt>
<trkpt lat="30.6228845309869" lon="104.0676954353855"><ele>476</ele><time>2025-07-20T13:28:23.000Z</time></trkpt>
<trkpt lat="30.6228845309869" lon="104.0676954353855"><ele>476</ele><time>2025-07-20T13:28:24.000Z</time></trkpt>
<trkpt lat="30.6228845309869" lon="104.0676954353855"><ele>476</ele><time>2025-07-20T13:28:25.000Z</time></trkpt>
<trkpt lat="30.6228845309869" lon="104.0676954353855"><ele>476</ele><time>2025-07-20T13:28:26.000Z</time></trkpt>
<trkpt lat="30.6228845309869" lon="104.0676954353855"><ele>476</ele><time>2025-07-20T13:28:27.000Z</time></trkpt>
<trkpt lat="30.6228845309869" lon="104.0676954353855"><ele>476</ele><time>2025-07-20T13:28:28.000Z</time></trkpt>
<trkpt lat="30.6228845309869" lon="104.0676954353855"><ele>476</ele><time>2025-07-20T13:28:29.000Z</time></trkpt>
<trkpt lat="30.6228845309869" lon="104.0676954353855"><ele>477</ele><time>2025-07-20T13:28:30.000Z</time></trkpt>
<trkpt lat="30.6228845309869" lon="104.0676954353855"><ele>476</ele><time>2025-07-20T13:28:31.000Z</time></trkpt>
<trkpt lat="30.6228845309869" lon="104.0676954353855"><ele>476</ele><time>2025-07-20T13:28:32.000Z</time></trkpt>
<trkpt lat="30.6228845309869" lon="104.0676954353855"><ele>476</ele><time>2025-07-20T13:28:33.000Z</time></trkpt>
<trkpt lat="30.6228845309869" lon="104.0676954353855"><ele>476</ele><time>2025-07-20T13:28:34.000Z</time></trkpt>
<trkpt lat="30.6228845309869" lon="104.0676954353855"><ele>476</ele><time>2025-07-20T13:28:35.000Z</time></trkpt>
<trkpt lat="30.6228845309869" lon="104.0676954353855"><ele>477</ele><time>2025-07-20T13:28:36.000Z</time></trkpt>
<trkpt lat="30.6228845309869" lon="104.0676954353855"><ele>477</ele><time>2025-07-20T13:28:37.000Z</time></trkpt>
<trkpt lat="30.6228845309869" lon="104.0676954353855"><ele>478</ele><time>2025-07-20T13:28:38.000Z</time></trkpt>
<trkpt lat="30.6228845309869" lon="104.0676954353855"><ele>478</ele><time>2025-07-20T13:28:39.000Z</time></trkpt>
<trkpt lat="30.6228845309869" lon="104.0676954353855"><ele>478</ele><time>2025-07-20T13:28:40.000Z</time></trkpt>
<trkpt lat="30.6228845309869" lon="104.0676954353855"><ele>477</ele><time>2025-07-20T13:28:41.000Z</time></trkpt>
<trkpt lat="30.6228845309869" lon="104.0676954353855"><ele>477</ele><time>2025-07-20T13:28:42.000Z</time></trkpt>
<trkpt lat="30.6228845309869" lon="104.0676954353855"><ele>476</ele><time>2025-07-20T13:28:43.000Z</time></trkpt>
<trkpt lat="30.6228845309869" lon="104.0676954353855"><ele>475</ele><time>2025-07-20T13:28:44.000Z</time></trkpt>
<trkpt lat="30.6228845309869" lon="104.0676954353855"><ele>476</ele><time>2025-07-20T13:28:45.000Z</time></trkpt>
<trkpt lat="30.6228845309869" lon="104.0676954353855"><ele>476</ele><time>2025-07-20T13:28:46.000Z</time></trkpt>
<trkpt lat="30.6228845309869" lon="104.0676954353855"><ele>475</ele><time>2025-07-20T13:28:47.000Z</time></trkpt>
<trkpt lat="30.6228845309869" lon="104.0676954353855"><ele>476</ele><time>2025-07-20T13:28:48.000Z</time></trkpt>
<trkpt lat="30.6228845309869" lon="104.0676954353855"><ele>476</ele><time>2025-07-20T13:28:49.000Z</time></trkpt>
<trkpt lat="30.6228845309869" lon="104.0676954353855"><ele>478</ele><time>2025-07-20T13:28:50.000Z</time></trkpt>
<trkpt lat="30.6228845309869" lon="104.0676954353855"><ele>478</ele><time>2025-07-20T13:28:51.000Z</time></trkpt>
<trkpt lat="30.6228845309869" lon="104.0676954353855"><ele>479</ele><time>2025-07-20T13:28:52.000Z</time></trkpt>
<trkpt lat="30.6228845309869" lon="104.0676954353855"><ele>479</ele><time>2025-07-20T13:28:53.000Z</time></trkpt>
<trkpt lat="30.6228845309869" lon="104.0676954353855"><ele>480</ele><time>2025-07-20T13:28:54.000Z</time></trkpt>
<trkpt lat="30.6228845309869" lon="104.0676954353855"><ele>480</ele><time>2025-07-20T13:28:55.000Z</time></trkpt>
<trkpt lat="30.6228845309869" lon="104.0676954353855"><ele>480</ele><time>2025-07-20T13:28:56.000Z</time></trkpt>
<trkpt lat="30.6228845309869" lon="104.0676954353855"><ele>480</ele><time>2025-07-20T13:28:57.000Z</time></trkpt>
<trkpt lat="30.6228845309869" lon="104.0676954353855"><ele>480</ele><time>2025-07-20T13:28:58.000Z</time></trkpt>
<trkpt lat="30.6228845309869" lon="104.0676954353855"><ele>480</ele><time>2025-07-20T13:28:59.000Z</time></trkpt>
<trkpt lat="30.6228845309869" lon="104.0676954353855"><ele>480</ele><time>2025-07-20T13:29:00.000Z</time></trkpt>
<trkpt lat="30.6228845309869" lon="104.0676954353855"><ele>480</ele><time>2025-07-20T13:29:01.000Z</time></trkpt>
<trkpt lat="30.6228845309869" lon="104.0676954353855"><ele>480</ele><time>2025-07-20T13:29:02.000Z</time></trkpt>
<trkpt lat="30.6228845309869" lon="104.0676954353855"><ele>480</ele><time>2025-07-20T13:29:03.000Z</time></trkpt>
<trkpt lat="30.6228845309869" lon="104.0676954353855"><ele>480</ele><time>2025-07-20T13:29:04.000Z</time></trkpt>
<trkpt lat="30.6228845309869" lon="104.0676954353855"><ele>480</ele><time>2025-07-20T13:29:05.000Z</time></trkpt>
<trkpt lat="30.6228845309869" lon="104.0676954353855"><ele>480</ele><time>2025-07-20T13:29:06.000Z</time></trkpt>
<trkpt lat="30.6228845309869" lon="104.0676954353855"><ele>480</ele><time>2025-07-20T13:29:07.000Z</time></trkpt>
<trkpt lat="30.6228845309869" lon="104.0676954353855"><ele>481</ele><time>2025-07-20T13:29:08.000Z</time></trkpt>
<trkpt lat="30.6228845309869" lon="104.0676954353855"><ele>481</ele><time>2025-07-20T13:29:09.000Z</time></trkpt>
<trkpt lat="30.6228845309869" lon="104.0676954353855"><ele>482</ele><time>2025-07-20T13:29:10.000Z</time></trkpt>
<trkpt lat="30.6228845309869" lon="104.0676954353855"><ele>482</ele><time>2025-07-20T13:29:11.000Z</time></trkpt>
<trkpt lat="30.6228845309869" lon="104.0676954353855"><ele>481</ele><time>2025-07-20T13:29:12.000Z</time></trkpt>
<trkpt lat="30.6228845309869" lon="104.0676954353855"><ele>481</ele><time>2025-07-20T13:29:13.000Z</time></trkpt>
<trkpt lat="30.6228845309869" lon="104.0676954353855"><ele>481</ele><time>2025-07-20T13:29:14.000Z</time></trkpt>
<trkpt lat="30.6228845309869" lon="104.0676954353855"><ele>481</ele><time>2025-07-20T13:29:15.000Z</time></trkpt>
<trkpt lat="30.6228845309869" lon="104.0676954353855"><ele>481</ele><time>2025-07-20T13:29:16.000Z</time></trkpt>
<trkpt lat="30.6228845309869" lon="104.0676954353855"><ele>481</ele><time>2025-07-20T13:29:17.000Z</time></trkpt>
<trkpt lat="30.6228845309869" lon="104.0676954353855"><ele>481</ele><time>2025-07-20T13:29:18.000Z</time></trkpt>
<trkpt lat="30.6228845309869" lon="104.0676954353855"><ele>480</ele><time>2025-07-20T13:29:19.000Z</time></trkpt>
<trkpt lat="30.6228845309869" lon="104.0676954353855"><ele>480</ele><time>2025-07-20T13:29:20.000Z</time></trkpt>
<trkpt lat="30.6228845309869" lon="104.0676954353855"><ele>479</ele><time>2025-07-20T13:29:21.000Z</time></trkpt>
<trkpt lat="30.6228845309869" lon="104.0676954353855"><ele>479</ele><time>2025-07-20T13:29:22.000Z</time></trkpt>
<trkpt lat="30.6228845309869" lon="104.0676954353855"><ele>478</ele><time>2025-07-20T13:29:23.000Z</time></trkpt>
<trkpt lat="30.6228845309869" lon="104.0676954353855"><ele>477</ele><time>2025-07-20T13:29:24.000Z</time></trkpt>
<trkpt lat="30.6228845309869" lon="104.0676954353855"><ele>477</ele><time>2025-07-20T13:29:25.000Z</time></trkpt>
<trkpt lat="30.6228845309869" lon="104.0676954353855"><ele>478</ele><time>2025-07-20T13:29:26.000Z</time></trkpt>
<trkpt lat="30.6228845309869" lon="104.0676954353855"><ele>478</ele><time>2025-07-20T13:29:27.000Z</time></trkpt>
<trkpt lat="30.6228845309869" lon="104.0676954353855"><ele>479</ele><time>2025-07-20T13:29:28.000Z</time></trkpt>
<trkpt lat="30.6228845309869" lon="104.0676954353855"><ele>479</ele><time>2025-07-20T13:29:29.000Z</time></trkpt>
<trkpt lat="30.6228845309869" lon="104.0676954353855"><ele>479</ele><time>2025-07-20T13:29:30.000Z</time></trkpt>
<trkpt lat="30.6228845309869" lon="104.0676954353855"><ele>479</ele><time>2025-07-20T13:29:31.000Z</time></trkpt>
<trkpt lat="30.6228845309869" lon="104.0676954353855"><ele>479</ele><time>2025-07-20T13:29:32.000Z</time></trkpt>
<trkpt lat="30.6228845309869" lon="104.0676954353855"><ele>479</ele><time>2025-07-20T13:29:33.000Z</time></trkpt>
<trkpt lat="30.6228845309869" lon="104.0676954353855"><ele>479</ele><time>2025-07-20T13:29:34.000Z</time></trkpt>
<trkpt lat="30.6228845309869" lon="104.0676954353855"><ele>479</ele><time>2025-07-20T13:29:35.000Z</time></trkpt>
<trkpt lat="30.6228845309869" lon="104.0676954353855"><ele>479</ele><time>2025-07-20T13:29:36.000Z</time></trkpt>
<trkpt lat="30.6228845309869" lon="104.0676954353855"><ele>479</ele><time>2025-07-20T13:29:37.000Z</time></trkpt>
<trkpt lat="30.6228845309869" lon="104.0676954353855"><ele>479</ele><time>2025-07-20T13:29:38.000Z</time></trkpt>
<trkpt lat="30.6228845309869" lon="104.0676954353855"><ele>479</ele><time>2025-07-20T13:29:39.000Z</time></trkpt>
<trkpt lat="30.6228845309869" lon="104.0676954353855"><ele>479</ele><time>2025-07-20T13:29:40.000Z</time></trkpt>
<trkpt lat="30.6228845309869" lon="104.0676954353855"><ele>479</ele><time>2025-07-20T13:29:41.000Z</time></trkpt>
<trkpt lat="30.6228845309869" lon="104.0676954353855"><ele>478</ele><time>2025-07-20T13:29:42.000Z</time></trkpt>
<trkpt lat="30.6228845309869" lon="104.0676954353855"><ele>478</ele><time>2025-07-20T13:29:43.000Z</time></trkpt>
<trkpt lat="30.6228845309869" lon="104.0676954353855"><ele>479</ele><time>2025-07-20T13:29:44.000Z</time></trkpt>
<trkpt lat="30.6228845309869" lon="104.0676954353855"><ele>479</ele><time>2025-07-20T13:29:45.000Z</time></trkpt>
<trkpt lat="30.6228845309869" lon="104.0676954353855"><ele>479</ele><time>2025-07-20T13:29:46.000Z</time></trkpt>
<trkpt lat="30.6228845309869" lon="104.0676954353855"><ele>480</ele><time>2025-07-20T13:29:47.000Z</time></trkpt>
<trkpt lat="30.6228845309869" lon="104.0676954353855"><ele>480</ele><time>2025-07-20T13:29:48.000Z</time></trkpt>
<trkpt lat="30.6228845309869" lon="104.0676954353855"><ele>479</ele><time>2025-07-20T13:29:49.000Z</time></trkpt>
<trkpt lat="30.6228845309869" lon="104.0676954353855"><ele>479</ele><time>2025-07-20T13:29:50.000Z</time></trkpt>
<trkpt lat="30.6228845309869" lon="104.0676954353855"><ele>478</ele><time>2025-07-20T13:29:51.000Z</time></trkpt>
<trkpt lat="30.6228845309869" lon="104.0676954353855"><ele>478</ele><time>2025-07-20T13:29:52.000Z</time></trkpt>
<trkpt lat="30.6228845309869" lon="104.0676954353855"><ele>478</ele><time>2025-07-20T13:29:53.000Z</time></trkpt>
<trkpt lat="30.6228845309869" lon="104.0676954353855"><ele>478</ele><time>2025-07-20T13:29:54.000Z</time></trkpt>
<trkpt lat="30.6228845309869" lon="104.0676954353855"><ele>478</ele><time>2025-07-20T13:29:55.000Z</time></trkpt>
<trkpt lat="30.6228845309869" lon="104.0676954353855"><ele>478</ele><time>2025-07-20T13:29:56.000Z</time></trkpt>
<trkpt lat="30.6228845309869" lon="104.0676954353855"><ele>478</ele><time>2025-07-20T13:29:57.000Z</time></trkpt>
<trkpt lat="30.6228845309869" lon="104.0676954353855"><ele>478</ele><time>2025-07-20T13:29:58.000Z</time></trkpt>
<trkpt lat="30.6228845309869" lon="104.0676954353855"><ele>477</ele><time>2025-07-20T13:29:59.000Z</time></trkpt>
<trkpt lat="30.6228845309869" lon="104.0676954353855"><ele>477</ele><time>2025-07-20T13:30:00.000Z</time></trkpt>
<trkpt lat="30.6228845309869" lon="104.0676954353855"><ele>477</ele><time>2025-07-20T13:30:01.000Z</time></trkpt>
<trkpt lat="30.6228845309869" lon="104.0676954353855"><ele>478</ele><time>2025-07-20T13:30:02.000Z</time></trkpt>
<trkpt lat="30.6228845309869" lon="104.0676954353855"><ele>479</ele><time>2025-07-20T13:30:03.000Z</time></trkpt>
<trkpt lat="30.6228845309869" lon="104.0676954353855"><ele>479</ele><time>2025-07-20T13:30:04.000Z</time></trkpt>
<trkpt lat="30.6228845309869" lon="104.0676954353855"><ele>479</ele><time>2025-07-20T13:30:05.000Z</time></trkpt>
<trkpt lat="30.6228845309869" lon="104.0676954353855"><ele>480</ele><time>2025-07-20T13:30:06.000Z</time></trkpt>
<trkpt lat="30.6228845309869" lon="104.0676954353855"><ele>480</ele><time>2025-07-20T13:30:07.000Z</time></trkpt>
<trkpt lat="30.6228845309869" lon="104.0676954353855"><ele>480</ele><time>2025-07-20T13:30:08.000Z</time></trkpt>
<trkpt lat="30.6228845309869" lon="104.0676954353855"><ele>480</ele><time>2025-07-20T13:30:09.000Z</time></trkpt>
<trkpt lat="30.6228845309869" lon="104.0676954353855"><ele>481</ele><time>2025-07-20T13:30:10.000Z</time></trkpt>
<trkpt lat="30.6228845309869" lon="104.0676954353855"><ele>481</ele><time>2025-07-20T13:30:11.000Z</time></trkpt>
<trkpt lat="30.6228845309869" lon="104.0676954353855"><ele>482</ele><time>2025-07-20T13:30:12.000Z</time></trkpt>
<trkpt lat="30.6228845309869" lon="104.0676954353855"><ele>482</ele><time>2025-07-20T13:30:13.000Z</time></trkpt>
<trkpt lat="30.6228845309869" lon="104.0676954353855"><ele>482</ele><time>2025-07-20T13:30:14.000Z</time></trkpt>
<trkpt lat="30.6228845309869" lon="104.0676954353855"><ele>482</ele><time>2025-07-20T13:30:15.000Z</time></trkpt>
<trkpt lat="30.6228845309869" lon="104.0676954353855"><ele>482</ele><time>2025-07-20T13:30:16.000Z</time></trkpt>
<trkpt lat="30.6228845309869" lon="104.0676954353855"><ele>482</ele><time>2025-07-20T13:30:17.000Z</time></trkpt>
<trkpt lat="30.6228845309869" lon="104.0676954353855"><ele>482</ele><time>2025-07-20T13:30:18.000Z</time></trkpt>
<trkpt lat="30.6228845309869" lon="104.0676954353855"><ele>482</ele><time>2025-07-20T13:30:19.000Z</time></trkpt>
<trkpt lat="30.6228845309869" lon="104.0676954353855"><ele>483</ele><time>2025-07-20T13:30:20.000Z</time></trkpt>
<trkpt lat="30.6228845309869" lon="104.0676954353855"><ele>483</ele><time>2025-07-20T13:30:21.000Z</time></trkpt>
<trkpt lat="30.6228845309869" lon="104.0676954353855"><ele>484</ele><time>2025-07-20T13:30:22.000Z</time></trkpt>
<trkpt lat="30.6228845309869" lon="104.0676954353855"><ele>484</ele><time>2025-07-20T13:30:23.000Z</time></trkpt>
<trkpt lat="30.6228845309869" lon="104.0676954353855"><ele>484</ele><time>2025-07-20T13:30:24.000Z</time></trkpt>
<trkpt lat="30.6228845309869" lon="104.0676954353855"><ele>484</ele><time>2025-07-20T13:30:25.000Z</time></trkpt>
<trkpt lat="30.6228845309869" lon="104.0676954353855"><ele>484</ele><time>2025-07-20T13:30:26.000Z</time></trkpt>
<trkpt lat="30.6228845309869" lon="104.0676954353855"><ele>484</ele><time>2025-07-20T13:30:27.000Z</time></trkpt>
<trkpt lat="30.6228845309869" lon="104.0676954353855"><ele>484</ele><time>2025-07-20T13:30:28.000Z</time></trkpt>
<trkpt lat="30.6228845309869" lon="104.0676954353855"><ele>484</ele><time>2025-07-20T13:30:29.000Z</time></trkpt>
<trkpt lat="30.6228845309869" lon="104.0676954353855"><ele>484</ele><time>2025-07-20T13:30:30.000Z</time></trkpt>
<trkpt lat="30.6228845309869" lon="104.0676954353855"><ele>483</ele><time>2025-07-20T13:30:31.000Z</time></trkpt>
<trkpt lat="30.6228845309869" lon="104.0676954353855"><ele>483</ele><time>2025-07-20T13:30:32.000Z</time></trkpt>
<trkpt lat="30.6228845309869" lon="104.0676954353855"><ele>483</ele><time>2025-07-20T13:30:33.000Z</time></trkpt>
<trkpt lat="30.6228845309869" lon="104.0676954353855"><ele>483</ele><time>2025-07-20T13:30:34.000Z</time></trkpt>
<trkpt lat="30.6228845309869" lon="104.0676954353855"><ele>482</ele><time>2025-07-20T13:30:35.000Z</time></trkpt>
<trkpt lat="30.6228845309869" lon="104.0676954353855"><ele>483</ele><time>2025-07-20T13:30:36.000Z</time></trkpt>
<trkpt lat="30.6228845309869" lon="104.0676954353855"><ele>482</ele><time>2025-07-20T13:30:37.000Z</time></trkpt>
<trkpt lat="30.6228845309869" lon="104.0676954353855"><ele>482</ele><time>2025-07-20T13:30:38.000Z</time></trkpt>
<trkpt lat="30.6228845309869" lon="104.0676954353855"><ele>482</ele><time>2025-07-20T13:30:39.000Z</time></trkpt>
<trkpt lat="30.6228845309869" lon="104.0676954353855"><ele>483</ele><time>2025-07-20T13:30:40.000Z</time></trkpt>
<trkpt lat="30.6228845309869" lon="104.0676954353855"><ele>483</ele><time>2025-07-20T13:30:41.000Z</time></trkpt>
<trkpt lat="30.6228845309869" lon="104.0676954353855"><ele>483</ele><time>2025-07-20T13:30:42.000Z</time></trkpt>
<trkpt lat="30.6228845309869" lon="104.0676954353855"><ele>483</ele><time>2025-07-20T13:30:43.000Z</time></trkpt>
<trkpt lat="30.6228845309869" lon="104.0676954353855"><ele>483</ele><time>2025-07-20T13:30:44.000Z</time></trkpt>
<trkpt lat="30.6228845309869" lon="104.0676954353855"><ele>482</ele><time>2025-07-20T13:30:45.000Z</time></trkpt>
<trkpt lat="30.6228845309869" lon="104.0676954353855"><ele>482</ele><time>2025-07-20T13:30:46.000Z</time></trkpt>
<trkpt lat="30.6228845309869" lon="104.0676954353855"><ele>482</ele><time>2025-07-20T13:30:47.000Z</time></trkpt>
<trkpt lat="30.6228845309869" lon="104.0676954353855"><ele>481</ele><time>2025-07-20T13:30:48.000Z</time></trkpt>
<trkpt lat="30.6228845309869" lon="104.0676954353855"><ele>481</ele><time>2025-07-20T13:30:49.000Z</time></trkpt>
<trkpt lat="30.6228845309869" lon="104.0676954353855"><ele>481</ele><time>2025-07-20T13:30:50.000Z</time></trkpt>
<trkpt lat="30.6228845309869" lon="104.0676954353855"><ele>481</ele><time>2025-07-20T13:30:51.000Z</time></trkpt>
<trkpt lat="30.6228845309869" lon="104.0676954353855"><ele>481</ele><time>2025-07-20T13:30:52.000Z</time></trkpt>
<trkpt lat="30.6228845309869" lon="104.0676954353855"><ele>481</ele><time>2025-07-20T13:30:53.000Z</time></trkpt>
<trkpt lat="30.6228845309869" lon="104.0676954353855"><ele>481</ele><time>2025-07-20T13:30:54.000Z</time></trkpt>
<trkpt lat="30.6228845309869" lon="104.0676954353855"><ele>481</ele><time>2025-07-20T13:30:55.000Z</time></trkpt>
<trkpt lat="30.6228845309869" lon="104.0676954353855"><ele>482</ele><time>2025-07-20T13:30:56.000Z</time></trkpt>
<trkpt lat="30.6228845309869" lon="104.0676954353855"><ele>480</ele><time>2025-07-20T13:30:57.000Z</time></trkpt>
<trkpt lat="30.6228845309869" lon="104.0676954353855"><ele>480</ele><time>2025-07-20T13:30:58.000Z</time></trkpt>
<trkpt lat="30.6228845309869" lon="104.0676954353855"><ele>479</ele><time>2025-07-20T13:30:59.000Z</time></trkpt>
<trkpt lat="30.6228845309869" lon="104.0676954353855"><ele>479</ele><time>2025-07-20T13:31:00.000Z</time></trkpt>
<trkpt lat="30.6228845309869" lon="104.0676954353855"><ele>478</ele><time>2025-07-20T13:31:01.000Z</time></trkpt>
<trkpt lat="30.6228845309869" lon="104.0676954353855"><ele>478</ele><time>2025-07-20T13:31:02.000Z</time></trkpt>
<trkpt lat="30.6228845309869" lon="104.0676954353855"><ele>479</ele><time>2025-07-20T13:31:03.000Z</time></trkpt>
<trkpt lat="30.6228845309869" lon="104.0676954353855"><ele>478</ele><time>2025-07-20T13:31:04.000Z</time></trkpt>
<trkpt lat="30.6228845309869" lon="104.0676954353855"><ele>479</ele><time>2025-07-20T13:31:05.000Z</time></trkpt>
<trkpt lat="30.6228845309869" lon="104.0676954353855"><ele>479</ele><time>2025-07-20T13:31:06.000Z</time></trkpt>
<trkpt lat="30.6228845309869" lon="104.0676954353855"><ele>479</ele><time>2025-07-20T13:31:07.000Z</time></trkpt>
<trkpt lat="30.6228845309869" lon="104.0676954353855"><ele>479</ele><time>2025-07-20T13:31:08.000Z</time></trkpt>
<trkpt lat="30.6228845309869" lon="104.0676954353855"><ele>478</ele><time>2025-07-20T13:31:09.000Z</time></trkpt>
<trkpt lat="30.6228845309869" lon="104.0676954353855"><ele>478</ele><time>2025-07-20T13:31:10.000Z</time></trkpt>
<trkpt lat="30.6228845309869" lon="104.0676954353855"><ele>479</ele><time>2025-07-20T13:31:11.000Z</time></trkpt>
<trkpt lat="30.6228845309869" lon="104.0676954353855"><ele>479</ele><time>2025-07-20T13:31:12.000Z</time></trkpt>
<trkpt lat="30.6228845309869" lon="104.0676954353855"><ele>479</ele><time>2025-07-20T13:31:13.000Z</time></trkpt>
<trkpt lat="30.6228845309869" lon="104.0676954353855"><ele>479</ele><time>2025-07-20T13:31:14.000Z</time></trkpt>
<trkpt lat="30.6228845309869" lon="104.0676954353855"><ele>479</ele><time>2025-07-20T13:31:15.000Z</time></trkpt>
<trkpt lat="30.6228845309869" lon="104.0676954353855"><ele>479</ele><time>2025-07-20T13:31:16.000Z</time></trkpt>
<trkpt lat="30.6228845309869" lon="104.0676954353855"><ele>479</ele><time>2025-07-20T13:31:17.000Z</time></trkpt>
<trkpt lat="30.6228845309869" lon="104.0676954353855"><ele>478</ele><time>2025-07-20T13:31:18.000Z</time></trkpt>
<trkpt lat="30.6228845309869" lon="104.0676954353855"><ele>478</ele><time>2025-07-20T13:31:19.000Z</time></trkpt>
<trkpt lat="30.6228845309869" lon="104.0676954353855"><ele>478</ele><time>2025-07-20T13:31:20.000Z</time></trkpt>
<trkpt lat="30.6228845309869" lon="104.0676954353855"><ele>478</ele><time>2025-07-20T13:31:21.000Z</time></trkpt>
<trkpt lat="30.6228845309869" lon="104.0676954353855"><ele>478</ele><time>2025-07-20T13:31:22.000Z</time></trkpt>
<trkpt lat="30.6228845309869" lon="104.0676954353855"><ele>478</ele><time>2025-07-20T13:31:23.000Z</time></trkpt>
<trkpt lat="30.6228845309869" lon="104.0676954353855"><ele>478</ele><time>2025-07-20T13:31:24.000Z</time></trkpt>
<trkpt lat="30.6228845309869" lon="104.0676954353855"><ele>478</ele><time>2025-07-20T13:31:25.000Z</time></trkpt>
<trkpt lat="30.6228845309869" lon="104.0676954353855"><ele>478</ele><time>2025-07-20T13:31:26.000Z</time></trkpt>
<trkpt lat="30.6228845309869" lon="104.0676954353855"><ele>478</ele><time>2025-07-20T13:31:27.000Z</time></trkpt>
<trkpt lat="30.6228845309869" lon="104.0676954353855"><ele>478</ele><time>2025-07-20T13:31:28.000Z</time></trkpt>
<trkpt lat="30.6228845309869" lon="104.0676954353855"><ele>478</ele><time>2025-07-20T13:31:29.000Z</time></trkpt>
<trkpt lat="30.6228845309869" lon="104.0676954353855"><ele>478</ele><time>2025-07-20T13:31:30.000Z</time></trkpt>
<trkpt lat="30.6228845309869" lon="104.0676954353855"><ele>478</ele><time>2025-07-20T13:31:31.000Z</time></trkpt>
<trkpt lat="30.6228845309869" lon="104.0676954353855"><ele>478</ele><time>2025-07-20T13:31:32.000Z</time></trkpt>
<trkpt lat="30.6228845309869" lon="104.0676954353855"><ele>478</ele><time>2025-07-20T13:31:33.000Z</time></trkpt>
<trkpt lat="30.6228845309869" lon="104.0676954353855"><ele>478</ele><time>2025-07-20T13:31:34.000Z</time></trkpt>
<trkpt lat="30.6228845309869" lon="104.0676954353855"><ele>478</ele><time>2025-07-20T13:31:35.000Z</time></trkpt>
<trkpt lat="30.6228845309869" lon="104.0676954353855"><ele>478</ele><time>2025-07-20T13:31:36.000Z</time></trkpt>
<trkpt lat="30.6228845309869" lon="104.0676954353855"><ele>478</ele><time>2025-07-20T13:31:37.000Z</time></trkpt>
<trkpt lat="30.6228845309869" lon="104.0676954353855"><ele>478</ele><time>2025-07-20T13:31:38.000Z</time></trkpt>
<trkpt lat="30.6228845309869" lon="104.0676954353855"><ele>478</ele><time>2025-07-20T13:31:39.000Z</time></trkpt>
<trkpt lat="30.6228845309869" lon="104.0676954353855"><ele>478</ele><time>2025-07-20T13:31:40.000Z</time></trkpt>
<trkpt lat="30.6228845309869" lon="104.0676954353855"><ele>478</ele><time>2025-07-20T13:31:41.000Z</time></trkpt>
<trkpt lat="30.6228845309869" lon="104.0676954353855"><ele>478</ele><time>2025-07-20T13:31:42.000Z</time></trkpt>
<trkpt lat="30.6228845309869" lon="104.0676954353855"><ele>477</ele><time>2025-07-20T13:31:43.000Z</time></trkpt>
<trkpt lat="30.6228845309869" lon="104.0676954353855"><ele>477</ele><time>2025-07-20T13:31:44.000Z</time></trkpt>
<trkpt lat="30.6228845309869" lon="104.0676954353855"><ele>477</ele><time>2025-07-20T13:31:45.000Z</time></trkpt>
<trkpt lat="30.6228845309869" lon="104.0676954353855"><ele>477</ele><time>2025-07-20T13:31:46.000Z</time></trkpt>
<trkpt lat="30.6228845309869" lon="104.0676954353855"><ele>477</ele><time>2025-07-20T13:31:47.000Z</time></trkpt>
<trkpt lat="30.6228845309869" lon="104.0676954353855"><ele>477</ele><time>2025-07-20T13:31:48.000Z</time></trkpt>
<trkpt lat="30.6228845309869" lon="104.0676954353855"><ele>477</ele><time>2025-07-20T13:31:49.000Z</time></trkpt>
<trkpt lat="30.6228845309869" lon="104.0676954353855"><ele>478</ele><time>2025-07-20T13:31:50.000Z</time></trkpt>
<trkpt lat="30.6228845309869" lon="104.0676954353855"><ele>478</ele><time>2025-07-20T13:31:51.000Z</time></trkpt>
<trkpt lat="30.6228845309869" lon="104.0676954353855"><ele>478</ele><time>2025-07-20T13:31:52.000Z</time></trkpt>
<trkpt lat="30.6228845309869" lon="104.0676954353855"><ele>478</ele><time>2025-07-20T13:31:53.000Z</time></trkpt>
<trkpt lat="30.6228845309869" lon="104.0676954353855"><ele>478</ele><time>2025-07-20T13:31:54.000Z</time></trkpt>
<trkpt lat="30.6228845309869" lon="104.0676954353855"><ele>478</ele><time>2025-07-20T13:31:55.000Z</time></trkpt>
<trkpt lat="30.6228845309869" lon="104.0676954353855"><ele>478</ele><time>2025-07-20T13:31:56.000Z</time></trkpt>
<trkpt lat="30.6228845309869" lon="104.0676954353855"><ele>478</ele><time>2025-07-20T13:31:57.000Z</time></trkpt>
<trkpt lat="30.6228845309869" lon="104.0676954353855"><ele>478</ele><time>2025-07-20T13:31:58.000Z</time></trkpt>
<trkpt lat="30.6228845309869" lon="104.0676954353855"><ele>478</ele><time>2025-07-20T13:31:59.000Z</time></trkpt>
<trkpt lat="30.6228845309869" lon="104.0676954353855"><ele>478</ele><time>2025-07-20T13:32:00.000Z</time></trkpt>
<trkpt lat="30.6228845309869" lon="104.0676954353855"><ele>478</ele><time>2025-07-20T13:32:01.000Z</time></trkpt>
<trkpt lat="30.6228845309869" lon="104.0676954353855"><ele>478</ele><time>2025-07-20T13:32:02.000Z</time></trkpt>
<trkpt lat="30.6228845309869" lon="104.0676954353855"><ele>478</ele><time>2025-07-20T13:32:03.000Z</time></trkpt>
<trkpt lat="30.6228845309869" lon="104.0676954353855"><ele>478</ele><time>2025-07-20T13:32:04.000Z</time></trkpt>
<trkpt lat="30.6228845309869" lon="104.0676954353855"><ele>478</ele><time>2025-07-20T13:32:05.000Z</time></trkpt>
<trkpt lat="30.6228845309869" lon="104.0676954353855"><ele>478</ele><time>2025-07-20T13:32:06.000Z</time></trkpt>
<trkpt lat="30.6228845309869" lon="104.0676954353855"><ele>478</ele><time>2025-07-20T13:32:07.000Z</time></trkpt>
<trkpt lat="30.6228845309869" lon="104.0676954353855"><ele>478</ele><time>2025-07-20T13:32:08.000Z</time></trkpt>
<trkpt lat="30.6228845309869" lon="104.0676954353855"><ele>478</ele><time>2025-07-20T13:32:09.000Z</time></trkpt>
<trkpt lat="30.6228845309869" lon="104.0676954353855"><ele>478</ele><time>2025-07-20T13:32:10.000Z</time></trkpt>
<trkpt lat="30.6228845309869" lon="104.0676954353855"><ele>478</ele><time>2025-07-20T13:32:11.000Z</time></trkpt>
<trkpt lat="30.6228845309869" lon="104.0676954353855"><ele>479</ele><time>2025-07-20T13:32:12.000Z</time></trkpt>
<trkpt lat="30.6228845309869" lon="104.0676954353855"><ele>479</ele><time>2025-07-20T13:32:13.000Z</time></trkpt>
<trkpt lat="30.6228845309869" lon="104.0676954353855"><ele>479</ele><time>2025-07-20T13:32:14.000Z</time></trkpt>
<trkpt lat="30.6228845309869" lon="104.0676954353855"><ele>479</ele><time>2025-07-20T13:32:15.000Z</time></trkpt>
<trkpt lat="30.6228845309869" lon="104.0676954353855"><ele>479</ele><time>2025-07-20T13:32:16.000Z</time></trkpt>
<trkpt lat="30.6228845309869" lon="104.0676954353855"><ele>479</ele><time>2025-07-20T13:32:17.000Z</time></trkpt>
<trkpt lat="30.6228845309869" lon="104.0676954353855"><ele>479</ele><time>2025-07-20T13:32:18.000Z</time></trkpt>
<trkpt lat="30.6228845309869" lon="104.0676954353855"><ele>480</ele><time>2025-07-20T13:32:19.000Z</time></trkpt>
<trkpt lat="30.6228845309869" lon="104.0676954353855"><ele>480</ele><time>2025-07-20T13:32:20.000Z</time></trkpt>
<trkpt lat="30.6228845309869" lon="104.0676954353855"><ele>480</ele><time>2025-07-20T13:32:21.000Z</time></trkpt>
<trkpt lat="30.6228845309869" lon="104.0676954353855"><ele>480</ele><time>2025-07-20T13:32:22.000Z</time></trkpt>
<trkpt lat="30.6228845309869" lon="104.0676954353855"><ele>480</ele><time>2025-07-20T13:32:23.000Z</time></trkpt>
<trkpt lat="30.6228845309869" lon="104.0676954353855"><ele>480</ele><time>2025-07-20T13:32:24.000Z</time></trkpt>
<trkpt lat="30.6228845309869" lon="104.0676954353855"><ele>480</ele><time>2025-07-20T13:32:25.000Z</time></trkpt>
<trkpt lat="30.6228845309869" lon="104.0676954353855"><ele>480</ele><time>2025-07-20T13:32:26.000Z</time></trkpt>
<trkpt lat="30.6228845309869" lon="104.0676954353855"><ele>480</ele><time>2025-07-20T13:32:27.000Z</time></trkpt>
<trkpt lat="30.6228845309869" lon="104.0676954353855"><ele>481</ele><time>2025-07-20T13:32:28.000Z</time></trkpt>
<trkpt lat="30.6228845309869" lon="104.0676954353855"><ele>481</ele><time>2025-07-20T13:32:29.000Z</time></trkpt>
<trkpt lat="30.6228845309869" lon="104.0676954353855"><ele>482</ele><time>2025-07-20T13:32:30.000Z</time></trkpt>
<trkpt lat="30.6228845309869" lon="104.0676954353855"><ele>482</ele><time>2025-07-20T13:32:31.000Z</time></trkpt>
<trkpt lat="30.6228845309869" lon="104.0676954353855"><ele>482</ele><time>2025-07-20T13:32:32.000Z</time></trkpt>
<trkpt lat="30.6228845309869" lon="104.0676954353855"><ele>483</ele><time>2025-07-20T13:32:33.000Z</time></trkpt>
<trkpt lat="30.6228845309869" lon="104.0676954353855"><ele>483</ele><time>2025-07-20T13:32:34.000Z</time></trkpt>
<trkpt lat="30.6228845309869" lon="104.0676954353855"><ele>483</ele><time>2025-07-20T13:32:35.000Z</time></trkpt>
<trkpt lat="30.6228845309869" lon="104.0676954353855"><ele>483</ele><time>2025-07-20T13:32:36.000Z</time></trkpt>
<trkpt lat="30.6228845309869" lon="104.0676954353855"><ele>483</ele><time>2025-07-20T13:32:37.000Z</time></trkpt>
<trkpt lat="30.6228845309869" lon="104.0676954353855"><ele>483</ele><time>2025-07-20T13:32:38.000Z</time></trkpt>
<trkpt lat="30.6228845309869" lon="104.0676954353855"><ele>482</ele><time>2025-07-20T13:32:39.000Z</time></trkpt>
<trkpt lat="30.6228845309869" lon="104.0676954353855"><ele>482</ele><time>2025-07-20T13:32:40.000Z</time></trkpt>
<trkpt lat="30.6228845309869" lon="104.0676954353855"><ele>482</ele><time>2025-07-20T13:32:41.000Z</time></trkpt>
<trkpt lat="30.6228845309869" lon="104.0676954353855"><ele>482</ele><time>2025-07-20T13:32:42.000Z</time></trkpt>
<trkpt lat="30.6228845309869" lon="104.0676954353855"><ele>482</ele><time>2025-07-20T13:32:43.000Z</time></trkpt>
<trkpt lat="30.6228845309869" lon="104.0676954353855"><ele>482</ele><time>2025-07-20T13:32:44.000Z</time></trkpt>
<trkpt lat="30.6228845309869" lon="104.0676954353855"><ele>481</ele><time>2025-07-20T13:32:45.000Z</time></trkpt>
<trkpt lat="30.6228845309869" lon="104.0676954353855"><ele>481</ele><time>2025-07-20T13:32:46.000Z</time></trkpt>
<trkpt lat="30.6228845309869" lon="104.0676954353855"><ele>481</ele><time>2025-07-20T13:32:47.000Z</time></trkpt>
<trkpt lat="30.6228845309869" lon="104.0676954353855"><ele>481</ele><time>2025-07-20T13:32:48.000Z</time></trkpt>
<trkpt lat="30.6228845309869" lon="104.0676954353855"><ele>481</ele><time>2025-07-20T13:32:49.000Z</time></trkpt>
<trkpt lat="30.6228845309869" lon="104.0676954353855"><ele>480</ele><time>2025-07-20T13:32:50.000Z</time></trkpt>
<trkpt lat="30.6228845309869" lon="104.0676954353855"><ele>481</ele><time>2025-07-20T13:32:51.000Z</time></trkpt>
<trkpt lat="30.6228845309869" lon="104.0676954353855"><ele>481</ele><time>2025-07-20T13:32:52.000Z</time></trkpt>
<trkpt lat="30.6228845309869" lon="104.0676954353855"><ele>481</ele><time>2025-07-20T13:32:53.000Z</time></trkpt>
<trkpt lat="30.6228845309869" lon="104.0676954353855"><ele>480</ele><time>2025-07-20T13:32:54.000Z</time></trkpt>
<trkpt lat="30.6228845309869" lon="104.0676954353855"><ele>481</ele><time>2025-07-20T13:32:55.000Z</time></trkpt>
<trkpt lat="30.6228845309869" lon="104.0676954353855"><ele>482</ele><time>2025-07-20T13:32:56.000Z</time></trkpt>
<trkpt lat="30.6228845309869" lon="104.0676954353855"><ele>482</ele><time>2025-07-20T13:32:57.000Z</time></trkpt>
<trkpt lat="30.6228845309869" lon="104.0676954353855"><ele>482</ele><time>2025-07-20T13:32:58.000Z</time></trkpt>
<trkpt lat="30.6228845309869" lon="104.0676954353855"><ele>483</ele><time>2025-07-20T13:32:59.000Z</time></trkpt>
<trkpt lat="30.6228845309869" lon="104.0676954353855"><ele>483</ele><time>2025-07-20T13:33:00.000Z</time></trkpt>
<trkpt lat="30.6228845309869" lon="104.0676954353855"><ele>484</ele><time>2025-07-20T13:33:01.000Z</time></trkpt>
<trkpt lat="30.6228845309869" lon="104.0676954353855"><ele>486</ele><time>2025-07-20T13:33:02.000Z</time></trkpt>
<trkpt lat="30.6228845309869" lon="104.0676954353855"><ele>487</ele><time>2025-07-20T13:33:03.000Z</time></trkpt>
<trkpt lat="30.6228845309869" lon="104.0676954353855"><ele>487</ele><time>2025-07-20T13:33:04.000Z</time></trkpt>
<trkpt lat="30.6228845309869" lon="104.0676954353855"><ele>487</ele><time>2025-07-20T13:33:05.000Z</time></trkpt>
<trkpt lat="30.6228845309869" lon="104.0676954353855"><ele>487</ele><time>2025-07-20T13:33:06.000Z</time></trkpt>
<trkpt lat="30.6228845309869" lon="104.0676954353855"><ele>488</ele><time>2025-07-20T13:33:07.000Z</time></trkpt>
<trkpt lat="30.6228845309869" lon="104.0676954353855"><ele>489</ele><time>2025-07-20T13:33:08.000Z</time></trkpt>
<trkpt lat="30.6228845309869" lon="104.0676954353855"><ele>489</ele><time>2025-07-20T13:33:09.000Z</time></trkpt>
<trkpt lat="30.6228845309869" lon="104.0676954353855"><ele>488</ele><time>2025-07-20T13:33:10.000Z</time></trkpt>
<trkpt lat="30.6228845309869" lon="104.0676954353855"><ele>489</ele><time>2025-07-20T13:33:11.000Z</time></trkpt>
<trkpt lat="30.6228845309869" lon="104.0676954353855"><ele>489</ele><time>2025-07-20T13:33:12.000Z</time></trkpt>
<trkpt lat="30.6228845309869" lon="104.0676954353855"><ele>489</ele><time>2025-07-20T13:33:13.000Z</time></trkpt>
<trkpt lat="30.6228845309869" lon="104.0676954353855"><ele>488</ele><time>2025-07-20T13:33:14.000Z</time></trkpt>
<trkpt lat="30.6228845309869" lon="104.0676954353855"><ele>487</ele><time>2025-07-20T13:33:15.000Z</time></trkpt>
<trkpt lat="30.6228845309869" lon="104.0676954353855"><ele>487</ele><time>2025-07-20T13:33:16.000Z</time></trkpt>
<trkpt lat="30.6228845309869" lon="104.0676954353855"><ele>486</ele><time>2025-07-20T13:33:17.000Z</time></trkpt>
<trkpt lat="30.6228845309869" lon="104.0676954353855"><ele>486</ele><time>2025-07-20T13:33:18.000Z</time></trkpt>
<trkpt lat="30.6228845309869" lon="104.0676954353855"><ele>486</ele><time>2025-07-20T13:33:19.000Z</time></trkpt>
<trkpt lat="30.6228845309869" lon="104.0676954353855"><ele>486</ele><time>2025-07-20T13:33:20.000Z</time></trkpt>
<trkpt lat="30.6228845309869" lon="104.0676954353855"><ele>485</ele><time>2025-07-20T13:33:21.000Z</time></trkpt>
<trkpt lat="30.6228845309869" lon="104.0676954353855"><ele>485</ele><time>2025-07-20T13:33:22.000Z</time></trkpt>
<trkpt lat="30.6228845309869" lon="104.0676954353855"><ele>485</ele><time>2025-07-20T13:33:23.000Z</time></trkpt>
<trkpt lat="30.6228845309869" lon="104.0676954353855"><ele>485</ele><time>2025-07-20T13:33:24.000Z</time></trkpt>
<trkpt lat="30.6228845309869" lon="104.0676954353855"><ele>485</ele><time>2025-07-20T13:33:25.000Z</time></trkpt>
<trkpt lat="30.6228845309869" lon="104.0676954353855"><ele>484</ele><time>2025-07-20T13:33:26.000Z</time></trkpt>
<trkpt lat="30.6228845309869" lon="104.0676954353855"><ele>484</ele><time>2025-07-20T13:33:27.000Z</time></trkpt>
<trkpt lat="30.6228845309869" lon="104.0676954353855"><ele>483</ele><time>2025-07-20T13:33:28.000Z</time></trkpt>
<trkpt lat="30.6228845309869" lon="104.0676954353855"><ele>484</ele><time>2025-07-20T13:33:29.000Z</time></trkpt>
<trkpt lat="30.6228845309869" lon="104.0676954353855"><ele>483</ele><time>2025-07-20T13:33:30.000Z</time></trkpt>
<trkpt lat="30.6228845309869" lon="104.0676954353855"><ele>482</ele><time>2025-07-20T13:33:31.000Z</time></trkpt>
<trkpt lat="30.6228845309869" lon="104.0676954353855"><ele>482</ele><time>2025-07-20T13:33:32.000Z</time></trkpt>
<trkpt lat="30.6228845309869" lon="104.0676954353855"><ele>481</ele><time>2025-07-20T13:33:33.000Z</time></trkpt>
<trkpt lat="30.6228845309869" lon="104.0676954353855"><ele>481</ele><time>2025-07-20T13:33:34.000Z</time></trkpt>
<trkpt lat="30.6228845309869" lon="104.0676954353855"><ele>481</ele><time>2025-07-20T13:33:35.000Z</time></trkpt>
<trkpt lat="30.6228845309869" lon="104.0676954353855"><ele>481</ele><time>2025-07-20T13:33:36.000Z</time></trkpt>
<trkpt lat="30.6228845309869" lon="104.0676954353855"><ele>481</ele><time>2025-07-20T13:33:37.000Z</time></trkpt>
<trkpt lat="30.6228845309869" lon="104.0676954353855"><ele>481</ele><time>2025-07-20T13:33:38.000Z</time></trkpt>
<trkpt lat="30.6228845309869" lon="104.0676954353855"><ele>481</ele><time>2025-07-20T13:33:39.000Z</time></trkpt>
<trkpt lat="30.6228845309869" lon="104.0676954353855"><ele>480</ele><time>2025-07-20T13:33:40.000Z</time></trkpt>
<trkpt lat="30.6228845309869" lon="104.0676954353855"><ele>480</ele><time>2025-07-20T13:33:41.000Z</time></trkpt>
<trkpt lat="30.6228845309869" lon="104.0676954353855"><ele>481</ele><time>2025-07-20T13:33:42.000Z</time></trkpt>
<trkpt lat="30.6228845309869" lon="104.0676954353855"><ele>481</ele><time>2025-07-20T13:33:43.000Z</time></trkpt>
<trkpt lat="30.6228845309869" lon="104.0676954353855"><ele>480</ele><time>2025-07-20T13:33:44.000Z</time></trkpt>
<trkpt lat="30.6228845309869" lon="104.0676954353855"><ele>479</ele><time>2025-07-20T13:33:45.000Z</time></trkpt>
<trkpt lat="30.6228845309869" lon="104.0676954353855"><ele>479</ele><time>2025-07-20T13:33:46.000Z</time></trkpt>
<trkpt lat="30.6228845309869" lon="104.0676954353855"><ele>480</ele><time>2025-07-20T13:33:47.000Z</time></trkpt>
<trkpt lat="30.6228845309869" lon="104.0676954353855"><ele>480</ele><time>2025-07-20T13:33:48.000Z</time></trkpt>
<trkpt lat="30.6228845309869" lon="104.0676954353855"><ele>481</ele><time>2025-07-20T13:33:49.000Z</time></trkpt>
<trkpt lat="30.6228845309869" lon="104.0676954353855"><ele>482</ele><time>2025-07-20T13:33:50.000Z</time></trkpt>
<trkpt lat="30.6228845309869" lon="104.0676954353855"><ele>482</ele><time>2025-07-20T13:33:51.000Z</time></trkpt>
<trkpt lat="30.6228845309869" lon="104.0676954353855"><ele>483</ele><time>2025-07-20T13:33:52.000Z</time></trkpt>
<trkpt lat="30.6228845309869" lon="104.0676954353855"><ele>483</ele><time>2025-07-20T13:33:53.000Z</time></trkpt>
<trkpt lat="30.6228845309869" lon="104.0676954353855"><ele>482</ele><time>2025-07-20T13:33:54.000Z</time></trkpt>
<trkpt lat="30.6228845309869" lon="104.0676954353855"><ele>483</ele><time>2025-07-20T13:33:55.000Z</time></trkpt>
<trkpt lat="30.6228845309869" lon="104.0676954353855"><ele>484</ele><time>2025-07-20T13:33:56.000Z</time></trkpt>
<trkpt lat="30.6228845309869" lon="104.0676954353855"><ele>485</ele><time>2025-07-20T13:33:57.000Z</time></trkpt>
<trkpt lat="30.6228845309869" lon="104.0676954353855"><ele>486</ele><time>2025-07-20T13:33:58.000Z</time></trkpt>
<trkpt lat="30.6228845309869" lon="104.0676954353855"><ele>488</ele><time>2025-07-20T13:33:59.000Z</time></trkpt>
<trkpt lat="30.6228845309869" lon="104.0676954353855"><ele>486</ele><time>2025-07-20T13:34:00.000Z</time></trkpt>
<trkpt lat="30.6228845309869" lon="104.0676954353855"><ele>486</ele><time>2025-07-20T13:34:01.000Z</time></trkpt>
<trkpt lat="30.6228845309869" lon="104.0676954353855"><ele>486</ele><time>2025-07-20T13:34:02.000Z</time></trkpt>
<trkpt lat="30.6228845309869" lon="104.0676954353855"><ele>487</ele><time>2025-07-20T13:34:03.000Z</time></trkpt>
<trkpt lat="30.6228845309869" lon="104.0676954353855"><ele>487</ele><time>2025-07-20T13:34:04.000Z</time></trkpt>
<trkpt lat="30.6228845309869" lon="104.0676954353855"><ele>487</ele><time>2025-07-20T13:34:05.000Z</time></trkpt>
<trkpt lat="30.6228845309869" lon="104.0676954353855"><ele>487</ele><time>2025-07-20T13:34:06.000Z</time></trkpt>
<trkpt lat="30.6228845309869" lon="104.0676954353855"><ele>486</ele><time>2025-07-20T13:34:07.000Z</time></trkpt>
<trkpt lat="30.6228845309869" lon="104.0676954353855"><ele>485</ele><time>2025-07-20T13:34:08.000Z</time></trkpt>
<trkpt lat="30.6228845309869" lon="104.0676954353855"><ele>485</ele><time>2025-07-20T13:34:09.000Z</time></trkpt>
<trkpt lat="30.6228845309869" lon="104.0676954353855"><ele>484</ele><time>2025-07-20T13:34:10.000Z</time></trkpt>
<trkpt lat="30.6228845309869" lon="104.0676954353855"><ele>484</ele><time>2025-07-20T13:34:11.000Z</time></trkpt>
<trkpt lat="30.6228845309869" lon="104.0676954353855"><ele>483</ele><time>2025-07-20T13:34:12.000Z</time></trkpt>
<trkpt lat="30.6228845309869" lon="104.0676954353855"><ele>483</ele><time>2025-07-20T13:34:13.000Z</time></trkpt>
<trkpt lat="30.6228845309869" lon="104.0676954353855"><ele>483</ele><time>2025-07-20T13:34:14.000Z</time></trkpt>
<trkpt lat="30.6228845309869" lon="104.0676954353855"><ele>484</ele><time>2025-07-20T13:34:15.000Z</time></trkpt>
<trkpt lat="30.6228845309869" lon="104.0676954353855"><ele>484</ele><time>2025-07-20T13:34:16.000Z</time></trkpt>
<trkpt lat="30.6228845309869" lon="104.0676954353855"><ele>484</ele><time>2025-07-20T13:34:17.000Z</time></trkpt>
<trkpt lat="30.6228845309869" lon="104.0676954353855"><ele>484</ele><time>2025-07-20T13:34:18.000Z</time></trkpt>
<trkpt lat="30.6228845309869" lon="104.0676954353855"><ele>484</ele><time>2025-07-20T13:34:19.000Z</time></trkpt>
<trkpt lat="30.6228845309869" lon="104.0676954353855"><ele>483</ele><time>2025-07-20T13:34:20.000Z</time></trkpt>
<trkpt lat="30.6228845309869" lon="104.0676954353855"><ele>483</ele><time>2025-07-20T13:34:21.000Z</time></trkpt>
<trkpt lat="30.6228845309869" lon="104.0676954353855"><ele>483</ele><time>2025-07-20T13:34:22.000Z</time></trkpt>
<trkpt lat="30.6228845309869" lon="104.0676954353855"><ele>482</ele><time>2025-07-20T13:34:23.000Z</time></trkpt>
<trkpt lat="30.6228845309869" lon="104.0676954353855"><ele>481</ele><time>2025-07-20T13:34:24.000Z</time></trkpt>
<trkpt lat="30.6228845309869" lon="104.0676954353855"><ele>481</ele><time>2025-07-20T13:34:25.000Z</time></trkpt>
<trkpt lat="30.6228845309869" lon="104.0676954353855"><ele>480</ele><time>2025-07-20T13:34:26.000Z</time></trkpt>
<trkpt lat="30.6228845309869" lon="104.0676954353855"><ele>481</ele><time>2025-07-20T13:34:27.000Z</time></trkpt>
<trkpt lat="30.6228845309869" lon="104.0676954353855"><ele>481</ele><time>2025-07-20T13:34:28.000Z</time></trkpt>
<trkpt lat="30.6228845309869" lon="104.0676954353855"><ele>481</ele><time>2025-07-20T13:34:29.000Z</time></trkpt>
<trkpt lat="30.6228845309869" lon="104.0676954353855"><ele>480</ele><time>2025-07-20T13:34:30.000Z</time></trkpt>
<trkpt lat="30.6228845309869" lon="104.0676954353855"><ele>480</ele><time>2025-07-20T13:34:31.000Z</time></trkpt>
<trkpt lat="30.6228845309869" lon="104.0676954353855"><ele>480</ele><time>2025-07-20T13:34:32.000Z</time></trkpt>
<trkpt lat="30.6228845309869" lon="104.0676954353855"><ele>480</ele><time>2025-07-20T13:34:33.000Z</time></trkpt>
<trkpt lat="30.6228845309869" lon="104.0676954353855"><ele>481</ele><time>2025-07-20T13:34:34.000Z</time></trkpt>
<trkpt lat="30.6228845309869" lon="104.0676954353855"><ele>481</ele><time>2025-07-20T13:34:35.000Z</time></trkpt>
<trkpt lat="30.6228845309869" lon="104.0676954353855"><ele>481</ele><time>2025-07-20T13:34:36.000Z</time></trkpt>
<trkpt lat="30.6228845309869" lon="104.0676954353855"><ele>482</ele><time>2025-07-20T13:34:37.000Z</time></trkpt>
<trkpt lat="30.6228845309869" lon="104.0676954353855"><ele>482</ele><time>2025-07-20T13:34:38.000Z</time></trkpt>
<trkpt lat="30.6228845309869" lon="104.0676954353855"><ele>482</ele><time>2025-07-20T13:34:39.000Z</time></trkpt>
<trkpt lat="30.6228845309869" lon="104.0676954353855"><ele>481</ele><time>2025-07-20T13:34:40.000Z</time></trkpt>
<trkpt lat="30.6228845309869" lon="104.0676954353855"><ele>481</ele><time>2025-07-20T13:34:41.000Z</time></trkpt>
<trkpt lat="30.6228845309869" lon="104.0676954353855"><ele>481</ele><time>2025-07-20T13:34:42.000Z</time></trkpt>
<trkpt lat="30.6228845309869" lon="104.0676954353855"><ele>481</ele><time>2025-07-20T13:34:43.000Z</time></trkpt>
<trkpt lat="30.6228845309869" lon="104.0676954353855"><ele>481</ele><time>2025-07-20T13:34:44.000Z</time></trkpt>
<trkpt lat="30.6228845309869" lon="104.0676954353855"><ele>482</ele><time>2025-07-20T13:34:45.000Z</time></trkpt>
<trkpt lat="30.6228845309869" lon="104.0676954353855"><ele>482</ele><time>2025-07-20T13:34:46.000Z</time></trkpt>
<trkpt lat="30.6228845309869" lon="104.0676954353855"><ele>482</ele><time>2025-07-20T13:34:47.000Z</time></trkpt>
<trkpt lat="30.6228845309869" lon="104.0676954353855"><ele>482</ele><time>2025-07-20T13:34:48.000Z</time></trkpt>
<trkpt lat="30.6228845309869" lon="104.0676954353855"><ele>482</ele><time>2025-07-20T13:34:49.000Z</time></trkpt>
<trkpt lat="30.6228845309869" lon="104.0676954353855"><ele>483</ele><time>2025-07-20T13:34:50.000Z</time></trkpt>
<trkpt lat="30.6228845309869" lon="104.0676954353855"><ele>483</ele><time>2025-07-20T13:34:51.000Z</time></trkpt>
<trkpt lat="30.6228845309869" lon="104.0676954353855"><ele>483</ele><time>2025-07-20T13:34:52.000Z</time></trkpt>
<trkpt lat="30.6228845309869" lon="104.0676954353855"><ele>483</ele><time>2025-07-20T13:34:53.000Z</time></trkpt>
<trkpt lat="30.6228845309869" lon="104.0676954353855"><ele>482</ele><time>2025-07-20T13:34:54.000Z</time></trkpt>
<trkpt lat="30.6228845309869" lon="104.0676954353855"><ele>482</ele><time>2025-07-20T13:34:55.000Z</time></trkpt>
<trkpt lat="30.6228845309869" lon="104.0676954353855"><ele>481</ele><time>2025-07-20T13:34:56.000Z</time></trkpt>
<trkpt lat="30.6228845309869" lon="104.0676954353855"><ele>480</ele><time>2025-07-20T13:34:57.000Z</time></trkpt>
<trkpt lat="30.6228845309869" lon="104.0676954353855"><ele>479</ele><time>2025-07-20T13:34:58.000Z</time></trkpt>
<trkpt lat="30.6228845309869" lon="104.0676954353855"><ele>479</ele><time>2025-07-20T13:34:59.000Z</time></trkpt>
<trkpt lat="30.6228845309869" lon="104.0676954353855"><ele>479</ele><time>2025-07-20T13:35:00.000Z</time></trkpt>
<trkpt lat="30.6228845309869" lon="104.0676954353855"><ele>479</ele><time>2025-07-20T13:35:01.000Z</time></trkpt>
<trkpt lat="30.6228845309869" lon="104.0676954353855"><ele>479</ele><time>2025-07-20T13:35:02.000Z</time></trkpt>
<trkpt lat="30.6228845309869" lon="104.0676954353855"><ele>479</ele><time>2025-07-20T13:35:03.000Z</time></trkpt>
<trkpt lat="30.6228845309869" lon="104.0676954353855"><ele>479</ele><time>2025-07-20T13:35:04.000Z</time></trkpt>
<trkpt lat="30.6228845309869" lon="104.0676954353855"><ele>479</ele><time>2025-07-20T13:35:05.000Z</time></trkpt>
<trkpt lat="30.6228845309869" lon="104.0676954353855"><ele>478</ele><time>2025-07-20T13:35:06.000Z</time></trkpt>
<trkpt lat="30.6228845309869" lon="104.0676954353855"><ele>478</ele><time>2025-07-20T13:35:07.000Z</time></trkpt>
<trkpt lat="30.6228845309869" lon="104.0676954353855"><ele>478</ele><time>2025-07-20T13:35:08.000Z</time></trkpt>
<trkpt lat="30.6228845309869" lon="104.0676954353855"><ele>478</ele><time>2025-07-20T13:35:09.000Z</time></trkpt>
<trkpt lat="30.6228845309869" lon="104.0676954353855"><ele>478</ele><time>2025-07-20T13:35:10.000Z</time></trkpt>
<trkpt lat="30.6228845309869" lon="104.0676954353855"><ele>479</ele><time>2025-07-20T13:35:11.000Z</time></trkpt>
<trkpt lat="30.6228845309869" lon="104.0676954353855"><ele>479</ele><time>2025-07-20T13:35:12.000Z</time></trkpt>
<trkpt lat="30.6228845309869" lon="104.0676954353855"><ele>479</ele><time>2025-07-20T13:35:13.000Z</time></trkpt>
<trkpt lat="30.6228845309869" lon="104.0676954353855"><ele>479</ele><time>2025-07-20T13:35:14.000Z</time></trkpt>
<trkpt lat="30.6228845309869" lon="104.0676954353855"><ele>479</ele><time>2025-07-20T13:35:15.000Z</time></trkpt>
<trkpt lat="30.6228845309869" lon="104.0676954353855"><ele>479</ele><time>2025-07-20T13:35:16.000Z</time></trkpt>
<trkpt lat="30.6228845309869" lon="104.0676954353855"><ele>479</ele><time>2025-07-20T13:35:17.000Z</time></trkpt>
<trkpt lat="30.6228845309869" lon="104.0676954353855"><ele>479</ele><time>2025-07-20T13:35:18.000Z</time></trkpt>
<trkpt lat="30.6228845309869" lon="104.0676954353855"><ele>479</ele><time>2025-07-20T13:35:19.000Z</time></trkpt>
<trkpt lat="30.6228845309869" lon="104.0676954353855"><ele>478</ele><time>2025-07-20T13:35:20.000Z</time></trkpt>
<trkpt lat="30.6228845309869" lon="104.0676954353855"><ele>478</ele><time>2025-07-20T13:35:21.000Z</time></trkpt>
<trkpt lat="30.6228845309869" lon="104.0676954353855"><ele>478</ele><time>2025-07-20T13:35:22.000Z</time></trkpt>
<trkpt lat="30.6228845309869" lon="104.0676954353855"><ele>478</ele><time>2025-07-20T13:35:23.000Z</time></trkpt>
<trkpt lat="30.6228845309869" lon="104.0676954353855"><ele>478</ele><time>2025-07-20T13:35:24.000Z</time></trkpt>
<trkpt lat="30.6228845309869" lon="104.0676954353855"><ele>478</ele><time>2025-07-20T13:35:25.000Z</time></trkpt>
<trkpt lat="30.6228845309869" lon="104.0676954353855"><ele>478</ele><time>2025-07-20T13:35:26.000Z</time></trkpt>
<trkpt lat="30.6228845309869" lon="104.0676954353855"><ele>479</ele><time>2025-07-20T13:35:27.000Z</time></trkpt>
<trkpt lat="30.6228845309869" lon="104.0676954353855"><ele>479</ele><time>2025-07-20T13:35:28.000Z</time></trkpt>
<trkpt lat="30.6228845309869" lon="104.0676954353855"><ele>479</ele><time>2025-07-20T13:35:29.000Z</time></trkpt>
<trkpt lat="30.6228845309869" lon="104.0676954353855"><ele>479</ele><time>2025-07-20T13:35:30.000Z</time></trkpt>
<trkpt lat="30.6228845309869" lon="104.0676954353855"><ele>478</ele><time>2025-07-20T13:35:31.000Z</time></trkpt>
<trkpt lat="30.6228845309869" lon="104.0676954353855"><ele>479</ele><time>2025-07-20T13:35:32.000Z</time></trkpt>
<trkpt lat="30.6228845309869" lon="104.0676954353855"><ele>479</ele><time>2025-07-20T13:35:33.000Z</time></trkpt>
<trkpt lat="30.6228845309869" lon="104.0676954353855"><ele>479</ele><time>2025-07-20T13:35:34.000Z</time></trkpt>
<trkpt lat="30.6228845309869" lon="104.0676954353855"><ele>480</ele><time>2025-07-20T13:35:35.000Z</time></trkpt>
<trkpt lat="30.6228845309869" lon="104.0676954353855"><ele>481</ele><time>2025-07-20T13:35:36.000Z</time></trkpt>
<trkpt lat="30.6228845309869" lon="104.0676954353855"><ele>480</ele><time>2025-07-20T13:35:37.000Z</time></trkpt>
<trkpt lat="30.6228845309869" lon="104.0676954353855"><ele>480</ele><time>2025-07-20T13:35:38.000Z</time></trkpt>
<trkpt lat="30.6228845309869" lon="104.0676954353855"><ele>480</ele><time>2025-07-20T13:35:39.000Z</time></trkpt>
<trkpt lat="30.6228845309869" lon="104.0676954353855"><ele>480</ele><time>2025-07-20T13:35:40.000Z</time></trkpt>
<trkpt lat="30.6228845309869" lon="104.0676954353855"><ele>480</ele><time>2025-07-20T13:35:41.000Z</time></trkpt>
<trkpt lat="30.6228845309869" lon="104.0676954353855"><ele>480</ele><time>2025-07-20T13:35:42.000Z</time></trkpt>
<trkpt lat="30.6228845309869" lon="104.0676954353855"><ele>480</ele><time>2025-07-20T13:35:43.000Z</time></trkpt>
<trkpt lat="30.6228845309869" lon="104.0676954353855"><ele>481</ele><time>2025-07-20T13:35:44.000Z</time></trkpt>
<trkpt lat="30.6228845309869" lon="104.0676954353855"><ele>480</ele><time>2025-07-20T13:35:45.000Z</time></trkpt>
<trkpt lat="30.6228845309869" lon="104.0676954353855"><ele>480</ele><time>2025-07-20T13:35:46.000Z</time></trkpt>
<trkpt lat="30.6228845309869" lon="104.0676954353855"><ele>479</ele><time>2025-07-20T13:35:47.000Z</time></trkpt>
<trkpt lat="30.6228845309869" lon="104.0676954353855"><ele>479</ele><time>2025-07-20T13:35:48.000Z</time></trkpt>
<trkpt lat="30.6228845309869" lon="104.0676954353855"><ele>480</ele><time>2025-07-20T13:35:49.000Z</time></trkpt>
<trkpt lat="30.6228845309869" lon="104.0676954353855"><ele>479</ele><time>2025-07-20T13:35:50.000Z</time></trkpt>
<trkpt lat="30.6228845309869" lon="104.0676954353855"><ele>479</ele><time>2025-07-20T13:35:51.000Z</time></trkpt>
<trkpt lat="30.6228845309869" lon="104.0676954353855"><ele>479</ele><time>2025-07-20T13:35:52.000Z</time></trkpt>
<trkpt lat="30.6228845309869" lon="104.0676954353855"><ele>479</ele><time>2025-07-20T13:35:53.000Z</time></trkpt>
<trkpt lat="30.6228845309869" lon="104.0676954353855"><ele>480</ele><time>2025-07-20T13:35:54.000Z</time></trkpt>
<trkpt lat="30.6228845309869" lon="104.0676954353855"><ele>480</ele><time>2025-07-20T13:35:55.000Z</time></trkpt>
<trkpt lat="30.6228845309869" lon="104.0676954353855"><ele>480</ele><time>2025-07-20T13:35:56.000Z</time></trkpt>
<trkpt lat="30.6228845309869" lon="104.0676954353855"><ele>480</ele><time>2025-07-20T13:35:57.000Z</time></trkpt>
<trkpt lat="30.6228845309869" lon="104.0676954353855"><ele>480</ele><time>2025-07-20T13:35:58.000Z</time></trkpt>
<trkpt lat="30.6228845309869" lon="104.0676954353855"><ele>481</ele><time>2025-07-20T13:35:59.000Z</time></trkpt>
<trkpt lat="30.6228845309869" lon="104.0676954353855"><ele>481</ele><time>2025-07-20T13:36:00.000Z</time></trkpt>
<trkpt lat="30.6228845309869" lon="104.0676954353855"><ele>481</ele><time>2025-07-20T13:36:01.000Z</time></trkpt>
<trkpt lat="30.6228845309869" lon="104.0676954353855"><ele>481</ele><time>2025-07-20T13:36:02.000Z</time></trkpt>
<trkpt lat="30.6228845309869" lon="104.0676954353855"><ele>482</ele><time>2025-07-20T13:36:03.000Z</time></trkpt>
<trkpt lat="30.6228845309869" lon="104.0676954353855"><ele>480</ele><time>2025-07-20T13:36:04.000Z</time></trkpt>
<trkpt lat="30.6228845309869" lon="104.0676954353855"><ele>480</ele><time>2025-07-20T13:36:05.000Z</time></trkpt>
<trkpt lat="30.6228845309869" lon="104.0676954353855"><ele>480</ele><time>2025-07-20T13:36:06.000Z</time></trkpt>
<trkpt lat="30.6228845309869" lon="104.0676954353855"><ele>479</ele><time>2025-07-20T13:36:07.000Z</time></trkpt>
<trkpt lat="30.6228845309869" lon="104.0676954353855"><ele>480</ele><time>2025-07-20T13:36:08.000Z</time></trkpt>
<trkpt lat="30.6228845309869" lon="104.0676954353855"><ele>481</ele><time>2025-07-20T13:36:09.000Z</time></trkpt>
<trkpt lat="30.6228845309869" lon="104.0676954353855"><ele>481</ele><time>2025-07-20T13:36:10.000Z</time></trkpt>
<trkpt lat="30.6228845309869" lon="104.0676954353855"><ele>481</ele><time>2025-07-20T13:36:11.000Z</time></trkpt>
<trkpt lat="30.6228845309869" lon="104.0676954353855"><ele>481</ele><time>2025-07-20T13:36:12.000Z</time></trkpt>
<trkpt lat="30.6228845309869" lon="104.0676954353855"><ele>481</ele><time>2025-07-20T13:36:13.000Z</time></trkpt>
<trkpt lat="30.6228845309869" lon="104.0676954353855"><ele>482</ele><time>2025-07-20T13:36:14.000Z</time></trkpt>
<trkpt lat="30.6228845309869" lon="104.0676954353855"><ele>482</ele><time>2025-07-20T13:36:15.000Z</time></trkpt>
<trkpt lat="30.6228845309869" lon="104.0676954353855"><ele>482</ele><time>2025-07-20T13:36:16.000Z</time></trkpt>
<trkpt lat="30.6228845309869" lon="104.0676954353855"><ele>483</ele><time>2025-07-20T13:36:17.000Z</time></trkpt>
<trkpt lat="30.6228845309869" lon="104.0676954353855"><ele>482</ele><time>2025-07-20T13:36:18.000Z</time></trkpt>
<trkpt lat="30.6228845309869" lon="104.0676954353855"><ele>483</ele><time>2025-07-20T13:36:19.000Z</time></trkpt>
<trkpt lat="30.6228845309869" lon="104.0676954353855"><ele>484</ele><time>2025-07-20T13:36:20.000Z</time></trkpt>
<trkpt lat="30.6228845309869" lon="104.0676954353855"><ele>484</ele><time>2025-07-20T13:36:21.000Z</time></trkpt>
<trkpt lat="30.6228845309869" lon="104.0676954353855"><ele>484</ele><time>2025-07-20T13:36:22.000Z</time></trkpt>
<trkpt lat="30.6228845309869" lon="104.0676954353855"><ele>485</ele><time>2025-07-20T13:36:23.000Z</time></trkpt>
<trkpt lat="30.6228845309869" lon="104.0676954353855"><ele>486</ele><time>2025-07-20T13:36:24.000Z</time></trkpt>
<trkpt lat="30.6228845309869" lon="104.0676954353855"><ele>485</ele><time>2025-07-20T13:36:25.000Z</time></trkpt>
<trkpt lat="30.6228845309869" lon="104.0676954353855"><ele>485</ele><time>2025-07-20T13:36:26.000Z</time></trkpt>
<trkpt lat="30.6228845309869" lon="104.0676954353855"><ele>485</ele><time>2025-07-20T13:36:27.000Z</time></trkpt>
<trkpt lat="30.6228845309869" lon="104.0676954353855"><ele>485</ele><time>2025-07-20T13:36:28.000Z</time></trkpt>
<trkpt lat="30.6228845309869" lon="104.0676954353855"><ele>486</ele><time>2025-07-20T13:36:29.000Z</time></trkpt>
<trkpt lat="30.6228845309869" lon="104.0676954353855"><ele>486</ele><time>2025-07-20T13:36:30.000Z</time></trkpt>
<trkpt lat="30.6228845309869" lon="104.0676954353855"><ele>487</ele><time>2025-07-20T13:36:31.000Z</time></trkpt>
<trkpt lat="30.6228845309869" lon="104.0676954353855"><ele>487</ele><time>2025-07-20T13:36:32.000Z</time></trkpt>
<trkpt lat="30.6228845309869" lon="104.0676954353855"><ele>487</ele><time>2025-07-20T13:36:33.000Z</time></trkpt>
<trkpt lat="30.6228845309869" lon="104.0676954353855"><ele>487</ele><time>2025-07-20T13:36:34.000Z</time></trkpt>
<trkpt lat="30.6228845309869" lon="104.0676954353855"><ele>487</ele><time>2025-07-20T13:36:35.000Z</time></trkpt>
<trkpt lat="30.6228845309869" lon="104.0676954353855"><ele>486</ele><time>2025-07-20T13:36:36.000Z</time></trkpt>
<trkpt lat="30.6228845309869" lon="104.0676954353855"><ele>486</ele><time>2025-07-20T13:36:37.000Z</time></trkpt>
<trkpt lat="30.6228845309869" lon="104.0676954353855"><ele>486</ele><time>2025-07-20T13:36:38.000Z</time></trkpt>
<trkpt lat="30.6228845309869" lon="104.0676954353855"><ele>485</ele><time>2025-07-20T13:36:39.000Z</time></trkpt>
<trkpt lat="30.6228845309869" lon="104.0676954353855"><ele>485</ele><time>2025-07-20T13:36:40.000Z</time></trkpt>
<trkpt lat="30.6228845309869" lon="104.0676954353855"><ele>485</ele><time>2025-07-20T13:36:41.000Z</time></trkpt>
<trkpt lat="30.6228845309869" lon="104.0676954353855"><ele>485</ele><time>2025-07-20T13:36:42.000Z</time></trkpt>
<trkpt lat="30.6228845309869" lon="104.0676954353855"><ele>484</ele><time>2025-07-20T13:36:43.000Z</time></trkpt>
<trkpt lat="30.6228845309869" lon="104.0676954353855"><ele>484</ele><time>2025-07-20T13:36:44.000Z</time></trkpt>
<trkpt lat="30.6228845309869" lon="104.0676954353855"><ele>484</ele><time>2025-07-20T13:36:45.000Z</time></trkpt>
<trkpt lat="30.6228845309869" lon="104.0676954353855"><ele>484</ele><time>2025-07-20T13:36:46.000Z</time></trkpt>
<trkpt lat="30.6228845309869" lon="104.0676954353855"><ele>484</ele><time>2025-07-20T13:36:47.000Z</time></trkpt>
<trkpt lat="30.6228845309869" lon="104.0676954353855"><ele>483</ele><time>2025-07-20T13:36:48.000Z</time></trkpt>
<trkpt lat="30.6228845309869" lon="104.0676954353855"><ele>483</ele><time>2025-07-20T13:36:49.000Z</time></trkpt>
<trkpt lat="30.6228845309869" lon="104.0676954353855"><ele>484</ele><time>2025-07-20T13:36:50.000Z</time></trkpt>
<trkpt lat="30.6228845309869" lon="104.0676954353855"><ele>484</ele><time>2025-07-20T13:36:51.000Z</time></trkpt>
<trkpt lat="30.6228845309869" lon="104.0676954353855"><ele>484</ele><time>2025-07-20T13:36:52.000Z</time></trkpt>
<trkpt lat="30.6228845309869" lon="104.0676954353855"><ele>484</ele><time>2025-07-20T13:36:53.000Z</time></trkpt>
<trkpt lat="30.6228845309869" lon="104.0676954353855"><ele>483</ele><time>2025-07-20T13:36:54.000Z</time></trkpt>
<trkpt lat="30.6228845309869" lon="104.0676954353855"><ele>483</ele><time>2025-07-20T13:36:55.000Z</time></trkpt>
<trkpt lat="30.6228845309869" lon="104.0676954353855"><ele>485</ele><time>2025-07-20T13:36:56.000Z</time></trkpt>
<trkpt lat="30.6228845309869" lon="104.0676954353855"><ele>485</ele><time>2025-07-20T13:36:57.000Z</time></trkpt>
<trkpt lat="30.6228845309869" lon="104.0676954353855"><ele>486</ele><time>2025-07-20T13:36:58.000Z</time></trkpt>
<trkpt lat="30.6228845309869" lon="104.0676954353855"><ele>487</ele><time>2025-07-20T13:36:59.000Z</time></trkpt>
<trkpt lat="30.6228845309869" lon="104.0676954353855"><ele>486</ele><time>2025-07-20T13:37:00.000Z</time></trkpt>
<trkpt lat="30.6228845309869" lon="104.0676954353855"><ele>486</ele><time>2025-07-20T13:37:01.000Z</time></trkpt>
<trkpt lat="30.6228845309869" lon="104.0676954353855"><ele>485</ele><time>2025-07-20T13:37:02.000Z</time></trkpt>
<trkpt lat="30.6228845309869" lon="104.0676954353855"><ele>485</ele><time>2025-07-20T13:37:03.000Z</time></trkpt>
<trkpt lat="30.6228845309869" lon="104.0676954353855"><ele>485</ele><time>2025-07-20T13:37:04.000Z</time></trkpt>
<trkpt lat="30.6228845309869" lon="104.0676954353855"><ele>485</ele><time>2025-07-20T13:37:05.000Z</time></trkpt>
<trkpt lat="30.6228845309869" lon="104.0676954353855"><ele>485</ele><time>2025-07-20T13:37:06.000Z</time></trkpt>
<trkpt lat="30.6228845309869" lon="104.0676954353855"><ele>484</ele><time>2025-07-20T13:37:07.000Z</time></trkpt>
<trkpt lat="30.6228845309869" lon="104.0676954353855"><ele>484</ele><time>2025-07-20T13:37:08.000Z</time></trkpt>
<trkpt lat="30.6228845309869" lon="104.0676954353855"><ele>484</ele><time>2025-07-20T13:37:09.000Z</time></trkpt>
<trkpt lat="30.6228845309869" lon="104.0676954353855"><ele>483</ele><time>2025-07-20T13:37:10.000Z</time></trkpt>
<trkpt lat="30.6228845309869" lon="104.0676954353855"><ele>482</ele><time>2025-07-20T13:37:11.000Z</time></trkpt>
<trkpt lat="30.6228845309869" lon="104.0676954353855"><ele>482</ele><time>2025-07-20T13:37:12.000Z</time></trkpt>
<trkpt lat="30.6228845309869" lon="104.0676954353855"><ele>481</ele><time>2025-07-20T13:37:13.000Z</time></trkpt>
<trkpt lat="30.6228845309869" lon="104.0676954353855"><ele>482</ele><time>2025-07-20T13:37:14.000Z</time></trkpt>
<trkpt lat="30.6228845309869" lon="104.0676954353855"><ele>482</ele><time>2025-07-20T13:37:15.000Z</time></trkpt>
<trkpt lat="30.6228845309869" lon="104.0676954353855"><ele>482</ele><time>2025-07-20T13:37:16.000Z</time></trkpt>
<trkpt lat="30.6228845309869" lon="104.0676954353855"><ele>482</ele><time>2025-07-20T13:37:17.000Z</time></trkpt>
<trkpt lat="30.6228845309869" lon="104.0676954353855"><ele>482</ele><time>2025-07-20T13:37:18.000Z</time></trkpt>
<trkpt lat="30.6228845309869" lon="104.0676954353855"><ele>483</ele><time>2025-07-20T13:37:19.000Z</time></trkpt>
<trkpt lat="30.6228845309869" lon="104.0676954353855"><ele>483</ele><time>2025-07-20T13:37:20.000Z</time></trkpt>
<trkpt lat="30.6228845309869" lon="104.0676954353855"><ele>483</ele><time>2025-07-20T13:37:21.000Z</time></trkpt>
<trkpt lat="30.6228845309869" lon="104.0676954353855"><ele>483</ele><time>2025-07-20T13:37:22.000Z</time></trkpt>
<trkpt lat="30.6228845309869" lon="104.0676954353855"><ele>483</ele><time>2025-07-20T13:37:23.000Z</time></trkpt>
<trkpt lat="30.6228845309869" lon="104.0676954353855"><ele>484</ele><time>2025-07-20T13:37:24.000Z</time></trkpt>
<trkpt lat="30.6228845309869" lon="104.0676954353855"><ele>484</ele><time>2025-07-20T13:37:25.000Z</time></trkpt>
<trkpt lat="30.6228845309869" lon="104.0676954353855"><ele>483</ele><time>2025-07-20T13:37:26.000Z</time></trkpt>
<trkpt lat="30.6228845309869" lon="104.0676954353855"><ele>483</ele><time>2025-07-20T13:37:27.000Z</time></trkpt>
<trkpt lat="30.6228845309869" lon="104.0676954353855"><ele>482</ele><time>2025-07-20T13:37:28.000Z</time></trkpt>
<trkpt lat="30.6228845309869" lon="104.0676954353855"><ele>482</ele><time>2025-07-20T13:37:29.000Z</time></trkpt>
<trkpt lat="30.6228845309869" lon="104.0676954353855"><ele>482</ele><time>2025-07-20T13:37:30.000Z</time></trkpt>
<trkpt lat="30.6228845309869" lon="104.0676954353855"><ele>483</ele><time>2025-07-20T13:37:31.000Z</time></trkpt>
<trkpt lat="30.6228845309869" lon="104.0676954353855"><ele>483</ele><time>2025-07-20T13:37:32.000Z</time></trkpt>
<trkpt lat="30.6228845309869" lon="104.0676954353855"><ele>482</ele><time>2025-07-20T13:37:33.000Z</time></trkpt>
<trkpt lat="30.6228845309869" lon="104.0676954353855"><ele>481</ele><time>2025-07-20T13:37:34.000Z</time></trkpt>
<trkpt lat="30.6228845309869" lon="104.0676954353855"><ele>481</ele><time>2025-07-20T13:37:35.000Z</time></trkpt>
<trkpt lat="30.6228845309869" lon="104.0676954353855"><ele>482</ele><time>2025-07-20T13:37:36.000Z</time></trkpt>
<trkpt lat="30.6228845309869" lon="104.0676954353855"><ele>482</ele><time>2025-07-20T13:37:37.000Z</time></trkpt>
<trkpt lat="30.6228845309869" lon="104.0676954353855"><ele>481</ele><time>2025-07-20T13:37:38.000Z</time></trkpt>
<trkpt lat="30.6228845309869" lon="104.0676954353855"><ele>481</ele><time>2025-07-20T13:37:39.000Z</time></trkpt>
<trkpt lat="30.6228845309869" lon="104.0676954353855"><ele>481</ele><time>2025-07-20T13:37:40.000Z</time></trkpt>
<trkpt lat="30.6228845309869" lon="104.0676954353855"><ele>481</ele><time>2025-07-20T13:37:41.000Z</time></trkpt>
<trkpt lat="30.6228845309869" lon="104.0676954353855"><ele>482</ele><time>2025-07-20T13:37:42.000Z</time></trkpt>
<trkpt lat="30.6228845309869" lon="104.0676954353855"><ele>482</ele><time>2025-07-20T13:37:43.000Z</time></trkpt>
<trkpt lat="30.6228845309869" lon="104.0676954353855"><ele>481</ele><time>2025-07-20T13:37:44.000Z</time></trkpt>
<trkpt lat="30.6228845309869" lon="104.0676954353855"><ele>481</ele><time>2025-07-20T13:37:45.000Z</time></trkpt>
<trkpt lat="30.6228845309869" lon="104.0676954353855"><ele>481</ele><time>2025-07-20T13:37:46.000Z</time></trkpt>
<trkpt lat="30.6228845309869" lon="104.0676954353855"><ele>481</ele><time>2025-07-20T13:37:47.000Z</time></trkpt>
<trkpt lat="30.6228845309869" lon="104.0676954353855"><ele>482</ele><time>2025-07-20T13:37:48.000Z</time></trkpt>
<trkpt lat="30.6228845309869" lon="104.0676954353855"><ele>482</ele><time>2025-07-20T13:37:49.000Z</time></trkpt>
<trkpt lat="30.6228845309869" lon="104.0676954353855"><ele>482</ele><time>2025-07-20T13:37:50.000Z</time></trkpt>
<trkpt lat="30.6228845309869" lon="104.0676954353855"><ele>483</ele><time>2025-07-20T13:37:51.000Z</time></trkpt>
<trkpt lat="30.6228845309869" lon="104.0676954353855"><ele>482</ele><time>2025-07-20T13:37:52.000Z</time></trkpt>
<trkpt lat="30.6228845309869" lon="104.0676954353855"><ele>483</ele><time>2025-07-20T13:37:53.000Z</time></trkpt>
<trkpt lat="30.6228845309869" lon="104.0676954353855"><ele>483</ele><time>2025-07-20T13:37:54.000Z</time></trkpt>
<trkpt lat="30.6228845309869" lon="104.0676954353855"><ele>483</ele><time>2025-07-20T13:37:55.000Z</time></trkpt>
<trkpt lat="30.6228845309869" lon="104.0676954353855"><ele>483</ele><time>2025-07-20T13:37:56.000Z</time></trkpt>
<trkpt lat="30.6228845309869" lon="104.0676954353855"><ele>483</ele><time>2025-07-20T13:37:57.000Z</time></trkpt>
<trkpt lat="30.6228845309869" lon="104.0676954353855"><ele>484</ele><time>2025-07-20T13:37:58.000Z</time></trkpt>
<trkpt lat="30.6228845309869" lon="104.0676954353855"><ele>484</ele><time>2025-07-20T13:37:59.000Z</time></trkpt>
<trkpt lat="30.6228845309869" lon="104.0676954353855"><ele>484</ele><time>2025-07-20T13:38:00.000Z</time></trkpt>
<trkpt lat="30.6228845309869" lon="104.0676954353855"><ele>484</ele><time>2025-07-20T13:38:01.000Z</time></trkpt>
<trkpt lat="30.6228845309869" lon="104.0676954353855"><ele>484</ele><time>2025-07-20T13:38:02.000Z</time></trkpt>
<trkpt lat="30.6228845309869" lon="104.0676954353855"><ele>484</ele><time>2025-07-20T13:38:03.000Z</time></trkpt>
<trkpt lat="30.6228845309869" lon="104.0676954353855"><ele>484</ele><time>2025-07-20T13:38:04.000Z</time></trkpt>
<trkpt lat="30.6228845309869" lon="104.0676954353855"><ele>484</ele><time>2025-07-20T13:38:05.000Z</time></trkpt>
<trkpt lat="30.6228845309869" lon="104.0676954353855"><ele>484</ele><time>2025-07-20T13:38:06.000Z</time></trkpt>
<trkpt lat="30.6228845309869" lon="104.0676954353855"><ele>485</ele><time>2025-07-20T13:38:07.000Z</time></trkpt>
<trkpt lat="30.6228845309869" lon="104.0676954353855"><ele>485</ele><time>2025-07-20T13:38:08.000Z</time></trkpt>
<trkpt lat="30.6228845309869" lon="104.0676954353855"><ele>486</ele><time>2025-07-20T13:38:09.000Z</time></trkpt>
<trkpt lat="30.6228845309869" lon="104.0676954353855"><ele>486</ele><time>2025-07-20T13:38:10.000Z</time></trkpt>
<trkpt lat="30.6228845309869" lon="104.0676954353855"><ele>486</ele><time>2025-07-20T13:38:11.000Z</time></trkpt>
<trkpt lat="30.6228845309869" lon="104.0676954353855"><ele>486</ele><time>2025-07-20T13:38:12.000Z</time></trkpt>
<trkpt lat="30.6228845309869" lon="104.0676954353855"><ele>486</ele><time>2025-07-20T13:38:13.000Z</time></trkpt>
<trkpt lat="30.6228845309869" lon="104.0676954353855"><ele>486</ele><time>2025-07-20T13:38:14.000Z</time></trkpt>
<trkpt lat="30.6228845309869" lon="104.0676954353855"><ele>486</ele><time>2025-07-20T13:38:15.000Z</time></trkpt>
<trkpt lat="30.6228845309869" lon="104.0676954353855"><ele>485</ele><time>2025-07-20T13:38:16.000Z</time></trkpt>
<trkpt lat="30.6228845309869" lon="104.0676954353855"><ele>485</ele><time>2025-07-20T13:38:17.000Z</time></trkpt>
<trkpt lat="30.6228845309869" lon="104.0676954353855"><ele>485</ele><time>2025-07-20T13:38:18.000Z</time></trkpt>
<trkpt lat="30.6228845309869" lon="104.0676954353855"><ele>485</ele><time>2025-07-20T13:38:19.000Z</time></trkpt>
<trkpt lat="30.6228845309869" lon="104.0676954353855"><ele>485</ele><time>2025-07-20T13:38:20.000Z</time></trkpt>
<trkpt lat="30.6228845309869" lon="104.0676954353855"><ele>485</ele><time>2025-07-20T13:38:21.000Z</time></trkpt>
<trkpt lat="30.6228845309869" lon="104.0676954353855"><ele>485</ele><time>2025-07-20T13:38:22.000Z</time></trkpt>
<trkpt lat="30.6228845309869" lon="104.0676954353855"><ele>486</ele><time>2025-07-20T13:38:23.000Z</time></trkpt>
<trkpt lat="30.6228845309869" lon="104.0676954353855"><ele>486</ele><time>2025-07-20T13:38:24.000Z</time></trkpt>
<trkpt lat="30.6228845309869" lon="104.0676954353855"><ele>487</ele><time>2025-07-20T13:38:25.000Z</time></trkpt>
<trkpt lat="30.6228845309869" lon="104.0676954353855"><ele>487</ele><time>2025-07-20T13:38:26.000Z</time></trkpt>
<trkpt lat="30.6228845309869" lon="104.0676954353855"><ele>488</ele><time>2025-07-20T13:38:27.000Z</time></trkpt>
<trkpt lat="30.6228845309869" lon="104.0676954353855"><ele>488</ele><time>2025-07-20T13:38:28.000Z</time></trkpt>
<trkpt lat="30.6228845309869" lon="104.0676954353855"><ele>488</ele><time>2025-07-20T13:38:29.000Z</time></trkpt>
<trkpt lat="30.6228845309869" lon="104.0676954353855"><ele>488</ele><time>2025-07-20T13:38:30.000Z</time></trkpt>
<trkpt lat="30.6228845309869" lon="104.0676954353855"><ele>488</ele><time>2025-07-20T13:38:31.000Z</time></trkpt>
<trkpt lat="30.6228845309869" lon="104.0676954353855"><ele>488</ele><time>2025-07-20T13:38:32.000Z</time></trkpt>
<trkpt lat="30.6228845309869" lon="104.0676954353855"><ele>488</ele><time>2025-07-20T13:38:33.000Z</time></trkpt>
<trkpt lat="30.6228845309869" lon="104.0676954353855"><ele>488</ele><time>2025-07-20T13:38:34.000Z</time></trkpt>
<trkpt lat="30.6228845309869" lon="104.0676954353855"><ele>487</ele><time>2025-07-20T13:38:35.000Z</time></trkpt>
<trkpt lat="30.6228845309869" lon="104.0676954353855"><ele>486</ele><time>2025-07-20T13:38:36.000Z</time></trkpt>
<trkpt lat="30.6228845309869" lon="104.0676954353855"><ele>485</ele><time>2025-07-20T13:38:37.000Z</time></trkpt>
<trkpt lat="30.6228845309869" lon="104.0676954353855"><ele>485</ele><time>2025-07-20T13:38:38.000Z</time></trkpt>
<trkpt lat="30.6228845309869" lon="104.0676954353855"><ele>485</ele><time>2025-07-20T13:38:39.000Z</time></trkpt>
<trkpt lat="30.6228845309869" lon="104.0676954353855"><ele>484</ele><time>2025-07-20T13:38:40.000Z</time></trkpt>
<trkpt lat="30.6228845309869" lon="104.0676954353855"><ele>484</ele><time>2025-07-20T13:38:41.000Z</time></trkpt>
<trkpt lat="30.6228845309869" lon="104.0676954353855"><ele>484</ele><time>2025-07-20T13:38:42.000Z</time></trkpt>
<trkpt lat="30.6228845309869" lon="104.0676954353855"><ele>483</ele><time>2025-07-20T13:38:43.000Z</time></trkpt>
<trkpt lat="30.6228845309869" lon="104.0676954353855"><ele>482</ele><time>2025-07-20T13:38:44.000Z</time></trkpt>
<trkpt lat="30.6228845309869" lon="104.0676954353855"><ele>482</ele><time>2025-07-20T13:38:45.000Z</time></trkpt>
<trkpt lat="30.6228845309869" lon="104.0676954353855"><ele>482</ele><time>2025-07-20T13:38:46.000Z</time></trkpt>
<trkpt lat="30.6228845309869" lon="104.0676954353855"><ele>482</ele><time>2025-07-20T13:38:47.000Z</time></trkpt>
<trkpt lat="30.6228845309869" lon="104.0676954353855"><ele>482</ele><time>2025-07-20T13:38:48.000Z</time></trkpt>
<trkpt lat="30.6228845309869" lon="104.0676954353855"><ele>481</ele><time>2025-07-20T13:38:49.000Z</time></trkpt>
<trkpt lat="30.6228845309869" lon="104.0676954353855"><ele>481</ele><time>2025-07-20T13:38:50.000Z</time></trkpt>
<trkpt lat="30.6228845309869" lon="104.0676954353855"><ele>481</ele><time>2025-07-20T13:38:51.000Z</time></trkpt>
<trkpt lat="30.6228845309869" lon="104.0676954353855"><ele>481</ele><time>2025-07-20T13:38:52.000Z</time></trkpt>
<trkpt lat="30.6228845309869" lon="104.0676954353855"><ele>481</ele><time>2025-07-20T13:38:53.000Z</time></trkpt>
<trkpt lat="30.6228845309869" lon="104.0676954353855"><ele>481</ele><time>2025-07-20T13:38:54.000Z</time></trkpt>
<trkpt lat="30.6228845309869" lon="104.0676954353855"><ele>482</ele><time>2025-07-20T13:38:55.000Z</time></trkpt>
<trkpt lat="30.6228845309869" lon="104.0676954353855"><ele>482</ele><time>2025-07-20T13:38:56.000Z</time></trkpt>
<trkpt lat="30.6228845309869" lon="104.0676954353855"><ele>482</ele><time>2025-07-20T13:38:57.000Z</time></trkpt>
<trkpt lat="30.6228845309869" lon="104.0676954353855"><ele>482</ele><time>2025-07-20T13:38:58.000Z</time></trkpt>
<trkpt lat="30.6228845309869" lon="104.0676954353855"><ele>482</ele><time>2025-07-20T13:38:59.000Z</time></trkpt>
<trkpt lat="30.6228845309869" lon="104.0676954353855"><ele>482</ele><time>2025-07-20T13:39:00.000Z</time></trkpt>
<trkpt lat="30.6228845309869" lon="104.0676954353855"><ele>482</ele><time>2025-07-20T13:39:01.000Z</time></trkpt>
<trkpt lat="30.6228845309869" lon="104.0676954353855"><ele>482</ele><time>2025-07-20T13:39:02.000Z</time></trkpt>
<trkpt lat="30.6228845309869" lon="104.0676954353855"><ele>482</ele><time>2025-07-20T13:39:03.000Z</time></trkpt>
<trkpt lat="30.6228845309869" lon="104.0676954353855"><ele>482</ele><time>2025-07-20T13:39:04.000Z</time></trkpt>
<trkpt lat="30.6228845309869" lon="104.0676954353855"><ele>482</ele><time>2025-07-20T13:39:05.000Z</time></trkpt>
<trkpt lat="30.6228845309869" lon="104.0676954353855"><ele>482</ele><time>2025-07-20T13:39:06.000Z</time></trkpt>
<trkpt lat="30.6228845309869" lon="104.0676954353855"><ele>482</ele><time>2025-07-20T13:39:07.000Z</time></trkpt>
<trkpt lat="30.6228845309869" lon="104.0676954353855"><ele>482</ele><time>2025-07-20T13:39:08.000Z</time></trkpt>
<trkpt lat="30.6228845309869" lon="104.0676954353855"><ele>482</ele><time>2025-07-20T13:39:09.000Z</time></trkpt>
<trkpt lat="30.6228845309869" lon="104.0676954353855"><ele>482</ele><time>2025-07-20T13:39:10.000Z</time></trkpt>
<trkpt lat="30.6228845309869" lon="104.0676954353855"><ele>483</ele><time>2025-07-20T13:39:11.000Z</time></trkpt>
<trkpt lat="30.6228845309869" lon="104.0676954353855"><ele>483</ele><time>2025-07-20T13:39:12.000Z</time></trkpt>
<trkpt lat="30.6228845309869" lon="104.0676954353855"><ele>483</ele><time>2025-07-20T13:39:13.000Z</time></trkpt>
<trkpt lat="30.6228845309869" lon="104.0676954353855"><ele>483</ele><time>2025-07-20T13:39:14.000Z</time></trkpt>
<trkpt lat="30.6228845309869" lon="104.0676954353855"><ele>483</ele><time>2025-07-20T13:39:15.000Z</time></trkpt>
<trkpt lat="30.6228845309869" lon="104.0676954353855"><ele>484</ele><time>2025-07-20T13:39:16.000Z</time></trkpt>
<trkpt lat="30.6228845309869" lon="104.0676954353855"><ele>484</ele><time>2025-07-20T13:39:17.000Z</time></trkpt>
<trkpt lat="30.6228845309869" lon="104.0676954353855"><ele>483</ele><time>2025-07-20T13:39:18.000Z</time></trkpt>
<trkpt lat="30.6228845309869" lon="104.0676954353855"><ele>482</ele><time>2025-07-20T13:39:19.000Z</time></trkpt>
<trkpt lat="30.6228845309869" lon="104.0676954353855"><ele>482</ele><time>2025-07-20T13:39:20.000Z</time></trkpt>
<trkpt lat="30.6228845309869" lon="104.0676954353855"><ele>482</ele><time>2025-07-20T13:39:21.000Z</time></trkpt>
<trkpt lat="30.6228845309869" lon="104.0676954353855"><ele>481</ele><time>2025-07-20T13:39:22.000Z</time></trkpt>
<trkpt lat="30.6228845309869" lon="104.0676954353855"><ele>481</ele><time>2025-07-20T13:39:23.000Z</time></trkpt>
<trkpt lat="30.6228845309869" lon="104.0676954353855"><ele>481</ele><time>2025-07-20T13:39:24.000Z</time></trkpt>
<trkpt lat="30.6228845309869" lon="104.0676954353855"><ele>480</ele><time>2025-07-20T13:39:25.000Z</time></trkpt>
<trkpt lat="30.6228845309869" lon="104.0676954353855"><ele>480</ele><time>2025-07-20T13:39:26.000Z</time></trkpt>
<trkpt lat="30.6228845309869" lon="104.0676954353855"><ele>480</ele><time>2025-07-20T13:39:27.000Z</time></trkpt>
<trkpt lat="30.6228845309869" lon="104.0676954353855"><ele>479</ele><time>2025-07-20T13:39:28.000Z</time></trkpt>
<trkpt lat="30.6228845309869" lon="104.0676954353855"><ele>479</ele><time>2025-07-20T13:39:29.000Z</time></trkpt>
<trkpt lat="30.6228845309869" lon="104.0676954353855"><ele>479</ele><time>2025-07-20T13:39:30.000Z</time></trkpt>
<trkpt lat="30.6228845309869" lon="104.0676954353855"><ele>479</ele><time>2025-07-20T13:39:31.000Z</time></trkpt>
<trkpt lat="30.6228845309869" lon="104.0676954353855"><ele>478</ele><time>2025-07-20T13:39:32.000Z</time></trkpt>
<trkpt lat="30.6228845309869" lon="104.0676954353855"><ele>478</ele><time>2025-07-20T13:39:33.000Z</time></trkpt>
<trkpt lat="30.6228845309869" lon="104.0676954353855"><ele>478</ele><time>2025-07-20T13:39:34.000Z</time></trkpt>
<trkpt lat="30.6228845309869" lon="104.0676954353855"><ele>478</ele><time>2025-07-20T13:39:35.000Z</time></trkpt>
<trkpt lat="30.6228845309869" lon="104.0676954353855"><ele>477</ele><time>2025-07-20T13:39:36.000Z</time></trkpt>
<trkpt lat="30.6228845309869" lon="104.0676954353855"><ele>477</ele><time>2025-07-20T13:39:37.000Z</time></trkpt>
<trkpt lat="30.6228845309869" lon="104.0676954353855"><ele>477</ele><time>2025-07-20T13:39:38.000Z</time></trkpt>
<trkpt lat="30.6228845309869" lon="104.0676954353855"><ele>477</ele><time>2025-07-20T13:39:39.000Z</time></trkpt>
<trkpt lat="30.6228845309869" lon="104.0676954353855"><ele>477</ele><time>2025-07-20T13:39:40.000Z</time></trkpt>
<trkpt lat="30.6228845309869" lon="104.0676954353855"><ele>477</ele><time>2025-07-20T13:39:41.000Z</time></trkpt>
<trkpt lat="30.6228845309869" lon="104.0676954353855"><ele>477</ele><time>2025-07-20T13:39:42.000Z</time></trkpt>
<trkpt lat="30.6228845309869" lon="104.0676954353855"><ele>476</ele><time>2025-07-20T13:39:43.000Z</time></trkpt>
<trkpt lat="30.6228845309869" lon="104.0676954353855"><ele>476</ele><time>2025-07-20T13:39:44.000Z</time></trkpt>
<trkpt lat="30.6228845309869" lon="104.0676954353855"><ele>475</ele><time>2025-07-20T13:39:45.000Z</time></trkpt>
<trkpt lat="30.6228845309869" lon="104.0676954353855"><ele>475</ele><time>2025-07-20T13:39:46.000Z</time></trkpt>
<trkpt lat="30.6228845309869" lon="104.0676954353855"><ele>475</ele><time>2025-07-20T13:39:47.000Z</time></trkpt>
<trkpt lat="30.6228845309869" lon="104.0676954353855"><ele>475</ele><time>2025-07-20T13:39:48.000Z</time></trkpt>
<trkpt lat="30.6228845309869" lon="104.0676954353855"><ele>474</ele><time>2025-07-20T13:39:49.000Z</time></trkpt>
<trkpt lat="30.6228845309869" lon="104.0676954353855"><ele>474</ele><time>2025-07-20T13:39:50.000Z</time></trkpt>
<trkpt lat="30.6228845309869" lon="104.0676954353855"><ele>472</ele><time>2025-07-20T13:39:51.000Z</time></trkpt>
<trkpt lat="30.6228845309869" lon="104.0676954353855"><ele>471</ele><time>2025-07-20T13:39:52.000Z</time></trkpt>
<trkpt lat="30.6228845309869" lon="104.0676954353855"><ele>471</ele><time>2025-07-20T13:39:53.000Z</time></trkpt>
<trkpt lat="30.6228845309869" lon="104.0676954353855"><ele>470</ele><time>2025-07-20T13:39:54.000Z</time></trkpt>
<trkpt lat="30.6228845309869" lon="104.0676954353855"><ele>470</ele><time>2025-07-20T13:39:55.000Z</time></trkpt>
<trkpt lat="30.6228845309869" lon="104.0676954353855"><ele>470</ele><time>2025-07-20T13:39:56.000Z</time></trkpt>
<trkpt lat="30.6228845309869" lon="104.0676954353855"><ele>470</ele><time>2025-07-20T13:39:57.000Z</time></trkpt>
<trkpt lat="30.6228845309869" lon="104.0676954353855"><ele>470</ele><time>2025-07-20T13:39:58.000Z</time></trkpt>
<trkpt lat="30.6228845309869" lon="104.0676954353855"><ele>470</ele><time>2025-07-20T13:39:59.000Z</time></trkpt>
<trkpt lat="30.6228845309869" lon="104.0676954353855"><ele>471</ele><time>2025-07-20T13:40:00.000Z</time></trkpt>
<trkpt lat="30.6228845309869" lon="104.0676954353855"><ele>470</ele><time>2025-07-20T13:40:01.000Z</time></trkpt>
<trkpt lat="30.6228845309869" lon="104.0676954353855"><ele>471</ele><time>2025-07-20T13:40:02.000Z</time></trkpt>
<trkpt lat="30.6228845309869" lon="104.0676954353855"><ele>471</ele><time>2025-07-20T13:40:03.000Z</time></trkpt>
<trkpt lat="30.6228845309869" lon="104.0676954353855"><ele>471</ele><time>2025-07-20T13:40:04.000Z</time></trkpt>
<trkpt lat="30.6228845309869" lon="104.0676954353855"><ele>472</ele><time>2025-07-20T13:40:05.000Z</time></trkpt>
<trkpt lat="30.6228845309869" lon="104.0676954353855"><ele>472</ele><time>2025-07-20T13:40:06.000Z</time></trkpt>
<trkpt lat="30.6228845309869" lon="104.0676954353855"><ele>471</ele><time>2025-07-20T13:40:07.000Z</time></trkpt>
<trkpt lat="30.6228845309869" lon="104.0676954353855"><ele>471</ele><time>2025-07-20T13:40:08.000Z</time></trkpt>
<trkpt lat="30.6228845309869" lon="104.0676954353855"><ele>471</ele><time>2025-07-20T13:40:09.000Z</time></trkpt>
<trkpt lat="30.6228845309869" lon="104.0676954353855"><ele>470</ele><time>2025-07-20T13:40:10.000Z</time></trkpt>
<trkpt lat="30.6228845309869" lon="104.0676954353855"><ele>470</ele><time>2025-07-20T13:40:11.000Z</time></trkpt>
<trkpt lat="30.6228845309869" lon="104.0676954353855"><ele>470</ele><time>2025-07-20T13:40:12.000Z</time></trkpt>
<trkpt lat="30.6228845309869" lon="104.0676954353855"><ele>471</ele><time>2025-07-20T13:40:13.000Z</time></trkpt>
<trkpt lat="30.6228845309869" lon="104.0676954353855"><ele>471</ele><time>2025-07-20T13:40:14.000Z</time></trkpt>
<trkpt lat="30.6228845309869" lon="104.0676954353855"><ele>473</ele><time>2025-07-20T13:40:15.000Z</time></trkpt>
<trkpt lat="30.6228845309869" lon="104.0676954353855"><ele>474</ele><time>2025-07-20T13:40:16.000Z</time></trkpt>
<trkpt lat="30.6228845309869" lon="104.0676954353855"><ele>473</ele><time>2025-07-20T13:40:17.000Z</time></trkpt>
<trkpt lat="30.6228845309869" lon="104.0676954353855"><ele>473</ele><time>2025-07-20T13:40:18.000Z</time></trkpt>
<trkpt lat="30.6228845309869" lon="104.0676954353855"><ele>473</ele><time>2025-07-20T13:40:19.000Z</time></trkpt>
<trkpt lat="30.6228845309869" lon="104.0676954353855"><ele>473</ele><time>2025-07-20T13:40:20.000Z</time></trkpt>
<trkpt lat="30.6228845309869" lon="104.0676954353855"><ele>473</ele><time>2025-07-20T13:40:21.000Z</time></trkpt>
<trkpt lat="30.6228845309869" lon="104.0676954353855"><ele>473</ele><time>2025-07-20T13:40:22.000Z</time></trkpt>
<trkpt lat="30.6228845309869" lon="104.0676954353855"><ele>473</ele><time>2025-07-20T13:40:23.000Z</time></trkpt>
<trkpt lat="30.6228845309869" lon="104.0676954353855"><ele>473</ele><time>2025-07-20T13:40:24.000Z</time></trkpt>
<trkpt lat="30.6228845309869" lon="104.0676954353855"><ele>473</ele><time>2025-07-20T13:40:25.000Z</time></trkpt>
<trkpt lat="30.6228845309869" lon="104.0676954353855"><ele>473</ele><time>2025-07-20T13:40:26.000Z</time></trkpt>
<trkpt lat="30.6228845309869" lon="104.0676954353855"><ele>473</ele><time>2025-07-20T13:40:27.000Z</time></trkpt>
<trkpt lat="30.6228845309869" lon="104.0676954353855"><ele>467</ele><time>2025-07-20T13:40:28.000Z</time></trkpt>
<trkpt lat="30.6228845309869" lon="104.0676954353855"><ele>467</ele><time>2025-07-20T13:40:29.000Z</time></trkpt>
<trkpt lat="30.6228845309869" lon="104.0676954353855"><ele>467</ele><time>2025-07-20T13:40:30.000Z</time></trkpt>
<trkpt lat="30.6228845309869" lon="104.0676954353855"><ele>466</ele><time>2025-07-20T13:40:31.000Z</time></trkpt>
<trkpt lat="30.6228845309869" lon="104.0676954353855"><ele>466</ele><time>2025-07-20T13:40:32.000Z</time></trkpt>
<trkpt lat="30.6228845309869" lon="104.0676954353855"><ele>466</ele><time>2025-07-20T13:40:33.000Z</time></trkpt>
<trkpt lat="30.6228845309869" lon="104.0676954353855"><ele>466</ele><time>2025-07-20T13:40:34.000Z</time></trkpt>
<trkpt lat="30.6228845309869" lon="104.0676954353855"><ele>466</ele><time>2025-07-20T13:40:35.000Z</time></trkpt>
<trkpt lat="30.6228845309869" lon="104.0676954353855"><ele>466</ele><time>2025-07-20T13:40:36.000Z</time></trkpt>
<trkpt lat="30.6228845309869" lon="104.0676954353855"><ele>466</ele><time>2025-07-20T13:40:37.000Z</time></trkpt>
<trkpt lat="30.6228845309869" lon="104.0676954353855"><ele>465</ele><time>2025-07-20T13:40:38.000Z</time></trkpt>
<trkpt lat="30.6228845309869" lon="104.0676954353855"><ele>465</ele><time>2025-07-20T13:40:39.000Z</time></trkpt>
<trkpt lat="30.6228845309869" lon="104.0676954353855"><ele>464</ele><time>2025-07-20T13:40:40.000Z</time></trkpt>
<trkpt lat="30.6228845309869" lon="104.0676954353855"><ele>464</ele><time>2025-07-20T13:40:41.000Z</time></trkpt>
<trkpt lat="30.6228845309869" lon="104.0676954353855"><ele>464</ele><time>2025-07-20T13:40:42.000Z</time></trkpt>
<trkpt lat="30.6228845309869" lon="104.0676954353855"><ele>464</ele><time>2025-07-20T13:40:43.000Z</time></trkpt>
<trkpt lat="30.6228845309869" lon="104.0676954353855"><ele>463</ele><time>2025-07-20T13:40:44.000Z</time></trkpt>
<trkpt lat="30.6228845309869" lon="104.0676954353855"><ele>464</ele><time>2025-07-20T13:40:45.000Z</time></trkpt>
<trkpt lat="30.6228845309869" lon="104.0676954353855"><ele>464</ele><time>2025-07-20T13:40:46.000Z</time></trkpt>
<trkpt lat="30.6228845309869" lon="104.0676954353855"><ele>465</ele><time>2025-07-20T13:40:47.000Z</time></trkpt>
<trkpt lat="30.6228845309869" lon="104.0676954353855"><ele>466</ele><time>2025-07-20T13:40:48.000Z</time></trkpt>
<trkpt lat="30.6228845309869" lon="104.0676954353855"><ele>466</ele><time>2025-07-20T13:40:49.000Z</time></trkpt>
<trkpt lat="30.6228845309869" lon="104.0676954353855"><ele>468</ele><time>2025-07-20T13:40:50.000Z</time></trkpt>
<trkpt lat="30.6228845309869" lon="104.0676954353855"><ele>468</ele><time>2025-07-20T13:40:51.000Z</time></trkpt>
<trkpt lat="30.6228845309869" lon="104.0676954353855"><ele>469</ele><time>2025-07-20T13:40:52.000Z</time></trkpt>
<trkpt lat="30.6228845309869" lon="104.0676954353855"><ele>468</ele><time>2025-07-20T13:40:53.000Z</time></trkpt>
<trkpt lat="30.6228845309869" lon="104.0676954353855"><ele>469</ele><time>2025-07-20T13:40:54.000Z</time></trkpt>
<trkpt lat="30.6228845309869" lon="104.0676954353855"><ele>469</ele><time>2025-07-20T13:40:55.000Z</time></trkpt>
<trkpt lat="30.6228845309869" lon="104.0676954353855"><ele>469</ele><time>2025-07-20T13:40:56.000Z</time></trkpt>
<trkpt lat="30.6228845309869" lon="104.0676954353855"><ele>469</ele><time>2025-07-20T13:40:57.000Z</time></trkpt>
<trkpt lat="30.6228845309869" lon="104.0676954353855"><ele>470</ele><time>2025-07-20T13:40:58.000Z</time></trkpt>
<trkpt lat="30.6228845309869" lon="104.0676954353855"><ele>471</ele><time>2025-07-20T13:40:59.000Z</time></trkpt>
<trkpt lat="30.6228845309869" lon="104.0676954353855"><ele>470</ele><time>2025-07-20T13:41:00.000Z</time></trkpt>
<trkpt lat="30.6228845309869" lon="104.0676954353855"><ele>470</ele><time>2025-07-20T13:41:01.000Z</time></trkpt>
<trkpt lat="30.6228845309869" lon="104.0676954353855"><ele>471</ele><time>2025-07-20T13:41:02.000Z</time></trkpt>
<trkpt lat="30.6228845309869" lon="104.0676954353855"><ele>471</ele><time>2025-07-20T13:41:03.000Z</time></trkpt>
<trkpt lat="30.6228845309869" lon="104.0676954353855"><ele>471</ele><time>2025-07-20T13:41:04.000Z</time></trkpt>
<trkpt lat="30.6228845309869" lon="104.0676954353855"><ele>471</ele><time>2025-07-20T13:41:05.000Z</time></trkpt>
<trkpt lat="30.6228845309869" lon="104.0676954353855"><ele>472</ele><time>2025-07-20T13:41:06.000Z</time></trkpt>
<trkpt lat="30.6228845309869" lon="104.0676954353855"><ele>472</ele><time>2025-07-20T13:41:07.000Z</time></trkpt>
<trkpt lat="30.6228845309869" lon="104.0676954353855"><ele>473</ele><time>2025-07-20T13:41:08.000Z</time></trkpt>
<trkpt lat="30.6228845309869" lon="104.0676954353855"><ele>473</ele><time>2025-07-20T13:41:09.000Z</time></trkpt>
<trkpt lat="30.6228845309869" lon="104.0676954353855"><ele>473</ele><time>2025-07-20T13:41:10.000Z</time></trkpt>
<trkpt lat="30.6228845309869" lon="104.0676954353855"><ele>473</ele><time>2025-07-20T13:41:11.000Z</time></trkpt>
<trkpt lat="30.6228845309869" lon="104.0676954353855"><ele>474</ele><time>2025-07-20T13:41:12.000Z</time></trkpt>
<trkpt lat="30.6228845309869" lon="104.0676954353855"><ele>474</ele><time>2025-07-20T13:41:13.000Z</time></trkpt>
<trkpt lat="30.6228845309869" lon="104.0676954353855"><ele>474</ele><time>2025-07-20T13:41:14.000Z</time></trkpt>
<trkpt lat="30.6228845309869" lon="104.0676954353855"><ele>474</ele><time>2025-07-20T13:41:15.000Z</time></trkpt>
<trkpt lat="30.6228845309869" lon="104.0676954353855"><ele>474</ele><time>2025-07-20T13:41:16.000Z</time></trkpt>
<trkpt lat="30.6228845309869" lon="104.0676954353855"><ele>475</ele><time>2025-07-20T13:41:17.000Z</time></trkpt>
<trkpt lat="30.6228845309869" lon="104.0676954353855"><ele>476</ele><time>2025-07-20T13:41:18.000Z</time></trkpt>
<trkpt lat="30.6228845309869" lon="104.0676954353855"><ele>476</ele><time>2025-07-20T13:41:19.000Z</time></trkpt>
<trkpt lat="30.6228845309869" lon="104.0676954353855"><ele>476</ele><time>2025-07-20T13:41:20.000Z</time></trkpt>
<trkpt lat="30.6228845309869" lon="104.0676954353855"><ele>476</ele><time>2025-07-20T13:41:21.000Z</time></trkpt>
<trkpt lat="30.6228845309869" lon="104.0676954353855"><ele>476</ele><time>2025-07-20T13:41:22.000Z</time></trkpt>
<trkpt lat="30.6228845309869" lon="104.0676954353855"><ele>476</ele><time>2025-07-20T13:41:23.000Z</time></trkpt>
<trkpt lat="30.6228845309869" lon="104.0676954353855"><ele>475</ele><time>2025-07-20T13:41:24.000Z</time></trkpt>
<trkpt lat="30.6228845309869" lon="104.0676954353855"><ele>476</ele><time>2025-07-20T13:41:25.000Z</time></trkpt>
<trkpt lat="30.6228845309869" lon="104.0676954353855"><ele>476</ele><time>2025-07-20T13:41:26.000Z</time></trkpt>
<trkpt lat="30.6228845309869" lon="104.0676954353855"><ele>476</ele><time>2025-07-20T13:41:27.000Z</time></trkpt>
<trkpt lat="30.6228845309869" lon="104.0676954353855"><ele>477</ele><time>2025-07-20T13:41:28.000Z</time></trkpt>
<trkpt lat="30.6228845309869" lon="104.0676954353855"><ele>477</ele><time>2025-07-20T13:41:29.000Z</time></trkpt>
<trkpt lat="30.6228845309869" lon="104.0676954353855"><ele>477</ele><time>2025-07-20T13:41:30.000Z</time></trkpt>
<trkpt lat="30.6228845309869" lon="104.0676954353855"><ele>477</ele><time>2025-07-20T13:41:31.000Z</time></trkpt>
<trkpt lat="30.6228845309869" lon="104.0676954353855"><ele>477</ele><time>2025-07-20T13:41:32.000Z</time></trkpt>
<trkpt lat="30.6228845309869" lon="104.0676954353855"><ele>477</ele><time>2025-07-20T13:41:33.000Z</time></trkpt>
<trkpt lat="30.6228845309869" lon="104.0676954353855"><ele>478</ele><time>2025-07-20T13:41:34.000Z</time></trkpt>
<trkpt lat="30.6228845309869" lon="104.0676954353855"><ele>479</ele><time>2025-07-20T13:41:35.000Z</time></trkpt>
<trkpt lat="30.6228845309869" lon="104.0676954353855"><ele>480</ele><time>2025-07-20T13:41:36.000Z</time></trkpt>
<trkpt lat="30.6228845309869" lon="104.0676954353855"><ele>481</ele><time>2025-07-20T13:41:37.000Z</time></trkpt>
<trkpt lat="30.6228845309869" lon="104.0676954353855"><ele>479</ele><time>2025-07-20T13:41:38.000Z</time></trkpt>
<trkpt lat="30.6228845309869" lon="104.0676954353855"><ele>481</ele><time>2025-07-20T13:41:39.000Z</time></trkpt>
<trkpt lat="30.6228845309869" lon="104.0676954353855"><ele>482</ele><time>2025-07-20T13:41:40.000Z</time></trkpt>
<trkpt lat="30.6228845309869" lon="104.0676954353855"><ele>483</ele><time>2025-07-20T13:41:41.000Z</time></trkpt>
<trkpt lat="30.6228845309869" lon="104.0676954353855"><ele>484</ele><time>2025-07-20T13:41:42.000Z</time></trkpt>
<trkpt lat="30.6228845309869" lon="104.0676954353855"><ele>485</ele><time>2025-07-20T13:41:43.000Z</time></trkpt>
<trkpt lat="30.6228845309869" lon="104.0676954353855"><ele>485</ele><time>2025-07-20T13:41:44.000Z</time></trkpt>
<trkpt lat="30.6228845309869" lon="104.0676954353855"><ele>485</ele><time>2025-07-20T13:41:45.000Z</time></trkpt>
<trkpt lat="30.6228845309869" lon="104.0676954353855"><ele>485</ele><time>2025-07-20T13:41:46.000Z</time></trkpt>
<trkpt lat="30.6228845309869" lon="104.0676954353855"><ele>485</ele><time>2025-07-20T13:41:47.000Z</time></trkpt>
<trkpt lat="30.6228845309869" lon="104.0676954353855"><ele>484</ele><time>2025-07-20T13:41:48.000Z</time></trkpt>
<trkpt lat="30.6228845309869" lon="104.0676954353855"><ele>484</ele><time>2025-07-20T13:41:49.000Z</time></trkpt>
<trkpt lat="30.6228845309869" lon="104.0676954353855"><ele>484</ele><time>2025-07-20T13:41:50.000Z</time></trkpt>
<trkpt lat="30.6228845309869" lon="104.0676954353855"><ele>483</ele><time>2025-07-20T13:41:51.000Z</time></trkpt>
<trkpt lat="30.6228845309869" lon="104.0676954353855"><ele>483</ele><time>2025-07-20T13:41:52.000Z</time></trkpt>
<trkpt lat="30.6228845309869" lon="104.0676954353855"><ele>482</ele><time>2025-07-20T13:41:53.000Z</time></trkpt>
<trkpt lat="30.6228845309869" lon="104.0676954353855"><ele>482</ele><time>2025-07-20T13:41:54.000Z</time></trkpt>
<trkpt lat="30.6228845309869" lon="104.0676954353855"><ele>482</ele><time>2025-07-20T13:41:55.000Z</time></trkpt>
<trkpt lat="30.6228845309869" lon="104.0676954353855"><ele>482</ele><time>2025-07-20T13:41:56.000Z</time></trkpt>
<trkpt lat="30.6228845309869" lon="104.0676954353855"><ele>482</ele><time>2025-07-20T13:41:57.000Z</time></trkpt>
<trkpt lat="30.6228845309869" lon="104.0676954353855"><ele>482</ele><time>2025-07-20T13:41:58.000Z</time></trkpt>
<trkpt lat="30.6228845309869" lon="104.0676954353855"><ele>483</ele><time>2025-07-20T13:41:59.000Z</time></trkpt>
<trkpt lat="30.6228845309869" lon="104.0676954353855"><ele>482</ele><time>2025-07-20T13:42:00.000Z</time></trkpt>
<trkpt lat="30.6228845309869" lon="104.0676954353855"><ele>482</ele><time>2025-07-20T13:42:01.000Z</time></trkpt>
<trkpt lat="30.6228845309869" lon="104.0676954353855"><ele>482</ele><time>2025-07-20T13:42:02.000Z</time></trkpt>
<trkpt lat="30.6228845309869" lon="104.0676954353855"><ele>482</ele><time>2025-07-20T13:42:03.000Z</time></trkpt>
<trkpt lat="30.6228845309869" lon="104.0676954353855"><ele>481</ele><time>2025-07-20T13:42:04.000Z</time></trkpt>
<trkpt lat="30.6228845309869" lon="104.0676954353855"><ele>481</ele><time>2025-07-20T13:42:05.000Z</time></trkpt>
<trkpt lat="30.6228845309869" lon="104.0676954353855"><ele>482</ele><time>2025-07-20T13:42:06.000Z</time></trkpt>
<trkpt lat="30.6228845309869" lon="104.0676954353855"><ele>482</ele><time>2025-07-20T13:42:07.000Z</time></trkpt>
<trkpt lat="30.6228845309869" lon="104.0676954353855"><ele>482</ele><time>2025-07-20T13:42:08.000Z</time></trkpt>
<trkpt lat="30.6228845309869" lon="104.0676954353855"><ele>482</ele><time>2025-07-20T13:42:09.000Z</time></trkpt>
<trkpt lat="30.6228845309869" lon="104.0676954353855"><ele>482</ele><time>2025-07-20T13:42:10.000Z</time></trkpt>
<trkpt lat="30.6228845309869" lon="104.0676954353855"><ele>482</ele><time>2025-07-20T13:42:11.000Z</time></trkpt>
<trkpt lat="30.6228845309869" lon="104.0676954353855"><ele>482</ele><time>2025-07-20T13:42:12.000Z</time></trkpt>
<trkpt lat="30.6228845309869" lon="104.0676954353855"><ele>483</ele><time>2025-07-20T13:42:13.000Z</time></trkpt>
<trkpt lat="30.6228845309869" lon="104.0676954353855"><ele>483</ele><time>2025-07-20T13:42:14.000Z</time></trkpt>
<trkpt lat="30.6228845309869" lon="104.0676954353855"><ele>482</ele><time>2025-07-20T13:42:15.000Z</time></trkpt>
<trkpt lat="30.6228845309869" lon="104.0676954353855"><ele>482</ele><time>2025-07-20T13:42:16.000Z</time></trkpt>
<trkpt lat="30.6228845309869" lon="104.0676954353855"><ele>482</ele><time>2025-07-20T13:42:17.000Z</time></trkpt>
<trkpt lat="30.6228845309869" lon="104.0676954353855"><ele>482</ele><time>2025-07-20T13:42:18.000Z</time></trkpt>
<trkpt lat="30.6228845309869" lon="104.0676954353855"><ele>482</ele><time>2025-07-20T13:42:19.000Z</time></trkpt>
<trkpt lat="30.6228845309869" lon="104.0676954353855"><ele>482</ele><time>2025-07-20T13:42:20.000Z</time></trkpt>
<trkpt lat="30.6228845309869" lon="104.0676954353855"><ele>482</ele><time>2025-07-20T13:42:21.000Z</time></trkpt>
<trkpt lat="30.6228845309869" lon="104.0676954353855"><ele>482</ele><time>2025-07-20T13:42:22.000Z</time></trkpt>
<trkpt lat="30.6228845309869" lon="104.0676954353855"><ele>482</ele><time>2025-07-20T13:42:23.000Z</time></trkpt>
<trkpt lat="30.6228845309869" lon="104.0676954353855"><ele>482</ele><time>2025-07-20T13:42:24.000Z</time></trkpt>
<trkpt lat="30.6228845309869" lon="104.0676954353855"><ele>482</ele><time>2025-07-20T13:42:25.000Z</time></trkpt>
<trkpt lat="30.6228845309869" lon="104.0676954353855"><ele>481</ele><time>2025-07-20T13:42:26.000Z</time></trkpt>
<trkpt lat="30.6228845309869" lon="104.0676954353855"><ele>481</ele><time>2025-07-20T13:42:27.000Z</time></trkpt>
<trkpt lat="30.6228845309869" lon="104.0676954353855"><ele>481</ele><time>2025-07-20T13:42:28.000Z</time></trkpt>
<trkpt lat="30.6228845309869" lon="104.0676954353855"><ele>481</ele><time>2025-07-20T13:42:29.000Z</time></trkpt>
<trkpt lat="30.6228845309869" lon="104.0676954353855"><ele>481</ele><time>2025-07-20T13:42:30.000Z</time></trkpt>
<trkpt lat="30.6228845309869" lon="104.0676954353855"><ele>481</ele><time>2025-07-20T13:42:31.000Z</time></trkpt>
<trkpt lat="30.6228845309869" lon="104.0676954353855"><ele>481</ele><time>2025-07-20T13:42:32.000Z</time></trkpt>
<trkpt lat="30.6228845309869" lon="104.0676954353855"><ele>480</ele><time>2025-07-20T13:42:33.000Z</time></trkpt>
<trkpt lat="30.6228845309869" lon="104.0676954353855"><ele>480</ele><time>2025-07-20T13:42:34.000Z</time></trkpt>
<trkpt lat="30.6228845309869" lon="104.0676954353855"><ele>480</ele><time>2025-07-20T13:42:35.000Z</time></trkpt>
<trkpt lat="30.6228845309869" lon="104.0676954353855"><ele>480</ele><time>2025-07-20T13:42:36.000Z</time></trkpt>
<trkpt lat="30.6228845309869" lon="104.0676954353855"><ele>479</ele><time>2025-07-20T13:42:37.000Z</time></trkpt>
<trkpt lat="30.6228845309869" lon="104.0676954353855"><ele>479</ele><time>2025-07-20T13:42:38.000Z</time></trkpt>
<trkpt lat="30.6228845309869" lon="104.0676954353855"><ele>479</ele><time>2025-07-20T13:42:39.000Z</time></trkpt>
<trkpt lat="30.6228845309869" lon="104.0676954353855"><ele>479</ele><time>2025-07-20T13:42:40.000Z</time></trkpt>
<trkpt lat="30.6228845309869" lon="104.0676954353855"><ele>479</ele><time>2025-07-20T13:42:41.000Z</time></trkpt>
<trkpt lat="30.6228845309869" lon="104.0676954353855"><ele>478</ele><time>2025-07-20T13:42:42.000Z</time></trkpt>
<trkpt lat="30.6228845309869" lon="104.0676954353855"><ele>478</ele><time>2025-07-20T13:42:43.000Z</time></trkpt>
<trkpt lat="30.6228845309869" lon="104.0676954353855"><ele>479</ele><time>2025-07-20T13:42:44.000Z</time></trkpt>
<trkpt lat="30.6228845309869" lon="104.0676954353855"><ele>480</ele><time>2025-07-20T13:42:45.000Z</time></trkpt>
<trkpt lat="30.6228845309869" lon="104.0676954353855"><ele>480</ele><time>2025-07-20T13:42:46.000Z</time></trkpt>
<trkpt lat="30.6228845309869" lon="104.0676954353855"><ele>479</ele><time>2025-07-20T13:42:47.000Z</time></trkpt>
<trkpt lat="30.6228845309869" lon="104.0676954353855"><ele>480</ele><time>2025-07-20T13:42:48.000Z</time></trkpt>
<trkpt lat="30.6228845309869" lon="104.0676954353855"><ele>480</ele><time>2025-07-20T13:42:49.000Z</time></trkpt>
<trkpt lat="30.6228845309869" lon="104.0676954353855"><ele>480</ele><time>2025-07-20T13:42:50.000Z</time></trkpt>
<trkpt lat="30.6228845309869" lon="104.0676954353855"><ele>480</ele><time>2025-07-20T13:42:51.000Z</time></trkpt>
<trkpt lat="30.6228845309869" lon="104.0676954353855"><ele>479</ele><time>2025-07-20T13:42:52.000Z</time></trkpt>
<trkpt lat="30.6228845309869" lon="104.0676954353855"><ele>480</ele><time>2025-07-20T13:42:53.000Z</time></trkpt>
<trkpt lat="30.6228845309869" lon="104.0676954353855"><ele>480</ele><time>2025-07-20T13:42:54.000Z</time></trkpt>
<trkpt lat="30.6228845309869" lon="104.0676954353855"><ele>480</ele><time>2025-07-20T13:42:55.000Z</time></trkpt>
<trkpt lat="30.6228845309869" lon="104.0676954353855"><ele>480</ele><time>2025-07-20T13:42:56.000Z</time></trkpt>
<trkpt lat="30.6228845309869" lon="104.0676954353855"><ele>480</ele><time>2025-07-20T13:42:57.000Z</time></trkpt>
<trkpt lat="30.6228845309869" lon="104.0676954353855"><ele>480</ele><time>2025-07-20T13:42:58.000Z</time></trkpt>
<trkpt lat="30.6228845309869" lon="104.0676954353855"><ele>480</ele><time>2025-07-20T13:42:59.000Z</time></trkpt>
<trkpt lat="30.6228845309869" lon="104.0676954353855"><ele>480</ele><time>2025-07-20T13:43:00.000Z</time></trkpt>
<trkpt lat="30.6228845309869" lon="104.0676954353855"><ele>480</ele><time>2025-07-20T13:43:01.000Z</time></trkpt>
<trkpt lat="30.6228845309869" lon="104.0676954353855"><ele>481</ele><time>2025-07-20T13:43:02.000Z</time></trkpt>
<trkpt lat="30.6228845309869" lon="104.0676954353855"><ele>481</ele><time>2025-07-20T13:43:03.000Z</time></trkpt>
<trkpt lat="30.6228845309869" lon="104.0676954353855"><ele>481</ele><time>2025-07-20T13:43:04.000Z</time></trkpt>
<trkpt lat="30.6228845309869" lon="104.0676954353855"><ele>481</ele><time>2025-07-20T13:43:05.000Z</time></trkpt>
<trkpt lat="30.6228845309869" lon="104.0676954353855"><ele>481</ele><time>2025-07-20T13:43:06.000Z</time></trkpt>
<trkpt lat="30.6228845309869" lon="104.0676954353855"><ele>481</ele><time>2025-07-20T13:43:07.000Z</time></trkpt>
<trkpt lat="30.6228845309869" lon="104.0676954353855"><ele>481</ele><time>2025-07-20T13:43:08.000Z</time></trkpt>
<trkpt lat="30.6228845309869" lon="104.0676954353855"><ele>481</ele><time>2025-07-20T13:43:09.000Z</time></trkpt>
<trkpt lat="30.6228845309869" lon="104.0676954353855"><ele>481</ele><time>2025-07-20T13:43:10.000Z</time></trkpt>
<trkpt lat="30.6228845309869" lon="104.0676954353855"><ele>481</ele><time>2025-07-20T13:43:11.000Z</time></trkpt>
<trkpt lat="30.6228845309869" lon="104.0676954353855"><ele>481</ele><time>2025-07-20T13:43:12.000Z</time></trkpt>
<trkpt lat="30.6228845309869" lon="104.0676954353855"><ele>481</ele><time>2025-07-20T13:43:13.000Z</time></trkpt>
<trkpt lat="30.6228845309869" lon="104.0676954353855"><ele>481</ele><time>2025-07-20T13:43:14.000Z</time></trkpt>
<trkpt lat="30.6228845309869" lon="104.0676954353855"><ele>481</ele><time>2025-07-20T13:43:15.000Z</time></trkpt>
<trkpt lat="30.6228845309869" lon="104.0676954353855"><ele>480</ele><time>2025-07-20T13:43:16.000Z</time></trkpt>
<trkpt lat="30.6228845309869" lon="104.0676954353855"><ele>481</ele><time>2025-07-20T13:43:17.000Z</time></trkpt>
<trkpt lat="30.6228845309869" lon="104.0676954353855"><ele>480</ele><time>2025-07-20T13:43:18.000Z</time></trkpt>
<trkpt lat="30.6228845309869" lon="104.0676954353855"><ele>481</ele><time>2025-07-20T13:43:19.000Z</time></trkpt>
<trkpt lat="30.6228845309869" lon="104.0676954353855"><ele>480</ele><time>2025-07-20T13:43:20.000Z</time></trkpt>
<trkpt lat="30.6228845309869" lon="104.0676954353855"><ele>481</ele><time>2025-07-20T13:43:21.000Z</time></trkpt>
<trkpt lat="30.6228845309869" lon="104.0676954353855"><ele>481</ele><time>2025-07-20T13:43:22.000Z</time></trkpt>
<trkpt lat="30.6228845309869" lon="104.0676954353855"><ele>481</ele><time>2025-07-20T13:43:23.000Z</time></trkpt>
<trkpt lat="30.6228845309869" lon="104.0676954353855"><ele>482</ele><time>2025-07-20T13:43:24.000Z</time></trkpt>
<trkpt lat="30.6228845309869" lon="104.0676954353855"><ele>482</ele><time>2025-07-20T13:43:25.000Z</time></trkpt>
<trkpt lat="30.6228845309869" lon="104.0676954353855"><ele>481</ele><time>2025-07-20T13:43:26.000Z</time></trkpt>
<trkpt lat="30.6228845309869" lon="104.0676954353855"><ele>481</ele><time>2025-07-20T13:43:27.000Z</time></trkpt>
<trkpt lat="30.6228845309869" lon="104.0676954353855"><ele>481</ele><time>2025-07-20T13:43:28.000Z</time></trkpt>
<trkpt lat="30.6228845309869" lon="104.0676954353855"><ele>481</ele><time>2025-07-20T13:43:29.000Z</time></trkpt>
<trkpt lat="30.6228845309869" lon="104.0676954353855"><ele>481</ele><time>2025-07-20T13:43:30.000Z</time></trkpt>
<trkpt lat="30.6228845309869" lon="104.0676954353855"><ele>481</ele><time>2025-07-20T13:43:31.000Z</time></trkpt>
<trkpt lat="30.6228845309869" lon="104.0676954353855"><ele>481</ele><time>2025-07-20T13:43:32.000Z</time></trkpt>
<trkpt lat="30.6228845309869" lon="104.0676954353855"><ele>481</ele><time>2025-07-20T13:43:33.000Z</time></trkpt>
<trkpt lat="30.6228845309869" lon="104.0676954353855"><ele>481</ele><time>2025-07-20T13:43:34.000Z</time></trkpt>
<trkpt lat="30.6228845309869" lon="104.0676954353855"><ele>481</ele><time>2025-07-20T13:43:35.000Z</time></trkpt>
<trkpt lat="30.6228845309869" lon="104.0676954353855"><ele>480</ele><time>2025-07-20T13:43:36.000Z</time></trkpt>
<trkpt lat="30.6228845309869" lon="104.0676954353855"><ele>480</ele><time>2025-07-20T13:43:37.000Z</time></trkpt>
<trkpt lat="30.6228845309869" lon="104.0676954353855"><ele>480</ele><time>2025-07-20T13:43:38.000Z</time></trkpt>
<trkpt lat="30.6228845309869" lon="104.0676954353855"><ele>480</ele><time>2025-07-20T13:43:39.000Z</time></trkpt>
<trkpt lat="30.6228845309869" lon="104.0676954353855"><ele>480</ele><time>2025-07-20T13:43:40.000Z</time></trkpt>
<trkpt lat="30.6228845309869" lon="104.0676954353855"><ele>479</ele><time>2025-07-20T13:43:41.000Z</time></trkpt>
<trkpt lat="30.6228845309869" lon="104.0676954353855"><ele>479</ele><time>2025-07-20T13:43:42.000Z</time></trkpt>
<trkpt lat="30.6228845309869" lon="104.0676954353855"><ele>480</ele><time>2025-07-20T13:43:43.000Z</time></trkpt>
<trkpt lat="30.6228845309869" lon="104.0676954353855"><ele>479</ele><time>2025-07-20T13:43:44.000Z</time></trkpt>
<trkpt lat="30.6228845309869" lon="104.0676954353855"><ele>479</ele><time>2025-07-20T13:43:45.000Z</time></trkpt>
<trkpt lat="30.6228845309869" lon="104.0676954353855"><ele>479</ele><time>2025-07-20T13:43:46.000Z</time></trkpt>
<trkpt lat="30.6228845309869" lon="104.0676954353855"><ele>479</ele><time>2025-07-20T13:43:47.000Z</time></trkpt>
<trkpt lat="30.6228845309869" lon="104.0676954353855"><ele>478</ele><time>2025-07-20T13:43:48.000Z</time></trkpt>
<trkpt lat="30.6228845309869" lon="104.0676954353855"><ele>478</ele><time>2025-07-20T13:43:49.000Z</time></trkpt>
<trkpt lat="30.6228845309869" lon="104.0676954353855"><ele>478</ele><time>2025-07-20T13:43:50.000Z</time></trkpt>
<trkpt lat="30.6228845309869" lon="104.0676954353855"><ele>479</ele><time>2025-07-20T13:43:51.000Z</time></trkpt>
<trkpt lat="30.6228845309869" lon="104.0676954353855"><ele>479</ele><time>2025-07-20T13:43:52.000Z</time></trkpt>
<trkpt lat="30.6228845309869" lon="104.0676954353855"><ele>478</ele><time>2025-07-20T13:43:53.000Z</time></trkpt>
<trkpt lat="30.6228845309869" lon="104.0676954353855"><ele>478</ele><time>2025-07-20T13:43:54.000Z</time></trkpt>
<trkpt lat="30.6228845309869" lon="104.0676954353855"><ele>478</ele><time>2025-07-20T13:43:55.000Z</time></trkpt>
<trkpt lat="30.6228845309869" lon="104.0676954353855"><ele>478</ele><time>2025-07-20T13:43:56.000Z</time></trkpt>
<trkpt lat="30.6228845309869" lon="104.0676954353855"><ele>478</ele><time>2025-07-20T13:43:57.000Z</time></trkpt>
<trkpt lat="30.6228845309869" lon="104.0676954353855"><ele>478</ele><time>2025-07-20T13:43:58.000Z</time></trkpt>
<trkpt lat="30.6228845309869" lon="104.0676954353855"><ele>477</ele><time>2025-07-20T13:43:59.000Z</time></trkpt>
<trkpt lat="30.6228845309869" lon="104.0676954353855"><ele>478</ele><time>2025-07-20T13:44:00.000Z</time></trkpt>
<trkpt lat="30.6228845309869" lon="104.0676954353855"><ele>478</ele><time>2025-07-20T13:44:01.000Z</time></trkpt>
<trkpt lat="30.6228845309869" lon="104.0676954353855"><ele>478</ele><time>2025-07-20T13:44:02.000Z</time></trkpt>
<trkpt lat="30.6228845309869" lon="104.0676954353855"><ele>477</ele><time>2025-07-20T13:44:03.000Z</time></trkpt>
<trkpt lat="30.6228845309869" lon="104.0676954353855"><ele>477</ele><time>2025-07-20T13:44:04.000Z</time></trkpt>
<trkpt lat="30.6228845309869" lon="104.0676954353855"><ele>478</ele><time>2025-07-20T13:44:05.000Z</time></trkpt>
<trkpt lat="30.6228845309869" lon="104.0676954353855"><ele>479</ele><time>2025-07-20T13:44:06.000Z</time></trkpt>
<trkpt lat="30.6228845309869" lon="104.0676954353855"><ele>479</ele><time>2025-07-20T13:44:07.000Z</time></trkpt>
<trkpt lat="30.6228845309869" lon="104.0676954353855"><ele>479</ele><time>2025-07-20T13:44:08.000Z</time></trkpt>
<trkpt lat="30.6228845309869" lon="104.0676954353855"><ele>479</ele><time>2025-07-20T13:44:09.000Z</time></trkpt>
<trkpt lat="30.6228845309869" lon="104.0676954353855"><ele>480</ele><time>2025-07-20T13:44:10.000Z</time></trkpt>
<trkpt lat="30.6228845309869" lon="104.0676954353855"><ele>480</ele><time>2025-07-20T13:44:11.000Z</time></trkpt>
<trkpt lat="30.6228845309869" lon="104.0676954353855"><ele>479</ele><time>2025-07-20T13:44:12.000Z</time></trkpt>
<trkpt lat="30.6228845309869" lon="104.0676954353855"><ele>479</ele><time>2025-07-20T13:44:13.000Z</time></trkpt>
<trkpt lat="30.6228845309869" lon="104.0676954353855"><ele>479</ele><time>2025-07-20T13:44:14.000Z</time></trkpt>
<trkpt lat="30.6228845309869" lon="104.0676954353855"><ele>478</ele><time>2025-07-20T13:44:15.000Z</time></trkpt>
<trkpt lat="30.6228845309869" lon="104.0676954353855"><ele>479</ele><time>2025-07-20T13:44:16.000Z</time></trkpt>
<trkpt lat="30.6228845309869" lon="104.0676954353855"><ele>479</ele><time>2025-07-20T13:44:17.000Z</time></trkpt>
<trkpt lat="30.6228845309869" lon="104.0676954353855"><ele>479</ele><time>2025-07-20T13:44:18.000Z</time></trkpt>
<trkpt lat="30.6228845309869" lon="104.0676954353855"><ele>479</ele><time>2025-07-20T13:44:19.000Z</time></trkpt>
<trkpt lat="30.6228845309869" lon="104.0676954353855"><ele>478</ele><time>2025-07-20T13:44:20.000Z</time></trkpt>
<trkpt lat="30.6228845309869" lon="104.0676954353855"><ele>478</ele><time>2025-07-20T13:44:21.000Z</time></trkpt>
<trkpt lat="30.6228845309869" lon="104.0676954353855"><ele>478</ele><time>2025-07-20T13:44:22.000Z</time></trkpt>
<trkpt lat="30.6228845309869" lon="104.0676954353855"><ele>478</ele><time>2025-07-20T13:44:23.000Z</time></trkpt>
<trkpt lat="30.6228845309869" lon="104.0676954353855"><ele>478</ele><time>2025-07-20T13:44:24.000Z</time></trkpt>
<trkpt lat="30.6228845309869" lon="104.0676954353855"><ele>479</ele><time>2025-07-20T13:44:25.000Z</time></trkpt>
<trkpt lat="30.6228845309869" lon="104.0676954353855"><ele>479</ele><time>2025-07-20T13:44:26.000Z</time></trkpt>
<trkpt lat="30.6228845309869" lon="104.0676954353855"><ele>479</ele><time>2025-07-20T13:44:27.000Z</time></trkpt>
<trkpt lat="30.6228845309869" lon="104.0676954353855"><ele>479</ele><time>2025-07-20T13:44:28.000Z</time></trkpt>
<trkpt lat="30.6228845309869" lon="104.0676954353855"><ele>478</ele><time>2025-07-20T13:44:29.000Z</time></trkpt>
<trkpt lat="30.6228845309869" lon="104.0676954353855"><ele>478</ele><time>2025-07-20T13:44:30.000Z</time></trkpt>
<trkpt lat="30.6228845309869" lon="104.0676954353855"><ele>478</ele><time>2025-07-20T13:44:31.000Z</time></trkpt>
<trkpt lat="30.6228845309869" lon="104.0676954353855"><ele>478</ele><time>2025-07-20T13:44:32.000Z</time></trkpt>
<trkpt lat="30.6228845309869" lon="104.0676954353855"><ele>478</ele><time>2025-07-20T13:44:33.000Z</time></trkpt>
<trkpt lat="30.6228845309869" lon="104.0676954353855"><ele>478</ele><time>2025-07-20T13:44:34.000Z</time></trkpt>
<trkpt lat="30.6228845309869" lon="104.0676954353855"><ele>479</ele><time>2025-07-20T13:44:35.000Z</time></trkpt>
<trkpt lat="30.6228845309869" lon="104.0676954353855"><ele>478</ele><time>2025-07-20T13:44:36.000Z</time></trkpt>
<trkpt lat="30.6228845309869" lon="104.0676954353855"><ele>478</ele><time>2025-07-20T13:44:37.000Z</time></trkpt>
<trkpt lat="30.6228845309869" lon="104.0676954353855"><ele>476</ele><time>2025-07-20T13:44:38.000Z</time></trkpt>
<trkpt lat="30.6228845309869" lon="104.0676954353855"><ele>474</ele><time>2025-07-20T13:44:39.000Z</time></trkpt>
<trkpt lat="30.6228845309869" lon="104.0676954353855"><ele>473</ele><time>2025-07-20T13:44:40.000Z</time></trkpt>
<trkpt lat="30.6228845309869" lon="104.0676954353855"><ele>473</ele><time>2025-07-20T13:44:41.000Z</time></trkpt>
<trkpt lat="30.6228845309869" lon="104.0676954353855"><ele>471</ele><time>2025-07-20T13:44:42.000Z</time></trkpt>
<trkpt lat="30.6228845309869" lon="104.0676954353855"><ele>471</ele><time>2025-07-20T13:44:43.000Z</time></trkpt>
<trkpt lat="30.6228845309869" lon="104.0676954353855"><ele>471</ele><time>2025-07-20T13:44:44.000Z</time></trkpt>
<trkpt lat="30.6228845309869" lon="104.0676954353855"><ele>470</ele><time>2025-07-20T13:44:45.000Z</time></trkpt>
<trkpt lat="30.6228845309869" lon="104.0676954353855"><ele>470</ele><time>2025-07-20T13:44:46.000Z</time></trkpt>
<trkpt lat="30.6228845309869" lon="104.0676954353855"><ele>469</ele><time>2025-07-20T13:44:47.000Z</time></trkpt>
<trkpt lat="30.6228845309869" lon="104.0676954353855"><ele>469</ele><time>2025-07-20T13:44:48.000Z</time></trkpt>
<trkpt lat="30.6228845309869" lon="104.0676954353855"><ele>469</ele><time>2025-07-20T13:44:49.000Z</time></trkpt>
<trkpt lat="30.6228845309869" lon="104.0676954353855"><ele>470</ele><time>2025-07-20T13:44:50.000Z</time></trkpt>
<trkpt lat="30.6228845309869" lon="104.0676954353855"><ele>470</ele><time>2025-07-20T13:44:51.000Z</time></trkpt>
<trkpt lat="30.6228845309869" lon="104.0676954353855"><ele>470</ele><time>2025-07-20T13:44:52.000Z</time></trkpt>
<trkpt lat="30.6228845309869" lon="104.0676954353855"><ele>470</ele><time>2025-07-20T13:44:53.000Z</time></trkpt>
<trkpt lat="30.6228845309869" lon="104.0676954353855"><ele>470</ele><time>2025-07-20T13:44:54.000Z</time></trkpt>
<trkpt lat="30.6228845309869" lon="104.0676954353855"><ele>470</ele><time>2025-07-20T13:44:55.000Z</time></trkpt>
<trkpt lat="30.6228845309869" lon="104.0676954353855"><ele>471</ele><time>2025-07-20T13:44:56.000Z</time></trkpt>
<trkpt lat="30.6228845309869" lon="104.0676954353855"><ele>472</ele><time>2025-07-20T13:44:57.000Z</time></trkpt>
<trkpt lat="30.6228845309869" lon="104.0676954353855"><ele>473</ele><time>2025-07-20T13:44:58.000Z</time></trkpt>
<trkpt lat="30.6228845309869" lon="104.0676954353855"><ele>473</ele><time>2025-07-20T13:44:59.000Z</time></trkpt>
<trkpt lat="30.6228845309869" lon="104.0676954353855"><ele>474</ele><time>2025-07-20T13:45:00.000Z</time></trkpt>
<trkpt lat="30.6228845309869" lon="104.0676954353855"><ele>475</ele><time>2025-07-20T13:45:01.000Z</time></trkpt>
<trkpt lat="30.6228845309869" lon="104.0676954353855"><ele>476</ele><time>2025-07-20T13:45:02.000Z</time></trkpt>
<trkpt lat="30.6228845309869" lon="104.0676954353855"><ele>478</ele><time>2025-07-20T13:45:03.000Z</time></trkpt>
<trkpt lat="30.6228845309869" lon="104.0676954353855"><ele>478</ele><time>2025-07-20T13:45:04.000Z</time></trkpt>
<trkpt lat="30.6228845309869" lon="104.0676954353855"><ele>479</ele><time>2025-07-20T13:45:05.000Z</time></trkpt>
<trkpt lat="30.6228845309869" lon="104.0676954353855"><ele>480</ele><time>2025-07-20T13:45:06.000Z</time></trkpt>
<trkpt lat="30.6228845309869" lon="104.0676954353855"><ele>480</ele><time>2025-07-20T13:45:07.000Z</time></trkpt>
<trkpt lat="30.6228845309869" lon="104.0676954353855"><ele>480</ele><time>2025-07-20T13:45:08.000Z</time></trkpt>
<trkpt lat="30.6228845309869" lon="104.0676954353855"><ele>479</ele><time>2025-07-20T13:45:09.000Z</time></trkpt>
<trkpt lat="30.6228845309869" lon="104.0676954353855"><ele>479</ele><time>2025-07-20T13:45:10.000Z</time></trkpt>
<trkpt lat="30.6228845309869" lon="104.0676954353855"><ele>479</ele><time>2025-07-20T13:45:11.000Z</time></trkpt>
<trkpt lat="30.6228845309869" lon="104.0676954353855"><ele>479</ele><time>2025-07-20T13:45:12.000Z</time></trkpt>
<trkpt lat="30.6228845309869" lon="104.0676954353855"><ele>479</ele><time>2025-07-20T13:45:13.000Z</time></trkpt>
<trkpt lat="30.6228845309869" lon="104.0676954353855"><ele>479</ele><time>2025-07-20T13:45:14.000Z</time></trkpt>
<trkpt lat="30.6228845309869" lon="104.0676954353855"><ele>479</ele><time>2025-07-20T13:45:15.000Z</time></trkpt>
<trkpt lat="30.6228845309869" lon="104.0676954353855"><ele>479</ele><time>2025-07-20T13:45:16.000Z</time></trkpt>
<trkpt lat="30.6228845309869" lon="104.0676954353855"><ele>479</ele><time>2025-07-20T13:45:17.000Z</time></trkpt>
<trkpt lat="30.6228845309869" lon="104.0676954353855"><ele>479</ele><time>2025-07-20T13:45:18.000Z</time></trkpt>
<trkpt lat="30.6228845309869" lon="104.0676954353855"><ele>479</ele><time>2025-07-20T13:45:19.000Z</time></trkpt>
<trkpt lat="30.6228845309869" lon="104.0676954353855"><ele>479</ele><time>2025-07-20T13:45:20.000Z</time></trkpt>
<trkpt lat="30.6228845309869" lon="104.0676954353855"><ele>479</ele><time>2025-07-20T13:45:21.000Z</time></trkpt>
<trkpt lat="30.6228845309869" lon="104.0676954353855"><ele>479</ele><time>2025-07-20T13:45:22.000Z</time></trkpt>
<trkpt lat="30.6228845309869" lon="104.0676954353855"><ele>479</ele><time>2025-07-20T13:45:23.000Z</time></trkpt>
<trkpt lat="30.6228845309869" lon="104.0676954353855"><ele>479</ele><time>2025-07-20T13:45:24.000Z</time></trkpt>
<trkpt lat="30.6228845309869" lon="104.0676954353855"><ele>479</ele><time>2025-07-20T13:45:25.000Z</time></trkpt>
<trkpt lat="30.6228845309869" lon="104.0676954353855"><ele>480</ele><time>2025-07-20T13:45:26.000Z</time></trkpt>
<trkpt lat="30.6228845309869" lon="104.0676954353855"><ele>480</ele><time>2025-07-20T13:45:27.000Z</time></trkpt>
<trkpt lat="30.6228845309869" lon="104.0676954353855"><ele>482</ele><time>2025-07-20T13:45:28.000Z</time></trkpt>
<trkpt lat="30.6228845309869" lon="104.0676954353855"><ele>481</ele><time>2025-07-20T13:45:29.000Z</time></trkpt>
<trkpt lat="30.6228845309869" lon="104.0676954353855"><ele>481</ele><time>2025-07-20T13:45:30.000Z</time></trkpt>
<trkpt lat="30.6228845309869" lon="104.0676954353855"><ele>484</ele><time>2025-07-20T13:45:31.000Z</time></trkpt>
<trkpt lat="30.6228845309869" lon="104.0676954353855"><ele>486</ele><time>2025-07-20T13:45:32.000Z</time></trkpt>
<trkpt lat="30.6228845309869" lon="104.0676954353855"><ele>488</ele><time>2025-07-20T13:45:33.000Z</time></trkpt>
<trkpt lat="30.6228845309869" lon="104.0676954353855"><ele>489</ele><time>2025-07-20T13:45:34.000Z</time></trkpt>
<trkpt lat="30.6228845309869" lon="104.0676954353855"><ele>491</ele><time>2025-07-20T13:45:35.000Z</time></trkpt>
<trkpt lat="30.6228845309869" lon="104.0676954353855"><ele>493</ele><time>2025-07-20T13:45:36.000Z</time></trkpt>
<trkpt lat="30.6228845309869" lon="104.0676954353855"><ele>495</ele><time>2025-07-20T13:45:37.000Z</time></trkpt>
<trkpt lat="30.6228845309869" lon="104.0676954353855"><ele>501</ele><time>2025-07-20T13:45:38.000Z</time></trkpt>
<trkpt lat="30.6228845309869" lon="104.0676954353855"><ele>504</ele><time>2025-07-20T13:45:39.000Z</time></trkpt>
<trkpt lat="30.6228845309869" lon="104.0676954353855"><ele>508</ele><time>2025-07-20T13:45:40.000Z</time></trkpt>
<trkpt lat="30.6228845309869" lon="104.0676954353855"><ele>510</ele><time>2025-07-20T13:45:41.000Z</time></trkpt>
<trkpt lat="30.6228845309869" lon="104.0676954353855"><ele>512</ele><time>2025-07-20T13:45:42.000Z</time></trkpt>
<trkpt lat="30.6228845309869" lon="104.0676954353855"><ele>512</ele><time>2025-07-20T13:45:43.000Z</time></trkpt>
<trkpt lat="30.6228845309869" lon="104.0676954353855"><ele>512</ele><time>2025-07-20T13:45:44.000Z</time></trkpt>
<trkpt lat="30.6228845309869" lon="104.0676954353855"><ele>510</ele><time>2025-07-20T13:45:45.000Z</time></trkpt>
<trkpt lat="30.6228845309869" lon="104.0676954353855"><ele>510</ele><time>2025-07-20T13:45:46.000Z</time></trkpt>
<trkpt lat="30.6228845309869" lon="104.0676954353855"><ele>508</ele><time>2025-07-20T13:45:47.000Z</time></trkpt>
<trkpt lat="30.6228845309869" lon="104.0676954353855"><ele>507</ele><time>2025-07-20T13:45:48.000Z</time></trkpt>
<trkpt lat="30.6228845309869" lon="104.0676954353855"><ele>506</ele><time>2025-07-20T13:45:49.000Z</time></trkpt>
<trkpt lat="30.6228845309869" lon="104.0676954353855"><ele>505</ele><time>2025-07-20T13:45:50.000Z</time></trkpt>
<trkpt lat="30.6228845309869" lon="104.0676954353855"><ele>504</ele><time>2025-07-20T13:45:51.000Z</time></trkpt>
<trkpt lat="30.6228845309869" lon="104.0676954353855"><ele>504</ele><time>2025-07-20T13:45:52.000Z</time></trkpt>
<trkpt lat="30.6228845309869" lon="104.0676954353855"><ele>503</ele><time>2025-07-20T13:45:53.000Z</time></trkpt>
<trkpt lat="30.6228845309869" lon="104.0676954353855"><ele>504</ele><time>2025-07-20T13:45:54.000Z</time></trkpt>
<trkpt lat="30.6228845309869" lon="104.0676954353855"><ele>504</ele><time>2025-07-20T13:45:55.000Z</time></trkpt>
<trkpt lat="30.6228845309869" lon="104.0676954353855"><ele>503</ele><time>2025-07-20T13:45:56.000Z</time></trkpt>
<trkpt lat="30.6228845309869" lon="104.0676954353855"><ele>502</ele><time>2025-07-20T13:45:57.000Z</time></trkpt>
<trkpt lat="30.6228845309869" lon="104.0676954353855"><ele>503</ele><time>2025-07-20T13:45:58.000Z</time></trkpt>
<trkpt lat="30.6228845309869" lon="104.0676954353855"><ele>503</ele><time>2025-07-20T13:45:59.000Z</time></trkpt>
<trkpt lat="30.6228845309869" lon="104.0676954353855"><ele>504</ele><time>2025-07-20T13:46:00.000Z</time></trkpt>
<trkpt lat="30.6228845309869" lon="104.0676954353855"><ele>505</ele><time>2025-07-20T13:46:01.000Z</time></trkpt>
<trkpt lat="30.6228845309869" lon="104.0676954353855"><ele>505</ele><time>2025-07-20T13:46:02.000Z</time></trkpt>
<trkpt lat="30.6228845309869" lon="104.0676954353855"><ele>505</ele><time>2025-07-20T13:46:03.000Z</time></trkpt>
<trkpt lat="30.6228845309869" lon="104.0676954353855"><ele>504</ele><time>2025-07-20T13:46:04.000Z</time></trkpt>
<trkpt lat="30.6228845309869" lon="104.0676954353855"><ele>502</ele><time>2025-07-20T13:46:05.000Z</time></trkpt>
<trkpt lat="30.6228845309869" lon="104.0676954353855"><ele>501</ele><time>2025-07-20T13:46:06.000Z</time></trkpt>
<trkpt lat="30.6228845309869" lon="104.0676954353855"><ele>500</ele><time>2025-07-20T13:46:07.000Z</time></trkpt>
<trkpt lat="30.6228845309869" lon="104.0676954353855"><ele>499</ele><time>2025-07-20T13:46:08.000Z</time></trkpt>
<trkpt lat="30.6228845309869" lon="104.0676954353855"><ele>498</ele><time>2025-07-20T13:46:09.000Z</time></trkpt>
<trkpt lat="30.6228845309869" lon="104.0676954353855"><ele>499</ele><time>2025-07-20T13:46:10.000Z</time></trkpt>
<trkpt lat="30.6228845309869" lon="104.0676954353855"><ele>499</ele><time>2025-07-20T13:46:11.000Z</time></trkpt>
<trkpt lat="30.6228845309869" lon="104.0676954353855"><ele>499</ele><time>2025-07-20T13:46:12.000Z</time></trkpt>
<trkpt lat="30.6228845309869" lon="104.0676954353855"><ele>499</ele><time>2025-07-20T13:46:13.000Z</time></trkpt>
<trkpt lat="30.6228845309869" lon="104.0676954353855"><ele>499</ele><time>2025-07-20T13:46:14.000Z</time></trkpt>
<trkpt lat="30.6228845309869" lon="104.0676954353855"><ele>499</ele><time>2025-07-20T13:46:15.000Z</time></trkpt>
<trkpt lat="30.6228845309869" lon="104.0676954353855"><ele>499</ele><time>2025-07-20T13:46:16.000Z</time></trkpt>
<trkpt lat="30.6228845309869" lon="104.0676954353855"><ele>499</ele><time>2025-07-20T13:46:17.000Z</time></trkpt>
<trkpt lat="30.6228845309869" lon="104.0676954353855"><ele>499</ele><time>2025-07-20T13:46:18.000Z</time></trkpt>
<trkpt lat="30.6228845309869" lon="104.0676954353855"><ele>499</ele><time>2025-07-20T13:46:19.000Z</time></trkpt>
<trkpt lat="30.6228845309869" lon="104.0676954353855"><ele>499</ele><time>2025-07-20T13:46:20.000Z</time></trkpt>
<trkpt lat="30.6228845309869" lon="104.0676954353855"><ele>499</ele><time>2025-07-20T13:46:21.000Z</time></trkpt>
<trkpt lat="30.6228845309869" lon="104.0676954353855"><ele>499</ele><time>2025-07-20T13:46:22.000Z</time></trkpt>
<trkpt lat="30.6228845309869" lon="104.0676954353855"><ele>498</ele><time>2025-07-20T13:46:23.000Z</time></trkpt>
<trkpt lat="30.6228845309869" lon="104.0676954353855"><ele>498</ele><time>2025-07-20T13:46:24.000Z</time></trkpt>
<trkpt lat="30.6228845309869" lon="104.0676954353855"><ele>498</ele><time>2025-07-20T13:46:25.000Z</time></trkpt>
<trkpt lat="30.6228845309869" lon="104.0676954353855"><ele>498</ele><time>2025-07-20T13:46:26.000Z</time></trkpt>
<trkpt lat="30.6228845309869" lon="104.0676954353855"><ele>498</ele><time>2025-07-20T13:46:27.000Z</time></trkpt>
<trkpt lat="30.6228845309869" lon="104.0676954353855"><ele>498</ele><time>2025-07-20T13:46:28.000Z</time></trkpt>
<trkpt lat="30.6228845309869" lon="104.0676954353855"><ele>498</ele><time>2025-07-20T13:46:29.000Z</time></trkpt>
<trkpt lat="30.6228845309869" lon="104.0676954353855"><ele>498</ele><time>2025-07-20T13:46:30.000Z</time></trkpt>
<trkpt lat="30.6228845309869" lon="104.0676954353855"><ele>498</ele><time>2025-07-20T13:46:31.000Z</time></trkpt>
<trkpt lat="30.6228845309869" lon="104.0676954353855"><ele>498</ele><time>2025-07-20T13:46:32.000Z</time></trkpt>
<trkpt lat="30.6228845309869" lon="104.0676954353855"><ele>498</ele><time>2025-07-20T13:46:33.000Z</time></trkpt>
<trkpt lat="30.6228845309869" lon="104.0676954353855"><ele>498</ele><time>2025-07-20T13:46:34.000Z</time></trkpt>
<trkpt lat="30.6228845309869" lon="104.0676954353855"><ele>498</ele><time>2025-07-20T13:46:35.000Z</time></trkpt>
<trkpt lat="30.6228845309869" lon="104.0676954353855"><ele>497</ele><time>2025-07-20T13:46:36.000Z</time></trkpt>
<trkpt lat="30.6228845309869" lon="104.0676954353855"><ele>497</ele><time>2025-07-20T13:46:37.000Z</time></trkpt>
<trkpt lat="30.6228845309869" lon="104.0676954353855"><ele>497</ele><time>2025-07-20T13:46:38.000Z</time></trkpt>
<trkpt lat="30.6228845309869" lon="104.0676954353855"><ele>497</ele><time>2025-07-20T13:46:39.000Z</time></trkpt>
<trkpt lat="30.6228845309869" lon="104.0676954353855"><ele>497</ele><time>2025-07-20T13:46:40.000Z</time></trkpt>
<trkpt lat="30.6228845309869" lon="104.0676954353855"><ele>497</ele><time>2025-07-20T13:46:41.000Z</time></trkpt>
<trkpt lat="30.6228845309869" lon="104.0676954353855"><ele>497</ele><time>2025-07-20T13:46:42.000Z</time></trkpt>
<trkpt lat="30.6228845309869" lon="104.0676954353855"><ele>497</ele><time>2025-07-20T13:46:43.000Z</time></trkpt>
<trkpt lat="30.6228845309869" lon="104.0676954353855"><ele>497</ele><time>2025-07-20T13:46:44.000Z</time></trkpt>
<trkpt lat="30.6228845309869" lon="104.0676954353855"><ele>497</ele><time>2025-07-20T13:46:45.000Z</time></trkpt>
<trkpt lat="30.6228845309869" lon="104.0676954353855"><ele>497</ele><time>2025-07-20T13:46:46.000Z</time></trkpt>
<trkpt lat="30.6228845309869" lon="104.0676954353855"><ele>497</ele><time>2025-07-20T13:46:47.000Z</time></trkpt>
<trkpt lat="30.6228845309869" lon="104.0676954353855"><ele>497</ele><time>2025-07-20T13:46:48.000Z</time></trkpt>
<trkpt lat="30.6228845309869" lon="104.0676954353855"><ele>497</ele><time>2025-07-20T13:46:49.000Z</time></trkpt>
<trkpt lat="30.6228845309869" lon="104.0676954353855"><ele>497</ele><time>2025-07-20T13:46:50.000Z</time></trkpt>
<trkpt lat="30.6228845309869" lon="104.0676954353855"><ele>497</ele><time>2025-07-20T13:46:51.000Z</time></trkpt>
<trkpt lat="30.6228845309869" lon="104.0676954353855"><ele>497</ele><time>2025-07-20T13:46:52.000Z</time></trkpt>
<trkpt lat="30.6228845309869" lon="104.0676954353855"><ele>498</ele><time>2025-07-20T13:46:53.000Z</time></trkpt>
<trkpt lat="30.6228845309869" lon="104.0676954353855"><ele>498</ele><time>2025-07-20T13:46:54.000Z</time></trkpt>
<trkpt lat="30.6228845309869" lon="104.0676954353855"><ele>498</ele><time>2025-07-20T13:46:55.000Z</time></trkpt>
<trkpt lat="30.6228845309869" lon="104.0676954353855"><ele>498</ele><time>2025-07-20T13:46:56.000Z</time></trkpt>
<trkpt lat="30.6228845309869" lon="104.0676954353855"><ele>498</ele><time>2025-07-20T13:46:57.000Z</time></trkpt>
<trkpt lat="30.6228845309869" lon="104.0676954353855"><ele>498</ele><time>2025-07-20T13:46:58.000Z</time></trkpt>
<trkpt lat="30.6228845309869" lon="104.0676954353855"><ele>498</ele><time>2025-07-20T13:46:59.000Z</time></trkpt>
<trkpt lat="30.6228845309869" lon="104.0676954353855"><ele>498</ele><time>2025-07-20T13:47:00.000Z</time></trkpt>
<trkpt lat="30.6228845309869" lon="104.0676954353855"><ele>498</ele><time>2025-07-20T13:47:01.000Z</time></trkpt>
<trkpt lat="30.6228845309869" lon="104.0676954353855"><ele>498</ele><time>2025-07-20T13:47:02.000Z</time></trkpt>
<trkpt lat="30.6228845309869" lon="104.0676954353855"><ele>498</ele><time>2025-07-20T13:47:03.000Z</time></trkpt>
<trkpt lat="30.6228845309869" lon="104.0676954353855"><ele>497</ele><time>2025-07-20T13:47:04.000Z</time></trkpt>
<trkpt lat="30.6228845309869" lon="104.0676954353855"><ele>497</ele><time>2025-07-20T13:47:05.000Z</time></trkpt>
<trkpt lat="30.6228845309869" lon="104.0676954353855"><ele>497</ele><time>2025-07-20T13:47:06.000Z</time></trkpt>
<trkpt lat="30.6228845309869" lon="104.0676954353855"><ele>497</ele><time>2025-07-20T13:47:07.000Z</time></trkpt>
<trkpt lat="30.6228845309869" lon="104.0676954353855"><ele>497</ele><time>2025-07-20T13:47:08.000Z</time></trkpt>
<trkpt lat="30.6228845309869" lon="104.0676954353855"><ele>497</ele><time>2025-07-20T13:47:09.000Z</time></trkpt>
<trkpt lat="30.6228845309869" lon="104.0676954353855"><ele>496</ele><time>2025-07-20T13:47:10.000Z</time></trkpt>
<trkpt lat="30.6228845309869" lon="104.0676954353855"><ele>496</ele><time>2025-07-20T13:47:11.000Z</time></trkpt>
<trkpt lat="30.6228845309869" lon="104.0676954353855"><ele>496</ele><time>2025-07-20T13:47:12.000Z</time></trkpt>
<trkpt lat="30.6228845309869" lon="104.0676954353855"><ele>496</ele><time>2025-07-20T13:47:13.000Z</time></trkpt>
<trkpt lat="30.6228845309869" lon="104.0676954353855"><ele>496</ele><time>2025-07-20T13:47:14.000Z</time></trkpt>
<trkpt lat="30.6228845309869" lon="104.0676954353855"><ele>496</ele><time>2025-07-20T13:47:15.000Z</time></trkpt>
<trkpt lat="30.6228845309869" lon="104.0676954353855"><ele>496</ele><time>2025-07-20T13:47:16.000Z</time></trkpt>
<trkpt lat="30.6228845309869" lon="104.0676954353855"><ele>496</ele><time>2025-07-20T13:47:17.000Z</time></trkpt>
<trkpt lat="30.6228845309869" lon="104.0676954353855"><ele>496</ele><time>2025-07-20T13:47:18.000Z</time></trkpt>
<trkpt lat="30.6228845309869" lon="104.0676954353855"><ele>495</ele><time>2025-07-20T13:47:19.000Z</time></trkpt>
<trkpt lat="30.6228845309869" lon="104.0676954353855"><ele>494</ele><time>2025-07-20T13:47:20.000Z</time></trkpt>
<trkpt lat="30.6228845309869" lon="104.0676954353855"><ele>494</ele><time>2025-07-20T13:47:21.000Z</time></trkpt>
<trkpt lat="30.6228845309869" lon="104.0676954353855"><ele>493</ele><time>2025-07-20T13:47:22.000Z</time></trkpt>
<trkpt lat="30.6228845309869" lon="104.0676954353855"><ele>492</ele><time>2025-07-20T13:47:23.000Z</time></trkpt>
<trkpt lat="30.6228845309869" lon="104.0676954353855"><ele>493</ele><time>2025-07-20T13:47:24.000Z</time></trkpt>
<trkpt lat="30.6228845309869" lon="104.0676954353855"><ele>491</ele><time>2025-07-20T13:47:25.000Z</time></trkpt>
<trkpt lat="30.6228845309869" lon="104.0676954353855"><ele>492</ele><time>2025-07-20T13:47:26.000Z</time></trkpt>
<trkpt lat="30.6228845309869" lon="104.0676954353855"><ele>491</ele><time>2025-07-20T13:47:27.000Z</time></trkpt>
<trkpt lat="30.6228845309869" lon="104.0676954353855"><ele>493</ele><time>2025-07-20T13:47:28.000Z</time></trkpt>
<trkpt lat="30.6228845309869" lon="104.0676954353855"><ele>493</ele><time>2025-07-20T13:47:29.000Z</time></trkpt>
<trkpt lat="30.6228845309869" lon="104.0676954353855"><ele>493</ele><time>2025-07-20T13:47:30.000Z</time></trkpt>
<trkpt lat="30.6228845309869" lon="104.0676954353855"><ele>493</ele><time>2025-07-20T13:47:31.000Z</time></trkpt>
<trkpt lat="30.6228845309869" lon="104.0676954353855"><ele>493</ele><time>2025-07-20T13:47:32.000Z</time></trkpt>
<trkpt lat="30.6228845309869" lon="104.0676954353855"><ele>493</ele><time>2025-07-20T13:47:33.000Z</time></trkpt>
<trkpt lat="30.6228845309869" lon="104.0676954353855"><ele>493</ele><time>2025-07-20T13:47:34.000Z</time></trkpt>
<trkpt lat="30.6228845309869" lon="104.0676954353855"><ele>492</ele><time>2025-07-20T13:47:35.000Z</time></trkpt>
<trkpt lat="30.6228845309869" lon="104.0676954353855"><ele>492</ele><time>2025-07-20T13:47:36.000Z</time></trkpt>
<trkpt lat="30.6228845309869" lon="104.0676954353855"><ele>491</ele><time>2025-07-20T13:47:37.000Z</time></trkpt>
<trkpt lat="30.6228845309869" lon="104.0676954353855"><ele>491</ele><time>2025-07-20T13:47:38.000Z</time></trkpt>
<trkpt lat="30.6228845309869" lon="104.0676954353855"><ele>491</ele><time>2025-07-20T13:47:39.000Z</time></trkpt>
<trkpt lat="30.6228845309869" lon="104.0676954353855"><ele>491</ele><time>2025-07-20T13:47:40.000Z</time></trkpt>
<trkpt lat="30.6228845309869" lon="104.0676954353855"><ele>491</ele><time>2025-07-20T13:47:41.000Z</time></trkpt>
<trkpt lat="30.6228845309869" lon="104.0676954353855"><ele>490</ele><time>2025-07-20T13:47:42.000Z</time></trkpt>
<trkpt lat="30.6228845309869" lon="104.0676954353855"><ele>490</ele><time>2025-07-20T13:47:43.000Z</time></trkpt>
<trkpt lat="30.6228845309869" lon="104.0676954353855"><ele>489</ele><time>2025-07-20T13:47:44.000Z</time></trkpt>
<trkpt lat="30.6228845309869" lon="104.0676954353855"><ele>490</ele><time>2025-07-20T13:47:45.000Z</time></trkpt>
<trkpt lat="30.6228845309869" lon="104.0676954353855"><ele>491</ele><time>2025-07-20T13:47:46.000Z</time></trkpt>
<trkpt lat="30.6228845309869" lon="104.0676954353855"><ele>491</ele><time>2025-07-20T13:47:47.000Z</time></trkpt>
<trkpt lat="30.6228845309869" lon="104.0676954353855"><ele>491</ele><time>2025-07-20T13:47:48.000Z</time></trkpt>
<trkpt lat="30.6228845309869" lon="104.0676954353855"><ele>491</ele><time>2025-07-20T13:47:49.000Z</time></trkpt>
<trkpt lat="30.6228845309869" lon="104.0676954353855"><ele>491</ele><time>2025-07-20T13:47:50.000Z</time></trkpt>
<trkpt lat="30.6228845309869" lon="104.0676954353855"><ele>492</ele><time>2025-07-20T13:47:51.000Z</time></trkpt>
<trkpt lat="30.6228845309869" lon="104.0676954353855"><ele>492</ele><time>2025-07-20T13:47:52.000Z</time></trkpt>
<trkpt lat="30.6228845309869" lon="104.0676954353855"><ele>492</ele><time>2025-07-20T13:47:53.000Z</time></trkpt>
<trkpt lat="30.6228845309869" lon="104.0676954353855"><ele>492</ele><time>2025-07-20T13:47:54.000Z</time></trkpt>
<trkpt lat="30.6228845309869" lon="104.0676954353855"><ele>492</ele><time>2025-07-20T13:47:55.000Z</time></trkpt>
<trkpt lat="30.6228845309869" lon="104.0676954353855"><ele>492</ele><time>2025-07-20T13:47:56.000Z</time></trkpt>
<trkpt lat="30.6228845309869" lon="104.0676954353855"><ele>492</ele><time>2025-07-20T13:47:57.000Z</time></trkpt>
<trkpt lat="30.6228845309869" lon="104.0676954353855"><ele>492</ele><time>2025-07-20T13:47:58.000Z</time></trkpt>
<trkpt lat="30.6228845309869" lon="104.0676954353855"><ele>492</ele><time>2025-07-20T13:47:59.000Z</time></trkpt>
<trkpt lat="30.6228845309869" lon="104.0676954353855"><ele>492</ele><time>2025-07-20T13:48:00.000Z</time></trkpt>
<trkpt lat="30.6228845309869" lon="104.0676954353855"><ele>492</ele><time>2025-07-20T13:48:01.000Z</time></trkpt>
<trkpt lat="30.6228845309869" lon="104.0676954353855"><ele>492</ele><time>2025-07-20T13:48:02.000Z</time></trkpt>
<trkpt lat="30.6228845309869" lon="104.0676954353855"><ele>492</ele><time>2025-07-20T13:48:03.000Z</time></trkpt>
<trkpt lat="30.6228845309869" lon="104.0676954353855"><ele>492</ele><time>2025-07-20T13:48:04.000Z</time></trkpt>
<trkpt lat="30.6228845309869" lon="104.0676954353855"><ele>492</ele><time>2025-07-20T13:48:05.000Z</time></trkpt>
<trkpt lat="30.6228845309869" lon="104.0676954353855"><ele>492</ele><time>2025-07-20T13:48:06.000Z</time></trkpt>
<trkpt lat="30.6228845309869" lon="104.0676954353855"><ele>492</ele><time>2025-07-20T13:48:07.000Z</time></trkpt>
<trkpt lat="30.6228845309869" lon="104.0676954353855"><ele>492</ele><time>2025-07-20T13:48:08.000Z</time></trkpt>
<trkpt lat="30.6228845309869" lon="104.0676954353855"><ele>492</ele><time>2025-07-20T13:48:09.000Z</time></trkpt>
<trkpt lat="30.6228845309869" lon="104.0676954353855"><ele>492</ele><time>2025-07-20T13:48:10.000Z</time></trkpt>
<trkpt lat="30.6228845309869" lon="104.0676954353855"><ele>492</ele><time>2025-07-20T13:48:11.000Z</time></trkpt>
<trkpt lat="30.6228845309869" lon="104.0676954353855"><ele>492</ele><time>2025-07-20T13:48:12.000Z</time></trkpt>
<trkpt lat="30.6228845309869" lon="104.0676954353855"><ele>492</ele><time>2025-07-20T13:48:13.000Z</time></trkpt>
<trkpt lat="30.6228845309869" lon="104.0676954353855"><ele>492</ele><time>2025-07-20T13:48:14.000Z</time></trkpt>
<trkpt lat="30.6228845309869" lon="104.0676954353855"><ele>492</ele><time>2025-07-20T13:48:15.000Z</time></trkpt>
<trkpt lat="30.6228845309869" lon="104.0676954353855"><ele>492</ele><time>2025-07-20T13:48:16.000Z</time></trkpt>
<trkpt lat="30.6228845309869" lon="104.0676954353855"><ele>492</ele><time>2025-07-20T13:48:17.000Z</time></trkpt>
<trkpt lat="30.6228845309869" lon="104.0676954353855"><ele>492</ele><time>2025-07-20T13:48:18.000Z</time></trkpt>
<trkpt lat="30.6228845309869" lon="104.0676954353855"><ele>492</ele><time>2025-07-20T13:48:19.000Z</time></trkpt>
<trkpt lat="30.6228845309869" lon="104.0676954353855"><ele>492</ele><time>2025-07-20T13:48:20.000Z</time></trkpt>
<trkpt lat="30.6228845309869" lon="104.0676954353855"><ele>492</ele><time>2025-07-20T13:48:21.000Z</time></trkpt>
<trkpt lat="30.6228845309869" lon="104.0676954353855"><ele>493</ele><time>2025-07-20T13:48:22.000Z</time></trkpt>
<trkpt lat="30.6228845309869" lon="104.0676954353855"><ele>493</ele><time>2025-07-20T13:48:23.000Z</time></trkpt>
<trkpt lat="30.6228845309869" lon="104.0676954353855"><ele>493</ele><time>2025-07-20T13:48:24.000Z</time></trkpt>
<trkpt lat="30.6228845309869" lon="104.0676954353855"><ele>494</ele><time>2025-07-20T13:48:25.000Z</time></trkpt>
<trkpt lat="30.6228845309869" lon="104.0676954353855"><ele>494</ele><time>2025-07-20T13:48:26.000Z</time></trkpt>
<trkpt lat="30.6228845309869" lon="104.0676954353855"><ele>493</ele><time>2025-07-20T13:48:27.000Z</time></trkpt>
<trkpt lat="30.6228845309869" lon="104.0676954353855"><ele>493</ele><time>2025-07-20T13:48:28.000Z</time></trkpt>
<trkpt lat="30.6228845309869" lon="104.0676954353855"><ele>494</ele><time>2025-07-20T13:48:29.000Z</time></trkpt>
<trkpt lat="30.6228845309869" lon="104.0676954353855"><ele>496</ele><time>2025-07-20T13:48:30.000Z</time></trkpt>
<trkpt lat="30.6228845309869" lon="104.0676954353855"><ele>497</ele><time>2025-07-20T13:48:31.000Z</time></trkpt>
<trkpt lat="30.6228845309869" lon="104.0676954353855"><ele>497</ele><time>2025-07-20T13:48:32.000Z</time></trkpt>
<trkpt lat="30.6228845309869" lon="104.0676954353855"><ele>498</ele><time>2025-07-20T13:48:33.000Z</time></trkpt>
<trkpt lat="30.6228845309869" lon="104.0676954353855"><ele>498</ele><time>2025-07-20T13:48:34.000Z</time></trkpt>
<trkpt lat="30.6228845309869" lon="104.0676954353855"><ele>497</ele><time>2025-07-20T13:48:35.000Z</time></trkpt>
<trkpt lat="30.6228845309869" lon="104.0676954353855"><ele>497</ele><time>2025-07-20T13:48:36.000Z</time></trkpt>
<trkpt lat="30.6228845309869" lon="104.0676954353855"><ele>496</ele><time>2025-07-20T13:48:37.000Z</time></trkpt>
<trkpt lat="30.6228845309869" lon="104.0676954353855"><ele>496</ele><time>2025-07-20T13:48:38.000Z</time></trkpt>
<trkpt lat="30.6228845309869" lon="104.0676954353855"><ele>496</ele><time>2025-07-20T13:48:39.000Z</time></trkpt>
<trkpt lat="30.6228845309869" lon="104.0676954353855"><ele>496</ele><time>2025-07-20T13:48:40.000Z</time></trkpt>
<trkpt lat="30.6228845309869" lon="104.0676954353855"><ele>496</ele><time>2025-07-20T13:48:41.000Z</time></trkpt>
<trkpt lat="30.6228845309869" lon="104.0676954353855"><ele>498</ele><time>2025-07-20T13:48:42.000Z</time></trkpt>
<trkpt lat="30.6228845309869" lon="104.0676954353855"><ele>499</ele><time>2025-07-20T13:48:43.000Z</time></trkpt>
<trkpt lat="30.6228845309869" lon="104.0676954353855"><ele>499</ele><time>2025-07-20T13:48:44.000Z</time></trkpt>
<trkpt lat="30.6228845309869" lon="104.0676954353855"><ele>500</ele><time>2025-07-20T13:48:45.000Z</time></trkpt>
<trkpt lat="30.6228845309869" lon="104.0676954353855"><ele>500</ele><time>2025-07-20T13:48:46.000Z</time></trkpt>
<trkpt lat="30.6228845309869" lon="104.0676954353855"><ele>501</ele><time>2025-07-20T13:48:47.000Z</time></trkpt>
<trkpt lat="30.6228845309869" lon="104.0676954353855"><ele>501</ele><time>2025-07-20T13:48:48.000Z</time></trkpt>
<trkpt lat="30.6228845309869" lon="104.0676954353855"><ele>501</ele><time>2025-07-20T13:48:49.000Z</time></trkpt>
<trkpt lat="30.6228845309869" lon="104.0676954353855"><ele>501</ele><time>2025-07-20T13:48:50.000Z</time></trkpt>
<trkpt lat="30.6228845309869" lon="104.0676954353855"><ele>502</ele><time>2025-07-20T13:48:51.000Z</time></trkpt>
<trkpt lat="30.6228845309869" lon="104.0676954353855"><ele>502</ele><time>2025-07-20T13:48:52.000Z</time></trkpt>
<trkpt lat="30.6228845309869" lon="104.0676954353855"><ele>502</ele><time>2025-07-20T13:48:53.000Z</time></trkpt>
<trkpt lat="30.6228845309869" lon="104.0676954353855"><ele>502</ele><time>2025-07-20T13:48:54.000Z</time></trkpt>
<trkpt lat="30.6228845309869" lon="104.0676954353855"><ele>503</ele><time>2025-07-20T13:48:55.000Z</time></trkpt>
<trkpt lat="30.6228845309869" lon="104.0676954353855"><ele>503</ele><time>2025-07-20T13:48:56.000Z</time></trkpt>
<trkpt lat="30.6228845309869" lon="104.0676954353855"><ele>502</ele><time>2025-07-20T13:48:57.000Z</time></trkpt>
<trkpt lat="30.6228845309869" lon="104.0676954353855"><ele>501</ele><time>2025-07-20T13:48:58.000Z</time></trkpt>
<trkpt lat="30.6228845309869" lon="104.0676954353855"><ele>501</ele><time>2025-07-20T13:48:59.000Z</time></trkpt>
<trkpt lat="30.6228845309869" lon="104.0676954353855"><ele>501</ele><time>2025-07-20T13:49:00.000Z</time></trkpt>
<trkpt lat="30.6228845309869" lon="104.0676954353855"><ele>502</ele><time>2025-07-20T13:49:01.000Z</time></trkpt>
<trkpt lat="30.6228845309869" lon="104.0676954353855"><ele>503</ele><time>2025-07-20T13:49:02.000Z</time></trkpt>
<trkpt lat="30.6228845309869" lon="104.0676954353855"><ele>504</ele><time>2025-07-20T13:49:03.000Z</time></trkpt>
<trkpt lat="30.6228845309869" lon="104.0676954353855"><ele>503</ele><time>2025-07-20T13:49:04.000Z</time></trkpt>
<trkpt lat="30.6228845309869" lon="104.0676954353855"><ele>503</ele><time>2025-07-20T13:49:05.000Z</time></trkpt>
<trkpt lat="30.6228845309869" lon="104.0676954353855"><ele>504</ele><time>2025-07-20T13:49:06.000Z</time></trkpt>
<trkpt lat="30.6228845309869" lon="104.0676954353855"><ele>504</ele><time>2025-07-20T13:49:07.000Z</time></trkpt>
<trkpt lat="30.6228845309869" lon="104.0676954353855"><ele>504</ele><time>2025-07-20T13:49:08.000Z</time></trkpt>
<trkpt lat="30.6228845309869" lon="104.0676954353855"><ele>505</ele><time>2025-07-20T13:49:09.000Z</time></trkpt>
<trkpt lat="30.6228845309869" lon="104.0676954353855"><ele>505</ele><time>2025-07-20T13:49:10.000Z</time></trkpt>
<trkpt lat="30.6228845309869" lon="104.0676954353855"><ele>505</ele><time>2025-07-20T13:49:11.000Z</time></trkpt>
<trkpt lat="30.6228845309869" lon="104.0676954353855"><ele>506</ele><time>2025-07-20T13:49:12.000Z</time></trkpt>
<trkpt lat="30.6228845309869" lon="104.0676954353855"><ele>506</ele><time>2025-07-20T13:49:13.000Z</time></trkpt>
<trkpt lat="30.6228845309869" lon="104.0676954353855"><ele>506</ele><time>2025-07-20T13:49:14.000Z</time></trkpt>
<trkpt lat="30.6228845309869" lon="104.0676954353855"><ele>505</ele><time>2025-07-20T13:49:15.000Z</time></trkpt>
<trkpt lat="30.6228845309869" lon="104.0676954353855"><ele>505</ele><time>2025-07-20T13:49:16.000Z</time></trkpt>
<trkpt lat="30.6228845309869" lon="104.0676954353855"><ele>505</ele><time>2025-07-20T13:49:17.000Z</time></trkpt>
<trkpt lat="30.6228845309869" lon="104.0676954353855"><ele>505</ele><time>2025-07-20T13:49:18.000Z</time></trkpt>
<trkpt lat="30.6228845309869" lon="104.0676954353855"><ele>506</ele><time>2025-07-20T13:49:19.000Z</time></trkpt>
<trkpt lat="30.6228845309869" lon="104.0676954353855"><ele>506</ele><time>2025-07-20T13:49:20.000Z</time></trkpt>
<trkpt lat="30.6228845309869" lon="104.0676954353855"><ele>506</ele><time>2025-07-20T13:49:21.000Z</time></trkpt>
<trkpt lat="30.6228845309869" lon="104.0676954353855"><ele>507</ele><time>2025-07-20T13:49:22.000Z</time></trkpt>
<trkpt lat="30.6228845309869" lon="104.0676954353855"><ele>507</ele><time>2025-07-20T13:49:23.000Z</time></trkpt>
<trkpt lat="30.6228845309869" lon="104.0676954353855"><ele>508</ele><time>2025-07-20T13:49:24.000Z</time></trkpt>
<trkpt lat="30.6228845309869" lon="104.0676954353855"><ele>508</ele><time>2025-07-20T13:49:25.000Z</time></trkpt>
<trkpt lat="30.6228845309869" lon="104.0676954353855"><ele>508</ele><time>2025-07-20T13:49:26.000Z</time></trkpt>
<trkpt lat="30.6228845309869" lon="104.0676954353855"><ele>508</ele><time>2025-07-20T13:49:27.000Z</time></trkpt>
<trkpt lat="30.6228845309869" lon="104.0676954353855"><ele>508</ele><time>2025-07-20T13:49:28.000Z</time></trkpt>
<trkpt lat="30.6228845309869" lon="104.0676954353855"><ele>509</ele><time>2025-07-20T13:49:29.000Z</time></trkpt>
<trkpt lat="30.6228845309869" lon="104.0676954353855"><ele>509</ele><time>2025-07-20T13:49:30.000Z</time></trkpt>
<trkpt lat="30.6228845309869" lon="104.0676954353855"><ele>509</ele><time>2025-07-20T13:49:31.000Z</time></trkpt>
<trkpt lat="30.6228845309869" lon="104.0676954353855"><ele>509</ele><time>2025-07-20T13:49:32.000Z</time></trkpt>
<trkpt lat="30.6228845309869" lon="104.0676954353855"><ele>509</ele><time>2025-07-20T13:49:33.000Z</time></trkpt>
<trkpt lat="30.6228845309869" lon="104.0676954353855"><ele>510</ele><time>2025-07-20T13:49:34.000Z</time></trkpt>
<trkpt lat="30.6228845309869" lon="104.0676954353855"><ele>510</ele><time>2025-07-20T13:49:35.000Z</time></trkpt>
<trkpt lat="30.6228845309869" lon="104.0676954353855"><ele>510</ele><time>2025-07-20T13:49:36.000Z</time></trkpt>
<trkpt lat="30.6228845309869" lon="104.0676954353855"><ele>510</ele><time>2025-07-20T13:49:37.000Z</time></trkpt>
<trkpt lat="30.6228845309869" lon="104.0676954353855"><ele>510</ele><time>2025-07-20T13:49:38.000Z</time></trkpt>
<trkpt lat="30.6228845309869" lon="104.0676954353855"><ele>510</ele><time>2025-07-20T13:49:39.000Z</time></trkpt>
<trkpt lat="30.6228845309869" lon="104.0676954353855"><ele>509</ele><time>2025-07-20T13:49:40.000Z</time></trkpt>
<trkpt lat="30.6228845309869" lon="104.0676954353855"><ele>509</ele><time>2025-07-20T13:49:41.000Z</time></trkpt>
<trkpt lat="30.6228845309869" lon="104.0676954353855"><ele>509</ele><time>2025-07-20T13:49:42.000Z</time></trkpt>
<trkpt lat="30.6228845309869" lon="104.0676954353855"><ele>509</ele><time>2025-07-20T13:49:43.000Z</time></trkpt>
<trkpt lat="30.6228845309869" lon="104.0676954353855"><ele>508</ele><time>2025-07-20T13:49:44.000Z</time></trkpt>
<trkpt lat="30.6228845309869" lon="104.0676954353855"><ele>506</ele><time>2025-07-20T13:49:45.000Z</time></trkpt>
<trkpt lat="30.6228845309869" lon="104.0676954353855"><ele>504</ele><time>2025-07-20T13:49:46.000Z</time></trkpt>
<trkpt lat="30.6228845309869" lon="104.0676954353855"><ele>500</ele><time>2025-07-20T13:49:47.000Z</time></trkpt>
<trkpt lat="30.6228845309869" lon="104.0676954353855"><ele>496</ele><time>2025-07-20T13:49:48.000Z</time></trkpt>
<trkpt lat="30.6228845309869" lon="104.0676954353855"><ele>496</ele><time>2025-07-20T13:49:49.000Z</time></trkpt>
<trkpt lat="30.6228845309869" lon="104.0676954353855"><ele>486</ele><time>2025-07-20T13:49:50.000Z</time></trkpt>
<trkpt lat="30.6228845309869" lon="104.0676954353855"><ele>482</ele><time>2025-07-20T13:49:51.000Z</time></trkpt>
<trkpt lat="30.6228845309869" lon="104.0676954353855"><ele>480</ele><time>2025-07-20T13:49:52.000Z</time></trkpt>
<trkpt lat="30.6228845309869" lon="104.0676954353855"><ele>480</ele><time>2025-07-20T13:49:53.000Z</time></trkpt>
<trkpt lat="30.6228845309869" lon="104.0676954353855"><ele>479</ele><time>2025-07-20T13:49:54.000Z</time></trkpt>
<trkpt lat="30.6228845309869" lon="104.0676954353855"><ele>479</ele><time>2025-07-20T13:49:55.000Z</time></trkpt>
<trkpt lat="30.6228845309869" lon="104.0676954353855"><ele>479</ele><time>2025-07-20T13:49:56.000Z</time></trkpt>
<trkpt lat="30.6228845309869" lon="104.0676954353855"><ele>479</ele><time>2025-07-20T13:49:57.000Z</time></trkpt>
<trkpt lat="30.6228845309869" lon="104.0676954353855"><ele>478</ele><time>2025-07-20T13:49:58.000Z</time></trkpt>
<trkpt lat="30.6228845309869" lon="104.0676954353855"><ele>478</ele><time>2025-07-20T13:49:59.000Z</time></trkpt>
<trkpt lat="30.6228845309869" lon="104.0676954353855"><ele>478</ele><time>2025-07-20T13:50:00.000Z</time></trkpt>
<trkpt lat="30.6228845309869" lon="104.0676954353855"><ele>478</ele><time>2025-07-20T13:50:01.000Z</time></trkpt>
<trkpt lat="30.6228845309869" lon="104.0676954353855"><ele>478</ele><time>2025-07-20T13:50:02.000Z</time></trkpt>
<trkpt lat="30.6228845309869" lon="104.0676954353855"><ele>477</ele><time>2025-07-20T13:50:03.000Z</time></trkpt>
<trkpt lat="30.6228845309869" lon="104.0676954353855"><ele>477</ele><time>2025-07-20T13:50:04.000Z</time></trkpt>
<trkpt lat="30.6228845309869" lon="104.0676954353855"><ele>477</ele><time>2025-07-20T13:50:05.000Z</time></trkpt>
<trkpt lat="30.6228845309869" lon="104.0676954353855"><ele>477</ele><time>2025-07-20T13:50:06.000Z</time></trkpt>
<trkpt lat="30.6228845309869" lon="104.0676954353855"><ele>477</ele><time>2025-07-20T13:50:07.000Z</time></trkpt>
<trkpt lat="30.6228845309869" lon="104.0676954353855"><ele>477</ele><time>2025-07-20T13:50:08.000Z</time></trkpt>
<trkpt lat="30.6228845309869" lon="104.0676954353855"><ele>477</ele><time>2025-07-20T13:50:09.000Z</time></trkpt>
<trkpt lat="30.6228845309869" lon="104.0676954353855"><ele>477</ele><time>2025-07-20T13:50:10.000Z</time></trkpt>
<trkpt lat="30.6228845309869" lon="104.0676954353855"><ele>477</ele><time>2025-07-20T13:50:11.000Z</time></trkpt>
<trkpt lat="30.6228845309869" lon="104.0676954353855"><ele>477</ele><time>2025-07-20T13:50:12.000Z</time></trkpt>
<trkpt lat="30.6228845309869" lon="104.0676954353855"><ele>479</ele><time>2025-07-20T13:50:13.000Z</time></trkpt>
<trkpt lat="30.6228845309869" lon="104.0676954353855"><ele>479</ele><time>2025-07-20T13:50:14.000Z</time></trkpt>
<trkpt lat="30.6228845309869" lon="104.0676954353855"><ele>479</ele><time>2025-07-20T13:50:15.000Z</time></trkpt>
<trkpt lat="30.6228845309869" lon="104.0676954353855"><ele>480</ele><time>2025-07-20T13:50:16.000Z</time></trkpt>
<trkpt lat="30.6228845309869" lon="104.0676954353855"><ele>480</ele><time>2025-07-20T13:50:17.000Z</time></trkpt>
<trkpt lat="30.6228845309869" lon="104.0676954353855"><ele>480</ele><time>2025-07-20T13:50:18.000Z</time></trkpt>
<trkpt lat="30.6228845309869" lon="104.0676954353855"><ele>480</ele><time>2025-07-20T13:50:19.000Z</time></trkpt>
<trkpt lat="30.6228845309869" lon="104.0676954353855"><ele>480</ele><time>2025-07-20T13:50:20.000Z</time></trkpt>
<trkpt lat="30.6228845309869" lon="104.0676954353855"><ele>481</ele><time>2025-07-20T13:50:21.000Z</time></trkpt>
<trkpt lat="30.6228845309869" lon="104.0676954353855"><ele>481</ele><time>2025-07-20T13:50:22.000Z</time></trkpt>
<trkpt lat="30.6228845309869" lon="104.0676954353855"><ele>481</ele><time>2025-07-20T13:50:23.000Z</time></trkpt>
<trkpt lat="30.6228845309869" lon="104.0676954353855"><ele>481</ele><time>2025-07-20T13:50:24.000Z</time></trkpt>
<trkpt lat="30.6228845309869" lon="104.0676954353855"><ele>481</ele><time>2025-07-20T13:50:25.000Z</time></trkpt>
<trkpt lat="30.6228845309869" lon="104.0676954353855"><ele>481</ele><time>2025-07-20T13:50:26.000Z</time></trkpt>
<trkpt lat="30.6228845309869" lon="104.0676954353855"><ele>481</ele><time>2025-07-20T13:50:27.000Z</time></trkpt>
<trkpt lat="30.6228845309869" lon="104.0676954353855"><ele>481</ele><time>2025-07-20T13:50:28.000Z</time></trkpt>
<trkpt lat="30.6228845309869" lon="104.0676954353855"><ele>481</ele><time>2025-07-20T13:50:29.000Z</time></trkpt>
<trkpt lat="30.6228845309869" lon="104.0676954353855"><ele>481</ele><time>2025-07-20T13:50:30.000Z</time></trkpt>
<trkpt lat="30.6228845309869" lon="104.0676954353855"><ele>481</ele><time>2025-07-20T13:50:31.000Z</time></trkpt>
<trkpt lat="30.6228845309869" lon="104.0676954353855"><ele>482</ele><time>2025-07-20T13:50:32.000Z</time></trkpt>
<trkpt lat="30.6228845309869" lon="104.0676954353855"><ele>482</ele><time>2025-07-20T13:50:33.000Z</time></trkpt>
<trkpt lat="30.6228845309869" lon="104.0676954353855"><ele>482</ele><time>2025-07-20T13:50:34.000Z</time></trkpt>
<trkpt lat="30.6228845309869" lon="104.0676954353855"><ele>483</ele><time>2025-07-20T13:50:35.000Z</time></trkpt>
<trkpt lat="30.6228845309869" lon="104.0676954353855"><ele>483</ele><time>2025-07-20T13:50:36.000Z</time></trkpt>
<trkpt lat="30.6228845309869" lon="104.0676954353855"><ele>483</ele><time>2025-07-20T13:50:37.000Z</time></trkpt>
<trkpt lat="30.6228845309869" lon="104.0676954353855"><ele>483</ele><time>2025-07-20T13:50:38.000Z</time></trkpt>
<trkpt lat="30.6228845309869" lon="104.0676954353855"><ele>483</ele><time>2025-07-20T13:50:39.000Z</time></trkpt>
<trkpt lat="30.6228845309869" lon="104.0676954353855"><ele>483</ele><time>2025-07-20T13:50:40.000Z</time></trkpt>
<trkpt lat="30.6228845309869" lon="104.0676954353855"><ele>483</ele><time>2025-07-20T13:50:41.000Z</time></trkpt>
<trkpt lat="30.6228845309869" lon="104.0676954353855"><ele>483</ele><time>2025-07-20T13:50:42.000Z</time></trkpt>
<trkpt lat="30.6228845309869" lon="104.0676954353855"><ele>482</ele><time>2025-07-20T13:50:43.000Z</time></trkpt>
<trkpt lat="30.6228845309869" lon="104.0676954353855"><ele>483</ele><time>2025-07-20T13:50:44.000Z</time></trkpt>
<trkpt lat="30.6228845309869" lon="104.0676954353855"><ele>483</ele><time>2025-07-20T13:50:45.000Z</time></trkpt>
<trkpt lat="30.6228845309869" lon="104.0676954353855"><ele>483</ele><time>2025-07-20T13:50:46.000Z</time></trkpt>
<trkpt lat="30.6228845309869" lon="104.0676954353855"><ele>483</ele><time>2025-07-20T13:50:47.000Z</time></trkpt>
<trkpt lat="30.6228845309869" lon="104.0676954353855"><ele>482</ele><time>2025-07-20T13:50:48.000Z</time></trkpt>
<trkpt lat="30.6228845309869" lon="104.0676954353855"><ele>483</ele><time>2025-07-20T13:50:49.000Z</time></trkpt>
<trkpt lat="30.6228845309869" lon="104.0676954353855"><ele>482</ele><time>2025-07-20T13:50:50.000Z</time></trkpt>
<trkpt lat="30.6228845309869" lon="104.0676954353855"><ele>483</ele><time>2025-07-20T13:50:51.000Z</time></trkpt>
<trkpt lat="30.6228845309869" lon="104.0676954353855"><ele>482</ele><time>2025-07-20T13:50:52.000Z</time></trkpt>
<trkpt lat="30.6228845309869" lon="104.0676954353855"><ele>480</ele><time>2025-07-20T13:50:53.000Z</time></trkpt>
<trkpt lat="30.6228845309869" lon="104.0676954353855"><ele>479</ele><time>2025-07-20T13:50:54.000Z</time></trkpt>
<trkpt lat="30.6228845309869" lon="104.0676954353855"><ele>478</ele><time>2025-07-20T13:50:55.000Z</time></trkpt>
<trkpt lat="30.6228845309869" lon="104.0676954353855"><ele>477</ele><time>2025-07-20T13:50:56.000Z</time></trkpt>
<trkpt lat="30.6228845309869" lon="104.0676954353855"><ele>475</ele><time>2025-07-20T13:50:57.000Z</time></trkpt>
<trkpt lat="30.6228845309869" lon="104.0676954353855"><ele>476</ele><time>2025-07-20T13:50:58.000Z</time></trkpt>
<trkpt lat="30.6228845309869" lon="104.0676954353855"><ele>476</ele><time>2025-07-20T13:50:59.000Z</time></trkpt>
<trkpt lat="30.6228845309869" lon="104.0676954353855"><ele>475</ele><time>2025-07-20T13:51:00.000Z</time></trkpt>
<trkpt lat="30.6228845309869" lon="104.0676954353855"><ele>474</ele><time>2025-07-20T13:51:01.000Z</time></trkpt>
<trkpt lat="30.6228845309869" lon="104.0676954353855"><ele>474</ele><time>2025-07-20T13:51:02.000Z</time></trkpt>
<trkpt lat="30.6228845309869" lon="104.0676954353855"><ele>473</ele><time>2025-07-20T13:51:03.000Z</time></trkpt>
<trkpt lat="30.6228845309869" lon="104.0676954353855"><ele>472</ele><time>2025-07-20T13:51:04.000Z</time></trkpt>
<trkpt lat="30.6228845309869" lon="104.0676954353855"><ele>471</ele><time>2025-07-20T13:51:05.000Z</time></trkpt>
<trkpt lat="30.6228845309869" lon="104.0676954353855"><ele>466</ele><time>2025-07-20T13:51:06.000Z</time></trkpt>
<trkpt lat="30.6228845309869" lon="104.0676954353855"><ele>465</ele><time>2025-07-20T13:51:07.000Z</time></trkpt>
<trkpt lat="30.6228845309869" lon="104.0676954353855"><ele>464</ele><time>2025-07-20T13:51:08.000Z</time></trkpt>
<trkpt lat="30.6228845309869" lon="104.0676954353855"><ele>464</ele><time>2025-07-20T13:51:09.000Z</time></trkpt>
<trkpt lat="30.6228845309869" lon="104.0676954353855"><ele>466</ele><time>2025-07-20T13:51:10.000Z</time></trkpt>
<trkpt lat="30.6228845309869" lon="104.0676954353855"><ele>466</ele><time>2025-07-20T13:51:11.000Z</time></trkpt>
<trkpt lat="30.6228845309869" lon="104.0676954353855"><ele>465</ele><time>2025-07-20T13:51:12.000Z</time></trkpt>
<trkpt lat="30.6228845309869" lon="104.0676954353855"><ele>465</ele><time>2025-07-20T13:51:13.000Z</time></trkpt>
<trkpt lat="30.6228845309869" lon="104.0676954353855"><ele>466</ele><time>2025-07-20T13:51:14.000Z</time></trkpt>
<trkpt lat="30.6228845309869" lon="104.0676954353855"><ele>466</ele><time>2025-07-20T13:51:15.000Z</time></trkpt>
<trkpt lat="30.6228845309869" lon="104.0676954353855"><ele>468</ele><time>2025-07-20T13:51:16.000Z</time></trkpt>
<trkpt lat="30.6228845309869" lon="104.0676954353855"><ele>468</ele><time>2025-07-20T13:51:17.000Z</time></trkpt>
<trkpt lat="30.6228845309869" lon="104.0676954353855"><ele>473</ele><time>2025-07-20T13:51:18.000Z</time></trkpt>
<trkpt lat="30.6228845309869" lon="104.0676954353855"><ele>473</ele><time>2025-07-20T13:51:19.000Z</time></trkpt>
<trkpt lat="30.6228845309869" lon="104.0676954353855"><ele>473</ele><time>2025-07-20T13:51:20.000Z</time></trkpt>
<trkpt lat="30.6228845309869" lon="104.0676954353855"><ele>473</ele><time>2025-07-20T13:51:21.000Z</time></trkpt>
<trkpt lat="30.6228845309869" lon="104.0676954353855"><ele>474</ele><time>2025-07-20T13:51:22.000Z</time></trkpt>
<trkpt lat="30.6228845309869" lon="104.0676954353855"><ele>475</ele><time>2025-07-20T13:51:23.000Z</time></trkpt>
<trkpt lat="30.6228845309869" lon="104.0676954353855"><ele>476</ele><time>2025-07-20T13:51:24.000Z</time></trkpt>
<trkpt lat="30.6228845309869" lon="104.0676954353855"><ele>478</ele><time>2025-07-20T13:51:25.000Z</time></trkpt>
<trkpt lat="30.6228845309869" lon="104.0676954353855"><ele>478</ele><time>2025-07-20T13:51:26.000Z</time></trkpt>
<trkpt lat="30.6228845309869" lon="104.0676954353855"><ele>479</ele><time>2025-07-20T13:51:27.000Z</time></trkpt>
<trkpt lat="30.6228845309869" lon="104.0676954353855"><ele>479</ele><time>2025-07-20T13:51:28.000Z</time></trkpt>
<trkpt lat="30.6228845309869" lon="104.0676954353855"><ele>479</ele><time>2025-07-20T13:51:29.000Z</time></trkpt>
<trkpt lat="30.6228845309869" lon="104.0676954353855"><ele>479</ele><time>2025-07-20T13:51:30.000Z</time></trkpt>
<trkpt lat="30.6228845309869" lon="104.0676954353855"><ele>478</ele><time>2025-07-20T13:51:31.000Z</time></trkpt>
<trkpt lat="30.6228845309869" lon="104.0676954353855"><ele>478</ele><time>2025-07-20T13:51:32.000Z</time></trkpt>
<trkpt lat="30.6228845309869" lon="104.0676954353855"><ele>478</ele><time>2025-07-20T13:51:33.000Z</time></trkpt>
<trkpt lat="30.6228845309869" lon="104.0676954353855"><ele>477</ele><time>2025-07-20T13:51:34.000Z</time></trkpt>
<trkpt lat="30.6228845309869" lon="104.0676954353855"><ele>477</ele><time>2025-07-20T13:51:35.000Z</time></trkpt>
<trkpt lat="30.6228845309869" lon="104.0676954353855"><ele>477</ele><time>2025-07-20T13:51:36.000Z</time></trkpt>
<trkpt lat="30.6228845309869" lon="104.0676954353855"><ele>477</ele><time>2025-07-20T13:51:37.000Z</time></trkpt>
<trkpt lat="30.6228845309869" lon="104.0676954353855"><ele>477</ele><time>2025-07-20T13:51:38.000Z</time></trkpt>
<trkpt lat="30.6228845309869" lon="104.0676954353855"><ele>478</ele><time>2025-07-20T13:51:39.000Z</time></trkpt>
<trkpt lat="30.6228845309869" lon="104.0676954353855"><ele>478</ele><time>2025-07-20T13:51:40.000Z</time></trkpt>
<trkpt lat="30.6228845309869" lon="104.0676954353855"><ele>477</ele><time>2025-07-20T13:51:41.000Z</time></trkpt>
<trkpt lat="30.6228845309869" lon="104.0676954353855"><ele>478</ele><time>2025-07-20T13:51:42.000Z</time></trkpt>
<trkpt lat="30.6228845309869" lon="104.0676954353855"><ele>478</ele><time>2025-07-20T13:51:43.000Z</time></trkpt>
<trkpt lat="30.6228845309869" lon="104.0676954353855"><ele>478</ele><time>2025-07-20T13:51:44.000Z</time></trkpt>
<trkpt lat="30.6228845309869" lon="104.0676954353855"><ele>477</ele><time>2025-07-20T13:51:45.000Z</time></trkpt>
<trkpt lat="30.6228845309869" lon="104.0676954353855"><ele>476</ele><time>2025-07-20T13:51:46.000Z</time></trkpt>
<trkpt lat="30.6228845309869" lon="104.0676954353855"><ele>476</ele><time>2025-07-20T13:51:47.000Z</time></trkpt>
<trkpt lat="30.6228845309869" lon="104.0676954353855"><ele>476</ele><time>2025-07-20T13:51:48.000Z</time></trkpt>
<trkpt lat="30.6228845309869" lon="104.0676954353855"><ele>476</ele><time>2025-07-20T13:51:49.000Z</time></trkpt>
<trkpt lat="30.6228845309869" lon="104.0676954353855"><ele>476</ele><time>2025-07-20T13:51:50.000Z</time></trkpt>
<trkpt lat="30.6228845309869" lon="104.0676954353855"><ele>476</ele><time>2025-07-20T13:51:51.000Z</time></trkpt>
<trkpt lat="30.6228845309869" lon="104.0676954353855"><ele>476</ele><time>2025-07-20T13:51:52.000Z</time></trkpt>
<trkpt lat="30.6228845309869" lon="104.0676954353855"><ele>476</ele><time>2025-07-20T13:51:53.000Z</time></trkpt>
<trkpt lat="30.6228845309869" lon="104.0676954353855"><ele>476</ele><time>2025-07-20T13:51:54.000Z</time></trkpt>
<trkpt lat="30.6228845309869" lon="104.0676954353855"><ele>477</ele><time>2025-07-20T13:51:55.000Z</time></trkpt>
<trkpt lat="30.6228845309869" lon="104.0676954353855"><ele>477</ele><time>2025-07-20T13:51:56.000Z</time></trkpt>
<trkpt lat="30.6228845309869" lon="104.0676954353855"><ele>477</ele><time>2025-07-20T13:51:57.000Z</time></trkpt>
<trkpt lat="30.6228845309869" lon="104.0676954353855"><ele>477</ele><time>2025-07-20T13:51:58.000Z</time></trkpt>
<trkpt lat="30.6228845309869" lon="104.0676954353855"><ele>477</ele><time>2025-07-20T13:51:59.000Z</time></trkpt>
<trkpt lat="30.6228845309869" lon="104.0676954353855"><ele>478</ele><time>2025-07-20T13:52:00.000Z</time></trkpt>
<trkpt lat="30.6228845309869" lon="104.0676954353855"><ele>478</ele><time>2025-07-20T13:52:01.000Z</time></trkpt>
<trkpt lat="30.6228845309869" lon="104.0676954353855"><ele>478</ele><time>2025-07-20T13:52:02.000Z</time></trkpt>
<trkpt lat="30.6228845309869" lon="104.0676954353855"><ele>478</ele><time>2025-07-20T13:52:03.000Z</time></trkpt>
<trkpt lat="30.6228845309869" lon="104.0676954353855"><ele>479</ele><time>2025-07-20T13:52:04.000Z</time></trkpt>
<trkpt lat="30.6228845309869" lon="104.0676954353855"><ele>479</ele><time>2025-07-20T13:52:05.000Z</time></trkpt>
<trkpt lat="30.6228845309869" lon="104.0676954353855"><ele>479</ele><time>2025-07-20T13:52:06.000Z</time></trkpt>
<trkpt lat="30.6228845309869" lon="104.0676954353855"><ele>480</ele><time>2025-07-20T13:52:07.000Z</time></trkpt>
<trkpt lat="30.6228845309869" lon="104.0676954353855"><ele>480</ele><time>2025-07-20T13:52:08.000Z</time></trkpt>
<trkpt lat="30.6228845309869" lon="104.0676954353855"><ele>480</ele><time>2025-07-20T13:52:09.000Z</time></trkpt>
<trkpt lat="30.6228845309869" lon="104.0676954353855"><ele>481</ele><time>2025-07-20T13:52:10.000Z</time></trkpt>
<trkpt lat="30.6228845309869" lon="104.0676954353855"><ele>482</ele><time>2025-07-20T13:52:11.000Z</time></trkpt>
<trkpt lat="30.6228845309869" lon="104.0676954353855"><ele>482</ele><time>2025-07-20T13:52:12.000Z</time></trkpt>
<trkpt lat="30.6228845309869" lon="104.0676954353855"><ele>484</ele><time>2025-07-20T13:52:13.000Z</time></trkpt>
<trkpt lat="30.6228845309869" lon="104.0676954353855"><ele>484</ele><time>2025-07-20T13:52:14.000Z</time></trkpt>
<trkpt lat="30.6228845309869" lon="104.0676954353855"><ele>483</ele><time>2025-07-20T13:52:15.000Z</time></trkpt>
<trkpt lat="30.6228845309869" lon="104.0676954353855"><ele>483</ele><time>2025-07-20T13:52:16.000Z</time></trkpt>
<trkpt lat="30.6228845309869" lon="104.0676954353855"><ele>483</ele><time>2025-07-20T13:52:17.000Z</time></trkpt>
<trkpt lat="30.6228845309869" lon="104.0676954353855"><ele>483</ele><time>2025-07-20T13:52:18.000Z</time></trkpt>
<trkpt lat="30.6228845309869" lon="104.0676954353855"><ele>484</ele><time>2025-07-20T13:52:19.000Z</time></trkpt>
<trkpt lat="30.6228845309869" lon="104.0676954353855"><ele>485</ele><time>2025-07-20T13:52:20.000Z</time></trkpt>
<trkpt lat="30.6228845309869" lon="104.0676954353855"><ele>485</ele><time>2025-07-20T13:52:21.000Z</time></trkpt>
<trkpt lat="30.6228845309869" lon="104.0676954353855"><ele>486</ele><time>2025-07-20T13:52:22.000Z</time></trkpt>
<trkpt lat="30.6228845309869" lon="104.0676954353855"><ele>485</ele><time>2025-07-20T13:52:23.000Z</time></trkpt>
<trkpt lat="30.6228845309869" lon="104.0676954353855"><ele>484</ele><time>2025-07-20T13:52:24.000Z</time></trkpt>
<trkpt lat="30.6228845309869" lon="104.0676954353855"><ele>484</ele><time>2025-07-20T13:52:25.000Z</time></trkpt>
<trkpt lat="30.6228845309869" lon="104.0676954353855"><ele>484</ele><time>2025-07-20T13:52:26.000Z</time></trkpt>
<trkpt lat="30.6228845309869" lon="104.0676954353855"><ele>484</ele><time>2025-07-20T13:52:27.000Z</time></trkpt>
<trkpt lat="30.6228845309869" lon="104.0676954353855"><ele>484</ele><time>2025-07-20T13:52:28.000Z</time></trkpt>
<trkpt lat="30.6228845309869" lon="104.0676954353855"><ele>485</ele><time>2025-07-20T13:52:29.000Z</time></trkpt>
<trkpt lat="30.6228845309869" lon="104.0676954353855"><ele>485</ele><time>2025-07-20T13:52:30.000Z</time></trkpt>
<trkpt lat="30.6228845309869" lon="104.0676954353855"><ele>486</ele><time>2025-07-20T13:52:31.000Z</time></trkpt>
<trkpt lat="30.6228845309869" lon="104.0676954353855"><ele>485</ele><time>2025-07-20T13:52:32.000Z</time></trkpt>
<trkpt lat="30.6228845309869" lon="104.0676954353855"><ele>484</ele><time>2025-07-20T13:52:33.000Z</time></trkpt>
<trkpt lat="30.6228845309869" lon="104.0676954353855"><ele>484</ele><time>2025-07-20T13:52:34.000Z</time></trkpt>
<trkpt lat="30.6228845309869" lon="104.0676954353855"><ele>483</ele><time>2025-07-20T13:52:35.000Z</time></trkpt>
<trkpt lat="30.6228845309869" lon="104.0676954353855"><ele>482</ele><time>2025-07-20T13:52:36.000Z</time></trkpt>
<trkpt lat="30.6228845309869" lon="104.0676954353855"><ele>482</ele><time>2025-07-20T13:52:37.000Z</time></trkpt>
<trkpt lat="30.6228845309869" lon="104.0676954353855"><ele>482</ele><time>2025-07-20T13:52:38.000Z</time></trkpt>
<trkpt lat="30.6228845309869" lon="104.0676954353855"><ele>482</ele><time>2025-07-20T13:52:39.000Z</time></trkpt>
<trkpt lat="30.6228845309869" lon="104.0676954353855"><ele>481</ele><time>2025-07-20T13:52:40.000Z</time></trkpt>
<trkpt lat="30.6228845309869" lon="104.0676954353855"><ele>481</ele><time>2025-07-20T13:52:41.000Z</time></trkpt>
<trkpt lat="30.6228845309869" lon="104.0676954353855"><ele>481</ele><time>2025-07-20T13:52:42.000Z</time></trkpt>
<trkpt lat="30.6228845309869" lon="104.0676954353855"><ele>481</ele><time>2025-07-20T13:52:43.000Z</time></trkpt>
<trkpt lat="30.6228845309869" lon="104.0676954353855"><ele>481</ele><time>2025-07-20T13:52:44.000Z</time></trkpt>
<trkpt lat="30.6228845309869" lon="104.0676954353855"><ele>481</ele><time>2025-07-20T13:52:45.000Z</time></trkpt>
<trkpt lat="30.6228845309869" lon="104.0676954353855"><ele>482</ele><time>2025-07-20T13:52:46.000Z</time></trkpt>
<trkpt lat="30.6228845309869" lon="104.0676954353855"><ele>483</ele><time>2025-07-20T13:52:47.000Z</time></trkpt>
<trkpt lat="30.6228845309869" lon="104.0676954353855"><ele>484</ele><time>2025-07-20T13:52:48.000Z</time></trkpt>
<trkpt lat="30.6228845309869" lon="104.0676954353855"><ele>484</ele><time>2025-07-20T13:52:49.000Z</time></trkpt>
<trkpt lat="30.6228845309869" lon="104.0676954353855"><ele>483</ele><time>2025-07-20T13:52:50.000Z</time></trkpt>
<trkpt lat="30.6228845309869" lon="104.0676954353855"><ele>483</ele><time>2025-07-20T13:52:51.000Z</time></trkpt>
<trkpt lat="30.6228845309869" lon="104.0676954353855"><ele>482</ele><time>2025-07-20T13:52:52.000Z</time></trkpt>
<trkpt lat="30.6228845309869" lon="104.0676954353855"><ele>482</ele><time>2025-07-20T13:52:53.000Z</time></trkpt>
<trkpt lat="30.6228845309869" lon="104.0676954353855"><ele>481</ele><time>2025-07-20T13:52:54.000Z</time></trkpt>
<trkpt lat="30.6228845309869" lon="104.0676954353855"><ele>481</ele><time>2025-07-20T13:52:55.000Z</time></trkpt>
<trkpt lat="30.6228845309869" lon="104.0676954353855"><ele>481</ele><time>2025-07-20T13:52:56.000Z</time></trkpt>
<trkpt lat="30.6228845309869" lon="104.0676954353855"><ele>481</ele><time>2025-07-20T13:52:57.000Z</time></trkpt>
<trkpt lat="30.6228845309869" lon="104.0676954353855"><ele>481</ele><time>2025-07-20T13:52:58.000Z</time></trkpt>
<trkpt lat="30.6228845309869" lon="104.0676954353855"><ele>481</ele><time>2025-07-20T13:52:59.000Z</time></trkpt>
<trkpt lat="30.6228845309869" lon="104.0676954353855"><ele>481</ele><time>2025-07-20T13:53:00.000Z</time></trkpt>
<trkpt lat="30.6228845309869" lon="104.0676954353855"><ele>481</ele><time>2025-07-20T13:53:01.000Z</time></trkpt>
<trkpt lat="30.6228845309869" lon="104.0676954353855"><ele>481</ele><time>2025-07-20T13:53:02.000Z</time></trkpt>
<trkpt lat="30.6228845309869" lon="104.0676954353855"><ele>482</ele><time>2025-07-20T13:53:03.000Z</time></trkpt>
<trkpt lat="30.6228845309869" lon="104.0676954353855"><ele>482</ele><time>2025-07-20T13:53:04.000Z</time></trkpt>
<trkpt lat="30.6228845309869" lon="104.0676954353855"><ele>483</ele><time>2025-07-20T13:53:05.000Z</time></trkpt>
<trkpt lat="30.6228845309869" lon="104.0676954353855"><ele>484</ele><time>2025-07-20T13:53:06.000Z</time></trkpt>
<trkpt lat="30.6228845309869" lon="104.0676954353855"><ele>484</ele><time>2025-07-20T13:53:07.000Z</time></trkpt>
<trkpt lat="30.6228845309869" lon="104.0676954353855"><ele>485</ele><time>2025-07-20T13:53:08.000Z</time></trkpt>
<trkpt lat="30.6228845309869" lon="104.0676954353855"><ele>487</ele><time>2025-07-20T13:53:09.000Z</time></trkpt>
<trkpt lat="30.6228845309869" lon="104.0676954353855"><ele>487</ele><time>2025-07-20T13:53:10.000Z</time></trkpt>
<trkpt lat="30.6228845309869" lon="104.0676954353855"><ele>487</ele><time>2025-07-20T13:53:11.000Z</time></trkpt>
<trkpt lat="30.6228845309869" lon="104.0676954353855"><ele>488</ele><time>2025-07-20T13:53:12.000Z</time></trkpt>
<trkpt lat="30.6228845309869" lon="104.0676954353855"><ele>490</ele><time>2025-07-20T13:53:13.000Z</time></trkpt>
<trkpt lat="30.6228845309869" lon="104.0676954353855"><ele>491</ele><time>2025-07-20T13:53:14.000Z</time></trkpt>
<trkpt lat="30.6228845309869" lon="104.0676954353855"><ele>492</ele><time>2025-07-20T13:53:15.000Z</time></trkpt>
<trkpt lat="30.6228845309869" lon="104.0676954353855"><ele>492</ele><time>2025-07-20T13:53:16.000Z</time></trkpt>
<trkpt lat="30.6228845309869" lon="104.0676954353855"><ele>493</ele><time>2025-07-20T13:53:17.000Z</time></trkpt>
<trkpt lat="30.6228845309869" lon="104.0676954353855"><ele>494</ele><time>2025-07-20T13:53:18.000Z</time></trkpt>
<trkpt lat="30.6228845309869" lon="104.0676954353855"><ele>494</ele><time>2025-07-20T13:53:19.000Z</time></trkpt>
<trkpt lat="30.6228845309869" lon="104.0676954353855"><ele>496</ele><time>2025-07-20T13:53:20.000Z</time></trkpt>
<trkpt lat="30.6228845309869" lon="104.0676954353855"><ele>496</ele><time>2025-07-20T13:53:21.000Z</time></trkpt>
<trkpt lat="30.6228845309869" lon="104.0676954353855"><ele>496</ele><time>2025-07-20T13:53:22.000Z</time></trkpt>
<trkpt lat="30.6228845309869" lon="104.0676954353855"><ele>497</ele><time>2025-07-20T13:53:23.000Z</time></trkpt>
<trkpt lat="30.6228845309869" lon="104.0676954353855"><ele>497</ele><time>2025-07-20T13:53:24.000Z</time></trkpt>
<trkpt lat="30.6228845309869" lon="104.0676954353855"><ele>497</ele><time>2025-07-20T13:53:25.000Z</time></trkpt>
<trkpt lat="30.6228845309869" lon="104.0676954353855"><ele>496</ele><time>2025-07-20T13:53:26.000Z</time></trkpt>
<trkpt lat="30.6228845309869" lon="104.0676954353855"><ele>495</ele><time>2025-07-20T13:53:27.000Z</time></trkpt>
<trkpt lat="30.6228845309869" lon="104.0676954353855"><ele>495</ele><time>2025-07-20T13:53:28.000Z</time></trkpt>
<trkpt lat="30.6228845309869" lon="104.0676954353855"><ele>495</ele><time>2025-07-20T13:53:29.000Z</time></trkpt>
<trkpt lat="30.6228845309869" lon="104.0676954353855"><ele>495</ele><time>2025-07-20T13:53:30.000Z</time></trkpt>
<trkpt lat="30.6228845309869" lon="104.0676954353855"><ele>495</ele><time>2025-07-20T13:53:31.000Z</time></trkpt>
<trkpt lat="30.6228845309869" lon="104.0676954353855"><ele>494</ele><time>2025-07-20T13:53:32.000Z</time></trkpt>
<trkpt lat="30.6228845309869" lon="104.0676954353855"><ele>493</ele><time>2025-07-20T13:53:33.000Z</time></trkpt>
<trkpt lat="30.6228845309869" lon="104.0676954353855"><ele>493</ele><time>2025-07-20T13:53:34.000Z</time></trkpt>
<trkpt lat="30.6228845309869" lon="104.0676954353855"><ele>491</ele><time>2025-07-20T13:53:35.000Z</time></trkpt>
<trkpt lat="30.6228845309869" lon="104.0676954353855"><ele>490</ele><time>2025-07-20T13:53:36.000Z</time></trkpt>
<trkpt lat="30.6228845309869" lon="104.0676954353855"><ele>489</ele><time>2025-07-20T13:53:37.000Z</time></trkpt>
<trkpt lat="30.6228845309869" lon="104.0676954353855"><ele>489</ele><time>2025-07-20T13:53:38.000Z</time></trkpt>
<trkpt lat="30.6228845309869" lon="104.0676954353855"><ele>488</ele><time>2025-07-20T13:53:39.000Z</time></trkpt>
<trkpt lat="30.6228845309869" lon="104.0676954353855"><ele>488</ele><time>2025-07-20T13:53:40.000Z</time></trkpt>
<trkpt lat="30.6228845309869" lon="104.0676954353855"><ele>487</ele><time>2025-07-20T13:53:41.000Z</time></trkpt>
<trkpt lat="30.6228845309869" lon="104.0676954353855"><ele>487</ele><time>2025-07-20T13:53:42.000Z</time></trkpt>
<trkpt lat="30.6228845309869" lon="104.0676954353855"><ele>486</ele><time>2025-07-20T13:53:43.000Z</time></trkpt>
<trkpt lat="30.6228845309869" lon="104.0676954353855"><ele>486</ele><time>2025-07-20T13:53:44.000Z</time></trkpt>
<trkpt lat="30.6228845309869" lon="104.0676954353855"><ele>486</ele><time>2025-07-20T13:53:45.000Z</time></trkpt>
<trkpt lat="30.6228845309869" lon="104.0676954353855"><ele>485</ele><time>2025-07-20T13:53:46.000Z</time></trkpt>
<trkpt lat="30.6228845309869" lon="104.0676954353855"><ele>485</ele><time>2025-07-20T13:53:47.000Z</time></trkpt>
<trkpt lat="30.6228845309869" lon="104.0676954353855"><ele>485</ele><time>2025-07-20T13:53:48.000Z</time></trkpt>
<trkpt lat="30.6228845309869" lon="104.0676954353855"><ele>485</ele><time>2025-07-20T13:53:49.000Z</time></trkpt>
<trkpt lat="30.6228845309869" lon="104.0676954353855"><ele>485</ele><time>2025-07-20T13:53:50.000Z</time></trkpt>
<trkpt lat="30.6228845309869" lon="104.0676954353855"><ele>485</ele><time>2025-07-20T13:53:51.000Z</time></trkpt>
<trkpt lat="30.6228845309869" lon="104.0676954353855"><ele>485</ele><time>2025-07-20T13:53:52.000Z</time></trkpt>
<trkpt lat="30.6228845309869" lon="104.0676954353855"><ele>485</ele><time>2025-07-20T13:53:53.000Z</time></trkpt>
<trkpt lat="30.6228845309869" lon="104.0676954353855"><ele>485</ele><time>2025-07-20T13:53:54.000Z</time></trkpt>
<trkpt lat="30.6228845309869" lon="104.0676954353855"><ele>485</ele><time>2025-07-20T13:53:55.000Z</time></trkpt>
<trkpt lat="30.6228845309869" lon="104.0676954353855"><ele>485</ele><time>2025-07-20T13:53:56.000Z</time></trkpt>
<trkpt lat="30.6228845309869" lon="104.0676954353855"><ele>485</ele><time>2025-07-20T13:53:57.000Z</time></trkpt>
<trkpt lat="30.6228845309869" lon="104.0676954353855"><ele>485</ele><time>2025-07-20T13:53:58.000Z</time></trkpt>
<trkpt lat="30.6228845309869" lon="104.0676954353855"><ele>485</ele><time>2025-07-20T13:53:59.000Z</time></trkpt>
<trkpt lat="30.6228845309869" lon="104.0676954353855"><ele>485</ele><time>2025-07-20T13:54:00.000Z</time></trkpt>
<trkpt lat="30.6228845309869" lon="104.0676954353855"><ele>485</ele><time>2025-07-20T13:54:01.000Z</time></trkpt>
<trkpt lat="30.6228845309869" lon="104.0676954353855"><ele>485</ele><time>2025-07-20T13:54:02.000Z</time></trkpt>
<trkpt lat="30.6228845309869" lon="104.0676954353855"><ele>485</ele><time>2025-07-20T13:54:03.000Z</time></trkpt>
<trkpt lat="30.6228845309869" lon="104.0676954353855"><ele>485</ele><time>2025-07-20T13:54:04.000Z</time></trkpt>
<trkpt lat="30.6228845309869" lon="104.0676954353855"><ele>484</ele><time>2025-07-20T13:54:05.000Z</time></trkpt>
<trkpt lat="30.6228845309869" lon="104.0676954353855"><ele>484</ele><time>2025-07-20T13:54:06.000Z</time></trkpt>
<trkpt lat="30.6228845309869" lon="104.0676954353855"><ele>484</ele><time>2025-07-20T13:54:07.000Z</time></trkpt>
<trkpt lat="30.6228845309869" lon="104.0676954353855"><ele>486</ele><time>2025-07-20T13:54:08.000Z</time></trkpt>
<trkpt lat="30.6228845309869" lon="104.0676954353855"><ele>486</ele><time>2025-07-20T13:54:09.000Z</time></trkpt>
<trkpt lat="30.6228845309869" lon="104.0676954353855"><ele>486</ele><time>2025-07-20T13:54:10.000Z</time></trkpt>
<trkpt lat="30.6228845309869" lon="104.0676954353855"><ele>486</ele><time>2025-07-20T13:54:11.000Z</time></trkpt>
<trkpt lat="30.6228845309869" lon="104.0676954353855"><ele>486</ele><time>2025-07-20T13:54:12.000Z</time></trkpt>
<trkpt lat="30.6228845309869" lon="104.0676954353855"><ele>485</ele><time>2025-07-20T13:54:13.000Z</time></trkpt>
<trkpt lat="30.6228845309869" lon="104.0676954353855"><ele>485</ele><time>2025-07-20T13:54:14.000Z</time></trkpt>
<trkpt lat="30.6228845309869" lon="104.0676954353855"><ele>485</ele><time>2025-07-20T13:54:15.000Z</time></trkpt>
<trkpt lat="30.6228845309869" lon="104.0676954353855"><ele>485</ele><time>2025-07-20T13:54:16.000Z</time></trkpt>
<trkpt lat="30.6228845309869" lon="104.0676954353855"><ele>485</ele><time>2025-07-20T13:54:17.000Z</time></trkpt>
<trkpt lat="30.6228845309869" lon="104.0676954353855"><ele>485</ele><time>2025-07-20T13:54:18.000Z</time></trkpt>
<trkpt lat="30.6228845309869" lon="104.0676954353855"><ele>486</ele><time>2025-07-20T13:54:19.000Z</time></trkpt>
<trkpt lat="30.6228845309869" lon="104.0676954353855"><ele>487</ele><time>2025-07-20T13:54:20.000Z</time></trkpt>
<trkpt lat="30.6228845309869" lon="104.0676954353855"><ele>487</ele><time>2025-07-20T13:54:21.000Z</time></trkpt>
<trkpt lat="30.6228845309869" lon="104.0676954353855"><ele>487</ele><time>2025-07-20T13:54:22.000Z</time></trkpt>
<trkpt lat="30.6228845309869" lon="104.0676954353855"><ele>487</ele><time>2025-07-20T13:54:23.000Z</time></trkpt>
<trkpt lat="30.6228845309869" lon="104.0676954353855"><ele>487</ele><time>2025-07-20T13:54:24.000Z</time></trkpt>
<trkpt lat="30.6228845309869" lon="104.0676954353855"><ele>488</ele><time>2025-07-20T13:54:25.000Z</time></trkpt>
<trkpt lat="30.6228845309869" lon="104.0676954353855"><ele>488</ele><time>2025-07-20T13:54:26.000Z</time></trkpt>
<trkpt lat="30.6228845309869" lon="104.0676954353855"><ele>489</ele><time>2025-07-20T13:54:27.000Z</time></trkpt>
<trkpt lat="30.6228845309869" lon="104.0676954353855"><ele>490</ele><time>2025-07-20T13:54:28.000Z</time></trkpt>
<trkpt lat="30.6228845309869" lon="104.0676954353855"><ele>490</ele><time>2025-07-20T13:54:29.000Z</time></trkpt>
<trkpt lat="30.6228845309869" lon="104.0676954353855"><ele>491</ele><time>2025-07-20T13:54:30.000Z</time></trkpt>
<trkpt lat="30.6228845309869" lon="104.0676954353855"><ele>492</ele><time>2025-07-20T13:54:31.000Z</time></trkpt>
<trkpt lat="30.6228845309869" lon="104.0676954353855"><ele>493</ele><time>2025-07-20T13:54:32.000Z</time></trkpt>
<trkpt lat="30.6228845309869" lon="104.0676954353855"><ele>493</ele><time>2025-07-20T13:54:33.000Z</time></trkpt>
<trkpt lat="30.6228845309869" lon="104.0676954353855"><ele>493</ele><time>2025-07-20T13:54:34.000Z</time></trkpt>
<trkpt lat="30.6228845309869" lon="104.0676954353855"><ele>493</ele><time>2025-07-20T13:54:35.000Z</time></trkpt>
<trkpt lat="30.6228845309869" lon="104.0676954353855"><ele>493</ele><time>2025-07-20T13:54:36.000Z</time></trkpt>
<trkpt lat="30.6228845309869" lon="104.0676954353855"><ele>493</ele><time>2025-07-20T13:54:37.000Z</time></trkpt>
<trkpt lat="30.6228845309869" lon="104.0676954353855"><ele>492</ele><time>2025-07-20T13:54:38.000Z</time></trkpt>
<trkpt lat="30.6228845309869" lon="104.0676954353855"><ele>492</ele><time>2025-07-20T13:54:39.000Z</time></trkpt>
<trkpt lat="30.6228845309869" lon="104.0676954353855"><ele>492</ele><time>2025-07-20T13:54:40.000Z</time></trkpt>
<trkpt lat="30.6228845309869" lon="104.0676954353855"><ele>493</ele><time>2025-07-20T13:54:41.000Z</time></trkpt>
<trkpt lat="30.6228845309869" lon="104.0676954353855"><ele>493</ele><time>2025-07-20T13:54:42.000Z</time></trkpt>
<trkpt lat="30.6228845309869" lon="104.0676954353855"><ele>494</ele><time>2025-07-20T13:54:43.000Z</time></trkpt>
<trkpt lat="30.6228845309869" lon="104.0676954353855"><ele>495</ele><time>2025-07-20T13:54:44.000Z</time></trkpt>
<trkpt lat="30.6228845309869" lon="104.0676954353855"><ele>495</ele><time>2025-07-20T13:54:45.000Z</time></trkpt>
<trkpt lat="30.6228845309869" lon="104.0676954353855"><ele>495</ele><time>2025-07-20T13:54:46.000Z</time></trkpt>
<trkpt lat="30.6228845309869" lon="104.0676954353855"><ele>495</ele><time>2025-07-20T13:54:47.000Z</time></trkpt>
<trkpt lat="30.6228845309869" lon="104.0676954353855"><ele>495</ele><time>2025-07-20T13:54:48.000Z</time></trkpt>
<trkpt lat="30.6228845309869" lon="104.0676954353855"><ele>495</ele><time>2025-07-20T13:54:49.000Z</time></trkpt>
<trkpt lat="30.6228845309869" lon="104.0676954353855"><ele>496</ele><time>2025-07-20T13:54:50.000Z</time></trkpt>
<trkpt lat="30.6228845309869" lon="104.0676954353855"><ele>496</ele><time>2025-07-20T13:54:51.000Z</time></trkpt>
<trkpt lat="30.6228845309869" lon="104.0676954353855"><ele>496</ele><time>2025-07-20T13:54:52.000Z</time></trkpt>
<trkpt lat="30.6228845309869" lon="104.0676954353855"><ele>496</ele><time>2025-07-20T13:54:53.000Z</time></trkpt>
<trkpt lat="30.6228845309869" lon="104.0676954353855"><ele>496</ele><time>2025-07-20T13:54:54.000Z</time></trkpt>
<trkpt lat="30.6228845309869" lon="104.0676954353855"><ele>496</ele><time>2025-07-20T13:54:55.000Z</time></trkpt>
<trkpt lat="30.6228845309869" lon="104.0676954353855"><ele>496</ele><time>2025-07-20T13:54:56.000Z</time></trkpt>
<trkpt lat="30.6228845309869" lon="104.0676954353855"><ele>496</ele><time>2025-07-20T13:54:57.000Z</time></trkpt>
<trkpt lat="30.6228845309869" lon="104.0676954353855"><ele>497</ele><time>2025-07-20T13:54:58.000Z</time></trkpt>
<trkpt lat="30.6228845309869" lon="104.0676954353855"><ele>497</ele><time>2025-07-20T13:54:59.000Z</time></trkpt>
<trkpt lat="30.6228845309869" lon="104.0676954353855"><ele>497</ele><time>2025-07-20T13:55:00.000Z</time></trkpt>
<trkpt lat="30.6228845309869" lon="104.0676954353855"><ele>497</ele><time>2025-07-20T13:55:01.000Z</time></trkpt>
<trkpt lat="30.6228845309869" lon="104.0676954353855"><ele>497</ele><time>2025-07-20T13:55:02.000Z</time></trkpt>
<trkpt lat="30.6228845309869" lon="104.0676954353855"><ele>498</ele><time>2025-07-20T13:55:03.000Z</time></trkpt>
<trkpt lat="30.6228845309869" lon="104.0676954353855"><ele>498</ele><time>2025-07-20T13:55:04.000Z</time></trkpt>
<trkpt lat="30.6228845309869" lon="104.0676954353855"><ele>498</ele><time>2025-07-20T13:55:05.000Z</time></trkpt>
<trkpt lat="30.6228845309869" lon="104.0676954353855"><ele>498</ele><time>2025-07-20T13:55:06.000Z</time></trkpt>
<trkpt lat="30.6228845309869" lon="104.0676954353855"><ele>498</ele><time>2025-07-20T13:55:07.000Z</time></trkpt>
<trkpt lat="30.6228845309869" lon="104.0676954353855"><ele>497</ele><time>2025-07-20T13:55:08.000Z</time></trkpt>
<trkpt lat="30.6228845309869" lon="104.0676954353855"><ele>497</ele><time>2025-07-20T13:55:09.000Z</time></trkpt>
<trkpt lat="30.6228845309869" lon="104.0676954353855"><ele>496</ele><time>2025-07-20T13:55:10.000Z</time></trkpt>
<trkpt lat="30.6228845309869" lon="104.0676954353855"><ele>496</ele><time>2025-07-20T13:55:11.000Z</time></trkpt>
<trkpt lat="30.6228845309869" lon="104.0676954353855"><ele>496</ele><time>2025-07-20T13:55:12.000Z</time></trkpt>
<trkpt lat="30.6228845309869" lon="104.0676954353855"><ele>497</ele><time>2025-07-20T13:55:13.000Z</time></trkpt>
<trkpt lat="30.6228845309869" lon="104.0676954353855"><ele>496</ele><time>2025-07-20T13:55:14.000Z</time></trkpt>
<trkpt lat="30.6228845309869" lon="104.0676954353855"><ele>496</ele><time>2025-07-20T13:55:15.000Z</time></trkpt>
<trkpt lat="30.6228845309869" lon="104.0676954353855"><ele>495</ele><time>2025-07-20T13:55:16.000Z</time></trkpt>
<trkpt lat="30.6228845309869" lon="104.0676954353855"><ele>495</ele><time>2025-07-20T13:55:17.000Z</time></trkpt>
<trkpt lat="30.6228845309869" lon="104.0676954353855"><ele>494</ele><time>2025-07-20T13:55:18.000Z</time></trkpt>
<trkpt lat="30.6228845309869" lon="104.0676954353855"><ele>494</ele><time>2025-07-20T13:55:19.000Z</time></trkpt>
<trkpt lat="30.6228845309869" lon="104.0676954353855"><ele>495</ele><time>2025-07-20T13:55:20.000Z</time></trkpt>
<trkpt lat="30.6228845309869" lon="104.0676954353855"><ele>495</ele><time>2025-07-20T13:55:21.000Z</time></trkpt>
<trkpt lat="30.6228845309869" lon="104.0676954353855"><ele>494</ele><time>2025-07-20T13:55:22.000Z</time></trkpt>
<trkpt lat="30.6228845309869" lon="104.0676954353855"><ele>494</ele><time>2025-07-20T13:55:23.000Z</time></trkpt>
<trkpt lat="30.6228845309869" lon="104.0676954353855"><ele>494</ele><time>2025-07-20T13:55:24.000Z</time></trkpt>
<trkpt lat="30.6228845309869" lon="104.0676954353855"><ele>495</ele><time>2025-07-20T13:55:25.000Z</time></trkpt>
<trkpt lat="30.6228845309869" lon="104.0676954353855"><ele>495</ele><time>2025-07-20T13:55:26.000Z</time></trkpt>
<trkpt lat="30.6228845309869" lon="104.0676954353855"><ele>496</ele><time>2025-07-20T13:55:27.000Z</time></trkpt>
<trkpt lat="30.6228845309869" lon="104.0676954353855"><ele>495</ele><time>2025-07-20T13:55:28.000Z</time></trkpt>
<trkpt lat="30.6228845309869" lon="104.0676954353855"><ele>494</ele><time>2025-07-20T13:55:29.000Z</time></trkpt>
<trkpt lat="30.6228845309869" lon="104.0676954353855"><ele>494</ele><time>2025-07-20T13:55:30.000Z</time></trkpt>
<trkpt lat="30.6228845309869" lon="104.0676954353855"><ele>494</ele><time>2025-07-20T13:55:31.000Z</time></trkpt>
<trkpt lat="30.6228845309869" lon="104.0676954353855"><ele>494</ele><time>2025-07-20T13:55:32.000Z</time></trkpt>
<trkpt lat="30.6228845309869" lon="104.0676954353855"><ele>494</ele><time>2025-07-20T13:55:33.000Z</time></trkpt>
<trkpt lat="30.6228845309869" lon="104.0676954353855"><ele>495</ele><time>2025-07-20T13:55:34.000Z</time></trkpt>
<trkpt lat="30.6228845309869" lon="104.0676954353855"><ele>495</ele><time>2025-07-20T13:55:35.000Z</time></trkpt>
<trkpt lat="30.6228845309869" lon="104.0676954353855"><ele>495</ele><time>2025-07-20T13:55:36.000Z</time></trkpt>
<trkpt lat="30.6228845309869" lon="104.0676954353855"><ele>495</ele><time>2025-07-20T13:55:37.000Z</time></trkpt>
<trkpt lat="30.6228845309869" lon="104.0676954353855"><ele>496</ele><time>2025-07-20T13:55:38.000Z</time></trkpt>
<trkpt lat="30.6228845309869" lon="104.0676954353855"><ele>496</ele><time>2025-07-20T13:55:39.000Z</time></trkpt>
<trkpt lat="30.6228845309869" lon="104.0676954353855"><ele>496</ele><time>2025-07-20T13:55:40.000Z</time></trkpt>
<trkpt lat="30.6228845309869" lon="104.0676954353855"><ele>495</ele><time>2025-07-20T13:55:41.000Z</time></trkpt>
<trkpt lat="30.6228845309869" lon="104.0676954353855"><ele>495</ele><time>2025-07-20T13:55:42.000Z</time></trkpt>
<trkpt lat="30.6228845309869" lon="104.0676954353855"><ele>495</ele><time>2025-07-20T13:55:43.000Z</time></trkpt>
<trkpt lat="30.6228845309869" lon="104.0676954353855"><ele>495</ele><time>2025-07-20T13:55:44.000Z</time></trkpt>
<trkpt lat="30.6228845309869" lon="104.0676954353855"><ele>495</ele><time>2025-07-20T13:55:45.000Z</time></trkpt>
<trkpt lat="30.6228845309869" lon="104.0676954353855"><ele>495</ele><time>2025-07-20T13:55:46.000Z</time></trkpt>
<trkpt lat="30.6228845309869" lon="104.0676954353855"><ele>495</ele><time>2025-07-20T13:55:47.000Z</time></trkpt>
<trkpt lat="30.6228845309869" lon="104.0676954353855"><ele>495</ele><time>2025-07-20T13:55:48.000Z</time></trkpt>
<trkpt lat="30.6228845309869" lon="104.0676954353855"><ele>495</ele><time>2025-07-20T13:55:49.000Z</time></trkpt>
<trkpt lat="30.6228845309869" lon="104.0676954353855"><ele>495</ele><time>2025-07-20T13:55:50.000Z</time></trkpt>
<trkpt lat="30.6228845309869" lon="104.0676954353855"><ele>495</ele><time>2025-07-20T13:55:51.000Z</time></trkpt>
<trkpt lat="30.6228845309869" lon="104.0676954353855"><ele>495</ele><time>2025-07-20T13:55:52.000Z</time></trkpt>
<trkpt lat="30.6228845309869" lon="104.0676954353855"><ele>495</ele><time>2025-07-20T13:55:53.000Z</time></trkpt>
<trkpt lat="30.6228845309869" lon="104.0676954353855"><ele>495</ele><time>2025-07-20T13:55:54.000Z</time></trkpt>
<trkpt lat="30.6228845309869" lon="104.0676954353855"><ele>495</ele><time>2025-07-20T13:55:55.000Z</time></trkpt>
<trkpt lat="30.6228845309869" lon="104.0676954353855"><ele>495</ele><time>2025-07-20T13:55:56.000Z</time></trkpt>
<trkpt lat="30.6228845309869" lon="104.0676954353855"><ele>492</ele><time>2025-07-20T13:55:57.000Z</time></trkpt>
<trkpt lat="30.6228845309869" lon="104.0676954353855"><ele>491</ele><time>2025-07-20T13:55:58.000Z</time></trkpt>
<trkpt lat="30.6228845309869" lon="104.0676954353855"><ele>492</ele><time>2025-07-20T13:55:59.000Z</time></trkpt>
<trkpt lat="30.6228845309869" lon="104.0676954353855"><ele>490</ele><time>2025-07-20T13:56:00.000Z</time></trkpt>
<trkpt lat="30.6228845309869" lon="104.0676954353855"><ele>488</ele><time>2025-07-20T13:56:01.000Z</time></trkpt>
<trkpt lat="30.6228845309869" lon="104.0676954353855"><ele>487</ele><time>2025-07-20T13:56:02.000Z</time></trkpt>
<trkpt lat="30.6228845309869" lon="104.0676954353855"><ele>487</ele><time>2025-07-20T13:56:03.000Z</time></trkpt>
<trkpt lat="30.6228845309869" lon="104.0676954353855"><ele>487</ele><time>2025-07-20T13:56:04.000Z</time></trkpt>
<trkpt lat="30.6228845309869" lon="104.0676954353855"><ele>487</ele><time>2025-07-20T13:56:05.000Z</time></trkpt>
<trkpt lat="30.6228845309869" lon="104.0676954353855"><ele>486</ele><time>2025-07-20T13:56:06.000Z</time></trkpt>
<trkpt lat="30.6228845309869" lon="104.0676954353855"><ele>486</ele><time>2025-07-20T13:56:07.000Z</time></trkpt>
<trkpt lat="30.6228845309869" lon="104.0676954353855"><ele>486</ele><time>2025-07-20T13:56:08.000Z</time></trkpt>
<trkpt lat="30.6228845309869" lon="104.0676954353855"><ele>486</ele><time>2025-07-20T13:56:09.000Z</time></trkpt>
<trkpt lat="30.6228845309869" lon="104.0676954353855"><ele>486</ele><time>2025-07-20T13:56:10.000Z</time></trkpt>
<trkpt lat="30.6228845309869" lon="104.0676954353855"><ele>486</ele><time>2025-07-20T13:56:11.000Z</time></trkpt>
<trkpt lat="30.6228845309869" lon="104.0676954353855"><ele>487</ele><time>2025-07-20T13:56:12.000Z</time></trkpt>
<trkpt lat="30.6228845309869" lon="104.0676954353855"><ele>486</ele><time>2025-07-20T13:56:13.000Z</time></trkpt>
<trkpt lat="30.6228845309869" lon="104.0676954353855"><ele>487</ele><time>2025-07-20T13:56:14.000Z</time></trkpt>
<trkpt lat="30.6228845309869" lon="104.0676954353855"><ele>487</ele><time>2025-07-20T13:56:15.000Z</time></trkpt>
<trkpt lat="30.6228845309869" lon="104.0676954353855"><ele>487</ele><time>2025-07-20T13:56:16.000Z</time></trkpt>
<trkpt lat="30.6228845309869" lon="104.0676954353855"><ele>487</ele><time>2025-07-20T13:56:17.000Z</time></trkpt>
<trkpt lat="30.6228845309869" lon="104.0676954353855"><ele>486</ele><time>2025-07-20T13:56:18.000Z</time></trkpt>
<trkpt lat="30.6228845309869" lon="104.0676954353855"><ele>487</ele><time>2025-07-20T13:56:19.000Z</time></trkpt>
<trkpt lat="30.6228845309869" lon="104.0676954353855"><ele>485</ele><time>2025-07-20T13:56:20.000Z</time></trkpt>
<trkpt lat="30.6228845309869" lon="104.0676954353855"><ele>484</ele><time>2025-07-20T13:56:21.000Z</time></trkpt>
<trkpt lat="30.6228845309869" lon="104.0676954353855"><ele>483</ele><time>2025-07-20T13:56:22.000Z</time></trkpt>
<trkpt lat="30.6228845309869" lon="104.0676954353855"><ele>482</ele><time>2025-07-20T13:56:23.000Z</time></trkpt>
<trkpt lat="30.6228845309869" lon="104.0676954353855"><ele>481</ele><time>2025-07-20T13:56:24.000Z</time></trkpt>
<trkpt lat="30.6228845309869" lon="104.0676954353855"><ele>481</ele><time>2025-07-20T13:56:25.000Z</time></trkpt>
<trkpt lat="30.6228845309869" lon="104.0676954353855"><ele>481</ele><time>2025-07-20T13:56:26.000Z</time></trkpt>
<trkpt lat="30.6228845309869" lon="104.0676954353855"><ele>480</ele><time>2025-07-20T13:56:27.000Z</time></trkpt>
<trkpt lat="30.6228845309869" lon="104.0676954353855"><ele>479</ele><time>2025-07-20T13:56:28.000Z</time></trkpt>
<trkpt lat="30.6228845309869" lon="104.0676954353855"><ele>478</ele><time>2025-07-20T13:56:29.000Z</time></trkpt>
<trkpt lat="30.6228845309869" lon="104.0676954353855"><ele>478</ele><time>2025-07-20T13:56:30.000Z</time></trkpt>
<trkpt lat="30.6228845309869" lon="104.0676954353855"><ele>478</ele><time>2025-07-20T13:56:31.000Z</time></trkpt>
<trkpt lat="30.6228845309869" lon="104.0676954353855"><ele>479</ele><time>2025-07-20T13:56:32.000Z</time></trkpt>
<trkpt lat="30.6228845309869" lon="104.0676954353855"><ele>480</ele><time>2025-07-20T13:56:33.000Z</time></trkpt>
<trkpt lat="30.6228845309869" lon="104.0676954353855"><ele>480</ele><time>2025-07-20T13:56:34.000Z</time></trkpt>
<trkpt lat="30.6228845309869" lon="104.0676954353855"><ele>481</ele><time>2025-07-20T13:56:35.000Z</time></trkpt>
<trkpt lat="30.6228845309869" lon="104.0676954353855"><ele>482</ele><time>2025-07-20T13:56:36.000Z</time></trkpt>
<trkpt lat="30.6228845309869" lon="104.0676954353855"><ele>482</ele><time>2025-07-20T13:56:37.000Z</time></trkpt>
<trkpt lat="30.6228845309869" lon="104.0676954353855"><ele>481</ele><time>2025-07-20T13:56:38.000Z</time></trkpt>
<trkpt lat="30.6228845309869" lon="104.0676954353855"><ele>480</ele><time>2025-07-20T13:56:39.000Z</time></trkpt>
<trkpt lat="30.6228845309869" lon="104.0676954353855"><ele>478</ele><time>2025-07-20T13:56:40.000Z</time></trkpt>
<trkpt lat="30.6228845309869" lon="104.0676954353855"><ele>478</ele><time>2025-07-20T13:56:41.000Z</time></trkpt>
<trkpt lat="30.6228845309869" lon="104.0676954353855"><ele>478</ele><time>2025-07-20T13:56:42.000Z</time></trkpt>
<trkpt lat="30.6228845309869" lon="104.0676954353855"><ele>478</ele><time>2025-07-20T13:56:43.000Z</time></trkpt>
<trkpt lat="30.6228845309869" lon="104.0676954353855"><ele>478</ele><time>2025-07-20T13:56:44.000Z</time></trkpt>
<trkpt lat="30.6228845309869" lon="104.0676954353855"><ele>476</ele><time>2025-07-20T13:56:45.000Z</time></trkpt>
<trkpt lat="30.6228845309869" lon="104.0676954353855"><ele>475</ele><time>2025-07-20T13:56:46.000Z</time></trkpt>
<trkpt lat="30.6228845309869" lon="104.0676954353855"><ele>474</ele><time>2025-07-20T13:56:47.000Z</time></trkpt>
<trkpt lat="30.6228845309869" lon="104.0676954353855"><ele>474</ele><time>2025-07-20T13:56:48.000Z</time></trkpt>
<trkpt lat="30.6228845309869" lon="104.0676954353855"><ele>474</ele><time>2025-07-20T13:56:49.000Z</time></trkpt>
<trkpt lat="30.6228845309869" lon="104.0676954353855"><ele>474</ele><time>2025-07-20T13:56:50.000Z</time></trkpt>
<trkpt lat="30.6228845309869" lon="104.0676954353855"><ele>474</ele><time>2025-07-20T13:56:51.000Z</time></trkpt>
<trkpt lat="30.6228845309869" lon="104.0676954353855"><ele>474</ele><time>2025-07-20T13:56:52.000Z</time></trkpt>
<trkpt lat="30.6228845309869" lon="104.0676954353855"><ele>475</ele><time>2025-07-20T13:56:53.000Z</time></trkpt>
<trkpt lat="30.6228845309869" lon="104.0676954353855"><ele>474</ele><time>2025-07-20T13:56:54.000Z</time></trkpt>
<trkpt lat="30.6228845309869" lon="104.0676954353855"><ele>473</ele><time>2025-07-20T13:56:55.000Z</time></trkpt>
<trkpt lat="30.6228845309869" lon="104.0676954353855"><ele>472</ele><time>2025-07-20T13:56:56.000Z</time></trkpt>
<trkpt lat="30.6228845309869" lon="104.0676954353855"><ele>473</ele><time>2025-07-20T13:56:57.000Z</time></trkpt>
<trkpt lat="30.6228845309869" lon="104.0676954353855"><ele>473</ele><time>2025-07-20T13:56:58.000Z</time></trkpt>
<trkpt lat="30.6228845309869" lon="104.0676954353855"><ele>474</ele><time>2025-07-20T13:56:59.000Z</time></trkpt>
<trkpt lat="30.6228845309869" lon="104.0676954353855"><ele>475</ele><time>2025-07-20T13:57:00.000Z</time></trkpt>
<trkpt lat="30.6228845309869" lon="104.0676954353855"><ele>475</ele><time>2025-07-20T13:57:01.000Z</time></trkpt>
<trkpt lat="30.6228845309869" lon="104.0676954353855"><ele>475</ele><time>2025-07-20T13:57:02.000Z</time></trkpt>
<trkpt lat="30.6228845309869" lon="104.0676954353855"><ele>475</ele><time>2025-07-20T13:57:03.000Z</time></trkpt>
<trkpt lat="30.6228845309869" lon="104.0676954353855"><ele>475</ele><time>2025-07-20T13:57:04.000Z</time></trkpt>
<trkpt lat="30.6228845309869" lon="104.0676954353855"><ele>475</ele><time>2025-07-20T13:57:05.000Z</time></trkpt>
<trkpt lat="30.6228845309869" lon="104.0676954353855"><ele>475</ele><time>2025-07-20T13:57:06.000Z</time></trkpt>
<trkpt lat="30.6228845309869" lon="104.0676954353855"><ele>476</ele><time>2025-07-20T13:57:07.000Z</time></trkpt>
<trkpt lat="30.6228845309869" lon="104.0676954353855"><ele>476</ele><time>2025-07-20T13:57:08.000Z</time></trkpt>
<trkpt lat="30.6228845309869" lon="104.0676954353855"><ele>477</ele><time>2025-07-20T13:57:09.000Z</time></trkpt>
<trkpt lat="30.6228845309869" lon="104.0676954353855"><ele>476</ele><time>2025-07-20T13:57:10.000Z</time></trkpt>
<trkpt lat="30.6228845309869" lon="104.0676954353855"><ele>476</ele><time>2025-07-20T13:57:11.000Z</time></trkpt>
<trkpt lat="30.6228845309869" lon="104.0676954353855"><ele>477</ele><time>2025-07-20T13:57:12.000Z</time></trkpt>
<trkpt lat="30.6228845309869" lon="104.0676954353855"><ele>478</ele><time>2025-07-20T13:57:13.000Z</time></trkpt>
<trkpt lat="30.6228845309869" lon="104.0676954353855"><ele>479</ele><time>2025-07-20T13:57:14.000Z</time></trkpt>
<trkpt lat="30.6228845309869" lon="104.0676954353855"><ele>478</ele><time>2025-07-20T13:57:15.000Z</time></trkpt>
<trkpt lat="30.6228845309869" lon="104.0676954353855"><ele>477</ele><time>2025-07-20T13:57:16.000Z</time></trkpt>
<trkpt lat="30.6228845309869" lon="104.0676954353855"><ele>477</ele><time>2025-07-20T13:57:17.000Z</time></trkpt>
<trkpt lat="30.6228845309869" lon="104.0676954353855"><ele>478</ele><time>2025-07-20T13:57:18.000Z</time></trkpt>
<trkpt lat="30.6228845309869" lon="104.0676954353855"><ele>478</ele><time>2025-07-20T13:57:19.000Z</time></trkpt>
<trkpt lat="30.6228845309869" lon="104.0676954353855"><ele>479</ele><time>2025-07-20T13:57:20.000Z</time></trkpt>
<trkpt lat="30.6228845309869" lon="104.0676954353855"><ele>480</ele><time>2025-07-20T13:57:21.000Z</time></trkpt>
<trkpt lat="30.6228845309869" lon="104.0676954353855"><ele>480</ele><time>2025-07-20T13:57:22.000Z</time></trkpt>
<trkpt lat="30.6228845309869" lon="104.0676954353855"><ele>480</ele><time>2025-07-20T13:57:23.000Z</time></trkpt>
<trkpt lat="30.6228845309869" lon="104.0676954353855"><ele>480</ele><time>2025-07-20T13:57:24.000Z</time></trkpt>
<trkpt lat="30.6228845309869" lon="104.0676954353855"><ele>481</ele><time>2025-07-20T13:57:25.000Z</time></trkpt>
<trkpt lat="30.6228845309869" lon="104.0676954353855"><ele>480</ele><time>2025-07-20T13:57:26.000Z</time></trkpt>
<trkpt lat="30.6228845309869" lon="104.0676954353855"><ele>480</ele><time>2025-07-20T13:57:27.000Z</time></trkpt>
<trkpt lat="30.6228845309869" lon="104.0676954353855"><ele>480</ele><time>2025-07-20T13:57:28.000Z</time></trkpt>
<trkpt lat="30.6228845309869" lon="104.0676954353855"><ele>481</ele><time>2025-07-20T13:57:29.000Z</time></trkpt>
<trkpt lat="30.6228845309869" lon="104.0676954353855"><ele>480</ele><time>2025-07-20T13:57:30.000Z</time></trkpt>
<trkpt lat="30.6228845309869" lon="104.0676954353855"><ele>479</ele><time>2025-07-20T13:57:31.000Z</time></trkpt>
<trkpt lat="30.6228845309869" lon="104.0676954353855"><ele>479</ele><time>2025-07-20T13:57:32.000Z</time></trkpt>
<trkpt lat="30.6228845309869" lon="104.0676954353855"><ele>479</ele><time>2025-07-20T13:57:33.000Z</time></trkpt>
<trkpt lat="30.6228845309869" lon="104.0676954353855"><ele>478</ele><time>2025-07-20T13:57:34.000Z</time></trkpt>
<trkpt lat="30.6228845309869" lon="104.0676954353855"><ele>477</ele><time>2025-07-20T13:57:35.000Z</time></trkpt>
<trkpt lat="30.6228845309869" lon="104.0676954353855"><ele>478</ele><time>2025-07-20T13:57:36.000Z</time></trkpt>
<trkpt lat="30.6228845309869" lon="104.0676954353855"><ele>477</ele><time>2025-07-20T13:57:37.000Z</time></trkpt>
<trkpt lat="30.6228845309869" lon="104.0676954353855"><ele>477</ele><time>2025-07-20T13:57:38.000Z</time></trkpt>
<trkpt lat="30.6228845309869" lon="104.0676954353855"><ele>477</ele><time>2025-07-20T13:57:39.000Z</time></trkpt>
<trkpt lat="30.6228845309869" lon="104.0676954353855"><ele>476</ele><time>2025-07-20T13:57:40.000Z</time></trkpt>
<trkpt lat="30.6228845309869" lon="104.0676954353855"><ele>476</ele><time>2025-07-20T13:57:41.000Z</time></trkpt>
<trkpt lat="30.6228845309869" lon="104.0676954353855"><ele>476</ele><time>2025-07-20T13:57:42.000Z</time></trkpt>
<trkpt lat="30.6228845309869" lon="104.0676954353855"><ele>476</ele><time>2025-07-20T13:57:43.000Z</time></trkpt>
<trkpt lat="30.6228845309869" lon="104.0676954353855"><ele>476</ele><time>2025-07-20T13:57:44.000Z</time></trkpt>
<trkpt lat="30.6228845309869" lon="104.0676954353855"><ele>476</ele><time>2025-07-20T13:57:45.000Z</time></trkpt>
<trkpt lat="30.6228845309869" lon="104.0676954353855"><ele>476</ele><time>2025-07-20T13:57:46.000Z</time></trkpt>
<trkpt lat="30.6228845309869" lon="104.0676954353855"><ele>474</ele><time>2025-07-20T13:57:47.000Z</time></trkpt>
<trkpt lat="30.6228845309869" lon="104.0676954353855"><ele>474</ele><time>2025-07-20T13:57:48.000Z</time></trkpt>
<trkpt lat="30.6228845309869" lon="104.0676954353855"><ele>474</ele><time>2025-07-20T13:57:49.000Z</time></trkpt>
<trkpt lat="30.6228845309869" lon="104.0676954353855"><ele>474</ele><time>2025-07-20T13:57:50.000Z</time></trkpt>
<trkpt lat="30.6228845309869" lon="104.0676954353855"><ele>474</ele><time>2025-07-20T13:57:51.000Z</time></trkpt>
<trkpt lat="30.6228845309869" lon="104.0676954353855"><ele>473</ele><time>2025-07-20T13:57:52.000Z</time></trkpt>
<trkpt lat="30.6228845309869" lon="104.0676954353855"><ele>474</ele><time>2025-07-20T13:57:53.000Z</time></trkpt>
<trkpt lat="30.6228845309869" lon="104.0676954353855"><ele>473</ele><time>2025-07-20T13:57:54.000Z</time></trkpt>
<trkpt lat="30.6228845309869" lon="104.0676954353855"><ele>473</ele><time>2025-07-20T13:57:55.000Z</time></trkpt>
<trkpt lat="30.6228845309869" lon="104.0676954353855"><ele>473</ele><time>2025-07-20T13:57:56.000Z</time></trkpt>
<trkpt lat="30.6228845309869" lon="104.0676954353855"><ele>473</ele><time>2025-07-20T13:57:57.000Z</time></trkpt>
<trkpt lat="30.6228845309869" lon="104.0676954353855"><ele>472</ele><time>2025-07-20T13:57:58.000Z</time></trkpt>
<trkpt lat="30.6228845309869" lon="104.0676954353855"><ele>472</ele><time>2025-07-20T13:57:59.000Z</time></trkpt>
<trkpt lat="30.6228845309869" lon="104.0676954353855"><ele>472</ele><time>2025-07-20T13:58:00.000Z</time></trkpt>
<trkpt lat="30.6228845309869" lon="104.0676954353855"><ele>472</ele><time>2025-07-20T13:58:01.000Z</time></trkpt>
<trkpt lat="30.6228845309869" lon="104.0676954353855"><ele>472</ele><time>2025-07-20T13:58:02.000Z</time></trkpt>
<trkpt lat="30.6228845309869" lon="104.0676954353855"><ele>473</ele><time>2025-07-20T13:58:03.000Z</time></trkpt>
<trkpt lat="30.6228845309869" lon="104.0676954353855"><ele>473</ele><time>2025-07-20T13:58:04.000Z</time></trkpt>
<trkpt lat="30.6228845309869" lon="104.0676954353855"><ele>471</ele><time>2025-07-20T13:58:05.000Z</time></trkpt>
<trkpt lat="30.6228845309869" lon="104.0676954353855"><ele>470</ele><time>2025-07-20T13:58:06.000Z</time></trkpt>
<trkpt lat="30.6228845309869" lon="104.0676954353855"><ele>471</ele><time>2025-07-20T13:58:07.000Z</time></trkpt>
<trkpt lat="30.6228845309869" lon="104.0676954353855"><ele>471</ele><time>2025-07-20T13:58:08.000Z</time></trkpt>
<trkpt lat="30.6228845309869" lon="104.0676954353855"><ele>471</ele><time>2025-07-20T13:58:09.000Z</time></trkpt>
<trkpt lat="30.6228845309869" lon="104.0676954353855"><ele>472</ele><time>2025-07-20T13:58:10.000Z</time></trkpt>
<trkpt lat="30.6228845309869" lon="104.0676954353855"><ele>472</ele><time>2025-07-20T13:58:11.000Z</time></trkpt>
<trkpt lat="30.6228845309869" lon="104.0676954353855"><ele>473</ele><time>2025-07-20T13:58:12.000Z</time></trkpt>
<trkpt lat="30.6228845309869" lon="104.0676954353855"><ele>474</ele><time>2025-07-20T13:58:13.000Z</time></trkpt>
<trkpt lat="30.6228845309869" lon="104.0676954353855"><ele>473</ele><time>2025-07-20T13:58:14.000Z</time></trkpt>
<trkpt lat="30.6228845309869" lon="104.0676954353855"><ele>473</ele><time>2025-07-20T13:58:15.000Z</time></trkpt>
<trkpt lat="30.6228845309869" lon="104.0676954353855"><ele>473</ele><time>2025-07-20T13:58:16.000Z</time></trkpt>
<trkpt lat="30.6228845309869" lon="104.0676954353855"><ele>474</ele><time>2025-07-20T13:58:17.000Z</time></trkpt>
<trkpt lat="30.6228845309869" lon="104.0676954353855"><ele>474</ele><time>2025-07-20T13:58:18.000Z</time></trkpt>
<trkpt lat="30.6228845309869" lon="104.0676954353855"><ele>474</ele><time>2025-07-20T13:58:19.000Z</time></trkpt>
<trkpt lat="30.6228845309869" lon="104.0676954353855"><ele>474</ele><time>2025-07-20T13:58:20.000Z</time></trkpt>
<trkpt lat="30.6228845309869" lon="104.0676954353855"><ele>474</ele><time>2025-07-20T13:58:21.000Z</time></trkpt>
<trkpt lat="30.6228845309869" lon="104.0676954353855"><ele>474</ele><time>2025-07-20T13:58:22.000Z</time></trkpt>
<trkpt lat="30.6228845309869" lon="104.0676954353855"><ele>474</ele><time>2025-07-20T13:58:23.000Z</time></trkpt>
<trkpt lat="30.6228845309869" lon="104.0676954353855"><ele>474</ele><time>2025-07-20T13:58:24.000Z</time></trkpt>
<trkpt lat="30.6228845309869" lon="104.0676954353855"><ele>475</ele><time>2025-07-20T13:58:25.000Z</time></trkpt>
<trkpt lat="30.6228845309869" lon="104.0676954353855"><ele>475</ele><time>2025-07-20T13:58:26.000Z</time></trkpt>
<trkpt lat="30.6228845309869" lon="104.0676954353855"><ele>475</ele><time>2025-07-20T13:58:27.000Z</time></trkpt>
<trkpt lat="30.6228845309869" lon="104.0676954353855"><ele>475</ele><time>2025-07-20T13:58:28.000Z</time></trkpt>
<trkpt lat="30.6228845309869" lon="104.0676954353855"><ele>474</ele><time>2025-07-20T13:58:29.000Z</time></trkpt>
<trkpt lat="30.6228845309869" lon="104.0676954353855"><ele>474</ele><time>2025-07-20T13:58:30.000Z</time></trkpt>
<trkpt lat="30.6228845309869" lon="104.0676954353855"><ele>474</ele><time>2025-07-20T13:58:31.000Z</time></trkpt>
<trkpt lat="30.6228845309869" lon="104.0676954353855"><ele>474</ele><time>2025-07-20T13:58:32.000Z</time></trkpt>
<trkpt lat="30.6228845309869" lon="104.0676954353855"><ele>475</ele><time>2025-07-20T13:58:33.000Z</time></trkpt>
<trkpt lat="30.6228845309869" lon="104.0676954353855"><ele>474</ele><time>2025-07-20T13:58:34.000Z</time></trkpt>
<trkpt lat="30.6228845309869" lon="104.0676954353855"><ele>473</ele><time>2025-07-20T13:58:35.000Z</time></trkpt>
<trkpt lat="30.6228845309869" lon="104.0676954353855"><ele>474</ele><time>2025-07-20T13:58:36.000Z</time></trkpt>
<trkpt lat="30.6228845309869" lon="104.0676954353855"><ele>475</ele><time>2025-07-20T13:58:37.000Z</time></trkpt>
<trkpt lat="30.6228845309869" lon="104.0676954353855"><ele>474</ele><time>2025-07-20T13:58:38.000Z</time></trkpt>
<trkpt lat="30.6228845309869" lon="104.0676954353855"><ele>474</ele><time>2025-07-20T13:58:39.000Z</time></trkpt>
<trkpt lat="30.6228845309869" lon="104.0676954353855"><ele>474</ele><time>2025-07-20T13:58:40.000Z</time></trkpt>
<trkpt lat="30.6228845309869" lon="104.0676954353855"><ele>475</ele><time>2025-07-20T13:58:41.000Z</time></trkpt>
<trkpt lat="30.6228845309869" lon="104.0676954353855"><ele>475</ele><time>2025-07-20T13:58:42.000Z</time></trkpt>
<trkpt lat="30.6228845309869" lon="104.0676954353855"><ele>474</ele><time>2025-07-20T13:58:43.000Z</time></trkpt>
<trkpt lat="30.6228845309869" lon="104.0676954353855"><ele>475</ele><time>2025-07-20T13:58:44.000Z</time></trkpt>
<trkpt lat="30.6228845309869" lon="104.0676954353855"><ele>475</ele><time>2025-07-20T13:58:45.000Z</time></trkpt>
<trkpt lat="30.6228845309869" lon="104.0676954353855"><ele>474</ele><time>2025-07-20T13:58:46.000Z</time></trkpt>
<trkpt lat="30.6228845309869" lon="104.0676954353855"><ele>475</ele><time>2025-07-20T13:58:47.000Z</time></trkpt>
<trkpt lat="30.6228845309869" lon="104.0676954353855"><ele>475</ele><time>2025-07-20T13:58:48.000Z</time></trkpt>
<trkpt lat="30.6228845309869" lon="104.0676954353855"><ele>474</ele><time>2025-07-20T13:58:49.000Z</time></trkpt>
<trkpt lat="30.6228845309869" lon="104.0676954353855"><ele>474</ele><time>2025-07-20T13:58:50.000Z</time></trkpt>
<trkpt lat="30.6228845309869" lon="104.0676954353855"><ele>474</ele><time>2025-07-20T13:58:51.000Z</time></trkpt>
<trkpt lat="30.6228845309869" lon="104.0676954353855"><ele>474</ele><time>2025-07-20T13:58:52.000Z</time></trkpt>
<trkpt lat="30.6228845309869" lon="104.0676954353855"><ele>474</ele><time>2025-07-20T13:58:53.000Z</time></trkpt>
<trkpt lat="30.6228845309869" lon="104.0676954353855"><ele>474</ele><time>2025-07-20T13:58:54.000Z</time></trkpt>
<trkpt lat="30.6228845309869" lon="104.0676954353855"><ele>474</ele><time>2025-07-20T13:58:55.000Z</time></trkpt>
<trkpt lat="30.6228845309869" lon="104.0676954353855"><ele>473</ele><time>2025-07-20T13:58:56.000Z</time></trkpt>
<trkpt lat="30.6228845309869" lon="104.0676954353855"><ele>474</ele><time>2025-07-20T13:58:57.000Z</time></trkpt>
<trkpt lat="30.6228845309869" lon="104.0676954353855"><ele>474</ele><time>2025-07-20T13:58:58.000Z</time></trkpt>
<trkpt lat="30.6228845309869" lon="104.0676954353855"><ele>473</ele><time>2025-07-20T13:58:59.000Z</time></trkpt>
<trkpt lat="30.6228845309869" lon="104.0676954353855"><ele>473</ele><time>2025-07-20T13:59:00.000Z</time></trkpt>
<trkpt lat="30.6228845309869" lon="104.0676954353855"><ele>474</ele><time>2025-07-20T13:59:01.000Z</time></trkpt>
<trkpt lat="30.6228845309869" lon="104.0676954353855"><ele>474</ele><time>2025-07-20T13:59:02.000Z</time></trkpt>
<trkpt lat="30.6228845309869" lon="104.0676954353855"><ele>474</ele><time>2025-07-20T13:59:03.000Z</time></trkpt>
<trkpt lat="30.6228845309869" lon="104.0676954353855"><ele>474</ele><time>2025-07-20T13:59:04.000Z</time></trkpt>
<trkpt lat="30.6228845309869" lon="104.0676954353855"><ele>475</ele><time>2025-07-20T13:59:05.000Z</time></trkpt>
<trkpt lat="30.6228845309869" lon="104.0676954353855"><ele>475</ele><time>2025-07-20T13:59:06.000Z</time></trkpt>
<trkpt lat="30.6228845309869" lon="104.0676954353855"><ele>475</ele><time>2025-07-20T13:59:07.000Z</time></trkpt>
<trkpt lat="30.6228845309869" lon="104.0676954353855"><ele>475</ele><time>2025-07-20T13:59:08.000Z</time></trkpt>
<trkpt lat="30.6228845309869" lon="104.0676954353855"><ele>475</ele><time>2025-07-20T13:59:09.000Z</time></trkpt>
<trkpt lat="30.6228845309869" lon="104.0676954353855"><ele>476</ele><time>2025-07-20T13:59:10.000Z</time></trkpt>
<trkpt lat="30.6228845309869" lon="104.0676954353855"><ele>476</ele><time>2025-07-20T13:59:11.000Z</time></trkpt>
<trkpt lat="30.6228845309869" lon="104.0676954353855"><ele>476</ele><time>2025-07-20T13:59:12.000Z</time></trkpt>
<trkpt lat="30.6228845309869" lon="104.0676954353855"><ele>476</ele><time>2025-07-20T13:59:13.000Z</time></trkpt>
<trkpt lat="30.6228845309869" lon="104.0676954353855"><ele>476</ele><time>2025-07-20T13:59:14.000Z</time></trkpt>
<trkpt lat="30.6228845309869" lon="104.0676954353855"><ele>476</ele><time>2025-07-20T13:59:15.000Z</time></trkpt>
<trkpt lat="30.6228845309869" lon="104.0676954353855"><ele>476</ele><time>2025-07-20T13:59:16.000Z</time></trkpt>
<trkpt lat="30.6228845309869" lon="104.0676954353855"><ele>475</ele><time>2025-07-20T13:59:17.000Z</time></trkpt>
<trkpt lat="30.6228845309869" lon="104.0676954353855"><ele>475</ele><time>2025-07-20T13:59:18.000Z</time></trkpt>
<trkpt lat="30.6228845309869" lon="104.0676954353855"><ele>475</ele><time>2025-07-20T13:59:19.000Z</time></trkpt>
<trkpt lat="30.6228845309869" lon="104.0676954353855"><ele>475</ele><time>2025-07-20T13:59:20.000Z</time></trkpt>
<trkpt lat="30.6228845309869" lon="104.0676954353855"><ele>475</ele><time>2025-07-20T13:59:21.000Z</time></trkpt>
<trkpt lat="30.6228845309869" lon="104.0676954353855"><ele>476</ele><time>2025-07-20T13:59:22.000Z</time></trkpt>
<trkpt lat="30.6228845309869" lon="104.0676954353855"><ele>476</ele><time>2025-07-20T13:59:23.000Z</time></trkpt>
<trkpt lat="30.6228845309869" lon="104.0676954353855"><ele>476</ele><time>2025-07-20T13:59:24.000Z</time></trkpt>
<trkpt lat="30.6228845309869" lon="104.0676954353855"><ele>476</ele><time>2025-07-20T13:59:25.000Z</time></trkpt>
<trkpt lat="30.6228845309869" lon="104.0676954353855"><ele>476</ele><time>2025-07-20T13:59:26.000Z</time></trkpt>
<trkpt lat="30.6228845309869" lon="104.0676954353855"><ele>476</ele><time>2025-07-20T13:59:27.000Z</time></trkpt>
<trkpt lat="30.6228845309869" lon="104.0676954353855"><ele>476</ele><time>2025-07-20T13:59:28.000Z</time></trkpt>
<trkpt lat="30.6228845309869" lon="104.0676954353855"><ele>475</ele><time>2025-07-20T13:59:29.000Z</time></trkpt>
<trkpt lat="30.6228845309869" lon="104.0676954353855"><ele>476</ele><time>2025-07-20T13:59:30.000Z</time></trkpt>
<trkpt lat="30.6228845309869" lon="104.0676954353855"><ele>476</ele><time>2025-07-20T13:59:31.000Z</time></trkpt>
<trkpt lat="30.6228845309869" lon="104.0676954353855"><ele>476</ele><time>2025-07-20T13:59:32.000Z</time></trkpt>
<trkpt lat="30.6228845309869" lon="104.0676954353855"><ele>476</ele><time>2025-07-20T13:59:33.000Z</time></trkpt>
<trkpt lat="30.6228845309869" lon="104.0676954353855"><ele>476</ele><time>2025-07-20T13:59:34.000Z</time></trkpt>
<trkpt lat="30.6228845309869" lon="104.0676954353855"><ele>476</ele><time>2025-07-20T13:59:35.000Z</time></trkpt>
<trkpt lat="30.6228845309869" lon="104.0676954353855"><ele>476</ele><time>2025-07-20T13:59:36.000Z</time></trkpt>
<trkpt lat="30.6228845309869" lon="104.0676954353855"><ele>476</ele><time>2025-07-20T13:59:37.000Z</time></trkpt>
<trkpt lat="30.6228845309869" lon="104.0676954353855"><ele>476</ele><time>2025-07-20T13:59:38.000Z</time></trkpt>
<trkpt lat="30.6228845309869" lon="104.0676954353855"><ele>476</ele><time>2025-07-20T13:59:39.000Z</time></trkpt>
<trkpt lat="30.6228845309869" lon="104.0676954353855"><ele>476</ele><time>2025-07-20T13:59:40.000Z</time></trkpt>
<trkpt lat="30.6228845309869" lon="104.0676954353855"><ele>475</ele><time>2025-07-20T13:59:41.000Z</time></trkpt>
<trkpt lat="30.6228845309869" lon="104.0676954353855"><ele>475</ele><time>2025-07-20T13:59:42.000Z</time></trkpt>
<trkpt lat="30.6228845309869" lon="104.0676954353855"><ele>476</ele><time>2025-07-20T13:59:43.000Z</time></trkpt>
<trkpt lat="30.6228845309869" lon="104.0676954353855"><ele>476</ele><time>2025-07-20T13:59:44.000Z</time></trkpt>
<trkpt lat="30.6228845309869" lon="104.0676954353855"><ele>476</ele><time>2025-07-20T13:59:45.000Z</time></trkpt>
<trkpt lat="30.6228845309869" lon="104.0676954353855"><ele>476</ele><time>2025-07-20T13:59:46.000Z</time></trkpt>
<trkpt lat="30.6228845309869" lon="104.0676954353855"><ele>476</ele><time>2025-07-20T13:59:47.000Z</time></trkpt>
<trkpt lat="30.6228845309869" lon="104.0676954353855"><ele>476</ele><time>2025-07-20T13:59:48.000Z</time></trkpt>
<trkpt lat="30.6228845309869" lon="104.0676954353855"><ele>476</ele><time>2025-07-20T13:59:49.000Z</time></trkpt>
<trkpt lat="30.6228845309869" lon="104.0676954353855"><ele>476</ele><time>2025-07-20T13:59:50.000Z</time></trkpt>
<trkpt lat="30.6228845309869" lon="104.0676954353855"><ele>476</ele><time>2025-07-20T13:59:51.000Z</time></trkpt>
<trkpt lat="30.6228845309869" lon="104.0676954353855"><ele>476</ele><time>2025-07-20T13:59:52.000Z</time></trkpt>
<trkpt lat="30.6228845309869" lon="104.0676954353855"><ele>476</ele><time>2025-07-20T13:59:53.000Z</time></trkpt>
<trkpt lat="30.6228845309869" lon="104.0676954353855"><ele>476</ele><time>2025-07-20T13:59:54.000Z</time></trkpt>
<trkpt lat="30.6228845309869" lon="104.0676954353855"><ele>475</ele><time>2025-07-20T13:59:55.000Z</time></trkpt>
<trkpt lat="30.6228845309869" lon="104.0676954353855"><ele>474</ele><time>2025-07-20T13:59:56.000Z</time></trkpt>
<trkpt lat="30.6228845309869" lon="104.0676954353855"><ele>474</ele><time>2025-07-20T13:59:57.000Z</time></trkpt>
<trkpt lat="30.6228845309869" lon="104.0676954353855"><ele>473</ele><time>2025-07-20T13:59:58.000Z</time></trkpt>
<trkpt lat="30.6228845309869" lon="104.0676954353855"><ele>472</ele><time>2025-07-20T13:59:59.000Z</time></trkpt>
<trkpt lat="30.6228845309869" lon="104.0676954353855"><ele>471</ele><time>2025-07-20T14:00:00.000Z</time></trkpt>
<trkpt lat="30.6228845309869" lon="104.0676954353855"><ele>470</ele><time>2025-07-20T14:00:01.000Z</time></trkpt>
<trkpt lat="30.6228845309869" lon="104.0676954353855"><ele>471</ele><time>2025-07-20T14:00:02.000Z</time></trkpt>
<trkpt lat="30.6228845309869" lon="104.0676954353855"><ele>470</ele><time>2025-07-20T14:00:03.000Z</time></trkpt>
<trkpt lat="30.6228845309869" lon="104.0676954353855"><ele>468</ele><time>2025-07-20T14:00:04.000Z</time></trkpt>
<trkpt lat="30.6228845309869" lon="104.0676954353855"><ele>468</ele><time>2025-07-20T14:00:05.000Z</time></trkpt>
<trkpt lat="30.6228845309869" lon="104.0676954353855"><ele>467</ele><time>2025-07-20T14:00:06.000Z</time></trkpt>
<trkpt lat="30.6228845309869" lon="104.0676954353855"><ele>467</ele><time>2025-07-20T14:00:07.000Z</time></trkpt>
<trkpt lat="30.6228845309869" lon="104.0676954353855"><ele>467</ele><time>2025-07-20T14:00:08.000Z</time></trkpt>
<trkpt lat="30.6228845309869" lon="104.0676954353855"><ele>468</ele><time>2025-07-20T14:00:09.000Z</time></trkpt>
<trkpt lat="30.6228845309869" lon="104.0676954353855"><ele>484</ele><time>2025-07-20T14:00:31.000Z</time></trkpt>
<trkpt lat="30.6228845309869" lon="104.0676954353855"><ele>484</ele><time>2025-07-20T14:00:31.000Z</time></trkpt>
<trkpt lat="30.6228845309869" lon="104.0676954353855"><ele>484</ele><time>2025-07-20T14:00:31.000Z</time></trkpt>
<trkpt lat="30.6228845309869" lon="104.0676954353855"><ele>484</ele><time>2025-07-20T14:00:31.000Z</time></trkpt>
<trkpt lat="30.6228845309869" lon="104.0676954353855"><ele>484</ele><time>2025-07-20T14:00:31.000Z</time></trkpt>
<trkpt lat="30.6228845309869" lon="104.0676954353855"><ele>484</ele><time>2025-07-20T14:00:31.000Z</time></trkpt>
<trkpt lat="30.6228845309869" lon="104.0676954353855"><ele>484</ele><time>2025-07-20T14:00:31.000Z</time></trkpt>
<trkpt lat="30.6228845309869" lon="104.0676954353855"><ele>471</ele><time>2025-07-20T14:00:31.000Z</time></trkpt>
<trkpt lat="30.6228845309869" lon="104.0676954353855"><ele>471</ele><time>2025-07-20T14:00:32.000Z</time></trkpt>
<trkpt lat="30.6228845309869" lon="104.0676954353855"><ele>472</ele><time>2025-07-20T14:00:33.000Z</time></trkpt>
<trkpt lat="30.6228845309869" lon="104.0676954353855"><ele>473</ele><time>2025-07-20T14:00:34.000Z</time></trkpt>
<trkpt lat="30.6228845309869" lon="104.0676954353855"><ele>475</ele><time>2025-07-20T14:00:35.000Z</time></trkpt>
<trkpt lat="30.6228845309869" lon="104.0676954353855"><ele>477</ele><time>2025-07-20T14:00:36.000Z</time></trkpt>
<trkpt lat="30.6228845309869" lon="104.0676954353855"><ele>482</ele><time>2025-07-20T14:00:37.000Z</time></trkpt>
<trkpt lat="30.6228845309869" lon="104.0676954353855"><ele>482</ele><time>2025-07-20T14:00:38.000Z</time></trkpt>
<trkpt lat="30.6228845309869" lon="104.0676954353855"><ele>482</ele><time>2025-07-20T14:00:39.000Z</time></trkpt>
<trkpt lat="30.6228845309869" lon="104.0676954353855"><ele>483</ele><time>2025-07-20T14:00:40.000Z</time></trkpt>
<trkpt lat="30.6228845309869" lon="104.0676954353855"><ele>483</ele><time>2025-07-20T14:00:41.000Z</time></trkpt>
<trkpt lat="30.6228845309869" lon="104.0676954353855"><ele>481</ele><time>2025-07-20T14:00:42.000Z</time></trkpt>
<trkpt lat="30.6228845309869" lon="104.0676954353855"><ele>481</ele><time>2025-07-20T14:00:43.000Z</time></trkpt>
<trkpt lat="30.6228845309869" lon="104.0676954353855"><ele>481</ele><time>2025-07-20T14:00:44.000Z</time></trkpt>
<trkpt lat="30.6228845309869" lon="104.0676954353855"><ele>480</ele><time>2025-07-20T14:00:45.000Z</time></trkpt>
<trkpt lat="30.6228845309869" lon="104.0676954353855"><ele>480</ele><time>2025-07-20T14:00:46.000Z</time></trkpt>
<trkpt lat="30.6228845309869" lon="104.0676954353855"><ele>480</ele><time>2025-07-20T14:00:47.000Z</time></trkpt>
<trkpt lat="30.6228845309869" lon="104.0676954353855"><ele>481</ele><time>2025-07-20T14:00:48.000Z</time></trkpt>
<trkpt lat="30.6228845309869" lon="104.0676954353855"><ele>480</ele><time>2025-07-20T14:00:49.000Z</time></trkpt>
<trkpt lat="30.6228845309869" lon="104.0676954353855"><ele>479</ele><time>2025-07-20T14:00:50.000Z</time></trkpt>
<trkpt lat="30.6228845309869" lon="104.0676954353855"><ele>479</ele><time>2025-07-20T14:00:51.000Z</time></trkpt>
<trkpt lat="30.6228845309869" lon="104.0676954353855"><ele>479</ele><time>2025-07-20T14:00:52.000Z</time></trkpt>
<trkpt lat="30.6228845309869" lon="104.0676954353855"><ele>478</ele><time>2025-07-20T14:00:53.000Z</time></trkpt>
<trkpt lat="30.6228845309869" lon="104.0676954353855"><ele>478</ele><time>2025-07-20T14:00:54.000Z</time></trkpt>
<trkpt lat="30.6228845309869" lon="104.0676954353855"><ele>477</ele><time>2025-07-20T14:00:55.000Z</time></trkpt>
<trkpt lat="30.6228845309869" lon="104.0676954353855"><ele>477</ele><time>2025-07-20T14:00:56.000Z</time></trkpt>
<trkpt lat="30.6228845309869" lon="104.0676954353855"><ele>477</ele><time>2025-07-20T14:00:57.000Z</time></trkpt>
<trkpt lat="30.6228845309869" lon="104.0676954353855"><ele>477</ele><time>2025-07-20T14:00:58.000Z</time></trkpt>
<trkpt lat="30.6228845309869" lon="104.0676954353855"><ele>477</ele><time>2025-07-20T14:00:59.000Z</time></trkpt>
<trkpt lat="30.6228845309869" lon="104.0676954353855"><ele>476</ele><time>2025-07-20T14:01:00.000Z</time></trkpt>
<trkpt lat="30.6228845309869" lon="104.0676954353855"><ele>476</ele><time>2025-07-20T14:01:01.000Z</time></trkpt>
<trkpt lat="30.6228845309869" lon="104.0676954353855"><ele>476</ele><time>2025-07-20T14:01:02.000Z</time></trkpt>
<trkpt lat="30.6228845309869" lon="104.0676954353855"><ele>475</ele><time>2025-07-20T14:01:03.000Z</time></trkpt>
<trkpt lat="30.6228845309869" lon="104.0676954353855"><ele>475</ele><time>2025-07-20T14:01:04.000Z</time></trkpt>
<trkpt lat="30.6228845309869" lon="104.0676954353855"><ele>474</ele><time>2025-07-20T14:01:05.000Z</time></trkpt>
<trkpt lat="30.6228845309869" lon="104.0676954353855"><ele>475</ele><time>2025-07-20T14:01:06.000Z</time></trkpt>
<trkpt lat="30.6228845309869" lon="104.0676954353855"><ele>475</ele><time>2025-07-20T14:01:07.000Z</time></trkpt>
<trkpt lat="30.6228845309869" lon="104.0676954353855"><ele>474</ele><time>2025-07-20T14:01:08.000Z</time></trkpt>
<trkpt lat="30.6228845309869" lon="104.0676954353855"><ele>474</ele><time>2025-07-20T14:01:09.000Z</time></trkpt>
<trkpt lat="30.6228845309869" lon="104.0676954353855"><ele>474</ele><time>2025-07-20T14:01:10.000Z</time></trkpt>
<trkpt lat="30.6228845309869" lon="104.0676954353855"><ele>473</ele><time>2025-07-20T14:01:11.000Z</time></trkpt>
<trkpt lat="30.6228845309869" lon="104.0676954353855"><ele>473</ele><time>2025-07-20T14:01:12.000Z</time></trkpt>
<trkpt lat="30.6228845309869" lon="104.0676954353855"><ele>473</ele><time>2025-07-20T14:01:13.000Z</time></trkpt>
<trkpt lat="30.6228845309869" lon="104.0676954353855"><ele>473</ele><time>2025-07-20T14:01:14.000Z</time></trkpt>
<trkpt lat="30.6228845309869" lon="104.0676954353855"><ele>473</ele><time>2025-07-20T14:01:15.000Z</time></trkpt>
<trkpt lat="30.6228845309869" lon="104.0676954353855"><ele>473</ele><time>2025-07-20T14:01:16.000Z</time></trkpt>
<trkpt lat="30.6228845309869" lon="104.0676954353855"><ele>474</ele><time>2025-07-20T14:01:17.000Z</time></trkpt>
<trkpt lat="30.6228845309869" lon="104.0676954353855"><ele>474</ele><time>2025-07-20T14:01:18.000Z</time></trkpt>
<trkpt lat="30.6228845309869" lon="104.0676954353855"><ele>473</ele><time>2025-07-20T14:01:19.000Z</time></trkpt>
<trkpt lat="30.6228845309869" lon="104.0676954353855"><ele>474</ele><time>2025-07-20T14:01:20.000Z</time></trkpt>
<trkpt lat="30.6228845309869" lon="104.0676954353855"><ele>474</ele><time>2025-07-20T14:01:21.000Z</time></trkpt>
<trkpt lat="30.6228845309869" lon="104.0676954353855"><ele>474</ele><time>2025-07-20T14:01:22.000Z</time></trkpt>
<trkpt lat="30.6228845309869" lon="104.0676954353855"><ele>474</ele><time>2025-07-20T14:01:23.000Z</time></trkpt>
<trkpt lat="30.6228845309869" lon="104.0676954353855"><ele>474</ele><time>2025-07-20T14:01:24.000Z</time></trkpt>
<trkpt lat="30.6228845309869" lon="104.0676954353855"><ele>474</ele><time>2025-07-20T14:01:25.000Z</time></trkpt>
<trkpt lat="30.6228845309869" lon="104.0676954353855"><ele>474</ele><time>2025-07-20T14:01:26.000Z</time></trkpt>
<trkpt lat="30.6228845309869" lon="104.0676954353855"><ele>474</ele><time>2025-07-20T14:01:27.000Z</time></trkpt>
<trkpt lat="30.6228845309869" lon="104.0676954353855"><ele>474</ele><time>2025-07-20T14:01:28.000Z</time></trkpt>
<trkpt lat="30.6228845309869" lon="104.0676954353855"><ele>473</ele><time>2025-07-20T14:01:29.000Z</time></trkpt>
<trkpt lat="30.6228845309869" lon="104.0676954353855"><ele>473</ele><time>2025-07-20T14:01:30.000Z</time></trkpt>
<trkpt lat="30.6228845309869" lon="104.0676954353855"><ele>474</ele><time>2025-07-20T14:01:31.000Z</time></trkpt>
<trkpt lat="30.6228845309869" lon="104.0676954353855"><ele>474</ele><time>2025-07-20T14:01:32.000Z</time></trkpt>
<trkpt lat="30.6228845309869" lon="104.0676954353855"><ele>474</ele><time>2025-07-20T14:01:33.000Z</time></trkpt>
<trkpt lat="30.6228845309869" lon="104.0676954353855"><ele>474</ele><time>2025-07-20T14:01:34.000Z</time></trkpt>
<trkpt lat="30.6228845309869" lon="104.0676954353855"><ele>474</ele><time>2025-07-20T14:01:35.000Z</time></trkpt>
<trkpt lat="30.6228845309869" lon="104.0676954353855"><ele>474</ele><time>2025-07-20T14:01:36.000Z</time></trkpt>
<trkpt lat="30.6228845309869" lon="104.0676954353855"><ele>474</ele><time>2025-07-20T14:01:37.000Z</time></trkpt>
<trkpt lat="30.6228845309869" lon="104.0676954353855"><ele>474</ele><time>2025-07-20T14:01:38.000Z</time></trkpt>
<trkpt lat="30.6228845309869" lon="104.0676954353855"><ele>474</ele><time>2025-07-20T14:01:39.000Z</time></trkpt>
<trkpt lat="30.6228845309869" lon="104.0676954353855"><ele>474</ele><time>2025-07-20T14:01:40.000Z</time></trkpt>
<trkpt lat="30.6228845309869" lon="104.0676954353855"><ele>474</ele><time>2025-07-20T14:01:41.000Z</time></trkpt>
<trkpt lat="30.6228845309869" lon="104.0676954353855"><ele>474</ele><time>2025-07-20T14:01:42.000Z</time></trkpt>
<trkpt lat="30.6228845309869" lon="104.0676954353855"><ele>475</ele><time>2025-07-20T14:01:43.000Z</time></trkpt>
<trkpt lat="30.6228845309869" lon="104.0676954353855"><ele>474</ele><time>2025-07-20T14:01:44.000Z</time></trkpt>
<trkpt lat="30.6228845309869" lon="104.0676954353855"><ele>474</ele><time>2025-07-20T14:01:45.000Z</time></trkpt>
<trkpt lat="30.6228845309869" lon="104.0676954353855"><ele>474</ele><time>2025-07-20T14:01:46.000Z</time></trkpt>
<trkpt lat="30.6228845309869" lon="104.0676954353855"><ele>475</ele><time>2025-07-20T14:01:47.000Z</time></trkpt>
<trkpt lat="30.6228845309869" lon="104.0676954353855"><ele>474</ele><time>2025-07-20T14:01:48.000Z</time></trkpt>
<trkpt lat="30.6228845309869" lon="104.0676954353855"><ele>475</ele><time>2025-07-20T14:01:49.000Z</time></trkpt>
<trkpt lat="30.6228845309869" lon="104.0676954353855"><ele>475</ele><time>2025-07-20T14:01:50.000Z</time></trkpt>
<trkpt lat="30.6228845309869" lon="104.0676954353855"><ele>475</ele><time>2025-07-20T14:01:51.000Z</time></trkpt>
<trkpt lat="30.6228845309869" lon="104.0676954353855"><ele>476</ele><time>2025-07-20T14:01:52.000Z</time></trkpt>
<trkpt lat="30.6228845309869" lon="104.0676954353855"><ele>475</ele><time>2025-07-20T14:01:53.000Z</time></trkpt>
<trkpt lat="30.6228845309869" lon="104.0676954353855"><ele>475</ele><time>2025-07-20T14:01:54.000Z</time></trkpt>
<trkpt lat="30.6228845309869" lon="104.0676954353855"><ele>475</ele><time>2025-07-20T14:01:55.000Z</time></trkpt>
<trkpt lat="30.6228845309869" lon="104.0676954353855"><ele>475</ele><time>2025-07-20T14:01:56.000Z</time></trkpt>
<trkpt lat="30.6228845309869" lon="104.0676954353855"><ele>475</ele><time>2025-07-20T14:01:57.000Z</time></trkpt>
<trkpt lat="30.6228845309869" lon="104.0676954353855"><ele>475</ele><time>2025-07-20T14:01:58.000Z</time></trkpt>
<trkpt lat="30.6228845309869" lon="104.0676954353855"><ele>475</ele><time>2025-07-20T14:01:59.000Z</time></trkpt>
<trkpt lat="30.6228845309869" lon="104.0676954353855"><ele>476</ele><time>2025-07-20T14:02:00.000Z</time></trkpt>
<trkpt lat="30.6228845309869" lon="104.0676954353855"><ele>476</ele><time>2025-07-20T14:02:01.000Z</time></trkpt>
<trkpt lat="30.6228845309869" lon="104.0676954353855"><ele>474</ele><time>2025-07-20T14:02:02.000Z</time></trkpt>
<trkpt lat="30.6228845309869" lon="104.0676954353855"><ele>475</ele><time>2025-07-20T14:02:03.000Z</time></trkpt>
<trkpt lat="30.6228845309869" lon="104.0676954353855"><ele>474</ele><time>2025-07-20T14:02:04.000Z</time></trkpt>
<trkpt lat="30.6228845309869" lon="104.0676954353855"><ele>474</ele><time>2025-07-20T14:02:05.000Z</time></trkpt>
<trkpt lat="30.6228845309869" lon="104.0676954353855"><ele>474</ele><time>2025-07-20T14:02:06.000Z</time></trkpt>
<trkpt lat="30.6228845309869" lon="104.0676954353855"><ele>474</ele><time>2025-07-20T14:02:07.000Z</time></trkpt>
<trkpt lat="30.6228845309869" lon="104.0676954353855"><ele>474</ele><time>2025-07-20T14:02:08.000Z</time></trkpt>
<trkpt lat="30.6228845309869" lon="104.0676954353855"><ele>474</ele><time>2025-07-20T14:02:09.000Z</time></trkpt>
<trkpt lat="30.6228845309869" lon="104.0676954353855"><ele>474</ele><time>2025-07-20T14:02:10.000Z</time></trkpt>
<trkpt lat="30.6228845309869" lon="104.0676954353855"><ele>474</ele><time>2025-07-20T14:02:11.000Z</time></trkpt>
<trkpt lat="30.6228845309869" lon="104.0676954353855"><ele>474</ele><time>2025-07-20T14:02:12.000Z</time></trkpt>
<trkpt lat="30.6228845309869" lon="104.0676954353855"><ele>473</ele><time>2025-07-20T14:02:13.000Z</time></trkpt>
<trkpt lat="30.6228845309869" lon="104.0676954353855"><ele>473</ele><time>2025-07-20T14:02:14.000Z</time></trkpt>
<trkpt lat="30.6228845309869" lon="104.0676954353855"><ele>473</ele><time>2025-07-20T14:02:15.000Z</time></trkpt>
<trkpt lat="30.6228845309869" lon="104.0676954353855"><ele>473</ele><time>2025-07-20T14:02:16.000Z</time></trkpt>
<trkpt lat="30.6228845309869" lon="104.0676954353855"><ele>472</ele><time>2025-07-20T14:02:17.000Z</time></trkpt>
<trkpt lat="30.6228845309869" lon="104.0676954353855"><ele>473</ele><time>2025-07-20T14:02:18.000Z</time></trkpt>
<trkpt lat="30.6228845309869" lon="104.0676954353855"><ele>472</ele><time>2025-07-20T14:02:19.000Z</time></trkpt>
<trkpt lat="30.6228845309869" lon="104.0676954353855"><ele>472</ele><time>2025-07-20T14:02:20.000Z</time></trkpt>
<trkpt lat="30.6228845309869" lon="104.0676954353855"><ele>471</ele><time>2025-07-20T14:02:21.000Z</time></trkpt>
<trkpt lat="30.6228845309869" lon="104.0676954353855"><ele>471</ele><time>2025-07-20T14:02:22.000Z</time></trkpt>
<trkpt lat="30.6228845309869" lon="104.0676954353855"><ele>472</ele><time>2025-07-20T14:02:23.000Z</time></trkpt>
<trkpt lat="30.6228845309869" lon="104.0676954353855"><ele>472</ele><time>2025-07-20T14:02:24.000Z</time></trkpt>
<trkpt lat="30.6228845309869" lon="104.0676954353855"><ele>473</ele><time>2025-07-20T14:02:25.000Z</time></trkpt>
<trkpt lat="30.6228845309869" lon="104.0676954353855"><ele>472</ele><time>2025-07-20T14:02:26.000Z</time></trkpt>
<trkpt lat="30.6228845309869" lon="104.0676954353855"><ele>472</ele><time>2025-07-20T14:02:27.000Z</time></trkpt>
<trkpt lat="30.6228845309869" lon="104.0676954353855"><ele>473</ele><time>2025-07-20T14:02:28.000Z</time></trkpt>
<trkpt lat="30.6228845309869" lon="104.0676954353855"><ele>474</ele><time>2025-07-20T14:02:29.000Z</time></trkpt>
<trkpt lat="30.6228845309869" lon="104.0676954353855"><ele>475</ele><time>2025-07-20T14:02:30.000Z</time></trkpt>
<trkpt lat="30.6228845309869" lon="104.0676954353855"><ele>475</ele><time>2025-07-20T14:02:31.000Z</time></trkpt>
<trkpt lat="30.6228845309869" lon="104.0676954353855"><ele>475</ele><time>2025-07-20T14:02:32.000Z</time></trkpt>
<trkpt lat="30.6228845309869" lon="104.0676954353855"><ele>477</ele><time>2025-07-20T14:02:33.000Z</time></trkpt>
<trkpt lat="30.6228845309869" lon="104.0676954353855"><ele>477</ele><time>2025-07-20T14:02:34.000Z</time></trkpt>
<trkpt lat="30.6228845309869" lon="104.0676954353855"><ele>477</ele><time>2025-07-20T14:02:35.000Z</time></trkpt>
<trkpt lat="30.6228845309869" lon="104.0676954353855"><ele>477</ele><time>2025-07-20T14:02:36.000Z</time></trkpt>
<trkpt lat="30.6228845309869" lon="104.0676954353855"><ele>477</ele><time>2025-07-20T14:02:37.000Z</time></trkpt>
<trkpt lat="30.6228845309869" lon="104.0676954353855"><ele>477</ele><time>2025-07-20T14:02:38.000Z</time></trkpt>
<trkpt lat="30.6228845309869" lon="104.0676954353855"><ele>478</ele><time>2025-07-20T14:02:39.000Z</time></trkpt>
<trkpt lat="30.6228845309869" lon="104.0676954353855"><ele>478</ele><time>2025-07-20T14:02:40.000Z</time></trkpt>
<trkpt lat="30.6228845309869" lon="104.0676954353855"><ele>478</ele><time>2025-07-20T14:02:41.000Z</time></trkpt>
<trkpt lat="30.6228845309869" lon="104.0676954353855"><ele>479</ele><time>2025-07-20T14:02:42.000Z</time></trkpt>
<trkpt lat="30.6228845309869" lon="104.0676954353855"><ele>479</ele><time>2025-07-20T14:02:43.000Z</time></trkpt>
<trkpt lat="30.6228845309869" lon="104.0676954353855"><ele>479</ele><time>2025-07-20T14:02:44.000Z</time></trkpt>
<trkpt lat="30.6228845309869" lon="104.0676954353855"><ele>479</ele><time>2025-07-20T14:02:45.000Z</time></trkpt>
<trkpt lat="30.6228845309869" lon="104.0676954353855"><ele>480</ele><time>2025-07-20T14:02:46.000Z</time></trkpt>
<trkpt lat="30.6228845309869" lon="104.0676954353855"><ele>479</ele><time>2025-07-20T14:02:47.000Z</time></trkpt>
<trkpt lat="30.6228845309869" lon="104.0676954353855"><ele>480</ele><time>2025-07-20T14:02:48.000Z</time></trkpt>
<trkpt lat="30.6228845309869" lon="104.0676954353855"><ele>479</ele><time>2025-07-20T14:02:49.000Z</time></trkpt>
<trkpt lat="30.6228845309869" lon="104.0676954353855"><ele>479</ele><time>2025-07-20T14:02:50.000Z</time></trkpt>
<trkpt lat="30.6228845309869" lon="104.0676954353855"><ele>479</ele><time>2025-07-20T14:02:51.000Z</time></trkpt>
<trkpt lat="30.6228845309869" lon="104.0676954353855"><ele>479</ele><time>2025-07-20T14:02:52.000Z</time></trkpt>
<trkpt lat="30.6228845309869" lon="104.0676954353855"><ele>479</ele><time>2025-07-20T14:02:53.000Z</time></trkpt>
<trkpt lat="30.6228845309869" lon="104.0676954353855"><ele>479</ele><time>2025-07-20T14:02:54.000Z</time></trkpt>
<trkpt lat="30.6228845309869" lon="104.0676954353855"><ele>479</ele><time>2025-07-20T14:02:55.000Z</time></trkpt>
<trkpt lat="30.6228845309869" lon="104.0676954353855"><ele>479</ele><time>2025-07-20T14:02:56.000Z</time></trkpt>
<trkpt lat="30.6228845309869" lon="104.0676954353855"><ele>479</ele><time>2025-07-20T14:02:57.000Z</time></trkpt>
<trkpt lat="30.6228845309869" lon="104.0676954353855"><ele>479</ele><time>2025-07-20T14:02:58.000Z</time></trkpt>
<trkpt lat="30.6228845309869" lon="104.0676954353855"><ele>479</ele><time>2025-07-20T14:02:59.000Z</time></trkpt>
<trkpt lat="30.6228845309869" lon="104.0676954353855"><ele>479</ele><time>2025-07-20T14:03:00.000Z</time></trkpt>
<trkpt lat="30.6228845309869" lon="104.0676954353855"><ele>479</ele><time>2025-07-20T14:03:01.000Z</time></trkpt>
<trkpt lat="30.6228845309869" lon="104.0676954353855"><ele>479</ele><time>2025-07-20T14:03:02.000Z</time></trkpt>
<trkpt lat="30.6228845309869" lon="104.0676954353855"><ele>479</ele><time>2025-07-20T14:03:03.000Z</time></trkpt>
<trkpt lat="30.6228845309869" lon="104.0676954353855"><ele>479</ele><time>2025-07-20T14:03:04.000Z</time></trkpt>
<trkpt lat="30.6228845309869" lon="104.0676954353855"><ele>479</ele><time>2025-07-20T14:03:05.000Z</time></trkpt>
<trkpt lat="30.6228845309869" lon="104.0676954353855"><ele>479</ele><time>2025-07-20T14:03:06.000Z</time></trkpt>
<trkpt lat="30.6228845309869" lon="104.0676954353855"><ele>478</ele><time>2025-07-20T14:03:07.000Z</time></trkpt>
<trkpt lat="30.6228845309869" lon="104.0676954353855"><ele>477</ele><time>2025-07-20T14:03:08.000Z</time></trkpt>
<trkpt lat="30.6228845309869" lon="104.0676954353855"><ele>477</ele><time>2025-07-20T14:03:09.000Z</time></trkpt>
<trkpt lat="30.6228845309869" lon="104.0676954353855"><ele>477</ele><time>2025-07-20T14:03:10.000Z</time></trkpt>
<trkpt lat="30.6228845309869" lon="104.0676954353855"><ele>477</ele><time>2025-07-20T14:03:11.000Z</time></trkpt>
<trkpt lat="30.6228845309869" lon="104.0676954353855"><ele>477</ele><time>2025-07-20T14:03:12.000Z</time></trkpt>
<trkpt lat="30.6228845309869" lon="104.0676954353855"><ele>477</ele><time>2025-07-20T14:03:13.000Z</time></trkpt>
<trkpt lat="30.6228845309869" lon="104.0676954353855"><ele>476</ele><time>2025-07-20T14:03:14.000Z</time></trkpt>
<trkpt lat="30.6228845309869" lon="104.0676954353855"><ele>476</ele><time>2025-07-20T14:03:15.000Z</time></trkpt>
<trkpt lat="30.6228845309869" lon="104.0676954353855"><ele>476</ele><time>2025-07-20T14:03:16.000Z</time></trkpt>
<trkpt lat="30.6228845309869" lon="104.0676954353855"><ele>476</ele><time>2025-07-20T14:03:17.000Z</time></trkpt>
<trkpt lat="30.6228845309869" lon="104.0676954353855"><ele>476</ele><time>2025-07-20T14:03:18.000Z</time></trkpt>
<trkpt lat="30.6228845309869" lon="104.0676954353855"><ele>474</ele><time>2025-07-20T14:03:19.000Z</time></trkpt>
<trkpt lat="30.6228845309869" lon="104.0676954353855"><ele>473</ele><time>2025-07-20T14:03:20.000Z</time></trkpt>
<trkpt lat="30.6228845309869" lon="104.0676954353855"><ele>473</ele><time>2025-07-20T14:03:21.000Z</time></trkpt>
<trkpt lat="30.6228845309869" lon="104.0676954353855"><ele>472</ele><time>2025-07-20T14:03:22.000Z</time></trkpt>
<trkpt lat="30.6228845309869" lon="104.0676954353855"><ele>473</ele><time>2025-07-20T14:03:23.000Z</time></trkpt>
<trkpt lat="30.6228845309869" lon="104.0676954353855"><ele>472</ele><time>2025-07-20T14:03:24.000Z</time></trkpt>
<trkpt lat="30.6228845309869" lon="104.0676954353855"><ele>472</ele><time>2025-07-20T14:03:25.000Z</time></trkpt>
<trkpt lat="30.6228845309869" lon="104.0676954353855"><ele>472</ele><time>2025-07-20T14:03:26.000Z</time></trkpt>
<trkpt lat="30.6228845309869" lon="104.0676954353855"><ele>472</ele><time>2025-07-20T14:03:27.000Z</time></trkpt>
<trkpt lat="30.6228845309869" lon="104.0676954353855"><ele>473</ele><time>2025-07-20T14:03:28.000Z</time></trkpt>
<trkpt lat="30.6228845309869" lon="104.0676954353855"><ele>474</ele><time>2025-07-20T14:03:29.000Z</time></trkpt>
<trkpt lat="30.6228845309869" lon="104.0676954353855"><ele>474</ele><time>2025-07-20T14:03:30.000Z</time></trkpt>
<trkpt lat="30.6228845309869" lon="104.0676954353855"><ele>475</ele><time>2025-07-20T14:03:31.000Z</time></trkpt>
<trkpt lat="30.6228845309869" lon="104.0676954353855"><ele>475</ele><time>2025-07-20T14:03:32.000Z</time></trkpt>
<trkpt lat="30.6228845309869" lon="104.0676954353855"><ele>475</ele><time>2025-07-20T14:03:33.000Z</time></trkpt>
<trkpt lat="30.6228845309869" lon="104.0676954353855"><ele>476</ele><time>2025-07-20T14:03:34.000Z</time></trkpt>
<trkpt lat="30.6228845309869" lon="104.0676954353855"><ele>476</ele><time>2025-07-20T14:03:35.000Z</time></trkpt>
<trkpt lat="30.6228845309869" lon="104.0676954353855"><ele>477</ele><time>2025-07-20T14:03:36.000Z</time></trkpt>
<trkpt lat="30.6228845309869" lon="104.0676954353855"><ele>477</ele><time>2025-07-20T14:03:37.000Z</time></trkpt>
<trkpt lat="30.6228845309869" lon="104.0676954353855"><ele>477</ele><time>2025-07-20T14:03:38.000Z</time></trkpt>
<trkpt lat="30.6228845309869" lon="104.0676954353855"><ele>477</ele><time>2025-07-20T14:03:39.000Z</time></trkpt>
<trkpt lat="30.6228845309869" lon="104.0676954353855"><ele>477</ele><time>2025-07-20T14:03:40.000Z</time></trkpt>
<trkpt lat="30.6228845309869" lon="104.0676954353855"><ele>477</ele><time>2025-07-20T14:03:41.000Z</time></trkpt>
<trkpt lat="30.6228845309869" lon="104.0676954353855"><ele>477</ele><time>2025-07-20T14:03:42.000Z</time></trkpt>
<trkpt lat="30.6228845309869" lon="104.0676954353855"><ele>477</ele><time>2025-07-20T14:03:43.000Z</time></trkpt>
<trkpt lat="30.6228845309869" lon="104.0676954353855"><ele>476</ele><time>2025-07-20T14:03:44.000Z</time></trkpt>
<trkpt lat="30.6228845309869" lon="104.0676954353855"><ele>476</ele><time>2025-07-20T14:03:45.000Z</time></trkpt>
<trkpt lat="30.6228845309869" lon="104.0676954353855"><ele>476</ele><time>2025-07-20T14:03:46.000Z</time></trkpt>
<trkpt lat="30.6228845309869" lon="104.0676954353855"><ele>477</ele><time>2025-07-20T14:03:47.000Z</time></trkpt>
<trkpt lat="30.6228845309869" lon="104.0676954353855"><ele>477</ele><time>2025-07-20T14:03:48.000Z</time></trkpt>
<trkpt lat="30.6228845309869" lon="104.0676954353855"><ele>476</ele><time>2025-07-20T14:03:49.000Z</time></trkpt>
<trkpt lat="30.6228845309869" lon="104.0676954353855"><ele>476</ele><time>2025-07-20T14:03:50.000Z</time></trkpt>
<trkpt lat="30.6228845309869" lon="104.0676954353855"><ele>476</ele><time>2025-07-20T14:03:51.000Z</time></trkpt>
<trkpt lat="30.6228845309869" lon="104.0676954353855"><ele>476</ele><time>2025-07-20T14:03:52.000Z</time></trkpt>
<trkpt lat="30.6228845309869" lon="104.0676954353855"><ele>476</ele><time>2025-07-20T14:03:53.000Z</time></trkpt>
<trkpt lat="30.6228845309869" lon="104.0676954353855"><ele>476</ele><time>2025-07-20T14:03:54.000Z</time></trkpt>
<trkpt lat="30.6228845309869" lon="104.0676954353855"><ele>476</ele><time>2025-07-20T14:03:55.000Z</time></trkpt>
<trkpt lat="30.6228845309869" lon="104.0676954353855"><ele>476</ele><time>2025-07-20T14:03:56.000Z</time></trkpt>
<trkpt lat="30.6228845309869" lon="104.0676954353855"><ele>476</ele><time>2025-07-20T14:03:57.000Z</time></trkpt>
<trkpt lat="30.6228845309869" lon="104.0676954353855"><ele>476</ele><time>2025-07-20T14:03:58.000Z</time></trkpt>
<trkpt lat="30.6228845309869" lon="104.0676954353855"><ele>476</ele><time>2025-07-20T14:03:59.000Z</time></trkpt>
<trkpt lat="30.6228845309869" lon="104.0676954353855"><ele>476</ele><time>2025-07-20T14:04:00.000Z</time></trkpt>
<trkpt lat="30.6228845309869" lon="104.0676954353855"><ele>476</ele><time>2025-07-20T14:04:01.000Z</time></trkpt>
<trkpt lat="30.6228845309869" lon="104.0676954353855"><ele>475</ele><time>2025-07-20T14:04:02.000Z</time></trkpt>
<trkpt lat="30.6228845309869" lon="104.0676954353855"><ele>476</ele><time>2025-07-20T14:04:03.000Z</time></trkpt>
<trkpt lat="30.6228845309869" lon="104.0676954353855"><ele>476</ele><time>2025-07-20T14:04:04.000Z</time></trkpt>
<trkpt lat="30.6228845309869" lon="104.0676954353855"><ele>476</ele><time>2025-07-20T14:04:05.000Z</time></trkpt>
<trkpt lat="30.6228845309869" lon="104.0676954353855"><ele>476</ele><time>2025-07-20T14:04:06.000Z</time></trkpt>
<trkpt lat="30.6228845309869" lon="104.0676954353855"><ele>476</ele><time>2025-07-20T14:04:07.000Z</time></trkpt>
<trkpt lat="30.6228845309869" lon="104.0676954353855"><ele>476</ele><time>2025-07-20T14:04:08.000Z</time></trkpt>
<trkpt lat="30.6228845309869" lon="104.0676954353855"><ele>476</ele><time>2025-07-20T14:04:09.000Z</time></trkpt>
<trkpt lat="30.6228845309869" lon="104.0676954353855"><ele>476</ele><time>2025-07-20T14:04:10.000Z</time></trkpt>
<trkpt lat="30.6228845309869" lon="104.0676954353855"><ele>477</ele><time>2025-07-20T14:04:11.000Z</time></trkpt>
<trkpt lat="30.6228845309869" lon="104.0676954353855"><ele>477</ele><time>2025-07-20T14:04:12.000Z</time></trkpt>
<trkpt lat="30.6228845309869" lon="104.0676954353855"><ele>477</ele><time>2025-07-20T14:04:13.000Z</time></trkpt>
<trkpt lat="30.6228845309869" lon="104.0676954353855"><ele>477</ele><time>2025-07-20T14:04:14.000Z</time></trkpt>
<trkpt lat="30.6228845309869" lon="104.0676954353855"><ele>477</ele><time>2025-07-20T14:04:15.000Z</time></trkpt>
<trkpt lat="30.6228845309869" lon="104.0676954353855"><ele>477</ele><time>2025-07-20T14:04:16.000Z</time></trkpt>
<trkpt lat="30.6228845309869" lon="104.0676954353855"><ele>477</ele><time>2025-07-20T14:04:17.000Z</time></trkpt>
<trkpt lat="30.6228845309869" lon="104.0676954353855"><ele>477</ele><time>2025-07-20T14:04:18.000Z</time></trkpt>
<trkpt lat="30.6228845309869" lon="104.0676954353855"><ele>477</ele><time>2025-07-20T14:04:19.000Z</time></trkpt>
<trkpt lat="30.6228845309869" lon="104.0676954353855"><ele>477</ele><time>2025-07-20T14:04:20.000Z</time></trkpt>
<trkpt lat="30.6228845309869" lon="104.0676954353855"><ele>477</ele><time>2025-07-20T14:04:21.000Z</time></trkpt>
<trkpt lat="30.6228845309869" lon="104.0676954353855"><ele>477</ele><time>2025-07-20T14:04:22.000Z</time></trkpt>
<trkpt lat="30.6228845309869" lon="104.0676954353855"><ele>477</ele><time>2025-07-20T14:04:23.000Z</time></trkpt>
<trkpt lat="30.6228845309869" lon="104.0676954353855"><ele>477</ele><time>2025-07-20T14:04:24.000Z</time></trkpt>
<trkpt lat="30.6228845309869" lon="104.0676954353855"><ele>477</ele><time>2025-07-20T14:04:25.000Z</time></trkpt>
<trkpt lat="30.6228845309869" lon="104.0676954353855"><ele>476</ele><time>2025-07-20T14:04:26.000Z</time></trkpt>
<trkpt lat="30.6228845309869" lon="104.0676954353855"><ele>476</ele><time>2025-07-20T14:04:27.000Z</time></trkpt>
<trkpt lat="30.6228845309869" lon="104.0676954353855"><ele>476</ele><time>2025-07-20T14:04:28.000Z</time></trkpt>
<trkpt lat="30.6228845309869" lon="104.0676954353855"><ele>476</ele><time>2025-07-20T14:04:29.000Z</time></trkpt>
<trkpt lat="30.6228845309869" lon="104.0676954353855"><ele>476</ele><time>2025-07-20T14:04:30.000Z</time></trkpt>
<trkpt lat="30.6228845309869" lon="104.0676954353855"><ele>477</ele><time>2025-07-20T14:04:31.000Z</time></trkpt>
<trkpt lat="30.6228845309869" lon="104.0676954353855"><ele>476</ele><time>2025-07-20T14:04:32.000Z</time></trkpt>
<trkpt lat="30.6228845309869" lon="104.0676954353855"><ele>477</ele><time>2025-07-20T14:04:33.000Z</time></trkpt>
<trkpt lat="30.6228845309869" lon="104.0676954353855"><ele>477</ele><time>2025-07-20T14:04:34.000Z</time></trkpt>
<trkpt lat="30.6228845309869" lon="104.0676954353855"><ele>477</ele><time>2025-07-20T14:04:35.000Z</time></trkpt>
<trkpt lat="30.6228845309869" lon="104.0676954353855"><ele>477</ele><time>2025-07-20T14:04:36.000Z</time></trkpt>
<trkpt lat="30.6228845309869" lon="104.0676954353855"><ele>476</ele><time>2025-07-20T14:04:37.000Z</time></trkpt>
<trkpt lat="30.6228845309869" lon="104.0676954353855"><ele>476</ele><time>2025-07-20T14:04:38.000Z</time></trkpt>
<trkpt lat="30.6228845309869" lon="104.0676954353855"><ele>476</ele><time>2025-07-20T14:04:39.000Z</time></trkpt>
<trkpt lat="30.6228845309869" lon="104.0676954353855"><ele>476</ele><time>2025-07-20T14:04:40.000Z</time></trkpt>
<trkpt lat="30.6228845309869" lon="104.0676954353855"><ele>476</ele><time>2025-07-20T14:04:41.000Z</time></trkpt>
<trkpt lat="30.6228845309869" lon="104.0676954353855"><ele>476</ele><time>2025-07-20T14:04:42.000Z</time></trkpt>
<trkpt lat="30.6228845309869" lon="104.0676954353855"><ele>476</ele><time>2025-07-20T14:04:43.000Z</time></trkpt>
<trkpt lat="30.6228845309869" lon="104.0676954353855"><ele>476</ele><time>2025-07-20T14:04:44.000Z</time></trkpt>
<trkpt lat="30.6228845309869" lon="104.0676954353855"><ele>476</ele><time>2025-07-20T14:04:45.000Z</time></trkpt>
<trkpt lat="30.6228845309869" lon="104.0676954353855"><ele>476</ele><time>2025-07-20T14:04:46.000Z</time></trkpt>
<trkpt lat="30.6228845309869" lon="104.0676954353855"><ele>476</ele><time>2025-07-20T14:04:47.000Z</time></trkpt>
<trkpt lat="30.6228845309869" lon="104.0676954353855"><ele>476</ele><time>2025-07-20T14:04:48.000Z</time></trkpt>
<trkpt lat="30.6228845309869" lon="104.0676954353855"><ele>475</ele><time>2025-07-20T14:04:49.000Z</time></trkpt>
<trkpt lat="30.6228845309869" lon="104.0676954353855"><ele>476</ele><time>2025-07-20T14:04:50.000Z</time></trkpt>
<trkpt lat="30.6228845309869" lon="104.0676954353855"><ele>475</ele><time>2025-07-20T14:04:51.000Z</time></trkpt>
<trkpt lat="30.6228845309869" lon="104.0676954353855"><ele>475</ele><time>2025-07-20T14:04:52.000Z</time></trkpt>
<trkpt lat="30.6228845309869" lon="104.0676954353855"><ele>475</ele><time>2025-07-20T14:04:53.000Z</time></trkpt>
<trkpt lat="30.6228845309869" lon="104.0676954353855"><ele>475</ele><time>2025-07-20T14:04:54.000Z</time></trkpt>
<trkpt lat="30.6228845309869" lon="104.0676954353855"><ele>474</ele><time>2025-07-20T14:04:55.000Z</time></trkpt>
<trkpt lat="30.6228845309869" lon="104.0676954353855"><ele>474</ele><time>2025-07-20T14:04:56.000Z</time></trkpt>
<trkpt lat="30.6228845309869" lon="104.0676954353855"><ele>474</ele><time>2025-07-20T14:04:57.000Z</time></trkpt>
<trkpt lat="30.6228845309869" lon="104.0676954353855"><ele>474</ele><time>2025-07-20T14:04:58.000Z</time></trkpt>
<trkpt lat="30.6228845309869" lon="104.0676954353855"><ele>474</ele><time>2025-07-20T14:04:59.000Z</time></trkpt>
<trkpt lat="30.6228845309869" lon="104.0676954353855"><ele>474</ele><time>2025-07-20T14:05:00.000Z</time></trkpt>
<trkpt lat="30.6228845309869" lon="104.0676954353855"><ele>474</ele><time>2025-07-20T14:05:01.000Z</time></trkpt>
<trkpt lat="30.6228845309869" lon="104.0676954353855"><ele>475</ele><time>2025-07-20T14:05:02.000Z</time></trkpt>
<trkpt lat="30.6228845309869" lon="104.0676954353855"><ele>475</ele><time>2025-07-20T14:05:03.000Z</time></trkpt>
<trkpt lat="30.6228845309869" lon="104.0676954353855"><ele>475</ele><time>2025-07-20T14:05:04.000Z</time></trkpt>
<trkpt lat="30.6228845309869" lon="104.0676954353855"><ele>475</ele><time>2025-07-20T14:05:05.000Z</time></trkpt>
<trkpt lat="30.6228845309869" lon="104.0676954353855"><ele>475</ele><time>2025-07-20T14:05:06.000Z</time></trkpt>
<trkpt lat="30.6228845309869" lon="104.0676954353855"><ele>475</ele><time>2025-07-20T14:05:07.000Z</time></trkpt>
<trkpt lat="30.6228845309869" lon="104.0676954353855"><ele>476</ele><time>2025-07-20T14:05:08.000Z</time></trkpt>
<trkpt lat="30.6228845309869" lon="104.0676954353855"><ele>476</ele><time>2025-07-20T14:05:09.000Z</time></trkpt>
<trkpt lat="30.6228845309869" lon="104.0676954353855"><ele>476</ele><time>2025-07-20T14:05:10.000Z</time></trkpt>
<trkpt lat="30.6228845309869" lon="104.0676954353855"><ele>476</ele><time>2025-07-20T14:05:11.000Z</time></trkpt>
<trkpt lat="30.6228845309869" lon="104.0676954353855"><ele>476</ele><time>2025-07-20T14:05:12.000Z</time></trkpt>
<trkpt lat="30.6228845309869" lon="104.0676954353855"><ele>475</ele><time>2025-07-20T14:05:13.000Z</time></trkpt>
<trkpt lat="30.6228845309869" lon="104.0676954353855"><ele>476</ele><time>2025-07-20T14:05:14.000Z</time></trkpt>
<trkpt lat="30.6228845309869" lon="104.0676954353855"><ele>475</ele><time>2025-07-20T14:05:15.000Z</time></trkpt>
<trkpt lat="30.6228845309869" lon="104.0676954353855"><ele>475</ele><time>2025-07-20T14:05:16.000Z</time></trkpt>
<trkpt lat="30.6228845309869" lon="104.0676954353855"><ele>475</ele><time>2025-07-20T14:05:17.000Z</time></trkpt>
<trkpt lat="30.6228845309869" lon="104.0676954353855"><ele>475</ele><time>2025-07-20T14:05:18.000Z</time></trkpt>
<trkpt lat="30.6228845309869" lon="104.0676954353855"><ele>475</ele><time>2025-07-20T14:05:19.000Z</time></trkpt>
<trkpt lat="30.6228845309869" lon="104.0676954353855"><ele>475</ele><time>2025-07-20T14:05:20.000Z</time></trkpt>
<trkpt lat="30.6228845309869" lon="104.0676954353855"><ele>475</ele><time>2025-07-20T14:05:21.000Z</time></trkpt>
<trkpt lat="30.6228845309869" lon="104.0676954353855"><ele>475</ele><time>2025-07-20T14:05:22.000Z</time></trkpt>
<trkpt lat="30.6228845309869" lon="104.0676954353855"><ele>475</ele><time>2025-07-20T14:05:23.000Z</time></trkpt>
<trkpt lat="30.6228845309869" lon="104.0676954353855"><ele>475</ele><time>2025-07-20T14:05:24.000Z</time></trkpt>
<trkpt lat="30.6228845309869" lon="104.0676954353855"><ele>475</ele><time>2025-07-20T14:05:25.000Z</time></trkpt>
<trkpt lat="30.6228845309869" lon="104.0676954353855"><ele>475</ele><time>2025-07-20T14:05:26.000Z</time></trkpt>
<trkpt lat="30.6228845309869" lon="104.0676954353855"><ele>475</ele><time>2025-07-20T14:05:27.000Z</time></trkpt>
<trkpt lat="30.6228845309869" lon="104.0676954353855"><ele>475</ele><time>2025-07-20T14:05:28.000Z</time></trkpt>
<trkpt lat="30.6228845309869" lon="104.0676954353855"><ele>475</ele><time>2025-07-20T14:05:29.000Z</time></trkpt>
<trkpt lat="30.6228845309869" lon="104.0676954353855"><ele>476</ele><time>2025-07-20T14:05:30.000Z</time></trkpt>
<trkpt lat="30.6228845309869" lon="104.0676954353855"><ele>476</ele><time>2025-07-20T14:05:31.000Z</time></trkpt>
<trkpt lat="30.6228845309869" lon="104.0676954353855"><ele>476</ele><time>2025-07-20T14:05:32.000Z</time></trkpt>
<trkpt lat="30.6228845309869" lon="104.0676954353855"><ele>476</ele><time>2025-07-20T14:05:33.000Z</time></trkpt>
<trkpt lat="30.6228845309869" lon="104.0676954353855"><ele>476</ele><time>2025-07-20T14:05:34.000Z</time></trkpt>
<trkpt lat="30.6228845309869" lon="104.0676954353855"><ele>476</ele><time>2025-07-20T14:05:35.000Z</time></trkpt>
<trkpt lat="30.6228845309869" lon="104.0676954353855"><ele>476</ele><time>2025-07-20T14:05:36.000Z</time></trkpt>
<trkpt lat="30.6228845309869" lon="104.0676954353855"><ele>476</ele><time>2025-07-20T14:05:37.000Z</time></trkpt>
<trkpt lat="30.6228845309869" lon="104.0676954353855"><ele>476</ele><time>2025-07-20T14:05:38.000Z</time></trkpt>
<trkpt lat="30.6228845309869" lon="104.0676954353855"><ele>477</ele><time>2025-07-20T14:05:39.000Z</time></trkpt>
<trkpt lat="30.6228845309869" lon="104.0676954353855"><ele>477</ele><time>2025-07-20T14:05:40.000Z</time></trkpt>
<trkpt lat="30.6228845309869" lon="104.0676954353855"><ele>477</ele><time>2025-07-20T14:05:41.000Z</time></trkpt>
<trkpt lat="30.6228845309869" lon="104.0676954353855"><ele>477</ele><time>2025-07-20T14:05:42.000Z</time></trkpt>
<trkpt lat="30.6228845309869" lon="104.0676954353855"><ele>477</ele><time>2025-07-20T14:05:43.000Z</time></trkpt>
<trkpt lat="30.6228845309869" lon="104.0676954353855"><ele>477</ele><time>2025-07-20T14:05:44.000Z</time></trkpt>
<trkpt lat="30.6228845309869" lon="104.0676954353855"><ele>477</ele><time>2025-07-20T14:05:45.000Z</time></trkpt>
<trkpt lat="30.6228845309869" lon="104.0676954353855"><ele>478</ele><time>2025-07-20T14:05:46.000Z</time></trkpt>
<trkpt lat="30.6228845309869" lon="104.0676954353855"><ele>478</ele><time>2025-07-20T14:05:47.000Z</time></trkpt>
<trkpt lat="30.6228845309869" lon="104.0676954353855"><ele>478</ele><time>2025-07-20T14:05:48.000Z</time></trkpt>
<trkpt lat="30.6228845309869" lon="104.0676954353855"><ele>478</ele><time>2025-07-20T14:05:49.000Z</time></trkpt>
<trkpt lat="30.6228845309869" lon="104.0676954353855"><ele>478</ele><time>2025-07-20T14:05:50.000Z</time></trkpt>
<trkpt lat="30.6228845309869" lon="104.0676954353855"><ele>478</ele><time>2025-07-20T14:05:51.000Z</time></trkpt>
<trkpt lat="30.6228845309869" lon="104.0676954353855"><ele>478</ele><time>2025-07-20T14:05:52.000Z</time></trkpt>
<trkpt lat="30.6228845309869" lon="104.0676954353855"><ele>478</ele><time>2025-07-20T14:05:53.000Z</time></trkpt>
<trkpt lat="30.6228845309869" lon="104.0676954353855"><ele>478</ele><time>2025-07-20T14:05:54.000Z</time></trkpt>
<trkpt lat="30.6228845309869" lon="104.0676954353855"><ele>478</ele><time>2025-07-20T14:05:55.000Z</time></trkpt>
<trkpt lat="30.6228845309869" lon="104.0676954353855"><ele>477</ele><time>2025-07-20T14:05:56.000Z</time></trkpt>
<trkpt lat="30.6228845309869" lon="104.0676954353855"><ele>477</ele><time>2025-07-20T14:05:57.000Z</time></trkpt>
<trkpt lat="30.6228845309869" lon="104.0676954353855"><ele>477</ele><time>2025-07-20T14:05:58.000Z</time></trkpt>
<trkpt lat="30.6228845309869" lon="104.0676954353855"><ele>477</ele><time>2025-07-20T14:05:59.000Z</time></trkpt>
<trkpt lat="30.6228845309869" lon="104.0676954353855"><ele>477</ele><time>2025-07-20T14:06:00.000Z</time></trkpt>
<trkpt lat="30.6228845309869" lon="104.0676954353855"><ele>477</ele><time>2025-07-20T14:06:01.000Z</time></trkpt>
<trkpt lat="30.6228845309869" lon="104.0676954353855"><ele>477</ele><time>2025-07-20T14:06:02.000Z</time></trkpt>
<trkpt lat="30.6228845309869" lon="104.0676954353855"><ele>476</ele><time>2025-07-20T14:06:03.000Z</time></trkpt>
<trkpt lat="30.6228845309869" lon="104.0676954353855"><ele>476</ele><time>2025-07-20T14:06:04.000Z</time></trkpt>
<trkpt lat="30.6228845309869" lon="104.0676954353855"><ele>476</ele><time>2025-07-20T14:06:05.000Z</time></trkpt>
<trkpt lat="30.6228845309869" lon="104.0676954353855"><ele>476</ele><time>2025-07-20T14:06:06.000Z</time></trkpt>
<trkpt lat="30.6228845309869" lon="104.0676954353855"><ele>476</ele><time>2025-07-20T14:06:07.000Z</time></trkpt>
<trkpt lat="30.6228845309869" lon="104.0676954353855"><ele>476</ele><time>2025-07-20T14:06:08.000Z</time></trkpt>
<trkpt lat="30.6228845309869" lon="104.0676954353855"><ele>476</ele><time>2025-07-20T14:06:09.000Z</time></trkpt>
<trkpt lat="30.6228845309869" lon="104.0676954353855"><ele>476</ele><time>2025-07-20T14:06:10.000Z</time></trkpt>
<trkpt lat="30.6228845309869" lon="104.0676954353855"><ele>476</ele><time>2025-07-20T14:06:11.000Z</time></trkpt>
<trkpt lat="30.6228845309869" lon="104.0676954353855"><ele>476</ele><time>2025-07-20T14:06:12.000Z</time></trkpt>
<trkpt lat="30.6228845309869" lon="104.0676954353855"><ele>476</ele><time>2025-07-20T14:06:13.000Z</time></trkpt>
<trkpt lat="30.6228845309869" lon="104.0676954353855"><ele>476</ele><time>2025-07-20T14:06:14.000Z</time></trkpt>
<trkpt lat="30.6228845309869" lon="104.0676954353855"><ele>476</ele><time>2025-07-20T14:06:15.000Z</time></trkpt>
<trkpt lat="30.6228845309869" lon="104.0676954353855"><ele>475</ele><time>2025-07-20T14:06:16.000Z</time></trkpt>
<trkpt lat="30.6228845309869" lon="104.0676954353855"><ele>476</ele><time>2025-07-20T14:06:17.000Z</time></trkpt>
<trkpt lat="30.6228845309869" lon="104.0676954353855"><ele>476</ele><time>2025-07-20T14:06:18.000Z</time></trkpt>
<trkpt lat="30.6228845309869" lon="104.0676954353855"><ele>476</ele><time>2025-07-20T14:06:19.000Z</time></trkpt>
<trkpt lat="30.6228845309869" lon="104.0676954353855"><ele>475</ele><time>2025-07-20T14:06:20.000Z</time></trkpt>
<trkpt lat="30.6228845309869" lon="104.0676954353855"><ele>476</ele><time>2025-07-20T14:06:21.000Z</time></trkpt>
<trkpt lat="30.6228845309869" lon="104.0676954353855"><ele>476</ele><time>2025-07-20T14:06:22.000Z</time></trkpt>
<trkpt lat="30.6228845309869" lon="104.0676954353855"><ele>476</ele><time>2025-07-20T14:06:23.000Z</time></trkpt>
<trkpt lat="30.6228845309869" lon="104.0676954353855"><ele>476</ele><time>2025-07-20T14:06:24.000Z</time></trkpt>
<trkpt lat="30.6228845309869" lon="104.0676954353855"><ele>476</ele><time>2025-07-20T14:06:25.000Z</time></trkpt>
<trkpt lat="30.6228845309869" lon="104.0676954353855"><ele>476</ele><time>2025-07-20T14:06:26.000Z</time></trkpt>
<trkpt lat="30.6228845309869" lon="104.0676954353855"><ele>475</ele><time>2025-07-20T14:06:27.000Z</time></trkpt>
<trkpt lat="30.6228845309869" lon="104.0676954353855"><ele>476</ele><time>2025-07-20T14:06:28.000Z</time></trkpt>
<trkpt lat="30.6228845309869" lon="104.0676954353855"><ele>475</ele><time>2025-07-20T14:06:29.000Z</time></trkpt>
<trkpt lat="30.6228845309869" lon="104.0676954353855"><ele>476</ele><time>2025-07-20T14:06:30.000Z</time></trkpt>
<trkpt lat="30.6228845309869" lon="104.0676954353855"><ele>476</ele><time>2025-07-20T14:06:31.000Z</time></trkpt>
<trkpt lat="30.6228845309869" lon="104.0676954353855"><ele>475</ele><time>2025-07-20T14:06:32.000Z</time></trkpt>
<trkpt lat="30.6228845309869" lon="104.0676954353855"><ele>474</ele><time>2025-07-20T14:06:33.000Z</time></trkpt>
<trkpt lat="30.6228845309869" lon="104.0676954353855"><ele>473</ele><time>2025-07-20T14:06:34.000Z</time></trkpt>
<trkpt lat="30.6228845309869" lon="104.0676954353855"><ele>472</ele><time>2025-07-20T14:06:35.000Z</time></trkpt>
<trkpt lat="30.6228845309869" lon="104.0676954353855"><ele>473</ele><time>2025-07-20T14:06:36.000Z</time></trkpt>
<trkpt lat="30.6228845309869" lon="104.0676954353855"><ele>473</ele><time>2025-07-20T14:06:37.000Z</time></trkpt>
<trkpt lat="30.6228845309869" lon="104.0676954353855"><ele>473</ele><time>2025-07-20T14:06:38.000Z</time></trkpt>
<trkpt lat="30.6228845309869" lon="104.0676954353855"><ele>474</ele><time>2025-07-20T14:06:39.000Z</time></trkpt>
<trkpt lat="30.6228845309869" lon="104.0676954353855"><ele>474</ele><time>2025-07-20T14:06:40.000Z</time></trkpt>
<trkpt lat="30.6228845309869" lon="104.0676954353855"><ele>474</ele><time>2025-07-20T14:06:41.000Z</time></trkpt>
<trkpt lat="30.6228845309869" lon="104.0676954353855"><ele>474</ele><time>2025-07-20T14:06:42.000Z</time></trkpt>
<trkpt lat="30.6228845309869" lon="104.0676954353855"><ele>474</ele><time>2025-07-20T14:06:43.000Z</time></trkpt>
<trkpt lat="30.6228845309869" lon="104.0676954353855"><ele>474</ele><time>2025-07-20T14:06:44.000Z</time></trkpt>
<trkpt lat="30.6228845309869" lon="104.0676954353855"><ele>474</ele><time>2025-07-20T14:06:45.000Z</time></trkpt>
<trkpt lat="30.6228845309869" lon="104.0676954353855"><ele>474</ele><time>2025-07-20T14:06:46.000Z</time></trkpt>
<trkpt lat="30.6228845309869" lon="104.0676954353855"><ele>474</ele><time>2025-07-20T14:06:47.000Z</time></trkpt>
<trkpt lat="30.6228845309869" lon="104.0676954353855"><ele>474</ele><time>2025-07-20T14:06:48.000Z</time></trkpt>
<trkpt lat="30.6228845309869" lon="104.0676954353855"><ele>475</ele><time>2025-07-20T14:06:49.000Z</time></trkpt>
<trkpt lat="30.6228845309869" lon="104.0676954353855"><ele>475</ele><time>2025-07-20T14:06:50.000Z</time></trkpt>
<trkpt lat="30.6228845309869" lon="104.0676954353855"><ele>474</ele><time>2025-07-20T14:06:51.000Z</time></trkpt>
<trkpt lat="30.6228845309869" lon="104.0676954353855"><ele>474</ele><time>2025-07-20T14:06:52.000Z</time></trkpt>
<trkpt lat="30.6228845309869" lon="104.0676954353855"><ele>474</ele><time>2025-07-20T14:06:53.000Z</time></trkpt>
<trkpt lat="30.6228845309869" lon="104.0676954353855"><ele>474</ele><time>2025-07-20T14:06:54.000Z</time></trkpt>
<trkpt lat="30.6228845309869" lon="104.0676954353855"><ele>474</ele><time>2025-07-20T14:06:55.000Z</time></trkpt>
<trkpt lat="30.6228845309869" lon="104.0676954353855"><ele>474</ele><time>2025-07-20T14:06:56.000Z</time></trkpt>
<trkpt lat="30.6228845309869" lon="104.0676954353855"><ele>473</ele><time>2025-07-20T14:06:57.000Z</time></trkpt>
<trkpt lat="30.6228845309869" lon="104.0676954353855"><ele>474</ele><time>2025-07-20T14:06:58.000Z</time></trkpt>
<trkpt lat="30.6228845309869" lon="104.0676954353855"><ele>474</ele><time>2025-07-20T14:06:59.000Z</time></trkpt>
<trkpt lat="30.6228845309869" lon="104.0676954353855"><ele>473</ele><time>2025-07-20T14:07:00.000Z</time></trkpt>
<trkpt lat="30.6228845309869" lon="104.0676954353855"><ele>473</ele><time>2025-07-20T14:07:01.000Z</time></trkpt>
<trkpt lat="30.6228845309869" lon="104.0676954353855"><ele>473</ele><time>2025-07-20T14:07:02.000Z</time></trkpt>
<trkpt lat="30.6228845309869" lon="104.0676954353855"><ele>473</ele><time>2025-07-20T14:07:03.000Z</time></trkpt>
<trkpt lat="30.6228845309869" lon="104.0676954353855"><ele>472</ele><time>2025-07-20T14:07:04.000Z</time></trkpt>
<trkpt lat="30.6228845309869" lon="104.0676954353855"><ele>472</ele><time>2025-07-20T14:07:05.000Z</time></trkpt>
<trkpt lat="30.6228845309869" lon="104.0676954353855"><ele>472</ele><time>2025-07-20T14:07:06.000Z</time></trkpt>
<trkpt lat="30.6228845309869" lon="104.0676954353855"><ele>472</ele><time>2025-07-20T14:07:07.000Z</time></trkpt>
<trkpt lat="30.6228845309869" lon="104.0676954353855"><ele>472</ele><time>2025-07-20T14:07:08.000Z</time></trkpt>
<trkpt lat="30.6228845309869" lon="104.0676954353855"><ele>472</ele><time>2025-07-20T14:07:09.000Z</time></trkpt>
<trkpt lat="30.6228845309869" lon="104.0676954353855"><ele>472</ele><time>2025-07-20T14:07:10.000Z</time></trkpt>
<trkpt lat="30.6228845309869" lon="104.0676954353855"><ele>473</ele><time>2025-07-20T14:07:11.000Z</time></trkpt>
<trkpt lat="30.6228845309869" lon="104.0676954353855"><ele>473</ele><time>2025-07-20T14:07:12.000Z</time></trkpt>
<trkpt lat="30.6228845309869" lon="104.0676954353855"><ele>473</ele><time>2025-07-20T14:07:13.000Z</time></trkpt>
<trkpt lat="30.6228845309869" lon="104.0676954353855"><ele>473</ele><time>2025-07-20T14:07:14.000Z</time></trkpt>
<trkpt lat="30.6228845309869" lon="104.0676954353855"><ele>473</ele><time>2025-07-20T14:07:15.000Z</time></trkpt>
<trkpt lat="30.6228845309869" lon="104.0676954353855"><ele>474</ele><time>2025-07-20T14:07:16.000Z</time></trkpt>
<trkpt lat="30.6228845309869" lon="104.0676954353855"><ele>474</ele><time>2025-07-20T14:07:17.000Z</time></trkpt>
<trkpt lat="30.6228845309869" lon="104.0676954353855"><ele>474</ele><time>2025-07-20T14:07:18.000Z</time></trkpt>
<trkpt lat="30.6228845309869" lon="104.0676954353855"><ele>475</ele><time>2025-07-20T14:07:19.000Z</time></trkpt>
<trkpt lat="30.6228845309869" lon="104.0676954353855"><ele>474</ele><time>2025-07-20T14:07:20.000Z</time></trkpt>
<trkpt lat="30.6228845309869" lon="104.0676954353855"><ele>473</ele><time>2025-07-20T14:07:21.000Z</time></trkpt>
<trkpt lat="30.6228845309869" lon="104.0676954353855"><ele>474</ele><time>2025-07-20T14:07:22.000Z</time></trkpt>
<trkpt lat="30.6228845309869" lon="104.0676954353855"><ele>474</ele><time>2025-07-20T14:07:23.000Z</time></trkpt>
<trkpt lat="30.6228845309869" lon="104.0676954353855"><ele>474</ele><time>2025-07-20T14:07:24.000Z</time></trkpt>
<trkpt lat="30.6228845309869" lon="104.0676954353855"><ele>473</ele><time>2025-07-20T14:07:25.000Z</time></trkpt>
<trkpt lat="30.6228845309869" lon="104.0676954353855"><ele>473</ele><time>2025-07-20T14:07:26.000Z</time></trkpt>
<trkpt lat="30.6228845309869" lon="104.0676954353855"><ele>473</ele><time>2025-07-20T14:07:27.000Z</time></trkpt>
<trkpt lat="30.6228845309869" lon="104.0676954353855"><ele>473</ele><time>2025-07-20T14:07:28.000Z</time></trkpt>
<trkpt lat="30.6228845309869" lon="104.0676954353855"><ele>473</ele><time>2025-07-20T14:07:29.000Z</time></trkpt>
<trkpt lat="30.6228845309869" lon="104.0676954353855"><ele>473</ele><time>2025-07-20T14:07:30.000Z</time></trkpt>
<trkpt lat="30.6228845309869" lon="104.0676954353855"><ele>473</ele><time>2025-07-20T14:07:31.000Z</time></trkpt>
<trkpt lat="30.6228845309869" lon="104.0676954353855"><ele>473</ele><time>2025-07-20T14:07:32.000Z</time></trkpt>
<trkpt lat="30.6228845309869" lon="104.0676954353855"><ele>473</ele><time>2025-07-20T14:07:33.000Z</time></trkpt>
<trkpt lat="30.6228845309869" lon="104.0676954353855"><ele>473</ele><time>2025-07-20T14:07:34.000Z</time></trkpt>
<trkpt lat="30.6228845309869" lon="104.0676954353855"><ele>473</ele><time>2025-07-20T14:07:35.000Z</time></trkpt>
<trkpt lat="30.6228845309869" lon="104.0676954353855"><ele>474</ele><time>2025-07-20T14:07:36.000Z</time></trkpt>
<trkpt lat="30.6228845309869" lon="104.0676954353855"><ele>474</ele><time>2025-07-20T14:07:37.000Z</time></trkpt>
<trkpt lat="30.6228845309869" lon="104.0676954353855"><ele>474</ele><time>2025-07-20T14:07:38.000Z</time></trkpt>
<trkpt lat="30.6228845309869" lon="104.0676954353855"><ele>474</ele><time>2025-07-20T14:07:39.000Z</time></trkpt>
<trkpt lat="30.6228845309869" lon="104.0676954353855"><ele>474</ele><time>2025-07-20T14:07:40.000Z</time></trkpt>
<trkpt lat="30.6228845309869" lon="104.0676954353855"><ele>474</ele><time>2025-07-20T14:07:41.000Z</time></trkpt>
<trkpt lat="30.6228845309869" lon="104.0676954353855"><ele>474</ele><time>2025-07-20T14:07:42.000Z</time></trkpt>
<trkpt lat="30.6228845309869" lon="104.0676954353855"><ele>474</ele><time>2025-07-20T14:07:43.000Z</time></trkpt>
<trkpt lat="30.6228845309869" lon="104.0676954353855"><ele>474</ele><time>2025-07-20T14:07:44.000Z</time></trkpt>
<trkpt lat="30.6228845309869" lon="104.0676954353855"><ele>474</ele><time>2025-07-20T14:07:45.000Z</time></trkpt>
<trkpt lat="30.6228845309869" lon="104.0676954353855"><ele>474</ele><time>2025-07-20T14:07:46.000Z</time></trkpt>
<trkpt lat="30.6228845309869" lon="104.0676954353855"><ele>474</ele><time>2025-07-20T14:07:47.000Z</time></trkpt>
<trkpt lat="30.6228845309869" lon="104.0676954353855"><ele>474</ele><time>2025-07-20T14:07:48.000Z</time></trkpt>
<trkpt lat="30.6228845309869" lon="104.0676954353855"><ele>474</ele><time>2025-07-20T14:07:49.000Z</time></trkpt>
<trkpt lat="30.6228845309869" lon="104.0676954353855"><ele>473</ele><time>2025-07-20T14:07:50.000Z</time></trkpt>
<trkpt lat="30.6228845309869" lon="104.0676954353855"><ele>473</ele><time>2025-07-20T14:07:51.000Z</time></trkpt>
<trkpt lat="30.6228845309869" lon="104.0676954353855"><ele>473</ele><time>2025-07-20T14:07:52.000Z</time></trkpt>
<trkpt lat="30.6228845309869" lon="104.0676954353855"><ele>473</ele><time>2025-07-20T14:07:53.000Z</time></trkpt>
<trkpt lat="30.6228845309869" lon="104.0676954353855"><ele>473</ele><time>2025-07-20T14:07:54.000Z</time></trkpt>
<trkpt lat="30.6228845309869" lon="104.0676954353855"><ele>473</ele><time>2025-07-20T14:07:55.000Z</time></trkpt>
<trkpt lat="30.6228845309869" lon="104.0676954353855"><ele>473</ele><time>2025-07-20T14:07:56.000Z</time></trkpt>
<trkpt lat="30.6228845309869" lon="104.0676954353855"><ele>473</ele><time>2025-07-20T14:07:57.000Z</time></trkpt>
<trkpt lat="30.6228845309869" lon="104.0676954353855"><ele>473</ele><time>2025-07-20T14:07:58.000Z</time></trkpt>
<trkpt lat="30.6228845309869" lon="104.0676954353855"><ele>472</ele><time>2025-07-20T14:07:59.000Z</time></trkpt>
<trkpt lat="30.6228845309869" lon="104.0676954353855"><ele>472</ele><time>2025-07-20T14:08:00.000Z</time></trkpt>
<trkpt lat="30.6228845309869" lon="104.0676954353855"><ele>473</ele><time>2025-07-20T14:08:01.000Z</time></trkpt>
<trkpt lat="30.6228845309869" lon="104.0676954353855"><ele>473</ele><time>2025-07-20T14:08:02.000Z</time></trkpt>
<trkpt lat="30.6228845309869" lon="104.0676954353855"><ele>473</ele><time>2025-07-20T14:08:03.000Z</time></trkpt>
<trkpt lat="30.6228845309869" lon="104.0676954353855"><ele>474</ele><time>2025-07-20T14:08:04.000Z</time></trkpt>
<trkpt lat="30.6228845309869" lon="104.0676954353855"><ele>474</ele><time>2025-07-20T14:08:05.000Z</time></trkpt>
<trkpt lat="30.6228845309869" lon="104.0676954353855"><ele>474</ele><time>2025-07-20T14:08:06.000Z</time></trkpt>
<trkpt lat="30.6228845309869" lon="104.0676954353855"><ele>474</ele><time>2025-07-20T14:08:07.000Z</time></trkpt>
<trkpt lat="30.6228845309869" lon="104.0676954353855"><ele>474</ele><time>2025-07-20T14:08:08.000Z</time></trkpt>
<trkpt lat="30.6228845309869" lon="104.0676954353855"><ele>474</ele><time>2025-07-20T14:08:09.000Z</time></trkpt>
<trkpt lat="30.6228845309869" lon="104.0676954353855"><ele>474</ele><time>2025-07-20T14:08:10.000Z</time></trkpt>
<trkpt lat="30.6228845309869" lon="104.0676954353855"><ele>474</ele><time>2025-07-20T14:08:11.000Z</time></trkpt>
<trkpt lat="30.6228845309869" lon="104.0676954353855"><ele>474</ele><time>2025-07-20T14:08:12.000Z</time></trkpt>
<trkpt lat="30.6228845309869" lon="104.0676954353855"><ele>475</ele><time>2025-07-20T14:08:13.000Z</time></trkpt>
<trkpt lat="30.6228845309869" lon="104.0676954353855"><ele>474</ele><time>2025-07-20T14:08:14.000Z</time></trkpt>
<trkpt lat="30.6228845309869" lon="104.0676954353855"><ele>474</ele><time>2025-07-20T14:08:15.000Z</time></trkpt>
<trkpt lat="30.6228845309869" lon="104.0676954353855"><ele>475</ele><time>2025-07-20T14:08:16.000Z</time></trkpt>
<trkpt lat="30.6228845309869" lon="104.0676954353855"><ele>474</ele><time>2025-07-20T14:08:17.000Z</time></trkpt>
<trkpt lat="30.6228845309869" lon="104.0676954353855"><ele>474</ele><time>2025-07-20T14:08:18.000Z</time></trkpt>
<trkpt lat="30.6228845309869" lon="104.0676954353855"><ele>474</ele><time>2025-07-20T14:08:19.000Z</time></trkpt>
<trkpt lat="30.6228845309869" lon="104.0676954353855"><ele>475</ele><time>2025-07-20T14:08:20.000Z</time></trkpt>
<trkpt lat="30.6228845309869" lon="104.0676954353855"><ele>475</ele><time>2025-07-20T14:08:21.000Z</time></trkpt>
<trkpt lat="30.6228845309869" lon="104.0676954353855"><ele>475</ele><time>2025-07-20T14:08:22.000Z</time></trkpt>
<trkpt lat="30.6228845309869" lon="104.0676954353855"><ele>475</ele><time>2025-07-20T14:08:23.000Z</time></trkpt>
<trkpt lat="30.6228845309869" lon="104.0676954353855"><ele>475</ele><time>2025-07-20T14:08:24.000Z</time></trkpt>
<trkpt lat="30.6228845309869" lon="104.0676954353855"><ele>475</ele><time>2025-07-20T14:08:25.000Z</time></trkpt>
<trkpt lat="30.6228845309869" lon="104.0676954353855"><ele>475</ele><time>2025-07-20T14:08:26.000Z</time></trkpt>
<trkpt lat="30.6228845309869" lon="104.0676954353855"><ele>475</ele><time>2025-07-20T14:08:27.000Z</time></trkpt>
<trkpt lat="30.6228845309869" lon="104.0676954353855"><ele>475</ele><time>2025-07-20T14:08:28.000Z</time></trkpt>
<trkpt lat="30.6228845309869" lon="104.0676954353855"><ele>476</ele><time>2025-07-20T14:08:29.000Z</time></trkpt>
<trkpt lat="30.6228845309869" lon="104.0676954353855"><ele>476</ele><time>2025-07-20T14:08:30.000Z</time></trkpt>
<trkpt lat="30.6228845309869" lon="104.0676954353855"><ele>475</ele><time>2025-07-20T14:08:31.000Z</time></trkpt>
<trkpt lat="30.6228845309869" lon="104.0676954353855"><ele>476</ele><time>2025-07-20T14:08:32.000Z</time></trkpt>
<trkpt lat="30.6228845309869" lon="104.0676954353855"><ele>475</ele><time>2025-07-20T14:08:33.000Z</time></trkpt>
<trkpt lat="30.6228845309869" lon="104.0676954353855"><ele>475</ele><time>2025-07-20T14:08:34.000Z</time></trkpt>
<trkpt lat="30.6228845309869" lon="104.0676954353855"><ele>475</ele><time>2025-07-20T14:08:35.000Z</time></trkpt>
<trkpt lat="30.6228845309869" lon="104.0676954353855"><ele>475</ele><time>2025-07-20T14:08:36.000Z</time></trkpt>
<trkpt lat="30.6228845309869" lon="104.0676954353855"><ele>475</ele><time>2025-07-20T14:08:37.000Z</time></trkpt>
<trkpt lat="30.6228845309869" lon="104.0676954353855"><ele>474</ele><time>2025-07-20T14:08:38.000Z</time></trkpt>
<trkpt lat="30.6228845309869" lon="104.0676954353855"><ele>474</ele><time>2025-07-20T14:08:39.000Z</time></trkpt>
<trkpt lat="30.6228845309869" lon="104.0676954353855"><ele>473</ele><time>2025-07-20T14:08:40.000Z</time></trkpt>
<trkpt lat="30.6228845309869" lon="104.0676954353855"><ele>473</ele><time>2025-07-20T14:08:41.000Z</time></trkpt>
<trkpt lat="30.6228845309869" lon="104.0676954353855"><ele>473</ele><time>2025-07-20T14:08:42.000Z</time></trkpt>
<trkpt lat="30.6228845309869" lon="104.0676954353855"><ele>473</ele><time>2025-07-20T14:08:43.000Z</time></trkpt>
<trkpt lat="30.6228845309869" lon="104.0676954353855"><ele>473</ele><time>2025-07-20T14:08:44.000Z</time></trkpt>
<trkpt lat="30.6228845309869" lon="104.0676954353855"><ele>474</ele><time>2025-07-20T14:08:45.000Z</time></trkpt>
<trkpt lat="30.6228845309869" lon="104.0676954353855"><ele>474</ele><time>2025-07-20T14:08:46.000Z</time></trkpt>
<trkpt lat="30.6228845309869" lon="104.0676954353855"><ele>474</ele><time>2025-07-20T14:08:47.000Z</time></trkpt>
<trkpt lat="30.6228845309869" lon="104.0676954353855"><ele>474</ele><time>2025-07-20T14:08:48.000Z</time></trkpt>
<trkpt lat="30.6228845309869" lon="104.0676954353855"><ele>474</ele><time>2025-07-20T14:08:49.000Z</time></trkpt>
<trkpt lat="30.6228845309869" lon="104.0676954353855"><ele>474</ele><time>2025-07-20T14:08:50.000Z</time></trkpt>
<trkpt lat="30.6228845309869" lon="104.0676954353855"><ele>474</ele><time>2025-07-20T14:08:51.000Z</time></trkpt>
<trkpt lat="30.6228845309869" lon="104.0676954353855"><ele>475</ele><time>2025-07-20T14:08:52.000Z</time></trkpt>
<trkpt lat="30.6228845309869" lon="104.0676954353855"><ele>475</ele><time>2025-07-20T14:08:53.000Z</time></trkpt>
<trkpt lat="30.6228845309869" lon="104.0676954353855"><ele>477</ele><time>2025-07-20T14:08:54.000Z</time></trkpt>
<trkpt lat="30.6228845309869" lon="104.0676954353855"><ele>476</ele><time>2025-07-20T14:08:55.000Z</time></trkpt>
<trkpt lat="30.6228845309869" lon="104.0676954353855"><ele>476</ele><time>2025-07-20T14:08:56.000Z</time></trkpt>
<trkpt lat="30.6228845309869" lon="104.0676954353855"><ele>477</ele><time>2025-07-20T14:08:57.000Z</time></trkpt>
<trkpt lat="30.6228845309869" lon="104.0676954353855"><ele>477</ele><time>2025-07-20T14:08:58.000Z</time></trkpt>
<trkpt lat="30.6228845309869" lon="104.0676954353855"><ele>477</ele><time>2025-07-20T14:08:59.000Z</time></trkpt>
<trkpt lat="30.6228845309869" lon="104.0676954353855"><ele>477</ele><time>2025-07-20T14:09:00.000Z</time></trkpt>
<trkpt lat="30.6228845309869" lon="104.0676954353855"><ele>477</ele><time>2025-07-20T14:09:01.000Z</time></trkpt>
<trkpt lat="30.6228845309869" lon="104.0676954353855"><ele>477</ele><time>2025-07-20T14:09:02.000Z</time></trkpt>
<trkpt lat="30.6228845309869" lon="104.0676954353855"><ele>477</ele><time>2025-07-20T14:09:03.000Z</time></trkpt>
<trkpt lat="30.6228845309869" lon="104.0676954353855"><ele>477</ele><time>2025-07-20T14:09:04.000Z</time></trkpt>
<trkpt lat="30.6228845309869" lon="104.0676954353855"><ele>477</ele><time>2025-07-20T14:09:05.000Z</time></trkpt>
<trkpt lat="30.6228845309869" lon="104.0676954353855"><ele>477</ele><time>2025-07-20T14:09:06.000Z</time></trkpt>
<trkpt lat="30.6228845309869" lon="104.0676954353855"><ele>477</ele><time>2025-07-20T14:09:07.000Z</time></trkpt>
<trkpt lat="30.6228845309869" lon="104.0676954353855"><ele>478</ele><time>2025-07-20T14:09:08.000Z</time></trkpt>
<trkpt lat="30.6228845309869" lon="104.0676954353855"><ele>478</ele><time>2025-07-20T14:09:09.000Z</time></trkpt>
<trkpt lat="30.6228845309869" lon="104.0676954353855"><ele>478</ele><time>2025-07-20T14:09:10.000Z</time></trkpt>
<trkpt lat="30.6228845309869" lon="104.0676954353855"><ele>477</ele><time>2025-07-20T14:09:11.000Z</time></trkpt>
<trkpt lat="30.6228845309869" lon="104.0676954353855"><ele>477</ele><time>2025-07-20T14:09:12.000Z</time></trkpt>
<trkpt lat="30.6228845309869" lon="104.0676954353855"><ele>477</ele><time>2025-07-20T14:09:13.000Z</time></trkpt>
<trkpt lat="30.6228845309869" lon="104.0676954353855"><ele>477</ele><time>2025-07-20T14:09:14.000Z</time></trkpt>
<trkpt lat="30.6228845309869" lon="104.0676954353855"><ele>477</ele><time>2025-07-20T14:09:15.000Z</time></trkpt>
<trkpt lat="30.6228845309869" lon="104.0676954353855"><ele>477</ele><time>2025-07-20T14:09:16.000Z</time></trkpt>
<trkpt lat="30.6228845309869" lon="104.0676954353855"><ele>477</ele><time>2025-07-20T14:09:17.000Z</time></trkpt>
<trkpt lat="30.6228845309869" lon="104.0676954353855"><ele>477</ele><time>2025-07-20T14:09:18.000Z</time></trkpt>
<trkpt lat="30.6228845309869" lon="104.0676954353855"><ele>477</ele><time>2025-07-20T14:09:19.000Z</time></trkpt>
<trkpt lat="30.6228845309869" lon="104.0676954353855"><ele>477</ele><time>2025-07-20T14:09:20.000Z</time></trkpt>
<trkpt lat="30.6228845309869" lon="104.0676954353855"><ele>476</ele><time>2025-07-20T14:09:21.000Z</time></trkpt>
<trkpt lat="30.6228845309869" lon="104.0676954353855"><ele>476</ele><time>2025-07-20T14:09:22.000Z</time></trkpt>
<trkpt lat="30.6228845309869" lon="104.0676954353855"><ele>476</ele><time>2025-07-20T14:09:23.000Z</time></trkpt>
<trkpt lat="30.6228845309869" lon="104.0676954353855"><ele>476</ele><time>2025-07-20T14:09:24.000Z</time></trkpt>
<trkpt lat="30.6228845309869" lon="104.0676954353855"><ele>476</ele><time>2025-07-20T14:09:25.000Z</time></trkpt>
<trkpt lat="30.6228845309869" lon="104.0676954353855"><ele>476</ele><time>2025-07-20T14:09:26.000Z</time></trkpt>
<trkpt lat="30.6228845309869" lon="104.0676954353855"><ele>476</ele><time>2025-07-20T14:09:27.000Z</time></trkpt>
<trkpt lat="30.6228845309869" lon="104.0676954353855"><ele>476</ele><time>2025-07-20T14:09:28.000Z</time></trkpt>
<trkpt lat="30.6228845309869" lon="104.0676954353855"><ele>477</ele><time>2025-07-20T14:09:29.000Z</time></trkpt>
<trkpt lat="30.6228845309869" lon="104.0676954353855"><ele>476</ele><time>2025-07-20T14:09:30.000Z</time></trkpt>
<trkpt lat="30.6228845309869" lon="104.0676954353855"><ele>476</ele><time>2025-07-20T14:09:31.000Z</time></trkpt>
<trkpt lat="30.6228845309869" lon="104.0676954353855"><ele>476</ele><time>2025-07-20T14:09:32.000Z</time></trkpt>
<trkpt lat="30.6228845309869" lon="104.0676954353855"><ele>475</ele><time>2025-07-20T14:09:33.000Z</time></trkpt>
<trkpt lat="30.6228845309869" lon="104.0676954353855"><ele>475</ele><time>2025-07-20T14:09:34.000Z</time></trkpt>
<trkpt lat="30.6228845309869" lon="104.0676954353855"><ele>476</ele><time>2025-07-20T14:09:35.000Z</time></trkpt>
<trkpt lat="30.6228845309869" lon="104.0676954353855"><ele>476</ele><time>2025-07-20T14:09:36.000Z</time></trkpt>
<trkpt lat="30.6228845309869" lon="104.0676954353855"><ele>475</ele><time>2025-07-20T14:09:37.000Z</time></trkpt>
<trkpt lat="30.6228845309869" lon="104.0676954353855"><ele>475</ele><time>2025-07-20T14:09:38.000Z</time></trkpt>
<trkpt lat="30.6228845309869" lon="104.0676954353855"><ele>474</ele><time>2025-07-20T14:09:39.000Z</time></trkpt>
<trkpt lat="30.6228845309869" lon="104.0676954353855"><ele>474</ele><time>2025-07-20T14:09:40.000Z</time></trkpt>
<trkpt lat="30.6228845309869" lon="104.0676954353855"><ele>475</ele><time>2025-07-20T14:09:41.000Z</time></trkpt>
<trkpt lat="30.6228845309869" lon="104.0676954353855"><ele>475</ele><time>2025-07-20T14:09:42.000Z</time></trkpt>
<trkpt lat="30.6228845309869" lon="104.0676954353855"><ele>474</ele><time>2025-07-20T14:09:43.000Z</time></trkpt>
<trkpt lat="30.6228845309869" lon="104.0676954353855"><ele>474</ele><time>2025-07-20T14:09:44.000Z</time></trkpt>
<trkpt lat="30.6228845309869" lon="104.0676954353855"><ele>473</ele><time>2025-07-20T14:09:45.000Z</time></trkpt>
<trkpt lat="30.6228845309869" lon="104.0676954353855"><ele>473</ele><time>2025-07-20T14:09:46.000Z</time></trkpt>
<trkpt lat="30.6228845309869" lon="104.0676954353855"><ele>473</ele><time>2025-07-20T14:09:47.000Z</time></trkpt>
<trkpt lat="30.6228845309869" lon="104.0676954353855"><ele>473</ele><time>2025-07-20T14:09:48.000Z</time></trkpt>
<trkpt lat="30.6228845309869" lon="104.0676954353855"><ele>474</ele><time>2025-07-20T14:09:49.000Z</time></trkpt>
<trkpt lat="30.6228845309869" lon="104.0676954353855"><ele>474</ele><time>2025-07-20T14:09:50.000Z</time></trkpt>
<trkpt lat="30.6228845309869" lon="104.0676954353855"><ele>473</ele><time>2025-07-20T14:09:51.000Z</time></trkpt>
<trkpt lat="30.6228845309869" lon="104.0676954353855"><ele>474</ele><time>2025-07-20T14:09:52.000Z</time></trkpt>
<trkpt lat="30.6228845309869" lon="104.0676954353855"><ele>474</ele><time>2025-07-20T14:09:53.000Z</time></trkpt>
<trkpt lat="30.6228845309869" lon="104.0676954353855"><ele>474</ele><time>2025-07-20T14:09:54.000Z</time></trkpt>
<trkpt lat="30.6228845309869" lon="104.0676954353855"><ele>473</ele><time>2025-07-20T14:09:55.000Z</time></trkpt>
<trkpt lat="30.6228845309869" lon="104.0676954353855"><ele>473</ele><time>2025-07-20T14:09:56.000Z</time></trkpt>
<trkpt lat="30.6228845309869" lon="104.0676954353855"><ele>473</ele><time>2025-07-20T14:09:57.000Z</time></trkpt>
<trkpt lat="30.6228845309869" lon="104.0676954353855"><ele>473</ele><time>2025-07-20T14:09:58.000Z</time></trkpt>
<trkpt lat="30.6228845309869" lon="104.0676954353855"><ele>474</ele><time>2025-07-20T14:09:59.000Z</time></trkpt>
<trkpt lat="30.6228845309869" lon="104.0676954353855"><ele>474</ele><time>2025-07-20T14:10:00.000Z</time></trkpt>
<trkpt lat="30.6228845309869" lon="104.0676954353855"><ele>473</ele><time>2025-07-20T14:10:01.000Z</time></trkpt>
<trkpt lat="30.6228845309869" lon="104.0676954353855"><ele>473</ele><time>2025-07-20T14:10:02.000Z</time></trkpt>
<trkpt lat="30.6228845309869" lon="104.0676954353855"><ele>474</ele><time>2025-07-20T14:10:03.000Z</time></trkpt>
<trkpt lat="30.6228845309869" lon="104.0676954353855"><ele>474</ele><time>2025-07-20T14:10:04.000Z</time></trkpt>
<trkpt lat="30.6228845309869" lon="104.0676954353855"><ele>475</ele><time>2025-07-20T14:10:05.000Z</time></trkpt>
<trkpt lat="30.6228845309869" lon="104.0676954353855"><ele>476</ele><time>2025-07-20T14:10:06.000Z</time></trkpt>
<trkpt lat="30.6228845309869" lon="104.0676954353855"><ele>476</ele><time>2025-07-20T14:10:07.000Z</time></trkpt>
<trkpt lat="30.6228845309869" lon="104.0676954353855"><ele>476</ele><time>2025-07-20T14:10:08.000Z</time></trkpt>
<trkpt lat="30.6228845309869" lon="104.0676954353855"><ele>476</ele><time>2025-07-20T14:10:09.000Z</time></trkpt>
<trkpt lat="30.6228845309869" lon="104.0676954353855"><ele>476</ele><time>2025-07-20T14:10:10.000Z</time></trkpt>
<trkpt lat="30.6228845309869" lon="104.0676954353855"><ele>476</ele><time>2025-07-20T14:10:11.000Z</time></trkpt>
<trkpt lat="30.6228845309869" lon="104.0676954353855"><ele>477</ele><time>2025-07-20T14:10:12.000Z</time></trkpt>
<trkpt lat="30.6228845309869" lon="104.0676954353855"><ele>476</ele><time>2025-07-20T14:10:13.000Z</time></trkpt>
<trkpt lat="30.6228845309869" lon="104.0676954353855"><ele>476</ele><time>2025-07-20T14:10:14.000Z</time></trkpt>
<trkpt lat="30.6228845309869" lon="104.0676954353855"><ele>476</ele><time>2025-07-20T14:10:15.000Z</time></trkpt>
<trkpt lat="30.6228845309869" lon="104.0676954353855"><ele>476</ele><time>2025-07-20T14:10:16.000Z</time></trkpt>
<trkpt lat="30.6228845309869" lon="104.0676954353855"><ele>475</ele><time>2025-07-20T14:10:17.000Z</time></trkpt>
<trkpt lat="30.6228845309869" lon="104.0676954353855"><ele>476</ele><time>2025-07-20T14:10:18.000Z</time></trkpt>
<trkpt lat="30.6228845309869" lon="104.0676954353855"><ele>476</ele><time>2025-07-20T14:10:19.000Z</time></trkpt>
<trkpt lat="30.6228845309869" lon="104.0676954353855"><ele>476</ele><time>2025-07-20T14:10:20.000Z</time></trkpt>
<trkpt lat="30.6228845309869" lon="104.0676954353855"><ele>476</ele><time>2025-07-20T14:10:21.000Z</time></trkpt>
<trkpt lat="30.6228845309869" lon="104.0676954353855"><ele>477</ele><time>2025-07-20T14:10:22.000Z</time></trkpt>
<trkpt lat="30.6228845309869" lon="104.0676954353855"><ele>477</ele><time>2025-07-20T14:10:23.000Z</time></trkpt>
<trkpt lat="30.6228845309869" lon="104.0676954353855"><ele>477</ele><time>2025-07-20T14:10:24.000Z</time></trkpt>
<trkpt lat="30.6228845309869" lon="104.0676954353855"><ele>477</ele><time>2025-07-20T14:10:25.000Z</time></trkpt>
<trkpt lat="30.6228845309869" lon="104.0676954353855"><ele>478</ele><time>2025-07-20T14:10:26.000Z</time></trkpt>
<trkpt lat="30.6228845309869" lon="104.0676954353855"><ele>479</ele><time>2025-07-20T14:10:27.000Z</time></trkpt>
<trkpt lat="30.6228845309869" lon="104.0676954353855"><ele>479</ele><time>2025-07-20T14:10:28.000Z</time></trkpt>
<trkpt lat="30.6228845309869" lon="104.0676954353855"><ele>479</ele><time>2025-07-20T14:10:29.000Z</time></trkpt>
<trkpt lat="30.6228845309869" lon="104.0676954353855"><ele>479</ele><time>2025-07-20T14:10:30.000Z</time></trkpt>
<trkpt lat="30.6228845309869" lon="104.0676954353855"><ele>478</ele><time>2025-07-20T14:10:31.000Z</time></trkpt>
<trkpt lat="30.6228845309869" lon="104.0676954353855"><ele>479</ele><time>2025-07-20T14:10:32.000Z</time></trkpt>
<trkpt lat="30.6228845309869" lon="104.0676954353855"><ele>480</ele><time>2025-07-20T14:10:33.000Z</time></trkpt>
<trkpt lat="30.6228845309869" lon="104.0676954353855"><ele>479</ele><time>2025-07-20T14:10:34.000Z</time></trkpt>
<trkpt lat="30.6228845309869" lon="104.0676954353855"><ele>480</ele><time>2025-07-20T14:10:35.000Z</time></trkpt>
<trkpt lat="30.6228845309869" lon="104.0676954353855"><ele>480</ele><time>2025-07-20T14:10:36.000Z</time></trkpt>
<trkpt lat="30.6228845309869" lon="104.0676954353855"><ele>479</ele><time>2025-07-20T14:10:37.000Z</time></trkpt>
<trkpt lat="30.6228845309869" lon="104.0676954353855"><ele>480</ele><time>2025-07-20T14:10:38.000Z</time></trkpt>
<trkpt lat="30.6228845309869" lon="104.0676954353855"><ele>480</ele><time>2025-07-20T14:10:39.000Z</time></trkpt>
<trkpt lat="30.6228845309869" lon="104.0676954353855"><ele>481</ele><time>2025-07-20T14:10:40.000Z</time></trkpt>
<trkpt lat="30.6228845309869" lon="104.0676954353855"><ele>480</ele><time>2025-07-20T14:10:41.000Z</time></trkpt>
<trkpt lat="30.6228845309869" lon="104.0676954353855"><ele>481</ele><time>2025-07-20T14:10:42.000Z</time></trkpt>
<trkpt lat="30.6228845309869" lon="104.0676954353855"><ele>480</ele><time>2025-07-20T14:10:43.000Z</time></trkpt>
<trkpt lat="30.6228845309869" lon="104.0676954353855"><ele>480</ele><time>2025-07-20T14:10:44.000Z</time></trkpt>
<trkpt lat="30.6228845309869" lon="104.0676954353855"><ele>481</ele><time>2025-07-20T14:10:45.000Z</time></trkpt>
<trkpt lat="30.6228845309869" lon="104.0676954353855"><ele>481</ele><time>2025-07-20T14:10:46.000Z</time></trkpt>
<trkpt lat="30.6228845309869" lon="104.0676954353855"><ele>481</ele><time>2025-07-20T14:10:47.000Z</time></trkpt>
<trkpt lat="30.6228845309869" lon="104.0676954353855"><ele>482</ele><time>2025-07-20T14:10:48.000Z</time></trkpt>
<trkpt lat="30.6228845309869" lon="104.0676954353855"><ele>482</ele><time>2025-07-20T14:10:49.000Z</time></trkpt>
<trkpt lat="30.6228845309869" lon="104.0676954353855"><ele>482</ele><time>2025-07-20T14:10:50.000Z</time></trkpt>
<trkpt lat="30.6228845309869" lon="104.0676954353855"><ele>482</ele><time>2025-07-20T14:10:51.000Z</time></trkpt>
<trkpt lat="30.6228845309869" lon="104.0676954353855"><ele>482</ele><time>2025-07-20T14:10:52.000Z</time></trkpt>
<trkpt lat="30.6228845309869" lon="104.0676954353855"><ele>482</ele><time>2025-07-20T14:10:53.000Z</time></trkpt>
<trkpt lat="30.6228845309869" lon="104.0676954353855"><ele>482</ele><time>2025-07-20T14:10:54.000Z</time></trkpt>
<trkpt lat="30.6228845309869" lon="104.0676954353855"><ele>482</ele><time>2025-07-20T14:10:55.000Z</time></trkpt>
<trkpt lat="30.6228845309869" lon="104.0676954353855"><ele>481</ele><time>2025-07-20T14:10:56.000Z</time></trkpt>
<trkpt lat="30.6228845309869" lon="104.0676954353855"><ele>482</ele><time>2025-07-20T14:10:57.000Z</time></trkpt>
<trkpt lat="30.6228845309869" lon="104.0676954353855"><ele>482</ele><time>2025-07-20T14:10:58.000Z</time></trkpt>
<trkpt lat="30.6228845309869" lon="104.0676954353855"><ele>482</ele><time>2025-07-20T14:10:59.000Z</time></trkpt>
<trkpt lat="30.6228845309869" lon="104.0676954353855"><ele>479</ele><time>2025-07-20T14:11:00.000Z</time></trkpt>
<trkpt lat="30.6228845309869" lon="104.0676954353855"><ele>479</ele><time>2025-07-20T14:11:59.000Z</time></trkpt>
<trkpt lat="30.6228845309869" lon="104.0676954353855"><ele>479</ele><time>2025-07-20T14:11:59.000Z</time></trkpt>
<trkpt lat="30.6228845309869" lon="104.0676954353855"><ele>479</ele><time>2025-07-20T14:12:01.000Z</time></trkpt>
<trkpt lat="30.6228845309869" lon="104.0676954353855"><ele>479</ele><time>2025-07-20T14:12:01.000Z</time></trkpt>
<trkpt lat="30.6228845309869" lon="104.0676954353855"><ele>479</ele><time>2025-07-20T14:12:01.000Z</time></trkpt>
<trkpt lat="30.6228845309869" lon="104.0676954353855"><ele>479</ele><time>2025-07-20T14:12:01.000Z</time></trkpt>
<trkpt lat="30.6228845309869" lon="104.0676954353855"><ele>479</ele><time>2025-07-20T14:12:06.000Z</time></trkpt>
<trkpt lat="30.6228845309869" lon="104.0676954353855"><ele>479</ele><time>2025-07-20T14:12:06.000Z</time></trkpt>
<trkpt lat="30.6228845309869" lon="104.0676954353855"><ele>479</ele><time>2025-07-20T14:12:08.000Z</time></trkpt>
<trkpt lat="30.6228845309869" lon="104.0676954353855"><ele>479</ele><time>2025-07-20T14:12:08.000Z</time></trkpt>
<trkpt lat="30.6228845309869" lon="104.0676954353855"><ele>479</ele><time>2025-07-20T14:12:16.000Z</time></trkpt>
<trkpt lat="30.6228845309869" lon="104.0676954353855"><ele>479</ele><time>2025-07-20T14:12:16.000Z</time></trkpt>
<trkpt lat="30.6228845309869" lon="104.0676954353855"><ele>479</ele><time>2025-07-20T14:12:40.000Z</time></trkpt>
<trkpt lat="30.6228845309869" lon="104.0676954353855"><ele>479</ele><time>2025-07-20T14:12:42.000Z</time></trkpt>
<trkpt lat="30.6228845309869" lon="104.0676954353855"><ele>479</ele><time>2025-07-20T14:12:52.000Z</time></trkpt>
<trkpt lat="30.6228845309869" lon="104.0676954353855"><ele>479</ele><time>2025-07-20T14:12:52.000Z</time></trkpt>
<trkpt lat="30.6228845309869" lon="104.0676954353855"><ele>479</ele><time>2025-07-20T14:12:52.000Z</time></trkpt>
<trkpt lat="30.6228845309869" lon="104.0676954353855"><ele>479</ele><time>2025-07-20T14:13:16.000Z</time></trkpt>
<trkpt lat="30.6228845309869" lon="104.0676954353855"><ele>479</ele><time>2025-07-20T14:13:16.000Z</time></trkpt>
<trkpt lat="30.6228845309869" lon="104.0676954353855"><ele>479</ele><time>2025-07-20T14:13:16.000Z</time></trkpt>
<trkpt lat="30.6228845309869" lon="104.0676954353855"><ele>479</ele><time>2025-07-20T14:13:16.000Z</time></trkpt>
<trkpt lat="30.6228845309869" lon="104.0676954353855"><ele>479</ele><time>2025-07-20T14:13:17.000Z</time></trkpt>
<trkpt lat="30.6228845309869" lon="104.0676954353855"><ele>479</ele><time>2025-07-20T14:13:17.000Z</time></trkpt>
<trkpt lat="30.6228845309869" lon="104.0676954353855"><ele>479</ele><time>2025-07-20T14:13:17.000Z</time></trkpt>
<trkpt lat="30.6228845309869" lon="104.0676954353855"><ele>479</ele><time>2025-07-20T14:13:17.000Z</time></trkpt>
<trkpt lat="30.6228845309869" lon="104.0676954353855"><ele>479</ele><time>2025-07-20T14:13:17.000Z</time></trkpt>
<trkpt lat="30.6228845309869" lon="104.0676954353855"><ele>479</ele><time>2025-07-20T14:13:17.000Z</time></trkpt>
<trkpt lat="30.6228845309869" lon="104.0676954353855"><ele>479</ele><time>2025-07-20T14:13:17.000Z</time></trkpt>
<trkpt lat="30.6228845309869" lon="104.0676954353855"><ele>479</ele><time>2025-07-20T14:13:17.000Z</time></trkpt>
<trkpt lat="30.6228845309869" lon="104.0676954353855"><ele>479</ele><time>2025-07-20T14:13:17.000Z</time></trkpt>
<trkpt lat="30.6228845309869" lon="104.0676954353855"><ele>479</ele><time>2025-07-20T14:13:17.000Z</time></trkpt>
<trkpt lat="30.6228845309869" lon="104.0676954353855"><ele>479</ele><time>2025-07-20T14:13:17.000Z</time></trkpt>
<trkpt lat="30.6228845309869" lon="104.0676954353855"><ele>479</ele><time>2025-07-20T14:13:17.000Z</time></trkpt>
<trkpt lat="30.6228845309869" lon="104.0676954353855"><ele>479</ele><time>2025-07-20T14:13:18.000Z</time></trkpt>
<trkpt lat="30.6228845309869" lon="104.0676954353855"><ele>479</ele><time>2025-07-20T14:13:18.000Z</time></trkpt>
<trkpt lat="30.6228845309869" lon="104.0676954353855"><ele>479</ele><time>2025-07-20T14:13:18.000Z</time></trkpt>
<trkpt lat="30.6228845309869" lon="104.0676954353855"><ele>479</ele><time>2025-07-20T14:13:18.000Z</time></trkpt>
<trkpt lat="30.6228845309869" lon="104.0676954353855"><ele>479</ele><time>2025-07-20T14:13:18.000Z</time></trkpt>
<trkpt lat="30.6228845309869" lon="104.0676954353855"><ele>479</ele><time>2025-07-20T14:13:18.000Z</time></trkpt>
<trkpt lat="30.6228845309869" lon="104.0676954353855"><ele>479</ele><time>2025-07-20T14:13:18.000Z</time></trkpt>
<trkpt lat="30.6228845309869" lon="104.0676954353855"><ele>479</ele><time>2025-07-20T14:13:18.000Z</time></trkpt>
<trkpt lat="30.6228845309869" lon="104.0676954353855"><ele>479</ele><time>2025-07-20T14:13:18.000Z</time></trkpt>
<trkpt lat="30.6228845309869" lon="104.0676954353855"><ele>479</ele><time>2025-07-20T14:13:19.000Z</time></trkpt>
<trkpt lat="30.6228845309869" lon="104.0676954353855"><ele>479</ele><time>2025-07-20T14:13:20.000Z</time></trkpt>
<trkpt lat="30.6228845309869" lon="104.0676954353855"><ele>479</ele><time>2025-07-20T14:13:20.000Z</time></trkpt>
<trkpt lat="30.6228845309869" lon="104.0676954353855"><ele>479</ele><time>2025-07-20T14:13:20.000Z</time></trkpt>
<trkpt lat="30.6228845309869" lon="104.0676954353855"><ele>479</ele><time>2025-07-20T14:13:21.000Z</time></trkpt>
<trkpt lat="30.6228845309869" lon="104.0676954353855"><ele>479</ele><time>2025-07-20T14:13:21.000Z</time></trkpt>
<trkpt lat="30.6228845309869" lon="104.0676954353855"><ele>479</ele><time>2025-07-20T14:13:21.000Z</time></trkpt>
<trkpt lat="30.6228845309869" lon="104.0676954353855"><ele>479</ele><time>2025-07-20T14:13:23.000Z</time></trkpt>
<trkpt lat="30.6228845309869" lon="104.0676954353855"><ele>479</ele><time>2025-07-20T14:13:25.000Z</time></trkpt>
<trkpt lat="30.6228845309869" lon="104.0676954353855"><ele>479</ele><time>2025-07-20T14:13:25.000Z</time></trkpt>
<trkpt lat="30.6228845309869" lon="104.0676954353855"><ele>479</ele><time>2025-07-20T14:13:26.000Z</time></trkpt>
<trkpt lat="30.6228845309869" lon="104.0676954353855"><ele>479</ele><time>2025-07-20T14:13:26.000Z</time></trkpt>
<trkpt lat="30.6228845309869" lon="104.0676954353855"><ele>479</ele><time>2025-07-20T14:13:28.000Z</time></trkpt>
<trkpt lat="30.6228845309869" lon="104.0676954353855"><ele>479</ele><time>2025-07-20T14:13:28.000Z</time></trkpt>
<trkpt lat="30.6228845309869" lon="104.0676954353855"><ele>479</ele><time>2025-07-20T14:13:31.000Z</time></trkpt>
<trkpt lat="30.6228845309869" lon="104.0676954353855"><ele>479</ele><time>2025-07-20T14:13:31.000Z</time></trkpt>
<trkpt lat="30.6228845309869" lon="104.0676954353855"><ele>479</ele><time>2025-07-20T14:13:42.000Z</time></trkpt>
<trkpt lat="30.6228845309869" lon="104.0676954353855"><ele>479</ele><time>2025-07-20T14:13:42.000Z</time></trkpt>
<trkpt lat="30.6228845309869" lon="104.0676954353855"><ele>479</ele><time>2025-07-20T14:13:42.000Z</time></trkpt>
<trkpt lat="30.6228845309869" lon="104.0676954353855"><ele>479</ele><time>2025-07-20T14:13:42.000Z</time></trkpt>
<trkpt lat="30.6228845309869" lon="104.0676954353855"><ele>479</ele><time>2025-07-20T14:13:42.000Z</time></trkpt>
<trkpt lat="30.6228845309869" lon="104.0676954353855"><ele>479</ele><time>2025-07-20T14:13:43.000Z</time></trkpt>
<trkpt lat="30.6228845309869" lon="104.0676954353855"><ele>479</ele><time>2025-07-20T14:13:46.000Z</time></trkpt>
<trkpt lat="30.6228845309869" lon="104.0676954353855"><ele>479</ele><time>2025-07-20T14:13:46.000Z</time></trkpt>
<trkpt lat="30.6228845309869" lon="104.0676954353855"><ele>479</ele><time>2025-07-20T14:13:52.000Z</time></trkpt>
<trkpt lat="30.6228845309869" lon="104.0676954353855"><ele>479</ele><time>2025-07-20T14:13:52.000Z</time></trkpt>
<trkpt lat="30.6228845309869" lon="104.0676954353855"><ele>563</ele><time>2025-07-20T14:14:08.000Z</time></trkpt>
<trkpt lat="30.6228845309869" lon="104.0676954353855"><ele>563</ele><time>2025-07-20T14:14:14.000Z</time></trkpt>
<trkpt lat="30.6228845309869" lon="104.0676954353855"><ele>563</ele><time>2025-07-20T14:14:16.000Z</time></trkpt>
<trkpt lat="30.6228845309869" lon="104.0676954353855"><ele>563</ele><time>2025-07-20T14:14:21.000Z</time></trkpt>
<trkpt lat="30.6228845309869" lon="104.0676954353855"><ele>563</ele><time>2025-07-20T14:14:26.000Z</time></trkpt>
<trkpt lat="30.6228845309869" lon="104.0676954353855"><ele>563</ele><time>2025-07-20T14:14:33.000Z</time></trkpt>
<trkpt lat="30.6228845309869" lon="104.0676954353855"><ele>537</ele><time>2025-07-20T14:14:47.000Z</time></trkpt>
<trkpt lat="30.6228845309869" lon="104.0676954353855"><ele>559</ele><time>2025-07-20T14:14:55.000Z</time></trkpt>
<trkpt lat="30.6228845309869" lon="104.0676954353855"><ele>559</ele><time>2025-07-20T14:14:56.000Z</time></trkpt>
<trkpt lat="30.6228845309869" lon="104.0676954353855"><ele>564</ele><time>2025-07-20T14:15:00.000Z</time></trkpt>
<trkpt lat="30.6228845309869" lon="104.0676954353855"><ele>564</ele><time>2025-07-20T14:15:07.000Z</time></trkpt>
<trkpt lat="30.6228845309869" lon="104.0676954353855"><ele>564</ele><time>2025-07-20T14:15:12.000Z</time></trkpt>
<trkpt lat="30.6228845309869" lon="104.0676954353855"><ele>559</ele><time>2025-07-20T14:15:19.000Z</time></trkpt>
<trkpt lat="30.6228845309869" lon="104.0676954353855"><ele>559</ele><time>2025-07-20T14:15:20.000Z</time></trkpt>
<trkpt lat="30.6228845309869" lon="104.0676954353855"><ele>559</ele><time>2025-07-20T14:15:30.000Z</time></trkpt>
<trkpt lat="30.6228845309869" lon="104.0676954353855"><ele>559</ele><time>2025-07-20T14:15:30.000Z</time></trkpt>
<trkpt lat="30.6228845309869" lon="104.0676954353855"><ele>559</ele><time>2025-07-20T14:16:12.000Z</time></trkpt>
<trkpt lat="30.6228845309869" lon="104.0676954353855"><ele>559</ele><time>2025-07-20T14:16:13.000Z</time></trkpt>
<trkpt lat="30.6228845309869" lon="104.0676954353855"><ele>559</ele><time>2025-07-20T14:16:27.000Z</time></trkpt>
<trkpt lat="30.6228845309869" lon="104.0676954353855"><ele>559</ele><time>2025-07-20T14:16:27.000Z</time></trkpt>
<trkpt lat="30.6228845309869" lon="104.0676954353855"><ele>559</ele><time>2025-07-20T14:16:28.000Z</time></trkpt>
<trkpt lat="30.6228845309869" lon="104.0676954353855"><ele>559</ele><time>2025-07-20T14:16:34.000Z</time></trkpt>
<trkpt lat="30.6228845309869" lon="104.0676954353855"><ele>545</ele><time>2025-07-20T14:16:40.000Z</time></trkpt>
<trkpt lat="30.6228845309869" lon="104.0676954353855"><ele>491</ele><time>2025-07-20T14:16:43.000Z</time></trkpt>
<trkpt lat="30.6228845309869" lon="104.0676954353855"><ele>491</ele><time>2025-07-20T14:16:44.000Z</time></trkpt>
<trkpt lat="30.6228845309869" lon="104.0676954353855"><ele>491</ele><time>2025-07-20T14:16:45.000Z</time></trkpt>
<trkpt lat="30.6228845309869" lon="104.0676954353855"><ele>491</ele><time>2025-07-20T14:16:46.000Z</time></trkpt>
<trkpt lat="30.6228845309869" lon="104.0676954353855"><ele>491</ele><time>2025-07-20T14:16:47.000Z</time></trkpt>
<trkpt lat="30.6228845309869" lon="104.0676954353855"><ele>491</ele><time>2025-07-20T14:16:48.000Z</time></trkpt>
<trkpt lat="30.6228845309869" lon="104.0676954353855"><ele>490</ele><time>2025-07-20T14:16:49.000Z</time></trkpt>
<trkpt lat="30.6228845309869" lon="104.0676954353855"><ele>490</ele><time>2025-07-20T14:16:50.000Z</time></trkpt>
<trkpt lat="30.6228845309869" lon="104.0676954353855"><ele>490</ele><time>2025-07-20T14:16:51.000Z</time></trkpt>
<trkpt lat="30.6228845309869" lon="104.0676954353855"><ele>489</ele><time>2025-07-20T14:16:52.000Z</time></trkpt>
<trkpt lat="30.6228845309869" lon="104.0676954353855"><ele>488</ele><time>2025-07-20T14:16:53.000Z</time></trkpt>
<trkpt lat="30.6228845309869" lon="104.0676954353855"><ele>487</ele><time>2025-07-20T14:16:54.000Z</time></trkpt>
<trkpt lat="30.6228845309869" lon="104.0676954353855"><ele>487</ele><time>2025-07-20T14:16:55.000Z</time></trkpt>
<trkpt lat="30.6228845309869" lon="104.0676954353855"><ele>482</ele><time>2025-07-20T14:16:56.000Z</time></trkpt>
<trkpt lat="30.6228845309869" lon="104.0676954353855"><ele>482</ele><time>2025-07-20T14:16:57.000Z</time></trkpt>
<trkpt lat="30.6228845309869" lon="104.0676954353855"><ele>483</ele><time>2025-07-20T14:16:58.000Z</time></trkpt>
<trkpt lat="30.6228845309869" lon="104.0676954353855"><ele>484</ele><time>2025-07-20T14:16:59.000Z</time></trkpt>
<trkpt lat="30.6228845309869" lon="104.0676954353855"><ele>484</ele><time>2025-07-20T14:17:00.000Z</time></trkpt>
<trkpt lat="30.6228845309869" lon="104.0676954353855"><ele>484</ele><time>2025-07-20T14:17:01.000Z</time></trkpt>
<trkpt lat="30.6228845309869" lon="104.0676954353855"><ele>485</ele><time>2025-07-20T14:17:02.000Z</time></trkpt>
<trkpt lat="30.6228845309869" lon="104.0676954353855"><ele>486</ele><time>2025-07-20T14:17:03.000Z</time></trkpt>
<trkpt lat="30.6228845309869" lon="104.0676954353855"><ele>486</ele><time>2025-07-20T14:17:04.000Z</time></trkpt>
<trkpt lat="30.6228845309869" lon="104.0676954353855"><ele>487</ele><time>2025-07-20T14:17:05.000Z</time></trkpt>
<trkpt lat="30.6228845309869" lon="104.0676954353855"><ele>488</ele><time>2025-07-20T14:17:06.000Z</time></trkpt>
<trkpt lat="30.6228845309869" lon="104.0676954353855"><ele>488</ele><time>2025-07-20T14:17:07.000Z</time></trkpt>
<trkpt lat="30.6228845309869" lon="104.0676954353855"><ele>491</ele><time>2025-07-20T14:17:08.000Z</time></trkpt>
<trkpt lat="30.6228845309869" lon="104.0676954353855"><ele>491</ele><time>2025-07-20T14:17:09.000Z</time></trkpt>
<trkpt lat="30.6228845309869" lon="104.0676954353855"><ele>491</ele><time>2025-07-20T14:17:10.000Z</time></trkpt>
<trkpt lat="30.6228845309869" lon="104.0676954353855"><ele>491</ele><time>2025-07-20T14:17:11.000Z</time></trkpt>
<trkpt lat="30.6228845309869" lon="104.0676954353855"><ele>490</ele><time>2025-07-20T14:17:12.000Z</time></trkpt>
<trkpt lat="30.6228845309869" lon="104.0676954353855"><ele>489</ele><time>2025-07-20T14:17:13.000Z</time></trkpt>
<trkpt lat="30.6228845309869" lon="104.0676954353855"><ele>489</ele><time>2025-07-20T14:17:14.000Z</time></trkpt>
<trkpt lat="30.6228845309869" lon="104.0676954353855"><ele>489</ele><time>2025-07-20T14:17:15.000Z</time></trkpt>
<trkpt lat="30.6228845309869" lon="104.0676954353855"><ele>489</ele><time>2025-07-20T14:17:16.000Z</time></trkpt>
<trkpt lat="30.6228845309869" lon="104.0676954353855"><ele>489</ele><time>2025-07-20T14:17:17.000Z</time></trkpt>
<trkpt lat="30.6228845309869" lon="104.0676954353855"><ele>489</ele><time>2025-07-20T14:17:18.000Z</time></trkpt>
<trkpt lat="30.6228845309869" lon="104.0676954353855"><ele>488</ele><time>2025-07-20T14:17:19.000Z</time></trkpt>
<trkpt lat="30.6228845309869" lon="104.0676954353855"><ele>488</ele><time>2025-07-20T14:17:20.000Z</time></trkpt>
<trkpt lat="30.6228845309869" lon="104.0676954353855"><ele>487</ele><time>2025-07-20T14:17:21.000Z</time></trkpt>
<trkpt lat="30.6228845309869" lon="104.0676954353855"><ele>487</ele><time>2025-07-20T14:17:22.000Z</time></trkpt>
<trkpt lat="30.6228845309869" lon="104.0676954353855"><ele>485</ele><time>2025-07-20T14:17:23.000Z</time></trkpt>
<trkpt lat="30.6228845309869" lon="104.0676954353855"><ele>485</ele><time>2025-07-20T14:17:24.000Z</time></trkpt>
<trkpt lat="30.6228845309869" lon="104.0676954353855"><ele>484</ele><time>2025-07-20T14:17:25.000Z</time></trkpt>
<trkpt lat="30.6228845309869" lon="104.0676954353855"><ele>483</ele><time>2025-07-20T14:17:26.000Z</time></trkpt>
<trkpt lat="30.6228845309869" lon="104.0676954353855"><ele>483</ele><time>2025-07-20T14:17:27.000Z</time></trkpt>
<trkpt lat="30.6228845309869" lon="104.0676954353855"><ele>483</ele><time>2025-07-20T14:17:28.000Z</time></trkpt>
<trkpt lat="30.6228845309869" lon="104.0676954353855"><ele>483</ele><time>2025-07-20T14:17:29.000Z</time></trkpt>
<trkpt lat="30.6228845309869" lon="104.0676954353855"><ele>482</ele><time>2025-07-20T14:17:30.000Z</time></trkpt>
<trkpt lat="30.6228845309869" lon="104.0676954353855"><ele>483</ele><time>2025-07-20T14:17:31.000Z</time></trkpt>
<trkpt lat="30.6228845309869" lon="104.0676954353855"><ele>483</ele><time>2025-07-20T14:17:32.000Z</time></trkpt>
<trkpt lat="30.6228845309869" lon="104.0676954353855"><ele>483</ele><time>2025-07-20T14:17:33.000Z</time></trkpt>
<trkpt lat="30.6228845309869" lon="104.0676954353855"><ele>483</ele><time>2025-07-20T14:17:34.000Z</time></trkpt>
<trkpt lat="30.6228845309869" lon="104.0676954353855"><ele>483</ele><time>2025-07-20T14:17:35.000Z</time></trkpt>
<trkpt lat="30.6228845309869" lon="104.0676954353855"><ele>483</ele><time>2025-07-20T14:17:36.000Z</time></trkpt>
<trkpt lat="30.6228845309869" lon="104.0676954353855"><ele>483</ele><time>2025-07-20T14:17:37.000Z</time></trkpt>
<trkpt lat="30.6228845309869" lon="104.0676954353855"><ele>482</ele><time>2025-07-20T14:17:38.000Z</time></trkpt>
<trkpt lat="30.6228845309869" lon="104.0676954353855"><ele>482</ele><time>2025-07-20T14:17:39.000Z</time></trkpt>
<trkpt lat="30.6228845309869" lon="104.0676954353855"><ele>482</ele><time>2025-07-20T14:17:40.000Z</time></trkpt>
<trkpt lat="30.6228845309869" lon="104.0676954353855"><ele>482</ele><time>2025-07-20T14:17:41.000Z</time></trkpt>
<trkpt lat="30.6228845309869" lon="104.0676954353855"><ele>482</ele><time>2025-07-20T14:17:42.000Z</time></trkpt>
<trkpt lat="30.6228845309869" lon="104.0676954353855"><ele>482</ele><time>2025-07-20T14:17:43.000Z</time></trkpt>
<trkpt lat="30.6228845309869" lon="104.0676954353855"><ele>482</ele><time>2025-07-20T14:17:44.000Z</time></trkpt>
<trkpt lat="30.6228845309869" lon="104.0676954353855"><ele>481</ele><time>2025-07-20T14:17:45.000Z</time></trkpt>
<trkpt lat="30.6228845309869" lon="104.0676954353855"><ele>481</ele><time>2025-07-20T14:17:46.000Z</time></trkpt>
<trkpt lat="30.6228845309869" lon="104.0676954353855"><ele>481</ele><time>2025-07-20T14:17:47.000Z</time></trkpt>
<trkpt lat="30.6228845309869" lon="104.0676954353855"><ele>480</ele><time>2025-07-20T14:17:48.000Z</time></trkpt>
<trkpt lat="30.6228845309869" lon="104.0676954353855"><ele>478</ele><time>2025-07-20T14:17:49.000Z</time></trkpt>
<trkpt lat="30.6228845309869" lon="104.0676954353855"><ele>477</ele><time>2025-07-20T14:17:50.000Z</time></trkpt>
<trkpt lat="30.6228845309869" lon="104.0676954353855"><ele>477</ele><time>2025-07-20T14:17:51.000Z</time></trkpt>
<trkpt lat="30.6228845309869" lon="104.0676954353855"><ele>476</ele><time>2025-07-20T14:17:52.000Z</time></trkpt>
<trkpt lat="30.6228845309869" lon="104.0676954353855"><ele>476</ele><time>2025-07-20T14:17:53.000Z</time></trkpt>
<trkpt lat="30.6228845309869" lon="104.0676954353855"><ele>475</ele><time>2025-07-20T14:17:54.000Z</time></trkpt>
<trkpt lat="30.6228845309869" lon="104.0676954353855"><ele>475</ele><time>2025-07-20T14:17:55.000Z</time></trkpt>
<trkpt lat="30.6228845309869" lon="104.0676954353855"><ele>475</ele><time>2025-07-20T14:17:56.000Z</time></trkpt>
<trkpt lat="30.6228845309869" lon="104.0676954353855"><ele>475</ele><time>2025-07-20T14:17:57.000Z</time></trkpt>
<trkpt lat="30.6228845309869" lon="104.0676954353855"><ele>475</ele><time>2025-07-20T14:17:58.000Z</time></trkpt>
<trkpt lat="30.6228845309869" lon="104.0676954353855"><ele>475</ele><time>2025-07-20T14:17:59.000Z</time></trkpt>
<trkpt lat="30.6228845309869" lon="104.0676954353855"><ele>475</ele><time>2025-07-20T14:18:00.000Z</time></trkpt>
<trkpt lat="30.6228845309869" lon="104.0676954353855"><ele>475</ele><time>2025-07-20T14:18:01.000Z</time></trkpt>
<trkpt lat="30.6228845309869" lon="104.0676954353855"><ele>475</ele><time>2025-07-20T14:18:02.000Z</time></trkpt>
<trkpt lat="30.6228845309869" lon="104.0676954353855"><ele>475</ele><time>2025-07-20T14:18:03.000Z</time></trkpt>
<trkpt lat="30.6228845309869" lon="104.0676954353855"><ele>475</ele><time>2025-07-20T14:18:04.000Z</time></trkpt>
<trkpt lat="30.6228845309869" lon="104.0676954353855"><ele>475</ele><time>2025-07-20T14:18:05.000Z</time></trkpt>
<trkpt lat="30.6228845309869" lon="104.0676954353855"><ele>475</ele><time>2025-07-20T14:18:06.000Z</time></trkpt>
<trkpt lat="30.6228845309869" lon="104.0676954353855"><ele>475</ele><time>2025-07-20T14:18:07.000Z</time></trkpt>
<trkpt lat="30.6228845309869" lon="104.0676954353855"><ele>475</ele><time>2025-07-20T14:18:08.000Z</time></trkpt>
<trkpt lat="30.6228845309869" lon="104.0676954353855"><ele>475</ele><time>2025-07-20T14:18:09.000Z</time></trkpt>
<trkpt lat="30.6228845309869" lon="104.0676954353855"><ele>475</ele><time>2025-07-20T14:18:10.000Z</time></trkpt>
<trkpt lat="30.6228845309869" lon="104.0676954353855"><ele>475</ele><time>2025-07-20T14:18:11.000Z</time></trkpt>
<trkpt lat="30.6228845309869" lon="104.0676954353855"><ele>474</ele><time>2025-07-20T14:18:12.000Z</time></trkpt>
<trkpt lat="30.6228845309869" lon="104.0676954353855"><ele>475</ele><time>2025-07-20T14:18:13.000Z</time></trkpt>
<trkpt lat="30.6228845309869" lon="104.0676954353855"><ele>474</ele><time>2025-07-20T14:18:14.000Z</time></trkpt>
<trkpt lat="30.6228845309869" lon="104.0676954353855"><ele>474</ele><time>2025-07-20T14:18:15.000Z</time></trkpt>
<trkpt lat="30.6228845309869" lon="104.0676954353855"><ele>474</ele><time>2025-07-20T14:18:16.000Z</time></trkpt>
<trkpt lat="30.6228845309869" lon="104.0676954353855"><ele>474</ele><time>2025-07-20T14:18:17.000Z</time></trkpt>
<trkpt lat="30.6228845309869" lon="104.0676954353855"><ele>474</ele><time>2025-07-20T14:18:18.000Z</time></trkpt>
<trkpt lat="30.6228845309869" lon="104.0676954353855"><ele>473</ele><time>2025-07-20T14:18:19.000Z</time></trkpt>
<trkpt lat="30.6228845309869" lon="104.0676954353855"><ele>473</ele><time>2025-07-20T14:18:20.000Z</time></trkpt>
<trkpt lat="30.6228845309869" lon="104.0676954353855"><ele>473</ele><time>2025-07-20T14:18:21.000Z</time></trkpt>
<trkpt lat="30.6228845309869" lon="104.0676954353855"><ele>473</ele><time>2025-07-20T14:18:22.000Z</time></trkpt>
<trkpt lat="30.6228845309869" lon="104.0676954353855"><ele>473</ele><time>2025-07-20T14:18:23.000Z</time></trkpt>
<trkpt lat="30.6228845309869" lon="104.0676954353855"><ele>473</ele><time>2025-07-20T14:18:24.000Z</time></trkpt>
<trkpt lat="30.6228845309869" lon="104.0676954353855"><ele>472</ele><time>2025-07-20T14:18:25.000Z</time></trkpt>
<trkpt lat="30.6228845309869" lon="104.0676954353855"><ele>472</ele><time>2025-07-20T14:18:26.000Z</time></trkpt>
<trkpt lat="30.6228845309869" lon="104.0676954353855"><ele>472</ele><time>2025-07-20T14:18:27.000Z</time></trkpt>
<trkpt lat="30.6228845309869" lon="104.0676954353855"><ele>473</ele><time>2025-07-20T14:18:28.000Z</time></trkpt>
<trkpt lat="30.6228845309869" lon="104.0676954353855"><ele>472</ele><time>2025-07-20T14:18:29.000Z</time></trkpt>
<trkpt lat="30.6228845309869" lon="104.0676954353855"><ele>472</ele><time>2025-07-20T14:18:30.000Z</time></trkpt>
<trkpt lat="30.6228845309869" lon="104.0676954353855"><ele>472</ele><time>2025-07-20T14:18:31.000Z</time></trkpt>
<trkpt lat="30.6228845309869" lon="104.0676954353855"><ele>472</ele><time>2025-07-20T14:18:32.000Z</time></trkpt>
<trkpt lat="30.6228845309869" lon="104.0676954353855"><ele>473</ele><time>2025-07-20T14:18:33.000Z</time></trkpt>
<trkpt lat="30.6228845309869" lon="104.0676954353855"><ele>473</ele><time>2025-07-20T14:18:34.000Z</time></trkpt>
<trkpt lat="30.6228845309869" lon="104.0676954353855"><ele>473</ele><time>2025-07-20T14:18:35.000Z</time></trkpt>
<trkpt lat="30.6228845309869" lon="104.0676954353855"><ele>473</ele><time>2025-07-20T14:18:36.000Z</time></trkpt>
<trkpt lat="30.6228845309869" lon="104.0676954353855"><ele>473</ele><time>2025-07-20T14:18:37.000Z</time></trkpt>
<trkpt lat="30.6228845309869" lon="104.0676954353855"><ele>473</ele><time>2025-07-20T14:18:38.000Z</time></trkpt>
<trkpt lat="30.6228845309869" lon="104.0676954353855"><ele>473</ele><time>2025-07-20T14:18:39.000Z</time></trkpt>
<trkpt lat="30.6228845309869" lon="104.0676954353855"><ele>473</ele><time>2025-07-20T14:18:40.000Z</time></trkpt>
<trkpt lat="30.6228845309869" lon="104.0676954353855"><ele>473</ele><time>2025-07-20T14:18:41.000Z</time></trkpt>
<trkpt lat="30.6228845309869" lon="104.0676954353855"><ele>473</ele><time>2025-07-20T14:18:42.000Z</time></trkpt>
<trkpt lat="30.6228845309869" lon="104.0676954353855"><ele>473</ele><time>2025-07-20T14:18:43.000Z</time></trkpt>
<trkpt lat="30.6228845309869" lon="104.0676954353855"><ele>473</ele><time>2025-07-20T14:18:44.000Z</time></trkpt>
<trkpt lat="30.6228845309869" lon="104.0676954353855"><ele>473</ele><time>2025-07-20T14:18:45.000Z</time></trkpt>
<trkpt lat="30.6228845309869" lon="104.0676954353855"><ele>472</ele><time>2025-07-20T14:18:46.000Z</time></trkpt>
<trkpt lat="30.6228845309869" lon="104.0676954353855"><ele>473</ele><time>2025-07-20T14:18:47.000Z</time></trkpt>
<trkpt lat="30.6228845309869" lon="104.0676954353855"><ele>472</ele><time>2025-07-20T14:18:48.000Z</time></trkpt>
<trkpt lat="30.6228845309869" lon="104.0676954353855"><ele>472</ele><time>2025-07-20T14:18:49.000Z</time></trkpt>
<trkpt lat="30.6228845309869" lon="104.0676954353855"><ele>472</ele><time>2025-07-20T14:18:50.000Z</time></trkpt>
<trkpt lat="30.6228845309869" lon="104.0676954353855"><ele>473</ele><time>2025-07-20T14:18:51.000Z</time></trkpt>
<trkpt lat="30.6228845309869" lon="104.0676954353855"><ele>473</ele><time>2025-07-20T14:18:52.000Z</time></trkpt>
<trkpt lat="30.6228845309869" lon="104.0676954353855"><ele>473</ele><time>2025-07-20T14:18:53.000Z</time></trkpt>
<trkpt lat="30.6228845309869" lon="104.0676954353855"><ele>473</ele><time>2025-07-20T14:18:54.000Z</time></trkpt>
<trkpt lat="30.6228845309869" lon="104.0676954353855"><ele>473</ele><time>2025-07-20T14:18:55.000Z</time></trkpt>
<trkpt lat="30.6228845309869" lon="104.0676954353855"><ele>473</ele><time>2025-07-20T14:18:56.000Z</time></trkpt>
<trkpt lat="30.6228845309869" lon="104.0676954353855"><ele>474</ele><time>2025-07-20T14:18:57.000Z</time></trkpt>
<trkpt lat="30.6228845309869" lon="104.0676954353855"><ele>474</ele><time>2025-07-20T14:18:58.000Z</time></trkpt>
<trkpt lat="30.6228845309869" lon="104.0676954353855"><ele>474</ele><time>2025-07-20T14:18:59.000Z</time></trkpt>
<trkpt lat="30.6228845309869" lon="104.0676954353855"><ele>474</ele><time>2025-07-20T14:19:00.000Z</time></trkpt>
<trkpt lat="30.6228845309869" lon="104.0676954353855"><ele>474</ele><time>2025-07-20T14:19:01.000Z</time></trkpt>
<trkpt lat="30.6228845309869" lon="104.0676954353855"><ele>475</ele><time>2025-07-20T14:19:02.000Z</time></trkpt>
<trkpt lat="30.6228845309869" lon="104.0676954353855"><ele>475</ele><time>2025-07-20T14:19:03.000Z</time></trkpt>
<trkpt lat="30.6228845309869" lon="104.0676954353855"><ele>475</ele><time>2025-07-20T14:19:04.000Z</time></trkpt>
<trkpt lat="30.6228845309869" lon="104.0676954353855"><ele>475</ele><time>2025-07-20T14:19:05.000Z</time></trkpt>
<trkpt lat="30.6228845309869" lon="104.0676954353855"><ele>475</ele><time>2025-07-20T14:19:06.000Z</time></trkpt>
<trkpt lat="30.6228845309869" lon="104.0676954353855"><ele>475</ele><time>2025-07-20T14:19:07.000Z</time></trkpt>
<trkpt lat="30.6228845309869" lon="104.0676954353855"><ele>475</ele><time>2025-07-20T14:19:08.000Z</time></trkpt>
<trkpt lat="30.6228845309869" lon="104.0676954353855"><ele>475</ele><time>2025-07-20T14:19:09.000Z</time></trkpt>
<trkpt lat="30.6228845309869" lon="104.0676954353855"><ele>475</ele><time>2025-07-20T14:19:10.000Z</time></trkpt>
<trkpt lat="30.6228845309869" lon="104.0676954353855"><ele>475</ele><time>2025-07-20T14:19:11.000Z</time></trkpt>
<trkpt lat="30.6228845309869" lon="104.0676954353855"><ele>475</ele><time>2025-07-20T14:19:12.000Z</time></trkpt>
<trkpt lat="30.6228845309869" lon="104.0676954353855"><ele>474</ele><time>2025-07-20T14:19:13.000Z</time></trkpt>
<trkpt lat="30.6228845309869" lon="104.0676954353855"><ele>474</ele><time>2025-07-20T14:19:14.000Z</time></trkpt>
<trkpt lat="30.6228845309869" lon="104.0676954353855"><ele>474</ele><time>2025-07-20T14:19:15.000Z</time></trkpt>
<trkpt lat="30.6228845309869" lon="104.0676954353855"><ele>474</ele><time>2025-07-20T14:19:16.000Z</time></trkpt>
<trkpt lat="30.6228845309869" lon="104.0676954353855"><ele>473</ele><time>2025-07-20T14:19:17.000Z</time></trkpt>
<trkpt lat="30.6228845309869" lon="104.0676954353855"><ele>473</ele><time>2025-07-20T14:19:18.000Z</time></trkpt>
<trkpt lat="30.6228845309869" lon="104.0676954353855"><ele>473</ele><time>2025-07-20T14:19:19.000Z</time></trkpt>
<trkpt lat="30.6228845309869" lon="104.0676954353855"><ele>474</ele><time>2025-07-20T14:19:20.000Z</time></trkpt>
<trkpt lat="30.6228845309869" lon="104.0676954353855"><ele>474</ele><time>2025-07-20T14:19:21.000Z</time></trkpt>
<trkpt lat="30.6228845309869" lon="104.0676954353855"><ele>473</ele><time>2025-07-20T14:19:22.000Z</time></trkpt>
<trkpt lat="30.6228845309869" lon="104.0676954353855"><ele>474</ele><time>2025-07-20T14:19:23.000Z</time></trkpt>
<trkpt lat="30.6228845309869" lon="104.0676954353855"><ele>473</ele><time>2025-07-20T14:19:24.000Z</time></trkpt>
<trkpt lat="30.6228845309869" lon="104.0676954353855"><ele>473</ele><time>2025-07-20T14:19:25.000Z</time></trkpt>
<trkpt lat="30.6228845309869" lon="104.0676954353855"><ele>473</ele><time>2025-07-20T14:19:26.000Z</time></trkpt>
<trkpt lat="30.6228845309869" lon="104.0676954353855"><ele>473</ele><time>2025-07-20T14:19:27.000Z</time></trkpt>
<trkpt lat="30.6228845309869" lon="104.0676954353855"><ele>473</ele><time>2025-07-20T14:19:28.000Z</time></trkpt>
<trkpt lat="30.6228845309869" lon="104.0676954353855"><ele>474</ele><time>2025-07-20T14:19:29.000Z</time></trkpt>
<trkpt lat="30.6228845309869" lon="104.0676954353855"><ele>474</ele><time>2025-07-20T14:19:30.000Z</time></trkpt>
<trkpt lat="30.6228845309869" lon="104.0676954353855"><ele>474</ele><time>2025-07-20T14:19:31.000Z</time></trkpt>
<trkpt lat="30.6228845309869" lon="104.0676954353855"><ele>474</ele><time>2025-07-20T14:19:32.000Z</time></trkpt>
<trkpt lat="30.6228845309869" lon="104.0676954353855"><ele>474</ele><time>2025-07-20T14:19:33.000Z</time></trkpt>
<trkpt lat="30.6228845309869" lon="104.0676954353855"><ele>474</ele><time>2025-07-20T14:19:34.000Z</time></trkpt>
<trkpt lat="30.6228845309869" lon="104.0676954353855"><ele>474</ele><time>2025-07-20T14:19:35.000Z</time></trkpt>
<trkpt lat="30.6228845309869" lon="104.0676954353855"><ele>474</ele><time>2025-07-20T14:19:36.000Z</time></trkpt>
<trkpt lat="30.6228845309869" lon="104.0676954353855"><ele>474</ele><time>2025-07-20T14:19:37.000Z</time></trkpt>
<trkpt lat="30.6228845309869" lon="104.0676954353855"><ele>474</ele><time>2025-07-20T14:19:38.000Z</time></trkpt>
<trkpt lat="30.6228845309869" lon="104.0676954353855"><ele>474</ele><time>2025-07-20T14:19:39.000Z</time></trkpt>
<trkpt lat="30.6228845309869" lon="104.0676954353855"><ele>474</ele><time>2025-07-20T14:19:40.000Z</time></trkpt>
<trkpt lat="30.6228845309869" lon="104.0676954353855"><ele>474</ele><time>2025-07-20T14:19:41.000Z</time></trkpt>
<trkpt lat="30.6228845309869" lon="104.0676954353855"><ele>474</ele><time>2025-07-20T14:19:42.000Z</time></trkpt>
<trkpt lat="30.6228845309869" lon="104.0676954353855"><ele>474</ele><time>2025-07-20T14:19:43.000Z</time></trkpt>
<trkpt lat="30.6228845309869" lon="104.0676954353855"><ele>475</ele><time>2025-07-20T14:19:44.000Z</time></trkpt>
<trkpt lat="30.6228845309869" lon="104.0676954353855"><ele>475</ele><time>2025-07-20T14:19:45.000Z</time></trkpt>
<trkpt lat="30.6228845309869" lon="104.0676954353855"><ele>475</ele><time>2025-07-20T14:19:46.000Z</time></trkpt>
<trkpt lat="30.6228845309869" lon="104.0676954353855"><ele>475</ele><time>2025-07-20T14:19:47.000Z</time></trkpt>
<trkpt lat="30.6228845309869" lon="104.0676954353855"><ele>475</ele><time>2025-07-20T14:19:48.000Z</time></trkpt>
<trkpt lat="30.6228845309869" lon="104.0676954353855"><ele>476</ele><time>2025-07-20T14:19:49.000Z</time></trkpt>
<trkpt lat="30.6228845309869" lon="104.0676954353855"><ele>476</ele><time>2025-07-20T14:19:50.000Z</time></trkpt>
<trkpt lat="30.6228845309869" lon="104.0676954353855"><ele>475</ele><time>2025-07-20T14:19:51.000Z</time></trkpt>
<trkpt lat="30.6228845309869" lon="104.0676954353855"><ele>475</ele><time>2025-07-20T14:19:52.000Z</time></trkpt>
<trkpt lat="30.6228845309869" lon="104.0676954353855"><ele>476</ele><time>2025-07-20T14:19:53.000Z</time></trkpt>
<trkpt lat="30.6228845309869" lon="104.0676954353855"><ele>475</ele><time>2025-07-20T14:19:54.000Z</time></trkpt>
<trkpt lat="30.6228845309869" lon="104.0676954353855"><ele>475</ele><time>2025-07-20T14:19:55.000Z</time></trkpt>
<trkpt lat="30.6228845309869" lon="104.0676954353855"><ele>474</ele><time>2025-07-20T14:19:56.000Z</time></trkpt>
<trkpt lat="30.6228845309869" lon="104.0676954353855"><ele>474</ele><time>2025-07-20T14:19:57.000Z</time></trkpt>
<trkpt lat="30.6228845309869" lon="104.0676954353855"><ele>474</ele><time>2025-07-20T14:19:58.000Z</time></trkpt>
<trkpt lat="30.6228845309869" lon="104.0676954353855"><ele>473</ele><time>2025-07-20T14:19:59.000Z</time></trkpt>
<trkpt lat="30.6228845309869" lon="104.0676954353855"><ele>473</ele><time>2025-07-20T14:20:00.000Z</time></trkpt>
<trkpt lat="30.6228845309869" lon="104.0676954353855"><ele>473</ele><time>2025-07-20T14:20:01.000Z</time></trkpt>
<trkpt lat="30.6228845309869" lon="104.0676954353855"><ele>472</ele><time>2025-07-20T14:20:02.000Z</time></trkpt>
<trkpt lat="30.6228845309869" lon="104.0676954353855"><ele>472</ele><time>2025-07-20T14:20:03.000Z</time></trkpt>
<trkpt lat="30.6228845309869" lon="104.0676954353855"><ele>472</ele><time>2025-07-20T14:20:04.000Z</time></trkpt>
<trkpt lat="30.6228845309869" lon="104.0676954353855"><ele>472</ele><time>2025-07-20T14:20:05.000Z</time></trkpt>
<trkpt lat="30.6228845309869" lon="104.0676954353855"><ele>473</ele><time>2025-07-20T14:20:06.000Z</time></trkpt>
<trkpt lat="30.6228845309869" lon="104.0676954353855"><ele>473</ele><time>2025-07-20T14:20:07.000Z</time></trkpt>
<trkpt lat="30.6228845309869" lon="104.0676954353855"><ele>473</ele><time>2025-07-20T14:20:08.000Z</time></trkpt>
<trkpt lat="30.6228845309869" lon="104.0676954353855"><ele>473</ele><time>2025-07-20T14:20:09.000Z</time></trkpt>
<trkpt lat="30.6228845309869" lon="104.0676954353855"><ele>472</ele><time>2025-07-20T14:20:10.000Z</time></trkpt>
<trkpt lat="30.6228845309869" lon="104.0676954353855"><ele>472</ele><time>2025-07-20T14:20:11.000Z</time></trkpt>
<trkpt lat="30.6228845309869" lon="104.0676954353855"><ele>472</ele><time>2025-07-20T14:20:12.000Z</time></trkpt>
<trkpt lat="30.6228845309869" lon="104.0676954353855"><ele>472</ele><time>2025-07-20T14:20:13.000Z</time></trkpt>
<trkpt lat="30.6228845309869" lon="104.0676954353855"><ele>472</ele><time>2025-07-20T14:20:14.000Z</time></trkpt>
<trkpt lat="30.6228845309869" lon="104.0676954353855"><ele>473</ele><time>2025-07-20T14:20:15.000Z</time></trkpt>
<trkpt lat="30.6228845309869" lon="104.0676954353855"><ele>473</ele><time>2025-07-20T14:20:16.000Z</time></trkpt>
<trkpt lat="30.6228845309869" lon="104.0676954353855"><ele>474</ele><time>2025-07-20T14:20:17.000Z</time></trkpt>
<trkpt lat="30.6228845309869" lon="104.0676954353855"><ele>475</ele><time>2025-07-20T14:20:18.000Z</time></trkpt>
<trkpt lat="30.6228845309869" lon="104.0676954353855"><ele>475</ele><time>2025-07-20T14:20:19.000Z</time></trkpt>
<trkpt lat="30.6228845309869" lon="104.0676954353855"><ele>475</ele><time>2025-07-20T14:20:20.000Z</time></trkpt>
<trkpt lat="30.6228845309869" lon="104.0676954353855"><ele>474</ele><time>2025-07-20T14:20:21.000Z</time></trkpt>
<trkpt lat="30.6228845309869" lon="104.0676954353855"><ele>474</ele><time>2025-07-20T14:20:22.000Z</time></trkpt>
<trkpt lat="30.6228845309869" lon="104.0676954353855"><ele>473</ele><time>2025-07-20T14:20:23.000Z</time></trkpt>
<trkpt lat="30.6228845309869" lon="104.0676954353855"><ele>473</ele><time>2025-07-20T14:20:24.000Z</time></trkpt>
<trkpt lat="30.6228845309869" lon="104.0676954353855"><ele>473</ele><time>2025-07-20T14:20:25.000Z</time></trkpt>
<trkpt lat="30.6228845309869" lon="104.0676954353855"><ele>473</ele><time>2025-07-20T14:20:26.000Z</time></trkpt>
<trkpt lat="30.6228845309869" lon="104.0676954353855"><ele>473</ele><time>2025-07-20T14:20:27.000Z</time></trkpt>
<trkpt lat="30.6228845309869" lon="104.0676954353855"><ele>472</ele><time>2025-07-20T14:20:28.000Z</time></trkpt>
<trkpt lat="30.6228845309869" lon="104.0676954353855"><ele>472</ele><time>2025-07-20T14:20:29.000Z</time></trkpt>
<trkpt lat="30.6228845309869" lon="104.0676954353855"><ele>473</ele><time>2025-07-20T14:20:30.000Z</time></trkpt>
<trkpt lat="30.6228845309869" lon="104.0676954353855"><ele>474</ele><time>2025-07-20T14:20:31.000Z</time></trkpt>
<trkpt lat="30.6228845309869" lon="104.0676954353855"><ele>474</ele><time>2025-07-20T14:20:32.000Z</time></trkpt>
<trkpt lat="30.6228845309869" lon="104.0676954353855"><ele>474</ele><time>2025-07-20T14:20:33.000Z</time></trkpt>
<trkpt lat="30.6228845309869" lon="104.0676954353855"><ele>474</ele><time>2025-07-20T14:20:34.000Z</time></trkpt>
<trkpt lat="30.6228845309869" lon="104.0676954353855"><ele>473</ele><time>2025-07-20T14:20:35.000Z</time></trkpt>
<trkpt lat="30.6228845309869" lon="104.0676954353855"><ele>473</ele><time>2025-07-20T14:20:36.000Z</time></trkpt>
<trkpt lat="30.6228845309869" lon="104.0676954353855"><ele>473</ele><time>2025-07-20T14:20:37.000Z</time></trkpt>
<trkpt lat="30.6228845309869" lon="104.0676954353855"><ele>473</ele><time>2025-07-20T14:20:38.000Z</time></trkpt>
<trkpt lat="30.6228845309869" lon="104.0676954353855"><ele>473</ele><time>2025-07-20T14:20:39.000Z</time></trkpt>
<trkpt lat="30.6228845309869" lon="104.0676954353855"><ele>472</ele><time>2025-07-20T14:20:40.000Z</time></trkpt>
<trkpt lat="30.6228845309869" lon="104.0676954353855"><ele>472</ele><time>2025-07-20T14:20:41.000Z</time></trkpt>
<trkpt lat="30.6228845309869" lon="104.0676954353855"><ele>472</ele><time>2025-07-20T14:20:42.000Z</time></trkpt>
<trkpt lat="30.6228845309869" lon="104.0676954353855"><ele>472</ele><time>2025-07-20T14:20:43.000Z</time></trkpt>
<trkpt lat="30.6228845309869" lon="104.0676954353855"><ele>473</ele><time>2025-07-20T14:20:44.000Z</time></trkpt>
<trkpt lat="30.6228845309869" lon="104.0676954353855"><ele>473</ele><time>2025-07-20T14:20:45.000Z</time></trkpt>
<trkpt lat="30.6228845309869" lon="104.0676954353855"><ele>472</ele><time>2025-07-20T14:20:46.000Z</time></trkpt>
<trkpt lat="30.6228845309869" lon="104.0676954353855"><ele>472</ele><time>2025-07-20T14:20:47.000Z</time></trkpt>
<trkpt lat="30.6228845309869" lon="104.0676954353855"><ele>472</ele><time>2025-07-20T14:20:48.000Z</time></trkpt>
<trkpt lat="30.6228845309869" lon="104.0676954353855"><ele>472</ele><time>2025-07-20T14:20:49.000Z</time></trkpt>
<trkpt lat="30.6228845309869" lon="104.0676954353855"><ele>473</ele><time>2025-07-20T14:20:50.000Z</time></trkpt>
<trkpt lat="30.6228845309869" lon="104.0676954353855"><ele>473</ele><time>2025-07-20T14:20:51.000Z</time></trkpt>
<trkpt lat="30.6228845309869" lon="104.0676954353855"><ele>473</ele><time>2025-07-20T14:20:52.000Z</time></trkpt>
<trkpt lat="30.6228845309869" lon="104.0676954353855"><ele>473</ele><time>2025-07-20T14:20:53.000Z</time></trkpt>
<trkpt lat="30.6228845309869" lon="104.0676954353855"><ele>474</ele><time>2025-07-20T14:20:54.000Z</time></trkpt>
<trkpt lat="30.6228845309869" lon="104.0676954353855"><ele>474</ele><time>2025-07-20T14:20:55.000Z</time></trkpt>
<trkpt lat="30.6228845309869" lon="104.0676954353855"><ele>474</ele><time>2025-07-20T14:20:56.000Z</time></trkpt>
<trkpt lat="30.6228845309869" lon="104.0676954353855"><ele>475</ele><time>2025-07-20T14:20:57.000Z</time></trkpt>
<trkpt lat="30.6228845309869" lon="104.0676954353855"><ele>476</ele><time>2025-07-20T14:20:58.000Z</time></trkpt>
<trkpt lat="30.6228845309869" lon="104.0676954353855"><ele>476</ele><time>2025-07-20T14:20:59.000Z</time></trkpt>
<trkpt lat="30.6228845309869" lon="104.0676954353855"><ele>476</ele><time>2025-07-20T14:21:00.000Z</time></trkpt>
<trkpt lat="30.6228845309869" lon="104.0676954353855"><ele>476</ele><time>2025-07-20T14:21:01.000Z</time></trkpt>
<trkpt lat="30.6228845309869" lon="104.0676954353855"><ele>475</ele><time>2025-07-20T14:21:02.000Z</time></trkpt>
<trkpt lat="30.6228845309869" lon="104.0676954353855"><ele>475</ele><time>2025-07-20T14:21:03.000Z</time></trkpt>
<trkpt lat="30.6228845309869" lon="104.0676954353855"><ele>474</ele><time>2025-07-20T14:21:04.000Z</time></trkpt>
<trkpt lat="30.6228845309869" lon="104.0676954353855"><ele>473</ele><time>2025-07-20T14:21:05.000Z</time></trkpt>
<trkpt lat="30.6228845309869" lon="104.0676954353855"><ele>474</ele><time>2025-07-20T14:21:06.000Z</time></trkpt>
<trkpt lat="30.6228845309869" lon="104.0676954353855"><ele>474</ele><time>2025-07-20T14:21:07.000Z</time></trkpt>
<trkpt lat="30.6228845309869" lon="104.0676954353855"><ele>474</ele><time>2025-07-20T14:21:08.000Z</time></trkpt>
<trkpt lat="30.6228845309869" lon="104.0676954353855"><ele>474</ele><time>2025-07-20T14:21:09.000Z</time></trkpt>
<trkpt lat="30.6228845309869" lon="104.0676954353855"><ele>474</ele><time>2025-07-20T14:21:10.000Z</time></trkpt>
<trkpt lat="30.6228845309869" lon="104.0676954353855"><ele>474</ele><time>2025-07-20T14:21:11.000Z</time></trkpt>
<trkpt lat="30.6228845309869" lon="104.0676954353855"><ele>475</ele><time>2025-07-20T14:21:12.000Z</time></trkpt>
<trkpt lat="30.6228845309869" lon="104.0676954353855"><ele>474</ele><time>2025-07-20T14:21:13.000Z</time></trkpt>
<trkpt lat="30.6228845309869" lon="104.0676954353855"><ele>474</ele><time>2025-07-20T14:21:14.000Z</time></trkpt>
<trkpt lat="30.6228845309869" lon="104.0676954353855"><ele>474</ele><time>2025-07-20T14:21:15.000Z</time></trkpt>
<trkpt lat="30.6228845309869" lon="104.0676954353855"><ele>474</ele><time>2025-07-20T14:21:16.000Z</time></trkpt>
<trkpt lat="30.6228845309869" lon="104.0676954353855"><ele>476</ele><time>2025-07-20T14:21:17.000Z</time></trkpt>
<trkpt lat="30.6228845309869" lon="104.0676954353855"><ele>476</ele><time>2025-07-20T14:21:18.000Z</time></trkpt>
<trkpt lat="30.6228845309869" lon="104.0676954353855"><ele>476</ele><time>2025-07-20T14:21:19.000Z</time></trkpt>
<trkpt lat="30.6228845309869" lon="104.0676954353855"><ele>476</ele><time>2025-07-20T14:21:20.000Z</time></trkpt>
<trkpt lat="30.6228845309869" lon="104.0676954353855"><ele>477</ele><time>2025-07-20T14:21:21.000Z</time></trkpt>
<trkpt lat="30.6228845309869" lon="104.0676954353855"><ele>477</ele><time>2025-07-20T14:21:22.000Z</time></trkpt>
<trkpt lat="30.6228845309869" lon="104.0676954353855"><ele>476</ele><time>2025-07-20T14:21:23.000Z</time></trkpt>
<trkpt lat="30.6228845309869" lon="104.0676954353855"><ele>477</ele><time>2025-07-20T14:21:24.000Z</time></trkpt>
<trkpt lat="30.6228845309869" lon="104.0676954353855"><ele>476</ele><time>2025-07-20T14:21:25.000Z</time></trkpt>
<trkpt lat="30.6228845309869" lon="104.0676954353855"><ele>476</ele><time>2025-07-20T14:21:26.000Z</time></trkpt>
<trkpt lat="30.6228845309869" lon="104.0676954353855"><ele>477</ele><time>2025-07-20T14:21:27.000Z</time></trkpt>
<trkpt lat="30.6228845309869" lon="104.0676954353855"><ele>477</ele><time>2025-07-20T14:21:28.000Z</time></trkpt>
<trkpt lat="30.6228845309869" lon="104.0676954353855"><ele>476</ele><time>2025-07-20T14:21:29.000Z</time></trkpt>
<trkpt lat="30.6228845309869" lon="104.0676954353855"><ele>477</ele><time>2025-07-20T14:21:30.000Z</time></trkpt>
<trkpt lat="30.6228845309869" lon="104.0676954353855"><ele>476</ele><time>2025-07-20T14:21:31.000Z</time></trkpt>
<trkpt lat="30.6228845309869" lon="104.0676954353855"><ele>477</ele><time>2025-07-20T14:21:32.000Z</time></trkpt>
<trkpt lat="30.6228845309869" lon="104.0676954353855"><ele>476</ele><time>2025-07-20T14:21:33.000Z</time></trkpt>
<trkpt lat="30.6228845309869" lon="104.0676954353855"><ele>477</ele><time>2025-07-20T14:21:34.000Z</time></trkpt>
<trkpt lat="30.6228845309869" lon="104.0676954353855"><ele>477</ele><time>2025-07-20T14:21:35.000Z</time></trkpt>
<trkpt lat="30.6228845309869" lon="104.0676954353855"><ele>477</ele><time>2025-07-20T14:21:36.000Z</time></trkpt>
<trkpt lat="30.6228845309869" lon="104.0676954353855"><ele>477</ele><time>2025-07-20T14:21:37.000Z</time></trkpt>
<trkpt lat="30.6228845309869" lon="104.0676954353855"><ele>477</ele><time>2025-07-20T14:21:38.000Z</time></trkpt>
<trkpt lat="30.6228845309869" lon="104.0676954353855"><ele>476</ele><time>2025-07-20T14:21:39.000Z</time></trkpt>
<trkpt lat="30.6228845309869" lon="104.0676954353855"><ele>476</ele><time>2025-07-20T14:21:40.000Z</time></trkpt>
<trkpt lat="30.6228845309869" lon="104.0676954353855"><ele>476</ele><time>2025-07-20T14:21:41.000Z</time></trkpt>
<trkpt lat="30.6228845309869" lon="104.0676954353855"><ele>476</ele><time>2025-07-20T14:21:42.000Z</time></trkpt>
<trkpt lat="30.6228845309869" lon="104.0676954353855"><ele>477</ele><time>2025-07-20T14:21:43.000Z</time></trkpt>
<trkpt lat="30.6228845309869" lon="104.0676954353855"><ele>477</ele><time>2025-07-20T14:21:44.000Z</time></trkpt>
<trkpt lat="30.6228845309869" lon="104.0676954353855"><ele>476</ele><time>2025-07-20T14:21:45.000Z</time></trkpt>
<trkpt lat="30.6228845309869" lon="104.0676954353855"><ele>476</ele><time>2025-07-20T14:21:46.000Z</time></trkpt>
<trkpt lat="30.6228845309869" lon="104.0676954353855"><ele>475</ele><time>2025-07-20T14:21:47.000Z</time></trkpt>
<trkpt lat="30.6228845309869" lon="104.0676954353855"><ele>475</ele><time>2025-07-20T14:21:48.000Z</time></trkpt>
<trkpt lat="30.6228845309869" lon="104.0676954353855"><ele>475</ele><time>2025-07-20T14:21:49.000Z</time></trkpt>
<trkpt lat="30.6228845309869" lon="104.0676954353855"><ele>475</ele><time>2025-07-20T14:21:50.000Z</time></trkpt>
<trkpt lat="30.6228845309869" lon="104.0676954353855"><ele>475</ele><time>2025-07-20T14:21:51.000Z</time></trkpt>
<trkpt lat="30.6228845309869" lon="104.0676954353855"><ele>474</ele><time>2025-07-20T14:21:52.000Z</time></trkpt>
<trkpt lat="30.6228845309869" lon="104.0676954353855"><ele>475</ele><time>2025-07-20T14:21:53.000Z</time></trkpt>
<trkpt lat="30.6228845309869" lon="104.0676954353855"><ele>474</ele><time>2025-07-20T14:21:54.000Z</time></trkpt>
<trkpt lat="30.6228845309869" lon="104.0676954353855"><ele>474</ele><time>2025-07-20T14:21:55.000Z</time></trkpt>
<trkpt lat="30.6228845309869" lon="104.0676954353855"><ele>474</ele><time>2025-07-20T14:21:56.000Z</time></trkpt>
<trkpt lat="30.6228845309869" lon="104.0676954353855"><ele>474</ele><time>2025-07-20T14:21:57.000Z</time></trkpt>
<trkpt lat="30.6228845309869" lon="104.0676954353855"><ele>474</ele><time>2025-07-20T14:21:58.000Z</time></trkpt>
<trkpt lat="30.6228845309869" lon="104.0676954353855"><ele>475</ele><time>2025-07-20T14:21:59.000Z</time></trkpt>
<trkpt lat="30.6228845309869" lon="104.0676954353855"><ele>474</ele><time>2025-07-20T14:22:00.000Z</time></trkpt>
<trkpt lat="30.6228845309869" lon="104.0676954353855"><ele>474</ele><time>2025-07-20T14:22:01.000Z</time></trkpt>
<trkpt lat="30.6228845309869" lon="104.0676954353855"><ele>474</ele><time>2025-07-20T14:22:02.000Z</time></trkpt>
<trkpt lat="30.6228845309869" lon="104.0676954353855"><ele>473</ele><time>2025-07-20T14:22:03.000Z</time></trkpt>
<trkpt lat="30.6228845309869" lon="104.0676954353855"><ele>473</ele><time>2025-07-20T14:22:04.000Z</time></trkpt>
<trkpt lat="30.6228845309869" lon="104.0676954353855"><ele>473</ele><time>2025-07-20T14:22:05.000Z</time></trkpt>
<trkpt lat="30.6228845309869" lon="104.0676954353855"><ele>474</ele><time>2025-07-20T14:22:06.000Z</time></trkpt>
<trkpt lat="30.6228845309869" lon="104.0676954353855"><ele>473</ele><time>2025-07-20T14:22:07.000Z</time></trkpt>
<trkpt lat="30.6228845309869" lon="104.0676954353855"><ele>473</ele><time>2025-07-20T14:22:08.000Z</time></trkpt>
<trkpt lat="30.6228845309869" lon="104.0676954353855"><ele>473</ele><time>2025-07-20T14:22:09.000Z</time></trkpt>
<trkpt lat="30.6228845309869" lon="104.0676954353855"><ele>474</ele><time>2025-07-20T14:22:10.000Z</time></trkpt>
<trkpt lat="30.6228845309869" lon="104.0676954353855"><ele>474</ele><time>2025-07-20T14:22:11.000Z</time></trkpt>
<trkpt lat="30.6228845309869" lon="104.0676954353855"><ele>475</ele><time>2025-07-20T14:22:12.000Z</time></trkpt>
<trkpt lat="30.6228845309869" lon="104.0676954353855"><ele>475</ele><time>2025-07-20T14:22:13.000Z</time></trkpt>
<trkpt lat="30.6228845309869" lon="104.0676954353855"><ele>475</ele><time>2025-07-20T14:22:14.000Z</time></trkpt>
<trkpt lat="30.6228845309869" lon="104.0676954353855"><ele>476</ele><time>2025-07-20T14:22:15.000Z</time></trkpt>
<trkpt lat="30.6228845309869" lon="104.0676954353855"><ele>476</ele><time>2025-07-20T14:22:16.000Z</time></trkpt>
<trkpt lat="30.6228845309869" lon="104.0676954353855"><ele>475</ele><time>2025-07-20T14:22:17.000Z</time></trkpt>
<trkpt lat="30.6228845309869" lon="104.0676954353855"><ele>475</ele><time>2025-07-20T14:22:18.000Z</time></trkpt>
<trkpt lat="30.6228845309869" lon="104.0676954353855"><ele>475</ele><time>2025-07-20T14:22:19.000Z</time></trkpt>
<trkpt lat="30.6228845309869" lon="104.0676954353855"><ele>475</ele><time>2025-07-20T14:22:20.000Z</time></trkpt>
<trkpt lat="30.6228845309869" lon="104.0676954353855"><ele>475</ele><time>2025-07-20T14:22:21.000Z</time></trkpt>
<trkpt lat="30.6228845309869" lon="104.0676954353855"><ele>475</ele><time>2025-07-20T14:22:22.000Z</time></trkpt>
<trkpt lat="30.6228845309869" lon="104.0676954353855"><ele>475</ele><time>2025-07-20T14:22:23.000Z</time></trkpt>
<trkpt lat="30.6228845309869" lon="104.0676954353855"><ele>475</ele><time>2025-07-20T14:22:24.000Z</time></trkpt>
<trkpt lat="30.6228845309869" lon="104.0676954353855"><ele>475</ele><time>2025-07-20T14:22:25.000Z</time></trkpt>
<trkpt lat="30.6228845309869" lon="104.0676954353855"><ele>474</ele><time>2025-07-20T14:22:26.000Z</time></trkpt>
<trkpt lat="30.6228845309869" lon="104.0676954353855"><ele>475</ele><time>2025-07-20T14:22:27.000Z</time></trkpt>
<trkpt lat="30.6228845309869" lon="104.0676954353855"><ele>475</ele><time>2025-07-20T14:22:28.000Z</time></trkpt>
<trkpt lat="30.6228845309869" lon="104.0676954353855"><ele>475</ele><time>2025-07-20T14:22:29.000Z</time></trkpt>
<trkpt lat="30.6228845309869" lon="104.0676954353855"><ele>475</ele><time>2025-07-20T14:22:30.000Z</time></trkpt>
<trkpt lat="30.6228845309869" lon="104.0676954353855"><ele>475</ele><time>2025-07-20T14:22:31.000Z</time></trkpt>
<trkpt lat="30.6228845309869" lon="104.0676954353855"><ele>475</ele><time>2025-07-20T14:22:32.000Z</time></trkpt>
<trkpt lat="30.6228845309869" lon="104.0676954353855"><ele>475</ele><time>2025-07-20T14:22:33.000Z</time></trkpt>
<trkpt lat="30.6228845309869" lon="104.0676954353855"><ele>475</ele><time>2025-07-20T14:22:34.000Z</time></trkpt>
<trkpt lat="30.6228845309869" lon="104.0676954353855"><ele>475</ele><time>2025-07-20T14:22:35.000Z</time></trkpt>
<trkpt lat="30.6228845309869" lon="104.0676954353855"><ele>475</ele><time>2025-07-20T14:22:36.000Z</time></trkpt>
<trkpt lat="30.6228845309869" lon="104.0676954353855"><ele>475</ele><time>2025-07-20T14:22:37.000Z</time></trkpt>
<trkpt lat="30.6228845309869" lon="104.0676954353855"><ele>475</ele><time>2025-07-20T14:22:38.000Z</time></trkpt>
<trkpt lat="30.6228845309869" lon="104.0676954353855"><ele>475</ele><time>2025-07-20T14:22:39.000Z</time></trkpt>
<trkpt lat="30.6228845309869" lon="104.0676954353855"><ele>475</ele><time>2025-07-20T14:22:40.000Z</time></trkpt>
<trkpt lat="30.6228845309869" lon="104.0676954353855"><ele>475</ele><time>2025-07-20T14:22:41.000Z</time></trkpt>
<trkpt lat="30.6228845309869" lon="104.0676954353855"><ele>475</ele><time>2025-07-20T14:22:42.000Z</time></trkpt>
<trkpt lat="30.6228845309869" lon="104.0676954353855"><ele>475</ele><time>2025-07-20T14:22:43.000Z</time></trkpt>
<trkpt lat="30.6228845309869" lon="104.0676954353855"><ele>475</ele><time>2025-07-20T14:22:44.000Z</time></trkpt>
<trkpt lat="30.6228845309869" lon="104.0676954353855"><ele>475</ele><time>2025-07-20T14:22:45.000Z</time></trkpt>
<trkpt lat="30.6228845309869" lon="104.0676954353855"><ele>475</ele><time>2025-07-20T14:22:46.000Z</time></trkpt>
<trkpt lat="30.6228845309869" lon="104.0676954353855"><ele>473</ele><time>2025-07-20T14:22:47.000Z</time></trkpt>
<trkpt lat="30.6228845309869" lon="104.0676954353855"><ele>473</ele><time>2025-07-20T14:22:48.000Z</time></trkpt>
<trkpt lat="30.6228845309869" lon="104.0676954353855"><ele>472</ele><time>2025-07-20T14:22:49.000Z</time></trkpt>
<trkpt lat="30.6228845309869" lon="104.0676954353855"><ele>472</ele><time>2025-07-20T14:22:50.000Z</time></trkpt>
<trkpt lat="30.6228845309869" lon="104.0676954353855"><ele>471</ele><time>2025-07-20T14:22:51.000Z</time></trkpt>
<trkpt lat="30.6228845309869" lon="104.0676954353855"><ele>470</ele><time>2025-07-20T14:22:52.000Z</time></trkpt>
<trkpt lat="30.6228845309869" lon="104.0676954353855"><ele>469</ele><time>2025-07-20T14:22:53.000Z</time></trkpt>
<trkpt lat="30.6228845309869" lon="104.0676954353855"><ele>469</ele><time>2025-07-20T14:22:54.000Z</time></trkpt>
<trkpt lat="30.6228845309869" lon="104.0676954353855"><ele>469</ele><time>2025-07-20T14:22:55.000Z</time></trkpt>
<trkpt lat="30.6228845309869" lon="104.0676954353855"><ele>470</ele><time>2025-07-20T14:22:56.000Z</time></trkpt>
<trkpt lat="30.6228845309869" lon="104.0676954353855"><ele>470</ele><time>2025-07-20T14:22:57.000Z</time></trkpt>
<trkpt lat="30.6228845309869" lon="104.0676954353855"><ele>470</ele><time>2025-07-20T14:22:58.000Z</time></trkpt>
<trkpt lat="30.6228845309869" lon="104.0676954353855"><ele>469</ele><time>2025-07-20T14:22:59.000Z</time></trkpt>
<trkpt lat="30.6228845309869" lon="104.0676954353855"><ele>468</ele><time>2025-07-20T14:23:00.000Z</time></trkpt>
<trkpt lat="30.6228845309869" lon="104.0676954353855"><ele>469</ele><time>2025-07-20T14:23:01.000Z</time></trkpt>
<trkpt lat="30.6228845309869" lon="104.0676954353855"><ele>470</ele><time>2025-07-20T14:23:02.000Z</time></trkpt>
<trkpt lat="30.6228845309869" lon="104.0676954353855"><ele>475</ele><time>2025-07-20T14:23:03.000Z</time></trkpt>
<trkpt lat="30.6228845309869" lon="104.0676954353855"><ele>475</ele><time>2025-07-20T14:23:04.000Z</time></trkpt>
<trkpt lat="30.6228845309869" lon="104.0676954353855"><ele>476</ele><time>2025-07-20T14:23:05.000Z</time></trkpt>
<trkpt lat="30.6228845309869" lon="104.0676954353855"><ele>476</ele><time>2025-07-20T14:23:06.000Z</time></trkpt>
<trkpt lat="30.6228845309869" lon="104.0676954353855"><ele>476</ele><time>2025-07-20T14:23:07.000Z</time></trkpt>
<trkpt lat="30.6228845309869" lon="104.0676954353855"><ele>477</ele><time>2025-07-20T14:23:08.000Z</time></trkpt>
<trkpt lat="30.6228845309869" lon="104.0676954353855"><ele>477</ele><time>2025-07-20T14:23:09.000Z</time></trkpt>
<trkpt lat="30.6228845309869" lon="104.0676954353855"><ele>477</ele><time>2025-07-20T14:23:10.000Z</time></trkpt>
<trkpt lat="30.6228845309869" lon="104.0676954353855"><ele>478</ele><time>2025-07-20T14:23:11.000Z</time></trkpt>
<trkpt lat="30.6228845309869" lon="104.0676954353855"><ele>478</ele><time>2025-07-20T14:23:12.000Z</time></trkpt>
<trkpt lat="30.6228845309869" lon="104.0676954353855"><ele>478</ele><time>2025-07-20T14:23:13.000Z</time></trkpt>
<trkpt lat="30.6228845309869" lon="104.0676954353855"><ele>479</ele><time>2025-07-20T14:23:14.000Z</time></trkpt>
<trkpt lat="30.6228845309869" lon="104.0676954353855"><ele>479</ele><time>2025-07-20T14:23:15.000Z</time></trkpt>
<trkpt lat="30.6228845309869" lon="104.0676954353855"><ele>479</ele><time>2025-07-20T14:23:16.000Z</time></trkpt>
<trkpt lat="30.6228845309869" lon="104.0676954353855"><ele>480</ele><time>2025-07-20T14:23:17.000Z</time></trkpt>
<trkpt lat="30.6228845309869" lon="104.0676954353855"><ele>480</ele><time>2025-07-20T14:23:18.000Z</time></trkpt>
<trkpt lat="30.6228845309869" lon="104.0676954353855"><ele>480</ele><time>2025-07-20T14:23:19.000Z</time></trkpt>
<trkpt lat="30.6228845309869" lon="104.0676954353855"><ele>480</ele><time>2025-07-20T14:23:20.000Z</time></trkpt>
<trkpt lat="30.6228845309869" lon="104.0676954353855"><ele>480</ele><time>2025-07-20T14:23:21.000Z</time></trkpt>
<trkpt lat="30.6228845309869" lon="104.0676954353855"><ele>480</ele><time>2025-07-20T14:23:22.000Z</time></trkpt>
<trkpt lat="30.6228845309869" lon="104.0676954353855"><ele>481</ele><time>2025-07-20T14:23:23.000Z</time></trkpt>
<trkpt lat="30.6228845309869" lon="104.0676954353855"><ele>481</ele><time>2025-07-20T14:23:24.000Z</time></trkpt>
<trkpt lat="30.6228845309869" lon="104.0676954353855"><ele>482</ele><time>2025-07-20T14:23:25.000Z</time></trkpt>
<trkpt lat="30.6228845309869" lon="104.0676954353855"><ele>482</ele><time>2025-07-20T14:23:26.000Z</time></trkpt>
<trkpt lat="30.6228845309869" lon="104.0676954353855"><ele>482</ele><time>2025-07-20T14:23:27.000Z</time></trkpt>
<trkpt lat="30.6228845309869" lon="104.0676954353855"><ele>481</ele><time>2025-07-20T14:23:28.000Z</time></trkpt>
<trkpt lat="30.6228845309869" lon="104.0676954353855"><ele>481</ele><time>2025-07-20T14:23:29.000Z</time></trkpt>
<trkpt lat="30.6228845309869" lon="104.0676954353855"><ele>481</ele><time>2025-07-20T14:23:30.000Z</time></trkpt>
<trkpt lat="30.6228845309869" lon="104.0676954353855"><ele>480</ele><time>2025-07-20T14:23:31.000Z</time></trkpt>
<trkpt lat="30.6228845309869" lon="104.0676954353855"><ele>480</ele><time>2025-07-20T14:23:32.000Z</time></trkpt>
<trkpt lat="30.6228845309869" lon="104.0676954353855"><ele>480</ele><time>2025-07-20T14:23:33.000Z</time></trkpt>
<trkpt lat="30.6228845309869" lon="104.0676954353855"><ele>479</ele><time>2025-07-20T14:23:34.000Z</time></trkpt>
<trkpt lat="30.6228845309869" lon="104.0676954353855"><ele>480</ele><time>2025-07-20T14:23:35.000Z</time></trkpt>
<trkpt lat="30.6228845309869" lon="104.0676954353855"><ele>480</ele><time>2025-07-20T14:23:36.000Z</time></trkpt>
<trkpt lat="30.6228845309869" lon="104.0676954353855"><ele>480</ele><time>2025-07-20T14:23:37.000Z</time></trkpt>
<trkpt lat="30.6228845309869" lon="104.0676954353855"><ele>480</ele><time>2025-07-20T14:23:38.000Z</time></trkpt>
<trkpt lat="30.6228845309869" lon="104.0676954353855"><ele>481</ele><time>2025-07-20T14:23:39.000Z</time></trkpt>
<trkpt lat="30.6228845309869" lon="104.0676954353855"><ele>481</ele><time>2025-07-20T14:23:40.000Z</time></trkpt>
<trkpt lat="30.6228845309869" lon="104.0676954353855"><ele>481</ele><time>2025-07-20T14:23:41.000Z</time></trkpt>
<trkpt lat="30.6228845309869" lon="104.0676954353855"><ele>482</ele><time>2025-07-20T14:23:42.000Z</time></trkpt>
<trkpt lat="30.6228845309869" lon="104.0676954353855"><ele>481</ele><time>2025-07-20T14:23:43.000Z</time></trkpt>
<trkpt lat="30.6228845309869" lon="104.0676954353855"><ele>482</ele><time>2025-07-20T14:23:44.000Z</time></trkpt>
<trkpt lat="30.6228845309869" lon="104.0676954353855"><ele>482</ele><time>2025-07-20T14:23:45.000Z</time></trkpt>
<trkpt lat="30.6228845309869" lon="104.0676954353855"><ele>482</ele><time>2025-07-20T14:23:46.000Z</time></trkpt>
<trkpt lat="30.6228845309869" lon="104.0676954353855"><ele>482</ele><time>2025-07-20T14:23:47.000Z</time></trkpt>
<trkpt lat="30.6228845309869" lon="104.0676954353855"><ele>483</ele><time>2025-07-20T14:23:48.000Z</time></trkpt>
<trkpt lat="30.6228845309869" lon="104.0676954353855"><ele>483</ele><time>2025-07-20T14:23:49.000Z</time></trkpt>
<trkpt lat="30.6228845309869" lon="104.0676954353855"><ele>482</ele><time>2025-07-20T14:23:50.000Z</time></trkpt>
<trkpt lat="30.6228845309869" lon="104.0676954353855"><ele>482</ele><time>2025-07-20T14:23:51.000Z</time></trkpt>
<trkpt lat="30.6228845309869" lon="104.0676954353855"><ele>482</ele><time>2025-07-20T14:23:52.000Z</time></trkpt>
<trkpt lat="30.6228845309869" lon="104.0676954353855"><ele>482</ele><time>2025-07-20T14:23:53.000Z</time></trkpt>
<trkpt lat="30.6228845309869" lon="104.0676954353855"><ele>481</ele><time>2025-07-20T14:23:54.000Z</time></trkpt>
<trkpt lat="30.6228845309869" lon="104.0676954353855"><ele>481</ele><time>2025-07-20T14:23:55.000Z</time></trkpt>
<trkpt lat="30.6228845309869" lon="104.0676954353855"><ele>481</ele><time>2025-07-20T14:23:56.000Z</time></trkpt>
<trkpt lat="30.6228845309869" lon="104.0676954353855"><ele>481</ele><time>2025-07-20T14:23:57.000Z</time></trkpt>
<trkpt lat="30.6228845309869" lon="104.0676954353855"><ele>481</ele><time>2025-07-20T14:23:58.000Z</time></trkpt>
<trkpt lat="30.6228845309869" lon="104.0676954353855"><ele>481</ele><time>2025-07-20T14:23:59.000Z</time></trkpt>
<trkpt lat="30.6228845309869" lon="104.0676954353855"><ele>481</ele><time>2025-07-20T14:24:00.000Z</time></trkpt>
<trkpt lat="30.6228845309869" lon="104.0676954353855"><ele>481</ele><time>2025-07-20T14:24:01.000Z</time></trkpt>
<trkpt lat="30.6228845309869" lon="104.0676954353855"><ele>480</ele><time>2025-07-20T14:24:02.000Z</time></trkpt>
<trkpt lat="30.6228845309869" lon="104.0676954353855"><ele>480</ele><time>2025-07-20T14:24:03.000Z</time></trkpt>
<trkpt lat="30.6228845309869" lon="104.0676954353855"><ele>480</ele><time>2025-07-20T14:24:04.000Z</time></trkpt>
<trkpt lat="30.6228845309869" lon="104.0676954353855"><ele>480</ele><time>2025-07-20T14:24:05.000Z</time></trkpt>
<trkpt lat="30.6228845309869" lon="104.0676954353855"><ele>480</ele><time>2025-07-20T14:24:06.000Z</time></trkpt>
<trkpt lat="30.6228845309869" lon="104.0676954353855"><ele>480</ele><time>2025-07-20T14:24:07.000Z</time></trkpt>
<trkpt lat="30.6228845309869" lon="104.0676954353855"><ele>480</ele><time>2025-07-20T14:24:08.000Z</time></trkpt>
<trkpt lat="30.6228845309869" lon="104.0676954353855"><ele>479</ele><time>2025-07-20T14:24:09.000Z</time></trkpt>
<trkpt lat="30.6228845309869" lon="104.0676954353855"><ele>479</ele><time>2025-07-20T14:24:10.000Z</time></trkpt>
<trkpt lat="30.6228845309869" lon="104.0676954353855"><ele>479</ele><time>2025-07-20T14:24:11.000Z</time></trkpt>
<trkpt lat="30.6228845309869" lon="104.0676954353855"><ele>479</ele><time>2025-07-20T14:24:12.000Z</time></trkpt>
<trkpt lat="30.6228845309869" lon="104.0676954353855"><ele>479</ele><time>2025-07-20T14:24:13.000Z</time></trkpt>
<trkpt lat="30.6228845309869" lon="104.0676954353855"><ele>479</ele><time>2025-07-20T14:24:14.000Z</time></trkpt>
<trkpt lat="30.6228845309869" lon="104.0676954353855"><ele>478</ele><time>2025-07-20T14:24:15.000Z</time></trkpt>
<trkpt lat="30.6228845309869" lon="104.0676954353855"><ele>478</ele><time>2025-07-20T14:24:16.000Z</time></trkpt>
<trkpt lat="30.6228845309869" lon="104.0676954353855"><ele>478</ele><time>2025-07-20T14:24:17.000Z</time></trkpt>
<trkpt lat="30.6228845309869" lon="104.0676954353855"><ele>478</ele><time>2025-07-20T14:24:18.000Z</time></trkpt>
<trkpt lat="30.6228845309869" lon="104.0676954353855"><ele>478</ele><time>2025-07-20T14:24:19.000Z</time></trkpt>
<trkpt lat="30.6228845309869" lon="104.0676954353855"><ele>477</ele><time>2025-07-20T14:24:20.000Z</time></trkpt>
<trkpt lat="30.6228845309869" lon="104.0676954353855"><ele>478</ele><time>2025-07-20T14:24:21.000Z</time></trkpt>
<trkpt lat="30.6228845309869" lon="104.0676954353855"><ele>478</ele><time>2025-07-20T14:24:22.000Z</time></trkpt>
<trkpt lat="30.6228845309869" lon="104.0676954353855"><ele>478</ele><time>2025-07-20T14:24:23.000Z</time></trkpt>
<trkpt lat="30.6228845309869" lon="104.0676954353855"><ele>477</ele><time>2025-07-20T14:24:24.000Z</time></trkpt>
<trkpt lat="30.6228845309869" lon="104.0676954353855"><ele>477</ele><time>2025-07-20T14:24:25.000Z</time></trkpt>
<trkpt lat="30.6228845309869" lon="104.0676954353855"><ele>477</ele><time>2025-07-20T14:24:26.000Z</time></trkpt>
<trkpt lat="30.6228845309869" lon="104.0676954353855"><ele>478</ele><time>2025-07-20T14:24:27.000Z</time></trkpt>
<trkpt lat="30.6228845309869" lon="104.0676954353855"><ele>478</ele><time>2025-07-20T14:24:28.000Z</time></trkpt>
<trkpt lat="30.6228845309869" lon="104.0676954353855"><ele>478</ele><time>2025-07-20T14:24:29.000Z</time></trkpt>
<trkpt lat="30.6228845309869" lon="104.0676954353855"><ele>478</ele><time>2025-07-20T14:24:30.000Z</time></trkpt>
<trkpt lat="30.6228845309869" lon="104.0676954353855"><ele>479</ele><time>2025-07-20T14:24:31.000Z</time></trkpt>
<trkpt lat="30.6228845309869" lon="104.0676954353855"><ele>479</ele><time>2025-07-20T14:24:32.000Z</time></trkpt>
<trkpt lat="30.6228845309869" lon="104.0676954353855"><ele>479</ele><time>2025-07-20T14:24:33.000Z</time></trkpt>
<trkpt lat="30.6228845309869" lon="104.0676954353855"><ele>479</ele><time>2025-07-20T14:24:34.000Z</time></trkpt>
<trkpt lat="30.6228845309869" lon="104.0676954353855"><ele>479</ele><time>2025-07-20T14:24:35.000Z</time></trkpt>
<trkpt lat="30.6228845309869" lon="104.0676954353855"><ele>479</ele><time>2025-07-20T14:24:36.000Z</time></trkpt>
<trkpt lat="30.6228845309869" lon="104.0676954353855"><ele>480</ele><time>2025-07-20T14:24:37.000Z</time></trkpt>
<trkpt lat="30.6228845309869" lon="104.0676954353855"><ele>480</ele><time>2025-07-20T14:24:38.000Z</time></trkpt>
<trkpt lat="30.6228845309869" lon="104.0676954353855"><ele>480</ele><time>2025-07-20T14:24:39.000Z</time></trkpt>
<trkpt lat="30.6228845309869" lon="104.0676954353855"><ele>481</ele><time>2025-07-20T14:24:40.000Z</time></trkpt>
<trkpt lat="30.6228845309869" lon="104.0676954353855"><ele>481</ele><time>2025-07-20T14:24:41.000Z</time></trkpt>
<trkpt lat="30.6228845309869" lon="104.0676954353855"><ele>481</ele><time>2025-07-20T14:24:42.000Z</time></trkpt>
<trkpt lat="30.6228845309869" lon="104.0676954353855"><ele>481</ele><time>2025-07-20T14:24:43.000Z</time></trkpt>
<trkpt lat="30.6228845309869" lon="104.0676954353855"><ele>480</ele><time>2025-07-20T14:24:44.000Z</time></trkpt>
<trkpt lat="30.6228845309869" lon="104.0676954353855"><ele>481</ele><time>2025-07-20T14:24:45.000Z</time></trkpt>
<trkpt lat="30.6228845309869" lon="104.0676954353855"><ele>480</ele><time>2025-07-20T14:24:46.000Z</time></trkpt>
<trkpt lat="30.6228845309869" lon="104.0676954353855"><ele>480</ele><time>2025-07-20T14:24:47.000Z</time></trkpt>
<trkpt lat="30.6228845309869" lon="104.0676954353855"><ele>480</ele><time>2025-07-20T14:24:48.000Z</time></trkpt>
<trkpt lat="30.6228845309869" lon="104.0676954353855"><ele>480</ele><time>2025-07-20T14:24:49.000Z</time></trkpt>
<trkpt lat="30.6228845309869" lon="104.0676954353855"><ele>480</ele><time>2025-07-20T14:24:50.000Z</time></trkpt>
<trkpt lat="30.6228845309869" lon="104.0676954353855"><ele>480</ele><time>2025-07-20T14:24:51.000Z</time></trkpt>
<trkpt lat="30.6228845309869" lon="104.0676954353855"><ele>480</ele><time>2025-07-20T14:24:52.000Z</time></trkpt>
<trkpt lat="30.6228845309869" lon="104.0676954353855"><ele>480</ele><time>2025-07-20T14:24:53.000Z</time></trkpt>
<trkpt lat="30.6228845309869" lon="104.0676954353855"><ele>479</ele><time>2025-07-20T14:24:54.000Z</time></trkpt>
<trkpt lat="30.6228845309869" lon="104.0676954353855"><ele>479</ele><time>2025-07-20T14:24:55.000Z</time></trkpt>
<trkpt lat="30.6228845309869" lon="104.0676954353855"><ele>479</ele><time>2025-07-20T14:24:56.000Z</time></trkpt>
<trkpt lat="30.6228845309869" lon="104.0676954353855"><ele>479</ele><time>2025-07-20T14:24:57.000Z</time></trkpt>
<trkpt lat="30.6228845309869" lon="104.0676954353855"><ele>479</ele><time>2025-07-20T14:24:58.000Z</time></trkpt>
<trkpt lat="30.6228845309869" lon="104.0676954353855"><ele>479</ele><time>2025-07-20T14:24:59.000Z</time></trkpt>
<trkpt lat="30.6228845309869" lon="104.0676954353855"><ele>479</ele><time>2025-07-20T14:25:00.000Z</time></trkpt>
<trkpt lat="30.6228845309869" lon="104.0676954353855"><ele>479</ele><time>2025-07-20T14:25:01.000Z</time></trkpt>
<trkpt lat="30.6228845309869" lon="104.0676954353855"><ele>479</ele><time>2025-07-20T14:25:02.000Z</time></trkpt>
<trkpt lat="30.6228845309869" lon="104.0676954353855"><ele>479</ele><time>2025-07-20T14:25:03.000Z</time></trkpt>
<trkpt lat="30.6228845309869" lon="104.0676954353855"><ele>479</ele><time>2025-07-20T14:25:04.000Z</time></trkpt>
<trkpt lat="30.6228845309869" lon="104.0676954353855"><ele>479</ele><time>2025-07-20T14:25:05.000Z</time></trkpt>
<trkpt lat="30.6228845309869" lon="104.0676954353855"><ele>479</ele><time>2025-07-20T14:25:06.000Z</time></trkpt>
<trkpt lat="30.6228845309869" lon="104.0676954353855"><ele>479</ele><time>2025-07-20T14:25:07.000Z</time></trkpt>
<trkpt lat="30.6228845309869" lon="104.0676954353855"><ele>479</ele><time>2025-07-20T14:25:08.000Z</time></trkpt>
<trkpt lat="30.6228845309869" lon="104.0676954353855"><ele>478</ele><time>2025-07-20T14:25:09.000Z</time></trkpt>
<trkpt lat="30.6228845309869" lon="104.0676954353855"><ele>478</ele><time>2025-07-20T14:25:10.000Z</time></trkpt>
<trkpt lat="30.6228845309869" lon="104.0676954353855"><ele>478</ele><time>2025-07-20T14:25:11.000Z</time></trkpt>
<trkpt lat="30.6228845309869" lon="104.0676954353855"><ele>478</ele><time>2025-07-20T14:25:12.000Z</time></trkpt>
<trkpt lat="30.6228845309869" lon="104.0676954353855"><ele>478</ele><time>2025-07-20T14:25:13.000Z</time></trkpt>
<trkpt lat="30.6228845309869" lon="104.0676954353855"><ele>479</ele><time>2025-07-20T14:25:14.000Z</time></trkpt>
<trkpt lat="30.6228845309869" lon="104.0676954353855"><ele>479</ele><time>2025-07-20T14:25:15.000Z</time></trkpt>
<trkpt lat="30.6228845309869" lon="104.0676954353855"><ele>478</ele><time>2025-07-20T14:25:16.000Z</time></trkpt>
<trkpt lat="30.6228845309869" lon="104.0676954353855"><ele>478</ele><time>2025-07-20T14:25:17.000Z</time></trkpt>
<trkpt lat="30.6228845309869" lon="104.0676954353855"><ele>478</ele><time>2025-07-20T14:25:18.000Z</time></trkpt>
<trkpt lat="30.6228845309869" lon="104.0676954353855"><ele>478</ele><time>2025-07-20T14:25:19.000Z</time></trkpt>
<trkpt lat="30.6228845309869" lon="104.0676954353855"><ele>478</ele><time>2025-07-20T14:25:20.000Z</time></trkpt>
<trkpt lat="30.6228845309869" lon="104.0676954353855"><ele>478</ele><time>2025-07-20T14:25:21.000Z</time></trkpt>
<trkpt lat="30.6228845309869" lon="104.0676954353855"><ele>478</ele><time>2025-07-20T14:25:22.000Z</time></trkpt>
<trkpt lat="30.6228845309869" lon="104.0676954353855"><ele>478</ele><time>2025-07-20T14:25:23.000Z</time></trkpt>
<trkpt lat="30.6228845309869" lon="104.0676954353855"><ele>478</ele><time>2025-07-20T14:25:24.000Z</time></trkpt>
<trkpt lat="30.6228845309869" lon="104.0676954353855"><ele>478</ele><time>2025-07-20T14:25:25.000Z</time></trkpt>
<trkpt lat="30.6228845309869" lon="104.0676954353855"><ele>478</ele><time>2025-07-20T14:25:26.000Z</time></trkpt>
<trkpt lat="30.6228845309869" lon="104.0676954353855"><ele>478</ele><time>2025-07-20T14:25:27.000Z</time></trkpt>
<trkpt lat="30.6228845309869" lon="104.0676954353855"><ele>479</ele><time>2025-07-20T14:25:28.000Z</time></trkpt>
<trkpt lat="30.6228845309869" lon="104.0676954353855"><ele>479</ele><time>2025-07-20T14:25:29.000Z</time></trkpt>
<trkpt lat="30.6228845309869" lon="104.0676954353855"><ele>479</ele><time>2025-07-20T14:25:30.000Z</time></trkpt>
<trkpt lat="30.6228845309869" lon="104.0676954353855"><ele>479</ele><time>2025-07-20T14:25:31.000Z</time></trkpt>
<trkpt lat="30.6228845309869" lon="104.0676954353855"><ele>479</ele><time>2025-07-20T14:25:32.000Z</time></trkpt>
<trkpt lat="30.6228845309869" lon="104.0676954353855"><ele>478</ele><time>2025-07-20T14:25:33.000Z</time></trkpt>
<trkpt lat="30.6228845309869" lon="104.0676954353855"><ele>479</ele><time>2025-07-20T14:25:34.000Z</time></trkpt>
<trkpt lat="30.6228845309869" lon="104.0676954353855"><ele>478</ele><time>2025-07-20T14:25:35.000Z</time></trkpt>
<trkpt lat="30.6228845309869" lon="104.0676954353855"><ele>479</ele><time>2025-07-20T14:25:36.000Z</time></trkpt>
<trkpt lat="30.6228845309869" lon="104.0676954353855"><ele>478</ele><time>2025-07-20T14:25:37.000Z</time></trkpt>
<trkpt lat="30.6228845309869" lon="104.0676954353855"><ele>477</ele><time>2025-07-20T14:25:38.000Z</time></trkpt>
<trkpt lat="30.6228845309869" lon="104.0676954353855"><ele>477</ele><time>2025-07-20T14:25:39.000Z</time></trkpt>
<trkpt lat="30.6228845309869" lon="104.0676954353855"><ele>478</ele><time>2025-07-20T14:25:40.000Z</time></trkpt>
<trkpt lat="30.6228845309869" lon="104.0676954353855"><ele>478</ele><time>2025-07-20T14:25:41.000Z</time></trkpt>
<trkpt lat="30.6228845309869" lon="104.0676954353855"><ele>477</ele><time>2025-07-20T14:25:42.000Z</time></trkpt>
<trkpt lat="30.6228845309869" lon="104.0676954353855"><ele>477</ele><time>2025-07-20T14:25:43.000Z</time></trkpt>
<trkpt lat="30.6228845309869" lon="104.0676954353855"><ele>479</ele><time>2025-07-20T14:25:44.000Z</time></trkpt>
<trkpt lat="30.6228845309869" lon="104.0676954353855"><ele>480</ele><time>2025-07-20T14:25:45.000Z</time></trkpt>
<trkpt lat="30.6228845309869" lon="104.0676954353855"><ele>479</ele><time>2025-07-20T14:25:46.000Z</time></trkpt>
<trkpt lat="30.6228845309869" lon="104.0676954353855"><ele>479</ele><time>2025-07-20T14:25:47.000Z</time></trkpt>
<trkpt lat="30.6228845309869" lon="104.0676954353855"><ele>479</ele><time>2025-07-20T14:25:48.000Z</time></trkpt>
<trkpt lat="30.6228845309869" lon="104.0676954353855"><ele>480</ele><time>2025-07-20T14:25:49.000Z</time></trkpt>
<trkpt lat="30.6228845309869" lon="104.0676954353855"><ele>480</ele><time>2025-07-20T14:25:50.000Z</time></trkpt>
<trkpt lat="30.6228845309869" lon="104.0676954353855"><ele>481</ele><time>2025-07-20T14:25:51.000Z</time></trkpt>
<trkpt lat="30.6228845309869" lon="104.0676954353855"><ele>481</ele><time>2025-07-20T14:25:52.000Z</time></trkpt>
<trkpt lat="30.6228845309869" lon="104.0676954353855"><ele>482</ele><time>2025-07-20T14:25:53.000Z</time></trkpt>
<trkpt lat="30.6228845309869" lon="104.0676954353855"><ele>482</ele><time>2025-07-20T14:25:54.000Z</time></trkpt>
<trkpt lat="30.6228845309869" lon="104.0676954353855"><ele>482</ele><time>2025-07-20T14:25:55.000Z</time></trkpt>
<trkpt lat="30.6228845309869" lon="104.0676954353855"><ele>483</ele><time>2025-07-20T14:25:56.000Z</time></trkpt>
<trkpt lat="30.6228845309869" lon="104.0676954353855"><ele>483</ele><time>2025-07-20T14:25:57.000Z</time></trkpt>
<trkpt lat="30.6228845309869" lon="104.0676954353855"><ele>483</ele><time>2025-07-20T14:25:58.000Z</time></trkpt>
<trkpt lat="30.6228845309869" lon="104.0676954353855"><ele>484</ele><time>2025-07-20T14:25:59.000Z</time></trkpt>
<trkpt lat="30.6228845309869" lon="104.0676954353855"><ele>483</ele><time>2025-07-20T14:26:00.000Z</time></trkpt>
<trkpt lat="30.6228845309869" lon="104.0676954353855"><ele>484</ele><time>2025-07-20T14:26:01.000Z</time></trkpt>
<trkpt lat="30.6228845309869" lon="104.0676954353855"><ele>484</ele><time>2025-07-20T14:26:02.000Z</time></trkpt>
<trkpt lat="30.6228845309869" lon="104.0676954353855"><ele>484</ele><time>2025-07-20T14:26:03.000Z</time></trkpt>
<trkpt lat="30.6228845309869" lon="104.0676954353855"><ele>484</ele><time>2025-07-20T14:26:04.000Z</time></trkpt>
<trkpt lat="30.6228845309869" lon="104.0676954353855"><ele>484</ele><time>2025-07-20T14:26:05.000Z</time></trkpt>
<trkpt lat="30.6228845309869" lon="104.0676954353855"><ele>484</ele><time>2025-07-20T14:26:06.000Z</time></trkpt>
<trkpt lat="30.6228845309869" lon="104.0676954353855"><ele>484</ele><time>2025-07-20T14:26:07.000Z</time></trkpt>
<trkpt lat="30.6228845309869" lon="104.0676954353855"><ele>484</ele><time>2025-07-20T14:26:08.000Z</time></trkpt>
<trkpt lat="30.6228845309869" lon="104.0676954353855"><ele>485</ele><time>2025-07-20T14:26:09.000Z</time></trkpt>
<trkpt lat="30.6228845309869" lon="104.0676954353855"><ele>484</ele><time>2025-07-20T14:26:10.000Z</time></trkpt>
<trkpt lat="30.6228845309869" lon="104.0676954353855"><ele>484</ele><time>2025-07-20T14:26:11.000Z</time></trkpt>
<trkpt lat="30.6228845309869" lon="104.0676954353855"><ele>484</ele><time>2025-07-20T14:26:12.000Z</time></trkpt>
<trkpt lat="30.6228845309869" lon="104.0676954353855"><ele>484</ele><time>2025-07-20T14:26:13.000Z</time></trkpt>
<trkpt lat="30.6228845309869" lon="104.0676954353855"><ele>484</ele><time>2025-07-20T14:26:14.000Z</time></trkpt>
<trkpt lat="30.6228845309869" lon="104.0676954353855"><ele>484</ele><time>2025-07-20T14:26:15.000Z</time></trkpt>
<trkpt lat="30.6228845309869" lon="104.0676954353855"><ele>484</ele><time>2025-07-20T14:26:16.000Z</time></trkpt>
<trkpt lat="30.6228845309869" lon="104.0676954353855"><ele>484</ele><time>2025-07-20T14:26:17.000Z</time></trkpt>
<trkpt lat="30.6228845309869" lon="104.0676954353855"><ele>484</ele><time>2025-07-20T14:26:18.000Z</time></trkpt>
<trkpt lat="30.6228845309869" lon="104.0676954353855"><ele>485</ele><time>2025-07-20T14:26:19.000Z</time></trkpt>
<trkpt lat="30.6228845309869" lon="104.0676954353855"><ele>484</ele><time>2025-07-20T14:26:20.000Z</time></trkpt>
<trkpt lat="30.6228845309869" lon="104.0676954353855"><ele>485</ele><time>2025-07-20T14:26:21.000Z</time></trkpt>
<trkpt lat="30.6228845309869" lon="104.0676954353855"><ele>484</ele><time>2025-07-20T14:26:22.000Z</time></trkpt>
<trkpt lat="30.6228845309869" lon="104.0676954353855"><ele>484</ele><time>2025-07-20T14:26:23.000Z</time></trkpt>
<trkpt lat="30.6228845309869" lon="104.0676954353855"><ele>485</ele><time>2025-07-20T14:26:24.000Z</time></trkpt>
<trkpt lat="30.6228845309869" lon="104.0676954353855"><ele>484</ele><time>2025-07-20T14:26:25.000Z</time></trkpt>
<trkpt lat="30.6228845309869" lon="104.0676954353855"><ele>483</ele><time>2025-07-20T14:26:26.000Z</time></trkpt>
<trkpt lat="30.6228845309869" lon="104.0676954353855"><ele>484</ele><time>2025-07-20T14:26:27.000Z</time></trkpt>
<trkpt lat="30.6228845309869" lon="104.0676954353855"><ele>483</ele><time>2025-07-20T14:26:28.000Z</time></trkpt>
<trkpt lat="30.6228845309869" lon="104.0676954353855"><ele>483</ele><time>2025-07-20T14:26:29.000Z</time></trkpt>
<trkpt lat="30.6228845309869" lon="104.0676954353855"><ele>482</ele><time>2025-07-20T14:26:30.000Z</time></trkpt>
<trkpt lat="30.6228845309869" lon="104.0676954353855"><ele>482</ele><time>2025-07-20T14:26:31.000Z</time></trkpt>
<trkpt lat="30.6228845309869" lon="104.0676954353855"><ele>482</ele><time>2025-07-20T14:26:32.000Z</time></trkpt>
<trkpt lat="30.6228845309869" lon="104.0676954353855"><ele>482</ele><time>2025-07-20T14:26:33.000Z</time></trkpt>
<trkpt lat="30.6228845309869" lon="104.0676954353855"><ele>482</ele><time>2025-07-20T14:26:34.000Z</time></trkpt>
<trkpt lat="30.6228845309869" lon="104.0676954353855"><ele>482</ele><time>2025-07-20T14:26:35.000Z</time></trkpt>
<trkpt lat="30.6228845309869" lon="104.0676954353855"><ele>481</ele><time>2025-07-20T14:26:36.000Z</time></trkpt>
<trkpt lat="30.6228845309869" lon="104.0676954353855"><ele>481</ele><time>2025-07-20T14:26:37.000Z</time></trkpt>
<trkpt lat="30.6228845309869" lon="104.0676954353855"><ele>480</ele><time>2025-07-20T14:26:38.000Z</time></trkpt>
<trkpt lat="30.6228845309869" lon="104.0676954353855"><ele>480</ele><time>2025-07-20T14:26:39.000Z</time></trkpt>
<trkpt lat="30.6228845309869" lon="104.0676954353855"><ele>480</ele><time>2025-07-20T14:26:40.000Z</time></trkpt>
<trkpt lat="30.6228845309869" lon="104.0676954353855"><ele>480</ele><time>2025-07-20T14:26:41.000Z</time></trkpt>
<trkpt lat="30.6228845309869" lon="104.0676954353855"><ele>480</ele><time>2025-07-20T14:26:42.000Z</time></trkpt>
<trkpt lat="30.6228845309869" lon="104.0676954353855"><ele>479</ele><time>2025-07-20T14:26:43.000Z</time></trkpt>
<trkpt lat="30.6228845309869" lon="104.0676954353855"><ele>479</ele><time>2025-07-20T14:26:44.000Z</time></trkpt>
<trkpt lat="30.6228845309869" lon="104.0676954353855"><ele>479</ele><time>2025-07-20T14:26:45.000Z</time></trkpt>
<trkpt lat="30.6228845309869" lon="104.0676954353855"><ele>479</ele><time>2025-07-20T14:26:46.000Z</time></trkpt>
<trkpt lat="30.6228845309869" lon="104.0676954353855"><ele>479</ele><time>2025-07-20T14:26:47.000Z</time></trkpt>
<trkpt lat="30.6228845309869" lon="104.0676954353855"><ele>479</ele><time>2025-07-20T14:26:48.000Z</time></trkpt>
<trkpt lat="30.6228845309869" lon="104.0676954353855"><ele>479</ele><time>2025-07-20T14:26:49.000Z</time></trkpt>
<trkpt lat="30.6228845309869" lon="104.0676954353855"><ele>479</ele><time>2025-07-20T14:26:50.000Z</time></trkpt>
<trkpt lat="30.6228845309869" lon="104.0676954353855"><ele>479</ele><time>2025-07-20T14:26:51.000Z</time></trkpt>
<trkpt lat="30.6228845309869" lon="104.0676954353855"><ele>479</ele><time>2025-07-20T14:26:52.000Z</time></trkpt>
<trkpt lat="30.6228845309869" lon="104.0676954353855"><ele>479</ele><time>2025-07-20T14:26:53.000Z</time></trkpt>
<trkpt lat="30.6228845309869" lon="104.0676954353855"><ele>479</ele><time>2025-07-20T14:26:54.000Z</time></trkpt>
<trkpt lat="30.6228845309869" lon="104.0676954353855"><ele>479</ele><time>2025-07-20T14:26:55.000Z</time></trkpt>
<trkpt lat="30.6228845309869" lon="104.0676954353855"><ele>479</ele><time>2025-07-20T14:26:56.000Z</time></trkpt>
<trkpt lat="30.6228845309869" lon="104.0676954353855"><ele>479</ele><time>2025-07-20T14:26:57.000Z</time></trkpt>
<trkpt lat="30.6228845309869" lon="104.0676954353855"><ele>479</ele><time>2025-07-20T14:26:58.000Z</time></trkpt>
<trkpt lat="30.6228845309869" lon="104.0676954353855"><ele>479</ele><time>2025-07-20T14:26:59.000Z</time></trkpt>
<trkpt lat="30.6228845309869" lon="104.0676954353855"><ele>479</ele><time>2025-07-20T14:27:00.000Z</time></trkpt>
<trkpt lat="30.6228845309869" lon="104.0676954353855"><ele>479</ele><time>2025-07-20T14:27:01.000Z</time></trkpt>
<trkpt lat="30.6228845309869" lon="104.0676954353855"><ele>479</ele><time>2025-07-20T14:27:02.000Z</time></trkpt>
<trkpt lat="30.6228845309869" lon="104.0676954353855"><ele>479</ele><time>2025-07-20T14:27:03.000Z</time></trkpt>
<trkpt lat="30.6228845309869" lon="104.0676954353855"><ele>479</ele><time>2025-07-20T14:27:04.000Z</time></trkpt>
<trkpt lat="30.6228845309869" lon="104.0676954353855"><ele>479</ele><time>2025-07-20T14:27:05.000Z</time></trkpt>
<trkpt lat="30.6228845309869" lon="104.0676954353855"><ele>479</ele><time>2025-07-20T14:27:06.000Z</time></trkpt>
<trkpt lat="30.6228845309869" lon="104.0676954353855"><ele>479</ele><time>2025-07-20T14:27:07.000Z</time></trkpt>
<trkpt lat="30.6228845309869" lon="104.0676954353855"><ele>479</ele><time>2025-07-20T14:27:08.000Z</time></trkpt>
<trkpt lat="30.6228845309869" lon="104.0676954353855"><ele>479</ele><time>2025-07-20T14:27:09.000Z</time></trkpt>
<trkpt lat="30.6228845309869" lon="104.0676954353855"><ele>479</ele><time>2025-07-20T14:27:10.000Z</time></trkpt>
<trkpt lat="30.6228845309869" lon="104.0676954353855"><ele>480</ele><time>2025-07-20T14:27:11.000Z</time></trkpt>
<trkpt lat="30.6228845309869" lon="104.0676954353855"><ele>480</ele><time>2025-07-20T14:27:12.000Z</time></trkpt>
<trkpt lat="30.6228845309869" lon="104.0676954353855"><ele>480</ele><time>2025-07-20T14:27:13.000Z</time></trkpt>
<trkpt lat="30.6228845309869" lon="104.0676954353855"><ele>480</ele><time>2025-07-20T14:27:14.000Z</time></trkpt>
<trkpt lat="30.6228845309869" lon="104.0676954353855"><ele>480</ele><time>2025-07-20T14:27:15.000Z</time></trkpt>
<trkpt lat="30.6228845309869" lon="104.0676954353855"><ele>480</ele><time>2025-07-20T14:27:16.000Z</time></trkpt>
<trkpt lat="30.6228845309869" lon="104.0676954353855"><ele>480</ele><time>2025-07-20T14:27:17.000Z</time></trkpt>
<trkpt lat="30.6228845309869" lon="104.0676954353855"><ele>481</ele><time>2025-07-20T14:27:18.000Z</time></trkpt>
<trkpt lat="30.6228845309869" lon="104.0676954353855"><ele>481</ele><time>2025-07-20T14:27:19.000Z</time></trkpt>
<trkpt lat="30.6228845309869" lon="104.0676954353855"><ele>481</ele><time>2025-07-20T14:27:20.000Z</time></trkpt>
<trkpt lat="30.6228845309869" lon="104.0676954353855"><ele>480</ele><time>2025-07-20T14:27:21.000Z</time></trkpt>
<trkpt lat="30.6228845309869" lon="104.0676954353855"><ele>480</ele><time>2025-07-20T14:27:22.000Z</time></trkpt>
<trkpt lat="30.6228845309869" lon="104.0676954353855"><ele>480</ele><time>2025-07-20T14:27:23.000Z</time></trkpt>
<trkpt lat="30.6228845309869" lon="104.0676954353855"><ele>480</ele><time>2025-07-20T14:27:24.000Z</time></trkpt>
<trkpt lat="30.6228845309869" lon="104.0676954353855"><ele>480</ele><time>2025-07-20T14:27:25.000Z</time></trkpt>
<trkpt lat="30.6228845309869" lon="104.0676954353855"><ele>480</ele><time>2025-07-20T14:27:26.000Z</time></trkpt>
<trkpt lat="30.6228845309869" lon="104.0676954353855"><ele>480</ele><time>2025-07-20T14:27:27.000Z</time></trkpt>
<trkpt lat="30.6228845309869" lon="104.0676954353855"><ele>480</ele><time>2025-07-20T14:27:28.000Z</time></trkpt>
<trkpt lat="30.6228845309869" lon="104.0676954353855"><ele>480</ele><time>2025-07-20T14:27:29.000Z</time></trkpt>
<trkpt lat="30.6228845309869" lon="104.0676954353855"><ele>480</ele><time>2025-07-20T14:27:30.000Z</time></trkpt>
<trkpt lat="30.6228845309869" lon="104.0676954353855"><ele>480</ele><time>2025-07-20T14:27:31.000Z</time></trkpt>
<trkpt lat="30.6228845309869" lon="104.0676954353855"><ele>481</ele><time>2025-07-20T14:27:32.000Z</time></trkpt>
<trkpt lat="30.6228845309869" lon="104.0676954353855"><ele>480</ele><time>2025-07-20T14:27:33.000Z</time></trkpt>
<trkpt lat="30.6228845309869" lon="104.0676954353855"><ele>480</ele><time>2025-07-20T14:27:34.000Z</time></trkpt>
<trkpt lat="30.6228845309869" lon="104.0676954353855"><ele>480</ele><time>2025-07-20T14:27:35.000Z</time></trkpt>
<trkpt lat="30.6228845309869" lon="104.0676954353855"><ele>480</ele><time>2025-07-20T14:27:36.000Z</time></trkpt>
<trkpt lat="30.6228845309869" lon="104.0676954353855"><ele>480</ele><time>2025-07-20T14:27:37.000Z</time></trkpt>
<trkpt lat="30.6228845309869" lon="104.0676954353855"><ele>481</ele><time>2025-07-20T14:27:38.000Z</time></trkpt>
<trkpt lat="30.6228845309869" lon="104.0676954353855"><ele>481</ele><time>2025-07-20T14:27:39.000Z</time></trkpt>
<trkpt lat="30.6228845309869" lon="104.0676954353855"><ele>481</ele><time>2025-07-20T14:27:40.000Z</time></trkpt>
<trkpt lat="30.6228845309869" lon="104.0676954353855"><ele>480</ele><time>2025-07-20T14:27:41.000Z</time></trkpt>
<trkpt lat="30.6228845309869" lon="104.0676954353855"><ele>480</ele><time>2025-07-20T14:27:42.000Z</time></trkpt>
<trkpt lat="30.6228845309869" lon="104.0676954353855"><ele>480</ele><time>2025-07-20T14:27:43.000Z</time></trkpt>
<trkpt lat="30.6228845309869" lon="104.0676954353855"><ele>481</ele><time>2025-07-20T14:27:44.000Z</time></trkpt>
<trkpt lat="30.6228845309869" lon="104.0676954353855"><ele>480</ele><time>2025-07-20T14:27:45.000Z</time></trkpt>
<trkpt lat="30.6228845309869" lon="104.0676954353855"><ele>480</ele><time>2025-07-20T14:27:46.000Z</time></trkpt>
<trkpt lat="30.6228845309869" lon="104.0676954353855"><ele>480</ele><time>2025-07-20T14:27:47.000Z</time></trkpt>
<trkpt lat="30.6228845309869" lon="104.0676954353855"><ele>480</ele><time>2025-07-20T14:27:48.000Z</time></trkpt>
<trkpt lat="30.6228845309869" lon="104.0676954353855"><ele>480</ele><time>2025-07-20T14:27:49.000Z</time></trkpt>
<trkpt lat="30.6228845309869" lon="104.0676954353855"><ele>480</ele><time>2025-07-20T14:27:50.000Z</time></trkpt>
<trkpt lat="30.6228845309869" lon="104.0676954353855"><ele>480</ele><time>2025-07-20T14:27:51.000Z</time></trkpt>
<trkpt lat="30.6228845309869" lon="104.0676954353855"><ele>480</ele><time>2025-07-20T14:27:52.000Z</time></trkpt>
<trkpt lat="30.6228845309869" lon="104.0676954353855"><ele>481</ele><time>2025-07-20T14:27:53.000Z</time></trkpt>
<trkpt lat="30.6228845309869" lon="104.0676954353855"><ele>482</ele><time>2025-07-20T14:27:54.000Z</time></trkpt>
<trkpt lat="30.6228845309869" lon="104.0676954353855"><ele>482</ele><time>2025-07-20T14:27:55.000Z</time></trkpt>
<trkpt lat="30.6228845309869" lon="104.0676954353855"><ele>482</ele><time>2025-07-20T14:27:56.000Z</time></trkpt>
<trkpt lat="30.6228845309869" lon="104.0676954353855"><ele>482</ele><time>2025-07-20T14:27:57.000Z</time></trkpt>
<trkpt lat="30.6228845309869" lon="104.0676954353855"><ele>482</ele><time>2025-07-20T14:27:58.000Z</time></trkpt>
<trkpt lat="30.6228845309869" lon="104.0676954353855"><ele>481</ele><time>2025-07-20T14:27:59.000Z</time></trkpt>
<trkpt lat="30.6228845309869" lon="104.0676954353855"><ele>480</ele><time>2025-07-20T14:28:00.000Z</time></trkpt>
<trkpt lat="30.6228845309869" lon="104.0676954353855"><ele>481</ele><time>2025-07-20T14:28:01.000Z</time></trkpt>
<trkpt lat="30.6228845309869" lon="104.0676954353855"><ele>480</ele><time>2025-07-20T14:28:02.000Z</time></trkpt>
<trkpt lat="30.6228845309869" lon="104.0676954353855"><ele>481</ele><time>2025-07-20T14:28:03.000Z</time></trkpt>
<trkpt lat="30.6228845309869" lon="104.0676954353855"><ele>482</ele><time>2025-07-20T14:28:04.000Z</time></trkpt>
<trkpt lat="30.6228845309869" lon="104.0676954353855"><ele>481</ele><time>2025-07-20T14:28:05.000Z</time></trkpt>
<trkpt lat="30.6228845309869" lon="104.0676954353855"><ele>481</ele><time>2025-07-20T14:28:06.000Z</time></trkpt>
<trkpt lat="30.6228845309869" lon="104.0676954353855"><ele>481</ele><time>2025-07-20T14:28:07.000Z</time></trkpt>
<trkpt lat="30.6228845309869" lon="104.0676954353855"><ele>482</ele><time>2025-07-20T14:28:08.000Z</time></trkpt>
<trkpt lat="30.6228845309869" lon="104.0676954353855"><ele>481</ele><time>2025-07-20T14:28:09.000Z</time></trkpt>
<trkpt lat="30.6228845309869" lon="104.0676954353855"><ele>478</ele><time>2025-07-20T14:28:10.000Z</time></trkpt>
<trkpt lat="30.6228845309869" lon="104.0676954353855"><ele>476</ele><time>2025-07-20T14:28:11.000Z</time></trkpt>
<trkpt lat="30.6228845309869" lon="104.0676954353855"><ele>477</ele><time>2025-07-20T14:28:12.000Z</time></trkpt>
<trkpt lat="30.6228845309869" lon="104.0676954353855"><ele>476</ele><time>2025-07-20T14:28:13.000Z</time></trkpt>
<trkpt lat="30.6228845309869" lon="104.0676954353855"><ele>476</ele><time>2025-07-20T14:28:14.000Z</time></trkpt>
<trkpt lat="30.6228845309869" lon="104.0676954353855"><ele>475</ele><time>2025-07-20T14:28:15.000Z</time></trkpt>
<trkpt lat="30.6228845309869" lon="104.0676954353855"><ele>475</ele><time>2025-07-20T14:28:16.000Z</time></trkpt>
<trkpt lat="30.6228845309869" lon="104.0676954353855"><ele>475</ele><time>2025-07-20T14:28:17.000Z</time></trkpt>
<trkpt lat="30.6228845309869" lon="104.0676954353855"><ele>474</ele><time>2025-07-20T14:28:18.000Z</time></trkpt>
<trkpt lat="30.6228845309869" lon="104.0676954353855"><ele>474</ele><time>2025-07-20T14:28:19.000Z</time></trkpt>
<trkpt lat="30.6228845309869" lon="104.0676954353855"><ele>472</ele><time>2025-07-20T14:28:20.000Z</time></trkpt>
<trkpt lat="30.6228845309869" lon="104.0676954353855"><ele>473</ele><time>2025-07-20T14:28:21.000Z</time></trkpt>
<trkpt lat="30.6228845309869" lon="104.0676954353855"><ele>473</ele><time>2025-07-20T14:28:22.000Z</time></trkpt>
<trkpt lat="30.6228845309869" lon="104.0676954353855"><ele>473</ele><time>2025-07-20T14:28:23.000Z</time></trkpt>
<trkpt lat="30.6228845309869" lon="104.0676954353855"><ele>472</ele><time>2025-07-20T14:28:24.000Z</time></trkpt>
<trkpt lat="30.6228845309869" lon="104.0676954353855"><ele>472</ele><time>2025-07-20T14:28:25.000Z</time></trkpt>
<trkpt lat="30.6228845309869" lon="104.0676954353855"><ele>472</ele><time>2025-07-20T14:28:26.000Z</time></trkpt>
<trkpt lat="30.6228845309869" lon="104.0676954353855"><ele>472</ele><time>2025-07-20T14:28:27.000Z</time></trkpt>
<trkpt lat="30.6228845309869" lon="104.0676954353855"><ele>471</ele><time>2025-07-20T14:28:28.000Z</time></trkpt>
<trkpt lat="30.6228845309869" lon="104.0676954353855"><ele>471</ele><time>2025-07-20T14:28:29.000Z</time></trkpt>
<trkpt lat="30.6228845309869" lon="104.0676954353855"><ele>470</ele><time>2025-07-20T14:28:30.000Z</time></trkpt>
<trkpt lat="30.6228845309869" lon="104.0676954353855"><ele>469</ele><time>2025-07-20T14:28:31.000Z</time></trkpt>
<trkpt lat="30.6228845309869" lon="104.0676954353855"><ele>467</ele><time>2025-07-20T14:28:32.000Z</time></trkpt>
<trkpt lat="30.6228845309869" lon="104.0676954353855"><ele>466</ele><time>2025-07-20T14:28:33.000Z</time></trkpt>
<trkpt lat="30.6228845309869" lon="104.0676954353855"><ele>465</ele><time>2025-07-20T14:28:34.000Z</time></trkpt>
<trkpt lat="30.6228845309869" lon="104.0676954353855"><ele>467</ele><time>2025-07-20T14:28:35.000Z</time></trkpt>
<trkpt lat="30.6228845309869" lon="104.0676954353855"><ele>467</ele><time>2025-07-20T14:28:36.000Z</time></trkpt>
<trkpt lat="30.6228845309869" lon="104.0676954353855"><ele>475</ele><time>2025-07-20T14:28:37.000Z</time></trkpt>
<trkpt lat="30.6228845309869" lon="104.0676954353855"><ele>478</ele><time>2025-07-20T14:28:38.000Z</time></trkpt>
<trkpt lat="30.6228845309869" lon="104.0676954353855"><ele>480</ele><time>2025-07-20T14:28:39.000Z</time></trkpt>
<trkpt lat="30.6228845309869" lon="104.0676954353855"><ele>480</ele><time>2025-07-20T14:28:40.000Z</time></trkpt>
<trkpt lat="30.6228845309869" lon="104.0676954353855"><ele>481</ele><time>2025-07-20T14:28:41.000Z</time></trkpt>
<trkpt lat="30.6228845309869" lon="104.0676954353855"><ele>481</ele><time>2025-07-20T14:28:42.000Z</time></trkpt>
<trkpt lat="30.6228845309869" lon="104.0676954353855"><ele>480</ele><time>2025-07-20T14:28:43.000Z</time></trkpt>
<trkpt lat="30.6228845309869" lon="104.0676954353855"><ele>480</ele><time>2025-07-20T14:28:44.000Z</time></trkpt>
<trkpt lat="30.6228845309869" lon="104.0676954353855"><ele>479</ele><time>2025-07-20T14:28:45.000Z</time></trkpt>
<trkpt lat="30.6228845309869" lon="104.0676954353855"><ele>478</ele><time>2025-07-20T14:28:46.000Z</time></trkpt>
<trkpt lat="30.6228845309869" lon="104.0676954353855"><ele>478</ele><time>2025-07-20T14:28:47.000Z</time></trkpt>
<trkpt lat="30.6228845309869" lon="104.0676954353855"><ele>477</ele><time>2025-07-20T14:28:48.000Z</time></trkpt>
<trkpt lat="30.6228845309869" lon="104.0676954353855"><ele>477</ele><time>2025-07-20T14:28:49.000Z</time></trkpt>
<trkpt lat="30.6228845309869" lon="104.0676954353855"><ele>476</ele><time>2025-07-20T14:28:50.000Z</time></trkpt>
<trkpt lat="30.6228845309869" lon="104.0676954353855"><ele>476</ele><time>2025-07-20T14:28:51.000Z</time></trkpt>
<trkpt lat="30.6228845309869" lon="104.0676954353855"><ele>476</ele><time>2025-07-20T14:28:52.000Z</time></trkpt>
<trkpt lat="30.6228845309869" lon="104.0676954353855"><ele>476</ele><time>2025-07-20T14:28:53.000Z</time></trkpt>
<trkpt lat="30.6228845309869" lon="104.0676954353855"><ele>476</ele><time>2025-07-20T14:28:54.000Z</time></trkpt>
<trkpt lat="30.6228845309869" lon="104.0676954353855"><ele>476</ele><time>2025-07-20T14:28:55.000Z</time></trkpt>
<trkpt lat="30.6228845309869" lon="104.0676954353855"><ele>476</ele><time>2025-07-20T14:28:56.000Z</time></trkpt>
<trkpt lat="30.6228845309869" lon="104.0676954353855"><ele>476</ele><time>2025-07-20T14:28:57.000Z</time></trkpt>
<trkpt lat="30.6228845309869" lon="104.0676954353855"><ele>476</ele><time>2025-07-20T14:28:58.000Z</time></trkpt>
<trkpt lat="30.6228845309869" lon="104.0676954353855"><ele>476</ele><time>2025-07-20T14:28:59.000Z</time></trkpt>
<trkpt lat="30.6228845309869" lon="104.0676954353855"><ele>476</ele><time>2025-07-20T14:29:00.000Z</time></trkpt>
<trkpt lat="30.6228845309869" lon="104.0676954353855"><ele>475</ele><time>2025-07-20T14:29:01.000Z</time></trkpt>
<trkpt lat="30.6228845309869" lon="104.0676954353855"><ele>476</ele><time>2025-07-20T14:29:02.000Z</time></trkpt>
<trkpt lat="30.6228845309869" lon="104.0676954353855"><ele>476</ele><time>2025-07-20T14:29:03.000Z</time></trkpt>
<trkpt lat="30.6228845309869" lon="104.0676954353855"><ele>476</ele><time>2025-07-20T14:29:04.000Z</time></trkpt>
<trkpt lat="30.6228845309869" lon="104.0676954353855"><ele>476</ele><time>2025-07-20T14:29:05.000Z</time></trkpt>
<trkpt lat="30.6228845309869" lon="104.0676954353855"><ele>476</ele><time>2025-07-20T14:29:06.000Z</time></trkpt>
<trkpt lat="30.6228845309869" lon="104.0676954353855"><ele>475</ele><time>2025-07-20T14:29:07.000Z</time></trkpt>
<trkpt lat="30.6228845309869" lon="104.0676954353855"><ele>475</ele><time>2025-07-20T14:29:08.000Z</time></trkpt>
<trkpt lat="30.6228845309869" lon="104.0676954353855"><ele>475</ele><time>2025-07-20T14:29:09.000Z</time></trkpt>
<trkpt lat="30.6228845309869" lon="104.0676954353855"><ele>476</ele><time>2025-07-20T14:29:10.000Z</time></trkpt>
<trkpt lat="30.6228845309869" lon="104.0676954353855"><ele>476</ele><time>2025-07-20T14:29:11.000Z</time></trkpt>
<trkpt lat="30.6228845309869" lon="104.0676954353855"><ele>476</ele><time>2025-07-20T14:29:12.000Z</time></trkpt>
<trkpt lat="30.6228845309869" lon="104.0676954353855"><ele>476</ele><time>2025-07-20T14:29:13.000Z</time></trkpt>
<trkpt lat="30.6228845309869" lon="104.0676954353855"><ele>476</ele><time>2025-07-20T14:29:14.000Z</time></trkpt>
<trkpt lat="30.6228845309869" lon="104.0676954353855"><ele>476</ele><time>2025-07-20T14:29:15.000Z</time></trkpt>
<trkpt lat="30.6228845309869" lon="104.0676954353855"><ele>476</ele><time>2025-07-20T14:29:16.000Z</time></trkpt>
<trkpt lat="30.6228845309869" lon="104.0676954353855"><ele>476</ele><time>2025-07-20T14:29:17.000Z</time></trkpt>
<trkpt lat="30.6228845309869" lon="104.0676954353855"><ele>476</ele><time>2025-07-20T14:29:18.000Z</time></trkpt>
<trkpt lat="30.6228845309869" lon="104.0676954353855"><ele>476</ele><time>2025-07-20T14:29:19.000Z</time></trkpt>
<trkpt lat="30.6228845309869" lon="104.0676954353855"><ele>477</ele><time>2025-07-20T14:29:20.000Z</time></trkpt>
<trkpt lat="30.6228845309869" lon="104.0676954353855"><ele>476</ele><time>2025-07-20T14:29:21.000Z</time></trkpt>
<trkpt lat="30.6228845309869" lon="104.0676954353855"><ele>476</ele><time>2025-07-20T14:29:22.000Z</time></trkpt>
<trkpt lat="30.6228845309869" lon="104.0676954353855"><ele>476</ele><time>2025-07-20T14:29:23.000Z</time></trkpt>
<trkpt lat="30.6228845309869" lon="104.0676954353855"><ele>476</ele><time>2025-07-20T14:29:24.000Z</time></trkpt>
<trkpt lat="30.6228845309869" lon="104.0676954353855"><ele>476</ele><time>2025-07-20T14:29:25.000Z</time></trkpt>
<trkpt lat="30.6228845309869" lon="104.0676954353855"><ele>476</ele><time>2025-07-20T14:29:26.000Z</time></trkpt>
<trkpt lat="30.6228845309869" lon="104.0676954353855"><ele>476</ele><time>2025-07-20T14:29:27.000Z</time></trkpt>
<trkpt lat="30.6228845309869" lon="104.0676954353855"><ele>476</ele><time>2025-07-20T14:29:28.000Z</time></trkpt>
<trkpt lat="30.6228845309869" lon="104.0676954353855"><ele>476</ele><time>2025-07-20T14:29:29.000Z</time></trkpt>
<trkpt lat="30.6228845309869" lon="104.0676954353855"><ele>476</ele><time>2025-07-20T14:29:30.000Z</time></trkpt>
<trkpt lat="30.6228845309869" lon="104.0676954353855"><ele>476</ele><time>2025-07-20T14:29:31.000Z</time></trkpt>
<trkpt lat="30.6228845309869" lon="104.0676954353855"><ele>476</ele><time>2025-07-20T14:29:32.000Z</time></trkpt>
<trkpt lat="30.6228845309869" lon="104.0676954353855"><ele>475</ele><time>2025-07-20T14:29:33.000Z</time></trkpt>
<trkpt lat="30.6228845309869" lon="104.0676954353855"><ele>475</ele><time>2025-07-20T14:29:34.000Z</time></trkpt>
<trkpt lat="30.6228845309869" lon="104.0676954353855"><ele>475</ele><time>2025-07-20T14:29:35.000Z</time></trkpt>
<trkpt lat="30.6228845309869" lon="104.0676954353855"><ele>475</ele><time>2025-07-20T14:29:36.000Z</time></trkpt>
<trkpt lat="30.6228845309869" lon="104.0676954353855"><ele>476</ele><time>2025-07-20T14:29:37.000Z</time></trkpt>
<trkpt lat="30.6228845309869" lon="104.0676954353855"><ele>475</ele><time>2025-07-20T14:29:38.000Z</time></trkpt>
<trkpt lat="30.6228845309869" lon="104.0676954353855"><ele>475</ele><time>2025-07-20T14:29:39.000Z</time></trkpt>
<trkpt lat="30.6228845309869" lon="104.0676954353855"><ele>475</ele><time>2025-07-20T14:29:40.000Z</time></trkpt>
<trkpt lat="30.6228845309869" lon="104.0676954353855"><ele>475</ele><time>2025-07-20T14:29:41.000Z</time></trkpt>
<trkpt lat="30.6228845309869" lon="104.0676954353855"><ele>475</ele><time>2025-07-20T14:29:42.000Z</time></trkpt>
<trkpt lat="30.6228845309869" lon="104.0676954353855"><ele>475</ele><time>2025-07-20T14:29:43.000Z</time></trkpt>
<trkpt lat="30.6228845309869" lon="104.0676954353855"><ele>476</ele><time>2025-07-20T14:29:44.000Z</time></trkpt>
<trkpt lat="30.6228845309869" lon="104.0676954353855"><ele>476</ele><time>2025-07-20T14:29:45.000Z</time></trkpt>
<trkpt lat="30.6228845309869" lon="104.0676954353855"><ele>476</ele><time>2025-07-20T14:29:46.000Z</time></trkpt>
<trkpt lat="30.6228845309869" lon="104.0676954353855"><ele>476</ele><time>2025-07-20T14:29:47.000Z</time></trkpt>
<trkpt lat="30.6228845309869" lon="104.0676954353855"><ele>475</ele><time>2025-07-20T14:29:48.000Z</time></trkpt>
<trkpt lat="30.6228845309869" lon="104.0676954353855"><ele>476</ele><time>2025-07-20T14:29:49.000Z</time></trkpt>
<trkpt lat="30.6228845309869" lon="104.0676954353855"><ele>476</ele><time>2025-07-20T14:29:50.000Z</time></trkpt>
<trkpt lat="30.6228845309869" lon="104.0676954353855"><ele>476</ele><time>2025-07-20T14:29:51.000Z</time></trkpt>
<trkpt lat="30.6228845309869" lon="104.0676954353855"><ele>476</ele><time>2025-07-20T14:29:52.000Z</time></trkpt>
<trkpt lat="30.6228845309869" lon="104.0676954353855"><ele>476</ele><time>2025-07-20T14:29:53.000Z</time></trkpt>
<trkpt lat="30.6228845309869" lon="104.0676954353855"><ele>476</ele><time>2025-07-20T14:29:54.000Z</time></trkpt>
<trkpt lat="30.6228845309869" lon="104.0676954353855"><ele>476</ele><time>2025-07-20T14:29:55.000Z</time></trkpt>
<trkpt lat="30.6228845309869" lon="104.0676954353855"><ele>476</ele><time>2025-07-20T14:29:56.000Z</time></trkpt>
<trkpt lat="30.6228845309869" lon="104.0676954353855"><ele>476</ele><time>2025-07-20T14:29:57.000Z</time></trkpt>
<trkpt lat="30.6228845309869" lon="104.0676954353855"><ele>476</ele><time>2025-07-20T14:29:58.000Z</time></trkpt>
<trkpt lat="30.6228845309869" lon="104.0676954353855"><ele>476</ele><time>2025-07-20T14:29:59.000Z</time></trkpt>
<trkpt lat="30.6228845309869" lon="104.0676954353855"><ele>476</ele><time>2025-07-20T14:30:00.000Z</time></trkpt>
<trkpt lat="30.6228845309869" lon="104.0676954353855"><ele>476</ele><time>2025-07-20T14:30:01.000Z</time></trkpt>
<trkpt lat="30.6228845309869" lon="104.0676954353855"><ele>476</ele><time>2025-07-20T14:30:02.000Z</time></trkpt>
<trkpt lat="30.6228845309869" lon="104.0676954353855"><ele>476</ele><time>2025-07-20T14:30:03.000Z</time></trkpt>
<trkpt lat="30.6228845309869" lon="104.0676954353855"><ele>475</ele><time>2025-07-20T14:30:04.000Z</time></trkpt>
<trkpt lat="30.6228845309869" lon="104.0676954353855"><ele>475</ele><time>2025-07-20T14:30:05.000Z</time></trkpt>
<trkpt lat="30.6228845309869" lon="104.0676954353855"><ele>475</ele><time>2025-07-20T14:30:06.000Z</time></trkpt>
<trkpt lat="30.6228845309869" lon="104.0676954353855"><ele>475</ele><time>2025-07-20T14:30:07.000Z</time></trkpt>
<trkpt lat="30.6228845309869" lon="104.0676954353855"><ele>475</ele><time>2025-07-20T14:30:08.000Z</time></trkpt>
<trkpt lat="30.6228845309869" lon="104.0676954353855"><ele>475</ele><time>2025-07-20T14:30:09.000Z</time></trkpt>
<trkpt lat="30.6228845309869" lon="104.0676954353855"><ele>475</ele><time>2025-07-20T14:30:10.000Z</time></trkpt>
<trkpt lat="30.6228845309869" lon="104.0676954353855"><ele>475</ele><time>2025-07-20T14:30:11.000Z</time></trkpt>
<trkpt lat="30.6228845309869" lon="104.0676954353855"><ele>476</ele><time>2025-07-20T14:30:12.000Z</time></trkpt>
<trkpt lat="30.6228845309869" lon="104.0676954353855"><ele>475</ele><time>2025-07-20T14:30:13.000Z</time></trkpt>
<trkpt lat="30.6228845309869" lon="104.0676954353855"><ele>475</ele><time>2025-07-20T14:30:14.000Z</time></trkpt>
<trkpt lat="30.6228845309869" lon="104.0676954353855"><ele>476</ele><time>2025-07-20T14:30:15.000Z</time></trkpt>
<trkpt lat="30.6228845309869" lon="104.0676954353855"><ele>476</ele><time>2025-07-20T14:30:16.000Z</time></trkpt>
<trkpt lat="30.6228845309869" lon="104.0676954353855"><ele>476</ele><time>2025-07-20T14:30:17.000Z</time></trkpt>
<trkpt lat="30.6228845309869" lon="104.0676954353855"><ele>476</ele><time>2025-07-20T14:30:18.000Z</time></trkpt>
<trkpt lat="30.6228845309869" lon="104.0676954353855"><ele>477</ele><time>2025-07-20T14:30:19.000Z</time></trkpt>
<trkpt lat="30.6228845309869" lon="104.0676954353855"><ele>477</ele><time>2025-07-20T14:30:20.000Z</time></trkpt>
<trkpt lat="30.6228845309869" lon="104.0676954353855"><ele>477</ele><time>2025-07-20T14:30:21.000Z</time></trkpt>
<trkpt lat="30.6228845309869" lon="104.0676954353855"><ele>477</ele><time>2025-07-20T14:30:22.000Z</time></trkpt>
<trkpt lat="30.6228845309869" lon="104.0676954353855"><ele>478</ele><time>2025-07-20T14:30:23.000Z</time></trkpt>
<trkpt lat="30.6228845309869" lon="104.0676954353855"><ele>477</ele><time>2025-07-20T14:30:24.000Z</time></trkpt>
<trkpt lat="30.6228845309869" lon="104.0676954353855"><ele>478</ele><time>2025-07-20T14:30:25.000Z</time></trkpt>
<trkpt lat="30.6228845309869" lon="104.0676954353855"><ele>478</ele><time>2025-07-20T14:30:26.000Z</time></trkpt>
<trkpt lat="30.6228845309869" lon="104.0676954353855"><ele>477</ele><time>2025-07-20T14:30:27.000Z</time></trkpt>
<trkpt lat="30.6228845309869" lon="104.0676954353855"><ele>477</ele><time>2025-07-20T14:30:28.000Z</time></trkpt>
<trkpt lat="30.6228845309869" lon="104.0676954353855"><ele>477</ele><time>2025-07-20T14:30:29.000Z</time></trkpt>
<trkpt lat="30.6228845309869" lon="104.0676954353855"><ele>478</ele><time>2025-07-20T14:30:30.000Z</time></trkpt>
<trkpt lat="30.6228845309869" lon="104.0676954353855"><ele>478</ele><time>2025-07-20T14:30:31.000Z</time></trkpt>
<trkpt lat="30.6228845309869" lon="104.0676954353855"><ele>477</ele><time>2025-07-20T14:30:32.000Z</time></trkpt>
<trkpt lat="30.6228845309869" lon="104.0676954353855"><ele>477</ele><time>2025-07-20T14:30:33.000Z</time></trkpt>
<trkpt lat="30.6228845309869" lon="104.0676954353855"><ele>477</ele><time>2025-07-20T14:30:34.000Z</time></trkpt>
<trkpt lat="30.6228845309869" lon="104.0676954353855"><ele>477</ele><time>2025-07-20T14:30:35.000Z</time></trkpt>
<trkpt lat="30.6228845309869" lon="104.0676954353855"><ele>477</ele><time>2025-07-20T14:30:36.000Z</time></trkpt>
<trkpt lat="30.6228845309869" lon="104.0676954353855"><ele>478</ele><time>2025-07-20T14:30:37.000Z</time></trkpt>
<trkpt lat="30.6228845309869" lon="104.0676954353855"><ele>478</ele><time>2025-07-20T14:30:38.000Z</time></trkpt>
<trkpt lat="30.6228845309869" lon="104.0676954353855"><ele>477</ele><time>2025-07-20T14:30:39.000Z</time></trkpt>
<trkpt lat="30.6228845309869" lon="104.0676954353855"><ele>477</ele><time>2025-07-20T14:30:40.000Z</time></trkpt>
<trkpt lat="30.6228845309869" lon="104.0676954353855"><ele>478</ele><time>2025-07-20T14:30:41.000Z</time></trkpt>
<trkpt lat="30.6228845309869" lon="104.0676954353855"><ele>478</ele><time>2025-07-20T14:30:42.000Z</time></trkpt>
<trkpt lat="30.6228845309869" lon="104.0676954353855"><ele>478</ele><time>2025-07-20T14:30:43.000Z</time></trkpt>
<trkpt lat="30.6228845309869" lon="104.0676954353855"><ele>478</ele><time>2025-07-20T14:30:44.000Z</time></trkpt>
<trkpt lat="30.6228845309869" lon="104.0676954353855"><ele>477</ele><time>2025-07-20T14:30:45.000Z</time></trkpt>
<trkpt lat="30.6228845309869" lon="104.0676954353855"><ele>477</ele><time>2025-07-20T14:30:46.000Z</time></trkpt>
<trkpt lat="30.6228845309869" lon="104.0676954353855"><ele>476</ele><time>2025-07-20T14:30:47.000Z</time></trkpt>
<trkpt lat="30.6228845309869" lon="104.0676954353855"><ele>476</ele><time>2025-07-20T14:30:48.000Z</time></trkpt>
<trkpt lat="30.6228845309869" lon="104.0676954353855"><ele>476</ele><time>2025-07-20T14:30:49.000Z</time></trkpt>
<trkpt lat="30.6228845309869" lon="104.0676954353855"><ele>476</ele><time>2025-07-20T14:30:50.000Z</time></trkpt>
<trkpt lat="30.6228845309869" lon="104.0676954353855"><ele>476</ele><time>2025-07-20T14:30:51.000Z</time></trkpt>
<trkpt lat="30.6228845309869" lon="104.0676954353855"><ele>476</ele><time>2025-07-20T14:30:52.000Z</time></trkpt>
<trkpt lat="30.6228845309869" lon="104.0676954353855"><ele>476</ele><time>2025-07-20T14:30:53.000Z</time></trkpt>
<trkpt lat="30.6228845309869" lon="104.0676954353855"><ele>476</ele><time>2025-07-20T14:30:54.000Z</time></trkpt>
<trkpt lat="30.6228845309869" lon="104.0676954353855"><ele>476</ele><time>2025-07-20T14:30:55.000Z</time></trkpt>
<trkpt lat="30.6228845309869" lon="104.0676954353855"><ele>476</ele><time>2025-07-20T14:30:56.000Z</time></trkpt>
<trkpt lat="30.6228845309869" lon="104.0676954353855"><ele>475</ele><time>2025-07-20T14:30:57.000Z</time></trkpt>
<trkpt lat="30.6228845309869" lon="104.0676954353855"><ele>476</ele><time>2025-07-20T14:30:58.000Z</time></trkpt>
<trkpt lat="30.6228845309869" lon="104.0676954353855"><ele>476</ele><time>2025-07-20T14:30:59.000Z</time></trkpt>
<trkpt lat="30.6228845309869" lon="104.0676954353855"><ele>477</ele><time>2025-07-20T14:31:00.000Z</time></trkpt>
</trkseg><name>送外卖(1)</name></trk></gpx>