<?xml version="1.0" encoding="UTF-8"?><gpx creator="Garmin Connect" version="1.1"
xsi:schemaLocation="http://www.topografix.com/GPX/1/1 http://www.topografix.com/GPX/11.xsd"
xmlns:ns3="http://www.garmin.com/xmlschemas/TrackPointExtension/v1"
xmlns="http://www.topografix.com/GPX/1/1"
xmlns:xsi="http://www.w3.org/2001/XMLSchema-instance"
xmlns:ns2="http://www.garmin.com/xmlschemas/GpxExtensions/v3"><metadata><time>2025-05-10T03:16:22.000Z</time></metadata><trk><type>20250510户外骑行</type><extensions><totalTime>2727</totalTime><cumulativeDecrease>203</cumulativeDecrease><cumulativeClimb>204</cumulativeClimb><totalDistance>11122</totalDistance><routeType>0</routeType></extensions><trkseg><trkpt lat="30.62314666461981" lon="104.064955248081"><ele>483</ele><time>2025-05-10T03:16:22.000Z</time></trkpt>
<trkpt lat="30.6232192879822" lon="104.0648724209818"><ele>483</ele><time>2025-05-10T03:16:32.000Z</time></trkpt>
<trkpt lat="30.62327755134931" lon="104.064779596077"><ele>483</ele><time>2025-05-10T03:16:37.000Z</time></trkpt>
<trkpt lat="30.62333438489708" lon="104.0646769359215"><ele>483</ele><time>2025-05-10T03:16:44.000Z</time></trkpt>
<trkpt lat="30.62336509989722" lon="104.0645788564907"><ele>486</ele><time>2025-05-10T03:16:47.000Z</time></trkpt>
<trkpt lat="30.62332441444058" lon="104.0643783110847"><ele>484</ele><time>2025-05-10T03:16:49.000Z</time></trkpt>
<trkpt lat="30.62326164627481" lon="104.0642161545083"><ele>484</ele><time>2025-05-10T03:16:52.000Z</time></trkpt>
<trkpt lat="30.62320871436336" lon="104.0641010064514"><ele>484</ele><time>2025-05-10T03:16:58.000Z</time></trkpt>
<trkpt lat="30.62311674710486" lon="104.0640854383445"><ele>484</ele><time>2025-05-10T03:17:10.000Z</time></trkpt>
<trkpt lat="30.62305319754444" lon="104.0640100489687"><ele>483</ele><time>2025-05-10T03:17:30.000Z</time></trkpt>
<trkpt lat="30.62292852511887" lon="104.0639796918078"><ele>489</ele><time>2025-05-10T03:17:34.000Z</time></trkpt>
<trkpt lat="30.62282000235018" lon="104.0640174612596"><ele>489</ele><time>2025-05-10T03:17:37.000Z</time></trkpt>
<trkpt lat="30.62267977710182" lon="104.0640490819126"><ele>489</ele><time>2025-05-10T03:17:40.000Z</time></trkpt>
<trkpt lat="30.6225601194009" lon="104.0640440161023"><ele>489</ele><time>2025-05-10T03:17:43.000Z</time></trkpt>
<trkpt lat="30.62244892426289" lon="104.0640462965748"><ele>488</ele><time>2025-05-10T03:17:46.000Z</time></trkpt>
<trkpt lat="30.62237578438574" lon="104.0639671628886"><ele>487</ele><time>2025-05-10T03:17:50.000Z</time></trkpt>
<trkpt lat="30.62224609415717" lon="104.0639864727248"><ele>487</ele><time>2025-05-10T03:17:52.000Z</time></trkpt>
<trkpt lat="30.622186547906" lon="104.0640684330183"><ele>487</ele><time>2025-05-10T03:17:54.000Z</time></trkpt>
<trkpt lat="30.62210115566186" lon="104.0641080411643"><ele>486</ele><time>2025-05-10T03:18:00.000Z</time></trkpt>
<trkpt lat="30.62202989303651" lon="104.0641958570193"><ele>486</ele><time>2025-05-10T03:18:03.000Z</time></trkpt>
<trkpt lat="30.62192820974737" lon="104.064231451609"><ele>487</ele><time>2025-05-10T03:18:06.000Z</time></trkpt>
<trkpt lat="30.62181064812616" lon="104.0642727206078"><ele>487</ele><time>2025-05-10T03:18:09.000Z</time></trkpt>
<trkpt lat="30.62170780367073" lon="104.0642872693199"><ele>486</ele><time>2025-05-10T03:18:12.000Z</time></trkpt>
<trkpt lat="30.62158245409292" lon="104.0642879820385"><ele>485</ele><time>2025-05-10T03:18:15.000Z</time></trkpt>
<trkpt lat="30.62148918779737" lon="104.0642946478832"><ele>484</ele><time>2025-05-10T03:18:17.000Z</time></trkpt>
<trkpt lat="30.62139690523114" lon="104.064283197969"><ele>484</ele><time>2025-05-10T03:18:19.000Z</time></trkpt>
<trkpt lat="30.62129911088961" lon="104.0642899333396"><ele>484</ele><time>2025-05-10T03:18:21.000Z</time></trkpt>
<trkpt lat="30.62120218705865" lon="104.0642922819262"><ele>484</ele><time>2025-05-10T03:18:23.000Z</time></trkpt>
<trkpt lat="30.62110940231815" lon="104.0642888012298"><ele>484</ele><time>2025-05-10T03:18:25.000Z</time></trkpt>
<trkpt lat="30.62100915044661" lon="104.0642929992629"><ele>485</ele><time>2025-05-10T03:18:27.000Z</time></trkpt>
<trkpt lat="30.62091266960592" lon="104.0643019799371"><ele>489</ele><time>2025-05-10T03:18:29.000Z</time></trkpt>
<trkpt lat="30.62081893604117" lon="104.0643124265528"><ele>492</ele><time>2025-05-10T03:18:31.000Z</time></trkpt>
<trkpt lat="30.62072178368616" lon="104.0643283836107"><ele>492</ele><time>2025-05-10T03:18:33.000Z</time></trkpt>
<trkpt lat="30.62062257868062" lon="104.0643420792016"><ele>494</ele><time>2025-05-10T03:18:35.000Z</time></trkpt>
<trkpt lat="30.62052467477127" lon="104.0643531285864"><ele>494</ele><time>2025-05-10T03:18:37.000Z</time></trkpt>
<trkpt lat="30.62042650081356" lon="104.0643720896903"><ele>494</ele><time>2025-05-10T03:18:39.000Z</time></trkpt>
<trkpt lat="30.62032686257146" lon="104.0643524268578"><ele>503</ele><time>2025-05-10T03:18:41.000Z</time></trkpt>
<trkpt lat="30.62023118403092" lon="104.0643511852553"><ele>503</ele><time>2025-05-10T03:18:43.000Z</time></trkpt>
<trkpt lat="30.62012640134962" lon="104.0643574760409"><ele>503</ele><time>2025-05-10T03:18:45.000Z</time></trkpt>
<trkpt lat="30.62002098087531" lon="104.0643605178869"><ele>502</ele><time>2025-05-10T03:18:47.000Z</time></trkpt>
<trkpt lat="30.61991246746948" lon="104.0643657520718"><ele>501</ele><time>2025-05-10T03:18:49.000Z</time></trkpt>
<trkpt lat="30.61980608455663" lon="104.0643650341387"><ele>500</ele><time>2025-05-10T03:18:51.000Z</time></trkpt>
<trkpt lat="30.6196738659218" lon="104.0643372259134"><ele>499</ele><time>2025-05-10T03:18:54.000Z</time></trkpt>
<trkpt lat="30.6195558833777" lon="104.0643012044386"><ele>496</ele><time>2025-05-10T03:18:57.000Z</time></trkpt>
<trkpt lat="30.61946561956206" lon="104.064316665803"><ele>495</ele><time>2025-05-10T03:18:59.000Z</time></trkpt>
<trkpt lat="30.61936771284227" lon="104.0643098699152"><ele>493</ele><time>2025-05-10T03:19:01.000Z</time></trkpt>
<trkpt lat="30.61927078975802" lon="104.0643083790885"><ele>493</ele><time>2025-05-10T03:19:03.000Z</time></trkpt>
<trkpt lat="30.61917127258366" lon="104.0643160409701"><ele>492</ele><time>2025-05-10T03:19:05.000Z</time></trkpt>
<trkpt lat="30.61906716608216" lon="104.0643179530884"><ele>491</ele><time>2025-05-10T03:19:07.000Z</time></trkpt>
<trkpt lat="30.61896344483775" lon="104.0643213144471"><ele>490</ele><time>2025-05-10T03:19:09.000Z</time></trkpt>
<trkpt lat="30.61886000061853" lon="104.0643010800725"><ele>490</ele><time>2025-05-10T03:19:11.000Z</time></trkpt>
<trkpt lat="30.61876335464909" lon="104.0642813333726"><ele>489</ele><time>2025-05-10T03:19:13.000Z</time></trkpt>
<trkpt lat="30.61866675353314" lon="104.0643333227594"><ele>489</ele><time>2025-05-10T03:19:15.000Z</time></trkpt>
<trkpt lat="30.61856626940255" lon="104.0643882290791"><ele>489</ele><time>2025-05-10T03:19:17.000Z</time></trkpt>
<trkpt lat="30.61845547708956" lon="104.0644083252413"><ele>488</ele><time>2025-05-10T03:19:19.000Z</time></trkpt>
<trkpt lat="30.61834296581102" lon="104.0644092231045"><ele>488</ele><time>2025-05-10T03:19:21.000Z</time></trkpt>
<trkpt lat="30.61822963582055" lon="104.0644081956528"><ele>488</ele><time>2025-05-10T03:19:23.000Z</time></trkpt>
<trkpt lat="30.61812229806514" lon="104.0644290749251"><ele>488</ele><time>2025-05-10T03:19:25.000Z</time></trkpt>
<trkpt lat="30.61801962504374" lon="104.0644333702424"><ele>488</ele><time>2025-05-10T03:19:27.000Z</time></trkpt>
<trkpt lat="30.61791589374428" lon="104.0644374924736"><ele>488</ele><time>2025-05-10T03:19:29.000Z</time></trkpt>
<trkpt lat="30.61780935998781" lon="104.0644415441942"><ele>488</ele><time>2025-05-10T03:19:31.000Z</time></trkpt>
<trkpt lat="30.61770770624945" lon="104.0643804544653"><ele>488</ele><time>2025-05-10T03:19:33.000Z</time></trkpt>
<trkpt lat="30.61760253251145" lon="104.0643818950438"><ele>488</ele><time>2025-05-10T03:19:35.000Z</time></trkpt>
<trkpt lat="30.61750355333008" lon="104.0643884365998"><ele>488</ele><time>2025-05-10T03:19:37.000Z</time></trkpt>
<trkpt lat="30.61739568121003" lon="104.0644145256092"><ele>488</ele><time>2025-05-10T03:19:39.000Z</time></trkpt>
<trkpt lat="30.61729121613812" lon="104.0644589128144"><ele>488</ele><time>2025-05-10T03:19:41.000Z</time></trkpt>
<trkpt lat="30.61718101854767" lon="104.0644388054491"><ele>487</ele><time>2025-05-10T03:19:43.000Z</time></trkpt>
<trkpt lat="30.61707142584369" lon="104.064451404266"><ele>487</ele><time>2025-05-10T03:19:45.000Z</time></trkpt>
<trkpt lat="30.61696347613141" lon="104.0644507768702"><ele>487</ele><time>2025-05-10T03:19:47.000Z</time></trkpt>
<trkpt lat="30.61685219367221" lon="104.0644552028869"><ele>487</ele><time>2025-05-10T03:19:49.000Z</time></trkpt>
<trkpt lat="30.61673894366089" lon="104.0644581851031"><ele>486</ele><time>2025-05-10T03:19:51.000Z</time></trkpt>
<trkpt lat="30.61662885126508" lon="104.0644601346074"><ele>487</ele><time>2025-05-10T03:19:53.000Z</time></trkpt>
<trkpt lat="30.61651570611681" lon="104.064460540998"><ele>487</ele><time>2025-05-10T03:19:55.000Z</time></trkpt>
<trkpt lat="30.61640323069582" lon="104.064482662428"><ele>488</ele><time>2025-05-10T03:19:57.000Z</time></trkpt>
<trkpt lat="30.61629656260137" lon="104.0644440821928"><ele>487</ele><time>2025-05-10T03:19:59.000Z</time></trkpt>
<trkpt lat="30.61618705741637" lon="104.0644321195413"><ele>487</ele><time>2025-05-10T03:20:01.000Z</time></trkpt>
<trkpt lat="30.61607582896138" lon="104.0644174098191"><ele>486</ele><time>2025-05-10T03:20:03.000Z</time></trkpt>
<trkpt lat="30.61596057559049" lon="104.0644138791644"><ele>485</ele><time>2025-05-10T03:20:05.000Z</time></trkpt>
<trkpt lat="30.6158471405185" lon="104.064416811797"><ele>485</ele><time>2025-05-10T03:20:07.000Z</time></trkpt>
<trkpt lat="30.61573516876048" lon="104.0644170041412"><ele>485</ele><time>2025-05-10T03:20:09.000Z</time></trkpt>
<trkpt lat="30.61562144873466" lon="104.0644199963682"><ele>485</ele><time>2025-05-10T03:20:11.000Z</time></trkpt>
<trkpt lat="30.61551314681859" lon="104.0644188327357"><ele>485</ele><time>2025-05-10T03:20:13.000Z</time></trkpt>
<trkpt lat="30.61540508995978" lon="104.0644211430536"><ele>485</ele><time>2025-05-10T03:20:15.000Z</time></trkpt>
<trkpt lat="30.61529947917603" lon="104.0644268652957"><ele>485</ele><time>2025-05-10T03:20:17.000Z</time></trkpt>
<trkpt lat="30.61518989344401" lon="104.0644301789518"><ele>485</ele><time>2025-05-10T03:20:19.000Z</time></trkpt>
<trkpt lat="30.61508235407314" lon="104.0644384689315"><ele>485</ele><time>2025-05-10T03:20:21.000Z</time></trkpt>
<trkpt lat="30.61497947013309" lon="104.0644361977854"><ele>484</ele><time>2025-05-10T03:20:23.000Z</time></trkpt>
<trkpt lat="30.61486878556048" lon="104.0644371340291"><ele>484</ele><time>2025-05-10T03:20:25.000Z</time></trkpt>
<trkpt lat="30.61476328864301" lon="104.0644384419342"><ele>484</ele><time>2025-05-10T03:20:27.000Z</time></trkpt>
<trkpt lat="30.61465872413144" lon="104.0644486371018"><ele>485</ele><time>2025-05-10T03:20:29.000Z</time></trkpt>
<trkpt lat="30.61455853380692" lon="104.0644518477904"><ele>484</ele><time>2025-05-10T03:20:31.000Z</time></trkpt>
<trkpt lat="30.61446666434151" lon="104.0645186143079"><ele>484</ele><time>2025-05-10T03:20:33.000Z</time></trkpt>
<trkpt lat="30.61439295379041" lon="104.0644479461186"><ele>483</ele><time>2025-05-10T03:20:36.000Z</time></trkpt>
<trkpt lat="30.61429346365351" lon="104.0644622739925"><ele>483</ele><time>2025-05-10T03:21:28.000Z</time></trkpt>
<trkpt lat="30.61421686095434" lon="104.0645182254724"><ele>484</ele><time>2025-05-10T03:21:31.000Z</time></trkpt>
<trkpt lat="30.61410627213923" lon="104.064554582687"><ele>483</ele><time>2025-05-10T03:21:35.000Z</time></trkpt>
<trkpt lat="30.6139882127371" lon="104.0645440776907"><ele>482</ele><time>2025-05-10T03:21:38.000Z</time></trkpt>
<trkpt lat="30.61387327982059" lon="104.0645509791617"><ele>481</ele><time>2025-05-10T03:21:41.000Z</time></trkpt>
<trkpt lat="30.61373610206742" lon="104.0645426085131"><ele>481</ele><time>2025-05-10T03:21:44.000Z</time></trkpt>
<trkpt lat="30.61363998017766" lon="104.06454459568"><ele>479</ele><time>2025-05-10T03:21:46.000Z</time></trkpt>
<trkpt lat="30.61354312790279" lon="104.0645513578221"><ele>479</ele><time>2025-05-10T03:21:48.000Z</time></trkpt>
<trkpt lat="30.61344657041062" lon="104.0645517334872"><ele>480</ele><time>2025-05-10T03:21:50.000Z</time></trkpt>
<trkpt lat="30.61335339281197" lon="104.0645315954125"><ele>480</ele><time>2025-05-10T03:21:52.000Z</time></trkpt>
<trkpt lat="30.61326160920909" lon="104.0645166545888"><ele>481</ele><time>2025-05-10T03:21:54.000Z</time></trkpt>
<trkpt lat="30.61317076190215" lon="104.0644867033859"><ele>480</ele><time>2025-05-10T03:21:56.000Z</time></trkpt>
<trkpt lat="30.61307514332453" lon="104.0644827570357"><ele>479</ele><time>2025-05-10T03:21:58.000Z</time></trkpt>
<trkpt lat="30.61298166148817" lon="104.0644912453329"><ele>478</ele><time>2025-05-10T03:22:00.000Z</time></trkpt>
<trkpt lat="30.61289001185869" lon="104.0644948392221"><ele>478</ele><time>2025-05-10T03:22:02.000Z</time></trkpt>
<trkpt lat="30.61279887631946" lon="104.0645015201348"><ele>478</ele><time>2025-05-10T03:22:04.000Z</time></trkpt>
<trkpt lat="30.61270602705934" lon="104.0644991812559"><ele>479</ele><time>2025-05-10T03:22:06.000Z</time></trkpt>
<trkpt lat="30.61257001416077" lon="104.0645058724195"><ele>479</ele><time>2025-05-10T03:22:09.000Z</time></trkpt>
<trkpt lat="30.61247670172563" lon="104.0645021170434"><ele>479</ele><time>2025-05-10T03:22:11.000Z</time></trkpt>
<trkpt lat="30.61238432585599" lon="104.0645308736418"><ele>479</ele><time>2025-05-10T03:22:13.000Z</time></trkpt>
<trkpt lat="30.61228953908824" lon="104.0645064233372"><ele>480</ele><time>2025-05-10T03:22:15.000Z</time></trkpt>
<trkpt lat="30.61219770147297" lon="104.0645139490878"><ele>480</ele><time>2025-05-10T03:22:17.000Z</time></trkpt>
<trkpt lat="30.61208858986677" lon="104.0645216145214"><ele>481</ele><time>2025-05-10T03:22:19.000Z</time></trkpt>
<trkpt lat="30.61199540617925" lon="104.0645155985996"><ele>481</ele><time>2025-05-10T03:22:21.000Z</time></trkpt>
<trkpt lat="30.6119098325781" lon="104.0645546424194"><ele>481</ele><time>2025-05-10T03:22:23.000Z</time></trkpt>
<trkpt lat="30.61181945085064" lon="104.0645642850532"><ele>481</ele><time>2025-05-10T03:22:25.000Z</time></trkpt>
<trkpt lat="30.61168745426" lon="104.0645783945583"><ele>481</ele><time>2025-05-10T03:22:28.000Z</time></trkpt>
<trkpt lat="30.61155851615137" lon="104.0645921753095"><ele>482</ele><time>2025-05-10T03:22:31.000Z</time></trkpt>
<trkpt lat="30.61142984021975" lon="104.0646059655425"><ele>482</ele><time>2025-05-10T03:22:34.000Z</time></trkpt>
<trkpt lat="30.61130273550491" lon="104.0646365693641"><ele>482</ele><time>2025-05-10T03:22:37.000Z</time></trkpt>
<trkpt lat="30.61120302117405" lon="104.0646591012541"><ele>482</ele><time>2025-05-10T03:22:39.000Z</time></trkpt>
<trkpt lat="30.61110868569234" lon="104.0646804039334"><ele>482</ele><time>2025-05-10T03:22:41.000Z</time></trkpt>
<trkpt lat="30.61104040630078" lon="104.0647870953048"><ele>482</ele><time>2025-05-10T03:22:44.000Z</time></trkpt>
<trkpt lat="30.61094185204262" lon="104.0647476878563"><ele>482</ele><time>2025-05-10T03:22:45.000Z</time></trkpt>
<trkpt lat="30.61092971367311" lon="104.0648901754079"><ele>482</ele><time>2025-05-10T03:22:48.000Z</time></trkpt>
<trkpt lat="30.61092856640382" lon="104.0650220414593"><ele>482</ele><time>2025-05-10T03:22:50.000Z</time></trkpt>
<trkpt lat="30.61092894700407" lon="104.0651494798174"><ele>482</ele><time>2025-05-10T03:22:52.000Z</time></trkpt>
<trkpt lat="30.61092864777081" lon="104.0652791800905"><ele>483</ele><time>2025-05-10T03:22:54.000Z</time></trkpt>
<trkpt lat="30.61092834394053" lon="104.0654097986302"><ele>483</ele><time>2025-05-10T03:22:56.000Z</time></trkpt>
<trkpt lat="30.61092803863124" lon="104.0655418176805"><ele>483</ele><time>2025-05-10T03:22:58.000Z</time></trkpt>
<trkpt lat="30.61092770223559" lon="104.0656872330238"><ele>483</ele><time>2025-05-10T03:23:00.000Z</time></trkpt>
<trkpt lat="30.61092737757884" lon="104.0658254027172"><ele>483</ele><time>2025-05-10T03:23:02.000Z</time></trkpt>
<trkpt lat="30.61092704140322" lon="104.0659681209319"><ele>484</ele><time>2025-05-10T03:23:04.000Z</time></trkpt>
<trkpt lat="30.61092672719159" lon="104.0661014238545"><ele>484</ele><time>2025-05-10T03:23:06.000Z</time></trkpt>
<trkpt lat="30.61092516217682" lon="104.0662349259692"><ele>484</ele><time>2025-05-10T03:23:08.000Z</time></trkpt>
<trkpt lat="30.61092316505892" lon="104.0663793609297"><ele>483</ele><time>2025-05-10T03:23:10.000Z</time></trkpt>
<trkpt lat="30.61092106494808" lon="104.0665092960349"><ele>484</ele><time>2025-05-10T03:23:12.000Z</time></trkpt>
<trkpt lat="30.61091658887071" lon="104.0666457395893"><ele>484</ele><time>2025-05-10T03:23:14.000Z</time></trkpt>
<trkpt lat="30.61091305723324" lon="104.066776833619"><ele>484</ele><time>2025-05-10T03:23:16.000Z</time></trkpt>
<trkpt lat="30.61091262387245" lon="104.0668962113314"><ele>484</ele><time>2025-05-10T03:23:18.000Z</time></trkpt>
<trkpt lat="30.61091216851758" lon="104.0670234827172"><ele>484</ele><time>2025-05-10T03:23:20.000Z</time></trkpt>
<trkpt lat="30.61091171394876" lon="104.0671502687655"><ele>484</ele><time>2025-05-10T03:23:22.000Z</time></trkpt>
<trkpt lat="30.61091042261373" lon="104.0672780759943"><ele>484</ele><time>2025-05-10T03:23:24.000Z</time></trkpt>
<trkpt lat="30.61090799747415" lon="104.0674072543049"><ele>484</ele><time>2025-05-10T03:23:26.000Z</time></trkpt>
<trkpt lat="30.6109055339724" lon="104.0675386890999"><ele>484</ele><time>2025-05-10T03:23:28.000Z</time></trkpt>
<trkpt lat="30.61090307095953" lon="104.0676700927158"><ele>485</ele><time>2025-05-10T03:23:30.000Z</time></trkpt>
<trkpt lat="30.61090057500927" lon="104.0678032656164"><ele>484</ele><time>2025-05-10T03:23:32.000Z</time></trkpt>
<trkpt lat="30.61089816826738" lon="104.0679319272419"><ele>485</ele><time>2025-05-10T03:23:34.000Z</time></trkpt>
<trkpt lat="30.61089618842424" lon="104.0680393942038"><ele>484</ele><time>2025-05-10T03:23:36.000Z</time></trkpt>
<trkpt lat="30.61065806221968" lon="104.068233934926"><ele>485</ele><time>2025-05-10T03:23:39.000Z</time></trkpt>
<trkpt lat="30.61052843827735" lon="104.0682494795884"><ele>484</ele><time>2025-05-10T03:23:42.000Z</time></trkpt>
<trkpt lat="30.61042649456616" lon="104.0682468130791"><ele>484</ele><time>2025-05-10T03:23:44.000Z</time></trkpt>
<trkpt lat="30.61032154351842" lon="104.0682380603524"><ele>484</ele><time>2025-05-10T03:23:46.000Z</time></trkpt>
<trkpt lat="30.61021004748802" lon="104.0682400866358"><ele>484</ele><time>2025-05-10T03:23:48.000Z</time></trkpt>
<trkpt lat="30.61009275684897" lon="104.0682509463545"><ele>485</ele><time>2025-05-10T03:23:50.000Z</time></trkpt>
<trkpt lat="30.6099622695652" lon="104.0682757865177"><ele>484</ele><time>2025-05-10T03:23:52.000Z</time></trkpt>
<trkpt lat="30.60981332978119" lon="104.0683255557981"><ele>484</ele><time>2025-05-10T03:23:54.000Z</time></trkpt>
<trkpt lat="30.60965301488618" lon="104.0683872385967"><ele>485</ele><time>2025-05-10T03:23:56.000Z</time></trkpt>
<trkpt lat="30.60948910339043" lon="104.0684581064919"><ele>484</ele><time>2025-05-10T03:23:58.000Z</time></trkpt>
<trkpt lat="30.60940174365546" lon="104.0684969049065"><ele>484</ele><time>2025-05-10T03:23:59.000Z</time></trkpt>
<trkpt lat="30.60931249742901" lon="104.0685285263127"><ele>485</ele><time>2025-05-10T03:24:00.000Z</time></trkpt>
<trkpt lat="30.60922389809821" lon="104.0685649954773"><ele>485</ele><time>2025-05-10T03:24:01.000Z</time></trkpt>
<trkpt lat="30.60913541966361" lon="104.0685952405777"><ele>485</ele><time>2025-05-10T03:24:02.000Z</time></trkpt>
<trkpt lat="30.60898294144116" lon="104.0685866610048"><ele>485</ele><time>2025-05-10T03:24:04.000Z</time></trkpt>
<trkpt lat="30.60885137078004" lon="104.0685766973499"><ele>485</ele><time>2025-05-10T03:24:06.000Z</time></trkpt>
<trkpt lat="30.60872878413902" lon="104.068566328167"><ele>485</ele><time>2025-05-10T03:24:08.000Z</time></trkpt>
<trkpt lat="30.60864531036159" lon="104.0686735233813"><ele>485</ele><time>2025-05-10T03:24:15.000Z</time></trkpt>
<trkpt lat="30.60834243296955" lon="104.068753304896"><ele>484</ele><time>2025-05-10T03:24:16.000Z</time></trkpt>
<trkpt lat="30.60809176012879" lon="104.068784618357"><ele>484</ele><time>2025-05-10T03:24:17.000Z</time></trkpt>
<trkpt lat="30.60806375969704" lon="104.0686710638073"><ele>484</ele><time>2025-05-10T03:24:18.000Z</time></trkpt>
<trkpt lat="30.60802351845436" lon="104.0685165309393"><ele>484</ele><time>2025-05-10T03:24:19.000Z</time></trkpt>
<trkpt lat="30.60793152313186" lon="104.0684670705084"><ele>484</ele><time>2025-05-10T03:24:22.000Z</time></trkpt>
<trkpt lat="30.60792756815588" lon="104.0680714147451"><ele>485</ele><time>2025-05-10T03:24:23.000Z</time></trkpt>
<trkpt lat="30.60792442122429" lon="104.0678936217266"><ele>484</ele><time>2025-05-10T03:24:25.000Z</time></trkpt>
<trkpt lat="30.60793099142126" lon="104.067720058256"><ele>483</ele><time>2025-05-10T03:24:27.000Z</time></trkpt>
<trkpt lat="30.60792994364872" lon="104.067582827348"><ele>483</ele><time>2025-05-10T03:24:28.000Z</time></trkpt>
<trkpt lat="30.60792473189889" lon="104.0674784258236"><ele>483</ele><time>2025-05-10T03:24:29.000Z</time></trkpt>
<trkpt lat="30.60792180194005" lon="104.0673448911889"><ele>483</ele><time>2025-05-10T03:24:31.000Z</time></trkpt>
<trkpt lat="30.60785410554119" lon="104.0672418903111"><ele>484</ele><time>2025-05-10T03:24:34.000Z</time></trkpt>
<trkpt lat="30.6078337551058" lon="104.0671173640782"><ele>484</ele><time>2025-05-10T03:24:37.000Z</time></trkpt>
<trkpt lat="30.60782620257675" lon="104.0670113996415"><ele>484</ele><time>2025-05-10T03:24:40.000Z</time></trkpt>
<trkpt lat="30.60760718734626" lon="104.0669326292445"><ele>484</ele><time>2025-05-10T03:24:44.000Z</time></trkpt>
<trkpt lat="30.60747958560146" lon="104.0669044036666"><ele>484</ele><time>2025-05-10T03:24:47.000Z</time></trkpt>
<trkpt lat="30.60735995875958" lon="104.0668869612864"><ele>484</ele><time>2025-05-10T03:24:50.000Z</time></trkpt>
<trkpt lat="30.60723503583779" lon="104.0669064000983"><ele>484</ele><time>2025-05-10T03:24:53.000Z</time></trkpt>
<trkpt lat="30.60712575746556" lon="104.0668651941402"><ele>484</ele><time>2025-05-10T03:24:56.000Z</time></trkpt>
<trkpt lat="30.60708751229859" lon="104.0667438540262"><ele>484</ele><time>2025-05-10T03:24:59.000Z</time></trkpt>
<trkpt lat="30.60707482594671" lon="104.0666082034439"><ele>484</ele><time>2025-05-10T03:25:02.000Z</time></trkpt>
<trkpt lat="30.60706550367057" lon="104.0664647414055"><ele>483</ele><time>2025-05-10T03:25:05.000Z</time></trkpt>
<trkpt lat="30.60706510822494" lon="104.0663220115003"><ele>483</ele><time>2025-05-10T03:25:08.000Z</time></trkpt>
<trkpt lat="30.60707366792448" lon="104.0661916574778"><ele>484</ele><time>2025-05-10T03:25:11.000Z</time></trkpt>
<trkpt lat="30.60707556100541" lon="104.0660541375663"><ele>484</ele><time>2025-05-10T03:25:14.000Z</time></trkpt>
<trkpt lat="30.60707377679636" lon="104.0659094154178"><ele>484</ele><time>2025-05-10T03:25:17.000Z</time></trkpt>
<trkpt lat="30.60707626268876" lon="104.0657546043185"><ele>484</ele><time>2025-05-10T03:25:20.000Z</time></trkpt>
<trkpt lat="30.60705499598338" lon="104.0656005753075"><ele>484</ele><time>2025-05-10T03:25:23.000Z</time></trkpt>
<trkpt lat="30.60701775087169" lon="104.0655051410913"><ele>484</ele><time>2025-05-10T03:25:25.000Z</time></trkpt>
<trkpt lat="30.6069841728556" lon="104.0654035818519"><ele>484</ele><time>2025-05-10T03:25:27.000Z</time></trkpt>
<trkpt lat="30.60695137772851" lon="104.0652541822297"><ele>484</ele><time>2025-05-10T03:25:30.000Z</time></trkpt>
<trkpt lat="30.60694287628982" lon="104.0651097408779"><ele>484</ele><time>2025-05-10T03:25:33.000Z</time></trkpt>
<trkpt lat="30.60692653022579" lon="104.0650002265437"><ele>484</ele><time>2025-05-10T03:25:37.000Z</time></trkpt>
<trkpt lat="30.60688021369232" lon="104.065094165674"><ele>484</ele><time>2025-05-10T03:25:43.000Z</time></trkpt>
<trkpt lat="30.60672879961176" lon="104.0649232033851"><ele>484</ele><time>2025-05-10T03:25:47.000Z</time></trkpt>
<trkpt lat="30.60663349158684" lon="104.064925291981"><ele>484</ele><time>2025-05-10T03:25:48.000Z</time></trkpt>
<trkpt lat="30.6065258328096" lon="104.0649277360764"><ele>484</ele><time>2025-05-10T03:25:49.000Z</time></trkpt>
<trkpt lat="30.60640865208377" lon="104.0648975884823"><ele>484</ele><time>2025-05-10T03:25:50.000Z</time></trkpt>
<trkpt lat="30.60629511709829" lon="104.0648925966633"><ele>484</ele><time>2025-05-10T03:25:52.000Z</time></trkpt>
<trkpt lat="30.6061927915405" lon="104.0648663506359"><ele>484</ele><time>2025-05-10T03:25:54.000Z</time></trkpt>
<trkpt lat="30.6060897784988" lon="104.064878792059"><ele>483</ele><time>2025-05-10T03:25:56.000Z</time></trkpt>
<trkpt lat="30.60597480662624" lon="104.064871716363"><ele>483</ele><time>2025-05-10T03:25:58.000Z</time></trkpt>
<trkpt lat="30.60584069638579" lon="104.0648700972283"><ele>483</ele><time>2025-05-10T03:26:01.000Z</time></trkpt>
<trkpt lat="30.60574472605546" lon="104.0648726790662"><ele>483</ele><time>2025-05-10T03:26:03.000Z</time></trkpt>
<trkpt lat="30.60565428988533" lon="104.0648741829451"><ele>483</ele><time>2025-05-10T03:26:05.000Z</time></trkpt>
<trkpt lat="30.60555704286364" lon="104.0648628288816"><ele>483</ele><time>2025-05-10T03:26:07.000Z</time></trkpt>
<trkpt lat="30.60544035154399" lon="104.0648807698801"><ele>483</ele><time>2025-05-10T03:26:10.000Z</time></trkpt>
<trkpt lat="30.60531732902551" lon="104.0648840849712"><ele>483</ele><time>2025-05-10T03:26:13.000Z</time></trkpt>
<trkpt lat="30.6052018385417" lon="104.0648872250114"><ele>483</ele><time>2025-05-10T03:26:15.000Z</time></trkpt>
<trkpt lat="30.60510788536373" lon="104.0648877468083"><ele>483</ele><time>2025-05-10T03:26:34.000Z</time></trkpt>
<trkpt lat="30.60501318380494" lon="104.0648883334935"><ele>483</ele><time>2025-05-10T03:26:39.000Z</time></trkpt>
<trkpt lat="30.60490935158742" lon="104.0646748559023"><ele>483</ele><time>2025-05-10T03:26:42.000Z</time></trkpt>
<trkpt lat="30.60479099575008" lon="104.064673351804"><ele>483</ele><time>2025-05-10T03:26:45.000Z</time></trkpt>
<trkpt lat="30.60474808286773" lon="104.0647724987713"><ele>483</ele><time>2025-05-10T03:26:46.000Z</time></trkpt>
<trkpt lat="30.60465441439167" lon="104.0647712333655"><ele>483</ele><time>2025-05-10T03:26:48.000Z</time></trkpt>
<trkpt lat="30.60455727265036" lon="104.0647699647111"><ele>482</ele><time>2025-05-10T03:26:50.000Z</time></trkpt>
<trkpt lat="30.60445975735357" lon="104.0647686551906"><ele>482</ele><time>2025-05-10T03:26:52.000Z</time></trkpt>
<trkpt lat="30.6043670907054" lon="104.0647673936821"><ele>482</ele><time>2025-05-10T03:26:54.000Z</time></trkpt>
<trkpt lat="30.60427591581756" lon="104.0647661494928"><ele>482</ele><time>2025-05-10T03:26:56.000Z</time></trkpt>
<trkpt lat="30.60414589253662" lon="104.0647643795768"><ele>482</ele><time>2025-05-10T03:26:59.000Z</time></trkpt>
<trkpt lat="30.60402087050562" lon="104.064762687561"><ele>482</ele><time>2025-05-10T03:27:02.000Z</time></trkpt>
<trkpt lat="30.60389594909794" lon="104.0647609889327"><ele>482</ele><time>2025-05-10T03:27:05.000Z</time></trkpt>
<trkpt lat="30.60377374990362" lon="104.0647593313313"><ele>482</ele><time>2025-05-10T03:27:08.000Z</time></trkpt>
<trkpt lat="30.60365040257167" lon="104.0647576497015"><ele>482</ele><time>2025-05-10T03:27:11.000Z</time></trkpt>
<trkpt lat="30.6035212533921" lon="104.0647559020865"><ele>482</ele><time>2025-05-10T03:27:14.000Z</time></trkpt>
<trkpt lat="30.6033930816872" lon="104.0647541704901"><ele>482</ele><time>2025-05-10T03:27:17.000Z</time></trkpt>
<trkpt lat="30.60326450723831" lon="104.0647524208132"><ele>482</ele><time>2025-05-10T03:27:20.000Z</time></trkpt>
<trkpt lat="30.60313864773644" lon="104.0647507241874"><ele>482</ele><time>2025-05-10T03:27:23.000Z</time></trkpt>
<trkpt lat="30.60300658273365" lon="104.0647005430893"><ele>483</ele><time>2025-05-10T03:27:26.000Z</time></trkpt>
<trkpt lat="30.60291157887228" lon="104.0647476694459"><ele>483</ele><time>2025-05-10T03:27:28.000Z</time></trkpt>
<trkpt lat="30.60281767877235" lon="104.0647510142852"><ele>482</ele><time>2025-05-10T03:27:30.000Z</time></trkpt>
<trkpt lat="30.6027211776971" lon="104.0647540429426"><ele>482</ele><time>2025-05-10T03:27:32.000Z</time></trkpt>
<trkpt lat="30.60262544417886" lon="104.0647570313378"><ele>482</ele><time>2025-05-10T03:27:34.000Z</time></trkpt>
<trkpt lat="30.60252861837825" lon="104.0647600666703"><ele>482</ele><time>2025-05-10T03:27:36.000Z</time></trkpt>
<trkpt lat="30.60242838120444" lon="104.0647632388703"><ele>482</ele><time>2025-05-10T03:27:38.000Z</time></trkpt>
<trkpt lat="30.60232481491486" lon="104.0647665036935"><ele>482</ele><time>2025-05-10T03:27:40.000Z</time></trkpt>
<trkpt lat="30.60221963732747" lon="104.0647698179842"><ele>482</ele><time>2025-05-10T03:27:42.000Z</time></trkpt>
<trkpt lat="30.60212129925849" lon="104.0647729297228"><ele>482</ele><time>2025-05-10T03:27:44.000Z</time></trkpt>
<trkpt lat="30.60201612428486" lon="104.064776225751"><ele>483</ele><time>2025-05-10T03:27:46.000Z</time></trkpt>
<trkpt lat="30.60191384977225" lon="104.064779438243"><ele>483</ele><time>2025-05-10T03:27:48.000Z</time></trkpt>
<trkpt lat="30.60181153845262" lon="104.064782668639"><ele>483</ele><time>2025-05-10T03:27:50.000Z</time></trkpt>
<trkpt lat="30.60170710678506" lon="104.0647895478766"><ele>482</ele><time>2025-05-10T03:27:52.000Z</time></trkpt>
<trkpt lat="30.60160756795946" lon="104.0647951224326"><ele>482</ele><time>2025-05-10T03:27:54.000Z</time></trkpt>
<trkpt lat="30.60150554013415" lon="104.0648008343567"><ele>483</ele><time>2025-05-10T03:27:56.000Z</time></trkpt>
<trkpt lat="30.60140531199467" lon="104.0648064730619"><ele>482</ele><time>2025-05-10T03:27:58.000Z</time></trkpt>
<trkpt lat="30.60130349564861" lon="104.0648121709811"><ele>482</ele><time>2025-05-10T03:28:00.000Z</time></trkpt>
<trkpt lat="30.60120442608769" lon="104.0648176759287"><ele>482</ele><time>2025-05-10T03:28:02.000Z</time></trkpt>
<trkpt lat="30.60110759521866" lon="104.0648231033631"><ele>482</ele><time>2025-05-10T03:28:04.000Z</time></trkpt>
<trkpt lat="30.60099648520223" lon="104.0648293860499"><ele>482</ele><time>2025-05-10T03:28:08.000Z</time></trkpt>
<trkpt lat="30.60090629527785" lon="104.064833705808"><ele>482</ele><time>2025-05-10T03:29:18.000Z</time></trkpt>
<trkpt lat="30.60081338710429" lon="104.064832948198"><ele>483</ele><time>2025-05-10T03:29:21.000Z</time></trkpt>
<trkpt lat="30.60071986825848" lon="104.0648323729804"><ele>483</ele><time>2025-05-10T03:29:23.000Z</time></trkpt>
<trkpt lat="30.60060530624646" lon="104.0648320772738"><ele>483</ele><time>2025-05-10T03:29:26.000Z</time></trkpt>
<trkpt lat="30.60051168442465" lon="104.0648318531483"><ele>483</ele><time>2025-05-10T03:29:28.000Z</time></trkpt>
<trkpt lat="30.60041586518422" lon="104.0648316221448"><ele>483</ele><time>2025-05-10T03:29:30.000Z</time></trkpt>
<trkpt lat="30.60031921519411" lon="104.0648313351104"><ele>483</ele><time>2025-05-10T03:29:32.000Z</time></trkpt>
<trkpt lat="30.60020247864702" lon="104.0648309707478"><ele>483</ele><time>2025-05-10T03:29:34.000Z</time></trkpt>
<trkpt lat="30.60010017533171" lon="104.0648329929043"><ele>483</ele><time>2025-05-10T03:29:36.000Z</time></trkpt>
<trkpt lat="30.59999884281158" lon="104.0648343128762"><ele>483</ele><time>2025-05-10T03:29:38.000Z</time></trkpt>
<trkpt lat="30.59990614978318" lon="104.0648355751682"><ele>483</ele><time>2025-05-10T03:29:40.000Z</time></trkpt>
<trkpt lat="30.59980707199323" lon="104.0648369076285"><ele>483</ele><time>2025-05-10T03:29:42.000Z</time></trkpt>
<trkpt lat="30.59971314025325" lon="104.064839830023"><ele>484</ele><time>2025-05-10T03:29:44.000Z</time></trkpt>
<trkpt lat="30.59962204328346" lon="104.0648453692277"><ele>484</ele><time>2025-05-10T03:29:46.000Z</time></trkpt>
<trkpt lat="30.59952710569192" lon="104.0648511350395"><ele>484</ele><time>2025-05-10T03:29:48.000Z</time></trkpt>
<trkpt lat="30.59943658485823" lon="104.0648383004183"><ele>484</ele><time>2025-05-10T03:29:50.000Z</time></trkpt>
<trkpt lat="30.59934383767744" lon="104.0648623082744"><ele>484</ele><time>2025-05-10T03:29:52.000Z</time></trkpt>
<trkpt lat="30.59920227687495" lon="104.0648709400954"><ele>484</ele><time>2025-05-10T03:29:55.000Z</time></trkpt>
<trkpt lat="30.59911083676643" lon="104.0648734829064"><ele>484</ele><time>2025-05-10T03:29:57.000Z</time></trkpt>
<trkpt lat="30.59901523772145" lon="104.0648760422062"><ele>484</ele><time>2025-05-10T03:29:59.000Z</time></trkpt>
<trkpt lat="30.59892064793782" lon="104.0648785734514"><ele>484</ele><time>2025-05-10T03:30:01.000Z</time></trkpt>
<trkpt lat="30.59882572963508" lon="104.064881109274"><ele>484</ele><time>2025-05-10T03:30:03.000Z</time></trkpt>
<trkpt lat="30.59872842667345" lon="104.064883711651"><ele>484</ele><time>2025-05-10T03:30:05.000Z</time></trkpt>
<trkpt lat="30.59862807588555" lon="104.0648863781216"><ele>484</ele><time>2025-05-10T03:30:07.000Z</time></trkpt>
<trkpt lat="30.59852955167927" lon="104.064889063746"><ele>484</ele><time>2025-05-10T03:30:09.000Z</time></trkpt>
<trkpt lat="30.59843385201438" lon="104.0648915893194"><ele>484</ele><time>2025-05-10T03:30:11.000Z</time></trkpt>
<trkpt lat="30.59833192239704" lon="104.0648943088531"><ele>484</ele><time>2025-05-10T03:30:13.000Z</time></trkpt>
<trkpt lat="30.5982130680149" lon="104.0648974831531"><ele>484</ele><time>2025-05-10T03:30:15.000Z</time></trkpt>
<trkpt lat="30.5980915435486" lon="104.064900719682"><ele>484</ele><time>2025-05-10T03:30:17.000Z</time></trkpt>
<trkpt lat="30.59798003263028" lon="104.0649035717814"><ele>484</ele><time>2025-05-10T03:30:19.000Z</time></trkpt>
<trkpt lat="30.59786855919213" lon="104.0649064318566"><ele>484</ele><time>2025-05-10T03:30:21.000Z</time></trkpt>
<trkpt lat="30.59776618209174" lon="104.064909044607"><ele>484</ele><time>2025-05-10T03:30:23.000Z</time></trkpt>
<trkpt lat="30.59766076780922" lon="104.0649117438319"><ele>484</ele><time>2025-05-10T03:30:25.000Z</time></trkpt>
<trkpt lat="30.59755538824042" lon="104.0649149267106"><ele>484</ele><time>2025-05-10T03:30:27.000Z</time></trkpt>
<trkpt lat="30.59745160351959" lon="104.0649183273368"><ele>484</ele><time>2025-05-10T03:30:29.000Z</time></trkpt>
<trkpt lat="30.59734630311396" lon="104.0649210159674"><ele>484</ele><time>2025-05-10T03:30:31.000Z</time></trkpt>
<trkpt lat="30.59724145972747" lon="104.06492196188"><ele>484</ele><time>2025-05-10T03:30:33.000Z</time></trkpt>
<trkpt lat="30.59713777439214" lon="104.0649228900218"><ele>484</ele><time>2025-05-10T03:30:35.000Z</time></trkpt>
<trkpt lat="30.59703434420441" lon="104.0649238179376"><ele>484</ele><time>2025-05-10T03:30:37.000Z</time></trkpt>
<trkpt lat="30.59693659045846" lon="104.0649246964972"><ele>484</ele><time>2025-05-10T03:30:39.000Z</time></trkpt>
<trkpt lat="30.59683417217165" lon="104.0649256100064"><ele>484</ele><time>2025-05-10T03:30:41.000Z</time></trkpt>
<trkpt lat="30.59672897740433" lon="104.0649265598085"><ele>484</ele><time>2025-05-10T03:30:43.000Z</time></trkpt>
<trkpt lat="30.59662736609308" lon="104.0649274682635"><ele>484</ele><time>2025-05-10T03:30:45.000Z</time></trkpt>
<trkpt lat="30.5965252241954" lon="104.0649283854412"><ele>484</ele><time>2025-05-10T03:30:47.000Z</time></trkpt>
<trkpt lat="30.59642561867389" lon="104.0649292873662"><ele>484</ele><time>2025-05-10T03:30:49.000Z</time></trkpt>
<trkpt lat="30.59632461902101" lon="104.0649302081458"><ele>484</ele><time>2025-05-10T03:30:51.000Z</time></trkpt>
<trkpt lat="30.59622315552117" lon="104.064931319857"><ele>484</ele><time>2025-05-10T03:30:53.000Z</time></trkpt>
<trkpt lat="30.59611935400378" lon="104.0649324578051"><ele>485</ele><time>2025-05-10T03:30:55.000Z</time></trkpt>
<trkpt lat="30.59601454101446" lon="104.064933628458"><ele>485</ele><time>2025-05-10T03:30:57.000Z</time></trkpt>
<trkpt lat="30.59590905746241" lon="104.0649347863714"><ele>485</ele><time>2025-05-10T03:30:59.000Z</time></trkpt>
<trkpt lat="30.5958027996857" lon="104.064935940162"><ele>484</ele><time>2025-05-10T03:31:01.000Z</time></trkpt>
<trkpt lat="30.59569302310158" lon="104.0649217515513"><ele>485</ele><time>2025-05-10T03:31:03.000Z</time></trkpt>
<trkpt lat="30.59558279270145" lon="104.0649425858672"><ele>484</ele><time>2025-05-10T03:31:05.000Z</time></trkpt>
<trkpt lat="30.59546948911234" lon="104.0649456835471"><ele>484</ele><time>2025-05-10T03:31:07.000Z</time></trkpt>
<trkpt lat="30.59535324286113" lon="104.0649488712268"><ele>484</ele><time>2025-05-10T03:31:09.000Z</time></trkpt>
<trkpt lat="30.59523620442838" lon="104.0649520885656"><ele>484</ele><time>2025-05-10T03:31:11.000Z</time></trkpt>
<trkpt lat="30.59512437156373" lon="104.0649551929479"><ele>484</ele><time>2025-05-10T03:31:13.000Z</time></trkpt>
<trkpt lat="30.59501107450964" lon="104.0649491242121"><ele>484</ele><time>2025-05-10T03:31:15.000Z</time></trkpt>
<trkpt lat="30.59489769483736" lon="104.0649545561631"><ele>484</ele><time>2025-05-10T03:31:17.000Z</time></trkpt>
<trkpt lat="30.59478614478686" lon="104.0649644000671"><ele>484</ele><time>2025-05-10T03:31:19.000Z</time></trkpt>
<trkpt lat="30.59467307418154" lon="104.0649696826839"><ele>484</ele><time>2025-05-10T03:31:21.000Z</time></trkpt>
<trkpt lat="30.59456384683217" lon="104.0649740007645"><ele>484</ele><time>2025-05-10T03:31:23.000Z</time></trkpt>
<trkpt lat="30.59445468209381" lon="104.0649736442166"><ele>484</ele><time>2025-05-10T03:31:25.000Z</time></trkpt>
<trkpt lat="30.59434211898331" lon="104.0649725556176"><ele>484</ele><time>2025-05-10T03:31:27.000Z</time></trkpt>
<trkpt lat="30.59422927952143" lon="104.0649766107828"><ele>484</ele><time>2025-05-10T03:31:29.000Z</time></trkpt>
<trkpt lat="30.59411901738514" lon="104.0649913447523"><ele>484</ele><time>2025-05-10T03:31:31.000Z</time></trkpt>
<trkpt lat="30.59400851762977" lon="104.0649930761117"><ele>485</ele><time>2025-05-10T03:31:33.000Z</time></trkpt>
<trkpt lat="30.59389854201287" lon="104.0650038675928"><ele>485</ele><time>2025-05-10T03:31:35.000Z</time></trkpt>
<trkpt lat="30.59379055282971" lon="104.0650021909206"><ele>484</ele><time>2025-05-10T03:31:37.000Z</time></trkpt>
<trkpt lat="30.59369109555541" lon="104.0650116322727"><ele>484</ele><time>2025-05-10T03:31:40.000Z</time></trkpt>
<trkpt lat="30.59356839464995" lon="104.0650041922586"><ele>484</ele><time>2025-05-10T03:31:43.000Z</time></trkpt>
<trkpt lat="30.5934352350289" lon="104.0650127573156"><ele>484</ele><time>2025-05-10T03:31:46.000Z</time></trkpt>
<trkpt lat="30.59334161068924" lon="104.0650210082046"><ele>484</ele><time>2025-05-10T03:31:48.000Z</time></trkpt>
<trkpt lat="30.59324192851379" lon="104.0650211496867"><ele>484</ele><time>2025-05-10T03:31:50.000Z</time></trkpt>
<trkpt lat="30.59314318963138" lon="104.0650271896859"><ele>484</ele><time>2025-05-10T03:31:52.000Z</time></trkpt>
<trkpt lat="30.5930413296239" lon="104.0650297014622"><ele>484</ele><time>2025-05-10T03:31:54.000Z</time></trkpt>
<trkpt lat="30.59294001375768" lon="104.0650371499095"><ele>484</ele><time>2025-05-10T03:31:56.000Z</time></trkpt>
<trkpt lat="30.59283928033065" lon="104.0650413568215"><ele>484</ele><time>2025-05-10T03:31:58.000Z</time></trkpt>
<trkpt lat="30.592741415665" lon="104.0650472949801"><ele>484</ele><time>2025-05-10T03:32:00.000Z</time></trkpt>
<trkpt lat="30.59264072769532" lon="104.0650498950981"><ele>484</ele><time>2025-05-10T03:32:02.000Z</time></trkpt>
<trkpt lat="30.59254127367761" lon="104.0650484297714"><ele>483</ele><time>2025-05-10T03:32:04.000Z</time></trkpt>
<trkpt lat="30.59243808691458" lon="104.0650402053159"><ele>483</ele><time>2025-05-10T03:32:06.000Z</time></trkpt>
<trkpt lat="30.59233855502269" lon="104.0650489022545"><ele>483</ele><time>2025-05-10T03:32:08.000Z</time></trkpt>
<trkpt lat="30.59223533473305" lon="104.0650531083148"><ele>483</ele><time>2025-05-10T03:32:10.000Z</time></trkpt>
<trkpt lat="30.59213112598008" lon="104.0650547968548"><ele>483</ele><time>2025-05-10T03:32:12.000Z</time></trkpt>
<trkpt lat="30.59202553627884" lon="104.0650616411174"><ele>483</ele><time>2025-05-10T03:32:14.000Z</time></trkpt>
<trkpt lat="30.59192294855264" lon="104.0650709245462"><ele>483</ele><time>2025-05-10T03:32:16.000Z</time></trkpt>
<trkpt lat="30.59182372247949" lon="104.0650819716498"><ele>483</ele><time>2025-05-10T03:32:18.000Z</time></trkpt>
<trkpt lat="30.59172325397911" lon="104.0650877327353"><ele>483</ele><time>2025-05-10T03:32:20.000Z</time></trkpt>
<trkpt lat="30.59163235325094" lon="104.0650813774533"><ele>483</ele><time>2025-05-10T03:32:22.000Z</time></trkpt>
<trkpt lat="30.59150936564743" lon="104.0650778304066"><ele>483</ele><time>2025-05-10T03:32:25.000Z</time></trkpt>
<trkpt lat="30.59141546178998" lon="104.0650668982421"><ele>483</ele><time>2025-05-10T03:32:30.000Z</time></trkpt>
<trkpt lat="30.59132216150019" lon="104.0650829451882"><ele>483</ele><time>2025-05-10T03:34:16.000Z</time></trkpt>
<trkpt lat="30.59133663376129" lon="104.0649109454293"><ele>483</ele><time>2025-05-10T03:34:17.000Z</time></trkpt>
<trkpt lat="30.59126223571104" lon="104.0650865503384"><ele>483</ele><time>2025-05-10T03:34:18.000Z</time></trkpt>
<trkpt lat="30.59116721532818" lon="104.0650910008681"><ele>483</ele><time>2025-05-10T03:34:21.000Z</time></trkpt>
<trkpt lat="30.59105821222091" lon="104.0650961084103"><ele>483</ele><time>2025-05-10T03:34:24.000Z</time></trkpt>
<trkpt lat="30.59094364881592" lon="104.0650975789621"><ele>483</ele><time>2025-05-10T03:34:27.000Z</time></trkpt>
<trkpt lat="30.59083121612402" lon="104.0650994410053"><ele>483</ele><time>2025-05-10T03:34:30.000Z</time></trkpt>
<trkpt lat="30.59069612360915" lon="104.0650875149277"><ele>483</ele><time>2025-05-10T03:34:33.000Z</time></trkpt>
<trkpt lat="30.59059576085422" lon="104.0650901599214"><ele>483</ele><time>2025-05-10T03:34:35.000Z</time></trkpt>
<trkpt lat="30.59049660042814" lon="104.0650974892697"><ele>484</ele><time>2025-05-10T03:34:37.000Z</time></trkpt>
<trkpt lat="30.59040193079634" lon="104.0651023925363"><ele>484</ele><time>2025-05-10T03:34:39.000Z</time></trkpt>
<trkpt lat="30.59031112323142" lon="104.0651035387499"><ele>484</ele><time>2025-05-10T03:34:41.000Z</time></trkpt>
<trkpt lat="30.59019851827167" lon="104.0651092141251"><ele>484</ele><time>2025-05-10T03:34:43.000Z</time></trkpt>
<trkpt lat="30.59010624563086" lon="104.0651257288838"><ele>485</ele><time>2025-05-10T03:34:45.000Z</time></trkpt>
<trkpt lat="30.59000641431709" lon="104.0651193598663"><ele>485</ele><time>2025-05-10T03:34:47.000Z</time></trkpt>
<trkpt lat="30.58990311730015" lon="104.0651116753499"><ele>484</ele><time>2025-05-10T03:34:49.000Z</time></trkpt>
<trkpt lat="30.58979797716207" lon="104.0651101363043"><ele>484</ele><time>2025-05-10T03:34:51.000Z</time></trkpt>
<trkpt lat="30.58968938143241" lon="104.0651117152856"><ele>484</ele><time>2025-05-10T03:34:53.000Z</time></trkpt>
<trkpt lat="30.58958345029141" lon="104.0651165466525"><ele>484</ele><time>2025-05-10T03:34:55.000Z</time></trkpt>
<trkpt lat="30.58947660671165" lon="104.0651225935377"><ele>484</ele><time>2025-05-10T03:34:57.000Z</time></trkpt>
<trkpt lat="30.58936769597724" lon="104.0651313156526"><ele>484</ele><time>2025-05-10T03:34:59.000Z</time></trkpt>
<trkpt lat="30.58924687126558" lon="104.0651449246714"><ele>483</ele><time>2025-05-10T03:35:01.000Z</time></trkpt>
<trkpt lat="30.58910837654363" lon="104.0651407995013"><ele>483</ele><time>2025-05-10T03:35:03.000Z</time></trkpt>
<trkpt lat="30.58897192330639" lon="104.0651517096083"><ele>484</ele><time>2025-05-10T03:35:05.000Z</time></trkpt>
<trkpt lat="30.58884260576954" lon="104.0651565668167"><ele>483</ele><time>2025-05-10T03:35:07.000Z</time></trkpt>
<trkpt lat="30.5887211231288" lon="104.0651687032702"><ele>483</ele><time>2025-05-10T03:35:09.000Z</time></trkpt>
<trkpt lat="30.58860434546209" lon="104.0651798546685"><ele>483</ele><time>2025-05-10T03:35:11.000Z</time></trkpt>
<trkpt lat="30.58850499129096" lon="104.065193234562"><ele>483</ele><time>2025-05-10T03:35:13.000Z</time></trkpt>
<trkpt lat="30.58840243386526" lon="104.0651914549107"><ele>483</ele><time>2025-05-10T03:35:15.000Z</time></trkpt>
<trkpt lat="30.58829925403349" lon="104.0651764308107"><ele>483</ele><time>2025-05-10T03:35:17.000Z</time></trkpt>
<trkpt lat="30.5881955839091" lon="104.0651926324622"><ele>483</ele><time>2025-05-10T03:35:19.000Z</time></trkpt>
<trkpt lat="30.58808996495084" lon="104.0651790072583"><ele>484</ele><time>2025-05-10T03:35:21.000Z</time></trkpt>
<trkpt lat="30.58798206512215" lon="104.0651639838579"><ele>484</ele><time>2025-05-10T03:35:23.000Z</time></trkpt>
<trkpt lat="30.58787778757576" lon="104.0651668434698"><ele>484</ele><time>2025-05-10T03:35:25.000Z</time></trkpt>
<trkpt lat="30.58777217983554" lon="104.0651730484507"><ele>484</ele><time>2025-05-10T03:35:27.000Z</time></trkpt>
<trkpt lat="30.5876692915306" lon="104.0651676043732"><ele>484</ele><time>2025-05-10T03:35:29.000Z</time></trkpt>
<trkpt lat="30.58757631795903" lon="104.0651627070765"><ele>484</ele><time>2025-05-10T03:35:31.000Z</time></trkpt>
<trkpt lat="30.58747010273717" lon="104.0651526760222"><ele>485</ele><time>2025-05-10T03:35:33.000Z</time></trkpt>
<trkpt lat="30.58736303493141" lon="104.0651584790224"><ele>485</ele><time>2025-05-10T03:35:35.000Z</time></trkpt>
<trkpt lat="30.58726198067373" lon="104.0651671068658"><ele>485</ele><time>2025-05-10T03:35:37.000Z</time></trkpt>
<trkpt lat="30.58714577510359" lon="104.0651821335328"><ele>484</ele><time>2025-05-10T03:35:39.000Z</time></trkpt>
<trkpt lat="30.5870466583381" lon="104.0651869789748"><ele>484</ele><time>2025-05-10T03:35:41.000Z</time></trkpt>
<trkpt lat="30.58693814063798" lon="104.0651893578133"><ele>484</ele><time>2025-05-10T03:35:43.000Z</time></trkpt>
<trkpt lat="30.58682508263734" lon="104.0651920782353"><ele>483</ele><time>2025-05-10T03:35:45.000Z</time></trkpt>
<trkpt lat="30.58671837176281" lon="104.0651963276675"><ele>483</ele><time>2025-05-10T03:35:47.000Z</time></trkpt>
<trkpt lat="30.58660040968586" lon="104.0651965490106"><ele>483</ele><time>2025-05-10T03:35:49.000Z</time></trkpt>
<trkpt lat="30.58649110798463" lon="104.0652096804807"><ele>483</ele><time>2025-05-10T03:35:51.000Z</time></trkpt>
<trkpt lat="30.58637782865891" lon="104.0652095996647"><ele>482</ele><time>2025-05-10T03:35:53.000Z</time></trkpt>
<trkpt lat="30.58626768291519" lon="104.0652089398623"><ele>482</ele><time>2025-05-10T03:35:55.000Z</time></trkpt>
<trkpt lat="30.58615503207778" lon="104.0652105548416"><ele>481</ele><time>2025-05-10T03:35:57.000Z</time></trkpt>
<trkpt lat="30.58603079501861" lon="104.0652061132004"><ele>480</ele><time>2025-05-10T03:35:59.000Z</time></trkpt>
<trkpt lat="30.58591263523942" lon="104.0652018392174"><ele>480</ele><time>2025-05-10T03:36:01.000Z</time></trkpt>
<trkpt lat="30.58580070416423" lon="104.0652116063163"><ele>481</ele><time>2025-05-10T03:36:03.000Z</time></trkpt>
<trkpt lat="30.58567094836303" lon="104.0652253391685"><ele>481</ele><time>2025-05-10T03:36:05.000Z</time></trkpt>
<trkpt lat="30.58551192951366" lon="104.0652318928018"><ele>481</ele><time>2025-05-10T03:36:07.000Z</time></trkpt>
<trkpt lat="30.58534993590028" lon="104.0652469843467"><ele>481</ele><time>2025-05-10T03:36:09.000Z</time></trkpt>
<trkpt lat="30.58520021971734" lon="104.0652468417109"><ele>481</ele><time>2025-05-10T03:36:11.000Z</time></trkpt>
<trkpt lat="30.58505739156844" lon="104.0652476191547"><ele>481</ele><time>2025-05-10T03:36:13.000Z</time></trkpt>
<trkpt lat="30.58492225686703" lon="104.0652616196135"><ele>480</ele><time>2025-05-10T03:36:15.000Z</time></trkpt>
<trkpt lat="30.58479432488953" lon="104.0652730975159"><ele>480</ele><time>2025-05-10T03:36:17.000Z</time></trkpt>
<trkpt lat="30.58466866019113" lon="104.0652821648928"><ele>480</ele><time>2025-05-10T03:36:19.000Z</time></trkpt>
<trkpt lat="30.58454721524843" lon="104.0652913348795"><ele>480</ele><time>2025-05-10T03:36:21.000Z</time></trkpt>
<trkpt lat="30.58443132357692" lon="104.065294295115"><ele>480</ele><time>2025-05-10T03:36:23.000Z</time></trkpt>
<trkpt lat="30.58431734190646" lon="104.0652984979158"><ele>480</ele><time>2025-05-10T03:36:25.000Z</time></trkpt>
<trkpt lat="30.58419192582453" lon="104.0652729250387"><ele>480</ele><time>2025-05-10T03:36:27.000Z</time></trkpt>
<trkpt lat="30.58407331203806" lon="104.0652882376831"><ele>480</ele><time>2025-05-10T03:36:29.000Z</time></trkpt>
<trkpt lat="30.58395544644816" lon="104.0652916867"><ele>480</ele><time>2025-05-10T03:36:31.000Z</time></trkpt>
<trkpt lat="30.58383417375525" lon="104.0652770787853"><ele>480</ele><time>2025-05-10T03:36:33.000Z</time></trkpt>
<trkpt lat="30.58371264504416" lon="104.065282634939"><ele>479</ele><time>2025-05-10T03:36:35.000Z</time></trkpt>
<trkpt lat="30.58359827858435" lon="104.0652832976808"><ele>479</ele><time>2025-05-10T03:36:37.000Z</time></trkpt>
<trkpt lat="30.58348469454574" lon="104.0653062382758"><ele>479</ele><time>2025-05-10T03:36:39.000Z</time></trkpt>
<trkpt lat="30.58336965674289" lon="104.0653099967756"><ele>479</ele><time>2025-05-10T03:36:41.000Z</time></trkpt>
<trkpt lat="30.58326441325338" lon="104.0653134416777"><ele>479</ele><time>2025-05-10T03:36:43.000Z</time></trkpt>
<trkpt lat="30.58315626078473" lon="104.0653170654449"><ele>479</ele><time>2025-05-10T03:36:45.000Z</time></trkpt>
<trkpt lat="30.58305119173677" lon="104.0653205802653"><ele>479</ele><time>2025-05-10T03:36:47.000Z</time></trkpt>
<trkpt lat="30.58294541396388" lon="104.0653121609523"><ele>479</ele><time>2025-05-10T03:36:49.000Z</time></trkpt>
<trkpt lat="30.58284504454051" lon="104.0653237152538"><ele>479</ele><time>2025-05-10T03:36:51.000Z</time></trkpt>
<trkpt lat="30.58274674739727" lon="104.0653222876068"><ele>479</ele><time>2025-05-10T03:36:53.000Z</time></trkpt>
<trkpt lat="30.58264974612484" lon="104.0653260100111"><ele>479</ele><time>2025-05-10T03:36:55.000Z</time></trkpt>
<trkpt lat="30.58255213738429" lon="104.0653389201264"><ele>479</ele><time>2025-05-10T03:36:57.000Z</time></trkpt>
<trkpt lat="30.58245704914842" lon="104.0653368757206"><ele>479</ele><time>2025-05-10T03:36:59.000Z</time></trkpt>
<trkpt lat="30.58236193286157" lon="104.0653340775578"><ele>479</ele><time>2025-05-10T03:37:01.000Z</time></trkpt>
<trkpt lat="30.58226615200127" lon="104.0653322808006"><ele>479</ele><time>2025-05-10T03:37:03.000Z</time></trkpt>
<trkpt lat="30.58216801740853" lon="104.0653361705176"><ele>479</ele><time>2025-05-10T03:37:05.000Z</time></trkpt>
<trkpt lat="30.58206767574333" lon="104.0653546481188"><ele>479</ele><time>2025-05-10T03:37:07.000Z</time></trkpt>
<trkpt lat="30.58197415150111" lon="104.0653611781662"><ele>479</ele><time>2025-05-10T03:37:09.000Z</time></trkpt>
<trkpt lat="30.58184616812219" lon="104.0653731713587"><ele>479</ele><time>2025-05-10T03:37:12.000Z</time></trkpt>
<trkpt lat="30.58172789791345" lon="104.0653744593983"><ele>479</ele><time>2025-05-10T03:37:15.000Z</time></trkpt>
<trkpt lat="30.5816146492095" lon="104.0653584135443"><ele>479</ele><time>2025-05-10T03:37:18.000Z</time></trkpt>
<trkpt lat="30.58152110932699" lon="104.0653718813706"><ele>479</ele><time>2025-05-10T03:37:21.000Z</time></trkpt>
<trkpt lat="30.58142660086021" lon="104.0653751133613"><ele>479</ele><time>2025-05-10T03:37:41.000Z</time></trkpt>
<trkpt lat="30.58130255734875" lon="104.0653785239467"><ele>479</ele><time>2025-05-10T03:37:45.000Z</time></trkpt>
<trkpt lat="30.58118447597097" lon="104.0653817515007"><ele>479</ele><time>2025-05-10T03:37:48.000Z</time></trkpt>
<trkpt lat="30.58105280107989" lon="104.0653750225529"><ele>479</ele><time>2025-05-10T03:37:51.000Z</time></trkpt>
<trkpt lat="30.58096097647743" lon="104.0653775750735"><ele>479</ele><time>2025-05-10T03:37:53.000Z</time></trkpt>
<trkpt lat="30.58086849337475" lon="104.0653889686233"><ele>479</ele><time>2025-05-10T03:37:55.000Z</time></trkpt>
<trkpt lat="30.58076746293031" lon="104.0653940366908"><ele>478</ele><time>2025-05-10T03:37:57.000Z</time></trkpt>
<trkpt lat="30.58066769659828" lon="104.0654002645852"><ele>479</ele><time>2025-05-10T03:37:59.000Z</time></trkpt>
<trkpt lat="30.58056667073553" lon="104.0654053274509"><ele>478</ele><time>2025-05-10T03:38:01.000Z</time></trkpt>
<trkpt lat="30.58046040985595" lon="104.0654058124214"><ele>478</ele><time>2025-05-10T03:38:03.000Z</time></trkpt>
<trkpt lat="30.58036458109436" lon="104.0654105605823"><ele>478</ele><time>2025-05-10T03:38:05.000Z</time></trkpt>
<trkpt lat="30.58026309613703" lon="104.0654102314312"><ele>478</ele><time>2025-05-10T03:38:07.000Z</time></trkpt>
<trkpt lat="30.58016670199212" lon="104.0654187428602"><ele>478</ele><time>2025-05-10T03:38:09.000Z</time></trkpt>
<trkpt lat="30.58006239082586" lon="104.0654158073742"><ele>478</ele><time>2025-05-10T03:38:11.000Z</time></trkpt>
<trkpt lat="30.57996334724299" lon="104.0654119953136"><ele>477</ele><time>2025-05-10T03:38:13.000Z</time></trkpt>
<trkpt lat="30.57986859689176" lon="104.0654162813676"><ele>477</ele><time>2025-05-10T03:38:15.000Z</time></trkpt>
<trkpt lat="30.57977537936391" lon="104.0654186878017"><ele>477</ele><time>2025-05-10T03:38:17.000Z</time></trkpt>
<trkpt lat="30.57967521939597" lon="104.0654297795849"><ele>476</ele><time>2025-05-10T03:38:19.000Z</time></trkpt>
<trkpt lat="30.57957128316824" lon="104.0654471557881"><ele>476</ele><time>2025-05-10T03:38:21.000Z</time></trkpt>
<trkpt lat="30.57946999342842" lon="104.0654538077585"><ele>476</ele><time>2025-05-10T03:38:23.000Z</time></trkpt>
<trkpt lat="30.57937277465389" lon="104.065455454446"><ele>475</ele><time>2025-05-10T03:38:25.000Z</time></trkpt>
<trkpt lat="30.57927380101303" lon="104.0654548129729"><ele>475</ele><time>2025-05-10T03:38:27.000Z</time></trkpt>
<trkpt lat="30.57917338494482" lon="104.0654517632494"><ele>475</ele><time>2025-05-10T03:38:29.000Z</time></trkpt>
<trkpt lat="30.57907520527454" lon="104.0654544876515"><ele>474</ele><time>2025-05-10T03:38:31.000Z</time></trkpt>
<trkpt lat="30.57897556725962" lon="104.0654587899876"><ele>475</ele><time>2025-05-10T03:38:33.000Z</time></trkpt>
<trkpt lat="30.57887621350521" lon="104.0654622845037"><ele>475</ele><time>2025-05-10T03:38:35.000Z</time></trkpt>
<trkpt lat="30.57877473592961" lon="104.0654634121721"><ele>475</ele><time>2025-05-10T03:38:37.000Z</time></trkpt>
<trkpt lat="30.57867414304661" lon="104.0654725798835"><ele>474</ele><time>2025-05-10T03:38:39.000Z</time></trkpt>
<trkpt lat="30.57857687258403" lon="104.0654765385466"><ele>475</ele><time>2025-05-10T03:38:41.000Z</time></trkpt>
<trkpt lat="30.57845290660537" lon="104.0654541634894"><ele>475</ele><time>2025-05-10T03:38:44.000Z</time></trkpt>
<trkpt lat="30.5783549108421" lon="104.0654682357377"><ele>475</ele><time>2025-05-10T03:38:46.000Z</time></trkpt>
<trkpt lat="30.57824106137279" lon="104.0654741185968"><ele>475</ele><time>2025-05-10T03:38:49.000Z</time></trkpt>
<trkpt lat="30.57814998490469" lon="104.0654780695049"><ele>475</ele><time>2025-05-10T03:38:51.000Z</time></trkpt>
<trkpt lat="30.57803095902925" lon="104.0654830041066"><ele>475</ele><time>2025-05-10T03:38:54.000Z</time></trkpt>
<trkpt lat="30.57791195373339" lon="104.0654902735679"><ele>475</ele><time>2025-05-10T03:38:57.000Z</time></trkpt>
<trkpt lat="30.57778272660027" lon="104.0654986220618"><ele>476</ele><time>2025-05-10T03:39:00.000Z</time></trkpt>
<trkpt lat="30.57768255540859" lon="104.0655050780933"><ele>475</ele><time>2025-05-10T03:39:02.000Z</time></trkpt>
<trkpt lat="30.57757377837793" lon="104.0654977675391"><ele>475</ele><time>2025-05-10T03:39:04.000Z</time></trkpt>
<trkpt lat="30.57746188942388" lon="104.0655164923879"><ele>476</ele><time>2025-05-10T03:39:06.000Z</time></trkpt>
<trkpt lat="30.57735395332502" lon="104.0655066138798"><ele>475</ele><time>2025-05-10T03:39:08.000Z</time></trkpt>
<trkpt lat="30.57724628105471" lon="104.0655146325051"><ele>474</ele><time>2025-05-10T03:39:10.000Z</time></trkpt>
<trkpt lat="30.57714117604505" lon="104.0655139131185"><ele>476</ele><time>2025-05-10T03:39:12.000Z</time></trkpt>
<trkpt lat="30.57703460860251" lon="104.0655188532864"><ele>477</ele><time>2025-05-10T03:39:14.000Z</time></trkpt>
<trkpt lat="30.57692180900911" lon="104.0655250827768"><ele>477</ele><time>2025-05-10T03:39:16.000Z</time></trkpt>
<trkpt lat="30.5768103169137" lon="104.0655179135553"><ele>477</ele><time>2025-05-10T03:39:18.000Z</time></trkpt>
<trkpt lat="30.57669536711974" lon="104.0655221606323"><ele>478</ele><time>2025-05-10T03:39:20.000Z</time></trkpt>
<trkpt lat="30.57658484140839" lon="104.0655241799936"><ele>479</ele><time>2025-05-10T03:39:22.000Z</time></trkpt>
<trkpt lat="30.57647472077761" lon="104.0655250972553"><ele>479</ele><time>2025-05-10T03:39:24.000Z</time></trkpt>
<trkpt lat="30.57636026746907" lon="104.0655274031821"><ele>480</ele><time>2025-05-10T03:39:26.000Z</time></trkpt>
<trkpt lat="30.57624433471499" lon="104.065533186853"><ele>480</ele><time>2025-05-10T03:39:28.000Z</time></trkpt>
<trkpt lat="30.57613411121036" lon="104.065552222655"><ele>481</ele><time>2025-05-10T03:39:30.000Z</time></trkpt>
<trkpt lat="30.57601932144808" lon="104.0655376351503"><ele>481</ele><time>2025-05-10T03:39:32.000Z</time></trkpt>
<trkpt lat="30.57591594036905" lon="104.0655609240897"><ele>481</ele><time>2025-05-10T03:39:34.000Z</time></trkpt>
<trkpt lat="30.57580420897333" lon="104.0655653713646"><ele>481</ele><time>2025-05-10T03:39:36.000Z</time></trkpt>
<trkpt lat="30.57569755543565" lon="104.0655511814166"><ele>481</ele><time>2025-05-10T03:39:38.000Z</time></trkpt>
<trkpt lat="30.57558877723284" lon="104.0655739482784"><ele>480</ele><time>2025-05-10T03:39:40.000Z</time></trkpt>
<trkpt lat="30.57548091869124" lon="104.0655599221539"><ele>480</ele><time>2025-05-10T03:39:42.000Z</time></trkpt>
<trkpt lat="30.57537771372791" lon="104.0655677094555"><ele>480</ele><time>2025-05-10T03:39:44.000Z</time></trkpt>
<trkpt lat="30.57527962895634" lon="104.0655756982914"><ele>480</ele><time>2025-05-10T03:39:46.000Z</time></trkpt>
<trkpt lat="30.57518173697607" lon="104.065582408981"><ele>480</ele><time>2025-05-10T03:39:48.000Z</time></trkpt>
<trkpt lat="30.57508654357222" lon="104.0655856897333"><ele>480</ele><time>2025-05-10T03:39:50.000Z</time></trkpt>
<trkpt lat="30.57499163197143" lon="104.0655834091626"><ele>479</ele><time>2025-05-10T03:39:52.000Z</time></trkpt>
<trkpt lat="30.57490089604851" lon="104.0655850974894"><ele>479</ele><time>2025-05-10T03:39:54.000Z</time></trkpt>
<trkpt lat="30.57477359290562" lon="104.0655866470102"><ele>479</ele><time>2025-05-10T03:39:57.000Z</time></trkpt>
<trkpt lat="30.5746782288111" lon="104.0656054613052"><ele>479</ele><time>2025-05-10T03:40:00.000Z</time></trkpt>
<trkpt lat="30.5745715470319" lon="104.0656081634379"><ele>479</ele><time>2025-05-10T03:40:14.000Z</time></trkpt>
<trkpt lat="30.57446534658027" lon="104.065611797523"><ele>479</ele><time>2025-05-10T03:40:18.000Z</time></trkpt>
<trkpt lat="30.57437287374717" lon="104.0656152461072"><ele>479</ele><time>2025-05-10T03:40:21.000Z</time></trkpt>
<trkpt lat="30.57426213559106" lon="104.0655959819581"><ele>478</ele><time>2025-05-10T03:40:24.000Z</time></trkpt>
<trkpt lat="30.57413656837371" lon="104.0655934274756"><ele>479</ele><time>2025-05-10T03:40:27.000Z</time></trkpt>
<trkpt lat="30.57400684702572" lon="104.065592635596"><ele>479</ele><time>2025-05-10T03:40:30.000Z</time></trkpt>
<trkpt lat="30.57387097916483" lon="104.0655966407501"><ele>479</ele><time>2025-05-10T03:40:33.000Z</time></trkpt>
<trkpt lat="30.57377685184781" lon="104.0655999522876"><ele>479</ele><time>2025-05-10T03:40:35.000Z</time></trkpt>
<trkpt lat="30.57368173320877" lon="104.0656018774218"><ele>480</ele><time>2025-05-10T03:40:37.000Z</time></trkpt>
<trkpt lat="30.57358649344929" lon="104.0656042177134"><ele>480</ele><time>2025-05-10T03:40:39.000Z</time></trkpt>
<trkpt lat="30.57348901146061" lon="104.0655990103133"><ele>480</ele><time>2025-05-10T03:40:41.000Z</time></trkpt>
<trkpt lat="30.57339284225003" lon="104.0655631484755"><ele>480</ele><time>2025-05-10T03:40:43.000Z</time></trkpt>
<trkpt lat="30.57330222706" lon="104.0655333602953"><ele>480</ele><time>2025-05-10T03:40:45.000Z</time></trkpt>
<trkpt lat="30.57320628850037" lon="104.0655436424139"><ele>480</ele><time>2025-05-10T03:40:47.000Z</time></trkpt>
<trkpt lat="30.57310269214087" lon="104.0655442182819"><ele>480</ele><time>2025-05-10T03:40:49.000Z</time></trkpt>
<trkpt lat="30.57299941740126" lon="104.0655439994396"><ele>481</ele><time>2025-05-10T03:40:51.000Z</time></trkpt>
<trkpt lat="30.57289862744425" lon="104.0655480525638"><ele>481</ele><time>2025-05-10T03:40:53.000Z</time></trkpt>
<trkpt lat="30.57279920528084" lon="104.0655460305741"><ele>481</ele><time>2025-05-10T03:40:55.000Z</time></trkpt>
<trkpt lat="30.57270685949439" lon="104.0655502473727"><ele>480</ele><time>2025-05-10T03:40:57.000Z</time></trkpt>
<trkpt lat="30.57265201628893" lon="104.0656496558656"><ele>480</ele><time>2025-05-10T03:40:59.000Z</time></trkpt>
<trkpt lat="30.57255437133667" lon="104.0656539667256"><ele>480</ele><time>2025-05-10T03:41:03.000Z</time></trkpt>
<trkpt lat="30.57244618356946" lon="104.0656556367888"><ele>480</ele><time>2025-05-10T03:41:07.000Z</time></trkpt>
<trkpt lat="30.57233049473107" lon="104.0656574395392"><ele>480</ele><time>2025-05-10T03:41:10.000Z</time></trkpt>
<trkpt lat="30.57223941796459" lon="104.0656595555414"><ele>480</ele><time>2025-05-10T03:41:12.000Z</time></trkpt>
<trkpt lat="30.57214335121244" lon="104.065662599103"><ele>479</ele><time>2025-05-10T03:41:14.000Z</time></trkpt>
<trkpt lat="30.57205002020818" lon="104.0656655457815"><ele>479</ele><time>2025-05-10T03:41:16.000Z</time></trkpt>
<trkpt lat="30.57195496459973" lon="104.0656685619882"><ele>479</ele><time>2025-05-10T03:41:18.000Z</time></trkpt>
<trkpt lat="30.57185592090119" lon="104.0656716927305"><ele>479</ele><time>2025-05-10T03:41:20.000Z</time></trkpt>
<trkpt lat="30.57175825207539" lon="104.0656747830582"><ele>479</ele><time>2025-05-10T03:41:22.000Z</time></trkpt>
<trkpt lat="30.57165246020749" lon="104.0656781277442"><ele>479</ele><time>2025-05-10T03:41:24.000Z</time></trkpt>
<trkpt lat="30.57154787243844" lon="104.0656814399548"><ele>479</ele><time>2025-05-10T03:41:26.000Z</time></trkpt>
<trkpt lat="30.57144585047431" lon="104.0656846688356"><ele>479</ele><time>2025-05-10T03:41:28.000Z</time></trkpt>
<trkpt lat="30.57134456064828" lon="104.0656878770207"><ele>479</ele><time>2025-05-10T03:41:30.000Z</time></trkpt>
<trkpt lat="30.5712437202954" lon="104.065691068348"><ele>479</ele><time>2025-05-10T03:41:32.000Z</time></trkpt>
<trkpt lat="30.57114336141512" lon="104.0656942458961"><ele>479</ele><time>2025-05-10T03:41:34.000Z</time></trkpt>
<trkpt lat="30.57104275463088" lon="104.0656974199559"><ele>479</ele><time>2025-05-10T03:41:36.000Z</time></trkpt>
<trkpt lat="30.57094182074854" lon="104.0657006170339"><ele>479</ele><time>2025-05-10T03:41:38.000Z</time></trkpt>
<trkpt lat="30.57084626003948" lon="104.0657036425295"><ele>479</ele><time>2025-05-10T03:41:40.000Z</time></trkpt>
<trkpt lat="30.57075214113051" lon="104.0657066211047"><ele>480</ele><time>2025-05-10T03:41:42.000Z</time></trkpt>
<trkpt lat="30.57062412382363" lon="104.065710667688"><ele>480</ele><time>2025-05-10T03:41:45.000Z</time></trkpt>
<trkpt lat="30.5705282314354" lon="104.0657137174857"><ele>480</ele><time>2025-05-10T03:41:49.000Z</time></trkpt>
<trkpt lat="30.57042171510431" lon="104.0657170789638"><ele>480</ele><time>2025-05-10T03:41:54.000Z</time></trkpt>
<trkpt lat="30.57030533215761" lon="104.0657210849277"><ele>480</ele><time>2025-05-10T03:41:57.000Z</time></trkpt>
<trkpt lat="30.57018341882073" lon="104.0657255728536"><ele>481</ele><time>2025-05-10T03:42:00.000Z</time></trkpt>
<trkpt lat="30.5700732486888" lon="104.0657296413075"><ele>481</ele><time>2025-05-10T03:42:03.000Z</time></trkpt>
<trkpt lat="30.56997330745954" lon="104.0657323490317"><ele>481</ele><time>2025-05-10T03:42:06.000Z</time></trkpt>
<trkpt lat="30.56984239194743" lon="104.0657352824389"><ele>480</ele><time>2025-05-10T03:42:09.000Z</time></trkpt>
<trkpt lat="30.56970798675593" lon="104.0657379095985"><ele>480</ele><time>2025-05-10T03:42:12.000Z</time></trkpt>
<trkpt lat="30.569608417939" lon="104.0657398559371"><ele>480</ele><time>2025-05-10T03:42:14.000Z</time></trkpt>
<trkpt lat="30.56950609874774" lon="104.0657420149048"><ele>480</ele><time>2025-05-10T03:42:16.000Z</time></trkpt>
<trkpt lat="30.56939623084902" lon="104.0657444014745"><ele>480</ele><time>2025-05-10T03:42:18.000Z</time></trkpt>
<trkpt lat="30.56928501440376" lon="104.0657467866011"><ele>480</ele><time>2025-05-10T03:42:20.000Z</time></trkpt>
<trkpt lat="30.56917347738594" lon="104.0657491443122"><ele>480</ele><time>2025-05-10T03:42:22.000Z</time></trkpt>
<trkpt lat="30.56905984073607" lon="104.06575159232"><ele>480</ele><time>2025-05-10T03:42:24.000Z</time></trkpt>
<trkpt lat="30.56894217334676" lon="104.0657551234953"><ele>480</ele><time>2025-05-10T03:42:26.000Z</time></trkpt>
<trkpt lat="30.5688278750079" lon="104.0657615548902"><ele>480</ele><time>2025-05-10T03:42:28.000Z</time></trkpt>
<trkpt lat="30.56872043216224" lon="104.065767631697"><ele>480</ele><time>2025-05-10T03:42:30.000Z</time></trkpt>
<trkpt lat="30.56861632267701" lon="104.0657735093878"><ele>480</ele><time>2025-05-10T03:42:32.000Z</time></trkpt>
<trkpt lat="30.5684897831096" lon="104.0657723596335"><ele>480</ele><time>2025-05-10T03:42:35.000Z</time></trkpt>
<trkpt lat="30.56837008615415" lon="104.0657582135167"><ele>480</ele><time>2025-05-10T03:42:38.000Z</time></trkpt>
<trkpt lat="30.56824488675277" lon="104.0657866477309"><ele>480</ele><time>2025-05-10T03:42:41.000Z</time></trkpt>
<trkpt lat="30.56814561652288" lon="104.0657950595264"><ele>480</ele><time>2025-05-10T03:42:43.000Z</time></trkpt>
<trkpt lat="30.56803374790745" lon="104.0657841208886"><ele>480</ele><time>2025-05-10T03:42:46.000Z</time></trkpt>
<trkpt lat="30.56793765660181" lon="104.0657746697093"><ele>480</ele><time>2025-05-10T03:42:48.000Z</time></trkpt>
<trkpt lat="30.56782509508247" lon="104.065776802453"><ele>480</ele><time>2025-05-10T03:42:50.000Z</time></trkpt>
<trkpt lat="30.56772034586844" lon="104.0657924283068"><ele>480</ele><time>2025-05-10T03:42:52.000Z</time></trkpt>
<trkpt lat="30.56761881356379" lon="104.0657925865114"><ele>480</ele><time>2025-05-10T03:42:54.000Z</time></trkpt>
<trkpt lat="30.56752755334829" lon="104.065792224652"><ele>480</ele><time>2025-05-10T03:42:56.000Z</time></trkpt>
<trkpt lat="30.56743279353665" lon="104.0657993490412"><ele>480</ele><time>2025-05-10T03:42:58.000Z</time></trkpt>
<trkpt lat="30.56733722967764" lon="104.0658074383424"><ele>481</ele><time>2025-05-10T03:43:00.000Z</time></trkpt>
<trkpt lat="30.56723431490937" lon="104.0658037538328"><ele>481</ele><time>2025-05-10T03:43:02.000Z</time></trkpt>
<trkpt lat="30.56713377639867" lon="104.0658120597843"><ele>481</ele><time>2025-05-10T03:43:04.000Z</time></trkpt>
<trkpt lat="30.56702830332779" lon="104.0658139002561"><ele>481</ele><time>2025-05-10T03:43:06.000Z</time></trkpt>
<trkpt lat="30.56692743735108" lon="104.065821027112"><ele>481</ele><time>2025-05-10T03:43:08.000Z</time></trkpt>
<trkpt lat="30.56682469357543" lon="104.0658243727817"><ele>481</ele><time>2025-05-10T03:43:10.000Z</time></trkpt>
<trkpt lat="30.56672165132197" lon="104.0658162269981"><ele>480</ele><time>2025-05-10T03:43:12.000Z</time></trkpt>
<trkpt lat="30.56661683071195" lon="104.06580873461"><ele>481</ele><time>2025-05-10T03:43:14.000Z</time></trkpt>
<trkpt lat="30.56650950592518" lon="104.0658323516475"><ele>482</ele><time>2025-05-10T03:43:16.000Z</time></trkpt>
<trkpt lat="30.5664010753872" lon="104.065821874728"><ele>482</ele><time>2025-05-10T03:43:18.000Z</time></trkpt>
<trkpt lat="30.5662922879028" lon="104.0658202201645"><ele>482</ele><time>2025-05-10T03:43:20.000Z</time></trkpt>
<trkpt lat="30.56618703397672" lon="104.0658454999592"><ele>482</ele><time>2025-05-10T03:43:22.000Z</time></trkpt>
<trkpt lat="30.56607885677597" lon="104.06584991262"><ele>483</ele><time>2025-05-10T03:43:24.000Z</time></trkpt>
<trkpt lat="30.5659663372655" lon="104.0658247821681"><ele>482</ele><time>2025-05-10T03:43:26.000Z</time></trkpt>
<trkpt lat="30.56586107127255" lon="104.0658335135203"><ele>482</ele><time>2025-05-10T03:43:28.000Z</time></trkpt>
<trkpt lat="30.56575669990003" lon="104.0658322581213"><ele>481</ele><time>2025-05-10T03:43:30.000Z</time></trkpt>
<trkpt lat="30.56565242533486" lon="104.0658394033909"><ele>480</ele><time>2025-05-10T03:43:32.000Z</time></trkpt>
<trkpt lat="30.56555089538758" lon="104.0658391775687"><ele>480</ele><time>2025-05-10T03:43:34.000Z</time></trkpt>
<trkpt lat="30.56544836890941" lon="104.0658372068078"><ele>480</ele><time>2025-05-10T03:43:36.000Z</time></trkpt>
<trkpt lat="30.5653340519974" lon="104.0658910054113"><ele>480</ele><time>2025-05-10T03:43:38.000Z</time></trkpt>
<trkpt lat="30.56521492213069" lon="104.0658957618027"><ele>480</ele><time>2025-05-10T03:43:40.000Z</time></trkpt>
<trkpt lat="30.56510482546794" lon="104.0659001551439"><ele>479</ele><time>2025-05-10T03:43:42.000Z</time></trkpt>
<trkpt lat="30.56499396682932" lon="104.065904588435"><ele>479</ele><time>2025-05-10T03:43:44.000Z</time></trkpt>
<trkpt lat="30.56488283535741" lon="104.0659090248977"><ele>478</ele><time>2025-05-10T03:43:46.000Z</time></trkpt>
<trkpt lat="30.56477777600255" lon="104.0659132260777"><ele>478</ele><time>2025-05-10T03:43:48.000Z</time></trkpt>
<trkpt lat="30.56467235612517" lon="104.0659168463182"><ele>478</ele><time>2025-05-10T03:43:50.000Z</time></trkpt>
<trkpt lat="30.56457086063025" lon="104.065919419263"><ele>478</ele><time>2025-05-10T03:43:52.000Z</time></trkpt>
<trkpt lat="30.5644701261053" lon="104.0659219773148"><ele>478</ele><time>2025-05-10T03:43:54.000Z</time></trkpt>
<trkpt lat="30.56436835620924" lon="104.0659245565185"><ele>480</ele><time>2025-05-10T03:43:56.000Z</time></trkpt>
<trkpt lat="30.56426891391473" lon="104.0659270680997"><ele>480</ele><time>2025-05-10T03:43:58.000Z</time></trkpt>
<trkpt lat="30.56417287235785" lon="104.0659295027443"><ele>480</ele><time>2025-05-10T03:44:00.000Z</time></trkpt>
<trkpt lat="30.56407311993575" lon="104.0659320438352"><ele>480</ele><time>2025-05-10T03:44:02.000Z</time></trkpt>
<trkpt lat="30.56397792475102" lon="104.0659344517431"><ele>480</ele><time>2025-05-10T03:44:04.000Z</time></trkpt>
<trkpt lat="30.56387640777836" lon="104.0659370221872"><ele>480</ele><time>2025-05-10T03:44:06.000Z</time></trkpt>
<trkpt lat="30.56377446009653" lon="104.0659396103818"><ele>480</ele><time>2025-05-10T03:44:08.000Z</time></trkpt>
<trkpt lat="30.56367770475076" lon="104.0659420593413"><ele>480</ele><time>2025-05-10T03:44:10.000Z</time></trkpt>
<trkpt lat="30.56354820599712" lon="104.0659496809115"><ele>480</ele><time>2025-05-10T03:44:13.000Z</time></trkpt>
<trkpt lat="30.56342221339702" lon="104.0659626922341"><ele>480</ele><time>2025-05-10T03:44:16.000Z</time></trkpt>
<trkpt lat="30.56329299556535" lon="104.0659566550287"><ele>480</ele><time>2025-05-10T03:44:19.000Z</time></trkpt>
<trkpt lat="30.56318189281025" lon="104.0659588946167"><ele>480</ele><time>2025-05-10T03:44:22.000Z</time></trkpt>
<trkpt lat="30.56308922520641" lon="104.065960740678"><ele>480</ele><time>2025-05-10T03:44:25.000Z</time></trkpt>
<trkpt lat="30.56299790191015" lon="104.0658510250512"><ele>480</ele><time>2025-05-10T03:45:26.000Z</time></trkpt>
<trkpt lat="30.56298285604057" lon="104.065962921476"><ele>481</ele><time>2025-05-10T03:45:27.000Z</time></trkpt>
<trkpt lat="30.56286972041371" lon="104.0659651877012"><ele>481</ele><time>2025-05-10T03:45:31.000Z</time></trkpt>
<trkpt lat="30.56276928593959" lon="104.065971237926"><ele>481</ele><time>2025-05-10T03:45:34.000Z</time></trkpt>
<trkpt lat="30.56265146198777" lon="104.065974536005"><ele>481</ele><time>2025-05-10T03:45:37.000Z</time></trkpt>
<trkpt lat="30.56256590308463" lon="104.0658940351221"><ele>481</ele><time>2025-05-10T03:45:39.000Z</time></trkpt>
<trkpt lat="30.56243627191214" lon="104.065915047296"><ele>481</ele><time>2025-05-10T03:45:42.000Z</time></trkpt>
<trkpt lat="30.56234948201197" lon="104.0659843127842"><ele>480</ele><time>2025-05-10T03:45:44.000Z</time></trkpt>
<trkpt lat="30.56221581109475" lon="104.0659885082385"><ele>480</ele><time>2025-05-10T03:45:47.000Z</time></trkpt>
<trkpt lat="30.56212490025178" lon="104.0659913722084"><ele>480</ele><time>2025-05-10T03:45:49.000Z</time></trkpt>
<trkpt lat="30.56202895942792" lon="104.0659943917502"><ele>480</ele><time>2025-05-10T03:45:51.000Z</time></trkpt>
<trkpt lat="30.56193463811566" lon="104.0659973484223"><ele>480</ele><time>2025-05-10T03:45:53.000Z</time></trkpt>
<trkpt lat="30.56183836366259" lon="104.066000368256"><ele>480</ele><time>2025-05-10T03:45:55.000Z</time></trkpt>
<trkpt lat="30.56173801853602" lon="104.0660035206994"><ele>481</ele><time>2025-05-10T03:45:57.000Z</time></trkpt>
<trkpt lat="30.56163954978147" lon="104.0660066193697"><ele>481</ele><time>2025-05-10T03:45:59.000Z</time></trkpt>
<trkpt lat="30.56153599176078" lon="104.0660098693467"><ele>481</ele><time>2025-05-10T03:46:01.000Z</time></trkpt>
<trkpt lat="30.56143200568759" lon="104.0660131366474"><ele>481</ele><time>2025-05-10T03:46:03.000Z</time></trkpt>
<trkpt lat="30.56132502684634" lon="104.0660164968511"><ele>481</ele><time>2025-05-10T03:46:05.000Z</time></trkpt>
<trkpt lat="30.56121169952317" lon="104.0660200488587"><ele>481</ele><time>2025-05-10T03:46:07.000Z</time></trkpt>
<trkpt lat="30.56109529045412" lon="104.0660237014113"><ele>481</ele><time>2025-05-10T03:46:09.000Z</time></trkpt>
<trkpt lat="30.56097618269913" lon="104.0660274440707"><ele>481</ele><time>2025-05-10T03:46:11.000Z</time></trkpt>
<trkpt lat="30.56086084436094" lon="104.0660310783251"><ele>481</ele><time>2025-05-10T03:46:13.000Z</time></trkpt>
<trkpt lat="30.56075278032149" lon="104.0660344582453"><ele>481</ele><time>2025-05-10T03:46:15.000Z</time></trkpt>
<trkpt lat="30.56065006513264" lon="104.0660376818668"><ele>481</ele><time>2025-05-10T03:46:17.000Z</time></trkpt>
<trkpt lat="30.56055096668174" lon="104.0660408107526"><ele>481</ele><time>2025-05-10T03:46:19.000Z</time></trkpt>
<trkpt lat="30.56045026561394" lon="104.0660439619853"><ele>481</ele><time>2025-05-10T03:46:21.000Z</time></trkpt>
<trkpt lat="30.56033788163289" lon="104.0660474979118"><ele>481</ele><time>2025-05-10T03:46:23.000Z</time></trkpt>
<trkpt lat="30.56022778300079" lon="104.0660509570256"><ele>482</ele><time>2025-05-10T03:46:25.000Z</time></trkpt>
<trkpt lat="30.56012699399234" lon="104.0660541259161"><ele>482</ele><time>2025-05-10T03:46:27.000Z</time></trkpt>
<trkpt lat="30.56002660790034" lon="104.0660572673036"><ele>481</ele><time>2025-05-10T03:46:29.000Z</time></trkpt>
<trkpt lat="30.55992246366647" lon="104.0660605432099"><ele>482</ele><time>2025-05-10T03:46:31.000Z</time></trkpt>
<trkpt lat="30.55981261791383" lon="104.0660618906091"><ele>482</ele><time>2025-05-10T03:46:33.000Z</time></trkpt>
<trkpt lat="30.55970441824327" lon="104.0660631641843"><ele>482</ele><time>2025-05-10T03:46:35.000Z</time></trkpt>
<trkpt lat="30.55960014439496" lon="104.06606440358"><ele>482</ele><time>2025-05-10T03:46:37.000Z</time></trkpt>
<trkpt lat="30.55949149168211" lon="104.0660656917719"><ele>482</ele><time>2025-05-10T03:46:39.000Z</time></trkpt>
<trkpt lat="30.55938624529929" lon="104.06606693561"><ele>482</ele><time>2025-05-10T03:46:41.000Z</time></trkpt>
<trkpt lat="30.55927708404191" lon="104.0660682400848"><ele>482</ele><time>2025-05-10T03:46:43.000Z</time></trkpt>
<trkpt lat="30.55917312985422" lon="104.066069466884"><ele>483</ele><time>2025-05-10T03:46:45.000Z</time></trkpt>
<trkpt lat="30.55906697519778" lon="104.066070738919"><ele>483</ele><time>2025-05-10T03:46:47.000Z</time></trkpt>
<trkpt lat="30.55896028409576" lon="104.0660719997829"><ele>483</ele><time>2025-05-10T03:46:49.000Z</time></trkpt>
<trkpt lat="30.55886258845301" lon="104.0660731481577"><ele>483</ele><time>2025-05-10T03:46:51.000Z</time></trkpt>
<trkpt lat="30.55876630857695" lon="104.0660742863222"><ele>483</ele><time>2025-05-10T03:46:53.000Z</time></trkpt>
<trkpt lat="30.55867076589983" lon="104.0660754133998"><ele>483</ele><time>2025-05-10T03:46:55.000Z</time></trkpt>
<trkpt lat="30.55857666209328" lon="104.0660765314819"><ele>483</ele><time>2025-05-10T03:46:57.000Z</time></trkpt>
<trkpt lat="30.55848272748349" lon="104.0660776580497"><ele>483</ele><time>2025-05-10T03:46:59.000Z</time></trkpt>
<trkpt lat="30.5583463717218" lon="104.0660755419595"><ele>483</ele><time>2025-05-10T03:47:02.000Z</time></trkpt>
<trkpt lat="30.55821183243734" lon="104.0660721597713"><ele>483</ele><time>2025-05-10T03:47:05.000Z</time></trkpt>
<trkpt lat="30.55811667525514" lon="104.0660701161593"><ele>483</ele><time>2025-05-10T03:47:07.000Z</time></trkpt>
<trkpt lat="30.55801942859186" lon="104.0660678569926"><ele>483</ele><time>2025-05-10T03:47:09.000Z</time></trkpt>
<trkpt lat="30.55792893360931" lon="104.0660663066274"><ele>483</ele><time>2025-05-10T03:47:11.000Z</time></trkpt>
<trkpt lat="30.55783265208888" lon="104.0660529018877"><ele>484</ele><time>2025-05-10T03:47:13.000Z</time></trkpt>
<trkpt lat="30.55773942368261" lon="104.0660842655541"><ele>484</ele><time>2025-05-10T03:47:15.000Z</time></trkpt>
<trkpt lat="30.55764592829076" lon="104.0660922765856"><ele>484</ele><time>2025-05-10T03:47:17.000Z</time></trkpt>
<trkpt lat="30.55755370754471" lon="104.0661022588643"><ele>484</ele><time>2025-05-10T03:47:19.000Z</time></trkpt>
<trkpt lat="30.55746295680266" lon="104.0661009554159"><ele>484</ele><time>2025-05-10T03:47:21.000Z</time></trkpt>
<trkpt lat="30.55737108729506" lon="104.0660924590822"><ele>484</ele><time>2025-05-10T03:47:23.000Z</time></trkpt>
<trkpt lat="30.55727765899269" lon="104.0660963267611"><ele>484</ele><time>2025-05-10T03:47:25.000Z</time></trkpt>
<trkpt lat="30.55718716832276" lon="104.0660942789877"><ele>484</ele><time>2025-05-10T03:47:27.000Z</time></trkpt>
<trkpt lat="30.55705521136544" lon="104.0660920850758"><ele>484</ele><time>2025-05-10T03:47:30.000Z</time></trkpt>
<trkpt lat="30.55696366625767" lon="104.0660918909961"><ele>484</ele><time>2025-05-10T03:47:32.000Z</time></trkpt>
<trkpt lat="30.55686926129423" lon="104.0660985641991"><ele>484</ele><time>2025-05-10T03:47:34.000Z</time></trkpt>
<trkpt lat="30.55677638554569" lon="104.0661116343925"><ele>484</ele><time>2025-05-10T03:47:36.000Z</time></trkpt>
<trkpt lat="30.55668193909494" lon="104.0661189572063"><ele>484</ele><time>2025-05-10T03:47:38.000Z</time></trkpt>
<trkpt lat="30.55658784012756" lon="104.0661232725005"><ele>484</ele><time>2025-05-10T03:47:40.000Z</time></trkpt>
<trkpt lat="30.55649518345404" lon="104.0661248403806"><ele>484</ele><time>2025-05-10T03:47:42.000Z</time></trkpt>
<trkpt lat="30.55640117969302" lon="104.0661242677951"><ele>484</ele><time>2025-05-10T03:47:44.000Z</time></trkpt>
<trkpt lat="30.55630429191184" lon="104.0661366057915"><ele>484</ele><time>2025-05-10T03:47:46.000Z</time></trkpt>
<trkpt lat="30.55620625188878" lon="104.0661296420476"><ele>484</ele><time>2025-05-10T03:47:48.000Z</time></trkpt>
<trkpt lat="30.55611145077456" lon="104.0661370852232"><ele>484</ele><time>2025-05-10T03:47:50.000Z</time></trkpt>
<trkpt lat="30.55601816861353" lon="104.0661359658509"><ele>484</ele><time>2025-05-10T03:47:52.000Z</time></trkpt>
<trkpt lat="30.55592525642188" lon="104.0661380850822"><ele>484</ele><time>2025-05-10T03:47:54.000Z</time></trkpt>
<trkpt lat="30.55582690283859" lon="104.0661342685159"><ele>483</ele><time>2025-05-10T03:47:56.000Z</time></trkpt>
<trkpt lat="30.55573402369837" lon="104.0661420572109"><ele>483</ele><time>2025-05-10T03:47:58.000Z</time></trkpt>
<trkpt lat="30.5556387923366" lon="104.0661473158515"><ele>483</ele><time>2025-05-10T03:48:00.000Z</time></trkpt>
<trkpt lat="30.55554705456106" lon="104.0661522320911"><ele>483</ele><time>2025-05-10T03:48:02.000Z</time></trkpt>
<trkpt lat="30.55545587262678" lon="104.0661505410838"><ele>483</ele><time>2025-05-10T03:48:04.000Z</time></trkpt>
<trkpt lat="30.55532643066501" lon="104.0661594048346"><ele>483</ele><time>2025-05-10T03:48:07.000Z</time></trkpt>
<trkpt lat="30.55519608279955" lon="104.0661576081809"><ele>483</ele><time>2025-05-10T03:48:10.000Z</time></trkpt>
<trkpt lat="30.55506701889341" lon="104.0661564443385"><ele>482</ele><time>2025-05-10T03:48:13.000Z</time></trkpt>
<trkpt lat="30.55493241881238" lon="104.0661539738793"><ele>482</ele><time>2025-05-10T03:48:16.000Z</time></trkpt>
<trkpt lat="30.55482327214073" lon="104.0661553044364"><ele>482</ele><time>2025-05-10T03:48:18.000Z</time></trkpt>
<trkpt lat="30.55470977452003" lon="104.0661589475769"><ele>482</ele><time>2025-05-10T03:48:20.000Z</time></trkpt>
<trkpt lat="30.5545965273765" lon="104.0661627420358"><ele>482</ele><time>2025-05-10T03:48:22.000Z</time></trkpt>
<trkpt lat="30.5544850566274" lon="104.0661689074725"><ele>482</ele><time>2025-05-10T03:48:24.000Z</time></trkpt>
<trkpt lat="30.55438607661904" lon="104.0661689356211"><ele>482</ele><time>2025-05-10T03:48:26.000Z</time></trkpt>
<trkpt lat="30.55427770862533" lon="104.0661565701785"><ele>482</ele><time>2025-05-10T03:48:28.000Z</time></trkpt>
<trkpt lat="30.55418494486669" lon="104.0661579135515"><ele>481</ele><time>2025-05-10T03:48:30.000Z</time></trkpt>
<trkpt lat="30.55406026414311" lon="104.0661772595378"><ele>481</ele><time>2025-05-10T03:48:33.000Z</time></trkpt>
<trkpt lat="30.5539334238453" lon="104.0661877342587"><ele>482</ele><time>2025-05-10T03:48:35.000Z</time></trkpt>
<trkpt lat="30.55378815799245" lon="104.0661988697351"><ele>481</ele><time>2025-05-10T03:48:37.000Z</time></trkpt>
<trkpt lat="30.55364469280751" lon="104.066219374378"><ele>481</ele><time>2025-05-10T03:48:39.000Z</time></trkpt>
<trkpt lat="30.5535048524454" lon="104.0662185319289"><ele>481</ele><time>2025-05-10T03:48:41.000Z</time></trkpt>
<trkpt lat="30.55337138528466" lon="104.0661929402"><ele>481</ele><time>2025-05-10T03:48:43.000Z</time></trkpt>
<trkpt lat="30.55323887792774" lon="104.0662281166891"><ele>480</ele><time>2025-05-10T03:48:45.000Z</time></trkpt>
<trkpt lat="30.55313459783735" lon="104.0662509120744"><ele>480</ele><time>2025-05-10T03:48:47.000Z</time></trkpt>
<trkpt lat="30.55299864910867" lon="104.0662357063126"><ele>480</ele><time>2025-05-10T03:48:49.000Z</time></trkpt>
<trkpt lat="30.55285466041024" lon="104.0662374324156"><ele>480</ele><time>2025-05-10T03:48:51.000Z</time></trkpt>
<trkpt lat="30.55270224677554" lon="104.0662403293708"><ele>480</ele><time>2025-05-10T03:48:53.000Z</time></trkpt>
<trkpt lat="30.55255669467547" lon="104.066244963858"><ele>480</ele><time>2025-05-10T03:48:55.000Z</time></trkpt>
<trkpt lat="30.5524116297148" lon="104.0662442218727"><ele>480</ele><time>2025-05-10T03:48:57.000Z</time></trkpt>
<trkpt lat="30.55227424188275" lon="104.0662548481055"><ele>480</ele><time>2025-05-10T03:48:59.000Z</time></trkpt>
<trkpt lat="30.55213364679456" lon="104.0662672102161"><ele>480</ele><time>2025-05-10T03:49:01.000Z</time></trkpt>
<trkpt lat="30.55199248928314" lon="104.0662637059919"><ele>481</ele><time>2025-05-10T03:49:03.000Z</time></trkpt>
<trkpt lat="30.55184668773935" lon="104.0662636938804"><ele>481</ele><time>2025-05-10T03:49:05.000Z</time></trkpt>
<trkpt lat="30.55170197733132" lon="104.0662638803593"><ele>481</ele><time>2025-05-10T03:49:07.000Z</time></trkpt>
<trkpt lat="30.55156458599797" lon="104.0662606172162"><ele>481</ele><time>2025-05-10T03:49:09.000Z</time></trkpt>
<trkpt lat="30.55141773829953" lon="104.0662668757342"><ele>481</ele><time>2025-05-10T03:49:11.000Z</time></trkpt>
<trkpt lat="30.55126298028942" lon="104.0662702312223"><ele>481</ele><time>2025-05-10T03:49:13.000Z</time></trkpt>
<trkpt lat="30.55111089852145" lon="104.0662696304727"><ele>480</ele><time>2025-05-10T03:49:15.000Z</time></trkpt>
<trkpt lat="30.55096774682104" lon="104.0662790923841"><ele>480</ele><time>2025-05-10T03:49:17.000Z</time></trkpt>
<trkpt lat="30.5508278619208" lon="104.0662818236844"><ele>480</ele><time>2025-05-10T03:49:19.000Z</time></trkpt>
<trkpt lat="30.55068863881979" lon="104.0662860134036"><ele>480</ele><time>2025-05-10T03:49:21.000Z</time></trkpt>
<trkpt lat="30.55054434887533" lon="104.0662878071973"><ele>480</ele><time>2025-05-10T03:49:23.000Z</time></trkpt>
<trkpt lat="30.55039530597901" lon="104.0663069571723"><ele>480</ele><time>2025-05-10T03:49:25.000Z</time></trkpt>
<trkpt lat="30.55024059575339" lon="104.0663071019595"><ele>480</ele><time>2025-05-10T03:49:27.000Z</time></trkpt>
<trkpt lat="30.55010116510475" lon="104.0663162852226"><ele>480</ele><time>2025-05-10T03:49:29.000Z</time></trkpt>
<trkpt lat="30.54997216477848" lon="104.0663172230343"><ele>480</ele><time>2025-05-10T03:49:31.000Z</time></trkpt>
<trkpt lat="30.54985203344876" lon="104.0663261307529"><ele>480</ele><time>2025-05-10T03:49:33.000Z</time></trkpt>
<trkpt lat="30.54974192300158" lon="104.0663342176563"><ele>480</ele><time>2025-05-10T03:49:35.000Z</time></trkpt>
<trkpt lat="30.54963369063675" lon="104.0663227691187"><ele>480</ele><time>2025-05-10T03:49:37.000Z</time></trkpt>
<trkpt lat="30.54953643646633" lon="104.0662845598637"><ele>480</ele><time>2025-05-10T03:49:39.000Z</time></trkpt>
<trkpt lat="30.54943466024508" lon="104.066296598921"><ele>480</ele><time>2025-05-10T03:52:19.000Z</time></trkpt>
<trkpt lat="30.54932069963099" lon="104.0662980111829"><ele>480</ele><time>2025-05-10T03:52:24.000Z</time></trkpt>
<trkpt lat="30.54921545796433" lon="104.0662392051327"><ele>480</ele><time>2025-05-10T03:52:27.000Z</time></trkpt>
<trkpt lat="30.54910367022127" lon="104.0662831899259"><ele>480</ele><time>2025-05-10T03:52:30.000Z</time></trkpt>
<trkpt lat="30.54899030694052" lon="104.0663312508782"><ele>480</ele><time>2025-05-10T03:52:33.000Z</time></trkpt>
<trkpt lat="30.54886551197422" lon="104.0663545665218"><ele>480</ele><time>2025-05-10T03:52:36.000Z</time></trkpt>
<trkpt lat="30.54876836232919" lon="104.0663620613604"><ele>480</ele><time>2025-05-10T03:52:38.000Z</time></trkpt>
<trkpt lat="30.54863615358889" lon="104.0663810623357"><ele>480</ele><time>2025-05-10T03:52:41.000Z</time></trkpt>
<trkpt lat="30.54854214604522" lon="104.0663825501712"><ele>480</ele><time>2025-05-10T03:52:43.000Z</time></trkpt>
<trkpt lat="30.54844516692015" lon="104.0663848272526"><ele>480</ele><time>2025-05-10T03:52:45.000Z</time></trkpt>
<trkpt lat="30.54835091175923" lon="104.0663773924168"><ele>480</ele><time>2025-05-10T03:52:47.000Z</time></trkpt>
<trkpt lat="30.54825352419089" lon="104.0663786464855"><ele>480</ele><time>2025-05-10T03:52:49.000Z</time></trkpt>
<trkpt lat="30.54815678194059" lon="104.0663660625689"><ele>480</ele><time>2025-05-10T03:52:51.000Z</time></trkpt>
<trkpt lat="30.5480571181583" lon="104.0663710257657"><ele>480</ele><time>2025-05-10T03:52:53.000Z</time></trkpt>
<trkpt lat="30.54795637901762" lon="104.0663772469039"><ele>480</ele><time>2025-05-10T03:52:55.000Z</time></trkpt>
<trkpt lat="30.54785458434334" lon="104.066368642026"><ele>480</ele><time>2025-05-10T03:52:57.000Z</time></trkpt>
<trkpt lat="30.54775078561342" lon="104.066365732752"><ele>480</ele><time>2025-05-10T03:52:59.000Z</time></trkpt>
<trkpt lat="30.54764796866581" lon="104.0663739954305"><ele>480</ele><time>2025-05-10T03:53:01.000Z</time></trkpt>
<trkpt lat="30.5475483255392" lon="104.0663878265391"><ele>480</ele><time>2025-05-10T03:53:03.000Z</time></trkpt>
<trkpt lat="30.54744560039165" lon="104.0663897761274"><ele>480</ele><time>2025-05-10T03:53:05.000Z</time></trkpt>
<trkpt lat="30.54734342811091" lon="104.0663912192767"><ele>480</ele><time>2025-05-10T03:53:07.000Z</time></trkpt>
<trkpt lat="30.54724656809397" lon="104.0663870166156"><ele>480</ele><time>2025-05-10T03:53:09.000Z</time></trkpt>
<trkpt lat="30.54714861974944" lon="104.0663916626142"><ele>480</ele><time>2025-05-10T03:53:11.000Z</time></trkpt>
<trkpt lat="30.54705145204214" lon="104.0664002393435"><ele>480</ele><time>2025-05-10T03:53:13.000Z</time></trkpt>
<trkpt lat="30.54695426016956" lon="104.0664005191692"><ele>480</ele><time>2025-05-10T03:53:15.000Z</time></trkpt>
<trkpt lat="30.54685402277877" lon="104.0664030554354"><ele>480</ele><time>2025-05-10T03:53:17.000Z</time></trkpt>
<trkpt lat="30.54675857505144" lon="104.0664168989463"><ele>480</ele><time>2025-05-10T03:53:19.000Z</time></trkpt>
<trkpt lat="30.54666131188929" lon="104.0664182932751"><ele>480</ele><time>2025-05-10T03:53:21.000Z</time></trkpt>
<trkpt lat="30.54656633292668" lon="104.0664169798227"><ele>480</ele><time>2025-05-10T03:53:23.000Z</time></trkpt>
<trkpt lat="30.54647023262272" lon="104.0664119456358"><ele>480</ele><time>2025-05-10T03:53:25.000Z</time></trkpt>
<trkpt lat="30.54637620279517" lon="104.0664194977249"><ele>480</ele><time>2025-05-10T03:53:27.000Z</time></trkpt>
<trkpt lat="30.54628330777083" lon="104.0664223049336"><ele>480</ele><time>2025-05-10T03:53:29.000Z</time></trkpt>
<trkpt lat="30.54619128185437" lon="104.0664226125974"><ele>480</ele><time>2025-05-10T03:53:31.000Z</time></trkpt>
<trkpt lat="30.54605454502109" lon="104.0664211080398"><ele>480</ele><time>2025-05-10T03:53:34.000Z</time></trkpt>
<trkpt lat="30.54596430438129" lon="104.0664245152828"><ele>480</ele><time>2025-05-10T03:53:36.000Z</time></trkpt>
<trkpt lat="30.54587243356817" lon="104.0664251282626"><ele>480</ele><time>2025-05-10T03:53:38.000Z</time></trkpt>
<trkpt lat="30.54578189988317" lon="104.0664298598618"><ele>480</ele><time>2025-05-10T03:53:40.000Z</time></trkpt>
<trkpt lat="30.545648081363" lon="104.0664319410593"><ele>480</ele><time>2025-05-10T03:53:43.000Z</time></trkpt>
<trkpt lat="30.54551636042512" lon="104.066435519207"><ele>480</ele><time>2025-05-10T03:53:46.000Z</time></trkpt>
<trkpt lat="30.54538750765065" lon="104.0664409228188"><ele>480</ele><time>2025-05-10T03:53:49.000Z</time></trkpt>
<trkpt lat="30.54525677620419" lon="104.066427001901"><ele>479</ele><time>2025-05-10T03:53:52.000Z</time></trkpt>
<trkpt lat="30.54513767580099" lon="104.0664357910795"><ele>479</ele><time>2025-05-10T03:53:55.000Z</time></trkpt>
<trkpt lat="30.54502456949094" lon="104.0664413196643"><ele>479</ele><time>2025-05-10T03:53:58.000Z</time></trkpt>
<trkpt lat="30.54493362235735" lon="104.0664457703972"><ele>479</ele><time>2025-05-10T03:56:28.000Z</time></trkpt>
<trkpt lat="30.54484289911261" lon="104.0664501058921"><ele>479</ele><time>2025-05-10T03:56:31.000Z</time></trkpt>
<trkpt lat="30.54473488518823" lon="104.0664558635484"><ele>479</ele><time>2025-05-10T03:56:34.000Z</time></trkpt>
<trkpt lat="30.54461982131393" lon="104.0664594751302"><ele>479</ele><time>2025-05-10T03:56:37.000Z</time></trkpt>
<trkpt lat="30.54450891902966" lon="104.0664247176697"><ele>479</ele><time>2025-05-10T03:56:40.000Z</time></trkpt>
<trkpt lat="30.54438988379059" lon="104.0664466549052"><ele>478</ele><time>2025-05-10T03:56:43.000Z</time></trkpt>
<trkpt lat="30.54429631783394" lon="104.0664659858267"><ele>478</ele><time>2025-05-10T03:56:45.000Z</time></trkpt>
<trkpt lat="30.54420418468251" lon="104.0664718130712"><ele>478</ele><time>2025-05-10T03:56:47.000Z</time></trkpt>
<trkpt lat="30.54410981860496" lon="104.066471357934"><ele>478</ele><time>2025-05-10T03:56:49.000Z</time></trkpt>
<trkpt lat="30.54401443651501" lon="104.0664723227094"><ele>478</ele><time>2025-05-10T03:56:51.000Z</time></trkpt>
<trkpt lat="30.54391125373107" lon="104.0664797545923"><ele>478</ele><time>2025-05-10T03:56:53.000Z</time></trkpt>
<trkpt lat="30.5438116857266" lon="104.066481763364"><ele>478</ele><time>2025-05-10T03:56:55.000Z</time></trkpt>
<trkpt lat="30.54371108672687" lon="104.0664879172603"><ele>477</ele><time>2025-05-10T03:56:57.000Z</time></trkpt>
<trkpt lat="30.54360367908325" lon="104.0664994260965"><ele>476</ele><time>2025-05-10T03:56:59.000Z</time></trkpt>
<trkpt lat="30.54349636774335" lon="104.066502937476"><ele>476</ele><time>2025-05-10T03:57:01.000Z</time></trkpt>
<trkpt lat="30.54339461212031" lon="104.0665010711887"><ele>477</ele><time>2025-05-10T03:57:03.000Z</time></trkpt>
<trkpt lat="30.54329225682207" lon="104.0664983806125"><ele>477</ele><time>2025-05-10T03:57:05.000Z</time></trkpt>
<trkpt lat="30.54319519881617" lon="104.0664936184507"><ele>477</ele><time>2025-05-10T03:57:07.000Z</time></trkpt>
<trkpt lat="30.54309664359479" lon="104.0665008452907"><ele>477</ele><time>2025-05-10T03:57:09.000Z</time></trkpt>
<trkpt lat="30.5429924505599" lon="104.0665017298524"><ele>477</ele><time>2025-05-10T03:57:11.000Z</time></trkpt>
<trkpt lat="30.54289288004924" lon="104.0665070319962"><ele>477</ele><time>2025-05-10T03:57:13.000Z</time></trkpt>
<trkpt lat="30.5427961044976" lon="104.0665090468041"><ele>487</ele><time>2025-05-10T03:57:15.000Z</time></trkpt>
<trkpt lat="30.54270027734105" lon="104.0665128762446"><ele>488</ele><time>2025-05-10T03:57:17.000Z</time></trkpt>
<trkpt lat="30.54260413490159" lon="104.0665153481719"><ele>488</ele><time>2025-05-10T03:57:19.000Z</time></trkpt>
<trkpt lat="30.54250526551628" lon="104.0665233576704"><ele>488</ele><time>2025-05-10T03:57:21.000Z</time></trkpt>
<trkpt lat="30.54240483987506" lon="104.0665337753426"><ele>488</ele><time>2025-05-10T03:57:23.000Z</time></trkpt>
<trkpt lat="30.54230322112793" lon="104.0665390480716"><ele>488</ele><time>2025-05-10T03:57:25.000Z</time></trkpt>
<trkpt lat="30.54219952512703" lon="104.0665382193223"><ele>489</ele><time>2025-05-10T03:57:27.000Z</time></trkpt>
<trkpt lat="30.54209819744825" lon="104.0665437008542"><ele>490</ele><time>2025-05-10T03:57:29.000Z</time></trkpt>
<trkpt lat="30.54199458170878" lon="104.0665493972032"><ele>490</ele><time>2025-05-10T03:57:31.000Z</time></trkpt>
<trkpt lat="30.54188979399883" lon="104.0665549402508"><ele>490</ele><time>2025-05-10T03:57:33.000Z</time></trkpt>
<trkpt lat="30.54178486657797" lon="104.0665546804055"><ele>490</ele><time>2025-05-10T03:57:35.000Z</time></trkpt>
<trkpt lat="30.54167820421087" lon="104.0665558588149"><ele>489</ele><time>2025-05-10T03:57:37.000Z</time></trkpt>
<trkpt lat="30.54157025431327" lon="104.0665634232183"><ele>490</ele><time>2025-05-10T03:57:39.000Z</time></trkpt>
<trkpt lat="30.54146375849601" lon="104.0665697595141"><ele>490</ele><time>2025-05-10T03:57:41.000Z</time></trkpt>
<trkpt lat="30.54136068601287" lon="104.066574730689"><ele>490</ele><time>2025-05-10T03:57:43.000Z</time></trkpt>
<trkpt lat="30.54125932548983" lon="104.0665780495715"><ele>490</ele><time>2025-05-10T03:57:45.000Z</time></trkpt>
<trkpt lat="30.54116349921827" lon="104.0665806226781"><ele>490</ele><time>2025-05-10T03:57:47.000Z</time></trkpt>
<trkpt lat="30.54106239997568" lon="104.0665754139144"><ele>490</ele><time>2025-05-10T03:57:49.000Z</time></trkpt>
<trkpt lat="30.54095775869299" lon="104.0665861619904"><ele>490</ele><time>2025-05-10T03:57:51.000Z</time></trkpt>
<trkpt lat="30.54085253107264" lon="104.0666014526796"><ele>490</ele><time>2025-05-10T03:57:53.000Z</time></trkpt>
<trkpt lat="30.54074743424914" lon="104.0665989440402"><ele>490</ele><time>2025-05-10T03:57:55.000Z</time></trkpt>
<trkpt lat="30.54064110090774" lon="104.0665950901014"><ele>490</ele><time>2025-05-10T03:57:57.000Z</time></trkpt>
<trkpt lat="30.54053629354681" lon="104.0665929442303"><ele>491</ele><time>2025-05-10T03:57:59.000Z</time></trkpt>
<trkpt lat="30.54042954342001" lon="104.0666017266458"><ele>491</ele><time>2025-05-10T03:58:01.000Z</time></trkpt>
<trkpt lat="30.54032289439077" lon="104.0666208561597"><ele>491</ele><time>2025-05-10T03:58:03.000Z</time></trkpt>
<trkpt lat="30.54021776001779" lon="104.0666289571405"><ele>491</ele><time>2025-05-10T03:58:05.000Z</time></trkpt>
<trkpt lat="30.540114725402" lon="104.0666180764413"><ele>490</ele><time>2025-05-10T03:58:07.000Z</time></trkpt>
<trkpt lat="30.54001895183595" lon="104.0666141898043"><ele>490</ele><time>2025-05-10T03:58:09.000Z</time></trkpt>
<trkpt lat="30.53992379628498" lon="104.0666181146138"><ele>491</ele><time>2025-05-10T03:58:11.000Z</time></trkpt>
<trkpt lat="30.53982950239787" lon="104.0666251665572"><ele>490</ele><time>2025-05-10T03:58:13.000Z</time></trkpt>
<trkpt lat="30.53973252636818" lon="104.0666325672973"><ele>490</ele><time>2025-05-10T03:58:15.000Z</time></trkpt>
<trkpt lat="30.53963675735748" lon="104.0666426466567"><ele>491</ele><time>2025-05-10T03:58:17.000Z</time></trkpt>
<trkpt lat="30.53953742517544" lon="104.0666453259441"><ele>491</ele><time>2025-05-10T03:58:19.000Z</time></trkpt>
<trkpt lat="30.53943587284452" lon="104.0666350455929"><ele>491</ele><time>2025-05-10T03:58:21.000Z</time></trkpt>
<trkpt lat="30.53933211360511" lon="104.066630794027"><ele>491</ele><time>2025-05-10T03:58:23.000Z</time></trkpt>
<trkpt lat="30.53922140783376" lon="104.0666390914589"><ele>492</ele><time>2025-05-10T03:58:25.000Z</time></trkpt>
<trkpt lat="30.53911471825853" lon="104.0666485392343"><ele>492</ele><time>2025-05-10T03:58:27.000Z</time></trkpt>
<trkpt lat="30.53900922971042" lon="104.066647357072"><ele>492</ele><time>2025-05-10T03:58:29.000Z</time></trkpt>
<trkpt lat="30.53890827178673" lon="104.0666418421891"><ele>492</ele><time>2025-05-10T03:58:31.000Z</time></trkpt>
<trkpt lat="30.53881017333245" lon="104.0666460283309"><ele>492</ele><time>2025-05-10T03:58:33.000Z</time></trkpt>
<trkpt lat="30.53871370133399" lon="104.0666532879352"><ele>492</ele><time>2025-05-10T03:58:35.000Z</time></trkpt>
<trkpt lat="30.53862094006938" lon="104.0666557007251"><ele>492</ele><time>2025-05-10T03:58:37.000Z</time></trkpt>
<trkpt lat="30.53848934565379" lon="104.0666644746029"><ele>492</ele><time>2025-05-10T03:58:40.000Z</time></trkpt>
<trkpt lat="30.5383629129371" lon="104.0666605798678"><ele>492</ele><time>2025-05-10T03:58:43.000Z</time></trkpt>
<trkpt lat="30.53826481837697" lon="104.0666457964048"><ele>492</ele><time>2025-05-10T03:58:46.000Z</time></trkpt>
<trkpt lat="30.53814703133981" lon="104.0666595456867"><ele>492</ele><time>2025-05-10T03:58:49.000Z</time></trkpt>
<trkpt lat="30.53808366688852" lon="104.0664106812217"><ele>492</ele><time>2025-05-10T03:58:50.000Z</time></trkpt>
<trkpt lat="30.53808679632914" lon="104.0662980806335"><ele>492</ele><time>2025-05-10T03:58:52.000Z</time></trkpt>
<trkpt lat="30.53808661950917" lon="104.0661737654515"><ele>491</ele><time>2025-05-10T03:58:54.000Z</time></trkpt>
<trkpt lat="30.53808502626205" lon="104.0660593592596"><ele>491</ele><time>2025-05-10T03:58:56.000Z</time></trkpt>
<trkpt lat="30.53808063164175" lon="104.0659503881102"><ele>491</ele><time>2025-05-10T03:58:58.000Z</time></trkpt>
<trkpt lat="30.53807321801973" lon="104.0658003282136"><ele>491</ele><time>2025-05-10T03:59:01.000Z</time></trkpt>
<trkpt lat="30.53806771237941" lon="104.0656852939852"><ele>491</ele><time>2025-05-10T03:59:03.000Z</time></trkpt>
<trkpt lat="30.53806874971879" lon="104.0655803732312"><ele>491</ele><time>2025-05-10T03:59:05.000Z</time></trkpt>
<trkpt lat="30.53806221310801" lon="104.065470497517"><ele>491</ele><time>2025-05-10T03:59:07.000Z</time></trkpt>
<trkpt lat="30.53806074075715" lon="104.0653589121396"><ele>491</ele><time>2025-05-10T03:59:09.000Z</time></trkpt>
<trkpt lat="30.53805536519781" lon="104.0652479760128"><ele>491</ele><time>2025-05-10T03:59:11.000Z</time></trkpt>
<trkpt lat="30.53805977955765" lon="104.0651315473253"><ele>491</ele><time>2025-05-10T03:59:13.000Z</time></trkpt>
<trkpt lat="30.53806785825744" lon="104.065013930579"><ele>491</ele><time>2025-05-10T03:59:15.000Z</time></trkpt>
<trkpt lat="30.53807363332526" lon="104.06490022698"><ele>491</ele><time>2025-05-10T03:59:17.000Z</time></trkpt>
<trkpt lat="30.53808734840945" lon="104.064789885747"><ele>491</ele><time>2025-05-10T03:59:19.000Z</time></trkpt>
<trkpt lat="30.53811707236799" lon="104.0646796358408"><ele>491</ele><time>2025-05-10T03:59:21.000Z</time></trkpt>
<trkpt lat="30.5381204244971" lon="104.0645689103449"><ele>491</ele><time>2025-05-10T03:59:23.000Z</time></trkpt>
<trkpt lat="30.5381440731681" lon="104.0644633978227"><ele>491</ele><time>2025-05-10T03:59:25.000Z</time></trkpt>
<trkpt lat="30.5381736091284" lon="104.0643636575484"><ele>491</ele><time>2025-05-10T03:59:27.000Z</time></trkpt>
<trkpt lat="30.5382102298649" lon="104.0642562245857"><ele>491</ele><time>2025-05-10T03:59:29.000Z</time></trkpt>
<trkpt lat="30.5382589612733" lon="104.0641659967465"><ele>491</ele><time>2025-05-10T03:59:31.000Z</time></trkpt>
<trkpt lat="30.538285862338" lon="104.064061881079"><ele>490</ele><time>2025-05-10T03:59:33.000Z</time></trkpt>
<trkpt lat="30.53833172920427" lon="104.0639678190624"><ele>490</ele><time>2025-05-10T03:59:35.000Z</time></trkpt>
<trkpt lat="30.53838455607563" lon="104.0638752830394"><ele>491</ele><time>2025-05-10T03:59:37.000Z</time></trkpt>
<trkpt lat="30.53844321194874" lon="104.0637895896025"><ele>490</ele><time>2025-05-10T03:59:39.000Z</time></trkpt>
<trkpt lat="30.53851634056829" lon="104.0636655156478"><ele>490</ele><time>2025-05-10T03:59:42.000Z</time></trkpt>
<trkpt lat="30.53857015455223" lon="104.0635818807138"><ele>490</ele><time>2025-05-10T03:59:44.000Z</time></trkpt>
<trkpt lat="30.53864943229054" lon="104.0634575346488"><ele>490</ele><time>2025-05-10T03:59:47.000Z</time></trkpt>
<trkpt lat="30.53870192683389" lon="104.0633714471813"><ele>490</ele><time>2025-05-10T03:59:49.000Z</time></trkpt>
<trkpt lat="30.53878214898116" lon="104.0632516246447"><ele>490</ele><time>2025-05-10T03:59:52.000Z</time></trkpt>
<trkpt lat="30.53886822973753" lon="104.0631345127926"><ele>490</ele><time>2025-05-10T03:59:55.000Z</time></trkpt>
<trkpt lat="30.53891519321397" lon="104.0630409559159"><ele>490</ele><time>2025-05-10T03:59:57.000Z</time></trkpt>
<trkpt lat="30.53896918602277" lon="104.0629551006644"><ele>490</ele><time>2025-05-10T03:59:59.000Z</time></trkpt>
<trkpt lat="30.53902464126088" lon="104.0628677595682"><ele>490</ele><time>2025-05-10T04:00:01.000Z</time></trkpt>
<trkpt lat="30.53908099162928" lon="104.0627810901993"><ele>490</ele><time>2025-05-10T04:00:03.000Z</time></trkpt>
<trkpt lat="30.53913509761264" lon="104.0626914545513"><ele>490</ele><time>2025-05-10T04:00:05.000Z</time></trkpt>
<trkpt lat="30.53919227895591" lon="104.0626030569469"><ele>490</ele><time>2025-05-10T04:00:07.000Z</time></trkpt>
<trkpt lat="30.53925322395292" lon="104.0625121110168"><ele>490</ele><time>2025-05-10T04:00:09.000Z</time></trkpt>
<trkpt lat="30.53931380001762" lon="104.062425750964"><ele>490</ele><time>2025-05-10T04:00:11.000Z</time></trkpt>
<trkpt lat="30.53937124902799" lon="104.0623366958409"><ele>490</ele><time>2025-05-10T04:00:13.000Z</time></trkpt>
<trkpt lat="30.53943187776238" lon="104.0622520823099"><ele>490</ele><time>2025-05-10T04:00:15.000Z</time></trkpt>
<trkpt lat="30.53951279368958" lon="104.0621305031792"><ele>489</ele><time>2025-05-10T04:00:18.000Z</time></trkpt>
<trkpt lat="30.53958521819426" lon="104.0620191288839"><ele>489</ele><time>2025-05-10T04:00:21.000Z</time></trkpt>
<trkpt lat="30.53964896160864" lon="104.0619156057087"><ele>489</ele><time>2025-05-10T04:00:24.000Z</time></trkpt>
<trkpt lat="30.53972775573719" lon="104.0618379462478"><ele>490</ele><time>2025-05-10T04:00:28.000Z</time></trkpt>
<trkpt lat="30.53989560261542" lon="104.0619187047506"><ele>489</ele><time>2025-05-10T04:00:40.000Z</time></trkpt>
<trkpt lat="30.53975357330906" lon="104.0620999381859"><ele>489</ele><time>2025-05-10T04:00:44.000Z</time></trkpt>
<trkpt lat="30.53978176640954" lon="104.0622424601455"><ele>489</ele><time>2025-05-10T04:00:47.000Z</time></trkpt>
<trkpt lat="30.53982955330255" lon="104.062332020197"><ele>489</ele><time>2025-05-10T04:00:49.000Z</time></trkpt>
<trkpt lat="30.53992476746916" lon="104.0624386767032"><ele>489</ele><time>2025-05-10T04:00:52.000Z</time></trkpt>
<trkpt lat="30.54001783031793" lon="104.062544198204"><ele>489</ele><time>2025-05-10T04:00:55.000Z</time></trkpt>
<trkpt lat="30.54009743201415" lon="104.0626578863138"><ele>489</ele><time>2025-05-10T04:00:58.000Z</time></trkpt>
<trkpt lat="30.54019021576399" lon="104.0627698006742"><ele>489</ele><time>2025-05-10T04:01:01.000Z</time></trkpt>
<trkpt lat="30.54025625103872" lon="104.0628490491104"><ele>489</ele><time>2025-05-10T04:01:03.000Z</time></trkpt>
<trkpt lat="30.54034784970699" lon="104.0629576501988"><ele>489</ele><time>2025-05-10T04:01:06.000Z</time></trkpt>
<trkpt lat="30.54043861933891" lon="104.0630722526522"><ele>489</ele><time>2025-05-10T04:01:09.000Z</time></trkpt>
<trkpt lat="30.54054739830132" lon="104.0631495489756"><ele>489</ele><time>2025-05-10T04:01:12.000Z</time></trkpt>
<trkpt lat="30.54063237719978" lon="104.0632123636833"><ele>489</ele><time>2025-05-10T04:01:15.000Z</time></trkpt>
<trkpt lat="30.54062700238393" lon="104.0633641557059"><ele>489</ele><time>2025-05-10T04:01:17.000Z</time></trkpt>
<trkpt lat="30.54072270473077" lon="104.0632622704035"><ele>489</ele><time>2025-05-10T04:01:21.000Z</time></trkpt>
<trkpt lat="30.54082535620656" lon="104.063369472222"><ele>489</ele><time>2025-05-10T04:01:22.000Z</time></trkpt>
<trkpt lat="30.54092960340001" lon="104.063280780939"><ele>489</ele><time>2025-05-10T04:01:24.000Z</time></trkpt>
<trkpt lat="30.541008054653" lon="104.0631848828749"><ele>489</ele><time>2025-05-10T04:01:27.000Z</time></trkpt>
<trkpt lat="30.54100001871578" lon="104.0630796468163"><ele>489</ele><time>2025-05-10T04:01:29.000Z</time></trkpt>
<trkpt lat="30.54108434223843" lon="104.0629959584374"><ele>489</ele><time>2025-05-10T04:01:33.000Z</time></trkpt>
<trkpt lat="30.54108434223843" lon="104.0629959584374"><ele>489</ele><time>2025-05-10T03:31:29.000Z</time></trkpt>
<trkpt lat="30.54108434223843" lon="104.0629959584374"><ele>489</ele><time>2025-05-10T03:31:30.000Z</time></trkpt>
<trkpt lat="30.54108434223843" lon="104.0629959584374"><ele>489</ele><time>2025-05-10T03:31:31.000Z</time></trkpt>
<trkpt lat="30.54108434223843" lon="104.0629959584374"><ele>489</ele><time>2025-05-10T03:31:32.000Z</time></trkpt>
<trkpt lat="30.54108434223843" lon="104.0629959584374"><ele>489</ele><time>2025-05-10T03:31:33.000Z</time></trkpt>
<trkpt lat="30.54108434223843" lon="104.0629959584374"><ele>489</ele><time>2025-05-10T03:31:34.000Z</time></trkpt>
<trkpt lat="30.54108434223843" lon="104.0629959584374"><ele>489</ele><time>2025-05-10T03:31:35.000Z</time></trkpt>
<trkpt lat="30.54108434223843" lon="104.0629959584374"><ele>489</ele><time>2025-05-10T03:31:36.000Z</time></trkpt>
<trkpt lat="30.54108434223843" lon="104.0629959584374"><ele>489</ele><time>2025-05-10T03:31:37.000Z</time></trkpt>
<trkpt lat="30.54108434223843" lon="104.0629959584374"><ele>489</ele><time>2025-05-10T03:31:38.000Z</time></trkpt>
<trkpt lat="30.54108434223843" lon="104.0629959584374"><ele>489</ele><time>2025-05-10T03:31:39.000Z</time></trkpt>
<trkpt lat="30.54108434223843" lon="104.0629959584374"><ele>489</ele><time>2025-05-10T03:31:40.000Z</time></trkpt>
<trkpt lat="30.54108434223843" lon="104.0629959584374"><ele>489</ele><time>2025-05-10T03:31:41.000Z</time></trkpt>
<trkpt lat="30.54108434223843" lon="104.0629959584374"><ele>489</ele><time>2025-05-10T03:31:42.000Z</time></trkpt>
<trkpt lat="30.54108434223843" lon="104.0629959584374"><ele>489</ele><time>2025-05-10T03:31:43.000Z</time></trkpt>
<trkpt lat="30.54108434223843" lon="104.0629959584374"><ele>489</ele><time>2025-05-10T03:31:44.000Z</time></trkpt>
<trkpt lat="30.54108434223843" lon="104.0629959584374"><ele>489</ele><time>2025-05-10T03:31:45.000Z</time></trkpt>
<trkpt lat="30.54108434223843" lon="104.0629959584374"><ele>489</ele><time>2025-05-10T03:31:46.000Z</time></trkpt>
<trkpt lat="30.54108434223843" lon="104.0629959584374"><ele>489</ele><time>2025-05-10T03:31:47.000Z</time></trkpt>
<trkpt lat="30.54108434223843" lon="104.0629959584374"><ele>489</ele><time>2025-05-10T03:31:48.000Z</time></trkpt>
<trkpt lat="30.54108434223843" lon="104.0629959584374"><ele>489</ele><time>2025-05-10T03:31:49.000Z</time></trkpt>
<trkpt lat="30.54108434223843" lon="104.0629959584374"><ele>489</ele><time>2025-05-10T03:31:50.000Z</time></trkpt>
<trkpt lat="30.54108434223843" lon="104.0629959584374"><ele>489</ele><time>2025-05-10T03:31:51.000Z</time></trkpt>
<trkpt lat="30.54108434223843" lon="104.0629959584374"><ele>490</ele><time>2025-05-10T03:31:52.000Z</time></trkpt>
<trkpt lat="30.54108434223843" lon="104.0629959584374"><ele>490</ele><time>2025-05-10T03:31:53.000Z</time></trkpt>
<trkpt lat="30.54108434223843" lon="104.0629959584374"><ele>489</ele><time>2025-05-10T03:31:54.000Z</time></trkpt>
<trkpt lat="30.54108434223843" lon="104.0629959584374"><ele>489</ele><time>2025-05-10T03:31:55.000Z</time></trkpt>
<trkpt lat="30.54108434223843" lon="104.0629959584374"><ele>489</ele><time>2025-05-10T03:31:56.000Z</time></trkpt>
<trkpt lat="30.54108434223843" lon="104.0629959584374"><ele>489</ele><time>2025-05-10T03:31:57.000Z</time></trkpt>
<trkpt lat="30.54108434223843" lon="104.0629959584374"><ele>490</ele><time>2025-05-10T03:31:58.000Z</time></trkpt>
<trkpt lat="30.54108434223843" lon="104.0629959584374"><ele>490</ele><time>2025-05-10T03:31:59.000Z</time></trkpt>
<trkpt lat="30.54108434223843" lon="104.0629959584374"><ele>490</ele><time>2025-05-10T03:32:00.000Z</time></trkpt>
<trkpt lat="30.54108434223843" lon="104.0629959584374"><ele>490</ele><time>2025-05-10T03:32:01.000Z</time></trkpt>
<trkpt lat="30.54108434223843" lon="104.0629959584374"><ele>490</ele><time>2025-05-10T03:32:02.000Z</time></trkpt>
<trkpt lat="30.54108434223843" lon="104.0629959584374"><ele>490</ele><time>2025-05-10T03:32:03.000Z</time></trkpt>
<trkpt lat="30.54108434223843" lon="104.0629959584374"><ele>490</ele><time>2025-05-10T03:32:04.000Z</time></trkpt>
<trkpt lat="30.54108434223843" lon="104.0629959584374"><ele>490</ele><time>2025-05-10T03:32:05.000Z</time></trkpt>
<trkpt lat="30.54108434223843" lon="104.0629959584374"><ele>489</ele><time>2025-05-10T03:32:06.000Z</time></trkpt>
<trkpt lat="30.54108434223843" lon="104.0629959584374"><ele>490</ele><time>2025-05-10T03:32:07.000Z</time></trkpt>
<trkpt lat="30.54108434223843" lon="104.0629959584374"><ele>490</ele><time>2025-05-10T03:32:08.000Z</time></trkpt>
<trkpt lat="30.54108434223843" lon="104.0629959584374"><ele>489</ele><time>2025-05-10T03:32:09.000Z</time></trkpt>
<trkpt lat="30.54108434223843" lon="104.0629959584374"><ele>490</ele><time>2025-05-10T03:32:10.000Z</time></trkpt>
<trkpt lat="30.54108434223843" lon="104.0629959584374"><ele>490</ele><time>2025-05-10T03:32:11.000Z</time></trkpt>
<trkpt lat="30.54108434223843" lon="104.0629959584374"><ele>490</ele><time>2025-05-10T03:32:12.000Z</time></trkpt>
<trkpt lat="30.54108434223843" lon="104.0629959584374"><ele>490</ele><time>2025-05-10T03:32:13.000Z</time></trkpt>
<trkpt lat="30.54108434223843" lon="104.0629959584374"><ele>490</ele><time>2025-05-10T03:32:14.000Z</time></trkpt>
<trkpt lat="30.54108434223843" lon="104.0629959584374"><ele>490</ele><time>2025-05-10T03:32:15.000Z</time></trkpt>
<trkpt lat="30.54108434223843" lon="104.0629959584374"><ele>490</ele><time>2025-05-10T03:32:16.000Z</time></trkpt>
<trkpt lat="30.54108434223843" lon="104.0629959584374"><ele>490</ele><time>2025-05-10T03:32:17.000Z</time></trkpt>
<trkpt lat="30.54108434223843" lon="104.0629959584374"><ele>490</ele><time>2025-05-10T03:32:18.000Z</time></trkpt>
<trkpt lat="30.54108434223843" lon="104.0629959584374"><ele>490</ele><time>2025-05-10T03:32:19.000Z</time></trkpt>
<trkpt lat="30.54108434223843" lon="104.0629959584374"><ele>489</ele><time>2025-05-10T03:32:20.000Z</time></trkpt>
<trkpt lat="30.54108434223843" lon="104.0629959584374"><ele>490</ele><time>2025-05-10T03:32:21.000Z</time></trkpt>
<trkpt lat="30.54108434223843" lon="104.0629959584374"><ele>489</ele><time>2025-05-10T03:32:22.000Z</time></trkpt>
<trkpt lat="30.54108434223843" lon="104.0629959584374"><ele>489</ele><time>2025-05-10T03:32:23.000Z</time></trkpt>
<trkpt lat="30.54108434223843" lon="104.0629959584374"><ele>489</ele><time>2025-05-10T03:32:24.000Z</time></trkpt>
<trkpt lat="30.54108434223843" lon="104.0629959584374"><ele>489</ele><time>2025-05-10T03:32:25.000Z</time></trkpt>
<trkpt lat="30.54108434223843" lon="104.0629959584374"><ele>489</ele><time>2025-05-10T03:32:26.000Z</time></trkpt>
<trkpt lat="30.54108434223843" lon="104.0629959584374"><ele>489</ele><time>2025-05-10T03:32:27.000Z</time></trkpt>
<trkpt lat="30.54108434223843" lon="104.0629959584374"><ele>488</ele><time>2025-05-10T03:32:28.000Z</time></trkpt>
<trkpt lat="30.54108434223843" lon="104.0629959584374"><ele>488</ele><time>2025-05-10T03:32:29.000Z</time></trkpt>
<trkpt lat="30.54108434223843" lon="104.0629959584374"><ele>488</ele><time>2025-05-10T03:32:30.000Z</time></trkpt>
<trkpt lat="30.54108434223843" lon="104.0629959584374"><ele>488</ele><time>2025-05-10T03:32:31.000Z</time></trkpt>
<trkpt lat="30.54108434223843" lon="104.0629959584374"><ele>488</ele><time>2025-05-10T03:32:32.000Z</time></trkpt>
<trkpt lat="30.54108434223843" lon="104.0629959584374"><ele>488</ele><time>2025-05-10T03:32:33.000Z</time></trkpt>
<trkpt lat="30.54108434223843" lon="104.0629959584374"><ele>488</ele><time>2025-05-10T03:32:34.000Z</time></trkpt>
<trkpt lat="30.54108434223843" lon="104.0629959584374"><ele>488</ele><time>2025-05-10T03:32:35.000Z</time></trkpt>
<trkpt lat="30.54108434223843" lon="104.0629959584374"><ele>488</ele><time>2025-05-10T03:32:36.000Z</time></trkpt>
<trkpt lat="30.54108434223843" lon="104.0629959584374"><ele>488</ele><time>2025-05-10T03:32:37.000Z</time></trkpt>
<trkpt lat="30.54108434223843" lon="104.0629959584374"><ele>488</ele><time>2025-05-10T03:32:38.000Z</time></trkpt>
<trkpt lat="30.54108434223843" lon="104.0629959584374"><ele>488</ele><time>2025-05-10T03:32:39.000Z</time></trkpt>
<trkpt lat="30.54108434223843" lon="104.0629959584374"><ele>488</ele><time>2025-05-10T03:32:40.000Z</time></trkpt>
<trkpt lat="30.54108434223843" lon="104.0629959584374"><ele>488</ele><time>2025-05-10T03:32:41.000Z</time></trkpt>
<trkpt lat="30.54108434223843" lon="104.0629959584374"><ele>488</ele><time>2025-05-10T03:32:42.000Z</time></trkpt>
<trkpt lat="30.54108434223843" lon="104.0629959584374"><ele>488</ele><time>2025-05-10T03:32:43.000Z</time></trkpt>
<trkpt lat="30.54108434223843" lon="104.0629959584374"><ele>488</ele><time>2025-05-10T03:32:44.000Z</time></trkpt>
<trkpt lat="30.54108434223843" lon="104.0629959584374"><ele>488</ele><time>2025-05-10T03:32:45.000Z</time></trkpt>
<trkpt lat="30.54108434223843" lon="104.0629959584374"><ele>488</ele><time>2025-05-10T03:32:46.000Z</time></trkpt>
<trkpt lat="30.54108434223843" lon="104.0629959584374"><ele>488</ele><time>2025-05-10T03:32:47.000Z</time></trkpt>
<trkpt lat="30.54108434223843" lon="104.0629959584374"><ele>488</ele><time>2025-05-10T03:32:48.000Z</time></trkpt>
<trkpt lat="30.54108434223843" lon="104.0629959584374"><ele>488</ele><time>2025-05-10T03:32:49.000Z</time></trkpt>
<trkpt lat="30.54108434223843" lon="104.0629959584374"><ele>488</ele><time>2025-05-10T03:32:50.000Z</time></trkpt>
<trkpt lat="30.54108434223843" lon="104.0629959584374"><ele>488</ele><time>2025-05-10T03:32:51.000Z</time></trkpt>
<trkpt lat="30.54108434223843" lon="104.0629959584374"><ele>488</ele><time>2025-05-10T03:32:52.000Z</time></trkpt>
<trkpt lat="30.54108434223843" lon="104.0629959584374"><ele>488</ele><time>2025-05-10T03:32:53.000Z</time></trkpt>
<trkpt lat="30.54108434223843" lon="104.0629959584374"><ele>488</ele><time>2025-05-10T03:32:54.000Z</time></trkpt>
<trkpt lat="30.54108434223843" lon="104.0629959584374"><ele>488</ele><time>2025-05-10T03:32:55.000Z</time></trkpt>
<trkpt lat="30.54108434223843" lon="104.0629959584374"><ele>488</ele><time>2025-05-10T03:32:56.000Z</time></trkpt>
<trkpt lat="30.54108434223843" lon="104.0629959584374"><ele>488</ele><time>2025-05-10T03:32:57.000Z</time></trkpt>
<trkpt lat="30.54108434223843" lon="104.0629959584374"><ele>488</ele><time>2025-05-10T03:32:58.000Z</time></trkpt>
<trkpt lat="30.54108434223843" lon="104.0629959584374"><ele>488</ele><time>2025-05-10T03:32:59.000Z</time></trkpt>
<trkpt lat="30.54108434223843" lon="104.0629959584374"><ele>488</ele><time>2025-05-10T03:33:00.000Z</time></trkpt>
<trkpt lat="30.54108434223843" lon="104.0629959584374"><ele>488</ele><time>2025-05-10T03:33:01.000Z</time></trkpt>
<trkpt lat="30.54108434223843" lon="104.0629959584374"><ele>488</ele><time>2025-05-10T03:33:02.000Z</time></trkpt>
<trkpt lat="30.54108434223843" lon="104.0629959584374"><ele>488</ele><time>2025-05-10T03:33:03.000Z</time></trkpt>
<trkpt lat="30.54108434223843" lon="104.0629959584374"><ele>488</ele><time>2025-05-10T03:33:04.000Z</time></trkpt>
<trkpt lat="30.54108434223843" lon="104.0629959584374"><ele>488</ele><time>2025-05-10T03:33:05.000Z</time></trkpt>
<trkpt lat="30.54108434223843" lon="104.0629959584374"><ele>488</ele><time>2025-05-10T03:33:06.000Z</time></trkpt>
<trkpt lat="30.54108434223843" lon="104.0629959584374"><ele>488</ele><time>2025-05-10T03:33:07.000Z</time></trkpt>
<trkpt lat="30.54108434223843" lon="104.0629959584374"><ele>488</ele><time>2025-05-10T03:33:08.000Z</time></trkpt>
<trkpt lat="30.54108434223843" lon="104.0629959584374"><ele>488</ele><time>2025-05-10T03:33:09.000Z</time></trkpt>
<trkpt lat="30.54108434223843" lon="104.0629959584374"><ele>488</ele><time>2025-05-10T03:33:10.000Z</time></trkpt>
<trkpt lat="30.54108434223843" lon="104.0629959584374"><ele>488</ele><time>2025-05-10T03:33:11.000Z</time></trkpt>
<trkpt lat="30.54108434223843" lon="104.0629959584374"><ele>488</ele><time>2025-05-10T03:33:12.000Z</time></trkpt>
<trkpt lat="30.54108434223843" lon="104.0629959584374"><ele>488</ele><time>2025-05-10T03:33:13.000Z</time></trkpt>
<trkpt lat="30.54108434223843" lon="104.0629959584374"><ele>488</ele><time>2025-05-10T03:33:14.000Z</time></trkpt>
<trkpt lat="30.54108434223843" lon="104.0629959584374"><ele>488</ele><time>2025-05-10T03:33:15.000Z</time></trkpt>
<trkpt lat="30.54108434223843" lon="104.0629959584374"><ele>488</ele><time>2025-05-10T03:33:16.000Z</time></trkpt>
<trkpt lat="30.54108434223843" lon="104.0629959584374"><ele>488</ele><time>2025-05-10T03:33:17.000Z</time></trkpt>
<trkpt lat="30.54108434223843" lon="104.0629959584374"><ele>488</ele><time>2025-05-10T03:33:18.000Z</time></trkpt>
<trkpt lat="30.54108434223843" lon="104.0629959584374"><ele>488</ele><time>2025-05-10T03:33:19.000Z</time></trkpt>
<trkpt lat="30.54108434223843" lon="104.0629959584374"><ele>488</ele><time>2025-05-10T03:33:20.000Z</time></trkpt>
<trkpt lat="30.54108434223843" lon="104.0629959584374"><ele>488</ele><time>2025-05-10T03:33:21.000Z</time></trkpt>
<trkpt lat="30.54108434223843" lon="104.0629959584374"><ele>488</ele><time>2025-05-10T03:33:22.000Z</time></trkpt>
<trkpt lat="30.54108434223843" lon="104.0629959584374"><ele>488</ele><time>2025-05-10T03:33:23.000Z</time></trkpt>
<trkpt lat="30.54108434223843" lon="104.0629959584374"><ele>488</ele><time>2025-05-10T03:33:24.000Z</time></trkpt>
<trkpt lat="30.54108434223843" lon="104.0629959584374"><ele>488</ele><time>2025-05-10T03:33:25.000Z</time></trkpt>
<trkpt lat="30.54108434223843" lon="104.0629959584374"><ele>488</ele><time>2025-05-10T03:33:26.000Z</time></trkpt>
<trkpt lat="30.54108434223843" lon="104.0629959584374"><ele>488</ele><time>2025-05-10T03:33:27.000Z</time></trkpt>
<trkpt lat="30.54108434223843" lon="104.0629959584374"><ele>488</ele><time>2025-05-10T03:33:28.000Z</time></trkpt>
<trkpt lat="30.54108434223843" lon="104.0629959584374"><ele>488</ele><time>2025-05-10T03:33:29.000Z</time></trkpt>
<trkpt lat="30.54108434223843" lon="104.0629959584374"><ele>488</ele><time>2025-05-10T03:33:30.000Z</time></trkpt>
<trkpt lat="30.54108434223843" lon="104.0629959584374"><ele>488</ele><time>2025-05-10T03:33:31.000Z</time></trkpt>
<trkpt lat="30.54108434223843" lon="104.0629959584374"><ele>488</ele><time>2025-05-10T03:33:32.000Z</time></trkpt>
<trkpt lat="30.54108434223843" lon="104.0629959584374"><ele>488</ele><time>2025-05-10T03:33:33.000Z</time></trkpt>
<trkpt lat="30.54108434223843" lon="104.0629959584374"><ele>488</ele><time>2025-05-10T03:33:34.000Z</time></trkpt>
<trkpt lat="30.54108434223843" lon="104.0629959584374"><ele>488</ele><time>2025-05-10T03:33:35.000Z</time></trkpt>
<trkpt lat="30.54108434223843" lon="104.0629959584374"><ele>488</ele><time>2025-05-10T03:33:36.000Z</time></trkpt>
<trkpt lat="30.54108434223843" lon="104.0629959584374"><ele>488</ele><time>2025-05-10T03:33:37.000Z</time></trkpt>
<trkpt lat="30.54108434223843" lon="104.0629959584374"><ele>488</ele><time>2025-05-10T03:33:38.000Z</time></trkpt>
<trkpt lat="30.54108434223843" lon="104.0629959584374"><ele>488</ele><time>2025-05-10T03:33:39.000Z</time></trkpt>
<trkpt lat="30.54108434223843" lon="104.0629959584374"><ele>488</ele><time>2025-05-10T03:33:40.000Z</time></trkpt>
<trkpt lat="30.54108434223843" lon="104.0629959584374"><ele>488</ele><time>2025-05-10T03:33:41.000Z</time></trkpt>
<trkpt lat="30.54108434223843" lon="104.0629959584374"><ele>488</ele><time>2025-05-10T03:33:42.000Z</time></trkpt>
<trkpt lat="30.54108434223843" lon="104.0629959584374"><ele>488</ele><time>2025-05-10T03:33:43.000Z</time></trkpt>
<trkpt lat="30.54108434223843" lon="104.0629959584374"><ele>488</ele><time>2025-05-10T03:33:44.000Z</time></trkpt>
<trkpt lat="30.54108434223843" lon="104.0629959584374"><ele>488</ele><time>2025-05-10T03:33:45.000Z</time></trkpt>
<trkpt lat="30.54108434223843" lon="104.0629959584374"><ele>488</ele><time>2025-05-10T03:33:46.000Z</time></trkpt>
<trkpt lat="30.54108434223843" lon="104.0629959584374"><ele>488</ele><time>2025-05-10T03:33:47.000Z</time></trkpt>
<trkpt lat="30.54108434223843" lon="104.0629959584374"><ele>488</ele><time>2025-05-10T03:33:48.000Z</time></trkpt>
<trkpt lat="30.54108434223843" lon="104.0629959584374"><ele>488</ele><time>2025-05-10T03:33:49.000Z</time></trkpt>
<trkpt lat="30.54108434223843" lon="104.0629959584374"><ele>488</ele><time>2025-05-10T03:33:50.000Z</time></trkpt>
<trkpt lat="30.54108434223843" lon="104.0629959584374"><ele>488</ele><time>2025-05-10T03:33:51.000Z</time></trkpt>
<trkpt lat="30.54108434223843" lon="104.0629959584374"><ele>488</ele><time>2025-05-10T03:33:52.000Z</time></trkpt>
<trkpt lat="30.54108434223843" lon="104.0629959584374"><ele>488</ele><time>2025-05-10T03:33:53.000Z</time></trkpt>
<trkpt lat="30.54108434223843" lon="104.0629959584374"><ele>488</ele><time>2025-05-10T03:33:54.000Z</time></trkpt>
<trkpt lat="30.54108434223843" lon="104.0629959584374"><ele>488</ele><time>2025-05-10T03:33:55.000Z</time></trkpt>
<trkpt lat="30.54108434223843" lon="104.0629959584374"><ele>488</ele><time>2025-05-10T03:33:56.000Z</time></trkpt>
<trkpt lat="30.54108434223843" lon="104.0629959584374"><ele>488</ele><time>2025-05-10T03:33:57.000Z</time></trkpt>
<trkpt lat="30.54108434223843" lon="104.0629959584374"><ele>488</ele><time>2025-05-10T03:33:58.000Z</time></trkpt>
<trkpt lat="30.54108434223843" lon="104.0629959584374"><ele>488</ele><time>2025-05-10T03:33:59.000Z</time></trkpt>
<trkpt lat="30.54108434223843" lon="104.0629959584374"><ele>488</ele><time>2025-05-10T03:34:00.000Z</time></trkpt>
<trkpt lat="30.54108434223843" lon="104.0629959584374"><ele>488</ele><time>2025-05-10T03:34:01.000Z</time></trkpt>
<trkpt lat="30.54108434223843" lon="104.0629959584374"><ele>488</ele><time>2025-05-10T03:34:02.000Z</time></trkpt>
<trkpt lat="30.54108434223843" lon="104.0629959584374"><ele>488</ele><time>2025-05-10T03:34:03.000Z</time></trkpt>
<trkpt lat="30.54108434223843" lon="104.0629959584374"><ele>488</ele><time>2025-05-10T03:34:04.000Z</time></trkpt>
<trkpt lat="30.54108434223843" lon="104.0629959584374"><ele>488</ele><time>2025-05-10T03:34:05.000Z</time></trkpt>
<trkpt lat="30.54108434223843" lon="104.0629959584374"><ele>488</ele><time>2025-05-10T03:34:06.000Z</time></trkpt>
<trkpt lat="30.54108434223843" lon="104.0629959584374"><ele>488</ele><time>2025-05-10T03:34:07.000Z</time></trkpt>
<trkpt lat="30.54108434223843" lon="104.0629959584374"><ele>488</ele><time>2025-05-10T03:34:08.000Z</time></trkpt>
<trkpt lat="30.54108434223843" lon="104.0629959584374"><ele>488</ele><time>2025-05-10T03:34:09.000Z</time></trkpt>
<trkpt lat="30.54108434223843" lon="104.0629959584374"><ele>488</ele><time>2025-05-10T03:34:10.000Z</time></trkpt>
<trkpt lat="30.54108434223843" lon="104.0629959584374"><ele>488</ele><time>2025-05-10T03:34:11.000Z</time></trkpt>
<trkpt lat="30.54108434223843" lon="104.0629959584374"><ele>488</ele><time>2025-05-10T03:34:12.000Z</time></trkpt>
<trkpt lat="30.54108434223843" lon="104.0629959584374"><ele>488</ele><time>2025-05-10T03:34:13.000Z</time></trkpt>
<trkpt lat="30.54108434223843" lon="104.0629959584374"><ele>488</ele><time>2025-05-10T03:34:14.000Z</time></trkpt>
<trkpt lat="30.54108434223843" lon="104.0629959584374"><ele>488</ele><time>2025-05-10T03:34:15.000Z</time></trkpt>
<trkpt lat="30.54108434223843" lon="104.0629959584374"><ele>488</ele><time>2025-05-10T03:34:16.000Z</time></trkpt>
<trkpt lat="30.54108434223843" lon="104.0629959584374"><ele>488</ele><time>2025-05-10T03:34:17.000Z</time></trkpt>
<trkpt lat="30.54108434223843" lon="104.0629959584374"><ele>488</ele><time>2025-05-10T03:34:18.000Z</time></trkpt>
<trkpt lat="30.54108434223843" lon="104.0629959584374"><ele>488</ele><time>2025-05-10T03:34:19.000Z</time></trkpt>
<trkpt lat="30.54108434223843" lon="104.0629959584374"><ele>488</ele><time>2025-05-10T03:34:20.000Z</time></trkpt>
<trkpt lat="30.54108434223843" lon="104.0629959584374"><ele>488</ele><time>2025-05-10T03:34:21.000Z</time></trkpt>
<trkpt lat="30.54108434223843" lon="104.0629959584374"><ele>488</ele><time>2025-05-10T03:34:22.000Z</time></trkpt>
<trkpt lat="30.54108434223843" lon="104.0629959584374"><ele>488</ele><time>2025-05-10T03:34:23.000Z</time></trkpt>
<trkpt lat="30.54108434223843" lon="104.0629959584374"><ele>488</ele><time>2025-05-10T03:34:24.000Z</time></trkpt>
<trkpt lat="30.54108434223843" lon="104.0629959584374"><ele>488</ele><time>2025-05-10T03:34:25.000Z</time></trkpt>
<trkpt lat="30.54108434223843" lon="104.0629959584374"><ele>488</ele><time>2025-05-10T03:34:26.000Z</time></trkpt>
<trkpt lat="30.54108434223843" lon="104.0629959584374"><ele>488</ele><time>2025-05-10T03:34:27.000Z</time></trkpt>
<trkpt lat="30.54108434223843" lon="104.0629959584374"><ele>488</ele><time>2025-05-10T03:34:28.000Z</time></trkpt>
<trkpt lat="30.54108434223843" lon="104.0629959584374"><ele>488</ele><time>2025-05-10T03:34:29.000Z</time></trkpt>
<trkpt lat="30.54108434223843" lon="104.0629959584374"><ele>488</ele><time>2025-05-10T03:34:30.000Z</time></trkpt>
<trkpt lat="30.54108434223843" lon="104.0629959584374"><ele>488</ele><time>2025-05-10T03:34:31.000Z</time></trkpt>
<trkpt lat="30.54108434223843" lon="104.0629959584374"><ele>488</ele><time>2025-05-10T03:34:32.000Z</time></trkpt>
<trkpt lat="30.54108434223843" lon="104.0629959584374"><ele>488</ele><time>2025-05-10T03:34:33.000Z</time></trkpt>
<trkpt lat="30.54108434223843" lon="104.0629959584374"><ele>488</ele><time>2025-05-10T03:34:34.000Z</time></trkpt>
<trkpt lat="30.54108434223843" lon="104.0629959584374"><ele>488</ele><time>2025-05-10T03:34:35.000Z</time></trkpt>
<trkpt lat="30.54108434223843" lon="104.0629959584374"><ele>487</ele><time>2025-05-10T03:34:36.000Z</time></trkpt>
<trkpt lat="30.54108434223843" lon="104.0629959584374"><ele>487</ele><time>2025-05-10T03:34:37.000Z</time></trkpt>
<trkpt lat="30.54108434223843" lon="104.0629959584374"><ele>487</ele><time>2025-05-10T03:34:38.000Z</time></trkpt>
<trkpt lat="30.54108434223843" lon="104.0629959584374"><ele>487</ele><time>2025-05-10T03:34:39.000Z</time></trkpt>
<trkpt lat="30.54108434223843" lon="104.0629959584374"><ele>487</ele><time>2025-05-10T03:34:40.000Z</time></trkpt>
<trkpt lat="30.54108434223843" lon="104.0629959584374"><ele>487</ele><time>2025-05-10T03:34:41.000Z</time></trkpt>
<trkpt lat="30.54108434223843" lon="104.0629959584374"><ele>487</ele><time>2025-05-10T03:34:42.000Z</time></trkpt>
<trkpt lat="30.54108434223843" lon="104.0629959584374"><ele>488</ele><time>2025-05-10T03:34:43.000Z</time></trkpt>
<trkpt lat="30.54108434223843" lon="104.0629959584374"><ele>488</ele><time>2025-05-10T03:34:44.000Z</time></trkpt>
<trkpt lat="30.54108434223843" lon="104.0629959584374"><ele>488</ele><time>2025-05-10T03:34:45.000Z</time></trkpt>
<trkpt lat="30.54108434223843" lon="104.0629959584374"><ele>489</ele><time>2025-05-10T03:34:46.000Z</time></trkpt>
<trkpt lat="30.54108434223843" lon="104.0629959584374"><ele>488</ele><time>2025-05-10T03:34:47.000Z</time></trkpt>
<trkpt lat="30.54108434223843" lon="104.0629959584374"><ele>488</ele><time>2025-05-10T03:34:48.000Z</time></trkpt>
<trkpt lat="30.54108434223843" lon="104.0629959584374"><ele>488</ele><time>2025-05-10T03:34:49.000Z</time></trkpt>
<trkpt lat="30.54108434223843" lon="104.0629959584374"><ele>488</ele><time>2025-05-10T03:34:50.000Z</time></trkpt>
<trkpt lat="30.54108434223843" lon="104.0629959584374"><ele>488</ele><time>2025-05-10T03:34:51.000Z</time></trkpt>
<trkpt lat="30.54108434223843" lon="104.0629959584374"><ele>488</ele><time>2025-05-10T03:34:52.000Z</time></trkpt>
<trkpt lat="30.54108434223843" lon="104.0629959584374"><ele>488</ele><time>2025-05-10T03:34:53.000Z</time></trkpt>
<trkpt lat="30.54108434223843" lon="104.0629959584374"><ele>488</ele><time>2025-05-10T03:34:54.000Z</time></trkpt>
<trkpt lat="30.54108434223843" lon="104.0629959584374"><ele>488</ele><time>2025-05-10T03:34:55.000Z</time></trkpt>
<trkpt lat="30.54108434223843" lon="104.0629959584374"><ele>488</ele><time>2025-05-10T03:34:56.000Z</time></trkpt>
<trkpt lat="30.54108434223843" lon="104.0629959584374"><ele>488</ele><time>2025-05-10T03:34:57.000Z</time></trkpt>
<trkpt lat="30.54108434223843" lon="104.0629959584374"><ele>488</ele><time>2025-05-10T03:34:58.000Z</time></trkpt>
<trkpt lat="30.54108434223843" lon="104.0629959584374"><ele>487</ele><time>2025-05-10T03:34:59.000Z</time></trkpt>
<trkpt lat="30.54108434223843" lon="104.0629959584374"><ele>487</ele><time>2025-05-10T03:35:00.000Z</time></trkpt>
<trkpt lat="30.54108434223843" lon="104.0629959584374"><ele>487</ele><time>2025-05-10T03:35:01.000Z</time></trkpt>
<trkpt lat="30.54108434223843" lon="104.0629959584374"><ele>487</ele><time>2025-05-10T03:35:02.000Z</time></trkpt>
<trkpt lat="30.54108434223843" lon="104.0629959584374"><ele>487</ele><time>2025-05-10T03:35:03.000Z</time></trkpt>
<trkpt lat="30.54108434223843" lon="104.0629959584374"><ele>488</ele><time>2025-05-10T03:35:04.000Z</time></trkpt>
<trkpt lat="30.54108434223843" lon="104.0629959584374"><ele>487</ele><time>2025-05-10T03:35:05.000Z</time></trkpt>
<trkpt lat="30.54108434223843" lon="104.0629959584374"><ele>488</ele><time>2025-05-10T03:35:06.000Z</time></trkpt>
<trkpt lat="30.54108434223843" lon="104.0629959584374"><ele>487</ele><time>2025-05-10T03:35:07.000Z</time></trkpt>
<trkpt lat="30.54108434223843" lon="104.0629959584374"><ele>488</ele><time>2025-05-10T03:35:08.000Z</time></trkpt>
<trkpt lat="30.54108434223843" lon="104.0629959584374"><ele>488</ele><time>2025-05-10T03:35:09.000Z</time></trkpt>
<trkpt lat="30.54108434223843" lon="104.0629959584374"><ele>488</ele><time>2025-05-10T03:35:10.000Z</time></trkpt>
<trkpt lat="30.54108434223843" lon="104.0629959584374"><ele>488</ele><time>2025-05-10T03:35:11.000Z</time></trkpt>
<trkpt lat="30.54108434223843" lon="104.0629959584374"><ele>488</ele><time>2025-05-10T03:35:12.000Z</time></trkpt>
<trkpt lat="30.54108434223843" lon="104.0629959584374"><ele>487</ele><time>2025-05-10T03:35:13.000Z</time></trkpt>
<trkpt lat="30.54108434223843" lon="104.0629959584374"><ele>487</ele><time>2025-05-10T03:35:14.000Z</time></trkpt>
<trkpt lat="30.54108434223843" lon="104.0629959584374"><ele>487</ele><time>2025-05-10T03:35:15.000Z</time></trkpt>
<trkpt lat="30.54108434223843" lon="104.0629959584374"><ele>487</ele><time>2025-05-10T03:35:16.000Z</time></trkpt>
<trkpt lat="30.54108434223843" lon="104.0629959584374"><ele>487</ele><time>2025-05-10T03:35:17.000Z</time></trkpt>
<trkpt lat="30.54108434223843" lon="104.0629959584374"><ele>487</ele><time>2025-05-10T03:35:18.000Z</time></trkpt>
<trkpt lat="30.54108434223843" lon="104.0629959584374"><ele>487</ele><time>2025-05-10T03:35:19.000Z</time></trkpt>
<trkpt lat="30.54108434223843" lon="104.0629959584374"><ele>487</ele><time>2025-05-10T03:35:20.000Z</time></trkpt>
<trkpt lat="30.54108434223843" lon="104.0629959584374"><ele>487</ele><time>2025-05-10T03:35:21.000Z</time></trkpt>
<trkpt lat="30.54108434223843" lon="104.0629959584374"><ele>487</ele><time>2025-05-10T03:35:22.000Z</time></trkpt>
<trkpt lat="30.54108434223843" lon="104.0629959584374"><ele>487</ele><time>2025-05-10T03:35:23.000Z</time></trkpt>
<trkpt lat="30.54108434223843" lon="104.0629959584374"><ele>487</ele><time>2025-05-10T03:35:24.000Z</time></trkpt>
<trkpt lat="30.54108434223843" lon="104.0629959584374"><ele>487</ele><time>2025-05-10T03:35:25.000Z</time></trkpt>
<trkpt lat="30.54108434223843" lon="104.0629959584374"><ele>487</ele><time>2025-05-10T03:35:26.000Z</time></trkpt>
<trkpt lat="30.54108434223843" lon="104.0629959584374"><ele>487</ele><time>2025-05-10T03:35:27.000Z</time></trkpt>
<trkpt lat="30.54108434223843" lon="104.0629959584374"><ele>487</ele><time>2025-05-10T03:35:28.000Z</time></trkpt>
<trkpt lat="30.54108434223843" lon="104.0629959584374"><ele>488</ele><time>2025-05-10T03:35:29.000Z</time></trkpt>
<trkpt lat="30.54108434223843" lon="104.0629959584374"><ele>488</ele><time>2025-05-10T03:35:30.000Z</time></trkpt>
<trkpt lat="30.54108434223843" lon="104.0629959584374"><ele>488</ele><time>2025-05-10T03:35:31.000Z</time></trkpt>
<trkpt lat="30.54108434223843" lon="104.0629959584374"><ele>488</ele><time>2025-05-10T03:35:32.000Z</time></trkpt>
<trkpt lat="30.54108434223843" lon="104.0629959584374"><ele>488</ele><time>2025-05-10T03:35:33.000Z</time></trkpt>
<trkpt lat="30.54108434223843" lon="104.0629959584374"><ele>488</ele><time>2025-05-10T03:35:34.000Z</time></trkpt>
<trkpt lat="30.54108434223843" lon="104.0629959584374"><ele>488</ele><time>2025-05-10T03:35:35.000Z</time></trkpt>
<trkpt lat="30.54108434223843" lon="104.0629959584374"><ele>488</ele><time>2025-05-10T03:35:36.000Z</time></trkpt>
<trkpt lat="30.54108434223843" lon="104.0629959584374"><ele>487</ele><time>2025-05-10T03:35:37.000Z</time></trkpt>
<trkpt lat="30.54108434223843" lon="104.0629959584374"><ele>487</ele><time>2025-05-10T03:35:38.000Z</time></trkpt>
<trkpt lat="30.54108434223843" lon="104.0629959584374"><ele>487</ele><time>2025-05-10T03:35:39.000Z</time></trkpt>
<trkpt lat="30.54108434223843" lon="104.0629959584374"><ele>487</ele><time>2025-05-10T03:35:40.000Z</time></trkpt>
<trkpt lat="30.54108434223843" lon="104.0629959584374"><ele>487</ele><time>2025-05-10T03:35:41.000Z</time></trkpt>
<trkpt lat="30.54108434223843" lon="104.0629959584374"><ele>487</ele><time>2025-05-10T03:35:42.000Z</time></trkpt>
<trkpt lat="30.54108434223843" lon="104.0629959584374"><ele>487</ele><time>2025-05-10T03:35:43.000Z</time></trkpt>
<trkpt lat="30.54108434223843" lon="104.0629959584374"><ele>488</ele><time>2025-05-10T03:35:44.000Z</time></trkpt>
<trkpt lat="30.54108434223843" lon="104.0629959584374"><ele>488</ele><time>2025-05-10T03:35:45.000Z</time></trkpt>
<trkpt lat="30.54108434223843" lon="104.0629959584374"><ele>487</ele><time>2025-05-10T03:35:46.000Z</time></trkpt>
<trkpt lat="30.54108434223843" lon="104.0629959584374"><ele>487</ele><time>2025-05-10T03:35:47.000Z</time></trkpt>
<trkpt lat="30.54108434223843" lon="104.0629959584374"><ele>488</ele><time>2025-05-10T03:35:48.000Z</time></trkpt>
<trkpt lat="30.54108434223843" lon="104.0629959584374"><ele>488</ele><time>2025-05-10T03:35:49.000Z</time></trkpt>
<trkpt lat="30.54108434223843" lon="104.0629959584374"><ele>488</ele><time>2025-05-10T03:35:50.000Z</time></trkpt>
<trkpt lat="30.54108434223843" lon="104.0629959584374"><ele>488</ele><time>2025-05-10T03:35:51.000Z</time></trkpt>
<trkpt lat="30.54108434223843" lon="104.0629959584374"><ele>488</ele><time>2025-05-10T03:35:52.000Z</time></trkpt>
<trkpt lat="30.54108434223843" lon="104.0629959584374"><ele>488</ele><time>2025-05-10T03:35:53.000Z</time></trkpt>
<trkpt lat="30.54108434223843" lon="104.0629959584374"><ele>488</ele><time>2025-05-10T03:35:54.000Z</time></trkpt>
<trkpt lat="30.54108434223843" lon="104.0629959584374"><ele>487</ele><time>2025-05-10T03:35:55.000Z</time></trkpt>
<trkpt lat="30.54108434223843" lon="104.0629959584374"><ele>488</ele><time>2025-05-10T03:35:56.000Z</time></trkpt>
<trkpt lat="30.54108434223843" lon="104.0629959584374"><ele>487</ele><time>2025-05-10T03:35:57.000Z</time></trkpt>
<trkpt lat="30.54108434223843" lon="104.0629959584374"><ele>487</ele><time>2025-05-10T03:35:58.000Z</time></trkpt>
<trkpt lat="30.54108434223843" lon="104.0629959584374"><ele>487</ele><time>2025-05-10T03:35:59.000Z</time></trkpt>
<trkpt lat="30.54108434223843" lon="104.0629959584374"><ele>487</ele><time>2025-05-10T03:36:00.000Z</time></trkpt>
<trkpt lat="30.54108434223843" lon="104.0629959584374"><ele>486</ele><time>2025-05-10T03:36:01.000Z</time></trkpt>
<trkpt lat="30.54108434223843" lon="104.0629959584374"><ele>486</ele><time>2025-05-10T03:36:02.000Z</time></trkpt>
<trkpt lat="30.54108434223843" lon="104.0629959584374"><ele>486</ele><time>2025-05-10T03:36:03.000Z</time></trkpt>
<trkpt lat="30.54108434223843" lon="104.0629959584374"><ele>486</ele><time>2025-05-10T03:36:04.000Z</time></trkpt>
<trkpt lat="30.54108434223843" lon="104.0629959584374"><ele>486</ele><time>2025-05-10T03:36:05.000Z</time></trkpt>
<trkpt lat="30.54108434223843" lon="104.0629959584374"><ele>486</ele><time>2025-05-10T03:36:06.000Z</time></trkpt>
<trkpt lat="30.54108434223843" lon="104.0629959584374"><ele>486</ele><time>2025-05-10T03:36:07.000Z</time></trkpt>
<trkpt lat="30.54108434223843" lon="104.0629959584374"><ele>486</ele><time>2025-05-10T03:36:08.000Z</time></trkpt>
<trkpt lat="30.54108434223843" lon="104.0629959584374"><ele>486</ele><time>2025-05-10T03:36:09.000Z</time></trkpt>
<trkpt lat="30.54108434223843" lon="104.0629959584374"><ele>487</ele><time>2025-05-10T03:36:10.000Z</time></trkpt>
<trkpt lat="30.54108434223843" lon="104.0629959584374"><ele>487</ele><time>2025-05-10T03:36:11.000Z</time></trkpt>
<trkpt lat="30.54108434223843" lon="104.0629959584374"><ele>487</ele><time>2025-05-10T03:36:12.000Z</time></trkpt>
<trkpt lat="30.54108434223843" lon="104.0629959584374"><ele>487</ele><time>2025-05-10T03:36:13.000Z</time></trkpt>
<trkpt lat="30.54108434223843" lon="104.0629959584374"><ele>487</ele><time>2025-05-10T03:36:14.000Z</time></trkpt>
<trkpt lat="30.54108434223843" lon="104.0629959584374"><ele>488</ele><time>2025-05-10T03:36:15.000Z</time></trkpt>
<trkpt lat="30.54108434223843" lon="104.0629959584374"><ele>488</ele><time>2025-05-10T03:36:16.000Z</time></trkpt>
<trkpt lat="30.54108434223843" lon="104.0629959584374"><ele>488</ele><time>2025-05-10T03:36:17.000Z</time></trkpt>
<trkpt lat="30.54108434223843" lon="104.0629959584374"><ele>488</ele><time>2025-05-10T03:36:18.000Z</time></trkpt>
<trkpt lat="30.54108434223843" lon="104.0629959584374"><ele>488</ele><time>2025-05-10T03:36:19.000Z</time></trkpt>
<trkpt lat="30.54108434223843" lon="104.0629959584374"><ele>488</ele><time>2025-05-10T03:36:20.000Z</time></trkpt>
<trkpt lat="30.54108434223843" lon="104.0629959584374"><ele>488</ele><time>2025-05-10T03:36:21.000Z</time></trkpt>
<trkpt lat="30.54108434223843" lon="104.0629959584374"><ele>488</ele><time>2025-05-10T03:36:22.000Z</time></trkpt>
<trkpt lat="30.54108434223843" lon="104.0629959584374"><ele>488</ele><time>2025-05-10T03:36:23.000Z</time></trkpt>
<trkpt lat="30.54108434223843" lon="104.0629959584374"><ele>488</ele><time>2025-05-10T03:36:24.000Z</time></trkpt>
<trkpt lat="30.54108434223843" lon="104.0629959584374"><ele>488</ele><time>2025-05-10T03:36:25.000Z</time></trkpt>
<trkpt lat="30.54108434223843" lon="104.0629959584374"><ele>488</ele><time>2025-05-10T03:36:26.000Z</time></trkpt>
<trkpt lat="30.54108434223843" lon="104.0629959584374"><ele>488</ele><time>2025-05-10T03:36:27.000Z</time></trkpt>
<trkpt lat="30.54108434223843" lon="104.0629959584374"><ele>488</ele><time>2025-05-10T03:36:28.000Z</time></trkpt>
<trkpt lat="30.54108434223843" lon="104.0629959584374"><ele>487</ele><time>2025-05-10T03:36:29.000Z</time></trkpt>
<trkpt lat="30.54108434223843" lon="104.0629959584374"><ele>488</ele><time>2025-05-10T03:36:30.000Z</time></trkpt>
<trkpt lat="30.54108434223843" lon="104.0629959584374"><ele>488</ele><time>2025-05-10T03:36:31.000Z</time></trkpt>
<trkpt lat="30.54108434223843" lon="104.0629959584374"><ele>488</ele><time>2025-05-10T03:36:32.000Z</time></trkpt>
<trkpt lat="30.54108434223843" lon="104.0629959584374"><ele>488</ele><time>2025-05-10T03:36:33.000Z</time></trkpt>
<trkpt lat="30.54108434223843" lon="104.0629959584374"><ele>488</ele><time>2025-05-10T03:36:34.000Z</time></trkpt>
<trkpt lat="30.54108434223843" lon="104.0629959584374"><ele>488</ele><time>2025-05-10T03:36:35.000Z</time></trkpt>
<trkpt lat="30.54108434223843" lon="104.0629959584374"><ele>488</ele><time>2025-05-10T03:36:36.000Z</time></trkpt>
<trkpt lat="30.54108434223843" lon="104.0629959584374"><ele>488</ele><time>2025-05-10T03:36:37.000Z</time></trkpt>
<trkpt lat="30.54108434223843" lon="104.0629959584374"><ele>488</ele><time>2025-05-10T03:36:38.000Z</time></trkpt>
<trkpt lat="30.54108434223843" lon="104.0629959584374"><ele>488</ele><time>2025-05-10T03:36:39.000Z</time></trkpt>
<trkpt lat="30.54108434223843" lon="104.0629959584374"><ele>488</ele><time>2025-05-10T03:36:40.000Z</time></trkpt>
<trkpt lat="30.54108434223843" lon="104.0629959584374"><ele>488</ele><time>2025-05-10T03:36:41.000Z</time></trkpt>
<trkpt lat="30.54108434223843" lon="104.0629959584374"><ele>488</ele><time>2025-05-10T03:36:42.000Z</time></trkpt>
<trkpt lat="30.54108434223843" lon="104.0629959584374"><ele>488</ele><time>2025-05-10T03:36:43.000Z</time></trkpt>
<trkpt lat="30.54108434223843" lon="104.0629959584374"><ele>488</ele><time>2025-05-10T03:36:44.000Z</time></trkpt>
<trkpt lat="30.54108434223843" lon="104.0629959584374"><ele>488</ele><time>2025-05-10T03:36:45.000Z</time></trkpt>
<trkpt lat="30.54108434223843" lon="104.0629959584374"><ele>488</ele><time>2025-05-10T03:36:46.000Z</time></trkpt>
<trkpt lat="30.54108434223843" lon="104.0629959584374"><ele>488</ele><time>2025-05-10T03:36:47.000Z</time></trkpt>
<trkpt lat="30.54108434223843" lon="104.0629959584374"><ele>488</ele><time>2025-05-10T03:36:48.000Z</time></trkpt>
<trkpt lat="30.54108434223843" lon="104.0629959584374"><ele>489</ele><time>2025-05-10T03:36:49.000Z</time></trkpt>
<trkpt lat="30.54108434223843" lon="104.0629959584374"><ele>489</ele><time>2025-05-10T03:36:50.000Z</time></trkpt>
<trkpt lat="30.54108434223843" lon="104.0629959584374"><ele>489</ele><time>2025-05-10T03:36:51.000Z</time></trkpt>
<trkpt lat="30.54108434223843" lon="104.0629959584374"><ele>489</ele><time>2025-05-10T03:36:52.000Z</time></trkpt>
<trkpt lat="30.54108434223843" lon="104.0629959584374"><ele>489</ele><time>2025-05-10T03:36:53.000Z</time></trkpt>
<trkpt lat="30.54108434223843" lon="104.0629959584374"><ele>489</ele><time>2025-05-10T03:36:54.000Z</time></trkpt>
<trkpt lat="30.54108434223843" lon="104.0629959584374"><ele>489</ele><time>2025-05-10T03:36:55.000Z</time></trkpt>
<trkpt lat="30.54108434223843" lon="104.0629959584374"><ele>489</ele><time>2025-05-10T03:36:56.000Z</time></trkpt>
<trkpt lat="30.54108434223843" lon="104.0629959584374"><ele>489</ele><time>2025-05-10T03:36:57.000Z</time></trkpt>
<trkpt lat="30.54108434223843" lon="104.0629959584374"><ele>490</ele><time>2025-05-10T03:36:58.000Z</time></trkpt>
<trkpt lat="30.54108434223843" lon="104.0629959584374"><ele>490</ele><time>2025-05-10T03:36:59.000Z</time></trkpt>
<trkpt lat="30.54108434223843" lon="104.0629959584374"><ele>490</ele><time>2025-05-10T03:37:00.000Z</time></trkpt>
<trkpt lat="30.54108434223843" lon="104.0629959584374"><ele>490</ele><time>2025-05-10T03:37:01.000Z</time></trkpt>
<trkpt lat="30.54108434223843" lon="104.0629959584374"><ele>490</ele><time>2025-05-10T03:37:02.000Z</time></trkpt>
<trkpt lat="30.54108434223843" lon="104.0629959584374"><ele>490</ele><time>2025-05-10T03:37:03.000Z</time></trkpt>
<trkpt lat="30.54108434223843" lon="104.0629959584374"><ele>490</ele><time>2025-05-10T03:37:04.000Z</time></trkpt>
<trkpt lat="30.54108434223843" lon="104.0629959584374"><ele>490</ele><time>2025-05-10T03:37:05.000Z</time></trkpt>
<trkpt lat="30.54108434223843" lon="104.0629959584374"><ele>490</ele><time>2025-05-10T03:37:06.000Z</time></trkpt>
<trkpt lat="30.54108434223843" lon="104.0629959584374"><ele>490</ele><time>2025-05-10T03:37:07.000Z</time></trkpt>
<trkpt lat="30.54108434223843" lon="104.0629959584374"><ele>490</ele><time>2025-05-10T03:37:08.000Z</time></trkpt>
<trkpt lat="30.54108434223843" lon="104.0629959584374"><ele>490</ele><time>2025-05-10T03:37:09.000Z</time></trkpt>
<trkpt lat="30.54108434223843" lon="104.0629959584374"><ele>490</ele><time>2025-05-10T03:37:10.000Z</time></trkpt>
<trkpt lat="30.54108434223843" lon="104.0629959584374"><ele>490</ele><time>2025-05-10T03:37:11.000Z</time></trkpt>
<trkpt lat="30.54108434223843" lon="104.0629959584374"><ele>490</ele><time>2025-05-10T03:37:12.000Z</time></trkpt>
<trkpt lat="30.54108434223843" lon="104.0629959584374"><ele>490</ele><time>2025-05-10T03:37:13.000Z</time></trkpt>
<trkpt lat="30.54108434223843" lon="104.0629959584374"><ele>490</ele><time>2025-05-10T03:37:14.000Z</time></trkpt>
<trkpt lat="30.54108434223843" lon="104.0629959584374"><ele>490</ele><time>2025-05-10T03:37:15.000Z</time></trkpt>
<trkpt lat="30.54108434223843" lon="104.0629959584374"><ele>490</ele><time>2025-05-10T03:37:16.000Z</time></trkpt>
<trkpt lat="30.54108434223843" lon="104.0629959584374"><ele>490</ele><time>2025-05-10T03:37:17.000Z</time></trkpt>
<trkpt lat="30.54108434223843" lon="104.0629959584374"><ele>490</ele><time>2025-05-10T03:37:18.000Z</time></trkpt>
<trkpt lat="30.54108434223843" lon="104.0629959584374"><ele>490</ele><time>2025-05-10T03:37:19.000Z</time></trkpt>
<trkpt lat="30.54108434223843" lon="104.0629959584374"><ele>490</ele><time>2025-05-10T03:37:20.000Z</time></trkpt>
<trkpt lat="30.54108434223843" lon="104.0629959584374"><ele>490</ele><time>2025-05-10T03:37:21.000Z</time></trkpt>
<trkpt lat="30.54108434223843" lon="104.0629959584374"><ele>490</ele><time>2025-05-10T03:37:22.000Z</time></trkpt>
<trkpt lat="30.54108434223843" lon="104.0629959584374"><ele>490</ele><time>2025-05-10T03:37:23.000Z</time></trkpt>
<trkpt lat="30.54108434223843" lon="104.0629959584374"><ele>490</ele><time>2025-05-10T03:37:24.000Z</time></trkpt>
<trkpt lat="30.54108434223843" lon="104.0629959584374"><ele>490</ele><time>2025-05-10T03:37:25.000Z</time></trkpt>
<trkpt lat="30.54108434223843" lon="104.0629959584374"><ele>490</ele><time>2025-05-10T03:37:26.000Z</time></trkpt>
<trkpt lat="30.54108434223843" lon="104.0629959584374"><ele>489</ele><time>2025-05-10T03:37:27.000Z</time></trkpt>
<trkpt lat="30.54108434223843" lon="104.0629959584374"><ele>489</ele><time>2025-05-10T03:37:28.000Z</time></trkpt>
<trkpt lat="30.54108434223843" lon="104.0629959584374"><ele>489</ele><time>2025-05-10T03:37:29.000Z</time></trkpt>
<trkpt lat="30.54108434223843" lon="104.0629959584374"><ele>489</ele><time>2025-05-10T03:37:30.000Z</time></trkpt>
<trkpt lat="30.54108434223843" lon="104.0629959584374"><ele>489</ele><time>2025-05-10T03:37:31.000Z</time></trkpt>
<trkpt lat="30.54108434223843" lon="104.0629959584374"><ele>489</ele><time>2025-05-10T03:37:32.000Z</time></trkpt>
<trkpt lat="30.54108434223843" lon="104.0629959584374"><ele>489</ele><time>2025-05-10T03:37:33.000Z</time></trkpt>
<trkpt lat="30.54108434223843" lon="104.0629959584374"><ele>489</ele><time>2025-05-10T03:37:34.000Z</time></trkpt>
<trkpt lat="30.54108434223843" lon="104.0629959584374"><ele>489</ele><time>2025-05-10T03:37:35.000Z</time></trkpt>
<trkpt lat="30.54108434223843" lon="104.0629959584374"><ele>489</ele><time>2025-05-10T03:37:36.000Z</time></trkpt>
<trkpt lat="30.54108434223843" lon="104.0629959584374"><ele>489</ele><time>2025-05-10T03:37:37.000Z</time></trkpt>
<trkpt lat="30.54108434223843" lon="104.0629959584374"><ele>489</ele><time>2025-05-10T03:37:38.000Z</time></trkpt>
<trkpt lat="30.54108434223843" lon="104.0629959584374"><ele>489</ele><time>2025-05-10T03:37:39.000Z</time></trkpt>
<trkpt lat="30.54108434223843" lon="104.0629959584374"><ele>489</ele><time>2025-05-10T03:37:40.000Z</time></trkpt>
<trkpt lat="30.54108434223843" lon="104.0629959584374"><ele>489</ele><time>2025-05-10T03:37:41.000Z</time></trkpt>
<trkpt lat="30.54108434223843" lon="104.0629959584374"><ele>489</ele><time>2025-05-10T03:37:42.000Z</time></trkpt>
<trkpt lat="30.54108434223843" lon="104.0629959584374"><ele>489</ele><time>2025-05-10T03:37:43.000Z</time></trkpt>
<trkpt lat="30.54108434223843" lon="104.0629959584374"><ele>489</ele><time>2025-05-10T03:37:44.000Z</time></trkpt>
<trkpt lat="30.54108434223843" lon="104.0629959584374"><ele>489</ele><time>2025-05-10T03:37:45.000Z</time></trkpt>
<trkpt lat="30.54108434223843" lon="104.0629959584374"><ele>490</ele><time>2025-05-10T03:37:46.000Z</time></trkpt>
<trkpt lat="30.54108434223843" lon="104.0629959584374"><ele>490</ele><time>2025-05-10T03:37:47.000Z</time></trkpt>
<trkpt lat="30.54108434223843" lon="104.0629959584374"><ele>489</ele><time>2025-05-10T03:37:48.000Z</time></trkpt>
<trkpt lat="30.54108434223843" lon="104.0629959584374"><ele>489</ele><time>2025-05-10T03:37:49.000Z</time></trkpt>
<trkpt lat="30.54108434223843" lon="104.0629959584374"><ele>489</ele><time>2025-05-10T03:37:50.000Z</time></trkpt>
<trkpt lat="30.54108434223843" lon="104.0629959584374"><ele>489</ele><time>2025-05-10T03:37:51.000Z</time></trkpt>
<trkpt lat="30.54108434223843" lon="104.0629959584374"><ele>489</ele><time>2025-05-10T03:37:52.000Z</time></trkpt>
<trkpt lat="30.54108434223843" lon="104.0629959584374"><ele>489</ele><time>2025-05-10T03:37:53.000Z</time></trkpt>
<trkpt lat="30.54108434223843" lon="104.0629959584374"><ele>489</ele><time>2025-05-10T03:37:54.000Z</time></trkpt>
<trkpt lat="30.54108434223843" lon="104.0629959584374"><ele>489</ele><time>2025-05-10T03:37:55.000Z</time></trkpt>
<trkpt lat="30.54108434223843" lon="104.0629959584374"><ele>489</ele><time>2025-05-10T03:37:56.000Z</time></trkpt>
<trkpt lat="30.54108434223843" lon="104.0629959584374"><ele>489</ele><time>2025-05-10T03:37:57.000Z</time></trkpt>
<trkpt lat="30.54108434223843" lon="104.0629959584374"><ele>489</ele><time>2025-05-10T03:37:58.000Z</time></trkpt>
<trkpt lat="30.54108434223843" lon="104.0629959584374"><ele>489</ele><time>2025-05-10T03:37:59.000Z</time></trkpt>
<trkpt lat="30.54108434223843" lon="104.0629959584374"><ele>489</ele><time>2025-05-10T03:38:00.000Z</time></trkpt>
<trkpt lat="30.54108434223843" lon="104.0629959584374"><ele>489</ele><time>2025-05-10T03:38:01.000Z</time></trkpt>
<trkpt lat="30.54108434223843" lon="104.0629959584374"><ele>489</ele><time>2025-05-10T03:38:02.000Z</time></trkpt>
<trkpt lat="30.54108434223843" lon="104.0629959584374"><ele>489</ele><time>2025-05-10T03:38:03.000Z</time></trkpt>
<trkpt lat="30.54108434223843" lon="104.0629959584374"><ele>489</ele><time>2025-05-10T03:38:04.000Z</time></trkpt>
<trkpt lat="30.54108434223843" lon="104.0629959584374"><ele>488</ele><time>2025-05-10T03:38:05.000Z</time></trkpt>
<trkpt lat="30.54108434223843" lon="104.0629959584374"><ele>488</ele><time>2025-05-10T03:38:06.000Z</time></trkpt>
<trkpt lat="30.54108434223843" lon="104.0629959584374"><ele>488</ele><time>2025-05-10T03:38:07.000Z</time></trkpt>
<trkpt lat="30.54108434223843" lon="104.0629959584374"><ele>488</ele><time>2025-05-10T03:38:08.000Z</time></trkpt>
<trkpt lat="30.54108434223843" lon="104.0629959584374"><ele>488</ele><time>2025-05-10T03:38:09.000Z</time></trkpt>
<trkpt lat="30.54108434223843" lon="104.0629959584374"><ele>488</ele><time>2025-05-10T03:38:10.000Z</time></trkpt>
<trkpt lat="30.54108434223843" lon="104.0629959584374"><ele>488</ele><time>2025-05-10T03:38:11.000Z</time></trkpt>
<trkpt lat="30.54108434223843" lon="104.0629959584374"><ele>489</ele><time>2025-05-10T03:38:12.000Z</time></trkpt>
<trkpt lat="30.54108434223843" lon="104.0629959584374"><ele>489</ele><time>2025-05-10T03:38:13.000Z</time></trkpt>
<trkpt lat="30.54108434223843" lon="104.0629959584374"><ele>488</ele><time>2025-05-10T03:38:14.000Z</time></trkpt>
<trkpt lat="30.54108434223843" lon="104.0629959584374"><ele>488</ele><time>2025-05-10T03:38:15.000Z</time></trkpt>
<trkpt lat="30.54108434223843" lon="104.0629959584374"><ele>488</ele><time>2025-05-10T03:38:16.000Z</time></trkpt>
<trkpt lat="30.54108434223843" lon="104.0629959584374"><ele>488</ele><time>2025-05-10T03:38:17.000Z</time></trkpt>
<trkpt lat="30.54108434223843" lon="104.0629959584374"><ele>488</ele><time>2025-05-10T03:38:18.000Z</time></trkpt>
<trkpt lat="30.54108434223843" lon="104.0629959584374"><ele>488</ele><time>2025-05-10T03:38:19.000Z</time></trkpt>
<trkpt lat="30.54108434223843" lon="104.0629959584374"><ele>488</ele><time>2025-05-10T03:38:20.000Z</time></trkpt>
<trkpt lat="30.54108434223843" lon="104.0629959584374"><ele>488</ele><time>2025-05-10T03:38:21.000Z</time></trkpt>
<trkpt lat="30.54108434223843" lon="104.0629959584374"><ele>488</ele><time>2025-05-10T03:38:22.000Z</time></trkpt>
<trkpt lat="30.54108434223843" lon="104.0629959584374"><ele>488</ele><time>2025-05-10T03:38:23.000Z</time></trkpt>
<trkpt lat="30.54108434223843" lon="104.0629959584374"><ele>488</ele><time>2025-05-10T03:38:24.000Z</time></trkpt>
<trkpt lat="30.54108434223843" lon="104.0629959584374"><ele>488</ele><time>2025-05-10T03:38:25.000Z</time></trkpt>
<trkpt lat="30.54108434223843" lon="104.0629959584374"><ele>488</ele><time>2025-05-10T03:38:26.000Z</time></trkpt>
<trkpt lat="30.54108434223843" lon="104.0629959584374"><ele>488</ele><time>2025-05-10T03:38:27.000Z</time></trkpt>
<trkpt lat="30.54108434223843" lon="104.0629959584374"><ele>488</ele><time>2025-05-10T03:38:28.000Z</time></trkpt>
<trkpt lat="30.54108434223843" lon="104.0629959584374"><ele>488</ele><time>2025-05-10T03:38:29.000Z</time></trkpt>
<trkpt lat="30.54108434223843" lon="104.0629959584374"><ele>488</ele><time>2025-05-10T03:38:30.000Z</time></trkpt>
<trkpt lat="30.54108434223843" lon="104.0629959584374"><ele>488</ele><time>2025-05-10T03:38:31.000Z</time></trkpt>
<trkpt lat="30.54108434223843" lon="104.0629959584374"><ele>488</ele><time>2025-05-10T03:38:32.000Z</time></trkpt>
<trkpt lat="30.54108434223843" lon="104.0629959584374"><ele>488</ele><time>2025-05-10T03:38:33.000Z</time></trkpt>
<trkpt lat="30.54108434223843" lon="104.0629959584374"><ele>488</ele><time>2025-05-10T03:38:34.000Z</time></trkpt>
<trkpt lat="30.54108434223843" lon="104.0629959584374"><ele>488</ele><time>2025-05-10T03:38:35.000Z</time></trkpt>
<trkpt lat="30.54108434223843" lon="104.0629959584374"><ele>488</ele><time>2025-05-10T03:38:36.000Z</time></trkpt>
<trkpt lat="30.54108434223843" lon="104.0629959584374"><ele>488</ele><time>2025-05-10T03:38:37.000Z</time></trkpt>
<trkpt lat="30.54108434223843" lon="104.0629959584374"><ele>488</ele><time>2025-05-10T03:38:38.000Z</time></trkpt>
<trkpt lat="30.54108434223843" lon="104.0629959584374"><ele>488</ele><time>2025-05-10T03:38:39.000Z</time></trkpt>
<trkpt lat="30.54108434223843" lon="104.0629959584374"><ele>488</ele><time>2025-05-10T03:38:40.000Z</time></trkpt>
<trkpt lat="30.54108434223843" lon="104.0629959584374"><ele>488</ele><time>2025-05-10T03:38:41.000Z</time></trkpt>
<trkpt lat="30.54108434223843" lon="104.0629959584374"><ele>487</ele><time>2025-05-10T03:38:42.000Z</time></trkpt>
<trkpt lat="30.54108434223843" lon="104.0629959584374"><ele>487</ele><time>2025-05-10T03:38:43.000Z</time></trkpt>
<trkpt lat="30.54108434223843" lon="104.0629959584374"><ele>487</ele><time>2025-05-10T03:38:44.000Z</time></trkpt>
<trkpt lat="30.54108434223843" lon="104.0629959584374"><ele>487</ele><time>2025-05-10T03:38:45.000Z</time></trkpt>
<trkpt lat="30.54108434223843" lon="104.0629959584374"><ele>487</ele><time>2025-05-10T03:38:46.000Z</time></trkpt>
<trkpt lat="30.54108434223843" lon="104.0629959584374"><ele>487</ele><time>2025-05-10T03:38:47.000Z</time></trkpt>
<trkpt lat="30.54108434223843" lon="104.0629959584374"><ele>487</ele><time>2025-05-10T03:38:48.000Z</time></trkpt>
<trkpt lat="30.54108434223843" lon="104.0629959584374"><ele>487</ele><time>2025-05-10T03:38:49.000Z</time></trkpt>
<trkpt lat="30.54108434223843" lon="104.0629959584374"><ele>486</ele><time>2025-05-10T03:38:50.000Z</time></trkpt>
<trkpt lat="30.54108434223843" lon="104.0629959584374"><ele>486</ele><time>2025-05-10T03:38:51.000Z</time></trkpt>
<trkpt lat="30.54108434223843" lon="104.0629959584374"><ele>486</ele><time>2025-05-10T03:38:52.000Z</time></trkpt>
<trkpt lat="30.54108434223843" lon="104.0629959584374"><ele>486</ele><time>2025-05-10T03:38:53.000Z</time></trkpt>
<trkpt lat="30.54108434223843" lon="104.0629959584374"><ele>486</ele><time>2025-05-10T03:38:54.000Z</time></trkpt>
<trkpt lat="30.54108434223843" lon="104.0629959584374"><ele>486</ele><time>2025-05-10T03:38:55.000Z</time></trkpt>
<trkpt lat="30.54108434223843" lon="104.0629959584374"><ele>486</ele><time>2025-05-10T03:38:56.000Z</time></trkpt>
<trkpt lat="30.54108434223843" lon="104.0629959584374"><ele>486</ele><time>2025-05-10T03:38:57.000Z</time></trkpt>
<trkpt lat="30.54108434223843" lon="104.0629959584374"><ele>486</ele><time>2025-05-10T03:38:58.000Z</time></trkpt>
<trkpt lat="30.54108434223843" lon="104.0629959584374"><ele>486</ele><time>2025-05-10T03:38:59.000Z</time></trkpt>
<trkpt lat="30.54108434223843" lon="104.0629959584374"><ele>486</ele><time>2025-05-10T03:39:00.000Z</time></trkpt>
<trkpt lat="30.54108434223843" lon="104.0629959584374"><ele>486</ele><time>2025-05-10T03:39:01.000Z</time></trkpt>
<trkpt lat="30.54108434223843" lon="104.0629959584374"><ele>486</ele><time>2025-05-10T03:39:02.000Z</time></trkpt>
<trkpt lat="30.54108434223843" lon="104.0629959584374"><ele>486</ele><time>2025-05-10T03:39:03.000Z</time></trkpt>
<trkpt lat="30.54108434223843" lon="104.0629959584374"><ele>486</ele><time>2025-05-10T03:39:04.000Z</time></trkpt>
<trkpt lat="30.54108434223843" lon="104.0629959584374"><ele>486</ele><time>2025-05-10T03:39:05.000Z</time></trkpt>
<trkpt lat="30.54108434223843" lon="104.0629959584374"><ele>486</ele><time>2025-05-10T03:39:06.000Z</time></trkpt>
<trkpt lat="30.54108434223843" lon="104.0629959584374"><ele>487</ele><time>2025-05-10T03:39:07.000Z</time></trkpt>
<trkpt lat="30.54108434223843" lon="104.0629959584374"><ele>487</ele><time>2025-05-10T03:39:08.000Z</time></trkpt>
<trkpt lat="30.54108434223843" lon="104.0629959584374"><ele>487</ele><time>2025-05-10T03:39:09.000Z</time></trkpt>
<trkpt lat="30.54108434223843" lon="104.0629959584374"><ele>487</ele><time>2025-05-10T03:39:10.000Z</time></trkpt>
<trkpt lat="30.54108434223843" lon="104.0629959584374"><ele>487</ele><time>2025-05-10T03:39:11.000Z</time></trkpt>
<trkpt lat="30.54108434223843" lon="104.0629959584374"><ele>487</ele><time>2025-05-10T03:39:12.000Z</time></trkpt>
<trkpt lat="30.54108434223843" lon="104.0629959584374"><ele>487</ele><time>2025-05-10T03:39:13.000Z</time></trkpt>
<trkpt lat="30.54108434223843" lon="104.0629959584374"><ele>487</ele><time>2025-05-10T03:39:14.000Z</time></trkpt>
<trkpt lat="30.54108434223843" lon="104.0629959584374"><ele>487</ele><time>2025-05-10T03:39:15.000Z</time></trkpt>
<trkpt lat="30.54108434223843" lon="104.0629959584374"><ele>487</ele><time>2025-05-10T03:39:16.000Z</time></trkpt>
<trkpt lat="30.54108434223843" lon="104.0629959584374"><ele>487</ele><time>2025-05-10T03:39:17.000Z</time></trkpt>
<trkpt lat="30.54108434223843" lon="104.0629959584374"><ele>487</ele><time>2025-05-10T03:39:18.000Z</time></trkpt>
<trkpt lat="30.54108434223843" lon="104.0629959584374"><ele>487</ele><time>2025-05-10T03:39:19.000Z</time></trkpt>
<trkpt lat="30.54108434223843" lon="104.0629959584374"><ele>486</ele><time>2025-05-10T03:39:20.000Z</time></trkpt>
<trkpt lat="30.54108434223843" lon="104.0629959584374"><ele>487</ele><time>2025-05-10T03:39:21.000Z</time></trkpt>
<trkpt lat="30.54108434223843" lon="104.0629959584374"><ele>487</ele><time>2025-05-10T03:39:22.000Z</time></trkpt>
<trkpt lat="30.54108434223843" lon="104.0629959584374"><ele>486</ele><time>2025-05-10T03:39:23.000Z</time></trkpt>
<trkpt lat="30.54108434223843" lon="104.0629959584374"><ele>486</ele><time>2025-05-10T03:39:24.000Z</time></trkpt>
<trkpt lat="30.54108434223843" lon="104.0629959584374"><ele>486</ele><time>2025-05-10T03:39:25.000Z</time></trkpt>
<trkpt lat="30.54108434223843" lon="104.0629959584374"><ele>486</ele><time>2025-05-10T03:39:26.000Z</time></trkpt>
<trkpt lat="30.54108434223843" lon="104.0629959584374"><ele>486</ele><time>2025-05-10T03:39:27.000Z</time></trkpt>
<trkpt lat="30.54108434223843" lon="104.0629959584374"><ele>486</ele><time>2025-05-10T03:39:28.000Z</time></trkpt>
<trkpt lat="30.54108434223843" lon="104.0629959584374"><ele>486</ele><time>2025-05-10T03:39:29.000Z</time></trkpt>
<trkpt lat="30.54108434223843" lon="104.0629959584374"><ele>486</ele><time>2025-05-10T03:39:30.000Z</time></trkpt>
<trkpt lat="30.54108434223843" lon="104.0629959584374"><ele>486</ele><time>2025-05-10T03:39:31.000Z</time></trkpt>
<trkpt lat="30.54108434223843" lon="104.0629959584374"><ele>486</ele><time>2025-05-10T03:39:32.000Z</time></trkpt>
<trkpt lat="30.54108434223843" lon="104.0629959584374"><ele>487</ele><time>2025-05-10T03:39:33.000Z</time></trkpt>
<trkpt lat="30.54108434223843" lon="104.0629959584374"><ele>486</ele><time>2025-05-10T03:39:34.000Z</time></trkpt>
<trkpt lat="30.54108434223843" lon="104.0629959584374"><ele>486</ele><time>2025-05-10T03:39:35.000Z</time></trkpt>
<trkpt lat="30.54108434223843" lon="104.0629959584374"><ele>487</ele><time>2025-05-10T03:39:36.000Z</time></trkpt>
<trkpt lat="30.54108434223843" lon="104.0629959584374"><ele>487</ele><time>2025-05-10T03:39:37.000Z</time></trkpt>
<trkpt lat="30.54108434223843" lon="104.0629959584374"><ele>487</ele><time>2025-05-10T03:39:38.000Z</time></trkpt>
<trkpt lat="30.54108434223843" lon="104.0629959584374"><ele>487</ele><time>2025-05-10T03:39:39.000Z</time></trkpt>
<trkpt lat="30.54108434223843" lon="104.0629959584374"><ele>487</ele><time>2025-05-10T03:39:40.000Z</time></trkpt>
<trkpt lat="30.54108434223843" lon="104.0629959584374"><ele>487</ele><time>2025-05-10T03:39:41.000Z</time></trkpt>
<trkpt lat="30.54108434223843" lon="104.0629959584374"><ele>487</ele><time>2025-05-10T03:39:42.000Z</time></trkpt>
<trkpt lat="30.54108434223843" lon="104.0629959584374"><ele>487</ele><time>2025-05-10T03:39:43.000Z</time></trkpt>
<trkpt lat="30.54108434223843" lon="104.0629959584374"><ele>487</ele><time>2025-05-10T03:39:44.000Z</time></trkpt>
<trkpt lat="30.54108434223843" lon="104.0629959584374"><ele>487</ele><time>2025-05-10T03:39:45.000Z</time></trkpt>
<trkpt lat="30.54108434223843" lon="104.0629959584374"><ele>487</ele><time>2025-05-10T03:39:46.000Z</time></trkpt>
<trkpt lat="30.54108434223843" lon="104.0629959584374"><ele>487</ele><time>2025-05-10T03:39:47.000Z</time></trkpt>
<trkpt lat="30.54108434223843" lon="104.0629959584374"><ele>487</ele><time>2025-05-10T03:39:48.000Z</time></trkpt>
<trkpt lat="30.54108434223843" lon="104.0629959584374"><ele>487</ele><time>2025-05-10T03:39:49.000Z</time></trkpt>
<trkpt lat="30.54108434223843" lon="104.0629959584374"><ele>487</ele><time>2025-05-10T03:39:50.000Z</time></trkpt>
<trkpt lat="30.54108434223843" lon="104.0629959584374"><ele>487</ele><time>2025-05-10T03:39:51.000Z</time></trkpt>
<trkpt lat="30.54108434223843" lon="104.0629959584374"><ele>488</ele><time>2025-05-10T03:39:52.000Z</time></trkpt>
<trkpt lat="30.54108434223843" lon="104.0629959584374"><ele>488</ele><time>2025-05-10T03:39:53.000Z</time></trkpt>
<trkpt lat="30.54108434223843" lon="104.0629959584374"><ele>488</ele><time>2025-05-10T03:39:54.000Z</time></trkpt>
<trkpt lat="30.54108434223843" lon="104.0629959584374"><ele>488</ele><time>2025-05-10T03:39:55.000Z</time></trkpt>
<trkpt lat="30.54108434223843" lon="104.0629959584374"><ele>488</ele><time>2025-05-10T03:39:56.000Z</time></trkpt>
<trkpt lat="30.54108434223843" lon="104.0629959584374"><ele>488</ele><time>2025-05-10T03:39:57.000Z</time></trkpt>
<trkpt lat="30.54108434223843" lon="104.0629959584374"><ele>488</ele><time>2025-05-10T03:39:58.000Z</time></trkpt>
<trkpt lat="30.54108434223843" lon="104.0629959584374"><ele>489</ele><time>2025-05-10T03:39:59.000Z</time></trkpt>
<trkpt lat="30.54108434223843" lon="104.0629959584374"><ele>488</ele><time>2025-05-10T03:40:00.000Z</time></trkpt>
<trkpt lat="30.54108434223843" lon="104.0629959584374"><ele>489</ele><time>2025-05-10T03:40:01.000Z</time></trkpt>
<trkpt lat="30.54108434223843" lon="104.0629959584374"><ele>489</ele><time>2025-05-10T03:40:02.000Z</time></trkpt>
<trkpt lat="30.54108434223843" lon="104.0629959584374"><ele>488</ele><time>2025-05-10T03:40:03.000Z</time></trkpt>
<trkpt lat="30.54108434223843" lon="104.0629959584374"><ele>488</ele><time>2025-05-10T03:40:04.000Z</time></trkpt>
<trkpt lat="30.54108434223843" lon="104.0629959584374"><ele>488</ele><time>2025-05-10T03:40:05.000Z</time></trkpt>
<trkpt lat="30.54108434223843" lon="104.0629959584374"><ele>488</ele><time>2025-05-10T03:40:06.000Z</time></trkpt>
<trkpt lat="30.54108434223843" lon="104.0629959584374"><ele>488</ele><time>2025-05-10T03:40:07.000Z</time></trkpt>
<trkpt lat="30.54108434223843" lon="104.0629959584374"><ele>488</ele><time>2025-05-10T03:40:08.000Z</time></trkpt>
<trkpt lat="30.54108434223843" lon="104.0629959584374"><ele>488</ele><time>2025-05-10T03:40:09.000Z</time></trkpt>
<trkpt lat="30.54108434223843" lon="104.0629959584374"><ele>488</ele><time>2025-05-10T03:40:10.000Z</time></trkpt>
<trkpt lat="30.54108434223843" lon="104.0629959584374"><ele>488</ele><time>2025-05-10T03:40:11.000Z</time></trkpt>
<trkpt lat="30.54108434223843" lon="104.0629959584374"><ele>488</ele><time>2025-05-10T03:40:12.000Z</time></trkpt>
<trkpt lat="30.54108434223843" lon="104.0629959584374"><ele>488</ele><time>2025-05-10T03:40:13.000Z</time></trkpt>
<trkpt lat="30.54108434223843" lon="104.0629959584374"><ele>488</ele><time>2025-05-10T03:40:14.000Z</time></trkpt>
<trkpt lat="30.54108434223843" lon="104.0629959584374"><ele>488</ele><time>2025-05-10T03:40:15.000Z</time></trkpt>
<trkpt lat="30.54108434223843" lon="104.0629959584374"><ele>488</ele><time>2025-05-10T03:40:16.000Z</time></trkpt>
<trkpt lat="30.54108434223843" lon="104.0629959584374"><ele>488</ele><time>2025-05-10T03:40:17.000Z</time></trkpt>
<trkpt lat="30.54108434223843" lon="104.0629959584374"><ele>488</ele><time>2025-05-10T03:40:18.000Z</time></trkpt>
<trkpt lat="30.54108434223843" lon="104.0629959584374"><ele>488</ele><time>2025-05-10T03:40:19.000Z</time></trkpt>
<trkpt lat="30.54108434223843" lon="104.0629959584374"><ele>488</ele><time>2025-05-10T03:40:20.000Z</time></trkpt>
<trkpt lat="30.54108434223843" lon="104.0629959584374"><ele>487</ele><time>2025-05-10T03:40:21.000Z</time></trkpt>
<trkpt lat="30.54108434223843" lon="104.0629959584374"><ele>487</ele><time>2025-05-10T03:40:22.000Z</time></trkpt>
<trkpt lat="30.54108434223843" lon="104.0629959584374"><ele>487</ele><time>2025-05-10T03:40:23.000Z</time></trkpt>
<trkpt lat="30.54108434223843" lon="104.0629959584374"><ele>487</ele><time>2025-05-10T03:40:24.000Z</time></trkpt>
<trkpt lat="30.54108434223843" lon="104.0629959584374"><ele>488</ele><time>2025-05-10T03:40:25.000Z</time></trkpt>
<trkpt lat="30.54108434223843" lon="104.0629959584374"><ele>488</ele><time>2025-05-10T03:40:26.000Z</time></trkpt>
<trkpt lat="30.54108434223843" lon="104.0629959584374"><ele>488</ele><time>2025-05-10T03:40:27.000Z</time></trkpt>
<trkpt lat="30.54108434223843" lon="104.0629959584374"><ele>488</ele><time>2025-05-10T03:40:28.000Z</time></trkpt>
<trkpt lat="30.54108434223843" lon="104.0629959584374"><ele>488</ele><time>2025-05-10T03:40:29.000Z</time></trkpt>
<trkpt lat="30.54108434223843" lon="104.0629959584374"><ele>488</ele><time>2025-05-10T03:40:30.000Z</time></trkpt>
<trkpt lat="30.54108434223843" lon="104.0629959584374"><ele>488</ele><time>2025-05-10T03:40:31.000Z</time></trkpt>
<trkpt lat="30.54108434223843" lon="104.0629959584374"><ele>488</ele><time>2025-05-10T03:40:32.000Z</time></trkpt>
<trkpt lat="30.54108434223843" lon="104.0629959584374"><ele>488</ele><time>2025-05-10T03:40:33.000Z</time></trkpt>
<trkpt lat="30.54108434223843" lon="104.0629959584374"><ele>488</ele><time>2025-05-10T03:40:34.000Z</time></trkpt>
<trkpt lat="30.54108434223843" lon="104.0629959584374"><ele>489</ele><time>2025-05-10T03:40:35.000Z</time></trkpt>
<trkpt lat="30.54108434223843" lon="104.0629959584374"><ele>489</ele><time>2025-05-10T03:40:36.000Z</time></trkpt>
<trkpt lat="30.54108434223843" lon="104.0629959584374"><ele>489</ele><time>2025-05-10T03:40:37.000Z</time></trkpt>
<trkpt lat="30.54108434223843" lon="104.0629959584374"><ele>488</ele><time>2025-05-10T03:40:38.000Z</time></trkpt>
<trkpt lat="30.54108434223843" lon="104.0629959584374"><ele>488</ele><time>2025-05-10T03:40:39.000Z</time></trkpt>
<trkpt lat="30.54108434223843" lon="104.0629959584374"><ele>488</ele><time>2025-05-10T03:40:40.000Z</time></trkpt>
<trkpt lat="30.54108434223843" lon="104.0629959584374"><ele>488</ele><time>2025-05-10T03:40:41.000Z</time></trkpt>
<trkpt lat="30.54108434223843" lon="104.0629959584374"><ele>488</ele><time>2025-05-10T03:40:42.000Z</time></trkpt>
<trkpt lat="30.54108434223843" lon="104.0629959584374"><ele>488</ele><time>2025-05-10T03:40:43.000Z</time></trkpt>
<trkpt lat="30.54108434223843" lon="104.0629959584374"><ele>488</ele><time>2025-05-10T03:40:44.000Z</time></trkpt>
<trkpt lat="30.54108434223843" lon="104.0629959584374"><ele>488</ele><time>2025-05-10T03:40:45.000Z</time></trkpt>
<trkpt lat="30.54108434223843" lon="104.0629959584374"><ele>488</ele><time>2025-05-10T03:40:46.000Z</time></trkpt>
<trkpt lat="30.54108434223843" lon="104.0629959584374"><ele>488</ele><time>2025-05-10T03:40:47.000Z</time></trkpt>
<trkpt lat="30.54108434223843" lon="104.0629959584374"><ele>488</ele><time>2025-05-10T03:40:48.000Z</time></trkpt>
<trkpt lat="30.54108434223843" lon="104.0629959584374"><ele>487</ele><time>2025-05-10T03:40:49.000Z</time></trkpt>
<trkpt lat="30.54108434223843" lon="104.0629959584374"><ele>487</ele><time>2025-05-10T03:40:50.000Z</time></trkpt>
<trkpt lat="30.54108434223843" lon="104.0629959584374"><ele>487</ele><time>2025-05-10T03:40:51.000Z</time></trkpt>
<trkpt lat="30.54108434223843" lon="104.0629959584374"><ele>487</ele><time>2025-05-10T03:40:52.000Z</time></trkpt>
<trkpt lat="30.54108434223843" lon="104.0629959584374"><ele>487</ele><time>2025-05-10T03:40:53.000Z</time></trkpt>
<trkpt lat="30.54108434223843" lon="104.0629959584374"><ele>487</ele><time>2025-05-10T03:40:54.000Z</time></trkpt>
<trkpt lat="30.54108434223843" lon="104.0629959584374"><ele>487</ele><time>2025-05-10T03:40:55.000Z</time></trkpt>
<trkpt lat="30.54108434223843" lon="104.0629959584374"><ele>487</ele><time>2025-05-10T03:40:56.000Z</time></trkpt>
<trkpt lat="30.54108434223843" lon="104.0629959584374"><ele>487</ele><time>2025-05-10T03:40:57.000Z</time></trkpt>
<trkpt lat="30.54108434223843" lon="104.0629959584374"><ele>487</ele><time>2025-05-10T03:40:58.000Z</time></trkpt>
<trkpt lat="30.54108434223843" lon="104.0629959584374"><ele>487</ele><time>2025-05-10T03:40:59.000Z</time></trkpt>
<trkpt lat="30.54108434223843" lon="104.0629959584374"><ele>487</ele><time>2025-05-10T03:41:00.000Z</time></trkpt>
<trkpt lat="30.54108434223843" lon="104.0629959584374"><ele>486</ele><time>2025-05-10T03:41:01.000Z</time></trkpt>
<trkpt lat="30.54108434223843" lon="104.0629959584374"><ele>486</ele><time>2025-05-10T03:41:02.000Z</time></trkpt>
<trkpt lat="30.54108434223843" lon="104.0629959584374"><ele>486</ele><time>2025-05-10T03:41:03.000Z</time></trkpt>
<trkpt lat="30.54108434223843" lon="104.0629959584374"><ele>486</ele><time>2025-05-10T03:41:04.000Z</time></trkpt>
<trkpt lat="30.54108434223843" lon="104.0629959584374"><ele>486</ele><time>2025-05-10T03:41:05.000Z</time></trkpt>
<trkpt lat="30.54108434223843" lon="104.0629959584374"><ele>486</ele><time>2025-05-10T03:41:06.000Z</time></trkpt>
<trkpt lat="30.54108434223843" lon="104.0629959584374"><ele>486</ele><time>2025-05-10T03:41:07.000Z</time></trkpt>
<trkpt lat="30.54108434223843" lon="104.0629959584374"><ele>486</ele><time>2025-05-10T03:41:08.000Z</time></trkpt>
<trkpt lat="30.54108434223843" lon="104.0629959584374"><ele>486</ele><time>2025-05-10T03:41:09.000Z</time></trkpt>
<trkpt lat="30.54108434223843" lon="104.0629959584374"><ele>486</ele><time>2025-05-10T03:41:10.000Z</time></trkpt>
<trkpt lat="30.54108434223843" lon="104.0629959584374"><ele>485</ele><time>2025-05-10T03:41:11.000Z</time></trkpt>
<trkpt lat="30.54108434223843" lon="104.0629959584374"><ele>485</ele><time>2025-05-10T03:41:12.000Z</time></trkpt>
<trkpt lat="30.54108434223843" lon="104.0629959584374"><ele>485</ele><time>2025-05-10T03:41:13.000Z</time></trkpt>
<trkpt lat="30.54108434223843" lon="104.0629959584374"><ele>485</ele><time>2025-05-10T03:41:14.000Z</time></trkpt>
<trkpt lat="30.54108434223843" lon="104.0629959584374"><ele>485</ele><time>2025-05-10T03:41:15.000Z</time></trkpt>
<trkpt lat="30.54108434223843" lon="104.0629959584374"><ele>485</ele><time>2025-05-10T03:41:16.000Z</time></trkpt>
<trkpt lat="30.54108434223843" lon="104.0629959584374"><ele>485</ele><time>2025-05-10T03:41:17.000Z</time></trkpt>
<trkpt lat="30.54108434223843" lon="104.0629959584374"><ele>485</ele><time>2025-05-10T03:41:18.000Z</time></trkpt>
<trkpt lat="30.54108434223843" lon="104.0629959584374"><ele>485</ele><time>2025-05-10T03:41:19.000Z</time></trkpt>
<trkpt lat="30.54108434223843" lon="104.0629959584374"><ele>485</ele><time>2025-05-10T03:41:20.000Z</time></trkpt>
<trkpt lat="30.54108434223843" lon="104.0629959584374"><ele>485</ele><time>2025-05-10T03:41:21.000Z</time></trkpt>
<trkpt lat="30.54108434223843" lon="104.0629959584374"><ele>485</ele><time>2025-05-10T03:41:22.000Z</time></trkpt>
<trkpt lat="30.54108434223843" lon="104.0629959584374"><ele>485</ele><time>2025-05-10T03:41:23.000Z</time></trkpt>
<trkpt lat="30.54108434223843" lon="104.0629959584374"><ele>485</ele><time>2025-05-10T03:41:24.000Z</time></trkpt>
<trkpt lat="30.54108434223843" lon="104.0629959584374"><ele>485</ele><time>2025-05-10T03:41:25.000Z</time></trkpt>
<trkpt lat="30.54108434223843" lon="104.0629959584374"><ele>485</ele><time>2025-05-10T03:41:26.000Z</time></trkpt>
<trkpt lat="30.54108434223843" lon="104.0629959584374"><ele>485</ele><time>2025-05-10T03:41:27.000Z</time></trkpt>
<trkpt lat="30.54108434223843" lon="104.0629959584374"><ele>485</ele><time>2025-05-10T03:41:28.000Z</time></trkpt>
<trkpt lat="30.54108434223843" lon="104.0629959584374"><ele>485</ele><time>2025-05-10T03:41:29.000Z</time></trkpt>
<trkpt lat="30.54108434223843" lon="104.0629959584374"><ele>485</ele><time>2025-05-10T03:41:30.000Z</time></trkpt>
<trkpt lat="30.54108434223843" lon="104.0629959584374"><ele>485</ele><time>2025-05-10T03:41:31.000Z</time></trkpt>
<trkpt lat="30.54108434223843" lon="104.0629959584374"><ele>485</ele><time>2025-05-10T03:41:32.000Z</time></trkpt>
<trkpt lat="30.54108434223843" lon="104.0629959584374"><ele>485</ele><time>2025-05-10T03:41:33.000Z</time></trkpt>
<trkpt lat="30.54108434223843" lon="104.0629959584374"><ele>485</ele><time>2025-05-10T03:41:34.000Z</time></trkpt>
<trkpt lat="30.54108434223843" lon="104.0629959584374"><ele>485</ele><time>2025-05-10T03:41:35.000Z</time></trkpt>
<trkpt lat="30.54108434223843" lon="104.0629959584374"><ele>485</ele><time>2025-05-10T03:41:36.000Z</time></trkpt>
<trkpt lat="30.54108434223843" lon="104.0629959584374"><ele>485</ele><time>2025-05-10T03:41:37.000Z</time></trkpt>
<trkpt lat="30.54108434223843" lon="104.0629959584374"><ele>485</ele><time>2025-05-10T03:41:38.000Z</time></trkpt>
<trkpt lat="30.54108434223843" lon="104.0629959584374"><ele>485</ele><time>2025-05-10T03:41:39.000Z</time></trkpt>
<trkpt lat="30.54108434223843" lon="104.0629959584374"><ele>485</ele><time>2025-05-10T03:41:40.000Z</time></trkpt>
<trkpt lat="30.54108434223843" lon="104.0629959584374"><ele>485</ele><time>2025-05-10T03:41:41.000Z</time></trkpt>
<trkpt lat="30.54108434223843" lon="104.0629959584374"><ele>485</ele><time>2025-05-10T03:41:42.000Z</time></trkpt>
<trkpt lat="30.54108434223843" lon="104.0629959584374"><ele>485</ele><time>2025-05-10T03:41:43.000Z</time></trkpt>
<trkpt lat="30.54108434223843" lon="104.0629959584374"><ele>485</ele><time>2025-05-10T03:41:44.000Z</time></trkpt>
<trkpt lat="30.54108434223843" lon="104.0629959584374"><ele>485</ele><time>2025-05-10T03:41:45.000Z</time></trkpt>
<trkpt lat="30.54108434223843" lon="104.0629959584374"><ele>485</ele><time>2025-05-10T03:41:46.000Z</time></trkpt>
<trkpt lat="30.54108434223843" lon="104.0629959584374"><ele>485</ele><time>2025-05-10T03:41:47.000Z</time></trkpt>
<trkpt lat="30.54108434223843" lon="104.0629959584374"><ele>485</ele><time>2025-05-10T03:41:48.000Z</time></trkpt>
<trkpt lat="30.54108434223843" lon="104.0629959584374"><ele>485</ele><time>2025-05-10T03:41:49.000Z</time></trkpt>
<trkpt lat="30.54108434223843" lon="104.0629959584374"><ele>485</ele><time>2025-05-10T03:41:50.000Z</time></trkpt>
<trkpt lat="30.54108434223843" lon="104.0629959584374"><ele>485</ele><time>2025-05-10T03:41:51.000Z</time></trkpt>
<trkpt lat="30.54108434223843" lon="104.0629959584374"><ele>485</ele><time>2025-05-10T03:41:52.000Z</time></trkpt>
<trkpt lat="30.54108434223843" lon="104.0629959584374"><ele>485</ele><time>2025-05-10T03:41:53.000Z</time></trkpt>
<trkpt lat="30.54108434223843" lon="104.0629959584374"><ele>485</ele><time>2025-05-10T03:41:54.000Z</time></trkpt>
<trkpt lat="30.54108434223843" lon="104.0629959584374"><ele>485</ele><time>2025-05-10T03:41:55.000Z</time></trkpt>
<trkpt lat="30.54108434223843" lon="104.0629959584374"><ele>485</ele><time>2025-05-10T03:41:56.000Z</time></trkpt>
<trkpt lat="30.54108434223843" lon="104.0629959584374"><ele>485</ele><time>2025-05-10T03:41:57.000Z</time></trkpt>
<trkpt lat="30.54108434223843" lon="104.0629959584374"><ele>485</ele><time>2025-05-10T03:41:58.000Z</time></trkpt>
<trkpt lat="30.54108434223843" lon="104.0629959584374"><ele>485</ele><time>2025-05-10T03:41:59.000Z</time></trkpt>
<trkpt lat="30.54108434223843" lon="104.0629959584374"><ele>485</ele><time>2025-05-10T03:42:00.000Z</time></trkpt>
<trkpt lat="30.54108434223843" lon="104.0629959584374"><ele>485</ele><time>2025-05-10T03:42:01.000Z</time></trkpt>
<trkpt lat="30.54108434223843" lon="104.0629959584374"><ele>485</ele><time>2025-05-10T03:42:02.000Z</time></trkpt>
<trkpt lat="30.54108434223843" lon="104.0629959584374"><ele>485</ele><time>2025-05-10T03:42:03.000Z</time></trkpt>
<trkpt lat="30.54108434223843" lon="104.0629959584374"><ele>485</ele><time>2025-05-10T03:42:04.000Z</time></trkpt>
<trkpt lat="30.54108434223843" lon="104.0629959584374"><ele>485</ele><time>2025-05-10T03:42:05.000Z</time></trkpt>
<trkpt lat="30.54108434223843" lon="104.0629959584374"><ele>485</ele><time>2025-05-10T03:42:06.000Z</time></trkpt>
<trkpt lat="30.54108434223843" lon="104.0629959584374"><ele>484</ele><time>2025-05-10T03:42:07.000Z</time></trkpt>
<trkpt lat="30.54108434223843" lon="104.0629959584374"><ele>484</ele><time>2025-05-10T03:42:08.000Z</time></trkpt>
<trkpt lat="30.54108434223843" lon="104.0629959584374"><ele>484</ele><time>2025-05-10T03:42:09.000Z</time></trkpt>
<trkpt lat="30.54108434223843" lon="104.0629959584374"><ele>485</ele><time>2025-05-10T03:42:10.000Z</time></trkpt>
<trkpt lat="30.54108434223843" lon="104.0629959584374"><ele>484</ele><time>2025-05-10T03:42:11.000Z</time></trkpt>
<trkpt lat="30.54108434223843" lon="104.0629959584374"><ele>484</ele><time>2025-05-10T03:42:12.000Z</time></trkpt>
<trkpt lat="30.54108434223843" lon="104.0629959584374"><ele>484</ele><time>2025-05-10T03:42:13.000Z</time></trkpt>
<trkpt lat="30.54108434223843" lon="104.0629959584374"><ele>484</ele><time>2025-05-10T03:42:14.000Z</time></trkpt>
<trkpt lat="30.54108434223843" lon="104.0629959584374"><ele>484</ele><time>2025-05-10T03:42:15.000Z</time></trkpt>
<trkpt lat="30.54108434223843" lon="104.0629959584374"><ele>484</ele><time>2025-05-10T03:42:16.000Z</time></trkpt>
<trkpt lat="30.54108434223843" lon="104.0629959584374"><ele>484</ele><time>2025-05-10T03:42:17.000Z</time></trkpt>
<trkpt lat="30.54108434223843" lon="104.0629959584374"><ele>484</ele><time>2025-05-10T03:42:18.000Z</time></trkpt>
<trkpt lat="30.54108434223843" lon="104.0629959584374"><ele>484</ele><time>2025-05-10T03:42:19.000Z</time></trkpt>
<trkpt lat="30.54108434223843" lon="104.0629959584374"><ele>484</ele><time>2025-05-10T03:42:20.000Z</time></trkpt>
<trkpt lat="30.54108434223843" lon="104.0629959584374"><ele>484</ele><time>2025-05-10T03:42:21.000Z</time></trkpt>
<trkpt lat="30.54108434223843" lon="104.0629959584374"><ele>484</ele><time>2025-05-10T03:42:22.000Z</time></trkpt>
<trkpt lat="30.54108434223843" lon="104.0629959584374"><ele>484</ele><time>2025-05-10T03:42:23.000Z</time></trkpt>
<trkpt lat="30.54108434223843" lon="104.0629959584374"><ele>484</ele><time>2025-05-10T03:42:24.000Z</time></trkpt>
<trkpt lat="30.54108434223843" lon="104.0629959584374"><ele>484</ele><time>2025-05-10T03:42:25.000Z</time></trkpt>
<trkpt lat="30.54108434223843" lon="104.0629959584374"><ele>484</ele><time>2025-05-10T03:42:26.000Z</time></trkpt>
<trkpt lat="30.54108434223843" lon="104.0629959584374"><ele>484</ele><time>2025-05-10T03:42:27.000Z</time></trkpt>
<trkpt lat="30.54108434223843" lon="104.0629959584374"><ele>484</ele><time>2025-05-10T03:42:28.000Z</time></trkpt>
<trkpt lat="30.54108434223843" lon="104.0629959584374"><ele>484</ele><time>2025-05-10T03:42:29.000Z</time></trkpt>
<trkpt lat="30.54108434223843" lon="104.0629959584374"><ele>484</ele><time>2025-05-10T03:42:30.000Z</time></trkpt>
<trkpt lat="30.54108434223843" lon="104.0629959584374"><ele>484</ele><time>2025-05-10T03:42:31.000Z</time></trkpt>
<trkpt lat="30.54108434223843" lon="104.0629959584374"><ele>484</ele><time>2025-05-10T03:42:32.000Z</time></trkpt>
<trkpt lat="30.54108434223843" lon="104.0629959584374"><ele>484</ele><time>2025-05-10T03:42:33.000Z</time></trkpt>
<trkpt lat="30.54108434223843" lon="104.0629959584374"><ele>484</ele><time>2025-05-10T03:42:34.000Z</time></trkpt>
<trkpt lat="30.54108434223843" lon="104.0629959584374"><ele>484</ele><time>2025-05-10T03:42:35.000Z</time></trkpt>
<trkpt lat="30.54108434223843" lon="104.0629959584374"><ele>484</ele><time>2025-05-10T03:42:36.000Z</time></trkpt>
<trkpt lat="30.54108434223843" lon="104.0629959584374"><ele>484</ele><time>2025-05-10T03:42:37.000Z</time></trkpt>
<trkpt lat="30.54108434223843" lon="104.0629959584374"><ele>485</ele><time>2025-05-10T03:42:38.000Z</time></trkpt>
<trkpt lat="30.54108434223843" lon="104.0629959584374"><ele>485</ele><time>2025-05-10T03:42:39.000Z</time></trkpt>
<trkpt lat="30.54108434223843" lon="104.0629959584374"><ele>485</ele><time>2025-05-10T03:42:40.000Z</time></trkpt>
<trkpt lat="30.54108434223843" lon="104.0629959584374"><ele>485</ele><time>2025-05-10T03:42:41.000Z</time></trkpt>
<trkpt lat="30.54108434223843" lon="104.0629959584374"><ele>485</ele><time>2025-05-10T03:42:42.000Z</time></trkpt>
<trkpt lat="30.54108434223843" lon="104.0629959584374"><ele>485</ele><time>2025-05-10T03:42:43.000Z</time></trkpt>
<trkpt lat="30.54108434223843" lon="104.0629959584374"><ele>485</ele><time>2025-05-10T03:42:44.000Z</time></trkpt>
<trkpt lat="30.54108434223843" lon="104.0629959584374"><ele>486</ele><time>2025-05-10T03:42:45.000Z</time></trkpt>
<trkpt lat="30.54108434223843" lon="104.0629959584374"><ele>486</ele><time>2025-05-10T03:42:46.000Z</time></trkpt>
<trkpt lat="30.54108434223843" lon="104.0629959584374"><ele>486</ele><time>2025-05-10T03:42:47.000Z</time></trkpt>
<trkpt lat="30.54108434223843" lon="104.0629959584374"><ele>486</ele><time>2025-05-10T03:42:48.000Z</time></trkpt>
<trkpt lat="30.54108434223843" lon="104.0629959584374"><ele>486</ele><time>2025-05-10T03:42:49.000Z</time></trkpt>
<trkpt lat="30.54108434223843" lon="104.0629959584374"><ele>486</ele><time>2025-05-10T03:42:50.000Z</time></trkpt>
<trkpt lat="30.54108434223843" lon="104.0629959584374"><ele>486</ele><time>2025-05-10T03:42:51.000Z</time></trkpt>
<trkpt lat="30.54108434223843" lon="104.0629959584374"><ele>486</ele><time>2025-05-10T03:42:52.000Z</time></trkpt>
<trkpt lat="30.54108434223843" lon="104.0629959584374"><ele>486</ele><time>2025-05-10T03:42:53.000Z</time></trkpt>
<trkpt lat="30.54108434223843" lon="104.0629959584374"><ele>486</ele><time>2025-05-10T03:42:54.000Z</time></trkpt>
<trkpt lat="30.54108434223843" lon="104.0629959584374"><ele>486</ele><time>2025-05-10T03:42:55.000Z</time></trkpt>
<trkpt lat="30.54108434223843" lon="104.0629959584374"><ele>486</ele><time>2025-05-10T03:42:56.000Z</time></trkpt>
<trkpt lat="30.54108434223843" lon="104.0629959584374"><ele>486</ele><time>2025-05-10T03:42:57.000Z</time></trkpt>
<trkpt lat="30.54108434223843" lon="104.0629959584374"><ele>486</ele><time>2025-05-10T03:42:58.000Z</time></trkpt>
<trkpt lat="30.54108434223843" lon="104.0629959584374"><ele>486</ele><time>2025-05-10T03:42:59.000Z</time></trkpt>
<trkpt lat="30.54108434223843" lon="104.0629959584374"><ele>486</ele><time>2025-05-10T03:43:00.000Z</time></trkpt>
<trkpt lat="30.54108434223843" lon="104.0629959584374"><ele>486</ele><time>2025-05-10T03:43:01.000Z</time></trkpt>
<trkpt lat="30.54108434223843" lon="104.0629959584374"><ele>486</ele><time>2025-05-10T03:43:02.000Z</time></trkpt>
<trkpt lat="30.54108434223843" lon="104.0629959584374"><ele>486</ele><time>2025-05-10T03:43:03.000Z</time></trkpt>
<trkpt lat="30.54108434223843" lon="104.0629959584374"><ele>486</ele><time>2025-05-10T03:43:04.000Z</time></trkpt>
<trkpt lat="30.54108434223843" lon="104.0629959584374"><ele>486</ele><time>2025-05-10T03:43:05.000Z</time></trkpt>
<trkpt lat="30.54108434223843" lon="104.0629959584374"><ele>486</ele><time>2025-05-10T03:43:06.000Z</time></trkpt>
<trkpt lat="30.54108434223843" lon="104.0629959584374"><ele>486</ele><time>2025-05-10T03:43:07.000Z</time></trkpt>
<trkpt lat="30.54108434223843" lon="104.0629959584374"><ele>486</ele><time>2025-05-10T03:43:08.000Z</time></trkpt>
<trkpt lat="30.54108434223843" lon="104.0629959584374"><ele>486</ele><time>2025-05-10T03:43:09.000Z</time></trkpt>
<trkpt lat="30.54108434223843" lon="104.0629959584374"><ele>485</ele><time>2025-05-10T03:43:10.000Z</time></trkpt>
<trkpt lat="30.54108434223843" lon="104.0629959584374"><ele>486</ele><time>2025-05-10T03:43:11.000Z</time></trkpt>
<trkpt lat="30.54108434223843" lon="104.0629959584374"><ele>485</ele><time>2025-05-10T03:43:12.000Z</time></trkpt>
<trkpt lat="30.54108434223843" lon="104.0629959584374"><ele>485</ele><time>2025-05-10T03:43:13.000Z</time></trkpt>
<trkpt lat="30.54108434223843" lon="104.0629959584374"><ele>485</ele><time>2025-05-10T03:43:14.000Z</time></trkpt>
<trkpt lat="30.54108434223843" lon="104.0629959584374"><ele>485</ele><time>2025-05-10T03:43:15.000Z</time></trkpt>
<trkpt lat="30.54108434223843" lon="104.0629959584374"><ele>485</ele><time>2025-05-10T03:43:16.000Z</time></trkpt>
<trkpt lat="30.54108434223843" lon="104.0629959584374"><ele>485</ele><time>2025-05-10T03:43:17.000Z</time></trkpt>
<trkpt lat="30.54108434223843" lon="104.0629959584374"><ele>486</ele><time>2025-05-10T03:43:18.000Z</time></trkpt>
<trkpt lat="30.54108434223843" lon="104.0629959584374"><ele>486</ele><time>2025-05-10T03:43:19.000Z</time></trkpt>
<trkpt lat="30.54108434223843" lon="104.0629959584374"><ele>486</ele><time>2025-05-10T03:43:20.000Z</time></trkpt>
<trkpt lat="30.54108434223843" lon="104.0629959584374"><ele>486</ele><time>2025-05-10T03:43:21.000Z</time></trkpt>
<trkpt lat="30.54108434223843" lon="104.0629959584374"><ele>486</ele><time>2025-05-10T03:43:22.000Z</time></trkpt>
<trkpt lat="30.54108434223843" lon="104.0629959584374"><ele>486</ele><time>2025-05-10T03:43:23.000Z</time></trkpt>
<trkpt lat="30.54108434223843" lon="104.0629959584374"><ele>486</ele><time>2025-05-10T03:43:24.000Z</time></trkpt>
<trkpt lat="30.54108434223843" lon="104.0629959584374"><ele>486</ele><time>2025-05-10T03:43:25.000Z</time></trkpt>
<trkpt lat="30.54108434223843" lon="104.0629959584374"><ele>486</ele><time>2025-05-10T03:43:26.000Z</time></trkpt>
<trkpt lat="30.54108434223843" lon="104.0629959584374"><ele>486</ele><time>2025-05-10T03:43:27.000Z</time></trkpt>
<trkpt lat="30.54108434223843" lon="104.0629959584374"><ele>486</ele><time>2025-05-10T03:43:28.000Z</time></trkpt>
<trkpt lat="30.54108434223843" lon="104.0629959584374"><ele>486</ele><time>2025-05-10T03:43:29.000Z</time></trkpt>
<trkpt lat="30.54108434223843" lon="104.0629959584374"><ele>486</ele><time>2025-05-10T03:43:30.000Z</time></trkpt>
<trkpt lat="30.54108434223843" lon="104.0629959584374"><ele>486</ele><time>2025-05-10T03:43:31.000Z</time></trkpt>
<trkpt lat="30.54108434223843" lon="104.0629959584374"><ele>486</ele><time>2025-05-10T03:43:32.000Z</time></trkpt>
<trkpt lat="30.54108434223843" lon="104.0629959584374"><ele>486</ele><time>2025-05-10T03:43:33.000Z</time></trkpt>
<trkpt lat="30.54108434223843" lon="104.0629959584374"><ele>486</ele><time>2025-05-10T03:43:34.000Z</time></trkpt>
<trkpt lat="30.54108434223843" lon="104.0629959584374"><ele>486</ele><time>2025-05-10T03:43:35.000Z</time></trkpt>
<trkpt lat="30.54108434223843" lon="104.0629959584374"><ele>486</ele><time>2025-05-10T03:43:36.000Z</time></trkpt>
<trkpt lat="30.54108434223843" lon="104.0629959584374"><ele>486</ele><time>2025-05-10T03:43:37.000Z</time></trkpt>
<trkpt lat="30.54108434223843" lon="104.0629959584374"><ele>486</ele><time>2025-05-10T03:43:38.000Z</time></trkpt>
<trkpt lat="30.54108434223843" lon="104.0629959584374"><ele>486</ele><time>2025-05-10T03:43:39.000Z</time></trkpt>
<trkpt lat="30.54108434223843" lon="104.0629959584374"><ele>486</ele><time>2025-05-10T03:43:40.000Z</time></trkpt>
<trkpt lat="30.54108434223843" lon="104.0629959584374"><ele>486</ele><time>2025-05-10T03:43:41.000Z</time></trkpt>
<trkpt lat="30.54108434223843" lon="104.0629959584374"><ele>486</ele><time>2025-05-10T03:43:42.000Z</time></trkpt>
<trkpt lat="30.54108434223843" lon="104.0629959584374"><ele>486</ele><time>2025-05-10T03:43:43.000Z</time></trkpt>
<trkpt lat="30.54108434223843" lon="104.0629959584374"><ele>486</ele><time>2025-05-10T03:43:44.000Z</time></trkpt>
<trkpt lat="30.54108434223843" lon="104.0629959584374"><ele>486</ele><time>2025-05-10T03:43:45.000Z</time></trkpt>
<trkpt lat="30.54108434223843" lon="104.0629959584374"><ele>486</ele><time>2025-05-10T03:43:46.000Z</time></trkpt>
<trkpt lat="30.54108434223843" lon="104.0629959584374"><ele>486</ele><time>2025-05-10T03:43:47.000Z</time></trkpt>
<trkpt lat="30.54108434223843" lon="104.0629959584374"><ele>486</ele><time>2025-05-10T03:43:48.000Z</time></trkpt>
<trkpt lat="30.54108434223843" lon="104.0629959584374"><ele>486</ele><time>2025-05-10T03:43:49.000Z</time></trkpt>
<trkpt lat="30.54108434223843" lon="104.0629959584374"><ele>486</ele><time>2025-05-10T03:43:50.000Z</time></trkpt>
<trkpt lat="30.54108434223843" lon="104.0629959584374"><ele>486</ele><time>2025-05-10T03:43:51.000Z</time></trkpt>
<trkpt lat="30.54108434223843" lon="104.0629959584374"><ele>486</ele><time>2025-05-10T03:43:52.000Z</time></trkpt>
<trkpt lat="30.54108434223843" lon="104.0629959584374"><ele>486</ele><time>2025-05-10T03:43:53.000Z</time></trkpt>
<trkpt lat="30.54108434223843" lon="104.0629959584374"><ele>486</ele><time>2025-05-10T03:43:54.000Z</time></trkpt>
<trkpt lat="30.54108434223843" lon="104.0629959584374"><ele>486</ele><time>2025-05-10T03:43:55.000Z</time></trkpt>
<trkpt lat="30.54108434223843" lon="104.0629959584374"><ele>485</ele><time>2025-05-10T03:43:56.000Z</time></trkpt>
<trkpt lat="30.54108434223843" lon="104.0629959584374"><ele>485</ele><time>2025-05-10T03:43:57.000Z</time></trkpt>
<trkpt lat="30.54108434223843" lon="104.0629959584374"><ele>485</ele><time>2025-05-10T03:43:58.000Z</time></trkpt>
<trkpt lat="30.54108434223843" lon="104.0629959584374"><ele>485</ele><time>2025-05-10T03:43:59.000Z</time></trkpt>
<trkpt lat="30.54108434223843" lon="104.0629959584374"><ele>485</ele><time>2025-05-10T03:44:00.000Z</time></trkpt>
<trkpt lat="30.54108434223843" lon="104.0629959584374"><ele>485</ele><time>2025-05-10T03:44:01.000Z</time></trkpt>
<trkpt lat="30.54108434223843" lon="104.0629959584374"><ele>485</ele><time>2025-05-10T03:44:02.000Z</time></trkpt>
<trkpt lat="30.54108434223843" lon="104.0629959584374"><ele>485</ele><time>2025-05-10T03:44:03.000Z</time></trkpt>
<trkpt lat="30.54108434223843" lon="104.0629959584374"><ele>486</ele><time>2025-05-10T03:44:04.000Z</time></trkpt>
<trkpt lat="30.54108434223843" lon="104.0629959584374"><ele>486</ele><time>2025-05-10T03:44:05.000Z</time></trkpt>
<trkpt lat="30.54108434223843" lon="104.0629959584374"><ele>486</ele><time>2025-05-10T03:44:06.000Z</time></trkpt>
<trkpt lat="30.54108434223843" lon="104.0629959584374"><ele>486</ele><time>2025-05-10T03:44:07.000Z</time></trkpt>
<trkpt lat="30.54108434223843" lon="104.0629959584374"><ele>485</ele><time>2025-05-10T03:44:08.000Z</time></trkpt>
<trkpt lat="30.54108434223843" lon="104.0629959584374"><ele>485</ele><time>2025-05-10T03:44:09.000Z</time></trkpt>
<trkpt lat="30.54108434223843" lon="104.0629959584374"><ele>485</ele><time>2025-05-10T03:44:10.000Z</time></trkpt>
<trkpt lat="30.54108434223843" lon="104.0629959584374"><ele>485</ele><time>2025-05-10T03:44:11.000Z</time></trkpt>
<trkpt lat="30.54108434223843" lon="104.0629959584374"><ele>485</ele><time>2025-05-10T03:44:12.000Z</time></trkpt>
<trkpt lat="30.54108434223843" lon="104.0629959584374"><ele>485</ele><time>2025-05-10T03:44:13.000Z</time></trkpt>
<trkpt lat="30.54108434223843" lon="104.0629959584374"><ele>485</ele><time>2025-05-10T03:44:14.000Z</time></trkpt>
<trkpt lat="30.54108434223843" lon="104.0629959584374"><ele>485</ele><time>2025-05-10T03:44:15.000Z</time></trkpt>
<trkpt lat="30.54108434223843" lon="104.0629959584374"><ele>485</ele><time>2025-05-10T03:44:16.000Z</time></trkpt>
<trkpt lat="30.54108434223843" lon="104.0629959584374"><ele>485</ele><time>2025-05-10T03:44:17.000Z</time></trkpt>
<trkpt lat="30.54108434223843" lon="104.0629959584374"><ele>485</ele><time>2025-05-10T03:44:18.000Z</time></trkpt>
<trkpt lat="30.54108434223843" lon="104.0629959584374"><ele>485</ele><time>2025-05-10T03:44:19.000Z</time></trkpt>
<trkpt lat="30.54108434223843" lon="104.0629959584374"><ele>485</ele><time>2025-05-10T03:44:20.000Z</time></trkpt>
<trkpt lat="30.54108434223843" lon="104.0629959584374"><ele>485</ele><time>2025-05-10T03:44:21.000Z</time></trkpt>
<trkpt lat="30.54108434223843" lon="104.0629959584374"><ele>485</ele><time>2025-05-10T03:44:22.000Z</time></trkpt>
<trkpt lat="30.54108434223843" lon="104.0629959584374"><ele>485</ele><time>2025-05-10T03:44:23.000Z</time></trkpt>
<trkpt lat="30.54108434223843" lon="104.0629959584374"><ele>485</ele><time>2025-05-10T03:44:24.000Z</time></trkpt>
<trkpt lat="30.54108434223843" lon="104.0629959584374"><ele>485</ele><time>2025-05-10T03:44:25.000Z</time></trkpt>
<trkpt lat="30.54108434223843" lon="104.0629959584374"><ele>485</ele><time>2025-05-10T03:44:26.000Z</time></trkpt>
<trkpt lat="30.54108434223843" lon="104.0629959584374"><ele>485</ele><time>2025-05-10T03:44:27.000Z</time></trkpt>
<trkpt lat="30.54108434223843" lon="104.0629959584374"><ele>485</ele><time>2025-05-10T03:44:28.000Z</time></trkpt>
<trkpt lat="30.54108434223843" lon="104.0629959584374"><ele>485</ele><time>2025-05-10T03:44:29.000Z</time></trkpt>
<trkpt lat="30.54108434223843" lon="104.0629959584374"><ele>485</ele><time>2025-05-10T03:44:30.000Z</time></trkpt>
<trkpt lat="30.54108434223843" lon="104.0629959584374"><ele>485</ele><time>2025-05-10T03:44:31.000Z</time></trkpt>
<trkpt lat="30.54108434223843" lon="104.0629959584374"><ele>485</ele><time>2025-05-10T03:44:32.000Z</time></trkpt>
<trkpt lat="30.54108434223843" lon="104.0629959584374"><ele>485</ele><time>2025-05-10T03:44:33.000Z</time></trkpt>
<trkpt lat="30.54108434223843" lon="104.0629959584374"><ele>485</ele><time>2025-05-10T03:44:34.000Z</time></trkpt>
<trkpt lat="30.54108434223843" lon="104.0629959584374"><ele>485</ele><time>2025-05-10T03:44:35.000Z</time></trkpt>
<trkpt lat="30.54108434223843" lon="104.0629959584374"><ele>485</ele><time>2025-05-10T03:44:36.000Z</time></trkpt>
<trkpt lat="30.54108434223843" lon="104.0629959584374"><ele>485</ele><time>2025-05-10T03:44:37.000Z</time></trkpt>
<trkpt lat="30.54108434223843" lon="104.0629959584374"><ele>485</ele><time>2025-05-10T03:44:38.000Z</time></trkpt>
<trkpt lat="30.54108434223843" lon="104.0629959584374"><ele>485</ele><time>2025-05-10T03:44:39.000Z</time></trkpt>
<trkpt lat="30.54108434223843" lon="104.0629959584374"><ele>485</ele><time>2025-05-10T03:44:40.000Z</time></trkpt>
<trkpt lat="30.54108434223843" lon="104.0629959584374"><ele>485</ele><time>2025-05-10T03:44:41.000Z</time></trkpt>
<trkpt lat="30.54108434223843" lon="104.0629959584374"><ele>485</ele><time>2025-05-10T03:44:42.000Z</time></trkpt>
<trkpt lat="30.54108434223843" lon="104.0629959584374"><ele>485</ele><time>2025-05-10T03:44:43.000Z</time></trkpt>
<trkpt lat="30.54108434223843" lon="104.0629959584374"><ele>485</ele><time>2025-05-10T03:44:44.000Z</time></trkpt>
<trkpt lat="30.54108434223843" lon="104.0629959584374"><ele>485</ele><time>2025-05-10T03:44:45.000Z</time></trkpt>
<trkpt lat="30.54108434223843" lon="104.0629959584374"><ele>485</ele><time>2025-05-10T03:44:46.000Z</time></trkpt>
<trkpt lat="30.54108434223843" lon="104.0629959584374"><ele>485</ele><time>2025-05-10T03:44:47.000Z</time></trkpt>
<trkpt lat="30.54108434223843" lon="104.0629959584374"><ele>485</ele><time>2025-05-10T03:44:48.000Z</time></trkpt>
<trkpt lat="30.54108434223843" lon="104.0629959584374"><ele>485</ele><time>2025-05-10T03:44:49.000Z</time></trkpt>
<trkpt lat="30.54108434223843" lon="104.0629959584374"><ele>485</ele><time>2025-05-10T03:44:50.000Z</time></trkpt>
<trkpt lat="30.54108434223843" lon="104.0629959584374"><ele>485</ele><time>2025-05-10T03:44:51.000Z</time></trkpt>
<trkpt lat="30.54108434223843" lon="104.0629959584374"><ele>485</ele><time>2025-05-10T03:44:52.000Z</time></trkpt>
<trkpt lat="30.54108434223843" lon="104.0629959584374"><ele>485</ele><time>2025-05-10T03:44:53.000Z</time></trkpt>
<trkpt lat="30.54108434223843" lon="104.0629959584374"><ele>485</ele><time>2025-05-10T03:44:54.000Z</time></trkpt>
<trkpt lat="30.54108434223843" lon="104.0629959584374"><ele>485</ele><time>2025-05-10T03:44:55.000Z</time></trkpt>
<trkpt lat="30.54108434223843" lon="104.0629959584374"><ele>485</ele><time>2025-05-10T03:44:56.000Z</time></trkpt>
<trkpt lat="30.54108434223843" lon="104.0629959584374"><ele>485</ele><time>2025-05-10T03:44:57.000Z</time></trkpt>
<trkpt lat="30.54108434223843" lon="104.0629959584374"><ele>485</ele><time>2025-05-10T03:44:58.000Z</time></trkpt>
<trkpt lat="30.54108434223843" lon="104.0629959584374"><ele>485</ele><time>2025-05-10T03:44:59.000Z</time></trkpt>
<trkpt lat="30.54108434223843" lon="104.0629959584374"><ele>485</ele><time>2025-05-10T03:45:00.000Z</time></trkpt>
<trkpt lat="30.54108434223843" lon="104.0629959584374"><ele>485</ele><time>2025-05-10T03:45:01.000Z</time></trkpt>
<trkpt lat="30.54108434223843" lon="104.0629959584374"><ele>485</ele><time>2025-05-10T03:45:02.000Z</time></trkpt>
<trkpt lat="30.54108434223843" lon="104.0629959584374"><ele>485</ele><time>2025-05-10T03:45:03.000Z</time></trkpt>
<trkpt lat="30.54108434223843" lon="104.0629959584374"><ele>485</ele><time>2025-05-10T03:45:04.000Z</time></trkpt>
<trkpt lat="30.54108434223843" lon="104.0629959584374"><ele>485</ele><time>2025-05-10T03:45:05.000Z</time></trkpt>
<trkpt lat="30.54108434223843" lon="104.0629959584374"><ele>485</ele><time>2025-05-10T03:45:06.000Z</time></trkpt>
<trkpt lat="30.54108434223843" lon="104.0629959584374"><ele>485</ele><time>2025-05-10T03:45:07.000Z</time></trkpt>
<trkpt lat="30.54108434223843" lon="104.0629959584374"><ele>485</ele><time>2025-05-10T03:45:08.000Z</time></trkpt>
<trkpt lat="30.54108434223843" lon="104.0629959584374"><ele>485</ele><time>2025-05-10T03:45:09.000Z</time></trkpt>
<trkpt lat="30.54108434223843" lon="104.0629959584374"><ele>485</ele><time>2025-05-10T03:45:10.000Z</time></trkpt>
<trkpt lat="30.54108434223843" lon="104.0629959584374"><ele>485</ele><time>2025-05-10T03:45:11.000Z</time></trkpt>
<trkpt lat="30.54108434223843" lon="104.0629959584374"><ele>485</ele><time>2025-05-10T03:45:12.000Z</time></trkpt>
<trkpt lat="30.54108434223843" lon="104.0629959584374"><ele>485</ele><time>2025-05-10T03:45:13.000Z</time></trkpt>
<trkpt lat="30.54108434223843" lon="104.0629959584374"><ele>485</ele><time>2025-05-10T03:45:14.000Z</time></trkpt>
<trkpt lat="30.54108434223843" lon="104.0629959584374"><ele>485</ele><time>2025-05-10T03:45:15.000Z</time></trkpt>
<trkpt lat="30.54108434223843" lon="104.0629959584374"><ele>485</ele><time>2025-05-10T03:45:16.000Z</time></trkpt>
<trkpt lat="30.54108434223843" lon="104.0629959584374"><ele>485</ele><time>2025-05-10T03:45:17.000Z</time></trkpt>
<trkpt lat="30.54108434223843" lon="104.0629959584374"><ele>485</ele><time>2025-05-10T03:45:18.000Z</time></trkpt>
<trkpt lat="30.54108434223843" lon="104.0629959584374"><ele>485</ele><time>2025-05-10T03:45:19.000Z</time></trkpt>
<trkpt lat="30.54108434223843" lon="104.0629959584374"><ele>485</ele><time>2025-05-10T03:45:20.000Z</time></trkpt>
<trkpt lat="30.54108434223843" lon="104.0629959584374"><ele>485</ele><time>2025-05-10T03:45:21.000Z</time></trkpt>
<trkpt lat="30.54108434223843" lon="104.0629959584374"><ele>485</ele><time>2025-05-10T03:45:22.000Z</time></trkpt>
<trkpt lat="30.54108434223843" lon="104.0629959584374"><ele>485</ele><time>2025-05-10T03:45:23.000Z</time></trkpt>
<trkpt lat="30.54108434223843" lon="104.0629959584374"><ele>485</ele><time>2025-05-10T03:45:24.000Z</time></trkpt>
<trkpt lat="30.54108434223843" lon="104.0629959584374"><ele>485</ele><time>2025-05-10T03:45:25.000Z</time></trkpt>
<trkpt lat="30.54108434223843" lon="104.0629959584374"><ele>485</ele><time>2025-05-10T03:45:26.000Z</time></trkpt>
<trkpt lat="30.54108434223843" lon="104.0629959584374"><ele>485</ele><time>2025-05-10T03:45:27.000Z</time></trkpt>
<trkpt lat="30.54108434223843" lon="104.0629959584374"><ele>485</ele><time>2025-05-10T03:45:28.000Z</time></trkpt>
<trkpt lat="30.54108434223843" lon="104.0629959584374"><ele>485</ele><time>2025-05-10T03:45:29.000Z</time></trkpt>
<trkpt lat="30.54108434223843" lon="104.0629959584374"><ele>485</ele><time>2025-05-10T03:45:30.000Z</time></trkpt>
<trkpt lat="30.54108434223843" lon="104.0629959584374"><ele>485</ele><time>2025-05-10T03:45:31.000Z</time></trkpt>
<trkpt lat="30.54108434223843" lon="104.0629959584374"><ele>485</ele><time>2025-05-10T03:45:32.000Z</time></trkpt>
<trkpt lat="30.54108434223843" lon="104.0629959584374"><ele>485</ele><time>2025-05-10T03:45:33.000Z</time></trkpt>
<trkpt lat="30.54108434223843" lon="104.0629959584374"><ele>485</ele><time>2025-05-10T03:45:34.000Z</time></trkpt>
<trkpt lat="30.54108434223843" lon="104.0629959584374"><ele>485</ele><time>2025-05-10T03:45:35.000Z</time></trkpt>
<trkpt lat="30.54108434223843" lon="104.0629959584374"><ele>485</ele><time>2025-05-10T03:45:36.000Z</time></trkpt>
<trkpt lat="30.54108434223843" lon="104.0629959584374"><ele>485</ele><time>2025-05-10T03:45:37.000Z</time></trkpt>
<trkpt lat="30.54108434223843" lon="104.0629959584374"><ele>485</ele><time>2025-05-10T03:45:38.000Z</time></trkpt>
<trkpt lat="30.54108434223843" lon="104.0629959584374"><ele>485</ele><time>2025-05-10T03:45:39.000Z</time></trkpt>
<trkpt lat="30.54108434223843" lon="104.0629959584374"><ele>485</ele><time>2025-05-10T03:45:40.000Z</time></trkpt>
<trkpt lat="30.54108434223843" lon="104.0629959584374"><ele>485</ele><time>2025-05-10T03:45:41.000Z</time></trkpt>
<trkpt lat="30.54108434223843" lon="104.0629959584374"><ele>485</ele><time>2025-05-10T03:45:42.000Z</time></trkpt>
<trkpt lat="30.54108434223843" lon="104.0629959584374"><ele>485</ele><time>2025-05-10T03:45:43.000Z</time></trkpt>
<trkpt lat="30.54108434223843" lon="104.0629959584374"><ele>485</ele><time>2025-05-10T03:45:44.000Z</time></trkpt>
<trkpt lat="30.54108434223843" lon="104.0629959584374"><ele>485</ele><time>2025-05-10T03:45:45.000Z</time></trkpt>
<trkpt lat="30.54108434223843" lon="104.0629959584374"><ele>485</ele><time>2025-05-10T03:45:46.000Z</time></trkpt>
<trkpt lat="30.54108434223843" lon="104.0629959584374"><ele>485</ele><time>2025-05-10T03:45:47.000Z</time></trkpt>
<trkpt lat="30.54108434223843" lon="104.0629959584374"><ele>485</ele><time>2025-05-10T03:45:48.000Z</time></trkpt>
<trkpt lat="30.54108434223843" lon="104.0629959584374"><ele>485</ele><time>2025-05-10T03:45:49.000Z</time></trkpt>
<trkpt lat="30.54108434223843" lon="104.0629959584374"><ele>485</ele><time>2025-05-10T03:45:50.000Z</time></trkpt>
<trkpt lat="30.54108434223843" lon="104.0629959584374"><ele>485</ele><time>2025-05-10T03:45:51.000Z</time></trkpt>
<trkpt lat="30.54108434223843" lon="104.0629959584374"><ele>485</ele><time>2025-05-10T03:45:52.000Z</time></trkpt>
<trkpt lat="30.54108434223843" lon="104.0629959584374"><ele>485</ele><time>2025-05-10T03:45:53.000Z</time></trkpt>
<trkpt lat="30.54108434223843" lon="104.0629959584374"><ele>485</ele><time>2025-05-10T03:45:54.000Z</time></trkpt>
<trkpt lat="30.54108434223843" lon="104.0629959584374"><ele>485</ele><time>2025-05-10T03:45:55.000Z</time></trkpt>
<trkpt lat="30.54108434223843" lon="104.0629959584374"><ele>485</ele><time>2025-05-10T03:45:56.000Z</time></trkpt>
<trkpt lat="30.54108434223843" lon="104.0629959584374"><ele>485</ele><time>2025-05-10T03:45:57.000Z</time></trkpt>
<trkpt lat="30.54108434223843" lon="104.0629959584374"><ele>485</ele><time>2025-05-10T03:45:58.000Z</time></trkpt>
<trkpt lat="30.54108434223843" lon="104.0629959584374"><ele>485</ele><time>2025-05-10T03:45:59.000Z</time></trkpt>
<trkpt lat="30.54108434223843" lon="104.0629959584374"><ele>485</ele><time>2025-05-10T03:46:00.000Z</time></trkpt>
<trkpt lat="30.54108434223843" lon="104.0629959584374"><ele>485</ele><time>2025-05-10T03:46:01.000Z</time></trkpt>
<trkpt lat="30.54108434223843" lon="104.0629959584374"><ele>485</ele><time>2025-05-10T03:46:02.000Z</time></trkpt>
<trkpt lat="30.54108434223843" lon="104.0629959584374"><ele>485</ele><time>2025-05-10T03:46:03.000Z</time></trkpt>
<trkpt lat="30.54108434223843" lon="104.0629959584374"><ele>485</ele><time>2025-05-10T03:46:04.000Z</time></trkpt>
<trkpt lat="30.54108434223843" lon="104.0629959584374"><ele>485</ele><time>2025-05-10T03:46:05.000Z</time></trkpt>
<trkpt lat="30.54108434223843" lon="104.0629959584374"><ele>485</ele><time>2025-05-10T03:46:06.000Z</time></trkpt>
<trkpt lat="30.54108434223843" lon="104.0629959584374"><ele>485</ele><time>2025-05-10T03:46:07.000Z</time></trkpt>
<trkpt lat="30.54108434223843" lon="104.0629959584374"><ele>485</ele><time>2025-05-10T03:46:08.000Z</time></trkpt>
<trkpt lat="30.54108434223843" lon="104.0629959584374"><ele>485</ele><time>2025-05-10T03:46:09.000Z</time></trkpt>
<trkpt lat="30.54108434223843" lon="104.0629959584374"><ele>485</ele><time>2025-05-10T03:46:10.000Z</time></trkpt>
<trkpt lat="30.54108434223843" lon="104.0629959584374"><ele>485</ele><time>2025-05-10T03:46:11.000Z</time></trkpt>
<trkpt lat="30.54108434223843" lon="104.0629959584374"><ele>485</ele><time>2025-05-10T03:46:12.000Z</time></trkpt>
<trkpt lat="30.54108434223843" lon="104.0629959584374"><ele>485</ele><time>2025-05-10T03:46:13.000Z</time></trkpt>
<trkpt lat="30.54108434223843" lon="104.0629959584374"><ele>484</ele><time>2025-05-10T03:46:14.000Z</time></trkpt>
<trkpt lat="30.54108434223843" lon="104.0629959584374"><ele>484</ele><time>2025-05-10T03:46:15.000Z</time></trkpt>
<trkpt lat="30.54108434223843" lon="104.0629959584374"><ele>484</ele><time>2025-05-10T03:46:16.000Z</time></trkpt>
<trkpt lat="30.54108434223843" lon="104.0629959584374"><ele>484</ele><time>2025-05-10T03:46:17.000Z</time></trkpt>
<trkpt lat="30.54108434223843" lon="104.0629959584374"><ele>484</ele><time>2025-05-10T03:46:18.000Z</time></trkpt>
<trkpt lat="30.54108434223843" lon="104.0629959584374"><ele>484</ele><time>2025-05-10T03:46:19.000Z</time></trkpt>
<trkpt lat="30.54108434223843" lon="104.0629959584374"><ele>484</ele><time>2025-05-10T03:46:20.000Z</time></trkpt>
<trkpt lat="30.54108434223843" lon="104.0629959584374"><ele>484</ele><time>2025-05-10T03:46:21.000Z</time></trkpt>
<trkpt lat="30.54108434223843" lon="104.0629959584374"><ele>484</ele><time>2025-05-10T03:46:22.000Z</time></trkpt>
<trkpt lat="30.54108434223843" lon="104.0629959584374"><ele>484</ele><time>2025-05-10T03:46:23.000Z</time></trkpt>
<trkpt lat="30.54108434223843" lon="104.0629959584374"><ele>484</ele><time>2025-05-10T03:46:24.000Z</time></trkpt>
<trkpt lat="30.54108434223843" lon="104.0629959584374"><ele>484</ele><time>2025-05-10T03:46:25.000Z</time></trkpt>
<trkpt lat="30.54108434223843" lon="104.0629959584374"><ele>483</ele><time>2025-05-10T03:46:26.000Z</time></trkpt>
<trkpt lat="30.54108434223843" lon="104.0629959584374"><ele>484</ele><time>2025-05-10T03:46:27.000Z</time></trkpt>
<trkpt lat="30.54108434223843" lon="104.0629959584374"><ele>484</ele><time>2025-05-10T03:46:28.000Z</time></trkpt>
<trkpt lat="30.54108434223843" lon="104.0629959584374"><ele>484</ele><time>2025-05-10T03:46:29.000Z</time></trkpt>
<trkpt lat="30.54108434223843" lon="104.0629959584374"><ele>484</ele><time>2025-05-10T03:46:30.000Z</time></trkpt>
<trkpt lat="30.54108434223843" lon="104.0629959584374"><ele>484</ele><time>2025-05-10T03:46:31.000Z</time></trkpt>
<trkpt lat="30.54108434223843" lon="104.0629959584374"><ele>483</ele><time>2025-05-10T03:46:32.000Z</time></trkpt>
<trkpt lat="30.54108434223843" lon="104.0629959584374"><ele>483</ele><time>2025-05-10T03:46:33.000Z</time></trkpt>
<trkpt lat="30.54108434223843" lon="104.0629959584374"><ele>483</ele><time>2025-05-10T03:46:34.000Z</time></trkpt>
<trkpt lat="30.54108434223843" lon="104.0629959584374"><ele>483</ele><time>2025-05-10T03:46:35.000Z</time></trkpt>
<trkpt lat="30.54108434223843" lon="104.0629959584374"><ele>483</ele><time>2025-05-10T03:46:36.000Z</time></trkpt>
<trkpt lat="30.54108434223843" lon="104.0629959584374"><ele>483</ele><time>2025-05-10T03:46:37.000Z</time></trkpt>
<trkpt lat="30.54108434223843" lon="104.0629959584374"><ele>483</ele><time>2025-05-10T03:46:38.000Z</time></trkpt>
<trkpt lat="30.54108434223843" lon="104.0629959584374"><ele>483</ele><time>2025-05-10T03:46:39.000Z</time></trkpt>
<trkpt lat="30.54108434223843" lon="104.0629959584374"><ele>483</ele><time>2025-05-10T03:46:40.000Z</time></trkpt>
<trkpt lat="30.54108434223843" lon="104.0629959584374"><ele>483</ele><time>2025-05-10T03:46:41.000Z</time></trkpt>
<trkpt lat="30.54108434223843" lon="104.0629959584374"><ele>483</ele><time>2025-05-10T03:46:42.000Z</time></trkpt>
<trkpt lat="30.54108434223843" lon="104.0629959584374"><ele>483</ele><time>2025-05-10T03:46:43.000Z</time></trkpt>
<trkpt lat="30.54108434223843" lon="104.0629959584374"><ele>483</ele><time>2025-05-10T03:46:44.000Z</time></trkpt>
<trkpt lat="30.54108434223843" lon="104.0629959584374"><ele>483</ele><time>2025-05-10T03:46:45.000Z</time></trkpt>
<trkpt lat="30.54108434223843" lon="104.0629959584374"><ele>483</ele><time>2025-05-10T03:46:46.000Z</time></trkpt>
<trkpt lat="30.54108434223843" lon="104.0629959584374"><ele>483</ele><time>2025-05-10T03:46:47.000Z</time></trkpt>
<trkpt lat="30.54108434223843" lon="104.0629959584374"><ele>483</ele><time>2025-05-10T03:46:48.000Z</time></trkpt>
<trkpt lat="30.54108434223843" lon="104.0629959584374"><ele>483</ele><time>2025-05-10T03:46:49.000Z</time></trkpt>
<trkpt lat="30.54108434223843" lon="104.0629959584374"><ele>483</ele><time>2025-05-10T03:46:50.000Z</time></trkpt>
<trkpt lat="30.54108434223843" lon="104.0629959584374"><ele>483</ele><time>2025-05-10T03:46:51.000Z</time></trkpt>
<trkpt lat="30.54108434223843" lon="104.0629959584374"><ele>483</ele><time>2025-05-10T03:46:52.000Z</time></trkpt>
<trkpt lat="30.54108434223843" lon="104.0629959584374"><ele>483</ele><time>2025-05-10T03:46:53.000Z</time></trkpt>
<trkpt lat="30.54108434223843" lon="104.0629959584374"><ele>483</ele><time>2025-05-10T03:46:54.000Z</time></trkpt>
<trkpt lat="30.54108434223843" lon="104.0629959584374"><ele>483</ele><time>2025-05-10T03:46:55.000Z</time></trkpt>
<trkpt lat="30.54108434223843" lon="104.0629959584374"><ele>483</ele><time>2025-05-10T03:46:56.000Z</time></trkpt>
<trkpt lat="30.54108434223843" lon="104.0629959584374"><ele>483</ele><time>2025-05-10T03:46:57.000Z</time></trkpt>
<trkpt lat="30.54108434223843" lon="104.0629959584374"><ele>483</ele><time>2025-05-10T03:46:58.000Z</time></trkpt>
<trkpt lat="30.54108434223843" lon="104.0629959584374"><ele>483</ele><time>2025-05-10T03:46:59.000Z</time></trkpt>
<trkpt lat="30.54108434223843" lon="104.0629959584374"><ele>483</ele><time>2025-05-10T03:47:00.000Z</time></trkpt>
<trkpt lat="30.54108434223843" lon="104.0629959584374"><ele>483</ele><time>2025-05-10T03:47:01.000Z</time></trkpt>
<trkpt lat="30.54108434223843" lon="104.0629959584374"><ele>483</ele><time>2025-05-10T03:47:02.000Z</time></trkpt>
<trkpt lat="30.54108434223843" lon="104.0629959584374"><ele>483</ele><time>2025-05-10T03:47:03.000Z</time></trkpt>
<trkpt lat="30.54108434223843" lon="104.0629959584374"><ele>483</ele><time>2025-05-10T03:47:04.000Z</time></trkpt>
<trkpt lat="30.54108434223843" lon="104.0629959584374"><ele>483</ele><time>2025-05-10T03:47:05.000Z</time></trkpt>
<trkpt lat="30.54108434223843" lon="104.0629959584374"><ele>482</ele><time>2025-05-10T03:47:06.000Z</time></trkpt>
<trkpt lat="30.54108434223843" lon="104.0629959584374"><ele>482</ele><time>2025-05-10T03:47:07.000Z</time></trkpt>
<trkpt lat="30.54108434223843" lon="104.0629959584374"><ele>482</ele><time>2025-05-10T03:47:08.000Z</time></trkpt>
<trkpt lat="30.54108434223843" lon="104.0629959584374"><ele>482</ele><time>2025-05-10T03:47:09.000Z</time></trkpt>
<trkpt lat="30.54108434223843" lon="104.0629959584374"><ele>482</ele><time>2025-05-10T03:47:10.000Z</time></trkpt>
<trkpt lat="30.54108434223843" lon="104.0629959584374"><ele>482</ele><time>2025-05-10T03:47:11.000Z</time></trkpt>
<trkpt lat="30.54108434223843" lon="104.0629959584374"><ele>482</ele><time>2025-05-10T03:47:12.000Z</time></trkpt>
<trkpt lat="30.54108434223843" lon="104.0629959584374"><ele>482</ele><time>2025-05-10T03:47:13.000Z</time></trkpt>
<trkpt lat="30.54108434223843" lon="104.0629959584374"><ele>482</ele><time>2025-05-10T03:47:14.000Z</time></trkpt>
<trkpt lat="30.54108434223843" lon="104.0629959584374"><ele>482</ele><time>2025-05-10T03:47:15.000Z</time></trkpt>
<trkpt lat="30.54108434223843" lon="104.0629959584374"><ele>482</ele><time>2025-05-10T03:47:16.000Z</time></trkpt>
<trkpt lat="30.54108434223843" lon="104.0629959584374"><ele>482</ele><time>2025-05-10T03:47:17.000Z</time></trkpt>
<trkpt lat="30.54108434223843" lon="104.0629959584374"><ele>481</ele><time>2025-05-10T03:47:18.000Z</time></trkpt>
<trkpt lat="30.54108434223843" lon="104.0629959584374"><ele>481</ele><time>2025-05-10T03:47:19.000Z</time></trkpt>
<trkpt lat="30.54108434223843" lon="104.0629959584374"><ele>481</ele><time>2025-05-10T03:47:20.000Z</time></trkpt>
<trkpt lat="30.54108434223843" lon="104.0629959584374"><ele>481</ele><time>2025-05-10T03:47:21.000Z</time></trkpt>
<trkpt lat="30.54108434223843" lon="104.0629959584374"><ele>481</ele><time>2025-05-10T03:47:22.000Z</time></trkpt>
<trkpt lat="30.54108434223843" lon="104.0629959584374"><ele>481</ele><time>2025-05-10T03:47:23.000Z</time></trkpt>
<trkpt lat="30.54108434223843" lon="104.0629959584374"><ele>481</ele><time>2025-05-10T03:47:24.000Z</time></trkpt>
<trkpt lat="30.54108434223843" lon="104.0629959584374"><ele>481</ele><time>2025-05-10T03:47:25.000Z</time></trkpt>
<trkpt lat="30.54108434223843" lon="104.0629959584374"><ele>481</ele><time>2025-05-10T03:47:26.000Z</time></trkpt>
<trkpt lat="30.54108434223843" lon="104.0629959584374"><ele>481</ele><time>2025-05-10T03:47:27.000Z</time></trkpt>
<trkpt lat="30.54108434223843" lon="104.0629959584374"><ele>481</ele><time>2025-05-10T03:47:28.000Z</time></trkpt>
<trkpt lat="30.54108434223843" lon="104.0629959584374"><ele>481</ele><time>2025-05-10T03:47:29.000Z</time></trkpt>
<trkpt lat="30.54108434223843" lon="104.0629959584374"><ele>481</ele><time>2025-05-10T03:47:30.000Z</time></trkpt>
<trkpt lat="30.54108434223843" lon="104.0629959584374"><ele>481</ele><time>2025-05-10T03:47:31.000Z</time></trkpt>
<trkpt lat="30.54108434223843" lon="104.0629959584374"><ele>481</ele><time>2025-05-10T03:47:32.000Z</time></trkpt>
<trkpt lat="30.54108434223843" lon="104.0629959584374"><ele>481</ele><time>2025-05-10T03:47:33.000Z</time></trkpt>
<trkpt lat="30.54108434223843" lon="104.0629959584374"><ele>481</ele><time>2025-05-10T03:47:34.000Z</time></trkpt>
<trkpt lat="30.54108434223843" lon="104.0629959584374"><ele>481</ele><time>2025-05-10T03:47:35.000Z</time></trkpt>
<trkpt lat="30.54108434223843" lon="104.0629959584374"><ele>481</ele><time>2025-05-10T03:47:36.000Z</time></trkpt>
<trkpt lat="30.54108434223843" lon="104.0629959584374"><ele>481</ele><time>2025-05-10T03:47:37.000Z</time></trkpt>
<trkpt lat="30.54108434223843" lon="104.0629959584374"><ele>481</ele><time>2025-05-10T03:47:38.000Z</time></trkpt>
<trkpt lat="30.54108434223843" lon="104.0629959584374"><ele>481</ele><time>2025-05-10T03:47:39.000Z</time></trkpt>
<trkpt lat="30.54108434223843" lon="104.0629959584374"><ele>481</ele><time>2025-05-10T03:47:40.000Z</time></trkpt>
<trkpt lat="30.54108434223843" lon="104.0629959584374"><ele>481</ele><time>2025-05-10T03:47:41.000Z</time></trkpt>
<trkpt lat="30.54108434223843" lon="104.0629959584374"><ele>481</ele><time>2025-05-10T03:47:42.000Z</time></trkpt>
<trkpt lat="30.54108434223843" lon="104.0629959584374"><ele>482</ele><time>2025-05-10T03:47:43.000Z</time></trkpt>
<trkpt lat="30.54108434223843" lon="104.0629959584374"><ele>482</ele><time>2025-05-10T03:47:44.000Z</time></trkpt>
<trkpt lat="30.54108434223843" lon="104.0629959584374"><ele>482</ele><time>2025-05-10T03:47:45.000Z</time></trkpt>
<trkpt lat="30.54108434223843" lon="104.0629959584374"><ele>482</ele><time>2025-05-10T03:47:46.000Z</time></trkpt>
<trkpt lat="30.54108434223843" lon="104.0629959584374"><ele>482</ele><time>2025-05-10T03:47:47.000Z</time></trkpt>
<trkpt lat="30.54108434223843" lon="104.0629959584374"><ele>482</ele><time>2025-05-10T03:47:48.000Z</time></trkpt>
<trkpt lat="30.54108434223843" lon="104.0629959584374"><ele>482</ele><time>2025-05-10T03:47:49.000Z</time></trkpt>
<trkpt lat="30.54108434223843" lon="104.0629959584374"><ele>481</ele><time>2025-05-10T03:47:50.000Z</time></trkpt>
<trkpt lat="30.54108434223843" lon="104.0629959584374"><ele>482</ele><time>2025-05-10T03:47:51.000Z</time></trkpt>
<trkpt lat="30.54108434223843" lon="104.0629959584374"><ele>481</ele><time>2025-05-10T03:47:52.000Z</time></trkpt>
<trkpt lat="30.54108434223843" lon="104.0629959584374"><ele>482</ele><time>2025-05-10T03:47:53.000Z</time></trkpt>
<trkpt lat="30.54108434223843" lon="104.0629959584374"><ele>481</ele><time>2025-05-10T03:47:54.000Z</time></trkpt>
<trkpt lat="30.54108434223843" lon="104.0629959584374"><ele>482</ele><time>2025-05-10T03:47:55.000Z</time></trkpt>
<trkpt lat="30.54108434223843" lon="104.0629959584374"><ele>482</ele><time>2025-05-10T03:47:56.000Z</time></trkpt>
<trkpt lat="30.54108434223843" lon="104.0629959584374"><ele>482</ele><time>2025-05-10T03:47:57.000Z</time></trkpt>
<trkpt lat="30.54108434223843" lon="104.0629959584374"><ele>482</ele><time>2025-05-10T03:47:58.000Z</time></trkpt>
<trkpt lat="30.54108434223843" lon="104.0629959584374"><ele>481</ele><time>2025-05-10T03:47:59.000Z</time></trkpt>
<trkpt lat="30.54108434223843" lon="104.0629959584374"><ele>482</ele><time>2025-05-10T03:48:00.000Z</time></trkpt>
<trkpt lat="30.54108434223843" lon="104.0629959584374"><ele>482</ele><time>2025-05-10T03:48:01.000Z</time></trkpt>
<trkpt lat="30.54108434223843" lon="104.0629959584374"><ele>482</ele><time>2025-05-10T03:48:02.000Z</time></trkpt>
<trkpt lat="30.54108434223843" lon="104.0629959584374"><ele>482</ele><time>2025-05-10T03:48:03.000Z</time></trkpt>
<trkpt lat="30.54108434223843" lon="104.0629959584374"><ele>482</ele><time>2025-05-10T03:48:04.000Z</time></trkpt>
<trkpt lat="30.54108434223843" lon="104.0629959584374"><ele>482</ele><time>2025-05-10T03:48:05.000Z</time></trkpt>
<trkpt lat="30.54108434223843" lon="104.0629959584374"><ele>483</ele><time>2025-05-10T03:48:06.000Z</time></trkpt>
<trkpt lat="30.54108434223843" lon="104.0629959584374"><ele>482</ele><time>2025-05-10T03:48:07.000Z</time></trkpt>
<trkpt lat="30.54108434223843" lon="104.0629959584374"><ele>482</ele><time>2025-05-10T03:48:08.000Z</time></trkpt>
<trkpt lat="30.54108434223843" lon="104.0629959584374"><ele>483</ele><time>2025-05-10T03:48:09.000Z</time></trkpt>
<trkpt lat="30.54108434223843" lon="104.0629959584374"><ele>482</ele><time>2025-05-10T03:48:10.000Z</time></trkpt>
<trkpt lat="30.54108434223843" lon="104.0629959584374"><ele>483</ele><time>2025-05-10T03:48:11.000Z</time></trkpt>
<trkpt lat="30.54108434223843" lon="104.0629959584374"><ele>482</ele><time>2025-05-10T03:48:12.000Z</time></trkpt>
<trkpt lat="30.54108434223843" lon="104.0629959584374"><ele>483</ele><time>2025-05-10T03:48:13.000Z</time></trkpt>
<trkpt lat="30.54108434223843" lon="104.0629959584374"><ele>483</ele><time>2025-05-10T03:48:14.000Z</time></trkpt>
<trkpt lat="30.54108434223843" lon="104.0629959584374"><ele>482</ele><time>2025-05-10T03:48:15.000Z</time></trkpt>
<trkpt lat="30.54108434223843" lon="104.0629959584374"><ele>482</ele><time>2025-05-10T03:48:16.000Z</time></trkpt>
<trkpt lat="30.54108434223843" lon="104.0629959584374"><ele>482</ele><time>2025-05-10T03:48:17.000Z</time></trkpt>
<trkpt lat="30.54108434223843" lon="104.0629959584374"><ele>482</ele><time>2025-05-10T03:48:18.000Z</time></trkpt>
<trkpt lat="30.54108434223843" lon="104.0629959584374"><ele>483</ele><time>2025-05-10T03:48:19.000Z</time></trkpt>
<trkpt lat="30.54108434223843" lon="104.0629959584374"><ele>483</ele><time>2025-05-10T03:48:20.000Z</time></trkpt>
<trkpt lat="30.54108434223843" lon="104.0629959584374"><ele>483</ele><time>2025-05-10T03:48:21.000Z</time></trkpt>
<trkpt lat="30.54108434223843" lon="104.0629959584374"><ele>483</ele><time>2025-05-10T03:48:22.000Z</time></trkpt>
<trkpt lat="30.54108434223843" lon="104.0629959584374"><ele>483</ele><time>2025-05-10T03:48:23.000Z</time></trkpt>
<trkpt lat="30.54108434223843" lon="104.0629959584374"><ele>482</ele><time>2025-05-10T03:48:24.000Z</time></trkpt>
<trkpt lat="30.54108434223843" lon="104.0629959584374"><ele>482</ele><time>2025-05-10T03:48:25.000Z</time></trkpt>
<trkpt lat="30.54108434223843" lon="104.0629959584374"><ele>482</ele><time>2025-05-10T03:48:26.000Z</time></trkpt>
<trkpt lat="30.54108434223843" lon="104.0629959584374"><ele>482</ele><time>2025-05-10T03:48:27.000Z</time></trkpt>
<trkpt lat="30.54108434223843" lon="104.0629959584374"><ele>482</ele><time>2025-05-10T03:48:28.000Z</time></trkpt>
<trkpt lat="30.54108434223843" lon="104.0629959584374"><ele>482</ele><time>2025-05-10T03:48:29.000Z</time></trkpt>
<trkpt lat="30.54108434223843" lon="104.0629959584374"><ele>482</ele><time>2025-05-10T03:48:30.000Z</time></trkpt>
<trkpt lat="30.54108434223843" lon="104.0629959584374"><ele>482</ele><time>2025-05-10T03:48:31.000Z</time></trkpt>
<trkpt lat="30.54108434223843" lon="104.0629959584374"><ele>483</ele><time>2025-05-10T03:48:32.000Z</time></trkpt>
<trkpt lat="30.54108434223843" lon="104.0629959584374"><ele>482</ele><time>2025-05-10T03:48:33.000Z</time></trkpt>
<trkpt lat="30.54108434223843" lon="104.0629959584374"><ele>482</ele><time>2025-05-10T03:48:34.000Z</time></trkpt>
<trkpt lat="30.54108434223843" lon="104.0629959584374"><ele>482</ele><time>2025-05-10T03:48:35.000Z</time></trkpt>
<trkpt lat="30.54108434223843" lon="104.0629959584374"><ele>482</ele><time>2025-05-10T03:48:36.000Z</time></trkpt>
<trkpt lat="30.54108434223843" lon="104.0629959584374"><ele>482</ele><time>2025-05-10T03:48:37.000Z</time></trkpt>
<trkpt lat="30.54108434223843" lon="104.0629959584374"><ele>482</ele><time>2025-05-10T03:48:38.000Z</time></trkpt>
<trkpt lat="30.54108434223843" lon="104.0629959584374"><ele>482</ele><time>2025-05-10T03:48:39.000Z</time></trkpt>
<trkpt lat="30.54108434223843" lon="104.0629959584374"><ele>482</ele><time>2025-05-10T03:48:40.000Z</time></trkpt>
<trkpt lat="30.54108434223843" lon="104.0629959584374"><ele>482</ele><time>2025-05-10T03:48:41.000Z</time></trkpt>
<trkpt lat="30.54108434223843" lon="104.0629959584374"><ele>483</ele><time>2025-05-10T03:48:42.000Z</time></trkpt>
<trkpt lat="30.54108434223843" lon="104.0629959584374"><ele>482</ele><time>2025-05-10T03:48:43.000Z</time></trkpt>
<trkpt lat="30.54108434223843" lon="104.0629959584374"><ele>482</ele><time>2025-05-10T03:48:44.000Z</time></trkpt>
<trkpt lat="30.54108434223843" lon="104.0629959584374"><ele>482</ele><time>2025-05-10T03:48:45.000Z</time></trkpt>
<trkpt lat="30.54108434223843" lon="104.0629959584374"><ele>483</ele><time>2025-05-10T03:48:46.000Z</time></trkpt>
<trkpt lat="30.54108434223843" lon="104.0629959584374"><ele>483</ele><time>2025-05-10T03:48:47.000Z</time></trkpt>
<trkpt lat="30.54108434223843" lon="104.0629959584374"><ele>483</ele><time>2025-05-10T03:48:48.000Z</time></trkpt>
<trkpt lat="30.54108434223843" lon="104.0629959584374"><ele>483</ele><time>2025-05-10T03:48:49.000Z</time></trkpt>
<trkpt lat="30.54108434223843" lon="104.0629959584374"><ele>483</ele><time>2025-05-10T03:48:50.000Z</time></trkpt>
<trkpt lat="30.54108434223843" lon="104.0629959584374"><ele>483</ele><time>2025-05-10T03:48:51.000Z</time></trkpt>
<trkpt lat="30.54108434223843" lon="104.0629959584374"><ele>483</ele><time>2025-05-10T03:48:52.000Z</time></trkpt>
<trkpt lat="30.54108434223843" lon="104.0629959584374"><ele>483</ele><time>2025-05-10T03:48:53.000Z</time></trkpt>
<trkpt lat="30.54108434223843" lon="104.0629959584374"><ele>483</ele><time>2025-05-10T03:48:54.000Z</time></trkpt>
<trkpt lat="30.54108434223843" lon="104.0629959584374"><ele>483</ele><time>2025-05-10T03:48:55.000Z</time></trkpt>
<trkpt lat="30.54108434223843" lon="104.0629959584374"><ele>484</ele><time>2025-05-10T03:48:56.000Z</time></trkpt>
<trkpt lat="30.54108434223843" lon="104.0629959584374"><ele>484</ele><time>2025-05-10T03:48:57.000Z</time></trkpt>
<trkpt lat="30.54108434223843" lon="104.0629959584374"><ele>484</ele><time>2025-05-10T03:48:58.000Z</time></trkpt>
<trkpt lat="30.54108434223843" lon="104.0629959584374"><ele>484</ele><time>2025-05-10T03:48:59.000Z</time></trkpt>
<trkpt lat="30.54108434223843" lon="104.0629959584374"><ele>484</ele><time>2025-05-10T03:49:00.000Z</time></trkpt>
<trkpt lat="30.54108434223843" lon="104.0629959584374"><ele>484</ele><time>2025-05-10T03:49:01.000Z</time></trkpt>
<trkpt lat="30.54108434223843" lon="104.0629959584374"><ele>483</ele><time>2025-05-10T03:49:02.000Z</time></trkpt>
<trkpt lat="30.54108434223843" lon="104.0629959584374"><ele>483</ele><time>2025-05-10T03:49:03.000Z</time></trkpt>
<trkpt lat="30.54108434223843" lon="104.0629959584374"><ele>483</ele><time>2025-05-10T03:49:04.000Z</time></trkpt>
<trkpt lat="30.54108434223843" lon="104.0629959584374"><ele>483</ele><time>2025-05-10T03:49:05.000Z</time></trkpt>
<trkpt lat="30.54108434223843" lon="104.0629959584374"><ele>483</ele><time>2025-05-10T03:49:06.000Z</time></trkpt>
<trkpt lat="30.54108434223843" lon="104.0629959584374"><ele>483</ele><time>2025-05-10T03:49:07.000Z</time></trkpt>
<trkpt lat="30.54108434223843" lon="104.0629959584374"><ele>482</ele><time>2025-05-10T03:49:08.000Z</time></trkpt>
<trkpt lat="30.54108434223843" lon="104.0629959584374"><ele>482</ele><time>2025-05-10T03:49:09.000Z</time></trkpt>
<trkpt lat="30.54108434223843" lon="104.0629959584374"><ele>482</ele><time>2025-05-10T03:49:10.000Z</time></trkpt>
<trkpt lat="30.54108434223843" lon="104.0629959584374"><ele>482</ele><time>2025-05-10T03:49:11.000Z</time></trkpt>
<trkpt lat="30.54108434223843" lon="104.0629959584374"><ele>482</ele><time>2025-05-10T03:49:12.000Z</time></trkpt>
<trkpt lat="30.54108434223843" lon="104.0629959584374"><ele>482</ele><time>2025-05-10T03:49:13.000Z</time></trkpt>
<trkpt lat="30.54108434223843" lon="104.0629959584374"><ele>482</ele><time>2025-05-10T03:49:14.000Z</time></trkpt>
<trkpt lat="30.54108434223843" lon="104.0629959584374"><ele>482</ele><time>2025-05-10T03:49:15.000Z</time></trkpt>
<trkpt lat="30.54108434223843" lon="104.0629959584374"><ele>482</ele><time>2025-05-10T03:49:16.000Z</time></trkpt>
<trkpt lat="30.54108434223843" lon="104.0629959584374"><ele>482</ele><time>2025-05-10T03:49:17.000Z</time></trkpt>
<trkpt lat="30.54108434223843" lon="104.0629959584374"><ele>482</ele><time>2025-05-10T03:49:18.000Z</time></trkpt>
<trkpt lat="30.54108434223843" lon="104.0629959584374"><ele>483</ele><time>2025-05-10T03:49:19.000Z</time></trkpt>
<trkpt lat="30.54108434223843" lon="104.0629959584374"><ele>483</ele><time>2025-05-10T03:49:20.000Z</time></trkpt>
<trkpt lat="30.54108434223843" lon="104.0629959584374"><ele>483</ele><time>2025-05-10T03:49:21.000Z</time></trkpt>
<trkpt lat="30.54108434223843" lon="104.0629959584374"><ele>483</ele><time>2025-05-10T03:49:22.000Z</time></trkpt>
<trkpt lat="30.54108434223843" lon="104.0629959584374"><ele>483</ele><time>2025-05-10T03:49:23.000Z</time></trkpt>
<trkpt lat="30.54108434223843" lon="104.0629959584374"><ele>484</ele><time>2025-05-10T03:49:24.000Z</time></trkpt>
<trkpt lat="30.54108434223843" lon="104.0629959584374"><ele>484</ele><time>2025-05-10T03:49:25.000Z</time></trkpt>
<trkpt lat="30.54108434223843" lon="104.0629959584374"><ele>484</ele><time>2025-05-10T03:49:26.000Z</time></trkpt>
<trkpt lat="30.54108434223843" lon="104.0629959584374"><ele>484</ele><time>2025-05-10T03:49:27.000Z</time></trkpt>
<trkpt lat="30.54108434223843" lon="104.0629959584374"><ele>484</ele><time>2025-05-10T03:49:28.000Z</time></trkpt>
<trkpt lat="30.54108434223843" lon="104.0629959584374"><ele>484</ele><time>2025-05-10T03:49:29.000Z</time></trkpt>
<trkpt lat="30.54108434223843" lon="104.0629959584374"><ele>484</ele><time>2025-05-10T03:49:30.000Z</time></trkpt>
<trkpt lat="30.54108434223843" lon="104.0629959584374"><ele>484</ele><time>2025-05-10T03:49:31.000Z</time></trkpt>
<trkpt lat="30.54108434223843" lon="104.0629959584374"><ele>484</ele><time>2025-05-10T03:49:32.000Z</time></trkpt>
<trkpt lat="30.54108434223843" lon="104.0629959584374"><ele>484</ele><time>2025-05-10T03:49:33.000Z</time></trkpt>
<trkpt lat="30.54108434223843" lon="104.0629959584374"><ele>484</ele><time>2025-05-10T03:49:34.000Z</time></trkpt>
<trkpt lat="30.54108434223843" lon="104.0629959584374"><ele>484</ele><time>2025-05-10T03:49:35.000Z</time></trkpt>
<trkpt lat="30.54108434223843" lon="104.0629959584374"><ele>484</ele><time>2025-05-10T03:49:36.000Z</time></trkpt>
<trkpt lat="30.54108434223843" lon="104.0629959584374"><ele>484</ele><time>2025-05-10T03:49:37.000Z</time></trkpt>
<trkpt lat="30.54108434223843" lon="104.0629959584374"><ele>484</ele><time>2025-05-10T03:49:38.000Z</time></trkpt>
<trkpt lat="30.54108434223843" lon="104.0629959584374"><ele>484</ele><time>2025-05-10T03:49:39.000Z</time></trkpt>
<trkpt lat="30.54108434223843" lon="104.0629959584374"><ele>484</ele><time>2025-05-10T03:49:40.000Z</time></trkpt>
<trkpt lat="30.54108434223843" lon="104.0629959584374"><ele>484</ele><time>2025-05-10T03:49:41.000Z</time></trkpt>
<trkpt lat="30.54108434223843" lon="104.0629959584374"><ele>484</ele><time>2025-05-10T03:49:42.000Z</time></trkpt>
<trkpt lat="30.54108434223843" lon="104.0629959584374"><ele>483</ele><time>2025-05-10T03:49:43.000Z</time></trkpt>
<trkpt lat="30.54108434223843" lon="104.0629959584374"><ele>483</ele><time>2025-05-10T03:49:44.000Z</time></trkpt>
<trkpt lat="30.54108434223843" lon="104.0629959584374"><ele>483</ele><time>2025-05-10T03:49:45.000Z</time></trkpt>
<trkpt lat="30.54108434223843" lon="104.0629959584374"><ele>483</ele><time>2025-05-10T03:49:46.000Z</time></trkpt>
<trkpt lat="30.54108434223843" lon="104.0629959584374"><ele>483</ele><time>2025-05-10T03:49:47.000Z</time></trkpt>
<trkpt lat="30.54108434223843" lon="104.0629959584374"><ele>483</ele><time>2025-05-10T03:49:48.000Z</time></trkpt>
<trkpt lat="30.54108434223843" lon="104.0629959584374"><ele>483</ele><time>2025-05-10T03:49:49.000Z</time></trkpt>
<trkpt lat="30.54108434223843" lon="104.0629959584374"><ele>483</ele><time>2025-05-10T03:49:50.000Z</time></trkpt>
<trkpt lat="30.54108434223843" lon="104.0629959584374"><ele>483</ele><time>2025-05-10T03:49:51.000Z</time></trkpt>
<trkpt lat="30.54108434223843" lon="104.0629959584374"><ele>483</ele><time>2025-05-10T03:49:52.000Z</time></trkpt>
<trkpt lat="30.54108434223843" lon="104.0629959584374"><ele>483</ele><time>2025-05-10T03:49:53.000Z</time></trkpt>
<trkpt lat="30.54108434223843" lon="104.0629959584374"><ele>483</ele><time>2025-05-10T03:49:54.000Z</time></trkpt>
<trkpt lat="30.54108434223843" lon="104.0629959584374"><ele>483</ele><time>2025-05-10T03:49:55.000Z</time></trkpt>
<trkpt lat="30.54108434223843" lon="104.0629959584374"><ele>483</ele><time>2025-05-10T03:49:56.000Z</time></trkpt>
<trkpt lat="30.54108434223843" lon="104.0629959584374"><ele>483</ele><time>2025-05-10T03:49:57.000Z</time></trkpt>
<trkpt lat="30.54108434223843" lon="104.0629959584374"><ele>483</ele><time>2025-05-10T03:49:58.000Z</time></trkpt>
<trkpt lat="30.54108434223843" lon="104.0629959584374"><ele>483</ele><time>2025-05-10T03:49:59.000Z</time></trkpt>
<trkpt lat="30.54108434223843" lon="104.0629959584374"><ele>483</ele><time>2025-05-10T03:50:00.000Z</time></trkpt>
<trkpt lat="30.54108434223843" lon="104.0629959584374"><ele>483</ele><time>2025-05-10T03:50:01.000Z</time></trkpt>
<trkpt lat="30.54108434223843" lon="104.0629959584374"><ele>483</ele><time>2025-05-10T03:50:02.000Z</time></trkpt>
<trkpt lat="30.54108434223843" lon="104.0629959584374"><ele>483</ele><time>2025-05-10T03:50:03.000Z</time></trkpt>
<trkpt lat="30.54108434223843" lon="104.0629959584374"><ele>483</ele><time>2025-05-10T03:50:04.000Z</time></trkpt>
<trkpt lat="30.54108434223843" lon="104.0629959584374"><ele>483</ele><time>2025-05-10T03:50:05.000Z</time></trkpt>
<trkpt lat="30.54108434223843" lon="104.0629959584374"><ele>483</ele><time>2025-05-10T03:50:06.000Z</time></trkpt>
<trkpt lat="30.54108434223843" lon="104.0629959584374"><ele>483</ele><time>2025-05-10T03:50:07.000Z</time></trkpt>
<trkpt lat="30.54108434223843" lon="104.0629959584374"><ele>483</ele><time>2025-05-10T03:50:08.000Z</time></trkpt>
<trkpt lat="30.54108434223843" lon="104.0629959584374"><ele>483</ele><time>2025-05-10T03:50:09.000Z</time></trkpt>
<trkpt lat="30.54108434223843" lon="104.0629959584374"><ele>483</ele><time>2025-05-10T03:50:10.000Z</time></trkpt>
<trkpt lat="30.54108434223843" lon="104.0629959584374"><ele>483</ele><time>2025-05-10T03:50:11.000Z</time></trkpt>
<trkpt lat="30.54108434223843" lon="104.0629959584374"><ele>483</ele><time>2025-05-10T03:50:12.000Z</time></trkpt>
<trkpt lat="30.54108434223843" lon="104.0629959584374"><ele>483</ele><time>2025-05-10T03:50:13.000Z</time></trkpt>
<trkpt lat="30.54108434223843" lon="104.0629959584374"><ele>483</ele><time>2025-05-10T03:50:14.000Z</time></trkpt>
<trkpt lat="30.54108434223843" lon="104.0629959584374"><ele>483</ele><time>2025-05-10T03:50:15.000Z</time></trkpt>
<trkpt lat="30.54108434223843" lon="104.0629959584374"><ele>483</ele><time>2025-05-10T03:50:16.000Z</time></trkpt>
<trkpt lat="30.54108434223843" lon="104.0629959584374"><ele>483</ele><time>2025-05-10T03:50:17.000Z</time></trkpt>
<trkpt lat="30.54108434223843" lon="104.0629959584374"><ele>483</ele><time>2025-05-10T03:50:18.000Z</time></trkpt>
<trkpt lat="30.54108434223843" lon="104.0629959584374"><ele>483</ele><time>2025-05-10T03:50:19.000Z</time></trkpt>
<trkpt lat="30.54108434223843" lon="104.0629959584374"><ele>483</ele><time>2025-05-10T03:50:20.000Z</time></trkpt>
<trkpt lat="30.54108434223843" lon="104.0629959584374"><ele>483</ele><time>2025-05-10T03:50:21.000Z</time></trkpt>
<trkpt lat="30.54108434223843" lon="104.0629959584374"><ele>483</ele><time>2025-05-10T03:50:22.000Z</time></trkpt>
<trkpt lat="30.54108434223843" lon="104.0629959584374"><ele>483</ele><time>2025-05-10T03:50:23.000Z</time></trkpt>
<trkpt lat="30.54108434223843" lon="104.0629959584374"><ele>483</ele><time>2025-05-10T03:50:24.000Z</time></trkpt>
<trkpt lat="30.54108434223843" lon="104.0629959584374"><ele>483</ele><time>2025-05-10T03:50:25.000Z</time></trkpt>
<trkpt lat="30.54108434223843" lon="104.0629959584374"><ele>483</ele><time>2025-05-10T03:50:26.000Z</time></trkpt>
<trkpt lat="30.54108434223843" lon="104.0629959584374"><ele>483</ele><time>2025-05-10T03:50:27.000Z</time></trkpt>
<trkpt lat="30.54108434223843" lon="104.0629959584374"><ele>483</ele><time>2025-05-10T03:50:28.000Z</time></trkpt>
<trkpt lat="30.54108434223843" lon="104.0629959584374"><ele>483</ele><time>2025-05-10T03:50:29.000Z</time></trkpt>
<trkpt lat="30.54108434223843" lon="104.0629959584374"><ele>483</ele><time>2025-05-10T03:50:30.000Z</time></trkpt>
<trkpt lat="30.54108434223843" lon="104.0629959584374"><ele>483</ele><time>2025-05-10T03:50:31.000Z</time></trkpt>
<trkpt lat="30.54108434223843" lon="104.0629959584374"><ele>482</ele><time>2025-05-10T03:50:32.000Z</time></trkpt>
<trkpt lat="30.54108434223843" lon="104.0629959584374"><ele>482</ele><time>2025-05-10T03:50:33.000Z</time></trkpt>
<trkpt lat="30.54108434223843" lon="104.0629959584374"><ele>482</ele><time>2025-05-10T03:50:34.000Z</time></trkpt>
<trkpt lat="30.54108434223843" lon="104.0629959584374"><ele>483</ele><time>2025-05-10T03:50:35.000Z</time></trkpt>
<trkpt lat="30.54108434223843" lon="104.0629959584374"><ele>483</ele><time>2025-05-10T03:50:36.000Z</time></trkpt>
<trkpt lat="30.54108434223843" lon="104.0629959584374"><ele>483</ele><time>2025-05-10T03:50:37.000Z</time></trkpt>
<trkpt lat="30.54108434223843" lon="104.0629959584374"><ele>483</ele><time>2025-05-10T03:50:38.000Z</time></trkpt>
<trkpt lat="30.54108434223843" lon="104.0629959584374"><ele>483</ele><time>2025-05-10T03:50:39.000Z</time></trkpt>
<trkpt lat="30.54108434223843" lon="104.0629959584374"><ele>482</ele><time>2025-05-10T03:50:40.000Z</time></trkpt>
<trkpt lat="30.54108434223843" lon="104.0629959584374"><ele>483</ele><time>2025-05-10T03:50:41.000Z</time></trkpt>
<trkpt lat="30.54108434223843" lon="104.0629959584374"><ele>483</ele><time>2025-05-10T03:50:42.000Z</time></trkpt>
<trkpt lat="30.54108434223843" lon="104.0629959584374"><ele>482</ele><time>2025-05-10T03:50:43.000Z</time></trkpt>
<trkpt lat="30.54108434223843" lon="104.0629959584374"><ele>482</ele><time>2025-05-10T03:50:44.000Z</time></trkpt>
<trkpt lat="30.54108434223843" lon="104.0629959584374"><ele>482</ele><time>2025-05-10T03:50:45.000Z</time></trkpt>
<trkpt lat="30.54108434223843" lon="104.0629959584374"><ele>482</ele><time>2025-05-10T03:50:46.000Z</time></trkpt>
<trkpt lat="30.54108434223843" lon="104.0629959584374"><ele>482</ele><time>2025-05-10T03:50:47.000Z</time></trkpt>
<trkpt lat="30.54108434223843" lon="104.0629959584374"><ele>483</ele><time>2025-05-10T03:50:48.000Z</time></trkpt>
<trkpt lat="30.54108434223843" lon="104.0629959584374"><ele>482</ele><time>2025-05-10T03:50:49.000Z</time></trkpt>
<trkpt lat="30.54108434223843" lon="104.0629959584374"><ele>483</ele><time>2025-05-10T03:50:50.000Z</time></trkpt>
<trkpt lat="30.54108434223843" lon="104.0629959584374"><ele>482</ele><time>2025-05-10T03:50:51.000Z</time></trkpt>
<trkpt lat="30.54108434223843" lon="104.0629959584374"><ele>482</ele><time>2025-05-10T03:50:52.000Z</time></trkpt>
<trkpt lat="30.54108434223843" lon="104.0629959584374"><ele>482</ele><time>2025-05-10T03:50:53.000Z</time></trkpt>
<trkpt lat="30.54108434223843" lon="104.0629959584374"><ele>482</ele><time>2025-05-10T03:50:54.000Z</time></trkpt>
<trkpt lat="30.54108434223843" lon="104.0629959584374"><ele>482</ele><time>2025-05-10T03:50:55.000Z</time></trkpt>
<trkpt lat="30.54108434223843" lon="104.0629959584374"><ele>482</ele><time>2025-05-10T03:50:56.000Z</time></trkpt>
<trkpt lat="30.54108434223843" lon="104.0629959584374"><ele>482</ele><time>2025-05-10T03:50:57.000Z</time></trkpt>
<trkpt lat="30.54108434223843" lon="104.0629959584374"><ele>482</ele><time>2025-05-10T03:50:58.000Z</time></trkpt>
<trkpt lat="30.54108434223843" lon="104.0629959584374"><ele>482</ele><time>2025-05-10T03:50:59.000Z</time></trkpt>
<trkpt lat="30.54108434223843" lon="104.0629959584374"><ele>482</ele><time>2025-05-10T03:51:00.000Z</time></trkpt>
<trkpt lat="30.54108434223843" lon="104.0629959584374"><ele>482</ele><time>2025-05-10T03:51:01.000Z</time></trkpt>
<trkpt lat="30.54108434223843" lon="104.0629959584374"><ele>482</ele><time>2025-05-10T03:51:02.000Z</time></trkpt>
<trkpt lat="30.54108434223843" lon="104.0629959584374"><ele>482</ele><time>2025-05-10T03:51:03.000Z</time></trkpt>
<trkpt lat="30.54108434223843" lon="104.0629959584374"><ele>482</ele><time>2025-05-10T03:51:04.000Z</time></trkpt>
<trkpt lat="30.54108434223843" lon="104.0629959584374"><ele>482</ele><time>2025-05-10T03:51:05.000Z</time></trkpt>
<trkpt lat="30.54108434223843" lon="104.0629959584374"><ele>482</ele><time>2025-05-10T03:51:06.000Z</time></trkpt>
<trkpt lat="30.54108434223843" lon="104.0629959584374"><ele>482</ele><time>2025-05-10T03:51:07.000Z</time></trkpt>
<trkpt lat="30.54108434223843" lon="104.0629959584374"><ele>482</ele><time>2025-05-10T03:51:08.000Z</time></trkpt>
<trkpt lat="30.54108434223843" lon="104.0629959584374"><ele>482</ele><time>2025-05-10T03:51:09.000Z</time></trkpt>
<trkpt lat="30.54108434223843" lon="104.0629959584374"><ele>482</ele><time>2025-05-10T03:51:10.000Z</time></trkpt>
<trkpt lat="30.54108434223843" lon="104.0629959584374"><ele>482</ele><time>2025-05-10T03:51:11.000Z</time></trkpt>
<trkpt lat="30.54108434223843" lon="104.0629959584374"><ele>482</ele><time>2025-05-10T03:51:12.000Z</time></trkpt>
<trkpt lat="30.54108434223843" lon="104.0629959584374"><ele>482</ele><time>2025-05-10T03:51:13.000Z</time></trkpt>
<trkpt lat="30.54108434223843" lon="104.0629959584374"><ele>482</ele><time>2025-05-10T03:51:14.000Z</time></trkpt>
<trkpt lat="30.54108434223843" lon="104.0629959584374"><ele>482</ele><time>2025-05-10T03:51:15.000Z</time></trkpt>
<trkpt lat="30.54108434223843" lon="104.0629959584374"><ele>482</ele><time>2025-05-10T03:51:16.000Z</time></trkpt>
<trkpt lat="30.54108434223843" lon="104.0629959584374"><ele>482</ele><time>2025-05-10T03:51:17.000Z</time></trkpt>
<trkpt lat="30.54108434223843" lon="104.0629959584374"><ele>482</ele><time>2025-05-10T03:51:18.000Z</time></trkpt>
<trkpt lat="30.54108434223843" lon="104.0629959584374"><ele>482</ele><time>2025-05-10T03:51:19.000Z</time></trkpt>
<trkpt lat="30.54108434223843" lon="104.0629959584374"><ele>482</ele><time>2025-05-10T03:51:20.000Z</time></trkpt>
<trkpt lat="30.54108434223843" lon="104.0629959584374"><ele>482</ele><time>2025-05-10T03:51:21.000Z</time></trkpt>
<trkpt lat="30.54108434223843" lon="104.0629959584374"><ele>482</ele><time>2025-05-10T03:51:22.000Z</time></trkpt>
<trkpt lat="30.54108434223843" lon="104.0629959584374"><ele>482</ele><time>2025-05-10T03:51:23.000Z</time></trkpt>
<trkpt lat="30.54108434223843" lon="104.0629959584374"><ele>482</ele><time>2025-05-10T03:51:24.000Z</time></trkpt>
<trkpt lat="30.54108434223843" lon="104.0629959584374"><ele>482</ele><time>2025-05-10T03:51:25.000Z</time></trkpt>
<trkpt lat="30.54108434223843" lon="104.0629959584374"><ele>482</ele><time>2025-05-10T03:51:26.000Z</time></trkpt>
<trkpt lat="30.54108434223843" lon="104.0629959584374"><ele>482</ele><time>2025-05-10T03:51:27.000Z</time></trkpt>
<trkpt lat="30.54108434223843" lon="104.0629959584374"><ele>482</ele><time>2025-05-10T03:51:28.000Z</time></trkpt>
<trkpt lat="30.54108434223843" lon="104.0629959584374"><ele>482</ele><time>2025-05-10T03:51:29.000Z</time></trkpt>
<trkpt lat="30.54108434223843" lon="104.0629959584374"><ele>482</ele><time>2025-05-10T03:51:30.000Z</time></trkpt>
<trkpt lat="30.54108434223843" lon="104.0629959584374"><ele>482</ele><time>2025-05-10T03:51:31.000Z</time></trkpt>
<trkpt lat="30.54108434223843" lon="104.0629959584374"><ele>482</ele><time>2025-05-10T03:51:32.000Z</time></trkpt>
<trkpt lat="30.54108434223843" lon="104.0629959584374"><ele>482</ele><time>2025-05-10T03:51:33.000Z</time></trkpt>
<trkpt lat="30.54108434223843" lon="104.0629959584374"><ele>482</ele><time>2025-05-10T03:51:34.000Z</time></trkpt>
<trkpt lat="30.54108434223843" lon="104.0629959584374"><ele>482</ele><time>2025-05-10T03:51:35.000Z</time></trkpt>
<trkpt lat="30.54108434223843" lon="104.0629959584374"><ele>482</ele><time>2025-05-10T03:51:36.000Z</time></trkpt>
<trkpt lat="30.54108434223843" lon="104.0629959584374"><ele>482</ele><time>2025-05-10T03:51:37.000Z</time></trkpt>
<trkpt lat="30.54108434223843" lon="104.0629959584374"><ele>482</ele><time>2025-05-10T03:51:38.000Z</time></trkpt>
<trkpt lat="30.54108434223843" lon="104.0629959584374"><ele>482</ele><time>2025-05-10T03:51:39.000Z</time></trkpt>
<trkpt lat="30.54108434223843" lon="104.0629959584374"><ele>482</ele><time>2025-05-10T03:51:40.000Z</time></trkpt>
<trkpt lat="30.54108434223843" lon="104.0629959584374"><ele>482</ele><time>2025-05-10T03:51:41.000Z</time></trkpt>
<trkpt lat="30.54108434223843" lon="104.0629959584374"><ele>482</ele><time>2025-05-10T03:51:42.000Z</time></trkpt>
<trkpt lat="30.54108434223843" lon="104.0629959584374"><ele>482</ele><time>2025-05-10T03:51:43.000Z</time></trkpt>
<trkpt lat="30.54108434223843" lon="104.0629959584374"><ele>482</ele><time>2025-05-10T03:51:44.000Z</time></trkpt>
<trkpt lat="30.54108434223843" lon="104.0629959584374"><ele>482</ele><time>2025-05-10T03:51:45.000Z</time></trkpt>
<trkpt lat="30.54108434223843" lon="104.0629959584374"><ele>482</ele><time>2025-05-10T03:51:46.000Z</time></trkpt>
<trkpt lat="30.54108434223843" lon="104.0629959584374"><ele>482</ele><time>2025-05-10T03:51:47.000Z</time></trkpt>
<trkpt lat="30.54108434223843" lon="104.0629959584374"><ele>482</ele><time>2025-05-10T03:51:48.000Z</time></trkpt>
<trkpt lat="30.54108434223843" lon="104.0629959584374"><ele>482</ele><time>2025-05-10T03:51:49.000Z</time></trkpt>
<trkpt lat="30.54108434223843" lon="104.0629959584374"><ele>482</ele><time>2025-05-10T03:51:50.000Z</time></trkpt>
<trkpt lat="30.54108434223843" lon="104.0629959584374"><ele>482</ele><time>2025-05-10T03:51:51.000Z</time></trkpt>
<trkpt lat="30.54108434223843" lon="104.0629959584374"><ele>482</ele><time>2025-05-10T03:51:52.000Z</time></trkpt>
<trkpt lat="30.54108434223843" lon="104.0629959584374"><ele>482</ele><time>2025-05-10T03:51:53.000Z</time></trkpt>
<trkpt lat="30.54108434223843" lon="104.0629959584374"><ele>482</ele><time>2025-05-10T03:51:54.000Z</time></trkpt>
<trkpt lat="30.54108434223843" lon="104.0629959584374"><ele>482</ele><time>2025-05-10T03:51:55.000Z</time></trkpt>
<trkpt lat="30.54108434223843" lon="104.0629959584374"><ele>482</ele><time>2025-05-10T03:51:56.000Z</time></trkpt>
<trkpt lat="30.54108434223843" lon="104.0629959584374"><ele>482</ele><time>2025-05-10T03:51:57.000Z</time></trkpt>
<trkpt lat="30.54108434223843" lon="104.0629959584374"><ele>482</ele><time>2025-05-10T03:51:58.000Z</time></trkpt>
<trkpt lat="30.54108434223843" lon="104.0629959584374"><ele>482</ele><time>2025-05-10T03:51:59.000Z</time></trkpt>
<trkpt lat="30.54108434223843" lon="104.0629959584374"><ele>482</ele><time>2025-05-10T03:52:00.000Z</time></trkpt>
<trkpt lat="30.54108434223843" lon="104.0629959584374"><ele>482</ele><time>2025-05-10T03:52:01.000Z</time></trkpt>
<trkpt lat="30.54108434223843" lon="104.0629959584374"><ele>482</ele><time>2025-05-10T03:52:02.000Z</time></trkpt>
<trkpt lat="30.54108434223843" lon="104.0629959584374"><ele>482</ele><time>2025-05-10T03:52:03.000Z</time></trkpt>
<trkpt lat="30.54108434223843" lon="104.0629959584374"><ele>482</ele><time>2025-05-10T03:52:04.000Z</time></trkpt>
<trkpt lat="30.54108434223843" lon="104.0629959584374"><ele>482</ele><time>2025-05-10T03:52:05.000Z</time></trkpt>
<trkpt lat="30.54108434223843" lon="104.0629959584374"><ele>482</ele><time>2025-05-10T03:52:06.000Z</time></trkpt>
<trkpt lat="30.54108434223843" lon="104.0629959584374"><ele>482</ele><time>2025-05-10T03:52:07.000Z</time></trkpt>
<trkpt lat="30.54108434223843" lon="104.0629959584374"><ele>482</ele><time>2025-05-10T03:52:08.000Z</time></trkpt>
<trkpt lat="30.54108434223843" lon="104.0629959584374"><ele>482</ele><time>2025-05-10T03:52:09.000Z</time></trkpt>
<trkpt lat="30.54108434223843" lon="104.0629959584374"><ele>482</ele><time>2025-05-10T03:52:10.000Z</time></trkpt>
<trkpt lat="30.54108434223843" lon="104.0629959584374"><ele>482</ele><time>2025-05-10T03:52:11.000Z</time></trkpt>
<trkpt lat="30.54108434223843" lon="104.0629959584374"><ele>482</ele><time>2025-05-10T03:52:12.000Z</time></trkpt>
<trkpt lat="30.54108434223843" lon="104.0629959584374"><ele>482</ele><time>2025-05-10T03:52:13.000Z</time></trkpt>
<trkpt lat="30.54108434223843" lon="104.0629959584374"><ele>482</ele><time>2025-05-10T03:52:14.000Z</time></trkpt>
<trkpt lat="30.54108434223843" lon="104.0629959584374"><ele>482</ele><time>2025-05-10T03:52:15.000Z</time></trkpt>
<trkpt lat="30.54108434223843" lon="104.0629959584374"><ele>482</ele><time>2025-05-10T03:52:16.000Z</time></trkpt>
<trkpt lat="30.54108434223843" lon="104.0629959584374"><ele>482</ele><time>2025-05-10T03:52:17.000Z</time></trkpt>
<trkpt lat="30.54108434223843" lon="104.0629959584374"><ele>482</ele><time>2025-05-10T03:52:18.000Z</time></trkpt>
<trkpt lat="30.54108434223843" lon="104.0629959584374"><ele>482</ele><time>2025-05-10T03:52:19.000Z</time></trkpt>
<trkpt lat="30.54108434223843" lon="104.0629959584374"><ele>482</ele><time>2025-05-10T03:52:20.000Z</time></trkpt>
<trkpt lat="30.54108434223843" lon="104.0629959584374"><ele>482</ele><time>2025-05-10T03:52:21.000Z</time></trkpt>
<trkpt lat="30.54108434223843" lon="104.0629959584374"><ele>482</ele><time>2025-05-10T03:52:22.000Z</time></trkpt>
<trkpt lat="30.54108434223843" lon="104.0629959584374"><ele>482</ele><time>2025-05-10T03:52:23.000Z</time></trkpt>
<trkpt lat="30.54108434223843" lon="104.0629959584374"><ele>482</ele><time>2025-05-10T03:52:24.000Z</time></trkpt>
<trkpt lat="30.54108434223843" lon="104.0629959584374"><ele>482</ele><time>2025-05-10T03:52:25.000Z</time></trkpt>
<trkpt lat="30.54108434223843" lon="104.0629959584374"><ele>482</ele><time>2025-05-10T03:52:26.000Z</time></trkpt>
<trkpt lat="30.54108434223843" lon="104.0629959584374"><ele>482</ele><time>2025-05-10T03:52:27.000Z</time></trkpt>
<trkpt lat="30.54108434223843" lon="104.0629959584374"><ele>482</ele><time>2025-05-10T03:52:28.000Z</time></trkpt>
<trkpt lat="30.54108434223843" lon="104.0629959584374"><ele>482</ele><time>2025-05-10T03:52:29.000Z</time></trkpt>
<trkpt lat="30.54108434223843" lon="104.0629959584374"><ele>482</ele><time>2025-05-10T03:52:30.000Z</time></trkpt>
<trkpt lat="30.54108434223843" lon="104.0629959584374"><ele>482</ele><time>2025-05-10T03:52:31.000Z</time></trkpt>
<trkpt lat="30.54108434223843" lon="104.0629959584374"><ele>482</ele><time>2025-05-10T03:52:32.000Z</time></trkpt>
<trkpt lat="30.54108434223843" lon="104.0629959584374"><ele>482</ele><time>2025-05-10T03:52:33.000Z</time></trkpt>
<trkpt lat="30.54108434223843" lon="104.0629959584374"><ele>482</ele><time>2025-05-10T03:52:34.000Z</time></trkpt>
<trkpt lat="30.54108434223843" lon="104.0629959584374"><ele>482</ele><time>2025-05-10T03:52:35.000Z</time></trkpt>
<trkpt lat="30.54108434223843" lon="104.0629959584374"><ele>482</ele><time>2025-05-10T03:52:36.000Z</time></trkpt>
<trkpt lat="30.54108434223843" lon="104.0629959584374"><ele>482</ele><time>2025-05-10T03:52:37.000Z</time></trkpt>
<trkpt lat="30.54108434223843" lon="104.0629959584374"><ele>482</ele><time>2025-05-10T03:52:38.000Z</time></trkpt>
<trkpt lat="30.54108434223843" lon="104.0629959584374"><ele>482</ele><time>2025-05-10T03:52:39.000Z</time></trkpt>
<trkpt lat="30.54108434223843" lon="104.0629959584374"><ele>482</ele><time>2025-05-10T03:52:40.000Z</time></trkpt>
<trkpt lat="30.54108434223843" lon="104.0629959584374"><ele>482</ele><time>2025-05-10T03:52:41.000Z</time></trkpt>
<trkpt lat="30.54108434223843" lon="104.0629959584374"><ele>482</ele><time>2025-05-10T03:52:42.000Z</time></trkpt>
<trkpt lat="30.54108434223843" lon="104.0629959584374"><ele>482</ele><time>2025-05-10T03:52:43.000Z</time></trkpt>
<trkpt lat="30.54108434223843" lon="104.0629959584374"><ele>482</ele><time>2025-05-10T03:52:44.000Z</time></trkpt>
<trkpt lat="30.54108434223843" lon="104.0629959584374"><ele>482</ele><time>2025-05-10T03:52:45.000Z</time></trkpt>
<trkpt lat="30.54108434223843" lon="104.0629959584374"><ele>482</ele><time>2025-05-10T03:52:46.000Z</time></trkpt>
<trkpt lat="30.54108434223843" lon="104.0629959584374"><ele>482</ele><time>2025-05-10T03:52:47.000Z</time></trkpt>
<trkpt lat="30.54108434223843" lon="104.0629959584374"><ele>482</ele><time>2025-05-10T03:52:48.000Z</time></trkpt>
<trkpt lat="30.54108434223843" lon="104.0629959584374"><ele>482</ele><time>2025-05-10T03:52:49.000Z</time></trkpt>
<trkpt lat="30.54108434223843" lon="104.0629959584374"><ele>482</ele><time>2025-05-10T03:52:50.000Z</time></trkpt>
<trkpt lat="30.54108434223843" lon="104.0629959584374"><ele>482</ele><time>2025-05-10T03:52:51.000Z</time></trkpt>
<trkpt lat="30.54108434223843" lon="104.0629959584374"><ele>482</ele><time>2025-05-10T03:52:52.000Z</time></trkpt>
<trkpt lat="30.54108434223843" lon="104.0629959584374"><ele>482</ele><time>2025-05-10T03:52:53.000Z</time></trkpt>
<trkpt lat="30.54108434223843" lon="104.0629959584374"><ele>482</ele><time>2025-05-10T03:52:54.000Z</time></trkpt>
<trkpt lat="30.54108434223843" lon="104.0629959584374"><ele>482</ele><time>2025-05-10T03:52:55.000Z</time></trkpt>
<trkpt lat="30.54108434223843" lon="104.0629959584374"><ele>482</ele><time>2025-05-10T03:52:56.000Z</time></trkpt>
<trkpt lat="30.54108434223843" lon="104.0629959584374"><ele>482</ele><time>2025-05-10T03:52:57.000Z</time></trkpt>
<trkpt lat="30.54108434223843" lon="104.0629959584374"><ele>482</ele><time>2025-05-10T03:52:58.000Z</time></trkpt>
<trkpt lat="30.54108434223843" lon="104.0629959584374"><ele>482</ele><time>2025-05-10T03:52:59.000Z</time></trkpt>
<trkpt lat="30.54108434223843" lon="104.0629959584374"><ele>482</ele><time>2025-05-10T03:53:00.000Z</time></trkpt>
<trkpt lat="30.54108434223843" lon="104.0629959584374"><ele>482</ele><time>2025-05-10T03:53:01.000Z</time></trkpt>
<trkpt lat="30.54108434223843" lon="104.0629959584374"><ele>482</ele><time>2025-05-10T03:53:02.000Z</time></trkpt>
<trkpt lat="30.54108434223843" lon="104.0629959584374"><ele>483</ele><time>2025-05-10T03:53:03.000Z</time></trkpt>
<trkpt lat="30.54108434223843" lon="104.0629959584374"><ele>483</ele><time>2025-05-10T03:53:04.000Z</time></trkpt>
<trkpt lat="30.54108434223843" lon="104.0629959584374"><ele>482</ele><time>2025-05-10T03:53:05.000Z</time></trkpt>
<trkpt lat="30.54108434223843" lon="104.0629959584374"><ele>482</ele><time>2025-05-10T03:53:06.000Z</time></trkpt>
<trkpt lat="30.54108434223843" lon="104.0629959584374"><ele>483</ele><time>2025-05-10T03:53:07.000Z</time></trkpt>
<trkpt lat="30.54108434223843" lon="104.0629959584374"><ele>483</ele><time>2025-05-10T03:53:08.000Z</time></trkpt>
<trkpt lat="30.54108434223843" lon="104.0629959584374"><ele>482</ele><time>2025-05-10T03:53:09.000Z</time></trkpt>
<trkpt lat="30.54108434223843" lon="104.0629959584374"><ele>482</ele><time>2025-05-10T03:53:10.000Z</time></trkpt>
<trkpt lat="30.54108434223843" lon="104.0629959584374"><ele>482</ele><time>2025-05-10T03:53:11.000Z</time></trkpt>
<trkpt lat="30.54108434223843" lon="104.0629959584374"><ele>482</ele><time>2025-05-10T03:53:12.000Z</time></trkpt>
<trkpt lat="30.54108434223843" lon="104.0629959584374"><ele>482</ele><time>2025-05-10T03:53:13.000Z</time></trkpt>
<trkpt lat="30.54108434223843" lon="104.0629959584374"><ele>482</ele><time>2025-05-10T03:53:14.000Z</time></trkpt>
<trkpt lat="30.54108434223843" lon="104.0629959584374"><ele>482</ele><time>2025-05-10T03:53:15.000Z</time></trkpt>
<trkpt lat="30.54108434223843" lon="104.0629959584374"><ele>482</ele><time>2025-05-10T03:53:16.000Z</time></trkpt>
<trkpt lat="30.54108434223843" lon="104.0629959584374"><ele>482</ele><time>2025-05-10T03:53:17.000Z</time></trkpt>
<trkpt lat="30.54108434223843" lon="104.0629959584374"><ele>482</ele><time>2025-05-10T03:53:18.000Z</time></trkpt>
<trkpt lat="30.54108434223843" lon="104.0629959584374"><ele>483</ele><time>2025-05-10T03:53:19.000Z</time></trkpt>
<trkpt lat="30.54108434223843" lon="104.0629959584374"><ele>482</ele><time>2025-05-10T03:53:20.000Z</time></trkpt>
<trkpt lat="30.54108434223843" lon="104.0629959584374"><ele>482</ele><time>2025-05-10T03:53:21.000Z</time></trkpt>
<trkpt lat="30.54108434223843" lon="104.0629959584374"><ele>482</ele><time>2025-05-10T03:53:22.000Z</time></trkpt>
<trkpt lat="30.54108434223843" lon="104.0629959584374"><ele>482</ele><time>2025-05-10T03:53:23.000Z</time></trkpt>
<trkpt lat="30.54108434223843" lon="104.0629959584374"><ele>482</ele><time>2025-05-10T03:53:24.000Z</time></trkpt>
<trkpt lat="30.54108434223843" lon="104.0629959584374"><ele>482</ele><time>2025-05-10T03:53:25.000Z</time></trkpt>
<trkpt lat="30.54108434223843" lon="104.0629959584374"><ele>482</ele><time>2025-05-10T03:53:26.000Z</time></trkpt>
<trkpt lat="30.54108434223843" lon="104.0629959584374"><ele>482</ele><time>2025-05-10T03:53:27.000Z</time></trkpt>
<trkpt lat="30.54108434223843" lon="104.0629959584374"><ele>482</ele><time>2025-05-10T03:53:28.000Z</time></trkpt>
<trkpt lat="30.54108434223843" lon="104.0629959584374"><ele>482</ele><time>2025-05-10T03:53:29.000Z</time></trkpt>
<trkpt lat="30.54108434223843" lon="104.0629959584374"><ele>482</ele><time>2025-05-10T03:53:30.000Z</time></trkpt>
<trkpt lat="30.54108434223843" lon="104.0629959584374"><ele>482</ele><time>2025-05-10T03:53:31.000Z</time></trkpt>
<trkpt lat="30.54108434223843" lon="104.0629959584374"><ele>482</ele><time>2025-05-10T03:53:32.000Z</time></trkpt>
<trkpt lat="30.54108434223843" lon="104.0629959584374"><ele>482</ele><time>2025-05-10T03:53:33.000Z</time></trkpt>
<trkpt lat="30.54108434223843" lon="104.0629959584374"><ele>482</ele><time>2025-05-10T03:53:34.000Z</time></trkpt>
<trkpt lat="30.54108434223843" lon="104.0629959584374"><ele>482</ele><time>2025-05-10T03:53:35.000Z</time></trkpt>
<trkpt lat="30.54108434223843" lon="104.0629959584374"><ele>482</ele><time>2025-05-10T03:53:36.000Z</time></trkpt>
<trkpt lat="30.54108434223843" lon="104.0629959584374"><ele>482</ele><time>2025-05-10T03:53:37.000Z</time></trkpt>
<trkpt lat="30.54108434223843" lon="104.0629959584374"><ele>482</ele><time>2025-05-10T03:53:38.000Z</time></trkpt>
<trkpt lat="30.54108434223843" lon="104.0629959584374"><ele>482</ele><time>2025-05-10T03:53:39.000Z</time></trkpt>
<trkpt lat="30.54108434223843" lon="104.0629959584374"><ele>482</ele><time>2025-05-10T03:53:40.000Z</time></trkpt>
<trkpt lat="30.54108434223843" lon="104.0629959584374"><ele>482</ele><time>2025-05-10T03:53:41.000Z</time></trkpt>
<trkpt lat="30.54108434223843" lon="104.0629959584374"><ele>482</ele><time>2025-05-10T03:53:42.000Z</time></trkpt>
<trkpt lat="30.54108434223843" lon="104.0629959584374"><ele>482</ele><time>2025-05-10T03:53:43.000Z</time></trkpt>
<trkpt lat="30.54108434223843" lon="104.0629959584374"><ele>482</ele><time>2025-05-10T03:53:44.000Z</time></trkpt>
<trkpt lat="30.54108434223843" lon="104.0629959584374"><ele>482</ele><time>2025-05-10T03:53:45.000Z</time></trkpt>
<trkpt lat="30.54108434223843" lon="104.0629959584374"><ele>482</ele><time>2025-05-10T03:53:46.000Z</time></trkpt>
<trkpt lat="30.54108434223843" lon="104.0629959584374"><ele>482</ele><time>2025-05-10T03:53:47.000Z</time></trkpt>
<trkpt lat="30.54108434223843" lon="104.0629959584374"><ele>482</ele><time>2025-05-10T03:53:48.000Z</time></trkpt>
<trkpt lat="30.54108434223843" lon="104.0629959584374"><ele>482</ele><time>2025-05-10T03:53:49.000Z</time></trkpt>
<trkpt lat="30.54108434223843" lon="104.0629959584374"><ele>482</ele><time>2025-05-10T03:53:50.000Z</time></trkpt>
<trkpt lat="30.54108434223843" lon="104.0629959584374"><ele>481</ele><time>2025-05-10T03:53:51.000Z</time></trkpt>
<trkpt lat="30.54108434223843" lon="104.0629959584374"><ele>481</ele><time>2025-05-10T03:53:52.000Z</time></trkpt>
<trkpt lat="30.54108434223843" lon="104.0629959584374"><ele>481</ele><time>2025-05-10T03:53:53.000Z</time></trkpt>
<trkpt lat="30.54108434223843" lon="104.0629959584374"><ele>481</ele><time>2025-05-10T03:53:54.000Z</time></trkpt>
<trkpt lat="30.54108434223843" lon="104.0629959584374"><ele>481</ele><time>2025-05-10T03:53:55.000Z</time></trkpt>
<trkpt lat="30.54108434223843" lon="104.0629959584374"><ele>481</ele><time>2025-05-10T03:53:56.000Z</time></trkpt>
<trkpt lat="30.54108434223843" lon="104.0629959584374"><ele>482</ele><time>2025-05-10T03:53:57.000Z</time></trkpt>
<trkpt lat="30.54108434223843" lon="104.0629959584374"><ele>481</ele><time>2025-05-10T03:53:58.000Z</time></trkpt>
<trkpt lat="30.54108434223843" lon="104.0629959584374"><ele>481</ele><time>2025-05-10T03:53:59.000Z</time></trkpt>
<trkpt lat="30.54108434223843" lon="104.0629959584374"><ele>481</ele><time>2025-05-10T03:54:00.000Z</time></trkpt>
<trkpt lat="30.54108434223843" lon="104.0629959584374"><ele>481</ele><time>2025-05-10T03:54:01.000Z</time></trkpt>
<trkpt lat="30.54108434223843" lon="104.0629959584374"><ele>481</ele><time>2025-05-10T03:54:02.000Z</time></trkpt>
<trkpt lat="30.54108434223843" lon="104.0629959584374"><ele>481</ele><time>2025-05-10T03:54:03.000Z</time></trkpt>
<trkpt lat="30.54108434223843" lon="104.0629959584374"><ele>481</ele><time>2025-05-10T03:54:04.000Z</time></trkpt>
<trkpt lat="30.54108434223843" lon="104.0629959584374"><ele>481</ele><time>2025-05-10T03:54:05.000Z</time></trkpt>
<trkpt lat="30.54108434223843" lon="104.0629959584374"><ele>481</ele><time>2025-05-10T03:54:06.000Z</time></trkpt>
<trkpt lat="30.54108434223843" lon="104.0629959584374"><ele>481</ele><time>2025-05-10T03:54:07.000Z</time></trkpt>
<trkpt lat="30.54108434223843" lon="104.0629959584374"><ele>481</ele><time>2025-05-10T03:54:08.000Z</time></trkpt>
<trkpt lat="30.54108434223843" lon="104.0629959584374"><ele>481</ele><time>2025-05-10T03:54:09.000Z</time></trkpt>
<trkpt lat="30.54108434223843" lon="104.0629959584374"><ele>481</ele><time>2025-05-10T03:54:10.000Z</time></trkpt>
<trkpt lat="30.54108434223843" lon="104.0629959584374"><ele>481</ele><time>2025-05-10T03:54:11.000Z</time></trkpt>
<trkpt lat="30.54108434223843" lon="104.0629959584374"><ele>481</ele><time>2025-05-10T03:54:12.000Z</time></trkpt>
<trkpt lat="30.54108434223843" lon="104.0629959584374"><ele>481</ele><time>2025-05-10T03:54:13.000Z</time></trkpt>
<trkpt lat="30.54108434223843" lon="104.0629959584374"><ele>481</ele><time>2025-05-10T03:54:14.000Z</time></trkpt>
<trkpt lat="30.54108434223843" lon="104.0629959584374"><ele>481</ele><time>2025-05-10T03:54:15.000Z</time></trkpt>
<trkpt lat="30.54108434223843" lon="104.0629959584374"><ele>481</ele><time>2025-05-10T03:54:16.000Z</time></trkpt>
<trkpt lat="30.54108434223843" lon="104.0629959584374"><ele>481</ele><time>2025-05-10T03:54:17.000Z</time></trkpt>
<trkpt lat="30.54108434223843" lon="104.0629959584374"><ele>481</ele><time>2025-05-10T03:54:18.000Z</time></trkpt>
<trkpt lat="30.54108434223843" lon="104.0629959584374"><ele>481</ele><time>2025-05-10T03:54:19.000Z</time></trkpt>
<trkpt lat="30.54108434223843" lon="104.0629959584374"><ele>481</ele><time>2025-05-10T03:54:20.000Z</time></trkpt>
<trkpt lat="30.54108434223843" lon="104.0629959584374"><ele>481</ele><time>2025-05-10T03:54:21.000Z</time></trkpt>
<trkpt lat="30.54108434223843" lon="104.0629959584374"><ele>481</ele><time>2025-05-10T03:54:22.000Z</time></trkpt>
<trkpt lat="30.54108434223843" lon="104.0629959584374"><ele>481</ele><time>2025-05-10T03:54:23.000Z</time></trkpt>
<trkpt lat="30.54108434223843" lon="104.0629959584374"><ele>481</ele><time>2025-05-10T03:54:24.000Z</time></trkpt>
<trkpt lat="30.54108434223843" lon="104.0629959584374"><ele>481</ele><time>2025-05-10T03:54:25.000Z</time></trkpt>
<trkpt lat="30.54108434223843" lon="104.0629959584374"><ele>481</ele><time>2025-05-10T03:54:26.000Z</time></trkpt>
<trkpt lat="30.54108434223843" lon="104.0629959584374"><ele>481</ele><time>2025-05-10T03:54:27.000Z</time></trkpt>
<trkpt lat="30.54108434223843" lon="104.0629959584374"><ele>481</ele><time>2025-05-10T03:54:28.000Z</time></trkpt>
<trkpt lat="30.54108434223843" lon="104.0629959584374"><ele>481</ele><time>2025-05-10T03:54:29.000Z</time></trkpt>
<trkpt lat="30.54108434223843" lon="104.0629959584374"><ele>481</ele><time>2025-05-10T03:54:30.000Z</time></trkpt>
<trkpt lat="30.54108434223843" lon="104.0629959584374"><ele>481</ele><time>2025-05-10T03:54:31.000Z</time></trkpt>
<trkpt lat="30.54108434223843" lon="104.0629959584374"><ele>481</ele><time>2025-05-10T03:54:32.000Z</time></trkpt>
<trkpt lat="30.54108434223843" lon="104.0629959584374"><ele>481</ele><time>2025-05-10T03:54:33.000Z</time></trkpt>
<trkpt lat="30.54108434223843" lon="104.0629959584374"><ele>481</ele><time>2025-05-10T03:54:34.000Z</time></trkpt>
<trkpt lat="30.54108434223843" lon="104.0629959584374"><ele>481</ele><time>2025-05-10T03:54:35.000Z</time></trkpt>
<trkpt lat="30.54108434223843" lon="104.0629959584374"><ele>481</ele><time>2025-05-10T03:54:36.000Z</time></trkpt>
<trkpt lat="30.54108434223843" lon="104.0629959584374"><ele>481</ele><time>2025-05-10T03:54:37.000Z</time></trkpt>
<trkpt lat="30.54108434223843" lon="104.0629959584374"><ele>481</ele><time>2025-05-10T03:54:38.000Z</time></trkpt>
<trkpt lat="30.54108434223843" lon="104.0629959584374"><ele>481</ele><time>2025-05-10T03:54:39.000Z</time></trkpt>
<trkpt lat="30.54108434223843" lon="104.0629959584374"><ele>481</ele><time>2025-05-10T03:54:40.000Z</time></trkpt>
<trkpt lat="30.54108434223843" lon="104.0629959584374"><ele>481</ele><time>2025-05-10T03:54:41.000Z</time></trkpt>
<trkpt lat="30.54108434223843" lon="104.0629959584374"><ele>481</ele><time>2025-05-10T03:54:42.000Z</time></trkpt>
<trkpt lat="30.54108434223843" lon="104.0629959584374"><ele>481</ele><time>2025-05-10T03:54:43.000Z</time></trkpt>
<trkpt lat="30.54108434223843" lon="104.0629959584374"><ele>481</ele><time>2025-05-10T03:54:44.000Z</time></trkpt>
<trkpt lat="30.54108434223843" lon="104.0629959584374"><ele>481</ele><time>2025-05-10T03:54:45.000Z</time></trkpt>
<trkpt lat="30.54108434223843" lon="104.0629959584374"><ele>481</ele><time>2025-05-10T03:54:46.000Z</time></trkpt>
<trkpt lat="30.54108434223843" lon="104.0629959584374"><ele>481</ele><time>2025-05-10T03:54:47.000Z</time></trkpt>
<trkpt lat="30.54108434223843" lon="104.0629959584374"><ele>481</ele><time>2025-05-10T03:54:48.000Z</time></trkpt>
<trkpt lat="30.54108434223843" lon="104.0629959584374"><ele>481</ele><time>2025-05-10T03:54:49.000Z</time></trkpt>
<trkpt lat="30.54108434223843" lon="104.0629959584374"><ele>481</ele><time>2025-05-10T03:54:50.000Z</time></trkpt>
<trkpt lat="30.54108434223843" lon="104.0629959584374"><ele>481</ele><time>2025-05-10T03:54:51.000Z</time></trkpt>
<trkpt lat="30.54108434223843" lon="104.0629959584374"><ele>481</ele><time>2025-05-10T03:54:52.000Z</time></trkpt>
<trkpt lat="30.54108434223843" lon="104.0629959584374"><ele>481</ele><time>2025-05-10T03:54:53.000Z</time></trkpt>
<trkpt lat="30.54108434223843" lon="104.0629959584374"><ele>481</ele><time>2025-05-10T03:54:54.000Z</time></trkpt>
<trkpt lat="30.54108434223843" lon="104.0629959584374"><ele>481</ele><time>2025-05-10T03:54:55.000Z</time></trkpt>
<trkpt lat="30.54108434223843" lon="104.0629959584374"><ele>481</ele><time>2025-05-10T03:54:56.000Z</time></trkpt>
<trkpt lat="30.54108434223843" lon="104.0629959584374"><ele>481</ele><time>2025-05-10T03:54:57.000Z</time></trkpt>
<trkpt lat="30.54108434223843" lon="104.0629959584374"><ele>481</ele><time>2025-05-10T03:54:58.000Z</time></trkpt>
<trkpt lat="30.54108434223843" lon="104.0629959584374"><ele>481</ele><time>2025-05-10T03:54:59.000Z</time></trkpt>
<trkpt lat="30.54108434223843" lon="104.0629959584374"><ele>481</ele><time>2025-05-10T03:55:00.000Z</time></trkpt>
<trkpt lat="30.54108434223843" lon="104.0629959584374"><ele>481</ele><time>2025-05-10T03:55:01.000Z</time></trkpt>
<trkpt lat="30.54108434223843" lon="104.0629959584374"><ele>481</ele><time>2025-05-10T03:55:02.000Z</time></trkpt>
<trkpt lat="30.54108434223843" lon="104.0629959584374"><ele>481</ele><time>2025-05-10T03:55:03.000Z</time></trkpt>
<trkpt lat="30.54108434223843" lon="104.0629959584374"><ele>481</ele><time>2025-05-10T03:55:04.000Z</time></trkpt>
<trkpt lat="30.54108434223843" lon="104.0629959584374"><ele>481</ele><time>2025-05-10T03:55:05.000Z</time></trkpt>
<trkpt lat="30.54108434223843" lon="104.0629959584374"><ele>481</ele><time>2025-05-10T03:55:06.000Z</time></trkpt>
<trkpt lat="30.54108434223843" lon="104.0629959584374"><ele>481</ele><time>2025-05-10T03:55:07.000Z</time></trkpt>
<trkpt lat="30.54108434223843" lon="104.0629959584374"><ele>481</ele><time>2025-05-10T03:55:08.000Z</time></trkpt>
<trkpt lat="30.54108434223843" lon="104.0629959584374"><ele>481</ele><time>2025-05-10T03:55:09.000Z</time></trkpt>
<trkpt lat="30.54108434223843" lon="104.0629959584374"><ele>481</ele><time>2025-05-10T03:55:10.000Z</time></trkpt>
<trkpt lat="30.54108434223843" lon="104.0629959584374"><ele>481</ele><time>2025-05-10T03:55:11.000Z</time></trkpt>
<trkpt lat="30.54108434223843" lon="104.0629959584374"><ele>481</ele><time>2025-05-10T03:55:12.000Z</time></trkpt>
<trkpt lat="30.54108434223843" lon="104.0629959584374"><ele>481</ele><time>2025-05-10T03:55:13.000Z</time></trkpt>
<trkpt lat="30.54108434223843" lon="104.0629959584374"><ele>481</ele><time>2025-05-10T03:55:14.000Z</time></trkpt>
<trkpt lat="30.54108434223843" lon="104.0629959584374"><ele>481</ele><time>2025-05-10T03:55:15.000Z</time></trkpt>
<trkpt lat="30.54108434223843" lon="104.0629959584374"><ele>481</ele><time>2025-05-10T03:55:16.000Z</time></trkpt>
<trkpt lat="30.54108434223843" lon="104.0629959584374"><ele>481</ele><time>2025-05-10T03:55:17.000Z</time></trkpt>
<trkpt lat="30.54108434223843" lon="104.0629959584374"><ele>481</ele><time>2025-05-10T03:55:18.000Z</time></trkpt>
<trkpt lat="30.54108434223843" lon="104.0629959584374"><ele>481</ele><time>2025-05-10T03:55:19.000Z</time></trkpt>
<trkpt lat="30.54108434223843" lon="104.0629959584374"><ele>481</ele><time>2025-05-10T03:55:20.000Z</time></trkpt>
<trkpt lat="30.54108434223843" lon="104.0629959584374"><ele>481</ele><time>2025-05-10T03:55:21.000Z</time></trkpt>
<trkpt lat="30.54108434223843" lon="104.0629959584374"><ele>481</ele><time>2025-05-10T03:55:22.000Z</time></trkpt>
<trkpt lat="30.54108434223843" lon="104.0629959584374"><ele>481</ele><time>2025-05-10T03:55:23.000Z</time></trkpt>
<trkpt lat="30.54108434223843" lon="104.0629959584374"><ele>481</ele><time>2025-05-10T03:55:24.000Z</time></trkpt>
<trkpt lat="30.54108434223843" lon="104.0629959584374"><ele>481</ele><time>2025-05-10T03:55:25.000Z</time></trkpt>
<trkpt lat="30.54108434223843" lon="104.0629959584374"><ele>481</ele><time>2025-05-10T03:55:26.000Z</time></trkpt>
<trkpt lat="30.54108434223843" lon="104.0629959584374"><ele>481</ele><time>2025-05-10T03:55:27.000Z</time></trkpt>
<trkpt lat="30.54108434223843" lon="104.0629959584374"><ele>481</ele><time>2025-05-10T03:55:28.000Z</time></trkpt>
<trkpt lat="30.54108434223843" lon="104.0629959584374"><ele>481</ele><time>2025-05-10T03:55:29.000Z</time></trkpt>
<trkpt lat="30.54108434223843" lon="104.0629959584374"><ele>481</ele><time>2025-05-10T03:55:30.000Z</time></trkpt>
<trkpt lat="30.54108434223843" lon="104.0629959584374"><ele>481</ele><time>2025-05-10T03:55:31.000Z</time></trkpt>
<trkpt lat="30.54108434223843" lon="104.0629959584374"><ele>481</ele><time>2025-05-10T03:55:32.000Z</time></trkpt>
<trkpt lat="30.54108434223843" lon="104.0629959584374"><ele>481</ele><time>2025-05-10T03:55:33.000Z</time></trkpt>
<trkpt lat="30.54108434223843" lon="104.0629959584374"><ele>481</ele><time>2025-05-10T03:55:34.000Z</time></trkpt>
<trkpt lat="30.54108434223843" lon="104.0629959584374"><ele>481</ele><time>2025-05-10T03:55:35.000Z</time></trkpt>
<trkpt lat="30.54108434223843" lon="104.0629959584374"><ele>481</ele><time>2025-05-10T03:55:36.000Z</time></trkpt>
<trkpt lat="30.54108434223843" lon="104.0629959584374"><ele>481</ele><time>2025-05-10T03:55:37.000Z</time></trkpt>
<trkpt lat="30.54108434223843" lon="104.0629959584374"><ele>481</ele><time>2025-05-10T03:55:38.000Z</time></trkpt>
<trkpt lat="30.54108434223843" lon="104.0629959584374"><ele>481</ele><time>2025-05-10T03:55:39.000Z</time></trkpt>
<trkpt lat="30.54108434223843" lon="104.0629959584374"><ele>481</ele><time>2025-05-10T03:55:40.000Z</time></trkpt>
<trkpt lat="30.54108434223843" lon="104.0629959584374"><ele>481</ele><time>2025-05-10T03:55:41.000Z</time></trkpt>
<trkpt lat="30.54108434223843" lon="104.0629959584374"><ele>481</ele><time>2025-05-10T03:55:42.000Z</time></trkpt>
<trkpt lat="30.54108434223843" lon="104.0629959584374"><ele>481</ele><time>2025-05-10T03:55:43.000Z</time></trkpt>
<trkpt lat="30.54108434223843" lon="104.0629959584374"><ele>481</ele><time>2025-05-10T03:55:44.000Z</time></trkpt>
<trkpt lat="30.54108434223843" lon="104.0629959584374"><ele>481</ele><time>2025-05-10T03:55:45.000Z</time></trkpt>
<trkpt lat="30.54108434223843" lon="104.0629959584374"><ele>481</ele><time>2025-05-10T03:55:46.000Z</time></trkpt>
<trkpt lat="30.54108434223843" lon="104.0629959584374"><ele>481</ele><time>2025-05-10T03:55:47.000Z</time></trkpt>
<trkpt lat="30.54108434223843" lon="104.0629959584374"><ele>481</ele><time>2025-05-10T03:55:48.000Z</time></trkpt>
<trkpt lat="30.54108434223843" lon="104.0629959584374"><ele>481</ele><time>2025-05-10T03:55:49.000Z</time></trkpt>
<trkpt lat="30.54108434223843" lon="104.0629959584374"><ele>481</ele><time>2025-05-10T03:55:50.000Z</time></trkpt>
<trkpt lat="30.54108434223843" lon="104.0629959584374"><ele>481</ele><time>2025-05-10T03:55:51.000Z</time></trkpt>
<trkpt lat="30.54108434223843" lon="104.0629959584374"><ele>481</ele><time>2025-05-10T03:55:52.000Z</time></trkpt>
<trkpt lat="30.54108434223843" lon="104.0629959584374"><ele>481</ele><time>2025-05-10T03:55:53.000Z</time></trkpt>
<trkpt lat="30.54108434223843" lon="104.0629959584374"><ele>481</ele><time>2025-05-10T03:55:54.000Z</time></trkpt>
<trkpt lat="30.54108434223843" lon="104.0629959584374"><ele>481</ele><time>2025-05-10T03:55:55.000Z</time></trkpt>
<trkpt lat="30.54108434223843" lon="104.0629959584374"><ele>481</ele><time>2025-05-10T03:55:56.000Z</time></trkpt>
<trkpt lat="30.54108434223843" lon="104.0629959584374"><ele>481</ele><time>2025-05-10T03:55:57.000Z</time></trkpt>
<trkpt lat="30.54108434223843" lon="104.0629959584374"><ele>481</ele><time>2025-05-10T03:55:58.000Z</time></trkpt>
<trkpt lat="30.54108434223843" lon="104.0629959584374"><ele>481</ele><time>2025-05-10T03:55:59.000Z</time></trkpt>
<trkpt lat="30.54108434223843" lon="104.0629959584374"><ele>481</ele><time>2025-05-10T03:56:00.000Z</time></trkpt>
<trkpt lat="30.54108434223843" lon="104.0629959584374"><ele>481</ele><time>2025-05-10T03:56:01.000Z</time></trkpt>
<trkpt lat="30.54108434223843" lon="104.0629959584374"><ele>481</ele><time>2025-05-10T03:56:02.000Z</time></trkpt>
<trkpt lat="30.54108434223843" lon="104.0629959584374"><ele>481</ele><time>2025-05-10T03:56:03.000Z</time></trkpt>
<trkpt lat="30.54108434223843" lon="104.0629959584374"><ele>481</ele><time>2025-05-10T03:56:04.000Z</time></trkpt>
<trkpt lat="30.54108434223843" lon="104.0629959584374"><ele>481</ele><time>2025-05-10T03:56:05.000Z</time></trkpt>
<trkpt lat="30.54108434223843" lon="104.0629959584374"><ele>481</ele><time>2025-05-10T03:56:06.000Z</time></trkpt>
<trkpt lat="30.54108434223843" lon="104.0629959584374"><ele>481</ele><time>2025-05-10T03:56:07.000Z</time></trkpt>
<trkpt lat="30.54108434223843" lon="104.0629959584374"><ele>481</ele><time>2025-05-10T03:56:08.000Z</time></trkpt>
<trkpt lat="30.54108434223843" lon="104.0629959584374"><ele>481</ele><time>2025-05-10T03:56:09.000Z</time></trkpt>
<trkpt lat="30.54108434223843" lon="104.0629959584374"><ele>481</ele><time>2025-05-10T03:56:10.000Z</time></trkpt>
<trkpt lat="30.54108434223843" lon="104.0629959584374"><ele>481</ele><time>2025-05-10T03:56:11.000Z</time></trkpt>
<trkpt lat="30.54108434223843" lon="104.0629959584374"><ele>481</ele><time>2025-05-10T03:56:12.000Z</time></trkpt>
<trkpt lat="30.54108434223843" lon="104.0629959584374"><ele>481</ele><time>2025-05-10T03:56:13.000Z</time></trkpt>
<trkpt lat="30.54108434223843" lon="104.0629959584374"><ele>481</ele><time>2025-05-10T03:56:14.000Z</time></trkpt>
<trkpt lat="30.54108434223843" lon="104.0629959584374"><ele>481</ele><time>2025-05-10T03:56:15.000Z</time></trkpt>
<trkpt lat="30.54108434223843" lon="104.0629959584374"><ele>481</ele><time>2025-05-10T03:56:16.000Z</time></trkpt>
<trkpt lat="30.54108434223843" lon="104.0629959584374"><ele>481</ele><time>2025-05-10T03:56:17.000Z</time></trkpt>
<trkpt lat="30.54108434223843" lon="104.0629959584374"><ele>481</ele><time>2025-05-10T03:56:18.000Z</time></trkpt>
<trkpt lat="30.54108434223843" lon="104.0629959584374"><ele>481</ele><time>2025-05-10T03:56:19.000Z</time></trkpt>
<trkpt lat="30.54108434223843" lon="104.0629959584374"><ele>481</ele><time>2025-05-10T03:56:20.000Z</time></trkpt>
<trkpt lat="30.54108434223843" lon="104.0629959584374"><ele>481</ele><time>2025-05-10T03:56:21.000Z</time></trkpt>
<trkpt lat="30.54108434223843" lon="104.0629959584374"><ele>481</ele><time>2025-05-10T03:56:22.000Z</time></trkpt>
<trkpt lat="30.54108434223843" lon="104.0629959584374"><ele>480</ele><time>2025-05-10T03:56:23.000Z</time></trkpt>
<trkpt lat="30.54108434223843" lon="104.0629959584374"><ele>480</ele><time>2025-05-10T03:56:24.000Z</time></trkpt>
<trkpt lat="30.54108434223843" lon="104.0629959584374"><ele>480</ele><time>2025-05-10T03:56:25.000Z</time></trkpt>
<trkpt lat="30.54108434223843" lon="104.0629959584374"><ele>480</ele><time>2025-05-10T03:56:26.000Z</time></trkpt>
<trkpt lat="30.54108434223843" lon="104.0629959584374"><ele>480</ele><time>2025-05-10T03:56:27.000Z</time></trkpt>
<trkpt lat="30.54108434223843" lon="104.0629959584374"><ele>480</ele><time>2025-05-10T03:56:28.000Z</time></trkpt>
<trkpt lat="30.54108434223843" lon="104.0629959584374"><ele>480</ele><time>2025-05-10T03:56:29.000Z</time></trkpt>
<trkpt lat="30.54108434223843" lon="104.0629959584374"><ele>480</ele><time>2025-05-10T03:56:30.000Z</time></trkpt>
<trkpt lat="30.54108434223843" lon="104.0629959584374"><ele>480</ele><time>2025-05-10T03:56:31.000Z</time></trkpt>
<trkpt lat="30.54108434223843" lon="104.0629959584374"><ele>481</ele><time>2025-05-10T03:56:32.000Z</time></trkpt>
<trkpt lat="30.54108434223843" lon="104.0629959584374"><ele>480</ele><time>2025-05-10T03:56:33.000Z</time></trkpt>
<trkpt lat="30.54108434223843" lon="104.0629959584374"><ele>480</ele><time>2025-05-10T03:56:34.000Z</time></trkpt>
<trkpt lat="30.54108434223843" lon="104.0629959584374"><ele>480</ele><time>2025-05-10T03:56:35.000Z</time></trkpt>
<trkpt lat="30.54108434223843" lon="104.0629959584374"><ele>480</ele><time>2025-05-10T03:56:36.000Z</time></trkpt>
<trkpt lat="30.54108434223843" lon="104.0629959584374"><ele>481</ele><time>2025-05-10T03:56:37.000Z</time></trkpt>
<trkpt lat="30.54108434223843" lon="104.0629959584374"><ele>480</ele><time>2025-05-10T03:56:38.000Z</time></trkpt>
<trkpt lat="30.54108434223843" lon="104.0629959584374"><ele>481</ele><time>2025-05-10T03:56:39.000Z</time></trkpt>
<trkpt lat="30.54108434223843" lon="104.0629959584374"><ele>481</ele><time>2025-05-10T03:56:40.000Z</time></trkpt>
<trkpt lat="30.54108434223843" lon="104.0629959584374"><ele>481</ele><time>2025-05-10T03:56:41.000Z</time></trkpt>
<trkpt lat="30.54108434223843" lon="104.0629959584374"><ele>481</ele><time>2025-05-10T03:56:42.000Z</time></trkpt>
<trkpt lat="30.54108434223843" lon="104.0629959584374"><ele>481</ele><time>2025-05-10T03:56:43.000Z</time></trkpt>
<trkpt lat="30.54108434223843" lon="104.0629959584374"><ele>481</ele><time>2025-05-10T03:56:44.000Z</time></trkpt>
<trkpt lat="30.54108434223843" lon="104.0629959584374"><ele>481</ele><time>2025-05-10T03:56:45.000Z</time></trkpt>
<trkpt lat="30.54108434223843" lon="104.0629959584374"><ele>481</ele><time>2025-05-10T03:56:46.000Z</time></trkpt>
<trkpt lat="30.54108434223843" lon="104.0629959584374"><ele>481</ele><time>2025-05-10T03:56:47.000Z</time></trkpt>
<trkpt lat="30.54108434223843" lon="104.0629959584374"><ele>481</ele><time>2025-05-10T03:56:48.000Z</time></trkpt>
<trkpt lat="30.54108434223843" lon="104.0629959584374"><ele>481</ele><time>2025-05-10T03:56:49.000Z</time></trkpt>
<trkpt lat="30.54108434223843" lon="104.0629959584374"><ele>481</ele><time>2025-05-10T03:56:50.000Z</time></trkpt>
<trkpt lat="30.54108434223843" lon="104.0629959584374"><ele>481</ele><time>2025-05-10T03:56:51.000Z</time></trkpt>
<trkpt lat="30.54108434223843" lon="104.0629959584374"><ele>481</ele><time>2025-05-10T03:56:52.000Z</time></trkpt>
<trkpt lat="30.54108434223843" lon="104.0629959584374"><ele>481</ele><time>2025-05-10T03:56:53.000Z</time></trkpt>
<trkpt lat="30.54108434223843" lon="104.0629959584374"><ele>481</ele><time>2025-05-10T03:56:54.000Z</time></trkpt>
<trkpt lat="30.54108434223843" lon="104.0629959584374"><ele>481</ele><time>2025-05-10T03:56:55.000Z</time></trkpt>
<trkpt lat="30.54108434223843" lon="104.0629959584374"><ele>481</ele><time>2025-05-10T03:56:56.000Z</time></trkpt>
<trkpt lat="30.54108434223843" lon="104.0629959584374"><ele>481</ele><time>2025-05-10T03:56:57.000Z</time></trkpt>
<trkpt lat="30.54108434223843" lon="104.0629959584374"><ele>481</ele><time>2025-05-10T03:56:58.000Z</time></trkpt>
<trkpt lat="30.54108434223843" lon="104.0629959584374"><ele>481</ele><time>2025-05-10T03:56:59.000Z</time></trkpt>
<trkpt lat="30.54108434223843" lon="104.0629959584374"><ele>481</ele><time>2025-05-10T03:57:00.000Z</time></trkpt>
<trkpt lat="30.54108434223843" lon="104.0629959584374"><ele>481</ele><time>2025-05-10T03:57:01.000Z</time></trkpt>
<trkpt lat="30.54108434223843" lon="104.0629959584374"><ele>481</ele><time>2025-05-10T03:57:02.000Z</time></trkpt>
<trkpt lat="30.54108434223843" lon="104.0629959584374"><ele>481</ele><time>2025-05-10T03:57:03.000Z</time></trkpt>
<trkpt lat="30.54108434223843" lon="104.0629959584374"><ele>481</ele><time>2025-05-10T03:57:04.000Z</time></trkpt>
<trkpt lat="30.54108434223843" lon="104.0629959584374"><ele>481</ele><time>2025-05-10T03:57:05.000Z</time></trkpt>
<trkpt lat="30.54108434223843" lon="104.0629959584374"><ele>481</ele><time>2025-05-10T03:57:06.000Z</time></trkpt>
<trkpt lat="30.54108434223843" lon="104.0629959584374"><ele>481</ele><time>2025-05-10T03:57:07.000Z</time></trkpt>
<trkpt lat="30.54108434223843" lon="104.0629959584374"><ele>481</ele><time>2025-05-10T03:57:08.000Z</time></trkpt>
<trkpt lat="30.54108434223843" lon="104.0629959584374"><ele>481</ele><time>2025-05-10T03:57:09.000Z</time></trkpt>
<trkpt lat="30.54108434223843" lon="104.0629959584374"><ele>481</ele><time>2025-05-10T03:57:10.000Z</time></trkpt>
<trkpt lat="30.54108434223843" lon="104.0629959584374"><ele>481</ele><time>2025-05-10T03:57:11.000Z</time></trkpt>
<trkpt lat="30.54108434223843" lon="104.0629959584374"><ele>481</ele><time>2025-05-10T03:57:12.000Z</time></trkpt>
<trkpt lat="30.54108434223843" lon="104.0629959584374"><ele>481</ele><time>2025-05-10T03:57:13.000Z</time></trkpt>
<trkpt lat="30.54108434223843" lon="104.0629959584374"><ele>481</ele><time>2025-05-10T03:57:14.000Z</time></trkpt>
<trkpt lat="30.54108434223843" lon="104.0629959584374"><ele>481</ele><time>2025-05-10T03:57:15.000Z</time></trkpt>
<trkpt lat="30.54108434223843" lon="104.0629959584374"><ele>481</ele><time>2025-05-10T03:57:16.000Z</time></trkpt>
<trkpt lat="30.54108434223843" lon="104.0629959584374"><ele>481</ele><time>2025-05-10T03:57:17.000Z</time></trkpt>
<trkpt lat="30.54108434223843" lon="104.0629959584374"><ele>481</ele><time>2025-05-10T03:57:18.000Z</time></trkpt>
<trkpt lat="30.54108434223843" lon="104.0629959584374"><ele>481</ele><time>2025-05-10T03:57:19.000Z</time></trkpt>
<trkpt lat="30.54108434223843" lon="104.0629959584374"><ele>481</ele><time>2025-05-10T03:57:20.000Z</time></trkpt>
<trkpt lat="30.54108434223843" lon="104.0629959584374"><ele>481</ele><time>2025-05-10T03:57:21.000Z</time></trkpt>
<trkpt lat="30.54108434223843" lon="104.0629959584374"><ele>481</ele><time>2025-05-10T03:57:22.000Z</time></trkpt>
<trkpt lat="30.54108434223843" lon="104.0629959584374"><ele>481</ele><time>2025-05-10T03:57:23.000Z</time></trkpt>
<trkpt lat="30.54108434223843" lon="104.0629959584374"><ele>481</ele><time>2025-05-10T03:57:24.000Z</time></trkpt>
<trkpt lat="30.54108434223843" lon="104.0629959584374"><ele>480</ele><time>2025-05-10T03:57:25.000Z</time></trkpt>
<trkpt lat="30.54108434223843" lon="104.0629959584374"><ele>481</ele><time>2025-05-10T03:57:26.000Z</time></trkpt>
<trkpt lat="30.54108434223843" lon="104.0629959584374"><ele>480</ele><time>2025-05-10T03:57:27.000Z</time></trkpt>
<trkpt lat="30.54108434223843" lon="104.0629959584374"><ele>480</ele><time>2025-05-10T03:57:28.000Z</time></trkpt>
<trkpt lat="30.54108434223843" lon="104.0629959584374"><ele>480</ele><time>2025-05-10T03:57:29.000Z</time></trkpt>
<trkpt lat="30.54108434223843" lon="104.0629959584374"><ele>481</ele><time>2025-05-10T03:57:30.000Z</time></trkpt>
<trkpt lat="30.54108434223843" lon="104.0629959584374"><ele>481</ele><time>2025-05-10T03:57:31.000Z</time></trkpt>
<trkpt lat="30.54108434223843" lon="104.0629959584374"><ele>481</ele><time>2025-05-10T03:57:32.000Z</time></trkpt>
<trkpt lat="30.54108434223843" lon="104.0629959584374"><ele>481</ele><time>2025-05-10T03:57:33.000Z</time></trkpt>
<trkpt lat="30.54108434223843" lon="104.0629959584374"><ele>480</ele><time>2025-05-10T03:57:34.000Z</time></trkpt>
<trkpt lat="30.54108434223843" lon="104.0629959584374"><ele>480</ele><time>2025-05-10T03:57:35.000Z</time></trkpt>
<trkpt lat="30.54108434223843" lon="104.0629959584374"><ele>480</ele><time>2025-05-10T03:57:36.000Z</time></trkpt>
<trkpt lat="30.54108434223843" lon="104.0629959584374"><ele>480</ele><time>2025-05-10T03:57:37.000Z</time></trkpt>
<trkpt lat="30.54108434223843" lon="104.0629959584374"><ele>480</ele><time>2025-05-10T03:57:38.000Z</time></trkpt>
<trkpt lat="30.54108434223843" lon="104.0629959584374"><ele>480</ele><time>2025-05-10T03:57:39.000Z</time></trkpt>
<trkpt lat="30.54108434223843" lon="104.0629959584374"><ele>480</ele><time>2025-05-10T03:57:40.000Z</time></trkpt>
<trkpt lat="30.54108434223843" lon="104.0629959584374"><ele>480</ele><time>2025-05-10T03:57:41.000Z</time></trkpt>
<trkpt lat="30.54108434223843" lon="104.0629959584374"><ele>480</ele><time>2025-05-10T03:57:42.000Z</time></trkpt>
<trkpt lat="30.54108434223843" lon="104.0629959584374"><ele>480</ele><time>2025-05-10T03:57:43.000Z</time></trkpt>
<trkpt lat="30.54108434223843" lon="104.0629959584374"><ele>480</ele><time>2025-05-10T03:57:44.000Z</time></trkpt>
<trkpt lat="30.54108434223843" lon="104.0629959584374"><ele>480</ele><time>2025-05-10T03:57:45.000Z</time></trkpt>
<trkpt lat="30.54108434223843" lon="104.0629959584374"><ele>480</ele><time>2025-05-10T03:57:46.000Z</time></trkpt>
<trkpt lat="30.54108434223843" lon="104.0629959584374"><ele>480</ele><time>2025-05-10T03:57:47.000Z</time></trkpt>
<trkpt lat="30.54108434223843" lon="104.0629959584374"><ele>480</ele><time>2025-05-10T03:57:48.000Z</time></trkpt>
<trkpt lat="30.54108434223843" lon="104.0629959584374"><ele>480</ele><time>2025-05-10T03:57:49.000Z</time></trkpt>
<trkpt lat="30.54108434223843" lon="104.0629959584374"><ele>480</ele><time>2025-05-10T03:57:50.000Z</time></trkpt>
<trkpt lat="30.54108434223843" lon="104.0629959584374"><ele>480</ele><time>2025-05-10T03:57:51.000Z</time></trkpt>
<trkpt lat="30.54108434223843" lon="104.0629959584374"><ele>480</ele><time>2025-05-10T03:57:52.000Z</time></trkpt>
<trkpt lat="30.54108434223843" lon="104.0629959584374"><ele>480</ele><time>2025-05-10T03:57:53.000Z</time></trkpt>
<trkpt lat="30.54108434223843" lon="104.0629959584374"><ele>480</ele><time>2025-05-10T03:57:54.000Z</time></trkpt>
<trkpt lat="30.54108434223843" lon="104.0629959584374"><ele>480</ele><time>2025-05-10T03:57:55.000Z</time></trkpt>
<trkpt lat="30.54108434223843" lon="104.0629959584374"><ele>480</ele><time>2025-05-10T03:57:56.000Z</time></trkpt>
<trkpt lat="30.54108434223843" lon="104.0629959584374"><ele>480</ele><time>2025-05-10T03:57:57.000Z</time></trkpt>
<trkpt lat="30.54108434223843" lon="104.0629959584374"><ele>479</ele><time>2025-05-10T03:57:58.000Z</time></trkpt>
<trkpt lat="30.54108434223843" lon="104.0629959584374"><ele>479</ele><time>2025-05-10T03:57:59.000Z</time></trkpt>
<trkpt lat="30.54108434223843" lon="104.0629959584374"><ele>479</ele><time>2025-05-10T03:58:00.000Z</time></trkpt>
<trkpt lat="30.54108434223843" lon="104.0629959584374"><ele>479</ele><time>2025-05-10T03:58:01.000Z</time></trkpt>
<trkpt lat="30.54108434223843" lon="104.0629959584374"><ele>479</ele><time>2025-05-10T03:58:02.000Z</time></trkpt>
<trkpt lat="30.54108434223843" lon="104.0629959584374"><ele>479</ele><time>2025-05-10T03:58:03.000Z</time></trkpt>
<trkpt lat="30.54108434223843" lon="104.0629959584374"><ele>479</ele><time>2025-05-10T03:58:04.000Z</time></trkpt>
<trkpt lat="30.54108434223843" lon="104.0629959584374"><ele>479</ele><time>2025-05-10T03:58:05.000Z</time></trkpt>
<trkpt lat="30.54108434223843" lon="104.0629959584374"><ele>479</ele><time>2025-05-10T03:58:06.000Z</time></trkpt>
<trkpt lat="30.54108434223843" lon="104.0629959584374"><ele>479</ele><time>2025-05-10T03:58:07.000Z</time></trkpt>
<trkpt lat="30.54108434223843" lon="104.0629959584374"><ele>479</ele><time>2025-05-10T03:58:08.000Z</time></trkpt>
<trkpt lat="30.54108434223843" lon="104.0629959584374"><ele>479</ele><time>2025-05-10T03:58:09.000Z</time></trkpt>
<trkpt lat="30.54108434223843" lon="104.0629959584374"><ele>479</ele><time>2025-05-10T03:58:10.000Z</time></trkpt>
<trkpt lat="30.54108434223843" lon="104.0629959584374"><ele>479</ele><time>2025-05-10T03:58:11.000Z</time></trkpt>
<trkpt lat="30.54108434223843" lon="104.0629959584374"><ele>479</ele><time>2025-05-10T03:58:12.000Z</time></trkpt>
<trkpt lat="30.54108434223843" lon="104.0629959584374"><ele>479</ele><time>2025-05-10T03:58:13.000Z</time></trkpt>
<trkpt lat="30.54108434223843" lon="104.0629959584374"><ele>479</ele><time>2025-05-10T03:58:14.000Z</time></trkpt>
<trkpt lat="30.54108434223843" lon="104.0629959584374"><ele>479</ele><time>2025-05-10T03:58:15.000Z</time></trkpt>
<trkpt lat="30.54108434223843" lon="104.0629959584374"><ele>479</ele><time>2025-05-10T03:58:16.000Z</time></trkpt>
<trkpt lat="30.54108434223843" lon="104.0629959584374"><ele>479</ele><time>2025-05-10T03:58:17.000Z</time></trkpt>
<trkpt lat="30.54108434223843" lon="104.0629959584374"><ele>479</ele><time>2025-05-10T03:58:18.000Z</time></trkpt>
<trkpt lat="30.54108434223843" lon="104.0629959584374"><ele>479</ele><time>2025-05-10T03:58:19.000Z</time></trkpt>
<trkpt lat="30.54108434223843" lon="104.0629959584374"><ele>479</ele><time>2025-05-10T03:58:20.000Z</time></trkpt>
<trkpt lat="30.54108434223843" lon="104.0629959584374"><ele>478</ele><time>2025-05-10T03:58:21.000Z</time></trkpt>
<trkpt lat="30.54108434223843" lon="104.0629959584374"><ele>478</ele><time>2025-05-10T03:58:22.000Z</time></trkpt>
<trkpt lat="30.54108434223843" lon="104.0629959584374"><ele>478</ele><time>2025-05-10T03:58:23.000Z</time></trkpt>
<trkpt lat="30.54108434223843" lon="104.0629959584374"><ele>478</ele><time>2025-05-10T03:58:24.000Z</time></trkpt>
<trkpt lat="30.54108434223843" lon="104.0629959584374"><ele>477</ele><time>2025-05-10T03:58:25.000Z</time></trkpt>
<trkpt lat="30.54108434223843" lon="104.0629959584374"><ele>477</ele><time>2025-05-10T03:58:26.000Z</time></trkpt>
<trkpt lat="30.54108434223843" lon="104.0629959584374"><ele>477</ele><time>2025-05-10T03:58:27.000Z</time></trkpt>
<trkpt lat="30.54108434223843" lon="104.0629959584374"><ele>477</ele><time>2025-05-10T03:58:28.000Z</time></trkpt>
<trkpt lat="30.54108434223843" lon="104.0629959584374"><ele>477</ele><time>2025-05-10T03:58:29.000Z</time></trkpt>
<trkpt lat="30.54108434223843" lon="104.0629959584374"><ele>477</ele><time>2025-05-10T03:58:30.000Z</time></trkpt>
<trkpt lat="30.54108434223843" lon="104.0629959584374"><ele>477</ele><time>2025-05-10T03:58:31.000Z</time></trkpt>
<trkpt lat="30.54108434223843" lon="104.0629959584374"><ele>477</ele><time>2025-05-10T03:58:32.000Z</time></trkpt>
<trkpt lat="30.54108434223843" lon="104.0629959584374"><ele>477</ele><time>2025-05-10T03:58:33.000Z</time></trkpt>
<trkpt lat="30.54108434223843" lon="104.0629959584374"><ele>477</ele><time>2025-05-10T03:58:34.000Z</time></trkpt>
<trkpt lat="30.54108434223843" lon="104.0629959584374"><ele>477</ele><time>2025-05-10T03:58:35.000Z</time></trkpt>
<trkpt lat="30.54108434223843" lon="104.0629959584374"><ele>477</ele><time>2025-05-10T03:58:36.000Z</time></trkpt>
<trkpt lat="30.54108434223843" lon="104.0629959584374"><ele>477</ele><time>2025-05-10T03:58:37.000Z</time></trkpt>
<trkpt lat="30.54108434223843" lon="104.0629959584374"><ele>477</ele><time>2025-05-10T03:58:38.000Z</time></trkpt>
<trkpt lat="30.54108434223843" lon="104.0629959584374"><ele>477</ele><time>2025-05-10T03:58:39.000Z</time></trkpt>
<trkpt lat="30.54108434223843" lon="104.0629959584374"><ele>477</ele><time>2025-05-10T03:58:40.000Z</time></trkpt>
<trkpt lat="30.54108434223843" lon="104.0629959584374"><ele>477</ele><time>2025-05-10T03:58:41.000Z</time></trkpt>
<trkpt lat="30.54108434223843" lon="104.0629959584374"><ele>477</ele><time>2025-05-10T03:58:42.000Z</time></trkpt>
<trkpt lat="30.54108434223843" lon="104.0629959584374"><ele>477</ele><time>2025-05-10T03:58:43.000Z</time></trkpt>
<trkpt lat="30.54108434223843" lon="104.0629959584374"><ele>477</ele><time>2025-05-10T03:58:44.000Z</time></trkpt>
<trkpt lat="30.54108434223843" lon="104.0629959584374"><ele>477</ele><time>2025-05-10T03:58:45.000Z</time></trkpt>
<trkpt lat="30.54108434223843" lon="104.0629959584374"><ele>476</ele><time>2025-05-10T03:58:46.000Z</time></trkpt>
<trkpt lat="30.54108434223843" lon="104.0629959584374"><ele>476</ele><time>2025-05-10T03:58:47.000Z</time></trkpt>
<trkpt lat="30.54108434223843" lon="104.0629959584374"><ele>476</ele><time>2025-05-10T03:58:48.000Z</time></trkpt>
<trkpt lat="30.54108434223843" lon="104.0629959584374"><ele>477</ele><time>2025-05-10T03:58:49.000Z</time></trkpt>
<trkpt lat="30.54108434223843" lon="104.0629959584374"><ele>477</ele><time>2025-05-10T03:58:50.000Z</time></trkpt>
<trkpt lat="30.54108434223843" lon="104.0629959584374"><ele>477</ele><time>2025-05-10T03:58:51.000Z</time></trkpt>
<trkpt lat="30.54108434223843" lon="104.0629959584374"><ele>477</ele><time>2025-05-10T03:58:52.000Z</time></trkpt>
<trkpt lat="30.54108434223843" lon="104.0629959584374"><ele>477</ele><time>2025-05-10T03:58:53.000Z</time></trkpt>
<trkpt lat="30.54108434223843" lon="104.0629959584374"><ele>477</ele><time>2025-05-10T03:58:54.000Z</time></trkpt>
<trkpt lat="30.54108434223843" lon="104.0629959584374"><ele>477</ele><time>2025-05-10T03:58:55.000Z</time></trkpt>
<trkpt lat="30.54108434223843" lon="104.0629959584374"><ele>477</ele><time>2025-05-10T03:58:56.000Z</time></trkpt>
<trkpt lat="30.54108434223843" lon="104.0629959584374"><ele>477</ele><time>2025-05-10T03:58:57.000Z</time></trkpt>
<trkpt lat="30.54108434223843" lon="104.0629959584374"><ele>477</ele><time>2025-05-10T03:58:58.000Z</time></trkpt>
<trkpt lat="30.54108434223843" lon="104.0629959584374"><ele>477</ele><time>2025-05-10T03:58:59.000Z</time></trkpt>
<trkpt lat="30.54108434223843" lon="104.0629959584374"><ele>477</ele><time>2025-05-10T03:59:00.000Z</time></trkpt>
<trkpt lat="30.54108434223843" lon="104.0629959584374"><ele>478</ele><time>2025-05-10T03:59:01.000Z</time></trkpt>
<trkpt lat="30.54108434223843" lon="104.0629959584374"><ele>477</ele><time>2025-05-10T03:59:02.000Z</time></trkpt>
<trkpt lat="30.54108434223843" lon="104.0629959584374"><ele>477</ele><time>2025-05-10T03:59:03.000Z</time></trkpt>
<trkpt lat="30.54108434223843" lon="104.0629959584374"><ele>477</ele><time>2025-05-10T03:59:04.000Z</time></trkpt>
<trkpt lat="30.54108434223843" lon="104.0629959584374"><ele>477</ele><time>2025-05-10T03:59:05.000Z</time></trkpt>
<trkpt lat="30.54108434223843" lon="104.0629959584374"><ele>478</ele><time>2025-05-10T03:59:06.000Z</time></trkpt>
<trkpt lat="30.54108434223843" lon="104.0629959584374"><ele>478</ele><time>2025-05-10T03:59:07.000Z</time></trkpt>
<trkpt lat="30.54108434223843" lon="104.0629959584374"><ele>478</ele><time>2025-05-10T03:59:08.000Z</time></trkpt>
<trkpt lat="30.54108434223843" lon="104.0629959584374"><ele>478</ele><time>2025-05-10T03:59:09.000Z</time></trkpt>
<trkpt lat="30.54108434223843" lon="104.0629959584374"><ele>478</ele><time>2025-05-10T03:59:10.000Z</time></trkpt>
<trkpt lat="30.54108434223843" lon="104.0629959584374"><ele>478</ele><time>2025-05-10T03:59:11.000Z</time></trkpt>
<trkpt lat="30.54108434223843" lon="104.0629959584374"><ele>478</ele><time>2025-05-10T03:59:12.000Z</time></trkpt>
<trkpt lat="30.54108434223843" lon="104.0629959584374"><ele>478</ele><time>2025-05-10T03:59:13.000Z</time></trkpt>
<trkpt lat="30.54108434223843" lon="104.0629959584374"><ele>478</ele><time>2025-05-10T03:59:14.000Z</time></trkpt>
<trkpt lat="30.54108434223843" lon="104.0629959584374"><ele>478</ele><time>2025-05-10T03:59:15.000Z</time></trkpt>
<trkpt lat="30.54108434223843" lon="104.0629959584374"><ele>478</ele><time>2025-05-10T03:59:16.000Z</time></trkpt>
<trkpt lat="30.54108434223843" lon="104.0629959584374"><ele>479</ele><time>2025-05-10T03:59:17.000Z</time></trkpt>
<trkpt lat="30.54108434223843" lon="104.0629959584374"><ele>478</ele><time>2025-05-10T03:59:18.000Z</time></trkpt>
<trkpt lat="30.54108434223843" lon="104.0629959584374"><ele>478</ele><time>2025-05-10T03:59:19.000Z</time></trkpt>
<trkpt lat="30.54108434223843" lon="104.0629959584374"><ele>478</ele><time>2025-05-10T03:59:20.000Z</time></trkpt>
<trkpt lat="30.54108434223843" lon="104.0629959584374"><ele>478</ele><time>2025-05-10T03:59:21.000Z</time></trkpt>
<trkpt lat="30.54108434223843" lon="104.0629959584374"><ele>478</ele><time>2025-05-10T03:59:22.000Z</time></trkpt>
<trkpt lat="30.54108434223843" lon="104.0629959584374"><ele>478</ele><time>2025-05-10T03:59:23.000Z</time></trkpt>
<trkpt lat="30.54108434223843" lon="104.0629959584374"><ele>478</ele><time>2025-05-10T03:59:24.000Z</time></trkpt>
<trkpt lat="30.54108434223843" lon="104.0629959584374"><ele>479</ele><time>2025-05-10T03:59:25.000Z</time></trkpt>
<trkpt lat="30.54108434223843" lon="104.0629959584374"><ele>479</ele><time>2025-05-10T03:59:26.000Z</time></trkpt>
<trkpt lat="30.54108434223843" lon="104.0629959584374"><ele>479</ele><time>2025-05-10T03:59:27.000Z</time></trkpt>
<trkpt lat="30.54108434223843" lon="104.0629959584374"><ele>479</ele><time>2025-05-10T03:59:28.000Z</time></trkpt>
<trkpt lat="30.54108434223843" lon="104.0629959584374"><ele>479</ele><time>2025-05-10T03:59:29.000Z</time></trkpt>
<trkpt lat="30.54108434223843" lon="104.0629959584374"><ele>479</ele><time>2025-05-10T03:59:30.000Z</time></trkpt>
<trkpt lat="30.54108434223843" lon="104.0629959584374"><ele>479</ele><time>2025-05-10T03:59:31.000Z</time></trkpt>
<trkpt lat="30.54108434223843" lon="104.0629959584374"><ele>479</ele><time>2025-05-10T03:59:32.000Z</time></trkpt>
<trkpt lat="30.54108434223843" lon="104.0629959584374"><ele>480</ele><time>2025-05-10T03:59:33.000Z</time></trkpt>
<trkpt lat="30.54108434223843" lon="104.0629959584374"><ele>480</ele><time>2025-05-10T03:59:34.000Z</time></trkpt>
<trkpt lat="30.54108434223843" lon="104.0629959584374"><ele>480</ele><time>2025-05-10T03:59:35.000Z</time></trkpt>
<trkpt lat="30.54108434223843" lon="104.0629959584374"><ele>480</ele><time>2025-05-10T03:59:36.000Z</time></trkpt>
<trkpt lat="30.54108434223843" lon="104.0629959584374"><ele>480</ele><time>2025-05-10T03:59:37.000Z</time></trkpt>
<trkpt lat="30.54108434223843" lon="104.0629959584374"><ele>480</ele><time>2025-05-10T03:59:38.000Z</time></trkpt>
<trkpt lat="30.54108434223843" lon="104.0629959584374"><ele>480</ele><time>2025-05-10T03:59:39.000Z</time></trkpt>
<trkpt lat="30.54108434223843" lon="104.0629959584374"><ele>480</ele><time>2025-05-10T03:59:40.000Z</time></trkpt>
<trkpt lat="30.54108434223843" lon="104.0629959584374"><ele>480</ele><time>2025-05-10T03:59:41.000Z</time></trkpt>
<trkpt lat="30.54108434223843" lon="104.0629959584374"><ele>480</ele><time>2025-05-10T03:59:42.000Z</time></trkpt>
<trkpt lat="30.54108434223843" lon="104.0629959584374"><ele>480</ele><time>2025-05-10T03:59:43.000Z</time></trkpt>
<trkpt lat="30.54108434223843" lon="104.0629959584374"><ele>480</ele><time>2025-05-10T03:59:44.000Z</time></trkpt>
<trkpt lat="30.54108434223843" lon="104.0629959584374"><ele>480</ele><time>2025-05-10T03:59:45.000Z</time></trkpt>
<trkpt lat="30.54108434223843" lon="104.0629959584374"><ele>481</ele><time>2025-05-10T03:59:46.000Z</time></trkpt>
<trkpt lat="30.54108434223843" lon="104.0629959584374"><ele>481</ele><time>2025-05-10T03:59:47.000Z</time></trkpt>
<trkpt lat="30.54108434223843" lon="104.0629959584374"><ele>481</ele><time>2025-05-10T03:59:48.000Z</time></trkpt>
<trkpt lat="30.54108434223843" lon="104.0629959584374"><ele>481</ele><time>2025-05-10T03:59:49.000Z</time></trkpt>
<trkpt lat="30.54108434223843" lon="104.0629959584374"><ele>482</ele><time>2025-05-10T03:59:50.000Z</time></trkpt>
<trkpt lat="30.54108434223843" lon="104.0629959584374"><ele>482</ele><time>2025-05-10T03:59:51.000Z</time></trkpt>
<trkpt lat="30.54108434223843" lon="104.0629959584374"><ele>482</ele><time>2025-05-10T03:59:52.000Z</time></trkpt>
<trkpt lat="30.54108434223843" lon="104.0629959584374"><ele>482</ele><time>2025-05-10T03:59:53.000Z</time></trkpt>
<trkpt lat="30.54108434223843" lon="104.0629959584374"><ele>482</ele><time>2025-05-10T03:59:54.000Z</time></trkpt>
<trkpt lat="30.54108434223843" lon="104.0629959584374"><ele>483</ele><time>2025-05-10T03:59:55.000Z</time></trkpt>
<trkpt lat="30.54108434223843" lon="104.0629959584374"><ele>483</ele><time>2025-05-10T03:59:56.000Z</time></trkpt>
<trkpt lat="30.54108434223843" lon="104.0629959584374"><ele>482</ele><time>2025-05-10T03:59:57.000Z</time></trkpt>
<trkpt lat="30.54108434223843" lon="104.0629959584374"><ele>482</ele><time>2025-05-10T03:59:58.000Z</time></trkpt>
<trkpt lat="30.54108434223843" lon="104.0629959584374"><ele>482</ele><time>2025-05-10T03:59:59.000Z</time></trkpt>
<trkpt lat="30.54108434223843" lon="104.0629959584374"><ele>482</ele><time>2025-05-10T04:00:00.000Z</time></trkpt>
<trkpt lat="30.54108434223843" lon="104.0629959584374"><ele>482</ele><time>2025-05-10T04:00:01.000Z</time></trkpt>
<trkpt lat="30.54108434223843" lon="104.0629959584374"><ele>482</ele><time>2025-05-10T04:00:02.000Z</time></trkpt>
<trkpt lat="30.54108434223843" lon="104.0629959584374"><ele>482</ele><time>2025-05-10T04:00:03.000Z</time></trkpt>
<trkpt lat="30.54108434223843" lon="104.0629959584374"><ele>482</ele><time>2025-05-10T04:00:04.000Z</time></trkpt>
<trkpt lat="30.54108434223843" lon="104.0629959584374"><ele>482</ele><time>2025-05-10T04:00:05.000Z</time></trkpt>
<trkpt lat="30.54108434223843" lon="104.0629959584374"><ele>482</ele><time>2025-05-10T04:00:06.000Z</time></trkpt>
<trkpt lat="30.54108434223843" lon="104.0629959584374"><ele>482</ele><time>2025-05-10T04:00:07.000Z</time></trkpt>
<trkpt lat="30.54108434223843" lon="104.0629959584374"><ele>482</ele><time>2025-05-10T04:00:08.000Z</time></trkpt>
<trkpt lat="30.54108434223843" lon="104.0629959584374"><ele>482</ele><time>2025-05-10T04:00:09.000Z</time></trkpt>
<trkpt lat="30.54108434223843" lon="104.0629959584374"><ele>482</ele><time>2025-05-10T04:00:10.000Z</time></trkpt>
<trkpt lat="30.54108434223843" lon="104.0629959584374"><ele>482</ele><time>2025-05-10T04:00:11.000Z</time></trkpt>
<trkpt lat="30.54108434223843" lon="104.0629959584374"><ele>482</ele><time>2025-05-10T04:00:12.000Z</time></trkpt>
<trkpt lat="30.54108434223843" lon="104.0629959584374"><ele>482</ele><time>2025-05-10T04:00:13.000Z</time></trkpt>
<trkpt lat="30.54108434223843" lon="104.0629959584374"><ele>482</ele><time>2025-05-10T04:00:14.000Z</time></trkpt>
<trkpt lat="30.54108434223843" lon="104.0629959584374"><ele>482</ele><time>2025-05-10T04:00:15.000Z</time></trkpt>
<trkpt lat="30.54108434223843" lon="104.0629959584374"><ele>482</ele><time>2025-05-10T04:00:16.000Z</time></trkpt>
<trkpt lat="30.54108434223843" lon="104.0629959584374"><ele>482</ele><time>2025-05-10T04:00:17.000Z</time></trkpt>
<trkpt lat="30.54108434223843" lon="104.0629959584374"><ele>482</ele><time>2025-05-10T04:00:18.000Z</time></trkpt>
<trkpt lat="30.54108434223843" lon="104.0629959584374"><ele>482</ele><time>2025-05-10T04:00:19.000Z</time></trkpt>
<trkpt lat="30.54108434223843" lon="104.0629959584374"><ele>482</ele><time>2025-05-10T04:00:20.000Z</time></trkpt>
<trkpt lat="30.54108434223843" lon="104.0629959584374"><ele>482</ele><time>2025-05-10T04:00:21.000Z</time></trkpt>
<trkpt lat="30.54108434223843" lon="104.0629959584374"><ele>482</ele><time>2025-05-10T04:00:22.000Z</time></trkpt>
<trkpt lat="30.54108434223843" lon="104.0629959584374"><ele>482</ele><time>2025-05-10T04:00:23.000Z</time></trkpt>
<trkpt lat="30.54108434223843" lon="104.0629959584374"><ele>482</ele><time>2025-05-10T04:00:24.000Z</time></trkpt>
<trkpt lat="30.54108434223843" lon="104.0629959584374"><ele>482</ele><time>2025-05-10T04:00:25.000Z</time></trkpt>
<trkpt lat="30.54108434223843" lon="104.0629959584374"><ele>482</ele><time>2025-05-10T04:00:26.000Z</time></trkpt>
<trkpt lat="30.54108434223843" lon="104.0629959584374"><ele>482</ele><time>2025-05-10T04:00:27.000Z</time></trkpt>
<trkpt lat="30.54108434223843" lon="104.0629959584374"><ele>482</ele><time>2025-05-10T04:00:28.000Z</time></trkpt>
<trkpt lat="30.54108434223843" lon="104.0629959584374"><ele>482</ele><time>2025-05-10T04:00:29.000Z</time></trkpt>
<trkpt lat="30.54108434223843" lon="104.0629959584374"><ele>482</ele><time>2025-05-10T04:00:30.000Z</time></trkpt>
<trkpt lat="30.54108434223843" lon="104.0629959584374"><ele>482</ele><time>2025-05-10T04:00:31.000Z</time></trkpt>
<trkpt lat="30.54108434223843" lon="104.0629959584374"><ele>482</ele><time>2025-05-10T04:00:32.000Z</time></trkpt>
<trkpt lat="30.54108434223843" lon="104.0629959584374"><ele>482</ele><time>2025-05-10T04:00:33.000Z</time></trkpt>
<trkpt lat="30.54108434223843" lon="104.0629959584374"><ele>482</ele><time>2025-05-10T04:00:34.000Z</time></trkpt>
<trkpt lat="30.54108434223843" lon="104.0629959584374"><ele>482</ele><time>2025-05-10T04:00:35.000Z</time></trkpt>
<trkpt lat="30.54108434223843" lon="104.0629959584374"><ele>482</ele><time>2025-05-10T04:00:36.000Z</time></trkpt>
<trkpt lat="30.54108434223843" lon="104.0629959584374"><ele>482</ele><time>2025-05-10T04:00:37.000Z</time></trkpt>
<trkpt lat="30.54108434223843" lon="104.0629959584374"><ele>482</ele><time>2025-05-10T04:00:38.000Z</time></trkpt>
<trkpt lat="30.54108434223843" lon="104.0629959584374"><ele>482</ele><time>2025-05-10T04:00:39.000Z</time></trkpt>
<trkpt lat="30.54108434223843" lon="104.0629959584374"><ele>482</ele><time>2025-05-10T04:00:40.000Z</time></trkpt>
<trkpt lat="30.54108434223843" lon="104.0629959584374"><ele>482</ele><time>2025-05-10T04:00:41.000Z</time></trkpt>
<trkpt lat="30.54108434223843" lon="104.0629959584374"><ele>482</ele><time>2025-05-10T04:00:42.000Z</time></trkpt>
<trkpt lat="30.54108434223843" lon="104.0629959584374"><ele>482</ele><time>2025-05-10T04:00:43.000Z</time></trkpt>
<trkpt lat="30.54108434223843" lon="104.0629959584374"><ele>482</ele><time>2025-05-10T04:00:44.000Z</time></trkpt>
<trkpt lat="30.54108434223843" lon="104.0629959584374"><ele>482</ele><time>2025-05-10T04:00:45.000Z</time></trkpt>
<trkpt lat="30.54108434223843" lon="104.0629959584374"><ele>482</ele><time>2025-05-10T04:00:46.000Z</time></trkpt>
<trkpt lat="30.54108434223843" lon="104.0629959584374"><ele>482</ele><time>2025-05-10T04:00:47.000Z</time></trkpt>
<trkpt lat="30.54108434223843" lon="104.0629959584374"><ele>482</ele><time>2025-05-10T04:00:48.000Z</time></trkpt>
<trkpt lat="30.54108434223843" lon="104.0629959584374"><ele>483</ele><time>2025-05-10T04:00:49.000Z</time></trkpt>
<trkpt lat="30.54108434223843" lon="104.0629959584374"><ele>482</ele><time>2025-05-10T04:00:50.000Z</time></trkpt>
<trkpt lat="30.54108434223843" lon="104.0629959584374"><ele>483</ele><time>2025-05-10T04:00:51.000Z</time></trkpt>
<trkpt lat="30.54108434223843" lon="104.0629959584374"><ele>483</ele><time>2025-05-10T04:00:52.000Z</time></trkpt>
<trkpt lat="30.54108434223843" lon="104.0629959584374"><ele>482</ele><time>2025-05-10T04:00:53.000Z</time></trkpt>
<trkpt lat="30.54108434223843" lon="104.0629959584374"><ele>482</ele><time>2025-05-10T04:00:54.000Z</time></trkpt>
<trkpt lat="30.54108434223843" lon="104.0629959584374"><ele>483</ele><time>2025-05-10T04:00:55.000Z</time></trkpt>
<trkpt lat="30.54108434223843" lon="104.0629959584374"><ele>482</ele><time>2025-05-10T04:00:56.000Z</time></trkpt>
<trkpt lat="30.54108434223843" lon="104.0629959584374"><ele>483</ele><time>2025-05-10T04:00:57.000Z</time></trkpt>
<trkpt lat="30.54108434223843" lon="104.0629959584374"><ele>482</ele><time>2025-05-10T04:00:58.000Z</time></trkpt>
<trkpt lat="30.54108434223843" lon="104.0629959584374"><ele>482</ele><time>2025-05-10T04:00:59.000Z</time></trkpt>
<trkpt lat="30.54108434223843" lon="104.0629959584374"><ele>482</ele><time>2025-05-10T04:01:00.000Z</time></trkpt>
<trkpt lat="30.54108434223843" lon="104.0629959584374"><ele>482</ele><time>2025-05-10T04:01:01.000Z</time></trkpt>
<trkpt lat="30.54108434223843" lon="104.0629959584374"><ele>482</ele><time>2025-05-10T04:01:02.000Z</time></trkpt>
<trkpt lat="30.54108434223843" lon="104.0629959584374"><ele>482</ele><time>2025-05-10T04:01:03.000Z</time></trkpt>
<trkpt lat="30.54108434223843" lon="104.0629959584374"><ele>482</ele><time>2025-05-10T04:01:04.000Z</time></trkpt>
<trkpt lat="30.54108434223843" lon="104.0629959584374"><ele>482</ele><time>2025-05-10T04:01:05.000Z</time></trkpt>
<trkpt lat="30.54108434223843" lon="104.0629959584374"><ele>483</ele><time>2025-05-10T04:01:06.000Z</time></trkpt>
<trkpt lat="30.54108434223843" lon="104.0629959584374"><ele>482</ele><time>2025-05-10T04:01:07.000Z</time></trkpt>
<trkpt lat="30.54108434223843" lon="104.0629959584374"><ele>483</ele><time>2025-05-10T04:01:08.000Z</time></trkpt>
<trkpt lat="30.54108434223843" lon="104.0629959584374"><ele>483</ele><time>2025-05-10T04:01:09.000Z</time></trkpt>
<trkpt lat="30.54108434223843" lon="104.0629959584374"><ele>482</ele><time>2025-05-10T04:01:10.000Z</time></trkpt>
<trkpt lat="30.54108434223843" lon="104.0629959584374"><ele>483</ele><time>2025-05-10T04:01:11.000Z</time></trkpt>
<trkpt lat="30.54108434223843" lon="104.0629959584374"><ele>482</ele><time>2025-05-10T04:01:12.000Z</time></trkpt>
<trkpt lat="30.54108434223843" lon="104.0629959584374"><ele>482</ele><time>2025-05-10T04:01:13.000Z</time></trkpt>
<trkpt lat="30.54108434223843" lon="104.0629959584374"><ele>483</ele><time>2025-05-10T04:01:14.000Z</time></trkpt>
<trkpt lat="30.54108434223843" lon="104.0629959584374"><ele>483</ele><time>2025-05-10T04:01:15.000Z</time></trkpt>
<trkpt lat="30.54108434223843" lon="104.0629959584374"><ele>483</ele><time>2025-05-10T04:01:16.000Z</time></trkpt>
<trkpt lat="30.54108434223843" lon="104.0629959584374"><ele>483</ele><time>2025-05-10T04:01:17.000Z</time></trkpt>
<trkpt lat="30.54108434223843" lon="104.0629959584374"><ele>483</ele><time>2025-05-10T04:01:18.000Z</time></trkpt>
<trkpt lat="30.54108434223843" lon="104.0629959584374"><ele>484</ele><time>2025-05-10T04:01:19.000Z</time></trkpt>
<trkpt lat="30.54108434223843" lon="104.0629959584374"><ele>484</ele><time>2025-05-10T04:01:20.000Z</time></trkpt>
<trkpt lat="30.54108434223843" lon="104.0629959584374"><ele>484</ele><time>2025-05-10T04:01:21.000Z</time></trkpt>
<trkpt lat="30.54108434223843" lon="104.0629959584374"><ele>484</ele><time>2025-05-10T04:01:22.000Z</time></trkpt>
<trkpt lat="30.54108434223843" lon="104.0629959584374"><ele>483</ele><time>2025-05-10T04:01:23.000Z</time></trkpt>
<trkpt lat="30.54108434223843" lon="104.0629959584374"><ele>483</ele><time>2025-05-10T04:01:24.000Z</time></trkpt>
<trkpt lat="30.54108434223843" lon="104.0629959584374"><ele>483</ele><time>2025-05-10T04:01:25.000Z</time></trkpt>
<trkpt lat="30.54108434223843" lon="104.0629959584374"><ele>483</ele><time>2025-05-10T04:01:26.000Z</time></trkpt>
<trkpt lat="30.54108434223843" lon="104.0629959584374"><ele>483</ele><time>2025-05-10T04:01:27.000Z</time></trkpt>
<trkpt lat="30.54108434223843" lon="104.0629959584374"><ele>483</ele><time>2025-05-10T04:01:28.000Z</time></trkpt>
<trkpt lat="30.54108434223843" lon="104.0629959584374"><ele>483</ele><time>2025-05-10T04:01:29.000Z</time></trkpt>
<trkpt lat="30.54108434223843" lon="104.0629959584374"><ele>483</ele><time>2025-05-10T04:01:30.000Z</time></trkpt>
<trkpt lat="30.54108434223843" lon="104.0629959584374"><ele>483</ele><time>2025-05-10T04:01:31.000Z</time></trkpt>
<trkpt lat="30.54108434223843" lon="104.0629959584374"><ele>483</ele><time>2025-05-10T04:01:32.000Z</time></trkpt>
<trkpt lat="30.54108434223843" lon="104.0629959584374"><ele>484</ele><time>2025-05-10T04:01:33.000Z</time></trkpt>
<trkpt lat="30.54108434223843" lon="104.0629959584374"><ele>484</ele><time>2025-05-10T04:01:34.000Z</time></trkpt>
<trkpt lat="30.54108434223843" lon="104.0629959584374"><ele>484</ele><time>2025-05-10T04:01:35.000Z</time></trkpt>
<trkpt lat="30.54108434223843" lon="104.0629959584374"><ele>484</ele><time>2025-05-10T04:01:36.000Z</time></trkpt>
<trkpt lat="30.54108434223843" lon="104.0629959584374"><ele>484</ele><time>2025-05-10T04:01:37.000Z</time></trkpt>
<trkpt lat="30.54108434223843" lon="104.0629959584374"><ele>484</ele><time>2025-05-10T04:01:38.000Z</time></trkpt>
<trkpt lat="30.54108434223843" lon="104.0629959584374"><ele>483</ele><time>2025-05-10T04:01:39.000Z</time></trkpt>
<trkpt lat="30.54108434223843" lon="104.0629959584374"><ele>484</ele><time>2025-05-10T04:01:40.000Z</time></trkpt>
<trkpt lat="30.54108434223843" lon="104.0629959584374"><ele>483</ele><time>2025-05-10T04:01:41.000Z</time></trkpt>
<trkpt lat="30.54108434223843" lon="104.0629959584374"><ele>484</ele><time>2025-05-10T04:01:42.000Z</time></trkpt>
<trkpt lat="30.54108434223843" lon="104.0629959584374"><ele>484</ele><time>2025-05-10T04:01:43.000Z</time></trkpt>
<trkpt lat="30.54108434223843" lon="104.0629959584374"><ele>484</ele><time>2025-05-10T04:01:44.000Z</time></trkpt>
<trkpt lat="30.54108434223843" lon="104.0629959584374"><ele>484</ele><time>2025-05-10T04:01:45.000Z</time></trkpt>
<trkpt lat="30.54108434223843" lon="104.0629959584374"><ele>484</ele><time>2025-05-10T04:01:46.000Z</time></trkpt>
<trkpt lat="30.54108434223843" lon="104.0629959584374"><ele>484</ele><time>2025-05-10T04:01:47.000Z</time></trkpt>
<trkpt lat="30.54108434223843" lon="104.0629959584374"><ele>484</ele><time>2025-05-10T04:01:48.000Z</time></trkpt>
<trkpt lat="30.54108434223843" lon="104.0629959584374"><ele>484</ele><time>2025-05-10T04:01:49.000Z</time></trkpt>
<trkpt lat="30.54108434223843" lon="104.0629959584374"><ele>484</ele><time>2025-05-10T04:01:50.000Z</time></trkpt>
</trkseg></trk></gpx>