<?xml version="1.0" encoding="utf-8"?><gpx xmlns:ns3="http://www.garmin.com/xmlschemas/TrackPointExtension/v1" xmlns="http://www.topografix.com/GPX/1/1" xmlns:xsi="http://www.w3.org/2001/XMLSchema-instance" xmlns:ns2="http://www.garmin.com/xmlschemas/GpxExtensions/v3" creator="Garmin Connect" version="1.1" xsi:schemaLocation="http://www.topografix.com/GPX/1/1 http://www.topografix.com/GPX/11.xsd"><metadata><time>2025-02-08T10:52:39.000Z</time></metadata><trk><type>20250208户外骑行</type><extensions><totalTime>3494</totalTime><cumulativeDecrease>547</cumulativeDecrease><cumulativeClimb>571</cumulativeClimb><totalDistance>12097</totalDistance><routeType>0</routeType></extensions><trkseg><trkpt lat="30.54056354286061" lon="104.0628319370433"><ele>484</ele><time>2025-02-08T10:52:39.000Z</time></trkpt>
<trkpt lat="30.5406834812394" lon="104.0627865665843"><ele>494</ele><time>2025-02-08T10:52:43.000Z</time></trkpt>
<trkpt lat="30.54056402137392" lon="104.0628318809222"><ele>494</ele><time>2025-02-08T10:52:43.000Z</time></trkpt>
<trkpt lat="30.54106359947531" lon="104.0627461456716"><ele>502</ele><time>2025-02-08T10:52:54.000Z</time></trkpt>
<trkpt lat="30.54106086416842" lon="104.0628528862735"><ele>502</ele><time>2025-02-08T10:54:37.000Z</time></trkpt>
<trkpt lat="30.54097738203915" lon="104.0629130847815"><ele>492</ele><time>2025-02-08T10:55:16.000Z</time></trkpt>
<trkpt lat="30.54088389129768" lon="104.0629845427473"><ele>492</ele><time>2025-02-08T10:55:19.000Z</time></trkpt>
<trkpt lat="30.54081072525458" lon="104.0630466097252"><ele>482</ele><time>2025-02-08T10:55:21.000Z</time></trkpt>
<trkpt lat="30.54074822110136" lon="104.0631269004986"><ele>482</ele><time>2025-02-08T10:55:24.000Z</time></trkpt>
<trkpt lat="30.54064765392823" lon="104.0632266358971"><ele>493</ele><time>2025-02-08T10:55:28.000Z</time></trkpt>
<trkpt lat="30.54056396159197" lon="104.0631561923178"><ele>492</ele><time>2025-02-08T10:55:36.000Z</time></trkpt>
<trkpt lat="30.54049490995476" lon="104.0630507389574"><ele>482</ele><time>2025-02-08T10:55:39.000Z</time></trkpt>
<trkpt lat="30.54038087088696" lon="104.0629487715828"><ele>483</ele><time>2025-02-08T10:55:42.000Z</time></trkpt>
<trkpt lat="30.54031087654813" lon="104.0628432193155"><ele>492</ele><time>2025-02-08T10:55:44.000Z</time></trkpt>
<trkpt lat="30.54023163725769" lon="104.0627117769987"><ele>492</ele><time>2025-02-08T10:55:46.000Z</time></trkpt>
<trkpt lat="30.54013417641366" lon="104.0625659385285"><ele>484</ele><time>2025-02-08T10:55:48.000Z</time></trkpt>
<trkpt lat="30.54004603333695" lon="104.0624475485015"><ele>484</ele><time>2025-02-08T10:55:50.000Z</time></trkpt>
<trkpt lat="30.53995966212438" lon="104.0623391951902"><ele>484</ele><time>2025-02-08T10:55:52.000Z</time></trkpt>
<trkpt lat="30.53987110930429" lon="104.0622466877312"><ele>484</ele><time>2025-02-08T10:55:54.000Z</time></trkpt>
<trkpt lat="30.5398027813905" lon="104.0621496618142"><ele>484</ele><time>2025-02-08T10:55:56.000Z</time></trkpt>
<trkpt lat="30.53980088367996" lon="104.0620308026733"><ele>484</ele><time>2025-02-08T10:55:59.000Z</time></trkpt>
<trkpt lat="30.53986528547438" lon="104.0619349534896"><ele>484</ele><time>2025-02-08T10:56:02.000Z</time></trkpt>
<trkpt lat="30.53982129448267" lon="104.0618436874875"><ele>484</ele><time>2025-02-08T10:56:12.000Z</time></trkpt>
<trkpt lat="30.53982096624631" lon="104.0617396443613"><ele>483</ele><time>2025-02-08T10:56:26.000Z</time></trkpt>
<trkpt lat="30.5398911380844" lon="104.0616680186769"><ele>483</ele><time>2025-02-08T10:56:41.000Z</time></trkpt>
<trkpt lat="30.53994064182339" lon="104.0615801551991"><ele>483</ele><time>2025-02-08T10:56:50.000Z</time></trkpt>
<trkpt lat="30.53999799958639" lon="104.0614981645838"><ele>483</ele><time>2025-02-08T10:56:58.000Z</time></trkpt>
<trkpt lat="30.54006695261906" lon="104.0613852290438"><ele>483</ele><time>2025-02-08T10:57:05.000Z</time></trkpt>
<trkpt lat="30.54012738927508" lon="104.0613065752489"><ele>483</ele><time>2025-02-08T10:57:07.000Z</time></trkpt>
<trkpt lat="30.54018709335484" lon="104.0611893717245"><ele>483</ele><time>2025-02-08T10:57:12.000Z</time></trkpt>
<trkpt lat="30.54023616388818" lon="104.0610518601169"><ele>484</ele><time>2025-02-08T10:57:15.000Z</time></trkpt>
<trkpt lat="30.54029312424131" lon="104.06095189975"><ele>484</ele><time>2025-02-08T10:57:17.000Z</time></trkpt>
<trkpt lat="30.54033812896194" lon="104.0608572747682"><ele>484</ele><time>2025-02-08T10:57:19.000Z</time></trkpt>
<trkpt lat="30.54039325808354" lon="104.0607683592016"><ele>484</ele><time>2025-02-08T10:57:21.000Z</time></trkpt>
<trkpt lat="30.54043681944043" lon="104.0606671444606"><ele>484</ele><time>2025-02-08T10:57:25.000Z</time></trkpt>
<trkpt lat="30.54045110595256" lon="104.0605443593387"><ele>484</ele><time>2025-02-08T10:57:29.000Z</time></trkpt>
<trkpt lat="30.54045694911192" lon="104.0604211894163"><ele>484</ele><time>2025-02-08T10:57:32.000Z</time></trkpt>
<trkpt lat="30.54050238814946" lon="104.060320549925"><ele>484</ele><time>2025-02-08T10:57:35.000Z</time></trkpt>
<trkpt lat="30.54053282716436" lon="104.0601977155711"><ele>484</ele><time>2025-02-08T10:57:37.000Z</time></trkpt>
<trkpt lat="30.54051599562645" lon="104.0600735686492"><ele>484</ele><time>2025-02-08T10:57:39.000Z</time></trkpt>
<trkpt lat="30.54052366519874" lon="104.0599349427576"><ele>484</ele><time>2025-02-08T10:57:43.000Z</time></trkpt>
<trkpt lat="30.54054448751011" lon="104.0598277393215"><ele>484</ele><time>2025-02-08T10:57:58.000Z</time></trkpt>
<trkpt lat="30.54053887445097" lon="104.0597162467467"><ele>485</ele><time>2025-02-08T10:58:04.000Z</time></trkpt>
<trkpt lat="30.54054170264194" lon="104.0596050458266"><ele>485</ele><time>2025-02-08T10:58:07.000Z</time></trkpt>
<trkpt lat="30.54054267150101" lon="104.0594774811244"><ele>485</ele><time>2025-02-08T10:58:10.000Z</time></trkpt>
<trkpt lat="30.54054092055032" lon="104.0593664269934"><ele>485</ele><time>2025-02-08T10:58:13.000Z</time></trkpt>
<trkpt lat="30.54050918211225" lon="104.0592616215478"><ele>485</ele><time>2025-02-08T10:58:15.000Z</time></trkpt>
<trkpt lat="30.54052521586639" lon="104.059123041076"><ele>485</ele><time>2025-02-08T10:58:17.000Z</time></trkpt>
<trkpt lat="30.54054011471766" lon="104.0589587588001"><ele>484</ele><time>2025-02-08T10:58:19.000Z</time></trkpt>
<trkpt lat="30.5405350551724" lon="104.0588145693329"><ele>484</ele><time>2025-02-08T10:58:21.000Z</time></trkpt>
<trkpt lat="30.54053679839877" lon="104.0586741803944"><ele>484</ele><time>2025-02-08T10:58:23.000Z</time></trkpt>
<trkpt lat="30.54053651189631" lon="104.0585527567365"><ele>483</ele><time>2025-02-08T10:58:25.000Z</time></trkpt>
<trkpt lat="30.54054544619218" lon="104.0584283032024"><ele>482</ele><time>2025-02-08T10:58:32.000Z</time></trkpt>
<trkpt lat="30.54061148787514" lon="104.0583398207278"><ele>483</ele><time>2025-02-08T10:58:36.000Z</time></trkpt>
<trkpt lat="30.54064948447597" lon="104.0582306406107"><ele>483</ele><time>2025-02-08T10:58:56.000Z</time></trkpt>
<trkpt lat="30.5406183527649" lon="104.0581117032613"><ele>483</ele><time>2025-02-08T10:59:00.000Z</time></trkpt>
<trkpt lat="30.54059356706745" lon="104.0579910225296"><ele>483</ele><time>2025-02-08T10:59:03.000Z</time></trkpt>
<trkpt lat="30.54054302454137" lon="104.0578675184668"><ele>483</ele><time>2025-02-08T10:59:06.000Z</time></trkpt>
<trkpt lat="30.54052484701283" lon="104.0577175172644"><ele>483</ele><time>2025-02-08T10:59:09.000Z</time></trkpt>
<trkpt lat="30.54051009385873" lon="104.0575612115602"><ele>483</ele><time>2025-02-08T10:59:12.000Z</time></trkpt>
<trkpt lat="30.54051708223875" lon="104.0574200552581"><ele>483</ele><time>2025-02-08T10:59:15.000Z</time></trkpt>
<trkpt lat="30.54051274640755" lon="104.057302056682"><ele>483</ele><time>2025-02-08T10:59:18.000Z</time></trkpt>
<trkpt lat="30.54051127973022" lon="104.0571759585781"><ele>483</ele><time>2025-02-08T10:59:21.000Z</time></trkpt>
<trkpt lat="30.54050210008085" lon="104.0570396285936"><ele>483</ele><time>2025-02-08T10:59:24.000Z</time></trkpt>
<trkpt lat="30.54050775057781" lon="104.0569118581077"><ele>484</ele><time>2025-02-08T10:59:27.000Z</time></trkpt>
<trkpt lat="30.5405074297657" lon="104.0567997072115"><ele>484</ele><time>2025-02-08T10:59:30.000Z</time></trkpt>
<trkpt lat="30.54050776485285" lon="104.056679293822"><ele>484</ele><time>2025-02-08T10:59:33.000Z</time></trkpt>
<trkpt lat="30.54050903177218" lon="104.0565510366822"><ele>484</ele><time>2025-02-08T10:59:37.000Z</time></trkpt>
<trkpt lat="30.54050671664652" lon="104.0564252344938"><ele>484</ele><time>2025-02-08T10:59:40.000Z</time></trkpt>
<trkpt lat="30.54050488215558" lon="104.0562763213394"><ele>484</ele><time>2025-02-08T10:59:43.000Z</time></trkpt>
<trkpt lat="30.54050190523152" lon="104.0561687157961"><ele>484</ele><time>2025-02-08T10:59:47.000Z</time></trkpt>
<trkpt lat="30.54049535786032" lon="104.0560621954786"><ele>484</ele><time>2025-02-08T10:59:51.000Z</time></trkpt>
<trkpt lat="30.54050965286041" lon="104.0559292550399"><ele>484</ele><time>2025-02-08T10:59:54.000Z</time></trkpt>
<trkpt lat="30.54047684334881" lon="104.0558158642646"><ele>484</ele><time>2025-02-08T10:59:57.000Z</time></trkpt>
<trkpt lat="30.54047344689346" lon="104.0557048617198"><ele>484</ele><time>2025-02-08T11:00:00.000Z</time></trkpt>
<trkpt lat="30.54049122408508" lon="104.0555726916595"><ele>484</ele><time>2025-02-08T11:00:03.000Z</time></trkpt>
<trkpt lat="30.54049283438408" lon="104.0554683718028"><ele>484</ele><time>2025-02-08T11:00:05.000Z</time></trkpt>
<trkpt lat="30.54051233257336" lon="104.0553558010758"><ele>484</ele><time>2025-02-08T11:00:07.000Z</time></trkpt>
<trkpt lat="30.54052635294546" lon="104.0552286755523"><ele>484</ele><time>2025-02-08T11:00:09.000Z</time></trkpt>
<trkpt lat="30.54052337901605" lon="104.0551113871627"><ele>484</ele><time>2025-02-08T11:00:11.000Z</time></trkpt>
<trkpt lat="30.54049584729472" lon="104.0549938299209"><ele>484</ele><time>2025-02-08T11:00:13.000Z</time></trkpt>
<trkpt lat="30.54049764911865" lon="104.054866701585"><ele>484</ele><time>2025-02-08T11:00:15.000Z</time></trkpt>
<trkpt lat="30.54051536322541" lon="104.0547505764363"><ele>484</ele><time>2025-02-08T11:00:17.000Z</time></trkpt>
<trkpt lat="30.54050151330803" lon="104.054643663648"><ele>484</ele><time>2025-02-08T11:00:19.000Z</time></trkpt>
<trkpt lat="30.5405032998895" lon="104.0545385538604"><ele>485</ele><time>2025-02-08T11:00:22.000Z</time></trkpt>
<trkpt lat="30.54068617322835" lon="104.0544418499421"><ele>484</ele><time>2025-02-08T11:00:23.000Z</time></trkpt>
<trkpt lat="30.54081926366767" lon="104.0544390701742"><ele>484</ele><time>2025-02-08T11:00:26.000Z</time></trkpt>
<trkpt lat="30.54093420248561" lon="104.0544365806506"><ele>484</ele><time>2025-02-08T11:00:28.000Z</time></trkpt>
<trkpt lat="30.54107736037446" lon="104.0544334253656"><ele>484</ele><time>2025-02-08T11:00:30.000Z</time></trkpt>
<trkpt lat="30.54123795643562" lon="104.054429881886"><ele>484</ele><time>2025-02-08T11:00:32.000Z</time></trkpt>
<trkpt lat="30.54140454532376" lon="104.0544261628134"><ele>484</ele><time>2025-02-08T11:00:34.000Z</time></trkpt>
<trkpt lat="30.54158339352667" lon="104.0544247053079"><ele>484</ele><time>2025-02-08T11:00:36.000Z</time></trkpt>
<trkpt lat="30.54174528679379" lon="104.0544243262654"><ele>484</ele><time>2025-02-08T11:00:38.000Z</time></trkpt>
<trkpt lat="30.54185173928256" lon="104.054424121353"><ele>484</ele><time>2025-02-08T11:00:40.000Z</time></trkpt>
<trkpt lat="30.54200236379807" lon="104.0544237628904"><ele>484</ele><time>2025-02-08T11:00:42.000Z</time></trkpt>
<trkpt lat="30.54210371101727" lon="104.0544235147691"><ele>484</ele><time>2025-02-08T11:00:44.000Z</time></trkpt>
<trkpt lat="30.54221954463609" lon="104.0544232587847"><ele>484</ele><time>2025-02-08T11:00:46.000Z</time></trkpt>
<trkpt lat="30.54233937901385" lon="104.0544192714262"><ele>484</ele><time>2025-02-08T11:00:48.000Z</time></trkpt>
<trkpt lat="30.54250374230307" lon="104.0544182403501"><ele>484</ele><time>2025-02-08T11:00:50.000Z</time></trkpt>
<trkpt lat="30.54266880392472" lon="104.0544180117137"><ele>484</ele><time>2025-02-08T11:00:52.000Z</time></trkpt>
<trkpt lat="30.54277950478617" lon="104.0544174223668"><ele>484</ele><time>2025-02-08T11:00:53.000Z</time></trkpt>
<trkpt lat="30.5429428123377" lon="104.0544168405125"><ele>484</ele><time>2025-02-08T11:00:55.000Z</time></trkpt>
<trkpt lat="30.54309415096502" lon="104.054416835346"><ele>484</ele><time>2025-02-08T11:00:57.000Z</time></trkpt>
<trkpt lat="30.54322805090037" lon="104.0544167484014"><ele>484</ele><time>2025-02-08T11:00:59.000Z</time></trkpt>
<trkpt lat="30.54337560219468" lon="104.0544161512494"><ele>484</ele><time>2025-02-08T11:01:01.000Z</time></trkpt>
<trkpt lat="30.54352714490823" lon="104.0544155265335"><ele>484</ele><time>2025-02-08T11:01:03.000Z</time></trkpt>
<trkpt lat="30.54368536772422" lon="104.0544136234691"><ele>484</ele><time>2025-02-08T11:01:05.000Z</time></trkpt>
<trkpt lat="30.54383084126926" lon="104.0544119359379"><ele>484</ele><time>2025-02-08T11:01:07.000Z</time></trkpt>
<trkpt lat="30.5440139868406" lon="104.0544098238497"><ele>483</ele><time>2025-02-08T11:01:09.000Z</time></trkpt>
<trkpt lat="30.54414518338357" lon="104.0544083039912"><ele>483</ele><time>2025-02-08T11:01:11.000Z</time></trkpt>
<trkpt lat="30.54428052555892" lon="104.0544066990536"><ele>483</ele><time>2025-02-08T11:01:13.000Z</time></trkpt>
<trkpt lat="30.54441067835867" lon="104.054403962681"><ele>483</ele><time>2025-02-08T11:01:16.000Z</time></trkpt>
<trkpt lat="30.54465271212569" lon="104.0546272470924"><ele>483</ele><time>2025-02-08T11:01:19.000Z</time></trkpt>
<trkpt lat="30.54447330771601" lon="104.0546328690495"><ele>483</ele><time>2025-02-08T11:01:20.000Z</time></trkpt>
<trkpt lat="30.54458795204211" lon="104.0546470570862"><ele>484</ele><time>2025-02-08T11:03:44.000Z</time></trkpt>
<trkpt lat="30.54471980804574" lon="104.0546247702479"><ele>484</ele><time>2025-02-08T11:03:48.000Z</time></trkpt>
<trkpt lat="30.54481829877064" lon="104.0546237613803"><ele>484</ele><time>2025-02-08T11:03:50.000Z</time></trkpt>
<trkpt lat="30.54491528924483" lon="104.05463044939"><ele>484</ele><time>2025-02-08T11:03:52.000Z</time></trkpt>
<trkpt lat="30.5450104665454" lon="104.0546213400293"><ele>484</ele><time>2025-02-08T11:03:54.000Z</time></trkpt>
<trkpt lat="30.54511728319932" lon="104.0545499344564"><ele>484</ele><time>2025-02-08T11:03:58.000Z</time></trkpt>
<trkpt lat="30.54524590590924" lon="104.0545453402507"><ele>484</ele><time>2025-02-08T11:04:01.000Z</time></trkpt>
<trkpt lat="30.54533905650247" lon="104.0545454674976"><ele>484</ele><time>2025-02-08T11:04:03.000Z</time></trkpt>
<trkpt lat="30.54544405529396" lon="104.0545340402762"><ele>484</ele><time>2025-02-08T11:04:05.000Z</time></trkpt>
<trkpt lat="30.54555222375432" lon="104.0545334146261"><ele>484</ele><time>2025-02-08T11:04:07.000Z</time></trkpt>
<trkpt lat="30.54565454127021" lon="104.0545154453791"><ele>484</ele><time>2025-02-08T11:04:09.000Z</time></trkpt>
<trkpt lat="30.54575658034381" lon="104.0544932670663"><ele>484</ele><time>2025-02-08T11:04:14.000Z</time></trkpt>
<trkpt lat="30.54588140856493" lon="104.0544809794005"><ele>484</ele><time>2025-02-08T11:04:18.000Z</time></trkpt>
<trkpt lat="30.54597627483462" lon="104.0544935589518"><ele>484</ele><time>2025-02-08T11:04:20.000Z</time></trkpt>
<trkpt lat="30.54607346603883" lon="104.0544667389464"><ele>484</ele><time>2025-02-08T11:04:24.000Z</time></trkpt>
<trkpt lat="30.54618817992505" lon="104.0544667644412"><ele>484</ele><time>2025-02-08T11:04:27.000Z</time></trkpt>
<trkpt lat="30.54628195460751" lon="104.0544663602199"><ele>484</ele><time>2025-02-08T11:04:31.000Z</time></trkpt>
<trkpt lat="30.54638460387726" lon="104.0544744357743"><ele>484</ele><time>2025-02-08T11:04:34.000Z</time></trkpt>
<trkpt lat="30.54649857063654" lon="104.0544646073123"><ele>484</ele><time>2025-02-08T11:04:37.000Z</time></trkpt>
<trkpt lat="30.54662984426583" lon="104.0544793121933"><ele>484</ele><time>2025-02-08T11:04:40.000Z</time></trkpt>
<trkpt lat="30.54676183102923" lon="104.0544869793962"><ele>483</ele><time>2025-02-08T11:04:42.000Z</time></trkpt>
<trkpt lat="30.54689417524622" lon="104.054482940459"><ele>483</ele><time>2025-02-08T11:04:44.000Z</time></trkpt>
<trkpt lat="30.5470498125932" lon="104.054475219612"><ele>483</ele><time>2025-02-08T11:04:46.000Z</time></trkpt>
<trkpt lat="30.54719963310398" lon="104.0544781877346"><ele>483</ele><time>2025-02-08T11:04:48.000Z</time></trkpt>
<trkpt lat="30.54733923267444" lon="104.0544718801585"><ele>483</ele><time>2025-02-08T11:04:50.000Z</time></trkpt>
<trkpt lat="30.54749665216299" lon="104.0544747062975"><ele>483</ele><time>2025-02-08T11:04:52.000Z</time></trkpt>
<trkpt lat="30.54767314379489" lon="104.0544769033593"><ele>483</ele><time>2025-02-08T11:04:54.000Z</time></trkpt>
<trkpt lat="30.54783406333772" lon="104.0544706740942"><ele>483</ele><time>2025-02-08T11:04:56.000Z</time></trkpt>
<trkpt lat="30.54800834607712" lon="104.0544821010123"><ele>483</ele><time>2025-02-08T11:04:58.000Z</time></trkpt>
<trkpt lat="30.54817147151575" lon="104.054478200384"><ele>483</ele><time>2025-02-08T11:05:00.000Z</time></trkpt>
<trkpt lat="30.54832145424211" lon="104.0544787611604"><ele>483</ele><time>2025-02-08T11:05:02.000Z</time></trkpt>
<trkpt lat="30.54846312671944" lon="104.0544806794083"><ele>483</ele><time>2025-02-08T11:05:04.000Z</time></trkpt>
<trkpt lat="30.54859560367712" lon="104.0544748936695"><ele>483</ele><time>2025-02-08T11:05:06.000Z</time></trkpt>
<trkpt lat="30.54871423420897" lon="104.0544682817146"><ele>483</ele><time>2025-02-08T11:05:08.000Z</time></trkpt>
<trkpt lat="30.54882128058717" lon="104.0543832690907"><ele>483</ele><time>2025-02-08T11:05:10.000Z</time></trkpt>
<trkpt lat="30.54892397655369" lon="104.0543822277559"><ele>483</ele><time>2025-02-08T11:05:12.000Z</time></trkpt>
<trkpt lat="30.54897594785063" lon="104.0544791940482"><ele>483</ele><time>2025-02-08T11:05:13.000Z</time></trkpt>
<trkpt lat="30.54906696745508" lon="104.0544800430733"><ele>483</ele><time>2025-02-08T11:05:15.000Z</time></trkpt>
<trkpt lat="30.54915141739175" lon="104.0545651006946"><ele>483</ele><time>2025-02-08T11:05:18.000Z</time></trkpt>
<trkpt lat="30.54924312973059" lon="104.0546086937986"><ele>483</ele><time>2025-02-08T11:06:21.000Z</time></trkpt>
<trkpt lat="30.54934700553168" lon="104.054594847073"><ele>483</ele><time>2025-02-08T11:06:24.000Z</time></trkpt>
<trkpt lat="30.54947899592717" lon="104.0545527807114"><ele>483</ele><time>2025-02-08T11:06:27.000Z</time></trkpt>
<trkpt lat="30.54954748727314" lon="104.0544839446313"><ele>483</ele><time>2025-02-08T11:06:29.000Z</time></trkpt>
<trkpt lat="30.54963831617106" lon="104.0544701367935"><ele>483</ele><time>2025-02-08T11:06:31.000Z</time></trkpt>
<trkpt lat="30.5497539061875" lon="104.0544852313601"><ele>483</ele><time>2025-02-08T11:06:35.000Z</time></trkpt>
<trkpt lat="30.54986004602202" lon="104.0544783566543"><ele>483</ele><time>2025-02-08T11:06:44.000Z</time></trkpt>
<trkpt lat="30.54999015832472" lon="104.0544842870491"><ele>482</ele><time>2025-02-08T11:06:49.000Z</time></trkpt>
<trkpt lat="30.55012374119657" lon="104.0544718062982"><ele>482</ele><time>2025-02-08T11:06:52.000Z</time></trkpt>
<trkpt lat="30.55022051135787" lon="104.0544715373634"><ele>482</ele><time>2025-02-08T11:06:54.000Z</time></trkpt>
<trkpt lat="30.55034461758697" lon="104.0544790479896"><ele>482</ele><time>2025-02-08T11:06:56.000Z</time></trkpt>
<trkpt lat="30.55045597636727" lon="104.054486354063"><ele>482</ele><time>2025-02-08T11:06:58.000Z</time></trkpt>
<trkpt lat="30.5505628324718" lon="104.0544870764311"><ele>481</ele><time>2025-02-08T11:07:00.000Z</time></trkpt>
<trkpt lat="30.55067777584089" lon="104.0544925979492"><ele>481</ele><time>2025-02-08T11:07:02.000Z</time></trkpt>
<trkpt lat="30.55079340047262" lon="104.0544779761567"><ele>481</ele><time>2025-02-08T11:07:04.000Z</time></trkpt>
<trkpt lat="30.55090581619998" lon="104.0544915437634"><ele>481</ele><time>2025-02-08T11:07:06.000Z</time></trkpt>
<trkpt lat="30.5510227759983" lon="104.0544984279272"><ele>480</ele><time>2025-02-08T11:07:08.000Z</time></trkpt>
<trkpt lat="30.55114800203025" lon="104.0544860717318"><ele>479</ele><time>2025-02-08T11:07:10.000Z</time></trkpt>
<trkpt lat="30.55127903357074" lon="104.0544927200757"><ele>480</ele><time>2025-02-08T11:07:12.000Z</time></trkpt>
<trkpt lat="30.55139866046526" lon="104.0544811918325"><ele>480</ele><time>2025-02-08T11:07:14.000Z</time></trkpt>
<trkpt lat="30.55151596598962" lon="104.0544734597149"><ele>481</ele><time>2025-02-08T11:07:16.000Z</time></trkpt>
<trkpt lat="30.55162083581076" lon="104.0544638864991"><ele>481</ele><time>2025-02-08T11:07:18.000Z</time></trkpt>
<trkpt lat="30.55175410804165" lon="104.0544659427796"><ele>481</ele><time>2025-02-08T11:07:20.000Z</time></trkpt>
<trkpt lat="30.5518758615668" lon="104.0544610321655"><ele>481</ele><time>2025-02-08T11:07:22.000Z</time></trkpt>
<trkpt lat="30.55200022470409" lon="104.0544639502831"><ele>481</ele><time>2025-02-08T11:07:24.000Z</time></trkpt>
<trkpt lat="30.55212205647325" lon="104.0544960189898"><ele>480</ele><time>2025-02-08T11:07:26.000Z</time></trkpt>
<trkpt lat="30.55224364776499" lon="104.0544843539306"><ele>480</ele><time>2025-02-08T11:07:28.000Z</time></trkpt>
<trkpt lat="30.55236829797003" lon="104.0544836514662"><ele>480</ele><time>2025-02-08T11:07:30.000Z</time></trkpt>
<trkpt lat="30.55249902819547" lon="104.0544793846811"><ele>480</ele><time>2025-02-08T11:07:32.000Z</time></trkpt>
<trkpt lat="30.55262511370038" lon="104.0544862048978"><ele>480</ele><time>2025-02-08T11:07:34.000Z</time></trkpt>
<trkpt lat="30.55273931401862" lon="104.0545084001529"><ele>481</ele><time>2025-02-08T11:07:36.000Z</time></trkpt>
<trkpt lat="30.55286528363522" lon="104.054517067461"><ele>481</ele><time>2025-02-08T11:07:38.000Z</time></trkpt>
<trkpt lat="30.5529787490695" lon="104.0545134240602"><ele>481</ele><time>2025-02-08T11:07:40.000Z</time></trkpt>
<trkpt lat="30.55309690368076" lon="104.054521879627"><ele>481</ele><time>2025-02-08T11:07:42.000Z</time></trkpt>
<trkpt lat="30.55319726997591" lon="104.0545169778863"><ele>480</ele><time>2025-02-08T11:07:44.000Z</time></trkpt>
<trkpt lat="30.55331815492111" lon="104.0545224709104"><ele>480</ele><time>2025-02-08T11:07:47.000Z</time></trkpt>
<trkpt lat="30.55344048194273" lon="104.0545740284033"><ele>481</ele><time>2025-02-08T11:07:50.000Z</time></trkpt>
<trkpt lat="30.55353648836792" lon="104.0546248447345"><ele>481</ele><time>2025-02-08T11:07:53.000Z</time></trkpt>
<trkpt lat="30.55362521168017" lon="104.0546449120975"><ele>481</ele><time>2025-02-08T11:09:59.000Z</time></trkpt>
<trkpt lat="30.55372388267187" lon="104.05463048235"><ele>481</ele><time>2025-02-08T11:10:02.000Z</time></trkpt>
<trkpt lat="30.55382870344755" lon="104.0546122779525"><ele>482</ele><time>2025-02-08T11:10:05.000Z</time></trkpt>
<trkpt lat="30.5539509428092" lon="104.054606028786"><ele>482</ele><time>2025-02-08T11:10:08.000Z</time></trkpt>
<trkpt lat="30.55407322950683" lon="104.0545516905688"><ele>482</ele><time>2025-02-08T11:10:11.000Z</time></trkpt>
<trkpt lat="30.55419736444598" lon="104.0545078240428"><ele>482</ele><time>2025-02-08T11:10:14.000Z</time></trkpt>
<trkpt lat="30.55428966194171" lon="104.0545010591566"><ele>483</ele><time>2025-02-08T11:10:16.000Z</time></trkpt>
<trkpt lat="30.55438177799373" lon="104.0545011715457"><ele>482</ele><time>2025-02-08T11:10:18.000Z</time></trkpt>
<trkpt lat="30.55450405942661" lon="104.0544997054778"><ele>485</ele><time>2025-02-08T11:10:21.000Z</time></trkpt>
<trkpt lat="30.55462639983518" lon="104.0544821350058"><ele>484</ele><time>2025-02-08T11:10:24.000Z</time></trkpt>
<trkpt lat="30.55472039125051" lon="104.0544684417238"><ele>484</ele><time>2025-02-08T11:10:26.000Z</time></trkpt>
<trkpt lat="30.55481404678965" lon="104.0544559547257"><ele>484</ele><time>2025-02-08T11:10:28.000Z</time></trkpt>
<trkpt lat="30.5549120892431" lon="104.054450802554"><ele>483</ele><time>2025-02-08T11:10:30.000Z</time></trkpt>
<trkpt lat="30.55501061638465" lon="104.0544502444824"><ele>483</ele><time>2025-02-08T11:10:32.000Z</time></trkpt>
<trkpt lat="30.55511218886666" lon="104.054454737557"><ele>483</ele><time>2025-02-08T11:10:34.000Z</time></trkpt>
<trkpt lat="30.55521927926843" lon="104.0544590494594"><ele>483</ele><time>2025-02-08T11:10:36.000Z</time></trkpt>
<trkpt lat="30.55533017747716" lon="104.0544653929864"><ele>483</ele><time>2025-02-08T11:10:38.000Z</time></trkpt>
<trkpt lat="30.55544447814692" lon="104.0544601559165"><ele>483</ele><time>2025-02-08T11:10:40.000Z</time></trkpt>
<trkpt lat="30.5555618437877" lon="104.0544453146924"><ele>482</ele><time>2025-02-08T11:10:42.000Z</time></trkpt>
<trkpt lat="30.55568239333968" lon="104.054446909871"><ele>483</ele><time>2025-02-08T11:10:44.000Z</time></trkpt>
<trkpt lat="30.5558048981596" lon="104.054453871162"><ele>482</ele><time>2025-02-08T11:10:46.000Z</time></trkpt>
<trkpt lat="30.55592947616294" lon="104.0544472577841"><ele>483</ele><time>2025-02-08T11:10:48.000Z</time></trkpt>
<trkpt lat="30.55606021752126" lon="104.0544513603826"><ele>482</ele><time>2025-02-08T11:10:50.000Z</time></trkpt>
<trkpt lat="30.55619644053963" lon="104.0544625888236"><ele>482</ele><time>2025-02-08T11:10:52.000Z</time></trkpt>
<trkpt lat="30.55632744443471" lon="104.0544549811927"><ele>482</ele><time>2025-02-08T11:10:54.000Z</time></trkpt>
<trkpt lat="30.55645561361765" lon="104.0544441739518"><ele>481</ele><time>2025-02-08T11:10:56.000Z</time></trkpt>
<trkpt lat="30.55659473691786" lon="104.0544437626844"><ele>481</ele><time>2025-02-08T11:10:58.000Z</time></trkpt>
<trkpt lat="30.55673788297569" lon="104.0544506425068"><ele>481</ele><time>2025-02-08T11:11:00.000Z</time></trkpt>
<trkpt lat="30.55688212421508" lon="104.0544456616068"><ele>481</ele><time>2025-02-08T11:11:02.000Z</time></trkpt>
<trkpt lat="30.55702396365183" lon="104.054449919454"><ele>481</ele><time>2025-02-08T11:11:04.000Z</time></trkpt>
<trkpt lat="30.55716114093782" lon="104.054445162009"><ele>481</ele><time>2025-02-08T11:11:06.000Z</time></trkpt>
<trkpt lat="30.55730133923172" lon="104.0544465587078"><ele>481</ele><time>2025-02-08T11:11:08.000Z</time></trkpt>
<trkpt lat="30.55744410695277" lon="104.0544477947188"><ele>481</ele><time>2025-02-08T11:11:10.000Z</time></trkpt>
<trkpt lat="30.55757966335834" lon="104.0544496511462"><ele>481</ele><time>2025-02-08T11:11:12.000Z</time></trkpt>
<trkpt lat="30.55769870709104" lon="104.0544568846486"><ele>481</ele><time>2025-02-08T11:11:14.000Z</time></trkpt>
<trkpt lat="30.55783414615927" lon="104.0544568987961"><ele>481</ele><time>2025-02-08T11:11:16.000Z</time></trkpt>
<trkpt lat="30.55795079214068" lon="104.054452258009"><ele>481</ele><time>2025-02-08T11:11:18.000Z</time></trkpt>
<trkpt lat="30.55804518178012" lon="104.0544659857307"><ele>482</ele><time>2025-02-08T11:11:20.000Z</time></trkpt>
<trkpt lat="30.5581427519293" lon="104.0545472955151"><ele>482</ele><time>2025-02-08T11:11:23.000Z</time></trkpt>
<trkpt lat="30.55824570582849" lon="104.054537441396"><ele>482</ele><time>2025-02-08T11:11:50.000Z</time></trkpt>
<trkpt lat="30.5583626998152" lon="104.0545111035633"><ele>482</ele><time>2025-02-08T11:13:04.000Z</time></trkpt>
<trkpt lat="30.5584652008732" lon="104.05446499664"><ele>482</ele><time>2025-02-08T11:13:08.000Z</time></trkpt>
<trkpt lat="30.55857394802898" lon="104.0544157127197"><ele>482</ele><time>2025-02-08T11:13:13.000Z</time></trkpt>
<trkpt lat="30.55869621015069" lon="104.054426168909"><ele>482</ele><time>2025-02-08T11:13:17.000Z</time></trkpt>
<trkpt lat="30.55882733037637" lon="104.0544340639235"><ele>482</ele><time>2025-02-08T11:13:21.000Z</time></trkpt>
<trkpt lat="30.55893113519998" lon="104.0544397020767"><ele>482</ele><time>2025-02-08T11:13:24.000Z</time></trkpt>
<trkpt lat="30.55904723067599" lon="104.0544360830825"><ele>482</ele><time>2025-02-08T11:13:27.000Z</time></trkpt>
<trkpt lat="30.559153571218" lon="104.0544415166143"><ele>482</ele><time>2025-02-08T11:13:30.000Z</time></trkpt>
<trkpt lat="30.55924439742038" lon="104.0544321782612"><ele>482</ele><time>2025-02-08T11:13:32.000Z</time></trkpt>
<trkpt lat="30.55934890023275" lon="104.0544286936237"><ele>482</ele><time>2025-02-08T11:13:34.000Z</time></trkpt>
<trkpt lat="30.55944453159325" lon="104.0544230844588"><ele>482</ele><time>2025-02-08T11:13:36.000Z</time></trkpt>
<trkpt lat="30.5595506777564" lon="104.0544259441828"><ele>482</ele><time>2025-02-08T11:13:38.000Z</time></trkpt>
<trkpt lat="30.5596548310138" lon="104.0544265153668"><ele>482</ele><time>2025-02-08T11:13:40.000Z</time></trkpt>
<trkpt lat="30.55976025350956" lon="104.0544293543762"><ele>483</ele><time>2025-02-08T11:13:42.000Z</time></trkpt>
<trkpt lat="30.55985851926313" lon="104.0544290632163"><ele>483</ele><time>2025-02-08T11:13:44.000Z</time></trkpt>
<trkpt lat="30.5599561660759" lon="104.0544099249932"><ele>482</ele><time>2025-02-08T11:13:47.000Z</time></trkpt>
<trkpt lat="30.56004638801762" lon="104.0543795438776"><ele>482</ele><time>2025-02-08T11:13:49.000Z</time></trkpt>
<trkpt lat="30.56017098756189" lon="104.0544035920683"><ele>482</ele><time>2025-02-08T11:13:51.000Z</time></trkpt>
<trkpt lat="30.56028831779653" lon="104.0544124276919"><ele>482</ele><time>2025-02-08T11:13:53.000Z</time></trkpt>
<trkpt lat="30.56040378412722" lon="104.0544149142356"><ele>482</ele><time>2025-02-08T11:13:55.000Z</time></trkpt>
<trkpt lat="30.56052289270092" lon="104.0543957483011"><ele>482</ele><time>2025-02-08T11:13:57.000Z</time></trkpt>
<trkpt lat="30.5606557279034" lon="104.0543957690907"><ele>482</ele><time>2025-02-08T11:13:59.000Z</time></trkpt>
<trkpt lat="30.56077990338459" lon="104.0543801312554"><ele>482</ele><time>2025-02-08T11:14:01.000Z</time></trkpt>
<trkpt lat="30.56089183461309" lon="104.0543872875626"><ele>482</ele><time>2025-02-08T11:14:03.000Z</time></trkpt>
<trkpt lat="30.56100123412869" lon="104.0543964308281"><ele>482</ele><time>2025-02-08T11:14:05.000Z</time></trkpt>
<trkpt lat="30.56112025727742" lon="104.0544114680627"><ele>481</ele><time>2025-02-08T11:14:07.000Z</time></trkpt>
<trkpt lat="30.56123098250211" lon="104.0544143294072"><ele>481</ele><time>2025-02-08T11:14:09.000Z</time></trkpt>
<trkpt lat="30.56133760836404" lon="104.0544217532542"><ele>481</ele><time>2025-02-08T11:14:11.000Z</time></trkpt>
<trkpt lat="30.56143830312033" lon="104.0544243448387"><ele>481</ele><time>2025-02-08T11:14:13.000Z</time></trkpt>
<trkpt lat="30.56153656456487" lon="104.0544140507824"><ele>481</ele><time>2025-02-08T11:14:15.000Z</time></trkpt>
<trkpt lat="30.56163022569499" lon="104.0544101795903"><ele>481</ele><time>2025-02-08T11:14:17.000Z</time></trkpt>
<trkpt lat="30.56172308846907" lon="104.0544092665874"><ele>481</ele><time>2025-02-08T11:14:19.000Z</time></trkpt>
<trkpt lat="30.56185492176044" lon="104.0544127991483"><ele>481</ele><time>2025-02-08T11:14:22.000Z</time></trkpt>
<trkpt lat="30.56199668958763" lon="104.0544026879333"><ele>481</ele><time>2025-02-08T11:14:25.000Z</time></trkpt>
<trkpt lat="30.56209359666432" lon="104.0544093558185"><ele>481</ele><time>2025-02-08T11:14:27.000Z</time></trkpt>
<trkpt lat="30.56218539138144" lon="104.0544097314316"><ele>481</ele><time>2025-02-08T11:14:29.000Z</time></trkpt>
<trkpt lat="30.5623192962191" lon="104.0544163882281"><ele>481</ele><time>2025-02-08T11:14:32.000Z</time></trkpt>
<trkpt lat="30.56244584901725" lon="104.0544144169918"><ele>481</ele><time>2025-02-08T11:14:35.000Z</time></trkpt>
<trkpt lat="30.56255989171315" lon="104.0544516197556"><ele>481</ele><time>2025-02-08T11:14:38.000Z</time></trkpt>
<trkpt lat="30.56264376264176" lon="104.054507722386"><ele>481</ele><time>2025-02-08T11:14:41.000Z</time></trkpt>
<trkpt lat="30.56274246132542" lon="104.0545126857755"><ele>481</ele><time>2025-02-08T11:15:20.000Z</time></trkpt>
<trkpt lat="30.5628643767871" lon="104.0545089551763"><ele>481</ele><time>2025-02-08T11:15:25.000Z</time></trkpt>
<trkpt lat="30.56296512584978" lon="104.0544760618896"><ele>482</ele><time>2025-02-08T11:15:28.000Z</time></trkpt>
<trkpt lat="30.56306229305773" lon="104.0544277520636"><ele>482</ele><time>2025-02-08T11:15:31.000Z</time></trkpt>
<trkpt lat="30.56316711916393" lon="104.0543860576121"><ele>481</ele><time>2025-02-08T11:15:34.000Z</time></trkpt>
<trkpt lat="30.56328406333778" lon="104.0543946948847"><ele>481</ele><time>2025-02-08T11:15:37.000Z</time></trkpt>
<trkpt lat="30.5634165374222" lon="104.0544010743322"><ele>482</ele><time>2025-02-08T11:15:40.000Z</time></trkpt>
<trkpt lat="30.56355115645394" lon="104.0544019422475"><ele>482</ele><time>2025-02-08T11:15:43.000Z</time></trkpt>
<trkpt lat="30.56365108352243" lon="104.0544013655962"><ele>482</ele><time>2025-02-08T11:15:45.000Z</time></trkpt>
<trkpt lat="30.5637538022638" lon="104.0544082673369"><ele>482</ele><time>2025-02-08T11:15:47.000Z</time></trkpt>
<trkpt lat="30.56385577657532" lon="104.0544150725639"><ele>481</ele><time>2025-02-08T11:15:49.000Z</time></trkpt>
<trkpt lat="30.56399633990742" lon="104.0544303995914"><ele>482</ele><time>2025-02-08T11:15:52.000Z</time></trkpt>
<trkpt lat="30.56410520306003" lon="104.0544540955671"><ele>481</ele><time>2025-02-08T11:15:54.000Z</time></trkpt>
<trkpt lat="30.56419472752328" lon="104.0544794168866"><ele>482</ele><time>2025-02-08T11:15:56.000Z</time></trkpt>
<trkpt lat="30.56430551222572" lon="104.0545036502298"><ele>482</ele><time>2025-02-08T11:15:58.000Z</time></trkpt>
<trkpt lat="30.56440656677157" lon="104.0545277311364"><ele>483</ele><time>2025-02-08T11:16:00.000Z</time></trkpt>
<trkpt lat="30.56452182898859" lon="104.0545525148077"><ele>482</ele><time>2025-02-08T11:16:02.000Z</time></trkpt>
<trkpt lat="30.56463933128227" lon="104.0545714316809"><ele>482</ele><time>2025-02-08T11:16:04.000Z</time></trkpt>
<trkpt lat="30.56475012145576" lon="104.0546010674034"><ele>482</ele><time>2025-02-08T11:16:06.000Z</time></trkpt>
<trkpt lat="30.56486510701885" lon="104.0546315683319"><ele>482</ele><time>2025-02-08T11:16:08.000Z</time></trkpt>
<trkpt lat="30.56498668508893" lon="104.0546556925369"><ele>482</ele><time>2025-02-08T11:16:10.000Z</time></trkpt>
<trkpt lat="30.56509993859015" lon="104.0546823077523"><ele>483</ele><time>2025-02-08T11:16:12.000Z</time></trkpt>
<trkpt lat="30.56521889915606" lon="104.0547117093996"><ele>483</ele><time>2025-02-08T11:16:14.000Z</time></trkpt>
<trkpt lat="30.56534654052065" lon="104.0547459029344"><ele>483</ele><time>2025-02-08T11:16:16.000Z</time></trkpt>
<trkpt lat="30.56546559328359" lon="104.0547792078328"><ele>483</ele><time>2025-02-08T11:16:18.000Z</time></trkpt>
<trkpt lat="30.56559814900862" lon="104.0548112987485"><ele>482</ele><time>2025-02-08T11:16:20.000Z</time></trkpt>
<trkpt lat="30.56572483987312" lon="104.0548481965017"><ele>482</ele><time>2025-02-08T11:16:22.000Z</time></trkpt>
<trkpt lat="30.5658552937895" lon="104.0548830194695"><ele>482</ele><time>2025-02-08T11:16:24.000Z</time></trkpt>
<trkpt lat="30.56598379435709" lon="104.0549079055557"><ele>481</ele><time>2025-02-08T11:16:26.000Z</time></trkpt>
<trkpt lat="30.56612037833369" lon="104.054942124567"><ele>481</ele><time>2025-02-08T11:16:28.000Z</time></trkpt>
<trkpt lat="30.56625396739875" lon="104.0549783877327"><ele>481</ele><time>2025-02-08T11:16:30.000Z</time></trkpt>
<trkpt lat="30.56639087599296" lon="104.0550110298018"><ele>481</ele><time>2025-02-08T11:16:32.000Z</time></trkpt>
<trkpt lat="30.56653189321577" lon="104.0550450920809"><ele>481</ele><time>2025-02-08T11:16:34.000Z</time></trkpt>
<trkpt lat="30.56666676517139" lon="104.0550840080641"><ele>481</ele><time>2025-02-08T11:16:36.000Z</time></trkpt>
<trkpt lat="30.56680561451982" lon="104.0551139368594"><ele>481</ele><time>2025-02-08T11:16:38.000Z</time></trkpt>
<trkpt lat="30.56693834488609" lon="104.055147012106"><ele>481</ele><time>2025-02-08T11:16:40.000Z</time></trkpt>
<trkpt lat="30.56707734543333" lon="104.0551821794386"><ele>481</ele><time>2025-02-08T11:16:42.000Z</time></trkpt>
<trkpt lat="30.56721764962653" lon="104.0552200759534"><ele>481</ele><time>2025-02-08T11:16:44.000Z</time></trkpt>
<trkpt lat="30.56735557024107" lon="104.0552532853817"><ele>481</ele><time>2025-02-08T11:16:46.000Z</time></trkpt>
<trkpt lat="30.56749390339376" lon="104.0552838302799"><ele>481</ele><time>2025-02-08T11:16:48.000Z</time></trkpt>
<trkpt lat="30.56762993531086" lon="104.0553133243241"><ele>481</ele><time>2025-02-08T11:16:50.000Z</time></trkpt>
<trkpt lat="30.56776796329777" lon="104.0553527090549"><ele>481</ele><time>2025-02-08T11:16:52.000Z</time></trkpt>
<trkpt lat="30.5679056358131" lon="104.0553864009919"><ele>479</ele><time>2025-02-08T11:16:54.000Z</time></trkpt>
<trkpt lat="30.5680425175757" lon="104.0554205914891"><ele>479</ele><time>2025-02-08T11:16:56.000Z</time></trkpt>
<trkpt lat="30.56817824563199" lon="104.0554548673119"><ele>479</ele><time>2025-02-08T11:16:58.000Z</time></trkpt>
<trkpt lat="30.56831548855839" lon="104.0554777510187"><ele>479</ele><time>2025-02-08T11:17:00.000Z</time></trkpt>
<trkpt lat="30.56845208065806" lon="104.0555031073271"><ele>479</ele><time>2025-02-08T11:17:02.000Z</time></trkpt>
<trkpt lat="30.56857616876573" lon="104.0555461909355"><ele>479</ele><time>2025-02-08T11:17:04.000Z</time></trkpt>
<trkpt lat="30.56868860437412" lon="104.0555975712604"><ele>479</ele><time>2025-02-08T11:17:06.000Z</time></trkpt>
<trkpt lat="30.56884203146745" lon="104.0556015003858"><ele>480</ele><time>2025-02-08T11:17:08.000Z</time></trkpt>
<trkpt lat="30.56898023773817" lon="104.0556457676087"><ele>480</ele><time>2025-02-08T11:17:10.000Z</time></trkpt>
<trkpt lat="30.56912515574229" lon="104.0556815946768"><ele>481</ele><time>2025-02-08T11:17:12.000Z</time></trkpt>
<trkpt lat="30.56925276175564" lon="104.0557199461611"><ele>481</ele><time>2025-02-08T11:17:14.000Z</time></trkpt>
<trkpt lat="30.56939189274853" lon="104.0557475253279"><ele>481</ele><time>2025-02-08T11:17:16.000Z</time></trkpt>
<trkpt lat="30.56953129958636" lon="104.0557796152923"><ele>481</ele><time>2025-02-08T11:17:18.000Z</time></trkpt>
<trkpt lat="30.56967353391393" lon="104.0558159225199"><ele>481</ele><time>2025-02-08T11:17:20.000Z</time></trkpt>
<trkpt lat="30.56980684459701" lon="104.0558467400317"><ele>481</ele><time>2025-02-08T11:17:22.000Z</time></trkpt>
<trkpt lat="30.56994325329769" lon="104.0558788425406"><ele>481</ele><time>2025-02-08T11:17:24.000Z</time></trkpt>
<trkpt lat="30.57007507441946" lon="104.055910142927"><ele>482</ele><time>2025-02-08T11:17:26.000Z</time></trkpt>
<trkpt lat="30.57020287533303" lon="104.0559448002417"><ele>482</ele><time>2025-02-08T11:17:28.000Z</time></trkpt>
<trkpt lat="30.57033701603774" lon="104.0559754182375"><ele>481</ele><time>2025-02-08T11:17:30.000Z</time></trkpt>
<trkpt lat="30.57045884871196" lon="104.0560051017104"><ele>480</ele><time>2025-02-08T11:17:32.000Z</time></trkpt>
<trkpt lat="30.57058850623644" lon="104.0560541119165"><ele>480</ele><time>2025-02-08T11:17:34.000Z</time></trkpt>
<trkpt lat="30.57071758169447" lon="104.0560916530421"><ele>480</ele><time>2025-02-08T11:17:36.000Z</time></trkpt>
<trkpt lat="30.57084584790361" lon="104.0561213928423"><ele>480</ele><time>2025-02-08T11:17:38.000Z</time></trkpt>
<trkpt lat="30.57096990784408" lon="104.0561503692384"><ele>480</ele><time>2025-02-08T11:17:40.000Z</time></trkpt>
<trkpt lat="30.57109953518192" lon="104.0561792683762"><ele>480</ele><time>2025-02-08T11:17:42.000Z</time></trkpt>
<trkpt lat="30.57122450303527" lon="104.0561976176466"><ele>480</ele><time>2025-02-08T11:17:44.000Z</time></trkpt>
<trkpt lat="30.57135169948958" lon="104.0562280141124"><ele>480</ele><time>2025-02-08T11:17:46.000Z</time></trkpt>
<trkpt lat="30.57147558697243" lon="104.0562681173897"><ele>480</ele><time>2025-02-08T11:17:48.000Z</time></trkpt>
<trkpt lat="30.57160167108731" lon="104.0562950258287"><ele>480</ele><time>2025-02-08T11:17:50.000Z</time></trkpt>
<trkpt lat="30.57172740852643" lon="104.0563223597221"><ele>480</ele><time>2025-02-08T11:17:52.000Z</time></trkpt>
<trkpt lat="30.57185429289714" lon="104.0563515306538"><ele>480</ele><time>2025-02-08T11:17:54.000Z</time></trkpt>
<trkpt lat="30.57197648417448" lon="104.0563878768462"><ele>480</ele><time>2025-02-08T11:17:56.000Z</time></trkpt>
<trkpt lat="30.5721156800969" lon="104.0564172798215"><ele>481</ele><time>2025-02-08T11:17:58.000Z</time></trkpt>
<trkpt lat="30.57222939361313" lon="104.0564470227228"><ele>480</ele><time>2025-02-08T11:18:00.000Z</time></trkpt>
<trkpt lat="30.57235165425456" lon="104.0564678092931"><ele>480</ele><time>2025-02-08T11:18:02.000Z</time></trkpt>
<trkpt lat="30.57247063601274" lon="104.0564944458923"><ele>480</ele><time>2025-02-08T11:18:04.000Z</time></trkpt>
<trkpt lat="30.57259070664296" lon="104.0565254561927"><ele>480</ele><time>2025-02-08T11:18:06.000Z</time></trkpt>
<trkpt lat="30.57270468950506" lon="104.0565517033864"><ele>480</ele><time>2025-02-08T11:18:08.000Z</time></trkpt>
<trkpt lat="30.57282055801434" lon="104.0565803868617"><ele>480</ele><time>2025-02-08T11:18:10.000Z</time></trkpt>
<trkpt lat="30.57293357335723" lon="104.0566013814971"><ele>480</ele><time>2025-02-08T11:18:12.000Z</time></trkpt>
<trkpt lat="30.57302900741621" lon="104.056625225124"><ele>480</ele><time>2025-02-08T11:18:14.000Z</time></trkpt>
<trkpt lat="30.57312988410981" lon="104.0566557706038"><ele>480</ele><time>2025-02-08T11:18:16.000Z</time></trkpt>
<trkpt lat="30.57324142180719" lon="104.0566891524988"><ele>480</ele><time>2025-02-08T11:18:18.000Z</time></trkpt>
<trkpt lat="30.57333482076902" lon="104.0567310878891"><ele>480</ele><time>2025-02-08T11:18:20.000Z</time></trkpt>
<trkpt lat="30.57344306853044" lon="104.0567719131285"><ele>480</ele><time>2025-02-08T11:18:22.000Z</time></trkpt>
<trkpt lat="30.57354399481086" lon="104.0567926656179"><ele>480</ele><time>2025-02-08T11:18:24.000Z</time></trkpt>
<trkpt lat="30.57368736609321" lon="104.0568445522569"><ele>480</ele><time>2025-02-08T11:18:27.000Z</time></trkpt>
<trkpt lat="30.57378794571618" lon="104.056866503174"><ele>481</ele><time>2025-02-08T11:18:29.000Z</time></trkpt>
<trkpt lat="30.57388990277316" lon="104.0568930131857"><ele>480</ele><time>2025-02-08T11:18:31.000Z</time></trkpt>
<trkpt lat="30.57397788781005" lon="104.0569222224501"><ele>481</ele><time>2025-02-08T11:18:33.000Z</time></trkpt>
<trkpt lat="30.57408570438317" lon="104.0569889559511"><ele>480</ele><time>2025-02-08T11:18:36.000Z</time></trkpt>
<trkpt lat="30.57418791758126" lon="104.0570311343569"><ele>481</ele><time>2025-02-08T11:18:39.000Z</time></trkpt>
<trkpt lat="30.57427386659775" lon="104.0570659185385"><ele>480</ele><time>2025-02-08T11:19:17.000Z</time></trkpt>
<trkpt lat="30.5743755009498" lon="104.0570893242194"><ele>481</ele><time>2025-02-08T11:19:21.000Z</time></trkpt>
<trkpt lat="30.57447410740671" lon="104.0570979973437"><ele>481</ele><time>2025-02-08T11:19:24.000Z</time></trkpt>
<trkpt lat="30.57458021090111" lon="104.0570851947726"><ele>481</ele><time>2025-02-08T11:19:27.000Z</time></trkpt>
<trkpt lat="30.57471024817822" lon="104.0571042811493"><ele>481</ele><time>2025-02-08T11:19:30.000Z</time></trkpt>
<trkpt lat="30.57480061138129" lon="104.0571291244558"><ele>481</ele><time>2025-02-08T11:19:32.000Z</time></trkpt>
<trkpt lat="30.57489307241151" lon="104.057153542804"><ele>481</ele><time>2025-02-08T11:19:34.000Z</time></trkpt>
<trkpt lat="30.57498227097046" lon="104.0571794975589"><ele>481</ele><time>2025-02-08T11:19:36.000Z</time></trkpt>
<trkpt lat="30.57510270026092" lon="104.0572068114917"><ele>481</ele><time>2025-02-08T11:19:39.000Z</time></trkpt>
<trkpt lat="30.57520373760604" lon="104.057177382528"><ele>481</ele><time>2025-02-08T11:19:43.000Z</time></trkpt>
<trkpt lat="30.57531429206654" lon="104.0572104504348"><ele>481</ele><time>2025-02-08T11:19:45.000Z</time></trkpt>
<trkpt lat="30.57540582072659" lon="104.0572516259782"><ele>481</ele><time>2025-02-08T11:19:47.000Z</time></trkpt>
<trkpt lat="30.5755076859749" lon="104.0572978772256"><ele>481</ele><time>2025-02-08T11:19:49.000Z</time></trkpt>
<trkpt lat="30.57560902750227" lon="104.057339002992"><ele>482</ele><time>2025-02-08T11:19:51.000Z</time></trkpt>
<trkpt lat="30.57572273467181" lon="104.0573608074377"><ele>482</ele><time>2025-02-08T11:19:53.000Z</time></trkpt>
<trkpt lat="30.57583092608471" lon="104.0574163815372"><ele>482</ele><time>2025-02-08T11:19:55.000Z</time></trkpt>
<trkpt lat="30.57591953865659" lon="104.0574551725581"><ele>482</ele><time>2025-02-08T11:19:57.000Z</time></trkpt>
<trkpt lat="30.57603179009891" lon="104.0574660006853"><ele>482</ele><time>2025-02-08T11:19:59.000Z</time></trkpt>
<trkpt lat="30.57612086026784" lon="104.0574378828117"><ele>481</ele><time>2025-02-08T11:20:02.000Z</time></trkpt>
<trkpt lat="30.5762191188428" lon="104.0573916569809"><ele>481</ele><time>2025-02-08T11:20:06.000Z</time></trkpt>
<trkpt lat="30.57629955817171" lon="104.0574399189878"><ele>481</ele><time>2025-02-08T11:20:09.000Z</time></trkpt>
<trkpt lat="30.57639566077395" lon="104.0574455726523"><ele>481</ele><time>2025-02-08T11:20:12.000Z</time></trkpt>
<trkpt lat="30.57651065634678" lon="104.0574985896191"><ele>480</ele><time>2025-02-08T11:20:16.000Z</time></trkpt>
<trkpt lat="30.57660426251359" lon="104.0575034361499"><ele>480</ele><time>2025-02-08T11:20:20.000Z</time></trkpt>
<trkpt lat="30.57670031555986" lon="104.0574562440862"><ele>480</ele><time>2025-02-08T11:20:25.000Z</time></trkpt>
<trkpt lat="30.57679707284497" lon="104.0574954961957"><ele>480</ele><time>2025-02-08T11:20:29.000Z</time></trkpt>
<trkpt lat="30.57687608629048" lon="104.0575536720753"><ele>480</ele><time>2025-02-08T11:20:33.000Z</time></trkpt>
<trkpt lat="30.57698625154209" lon="104.0576300616337"><ele>480</ele><time>2025-02-08T11:20:37.000Z</time></trkpt>
<trkpt lat="30.57709371329437" lon="104.0576740315102"><ele>480</ele><time>2025-02-08T11:20:40.000Z</time></trkpt>
<trkpt lat="30.57718739200899" lon="104.0576967808575"><ele>480</ele><time>2025-02-08T11:20:43.000Z</time></trkpt>
<trkpt lat="30.57732065778117" lon="104.0577149914201"><ele>480</ele><time>2025-02-08T11:20:46.000Z</time></trkpt>
<trkpt lat="30.5774246858579" lon="104.0577265762443"><ele>480</ele><time>2025-02-08T11:20:50.000Z</time></trkpt>
<trkpt lat="30.57751988334611" lon="104.0577303620047"><ele>480</ele><time>2025-02-08T11:20:54.000Z</time></trkpt>
<trkpt lat="30.57763740626804" lon="104.0577410533481"><ele>480</ele><time>2025-02-08T11:20:58.000Z</time></trkpt>
<trkpt lat="30.57772946635984" lon="104.0577552027734"><ele>480</ele><time>2025-02-08T11:21:05.000Z</time></trkpt>
<trkpt lat="30.57782026030264" lon="104.0577580209749"><ele>480</ele><time>2025-02-08T11:22:04.000Z</time></trkpt>
<trkpt lat="30.57791744974375" lon="104.0577401069972"><ele>480</ele><time>2025-02-08T11:22:08.000Z</time></trkpt>
<trkpt lat="30.578029629105" lon="104.0577223562388"><ele>480</ele><time>2025-02-08T11:22:12.000Z</time></trkpt>
<trkpt lat="30.57813620485091" lon="104.0577418830095"><ele>480</ele><time>2025-02-08T11:22:16.000Z</time></trkpt>
<trkpt lat="30.57825074796755" lon="104.0577429811025"><ele>480</ele><time>2025-02-08T11:22:19.000Z</time></trkpt>
<trkpt lat="30.57834646114546" lon="104.0576796919109"><ele>481</ele><time>2025-02-08T11:22:22.000Z</time></trkpt>
<trkpt lat="30.57844085876939" lon="104.0576599778777"><ele>481</ele><time>2025-02-08T11:22:25.000Z</time></trkpt>
<trkpt lat="30.57855725193439" lon="104.0576552579876"><ele>481</ele><time>2025-02-08T11:22:28.000Z</time></trkpt>
<trkpt lat="30.57867927027453" lon="104.0576272322376"><ele>480</ele><time>2025-02-08T11:22:31.000Z</time></trkpt>
<trkpt lat="30.57877666320621" lon="104.0576201169992"><ele>480</ele><time>2025-02-08T11:22:33.000Z</time></trkpt>
<trkpt lat="30.57887284881214" lon="104.0576258101483"><ele>480</ele><time>2025-02-08T11:22:35.000Z</time></trkpt>
<trkpt lat="30.57898143689385" lon="104.0576246257544"><ele>480</ele><time>2025-02-08T11:22:38.000Z</time></trkpt>
<trkpt lat="30.57907470237135" lon="104.0576141240198"><ele>481</ele><time>2025-02-08T11:22:40.000Z</time></trkpt>
<trkpt lat="30.57918946765976" lon="104.0576149533543"><ele>481</ele><time>2025-02-08T11:22:43.000Z</time></trkpt>
<trkpt lat="30.57929594042945" lon="104.0576088054811"><ele>481</ele><time>2025-02-08T11:22:45.000Z</time></trkpt>
<trkpt lat="30.579421707394" lon="104.0576069115864"><ele>481</ele><time>2025-02-08T11:22:50.000Z</time></trkpt>
<trkpt lat="30.57953439306498" lon="104.0576135109918"><ele>481</ele><time>2025-02-08T11:22:53.000Z</time></trkpt>
<trkpt lat="30.57966298544363" lon="104.0576037981361"><ele>481</ele><time>2025-02-08T11:22:56.000Z</time></trkpt>
<trkpt lat="30.5797701650222" lon="104.0576083777746"><ele>481</ele><time>2025-02-08T11:22:59.000Z</time></trkpt>
<trkpt lat="30.57987131225956" lon="104.0576000602127"><ele>481</ele><time>2025-02-08T11:23:01.000Z</time></trkpt>
<trkpt lat="30.57996259376018" lon="104.0575993945138"><ele>481</ele><time>2025-02-08T11:23:03.000Z</time></trkpt>
<trkpt lat="30.58006323365971" lon="104.0576109737775"><ele>482</ele><time>2025-02-08T11:23:05.000Z</time></trkpt>
<trkpt lat="30.58017024001404" lon="104.0576264669767"><ele>482</ele><time>2025-02-08T11:23:07.000Z</time></trkpt>
<trkpt lat="30.58030928640657" lon="104.0576088765315"><ele>482</ele><time>2025-02-08T11:23:10.000Z</time></trkpt>
<trkpt lat="30.5804108049173" lon="104.0576153060601"><ele>482</ele><time>2025-02-08T11:23:12.000Z</time></trkpt>
<trkpt lat="30.5805045274256" lon="104.0576192273936"><ele>482</ele><time>2025-02-08T11:23:14.000Z</time></trkpt>
<trkpt lat="30.58061847867803" lon="104.0576217979907"><ele>482</ele><time>2025-02-08T11:23:18.000Z</time></trkpt>
<trkpt lat="30.58072803322363" lon="104.0576178064718"><ele>482</ele><time>2025-02-08T11:23:21.000Z</time></trkpt>
<trkpt lat="30.58084303616082" lon="104.0576319059303"><ele>483</ele><time>2025-02-08T11:23:24.000Z</time></trkpt>
<trkpt lat="30.58093188984228" lon="104.0576643623198"><ele>483</ele><time>2025-02-08T11:23:27.000Z</time></trkpt>
<trkpt lat="30.58102235151695" lon="104.0576936145916"><ele>483</ele><time>2025-02-08T11:23:38.000Z</time></trkpt>
<trkpt lat="30.58103113232121" lon="104.0578218558312"><ele>483</ele><time>2025-02-08T11:23:53.000Z</time></trkpt>
<trkpt lat="30.58103700281819" lon="104.0576933470748"><ele>482</ele><time>2025-02-08T11:24:01.000Z</time></trkpt>
<trkpt lat="30.58114707167245" lon="104.057684716024"><ele>483</ele><time>2025-02-08T11:24:13.000Z</time></trkpt>
<trkpt lat="30.58126113415923" lon="104.0576536603108"><ele>482</ele><time>2025-02-08T11:24:17.000Z</time></trkpt>
<trkpt lat="30.58135627148897" lon="104.0576265701733"><ele>482</ele><time>2025-02-08T11:24:20.000Z</time></trkpt>
<trkpt lat="30.58146475547421" lon="104.0576158225342"><ele>483</ele><time>2025-02-08T11:24:23.000Z</time></trkpt>
<trkpt lat="30.58159061152519" lon="104.0576023743512"><ele>482</ele><time>2025-02-08T11:24:26.000Z</time></trkpt>
<trkpt lat="30.58170396524059" lon="104.0576258800996"><ele>482</ele><time>2025-02-08T11:24:28.000Z</time></trkpt>
<trkpt lat="30.58185082051957" lon="104.0576317631483"><ele>482</ele><time>2025-02-08T11:24:31.000Z</time></trkpt>
<trkpt lat="30.58195195415095" lon="104.0576441207529"><ele>483</ele><time>2025-02-08T11:24:34.000Z</time></trkpt>
<trkpt lat="30.58206365184882" lon="104.0576591417262"><ele>483</ele><time>2025-02-08T11:24:37.000Z</time></trkpt>
<trkpt lat="30.58220220330297" lon="104.0576504962086"><ele>483</ele><time>2025-02-08T11:24:40.000Z</time></trkpt>
<trkpt lat="30.58231139339285" lon="104.0576775371992"><ele>483</ele><time>2025-02-08T11:24:42.000Z</time></trkpt>
<trkpt lat="30.58242743725152" lon="104.0576950187751"><ele>483</ele><time>2025-02-08T11:24:44.000Z</time></trkpt>
<trkpt lat="30.58255112627539" lon="104.0577191462134"><ele>483</ele><time>2025-02-08T11:24:47.000Z</time></trkpt>
<trkpt lat="30.58266060229602" lon="104.0577107269065"><ele>483</ele><time>2025-02-08T11:24:49.000Z</time></trkpt>
<trkpt lat="30.58276151048102" lon="104.0577077893222"><ele>483</ele><time>2025-02-08T11:24:51.000Z</time></trkpt>
<trkpt lat="30.58287669381127" lon="104.0577128365413"><ele>483</ele><time>2025-02-08T11:24:53.000Z</time></trkpt>
<trkpt lat="30.58298366593745" lon="104.057709498455"><ele>483</ele><time>2025-02-08T11:24:55.000Z</time></trkpt>
<trkpt lat="30.58307907041905" lon="104.0577132822235"><ele>483</ele><time>2025-02-08T11:24:57.000Z</time></trkpt>
<trkpt lat="30.58318453499546" lon="104.0577547043219"><ele>483</ele><time>2025-02-08T11:25:02.000Z</time></trkpt>
<trkpt lat="30.58328256390121" lon="104.0577294615804"><ele>483</ele><time>2025-02-08T11:25:08.000Z</time></trkpt>
<trkpt lat="30.58337585759054" lon="104.057654452711"><ele>484</ele><time>2025-02-08T11:25:11.000Z</time></trkpt>
<trkpt lat="30.58347608066486" lon="104.0576852401059"><ele>483</ele><time>2025-02-08T11:25:14.000Z</time></trkpt>
<trkpt lat="30.58358893317752" lon="104.0576747901686"><ele>483</ele><time>2025-02-08T11:25:18.000Z</time></trkpt>
<trkpt lat="30.58370083290337" lon="104.057688798571"><ele>483</ele><time>2025-02-08T11:25:20.000Z</time></trkpt>
<trkpt lat="30.58379273919468" lon="104.0576780646838"><ele>483</ele><time>2025-02-08T11:25:21.000Z</time></trkpt>
<trkpt lat="30.58393581185721" lon="104.0577016547297"><ele>483</ele><time>2025-02-08T11:25:23.000Z</time></trkpt>
<trkpt lat="30.58407721895258" lon="104.0577150910734"><ele>483</ele><time>2025-02-08T11:25:25.000Z</time></trkpt>
<trkpt lat="30.5842002450035" lon="104.0576972372961"><ele>482</ele><time>2025-02-08T11:25:27.000Z</time></trkpt>
<trkpt lat="30.58432575531223" lon="104.0577218090726"><ele>482</ele><time>2025-02-08T11:25:29.000Z</time></trkpt>
<trkpt lat="30.58441581666767" lon="104.0577448507933"><ele>482</ele><time>2025-02-08T11:25:30.000Z</time></trkpt>
<trkpt lat="30.58452369843399" lon="104.0577603976833"><ele>482</ele><time>2025-02-08T11:25:32.000Z</time></trkpt>
<trkpt lat="30.58461480927639" lon="104.0577724104106"><ele>481</ele><time>2025-02-08T11:25:35.000Z</time></trkpt>
<trkpt lat="30.58468088360878" lon="104.057694633272"><ele>481</ele><time>2025-02-08T11:26:05.000Z</time></trkpt>
<trkpt lat="30.58473366471166" lon="104.0577837311984"><ele>482</ele><time>2025-02-08T11:26:57.000Z</time></trkpt>
<trkpt lat="30.58483540464371" lon="104.0577943363231"><ele>482</ele><time>2025-02-08T11:27:02.000Z</time></trkpt>
<trkpt lat="30.58492526700968" lon="104.0578243021947"><ele>482</ele><time>2025-02-08T11:27:05.000Z</time></trkpt>
<trkpt lat="30.58502520677335" lon="104.0577994198777"><ele>482</ele><time>2025-02-08T11:27:08.000Z</time></trkpt>
<trkpt lat="30.58514090943579" lon="104.0578042887351"><ele>483</ele><time>2025-02-08T11:27:11.000Z</time></trkpt>
<trkpt lat="30.58526335592081" lon="104.0578010831406"><ele>483</ele><time>2025-02-08T11:27:14.000Z</time></trkpt>
<trkpt lat="30.58538968982045" lon="104.057831371467"><ele>483</ele><time>2025-02-08T11:27:17.000Z</time></trkpt>
<trkpt lat="30.58548531292853" lon="104.0578105665786"><ele>483</ele><time>2025-02-08T11:27:19.000Z</time></trkpt>
<trkpt lat="30.58561082965353" lon="104.0578145379793"><ele>483</ele><time>2025-02-08T11:27:22.000Z</time></trkpt>
<trkpt lat="30.58574054005604" lon="104.0577974686233"><ele>483</ele><time>2025-02-08T11:27:25.000Z</time></trkpt>
<trkpt lat="30.58586267183321" lon="104.0577739827177"><ele>483</ele><time>2025-02-08T11:27:28.000Z</time></trkpt>
<trkpt lat="30.58599251886703" lon="104.057768134011"><ele>484</ele><time>2025-02-08T11:27:31.000Z</time></trkpt>
<trkpt lat="30.58611950976669" lon="104.057778622261"><ele>484</ele><time>2025-02-08T11:27:34.000Z</time></trkpt>
<trkpt lat="30.58621029383526" lon="104.0577758899192"><ele>484</ele><time>2025-02-08T11:27:36.000Z</time></trkpt>
<trkpt lat="30.58633919733296" lon="104.0577710385444"><ele>484</ele><time>2025-02-08T11:27:39.000Z</time></trkpt>
<trkpt lat="30.58642940175626" lon="104.0577679146348"><ele>483</ele><time>2025-02-08T11:27:41.000Z</time></trkpt>
<trkpt lat="30.58652332382852" lon="104.0577704478394"><ele>484</ele><time>2025-02-08T11:27:43.000Z</time></trkpt>
<trkpt lat="30.58662136781003" lon="104.0578029022173"><ele>484</ele><time>2025-02-08T11:27:45.000Z</time></trkpt>
<trkpt lat="30.58672878572209" lon="104.0578073277415"><ele>484</ele><time>2025-02-08T11:27:47.000Z</time></trkpt>
<trkpt lat="30.5868264552453" lon="104.0578033382148"><ele>485</ele><time>2025-02-08T11:27:49.000Z</time></trkpt>
<trkpt lat="30.58692727372999" lon="104.0577955172145"><ele>484</ele><time>2025-02-08T11:27:51.000Z</time></trkpt>
<trkpt lat="30.58702768423992" lon="104.0578025556461"><ele>484</ele><time>2025-02-08T11:27:53.000Z</time></trkpt>
<trkpt lat="30.58713612466009" lon="104.0577970398331"><ele>483</ele><time>2025-02-08T11:27:55.000Z</time></trkpt>
<trkpt lat="30.5872340526439" lon="104.0577841256876"><ele>484</ele><time>2025-02-08T11:27:57.000Z</time></trkpt>
<trkpt lat="30.58733049020816" lon="104.0577874720845"><ele>484</ele><time>2025-02-08T11:27:59.000Z</time></trkpt>
<trkpt lat="30.58743719943918" lon="104.0577821839422"><ele>484</ele><time>2025-02-08T11:28:01.000Z</time></trkpt>
<trkpt lat="30.58755395799227" lon="104.0577255336902"><ele>483</ele><time>2025-02-08T11:28:03.000Z</time></trkpt>
<trkpt lat="30.58766170700102" lon="104.0577279590134"><ele>483</ele><time>2025-02-08T11:28:05.000Z</time></trkpt>
<trkpt lat="30.58775878342121" lon="104.0577301728103"><ele>483</ele><time>2025-02-08T11:28:07.000Z</time></trkpt>
<trkpt lat="30.58786498062142" lon="104.0577337316203"><ele>483</ele><time>2025-02-08T11:28:09.000Z</time></trkpt>
<trkpt lat="30.58795522670495" lon="104.0577372710291"><ele>483</ele><time>2025-02-08T11:28:11.000Z</time></trkpt>
<trkpt lat="30.58804960978014" lon="104.0577409708926"><ele>484</ele><time>2025-02-08T11:28:16.000Z</time></trkpt>
<trkpt lat="30.58806670375862" lon="104.0578572309913"><ele>484</ele><time>2025-02-08T11:28:24.000Z</time></trkpt>
<trkpt lat="30.58816111818134" lon="104.0578113833163"><ele>484</ele><time>2025-02-08T11:29:12.000Z</time></trkpt>
<trkpt lat="30.58827268833832" lon="104.0578061504848"><ele>484</ele><time>2025-02-08T11:29:16.000Z</time></trkpt>
<trkpt lat="30.58837800421373" lon="104.0578023580963"><ele>484</ele><time>2025-02-08T11:29:19.000Z</time></trkpt>
<trkpt lat="30.58849907559531" lon="104.0578049626569"><ele>483</ele><time>2025-02-08T11:29:22.000Z</time></trkpt>
<trkpt lat="30.58861835771857" lon="104.0578112928913"><ele>484</ele><time>2025-02-08T11:29:25.000Z</time></trkpt>
<trkpt lat="30.58874706756585" lon="104.0578152256003"><ele>483</ele><time>2025-02-08T11:29:28.000Z</time></trkpt>
<trkpt lat="30.58888596365988" lon="104.0578264581071"><ele>482</ele><time>2025-02-08T11:29:31.000Z</time></trkpt>
<trkpt lat="30.58902358267743" lon="104.0578276842025"><ele>484</ele><time>2025-02-08T11:29:34.000Z</time></trkpt>
<trkpt lat="30.58912854769207" lon="104.0578396423251"><ele>484</ele><time>2025-02-08T11:29:36.000Z</time></trkpt>
<trkpt lat="30.58922772118309" lon="104.0578541928997"><ele>483</ele><time>2025-02-08T11:29:38.000Z</time></trkpt>
<trkpt lat="30.58936084977129" lon="104.05788419812"><ele>485</ele><time>2025-02-08T11:29:41.000Z</time></trkpt>
<trkpt lat="30.58947950608779" lon="104.0578821809643"><ele>484</ele><time>2025-02-08T11:29:43.000Z</time></trkpt>
<trkpt lat="30.58959316614258" lon="104.0577699951249"><ele>483</ele><time>2025-02-08T11:29:45.000Z</time></trkpt>
<trkpt lat="30.5897012648284" lon="104.0577729865738"><ele>484</ele><time>2025-02-08T11:29:47.000Z</time></trkpt>
<trkpt lat="30.58980216394926" lon="104.0577744393066"><ele>485</ele><time>2025-02-08T11:29:49.000Z</time></trkpt>
<trkpt lat="30.58990843843608" lon="104.0577760145584"><ele>484</ele><time>2025-02-08T11:29:51.000Z</time></trkpt>
<trkpt lat="30.58999877615114" lon="104.057777313873"><ele>484</ele><time>2025-02-08T11:29:53.000Z</time></trkpt>
<trkpt lat="30.59009272334525" lon="104.0577786892402"><ele>483</ele><time>2025-02-08T11:29:55.000Z</time></trkpt>
<trkpt lat="30.59020067391939" lon="104.0577868639816"><ele>483</ele><time>2025-02-08T11:29:57.000Z</time></trkpt>
<trkpt lat="30.5903074662444" lon="104.0577974422033"><ele>484</ele><time>2025-02-08T11:29:59.000Z</time></trkpt>
<trkpt lat="30.59040603524746" lon="104.0577851893824"><ele>484</ele><time>2025-02-08T11:30:01.000Z</time></trkpt>
<trkpt lat="30.59052235665127" lon="104.0577861727531"><ele>484</ele><time>2025-02-08T11:30:03.000Z</time></trkpt>
<trkpt lat="30.59064569702937" lon="104.0577872150237"><ele>484</ele><time>2025-02-08T11:30:05.000Z</time></trkpt>
<trkpt lat="30.59074554674253" lon="104.0577880578918"><ele>485</ele><time>2025-02-08T11:30:07.000Z</time></trkpt>
<trkpt lat="30.59083822775473" lon="104.0577888946593"><ele>484</ele><time>2025-02-08T11:30:10.000Z</time></trkpt>
<trkpt lat="30.5909921531848" lon="104.057790280761"><ele>484</ele><time>2025-02-08T11:30:12.000Z</time></trkpt>
<trkpt lat="30.59104300708374" lon="104.0578833290278"><ele>484</ele><time>2025-02-08T11:30:13.000Z</time></trkpt>
<trkpt lat="30.59115183948354" lon="104.0577916680669"><ele>485</ele><time>2025-02-08T11:30:15.000Z</time></trkpt>
<trkpt lat="30.5912768523832" lon="104.0578117209931"><ele>484</ele><time>2025-02-08T11:30:17.000Z</time></trkpt>
<trkpt lat="30.59138587059078" lon="104.0577987287903"><ele>484</ele><time>2025-02-08T11:30:19.000Z</time></trkpt>
<trkpt lat="30.5915039449156" lon="104.0577968125582"><ele>484</ele><time>2025-02-08T11:30:21.000Z</time></trkpt>
<trkpt lat="30.59161684670291" lon="104.0577954425238"><ele>484</ele><time>2025-02-08T11:30:23.000Z</time></trkpt>
<trkpt lat="30.59172835131086" lon="104.0577972921204"><ele>484</ele><time>2025-02-08T11:30:25.000Z</time></trkpt>
<trkpt lat="30.59183599931058" lon="104.0577990940729"><ele>483</ele><time>2025-02-08T11:30:27.000Z</time></trkpt>
<trkpt lat="30.59194405765828" lon="104.0578008870651"><ele>484</ele><time>2025-02-08T11:30:29.000Z</time></trkpt>
<trkpt lat="30.59204946494676" lon="104.0578025034382"><ele>484</ele><time>2025-02-08T11:30:31.000Z</time></trkpt>
<trkpt lat="30.59217165178287" lon="104.0578046157027"><ele>484</ele><time>2025-02-08T11:30:33.000Z</time></trkpt>
<trkpt lat="30.59227162638557" lon="104.0578062724097"><ele>484</ele><time>2025-02-08T11:30:35.000Z</time></trkpt>
<trkpt lat="30.5924058426466" lon="104.057808459188"><ele>484</ele><time>2025-02-08T11:30:37.000Z</time></trkpt>
<trkpt lat="30.59251988814508" lon="104.0578104822529"><ele>484</ele><time>2025-02-08T11:30:39.000Z</time></trkpt>
<trkpt lat="30.59265219564141" lon="104.057812602355"><ele>484</ele><time>2025-02-08T11:30:41.000Z</time></trkpt>
<trkpt lat="30.59276413185764" lon="104.0578089834254"><ele>484</ele><time>2025-02-08T11:30:43.000Z</time></trkpt>
<trkpt lat="30.59287713664305" lon="104.057807774887"><ele>484</ele><time>2025-02-08T11:30:45.000Z</time></trkpt>
<trkpt lat="30.59298440807262" lon="104.0578084228777"><ele>484</ele><time>2025-02-08T11:30:47.000Z</time></trkpt>
<trkpt lat="30.59314248144751" lon="104.0578138922538"><ele>484</ele><time>2025-02-08T11:30:52.000Z</time></trkpt>
<trkpt lat="30.59323967609355" lon="104.0578171312007"><ele>484</ele><time>2025-02-08T11:30:54.000Z</time></trkpt>
<trkpt lat="30.59331640552608" lon="104.058002005661"><ele>484</ele><time>2025-02-08T11:30:55.000Z</time></trkpt>
<trkpt lat="30.59353253165041" lon="104.0579289211265"><ele>484</ele><time>2025-02-08T11:30:56.000Z</time></trkpt>
<trkpt lat="30.59363737892907" lon="104.0579349937828"><ele>484</ele><time>2025-02-08T11:30:58.000Z</time></trkpt>
<trkpt lat="30.59373793634983" lon="104.0579515320573"><ele>484</ele><time>2025-02-08T11:31:01.000Z</time></trkpt>
<trkpt lat="30.59382927552329" lon="104.0579550289849"><ele>484</ele><time>2025-02-08T11:31:32.000Z</time></trkpt>
<trkpt lat="30.59393562069345" lon="104.0579419077643"><ele>484</ele><time>2025-02-08T11:32:02.000Z</time></trkpt>
<trkpt lat="30.59407546025511" lon="104.0579364870182"><ele>484</ele><time>2025-02-08T11:32:07.000Z</time></trkpt>
<trkpt lat="30.59417091910106" lon="104.0579351429881"><ele>484</ele><time>2025-02-08T11:32:10.000Z</time></trkpt>
<trkpt lat="30.59428285055815" lon="104.0579409074882"><ele>484</ele><time>2025-02-08T11:32:13.000Z</time></trkpt>
<trkpt lat="30.59437789045799" lon="104.0579479255356"><ele>484</ele><time>2025-02-08T11:32:15.000Z</time></trkpt>
<trkpt lat="30.59451949107047" lon="104.0579762553251"><ele>484</ele><time>2025-02-08T11:32:18.000Z</time></trkpt>
<trkpt lat="30.59461890802031" lon="104.0579828230947"><ele>484</ele><time>2025-02-08T11:32:20.000Z</time></trkpt>
<trkpt lat="30.59476445887518" lon="104.0579844840572"><ele>484</ele><time>2025-02-08T11:32:23.000Z</time></trkpt>
<trkpt lat="30.5948703333034" lon="104.0579883426822"><ele>484</ele><time>2025-02-08T11:32:25.000Z</time></trkpt>
<trkpt lat="30.59497545956772" lon="104.0579849436415"><ele>484</ele><time>2025-02-08T11:32:27.000Z</time></trkpt>
<trkpt lat="30.59507136693016" lon="104.0579793288959"><ele>484</ele><time>2025-02-08T11:32:29.000Z</time></trkpt>
<trkpt lat="30.59518281810631" lon="104.0579881196339"><ele>484</ele><time>2025-02-08T11:32:31.000Z</time></trkpt>
<trkpt lat="30.59528849571522" lon="104.0579922695581"><ele>484</ele><time>2025-02-08T11:32:33.000Z</time></trkpt>
<trkpt lat="30.5953807461684" lon="104.0579896952347"><ele>483</ele><time>2025-02-08T11:32:35.000Z</time></trkpt>
<trkpt lat="30.59548802751639" lon="104.0579960938107"><ele>483</ele><time>2025-02-08T11:32:37.000Z</time></trkpt>
<trkpt lat="30.59559324799833" lon="104.0580072370902"><ele>483</ele><time>2025-02-08T11:32:39.000Z</time></trkpt>
<trkpt lat="30.59569167749209" lon="104.0580182213266"><ele>483</ele><time>2025-02-08T11:32:41.000Z</time></trkpt>
<trkpt lat="30.59579793037978" lon="104.058020799114"><ele>483</ele><time>2025-02-08T11:32:43.000Z</time></trkpt>
<trkpt lat="30.59590257820977" lon="104.0580213586362"><ele>483</ele><time>2025-02-08T11:32:45.000Z</time></trkpt>
<trkpt lat="30.59600113066544" lon="104.0580108391112"><ele>483</ele><time>2025-02-08T11:32:47.000Z</time></trkpt>
<trkpt lat="30.59610216113346" lon="104.0580093966759"><ele>483</ele><time>2025-02-08T11:32:49.000Z</time></trkpt>
<trkpt lat="30.59620672898037" lon="104.0580053093587"><ele>483</ele><time>2025-02-08T11:32:51.000Z</time></trkpt>
<trkpt lat="30.59631221556892" lon="104.0580073766046"><ele>483</ele><time>2025-02-08T11:32:53.000Z</time></trkpt>
<trkpt lat="30.59641793870874" lon="104.0580286638098"><ele>483</ele><time>2025-02-08T11:32:55.000Z</time></trkpt>
<trkpt lat="30.59652535117881" lon="104.0580497756828"><ele>483</ele><time>2025-02-08T11:32:57.000Z</time></trkpt>
<trkpt lat="30.59663482634375" lon="104.0580632670835"><ele>483</ele><time>2025-02-08T11:32:59.000Z</time></trkpt>
<trkpt lat="30.59674846028224" lon="104.0580665286069"><ele>483</ele><time>2025-02-08T11:33:01.000Z</time></trkpt>
<trkpt lat="30.59685696196644" lon="104.0580814062503"><ele>483</ele><time>2025-02-08T11:33:03.000Z</time></trkpt>
<trkpt lat="30.59696480723144" lon="104.0580638017595"><ele>483</ele><time>2025-02-08T11:33:05.000Z</time></trkpt>
<trkpt lat="30.5970699026567" lon="104.058028151312"><ele>483</ele><time>2025-02-08T11:33:07.000Z</time></trkpt>
<trkpt lat="30.5971732842495" lon="104.0580060067784"><ele>483</ele><time>2025-02-08T11:33:09.000Z</time></trkpt>
<trkpt lat="30.59727322637437" lon="104.0580023327706"><ele>483</ele><time>2025-02-08T11:33:11.000Z</time></trkpt>
<trkpt lat="30.59737600069025" lon="104.0580048681337"><ele>483</ele><time>2025-02-08T11:33:13.000Z</time></trkpt>
<trkpt lat="30.59748201567911" lon="104.058001321605"><ele>483</ele><time>2025-02-08T11:33:15.000Z</time></trkpt>
<trkpt lat="30.59759300437524" lon="104.0579988192443"><ele>483</ele><time>2025-02-08T11:33:17.000Z</time></trkpt>
<trkpt lat="30.59769601275127" lon="104.0580090234923"><ele>483</ele><time>2025-02-08T11:33:19.000Z</time></trkpt>
<trkpt lat="30.59780349970181" lon="104.0580136011901"><ele>483</ele><time>2025-02-08T11:33:21.000Z</time></trkpt>
<trkpt lat="30.59790313816361" lon="104.0580132692956"><ele>483</ele><time>2025-02-08T11:33:23.000Z</time></trkpt>
<trkpt lat="30.59800227141567" lon="104.0580124254033"><ele>483</ele><time>2025-02-08T11:33:25.000Z</time></trkpt>
<trkpt lat="30.59810861684357" lon="104.0580052744817"><ele>483</ele><time>2025-02-08T11:33:27.000Z</time></trkpt>
<trkpt lat="30.59820554461058" lon="104.058003214153"><ele>483</ele><time>2025-02-08T11:33:29.000Z</time></trkpt>
<trkpt lat="30.59830979321737" lon="104.0580009397379"><ele>483</ele><time>2025-02-08T11:33:31.000Z</time></trkpt>
<trkpt lat="30.59842245090861" lon="104.0580116187889"><ele>483</ele><time>2025-02-08T11:33:33.000Z</time></trkpt>
<trkpt lat="30.59853471777552" lon="104.0580235268511"><ele>483</ele><time>2025-02-08T11:33:35.000Z</time></trkpt>
<trkpt lat="30.59863823778742" lon="104.0580205679431"><ele>483</ele><time>2025-02-08T11:33:37.000Z</time></trkpt>
<trkpt lat="30.59874646009525" lon="104.0580243570162"><ele>483</ele><time>2025-02-08T11:33:39.000Z</time></trkpt>
<trkpt lat="30.59885249274766" lon="104.0580319035103"><ele>483</ele><time>2025-02-08T11:33:41.000Z</time></trkpt>
<trkpt lat="30.59895796702115" lon="104.0580405845808"><ele>483</ele><time>2025-02-08T11:33:43.000Z</time></trkpt>
<trkpt lat="30.59906589298404" lon="104.0580413226178"><ele>483</ele><time>2025-02-08T11:33:45.000Z</time></trkpt>
<trkpt lat="30.59916503443963" lon="104.058049578683"><ele>483</ele><time>2025-02-08T11:33:47.000Z</time></trkpt>
<trkpt lat="30.59927101779963" lon="104.0580595554447"><ele>483</ele><time>2025-02-08T11:33:49.000Z</time></trkpt>
<trkpt lat="30.59937404241447" lon="104.0580560222258"><ele>483</ele><time>2025-02-08T11:33:51.000Z</time></trkpt>
<trkpt lat="30.59946899527508" lon="104.0580537024869"><ele>483</ele><time>2025-02-08T11:33:53.000Z</time></trkpt>
<trkpt lat="30.59957365132778" lon="104.0580582495244"><ele>483</ele><time>2025-02-08T11:33:55.000Z</time></trkpt>
<trkpt lat="30.59967549001965" lon="104.0580621021936"><ele>483</ele><time>2025-02-08T11:33:57.000Z</time></trkpt>
<trkpt lat="30.59977549953533" lon="104.0580608059733"><ele>483</ele><time>2025-02-08T11:33:59.000Z</time></trkpt>
<trkpt lat="30.59987436854442" lon="104.0580634436026"><ele>483</ele><time>2025-02-08T11:34:01.000Z</time></trkpt>
<trkpt lat="30.59997359751401" lon="104.058081997073"><ele>483</ele><time>2025-02-08T11:34:03.000Z</time></trkpt>
<trkpt lat="30.60007548048814" lon="104.0581232535712"><ele>483</ele><time>2025-02-08T11:34:05.000Z</time></trkpt>
<trkpt lat="30.60015396863847" lon="104.0581799784758"><ele>483</ele><time>2025-02-08T11:34:07.000Z</time></trkpt>
<trkpt lat="30.60018618486808" lon="104.058292639535"><ele>483</ele><time>2025-02-08T11:34:10.000Z</time></trkpt>
<trkpt lat="30.60011443160821" lon="104.0584019457049"><ele>483</ele><time>2025-02-08T11:34:13.000Z</time></trkpt>
<trkpt lat="30.60013694657595" lon="104.0585290211125"><ele>483</ele><time>2025-02-08T11:34:16.000Z</time></trkpt>
<trkpt lat="30.60020534399345" lon="104.0584547267829"><ele>483</ele><time>2025-02-08T11:34:28.000Z</time></trkpt>
<trkpt lat="30.60018283861394" lon="104.0583507365375"><ele>483</ele><time>2025-02-08T11:34:38.000Z</time></trkpt>
<trkpt lat="30.60015573245481" lon="104.058247230788"><ele>483</ele><time>2025-02-08T11:34:48.000Z</time></trkpt>
<trkpt lat="30.60020749038637" lon="104.0581247818401"><ele>483</ele><time>2025-02-08T11:34:54.000Z</time></trkpt>
<trkpt lat="30.6002732818664" lon="104.0580223782908"><ele>483</ele><time>2025-02-08T11:34:58.000Z</time></trkpt>
<trkpt lat="30.60036989152847" lon="104.0580306589842"><ele>483</ele><time>2025-02-08T11:35:02.000Z</time></trkpt>
<trkpt lat="30.60046929162946" lon="104.0580357785685"><ele>484</ele><time>2025-02-08T11:35:06.000Z</time></trkpt>
<trkpt lat="30.60056216307363" lon="104.0580401513002"><ele>484</ele><time>2025-02-08T11:35:09.000Z</time></trkpt>
<trkpt lat="30.60066445468214" lon="104.0580451322134"><ele>484</ele><time>2025-02-08T11:35:12.000Z</time></trkpt>
<trkpt lat="30.60076600529131" lon="104.0580511740033"><ele>484</ele><time>2025-02-08T11:35:15.000Z</time></trkpt>
<trkpt lat="30.60086770501305" lon="104.0580526934036"><ele>484</ele><time>2025-02-08T11:35:18.000Z</time></trkpt>
<trkpt lat="30.60096031647669" lon="104.0580576846518"><ele>484</ele><time>2025-02-08T11:35:21.000Z</time></trkpt>
<trkpt lat="30.60101629941515" lon="104.0581785270596"><ele>484</ele><time>2025-02-08T11:35:25.000Z</time></trkpt>
<trkpt lat="30.6010432015069" lon="104.0582783491695"><ele>484</ele><time>2025-02-08T11:35:28.000Z</time></trkpt>
<trkpt lat="30.60111711659141" lon="104.0583627879456"><ele>484</ele><time>2025-02-08T11:35:32.000Z</time></trkpt>
<trkpt lat="30.60123721704368" lon="104.0583351094847"><ele>484</ele><time>2025-02-08T11:35:35.000Z</time></trkpt>
<trkpt lat="30.60132044569296" lon="104.0582941100015"><ele>484</ele><time>2025-02-08T11:35:37.000Z</time></trkpt>
<trkpt lat="30.60142247740634" lon="104.0583305588592"><ele>484</ele><time>2025-02-08T11:35:42.000Z</time></trkpt>
<trkpt lat="30.60144115074478" lon="104.0584407308964"><ele>484</ele><time>2025-02-08T11:35:46.000Z</time></trkpt>
<trkpt lat="30.60138240103744" lon="104.0585369672137"><ele>484</ele><time>2025-02-08T11:35:49.000Z</time></trkpt>
<trkpt lat="30.60128861489421" lon="104.0586139211982"><ele>484</ele><time>2025-02-08T11:35:51.000Z</time></trkpt>
<trkpt lat="30.60120125193363" lon="104.0586603831996"><ele>484</ele><time>2025-02-08T11:35:53.000Z</time></trkpt>
<trkpt lat="30.60107686820051" lon="104.0586525070282"><ele>484</ele><time>2025-02-08T11:35:56.000Z</time></trkpt>
<trkpt lat="30.60101834625576" lon="104.0585680851453"><ele>484</ele><time>2025-02-08T11:35:58.000Z</time></trkpt>
<trkpt lat="30.60101403590166" lon="104.0584622727072"><ele>484</ele><time>2025-02-08T11:36:00.000Z</time></trkpt>
<trkpt lat="30.60102574128829" lon="104.0583213223036"><ele>484</ele><time>2025-02-08T11:36:03.000Z</time></trkpt>
<trkpt lat="30.6010786873602" lon="104.0581777421892"><ele>484</ele><time>2025-02-08T11:36:07.000Z</time></trkpt>
<trkpt lat="30.60116035050007" lon="104.05811545548"><ele>484</ele><time>2025-02-08T11:36:09.000Z</time></trkpt>
<trkpt lat="30.60128828104074" lon="104.0580775107565"><ele>484</ele><time>2025-02-08T11:36:12.000Z</time></trkpt>
<trkpt lat="30.60138195619329" lon="104.0580768839322"><ele>484</ele><time>2025-02-08T11:36:14.000Z</time></trkpt>
<trkpt lat="30.60147383831356" lon="104.0580739644713"><ele>484</ele><time>2025-02-08T11:36:16.000Z</time></trkpt>
<trkpt lat="30.60156700925174" lon="104.0580846729178"><ele>484</ele><time>2025-02-08T11:36:18.000Z</time></trkpt>
<trkpt lat="30.601665310086" lon="104.0580816375357"><ele>484</ele><time>2025-02-08T11:36:20.000Z</time></trkpt>
<trkpt lat="30.601757675003" lon="104.0580809322035"><ele>484</ele><time>2025-02-08T11:36:22.000Z</time></trkpt>
<trkpt lat="30.60185789879155" lon="104.0580944197371"><ele>484</ele><time>2025-02-08T11:36:24.000Z</time></trkpt>
<trkpt lat="30.60195823384689" lon="104.0580874289527"><ele>484</ele><time>2025-02-08T11:36:26.000Z</time></trkpt>
<trkpt lat="30.60206601379211" lon="104.0580912243956"><ele>484</ele><time>2025-02-08T11:36:28.000Z</time></trkpt>
<trkpt lat="30.60217451593473" lon="104.0580871855304"><ele>484</ele><time>2025-02-08T11:36:30.000Z</time></trkpt>
<trkpt lat="30.60227739991879" lon="104.0580840361762"><ele>484</ele><time>2025-02-08T11:36:32.000Z</time></trkpt>
<trkpt lat="30.60238333249345" lon="104.0580812782126"><ele>484</ele><time>2025-02-08T11:36:34.000Z</time></trkpt>
<trkpt lat="30.60249012482183" lon="104.0580854709428"><ele>483</ele><time>2025-02-08T11:36:36.000Z</time></trkpt>
<trkpt lat="30.60259484415265" lon="104.0580830285864"><ele>483</ele><time>2025-02-08T11:36:38.000Z</time></trkpt>
<trkpt lat="30.60270455739159" lon="104.0580882720555"><ele>484</ele><time>2025-02-08T11:36:40.000Z</time></trkpt>
<trkpt lat="30.60281767580357" lon="104.0580864599192"><ele>484</ele><time>2025-02-08T11:36:42.000Z</time></trkpt>
<trkpt lat="30.60293206825595" lon="104.058094383558"><ele>484</ele><time>2025-02-08T11:36:44.000Z</time></trkpt>
<trkpt lat="30.60304466483886" lon="104.0581023059203"><ele>484</ele><time>2025-02-08T11:36:46.000Z</time></trkpt>
<trkpt lat="30.60315556809787" lon="104.0581052575164"><ele>484</ele><time>2025-02-08T11:36:48.000Z</time></trkpt>
<trkpt lat="30.60326647138256" lon="104.0580980867691"><ele>484</ele><time>2025-02-08T11:36:50.000Z</time></trkpt>
<trkpt lat="30.60337075975668" lon="104.0580946347419"><ele>484</ele><time>2025-02-08T11:36:52.000Z</time></trkpt>
<trkpt lat="30.60343055415864" lon="104.0579804005104"><ele>484</ele><time>2025-02-08T11:36:53.000Z</time></trkpt>
<trkpt lat="30.60354010922413" lon="104.0579829262311"><ele>484</ele><time>2025-02-08T11:36:55.000Z</time></trkpt>
<trkpt lat="30.60364517727117" lon="104.0579853244054"><ele>484</ele><time>2025-02-08T11:36:57.000Z</time></trkpt>
<trkpt lat="30.60376330360092" lon="104.058002297706"><ele>484</ele><time>2025-02-08T11:36:59.000Z</time></trkpt>
<trkpt lat="30.60387236593946" lon="104.0580049514179"><ele>484</ele><time>2025-02-08T11:37:01.000Z</time></trkpt>
<trkpt lat="30.60398762194983" lon="104.058010091717"><ele>484</ele><time>2025-02-08T11:37:03.000Z</time></trkpt>
<trkpt lat="30.60408659165725" lon="104.0580145076028"><ele>484</ele><time>2025-02-08T11:37:05.000Z</time></trkpt>
<trkpt lat="30.60413298399824" lon="104.0581500478366"><ele>484</ele><time>2025-02-08T11:37:06.000Z</time></trkpt>
<trkpt lat="30.60424239493932" lon="104.0581542327891"><ele>484</ele><time>2025-02-08T11:37:08.000Z</time></trkpt>
<trkpt lat="30.60437244426883" lon="104.0581777312787"><ele>484</ele><time>2025-02-08T11:37:10.000Z</time></trkpt>
<trkpt lat="30.60448096174673" lon="104.0582062692551"><ele>484</ele><time>2025-02-08T11:37:12.000Z</time></trkpt>
<trkpt lat="30.60460005990241" lon="104.0582156128387"><ele>483</ele><time>2025-02-08T11:37:14.000Z</time></trkpt>
<trkpt lat="30.60471729804543" lon="104.0582208233063"><ele>484</ele><time>2025-02-08T11:37:16.000Z</time></trkpt>
<trkpt lat="30.60483454692465" lon="104.0582227253552"><ele>484</ele><time>2025-02-08T11:37:18.000Z</time></trkpt>
<trkpt lat="30.60493207675831" lon="104.0582014259771"><ele>484</ele><time>2025-02-08T11:37:20.000Z</time></trkpt>
<trkpt lat="30.60503847008289" lon="104.0581989361387"><ele>484</ele><time>2025-02-08T11:37:22.000Z</time></trkpt>
<trkpt lat="30.60513283232126" lon="104.0581980474608"><ele>483</ele><time>2025-02-08T11:37:24.000Z</time></trkpt>
<trkpt lat="30.60522970359535" lon="104.0582027709096"><ele>484</ele><time>2025-02-08T11:37:27.000Z</time></trkpt>
<trkpt lat="30.60531663516351" lon="104.0582350238202"><ele>484</ele><time>2025-02-08T11:37:30.000Z</time></trkpt>
<trkpt lat="30.60541568060178" lon="104.0582647115131"><ele>484</ele><time>2025-02-08T11:37:33.000Z</time></trkpt>
<trkpt lat="30.60554556313625" lon="104.0582577874826"><ele>484</ele><time>2025-02-08T11:37:36.000Z</time></trkpt>
<trkpt lat="30.60568025529782" lon="104.0582256566027"><ele>484</ele><time>2025-02-08T11:37:39.000Z</time></trkpt>
<trkpt lat="30.60578304338733" lon="104.0581993465845"><ele>484</ele><time>2025-02-08T11:37:41.000Z</time></trkpt>
<trkpt lat="30.60589142571033" lon="104.0582054699023"><ele>484</ele><time>2025-02-08T11:37:43.000Z</time></trkpt>
<trkpt lat="30.60595081088156" lon="104.058095571407"><ele>483</ele><time>2025-02-08T11:37:44.000Z</time></trkpt>
<trkpt lat="30.60605663524135" lon="104.058101240202"><ele>483</ele><time>2025-02-08T11:37:46.000Z</time></trkpt>
<trkpt lat="30.60615986686645" lon="104.0581067401268"><ele>483</ele><time>2025-02-08T11:37:48.000Z</time></trkpt>
<trkpt lat="30.60627427207475" lon="104.0581128642284"><ele>483</ele><time>2025-02-08T11:37:50.000Z</time></trkpt>
<trkpt lat="30.60641005768615" lon="104.0582037490854"><ele>483</ele><time>2025-02-08T11:37:52.000Z</time></trkpt>
<trkpt lat="30.60654750864533" lon="104.0582036373696"><ele>482</ele><time>2025-02-08T11:37:55.000Z</time></trkpt>
<trkpt lat="30.60666497326199" lon="104.0581935512647"><ele>482</ele><time>2025-02-08T11:37:57.000Z</time></trkpt>
<trkpt lat="30.60677275261846" lon="104.0582074290123"><ele>482</ele><time>2025-02-08T11:37:59.000Z</time></trkpt>
<trkpt lat="30.60688785255228" lon="104.0582125559488"><ele>482</ele><time>2025-02-08T11:38:01.000Z</time></trkpt>
<trkpt lat="30.60700284616111" lon="104.0582099329351"><ele>482</ele><time>2025-02-08T11:38:03.000Z</time></trkpt>
<trkpt lat="30.6071186416973" lon="104.0582202485896"><ele>483</ele><time>2025-02-08T11:38:05.000Z</time></trkpt>
<trkpt lat="30.60723499200741" lon="104.0582238382193"><ele>484</ele><time>2025-02-08T11:38:07.000Z</time></trkpt>
<trkpt lat="30.60734907334804" lon="104.0582281201709"><ele>484</ele><time>2025-02-08T11:38:09.000Z</time></trkpt>
<trkpt lat="30.60747034059334" lon="104.0582418286541"><ele>484</ele><time>2025-02-08T11:38:11.000Z</time></trkpt>
<trkpt lat="30.60758808780625" lon="104.0582478768279"><ele>484</ele><time>2025-02-08T11:38:13.000Z</time></trkpt>
<trkpt lat="30.60769238549234" lon="104.0582500596786"><ele>484</ele><time>2025-02-08T11:38:15.000Z</time></trkpt>
<trkpt lat="30.60780927849241" lon="104.0581484377124"><ele>483</ele><time>2025-02-08T11:38:17.000Z</time></trkpt>
<trkpt lat="30.60792365527443" lon="104.0582151058311"><ele>483</ele><time>2025-02-08T11:38:19.000Z</time></trkpt>
<trkpt lat="30.6080358959043" lon="104.0582232783423"><ele>483</ele><time>2025-02-08T11:38:21.000Z</time></trkpt>
<trkpt lat="30.60815922666844" lon="104.058216043308"><ele>483</ele><time>2025-02-08T11:38:23.000Z</time></trkpt>
<trkpt lat="30.60828416864669" lon="104.0582228557981"><ele>484</ele><time>2025-02-08T11:38:25.000Z</time></trkpt>
<trkpt lat="30.60841821136657" lon="104.0582311617555"><ele>484</ele><time>2025-02-08T11:38:27.000Z</time></trkpt>
<trkpt lat="30.60856116363642" lon="104.0582298214878"><ele>483</ele><time>2025-02-08T11:38:29.000Z</time></trkpt>
<trkpt lat="30.60870577171393" lon="104.0582337741469"><ele>483</ele><time>2025-02-08T11:38:31.000Z</time></trkpt>
<trkpt lat="30.6088524158527" lon="104.0581743220831"><ele>483</ele><time>2025-02-08T11:38:33.000Z</time></trkpt>
<trkpt lat="30.6089925381632" lon="104.0581770162115"><ele>483</ele><time>2025-02-08T11:38:35.000Z</time></trkpt>
<trkpt lat="30.60912151140215" lon="104.0581789944751"><ele>482</ele><time>2025-02-08T11:38:37.000Z</time></trkpt>
<trkpt lat="30.60927809920134" lon="104.0581813340209"><ele>482</ele><time>2025-02-08T11:38:39.000Z</time></trkpt>
<trkpt lat="30.6094031303244" lon="104.058183202909"><ele>482</ele><time>2025-02-08T11:38:41.000Z</time></trkpt>
<trkpt lat="30.60954282881931" lon="104.058240666888"><ele>483</ele><time>2025-02-08T11:38:43.000Z</time></trkpt>
<trkpt lat="30.60964225985417" lon="104.0582659138412"><ele>483</ele><time>2025-02-08T11:38:45.000Z</time></trkpt>
<trkpt lat="30.60976773668451" lon="104.058257038689"><ele>482</ele><time>2025-02-08T11:38:47.000Z</time></trkpt>
<trkpt lat="30.60989810319293" lon="104.0582537610765"><ele>482</ele><time>2025-02-08T11:38:49.000Z</time></trkpt>
<trkpt lat="30.61000495695477" lon="104.0582676619314"><ele>482</ele><time>2025-02-08T11:38:51.000Z</time></trkpt>
<trkpt lat="30.61011765778937" lon="104.0582795777664"><ele>482</ele><time>2025-02-08T11:38:53.000Z</time></trkpt>
<trkpt lat="30.61022845718363" lon="104.0582544033667"><ele>482</ele><time>2025-02-08T11:38:57.000Z</time></trkpt>
<trkpt lat="30.61039816706536" lon="104.0582932197988"><ele>483</ele><time>2025-02-08T11:38:59.000Z</time></trkpt>
<trkpt lat="30.61050307876105" lon="104.0582983480189"><ele>482</ele><time>2025-02-08T11:39:01.000Z</time></trkpt>
<trkpt lat="30.61061395273265" lon="104.0582994088332"><ele>483</ele><time>2025-02-08T11:39:03.000Z</time></trkpt>
<trkpt lat="30.61071981343832" lon="104.0583072863898"><ele>483</ele><time>2025-02-08T11:39:05.000Z</time></trkpt>
<trkpt lat="30.6108113900484" lon="104.0583072031046"><ele>484</ele><time>2025-02-08T11:39:07.000Z</time></trkpt>
<trkpt lat="30.61091977692772" lon="104.0583243146685"><ele>484</ele><time>2025-02-08T11:39:10.000Z</time></trkpt>
<trkpt lat="30.61101010284494" lon="104.0582637851658"><ele>483</ele><time>2025-02-08T11:39:58.000Z</time></trkpt>
<trkpt lat="30.61109649084877" lon="104.0582155275114"><ele>482</ele><time>2025-02-08T11:40:03.000Z</time></trkpt>
<trkpt lat="30.61119505947046" lon="104.0582285531816"><ele>483</ele><time>2025-02-08T11:40:07.000Z</time></trkpt>
<trkpt lat="30.61128615182636" lon="104.0582037789122"><ele>483</ele><time>2025-02-08T11:40:11.000Z</time></trkpt>
<trkpt lat="30.6113200024085" lon="104.0580964025803"><ele>484</ele><time>2025-02-08T11:40:41.000Z</time></trkpt>
<trkpt lat="30.6113315971817" lon="104.0579690529228"><ele>484</ele><time>2025-02-08T11:41:06.000Z</time></trkpt>
<trkpt lat="30.61133707609982" lon="104.057812559289"><ele>482</ele><time>2025-02-08T11:41:09.000Z</time></trkpt>
<trkpt lat="30.61133953811294" lon="104.057655146191"><ele>482</ele><time>2025-02-08T11:41:12.000Z</time></trkpt>
<trkpt lat="30.61133752730736" lon="104.0575456661664"><ele>481</ele><time>2025-02-08T11:41:14.000Z</time></trkpt>
<trkpt lat="30.61134850570358" lon="104.0574292117028"><ele>482</ele><time>2025-02-08T11:41:16.000Z</time></trkpt>
<trkpt lat="30.61134582932526" lon="104.057310889311"><ele>482</ele><time>2025-02-08T11:41:18.000Z</time></trkpt>
<trkpt lat="30.61134021239747" lon="104.0571974541917"><ele>482</ele><time>2025-02-08T11:41:20.000Z</time></trkpt>
<trkpt lat="30.61134066478018" lon="104.0570864309882"><ele>482</ele><time>2025-02-08T11:41:22.000Z</time></trkpt>
<trkpt lat="30.61134569286701" lon="104.0569469122096"><ele>482</ele><time>2025-02-08T11:41:24.000Z</time></trkpt>
<trkpt lat="30.61136196163952" lon="104.0568298703727"><ele>481</ele><time>2025-02-08T11:41:26.000Z</time></trkpt>
<trkpt lat="30.61136499711709" lon="104.0566879635201"><ele>483</ele><time>2025-02-08T11:41:28.000Z</time></trkpt>
<trkpt lat="30.61131735115409" lon="104.0565478059376"><ele>482</ele><time>2025-02-08T11:41:30.000Z</time></trkpt>
<trkpt lat="30.61131953544009" lon="104.0564341069813"><ele>483</ele><time>2025-02-08T11:41:32.000Z</time></trkpt>
<trkpt lat="30.61137188732272" lon="104.0562972746025"><ele>484</ele><time>2025-02-08T11:41:34.000Z</time></trkpt>
<trkpt lat="30.61135067074212" lon="104.0561493092306"><ele>482</ele><time>2025-02-08T11:41:36.000Z</time></trkpt>
<trkpt lat="30.61132404171696" lon="104.0560041329018"><ele>483</ele><time>2025-02-08T11:41:38.000Z</time></trkpt>
<trkpt lat="30.61130988339228" lon="104.0558730319745"><ele>484</ele><time>2025-02-08T11:41:40.000Z</time></trkpt>
<trkpt lat="30.61131195466195" lon="104.0557269070261"><ele>484</ele><time>2025-02-08T11:41:42.000Z</time></trkpt>
<trkpt lat="30.61132082930957" lon="104.0555898174972"><ele>484</ele><time>2025-02-08T11:41:44.000Z</time></trkpt>
<trkpt lat="30.61133242227191" lon="104.0554543789992"><ele>485</ele><time>2025-02-08T11:41:46.000Z</time></trkpt>
<trkpt lat="30.61143056632998" lon="104.0554019353559"><ele>484</ele><time>2025-02-08T11:41:47.000Z</time></trkpt>
<trkpt lat="30.61152504750224" lon="104.0553203022133"><ele>483</ele><time>2025-02-08T11:41:50.000Z</time></trkpt>
<trkpt lat="30.61162724219506" lon="104.0553369496618"><ele>484</ele><time>2025-02-08T11:41:52.000Z</time></trkpt>
<trkpt lat="30.61171650950869" lon="104.0553529150936"><ele>484</ele><time>2025-02-08T11:41:54.000Z</time></trkpt>
<trkpt lat="30.61185264396331" lon="104.0553461826922"><ele>484</ele><time>2025-02-08T11:41:57.000Z</time></trkpt>
<trkpt lat="30.6119763829312" lon="104.0553402050319"><ele>484</ele><time>2025-02-08T11:41:59.000Z</time></trkpt>
<trkpt lat="30.61203632117079" lon="104.0552262626551"><ele>484</ele><time>2025-02-08T11:42:00.000Z</time></trkpt>
<trkpt lat="30.61215020324639" lon="104.0552325699922"><ele>483</ele><time>2025-02-08T11:42:02.000Z</time></trkpt>
<trkpt lat="30.61225731097881" lon="104.0552385082164"><ele>483</ele><time>2025-02-08T11:42:04.000Z</time></trkpt>
<trkpt lat="30.61237234468933" lon="104.0552448480191"><ele>483</ele><time>2025-02-08T11:42:06.000Z</time></trkpt>
<trkpt lat="30.61249463709803" lon="104.0552553879956"><ele>483</ele><time>2025-02-08T11:42:08.000Z</time></trkpt>
<trkpt lat="30.61260127521921" lon="104.0552627247731"><ele>483</ele><time>2025-02-08T11:42:10.000Z</time></trkpt>
<trkpt lat="30.61270271728826" lon="104.0552698516757"><ele>482</ele><time>2025-02-08T11:42:12.000Z</time></trkpt>
<trkpt lat="30.61275122713338" lon="104.0553772275462"><ele>482</ele><time>2025-02-08T11:42:13.000Z</time></trkpt>
<trkpt lat="30.61287393684455" lon="104.0553318915551"><ele>482</ele><time>2025-02-08T11:42:15.000Z</time></trkpt>
<trkpt lat="30.61298965596372" lon="104.0553297921586"><ele>482</ele><time>2025-02-08T11:42:17.000Z</time></trkpt>
<trkpt lat="30.61311214857356" lon="104.0553795546839"><ele>482</ele><time>2025-02-08T11:42:19.000Z</time></trkpt>
<trkpt lat="30.61321267165474" lon="104.0553581763913"><ele>482</ele><time>2025-02-08T11:42:21.000Z</time></trkpt>
<trkpt lat="30.61332674296847" lon="104.0553526775788"><ele>482</ele><time>2025-02-08T11:42:23.000Z</time></trkpt>
<trkpt lat="30.61343583626192" lon="104.0553564763798"><ele>482</ele><time>2025-02-08T11:42:25.000Z</time></trkpt>
<trkpt lat="30.61348832698866" lon="104.0552559625797"><ele>482</ele><time>2025-02-08T11:42:26.000Z</time></trkpt>
<trkpt lat="30.6135886980271" lon="104.0552550975793"><ele>482</ele><time>2025-02-08T11:42:28.000Z</time></trkpt>
<trkpt lat="30.61369490840966" lon="104.0552540893899"><ele>482</ele><time>2025-02-08T11:42:30.000Z</time></trkpt>
<trkpt lat="30.61379264578582" lon="104.0552532371909"><ele>482</ele><time>2025-02-08T11:42:32.000Z</time></trkpt>
<trkpt lat="30.613883017084" lon="104.0552524220557"><ele>482</ele><time>2025-02-08T11:42:34.000Z</time></trkpt>
<trkpt lat="30.61400193691303" lon="104.0552447165682"><ele>482</ele><time>2025-02-08T11:42:50.000Z</time></trkpt>
<trkpt lat="30.61409403958597" lon="104.0552356686928"><ele>482</ele><time>2025-02-08T11:42:52.000Z</time></trkpt>
<trkpt lat="30.61420980712649" lon="104.0552220860759"><ele>483</ele><time>2025-02-08T11:42:55.000Z</time></trkpt>
<trkpt lat="30.61430012341077" lon="104.0552593223634"><ele>483</ele><time>2025-02-08T11:42:57.000Z</time></trkpt>
<trkpt lat="30.61439805072826" lon="104.0552647489543"><ele>482</ele><time>2025-02-08T11:42:59.000Z</time></trkpt>
<trkpt lat="30.61449321132783" lon="104.0552620059698"><ele>482</ele><time>2025-02-08T11:43:01.000Z</time></trkpt>
<trkpt lat="30.61458371242568" lon="104.0552631669965"><ele>482</ele><time>2025-02-08T11:43:03.000Z</time></trkpt>
<trkpt lat="30.6146812553067" lon="104.055249629302"><ele>482</ele><time>2025-02-08T11:43:05.000Z</time></trkpt>
<trkpt lat="30.61481903091844" lon="104.0552350145146"><ele>482</ele><time>2025-02-08T11:43:08.000Z</time></trkpt>
<trkpt lat="30.61491008416566" lon="104.0552237877979"><ele>482</ele><time>2025-02-08T11:43:10.000Z</time></trkpt>
<trkpt lat="30.61501120790901" lon="104.0552145556893"><ele>482</ele><time>2025-02-08T11:43:12.000Z</time></trkpt>
<trkpt lat="30.61512001804581" lon="104.0552908723669"><ele>482</ele><time>2025-02-08T11:43:14.000Z</time></trkpt>
<trkpt lat="30.6152294068746" lon="104.0552711293504"><ele>482</ele><time>2025-02-08T11:43:16.000Z</time></trkpt>
<trkpt lat="30.6153297734197" lon="104.055239884954"><ele>482</ele><time>2025-02-08T11:43:18.000Z</time></trkpt>
<trkpt lat="30.61541261779631" lon="104.055197745052"><ele>482</ele><time>2025-02-08T11:43:20.000Z</time></trkpt>
<trkpt lat="30.61553981330307" lon="104.0551790472027"><ele>482</ele><time>2025-02-08T11:43:22.000Z</time></trkpt>
<trkpt lat="30.61566443433584" lon="104.0551745766011"><ele>482</ele><time>2025-02-08T11:43:24.000Z</time></trkpt>
<trkpt lat="30.61577191045096" lon="104.0551707133839"><ele>482</ele><time>2025-02-08T11:43:26.000Z</time></trkpt>
<trkpt lat="30.61588882713936" lon="104.0551665251261"><ele>483</ele><time>2025-02-08T11:43:28.000Z</time></trkpt>
<trkpt lat="30.61599924333201" lon="104.0551625335653"><ele>483</ele><time>2025-02-08T11:43:30.000Z</time></trkpt>
<trkpt lat="30.6161099179828" lon="104.0551585635842"><ele>483</ele><time>2025-02-08T11:43:32.000Z</time></trkpt>
<trkpt lat="30.61625565835645" lon="104.0551533915792"><ele>483</ele><time>2025-02-08T11:43:34.000Z</time></trkpt>
<trkpt lat="30.61636993637824" lon="104.0551493691284"><ele>483</ele><time>2025-02-08T11:43:36.000Z</time></trkpt>
<trkpt lat="30.61647791529708" lon="104.0551470910704"><ele>483</ele><time>2025-02-08T11:43:38.000Z</time></trkpt>
<trkpt lat="30.6165842962878" lon="104.0551440733481"><ele>483</ele><time>2025-02-08T11:43:40.000Z</time></trkpt>
<trkpt lat="30.61671669129243" lon="104.0551403272022"><ele>483</ele><time>2025-02-08T11:43:42.000Z</time></trkpt>
<trkpt lat="30.61683636314814" lon="104.0551369365639"><ele>483</ele><time>2025-02-08T11:43:44.000Z</time></trkpt>
<trkpt lat="30.61697033029887" lon="104.0551334947131"><ele>483</ele><time>2025-02-08T11:43:46.000Z</time></trkpt>
<trkpt lat="30.61710950746346" lon="104.05512992292"><ele>483</ele><time>2025-02-08T11:43:48.000Z</time></trkpt>
<trkpt lat="30.6172434665753" lon="104.0551264430743"><ele>483</ele><time>2025-02-08T11:43:50.000Z</time></trkpt>
<trkpt lat="30.61738967795839" lon="104.055122641606"><ele>483</ele><time>2025-02-08T11:43:52.000Z</time></trkpt>
<trkpt lat="30.61751007287587" lon="104.0551163509445"><ele>483</ele><time>2025-02-08T11:43:54.000Z</time></trkpt>
<trkpt lat="30.61765752100702" lon="104.0551136493379"><ele>483</ele><time>2025-02-08T11:43:56.000Z</time></trkpt>
<trkpt lat="30.61780244866467" lon="104.055110788247"><ele>483</ele><time>2025-02-08T11:43:58.000Z</time></trkpt>
<trkpt lat="30.617958883314" lon="104.0551076861882"><ele>483</ele><time>2025-02-08T11:44:00.000Z</time></trkpt>
<trkpt lat="30.61812997647871" lon="104.0551042512452"><ele>483</ele><time>2025-02-08T11:44:02.000Z</time></trkpt>
<trkpt lat="30.61827466324313" lon="104.0550880586794"><ele>483</ele><time>2025-02-08T11:44:04.000Z</time></trkpt>
<trkpt lat="30.61841199573069" lon="104.0550753788725"><ele>483</ele><time>2025-02-08T11:44:06.000Z</time></trkpt>
<trkpt lat="30.61856806742113" lon="104.0551896844632"><ele>483</ele><time>2025-02-08T11:44:08.000Z</time></trkpt>
<trkpt lat="30.61871543434497" lon="104.0551618125414"><ele>484</ele><time>2025-02-08T11:44:10.000Z</time></trkpt>
<trkpt lat="30.6188494193153" lon="104.0551575093108"><ele>484</ele><time>2025-02-08T11:44:12.000Z</time></trkpt>
<trkpt lat="30.61899496711234" lon="104.0551624132837"><ele>483</ele><time>2025-02-08T11:44:14.000Z</time></trkpt>
<trkpt lat="30.61914075871711" lon="104.0551610571016"><ele>483</ele><time>2025-02-08T11:44:16.000Z</time></trkpt>
<trkpt lat="30.61928605799076" lon="104.0551727328137"><ele>483</ele><time>2025-02-08T11:44:18.000Z</time></trkpt>
<trkpt lat="30.61941992351539" lon="104.0551540244794"><ele>483</ele><time>2025-02-08T11:44:20.000Z</time></trkpt>
<trkpt lat="30.61957142634526" lon="104.0551894391561"><ele>483</ele><time>2025-02-08T11:44:22.000Z</time></trkpt>
<trkpt lat="30.61972640560064" lon="104.0551788877094"><ele>483</ele><time>2025-02-08T11:44:24.000Z</time></trkpt>
<trkpt lat="30.61987164064046" lon="104.0551647089854"><ele>483</ele><time>2025-02-08T11:44:26.000Z</time></trkpt>
<trkpt lat="30.62002202239544" lon="104.055173436625"><ele>483</ele><time>2025-02-08T11:44:28.000Z</time></trkpt>
<trkpt lat="30.620176991362" lon="104.0552080846632"><ele>483</ele><time>2025-02-08T11:44:30.000Z</time></trkpt>
<trkpt lat="30.62032539388447" lon="104.0552003562303"><ele>483</ele><time>2025-02-08T11:44:32.000Z</time></trkpt>
<trkpt lat="30.62047004021552" lon="104.0551895924301"><ele>484</ele><time>2025-02-08T11:44:34.000Z</time></trkpt>
<trkpt lat="30.62062323857431" lon="104.0551720701783"><ele>484</ele><time>2025-02-08T11:44:36.000Z</time></trkpt>
<trkpt lat="30.6207734488686" lon="104.0551419435162"><ele>483</ele><time>2025-02-08T11:44:38.000Z</time></trkpt>
<trkpt lat="30.62092228560548" lon="104.0551257655581"><ele>483</ele><time>2025-02-08T11:44:40.000Z</time></trkpt>
<trkpt lat="30.62106597040946" lon="104.0551161319823"><ele>482</ele><time>2025-02-08T11:44:42.000Z</time></trkpt>
<trkpt lat="30.62120386538548" lon="104.0551204921574"><ele>483</ele><time>2025-02-08T11:44:44.000Z</time></trkpt>
<trkpt lat="30.62134116244457" lon="104.0551208359382"><ele>482</ele><time>2025-02-08T11:44:46.000Z</time></trkpt>
<trkpt lat="30.62148293071645" lon="104.0551235476431"><ele>482</ele><time>2025-02-08T11:44:48.000Z</time></trkpt>
<trkpt lat="30.62162147288156" lon="104.0551150700566"><ele>482</ele><time>2025-02-08T11:44:50.000Z</time></trkpt>
<trkpt lat="30.6217411187964" lon="104.0551174617108"><ele>482</ele><time>2025-02-08T11:44:52.000Z</time></trkpt>
<trkpt lat="30.62184428999591" lon="104.0551359160432"><ele>482</ele><time>2025-02-08T11:44:54.000Z</time></trkpt>
<trkpt lat="30.62195612882667" lon="104.0551184587344"><ele>482</ele><time>2025-02-08T11:44:56.000Z</time></trkpt>
<trkpt lat="30.62205792641797" lon="104.0551069337178"><ele>482</ele><time>2025-02-08T11:44:58.000Z</time></trkpt>
<trkpt lat="30.62215595586392" lon="104.0550931593138"><ele>482</ele><time>2025-02-08T11:45:00.000Z</time></trkpt>
<trkpt lat="30.62225870056674" lon="104.0550642604795"><ele>482</ele><time>2025-02-08T11:45:02.000Z</time></trkpt>
<trkpt lat="30.6223704591293" lon="104.0550725208989"><ele>482</ele><time>2025-02-08T11:45:04.000Z</time></trkpt>
<trkpt lat="30.62247799624296" lon="104.0550970770706"><ele>482</ele><time>2025-02-08T11:45:06.000Z</time></trkpt>
<trkpt lat="30.62261155759015" lon="104.0551143607919"><ele>482</ele><time>2025-02-08T11:45:08.000Z</time></trkpt>
<trkpt lat="30.62272319107498" lon="104.0551357642686"><ele>482</ele><time>2025-02-08T11:45:10.000Z</time></trkpt>
<trkpt lat="30.62284270165693" lon="104.0550978659408"><ele>482</ele><time>2025-02-08T11:45:16.000Z</time></trkpt>
<trkpt lat="30.62296091510201" lon="104.0551236398538"><ele>482</ele><time>2025-02-08T11:45:19.000Z</time></trkpt>
<trkpt lat="30.62305432748496" lon="104.0551416200619"><ele>482</ele><time>2025-02-08T11:45:21.000Z</time></trkpt>
<trkpt lat="30.6231685119565" lon="104.0551670242431"><ele>482</ele><time>2025-02-08T11:45:23.000Z</time></trkpt>
<trkpt lat="30.62327090523598" lon="104.055189957816"><ele>482</ele><time>2025-02-08T11:45:25.000Z</time></trkpt>
<trkpt lat="30.62336888442167" lon="104.0551995027702"><ele>483</ele><time>2025-02-08T11:45:27.000Z</time></trkpt>
<trkpt lat="30.62346062624701" lon="104.0551843258854"><ele>483</ele><time>2025-02-08T11:45:29.000Z</time></trkpt>
<trkpt lat="30.62357365639695" lon="104.0551900181838"><ele>483</ele><time>2025-02-08T11:45:31.000Z</time></trkpt>
<trkpt lat="30.623689811446" lon="104.0552124263484"><ele>483</ele><time>2025-02-08T11:45:33.000Z</time></trkpt>
<trkpt lat="30.623796277943" lon="104.055248658172"><ele>483</ele><time>2025-02-08T11:45:35.000Z</time></trkpt>
<trkpt lat="30.62391534942656" lon="104.0552644906098"><ele>482</ele><time>2025-02-08T11:45:37.000Z</time></trkpt>
<trkpt lat="30.62402981966883" lon="104.0552569065176"><ele>483</ele><time>2025-02-08T11:45:39.000Z</time></trkpt>
<trkpt lat="30.6241256283239" lon="104.055283724158"><ele>482</ele><time>2025-02-08T11:45:41.000Z</time></trkpt>
<trkpt lat="30.6242552492151" lon="104.0552787973611"><ele>482</ele><time>2025-02-08T11:45:44.000Z</time></trkpt>
<trkpt lat="30.62435912510674" lon="104.0553311352231"><ele>482</ele><time>2025-02-08T11:45:46.000Z</time></trkpt>
<trkpt lat="30.62445458483639" lon="104.0553528902476"><ele>482</ele><time>2025-02-08T11:45:48.000Z</time></trkpt>
<trkpt lat="30.62455922678341" lon="104.0553757251441"><ele>481</ele><time>2025-02-08T11:45:50.000Z</time></trkpt>
<trkpt lat="30.62466155861186" lon="104.0554012978223"><ele>481</ele><time>2025-02-08T11:45:52.000Z</time></trkpt>
<trkpt lat="30.62480300919125" lon="104.0553879848207"><ele>481</ele><time>2025-02-08T11:45:54.000Z</time></trkpt>
<trkpt lat="30.62491572296531" lon="104.0552966746791"><ele>481</ele><time>2025-02-08T11:45:56.000Z</time></trkpt>
<trkpt lat="30.62502970426513" lon="104.0553099445112"><ele>481</ele><time>2025-02-08T11:46:00.000Z</time></trkpt>
<trkpt lat="30.62513852485824" lon="104.0553061583451"><ele>482</ele><time>2025-02-08T11:46:04.000Z</time></trkpt>
<trkpt lat="30.62520397655392" lon="104.0553845877345"><ele>481</ele><time>2025-02-08T11:46:06.000Z</time></trkpt>
<trkpt lat="30.6253140624409" lon="104.0554105983968"><ele>482</ele><time>2025-02-08T11:46:10.000Z</time></trkpt>
<trkpt lat="30.62540187317406" lon="104.0553541333166"><ele>483</ele><time>2025-02-08T11:46:13.000Z</time></trkpt>
<trkpt lat="30.62548779893087" lon="104.0553174546428"><ele>482</ele><time>2025-02-08T11:46:17.000Z</time></trkpt>
<trkpt lat="30.62656069513155" lon="104.0555356279019"><ele>482</ele><time>2025-02-08T11:46:28.000Z</time></trkpt>
<trkpt lat="30.6266493432802" lon="104.0555634535742"><ele>482</ele><time>2025-02-08T11:46:30.000Z</time></trkpt>
<trkpt lat="30.62676646526761" lon="104.0555851099524"><ele>481</ele><time>2025-02-08T11:46:33.000Z</time></trkpt>
<trkpt lat="30.62689879749249" lon="104.0555985947357"><ele>482</ele><time>2025-02-08T11:46:36.000Z</time></trkpt>
<trkpt lat="30.62699890938809" lon="104.0556467972595"><ele>482</ele><time>2025-02-08T11:46:40.000Z</time></trkpt>
<trkpt lat="30.62708631144806" lon="104.0557291453915"><ele>482</ele><time>2025-02-08T11:46:42.000Z</time></trkpt>
<trkpt lat="30.62715677426741" lon="104.0557990905747"><ele>481</ele><time>2025-02-08T11:46:45.000Z</time></trkpt>
<trkpt lat="30.62725766843731" lon="104.0557636782891"><ele>482</ele><time>2025-02-08T11:46:50.000Z</time></trkpt>
<trkpt lat="30.62735700142224" lon="104.0557742875532"><ele>482</ele><time>2025-02-08T11:46:53.000Z</time></trkpt>
<trkpt lat="30.62745183805404" lon="104.0557542258255"><ele>482</ele><time>2025-02-08T11:46:56.000Z</time></trkpt>
<trkpt lat="30.62756783756638" lon="104.0557310273066"><ele>483</ele><time>2025-02-08T11:46:59.000Z</time></trkpt>
<trkpt lat="30.62771149951875" lon="104.0557526693948"><ele>483</ele><time>2025-02-08T11:47:01.000Z</time></trkpt>
<trkpt lat="30.62780584460604" lon="104.0557709688087"><ele>483</ele><time>2025-02-08T11:47:02.000Z</time></trkpt>
<trkpt lat="30.6278961173024" lon="104.0556537490138"><ele>483</ele><time>2025-02-08T11:47:04.000Z</time></trkpt>
<trkpt lat="30.62802081389495" lon="104.0556692028265"><ele>483</ele><time>2025-02-08T11:47:06.000Z</time></trkpt>
<trkpt lat="30.62817153398323" lon="104.0556872876974"><ele>483</ele><time>2025-02-08T11:47:09.000Z</time></trkpt>
<trkpt lat="30.62826979550556" lon="104.0557163308576"><ele>484</ele><time>2025-02-08T11:47:11.000Z</time></trkpt>
<trkpt lat="30.62840095270872" lon="104.0557146655305"><ele>484</ele><time>2025-02-08T11:47:13.000Z</time></trkpt>
<trkpt lat="30.62849784500449" lon="104.0557262395917"><ele>483</ele><time>2025-02-08T11:47:15.000Z</time></trkpt>
<trkpt lat="30.62856529115888" lon="104.0559437658101"><ele>483</ele><time>2025-02-08T11:47:20.000Z</time></trkpt>
<trkpt lat="30.62856248436466" lon="104.0560737433487"><ele>483</ele><time>2025-02-08T11:47:24.000Z</time></trkpt>
<trkpt lat="30.62852908085208" lon="104.0561973043736"><ele>483</ele><time>2025-02-08T11:47:28.000Z</time></trkpt>
<trkpt lat="30.62848522948063" lon="104.0562984821774"><ele>482</ele><time>2025-02-08T11:47:32.000Z</time></trkpt>
<trkpt lat="30.62848228626949" lon="104.0564151438528"><ele>483</ele><time>2025-02-08T11:47:38.000Z</time></trkpt>
<trkpt lat="30.62857955501695" lon="104.0564118875535"><ele>483</ele><time>2025-02-08T11:47:47.000Z</time></trkpt>
<trkpt lat="30.62858453353738" lon="104.0563018354754"><ele>484</ele><time>2025-02-08T11:47:51.000Z</time></trkpt>
<trkpt lat="30.62857141641951" lon="104.0561903778287"><ele>484</ele><time>2025-02-08T11:47:56.000Z</time></trkpt>
<trkpt lat="30.62855936331445" lon="104.0560869062029"><ele>484</ele><time>2025-02-08T11:48:22.000Z</time></trkpt>
<trkpt lat="30.62856625938609" lon="104.0559747433056"><ele>483</ele><time>2025-02-08T11:49:06.000Z</time></trkpt>
<trkpt lat="30.62857101342603" lon="104.0558496623667"><ele>484</ele><time>2025-02-08T11:49:10.000Z</time></trkpt>
<trkpt lat="30.62868366135453" lon="104.055790982915"><ele>484</ele><time>2025-02-08T11:49:15.000Z</time></trkpt>
<trkpt lat="30.62879538434995" lon="104.0557783078537"><ele>485</ele><time>2025-02-08T11:49:17.000Z</time></trkpt>
<trkpt lat="30.62888704282534" lon="104.0557901145759"><ele>485</ele><time>2025-02-08T11:49:19.000Z</time></trkpt>
<trkpt lat="30.62899949243522" lon="104.0558196749524"><ele>484</ele><time>2025-02-08T11:49:22.000Z</time></trkpt>
<trkpt lat="30.62912790415243" lon="104.0558629737439"><ele>484</ele><time>2025-02-08T11:49:25.000Z</time></trkpt>
<trkpt lat="30.62924192139672" lon="104.0558693221989"><ele>484</ele><time>2025-02-08T11:49:28.000Z</time></trkpt>
<trkpt lat="30.62937267316114" lon="104.0558746999751"><ele>484</ele><time>2025-02-08T11:49:31.000Z</time></trkpt>
<trkpt lat="30.62947714921214" lon="104.0558987522344"><ele>484</ele><time>2025-02-08T11:49:33.000Z</time></trkpt>
<trkpt lat="30.62956880214987" lon="104.0559078080406"><ele>484</ele><time>2025-02-08T11:49:35.000Z</time></trkpt>
<trkpt lat="30.62960931788792" lon="104.0560114898122"><ele>485</ele><time>2025-02-08T11:49:44.000Z</time></trkpt>
<trkpt lat="30.62960186152137" lon="104.0561368213821"><ele>485</ele><time>2025-02-08T11:49:48.000Z</time></trkpt>
<trkpt lat="30.62959562220992" lon="104.056261192179"><ele>484</ele><time>2025-02-08T11:49:51.000Z</time></trkpt>
<trkpt lat="30.62959417671155" lon="104.0563835329766"><ele>485</ele><time>2025-02-08T11:49:54.000Z</time></trkpt>
<trkpt lat="30.6295925039543" lon="104.0565041544412"><ele>485</ele><time>2025-02-08T11:49:57.000Z</time></trkpt>
<trkpt lat="30.62971689250507" lon="104.0565382687171"><ele>485</ele><time>2025-02-08T11:50:01.000Z</time></trkpt>
<trkpt lat="30.629839107935" lon="104.0565502690382"><ele>486</ele><time>2025-02-08T11:50:05.000Z</time></trkpt>
<trkpt lat="30.62994727025054" lon="104.0565419468447"><ele>485</ele><time>2025-02-08T11:50:08.000Z</time></trkpt>
<trkpt lat="30.63006589740527" lon="104.0565427796251"><ele>485</ele><time>2025-02-08T11:50:11.000Z</time></trkpt>
<trkpt lat="30.63018710754553" lon="104.0565491839866"><ele>484</ele><time>2025-02-08T11:50:14.000Z</time></trkpt>
<trkpt lat="30.6302811712703" lon="104.0565568576639"><ele>485</ele><time>2025-02-08T11:50:17.000Z</time></trkpt>
<trkpt lat="30.63038512557248" lon="104.0565833077335"><ele>485</ele><time>2025-02-08T11:50:23.000Z</time></trkpt>
<trkpt lat="30.63048864287025" lon="104.0565263723775"><ele>484</ele><time>2025-02-08T11:50:29.000Z</time></trkpt>
<trkpt lat="30.63058056037055" lon="104.0565259558113"><ele>485</ele><time>2025-02-08T11:50:32.000Z</time></trkpt>
<trkpt lat="30.63067171230497" lon="104.0565323077075"><ele>485</ele><time>2025-02-08T11:50:35.000Z</time></trkpt>
<trkpt lat="30.6307889232791" lon="104.0565168635986"><ele>485</ele><time>2025-02-08T11:50:39.000Z</time></trkpt>
<trkpt lat="30.63087352151673" lon="104.0564756365609"><ele>485</ele><time>2025-02-08T11:50:53.000Z</time></trkpt>
<trkpt lat="30.63087352151674" lon="104.0564756365609"><ele>485</ele><time>2025-02-08T11:07:59.000Z</time></trkpt>
<trkpt lat="30.63087352151674" lon="104.0564756365609"><ele>485</ele><time>2025-02-08T11:08:00.000Z</time></trkpt>
<trkpt lat="30.63087352151674" lon="104.0564756365609"><ele>485</ele><time>2025-02-08T11:08:01.000Z</time></trkpt>
<trkpt lat="30.63087352151674" lon="104.0564756365609"><ele>484</ele><time>2025-02-08T11:08:02.000Z</time></trkpt>
<trkpt lat="30.63087352151674" lon="104.0564756365609"><ele>484</ele><time>2025-02-08T11:08:03.000Z</time></trkpt>
<trkpt lat="30.63087352151674" lon="104.0564756365609"><ele>484</ele><time>2025-02-08T11:08:04.000Z</time></trkpt>
<trkpt lat="30.63087352151674" lon="104.0564756365609"><ele>484</ele><time>2025-02-08T11:08:05.000Z</time></trkpt>
<trkpt lat="30.63087352151674" lon="104.0564756365609"><ele>484</ele><time>2025-02-08T11:08:06.000Z</time></trkpt>
<trkpt lat="30.63087352151674" lon="104.0564756365609"><ele>484</ele><time>2025-02-08T11:08:07.000Z</time></trkpt>
<trkpt lat="30.63087352151674" lon="104.0564756365609"><ele>484</ele><time>2025-02-08T11:08:08.000Z</time></trkpt>
<trkpt lat="30.63087352151674" lon="104.0564756365609"><ele>484</ele><time>2025-02-08T11:08:09.000Z</time></trkpt>
<trkpt lat="30.63087352151674" lon="104.0564756365609"><ele>484</ele><time>2025-02-08T11:08:10.000Z</time></trkpt>
<trkpt lat="30.63087352151674" lon="104.0564756365609"><ele>484</ele><time>2025-02-08T11:08:11.000Z</time></trkpt>
<trkpt lat="30.63087352151674" lon="104.0564756365609"><ele>484</ele><time>2025-02-08T11:08:12.000Z</time></trkpt>
<trkpt lat="30.63087352151674" lon="104.0564756365609"><ele>484</ele><time>2025-02-08T11:08:13.000Z</time></trkpt>
<trkpt lat="30.63087352151674" lon="104.0564756365609"><ele>484</ele><time>2025-02-08T11:08:14.000Z</time></trkpt>
<trkpt lat="30.63087352151674" lon="104.0564756365609"><ele>484</ele><time>2025-02-08T11:08:15.000Z</time></trkpt>
<trkpt lat="30.63087352151674" lon="104.0564756365609"><ele>484</ele><time>2025-02-08T11:08:16.000Z</time></trkpt>
<trkpt lat="30.63087352151674" lon="104.0564756365609"><ele>484</ele><time>2025-02-08T11:08:17.000Z</time></trkpt>
<trkpt lat="30.63087352151674" lon="104.0564756365609"><ele>484</ele><time>2025-02-08T11:08:18.000Z</time></trkpt>
<trkpt lat="30.63087352151674" lon="104.0564756365609"><ele>484</ele><time>2025-02-08T11:08:19.000Z</time></trkpt>
<trkpt lat="30.63087352151674" lon="104.0564756365609"><ele>484</ele><time>2025-02-08T11:08:20.000Z</time></trkpt>
<trkpt lat="30.63087352151674" lon="104.0564756365609"><ele>484</ele><time>2025-02-08T11:08:21.000Z</time></trkpt>
<trkpt lat="30.63087352151674" lon="104.0564756365609"><ele>484</ele><time>2025-02-08T11:08:22.000Z</time></trkpt>
<trkpt lat="30.63087352151674" lon="104.0564756365609"><ele>484</ele><time>2025-02-08T11:08:23.000Z</time></trkpt>
<trkpt lat="30.63087352151674" lon="104.0564756365609"><ele>484</ele><time>2025-02-08T11:08:24.000Z</time></trkpt>
<trkpt lat="30.63087352151674" lon="104.0564756365609"><ele>483</ele><time>2025-02-08T11:08:25.000Z</time></trkpt>
<trkpt lat="30.63087352151674" lon="104.0564756365609"><ele>484</ele><time>2025-02-08T11:08:26.000Z</time></trkpt>
<trkpt lat="30.63087352151674" lon="104.0564756365609"><ele>484</ele><time>2025-02-08T11:08:27.000Z</time></trkpt>
<trkpt lat="30.63087352151674" lon="104.0564756365609"><ele>484</ele><time>2025-02-08T11:08:28.000Z</time></trkpt>
<trkpt lat="30.63087352151674" lon="104.0564756365609"><ele>484</ele><time>2025-02-08T11:08:29.000Z</time></trkpt>
<trkpt lat="30.63087352151674" lon="104.0564756365609"><ele>484</ele><time>2025-02-08T11:08:30.000Z</time></trkpt>
<trkpt lat="30.63087352151674" lon="104.0564756365609"><ele>484</ele><time>2025-02-08T11:08:31.000Z</time></trkpt>
<trkpt lat="30.63087352151674" lon="104.0564756365609"><ele>484</ele><time>2025-02-08T11:08:32.000Z</time></trkpt>
<trkpt lat="30.63087352151674" lon="104.0564756365609"><ele>484</ele><time>2025-02-08T11:08:33.000Z</time></trkpt>
<trkpt lat="30.63087352151674" lon="104.0564756365609"><ele>484</ele><time>2025-02-08T11:08:34.000Z</time></trkpt>
<trkpt lat="30.63087352151674" lon="104.0564756365609"><ele>484</ele><time>2025-02-08T11:08:35.000Z</time></trkpt>
<trkpt lat="30.63087352151674" lon="104.0564756365609"><ele>484</ele><time>2025-02-08T11:08:36.000Z</time></trkpt>
<trkpt lat="30.63087352151674" lon="104.0564756365609"><ele>484</ele><time>2025-02-08T11:08:37.000Z</time></trkpt>
<trkpt lat="30.63087352151674" lon="104.0564756365609"><ele>484</ele><time>2025-02-08T11:08:38.000Z</time></trkpt>
<trkpt lat="30.63087352151674" lon="104.0564756365609"><ele>484</ele><time>2025-02-08T11:08:39.000Z</time></trkpt>
<trkpt lat="30.63087352151674" lon="104.0564756365609"><ele>484</ele><time>2025-02-08T11:08:40.000Z</time></trkpt>
<trkpt lat="30.63087352151674" lon="104.0564756365609"><ele>484</ele><time>2025-02-08T11:08:41.000Z</time></trkpt>
<trkpt lat="30.63087352151674" lon="104.0564756365609"><ele>484</ele><time>2025-02-08T11:08:42.000Z</time></trkpt>
<trkpt lat="30.63087352151674" lon="104.0564756365609"><ele>484</ele><time>2025-02-08T11:08:43.000Z</time></trkpt>
<trkpt lat="30.63087352151674" lon="104.0564756365609"><ele>484</ele><time>2025-02-08T11:08:44.000Z</time></trkpt>
<trkpt lat="30.63087352151674" lon="104.0564756365609"><ele>484</ele><time>2025-02-08T11:08:45.000Z</time></trkpt>
<trkpt lat="30.63087352151674" lon="104.0564756365609"><ele>485</ele><time>2025-02-08T11:08:46.000Z</time></trkpt>
<trkpt lat="30.63087352151674" lon="104.0564756365609"><ele>485</ele><time>2025-02-08T11:08:47.000Z</time></trkpt>
<trkpt lat="30.63087352151674" lon="104.0564756365609"><ele>485</ele><time>2025-02-08T11:08:48.000Z</time></trkpt>
<trkpt lat="30.63087352151674" lon="104.0564756365609"><ele>485</ele><time>2025-02-08T11:08:49.000Z</time></trkpt>
<trkpt lat="30.63087352151674" lon="104.0564756365609"><ele>485</ele><time>2025-02-08T11:08:50.000Z</time></trkpt>
<trkpt lat="30.63087352151674" lon="104.0564756365609"><ele>485</ele><time>2025-02-08T11:08:51.000Z</time></trkpt>
<trkpt lat="30.63087352151674" lon="104.0564756365609"><ele>485</ele><time>2025-02-08T11:08:52.000Z</time></trkpt>
<trkpt lat="30.63087352151674" lon="104.0564756365609"><ele>485</ele><time>2025-02-08T11:08:53.000Z</time></trkpt>
<trkpt lat="30.63087352151674" lon="104.0564756365609"><ele>485</ele><time>2025-02-08T11:08:54.000Z</time></trkpt>
<trkpt lat="30.63087352151674" lon="104.0564756365609"><ele>485</ele><time>2025-02-08T11:08:55.000Z</time></trkpt>
<trkpt lat="30.63087352151674" lon="104.0564756365609"><ele>485</ele><time>2025-02-08T11:08:56.000Z</time></trkpt>
<trkpt lat="30.63087352151674" lon="104.0564756365609"><ele>485</ele><time>2025-02-08T11:08:57.000Z</time></trkpt>
<trkpt lat="30.63087352151674" lon="104.0564756365609"><ele>485</ele><time>2025-02-08T11:08:58.000Z</time></trkpt>
<trkpt lat="30.63087352151674" lon="104.0564756365609"><ele>485</ele><time>2025-02-08T11:08:59.000Z</time></trkpt>
<trkpt lat="30.63087352151674" lon="104.0564756365609"><ele>485</ele><time>2025-02-08T11:09:00.000Z</time></trkpt>
<trkpt lat="30.63087352151674" lon="104.0564756365609"><ele>485</ele><time>2025-02-08T11:09:01.000Z</time></trkpt>
<trkpt lat="30.63087352151674" lon="104.0564756365609"><ele>485</ele><time>2025-02-08T11:09:02.000Z</time></trkpt>
<trkpt lat="30.63087352151674" lon="104.0564756365609"><ele>485</ele><time>2025-02-08T11:09:03.000Z</time></trkpt>
<trkpt lat="30.63087352151674" lon="104.0564756365609"><ele>485</ele><time>2025-02-08T11:09:04.000Z</time></trkpt>
<trkpt lat="30.63087352151674" lon="104.0564756365609"><ele>485</ele><time>2025-02-08T11:09:05.000Z</time></trkpt>
<trkpt lat="30.63087352151674" lon="104.0564756365609"><ele>485</ele><time>2025-02-08T11:09:06.000Z</time></trkpt>
<trkpt lat="30.63087352151674" lon="104.0564756365609"><ele>485</ele><time>2025-02-08T11:09:07.000Z</time></trkpt>
<trkpt lat="30.63087352151674" lon="104.0564756365609"><ele>485</ele><time>2025-02-08T11:09:08.000Z</time></trkpt>
<trkpt lat="30.63087352151674" lon="104.0564756365609"><ele>485</ele><time>2025-02-08T11:09:09.000Z</time></trkpt>
<trkpt lat="30.63087352151674" lon="104.0564756365609"><ele>485</ele><time>2025-02-08T11:09:10.000Z</time></trkpt>
<trkpt lat="30.63087352151674" lon="104.0564756365609"><ele>485</ele><time>2025-02-08T11:09:11.000Z</time></trkpt>
<trkpt lat="30.63087352151674" lon="104.0564756365609"><ele>485</ele><time>2025-02-08T11:09:12.000Z</time></trkpt>
<trkpt lat="30.63087352151674" lon="104.0564756365609"><ele>485</ele><time>2025-02-08T11:09:13.000Z</time></trkpt>
<trkpt lat="30.63087352151674" lon="104.0564756365609"><ele>485</ele><time>2025-02-08T11:09:14.000Z</time></trkpt>
<trkpt lat="30.63087352151674" lon="104.0564756365609"><ele>485</ele><time>2025-02-08T11:09:15.000Z</time></trkpt>
<trkpt lat="30.63087352151674" lon="104.0564756365609"><ele>485</ele><time>2025-02-08T11:09:16.000Z</time></trkpt>
<trkpt lat="30.63087352151674" lon="104.0564756365609"><ele>485</ele><time>2025-02-08T11:09:17.000Z</time></trkpt>
<trkpt lat="30.63087352151674" lon="104.0564756365609"><ele>485</ele><time>2025-02-08T11:09:18.000Z</time></trkpt>
<trkpt lat="30.63087352151674" lon="104.0564756365609"><ele>485</ele><time>2025-02-08T11:09:19.000Z</time></trkpt>
<trkpt lat="30.63087352151674" lon="104.0564756365609"><ele>485</ele><time>2025-02-08T11:09:20.000Z</time></trkpt>
<trkpt lat="30.63087352151674" lon="104.0564756365609"><ele>485</ele><time>2025-02-08T11:09:21.000Z</time></trkpt>
<trkpt lat="30.63087352151674" lon="104.0564756365609"><ele>485</ele><time>2025-02-08T11:09:22.000Z</time></trkpt>
<trkpt lat="30.63087352151674" lon="104.0564756365609"><ele>485</ele><time>2025-02-08T11:09:23.000Z</time></trkpt>
<trkpt lat="30.63087352151674" lon="104.0564756365609"><ele>486</ele><time>2025-02-08T11:09:24.000Z</time></trkpt>
<trkpt lat="30.63087352151674" lon="104.0564756365609"><ele>485</ele><time>2025-02-08T11:09:25.000Z</time></trkpt>
<trkpt lat="30.63087352151674" lon="104.0564756365609"><ele>486</ele><time>2025-02-08T11:09:26.000Z</time></trkpt>
<trkpt lat="30.63087352151674" lon="104.0564756365609"><ele>486</ele><time>2025-02-08T11:09:27.000Z</time></trkpt>
<trkpt lat="30.63087352151674" lon="104.0564756365609"><ele>486</ele><time>2025-02-08T11:09:28.000Z</time></trkpt>
<trkpt lat="30.63087352151674" lon="104.0564756365609"><ele>486</ele><time>2025-02-08T11:09:29.000Z</time></trkpt>
<trkpt lat="30.63087352151674" lon="104.0564756365609"><ele>485</ele><time>2025-02-08T11:09:30.000Z</time></trkpt>
<trkpt lat="30.63087352151674" lon="104.0564756365609"><ele>485</ele><time>2025-02-08T11:09:31.000Z</time></trkpt>
<trkpt lat="30.63087352151674" lon="104.0564756365609"><ele>485</ele><time>2025-02-08T11:09:32.000Z</time></trkpt>
<trkpt lat="30.63087352151674" lon="104.0564756365609"><ele>485</ele><time>2025-02-08T11:09:33.000Z</time></trkpt>
<trkpt lat="30.63087352151674" lon="104.0564756365609"><ele>485</ele><time>2025-02-08T11:09:34.000Z</time></trkpt>
<trkpt lat="30.63087352151674" lon="104.0564756365609"><ele>485</ele><time>2025-02-08T11:09:35.000Z</time></trkpt>
<trkpt lat="30.63087352151674" lon="104.0564756365609"><ele>485</ele><time>2025-02-08T11:09:36.000Z</time></trkpt>
<trkpt lat="30.63087352151674" lon="104.0564756365609"><ele>485</ele><time>2025-02-08T11:09:37.000Z</time></trkpt>
<trkpt lat="30.63087352151674" lon="104.0564756365609"><ele>484</ele><time>2025-02-08T11:09:38.000Z</time></trkpt>
<trkpt lat="30.63087352151674" lon="104.0564756365609"><ele>484</ele><time>2025-02-08T11:09:39.000Z</time></trkpt>
<trkpt lat="30.63087352151674" lon="104.0564756365609"><ele>485</ele><time>2025-02-08T11:09:40.000Z</time></trkpt>
<trkpt lat="30.63087352151674" lon="104.0564756365609"><ele>485</ele><time>2025-02-08T11:09:41.000Z</time></trkpt>
<trkpt lat="30.63087352151674" lon="104.0564756365609"><ele>485</ele><time>2025-02-08T11:09:42.000Z</time></trkpt>
<trkpt lat="30.63087352151674" lon="104.0564756365609"><ele>485</ele><time>2025-02-08T11:09:43.000Z</time></trkpt>
<trkpt lat="30.63087352151674" lon="104.0564756365609"><ele>485</ele><time>2025-02-08T11:09:44.000Z</time></trkpt>
<trkpt lat="30.63087352151674" lon="104.0564756365609"><ele>485</ele><time>2025-02-08T11:09:45.000Z</time></trkpt>
<trkpt lat="30.63087352151674" lon="104.0564756365609"><ele>485</ele><time>2025-02-08T11:09:46.000Z</time></trkpt>
<trkpt lat="30.63087352151674" lon="104.0564756365609"><ele>485</ele><time>2025-02-08T11:09:47.000Z</time></trkpt>
<trkpt lat="30.63087352151674" lon="104.0564756365609"><ele>485</ele><time>2025-02-08T11:09:48.000Z</time></trkpt>
<trkpt lat="30.63087352151674" lon="104.0564756365609"><ele>485</ele><time>2025-02-08T11:09:49.000Z</time></trkpt>
<trkpt lat="30.63087352151674" lon="104.0564756365609"><ele>485</ele><time>2025-02-08T11:09:50.000Z</time></trkpt>
<trkpt lat="30.63087352151674" lon="104.0564756365609"><ele>485</ele><time>2025-02-08T11:09:51.000Z</time></trkpt>
<trkpt lat="30.63087352151674" lon="104.0564756365609"><ele>485</ele><time>2025-02-08T11:09:52.000Z</time></trkpt>
<trkpt lat="30.63087352151674" lon="104.0564756365609"><ele>485</ele><time>2025-02-08T11:09:53.000Z</time></trkpt>
<trkpt lat="30.63087352151674" lon="104.0564756365609"><ele>485</ele><time>2025-02-08T11:09:54.000Z</time></trkpt>
<trkpt lat="30.63087352151674" lon="104.0564756365609"><ele>485</ele><time>2025-02-08T11:09:55.000Z</time></trkpt>
<trkpt lat="30.63087352151674" lon="104.0564756365609"><ele>485</ele><time>2025-02-08T11:09:56.000Z</time></trkpt>
<trkpt lat="30.63087352151674" lon="104.0564756365609"><ele>485</ele><time>2025-02-08T11:09:57.000Z</time></trkpt>
<trkpt lat="30.63087352151674" lon="104.0564756365609"><ele>485</ele><time>2025-02-08T11:09:58.000Z</time></trkpt>
<trkpt lat="30.63087352151674" lon="104.0564756365609"><ele>485</ele><time>2025-02-08T11:09:59.000Z</time></trkpt>
<trkpt lat="30.63087352151674" lon="104.0564756365609"><ele>485</ele><time>2025-02-08T11:10:00.000Z</time></trkpt>
<trkpt lat="30.63087352151674" lon="104.0564756365609"><ele>485</ele><time>2025-02-08T11:10:01.000Z</time></trkpt>
<trkpt lat="30.63087352151674" lon="104.0564756365609"><ele>485</ele><time>2025-02-08T11:10:02.000Z</time></trkpt>
<trkpt lat="30.63087352151674" lon="104.0564756365609"><ele>485</ele><time>2025-02-08T11:10:03.000Z</time></trkpt>
<trkpt lat="30.63087352151674" lon="104.0564756365609"><ele>485</ele><time>2025-02-08T11:10:04.000Z</time></trkpt>
<trkpt lat="30.63087352151674" lon="104.0564756365609"><ele>485</ele><time>2025-02-08T11:10:05.000Z</time></trkpt>
<trkpt lat="30.63087352151674" lon="104.0564756365609"><ele>485</ele><time>2025-02-08T11:10:06.000Z</time></trkpt>
<trkpt lat="30.63087352151674" lon="104.0564756365609"><ele>485</ele><time>2025-02-08T11:10:07.000Z</time></trkpt>
<trkpt lat="30.63087352151674" lon="104.0564756365609"><ele>485</ele><time>2025-02-08T11:10:08.000Z</time></trkpt>
<trkpt lat="30.63087352151674" lon="104.0564756365609"><ele>485</ele><time>2025-02-08T11:10:09.000Z</time></trkpt>
<trkpt lat="30.63087352151674" lon="104.0564756365609"><ele>485</ele><time>2025-02-08T11:10:10.000Z</time></trkpt>
<trkpt lat="30.63087352151674" lon="104.0564756365609"><ele>485</ele><time>2025-02-08T11:10:11.000Z</time></trkpt>
<trkpt lat="30.63087352151674" lon="104.0564756365609"><ele>484</ele><time>2025-02-08T11:10:12.000Z</time></trkpt>
<trkpt lat="30.63087352151674" lon="104.0564756365609"><ele>485</ele><time>2025-02-08T11:10:13.000Z</time></trkpt>
<trkpt lat="30.63087352151674" lon="104.0564756365609"><ele>485</ele><time>2025-02-08T11:10:14.000Z</time></trkpt>
<trkpt lat="30.63087352151674" lon="104.0564756365609"><ele>484</ele><time>2025-02-08T11:10:15.000Z</time></trkpt>
<trkpt lat="30.63087352151674" lon="104.0564756365609"><ele>484</ele><time>2025-02-08T11:10:16.000Z</time></trkpt>
<trkpt lat="30.63087352151674" lon="104.0564756365609"><ele>485</ele><time>2025-02-08T11:10:17.000Z</time></trkpt>
<trkpt lat="30.63087352151674" lon="104.0564756365609"><ele>485</ele><time>2025-02-08T11:10:18.000Z</time></trkpt>
<trkpt lat="30.63087352151674" lon="104.0564756365609"><ele>484</ele><time>2025-02-08T11:10:19.000Z</time></trkpt>
<trkpt lat="30.63087352151674" lon="104.0564756365609"><ele>484</ele><time>2025-02-08T11:10:20.000Z</time></trkpt>
<trkpt lat="30.63087352151674" lon="104.0564756365609"><ele>484</ele><time>2025-02-08T11:10:21.000Z</time></trkpt>
<trkpt lat="30.63087352151674" lon="104.0564756365609"><ele>484</ele><time>2025-02-08T11:10:22.000Z</time></trkpt>
<trkpt lat="30.63087352151674" lon="104.0564756365609"><ele>485</ele><time>2025-02-08T11:10:23.000Z</time></trkpt>
<trkpt lat="30.63087352151674" lon="104.0564756365609"><ele>485</ele><time>2025-02-08T11:10:24.000Z</time></trkpt>
<trkpt lat="30.63087352151674" lon="104.0564756365609"><ele>485</ele><time>2025-02-08T11:10:25.000Z</time></trkpt>
<trkpt lat="30.63087352151674" lon="104.0564756365609"><ele>485</ele><time>2025-02-08T11:10:26.000Z</time></trkpt>
<trkpt lat="30.63087352151674" lon="104.0564756365609"><ele>485</ele><time>2025-02-08T11:10:27.000Z</time></trkpt>
<trkpt lat="30.63087352151674" lon="104.0564756365609"><ele>485</ele><time>2025-02-08T11:10:28.000Z</time></trkpt>
<trkpt lat="30.63087352151674" lon="104.0564756365609"><ele>485</ele><time>2025-02-08T11:10:29.000Z</time></trkpt>
<trkpt lat="30.63087352151674" lon="104.0564756365609"><ele>485</ele><time>2025-02-08T11:10:30.000Z</time></trkpt>
<trkpt lat="30.63087352151674" lon="104.0564756365609"><ele>485</ele><time>2025-02-08T11:10:31.000Z</time></trkpt>
<trkpt lat="30.63087352151674" lon="104.0564756365609"><ele>485</ele><time>2025-02-08T11:10:32.000Z</time></trkpt>
<trkpt lat="30.63087352151674" lon="104.0564756365609"><ele>485</ele><time>2025-02-08T11:10:33.000Z</time></trkpt>
<trkpt lat="30.63087352151674" lon="104.0564756365609"><ele>485</ele><time>2025-02-08T11:10:34.000Z</time></trkpt>
<trkpt lat="30.63087352151674" lon="104.0564756365609"><ele>485</ele><time>2025-02-08T11:10:35.000Z</time></trkpt>
<trkpt lat="30.63087352151674" lon="104.0564756365609"><ele>485</ele><time>2025-02-08T11:10:36.000Z</time></trkpt>
<trkpt lat="30.63087352151674" lon="104.0564756365609"><ele>485</ele><time>2025-02-08T11:10:37.000Z</time></trkpt>
<trkpt lat="30.63087352151674" lon="104.0564756365609"><ele>485</ele><time>2025-02-08T11:10:38.000Z</time></trkpt>
<trkpt lat="30.63087352151674" lon="104.0564756365609"><ele>486</ele><time>2025-02-08T11:10:39.000Z</time></trkpt>
<trkpt lat="30.63087352151674" lon="104.0564756365609"><ele>485</ele><time>2025-02-08T11:10:40.000Z</time></trkpt>
<trkpt lat="30.63087352151674" lon="104.0564756365609"><ele>485</ele><time>2025-02-08T11:10:41.000Z</time></trkpt>
<trkpt lat="30.63087352151674" lon="104.0564756365609"><ele>485</ele><time>2025-02-08T11:10:42.000Z</time></trkpt>
<trkpt lat="30.63087352151674" lon="104.0564756365609"><ele>485</ele><time>2025-02-08T11:10:43.000Z</time></trkpt>
<trkpt lat="30.63087352151674" lon="104.0564756365609"><ele>485</ele><time>2025-02-08T11:10:44.000Z</time></trkpt>
<trkpt lat="30.63087352151674" lon="104.0564756365609"><ele>485</ele><time>2025-02-08T11:10:45.000Z</time></trkpt>
<trkpt lat="30.63087352151674" lon="104.0564756365609"><ele>485</ele><time>2025-02-08T11:10:46.000Z</time></trkpt>
<trkpt lat="30.63087352151674" lon="104.0564756365609"><ele>485</ele><time>2025-02-08T11:10:47.000Z</time></trkpt>
<trkpt lat="30.63087352151674" lon="104.0564756365609"><ele>485</ele><time>2025-02-08T11:10:48.000Z</time></trkpt>
<trkpt lat="30.63087352151674" lon="104.0564756365609"><ele>485</ele><time>2025-02-08T11:10:49.000Z</time></trkpt>
<trkpt lat="30.63087352151674" lon="104.0564756365609"><ele>485</ele><time>2025-02-08T11:10:50.000Z</time></trkpt>
<trkpt lat="30.63087352151674" lon="104.0564756365609"><ele>485</ele><time>2025-02-08T11:10:51.000Z</time></trkpt>
<trkpt lat="30.63087352151674" lon="104.0564756365609"><ele>485</ele><time>2025-02-08T11:10:52.000Z</time></trkpt>
<trkpt lat="30.63087352151674" lon="104.0564756365609"><ele>485</ele><time>2025-02-08T11:10:53.000Z</time></trkpt>
<trkpt lat="30.63087352151674" lon="104.0564756365609"><ele>485</ele><time>2025-02-08T11:10:54.000Z</time></trkpt>
<trkpt lat="30.63087352151674" lon="104.0564756365609"><ele>485</ele><time>2025-02-08T11:10:55.000Z</time></trkpt>
<trkpt lat="30.63087352151674" lon="104.0564756365609"><ele>485</ele><time>2025-02-08T11:10:56.000Z</time></trkpt>
<trkpt lat="30.63087352151674" lon="104.0564756365609"><ele>485</ele><time>2025-02-08T11:10:57.000Z</time></trkpt>
<trkpt lat="30.63087352151674" lon="104.0564756365609"><ele>485</ele><time>2025-02-08T11:10:58.000Z</time></trkpt>
<trkpt lat="30.63087352151674" lon="104.0564756365609"><ele>484</ele><time>2025-02-08T11:10:59.000Z</time></trkpt>
<trkpt lat="30.63087352151674" lon="104.0564756365609"><ele>485</ele><time>2025-02-08T11:11:00.000Z</time></trkpt>
<trkpt lat="30.63087352151674" lon="104.0564756365609"><ele>485</ele><time>2025-02-08T11:11:01.000Z</time></trkpt>
<trkpt lat="30.63087352151674" lon="104.0564756365609"><ele>484</ele><time>2025-02-08T11:11:02.000Z</time></trkpt>
<trkpt lat="30.63087352151674" lon="104.0564756365609"><ele>484</ele><time>2025-02-08T11:11:03.000Z</time></trkpt>
<trkpt lat="30.63087352151674" lon="104.0564756365609"><ele>484</ele><time>2025-02-08T11:11:04.000Z</time></trkpt>
<trkpt lat="30.63087352151674" lon="104.0564756365609"><ele>484</ele><time>2025-02-08T11:11:05.000Z</time></trkpt>
<trkpt lat="30.63087352151674" lon="104.0564756365609"><ele>485</ele><time>2025-02-08T11:11:06.000Z</time></trkpt>
<trkpt lat="30.63087352151674" lon="104.0564756365609"><ele>485</ele><time>2025-02-08T11:11:07.000Z</time></trkpt>
<trkpt lat="30.63087352151674" lon="104.0564756365609"><ele>484</ele><time>2025-02-08T11:11:08.000Z</time></trkpt>
<trkpt lat="30.63087352151674" lon="104.0564756365609"><ele>483</ele><time>2025-02-08T11:11:09.000Z</time></trkpt>
<trkpt lat="30.63087352151674" lon="104.0564756365609"><ele>483</ele><time>2025-02-08T11:11:10.000Z</time></trkpt>
<trkpt lat="30.63087352151674" lon="104.0564756365609"><ele>484</ele><time>2025-02-08T11:11:11.000Z</time></trkpt>
<trkpt lat="30.63087352151674" lon="104.0564756365609"><ele>484</ele><time>2025-02-08T11:11:12.000Z</time></trkpt>
<trkpt lat="30.63087352151674" lon="104.0564756365609"><ele>484</ele><time>2025-02-08T11:11:13.000Z</time></trkpt>
<trkpt lat="30.63087352151674" lon="104.0564756365609"><ele>485</ele><time>2025-02-08T11:11:14.000Z</time></trkpt>
<trkpt lat="30.63087352151674" lon="104.0564756365609"><ele>484</ele><time>2025-02-08T11:11:15.000Z</time></trkpt>
<trkpt lat="30.63087352151674" lon="104.0564756365609"><ele>484</ele><time>2025-02-08T11:11:16.000Z</time></trkpt>
<trkpt lat="30.63087352151674" lon="104.0564756365609"><ele>484</ele><time>2025-02-08T11:11:17.000Z</time></trkpt>
<trkpt lat="30.63087352151674" lon="104.0564756365609"><ele>484</ele><time>2025-02-08T11:11:18.000Z</time></trkpt>
<trkpt lat="30.63087352151674" lon="104.0564756365609"><ele>484</ele><time>2025-02-08T11:11:19.000Z</time></trkpt>
<trkpt lat="30.63087352151674" lon="104.0564756365609"><ele>484</ele><time>2025-02-08T11:11:20.000Z</time></trkpt>
<trkpt lat="30.63087352151674" lon="104.0564756365609"><ele>484</ele><time>2025-02-08T11:11:21.000Z</time></trkpt>
<trkpt lat="30.63087352151674" lon="104.0564756365609"><ele>483</ele><time>2025-02-08T11:11:22.000Z</time></trkpt>
<trkpt lat="30.63087352151674" lon="104.0564756365609"><ele>483</ele><time>2025-02-08T11:11:23.000Z</time></trkpt>
<trkpt lat="30.63087352151674" lon="104.0564756365609"><ele>483</ele><time>2025-02-08T11:11:24.000Z</time></trkpt>
<trkpt lat="30.63087352151674" lon="104.0564756365609"><ele>484</ele><time>2025-02-08T11:11:25.000Z</time></trkpt>
<trkpt lat="30.63087352151674" lon="104.0564756365609"><ele>484</ele><time>2025-02-08T11:11:26.000Z</time></trkpt>
<trkpt lat="30.63087352151674" lon="104.0564756365609"><ele>484</ele><time>2025-02-08T11:11:27.000Z</time></trkpt>
<trkpt lat="30.63087352151674" lon="104.0564756365609"><ele>484</ele><time>2025-02-08T11:11:28.000Z</time></trkpt>
<trkpt lat="30.63087352151674" lon="104.0564756365609"><ele>484</ele><time>2025-02-08T11:11:29.000Z</time></trkpt>
<trkpt lat="30.63087352151674" lon="104.0564756365609"><ele>484</ele><time>2025-02-08T11:11:30.000Z</time></trkpt>
<trkpt lat="30.63087352151674" lon="104.0564756365609"><ele>485</ele><time>2025-02-08T11:11:31.000Z</time></trkpt>
<trkpt lat="30.63087352151674" lon="104.0564756365609"><ele>484</ele><time>2025-02-08T11:11:32.000Z</time></trkpt>
<trkpt lat="30.63087352151674" lon="104.0564756365609"><ele>484</ele><time>2025-02-08T11:11:33.000Z</time></trkpt>
<trkpt lat="30.63087352151674" lon="104.0564756365609"><ele>484</ele><time>2025-02-08T11:11:34.000Z</time></trkpt>
<trkpt lat="30.63087352151674" lon="104.0564756365609"><ele>484</ele><time>2025-02-08T11:11:35.000Z</time></trkpt>
<trkpt lat="30.63087352151674" lon="104.0564756365609"><ele>484</ele><time>2025-02-08T11:11:36.000Z</time></trkpt>
<trkpt lat="30.63087352151674" lon="104.0564756365609"><ele>483</ele><time>2025-02-08T11:11:37.000Z</time></trkpt>
<trkpt lat="30.63087352151674" lon="104.0564756365609"><ele>483</ele><time>2025-02-08T11:11:38.000Z</time></trkpt>
<trkpt lat="30.63087352151674" lon="104.0564756365609"><ele>483</ele><time>2025-02-08T11:11:39.000Z</time></trkpt>
<trkpt lat="30.63087352151674" lon="104.0564756365609"><ele>483</ele><time>2025-02-08T11:11:40.000Z</time></trkpt>
<trkpt lat="30.63087352151674" lon="104.0564756365609"><ele>483</ele><time>2025-02-08T11:11:41.000Z</time></trkpt>
<trkpt lat="30.63087352151674" lon="104.0564756365609"><ele>483</ele><time>2025-02-08T11:11:42.000Z</time></trkpt>
<trkpt lat="30.63087352151674" lon="104.0564756365609"><ele>483</ele><time>2025-02-08T11:11:43.000Z</time></trkpt>
<trkpt lat="30.63087352151674" lon="104.0564756365609"><ele>483</ele><time>2025-02-08T11:11:44.000Z</time></trkpt>
<trkpt lat="30.63087352151674" lon="104.0564756365609"><ele>483</ele><time>2025-02-08T11:11:45.000Z</time></trkpt>
<trkpt lat="30.63087352151674" lon="104.0564756365609"><ele>483</ele><time>2025-02-08T11:11:46.000Z</time></trkpt>
<trkpt lat="30.63087352151674" lon="104.0564756365609"><ele>483</ele><time>2025-02-08T11:11:47.000Z</time></trkpt>
<trkpt lat="30.63087352151674" lon="104.0564756365609"><ele>483</ele><time>2025-02-08T11:11:48.000Z</time></trkpt>
<trkpt lat="30.63087352151674" lon="104.0564756365609"><ele>483</ele><time>2025-02-08T11:11:49.000Z</time></trkpt>
<trkpt lat="30.63087352151674" lon="104.0564756365609"><ele>483</ele><time>2025-02-08T11:11:50.000Z</time></trkpt>
<trkpt lat="30.63087352151674" lon="104.0564756365609"><ele>483</ele><time>2025-02-08T11:11:51.000Z</time></trkpt>
<trkpt lat="30.63087352151674" lon="104.0564756365609"><ele>483</ele><time>2025-02-08T11:11:52.000Z</time></trkpt>
<trkpt lat="30.63087352151674" lon="104.0564756365609"><ele>483</ele><time>2025-02-08T11:11:53.000Z</time></trkpt>
<trkpt lat="30.63087352151674" lon="104.0564756365609"><ele>483</ele><time>2025-02-08T11:11:54.000Z</time></trkpt>
<trkpt lat="30.63087352151674" lon="104.0564756365609"><ele>483</ele><time>2025-02-08T11:11:55.000Z</time></trkpt>
<trkpt lat="30.63087352151674" lon="104.0564756365609"><ele>484</ele><time>2025-02-08T11:11:56.000Z</time></trkpt>
<trkpt lat="30.63087352151674" lon="104.0564756365609"><ele>484</ele><time>2025-02-08T11:11:57.000Z</time></trkpt>
<trkpt lat="30.63087352151674" lon="104.0564756365609"><ele>484</ele><time>2025-02-08T11:11:58.000Z</time></trkpt>
<trkpt lat="30.63087352151674" lon="104.0564756365609"><ele>484</ele><time>2025-02-08T11:11:59.000Z</time></trkpt>
<trkpt lat="30.63087352151674" lon="104.0564756365609"><ele>484</ele><time>2025-02-08T11:12:00.000Z</time></trkpt>
<trkpt lat="30.63087352151674" lon="104.0564756365609"><ele>484</ele><time>2025-02-08T11:12:01.000Z</time></trkpt>
<trkpt lat="30.63087352151674" lon="104.0564756365609"><ele>484</ele><time>2025-02-08T11:12:02.000Z</time></trkpt>
<trkpt lat="30.63087352151674" lon="104.0564756365609"><ele>484</ele><time>2025-02-08T11:12:03.000Z</time></trkpt>
<trkpt lat="30.63087352151674" lon="104.0564756365609"><ele>484</ele><time>2025-02-08T11:12:04.000Z</time></trkpt>
<trkpt lat="30.63087352151674" lon="104.0564756365609"><ele>483</ele><time>2025-02-08T11:12:05.000Z</time></trkpt>
<trkpt lat="30.63087352151674" lon="104.0564756365609"><ele>483</ele><time>2025-02-08T11:12:06.000Z</time></trkpt>
<trkpt lat="30.63087352151674" lon="104.0564756365609"><ele>483</ele><time>2025-02-08T11:12:07.000Z</time></trkpt>
<trkpt lat="30.63087352151674" lon="104.0564756365609"><ele>483</ele><time>2025-02-08T11:12:08.000Z</time></trkpt>
<trkpt lat="30.63087352151674" lon="104.0564756365609"><ele>484</ele><time>2025-02-08T11:12:09.000Z</time></trkpt>
<trkpt lat="30.63087352151674" lon="104.0564756365609"><ele>484</ele><time>2025-02-08T11:12:10.000Z</time></trkpt>
<trkpt lat="30.63087352151674" lon="104.0564756365609"><ele>484</ele><time>2025-02-08T11:12:11.000Z</time></trkpt>
<trkpt lat="30.63087352151674" lon="104.0564756365609"><ele>484</ele><time>2025-02-08T11:12:12.000Z</time></trkpt>
<trkpt lat="30.63087352151674" lon="104.0564756365609"><ele>484</ele><time>2025-02-08T11:12:13.000Z</time></trkpt>
<trkpt lat="30.63087352151674" lon="104.0564756365609"><ele>484</ele><time>2025-02-08T11:12:14.000Z</time></trkpt>
<trkpt lat="30.63087352151674" lon="104.0564756365609"><ele>484</ele><time>2025-02-08T11:12:15.000Z</time></trkpt>
<trkpt lat="30.63087352151674" lon="104.0564756365609"><ele>484</ele><time>2025-02-08T11:12:16.000Z</time></trkpt>
<trkpt lat="30.63087352151674" lon="104.0564756365609"><ele>484</ele><time>2025-02-08T11:12:17.000Z</time></trkpt>
<trkpt lat="30.63087352151674" lon="104.0564756365609"><ele>484</ele><time>2025-02-08T11:12:18.000Z</time></trkpt>
<trkpt lat="30.63087352151674" lon="104.0564756365609"><ele>484</ele><time>2025-02-08T11:12:19.000Z</time></trkpt>
<trkpt lat="30.63087352151674" lon="104.0564756365609"><ele>484</ele><time>2025-02-08T11:12:20.000Z</time></trkpt>
<trkpt lat="30.63087352151674" lon="104.0564756365609"><ele>484</ele><time>2025-02-08T11:12:21.000Z</time></trkpt>
<trkpt lat="30.63087352151674" lon="104.0564756365609"><ele>484</ele><time>2025-02-08T11:12:22.000Z</time></trkpt>
<trkpt lat="30.63087352151674" lon="104.0564756365609"><ele>484</ele><time>2025-02-08T11:12:23.000Z</time></trkpt>
<trkpt lat="30.63087352151674" lon="104.0564756365609"><ele>484</ele><time>2025-02-08T11:12:24.000Z</time></trkpt>
<trkpt lat="30.63087352151674" lon="104.0564756365609"><ele>484</ele><time>2025-02-08T11:12:25.000Z</time></trkpt>
<trkpt lat="30.63087352151674" lon="104.0564756365609"><ele>484</ele><time>2025-02-08T11:12:26.000Z</time></trkpt>
<trkpt lat="30.63087352151674" lon="104.0564756365609"><ele>484</ele><time>2025-02-08T11:12:27.000Z</time></trkpt>
<trkpt lat="30.63087352151674" lon="104.0564756365609"><ele>484</ele><time>2025-02-08T11:12:28.000Z</time></trkpt>
<trkpt lat="30.63087352151674" lon="104.0564756365609"><ele>484</ele><time>2025-02-08T11:12:29.000Z</time></trkpt>
<trkpt lat="30.63087352151674" lon="104.0564756365609"><ele>484</ele><time>2025-02-08T11:12:30.000Z</time></trkpt>
<trkpt lat="30.63087352151674" lon="104.0564756365609"><ele>484</ele><time>2025-02-08T11:12:31.000Z</time></trkpt>
<trkpt lat="30.63087352151674" lon="104.0564756365609"><ele>484</ele><time>2025-02-08T11:12:32.000Z</time></trkpt>
<trkpt lat="30.63087352151674" lon="104.0564756365609"><ele>484</ele><time>2025-02-08T11:12:33.000Z</time></trkpt>
<trkpt lat="30.63087352151674" lon="104.0564756365609"><ele>484</ele><time>2025-02-08T11:12:34.000Z</time></trkpt>
<trkpt lat="30.63087352151674" lon="104.0564756365609"><ele>484</ele><time>2025-02-08T11:12:35.000Z</time></trkpt>
<trkpt lat="30.63087352151674" lon="104.0564756365609"><ele>484</ele><time>2025-02-08T11:12:36.000Z</time></trkpt>
<trkpt lat="30.63087352151674" lon="104.0564756365609"><ele>484</ele><time>2025-02-08T11:12:37.000Z</time></trkpt>
<trkpt lat="30.63087352151674" lon="104.0564756365609"><ele>484</ele><time>2025-02-08T11:12:38.000Z</time></trkpt>
<trkpt lat="30.63087352151674" lon="104.0564756365609"><ele>484</ele><time>2025-02-08T11:12:39.000Z</time></trkpt>
<trkpt lat="30.63087352151674" lon="104.0564756365609"><ele>484</ele><time>2025-02-08T11:12:40.000Z</time></trkpt>
<trkpt lat="30.63087352151674" lon="104.0564756365609"><ele>484</ele><time>2025-02-08T11:12:41.000Z</time></trkpt>
<trkpt lat="30.63087352151674" lon="104.0564756365609"><ele>484</ele><time>2025-02-08T11:12:42.000Z</time></trkpt>
<trkpt lat="30.63087352151674" lon="104.0564756365609"><ele>484</ele><time>2025-02-08T11:12:43.000Z</time></trkpt>
<trkpt lat="30.63087352151674" lon="104.0564756365609"><ele>484</ele><time>2025-02-08T11:12:44.000Z</time></trkpt>
<trkpt lat="30.63087352151674" lon="104.0564756365609"><ele>484</ele><time>2025-02-08T11:12:45.000Z</time></trkpt>
<trkpt lat="30.63087352151674" lon="104.0564756365609"><ele>484</ele><time>2025-02-08T11:12:46.000Z</time></trkpt>
<trkpt lat="30.63087352151674" lon="104.0564756365609"><ele>484</ele><time>2025-02-08T11:12:47.000Z</time></trkpt>
<trkpt lat="30.63087352151674" lon="104.0564756365609"><ele>484</ele><time>2025-02-08T11:12:48.000Z</time></trkpt>
<trkpt lat="30.63087352151674" lon="104.0564756365609"><ele>484</ele><time>2025-02-08T11:12:49.000Z</time></trkpt>
<trkpt lat="30.63087352151674" lon="104.0564756365609"><ele>484</ele><time>2025-02-08T11:12:50.000Z</time></trkpt>
<trkpt lat="30.63087352151674" lon="104.0564756365609"><ele>484</ele><time>2025-02-08T11:12:51.000Z</time></trkpt>
<trkpt lat="30.63087352151674" lon="104.0564756365609"><ele>484</ele><time>2025-02-08T11:12:52.000Z</time></trkpt>
<trkpt lat="30.63087352151674" lon="104.0564756365609"><ele>484</ele><time>2025-02-08T11:12:53.000Z</time></trkpt>
<trkpt lat="30.63087352151674" lon="104.0564756365609"><ele>484</ele><time>2025-02-08T11:12:54.000Z</time></trkpt>
<trkpt lat="30.63087352151674" lon="104.0564756365609"><ele>485</ele><time>2025-02-08T11:12:55.000Z</time></trkpt>
<trkpt lat="30.63087352151674" lon="104.0564756365609"><ele>485</ele><time>2025-02-08T11:12:56.000Z</time></trkpt>
<trkpt lat="30.63087352151674" lon="104.0564756365609"><ele>485</ele><time>2025-02-08T11:12:57.000Z</time></trkpt>
<trkpt lat="30.63087352151674" lon="104.0564756365609"><ele>486</ele><time>2025-02-08T11:12:58.000Z</time></trkpt>
<trkpt lat="30.63087352151674" lon="104.0564756365609"><ele>486</ele><time>2025-02-08T11:12:59.000Z</time></trkpt>
<trkpt lat="30.63087352151674" lon="104.0564756365609"><ele>487</ele><time>2025-02-08T11:13:00.000Z</time></trkpt>
<trkpt lat="30.63087352151674" lon="104.0564756365609"><ele>487</ele><time>2025-02-08T11:13:01.000Z</time></trkpt>
<trkpt lat="30.63087352151674" lon="104.0564756365609"><ele>486</ele><time>2025-02-08T11:13:02.000Z</time></trkpt>
<trkpt lat="30.63087352151674" lon="104.0564756365609"><ele>486</ele><time>2025-02-08T11:13:03.000Z</time></trkpt>
<trkpt lat="30.63087352151674" lon="104.0564756365609"><ele>485</ele><time>2025-02-08T11:13:04.000Z</time></trkpt>
<trkpt lat="30.63087352151674" lon="104.0564756365609"><ele>485</ele><time>2025-02-08T11:13:05.000Z</time></trkpt>
<trkpt lat="30.63087352151674" lon="104.0564756365609"><ele>485</ele><time>2025-02-08T11:13:06.000Z</time></trkpt>
<trkpt lat="30.63087352151674" lon="104.0564756365609"><ele>484</ele><time>2025-02-08T11:13:07.000Z</time></trkpt>
<trkpt lat="30.63087352151674" lon="104.0564756365609"><ele>484</ele><time>2025-02-08T11:13:08.000Z</time></trkpt>
<trkpt lat="30.63087352151674" lon="104.0564756365609"><ele>484</ele><time>2025-02-08T11:13:09.000Z</time></trkpt>
<trkpt lat="30.63087352151674" lon="104.0564756365609"><ele>484</ele><time>2025-02-08T11:13:10.000Z</time></trkpt>
<trkpt lat="30.63087352151674" lon="104.0564756365609"><ele>483</ele><time>2025-02-08T11:13:11.000Z</time></trkpt>
<trkpt lat="30.63087352151674" lon="104.0564756365609"><ele>483</ele><time>2025-02-08T11:13:12.000Z</time></trkpt>
<trkpt lat="30.63087352151674" lon="104.0564756365609"><ele>483</ele><time>2025-02-08T11:13:13.000Z</time></trkpt>
<trkpt lat="30.63087352151674" lon="104.0564756365609"><ele>483</ele><time>2025-02-08T11:13:14.000Z</time></trkpt>
<trkpt lat="30.63087352151674" lon="104.0564756365609"><ele>483</ele><time>2025-02-08T11:13:15.000Z</time></trkpt>
<trkpt lat="30.63087352151674" lon="104.0564756365609"><ele>483</ele><time>2025-02-08T11:13:16.000Z</time></trkpt>
<trkpt lat="30.63087352151674" lon="104.0564756365609"><ele>483</ele><time>2025-02-08T11:13:17.000Z</time></trkpt>
<trkpt lat="30.63087352151674" lon="104.0564756365609"><ele>483</ele><time>2025-02-08T11:13:18.000Z</time></trkpt>
<trkpt lat="30.63087352151674" lon="104.0564756365609"><ele>483</ele><time>2025-02-08T11:13:19.000Z</time></trkpt>
<trkpt lat="30.63087352151674" lon="104.0564756365609"><ele>483</ele><time>2025-02-08T11:13:20.000Z</time></trkpt>
<trkpt lat="30.63087352151674" lon="104.0564756365609"><ele>483</ele><time>2025-02-08T11:13:21.000Z</time></trkpt>
<trkpt lat="30.63087352151674" lon="104.0564756365609"><ele>482</ele><time>2025-02-08T11:13:22.000Z</time></trkpt>
<trkpt lat="30.63087352151674" lon="104.0564756365609"><ele>482</ele><time>2025-02-08T11:13:23.000Z</time></trkpt>
<trkpt lat="30.63087352151674" lon="104.0564756365609"><ele>482</ele><time>2025-02-08T11:13:24.000Z</time></trkpt>
<trkpt lat="30.63087352151674" lon="104.0564756365609"><ele>482</ele><time>2025-02-08T11:13:25.000Z</time></trkpt>
<trkpt lat="30.63087352151674" lon="104.0564756365609"><ele>483</ele><time>2025-02-08T11:13:26.000Z</time></trkpt>
<trkpt lat="30.63087352151674" lon="104.0564756365609"><ele>484</ele><time>2025-02-08T11:13:27.000Z</time></trkpt>
<trkpt lat="30.63087352151674" lon="104.0564756365609"><ele>484</ele><time>2025-02-08T11:13:28.000Z</time></trkpt>
<trkpt lat="30.63087352151674" lon="104.0564756365609"><ele>484</ele><time>2025-02-08T11:13:29.000Z</time></trkpt>
<trkpt lat="30.63087352151674" lon="104.0564756365609"><ele>483</ele><time>2025-02-08T11:13:30.000Z</time></trkpt>
<trkpt lat="30.63087352151674" lon="104.0564756365609"><ele>484</ele><time>2025-02-08T11:13:31.000Z</time></trkpt>
<trkpt lat="30.63087352151674" lon="104.0564756365609"><ele>484</ele><time>2025-02-08T11:13:32.000Z</time></trkpt>
<trkpt lat="30.63087352151674" lon="104.0564756365609"><ele>484</ele><time>2025-02-08T11:13:33.000Z</time></trkpt>
<trkpt lat="30.63087352151674" lon="104.0564756365609"><ele>483</ele><time>2025-02-08T11:13:34.000Z</time></trkpt>
<trkpt lat="30.63087352151674" lon="104.0564756365609"><ele>483</ele><time>2025-02-08T11:13:35.000Z</time></trkpt>
<trkpt lat="30.63087352151674" lon="104.0564756365609"><ele>483</ele><time>2025-02-08T11:13:36.000Z</time></trkpt>
<trkpt lat="30.63087352151674" lon="104.0564756365609"><ele>483</ele><time>2025-02-08T11:13:37.000Z</time></trkpt>
<trkpt lat="30.63087352151674" lon="104.0564756365609"><ele>482</ele><time>2025-02-08T11:13:38.000Z</time></trkpt>
<trkpt lat="30.63087352151674" lon="104.0564756365609"><ele>482</ele><time>2025-02-08T11:13:39.000Z</time></trkpt>
<trkpt lat="30.63087352151674" lon="104.0564756365609"><ele>481</ele><time>2025-02-08T11:13:40.000Z</time></trkpt>
<trkpt lat="30.63087352151674" lon="104.0564756365609"><ele>482</ele><time>2025-02-08T11:13:41.000Z</time></trkpt>
<trkpt lat="30.63087352151674" lon="104.0564756365609"><ele>481</ele><time>2025-02-08T11:13:42.000Z</time></trkpt>
<trkpt lat="30.63087352151674" lon="104.0564756365609"><ele>482</ele><time>2025-02-08T11:13:43.000Z</time></trkpt>
<trkpt lat="30.63087352151674" lon="104.0564756365609"><ele>481</ele><time>2025-02-08T11:13:44.000Z</time></trkpt>
<trkpt lat="30.63087352151674" lon="104.0564756365609"><ele>480</ele><time>2025-02-08T11:13:45.000Z</time></trkpt>
<trkpt lat="30.63087352151674" lon="104.0564756365609"><ele>480</ele><time>2025-02-08T11:13:46.000Z</time></trkpt>
<trkpt lat="30.63087352151674" lon="104.0564756365609"><ele>481</ele><time>2025-02-08T11:13:47.000Z</time></trkpt>
<trkpt lat="30.63087352151674" lon="104.0564756365609"><ele>482</ele><time>2025-02-08T11:13:48.000Z</time></trkpt>
<trkpt lat="30.63087352151674" lon="104.0564756365609"><ele>483</ele><time>2025-02-08T11:13:49.000Z</time></trkpt>
<trkpt lat="30.63087352151674" lon="104.0564756365609"><ele>481</ele><time>2025-02-08T11:13:50.000Z</time></trkpt>
<trkpt lat="30.63087352151674" lon="104.0564756365609"><ele>482</ele><time>2025-02-08T11:13:51.000Z</time></trkpt>
<trkpt lat="30.63087352151674" lon="104.0564756365609"><ele>482</ele><time>2025-02-08T11:13:52.000Z</time></trkpt>
<trkpt lat="30.63087352151674" lon="104.0564756365609"><ele>482</ele><time>2025-02-08T11:13:53.000Z</time></trkpt>
<trkpt lat="30.63087352151674" lon="104.0564756365609"><ele>482</ele><time>2025-02-08T11:13:54.000Z</time></trkpt>
<trkpt lat="30.63087352151674" lon="104.0564756365609"><ele>481</ele><time>2025-02-08T11:13:55.000Z</time></trkpt>
<trkpt lat="30.63087352151674" lon="104.0564756365609"><ele>483</ele><time>2025-02-08T11:13:56.000Z</time></trkpt>
<trkpt lat="30.63087352151674" lon="104.0564756365609"><ele>484</ele><time>2025-02-08T11:13:57.000Z</time></trkpt>
<trkpt lat="30.63087352151674" lon="104.0564756365609"><ele>484</ele><time>2025-02-08T11:13:58.000Z</time></trkpt>
<trkpt lat="30.63087352151674" lon="104.0564756365609"><ele>484</ele><time>2025-02-08T11:13:59.000Z</time></trkpt>
<trkpt lat="30.63087352151674" lon="104.0564756365609"><ele>484</ele><time>2025-02-08T11:14:00.000Z</time></trkpt>
<trkpt lat="30.63087352151674" lon="104.0564756365609"><ele>484</ele><time>2025-02-08T11:14:01.000Z</time></trkpt>
<trkpt lat="30.63087352151674" lon="104.0564756365609"><ele>483</ele><time>2025-02-08T11:14:02.000Z</time></trkpt>
<trkpt lat="30.63087352151674" lon="104.0564756365609"><ele>484</ele><time>2025-02-08T11:14:03.000Z</time></trkpt>
<trkpt lat="30.63087352151674" lon="104.0564756365609"><ele>483</ele><time>2025-02-08T11:14:04.000Z</time></trkpt>
<trkpt lat="30.63087352151674" lon="104.0564756365609"><ele>484</ele><time>2025-02-08T11:14:05.000Z</time></trkpt>
<trkpt lat="30.63087352151674" lon="104.0564756365609"><ele>483</ele><time>2025-02-08T11:14:06.000Z</time></trkpt>
<trkpt lat="30.63087352151674" lon="104.0564756365609"><ele>483</ele><time>2025-02-08T11:14:07.000Z</time></trkpt>
<trkpt lat="30.63087352151674" lon="104.0564756365609"><ele>483</ele><time>2025-02-08T11:14:08.000Z</time></trkpt>
<trkpt lat="30.63087352151674" lon="104.0564756365609"><ele>483</ele><time>2025-02-08T11:14:09.000Z</time></trkpt>
<trkpt lat="30.63087352151674" lon="104.0564756365609"><ele>484</ele><time>2025-02-08T11:14:10.000Z</time></trkpt>
<trkpt lat="30.63087352151674" lon="104.0564756365609"><ele>484</ele><time>2025-02-08T11:14:11.000Z</time></trkpt>
<trkpt lat="30.63087352151674" lon="104.0564756365609"><ele>484</ele><time>2025-02-08T11:14:12.000Z</time></trkpt>
<trkpt lat="30.63087352151674" lon="104.0564756365609"><ele>484</ele><time>2025-02-08T11:14:13.000Z</time></trkpt>
<trkpt lat="30.63087352151674" lon="104.0564756365609"><ele>482</ele><time>2025-02-08T11:14:14.000Z</time></trkpt>
<trkpt lat="30.63087352151674" lon="104.0564756365609"><ele>483</ele><time>2025-02-08T11:14:15.000Z</time></trkpt>
<trkpt lat="30.63087352151674" lon="104.0564756365609"><ele>483</ele><time>2025-02-08T11:14:16.000Z</time></trkpt>
<trkpt lat="30.63087352151674" lon="104.0564756365609"><ele>483</ele><time>2025-02-08T11:14:17.000Z</time></trkpt>
<trkpt lat="30.63087352151674" lon="104.0564756365609"><ele>483</ele><time>2025-02-08T11:14:18.000Z</time></trkpt>
<trkpt lat="30.63087352151674" lon="104.0564756365609"><ele>484</ele><time>2025-02-08T11:14:19.000Z</time></trkpt>
<trkpt lat="30.63087352151674" lon="104.0564756365609"><ele>484</ele><time>2025-02-08T11:14:20.000Z</time></trkpt>
<trkpt lat="30.63087352151674" lon="104.0564756365609"><ele>485</ele><time>2025-02-08T11:14:21.000Z</time></trkpt>
<trkpt lat="30.63087352151674" lon="104.0564756365609"><ele>485</ele><time>2025-02-08T11:14:22.000Z</time></trkpt>
<trkpt lat="30.63087352151674" lon="104.0564756365609"><ele>485</ele><time>2025-02-08T11:14:23.000Z</time></trkpt>
<trkpt lat="30.63087352151674" lon="104.0564756365609"><ele>485</ele><time>2025-02-08T11:14:24.000Z</time></trkpt>
<trkpt lat="30.63087352151674" lon="104.0564756365609"><ele>484</ele><time>2025-02-08T11:14:25.000Z</time></trkpt>
<trkpt lat="30.63087352151674" lon="104.0564756365609"><ele>484</ele><time>2025-02-08T11:14:26.000Z</time></trkpt>
<trkpt lat="30.63087352151674" lon="104.0564756365609"><ele>484</ele><time>2025-02-08T11:14:27.000Z</time></trkpt>
<trkpt lat="30.63087352151674" lon="104.0564756365609"><ele>484</ele><time>2025-02-08T11:14:28.000Z</time></trkpt>
<trkpt lat="30.63087352151674" lon="104.0564756365609"><ele>484</ele><time>2025-02-08T11:14:29.000Z</time></trkpt>
<trkpt lat="30.63087352151674" lon="104.0564756365609"><ele>485</ele><time>2025-02-08T11:14:30.000Z</time></trkpt>
<trkpt lat="30.63087352151674" lon="104.0564756365609"><ele>484</ele><time>2025-02-08T11:14:31.000Z</time></trkpt>
<trkpt lat="30.63087352151674" lon="104.0564756365609"><ele>484</ele><time>2025-02-08T11:14:32.000Z</time></trkpt>
<trkpt lat="30.63087352151674" lon="104.0564756365609"><ele>485</ele><time>2025-02-08T11:14:33.000Z</time></trkpt>
<trkpt lat="30.63087352151674" lon="104.0564756365609"><ele>485</ele><time>2025-02-08T11:14:34.000Z</time></trkpt>
<trkpt lat="30.63087352151674" lon="104.0564756365609"><ele>485</ele><time>2025-02-08T11:14:35.000Z</time></trkpt>
<trkpt lat="30.63087352151674" lon="104.0564756365609"><ele>485</ele><time>2025-02-08T11:14:36.000Z</time></trkpt>
<trkpt lat="30.63087352151674" lon="104.0564756365609"><ele>485</ele><time>2025-02-08T11:14:37.000Z</time></trkpt>
<trkpt lat="30.63087352151674" lon="104.0564756365609"><ele>485</ele><time>2025-02-08T11:14:38.000Z</time></trkpt>
<trkpt lat="30.63087352151674" lon="104.0564756365609"><ele>486</ele><time>2025-02-08T11:14:39.000Z</time></trkpt>
<trkpt lat="30.63087352151674" lon="104.0564756365609"><ele>486</ele><time>2025-02-08T11:14:40.000Z</time></trkpt>
<trkpt lat="30.63087352151674" lon="104.0564756365609"><ele>485</ele><time>2025-02-08T11:14:41.000Z</time></trkpt>
<trkpt lat="30.63087352151674" lon="104.0564756365609"><ele>483</ele><time>2025-02-08T11:14:42.000Z</time></trkpt>
<trkpt lat="30.63087352151674" lon="104.0564756365609"><ele>485</ele><time>2025-02-08T11:14:43.000Z</time></trkpt>
<trkpt lat="30.63087352151674" lon="104.0564756365609"><ele>484</ele><time>2025-02-08T11:14:44.000Z</time></trkpt>
<trkpt lat="30.63087352151674" lon="104.0564756365609"><ele>485</ele><time>2025-02-08T11:14:45.000Z</time></trkpt>
<trkpt lat="30.63087352151674" lon="104.0564756365609"><ele>485</ele><time>2025-02-08T11:14:46.000Z</time></trkpt>
<trkpt lat="30.63087352151674" lon="104.0564756365609"><ele>485</ele><time>2025-02-08T11:14:47.000Z</time></trkpt>
<trkpt lat="30.63087352151674" lon="104.0564756365609"><ele>485</ele><time>2025-02-08T11:14:48.000Z</time></trkpt>
<trkpt lat="30.63087352151674" lon="104.0564756365609"><ele>485</ele><time>2025-02-08T11:14:49.000Z</time></trkpt>
<trkpt lat="30.63087352151674" lon="104.0564756365609"><ele>485</ele><time>2025-02-08T11:14:50.000Z</time></trkpt>
<trkpt lat="30.63087352151674" lon="104.0564756365609"><ele>485</ele><time>2025-02-08T11:14:51.000Z</time></trkpt>
<trkpt lat="30.63087352151674" lon="104.0564756365609"><ele>485</ele><time>2025-02-08T11:14:52.000Z</time></trkpt>
<trkpt lat="30.63087352151674" lon="104.0564756365609"><ele>485</ele><time>2025-02-08T11:14:53.000Z</time></trkpt>
<trkpt lat="30.63087352151674" lon="104.0564756365609"><ele>485</ele><time>2025-02-08T11:14:54.000Z</time></trkpt>
<trkpt lat="30.63087352151674" lon="104.0564756365609"><ele>485</ele><time>2025-02-08T11:14:55.000Z</time></trkpt>
<trkpt lat="30.63087352151674" lon="104.0564756365609"><ele>485</ele><time>2025-02-08T11:14:56.000Z</time></trkpt>
<trkpt lat="30.63087352151674" lon="104.0564756365609"><ele>486</ele><time>2025-02-08T11:14:57.000Z</time></trkpt>
<trkpt lat="30.63087352151674" lon="104.0564756365609"><ele>486</ele><time>2025-02-08T11:14:58.000Z</time></trkpt>
<trkpt lat="30.63087352151674" lon="104.0564756365609"><ele>486</ele><time>2025-02-08T11:14:59.000Z</time></trkpt>
<trkpt lat="30.63087352151674" lon="104.0564756365609"><ele>486</ele><time>2025-02-08T11:15:00.000Z</time></trkpt>
<trkpt lat="30.63087352151674" lon="104.0564756365609"><ele>486</ele><time>2025-02-08T11:15:01.000Z</time></trkpt>
<trkpt lat="30.63087352151674" lon="104.0564756365609"><ele>485</ele><time>2025-02-08T11:15:02.000Z</time></trkpt>
<trkpt lat="30.63087352151674" lon="104.0564756365609"><ele>485</ele><time>2025-02-08T11:15:03.000Z</time></trkpt>
<trkpt lat="30.63087352151674" lon="104.0564756365609"><ele>485</ele><time>2025-02-08T11:15:04.000Z</time></trkpt>
<trkpt lat="30.63087352151674" lon="104.0564756365609"><ele>486</ele><time>2025-02-08T11:15:05.000Z</time></trkpt>
<trkpt lat="30.63087352151674" lon="104.0564756365609"><ele>485</ele><time>2025-02-08T11:15:06.000Z</time></trkpt>
<trkpt lat="30.63087352151674" lon="104.0564756365609"><ele>485</ele><time>2025-02-08T11:15:07.000Z</time></trkpt>
<trkpt lat="30.63087352151674" lon="104.0564756365609"><ele>485</ele><time>2025-02-08T11:15:08.000Z</time></trkpt>
<trkpt lat="30.63087352151674" lon="104.0564756365609"><ele>486</ele><time>2025-02-08T11:15:09.000Z</time></trkpt>
<trkpt lat="30.63087352151674" lon="104.0564756365609"><ele>486</ele><time>2025-02-08T11:15:10.000Z</time></trkpt>
<trkpt lat="30.63087352151674" lon="104.0564756365609"><ele>486</ele><time>2025-02-08T11:15:11.000Z</time></trkpt>
<trkpt lat="30.63087352151674" lon="104.0564756365609"><ele>486</ele><time>2025-02-08T11:15:12.000Z</time></trkpt>
<trkpt lat="30.63087352151674" lon="104.0564756365609"><ele>486</ele><time>2025-02-08T11:15:13.000Z</time></trkpt>
<trkpt lat="30.63087352151674" lon="104.0564756365609"><ele>486</ele><time>2025-02-08T11:15:14.000Z</time></trkpt>
<trkpt lat="30.63087352151674" lon="104.0564756365609"><ele>486</ele><time>2025-02-08T11:15:15.000Z</time></trkpt>
<trkpt lat="30.63087352151674" lon="104.0564756365609"><ele>486</ele><time>2025-02-08T11:15:16.000Z</time></trkpt>
<trkpt lat="30.63087352151674" lon="104.0564756365609"><ele>486</ele><time>2025-02-08T11:15:17.000Z</time></trkpt>
<trkpt lat="30.63087352151674" lon="104.0564756365609"><ele>485</ele><time>2025-02-08T11:15:18.000Z</time></trkpt>
<trkpt lat="30.63087352151674" lon="104.0564756365609"><ele>485</ele><time>2025-02-08T11:15:19.000Z</time></trkpt>
<trkpt lat="30.63087352151674" lon="104.0564756365609"><ele>486</ele><time>2025-02-08T11:15:20.000Z</time></trkpt>
<trkpt lat="30.63087352151674" lon="104.0564756365609"><ele>486</ele><time>2025-02-08T11:15:21.000Z</time></trkpt>
<trkpt lat="30.63087352151674" lon="104.0564756365609"><ele>486</ele><time>2025-02-08T11:15:22.000Z</time></trkpt>
<trkpt lat="30.63087352151674" lon="104.0564756365609"><ele>486</ele><time>2025-02-08T11:15:23.000Z</time></trkpt>
<trkpt lat="30.63087352151674" lon="104.0564756365609"><ele>486</ele><time>2025-02-08T11:15:24.000Z</time></trkpt>
<trkpt lat="30.63087352151674" lon="104.0564756365609"><ele>486</ele><time>2025-02-08T11:15:25.000Z</time></trkpt>
<trkpt lat="30.63087352151674" lon="104.0564756365609"><ele>486</ele><time>2025-02-08T11:15:26.000Z</time></trkpt>
<trkpt lat="30.63087352151674" lon="104.0564756365609"><ele>486</ele><time>2025-02-08T11:15:27.000Z</time></trkpt>
<trkpt lat="30.63087352151674" lon="104.0564756365609"><ele>486</ele><time>2025-02-08T11:15:28.000Z</time></trkpt>
<trkpt lat="30.63087352151674" lon="104.0564756365609"><ele>486</ele><time>2025-02-08T11:15:29.000Z</time></trkpt>
<trkpt lat="30.63087352151674" lon="104.0564756365609"><ele>486</ele><time>2025-02-08T11:15:30.000Z</time></trkpt>
<trkpt lat="30.63087352151674" lon="104.0564756365609"><ele>486</ele><time>2025-02-08T11:15:31.000Z</time></trkpt>
<trkpt lat="30.63087352151674" lon="104.0564756365609"><ele>486</ele><time>2025-02-08T11:15:32.000Z</time></trkpt>
<trkpt lat="30.63087352151674" lon="104.0564756365609"><ele>486</ele><time>2025-02-08T11:15:33.000Z</time></trkpt>
<trkpt lat="30.63087352151674" lon="104.0564756365609"><ele>486</ele><time>2025-02-08T11:15:34.000Z</time></trkpt>
<trkpt lat="30.63087352151674" lon="104.0564756365609"><ele>486</ele><time>2025-02-08T11:15:35.000Z</time></trkpt>
<trkpt lat="30.63087352151674" lon="104.0564756365609"><ele>486</ele><time>2025-02-08T11:15:36.000Z</time></trkpt>
<trkpt lat="30.63087352151674" lon="104.0564756365609"><ele>486</ele><time>2025-02-08T11:15:37.000Z</time></trkpt>
<trkpt lat="30.63087352151674" lon="104.0564756365609"><ele>487</ele><time>2025-02-08T11:15:38.000Z</time></trkpt>
<trkpt lat="30.63087352151674" lon="104.0564756365609"><ele>487</ele><time>2025-02-08T11:15:39.000Z</time></trkpt>
<trkpt lat="30.63087352151674" lon="104.0564756365609"><ele>487</ele><time>2025-02-08T11:15:40.000Z</time></trkpt>
<trkpt lat="30.63087352151674" lon="104.0564756365609"><ele>487</ele><time>2025-02-08T11:15:41.000Z</time></trkpt>
<trkpt lat="30.63087352151674" lon="104.0564756365609"><ele>487</ele><time>2025-02-08T11:15:42.000Z</time></trkpt>
<trkpt lat="30.63087352151674" lon="104.0564756365609"><ele>487</ele><time>2025-02-08T11:15:43.000Z</time></trkpt>
<trkpt lat="30.63087352151674" lon="104.0564756365609"><ele>487</ele><time>2025-02-08T11:15:44.000Z</time></trkpt>
<trkpt lat="30.63087352151674" lon="104.0564756365609"><ele>487</ele><time>2025-02-08T11:15:45.000Z</time></trkpt>
<trkpt lat="30.63087352151674" lon="104.0564756365609"><ele>487</ele><time>2025-02-08T11:15:46.000Z</time></trkpt>
<trkpt lat="30.63087352151674" lon="104.0564756365609"><ele>487</ele><time>2025-02-08T11:15:47.000Z</time></trkpt>
<trkpt lat="30.63087352151674" lon="104.0564756365609"><ele>487</ele><time>2025-02-08T11:15:48.000Z</time></trkpt>
<trkpt lat="30.63087352151674" lon="104.0564756365609"><ele>488</ele><time>2025-02-08T11:15:49.000Z</time></trkpt>
<trkpt lat="30.63087352151674" lon="104.0564756365609"><ele>487</ele><time>2025-02-08T11:15:50.000Z</time></trkpt>
<trkpt lat="30.63087352151674" lon="104.0564756365609"><ele>487</ele><time>2025-02-08T11:15:51.000Z</time></trkpt>
<trkpt lat="30.63087352151674" lon="104.0564756365609"><ele>487</ele><time>2025-02-08T11:15:52.000Z</time></trkpt>
<trkpt lat="30.63087352151674" lon="104.0564756365609"><ele>487</ele><time>2025-02-08T11:15:53.000Z</time></trkpt>
<trkpt lat="30.63087352151674" lon="104.0564756365609"><ele>487</ele><time>2025-02-08T11:15:54.000Z</time></trkpt>
<trkpt lat="30.63087352151674" lon="104.0564756365609"><ele>487</ele><time>2025-02-08T11:15:55.000Z</time></trkpt>
<trkpt lat="30.63087352151674" lon="104.0564756365609"><ele>488</ele><time>2025-02-08T11:15:56.000Z</time></trkpt>
<trkpt lat="30.63087352151674" lon="104.0564756365609"><ele>487</ele><time>2025-02-08T11:15:57.000Z</time></trkpt>
<trkpt lat="30.63087352151674" lon="104.0564756365609"><ele>487</ele><time>2025-02-08T11:15:58.000Z</time></trkpt>
<trkpt lat="30.63087352151674" lon="104.0564756365609"><ele>486</ele><time>2025-02-08T11:15:59.000Z</time></trkpt>
<trkpt lat="30.63087352151674" lon="104.0564756365609"><ele>487</ele><time>2025-02-08T11:16:00.000Z</time></trkpt>
<trkpt lat="30.63087352151674" lon="104.0564756365609"><ele>486</ele><time>2025-02-08T11:16:01.000Z</time></trkpt>
<trkpt lat="30.63087352151674" lon="104.0564756365609"><ele>487</ele><time>2025-02-08T11:16:02.000Z</time></trkpt>
<trkpt lat="30.63087352151674" lon="104.0564756365609"><ele>486</ele><time>2025-02-08T11:16:03.000Z</time></trkpt>
<trkpt lat="30.63087352151674" lon="104.0564756365609"><ele>485</ele><time>2025-02-08T11:16:04.000Z</time></trkpt>
<trkpt lat="30.63087352151674" lon="104.0564756365609"><ele>486</ele><time>2025-02-08T11:16:05.000Z</time></trkpt>
<trkpt lat="30.63087352151674" lon="104.0564756365609"><ele>486</ele><time>2025-02-08T11:16:06.000Z</time></trkpt>
<trkpt lat="30.63087352151674" lon="104.0564756365609"><ele>486</ele><time>2025-02-08T11:16:07.000Z</time></trkpt>
<trkpt lat="30.63087352151674" lon="104.0564756365609"><ele>486</ele><time>2025-02-08T11:16:08.000Z</time></trkpt>
<trkpt lat="30.63087352151674" lon="104.0564756365609"><ele>486</ele><time>2025-02-08T11:16:09.000Z</time></trkpt>
<trkpt lat="30.63087352151674" lon="104.0564756365609"><ele>486</ele><time>2025-02-08T11:16:10.000Z</time></trkpt>
<trkpt lat="30.63087352151674" lon="104.0564756365609"><ele>486</ele><time>2025-02-08T11:16:11.000Z</time></trkpt>
<trkpt lat="30.63087352151674" lon="104.0564756365609"><ele>486</ele><time>2025-02-08T11:16:12.000Z</time></trkpt>
<trkpt lat="30.63087352151674" lon="104.0564756365609"><ele>485</ele><time>2025-02-08T11:16:13.000Z</time></trkpt>
<trkpt lat="30.63087352151674" lon="104.0564756365609"><ele>485</ele><time>2025-02-08T11:16:14.000Z</time></trkpt>
<trkpt lat="30.63087352151674" lon="104.0564756365609"><ele>485</ele><time>2025-02-08T11:16:15.000Z</time></trkpt>
<trkpt lat="30.63087352151674" lon="104.0564756365609"><ele>486</ele><time>2025-02-08T11:16:16.000Z</time></trkpt>
<trkpt lat="30.63087352151674" lon="104.0564756365609"><ele>486</ele><time>2025-02-08T11:16:17.000Z</time></trkpt>
<trkpt lat="30.63087352151674" lon="104.0564756365609"><ele>486</ele><time>2025-02-08T11:16:18.000Z</time></trkpt>
<trkpt lat="30.63087352151674" lon="104.0564756365609"><ele>486</ele><time>2025-02-08T11:16:19.000Z</time></trkpt>
<trkpt lat="30.63087352151674" lon="104.0564756365609"><ele>486</ele><time>2025-02-08T11:16:20.000Z</time></trkpt>
<trkpt lat="30.63087352151674" lon="104.0564756365609"><ele>486</ele><time>2025-02-08T11:16:21.000Z</time></trkpt>
<trkpt lat="30.63087352151674" lon="104.0564756365609"><ele>485</ele><time>2025-02-08T11:16:22.000Z</time></trkpt>
<trkpt lat="30.63087352151674" lon="104.0564756365609"><ele>485</ele><time>2025-02-08T11:16:23.000Z</time></trkpt>
<trkpt lat="30.63087352151674" lon="104.0564756365609"><ele>486</ele><time>2025-02-08T11:16:24.000Z</time></trkpt>
<trkpt lat="30.63087352151674" lon="104.0564756365609"><ele>486</ele><time>2025-02-08T11:16:25.000Z</time></trkpt>
<trkpt lat="30.63087352151674" lon="104.0564756365609"><ele>485</ele><time>2025-02-08T11:16:26.000Z</time></trkpt>
<trkpt lat="30.63087352151674" lon="104.0564756365609"><ele>485</ele><time>2025-02-08T11:16:27.000Z</time></trkpt>
<trkpt lat="30.63087352151674" lon="104.0564756365609"><ele>485</ele><time>2025-02-08T11:16:28.000Z</time></trkpt>
<trkpt lat="30.63087352151674" lon="104.0564756365609"><ele>486</ele><time>2025-02-08T11:16:29.000Z</time></trkpt>
<trkpt lat="30.63087352151674" lon="104.0564756365609"><ele>486</ele><time>2025-02-08T11:16:30.000Z</time></trkpt>
<trkpt lat="30.63087352151674" lon="104.0564756365609"><ele>486</ele><time>2025-02-08T11:16:31.000Z</time></trkpt>
<trkpt lat="30.63087352151674" lon="104.0564756365609"><ele>486</ele><time>2025-02-08T11:16:32.000Z</time></trkpt>
<trkpt lat="30.63087352151674" lon="104.0564756365609"><ele>486</ele><time>2025-02-08T11:16:33.000Z</time></trkpt>
<trkpt lat="30.63087352151674" lon="104.0564756365609"><ele>486</ele><time>2025-02-08T11:16:34.000Z</time></trkpt>
<trkpt lat="30.63087352151674" lon="104.0564756365609"><ele>486</ele><time>2025-02-08T11:16:35.000Z</time></trkpt>
<trkpt lat="30.63087352151674" lon="104.0564756365609"><ele>486</ele><time>2025-02-08T11:16:36.000Z</time></trkpt>
<trkpt lat="30.63087352151674" lon="104.0564756365609"><ele>486</ele><time>2025-02-08T11:16:37.000Z</time></trkpt>
<trkpt lat="30.63087352151674" lon="104.0564756365609"><ele>486</ele><time>2025-02-08T11:16:38.000Z</time></trkpt>
<trkpt lat="30.63087352151674" lon="104.0564756365609"><ele>486</ele><time>2025-02-08T11:16:39.000Z</time></trkpt>
<trkpt lat="30.63087352151674" lon="104.0564756365609"><ele>486</ele><time>2025-02-08T11:16:40.000Z</time></trkpt>
<trkpt lat="30.63087352151674" lon="104.0564756365609"><ele>485</ele><time>2025-02-08T11:16:41.000Z</time></trkpt>
<trkpt lat="30.63087352151674" lon="104.0564756365609"><ele>484</ele><time>2025-02-08T11:16:42.000Z</time></trkpt>
<trkpt lat="30.63087352151674" lon="104.0564756365609"><ele>485</ele><time>2025-02-08T11:16:43.000Z</time></trkpt>
<trkpt lat="30.63087352151674" lon="104.0564756365609"><ele>485</ele><time>2025-02-08T11:16:44.000Z</time></trkpt>
<trkpt lat="30.63087352151674" lon="104.0564756365609"><ele>485</ele><time>2025-02-08T11:16:45.000Z</time></trkpt>
<trkpt lat="30.63087352151674" lon="104.0564756365609"><ele>484</ele><time>2025-02-08T11:16:46.000Z</time></trkpt>
<trkpt lat="30.63087352151674" lon="104.0564756365609"><ele>484</ele><time>2025-02-08T11:16:47.000Z</time></trkpt>
<trkpt lat="30.63087352151674" lon="104.0564756365609"><ele>484</ele><time>2025-02-08T11:16:48.000Z</time></trkpt>
<trkpt lat="30.63087352151674" lon="104.0564756365609"><ele>484</ele><time>2025-02-08T11:16:49.000Z</time></trkpt>
<trkpt lat="30.63087352151674" lon="104.0564756365609"><ele>484</ele><time>2025-02-08T11:16:50.000Z</time></trkpt>
<trkpt lat="30.63087352151674" lon="104.0564756365609"><ele>484</ele><time>2025-02-08T11:16:51.000Z</time></trkpt>
<trkpt lat="30.63087352151674" lon="104.0564756365609"><ele>483</ele><time>2025-02-08T11:16:52.000Z</time></trkpt>
<trkpt lat="30.63087352151674" lon="104.0564756365609"><ele>484</ele><time>2025-02-08T11:16:53.000Z</time></trkpt>
<trkpt lat="30.63087352151674" lon="104.0564756365609"><ele>483</ele><time>2025-02-08T11:16:54.000Z</time></trkpt>
<trkpt lat="30.63087352151674" lon="104.0564756365609"><ele>484</ele><time>2025-02-08T11:16:55.000Z</time></trkpt>
<trkpt lat="30.63087352151674" lon="104.0564756365609"><ele>484</ele><time>2025-02-08T11:16:56.000Z</time></trkpt>
<trkpt lat="30.63087352151674" lon="104.0564756365609"><ele>485</ele><time>2025-02-08T11:16:57.000Z</time></trkpt>
<trkpt lat="30.63087352151674" lon="104.0564756365609"><ele>485</ele><time>2025-02-08T11:16:58.000Z</time></trkpt>
<trkpt lat="30.63087352151674" lon="104.0564756365609"><ele>484</ele><time>2025-02-08T11:16:59.000Z</time></trkpt>
<trkpt lat="30.63087352151674" lon="104.0564756365609"><ele>484</ele><time>2025-02-08T11:17:00.000Z</time></trkpt>
<trkpt lat="30.63087352151674" lon="104.0564756365609"><ele>484</ele><time>2025-02-08T11:17:01.000Z</time></trkpt>
<trkpt lat="30.63087352151674" lon="104.0564756365609"><ele>484</ele><time>2025-02-08T11:17:02.000Z</time></trkpt>
<trkpt lat="30.63087352151674" lon="104.0564756365609"><ele>484</ele><time>2025-02-08T11:17:03.000Z</time></trkpt>
<trkpt lat="30.63087352151674" lon="104.0564756365609"><ele>483</ele><time>2025-02-08T11:17:04.000Z</time></trkpt>
<trkpt lat="30.63087352151674" lon="104.0564756365609"><ele>484</ele><time>2025-02-08T11:17:05.000Z</time></trkpt>
<trkpt lat="30.63087352151674" lon="104.0564756365609"><ele>484</ele><time>2025-02-08T11:17:06.000Z</time></trkpt>
<trkpt lat="30.63087352151674" lon="104.0564756365609"><ele>485</ele><time>2025-02-08T11:17:07.000Z</time></trkpt>
<trkpt lat="30.63087352151674" lon="104.0564756365609"><ele>484</ele><time>2025-02-08T11:17:08.000Z</time></trkpt>
<trkpt lat="30.63087352151674" lon="104.0564756365609"><ele>485</ele><time>2025-02-08T11:17:09.000Z</time></trkpt>
<trkpt lat="30.63087352151674" lon="104.0564756365609"><ele>486</ele><time>2025-02-08T11:17:10.000Z</time></trkpt>
<trkpt lat="30.63087352151674" lon="104.0564756365609"><ele>486</ele><time>2025-02-08T11:17:11.000Z</time></trkpt>
<trkpt lat="30.63087352151674" lon="104.0564756365609"><ele>486</ele><time>2025-02-08T11:17:12.000Z</time></trkpt>
<trkpt lat="30.63087352151674" lon="104.0564756365609"><ele>486</ele><time>2025-02-08T11:17:13.000Z</time></trkpt>
<trkpt lat="30.63087352151674" lon="104.0564756365609"><ele>486</ele><time>2025-02-08T11:17:14.000Z</time></trkpt>
<trkpt lat="30.63087352151674" lon="104.0564756365609"><ele>486</ele><time>2025-02-08T11:17:15.000Z</time></trkpt>
<trkpt lat="30.63087352151674" lon="104.0564756365609"><ele>486</ele><time>2025-02-08T11:17:16.000Z</time></trkpt>
<trkpt lat="30.63087352151674" lon="104.0564756365609"><ele>486</ele><time>2025-02-08T11:17:17.000Z</time></trkpt>
<trkpt lat="30.63087352151674" lon="104.0564756365609"><ele>486</ele><time>2025-02-08T11:17:18.000Z</time></trkpt>
<trkpt lat="30.63087352151674" lon="104.0564756365609"><ele>485</ele><time>2025-02-08T11:17:19.000Z</time></trkpt>
<trkpt lat="30.63087352151674" lon="104.0564756365609"><ele>485</ele><time>2025-02-08T11:17:20.000Z</time></trkpt>
<trkpt lat="30.63087352151674" lon="104.0564756365609"><ele>485</ele><time>2025-02-08T11:17:21.000Z</time></trkpt>
<trkpt lat="30.63087352151674" lon="104.0564756365609"><ele>485</ele><time>2025-02-08T11:17:22.000Z</time></trkpt>
<trkpt lat="30.63087352151674" lon="104.0564756365609"><ele>486</ele><time>2025-02-08T11:17:23.000Z</time></trkpt>
<trkpt lat="30.63087352151674" lon="104.0564756365609"><ele>486</ele><time>2025-02-08T11:17:24.000Z</time></trkpt>
<trkpt lat="30.63087352151674" lon="104.0564756365609"><ele>486</ele><time>2025-02-08T11:17:25.000Z</time></trkpt>
<trkpt lat="30.63087352151674" lon="104.0564756365609"><ele>486</ele><time>2025-02-08T11:17:26.000Z</time></trkpt>
<trkpt lat="30.63087352151674" lon="104.0564756365609"><ele>486</ele><time>2025-02-08T11:17:27.000Z</time></trkpt>
<trkpt lat="30.63087352151674" lon="104.0564756365609"><ele>486</ele><time>2025-02-08T11:17:28.000Z</time></trkpt>
<trkpt lat="30.63087352151674" lon="104.0564756365609"><ele>486</ele><time>2025-02-08T11:17:29.000Z</time></trkpt>
<trkpt lat="30.63087352151674" lon="104.0564756365609"><ele>487</ele><time>2025-02-08T11:17:30.000Z</time></trkpt>
<trkpt lat="30.63087352151674" lon="104.0564756365609"><ele>487</ele><time>2025-02-08T11:17:31.000Z</time></trkpt>
<trkpt lat="30.63087352151674" lon="104.0564756365609"><ele>486</ele><time>2025-02-08T11:17:32.000Z</time></trkpt>
<trkpt lat="30.63087352151674" lon="104.0564756365609"><ele>486</ele><time>2025-02-08T11:17:33.000Z</time></trkpt>
<trkpt lat="30.63087352151674" lon="104.0564756365609"><ele>485</ele><time>2025-02-08T11:17:34.000Z</time></trkpt>
<trkpt lat="30.63087352151674" lon="104.0564756365609"><ele>486</ele><time>2025-02-08T11:17:35.000Z</time></trkpt>
<trkpt lat="30.63087352151674" lon="104.0564756365609"><ele>486</ele><time>2025-02-08T11:17:36.000Z</time></trkpt>
<trkpt lat="30.63087352151674" lon="104.0564756365609"><ele>486</ele><time>2025-02-08T11:17:37.000Z</time></trkpt>
<trkpt lat="30.63087352151674" lon="104.0564756365609"><ele>486</ele><time>2025-02-08T11:17:38.000Z</time></trkpt>
<trkpt lat="30.63087352151674" lon="104.0564756365609"><ele>486</ele><time>2025-02-08T11:17:39.000Z</time></trkpt>
<trkpt lat="30.63087352151674" lon="104.0564756365609"><ele>487</ele><time>2025-02-08T11:17:40.000Z</time></trkpt>
<trkpt lat="30.63087352151674" lon="104.0564756365609"><ele>487</ele><time>2025-02-08T11:17:41.000Z</time></trkpt>
<trkpt lat="30.63087352151674" lon="104.0564756365609"><ele>486</ele><time>2025-02-08T11:17:42.000Z</time></trkpt>
<trkpt lat="30.63087352151674" lon="104.0564756365609"><ele>487</ele><time>2025-02-08T11:17:43.000Z</time></trkpt>
<trkpt lat="30.63087352151674" lon="104.0564756365609"><ele>487</ele><time>2025-02-08T11:17:44.000Z</time></trkpt>
<trkpt lat="30.63087352151674" lon="104.0564756365609"><ele>488</ele><time>2025-02-08T11:17:45.000Z</time></trkpt>
<trkpt lat="30.63087352151674" lon="104.0564756365609"><ele>488</ele><time>2025-02-08T11:17:46.000Z</time></trkpt>
<trkpt lat="30.63087352151674" lon="104.0564756365609"><ele>488</ele><time>2025-02-08T11:17:47.000Z</time></trkpt>
<trkpt lat="30.63087352151674" lon="104.0564756365609"><ele>488</ele><time>2025-02-08T11:17:48.000Z</time></trkpt>
<trkpt lat="30.63087352151674" lon="104.0564756365609"><ele>488</ele><time>2025-02-08T11:17:49.000Z</time></trkpt>
<trkpt lat="30.63087352151674" lon="104.0564756365609"><ele>487</ele><time>2025-02-08T11:17:50.000Z</time></trkpt>
<trkpt lat="30.63087352151674" lon="104.0564756365609"><ele>488</ele><time>2025-02-08T11:17:51.000Z</time></trkpt>
<trkpt lat="30.63087352151674" lon="104.0564756365609"><ele>488</ele><time>2025-02-08T11:17:52.000Z</time></trkpt>
<trkpt lat="30.63087352151674" lon="104.0564756365609"><ele>488</ele><time>2025-02-08T11:17:53.000Z</time></trkpt>
<trkpt lat="30.63087352151674" lon="104.0564756365609"><ele>488</ele><time>2025-02-08T11:17:54.000Z</time></trkpt>
<trkpt lat="30.63087352151674" lon="104.0564756365609"><ele>488</ele><time>2025-02-08T11:17:55.000Z</time></trkpt>
<trkpt lat="30.63087352151674" lon="104.0564756365609"><ele>488</ele><time>2025-02-08T11:17:56.000Z</time></trkpt>
<trkpt lat="30.63087352151674" lon="104.0564756365609"><ele>487</ele><time>2025-02-08T11:17:57.000Z</time></trkpt>
<trkpt lat="30.63087352151674" lon="104.0564756365609"><ele>488</ele><time>2025-02-08T11:17:58.000Z</time></trkpt>
<trkpt lat="30.63087352151674" lon="104.0564756365609"><ele>488</ele><time>2025-02-08T11:17:59.000Z</time></trkpt>
<trkpt lat="30.63087352151674" lon="104.0564756365609"><ele>488</ele><time>2025-02-08T11:18:00.000Z</time></trkpt>
<trkpt lat="30.63087352151674" lon="104.0564756365609"><ele>488</ele><time>2025-02-08T11:18:01.000Z</time></trkpt>
<trkpt lat="30.63087352151674" lon="104.0564756365609"><ele>487</ele><time>2025-02-08T11:18:02.000Z</time></trkpt>
<trkpt lat="30.63087352151674" lon="104.0564756365609"><ele>488</ele><time>2025-02-08T11:18:03.000Z</time></trkpt>
<trkpt lat="30.63087352151674" lon="104.0564756365609"><ele>488</ele><time>2025-02-08T11:18:04.000Z</time></trkpt>
<trkpt lat="30.63087352151674" lon="104.0564756365609"><ele>488</ele><time>2025-02-08T11:18:05.000Z</time></trkpt>
<trkpt lat="30.63087352151674" lon="104.0564756365609"><ele>488</ele><time>2025-02-08T11:18:06.000Z</time></trkpt>
<trkpt lat="30.63087352151674" lon="104.0564756365609"><ele>489</ele><time>2025-02-08T11:18:07.000Z</time></trkpt>
<trkpt lat="30.63087352151674" lon="104.0564756365609"><ele>488</ele><time>2025-02-08T11:18:08.000Z</time></trkpt>
<trkpt lat="30.63087352151674" lon="104.0564756365609"><ele>488</ele><time>2025-02-08T11:18:09.000Z</time></trkpt>
<trkpt lat="30.63087352151674" lon="104.0564756365609"><ele>488</ele><time>2025-02-08T11:18:10.000Z</time></trkpt>
<trkpt lat="30.63087352151674" lon="104.0564756365609"><ele>488</ele><time>2025-02-08T11:18:11.000Z</time></trkpt>
<trkpt lat="30.63087352151674" lon="104.0564756365609"><ele>488</ele><time>2025-02-08T11:18:12.000Z</time></trkpt>
<trkpt lat="30.63087352151674" lon="104.0564756365609"><ele>488</ele><time>2025-02-08T11:18:13.000Z</time></trkpt>
<trkpt lat="30.63087352151674" lon="104.0564756365609"><ele>488</ele><time>2025-02-08T11:18:14.000Z</time></trkpt>
<trkpt lat="30.63087352151674" lon="104.0564756365609"><ele>488</ele><time>2025-02-08T11:18:15.000Z</time></trkpt>
<trkpt lat="30.63087352151674" lon="104.0564756365609"><ele>488</ele><time>2025-02-08T11:18:16.000Z</time></trkpt>
<trkpt lat="30.63087352151674" lon="104.0564756365609"><ele>488</ele><time>2025-02-08T11:18:17.000Z</time></trkpt>
<trkpt lat="30.63087352151674" lon="104.0564756365609"><ele>487</ele><time>2025-02-08T11:18:18.000Z</time></trkpt>
<trkpt lat="30.63087352151674" lon="104.0564756365609"><ele>487</ele><time>2025-02-08T11:18:19.000Z</time></trkpt>
<trkpt lat="30.63087352151674" lon="104.0564756365609"><ele>488</ele><time>2025-02-08T11:18:20.000Z</time></trkpt>
<trkpt lat="30.63087352151674" lon="104.0564756365609"><ele>488</ele><time>2025-02-08T11:18:21.000Z</time></trkpt>
<trkpt lat="30.63087352151674" lon="104.0564756365609"><ele>489</ele><time>2025-02-08T11:18:22.000Z</time></trkpt>
<trkpt lat="30.63087352151674" lon="104.0564756365609"><ele>489</ele><time>2025-02-08T11:18:23.000Z</time></trkpt>
<trkpt lat="30.63087352151674" lon="104.0564756365609"><ele>489</ele><time>2025-02-08T11:18:24.000Z</time></trkpt>
<trkpt lat="30.63087352151674" lon="104.0564756365609"><ele>489</ele><time>2025-02-08T11:18:25.000Z</time></trkpt>
<trkpt lat="30.63087352151674" lon="104.0564756365609"><ele>488</ele><time>2025-02-08T11:18:26.000Z</time></trkpt>
<trkpt lat="30.63087352151674" lon="104.0564756365609"><ele>488</ele><time>2025-02-08T11:18:27.000Z</time></trkpt>
<trkpt lat="30.63087352151674" lon="104.0564756365609"><ele>488</ele><time>2025-02-08T11:18:28.000Z</time></trkpt>
<trkpt lat="30.63087352151674" lon="104.0564756365609"><ele>488</ele><time>2025-02-08T11:18:29.000Z</time></trkpt>
<trkpt lat="30.63087352151674" lon="104.0564756365609"><ele>489</ele><time>2025-02-08T11:18:30.000Z</time></trkpt>
<trkpt lat="30.63087352151674" lon="104.0564756365609"><ele>488</ele><time>2025-02-08T11:18:31.000Z</time></trkpt>
<trkpt lat="30.63087352151674" lon="104.0564756365609"><ele>488</ele><time>2025-02-08T11:18:32.000Z</time></trkpt>
<trkpt lat="30.63087352151674" lon="104.0564756365609"><ele>489</ele><time>2025-02-08T11:18:33.000Z</time></trkpt>
<trkpt lat="30.63087352151674" lon="104.0564756365609"><ele>489</ele><time>2025-02-08T11:18:34.000Z</time></trkpt>
<trkpt lat="30.63087352151674" lon="104.0564756365609"><ele>489</ele><time>2025-02-08T11:18:35.000Z</time></trkpt>
<trkpt lat="30.63087352151674" lon="104.0564756365609"><ele>488</ele><time>2025-02-08T11:18:36.000Z</time></trkpt>
<trkpt lat="30.63087352151674" lon="104.0564756365609"><ele>488</ele><time>2025-02-08T11:18:37.000Z</time></trkpt>
<trkpt lat="30.63087352151674" lon="104.0564756365609"><ele>488</ele><time>2025-02-08T11:18:38.000Z</time></trkpt>
<trkpt lat="30.63087352151674" lon="104.0564756365609"><ele>488</ele><time>2025-02-08T11:18:39.000Z</time></trkpt>
<trkpt lat="30.63087352151674" lon="104.0564756365609"><ele>488</ele><time>2025-02-08T11:18:40.000Z</time></trkpt>
<trkpt lat="30.63087352151674" lon="104.0564756365609"><ele>488</ele><time>2025-02-08T11:18:41.000Z</time></trkpt>
<trkpt lat="30.63087352151674" lon="104.0564756365609"><ele>488</ele><time>2025-02-08T11:18:42.000Z</time></trkpt>
<trkpt lat="30.63087352151674" lon="104.0564756365609"><ele>488</ele><time>2025-02-08T11:18:43.000Z</time></trkpt>
<trkpt lat="30.63087352151674" lon="104.0564756365609"><ele>488</ele><time>2025-02-08T11:18:44.000Z</time></trkpt>
<trkpt lat="30.63087352151674" lon="104.0564756365609"><ele>488</ele><time>2025-02-08T11:18:45.000Z</time></trkpt>
<trkpt lat="30.63087352151674" lon="104.0564756365609"><ele>488</ele><time>2025-02-08T11:18:46.000Z</time></trkpt>
<trkpt lat="30.63087352151674" lon="104.0564756365609"><ele>487</ele><time>2025-02-08T11:18:47.000Z</time></trkpt>
<trkpt lat="30.63087352151674" lon="104.0564756365609"><ele>488</ele><time>2025-02-08T11:18:48.000Z</time></trkpt>
<trkpt lat="30.63087352151674" lon="104.0564756365609"><ele>487</ele><time>2025-02-08T11:18:49.000Z</time></trkpt>
<trkpt lat="30.63087352151674" lon="104.0564756365609"><ele>487</ele><time>2025-02-08T11:18:50.000Z</time></trkpt>
<trkpt lat="30.63087352151674" lon="104.0564756365609"><ele>488</ele><time>2025-02-08T11:18:51.000Z</time></trkpt>
<trkpt lat="30.63087352151674" lon="104.0564756365609"><ele>487</ele><time>2025-02-08T11:18:52.000Z</time></trkpt>
<trkpt lat="30.63087352151674" lon="104.0564756365609"><ele>487</ele><time>2025-02-08T11:18:53.000Z</time></trkpt>
<trkpt lat="30.63087352151674" lon="104.0564756365609"><ele>487</ele><time>2025-02-08T11:18:54.000Z</time></trkpt>
<trkpt lat="30.63087352151674" lon="104.0564756365609"><ele>487</ele><time>2025-02-08T11:18:55.000Z</time></trkpt>
<trkpt lat="30.63087352151674" lon="104.0564756365609"><ele>487</ele><time>2025-02-08T11:18:56.000Z</time></trkpt>
<trkpt lat="30.63087352151674" lon="104.0564756365609"><ele>487</ele><time>2025-02-08T11:18:57.000Z</time></trkpt>
<trkpt lat="30.63087352151674" lon="104.0564756365609"><ele>487</ele><time>2025-02-08T11:18:58.000Z</time></trkpt>
<trkpt lat="30.63087352151674" lon="104.0564756365609"><ele>487</ele><time>2025-02-08T11:18:59.000Z</time></trkpt>
<trkpt lat="30.63087352151674" lon="104.0564756365609"><ele>487</ele><time>2025-02-08T11:19:00.000Z</time></trkpt>
<trkpt lat="30.63087352151674" lon="104.0564756365609"><ele>487</ele><time>2025-02-08T11:19:01.000Z</time></trkpt>
<trkpt lat="30.63087352151674" lon="104.0564756365609"><ele>486</ele><time>2025-02-08T11:19:02.000Z</time></trkpt>
<trkpt lat="30.63087352151674" lon="104.0564756365609"><ele>487</ele><time>2025-02-08T11:19:03.000Z</time></trkpt>
<trkpt lat="30.63087352151674" lon="104.0564756365609"><ele>487</ele><time>2025-02-08T11:19:04.000Z</time></trkpt>
<trkpt lat="30.63087352151674" lon="104.0564756365609"><ele>487</ele><time>2025-02-08T11:19:05.000Z</time></trkpt>
<trkpt lat="30.63087352151674" lon="104.0564756365609"><ele>487</ele><time>2025-02-08T11:19:06.000Z</time></trkpt>
<trkpt lat="30.63087352151674" lon="104.0564756365609"><ele>487</ele><time>2025-02-08T11:19:07.000Z</time></trkpt>
<trkpt lat="30.63087352151674" lon="104.0564756365609"><ele>487</ele><time>2025-02-08T11:19:08.000Z</time></trkpt>
<trkpt lat="30.63087352151674" lon="104.0564756365609"><ele>487</ele><time>2025-02-08T11:19:09.000Z</time></trkpt>
<trkpt lat="30.63087352151674" lon="104.0564756365609"><ele>487</ele><time>2025-02-08T11:19:10.000Z</time></trkpt>
<trkpt lat="30.63087352151674" lon="104.0564756365609"><ele>486</ele><time>2025-02-08T11:19:11.000Z</time></trkpt>
<trkpt lat="30.63087352151674" lon="104.0564756365609"><ele>487</ele><time>2025-02-08T11:19:12.000Z</time></trkpt>
<trkpt lat="30.63087352151674" lon="104.0564756365609"><ele>487</ele><time>2025-02-08T11:19:13.000Z</time></trkpt>
<trkpt lat="30.63087352151674" lon="104.0564756365609"><ele>486</ele><time>2025-02-08T11:19:14.000Z</time></trkpt>
<trkpt lat="30.63087352151674" lon="104.0564756365609"><ele>486</ele><time>2025-02-08T11:19:15.000Z</time></trkpt>
<trkpt lat="30.63087352151674" lon="104.0564756365609"><ele>487</ele><time>2025-02-08T11:19:16.000Z</time></trkpt>
<trkpt lat="30.63087352151674" lon="104.0564756365609"><ele>486</ele><time>2025-02-08T11:19:17.000Z</time></trkpt>
<trkpt lat="30.63087352151674" lon="104.0564756365609"><ele>487</ele><time>2025-02-08T11:19:18.000Z</time></trkpt>
<trkpt lat="30.63087352151674" lon="104.0564756365609"><ele>487</ele><time>2025-02-08T11:19:19.000Z</time></trkpt>
<trkpt lat="30.63087352151674" lon="104.0564756365609"><ele>486</ele><time>2025-02-08T11:19:20.000Z</time></trkpt>
<trkpt lat="30.63087352151674" lon="104.0564756365609"><ele>486</ele><time>2025-02-08T11:19:21.000Z</time></trkpt>
<trkpt lat="30.63087352151674" lon="104.0564756365609"><ele>487</ele><time>2025-02-08T11:19:22.000Z</time></trkpt>
<trkpt lat="30.63087352151674" lon="104.0564756365609"><ele>487</ele><time>2025-02-08T11:19:23.000Z</time></trkpt>
<trkpt lat="30.63087352151674" lon="104.0564756365609"><ele>487</ele><time>2025-02-08T11:19:24.000Z</time></trkpt>
<trkpt lat="30.63087352151674" lon="104.0564756365609"><ele>487</ele><time>2025-02-08T11:19:25.000Z</time></trkpt>
<trkpt lat="30.63087352151674" lon="104.0564756365609"><ele>488</ele><time>2025-02-08T11:19:26.000Z</time></trkpt>
<trkpt lat="30.63087352151674" lon="104.0564756365609"><ele>488</ele><time>2025-02-08T11:19:27.000Z</time></trkpt>
<trkpt lat="30.63087352151674" lon="104.0564756365609"><ele>488</ele><time>2025-02-08T11:19:28.000Z</time></trkpt>
<trkpt lat="30.63087352151674" lon="104.0564756365609"><ele>488</ele><time>2025-02-08T11:19:29.000Z</time></trkpt>
<trkpt lat="30.63087352151674" lon="104.0564756365609"><ele>487</ele><time>2025-02-08T11:19:30.000Z</time></trkpt>
<trkpt lat="30.63087352151674" lon="104.0564756365609"><ele>488</ele><time>2025-02-08T11:19:31.000Z</time></trkpt>
<trkpt lat="30.63087352151674" lon="104.0564756365609"><ele>488</ele><time>2025-02-08T11:19:32.000Z</time></trkpt>
<trkpt lat="30.63087352151674" lon="104.0564756365609"><ele>488</ele><time>2025-02-08T11:19:33.000Z</time></trkpt>
<trkpt lat="30.63087352151674" lon="104.0564756365609"><ele>488</ele><time>2025-02-08T11:19:34.000Z</time></trkpt>
<trkpt lat="30.63087352151674" lon="104.0564756365609"><ele>488</ele><time>2025-02-08T11:19:35.000Z</time></trkpt>
<trkpt lat="30.63087352151674" lon="104.0564756365609"><ele>488</ele><time>2025-02-08T11:19:36.000Z</time></trkpt>
<trkpt lat="30.63087352151674" lon="104.0564756365609"><ele>488</ele><time>2025-02-08T11:19:37.000Z</time></trkpt>
<trkpt lat="30.63087352151674" lon="104.0564756365609"><ele>488</ele><time>2025-02-08T11:19:38.000Z</time></trkpt>
<trkpt lat="30.63087352151674" lon="104.0564756365609"><ele>488</ele><time>2025-02-08T11:19:39.000Z</time></trkpt>
<trkpt lat="30.63087352151674" lon="104.0564756365609"><ele>489</ele><time>2025-02-08T11:19:40.000Z</time></trkpt>
<trkpt lat="30.63087352151674" lon="104.0564756365609"><ele>488</ele><time>2025-02-08T11:19:41.000Z</time></trkpt>
<trkpt lat="30.63087352151674" lon="104.0564756365609"><ele>488</ele><time>2025-02-08T11:19:42.000Z</time></trkpt>
<trkpt lat="30.63087352151674" lon="104.0564756365609"><ele>489</ele><time>2025-02-08T11:19:43.000Z</time></trkpt>
<trkpt lat="30.63087352151674" lon="104.0564756365609"><ele>488</ele><time>2025-02-08T11:19:44.000Z</time></trkpt>
<trkpt lat="30.63087352151674" lon="104.0564756365609"><ele>488</ele><time>2025-02-08T11:19:45.000Z</time></trkpt>
<trkpt lat="30.63087352151674" lon="104.0564756365609"><ele>488</ele><time>2025-02-08T11:19:46.000Z</time></trkpt>
<trkpt lat="30.63087352151674" lon="104.0564756365609"><ele>488</ele><time>2025-02-08T11:19:47.000Z</time></trkpt>
<trkpt lat="30.63087352151674" lon="104.0564756365609"><ele>488</ele><time>2025-02-08T11:19:48.000Z</time></trkpt>
<trkpt lat="30.63087352151674" lon="104.0564756365609"><ele>488</ele><time>2025-02-08T11:19:49.000Z</time></trkpt>
<trkpt lat="30.63087352151674" lon="104.0564756365609"><ele>488</ele><time>2025-02-08T11:19:50.000Z</time></trkpt>
<trkpt lat="30.63087352151674" lon="104.0564756365609"><ele>488</ele><time>2025-02-08T11:19:51.000Z</time></trkpt>
<trkpt lat="30.63087352151674" lon="104.0564756365609"><ele>487</ele><time>2025-02-08T11:19:52.000Z</time></trkpt>
<trkpt lat="30.63087352151674" lon="104.0564756365609"><ele>488</ele><time>2025-02-08T11:19:53.000Z</time></trkpt>
<trkpt lat="30.63087352151674" lon="104.0564756365609"><ele>487</ele><time>2025-02-08T11:19:54.000Z</time></trkpt>
<trkpt lat="30.63087352151674" lon="104.0564756365609"><ele>488</ele><time>2025-02-08T11:19:55.000Z</time></trkpt>
<trkpt lat="30.63087352151674" lon="104.0564756365609"><ele>488</ele><time>2025-02-08T11:19:56.000Z</time></trkpt>
<trkpt lat="30.63087352151674" lon="104.0564756365609"><ele>488</ele><time>2025-02-08T11:19:57.000Z</time></trkpt>
<trkpt lat="30.63087352151674" lon="104.0564756365609"><ele>488</ele><time>2025-02-08T11:19:58.000Z</time></trkpt>
<trkpt lat="30.63087352151674" lon="104.0564756365609"><ele>487</ele><time>2025-02-08T11:19:59.000Z</time></trkpt>
<trkpt lat="30.63087352151674" lon="104.0564756365609"><ele>488</ele><time>2025-02-08T11:20:00.000Z</time></trkpt>
<trkpt lat="30.63087352151674" lon="104.0564756365609"><ele>487</ele><time>2025-02-08T11:20:01.000Z</time></trkpt>
<trkpt lat="30.63087352151674" lon="104.0564756365609"><ele>487</ele><time>2025-02-08T11:20:02.000Z</time></trkpt>
<trkpt lat="30.63087352151674" lon="104.0564756365609"><ele>487</ele><time>2025-02-08T11:20:03.000Z</time></trkpt>
<trkpt lat="30.63087352151674" lon="104.0564756365609"><ele>488</ele><time>2025-02-08T11:20:04.000Z</time></trkpt>
<trkpt lat="30.63087352151674" lon="104.0564756365609"><ele>488</ele><time>2025-02-08T11:20:05.000Z</time></trkpt>
<trkpt lat="30.63087352151674" lon="104.0564756365609"><ele>488</ele><time>2025-02-08T11:20:06.000Z</time></trkpt>
<trkpt lat="30.63087352151674" lon="104.0564756365609"><ele>488</ele><time>2025-02-08T11:20:07.000Z</time></trkpt>
<trkpt lat="30.63087352151674" lon="104.0564756365609"><ele>488</ele><time>2025-02-08T11:20:08.000Z</time></trkpt>
<trkpt lat="30.63087352151674" lon="104.0564756365609"><ele>488</ele><time>2025-02-08T11:20:09.000Z</time></trkpt>
<trkpt lat="30.63087352151674" lon="104.0564756365609"><ele>488</ele><time>2025-02-08T11:20:10.000Z</time></trkpt>
<trkpt lat="30.63087352151674" lon="104.0564756365609"><ele>488</ele><time>2025-02-08T11:20:11.000Z</time></trkpt>
<trkpt lat="30.63087352151674" lon="104.0564756365609"><ele>488</ele><time>2025-02-08T11:20:12.000Z</time></trkpt>
<trkpt lat="30.63087352151674" lon="104.0564756365609"><ele>489</ele><time>2025-02-08T11:20:13.000Z</time></trkpt>
<trkpt lat="30.63087352151674" lon="104.0564756365609"><ele>488</ele><time>2025-02-08T11:20:14.000Z</time></trkpt>
<trkpt lat="30.63087352151674" lon="104.0564756365609"><ele>488</ele><time>2025-02-08T11:20:15.000Z</time></trkpt>
<trkpt lat="30.63087352151674" lon="104.0564756365609"><ele>488</ele><time>2025-02-08T11:20:16.000Z</time></trkpt>
<trkpt lat="30.63087352151674" lon="104.0564756365609"><ele>488</ele><time>2025-02-08T11:20:17.000Z</time></trkpt>
<trkpt lat="30.63087352151674" lon="104.0564756365609"><ele>488</ele><time>2025-02-08T11:20:18.000Z</time></trkpt>
<trkpt lat="30.63087352151674" lon="104.0564756365609"><ele>488</ele><time>2025-02-08T11:20:19.000Z</time></trkpt>
<trkpt lat="30.63087352151674" lon="104.0564756365609"><ele>488</ele><time>2025-02-08T11:20:20.000Z</time></trkpt>
<trkpt lat="30.63087352151674" lon="104.0564756365609"><ele>489</ele><time>2025-02-08T11:20:21.000Z</time></trkpt>
<trkpt lat="30.63087352151674" lon="104.0564756365609"><ele>488</ele><time>2025-02-08T11:20:22.000Z</time></trkpt>
<trkpt lat="30.63087352151674" lon="104.0564756365609"><ele>488</ele><time>2025-02-08T11:20:23.000Z</time></trkpt>
<trkpt lat="30.63087352151674" lon="104.0564756365609"><ele>488</ele><time>2025-02-08T11:20:24.000Z</time></trkpt>
<trkpt lat="30.63087352151674" lon="104.0564756365609"><ele>488</ele><time>2025-02-08T11:20:25.000Z</time></trkpt>
<trkpt lat="30.63087352151674" lon="104.0564756365609"><ele>488</ele><time>2025-02-08T11:20:26.000Z</time></trkpt>
<trkpt lat="30.63087352151674" lon="104.0564756365609"><ele>487</ele><time>2025-02-08T11:20:27.000Z</time></trkpt>
<trkpt lat="30.63087352151674" lon="104.0564756365609"><ele>487</ele><time>2025-02-08T11:20:28.000Z</time></trkpt>
<trkpt lat="30.63087352151674" lon="104.0564756365609"><ele>487</ele><time>2025-02-08T11:20:29.000Z</time></trkpt>
<trkpt lat="30.63087352151674" lon="104.0564756365609"><ele>487</ele><time>2025-02-08T11:20:30.000Z</time></trkpt>
<trkpt lat="30.63087352151674" lon="104.0564756365609"><ele>487</ele><time>2025-02-08T11:20:31.000Z</time></trkpt>
<trkpt lat="30.63087352151674" lon="104.0564756365609"><ele>486</ele><time>2025-02-08T11:20:32.000Z</time></trkpt>
<trkpt lat="30.63087352151674" lon="104.0564756365609"><ele>486</ele><time>2025-02-08T11:20:33.000Z</time></trkpt>
<trkpt lat="30.63087352151674" lon="104.0564756365609"><ele>486</ele><time>2025-02-08T11:20:34.000Z</time></trkpt>
<trkpt lat="30.63087352151674" lon="104.0564756365609"><ele>486</ele><time>2025-02-08T11:20:35.000Z</time></trkpt>
<trkpt lat="30.63087352151674" lon="104.0564756365609"><ele>486</ele><time>2025-02-08T11:20:36.000Z</time></trkpt>
<trkpt lat="30.63087352151674" lon="104.0564756365609"><ele>486</ele><time>2025-02-08T11:20:37.000Z</time></trkpt>
<trkpt lat="30.63087352151674" lon="104.0564756365609"><ele>487</ele><time>2025-02-08T11:20:38.000Z</time></trkpt>
<trkpt lat="30.63087352151674" lon="104.0564756365609"><ele>488</ele><time>2025-02-08T11:20:39.000Z</time></trkpt>
<trkpt lat="30.63087352151674" lon="104.0564756365609"><ele>488</ele><time>2025-02-08T11:20:40.000Z</time></trkpt>
<trkpt lat="30.63087352151674" lon="104.0564756365609"><ele>488</ele><time>2025-02-08T11:20:41.000Z</time></trkpt>
<trkpt lat="30.63087352151674" lon="104.0564756365609"><ele>488</ele><time>2025-02-08T11:20:42.000Z</time></trkpt>
<trkpt lat="30.63087352151674" lon="104.0564756365609"><ele>489</ele><time>2025-02-08T11:20:43.000Z</time></trkpt>
<trkpt lat="30.63087352151674" lon="104.0564756365609"><ele>488</ele><time>2025-02-08T11:20:44.000Z</time></trkpt>
<trkpt lat="30.63087352151674" lon="104.0564756365609"><ele>488</ele><time>2025-02-08T11:20:45.000Z</time></trkpt>
<trkpt lat="30.63087352151674" lon="104.0564756365609"><ele>488</ele><time>2025-02-08T11:20:46.000Z</time></trkpt>
<trkpt lat="30.63087352151674" lon="104.0564756365609"><ele>488</ele><time>2025-02-08T11:20:47.000Z</time></trkpt>
<trkpt lat="30.63087352151674" lon="104.0564756365609"><ele>487</ele><time>2025-02-08T11:20:48.000Z</time></trkpt>
<trkpt lat="30.63087352151674" lon="104.0564756365609"><ele>487</ele><time>2025-02-08T11:20:49.000Z</time></trkpt>
<trkpt lat="30.63087352151674" lon="104.0564756365609"><ele>487</ele><time>2025-02-08T11:20:50.000Z</time></trkpt>
<trkpt lat="30.63087352151674" lon="104.0564756365609"><ele>487</ele><time>2025-02-08T11:20:51.000Z</time></trkpt>
<trkpt lat="30.63087352151674" lon="104.0564756365609"><ele>487</ele><time>2025-02-08T11:20:52.000Z</time></trkpt>
<trkpt lat="30.63087352151674" lon="104.0564756365609"><ele>488</ele><time>2025-02-08T11:20:53.000Z</time></trkpt>
<trkpt lat="30.63087352151674" lon="104.0564756365609"><ele>488</ele><time>2025-02-08T11:20:54.000Z</time></trkpt>
<trkpt lat="30.63087352151674" lon="104.0564756365609"><ele>487</ele><time>2025-02-08T11:20:55.000Z</time></trkpt>
<trkpt lat="30.63087352151674" lon="104.0564756365609"><ele>487</ele><time>2025-02-08T11:20:56.000Z</time></trkpt>
<trkpt lat="30.63087352151674" lon="104.0564756365609"><ele>487</ele><time>2025-02-08T11:20:57.000Z</time></trkpt>
<trkpt lat="30.63087352151674" lon="104.0564756365609"><ele>487</ele><time>2025-02-08T11:20:58.000Z</time></trkpt>
<trkpt lat="30.63087352151674" lon="104.0564756365609"><ele>487</ele><time>2025-02-08T11:20:59.000Z</time></trkpt>
<trkpt lat="30.63087352151674" lon="104.0564756365609"><ele>487</ele><time>2025-02-08T11:21:00.000Z</time></trkpt>
<trkpt lat="30.63087352151674" lon="104.0564756365609"><ele>487</ele><time>2025-02-08T11:21:01.000Z</time></trkpt>
<trkpt lat="30.63087352151674" lon="104.0564756365609"><ele>487</ele><time>2025-02-08T11:21:02.000Z</time></trkpt>
<trkpt lat="30.63087352151674" lon="104.0564756365609"><ele>487</ele><time>2025-02-08T11:21:03.000Z</time></trkpt>
<trkpt lat="30.63087352151674" lon="104.0564756365609"><ele>487</ele><time>2025-02-08T11:21:04.000Z</time></trkpt>
<trkpt lat="30.63087352151674" lon="104.0564756365609"><ele>487</ele><time>2025-02-08T11:21:05.000Z</time></trkpt>
<trkpt lat="30.63087352151674" lon="104.0564756365609"><ele>487</ele><time>2025-02-08T11:21:06.000Z</time></trkpt>
<trkpt lat="30.63087352151674" lon="104.0564756365609"><ele>487</ele><time>2025-02-08T11:21:07.000Z</time></trkpt>
<trkpt lat="30.63087352151674" lon="104.0564756365609"><ele>487</ele><time>2025-02-08T11:21:08.000Z</time></trkpt>
<trkpt lat="30.63087352151674" lon="104.0564756365609"><ele>487</ele><time>2025-02-08T11:21:09.000Z</time></trkpt>
<trkpt lat="30.63087352151674" lon="104.0564756365609"><ele>487</ele><time>2025-02-08T11:21:10.000Z</time></trkpt>
<trkpt lat="30.63087352151674" lon="104.0564756365609"><ele>487</ele><time>2025-02-08T11:21:11.000Z</time></trkpt>
<trkpt lat="30.63087352151674" lon="104.0564756365609"><ele>487</ele><time>2025-02-08T11:21:12.000Z</time></trkpt>
<trkpt lat="30.63087352151674" lon="104.0564756365609"><ele>487</ele><time>2025-02-08T11:21:13.000Z</time></trkpt>
<trkpt lat="30.63087352151674" lon="104.0564756365609"><ele>487</ele><time>2025-02-08T11:21:14.000Z</time></trkpt>
<trkpt lat="30.63087352151674" lon="104.0564756365609"><ele>487</ele><time>2025-02-08T11:21:15.000Z</time></trkpt>
<trkpt lat="30.63087352151674" lon="104.0564756365609"><ele>487</ele><time>2025-02-08T11:21:16.000Z</time></trkpt>
<trkpt lat="30.63087352151674" lon="104.0564756365609"><ele>487</ele><time>2025-02-08T11:21:17.000Z</time></trkpt>
<trkpt lat="30.63087352151674" lon="104.0564756365609"><ele>487</ele><time>2025-02-08T11:21:18.000Z</time></trkpt>
<trkpt lat="30.63087352151674" lon="104.0564756365609"><ele>487</ele><time>2025-02-08T11:21:19.000Z</time></trkpt>
<trkpt lat="30.63087352151674" lon="104.0564756365609"><ele>487</ele><time>2025-02-08T11:21:20.000Z</time></trkpt>
<trkpt lat="30.63087352151674" lon="104.0564756365609"><ele>487</ele><time>2025-02-08T11:21:21.000Z</time></trkpt>
<trkpt lat="30.63087352151674" lon="104.0564756365609"><ele>487</ele><time>2025-02-08T11:21:22.000Z</time></trkpt>
<trkpt lat="30.63087352151674" lon="104.0564756365609"><ele>487</ele><time>2025-02-08T11:21:23.000Z</time></trkpt>
<trkpt lat="30.63087352151674" lon="104.0564756365609"><ele>487</ele><time>2025-02-08T11:21:24.000Z</time></trkpt>
<trkpt lat="30.63087352151674" lon="104.0564756365609"><ele>487</ele><time>2025-02-08T11:21:25.000Z</time></trkpt>
<trkpt lat="30.63087352151674" lon="104.0564756365609"><ele>487</ele><time>2025-02-08T11:21:26.000Z</time></trkpt>
<trkpt lat="30.63087352151674" lon="104.0564756365609"><ele>487</ele><time>2025-02-08T11:21:27.000Z</time></trkpt>
<trkpt lat="30.63087352151674" lon="104.0564756365609"><ele>487</ele><time>2025-02-08T11:21:28.000Z</time></trkpt>
<trkpt lat="30.63087352151674" lon="104.0564756365609"><ele>487</ele><time>2025-02-08T11:21:29.000Z</time></trkpt>
<trkpt lat="30.63087352151674" lon="104.0564756365609"><ele>487</ele><time>2025-02-08T11:21:30.000Z</time></trkpt>
<trkpt lat="30.63087352151674" lon="104.0564756365609"><ele>487</ele><time>2025-02-08T11:21:31.000Z</time></trkpt>
<trkpt lat="30.63087352151674" lon="104.0564756365609"><ele>487</ele><time>2025-02-08T11:21:32.000Z</time></trkpt>
<trkpt lat="30.63087352151674" lon="104.0564756365609"><ele>487</ele><time>2025-02-08T11:21:33.000Z</time></trkpt>
<trkpt lat="30.63087352151674" lon="104.0564756365609"><ele>487</ele><time>2025-02-08T11:21:34.000Z</time></trkpt>
<trkpt lat="30.63087352151674" lon="104.0564756365609"><ele>487</ele><time>2025-02-08T11:21:35.000Z</time></trkpt>
<trkpt lat="30.63087352151674" lon="104.0564756365609"><ele>487</ele><time>2025-02-08T11:21:36.000Z</time></trkpt>
<trkpt lat="30.63087352151674" lon="104.0564756365609"><ele>487</ele><time>2025-02-08T11:21:37.000Z</time></trkpt>
<trkpt lat="30.63087352151674" lon="104.0564756365609"><ele>487</ele><time>2025-02-08T11:21:38.000Z</time></trkpt>
<trkpt lat="30.63087352151674" lon="104.0564756365609"><ele>487</ele><time>2025-02-08T11:21:39.000Z</time></trkpt>
<trkpt lat="30.63087352151674" lon="104.0564756365609"><ele>487</ele><time>2025-02-08T11:21:40.000Z</time></trkpt>
<trkpt lat="30.63087352151674" lon="104.0564756365609"><ele>486</ele><time>2025-02-08T11:21:41.000Z</time></trkpt>
<trkpt lat="30.63087352151674" lon="104.0564756365609"><ele>486</ele><time>2025-02-08T11:21:42.000Z</time></trkpt>
<trkpt lat="30.63087352151674" lon="104.0564756365609"><ele>487</ele><time>2025-02-08T11:21:43.000Z</time></trkpt>
<trkpt lat="30.63087352151674" lon="104.0564756365609"><ele>487</ele><time>2025-02-08T11:21:44.000Z</time></trkpt>
<trkpt lat="30.63087352151674" lon="104.0564756365609"><ele>487</ele><time>2025-02-08T11:21:45.000Z</time></trkpt>
<trkpt lat="30.63087352151674" lon="104.0564756365609"><ele>487</ele><time>2025-02-08T11:21:46.000Z</time></trkpt>
<trkpt lat="30.63087352151674" lon="104.0564756365609"><ele>486</ele><time>2025-02-08T11:21:47.000Z</time></trkpt>
<trkpt lat="30.63087352151674" lon="104.0564756365609"><ele>486</ele><time>2025-02-08T11:21:48.000Z</time></trkpt>
<trkpt lat="30.63087352151674" lon="104.0564756365609"><ele>486</ele><time>2025-02-08T11:21:49.000Z</time></trkpt>
<trkpt lat="30.63087352151674" lon="104.0564756365609"><ele>486</ele><time>2025-02-08T11:21:50.000Z</time></trkpt>
<trkpt lat="30.63087352151674" lon="104.0564756365609"><ele>486</ele><time>2025-02-08T11:21:51.000Z</time></trkpt>
<trkpt lat="30.63087352151674" lon="104.0564756365609"><ele>486</ele><time>2025-02-08T11:21:52.000Z</time></trkpt>
<trkpt lat="30.63087352151674" lon="104.0564756365609"><ele>486</ele><time>2025-02-08T11:21:53.000Z</time></trkpt>
<trkpt lat="30.63087352151674" lon="104.0564756365609"><ele>486</ele><time>2025-02-08T11:21:54.000Z</time></trkpt>
<trkpt lat="30.63087352151674" lon="104.0564756365609"><ele>486</ele><time>2025-02-08T11:21:55.000Z</time></trkpt>
<trkpt lat="30.63087352151674" lon="104.0564756365609"><ele>486</ele><time>2025-02-08T11:21:56.000Z</time></trkpt>
<trkpt lat="30.63087352151674" lon="104.0564756365609"><ele>486</ele><time>2025-02-08T11:21:57.000Z</time></trkpt>
<trkpt lat="30.63087352151674" lon="104.0564756365609"><ele>486</ele><time>2025-02-08T11:21:58.000Z</time></trkpt>
<trkpt lat="30.63087352151674" lon="104.0564756365609"><ele>486</ele><time>2025-02-08T11:21:59.000Z</time></trkpt>
<trkpt lat="30.63087352151674" lon="104.0564756365609"><ele>487</ele><time>2025-02-08T11:22:00.000Z</time></trkpt>
<trkpt lat="30.63087352151674" lon="104.0564756365609"><ele>487</ele><time>2025-02-08T11:22:01.000Z</time></trkpt>
<trkpt lat="30.63087352151674" lon="104.0564756365609"><ele>487</ele><time>2025-02-08T11:22:02.000Z</time></trkpt>
<trkpt lat="30.63087352151674" lon="104.0564756365609"><ele>487</ele><time>2025-02-08T11:22:03.000Z</time></trkpt>
<trkpt lat="30.63087352151674" lon="104.0564756365609"><ele>487</ele><time>2025-02-08T11:22:04.000Z</time></trkpt>
<trkpt lat="30.63087352151674" lon="104.0564756365609"><ele>487</ele><time>2025-02-08T11:22:05.000Z</time></trkpt>
<trkpt lat="30.63087352151674" lon="104.0564756365609"><ele>487</ele><time>2025-02-08T11:22:06.000Z</time></trkpt>
<trkpt lat="30.63087352151674" lon="104.0564756365609"><ele>487</ele><time>2025-02-08T11:22:07.000Z</time></trkpt>
<trkpt lat="30.63087352151674" lon="104.0564756365609"><ele>487</ele><time>2025-02-08T11:22:08.000Z</time></trkpt>
<trkpt lat="30.63087352151674" lon="104.0564756365609"><ele>487</ele><time>2025-02-08T11:22:09.000Z</time></trkpt>
<trkpt lat="30.63087352151674" lon="104.0564756365609"><ele>487</ele><time>2025-02-08T11:22:10.000Z</time></trkpt>
<trkpt lat="30.63087352151674" lon="104.0564756365609"><ele>487</ele><time>2025-02-08T11:22:11.000Z</time></trkpt>
<trkpt lat="30.63087352151674" lon="104.0564756365609"><ele>487</ele><time>2025-02-08T11:22:12.000Z</time></trkpt>
<trkpt lat="30.63087352151674" lon="104.0564756365609"><ele>487</ele><time>2025-02-08T11:22:13.000Z</time></trkpt>
<trkpt lat="30.63087352151674" lon="104.0564756365609"><ele>487</ele><time>2025-02-08T11:22:14.000Z</time></trkpt>
<trkpt lat="30.63087352151674" lon="104.0564756365609"><ele>487</ele><time>2025-02-08T11:22:15.000Z</time></trkpt>
<trkpt lat="30.63087352151674" lon="104.0564756365609"><ele>487</ele><time>2025-02-08T11:22:16.000Z</time></trkpt>
<trkpt lat="30.63087352151674" lon="104.0564756365609"><ele>487</ele><time>2025-02-08T11:22:17.000Z</time></trkpt>
<trkpt lat="30.63087352151674" lon="104.0564756365609"><ele>487</ele><time>2025-02-08T11:22:18.000Z</time></trkpt>
<trkpt lat="30.63087352151674" lon="104.0564756365609"><ele>487</ele><time>2025-02-08T11:22:19.000Z</time></trkpt>
<trkpt lat="30.63087352151674" lon="104.0564756365609"><ele>487</ele><time>2025-02-08T11:22:20.000Z</time></trkpt>
<trkpt lat="30.63087352151674" lon="104.0564756365609"><ele>487</ele><time>2025-02-08T11:22:21.000Z</time></trkpt>
<trkpt lat="30.63087352151674" lon="104.0564756365609"><ele>487</ele><time>2025-02-08T11:22:22.000Z</time></trkpt>
<trkpt lat="30.63087352151674" lon="104.0564756365609"><ele>487</ele><time>2025-02-08T11:22:23.000Z</time></trkpt>
<trkpt lat="30.63087352151674" lon="104.0564756365609"><ele>487</ele><time>2025-02-08T11:22:24.000Z</time></trkpt>
<trkpt lat="30.63087352151674" lon="104.0564756365609"><ele>486</ele><time>2025-02-08T11:22:25.000Z</time></trkpt>
<trkpt lat="30.63087352151674" lon="104.0564756365609"><ele>486</ele><time>2025-02-08T11:22:26.000Z</time></trkpt>
<trkpt lat="30.63087352151674" lon="104.0564756365609"><ele>486</ele><time>2025-02-08T11:22:27.000Z</time></trkpt>
<trkpt lat="30.63087352151674" lon="104.0564756365609"><ele>486</ele><time>2025-02-08T11:22:28.000Z</time></trkpt>
<trkpt lat="30.63087352151674" lon="104.0564756365609"><ele>486</ele><time>2025-02-08T11:22:29.000Z</time></trkpt>
<trkpt lat="30.63087352151674" lon="104.0564756365609"><ele>486</ele><time>2025-02-08T11:22:30.000Z</time></trkpt>
<trkpt lat="30.63087352151674" lon="104.0564756365609"><ele>485</ele><time>2025-02-08T11:22:31.000Z</time></trkpt>
<trkpt lat="30.63087352151674" lon="104.0564756365609"><ele>486</ele><time>2025-02-08T11:22:32.000Z</time></trkpt>
<trkpt lat="30.63087352151674" lon="104.0564756365609"><ele>486</ele><time>2025-02-08T11:22:33.000Z</time></trkpt>
<trkpt lat="30.63087352151674" lon="104.0564756365609"><ele>487</ele><time>2025-02-08T11:22:34.000Z</time></trkpt>
<trkpt lat="30.63087352151674" lon="104.0564756365609"><ele>487</ele><time>2025-02-08T11:22:35.000Z</time></trkpt>
<trkpt lat="30.63087352151674" lon="104.0564756365609"><ele>487</ele><time>2025-02-08T11:22:36.000Z</time></trkpt>
<trkpt lat="30.63087352151674" lon="104.0564756365609"><ele>487</ele><time>2025-02-08T11:22:37.000Z</time></trkpt>
<trkpt lat="30.63087352151674" lon="104.0564756365609"><ele>487</ele><time>2025-02-08T11:22:38.000Z</time></trkpt>
<trkpt lat="30.63087352151674" lon="104.0564756365609"><ele>487</ele><time>2025-02-08T11:22:39.000Z</time></trkpt>
<trkpt lat="30.63087352151674" lon="104.0564756365609"><ele>487</ele><time>2025-02-08T11:22:40.000Z</time></trkpt>
<trkpt lat="30.63087352151674" lon="104.0564756365609"><ele>487</ele><time>2025-02-08T11:22:41.000Z</time></trkpt>
<trkpt lat="30.63087352151674" lon="104.0564756365609"><ele>487</ele><time>2025-02-08T11:22:42.000Z</time></trkpt>
<trkpt lat="30.63087352151674" lon="104.0564756365609"><ele>487</ele><time>2025-02-08T11:22:43.000Z</time></trkpt>
<trkpt lat="30.63087352151674" lon="104.0564756365609"><ele>487</ele><time>2025-02-08T11:22:44.000Z</time></trkpt>
<trkpt lat="30.63087352151674" lon="104.0564756365609"><ele>487</ele><time>2025-02-08T11:22:45.000Z</time></trkpt>
<trkpt lat="30.63087352151674" lon="104.0564756365609"><ele>487</ele><time>2025-02-08T11:22:46.000Z</time></trkpt>
<trkpt lat="30.63087352151674" lon="104.0564756365609"><ele>487</ele><time>2025-02-08T11:22:47.000Z</time></trkpt>
<trkpt lat="30.63087352151674" lon="104.0564756365609"><ele>485</ele><time>2025-02-08T11:22:48.000Z</time></trkpt>
<trkpt lat="30.63087352151674" lon="104.0564756365609"><ele>485</ele><time>2025-02-08T11:22:49.000Z</time></trkpt>
<trkpt lat="30.63087352151674" lon="104.0564756365609"><ele>486</ele><time>2025-02-08T11:22:50.000Z</time></trkpt>
<trkpt lat="30.63087352151674" lon="104.0564756365609"><ele>486</ele><time>2025-02-08T11:22:51.000Z</time></trkpt>
<trkpt lat="30.63087352151674" lon="104.0564756365609"><ele>486</ele><time>2025-02-08T11:22:52.000Z</time></trkpt>
<trkpt lat="30.63087352151674" lon="104.0564756365609"><ele>488</ele><time>2025-02-08T11:22:53.000Z</time></trkpt>
<trkpt lat="30.63087352151674" lon="104.0564756365609"><ele>486</ele><time>2025-02-08T11:22:54.000Z</time></trkpt>
<trkpt lat="30.63087352151674" lon="104.0564756365609"><ele>486</ele><time>2025-02-08T11:22:55.000Z</time></trkpt>
<trkpt lat="30.63087352151674" lon="104.0564756365609"><ele>486</ele><time>2025-02-08T11:22:56.000Z</time></trkpt>
<trkpt lat="30.63087352151674" lon="104.0564756365609"><ele>486</ele><time>2025-02-08T11:22:57.000Z</time></trkpt>
<trkpt lat="30.63087352151674" lon="104.0564756365609"><ele>486</ele><time>2025-02-08T11:22:58.000Z</time></trkpt>
<trkpt lat="30.63087352151674" lon="104.0564756365609"><ele>486</ele><time>2025-02-08T11:22:59.000Z</time></trkpt>
<trkpt lat="30.63087352151674" lon="104.0564756365609"><ele>486</ele><time>2025-02-08T11:23:00.000Z</time></trkpt>
<trkpt lat="30.63087352151674" lon="104.0564756365609"><ele>485</ele><time>2025-02-08T11:23:01.000Z</time></trkpt>
<trkpt lat="30.63087352151674" lon="104.0564756365609"><ele>486</ele><time>2025-02-08T11:23:02.000Z</time></trkpt>
<trkpt lat="30.63087352151674" lon="104.0564756365609"><ele>486</ele><time>2025-02-08T11:23:03.000Z</time></trkpt>
<trkpt lat="30.63087352151674" lon="104.0564756365609"><ele>486</ele><time>2025-02-08T11:23:04.000Z</time></trkpt>
<trkpt lat="30.63087352151674" lon="104.0564756365609"><ele>486</ele><time>2025-02-08T11:23:05.000Z</time></trkpt>
<trkpt lat="30.63087352151674" lon="104.0564756365609"><ele>486</ele><time>2025-02-08T11:23:06.000Z</time></trkpt>
<trkpt lat="30.63087352151674" lon="104.0564756365609"><ele>486</ele><time>2025-02-08T11:23:07.000Z</time></trkpt>
<trkpt lat="30.63087352151674" lon="104.0564756365609"><ele>486</ele><time>2025-02-08T11:23:08.000Z</time></trkpt>
<trkpt lat="30.63087352151674" lon="104.0564756365609"><ele>486</ele><time>2025-02-08T11:23:09.000Z</time></trkpt>
<trkpt lat="30.63087352151674" lon="104.0564756365609"><ele>486</ele><time>2025-02-08T11:23:10.000Z</time></trkpt>
<trkpt lat="30.63087352151674" lon="104.0564756365609"><ele>486</ele><time>2025-02-08T11:23:11.000Z</time></trkpt>
<trkpt lat="30.63087352151674" lon="104.0564756365609"><ele>486</ele><time>2025-02-08T11:23:12.000Z</time></trkpt>
<trkpt lat="30.63087352151674" lon="104.0564756365609"><ele>485</ele><time>2025-02-08T11:23:13.000Z</time></trkpt>
<trkpt lat="30.63087352151674" lon="104.0564756365609"><ele>485</ele><time>2025-02-08T11:23:14.000Z</time></trkpt>
<trkpt lat="30.63087352151674" lon="104.0564756365609"><ele>485</ele><time>2025-02-08T11:23:15.000Z</time></trkpt>
<trkpt lat="30.63087352151674" lon="104.0564756365609"><ele>486</ele><time>2025-02-08T11:23:16.000Z</time></trkpt>
<trkpt lat="30.63087352151674" lon="104.0564756365609"><ele>486</ele><time>2025-02-08T11:23:17.000Z</time></trkpt>
<trkpt lat="30.63087352151674" lon="104.0564756365609"><ele>486</ele><time>2025-02-08T11:23:18.000Z</time></trkpt>
<trkpt lat="30.63087352151674" lon="104.0564756365609"><ele>486</ele><time>2025-02-08T11:23:19.000Z</time></trkpt>
<trkpt lat="30.63087352151674" lon="104.0564756365609"><ele>486</ele><time>2025-02-08T11:23:20.000Z</time></trkpt>
<trkpt lat="30.63087352151674" lon="104.0564756365609"><ele>486</ele><time>2025-02-08T11:23:21.000Z</time></trkpt>
<trkpt lat="30.63087352151674" lon="104.0564756365609"><ele>486</ele><time>2025-02-08T11:23:22.000Z</time></trkpt>
<trkpt lat="30.63087352151674" lon="104.0564756365609"><ele>486</ele><time>2025-02-08T11:23:23.000Z</time></trkpt>
<trkpt lat="30.63087352151674" lon="104.0564756365609"><ele>486</ele><time>2025-02-08T11:23:24.000Z</time></trkpt>
<trkpt lat="30.63087352151674" lon="104.0564756365609"><ele>486</ele><time>2025-02-08T11:23:25.000Z</time></trkpt>
<trkpt lat="30.63087352151674" lon="104.0564756365609"><ele>486</ele><time>2025-02-08T11:23:26.000Z</time></trkpt>
<trkpt lat="30.63087352151674" lon="104.0564756365609"><ele>485</ele><time>2025-02-08T11:23:27.000Z</time></trkpt>
<trkpt lat="30.63087352151674" lon="104.0564756365609"><ele>485</ele><time>2025-02-08T11:23:28.000Z</time></trkpt>
<trkpt lat="30.63087352151674" lon="104.0564756365609"><ele>485</ele><time>2025-02-08T11:23:29.000Z</time></trkpt>
<trkpt lat="30.63087352151674" lon="104.0564756365609"><ele>485</ele><time>2025-02-08T11:23:30.000Z</time></trkpt>
<trkpt lat="30.63087352151674" lon="104.0564756365609"><ele>486</ele><time>2025-02-08T11:23:31.000Z</time></trkpt>
<trkpt lat="30.63087352151674" lon="104.0564756365609"><ele>486</ele><time>2025-02-08T11:23:32.000Z</time></trkpt>
<trkpt lat="30.63087352151674" lon="104.0564756365609"><ele>486</ele><time>2025-02-08T11:23:33.000Z</time></trkpt>
<trkpt lat="30.63087352151674" lon="104.0564756365609"><ele>486</ele><time>2025-02-08T11:23:34.000Z</time></trkpt>
<trkpt lat="30.63087352151674" lon="104.0564756365609"><ele>486</ele><time>2025-02-08T11:23:35.000Z</time></trkpt>
<trkpt lat="30.63087352151674" lon="104.0564756365609"><ele>486</ele><time>2025-02-08T11:23:36.000Z</time></trkpt>
<trkpt lat="30.63087352151674" lon="104.0564756365609"><ele>486</ele><time>2025-02-08T11:23:37.000Z</time></trkpt>
<trkpt lat="30.63087352151674" lon="104.0564756365609"><ele>486</ele><time>2025-02-08T11:23:38.000Z</time></trkpt>
<trkpt lat="30.63087352151674" lon="104.0564756365609"><ele>486</ele><time>2025-02-08T11:23:39.000Z</time></trkpt>
<trkpt lat="30.63087352151674" lon="104.0564756365609"><ele>486</ele><time>2025-02-08T11:23:40.000Z</time></trkpt>
<trkpt lat="30.63087352151674" lon="104.0564756365609"><ele>486</ele><time>2025-02-08T11:23:41.000Z</time></trkpt>
<trkpt lat="30.63087352151674" lon="104.0564756365609"><ele>486</ele><time>2025-02-08T11:23:42.000Z</time></trkpt>
<trkpt lat="30.63087352151674" lon="104.0564756365609"><ele>485</ele><time>2025-02-08T11:23:43.000Z</time></trkpt>
<trkpt lat="30.63087352151674" lon="104.0564756365609"><ele>486</ele><time>2025-02-08T11:23:44.000Z</time></trkpt>
<trkpt lat="30.63087352151674" lon="104.0564756365609"><ele>486</ele><time>2025-02-08T11:23:45.000Z</time></trkpt>
<trkpt lat="30.63087352151674" lon="104.0564756365609"><ele>486</ele><time>2025-02-08T11:23:46.000Z</time></trkpt>
<trkpt lat="30.63087352151674" lon="104.0564756365609"><ele>486</ele><time>2025-02-08T11:23:47.000Z</time></trkpt>
<trkpt lat="30.63087352151674" lon="104.0564756365609"><ele>486</ele><time>2025-02-08T11:23:48.000Z</time></trkpt>
<trkpt lat="30.63087352151674" lon="104.0564756365609"><ele>486</ele><time>2025-02-08T11:23:49.000Z</time></trkpt>
<trkpt lat="30.63087352151674" lon="104.0564756365609"><ele>486</ele><time>2025-02-08T11:23:50.000Z</time></trkpt>
<trkpt lat="30.63087352151674" lon="104.0564756365609"><ele>486</ele><time>2025-02-08T11:23:51.000Z</time></trkpt>
<trkpt lat="30.63087352151674" lon="104.0564756365609"><ele>486</ele><time>2025-02-08T11:23:52.000Z</time></trkpt>
<trkpt lat="30.63087352151674" lon="104.0564756365609"><ele>486</ele><time>2025-02-08T11:23:53.000Z</time></trkpt>
<trkpt lat="30.63087352151674" lon="104.0564756365609"><ele>486</ele><time>2025-02-08T11:23:54.000Z</time></trkpt>
<trkpt lat="30.63087352151674" lon="104.0564756365609"><ele>486</ele><time>2025-02-08T11:23:55.000Z</time></trkpt>
<trkpt lat="30.63087352151674" lon="104.0564756365609"><ele>486</ele><time>2025-02-08T11:23:56.000Z</time></trkpt>
<trkpt lat="30.63087352151674" lon="104.0564756365609"><ele>486</ele><time>2025-02-08T11:23:57.000Z</time></trkpt>
<trkpt lat="30.63087352151674" lon="104.0564756365609"><ele>486</ele><time>2025-02-08T11:23:58.000Z</time></trkpt>
<trkpt lat="30.63087352151674" lon="104.0564756365609"><ele>486</ele><time>2025-02-08T11:23:59.000Z</time></trkpt>
<trkpt lat="30.63087352151674" lon="104.0564756365609"><ele>486</ele><time>2025-02-08T11:24:00.000Z</time></trkpt>
<trkpt lat="30.63087352151674" lon="104.0564756365609"><ele>486</ele><time>2025-02-08T11:24:01.000Z</time></trkpt>
<trkpt lat="30.63087352151674" lon="104.0564756365609"><ele>486</ele><time>2025-02-08T11:24:02.000Z</time></trkpt>
<trkpt lat="30.63087352151674" lon="104.0564756365609"><ele>486</ele><time>2025-02-08T11:24:03.000Z</time></trkpt>
<trkpt lat="30.63087352151674" lon="104.0564756365609"><ele>486</ele><time>2025-02-08T11:24:04.000Z</time></trkpt>
<trkpt lat="30.63087352151674" lon="104.0564756365609"><ele>486</ele><time>2025-02-08T11:24:05.000Z</time></trkpt>
<trkpt lat="30.63087352151674" lon="104.0564756365609"><ele>486</ele><time>2025-02-08T11:24:06.000Z</time></trkpt>
<trkpt lat="30.63087352151674" lon="104.0564756365609"><ele>486</ele><time>2025-02-08T11:24:07.000Z</time></trkpt>
<trkpt lat="30.63087352151674" lon="104.0564756365609"><ele>486</ele><time>2025-02-08T11:24:08.000Z</time></trkpt>
<trkpt lat="30.63087352151674" lon="104.0564756365609"><ele>486</ele><time>2025-02-08T11:24:09.000Z</time></trkpt>
<trkpt lat="30.63087352151674" lon="104.0564756365609"><ele>486</ele><time>2025-02-08T11:24:10.000Z</time></trkpt>
<trkpt lat="30.63087352151674" lon="104.0564756365609"><ele>486</ele><time>2025-02-08T11:24:11.000Z</time></trkpt>
<trkpt lat="30.63087352151674" lon="104.0564756365609"><ele>486</ele><time>2025-02-08T11:24:12.000Z</time></trkpt>
<trkpt lat="30.63087352151674" lon="104.0564756365609"><ele>486</ele><time>2025-02-08T11:24:13.000Z</time></trkpt>
<trkpt lat="30.63087352151674" lon="104.0564756365609"><ele>485</ele><time>2025-02-08T11:24:14.000Z</time></trkpt>
<trkpt lat="30.63087352151674" lon="104.0564756365609"><ele>485</ele><time>2025-02-08T11:24:15.000Z</time></trkpt>
<trkpt lat="30.63087352151674" lon="104.0564756365609"><ele>486</ele><time>2025-02-08T11:24:16.000Z</time></trkpt>
<trkpt lat="30.63087352151674" lon="104.0564756365609"><ele>486</ele><time>2025-02-08T11:24:17.000Z</time></trkpt>
<trkpt lat="30.63087352151674" lon="104.0564756365609"><ele>486</ele><time>2025-02-08T11:24:18.000Z</time></trkpt>
<trkpt lat="30.63087352151674" lon="104.0564756365609"><ele>486</ele><time>2025-02-08T11:24:19.000Z</time></trkpt>
<trkpt lat="30.63087352151674" lon="104.0564756365609"><ele>486</ele><time>2025-02-08T11:24:20.000Z</time></trkpt>
<trkpt lat="30.63087352151674" lon="104.0564756365609"><ele>486</ele><time>2025-02-08T11:24:21.000Z</time></trkpt>
<trkpt lat="30.63087352151674" lon="104.0564756365609"><ele>485</ele><time>2025-02-08T11:24:22.000Z</time></trkpt>
<trkpt lat="30.63087352151674" lon="104.0564756365609"><ele>486</ele><time>2025-02-08T11:24:23.000Z</time></trkpt>
<trkpt lat="30.63087352151674" lon="104.0564756365609"><ele>486</ele><time>2025-02-08T11:24:24.000Z</time></trkpt>
<trkpt lat="30.63087352151674" lon="104.0564756365609"><ele>487</ele><time>2025-02-08T11:24:25.000Z</time></trkpt>
<trkpt lat="30.63087352151674" lon="104.0564756365609"><ele>486</ele><time>2025-02-08T11:24:26.000Z</time></trkpt>
<trkpt lat="30.63087352151674" lon="104.0564756365609"><ele>485</ele><time>2025-02-08T11:24:27.000Z</time></trkpt>
<trkpt lat="30.63087352151674" lon="104.0564756365609"><ele>485</ele><time>2025-02-08T11:24:28.000Z</time></trkpt>
<trkpt lat="30.63087352151674" lon="104.0564756365609"><ele>486</ele><time>2025-02-08T11:24:29.000Z</time></trkpt>
<trkpt lat="30.63087352151674" lon="104.0564756365609"><ele>486</ele><time>2025-02-08T11:24:30.000Z</time></trkpt>
<trkpt lat="30.63087352151674" lon="104.0564756365609"><ele>486</ele><time>2025-02-08T11:24:31.000Z</time></trkpt>
<trkpt lat="30.63087352151674" lon="104.0564756365609"><ele>486</ele><time>2025-02-08T11:24:32.000Z</time></trkpt>
<trkpt lat="30.63087352151674" lon="104.0564756365609"><ele>486</ele><time>2025-02-08T11:24:33.000Z</time></trkpt>
<trkpt lat="30.63087352151674" lon="104.0564756365609"><ele>486</ele><time>2025-02-08T11:24:34.000Z</time></trkpt>
<trkpt lat="30.63087352151674" lon="104.0564756365609"><ele>486</ele><time>2025-02-08T11:24:35.000Z</time></trkpt>
<trkpt lat="30.63087352151674" lon="104.0564756365609"><ele>485</ele><time>2025-02-08T11:24:36.000Z</time></trkpt>
<trkpt lat="30.63087352151674" lon="104.0564756365609"><ele>486</ele><time>2025-02-08T11:24:37.000Z</time></trkpt>
<trkpt lat="30.63087352151674" lon="104.0564756365609"><ele>485</ele><time>2025-02-08T11:24:38.000Z</time></trkpt>
<trkpt lat="30.63087352151674" lon="104.0564756365609"><ele>486</ele><time>2025-02-08T11:24:39.000Z</time></trkpt>
<trkpt lat="30.63087352151674" lon="104.0564756365609"><ele>486</ele><time>2025-02-08T11:24:40.000Z</time></trkpt>
<trkpt lat="30.63087352151674" lon="104.0564756365609"><ele>486</ele><time>2025-02-08T11:24:41.000Z</time></trkpt>
<trkpt lat="30.63087352151674" lon="104.0564756365609"><ele>486</ele><time>2025-02-08T11:24:42.000Z</time></trkpt>
<trkpt lat="30.63087352151674" lon="104.0564756365609"><ele>486</ele><time>2025-02-08T11:24:43.000Z</time></trkpt>
<trkpt lat="30.63087352151674" lon="104.0564756365609"><ele>486</ele><time>2025-02-08T11:24:44.000Z</time></trkpt>
<trkpt lat="30.63087352151674" lon="104.0564756365609"><ele>486</ele><time>2025-02-08T11:24:45.000Z</time></trkpt>
<trkpt lat="30.63087352151674" lon="104.0564756365609"><ele>486</ele><time>2025-02-08T11:24:46.000Z</time></trkpt>
<trkpt lat="30.63087352151674" lon="104.0564756365609"><ele>486</ele><time>2025-02-08T11:24:47.000Z</time></trkpt>
<trkpt lat="30.63087352151674" lon="104.0564756365609"><ele>486</ele><time>2025-02-08T11:24:48.000Z</time></trkpt>
<trkpt lat="30.63087352151674" lon="104.0564756365609"><ele>486</ele><time>2025-02-08T11:24:49.000Z</time></trkpt>
<trkpt lat="30.63087352151674" lon="104.0564756365609"><ele>486</ele><time>2025-02-08T11:24:50.000Z</time></trkpt>
<trkpt lat="30.63087352151674" lon="104.0564756365609"><ele>486</ele><time>2025-02-08T11:24:51.000Z</time></trkpt>
<trkpt lat="30.63087352151674" lon="104.0564756365609"><ele>486</ele><time>2025-02-08T11:24:52.000Z</time></trkpt>
<trkpt lat="30.63087352151674" lon="104.0564756365609"><ele>486</ele><time>2025-02-08T11:24:53.000Z</time></trkpt>
<trkpt lat="30.63087352151674" lon="104.0564756365609"><ele>487</ele><time>2025-02-08T11:24:54.000Z</time></trkpt>
<trkpt lat="30.63087352151674" lon="104.0564756365609"><ele>486</ele><time>2025-02-08T11:24:55.000Z</time></trkpt>
<trkpt lat="30.63087352151674" lon="104.0564756365609"><ele>486</ele><time>2025-02-08T11:24:56.000Z</time></trkpt>
<trkpt lat="30.63087352151674" lon="104.0564756365609"><ele>486</ele><time>2025-02-08T11:24:57.000Z</time></trkpt>
<trkpt lat="30.63087352151674" lon="104.0564756365609"><ele>486</ele><time>2025-02-08T11:24:58.000Z</time></trkpt>
<trkpt lat="30.63087352151674" lon="104.0564756365609"><ele>487</ele><time>2025-02-08T11:24:59.000Z</time></trkpt>
<trkpt lat="30.63087352151674" lon="104.0564756365609"><ele>486</ele><time>2025-02-08T11:25:00.000Z</time></trkpt>
<trkpt lat="30.63087352151674" lon="104.0564756365609"><ele>486</ele><time>2025-02-08T11:25:01.000Z</time></trkpt>
<trkpt lat="30.63087352151674" lon="104.0564756365609"><ele>486</ele><time>2025-02-08T11:25:02.000Z</time></trkpt>
<trkpt lat="30.63087352151674" lon="104.0564756365609"><ele>487</ele><time>2025-02-08T11:25:03.000Z</time></trkpt>
<trkpt lat="30.63087352151674" lon="104.0564756365609"><ele>486</ele><time>2025-02-08T11:25:04.000Z</time></trkpt>
<trkpt lat="30.63087352151674" lon="104.0564756365609"><ele>487</ele><time>2025-02-08T11:25:05.000Z</time></trkpt>
<trkpt lat="30.63087352151674" lon="104.0564756365609"><ele>486</ele><time>2025-02-08T11:25:06.000Z</time></trkpt>
<trkpt lat="30.63087352151674" lon="104.0564756365609"><ele>486</ele><time>2025-02-08T11:25:07.000Z</time></trkpt>
<trkpt lat="30.63087352151674" lon="104.0564756365609"><ele>486</ele><time>2025-02-08T11:25:08.000Z</time></trkpt>
<trkpt lat="30.63087352151674" lon="104.0564756365609"><ele>486</ele><time>2025-02-08T11:25:09.000Z</time></trkpt>
<trkpt lat="30.63087352151674" lon="104.0564756365609"><ele>485</ele><time>2025-02-08T11:25:10.000Z</time></trkpt>
<trkpt lat="30.63087352151674" lon="104.0564756365609"><ele>485</ele><time>2025-02-08T11:25:11.000Z</time></trkpt>
<trkpt lat="30.63087352151674" lon="104.0564756365609"><ele>486</ele><time>2025-02-08T11:25:12.000Z</time></trkpt>
<trkpt lat="30.63087352151674" lon="104.0564756365609"><ele>486</ele><time>2025-02-08T11:25:13.000Z</time></trkpt>
<trkpt lat="30.63087352151674" lon="104.0564756365609"><ele>486</ele><time>2025-02-08T11:25:14.000Z</time></trkpt>
<trkpt lat="30.63087352151674" lon="104.0564756365609"><ele>486</ele><time>2025-02-08T11:25:15.000Z</time></trkpt>
<trkpt lat="30.63087352151674" lon="104.0564756365609"><ele>485</ele><time>2025-02-08T11:25:16.000Z</time></trkpt>
<trkpt lat="30.63087352151674" lon="104.0564756365609"><ele>485</ele><time>2025-02-08T11:25:17.000Z</time></trkpt>
<trkpt lat="30.63087352151674" lon="104.0564756365609"><ele>485</ele><time>2025-02-08T11:25:18.000Z</time></trkpt>
<trkpt lat="30.63087352151674" lon="104.0564756365609"><ele>485</ele><time>2025-02-08T11:25:19.000Z</time></trkpt>
<trkpt lat="30.63087352151674" lon="104.0564756365609"><ele>484</ele><time>2025-02-08T11:25:20.000Z</time></trkpt>
<trkpt lat="30.63087352151674" lon="104.0564756365609"><ele>486</ele><time>2025-02-08T11:25:21.000Z</time></trkpt>
<trkpt lat="30.63087352151674" lon="104.0564756365609"><ele>486</ele><time>2025-02-08T11:25:22.000Z</time></trkpt>
<trkpt lat="30.63087352151674" lon="104.0564756365609"><ele>486</ele><time>2025-02-08T11:25:23.000Z</time></trkpt>
<trkpt lat="30.63087352151674" lon="104.0564756365609"><ele>487</ele><time>2025-02-08T11:25:24.000Z</time></trkpt>
<trkpt lat="30.63087352151674" lon="104.0564756365609"><ele>486</ele><time>2025-02-08T11:25:25.000Z</time></trkpt>
<trkpt lat="30.63087352151674" lon="104.0564756365609"><ele>486</ele><time>2025-02-08T11:25:26.000Z</time></trkpt>
<trkpt lat="30.63087352151674" lon="104.0564756365609"><ele>487</ele><time>2025-02-08T11:25:27.000Z</time></trkpt>
<trkpt lat="30.63087352151674" lon="104.0564756365609"><ele>487</ele><time>2025-02-08T11:25:28.000Z</time></trkpt>
<trkpt lat="30.63087352151674" lon="104.0564756365609"><ele>486</ele><time>2025-02-08T11:25:29.000Z</time></trkpt>
<trkpt lat="30.63087352151674" lon="104.0564756365609"><ele>485</ele><time>2025-02-08T11:25:30.000Z</time></trkpt>
<trkpt lat="30.63087352151674" lon="104.0564756365609"><ele>485</ele><time>2025-02-08T11:25:31.000Z</time></trkpt>
<trkpt lat="30.63087352151674" lon="104.0564756365609"><ele>485</ele><time>2025-02-08T11:25:32.000Z</time></trkpt>
<trkpt lat="30.63087352151674" lon="104.0564756365609"><ele>485</ele><time>2025-02-08T11:25:33.000Z</time></trkpt>
<trkpt lat="30.63087352151674" lon="104.0564756365609"><ele>485</ele><time>2025-02-08T11:25:34.000Z</time></trkpt>
<trkpt lat="30.63087352151674" lon="104.0564756365609"><ele>485</ele><time>2025-02-08T11:25:35.000Z</time></trkpt>
<trkpt lat="30.63087352151674" lon="104.0564756365609"><ele>485</ele><time>2025-02-08T11:25:36.000Z</time></trkpt>
<trkpt lat="30.63087352151674" lon="104.0564756365609"><ele>486</ele><time>2025-02-08T11:25:37.000Z</time></trkpt>
<trkpt lat="30.63087352151674" lon="104.0564756365609"><ele>486</ele><time>2025-02-08T11:25:38.000Z</time></trkpt>
<trkpt lat="30.63087352151674" lon="104.0564756365609"><ele>486</ele><time>2025-02-08T11:25:39.000Z</time></trkpt>
<trkpt lat="30.63087352151674" lon="104.0564756365609"><ele>486</ele><time>2025-02-08T11:25:40.000Z</time></trkpt>
<trkpt lat="30.63087352151674" lon="104.0564756365609"><ele>486</ele><time>2025-02-08T11:25:41.000Z</time></trkpt>
<trkpt lat="30.63087352151674" lon="104.0564756365609"><ele>486</ele><time>2025-02-08T11:25:42.000Z</time></trkpt>
<trkpt lat="30.63087352151674" lon="104.0564756365609"><ele>486</ele><time>2025-02-08T11:25:43.000Z</time></trkpt>
<trkpt lat="30.63087352151674" lon="104.0564756365609"><ele>486</ele><time>2025-02-08T11:25:44.000Z</time></trkpt>
<trkpt lat="30.63087352151674" lon="104.0564756365609"><ele>486</ele><time>2025-02-08T11:25:45.000Z</time></trkpt>
<trkpt lat="30.63087352151674" lon="104.0564756365609"><ele>486</ele><time>2025-02-08T11:25:46.000Z</time></trkpt>
<trkpt lat="30.63087352151674" lon="104.0564756365609"><ele>486</ele><time>2025-02-08T11:25:47.000Z</time></trkpt>
<trkpt lat="30.63087352151674" lon="104.0564756365609"><ele>486</ele><time>2025-02-08T11:25:48.000Z</time></trkpt>
<trkpt lat="30.63087352151674" lon="104.0564756365609"><ele>487</ele><time>2025-02-08T11:25:49.000Z</time></trkpt>
<trkpt lat="30.63087352151674" lon="104.0564756365609"><ele>487</ele><time>2025-02-08T11:25:50.000Z</time></trkpt>
<trkpt lat="30.63087352151674" lon="104.0564756365609"><ele>487</ele><time>2025-02-08T11:25:51.000Z</time></trkpt>
<trkpt lat="30.63087352151674" lon="104.0564756365609"><ele>487</ele><time>2025-02-08T11:25:52.000Z</time></trkpt>
<trkpt lat="30.63087352151674" lon="104.0564756365609"><ele>487</ele><time>2025-02-08T11:25:53.000Z</time></trkpt>
<trkpt lat="30.63087352151674" lon="104.0564756365609"><ele>487</ele><time>2025-02-08T11:25:54.000Z</time></trkpt>
<trkpt lat="30.63087352151674" lon="104.0564756365609"><ele>487</ele><time>2025-02-08T11:25:55.000Z</time></trkpt>
<trkpt lat="30.63087352151674" lon="104.0564756365609"><ele>487</ele><time>2025-02-08T11:25:56.000Z</time></trkpt>
<trkpt lat="30.63087352151674" lon="104.0564756365609"><ele>487</ele><time>2025-02-08T11:25:57.000Z</time></trkpt>
<trkpt lat="30.63087352151674" lon="104.0564756365609"><ele>487</ele><time>2025-02-08T11:25:58.000Z</time></trkpt>
<trkpt lat="30.63087352151674" lon="104.0564756365609"><ele>487</ele><time>2025-02-08T11:25:59.000Z</time></trkpt>
<trkpt lat="30.63087352151674" lon="104.0564756365609"><ele>487</ele><time>2025-02-08T11:26:00.000Z</time></trkpt>
<trkpt lat="30.63087352151674" lon="104.0564756365609"><ele>487</ele><time>2025-02-08T11:26:01.000Z</time></trkpt>
<trkpt lat="30.63087352151674" lon="104.0564756365609"><ele>487</ele><time>2025-02-08T11:26:02.000Z</time></trkpt>
<trkpt lat="30.63087352151674" lon="104.0564756365609"><ele>487</ele><time>2025-02-08T11:26:03.000Z</time></trkpt>
<trkpt lat="30.63087352151674" lon="104.0564756365609"><ele>487</ele><time>2025-02-08T11:26:04.000Z</time></trkpt>
<trkpt lat="30.63087352151674" lon="104.0564756365609"><ele>487</ele><time>2025-02-08T11:26:05.000Z</time></trkpt>
<trkpt lat="30.63087352151674" lon="104.0564756365609"><ele>487</ele><time>2025-02-08T11:26:06.000Z</time></trkpt>
<trkpt lat="30.63087352151674" lon="104.0564756365609"><ele>487</ele><time>2025-02-08T11:26:07.000Z</time></trkpt>
<trkpt lat="30.63087352151674" lon="104.0564756365609"><ele>487</ele><time>2025-02-08T11:26:08.000Z</time></trkpt>
<trkpt lat="30.63087352151674" lon="104.0564756365609"><ele>487</ele><time>2025-02-08T11:26:09.000Z</time></trkpt>
<trkpt lat="30.63087352151674" lon="104.0564756365609"><ele>487</ele><time>2025-02-08T11:26:10.000Z</time></trkpt>
<trkpt lat="30.63087352151674" lon="104.0564756365609"><ele>487</ele><time>2025-02-08T11:26:11.000Z</time></trkpt>
<trkpt lat="30.63087352151674" lon="104.0564756365609"><ele>487</ele><time>2025-02-08T11:26:12.000Z</time></trkpt>
<trkpt lat="30.63087352151674" lon="104.0564756365609"><ele>487</ele><time>2025-02-08T11:26:13.000Z</time></trkpt>
<trkpt lat="30.63087352151674" lon="104.0564756365609"><ele>487</ele><time>2025-02-08T11:26:14.000Z</time></trkpt>
<trkpt lat="30.63087352151674" lon="104.0564756365609"><ele>487</ele><time>2025-02-08T11:26:15.000Z</time></trkpt>
<trkpt lat="30.63087352151674" lon="104.0564756365609"><ele>487</ele><time>2025-02-08T11:26:16.000Z</time></trkpt>
<trkpt lat="30.63087352151674" lon="104.0564756365609"><ele>487</ele><time>2025-02-08T11:26:17.000Z</time></trkpt>
<trkpt lat="30.63087352151674" lon="104.0564756365609"><ele>487</ele><time>2025-02-08T11:26:18.000Z</time></trkpt>
<trkpt lat="30.63087352151674" lon="104.0564756365609"><ele>487</ele><time>2025-02-08T11:26:19.000Z</time></trkpt>
<trkpt lat="30.63087352151674" lon="104.0564756365609"><ele>487</ele><time>2025-02-08T11:26:20.000Z</time></trkpt>
<trkpt lat="30.63087352151674" lon="104.0564756365609"><ele>487</ele><time>2025-02-08T11:26:21.000Z</time></trkpt>
<trkpt lat="30.63087352151674" lon="104.0564756365609"><ele>487</ele><time>2025-02-08T11:26:22.000Z</time></trkpt>
<trkpt lat="30.63087352151674" lon="104.0564756365609"><ele>487</ele><time>2025-02-08T11:26:23.000Z</time></trkpt>
<trkpt lat="30.63087352151674" lon="104.0564756365609"><ele>487</ele><time>2025-02-08T11:26:24.000Z</time></trkpt>
<trkpt lat="30.63087352151674" lon="104.0564756365609"><ele>487</ele><time>2025-02-08T11:26:25.000Z</time></trkpt>
<trkpt lat="30.63087352151674" lon="104.0564756365609"><ele>487</ele><time>2025-02-08T11:26:26.000Z</time></trkpt>
<trkpt lat="30.63087352151674" lon="104.0564756365609"><ele>487</ele><time>2025-02-08T11:26:27.000Z</time></trkpt>
<trkpt lat="30.63087352151674" lon="104.0564756365609"><ele>487</ele><time>2025-02-08T11:26:28.000Z</time></trkpt>
<trkpt lat="30.63087352151674" lon="104.0564756365609"><ele>487</ele><time>2025-02-08T11:26:29.000Z</time></trkpt>
<trkpt lat="30.63087352151674" lon="104.0564756365609"><ele>487</ele><time>2025-02-08T11:26:30.000Z</time></trkpt>
<trkpt lat="30.63087352151674" lon="104.0564756365609"><ele>487</ele><time>2025-02-08T11:26:31.000Z</time></trkpt>
<trkpt lat="30.63087352151674" lon="104.0564756365609"><ele>486</ele><time>2025-02-08T11:26:32.000Z</time></trkpt>
<trkpt lat="30.63087352151674" lon="104.0564756365609"><ele>486</ele><time>2025-02-08T11:26:33.000Z</time></trkpt>
<trkpt lat="30.63087352151674" lon="104.0564756365609"><ele>487</ele><time>2025-02-08T11:26:34.000Z</time></trkpt>
<trkpt lat="30.63087352151674" lon="104.0564756365609"><ele>486</ele><time>2025-02-08T11:26:35.000Z</time></trkpt>
<trkpt lat="30.63087352151674" lon="104.0564756365609"><ele>486</ele><time>2025-02-08T11:26:36.000Z</time></trkpt>
<trkpt lat="30.63087352151674" lon="104.0564756365609"><ele>487</ele><time>2025-02-08T11:26:37.000Z</time></trkpt>
<trkpt lat="30.63087352151674" lon="104.0564756365609"><ele>487</ele><time>2025-02-08T11:26:38.000Z</time></trkpt>
<trkpt lat="30.63087352151674" lon="104.0564756365609"><ele>487</ele><time>2025-02-08T11:26:39.000Z</time></trkpt>
<trkpt lat="30.63087352151674" lon="104.0564756365609"><ele>487</ele><time>2025-02-08T11:26:40.000Z</time></trkpt>
<trkpt lat="30.63087352151674" lon="104.0564756365609"><ele>487</ele><time>2025-02-08T11:26:41.000Z</time></trkpt>
<trkpt lat="30.63087352151674" lon="104.0564756365609"><ele>487</ele><time>2025-02-08T11:26:42.000Z</time></trkpt>
<trkpt lat="30.63087352151674" lon="104.0564756365609"><ele>487</ele><time>2025-02-08T11:26:43.000Z</time></trkpt>
<trkpt lat="30.63087352151674" lon="104.0564756365609"><ele>487</ele><time>2025-02-08T11:26:44.000Z</time></trkpt>
<trkpt lat="30.63087352151674" lon="104.0564756365609"><ele>486</ele><time>2025-02-08T11:26:45.000Z</time></trkpt>
<trkpt lat="30.63087352151674" lon="104.0564756365609"><ele>487</ele><time>2025-02-08T11:26:46.000Z</time></trkpt>
<trkpt lat="30.63087352151674" lon="104.0564756365609"><ele>486</ele><time>2025-02-08T11:26:47.000Z</time></trkpt>
<trkpt lat="30.63087352151674" lon="104.0564756365609"><ele>486</ele><time>2025-02-08T11:26:48.000Z</time></trkpt>
<trkpt lat="30.63087352151674" lon="104.0564756365609"><ele>486</ele><time>2025-02-08T11:26:49.000Z</time></trkpt>
<trkpt lat="30.63087352151674" lon="104.0564756365609"><ele>486</ele><time>2025-02-08T11:26:50.000Z</time></trkpt>
<trkpt lat="30.63087352151674" lon="104.0564756365609"><ele>486</ele><time>2025-02-08T11:26:51.000Z</time></trkpt>
<trkpt lat="30.63087352151674" lon="104.0564756365609"><ele>486</ele><time>2025-02-08T11:26:52.000Z</time></trkpt>
<trkpt lat="30.63087352151674" lon="104.0564756365609"><ele>486</ele><time>2025-02-08T11:26:53.000Z</time></trkpt>
<trkpt lat="30.63087352151674" lon="104.0564756365609"><ele>486</ele><time>2025-02-08T11:26:54.000Z</time></trkpt>
<trkpt lat="30.63087352151674" lon="104.0564756365609"><ele>486</ele><time>2025-02-08T11:26:55.000Z</time></trkpt>
<trkpt lat="30.63087352151674" lon="104.0564756365609"><ele>487</ele><time>2025-02-08T11:26:56.000Z</time></trkpt>
<trkpt lat="30.63087352151674" lon="104.0564756365609"><ele>487</ele><time>2025-02-08T11:26:57.000Z</time></trkpt>
<trkpt lat="30.63087352151674" lon="104.0564756365609"><ele>487</ele><time>2025-02-08T11:26:58.000Z</time></trkpt>
<trkpt lat="30.63087352151674" lon="104.0564756365609"><ele>487</ele><time>2025-02-08T11:26:59.000Z</time></trkpt>
<trkpt lat="30.63087352151674" lon="104.0564756365609"><ele>487</ele><time>2025-02-08T11:27:00.000Z</time></trkpt>
<trkpt lat="30.63087352151674" lon="104.0564756365609"><ele>487</ele><time>2025-02-08T11:27:01.000Z</time></trkpt>
<trkpt lat="30.63087352151674" lon="104.0564756365609"><ele>487</ele><time>2025-02-08T11:27:02.000Z</time></trkpt>
<trkpt lat="30.63087352151674" lon="104.0564756365609"><ele>488</ele><time>2025-02-08T11:27:03.000Z</time></trkpt>
<trkpt lat="30.63087352151674" lon="104.0564756365609"><ele>488</ele><time>2025-02-08T11:27:04.000Z</time></trkpt>
<trkpt lat="30.63087352151674" lon="104.0564756365609"><ele>488</ele><time>2025-02-08T11:27:05.000Z</time></trkpt>
<trkpt lat="30.63087352151674" lon="104.0564756365609"><ele>488</ele><time>2025-02-08T11:27:06.000Z</time></trkpt>
<trkpt lat="30.63087352151674" lon="104.0564756365609"><ele>487</ele><time>2025-02-08T11:27:07.000Z</time></trkpt>
<trkpt lat="30.63087352151674" lon="104.0564756365609"><ele>487</ele><time>2025-02-08T11:27:08.000Z</time></trkpt>
<trkpt lat="30.63087352151674" lon="104.0564756365609"><ele>488</ele><time>2025-02-08T11:27:09.000Z</time></trkpt>
<trkpt lat="30.63087352151674" lon="104.0564756365609"><ele>487</ele><time>2025-02-08T11:27:10.000Z</time></trkpt>
<trkpt lat="30.63087352151674" lon="104.0564756365609"><ele>487</ele><time>2025-02-08T11:27:11.000Z</time></trkpt>
<trkpt lat="30.63087352151674" lon="104.0564756365609"><ele>488</ele><time>2025-02-08T11:27:12.000Z</time></trkpt>
<trkpt lat="30.63087352151674" lon="104.0564756365609"><ele>487</ele><time>2025-02-08T11:27:13.000Z</time></trkpt>
<trkpt lat="30.63087352151674" lon="104.0564756365609"><ele>487</ele><time>2025-02-08T11:27:14.000Z</time></trkpt>
<trkpt lat="30.63087352151674" lon="104.0564756365609"><ele>487</ele><time>2025-02-08T11:27:15.000Z</time></trkpt>
<trkpt lat="30.63087352151674" lon="104.0564756365609"><ele>486</ele><time>2025-02-08T11:27:16.000Z</time></trkpt>
<trkpt lat="30.63087352151674" lon="104.0564756365609"><ele>487</ele><time>2025-02-08T11:27:17.000Z</time></trkpt>
<trkpt lat="30.63087352151674" lon="104.0564756365609"><ele>486</ele><time>2025-02-08T11:27:18.000Z</time></trkpt>
<trkpt lat="30.63087352151674" lon="104.0564756365609"><ele>486</ele><time>2025-02-08T11:27:19.000Z</time></trkpt>
<trkpt lat="30.63087352151674" lon="104.0564756365609"><ele>486</ele><time>2025-02-08T11:27:20.000Z</time></trkpt>
<trkpt lat="30.63087352151674" lon="104.0564756365609"><ele>486</ele><time>2025-02-08T11:27:21.000Z</time></trkpt>
<trkpt lat="30.63087352151674" lon="104.0564756365609"><ele>486</ele><time>2025-02-08T11:27:22.000Z</time></trkpt>
<trkpt lat="30.63087352151674" lon="104.0564756365609"><ele>486</ele><time>2025-02-08T11:27:23.000Z</time></trkpt>
<trkpt lat="30.63087352151674" lon="104.0564756365609"><ele>486</ele><time>2025-02-08T11:27:24.000Z</time></trkpt>
<trkpt lat="30.63087352151674" lon="104.0564756365609"><ele>486</ele><time>2025-02-08T11:27:25.000Z</time></trkpt>
<trkpt lat="30.63087352151674" lon="104.0564756365609"><ele>486</ele><time>2025-02-08T11:27:26.000Z</time></trkpt>
<trkpt lat="30.63087352151674" lon="104.0564756365609"><ele>486</ele><time>2025-02-08T11:27:27.000Z</time></trkpt>
<trkpt lat="30.63087352151674" lon="104.0564756365609"><ele>486</ele><time>2025-02-08T11:27:28.000Z</time></trkpt>
<trkpt lat="30.63087352151674" lon="104.0564756365609"><ele>486</ele><time>2025-02-08T11:27:29.000Z</time></trkpt>
<trkpt lat="30.63087352151674" lon="104.0564756365609"><ele>486</ele><time>2025-02-08T11:27:30.000Z</time></trkpt>
<trkpt lat="30.63087352151674" lon="104.0564756365609"><ele>486</ele><time>2025-02-08T11:27:31.000Z</time></trkpt>
<trkpt lat="30.63087352151674" lon="104.0564756365609"><ele>486</ele><time>2025-02-08T11:27:32.000Z</time></trkpt>
<trkpt lat="30.63087352151674" lon="104.0564756365609"><ele>486</ele><time>2025-02-08T11:27:33.000Z</time></trkpt>
<trkpt lat="30.63087352151674" lon="104.0564756365609"><ele>486</ele><time>2025-02-08T11:27:34.000Z</time></trkpt>
<trkpt lat="30.63087352151674" lon="104.0564756365609"><ele>486</ele><time>2025-02-08T11:27:35.000Z</time></trkpt>
<trkpt lat="30.63087352151674" lon="104.0564756365609"><ele>486</ele><time>2025-02-08T11:27:36.000Z</time></trkpt>
<trkpt lat="30.63087352151674" lon="104.0564756365609"><ele>486</ele><time>2025-02-08T11:27:37.000Z</time></trkpt>
<trkpt lat="30.63087352151674" lon="104.0564756365609"><ele>487</ele><time>2025-02-08T11:27:38.000Z</time></trkpt>
<trkpt lat="30.63087352151674" lon="104.0564756365609"><ele>487</ele><time>2025-02-08T11:27:39.000Z</time></trkpt>
<trkpt lat="30.63087352151674" lon="104.0564756365609"><ele>487</ele><time>2025-02-08T11:27:40.000Z</time></trkpt>
<trkpt lat="30.63087352151674" lon="104.0564756365609"><ele>487</ele><time>2025-02-08T11:27:41.000Z</time></trkpt>
<trkpt lat="30.63087352151674" lon="104.0564756365609"><ele>487</ele><time>2025-02-08T11:27:42.000Z</time></trkpt>
<trkpt lat="30.63087352151674" lon="104.0564756365609"><ele>488</ele><time>2025-02-08T11:27:43.000Z</time></trkpt>
<trkpt lat="30.63087352151674" lon="104.0564756365609"><ele>487</ele><time>2025-02-08T11:27:44.000Z</time></trkpt>
<trkpt lat="30.63087352151674" lon="104.0564756365609"><ele>487</ele><time>2025-02-08T11:27:45.000Z</time></trkpt>
<trkpt lat="30.63087352151674" lon="104.0564756365609"><ele>486</ele><time>2025-02-08T11:27:46.000Z</time></trkpt>
<trkpt lat="30.63087352151674" lon="104.0564756365609"><ele>487</ele><time>2025-02-08T11:27:47.000Z</time></trkpt>
<trkpt lat="30.63087352151674" lon="104.0564756365609"><ele>487</ele><time>2025-02-08T11:27:48.000Z</time></trkpt>
<trkpt lat="30.63087352151674" lon="104.0564756365609"><ele>487</ele><time>2025-02-08T11:27:49.000Z</time></trkpt>
<trkpt lat="30.63087352151674" lon="104.0564756365609"><ele>487</ele><time>2025-02-08T11:27:50.000Z</time></trkpt>
<trkpt lat="30.63087352151674" lon="104.0564756365609"><ele>487</ele><time>2025-02-08T11:27:51.000Z</time></trkpt>
<trkpt lat="30.63087352151674" lon="104.0564756365609"><ele>487</ele><time>2025-02-08T11:27:52.000Z</time></trkpt>
<trkpt lat="30.63087352151674" lon="104.0564756365609"><ele>487</ele><time>2025-02-08T11:27:53.000Z</time></trkpt>
<trkpt lat="30.63087352151674" lon="104.0564756365609"><ele>487</ele><time>2025-02-08T11:27:54.000Z</time></trkpt>
<trkpt lat="30.63087352151674" lon="104.0564756365609"><ele>487</ele><time>2025-02-08T11:27:55.000Z</time></trkpt>
<trkpt lat="30.63087352151674" lon="104.0564756365609"><ele>487</ele><time>2025-02-08T11:27:56.000Z</time></trkpt>
<trkpt lat="30.63087352151674" lon="104.0564756365609"><ele>488</ele><time>2025-02-08T11:27:57.000Z</time></trkpt>
<trkpt lat="30.63087352151674" lon="104.0564756365609"><ele>488</ele><time>2025-02-08T11:27:58.000Z</time></trkpt>
<trkpt lat="30.63087352151674" lon="104.0564756365609"><ele>488</ele><time>2025-02-08T11:27:59.000Z</time></trkpt>
<trkpt lat="30.63087352151674" lon="104.0564756365609"><ele>486</ele><time>2025-02-08T11:28:00.000Z</time></trkpt>
<trkpt lat="30.63087352151674" lon="104.0564756365609"><ele>486</ele><time>2025-02-08T11:28:01.000Z</time></trkpt>
<trkpt lat="30.63087352151674" lon="104.0564756365609"><ele>486</ele><time>2025-02-08T11:28:02.000Z</time></trkpt>
<trkpt lat="30.63087352151674" lon="104.0564756365609"><ele>486</ele><time>2025-02-08T11:28:03.000Z</time></trkpt>
<trkpt lat="30.63087352151674" lon="104.0564756365609"><ele>486</ele><time>2025-02-08T11:28:04.000Z</time></trkpt>
<trkpt lat="30.63087352151674" lon="104.0564756365609"><ele>486</ele><time>2025-02-08T11:28:05.000Z</time></trkpt>
<trkpt lat="30.63087352151674" lon="104.0564756365609"><ele>487</ele><time>2025-02-08T11:28:06.000Z</time></trkpt>
<trkpt lat="30.63087352151674" lon="104.0564756365609"><ele>486</ele><time>2025-02-08T11:28:07.000Z</time></trkpt>
<trkpt lat="30.63087352151674" lon="104.0564756365609"><ele>486</ele><time>2025-02-08T11:28:08.000Z</time></trkpt>
<trkpt lat="30.63087352151674" lon="104.0564756365609"><ele>487</ele><time>2025-02-08T11:28:09.000Z</time></trkpt>
<trkpt lat="30.63087352151674" lon="104.0564756365609"><ele>487</ele><time>2025-02-08T11:28:10.000Z</time></trkpt>
<trkpt lat="30.63087352151674" lon="104.0564756365609"><ele>488</ele><time>2025-02-08T11:28:11.000Z</time></trkpt>
<trkpt lat="30.63087352151674" lon="104.0564756365609"><ele>487</ele><time>2025-02-08T11:28:12.000Z</time></trkpt>
<trkpt lat="30.63087352151674" lon="104.0564756365609"><ele>487</ele><time>2025-02-08T11:28:13.000Z</time></trkpt>
<trkpt lat="30.63087352151674" lon="104.0564756365609"><ele>488</ele><time>2025-02-08T11:28:14.000Z</time></trkpt>
<trkpt lat="30.63087352151674" lon="104.0564756365609"><ele>488</ele><time>2025-02-08T11:28:15.000Z</time></trkpt>
<trkpt lat="30.63087352151674" lon="104.0564756365609"><ele>488</ele><time>2025-02-08T11:28:16.000Z</time></trkpt>
<trkpt lat="30.63087352151674" lon="104.0564756365609"><ele>488</ele><time>2025-02-08T11:28:17.000Z</time></trkpt>
<trkpt lat="30.63087352151674" lon="104.0564756365609"><ele>488</ele><time>2025-02-08T11:28:18.000Z</time></trkpt>
<trkpt lat="30.63087352151674" lon="104.0564756365609"><ele>488</ele><time>2025-02-08T11:28:19.000Z</time></trkpt>
<trkpt lat="30.63087352151674" lon="104.0564756365609"><ele>488</ele><time>2025-02-08T11:28:20.000Z</time></trkpt>
<trkpt lat="30.63087352151674" lon="104.0564756365609"><ele>488</ele><time>2025-02-08T11:28:21.000Z</time></trkpt>
<trkpt lat="30.63087352151674" lon="104.0564756365609"><ele>488</ele><time>2025-02-08T11:28:22.000Z</time></trkpt>
<trkpt lat="30.63087352151674" lon="104.0564756365609"><ele>488</ele><time>2025-02-08T11:28:23.000Z</time></trkpt>
<trkpt lat="30.63087352151674" lon="104.0564756365609"><ele>488</ele><time>2025-02-08T11:28:24.000Z</time></trkpt>
<trkpt lat="30.63087352151674" lon="104.0564756365609"><ele>488</ele><time>2025-02-08T11:28:25.000Z</time></trkpt>
<trkpt lat="30.63087352151674" lon="104.0564756365609"><ele>489</ele><time>2025-02-08T11:28:26.000Z</time></trkpt>
<trkpt lat="30.63087352151674" lon="104.0564756365609"><ele>488</ele><time>2025-02-08T11:28:27.000Z</time></trkpt>
<trkpt lat="30.63087352151674" lon="104.0564756365609"><ele>488</ele><time>2025-02-08T11:28:28.000Z</time></trkpt>
<trkpt lat="30.63087352151674" lon="104.0564756365609"><ele>488</ele><time>2025-02-08T11:28:29.000Z</time></trkpt>
<trkpt lat="30.63087352151674" lon="104.0564756365609"><ele>489</ele><time>2025-02-08T11:28:30.000Z</time></trkpt>
<trkpt lat="30.63087352151674" lon="104.0564756365609"><ele>489</ele><time>2025-02-08T11:28:31.000Z</time></trkpt>
<trkpt lat="30.63087352151674" lon="104.0564756365609"><ele>488</ele><time>2025-02-08T11:28:32.000Z</time></trkpt>
<trkpt lat="30.63087352151674" lon="104.0564756365609"><ele>488</ele><time>2025-02-08T11:28:33.000Z</time></trkpt>
<trkpt lat="30.63087352151674" lon="104.0564756365609"><ele>488</ele><time>2025-02-08T11:28:34.000Z</time></trkpt>
<trkpt lat="30.63087352151674" lon="104.0564756365609"><ele>488</ele><time>2025-02-08T11:28:35.000Z</time></trkpt>
<trkpt lat="30.63087352151674" lon="104.0564756365609"><ele>488</ele><time>2025-02-08T11:28:36.000Z</time></trkpt>
<trkpt lat="30.63087352151674" lon="104.0564756365609"><ele>488</ele><time>2025-02-08T11:28:37.000Z</time></trkpt>
<trkpt lat="30.63087352151674" lon="104.0564756365609"><ele>488</ele><time>2025-02-08T11:28:38.000Z</time></trkpt>
<trkpt lat="30.63087352151674" lon="104.0564756365609"><ele>488</ele><time>2025-02-08T11:28:39.000Z</time></trkpt>
<trkpt lat="30.63087352151674" lon="104.0564756365609"><ele>488</ele><time>2025-02-08T11:28:40.000Z</time></trkpt>
<trkpt lat="30.63087352151674" lon="104.0564756365609"><ele>488</ele><time>2025-02-08T11:28:41.000Z</time></trkpt>
<trkpt lat="30.63087352151674" lon="104.0564756365609"><ele>488</ele><time>2025-02-08T11:28:42.000Z</time></trkpt>
<trkpt lat="30.63087352151674" lon="104.0564756365609"><ele>488</ele><time>2025-02-08T11:28:43.000Z</time></trkpt>
<trkpt lat="30.63087352151674" lon="104.0564756365609"><ele>488</ele><time>2025-02-08T11:28:44.000Z</time></trkpt>
<trkpt lat="30.63087352151674" lon="104.0564756365609"><ele>488</ele><time>2025-02-08T11:28:45.000Z</time></trkpt>
<trkpt lat="30.63087352151674" lon="104.0564756365609"><ele>488</ele><time>2025-02-08T11:28:46.000Z</time></trkpt>
<trkpt lat="30.63087352151674" lon="104.0564756365609"><ele>488</ele><time>2025-02-08T11:28:47.000Z</time></trkpt>
<trkpt lat="30.63087352151674" lon="104.0564756365609"><ele>488</ele><time>2025-02-08T11:28:48.000Z</time></trkpt>
<trkpt lat="30.63087352151674" lon="104.0564756365609"><ele>488</ele><time>2025-02-08T11:28:49.000Z</time></trkpt>
<trkpt lat="30.63087352151674" lon="104.0564756365609"><ele>488</ele><time>2025-02-08T11:28:50.000Z</time></trkpt>
<trkpt lat="30.63087352151674" lon="104.0564756365609"><ele>488</ele><time>2025-02-08T11:28:51.000Z</time></trkpt>
<trkpt lat="30.63087352151674" lon="104.0564756365609"><ele>488</ele><time>2025-02-08T11:28:52.000Z</time></trkpt>
<trkpt lat="30.63087352151674" lon="104.0564756365609"><ele>488</ele><time>2025-02-08T11:28:53.000Z</time></trkpt>
<trkpt lat="30.63087352151674" lon="104.0564756365609"><ele>488</ele><time>2025-02-08T11:28:54.000Z</time></trkpt>
<trkpt lat="30.63087352151674" lon="104.0564756365609"><ele>488</ele><time>2025-02-08T11:28:55.000Z</time></trkpt>
<trkpt lat="30.63087352151674" lon="104.0564756365609"><ele>488</ele><time>2025-02-08T11:28:56.000Z</time></trkpt>
<trkpt lat="30.63087352151674" lon="104.0564756365609"><ele>488</ele><time>2025-02-08T11:28:57.000Z</time></trkpt>
<trkpt lat="30.63087352151674" lon="104.0564756365609"><ele>488</ele><time>2025-02-08T11:28:58.000Z</time></trkpt>
<trkpt lat="30.63087352151674" lon="104.0564756365609"><ele>488</ele><time>2025-02-08T11:28:59.000Z</time></trkpt>
<trkpt lat="30.63087352151674" lon="104.0564756365609"><ele>488</ele><time>2025-02-08T11:29:00.000Z</time></trkpt>
<trkpt lat="30.63087352151674" lon="104.0564756365609"><ele>488</ele><time>2025-02-08T11:29:01.000Z</time></trkpt>
<trkpt lat="30.63087352151674" lon="104.0564756365609"><ele>488</ele><time>2025-02-08T11:29:02.000Z</time></trkpt>
<trkpt lat="30.63087352151674" lon="104.0564756365609"><ele>488</ele><time>2025-02-08T11:29:03.000Z</time></trkpt>
<trkpt lat="30.63087352151674" lon="104.0564756365609"><ele>487</ele><time>2025-02-08T11:29:04.000Z</time></trkpt>
<trkpt lat="30.63087352151674" lon="104.0564756365609"><ele>487</ele><time>2025-02-08T11:29:05.000Z</time></trkpt>
<trkpt lat="30.63087352151674" lon="104.0564756365609"><ele>487</ele><time>2025-02-08T11:29:06.000Z</time></trkpt>
<trkpt lat="30.63087352151674" lon="104.0564756365609"><ele>488</ele><time>2025-02-08T11:29:07.000Z</time></trkpt>
<trkpt lat="30.63087352151674" lon="104.0564756365609"><ele>488</ele><time>2025-02-08T11:29:08.000Z</time></trkpt>
<trkpt lat="30.63087352151674" lon="104.0564756365609"><ele>488</ele><time>2025-02-08T11:29:09.000Z</time></trkpt>
<trkpt lat="30.63087352151674" lon="104.0564756365609"><ele>488</ele><time>2025-02-08T11:29:10.000Z</time></trkpt>
<trkpt lat="30.63087352151674" lon="104.0564756365609"><ele>489</ele><time>2025-02-08T11:29:11.000Z</time></trkpt>
<trkpt lat="30.63087352151674" lon="104.0564756365609"><ele>489</ele><time>2025-02-08T11:29:12.000Z</time></trkpt>
<trkpt lat="30.63087352151674" lon="104.0564756365609"><ele>489</ele><time>2025-02-08T11:29:13.000Z</time></trkpt>
<trkpt lat="30.63087352151674" lon="104.0564756365609"><ele>489</ele><time>2025-02-08T11:29:14.000Z</time></trkpt>
<trkpt lat="30.63087352151674" lon="104.0564756365609"><ele>489</ele><time>2025-02-08T11:29:15.000Z</time></trkpt>
<trkpt lat="30.63087352151674" lon="104.0564756365609"><ele>489</ele><time>2025-02-08T11:29:16.000Z</time></trkpt>
<trkpt lat="30.63087352151674" lon="104.0564756365609"><ele>489</ele><time>2025-02-08T11:29:17.000Z</time></trkpt>
<trkpt lat="30.63087352151674" lon="104.0564756365609"><ele>490</ele><time>2025-02-08T11:29:18.000Z</time></trkpt>
<trkpt lat="30.63087352151674" lon="104.0564756365609"><ele>490</ele><time>2025-02-08T11:29:19.000Z</time></trkpt>
<trkpt lat="30.63087352151674" lon="104.0564756365609"><ele>490</ele><time>2025-02-08T11:29:20.000Z</time></trkpt>
<trkpt lat="30.63087352151674" lon="104.0564756365609"><ele>489</ele><time>2025-02-08T11:29:21.000Z</time></trkpt>
<trkpt lat="30.63087352151674" lon="104.0564756365609"><ele>490</ele><time>2025-02-08T11:29:22.000Z</time></trkpt>
<trkpt lat="30.63087352151674" lon="104.0564756365609"><ele>489</ele><time>2025-02-08T11:29:23.000Z</time></trkpt>
<trkpt lat="30.63087352151674" lon="104.0564756365609"><ele>490</ele><time>2025-02-08T11:29:24.000Z</time></trkpt>
<trkpt lat="30.63087352151674" lon="104.0564756365609"><ele>489</ele><time>2025-02-08T11:29:25.000Z</time></trkpt>
<trkpt lat="30.63087352151674" lon="104.0564756365609"><ele>489</ele><time>2025-02-08T11:29:26.000Z</time></trkpt>
<trkpt lat="30.63087352151674" lon="104.0564756365609"><ele>490</ele><time>2025-02-08T11:29:27.000Z</time></trkpt>
<trkpt lat="30.63087352151674" lon="104.0564756365609"><ele>490</ele><time>2025-02-08T11:29:28.000Z</time></trkpt>
<trkpt lat="30.63087352151674" lon="104.0564756365609"><ele>489</ele><time>2025-02-08T11:29:29.000Z</time></trkpt>
<trkpt lat="30.63087352151674" lon="104.0564756365609"><ele>489</ele><time>2025-02-08T11:29:30.000Z</time></trkpt>
<trkpt lat="30.63087352151674" lon="104.0564756365609"><ele>490</ele><time>2025-02-08T11:29:31.000Z</time></trkpt>
<trkpt lat="30.63087352151674" lon="104.0564756365609"><ele>489</ele><time>2025-02-08T11:29:32.000Z</time></trkpt>
<trkpt lat="30.63087352151674" lon="104.0564756365609"><ele>489</ele><time>2025-02-08T11:29:33.000Z</time></trkpt>
<trkpt lat="30.63087352151674" lon="104.0564756365609"><ele>489</ele><time>2025-02-08T11:29:34.000Z</time></trkpt>
<trkpt lat="30.63087352151674" lon="104.0564756365609"><ele>489</ele><time>2025-02-08T11:29:35.000Z</time></trkpt>
<trkpt lat="30.63087352151674" lon="104.0564756365609"><ele>488</ele><time>2025-02-08T11:29:36.000Z</time></trkpt>
<trkpt lat="30.63087352151674" lon="104.0564756365609"><ele>489</ele><time>2025-02-08T11:29:37.000Z</time></trkpt>
<trkpt lat="30.63087352151674" lon="104.0564756365609"><ele>489</ele><time>2025-02-08T11:29:38.000Z</time></trkpt>
<trkpt lat="30.63087352151674" lon="104.0564756365609"><ele>489</ele><time>2025-02-08T11:29:39.000Z</time></trkpt>
<trkpt lat="30.63087352151674" lon="104.0564756365609"><ele>489</ele><time>2025-02-08T11:29:40.000Z</time></trkpt>
<trkpt lat="30.63087352151674" lon="104.0564756365609"><ele>489</ele><time>2025-02-08T11:29:41.000Z</time></trkpt>
<trkpt lat="30.63087352151674" lon="104.0564756365609"><ele>489</ele><time>2025-02-08T11:29:42.000Z</time></trkpt>
<trkpt lat="30.63087352151674" lon="104.0564756365609"><ele>489</ele><time>2025-02-08T11:29:43.000Z</time></trkpt>
<trkpt lat="30.63087352151674" lon="104.0564756365609"><ele>490</ele><time>2025-02-08T11:29:44.000Z</time></trkpt>
<trkpt lat="30.63087352151674" lon="104.0564756365609"><ele>489</ele><time>2025-02-08T11:29:45.000Z</time></trkpt>
<trkpt lat="30.63087352151674" lon="104.0564756365609"><ele>489</ele><time>2025-02-08T11:29:46.000Z</time></trkpt>
<trkpt lat="30.63087352151674" lon="104.0564756365609"><ele>489</ele><time>2025-02-08T11:29:47.000Z</time></trkpt>
<trkpt lat="30.63087352151674" lon="104.0564756365609"><ele>490</ele><time>2025-02-08T11:29:48.000Z</time></trkpt>
<trkpt lat="30.63087352151674" lon="104.0564756365609"><ele>490</ele><time>2025-02-08T11:29:49.000Z</time></trkpt>
<trkpt lat="30.63087352151674" lon="104.0564756365609"><ele>490</ele><time>2025-02-08T11:29:50.000Z</time></trkpt>
<trkpt lat="30.63087352151674" lon="104.0564756365609"><ele>490</ele><time>2025-02-08T11:29:51.000Z</time></trkpt>
<trkpt lat="30.63087352151674" lon="104.0564756365609"><ele>489</ele><time>2025-02-08T11:29:52.000Z</time></trkpt>
<trkpt lat="30.63087352151674" lon="104.0564756365609"><ele>489</ele><time>2025-02-08T11:29:53.000Z</time></trkpt>
<trkpt lat="30.63087352151674" lon="104.0564756365609"><ele>489</ele><time>2025-02-08T11:29:54.000Z</time></trkpt>
<trkpt lat="30.63087352151674" lon="104.0564756365609"><ele>489</ele><time>2025-02-08T11:29:55.000Z</time></trkpt>
<trkpt lat="30.63087352151674" lon="104.0564756365609"><ele>489</ele><time>2025-02-08T11:29:56.000Z</time></trkpt>
<trkpt lat="30.63087352151674" lon="104.0564756365609"><ele>489</ele><time>2025-02-08T11:29:57.000Z</time></trkpt>
<trkpt lat="30.63087352151674" lon="104.0564756365609"><ele>489</ele><time>2025-02-08T11:29:58.000Z</time></trkpt>
<trkpt lat="30.63087352151674" lon="104.0564756365609"><ele>489</ele><time>2025-02-08T11:29:59.000Z</time></trkpt>
<trkpt lat="30.63087352151674" lon="104.0564756365609"><ele>489</ele><time>2025-02-08T11:30:00.000Z</time></trkpt>
<trkpt lat="30.63087352151674" lon="104.0564756365609"><ele>489</ele><time>2025-02-08T11:30:01.000Z</time></trkpt>
<trkpt lat="30.63087352151674" lon="104.0564756365609"><ele>489</ele><time>2025-02-08T11:30:02.000Z</time></trkpt>
<trkpt lat="30.63087352151674" lon="104.0564756365609"><ele>489</ele><time>2025-02-08T11:30:03.000Z</time></trkpt>
<trkpt lat="30.63087352151674" lon="104.0564756365609"><ele>489</ele><time>2025-02-08T11:30:04.000Z</time></trkpt>
<trkpt lat="30.63087352151674" lon="104.0564756365609"><ele>489</ele><time>2025-02-08T11:30:05.000Z</time></trkpt>
<trkpt lat="30.63087352151674" lon="104.0564756365609"><ele>490</ele><time>2025-02-08T11:30:06.000Z</time></trkpt>
<trkpt lat="30.63087352151674" lon="104.0564756365609"><ele>490</ele><time>2025-02-08T11:30:07.000Z</time></trkpt>
<trkpt lat="30.63087352151674" lon="104.0564756365609"><ele>490</ele><time>2025-02-08T11:30:08.000Z</time></trkpt>
<trkpt lat="30.63087352151674" lon="104.0564756365609"><ele>490</ele><time>2025-02-08T11:30:09.000Z</time></trkpt>
<trkpt lat="30.63087352151674" lon="104.0564756365609"><ele>490</ele><time>2025-02-08T11:30:10.000Z</time></trkpt>
<trkpt lat="30.63087352151674" lon="104.0564756365609"><ele>491</ele><time>2025-02-08T11:30:11.000Z</time></trkpt>
<trkpt lat="30.63087352151674" lon="104.0564756365609"><ele>489</ele><time>2025-02-08T11:30:12.000Z</time></trkpt>
<trkpt lat="30.63087352151674" lon="104.0564756365609"><ele>489</ele><time>2025-02-08T11:30:13.000Z</time></trkpt>
<trkpt lat="30.63087352151674" lon="104.0564756365609"><ele>490</ele><time>2025-02-08T11:30:14.000Z</time></trkpt>
<trkpt lat="30.63087352151674" lon="104.0564756365609"><ele>490</ele><time>2025-02-08T11:30:15.000Z</time></trkpt>
<trkpt lat="30.63087352151674" lon="104.0564756365609"><ele>490</ele><time>2025-02-08T11:30:16.000Z</time></trkpt>
<trkpt lat="30.63087352151674" lon="104.0564756365609"><ele>490</ele><time>2025-02-08T11:30:17.000Z</time></trkpt>
<trkpt lat="30.63087352151674" lon="104.0564756365609"><ele>490</ele><time>2025-02-08T11:30:18.000Z</time></trkpt>
<trkpt lat="30.63087352151674" lon="104.0564756365609"><ele>490</ele><time>2025-02-08T11:30:19.000Z</time></trkpt>
<trkpt lat="30.63087352151674" lon="104.0564756365609"><ele>490</ele><time>2025-02-08T11:30:20.000Z</time></trkpt>
<trkpt lat="30.63087352151674" lon="104.0564756365609"><ele>490</ele><time>2025-02-08T11:30:21.000Z</time></trkpt>
<trkpt lat="30.63087352151674" lon="104.0564756365609"><ele>489</ele><time>2025-02-08T11:30:22.000Z</time></trkpt>
<trkpt lat="30.63087352151674" lon="104.0564756365609"><ele>490</ele><time>2025-02-08T11:30:23.000Z</time></trkpt>
<trkpt lat="30.63087352151674" lon="104.0564756365609"><ele>490</ele><time>2025-02-08T11:30:24.000Z</time></trkpt>
<trkpt lat="30.63087352151674" lon="104.0564756365609"><ele>490</ele><time>2025-02-08T11:30:25.000Z</time></trkpt>
<trkpt lat="30.63087352151674" lon="104.0564756365609"><ele>490</ele><time>2025-02-08T11:30:26.000Z</time></trkpt>
<trkpt lat="30.63087352151674" lon="104.0564756365609"><ele>490</ele><time>2025-02-08T11:30:27.000Z</time></trkpt>
<trkpt lat="30.63087352151674" lon="104.0564756365609"><ele>490</ele><time>2025-02-08T11:30:28.000Z</time></trkpt>
<trkpt lat="30.63087352151674" lon="104.0564756365609"><ele>490</ele><time>2025-02-08T11:30:29.000Z</time></trkpt>
<trkpt lat="30.63087352151674" lon="104.0564756365609"><ele>490</ele><time>2025-02-08T11:30:30.000Z</time></trkpt>
<trkpt lat="30.63087352151674" lon="104.0564756365609"><ele>492</ele><time>2025-02-08T11:30:31.000Z</time></trkpt>
<trkpt lat="30.63087352151674" lon="104.0564756365609"><ele>492</ele><time>2025-02-08T11:30:32.000Z</time></trkpt>
<trkpt lat="30.63087352151674" lon="104.0564756365609"><ele>491</ele><time>2025-02-08T11:30:33.000Z</time></trkpt>
<trkpt lat="30.63087352151674" lon="104.0564756365609"><ele>491</ele><time>2025-02-08T11:30:34.000Z</time></trkpt>
<trkpt lat="30.63087352151674" lon="104.0564756365609"><ele>491</ele><time>2025-02-08T11:30:35.000Z</time></trkpt>
<trkpt lat="30.63087352151674" lon="104.0564756365609"><ele>491</ele><time>2025-02-08T11:30:36.000Z</time></trkpt>
<trkpt lat="30.63087352151674" lon="104.0564756365609"><ele>491</ele><time>2025-02-08T11:30:37.000Z</time></trkpt>
<trkpt lat="30.63087352151674" lon="104.0564756365609"><ele>491</ele><time>2025-02-08T11:30:38.000Z</time></trkpt>
<trkpt lat="30.63087352151674" lon="104.0564756365609"><ele>491</ele><time>2025-02-08T11:30:39.000Z</time></trkpt>
<trkpt lat="30.63087352151674" lon="104.0564756365609"><ele>491</ele><time>2025-02-08T11:30:40.000Z</time></trkpt>
<trkpt lat="30.63087352151674" lon="104.0564756365609"><ele>490</ele><time>2025-02-08T11:30:41.000Z</time></trkpt>
<trkpt lat="30.63087352151674" lon="104.0564756365609"><ele>491</ele><time>2025-02-08T11:30:42.000Z</time></trkpt>
<trkpt lat="30.63087352151674" lon="104.0564756365609"><ele>491</ele><time>2025-02-08T11:30:43.000Z</time></trkpt>
<trkpt lat="30.63087352151674" lon="104.0564756365609"><ele>491</ele><time>2025-02-08T11:30:44.000Z</time></trkpt>
<trkpt lat="30.63087352151674" lon="104.0564756365609"><ele>491</ele><time>2025-02-08T11:30:45.000Z</time></trkpt>
<trkpt lat="30.63087352151674" lon="104.0564756365609"><ele>491</ele><time>2025-02-08T11:30:46.000Z</time></trkpt>
<trkpt lat="30.63087352151674" lon="104.0564756365609"><ele>491</ele><time>2025-02-08T11:30:47.000Z</time></trkpt>
<trkpt lat="30.63087352151674" lon="104.0564756365609"><ele>491</ele><time>2025-02-08T11:30:48.000Z</time></trkpt>
<trkpt lat="30.63087352151674" lon="104.0564756365609"><ele>492</ele><time>2025-02-08T11:30:49.000Z</time></trkpt>
<trkpt lat="30.63087352151674" lon="104.0564756365609"><ele>491</ele><time>2025-02-08T11:30:50.000Z</time></trkpt>
<trkpt lat="30.63087352151674" lon="104.0564756365609"><ele>491</ele><time>2025-02-08T11:30:51.000Z</time></trkpt>
<trkpt lat="30.63087352151674" lon="104.0564756365609"><ele>492</ele><time>2025-02-08T11:30:52.000Z</time></trkpt>
<trkpt lat="30.63087352151674" lon="104.0564756365609"><ele>491</ele><time>2025-02-08T11:30:53.000Z</time></trkpt>
<trkpt lat="30.63087352151674" lon="104.0564756365609"><ele>491</ele><time>2025-02-08T11:30:54.000Z</time></trkpt>
<trkpt lat="30.63087352151674" lon="104.0564756365609"><ele>491</ele><time>2025-02-08T11:30:55.000Z</time></trkpt>
<trkpt lat="30.63087352151674" lon="104.0564756365609"><ele>490</ele><time>2025-02-08T11:30:56.000Z</time></trkpt>
<trkpt lat="30.63087352151674" lon="104.0564756365609"><ele>490</ele><time>2025-02-08T11:30:57.000Z</time></trkpt>
<trkpt lat="30.63087352151674" lon="104.0564756365609"><ele>490</ele><time>2025-02-08T11:30:58.000Z</time></trkpt>
<trkpt lat="30.63087352151674" lon="104.0564756365609"><ele>490</ele><time>2025-02-08T11:30:59.000Z</time></trkpt>
<trkpt lat="30.63087352151674" lon="104.0564756365609"><ele>490</ele><time>2025-02-08T11:31:00.000Z</time></trkpt>
<trkpt lat="30.63087352151674" lon="104.0564756365609"><ele>490</ele><time>2025-02-08T11:31:01.000Z</time></trkpt>
<trkpt lat="30.63087352151674" lon="104.0564756365609"><ele>490</ele><time>2025-02-08T11:31:02.000Z</time></trkpt>
<trkpt lat="30.63087352151674" lon="104.0564756365609"><ele>491</ele><time>2025-02-08T11:31:03.000Z</time></trkpt>
<trkpt lat="30.63087352151674" lon="104.0564756365609"><ele>490</ele><time>2025-02-08T11:31:04.000Z</time></trkpt>
<trkpt lat="30.63087352151674" lon="104.0564756365609"><ele>490</ele><time>2025-02-08T11:31:05.000Z</time></trkpt>
<trkpt lat="30.63087352151674" lon="104.0564756365609"><ele>490</ele><time>2025-02-08T11:31:06.000Z</time></trkpt>
<trkpt lat="30.63087352151674" lon="104.0564756365609"><ele>491</ele><time>2025-02-08T11:31:07.000Z</time></trkpt>
<trkpt lat="30.63087352151674" lon="104.0564756365609"><ele>491</ele><time>2025-02-08T11:31:08.000Z</time></trkpt>
<trkpt lat="30.63087352151674" lon="104.0564756365609"><ele>491</ele><time>2025-02-08T11:31:09.000Z</time></trkpt>
<trkpt lat="30.63087352151674" lon="104.0564756365609"><ele>490</ele><time>2025-02-08T11:31:10.000Z</time></trkpt>
<trkpt lat="30.63087352151674" lon="104.0564756365609"><ele>491</ele><time>2025-02-08T11:31:11.000Z</time></trkpt>
<trkpt lat="30.63087352151674" lon="104.0564756365609"><ele>491</ele><time>2025-02-08T11:31:12.000Z</time></trkpt>
<trkpt lat="30.63087352151674" lon="104.0564756365609"><ele>491</ele><time>2025-02-08T11:31:13.000Z</time></trkpt>
<trkpt lat="30.63087352151674" lon="104.0564756365609"><ele>491</ele><time>2025-02-08T11:31:14.000Z</time></trkpt>
<trkpt lat="30.63087352151674" lon="104.0564756365609"><ele>491</ele><time>2025-02-08T11:31:15.000Z</time></trkpt>
<trkpt lat="30.63087352151674" lon="104.0564756365609"><ele>491</ele><time>2025-02-08T11:31:16.000Z</time></trkpt>
<trkpt lat="30.63087352151674" lon="104.0564756365609"><ele>491</ele><time>2025-02-08T11:31:17.000Z</time></trkpt>
<trkpt lat="30.63087352151674" lon="104.0564756365609"><ele>491</ele><time>2025-02-08T11:31:18.000Z</time></trkpt>
<trkpt lat="30.63087352151674" lon="104.0564756365609"><ele>491</ele><time>2025-02-08T11:31:19.000Z</time></trkpt>
<trkpt lat="30.63087352151674" lon="104.0564756365609"><ele>491</ele><time>2025-02-08T11:31:20.000Z</time></trkpt>
<trkpt lat="30.63087352151674" lon="104.0564756365609"><ele>490</ele><time>2025-02-08T11:31:21.000Z</time></trkpt>
<trkpt lat="30.63087352151674" lon="104.0564756365609"><ele>490</ele><time>2025-02-08T11:31:22.000Z</time></trkpt>
<trkpt lat="30.63087352151674" lon="104.0564756365609"><ele>490</ele><time>2025-02-08T11:31:23.000Z</time></trkpt>
<trkpt lat="30.63087352151674" lon="104.0564756365609"><ele>490</ele><time>2025-02-08T11:31:24.000Z</time></trkpt>
<trkpt lat="30.63087352151674" lon="104.0564756365609"><ele>490</ele><time>2025-02-08T11:31:25.000Z</time></trkpt>
<trkpt lat="30.63087352151674" lon="104.0564756365609"><ele>490</ele><time>2025-02-08T11:31:26.000Z</time></trkpt>
<trkpt lat="30.63087352151674" lon="104.0564756365609"><ele>490</ele><time>2025-02-08T11:31:27.000Z</time></trkpt>
<trkpt lat="30.63087352151674" lon="104.0564756365609"><ele>490</ele><time>2025-02-08T11:31:28.000Z</time></trkpt>
<trkpt lat="30.63087352151674" lon="104.0564756365609"><ele>490</ele><time>2025-02-08T11:31:29.000Z</time></trkpt>
<trkpt lat="30.63087352151674" lon="104.0564756365609"><ele>490</ele><time>2025-02-08T11:31:30.000Z</time></trkpt>
<trkpt lat="30.63087352151674" lon="104.0564756365609"><ele>490</ele><time>2025-02-08T11:31:31.000Z</time></trkpt>
<trkpt lat="30.63087352151674" lon="104.0564756365609"><ele>490</ele><time>2025-02-08T11:31:32.000Z</time></trkpt>
<trkpt lat="30.63087352151674" lon="104.0564756365609"><ele>490</ele><time>2025-02-08T11:31:33.000Z</time></trkpt>
<trkpt lat="30.63087352151674" lon="104.0564756365609"><ele>490</ele><time>2025-02-08T11:31:34.000Z</time></trkpt>
<trkpt lat="30.63087352151674" lon="104.0564756365609"><ele>490</ele><time>2025-02-08T11:31:35.000Z</time></trkpt>
<trkpt lat="30.63087352151674" lon="104.0564756365609"><ele>490</ele><time>2025-02-08T11:31:36.000Z</time></trkpt>
<trkpt lat="30.63087352151674" lon="104.0564756365609"><ele>490</ele><time>2025-02-08T11:31:37.000Z</time></trkpt>
<trkpt lat="30.63087352151674" lon="104.0564756365609"><ele>490</ele><time>2025-02-08T11:31:38.000Z</time></trkpt>
<trkpt lat="30.63087352151674" lon="104.0564756365609"><ele>490</ele><time>2025-02-08T11:31:39.000Z</time></trkpt>
<trkpt lat="30.63087352151674" lon="104.0564756365609"><ele>490</ele><time>2025-02-08T11:31:40.000Z</time></trkpt>
<trkpt lat="30.63087352151674" lon="104.0564756365609"><ele>490</ele><time>2025-02-08T11:31:41.000Z</time></trkpt>
<trkpt lat="30.63087352151674" lon="104.0564756365609"><ele>490</ele><time>2025-02-08T11:31:42.000Z</time></trkpt>
<trkpt lat="30.63087352151674" lon="104.0564756365609"><ele>490</ele><time>2025-02-08T11:31:43.000Z</time></trkpt>
<trkpt lat="30.63087352151674" lon="104.0564756365609"><ele>490</ele><time>2025-02-08T11:31:44.000Z</time></trkpt>
<trkpt lat="30.63087352151674" lon="104.0564756365609"><ele>490</ele><time>2025-02-08T11:31:45.000Z</time></trkpt>
<trkpt lat="30.63087352151674" lon="104.0564756365609"><ele>490</ele><time>2025-02-08T11:31:46.000Z</time></trkpt>
<trkpt lat="30.63087352151674" lon="104.0564756365609"><ele>490</ele><time>2025-02-08T11:31:47.000Z</time></trkpt>
<trkpt lat="30.63087352151674" lon="104.0564756365609"><ele>490</ele><time>2025-02-08T11:31:48.000Z</time></trkpt>
<trkpt lat="30.63087352151674" lon="104.0564756365609"><ele>490</ele><time>2025-02-08T11:31:49.000Z</time></trkpt>
<trkpt lat="30.63087352151674" lon="104.0564756365609"><ele>490</ele><time>2025-02-08T11:31:50.000Z</time></trkpt>
<trkpt lat="30.63087352151674" lon="104.0564756365609"><ele>490</ele><time>2025-02-08T11:31:51.000Z</time></trkpt>
<trkpt lat="30.63087352151674" lon="104.0564756365609"><ele>490</ele><time>2025-02-08T11:31:52.000Z</time></trkpt>
<trkpt lat="30.63087352151674" lon="104.0564756365609"><ele>490</ele><time>2025-02-08T11:31:53.000Z</time></trkpt>
<trkpt lat="30.63087352151674" lon="104.0564756365609"><ele>490</ele><time>2025-02-08T11:31:54.000Z</time></trkpt>
<trkpt lat="30.63087352151674" lon="104.0564756365609"><ele>490</ele><time>2025-02-08T11:31:55.000Z</time></trkpt>
<trkpt lat="30.63087352151674" lon="104.0564756365609"><ele>490</ele><time>2025-02-08T11:31:56.000Z</time></trkpt>
<trkpt lat="30.63087352151674" lon="104.0564756365609"><ele>490</ele><time>2025-02-08T11:31:57.000Z</time></trkpt>
<trkpt lat="30.63087352151674" lon="104.0564756365609"><ele>490</ele><time>2025-02-08T11:31:58.000Z</time></trkpt>
<trkpt lat="30.63087352151674" lon="104.0564756365609"><ele>490</ele><time>2025-02-08T11:31:59.000Z</time></trkpt>
<trkpt lat="30.63087352151674" lon="104.0564756365609"><ele>490</ele><time>2025-02-08T11:32:00.000Z</time></trkpt>
<trkpt lat="30.63087352151674" lon="104.0564756365609"><ele>491</ele><time>2025-02-08T11:32:01.000Z</time></trkpt>
<trkpt lat="30.63087352151674" lon="104.0564756365609"><ele>490</ele><time>2025-02-08T11:32:02.000Z</time></trkpt>
<trkpt lat="30.63087352151674" lon="104.0564756365609"><ele>490</ele><time>2025-02-08T11:32:03.000Z</time></trkpt>
<trkpt lat="30.63087352151674" lon="104.0564756365609"><ele>490</ele><time>2025-02-08T11:32:04.000Z</time></trkpt>
<trkpt lat="30.63087352151674" lon="104.0564756365609"><ele>490</ele><time>2025-02-08T11:32:05.000Z</time></trkpt>
<trkpt lat="30.63087352151674" lon="104.0564756365609"><ele>491</ele><time>2025-02-08T11:32:06.000Z</time></trkpt>
<trkpt lat="30.63087352151674" lon="104.0564756365609"><ele>491</ele><time>2025-02-08T11:32:07.000Z</time></trkpt>
<trkpt lat="30.63087352151674" lon="104.0564756365609"><ele>491</ele><time>2025-02-08T11:32:08.000Z</time></trkpt>
<trkpt lat="30.63087352151674" lon="104.0564756365609"><ele>491</ele><time>2025-02-08T11:32:09.000Z</time></trkpt>
<trkpt lat="30.63087352151674" lon="104.0564756365609"><ele>491</ele><time>2025-02-08T11:32:10.000Z</time></trkpt>
<trkpt lat="30.63087352151674" lon="104.0564756365609"><ele>492</ele><time>2025-02-08T11:32:11.000Z</time></trkpt>
<trkpt lat="30.63087352151674" lon="104.0564756365609"><ele>492</ele><time>2025-02-08T11:32:12.000Z</time></trkpt>
<trkpt lat="30.63087352151674" lon="104.0564756365609"><ele>492</ele><time>2025-02-08T11:32:13.000Z</time></trkpt>
<trkpt lat="30.63087352151674" lon="104.0564756365609"><ele>492</ele><time>2025-02-08T11:32:14.000Z</time></trkpt>
<trkpt lat="30.63087352151674" lon="104.0564756365609"><ele>491</ele><time>2025-02-08T11:32:15.000Z</time></trkpt>
<trkpt lat="30.63087352151674" lon="104.0564756365609"><ele>491</ele><time>2025-02-08T11:32:16.000Z</time></trkpt>
<trkpt lat="30.63087352151674" lon="104.0564756365609"><ele>491</ele><time>2025-02-08T11:32:17.000Z</time></trkpt>
<trkpt lat="30.63087352151674" lon="104.0564756365609"><ele>491</ele><time>2025-02-08T11:32:18.000Z</time></trkpt>
<trkpt lat="30.63087352151674" lon="104.0564756365609"><ele>491</ele><time>2025-02-08T11:32:19.000Z</time></trkpt>
<trkpt lat="30.63087352151674" lon="104.0564756365609"><ele>491</ele><time>2025-02-08T11:32:20.000Z</time></trkpt>
<trkpt lat="30.63087352151674" lon="104.0564756365609"><ele>491</ele><time>2025-02-08T11:32:21.000Z</time></trkpt>
<trkpt lat="30.63087352151674" lon="104.0564756365609"><ele>492</ele><time>2025-02-08T11:32:22.000Z</time></trkpt>
<trkpt lat="30.63087352151674" lon="104.0564756365609"><ele>491</ele><time>2025-02-08T11:32:23.000Z</time></trkpt>
<trkpt lat="30.63087352151674" lon="104.0564756365609"><ele>492</ele><time>2025-02-08T11:32:24.000Z</time></trkpt>
<trkpt lat="30.63087352151674" lon="104.0564756365609"><ele>491</ele><time>2025-02-08T11:32:25.000Z</time></trkpt>
<trkpt lat="30.63087352151674" lon="104.0564756365609"><ele>492</ele><time>2025-02-08T11:32:26.000Z</time></trkpt>
<trkpt lat="30.63087352151674" lon="104.0564756365609"><ele>492</ele><time>2025-02-08T11:32:27.000Z</time></trkpt>
<trkpt lat="30.63087352151674" lon="104.0564756365609"><ele>492</ele><time>2025-02-08T11:32:28.000Z</time></trkpt>
<trkpt lat="30.63087352151674" lon="104.0564756365609"><ele>492</ele><time>2025-02-08T11:32:29.000Z</time></trkpt>
<trkpt lat="30.63087352151674" lon="104.0564756365609"><ele>492</ele><time>2025-02-08T11:32:30.000Z</time></trkpt>
<trkpt lat="30.63087352151674" lon="104.0564756365609"><ele>492</ele><time>2025-02-08T11:32:31.000Z</time></trkpt>
<trkpt lat="30.63087352151674" lon="104.0564756365609"><ele>492</ele><time>2025-02-08T11:32:32.000Z</time></trkpt>
<trkpt lat="30.63087352151674" lon="104.0564756365609"><ele>491</ele><time>2025-02-08T11:32:33.000Z</time></trkpt>
<trkpt lat="30.63087352151674" lon="104.0564756365609"><ele>492</ele><time>2025-02-08T11:32:34.000Z</time></trkpt>
<trkpt lat="30.63087352151674" lon="104.0564756365609"><ele>491</ele><time>2025-02-08T11:32:35.000Z</time></trkpt>
<trkpt lat="30.63087352151674" lon="104.0564756365609"><ele>491</ele><time>2025-02-08T11:32:36.000Z</time></trkpt>
<trkpt lat="30.63087352151674" lon="104.0564756365609"><ele>492</ele><time>2025-02-08T11:32:37.000Z</time></trkpt>
<trkpt lat="30.63087352151674" lon="104.0564756365609"><ele>491</ele><time>2025-02-08T11:32:38.000Z</time></trkpt>
<trkpt lat="30.63087352151674" lon="104.0564756365609"><ele>492</ele><time>2025-02-08T11:32:39.000Z</time></trkpt>
<trkpt lat="30.63087352151674" lon="104.0564756365609"><ele>492</ele><time>2025-02-08T11:32:40.000Z</time></trkpt>
<trkpt lat="30.63087352151674" lon="104.0564756365609"><ele>492</ele><time>2025-02-08T11:32:41.000Z</time></trkpt>
<trkpt lat="30.63087352151674" lon="104.0564756365609"><ele>492</ele><time>2025-02-08T11:32:42.000Z</time></trkpt>
<trkpt lat="30.63087352151674" lon="104.0564756365609"><ele>493</ele><time>2025-02-08T11:32:43.000Z</time></trkpt>
<trkpt lat="30.63087352151674" lon="104.0564756365609"><ele>493</ele><time>2025-02-08T11:32:44.000Z</time></trkpt>
<trkpt lat="30.63087352151674" lon="104.0564756365609"><ele>493</ele><time>2025-02-08T11:32:45.000Z</time></trkpt>
<trkpt lat="30.63087352151674" lon="104.0564756365609"><ele>493</ele><time>2025-02-08T11:32:46.000Z</time></trkpt>
<trkpt lat="30.63087352151674" lon="104.0564756365609"><ele>493</ele><time>2025-02-08T11:32:47.000Z</time></trkpt>
<trkpt lat="30.63087352151674" lon="104.0564756365609"><ele>492</ele><time>2025-02-08T11:32:48.000Z</time></trkpt>
<trkpt lat="30.63087352151674" lon="104.0564756365609"><ele>492</ele><time>2025-02-08T11:32:49.000Z</time></trkpt>
<trkpt lat="30.63087352151674" lon="104.0564756365609"><ele>493</ele><time>2025-02-08T11:32:50.000Z</time></trkpt>
<trkpt lat="30.63087352151674" lon="104.0564756365609"><ele>493</ele><time>2025-02-08T11:32:51.000Z</time></trkpt>
<trkpt lat="30.63087352151674" lon="104.0564756365609"><ele>492</ele><time>2025-02-08T11:32:52.000Z</time></trkpt>
<trkpt lat="30.63087352151674" lon="104.0564756365609"><ele>493</ele><time>2025-02-08T11:32:53.000Z</time></trkpt>
<trkpt lat="30.63087352151674" lon="104.0564756365609"><ele>493</ele><time>2025-02-08T11:32:54.000Z</time></trkpt>
<trkpt lat="30.63087352151674" lon="104.0564756365609"><ele>494</ele><time>2025-02-08T11:32:55.000Z</time></trkpt>
<trkpt lat="30.63087352151674" lon="104.0564756365609"><ele>494</ele><time>2025-02-08T11:32:56.000Z</time></trkpt>
<trkpt lat="30.63087352151674" lon="104.0564756365609"><ele>495</ele><time>2025-02-08T11:32:57.000Z</time></trkpt>
<trkpt lat="30.63087352151674" lon="104.0564756365609"><ele>494</ele><time>2025-02-08T11:32:58.000Z</time></trkpt>
<trkpt lat="30.63087352151674" lon="104.0564756365609"><ele>494</ele><time>2025-02-08T11:32:59.000Z</time></trkpt>
<trkpt lat="30.63087352151674" lon="104.0564756365609"><ele>494</ele><time>2025-02-08T11:33:00.000Z</time></trkpt>
<trkpt lat="30.63087352151674" lon="104.0564756365609"><ele>494</ele><time>2025-02-08T11:33:01.000Z</time></trkpt>
<trkpt lat="30.63087352151674" lon="104.0564756365609"><ele>494</ele><time>2025-02-08T11:33:02.000Z</time></trkpt>
<trkpt lat="30.63087352151674" lon="104.0564756365609"><ele>494</ele><time>2025-02-08T11:33:03.000Z</time></trkpt>
<trkpt lat="30.63087352151674" lon="104.0564756365609"><ele>494</ele><time>2025-02-08T11:33:04.000Z</time></trkpt>
<trkpt lat="30.63087352151674" lon="104.0564756365609"><ele>494</ele><time>2025-02-08T11:33:05.000Z</time></trkpt>
<trkpt lat="30.63087352151674" lon="104.0564756365609"><ele>494</ele><time>2025-02-08T11:33:06.000Z</time></trkpt>
<trkpt lat="30.63087352151674" lon="104.0564756365609"><ele>493</ele><time>2025-02-08T11:33:07.000Z</time></trkpt>
<trkpt lat="30.63087352151674" lon="104.0564756365609"><ele>493</ele><time>2025-02-08T11:33:08.000Z</time></trkpt>
<trkpt lat="30.63087352151674" lon="104.0564756365609"><ele>493</ele><time>2025-02-08T11:33:09.000Z</time></trkpt>
<trkpt lat="30.63087352151674" lon="104.0564756365609"><ele>494</ele><time>2025-02-08T11:33:10.000Z</time></trkpt>
<trkpt lat="30.63087352151674" lon="104.0564756365609"><ele>494</ele><time>2025-02-08T11:33:11.000Z</time></trkpt>
<trkpt lat="30.63087352151674" lon="104.0564756365609"><ele>494</ele><time>2025-02-08T11:33:12.000Z</time></trkpt>
<trkpt lat="30.63087352151674" lon="104.0564756365609"><ele>493</ele><time>2025-02-08T11:33:13.000Z</time></trkpt>
<trkpt lat="30.63087352151674" lon="104.0564756365609"><ele>493</ele><time>2025-02-08T11:33:14.000Z</time></trkpt>
<trkpt lat="30.63087352151674" lon="104.0564756365609"><ele>493</ele><time>2025-02-08T11:33:15.000Z</time></trkpt>
<trkpt lat="30.63087352151674" lon="104.0564756365609"><ele>493</ele><time>2025-02-08T11:33:16.000Z</time></trkpt>
<trkpt lat="30.63087352151674" lon="104.0564756365609"><ele>493</ele><time>2025-02-08T11:33:17.000Z</time></trkpt>
<trkpt lat="30.63087352151674" lon="104.0564756365609"><ele>494</ele><time>2025-02-08T11:33:18.000Z</time></trkpt>
<trkpt lat="30.63087352151674" lon="104.0564756365609"><ele>494</ele><time>2025-02-08T11:33:19.000Z</time></trkpt>
<trkpt lat="30.63087352151674" lon="104.0564756365609"><ele>494</ele><time>2025-02-08T11:33:20.000Z</time></trkpt>
<trkpt lat="30.63087352151674" lon="104.0564756365609"><ele>495</ele><time>2025-02-08T11:33:21.000Z</time></trkpt>
<trkpt lat="30.63087352151674" lon="104.0564756365609"><ele>494</ele><time>2025-02-08T11:33:22.000Z</time></trkpt>
<trkpt lat="30.63087352151674" lon="104.0564756365609"><ele>495</ele><time>2025-02-08T11:33:23.000Z</time></trkpt>
<trkpt lat="30.63087352151674" lon="104.0564756365609"><ele>495</ele><time>2025-02-08T11:33:24.000Z</time></trkpt>
<trkpt lat="30.63087352151674" lon="104.0564756365609"><ele>494</ele><time>2025-02-08T11:33:25.000Z</time></trkpt>
<trkpt lat="30.63087352151674" lon="104.0564756365609"><ele>494</ele><time>2025-02-08T11:33:26.000Z</time></trkpt>
<trkpt lat="30.63087352151674" lon="104.0564756365609"><ele>494</ele><time>2025-02-08T11:33:27.000Z</time></trkpt>
<trkpt lat="30.63087352151674" lon="104.0564756365609"><ele>495</ele><time>2025-02-08T11:33:28.000Z</time></trkpt>
<trkpt lat="30.63087352151674" lon="104.0564756365609"><ele>495</ele><time>2025-02-08T11:33:29.000Z</time></trkpt>
<trkpt lat="30.63087352151674" lon="104.0564756365609"><ele>495</ele><time>2025-02-08T11:33:30.000Z</time></trkpt>
<trkpt lat="30.63087352151674" lon="104.0564756365609"><ele>495</ele><time>2025-02-08T11:33:31.000Z</time></trkpt>
<trkpt lat="30.63087352151674" lon="104.0564756365609"><ele>495</ele><time>2025-02-08T11:33:32.000Z</time></trkpt>
<trkpt lat="30.63087352151674" lon="104.0564756365609"><ele>494</ele><time>2025-02-08T11:33:33.000Z</time></trkpt>
<trkpt lat="30.63087352151674" lon="104.0564756365609"><ele>495</ele><time>2025-02-08T11:33:34.000Z</time></trkpt>
<trkpt lat="30.63087352151674" lon="104.0564756365609"><ele>496</ele><time>2025-02-08T11:33:35.000Z</time></trkpt>
<trkpt lat="30.63087352151674" lon="104.0564756365609"><ele>495</ele><time>2025-02-08T11:33:36.000Z</time></trkpt>
<trkpt lat="30.63087352151674" lon="104.0564756365609"><ele>495</ele><time>2025-02-08T11:33:37.000Z</time></trkpt>
<trkpt lat="30.63087352151674" lon="104.0564756365609"><ele>495</ele><time>2025-02-08T11:33:38.000Z</time></trkpt>
<trkpt lat="30.63087352151674" lon="104.0564756365609"><ele>495</ele><time>2025-02-08T11:33:39.000Z</time></trkpt>
<trkpt lat="30.63087352151674" lon="104.0564756365609"><ele>495</ele><time>2025-02-08T11:33:40.000Z</time></trkpt>
<trkpt lat="30.63087352151674" lon="104.0564756365609"><ele>495</ele><time>2025-02-08T11:33:41.000Z</time></trkpt>
<trkpt lat="30.63087352151674" lon="104.0564756365609"><ele>495</ele><time>2025-02-08T11:33:42.000Z</time></trkpt>
<trkpt lat="30.63087352151674" lon="104.0564756365609"><ele>495</ele><time>2025-02-08T11:33:43.000Z</time></trkpt>
<trkpt lat="30.63087352151674" lon="104.0564756365609"><ele>495</ele><time>2025-02-08T11:33:44.000Z</time></trkpt>
<trkpt lat="30.63087352151674" lon="104.0564756365609"><ele>494</ele><time>2025-02-08T11:33:45.000Z</time></trkpt>
<trkpt lat="30.63087352151674" lon="104.0564756365609"><ele>494</ele><time>2025-02-08T11:33:46.000Z</time></trkpt>
<trkpt lat="30.63087352151674" lon="104.0564756365609"><ele>494</ele><time>2025-02-08T11:33:47.000Z</time></trkpt>
<trkpt lat="30.63087352151674" lon="104.0564756365609"><ele>494</ele><time>2025-02-08T11:33:48.000Z</time></trkpt>
<trkpt lat="30.63087352151674" lon="104.0564756365609"><ele>494</ele><time>2025-02-08T11:33:49.000Z</time></trkpt>
<trkpt lat="30.63087352151674" lon="104.0564756365609"><ele>494</ele><time>2025-02-08T11:33:50.000Z</time></trkpt>
<trkpt lat="30.63087352151674" lon="104.0564756365609"><ele>494</ele><time>2025-02-08T11:33:51.000Z</time></trkpt>
<trkpt lat="30.63087352151674" lon="104.0564756365609"><ele>494</ele><time>2025-02-08T11:33:52.000Z</time></trkpt>
<trkpt lat="30.63087352151674" lon="104.0564756365609"><ele>494</ele><time>2025-02-08T11:33:53.000Z</time></trkpt>
<trkpt lat="30.63087352151674" lon="104.0564756365609"><ele>494</ele><time>2025-02-08T11:33:54.000Z</time></trkpt>
<trkpt lat="30.63087352151674" lon="104.0564756365609"><ele>494</ele><time>2025-02-08T11:33:55.000Z</time></trkpt>
<trkpt lat="30.63087352151674" lon="104.0564756365609"><ele>494</ele><time>2025-02-08T11:33:56.000Z</time></trkpt>
<trkpt lat="30.63087352151674" lon="104.0564756365609"><ele>494</ele><time>2025-02-08T11:33:57.000Z</time></trkpt>
<trkpt lat="30.63087352151674" lon="104.0564756365609"><ele>494</ele><time>2025-02-08T11:33:58.000Z</time></trkpt>
<trkpt lat="30.63087352151674" lon="104.0564756365609"><ele>494</ele><time>2025-02-08T11:33:59.000Z</time></trkpt>
<trkpt lat="30.63087352151674" lon="104.0564756365609"><ele>494</ele><time>2025-02-08T11:34:00.000Z</time></trkpt>
<trkpt lat="30.63087352151674" lon="104.0564756365609"><ele>494</ele><time>2025-02-08T11:34:01.000Z</time></trkpt>
<trkpt lat="30.63087352151674" lon="104.0564756365609"><ele>494</ele><time>2025-02-08T11:34:02.000Z</time></trkpt>
<trkpt lat="30.63087352151674" lon="104.0564756365609"><ele>494</ele><time>2025-02-08T11:34:03.000Z</time></trkpt>
<trkpt lat="30.63087352151674" lon="104.0564756365609"><ele>494</ele><time>2025-02-08T11:34:04.000Z</time></trkpt>
<trkpt lat="30.63087352151674" lon="104.0564756365609"><ele>494</ele><time>2025-02-08T11:34:05.000Z</time></trkpt>
<trkpt lat="30.63087352151674" lon="104.0564756365609"><ele>494</ele><time>2025-02-08T11:34:06.000Z</time></trkpt>
<trkpt lat="30.63087352151674" lon="104.0564756365609"><ele>493</ele><time>2025-02-08T11:34:07.000Z</time></trkpt>
<trkpt lat="30.63087352151674" lon="104.0564756365609"><ele>493</ele><time>2025-02-08T11:34:08.000Z</time></trkpt>
<trkpt lat="30.63087352151674" lon="104.0564756365609"><ele>493</ele><time>2025-02-08T11:34:09.000Z</time></trkpt>
<trkpt lat="30.63087352151674" lon="104.0564756365609"><ele>493</ele><time>2025-02-08T11:34:10.000Z</time></trkpt>
<trkpt lat="30.63087352151674" lon="104.0564756365609"><ele>494</ele><time>2025-02-08T11:34:11.000Z</time></trkpt>
<trkpt lat="30.63087352151674" lon="104.0564756365609"><ele>494</ele><time>2025-02-08T11:34:12.000Z</time></trkpt>
<trkpt lat="30.63087352151674" lon="104.0564756365609"><ele>494</ele><time>2025-02-08T11:34:13.000Z</time></trkpt>
<trkpt lat="30.63087352151674" lon="104.0564756365609"><ele>496</ele><time>2025-02-08T11:34:14.000Z</time></trkpt>
<trkpt lat="30.63087352151674" lon="104.0564756365609"><ele>496</ele><time>2025-02-08T11:34:15.000Z</time></trkpt>
<trkpt lat="30.63087352151674" lon="104.0564756365609"><ele>496</ele><time>2025-02-08T11:34:16.000Z</time></trkpt>
<trkpt lat="30.63087352151674" lon="104.0564756365609"><ele>495</ele><time>2025-02-08T11:34:17.000Z</time></trkpt>
<trkpt lat="30.63087352151674" lon="104.0564756365609"><ele>495</ele><time>2025-02-08T11:34:18.000Z</time></trkpt>
<trkpt lat="30.63087352151674" lon="104.0564756365609"><ele>495</ele><time>2025-02-08T11:34:19.000Z</time></trkpt>
<trkpt lat="30.63087352151674" lon="104.0564756365609"><ele>495</ele><time>2025-02-08T11:34:20.000Z</time></trkpt>
<trkpt lat="30.63087352151674" lon="104.0564756365609"><ele>495</ele><time>2025-02-08T11:34:21.000Z</time></trkpt>
<trkpt lat="30.63087352151674" lon="104.0564756365609"><ele>495</ele><time>2025-02-08T11:34:22.000Z</time></trkpt>
<trkpt lat="30.63087352151674" lon="104.0564756365609"><ele>495</ele><time>2025-02-08T11:34:23.000Z</time></trkpt>
<trkpt lat="30.63087352151674" lon="104.0564756365609"><ele>495</ele><time>2025-02-08T11:34:24.000Z</time></trkpt>
<trkpt lat="30.63087352151674" lon="104.0564756365609"><ele>496</ele><time>2025-02-08T11:34:25.000Z</time></trkpt>
<trkpt lat="30.63087352151674" lon="104.0564756365609"><ele>496</ele><time>2025-02-08T11:34:26.000Z</time></trkpt>
<trkpt lat="30.63087352151674" lon="104.0564756365609"><ele>495</ele><time>2025-02-08T11:34:27.000Z</time></trkpt>
<trkpt lat="30.63087352151674" lon="104.0564756365609"><ele>495</ele><time>2025-02-08T11:34:28.000Z</time></trkpt>
<trkpt lat="30.63087352151674" lon="104.0564756365609"><ele>495</ele><time>2025-02-08T11:34:29.000Z</time></trkpt>
<trkpt lat="30.63087352151674" lon="104.0564756365609"><ele>495</ele><time>2025-02-08T11:34:30.000Z</time></trkpt>
<trkpt lat="30.63087352151674" lon="104.0564756365609"><ele>495</ele><time>2025-02-08T11:34:31.000Z</time></trkpt>
<trkpt lat="30.63087352151674" lon="104.0564756365609"><ele>495</ele><time>2025-02-08T11:34:32.000Z</time></trkpt>
<trkpt lat="30.63087352151674" lon="104.0564756365609"><ele>495</ele><time>2025-02-08T11:34:33.000Z</time></trkpt>
<trkpt lat="30.63087352151674" lon="104.0564756365609"><ele>495</ele><time>2025-02-08T11:34:34.000Z</time></trkpt>
<trkpt lat="30.63087352151674" lon="104.0564756365609"><ele>495</ele><time>2025-02-08T11:34:35.000Z</time></trkpt>
<trkpt lat="30.63087352151674" lon="104.0564756365609"><ele>496</ele><time>2025-02-08T11:34:36.000Z</time></trkpt>
<trkpt lat="30.63087352151674" lon="104.0564756365609"><ele>495</ele><time>2025-02-08T11:34:37.000Z</time></trkpt>
<trkpt lat="30.63087352151674" lon="104.0564756365609"><ele>495</ele><time>2025-02-08T11:34:38.000Z</time></trkpt>
<trkpt lat="30.63087352151674" lon="104.0564756365609"><ele>495</ele><time>2025-02-08T11:34:39.000Z</time></trkpt>
<trkpt lat="30.63087352151674" lon="104.0564756365609"><ele>495</ele><time>2025-02-08T11:34:40.000Z</time></trkpt>
<trkpt lat="30.63087352151674" lon="104.0564756365609"><ele>495</ele><time>2025-02-08T11:34:41.000Z</time></trkpt>
<trkpt lat="30.63087352151674" lon="104.0564756365609"><ele>495</ele><time>2025-02-08T11:34:42.000Z</time></trkpt>
<trkpt lat="30.63087352151674" lon="104.0564756365609"><ele>495</ele><time>2025-02-08T11:34:43.000Z</time></trkpt>
<trkpt lat="30.63087352151674" lon="104.0564756365609"><ele>495</ele><time>2025-02-08T11:34:44.000Z</time></trkpt>
<trkpt lat="30.63087352151674" lon="104.0564756365609"><ele>495</ele><time>2025-02-08T11:34:45.000Z</time></trkpt>
<trkpt lat="30.63087352151674" lon="104.0564756365609"><ele>495</ele><time>2025-02-08T11:34:46.000Z</time></trkpt>
<trkpt lat="30.63087352151674" lon="104.0564756365609"><ele>495</ele><time>2025-02-08T11:34:47.000Z</time></trkpt>
<trkpt lat="30.63087352151674" lon="104.0564756365609"><ele>495</ele><time>2025-02-08T11:34:48.000Z</time></trkpt>
<trkpt lat="30.63087352151674" lon="104.0564756365609"><ele>495</ele><time>2025-02-08T11:34:49.000Z</time></trkpt>
<trkpt lat="30.63087352151674" lon="104.0564756365609"><ele>494</ele><time>2025-02-08T11:34:50.000Z</time></trkpt>
<trkpt lat="30.63087352151674" lon="104.0564756365609"><ele>494</ele><time>2025-02-08T11:34:51.000Z</time></trkpt>
<trkpt lat="30.63087352151674" lon="104.0564756365609"><ele>494</ele><time>2025-02-08T11:34:52.000Z</time></trkpt>
<trkpt lat="30.63087352151674" lon="104.0564756365609"><ele>494</ele><time>2025-02-08T11:34:53.000Z</time></trkpt>
<trkpt lat="30.63087352151674" lon="104.0564756365609"><ele>494</ele><time>2025-02-08T11:34:54.000Z</time></trkpt>
<trkpt lat="30.63087352151674" lon="104.0564756365609"><ele>494</ele><time>2025-02-08T11:34:55.000Z</time></trkpt>
<trkpt lat="30.63087352151674" lon="104.0564756365609"><ele>494</ele><time>2025-02-08T11:34:56.000Z</time></trkpt>
<trkpt lat="30.63087352151674" lon="104.0564756365609"><ele>494</ele><time>2025-02-08T11:34:57.000Z</time></trkpt>
<trkpt lat="30.63087352151674" lon="104.0564756365609"><ele>494</ele><time>2025-02-08T11:34:58.000Z</time></trkpt>
<trkpt lat="30.63087352151674" lon="104.0564756365609"><ele>494</ele><time>2025-02-08T11:34:59.000Z</time></trkpt>
<trkpt lat="30.63087352151674" lon="104.0564756365609"><ele>495</ele><time>2025-02-08T11:35:00.000Z</time></trkpt>
<trkpt lat="30.63087352151674" lon="104.0564756365609"><ele>495</ele><time>2025-02-08T11:35:01.000Z</time></trkpt>
<trkpt lat="30.63087352151674" lon="104.0564756365609"><ele>495</ele><time>2025-02-08T11:35:02.000Z</time></trkpt>
<trkpt lat="30.63087352151674" lon="104.0564756365609"><ele>495</ele><time>2025-02-08T11:35:03.000Z</time></trkpt>
<trkpt lat="30.63087352151674" lon="104.0564756365609"><ele>495</ele><time>2025-02-08T11:35:04.000Z</time></trkpt>
<trkpt lat="30.63087352151674" lon="104.0564756365609"><ele>496</ele><time>2025-02-08T11:35:05.000Z</time></trkpt>
<trkpt lat="30.63087352151674" lon="104.0564756365609"><ele>495</ele><time>2025-02-08T11:35:06.000Z</time></trkpt>
<trkpt lat="30.63087352151674" lon="104.0564756365609"><ele>496</ele><time>2025-02-08T11:35:07.000Z</time></trkpt>
<trkpt lat="30.63087352151674" lon="104.0564756365609"><ele>495</ele><time>2025-02-08T11:35:08.000Z</time></trkpt>
<trkpt lat="30.63087352151674" lon="104.0564756365609"><ele>495</ele><time>2025-02-08T11:35:09.000Z</time></trkpt>
<trkpt lat="30.63087352151674" lon="104.0564756365609"><ele>495</ele><time>2025-02-08T11:35:10.000Z</time></trkpt>
<trkpt lat="30.63087352151674" lon="104.0564756365609"><ele>495</ele><time>2025-02-08T11:35:11.000Z</time></trkpt>
<trkpt lat="30.63087352151674" lon="104.0564756365609"><ele>495</ele><time>2025-02-08T11:35:12.000Z</time></trkpt>
<trkpt lat="30.63087352151674" lon="104.0564756365609"><ele>495</ele><time>2025-02-08T11:35:13.000Z</time></trkpt>
<trkpt lat="30.63087352151674" lon="104.0564756365609"><ele>495</ele><time>2025-02-08T11:35:14.000Z</time></trkpt>
<trkpt lat="30.63087352151674" lon="104.0564756365609"><ele>495</ele><time>2025-02-08T11:35:15.000Z</time></trkpt>
<trkpt lat="30.63087352151674" lon="104.0564756365609"><ele>495</ele><time>2025-02-08T11:35:16.000Z</time></trkpt>
<trkpt lat="30.63087352151674" lon="104.0564756365609"><ele>494</ele><time>2025-02-08T11:35:17.000Z</time></trkpt>
<trkpt lat="30.63087352151674" lon="104.0564756365609"><ele>494</ele><time>2025-02-08T11:35:18.000Z</time></trkpt>
<trkpt lat="30.63087352151674" lon="104.0564756365609"><ele>494</ele><time>2025-02-08T11:35:19.000Z</time></trkpt>
<trkpt lat="30.63087352151674" lon="104.0564756365609"><ele>494</ele><time>2025-02-08T11:35:20.000Z</time></trkpt>
<trkpt lat="30.63087352151674" lon="104.0564756365609"><ele>494</ele><time>2025-02-08T11:35:21.000Z</time></trkpt>
<trkpt lat="30.63087352151674" lon="104.0564756365609"><ele>494</ele><time>2025-02-08T11:35:22.000Z</time></trkpt>
<trkpt lat="30.63087352151674" lon="104.0564756365609"><ele>494</ele><time>2025-02-08T11:35:23.000Z</time></trkpt>
<trkpt lat="30.63087352151674" lon="104.0564756365609"><ele>494</ele><time>2025-02-08T11:35:24.000Z</time></trkpt>
<trkpt lat="30.63087352151674" lon="104.0564756365609"><ele>494</ele><time>2025-02-08T11:35:25.000Z</time></trkpt>
<trkpt lat="30.63087352151674" lon="104.0564756365609"><ele>493</ele><time>2025-02-08T11:35:26.000Z</time></trkpt>
<trkpt lat="30.63087352151674" lon="104.0564756365609"><ele>494</ele><time>2025-02-08T11:35:27.000Z</time></trkpt>
<trkpt lat="30.63087352151674" lon="104.0564756365609"><ele>494</ele><time>2025-02-08T11:35:28.000Z</time></trkpt>
<trkpt lat="30.63087352151674" lon="104.0564756365609"><ele>494</ele><time>2025-02-08T11:35:29.000Z</time></trkpt>
<trkpt lat="30.63087352151674" lon="104.0564756365609"><ele>494</ele><time>2025-02-08T11:35:30.000Z</time></trkpt>
<trkpt lat="30.63087352151674" lon="104.0564756365609"><ele>494</ele><time>2025-02-08T11:35:31.000Z</time></trkpt>
<trkpt lat="30.63087352151674" lon="104.0564756365609"><ele>493</ele><time>2025-02-08T11:35:32.000Z</time></trkpt>
<trkpt lat="30.63087352151674" lon="104.0564756365609"><ele>493</ele><time>2025-02-08T11:35:33.000Z</time></trkpt>
<trkpt lat="30.63087352151674" lon="104.0564756365609"><ele>493</ele><time>2025-02-08T11:35:34.000Z</time></trkpt>
<trkpt lat="30.63087352151674" lon="104.0564756365609"><ele>493</ele><time>2025-02-08T11:35:35.000Z</time></trkpt>
<trkpt lat="30.63087352151674" lon="104.0564756365609"><ele>493</ele><time>2025-02-08T11:35:36.000Z</time></trkpt>
<trkpt lat="30.63087352151674" lon="104.0564756365609"><ele>493</ele><time>2025-02-08T11:35:37.000Z</time></trkpt>
<trkpt lat="30.63087352151674" lon="104.0564756365609"><ele>492</ele><time>2025-02-08T11:35:38.000Z</time></trkpt>
<trkpt lat="30.63087352151674" lon="104.0564756365609"><ele>492</ele><time>2025-02-08T11:35:39.000Z</time></trkpt>
<trkpt lat="30.63087352151674" lon="104.0564756365609"><ele>491</ele><time>2025-02-08T11:35:40.000Z</time></trkpt>
<trkpt lat="30.63087352151674" lon="104.0564756365609"><ele>492</ele><time>2025-02-08T11:35:41.000Z</time></trkpt>
<trkpt lat="30.63087352151674" lon="104.0564756365609"><ele>492</ele><time>2025-02-08T11:35:42.000Z</time></trkpt>
<trkpt lat="30.63087352151674" lon="104.0564756365609"><ele>492</ele><time>2025-02-08T11:35:43.000Z</time></trkpt>
<trkpt lat="30.63087352151674" lon="104.0564756365609"><ele>491</ele><time>2025-02-08T11:35:44.000Z</time></trkpt>
<trkpt lat="30.63087352151674" lon="104.0564756365609"><ele>491</ele><time>2025-02-08T11:35:45.000Z</time></trkpt>
<trkpt lat="30.63087352151674" lon="104.0564756365609"><ele>490</ele><time>2025-02-08T11:35:46.000Z</time></trkpt>
<trkpt lat="30.63087352151674" lon="104.0564756365609"><ele>490</ele><time>2025-02-08T11:35:47.000Z</time></trkpt>
<trkpt lat="30.63087352151674" lon="104.0564756365609"><ele>490</ele><time>2025-02-08T11:35:48.000Z</time></trkpt>
<trkpt lat="30.63087352151674" lon="104.0564756365609"><ele>489</ele><time>2025-02-08T11:35:49.000Z</time></trkpt>
<trkpt lat="30.63087352151674" lon="104.0564756365609"><ele>489</ele><time>2025-02-08T11:35:50.000Z</time></trkpt>
<trkpt lat="30.63087352151674" lon="104.0564756365609"><ele>489</ele><time>2025-02-08T11:35:51.000Z</time></trkpt>
<trkpt lat="30.63087352151674" lon="104.0564756365609"><ele>490</ele><time>2025-02-08T11:35:52.000Z</time></trkpt>
<trkpt lat="30.63087352151674" lon="104.0564756365609"><ele>490</ele><time>2025-02-08T11:35:53.000Z</time></trkpt>
<trkpt lat="30.63087352151674" lon="104.0564756365609"><ele>490</ele><time>2025-02-08T11:35:54.000Z</time></trkpt>
<trkpt lat="30.63087352151674" lon="104.0564756365609"><ele>490</ele><time>2025-02-08T11:35:55.000Z</time></trkpt>
<trkpt lat="30.63087352151674" lon="104.0564756365609"><ele>490</ele><time>2025-02-08T11:35:56.000Z</time></trkpt>
<trkpt lat="30.63087352151674" lon="104.0564756365609"><ele>490</ele><time>2025-02-08T11:35:57.000Z</time></trkpt>
<trkpt lat="30.63087352151674" lon="104.0564756365609"><ele>490</ele><time>2025-02-08T11:35:58.000Z</time></trkpt>
<trkpt lat="30.63087352151674" lon="104.0564756365609"><ele>490</ele><time>2025-02-08T11:35:59.000Z</time></trkpt>
<trkpt lat="30.63087352151674" lon="104.0564756365609"><ele>490</ele><time>2025-02-08T11:36:00.000Z</time></trkpt>
<trkpt lat="30.63087352151674" lon="104.0564756365609"><ele>490</ele><time>2025-02-08T11:36:01.000Z</time></trkpt>
<trkpt lat="30.63087352151674" lon="104.0564756365609"><ele>490</ele><time>2025-02-08T11:36:02.000Z</time></trkpt>
<trkpt lat="30.63087352151674" lon="104.0564756365609"><ele>490</ele><time>2025-02-08T11:36:03.000Z</time></trkpt>
<trkpt lat="30.63087352151674" lon="104.0564756365609"><ele>491</ele><time>2025-02-08T11:36:04.000Z</time></trkpt>
<trkpt lat="30.63087352151674" lon="104.0564756365609"><ele>491</ele><time>2025-02-08T11:36:05.000Z</time></trkpt>
<trkpt lat="30.63087352151674" lon="104.0564756365609"><ele>491</ele><time>2025-02-08T11:36:06.000Z</time></trkpt>
<trkpt lat="30.63087352151674" lon="104.0564756365609"><ele>491</ele><time>2025-02-08T11:36:07.000Z</time></trkpt>
<trkpt lat="30.63087352151674" lon="104.0564756365609"><ele>492</ele><time>2025-02-08T11:36:08.000Z</time></trkpt>
<trkpt lat="30.63087352151674" lon="104.0564756365609"><ele>491</ele><time>2025-02-08T11:36:09.000Z</time></trkpt>
<trkpt lat="30.63087352151674" lon="104.0564756365609"><ele>491</ele><time>2025-02-08T11:36:10.000Z</time></trkpt>
<trkpt lat="30.63087352151674" lon="104.0564756365609"><ele>491</ele><time>2025-02-08T11:36:11.000Z</time></trkpt>
<trkpt lat="30.63087352151674" lon="104.0564756365609"><ele>492</ele><time>2025-02-08T11:36:12.000Z</time></trkpt>
<trkpt lat="30.63087352151674" lon="104.0564756365609"><ele>492</ele><time>2025-02-08T11:36:13.000Z</time></trkpt>
<trkpt lat="30.63087352151674" lon="104.0564756365609"><ele>492</ele><time>2025-02-08T11:36:14.000Z</time></trkpt>
<trkpt lat="30.63087352151674" lon="104.0564756365609"><ele>492</ele><time>2025-02-08T11:36:15.000Z</time></trkpt>
<trkpt lat="30.63087352151674" lon="104.0564756365609"><ele>492</ele><time>2025-02-08T11:36:16.000Z</time></trkpt>
<trkpt lat="30.63087352151674" lon="104.0564756365609"><ele>492</ele><time>2025-02-08T11:36:17.000Z</time></trkpt>
<trkpt lat="30.63087352151674" lon="104.0564756365609"><ele>492</ele><time>2025-02-08T11:36:18.000Z</time></trkpt>
<trkpt lat="30.63087352151674" lon="104.0564756365609"><ele>492</ele><time>2025-02-08T11:36:19.000Z</time></trkpt>
<trkpt lat="30.63087352151674" lon="104.0564756365609"><ele>492</ele><time>2025-02-08T11:36:20.000Z</time></trkpt>
<trkpt lat="30.63087352151674" lon="104.0564756365609"><ele>492</ele><time>2025-02-08T11:36:21.000Z</time></trkpt>
<trkpt lat="30.63087352151674" lon="104.0564756365609"><ele>493</ele><time>2025-02-08T11:36:22.000Z</time></trkpt>
<trkpt lat="30.63087352151674" lon="104.0564756365609"><ele>493</ele><time>2025-02-08T11:36:23.000Z</time></trkpt>
<trkpt lat="30.63087352151674" lon="104.0564756365609"><ele>493</ele><time>2025-02-08T11:36:24.000Z</time></trkpt>
<trkpt lat="30.63087352151674" lon="104.0564756365609"><ele>493</ele><time>2025-02-08T11:36:25.000Z</time></trkpt>
<trkpt lat="30.63087352151674" lon="104.0564756365609"><ele>493</ele><time>2025-02-08T11:36:26.000Z</time></trkpt>
<trkpt lat="30.63087352151674" lon="104.0564756365609"><ele>493</ele><time>2025-02-08T11:36:27.000Z</time></trkpt>
<trkpt lat="30.63087352151674" lon="104.0564756365609"><ele>493</ele><time>2025-02-08T11:36:28.000Z</time></trkpt>
<trkpt lat="30.63087352151674" lon="104.0564756365609"><ele>493</ele><time>2025-02-08T11:36:29.000Z</time></trkpt>
<trkpt lat="30.63087352151674" lon="104.0564756365609"><ele>493</ele><time>2025-02-08T11:36:30.000Z</time></trkpt>
<trkpt lat="30.63087352151674" lon="104.0564756365609"><ele>493</ele><time>2025-02-08T11:36:31.000Z</time></trkpt>
<trkpt lat="30.63087352151674" lon="104.0564756365609"><ele>493</ele><time>2025-02-08T11:36:32.000Z</time></trkpt>
<trkpt lat="30.63087352151674" lon="104.0564756365609"><ele>493</ele><time>2025-02-08T11:36:33.000Z</time></trkpt>
<trkpt lat="30.63087352151674" lon="104.0564756365609"><ele>493</ele><time>2025-02-08T11:36:34.000Z</time></trkpt>
<trkpt lat="30.63087352151674" lon="104.0564756365609"><ele>493</ele><time>2025-02-08T11:36:35.000Z</time></trkpt>
<trkpt lat="30.63087352151674" lon="104.0564756365609"><ele>494</ele><time>2025-02-08T11:36:36.000Z</time></trkpt>
<trkpt lat="30.63087352151674" lon="104.0564756365609"><ele>494</ele><time>2025-02-08T11:36:37.000Z</time></trkpt>
<trkpt lat="30.63087352151674" lon="104.0564756365609"><ele>493</ele><time>2025-02-08T11:36:38.000Z</time></trkpt>
<trkpt lat="30.63087352151674" lon="104.0564756365609"><ele>493</ele><time>2025-02-08T11:36:39.000Z</time></trkpt>
<trkpt lat="30.63087352151674" lon="104.0564756365609"><ele>494</ele><time>2025-02-08T11:36:40.000Z</time></trkpt>
<trkpt lat="30.63087352151674" lon="104.0564756365609"><ele>494</ele><time>2025-02-08T11:36:41.000Z</time></trkpt>
<trkpt lat="30.63087352151674" lon="104.0564756365609"><ele>495</ele><time>2025-02-08T11:36:42.000Z</time></trkpt>
<trkpt lat="30.63087352151674" lon="104.0564756365609"><ele>495</ele><time>2025-02-08T11:36:43.000Z</time></trkpt>
<trkpt lat="30.63087352151674" lon="104.0564756365609"><ele>495</ele><time>2025-02-08T11:36:44.000Z</time></trkpt>
<trkpt lat="30.63087352151674" lon="104.0564756365609"><ele>495</ele><time>2025-02-08T11:36:45.000Z</time></trkpt>
<trkpt lat="30.63087352151674" lon="104.0564756365609"><ele>495</ele><time>2025-02-08T11:36:46.000Z</time></trkpt>
<trkpt lat="30.63087352151674" lon="104.0564756365609"><ele>495</ele><time>2025-02-08T11:36:47.000Z</time></trkpt>
<trkpt lat="30.63087352151674" lon="104.0564756365609"><ele>495</ele><time>2025-02-08T11:36:48.000Z</time></trkpt>
<trkpt lat="30.63087352151674" lon="104.0564756365609"><ele>495</ele><time>2025-02-08T11:36:49.000Z</time></trkpt>
<trkpt lat="30.63087352151674" lon="104.0564756365609"><ele>495</ele><time>2025-02-08T11:36:50.000Z</time></trkpt>
<trkpt lat="30.63087352151674" lon="104.0564756365609"><ele>496</ele><time>2025-02-08T11:36:51.000Z</time></trkpt>
<trkpt lat="30.63087352151674" lon="104.0564756365609"><ele>495</ele><time>2025-02-08T11:36:52.000Z</time></trkpt>
<trkpt lat="30.63087352151674" lon="104.0564756365609"><ele>495</ele><time>2025-02-08T11:36:53.000Z</time></trkpt>
<trkpt lat="30.63087352151674" lon="104.0564756365609"><ele>495</ele><time>2025-02-08T11:36:54.000Z</time></trkpt>
<trkpt lat="30.63087352151674" lon="104.0564756365609"><ele>495</ele><time>2025-02-08T11:36:55.000Z</time></trkpt>
<trkpt lat="30.63087352151674" lon="104.0564756365609"><ele>495</ele><time>2025-02-08T11:36:56.000Z</time></trkpt>
<trkpt lat="30.63087352151674" lon="104.0564756365609"><ele>495</ele><time>2025-02-08T11:36:57.000Z</time></trkpt>
<trkpt lat="30.63087352151674" lon="104.0564756365609"><ele>495</ele><time>2025-02-08T11:36:58.000Z</time></trkpt>
<trkpt lat="30.63087352151674" lon="104.0564756365609"><ele>495</ele><time>2025-02-08T11:36:59.000Z</time></trkpt>
<trkpt lat="30.63087352151674" lon="104.0564756365609"><ele>495</ele><time>2025-02-08T11:37:00.000Z</time></trkpt>
<trkpt lat="30.63087352151674" lon="104.0564756365609"><ele>495</ele><time>2025-02-08T11:37:01.000Z</time></trkpt>
<trkpt lat="30.63087352151674" lon="104.0564756365609"><ele>495</ele><time>2025-02-08T11:37:02.000Z</time></trkpt>
<trkpt lat="30.63087352151674" lon="104.0564756365609"><ele>494</ele><time>2025-02-08T11:37:03.000Z</time></trkpt>
<trkpt lat="30.63087352151674" lon="104.0564756365609"><ele>495</ele><time>2025-02-08T11:37:04.000Z</time></trkpt>
<trkpt lat="30.63087352151674" lon="104.0564756365609"><ele>496</ele><time>2025-02-08T11:37:05.000Z</time></trkpt>
<trkpt lat="30.63087352151674" lon="104.0564756365609"><ele>496</ele><time>2025-02-08T11:37:06.000Z</time></trkpt>
<trkpt lat="30.63087352151674" lon="104.0564756365609"><ele>497</ele><time>2025-02-08T11:37:07.000Z</time></trkpt>
<trkpt lat="30.63087352151674" lon="104.0564756365609"><ele>497</ele><time>2025-02-08T11:37:08.000Z</time></trkpt>
<trkpt lat="30.63087352151674" lon="104.0564756365609"><ele>497</ele><time>2025-02-08T11:37:09.000Z</time></trkpt>
<trkpt lat="30.63087352151674" lon="104.0564756365609"><ele>498</ele><time>2025-02-08T11:37:10.000Z</time></trkpt>
<trkpt lat="30.63087352151674" lon="104.0564756365609"><ele>499</ele><time>2025-02-08T11:37:11.000Z</time></trkpt>
<trkpt lat="30.63087352151674" lon="104.0564756365609"><ele>499</ele><time>2025-02-08T11:37:12.000Z</time></trkpt>
<trkpt lat="30.63087352151674" lon="104.0564756365609"><ele>499</ele><time>2025-02-08T11:37:13.000Z</time></trkpt>
<trkpt lat="30.63087352151674" lon="104.0564756365609"><ele>500</ele><time>2025-02-08T11:37:14.000Z</time></trkpt>
<trkpt lat="30.63087352151674" lon="104.0564756365609"><ele>500</ele><time>2025-02-08T11:37:15.000Z</time></trkpt>
<trkpt lat="30.63087352151674" lon="104.0564756365609"><ele>501</ele><time>2025-02-08T11:37:16.000Z</time></trkpt>
<trkpt lat="30.63087352151674" lon="104.0564756365609"><ele>501</ele><time>2025-02-08T11:37:17.000Z</time></trkpt>
<trkpt lat="30.63087352151674" lon="104.0564756365609"><ele>501</ele><time>2025-02-08T11:37:18.000Z</time></trkpt>
<trkpt lat="30.63087352151674" lon="104.0564756365609"><ele>501</ele><time>2025-02-08T11:37:19.000Z</time></trkpt>
<trkpt lat="30.63087352151674" lon="104.0564756365609"><ele>500</ele><time>2025-02-08T11:37:20.000Z</time></trkpt>
<trkpt lat="30.63087352151674" lon="104.0564756365609"><ele>499</ele><time>2025-02-08T11:37:21.000Z</time></trkpt>
<trkpt lat="30.63087352151674" lon="104.0564756365609"><ele>499</ele><time>2025-02-08T11:37:22.000Z</time></trkpt>
<trkpt lat="30.63087352151674" lon="104.0564756365609"><ele>498</ele><time>2025-02-08T11:37:23.000Z</time></trkpt>
<trkpt lat="30.63087352151674" lon="104.0564756365609"><ele>497</ele><time>2025-02-08T11:37:24.000Z</time></trkpt>
<trkpt lat="30.63087352151674" lon="104.0564756365609"><ele>496</ele><time>2025-02-08T11:37:25.000Z</time></trkpt>
<trkpt lat="30.63087352151674" lon="104.0564756365609"><ele>496</ele><time>2025-02-08T11:37:26.000Z</time></trkpt>
<trkpt lat="30.63087352151674" lon="104.0564756365609"><ele>495</ele><time>2025-02-08T11:37:27.000Z</time></trkpt>
<trkpt lat="30.63087352151674" lon="104.0564756365609"><ele>495</ele><time>2025-02-08T11:37:28.000Z</time></trkpt>
<trkpt lat="30.63087352151674" lon="104.0564756365609"><ele>495</ele><time>2025-02-08T11:37:29.000Z</time></trkpt>
<trkpt lat="30.63087352151674" lon="104.0564756365609"><ele>495</ele><time>2025-02-08T11:37:30.000Z</time></trkpt>
<trkpt lat="30.63087352151674" lon="104.0564756365609"><ele>495</ele><time>2025-02-08T11:37:31.000Z</time></trkpt>
<trkpt lat="30.63087352151674" lon="104.0564756365609"><ele>495</ele><time>2025-02-08T11:37:32.000Z</time></trkpt>
<trkpt lat="30.63087352151674" lon="104.0564756365609"><ele>495</ele><time>2025-02-08T11:37:33.000Z</time></trkpt>
<trkpt lat="30.63087352151674" lon="104.0564756365609"><ele>495</ele><time>2025-02-08T11:37:34.000Z</time></trkpt>
<trkpt lat="30.63087352151674" lon="104.0564756365609"><ele>495</ele><time>2025-02-08T11:37:35.000Z</time></trkpt>
<trkpt lat="30.63087352151674" lon="104.0564756365609"><ele>495</ele><time>2025-02-08T11:37:36.000Z</time></trkpt>
<trkpt lat="30.63087352151674" lon="104.0564756365609"><ele>496</ele><time>2025-02-08T11:37:37.000Z</time></trkpt>
<trkpt lat="30.63087352151674" lon="104.0564756365609"><ele>496</ele><time>2025-02-08T11:37:38.000Z</time></trkpt>
<trkpt lat="30.63087352151674" lon="104.0564756365609"><ele>496</ele><time>2025-02-08T11:37:39.000Z</time></trkpt>
<trkpt lat="30.63087352151674" lon="104.0564756365609"><ele>496</ele><time>2025-02-08T11:37:40.000Z</time></trkpt>
<trkpt lat="30.63087352151674" lon="104.0564756365609"><ele>495</ele><time>2025-02-08T11:37:41.000Z</time></trkpt>
<trkpt lat="30.63087352151674" lon="104.0564756365609"><ele>495</ele><time>2025-02-08T11:37:42.000Z</time></trkpt>
<trkpt lat="30.63087352151674" lon="104.0564756365609"><ele>494</ele><time>2025-02-08T11:37:43.000Z</time></trkpt>
<trkpt lat="30.63087352151674" lon="104.0564756365609"><ele>494</ele><time>2025-02-08T11:37:44.000Z</time></trkpt>
<trkpt lat="30.63087352151674" lon="104.0564756365609"><ele>493</ele><time>2025-02-08T11:37:45.000Z</time></trkpt>
<trkpt lat="30.63087352151674" lon="104.0564756365609"><ele>493</ele><time>2025-02-08T11:37:46.000Z</time></trkpt>
<trkpt lat="30.63087352151674" lon="104.0564756365609"><ele>491</ele><time>2025-02-08T11:37:47.000Z</time></trkpt>
<trkpt lat="30.63087352151674" lon="104.0564756365609"><ele>492</ele><time>2025-02-08T11:37:48.000Z</time></trkpt>
<trkpt lat="30.63087352151674" lon="104.0564756365609"><ele>491</ele><time>2025-02-08T11:37:49.000Z</time></trkpt>
<trkpt lat="30.63087352151674" lon="104.0564756365609"><ele>491</ele><time>2025-02-08T11:37:50.000Z</time></trkpt>
<trkpt lat="30.63087352151674" lon="104.0564756365609"><ele>491</ele><time>2025-02-08T11:37:51.000Z</time></trkpt>
<trkpt lat="30.63087352151674" lon="104.0564756365609"><ele>491</ele><time>2025-02-08T11:37:52.000Z</time></trkpt>
<trkpt lat="30.63087352151674" lon="104.0564756365609"><ele>492</ele><time>2025-02-08T11:37:53.000Z</time></trkpt>
<trkpt lat="30.63087352151674" lon="104.0564756365609"><ele>492</ele><time>2025-02-08T11:37:54.000Z</time></trkpt>
<trkpt lat="30.63087352151674" lon="104.0564756365609"><ele>492</ele><time>2025-02-08T11:37:55.000Z</time></trkpt>
<trkpt lat="30.63087352151674" lon="104.0564756365609"><ele>491</ele><time>2025-02-08T11:37:56.000Z</time></trkpt>
<trkpt lat="30.63087352151674" lon="104.0564756365609"><ele>492</ele><time>2025-02-08T11:37:57.000Z</time></trkpt>
<trkpt lat="30.63087352151674" lon="104.0564756365609"><ele>492</ele><time>2025-02-08T11:37:58.000Z</time></trkpt>
<trkpt lat="30.63087352151674" lon="104.0564756365609"><ele>492</ele><time>2025-02-08T11:37:59.000Z</time></trkpt>
<trkpt lat="30.63087352151674" lon="104.0564756365609"><ele>493</ele><time>2025-02-08T11:38:00.000Z</time></trkpt>
<trkpt lat="30.63087352151674" lon="104.0564756365609"><ele>492</ele><time>2025-02-08T11:38:01.000Z</time></trkpt>
<trkpt lat="30.63087352151674" lon="104.0564756365609"><ele>491</ele><time>2025-02-08T11:38:02.000Z</time></trkpt>
<trkpt lat="30.63087352151674" lon="104.0564756365609"><ele>492</ele><time>2025-02-08T11:38:03.000Z</time></trkpt>
<trkpt lat="30.63087352151674" lon="104.0564756365609"><ele>492</ele><time>2025-02-08T11:38:04.000Z</time></trkpt>
<trkpt lat="30.63087352151674" lon="104.0564756365609"><ele>491</ele><time>2025-02-08T11:38:05.000Z</time></trkpt>
<trkpt lat="30.63087352151674" lon="104.0564756365609"><ele>491</ele><time>2025-02-08T11:38:06.000Z</time></trkpt>
<trkpt lat="30.63087352151674" lon="104.0564756365609"><ele>492</ele><time>2025-02-08T11:38:07.000Z</time></trkpt>
<trkpt lat="30.63087352151674" lon="104.0564756365609"><ele>492</ele><time>2025-02-08T11:38:08.000Z</time></trkpt>
<trkpt lat="30.63087352151674" lon="104.0564756365609"><ele>492</ele><time>2025-02-08T11:38:09.000Z</time></trkpt>
<trkpt lat="30.63087352151674" lon="104.0564756365609"><ele>491</ele><time>2025-02-08T11:38:10.000Z</time></trkpt>
<trkpt lat="30.63087352151674" lon="104.0564756365609"><ele>491</ele><time>2025-02-08T11:38:11.000Z</time></trkpt>
<trkpt lat="30.63087352151674" lon="104.0564756365609"><ele>491</ele><time>2025-02-08T11:38:12.000Z</time></trkpt>
<trkpt lat="30.63087352151674" lon="104.0564756365609"><ele>492</ele><time>2025-02-08T11:38:13.000Z</time></trkpt>
<trkpt lat="30.63087352151674" lon="104.0564756365609"><ele>492</ele><time>2025-02-08T11:38:14.000Z</time></trkpt>
<trkpt lat="30.63087352151674" lon="104.0564756365609"><ele>492</ele><time>2025-02-08T11:38:15.000Z</time></trkpt>
<trkpt lat="30.63087352151674" lon="104.0564756365609"><ele>492</ele><time>2025-02-08T11:38:16.000Z</time></trkpt>
<trkpt lat="30.63087352151674" lon="104.0564756365609"><ele>492</ele><time>2025-02-08T11:38:17.000Z</time></trkpt>
<trkpt lat="30.63087352151674" lon="104.0564756365609"><ele>491</ele><time>2025-02-08T11:38:18.000Z</time></trkpt>
<trkpt lat="30.63087352151674" lon="104.0564756365609"><ele>490</ele><time>2025-02-08T11:38:19.000Z</time></trkpt>
<trkpt lat="30.63087352151674" lon="104.0564756365609"><ele>490</ele><time>2025-02-08T11:38:20.000Z</time></trkpt>
<trkpt lat="30.63087352151674" lon="104.0564756365609"><ele>491</ele><time>2025-02-08T11:38:21.000Z</time></trkpt>
<trkpt lat="30.63087352151674" lon="104.0564756365609"><ele>490</ele><time>2025-02-08T11:38:22.000Z</time></trkpt>
<trkpt lat="30.63087352151674" lon="104.0564756365609"><ele>490</ele><time>2025-02-08T11:38:23.000Z</time></trkpt>
<trkpt lat="30.63087352151674" lon="104.0564756365609"><ele>490</ele><time>2025-02-08T11:38:24.000Z</time></trkpt>
<trkpt lat="30.63087352151674" lon="104.0564756365609"><ele>490</ele><time>2025-02-08T11:38:25.000Z</time></trkpt>
<trkpt lat="30.63087352151674" lon="104.0564756365609"><ele>489</ele><time>2025-02-08T11:38:26.000Z</time></trkpt>
<trkpt lat="30.63087352151674" lon="104.0564756365609"><ele>490</ele><time>2025-02-08T11:38:27.000Z</time></trkpt>
<trkpt lat="30.63087352151674" lon="104.0564756365609"><ele>490</ele><time>2025-02-08T11:38:28.000Z</time></trkpt>
<trkpt lat="30.63087352151674" lon="104.0564756365609"><ele>490</ele><time>2025-02-08T11:38:29.000Z</time></trkpt>
<trkpt lat="30.63087352151674" lon="104.0564756365609"><ele>491</ele><time>2025-02-08T11:38:30.000Z</time></trkpt>
<trkpt lat="30.63087352151674" lon="104.0564756365609"><ele>490</ele><time>2025-02-08T11:38:31.000Z</time></trkpt>
<trkpt lat="30.63087352151674" lon="104.0564756365609"><ele>490</ele><time>2025-02-08T11:38:32.000Z</time></trkpt>
<trkpt lat="30.63087352151674" lon="104.0564756365609"><ele>491</ele><time>2025-02-08T11:38:33.000Z</time></trkpt>
<trkpt lat="30.63087352151674" lon="104.0564756365609"><ele>491</ele><time>2025-02-08T11:38:34.000Z</time></trkpt>
<trkpt lat="30.63087352151674" lon="104.0564756365609"><ele>491</ele><time>2025-02-08T11:38:35.000Z</time></trkpt>
<trkpt lat="30.63087352151674" lon="104.0564756365609"><ele>490</ele><time>2025-02-08T11:38:36.000Z</time></trkpt>
<trkpt lat="30.63087352151674" lon="104.0564756365609"><ele>490</ele><time>2025-02-08T11:38:37.000Z</time></trkpt>
<trkpt lat="30.63087352151674" lon="104.0564756365609"><ele>489</ele><time>2025-02-08T11:38:38.000Z</time></trkpt>
<trkpt lat="30.63087352151674" lon="104.0564756365609"><ele>489</ele><time>2025-02-08T11:38:39.000Z</time></trkpt>
<trkpt lat="30.63087352151674" lon="104.0564756365609"><ele>489</ele><time>2025-02-08T11:38:40.000Z</time></trkpt>
<trkpt lat="30.63087352151674" lon="104.0564756365609"><ele>489</ele><time>2025-02-08T11:38:41.000Z</time></trkpt>
<trkpt lat="30.63087352151674" lon="104.0564756365609"><ele>489</ele><time>2025-02-08T11:38:42.000Z</time></trkpt>
<trkpt lat="30.63087352151674" lon="104.0564756365609"><ele>491</ele><time>2025-02-08T11:38:43.000Z</time></trkpt>
<trkpt lat="30.63087352151674" lon="104.0564756365609"><ele>489</ele><time>2025-02-08T11:38:44.000Z</time></trkpt>
<trkpt lat="30.63087352151674" lon="104.0564756365609"><ele>489</ele><time>2025-02-08T11:38:45.000Z</time></trkpt>
<trkpt lat="30.63087352151674" lon="104.0564756365609"><ele>489</ele><time>2025-02-08T11:38:46.000Z</time></trkpt>
<trkpt lat="30.63087352151674" lon="104.0564756365609"><ele>490</ele><time>2025-02-08T11:38:47.000Z</time></trkpt>
<trkpt lat="30.63087352151674" lon="104.0564756365609"><ele>490</ele><time>2025-02-08T11:38:48.000Z</time></trkpt>
<trkpt lat="30.63087352151674" lon="104.0564756365609"><ele>490</ele><time>2025-02-08T11:38:49.000Z</time></trkpt>
<trkpt lat="30.63087352151674" lon="104.0564756365609"><ele>490</ele><time>2025-02-08T11:38:50.000Z</time></trkpt>
<trkpt lat="30.63087352151674" lon="104.0564756365609"><ele>490</ele><time>2025-02-08T11:38:51.000Z</time></trkpt>
<trkpt lat="30.63087352151674" lon="104.0564756365609"><ele>490</ele><time>2025-02-08T11:38:52.000Z</time></trkpt>
<trkpt lat="30.63087352151674" lon="104.0564756365609"><ele>490</ele><time>2025-02-08T11:38:53.000Z</time></trkpt>
<trkpt lat="30.63087352151674" lon="104.0564756365609"><ele>491</ele><time>2025-02-08T11:38:54.000Z</time></trkpt>
<trkpt lat="30.63087352151674" lon="104.0564756365609"><ele>490</ele><time>2025-02-08T11:38:55.000Z</time></trkpt>
<trkpt lat="30.63087352151674" lon="104.0564756365609"><ele>489</ele><time>2025-02-08T11:38:56.000Z</time></trkpt>
<trkpt lat="30.63087352151674" lon="104.0564756365609"><ele>489</ele><time>2025-02-08T11:38:57.000Z</time></trkpt>
<trkpt lat="30.63087352151674" lon="104.0564756365609"><ele>488</ele><time>2025-02-08T11:38:58.000Z</time></trkpt>
<trkpt lat="30.63087352151674" lon="104.0564756365609"><ele>486</ele><time>2025-02-08T11:38:59.000Z</time></trkpt>
<trkpt lat="30.63087352151674" lon="104.0564756365609"><ele>486</ele><time>2025-02-08T11:39:00.000Z</time></trkpt>
<trkpt lat="30.63087352151674" lon="104.0564756365609"><ele>486</ele><time>2025-02-08T11:39:01.000Z</time></trkpt>
<trkpt lat="30.63087352151674" lon="104.0564756365609"><ele>486</ele><time>2025-02-08T11:39:02.000Z</time></trkpt>
<trkpt lat="30.63087352151674" lon="104.0564756365609"><ele>486</ele><time>2025-02-08T11:39:03.000Z</time></trkpt>
<trkpt lat="30.63087352151674" lon="104.0564756365609"><ele>486</ele><time>2025-02-08T11:39:04.000Z</time></trkpt>
<trkpt lat="30.63087352151674" lon="104.0564756365609"><ele>486</ele><time>2025-02-08T11:39:05.000Z</time></trkpt>
<trkpt lat="30.63087352151674" lon="104.0564756365609"><ele>485</ele><time>2025-02-08T11:39:06.000Z</time></trkpt>
<trkpt lat="30.63087352151674" lon="104.0564756365609"><ele>485</ele><time>2025-02-08T11:39:07.000Z</time></trkpt>
<trkpt lat="30.63087352151674" lon="104.0564756365609"><ele>485</ele><time>2025-02-08T11:39:08.000Z</time></trkpt>
<trkpt lat="30.63087352151674" lon="104.0564756365609"><ele>485</ele><time>2025-02-08T11:39:09.000Z</time></trkpt>
<trkpt lat="30.63087352151674" lon="104.0564756365609"><ele>485</ele><time>2025-02-08T11:39:10.000Z</time></trkpt>
<trkpt lat="30.63087352151674" lon="104.0564756365609"><ele>485</ele><time>2025-02-08T11:39:11.000Z</time></trkpt>
<trkpt lat="30.63087352151674" lon="104.0564756365609"><ele>485</ele><time>2025-02-08T11:39:12.000Z</time></trkpt>
<trkpt lat="30.63087352151674" lon="104.0564756365609"><ele>485</ele><time>2025-02-08T11:39:13.000Z</time></trkpt>
<trkpt lat="30.63087352151674" lon="104.0564756365609"><ele>485</ele><time>2025-02-08T11:39:14.000Z</time></trkpt>
<trkpt lat="30.63087352151674" lon="104.0564756365609"><ele>485</ele><time>2025-02-08T11:39:15.000Z</time></trkpt>
<trkpt lat="30.63087352151674" lon="104.0564756365609"><ele>486</ele><time>2025-02-08T11:39:16.000Z</time></trkpt>
<trkpt lat="30.63087352151674" lon="104.0564756365609"><ele>486</ele><time>2025-02-08T11:39:17.000Z</time></trkpt>
<trkpt lat="30.63087352151674" lon="104.0564756365609"><ele>486</ele><time>2025-02-08T11:39:18.000Z</time></trkpt>
<trkpt lat="30.63087352151674" lon="104.0564756365609"><ele>493</ele><time>2025-02-08T11:39:19.000Z</time></trkpt>
<trkpt lat="30.63087352151674" lon="104.0564756365609"><ele>492</ele><time>2025-02-08T11:39:20.000Z</time></trkpt>
<trkpt lat="30.63087352151674" lon="104.0564756365609"><ele>493</ele><time>2025-02-08T11:39:21.000Z</time></trkpt>
<trkpt lat="30.63087352151674" lon="104.0564756365609"><ele>492</ele><time>2025-02-08T11:39:22.000Z</time></trkpt>
<trkpt lat="30.63087352151674" lon="104.0564756365609"><ele>492</ele><time>2025-02-08T11:39:23.000Z</time></trkpt>
<trkpt lat="30.63087352151674" lon="104.0564756365609"><ele>492</ele><time>2025-02-08T11:39:24.000Z</time></trkpt>
<trkpt lat="30.63087352151674" lon="104.0564756365609"><ele>492</ele><time>2025-02-08T11:39:25.000Z</time></trkpt>
<trkpt lat="30.63087352151674" lon="104.0564756365609"><ele>492</ele><time>2025-02-08T11:39:26.000Z</time></trkpt>
<trkpt lat="30.63087352151674" lon="104.0564756365609"><ele>492</ele><time>2025-02-08T11:39:27.000Z</time></trkpt>
<trkpt lat="30.63087352151674" lon="104.0564756365609"><ele>491</ele><time>2025-02-08T11:39:28.000Z</time></trkpt>
<trkpt lat="30.63087352151674" lon="104.0564756365609"><ele>491</ele><time>2025-02-08T11:39:29.000Z</time></trkpt>
<trkpt lat="30.63087352151674" lon="104.0564756365609"><ele>491</ele><time>2025-02-08T11:39:30.000Z</time></trkpt>
<trkpt lat="30.63087352151674" lon="104.0564756365609"><ele>491</ele><time>2025-02-08T11:39:31.000Z</time></trkpt>
<trkpt lat="30.63087352151674" lon="104.0564756365609"><ele>491</ele><time>2025-02-08T11:39:32.000Z</time></trkpt>
<trkpt lat="30.63087352151674" lon="104.0564756365609"><ele>491</ele><time>2025-02-08T11:39:33.000Z</time></trkpt>
<trkpt lat="30.63087352151674" lon="104.0564756365609"><ele>491</ele><time>2025-02-08T11:39:34.000Z</time></trkpt>
<trkpt lat="30.63087352151674" lon="104.0564756365609"><ele>491</ele><time>2025-02-08T11:39:35.000Z</time></trkpt>
<trkpt lat="30.63087352151674" lon="104.0564756365609"><ele>490</ele><time>2025-02-08T11:39:36.000Z</time></trkpt>
<trkpt lat="30.63087352151674" lon="104.0564756365609"><ele>491</ele><time>2025-02-08T11:39:37.000Z</time></trkpt>
<trkpt lat="30.63087352151674" lon="104.0564756365609"><ele>490</ele><time>2025-02-08T11:39:38.000Z</time></trkpt>
<trkpt lat="30.63087352151674" lon="104.0564756365609"><ele>491</ele><time>2025-02-08T11:39:39.000Z</time></trkpt>
<trkpt lat="30.63087352151674" lon="104.0564756365609"><ele>491</ele><time>2025-02-08T11:39:40.000Z</time></trkpt>
<trkpt lat="30.63087352151674" lon="104.0564756365609"><ele>491</ele><time>2025-02-08T11:39:41.000Z</time></trkpt>
<trkpt lat="30.63087352151674" lon="104.0564756365609"><ele>491</ele><time>2025-02-08T11:39:42.000Z</time></trkpt>
<trkpt lat="30.63087352151674" lon="104.0564756365609"><ele>490</ele><time>2025-02-08T11:39:43.000Z</time></trkpt>
<trkpt lat="30.63087352151674" lon="104.0564756365609"><ele>490</ele><time>2025-02-08T11:39:44.000Z</time></trkpt>
<trkpt lat="30.63087352151674" lon="104.0564756365609"><ele>490</ele><time>2025-02-08T11:39:45.000Z</time></trkpt>
<trkpt lat="30.63087352151674" lon="104.0564756365609"><ele>490</ele><time>2025-02-08T11:39:46.000Z</time></trkpt>
<trkpt lat="30.63087352151674" lon="104.0564756365609"><ele>491</ele><time>2025-02-08T11:39:47.000Z</time></trkpt>
<trkpt lat="30.63087352151674" lon="104.0564756365609"><ele>490</ele><time>2025-02-08T11:39:48.000Z</time></trkpt>
<trkpt lat="30.63087352151674" lon="104.0564756365609"><ele>490</ele><time>2025-02-08T11:39:49.000Z</time></trkpt>
<trkpt lat="30.63087352151674" lon="104.0564756365609"><ele>490</ele><time>2025-02-08T11:39:50.000Z</time></trkpt>
<trkpt lat="30.63087352151674" lon="104.0564756365609"><ele>491</ele><time>2025-02-08T11:39:51.000Z</time></trkpt>
<trkpt lat="30.63087352151674" lon="104.0564756365609"><ele>491</ele><time>2025-02-08T11:39:52.000Z</time></trkpt>
<trkpt lat="30.63087352151674" lon="104.0564756365609"><ele>490</ele><time>2025-02-08T11:39:53.000Z</time></trkpt>
<trkpt lat="30.63087352151674" lon="104.0564756365609"><ele>490</ele><time>2025-02-08T11:39:54.000Z</time></trkpt>
<trkpt lat="30.63087352151674" lon="104.0564756365609"><ele>490</ele><time>2025-02-08T11:39:55.000Z</time></trkpt>
<trkpt lat="30.63087352151674" lon="104.0564756365609"><ele>489</ele><time>2025-02-08T11:39:56.000Z</time></trkpt>
<trkpt lat="30.63087352151674" lon="104.0564756365609"><ele>490</ele><time>2025-02-08T11:39:57.000Z</time></trkpt>
<trkpt lat="30.63087352151674" lon="104.0564756365609"><ele>490</ele><time>2025-02-08T11:39:58.000Z</time></trkpt>
<trkpt lat="30.63087352151674" lon="104.0564756365609"><ele>490</ele><time>2025-02-08T11:39:59.000Z</time></trkpt>
<trkpt lat="30.63087352151674" lon="104.0564756365609"><ele>490</ele><time>2025-02-08T11:40:00.000Z</time></trkpt>
<trkpt lat="30.63087352151674" lon="104.0564756365609"><ele>490</ele><time>2025-02-08T11:40:01.000Z</time></trkpt>
<trkpt lat="30.63087352151674" lon="104.0564756365609"><ele>490</ele><time>2025-02-08T11:40:02.000Z</time></trkpt>
<trkpt lat="30.63087352151674" lon="104.0564756365609"><ele>490</ele><time>2025-02-08T11:40:03.000Z</time></trkpt>
<trkpt lat="30.63087352151674" lon="104.0564756365609"><ele>490</ele><time>2025-02-08T11:40:04.000Z</time></trkpt>
<trkpt lat="30.63087352151674" lon="104.0564756365609"><ele>490</ele><time>2025-02-08T11:40:05.000Z</time></trkpt>
<trkpt lat="30.63087352151674" lon="104.0564756365609"><ele>490</ele><time>2025-02-08T11:40:06.000Z</time></trkpt>
<trkpt lat="30.63087352151674" lon="104.0564756365609"><ele>490</ele><time>2025-02-08T11:40:07.000Z</time></trkpt>
<trkpt lat="30.63087352151674" lon="104.0564756365609"><ele>490</ele><time>2025-02-08T11:40:08.000Z</time></trkpt>
<trkpt lat="30.63087352151674" lon="104.0564756365609"><ele>490</ele><time>2025-02-08T11:40:09.000Z</time></trkpt>
<trkpt lat="30.63087352151674" lon="104.0564756365609"><ele>491</ele><time>2025-02-08T11:40:10.000Z</time></trkpt>
<trkpt lat="30.63087352151674" lon="104.0564756365609"><ele>492</ele><time>2025-02-08T11:40:11.000Z</time></trkpt>
<trkpt lat="30.63087352151674" lon="104.0564756365609"><ele>492</ele><time>2025-02-08T11:40:12.000Z</time></trkpt>
<trkpt lat="30.63087352151674" lon="104.0564756365609"><ele>492</ele><time>2025-02-08T11:40:13.000Z</time></trkpt>
<trkpt lat="30.63087352151674" lon="104.0564756365609"><ele>492</ele><time>2025-02-08T11:40:14.000Z</time></trkpt>
<trkpt lat="30.63087352151674" lon="104.0564756365609"><ele>493</ele><time>2025-02-08T11:40:15.000Z</time></trkpt>
<trkpt lat="30.63087352151674" lon="104.0564756365609"><ele>493</ele><time>2025-02-08T11:40:16.000Z</time></trkpt>
<trkpt lat="30.63087352151674" lon="104.0564756365609"><ele>492</ele><time>2025-02-08T11:40:17.000Z</time></trkpt>
<trkpt lat="30.63087352151674" lon="104.0564756365609"><ele>492</ele><time>2025-02-08T11:40:18.000Z</time></trkpt>
<trkpt lat="30.63087352151674" lon="104.0564756365609"><ele>492</ele><time>2025-02-08T11:40:19.000Z</time></trkpt>
<trkpt lat="30.63087352151674" lon="104.0564756365609"><ele>492</ele><time>2025-02-08T11:40:20.000Z</time></trkpt>
<trkpt lat="30.63087352151674" lon="104.0564756365609"><ele>492</ele><time>2025-02-08T11:40:21.000Z</time></trkpt>
<trkpt lat="30.63087352151674" lon="104.0564756365609"><ele>491</ele><time>2025-02-08T11:40:22.000Z</time></trkpt>
<trkpt lat="30.63087352151674" lon="104.0564756365609"><ele>491</ele><time>2025-02-08T11:40:23.000Z</time></trkpt>
<trkpt lat="30.63087352151674" lon="104.0564756365609"><ele>491</ele><time>2025-02-08T11:40:24.000Z</time></trkpt>
<trkpt lat="30.63087352151674" lon="104.0564756365609"><ele>491</ele><time>2025-02-08T11:40:25.000Z</time></trkpt>
<trkpt lat="30.63087352151674" lon="104.0564756365609"><ele>491</ele><time>2025-02-08T11:40:26.000Z</time></trkpt>
<trkpt lat="30.63087352151674" lon="104.0564756365609"><ele>491</ele><time>2025-02-08T11:40:27.000Z</time></trkpt>
<trkpt lat="30.63087352151674" lon="104.0564756365609"><ele>491</ele><time>2025-02-08T11:40:28.000Z</time></trkpt>
<trkpt lat="30.63087352151674" lon="104.0564756365609"><ele>492</ele><time>2025-02-08T11:40:29.000Z</time></trkpt>
<trkpt lat="30.63087352151674" lon="104.0564756365609"><ele>492</ele><time>2025-02-08T11:40:30.000Z</time></trkpt>
<trkpt lat="30.63087352151674" lon="104.0564756365609"><ele>491</ele><time>2025-02-08T11:40:31.000Z</time></trkpt>
<trkpt lat="30.63087352151674" lon="104.0564756365609"><ele>492</ele><time>2025-02-08T11:40:32.000Z</time></trkpt>
<trkpt lat="30.63087352151674" lon="104.0564756365609"><ele>491</ele><time>2025-02-08T11:40:33.000Z</time></trkpt>
<trkpt lat="30.63087352151674" lon="104.0564756365609"><ele>491</ele><time>2025-02-08T11:40:34.000Z</time></trkpt>
<trkpt lat="30.63087352151674" lon="104.0564756365609"><ele>491</ele><time>2025-02-08T11:40:35.000Z</time></trkpt>
<trkpt lat="30.63087352151674" lon="104.0564756365609"><ele>491</ele><time>2025-02-08T11:40:36.000Z</time></trkpt>
<trkpt lat="30.63087352151674" lon="104.0564756365609"><ele>491</ele><time>2025-02-08T11:40:37.000Z</time></trkpt>
<trkpt lat="30.63087352151674" lon="104.0564756365609"><ele>491</ele><time>2025-02-08T11:40:38.000Z</time></trkpt>
<trkpt lat="30.63087352151674" lon="104.0564756365609"><ele>491</ele><time>2025-02-08T11:40:39.000Z</time></trkpt>
<trkpt lat="30.63087352151674" lon="104.0564756365609"><ele>491</ele><time>2025-02-08T11:40:40.000Z</time></trkpt>
<trkpt lat="30.63087352151674" lon="104.0564756365609"><ele>491</ele><time>2025-02-08T11:40:41.000Z</time></trkpt>
<trkpt lat="30.63087352151674" lon="104.0564756365609"><ele>491</ele><time>2025-02-08T11:40:42.000Z</time></trkpt>
<trkpt lat="30.63087352151674" lon="104.0564756365609"><ele>491</ele><time>2025-02-08T11:40:43.000Z</time></trkpt>
<trkpt lat="30.63087352151674" lon="104.0564756365609"><ele>491</ele><time>2025-02-08T11:40:44.000Z</time></trkpt>
<trkpt lat="30.63087352151674" lon="104.0564756365609"><ele>491</ele><time>2025-02-08T11:40:45.000Z</time></trkpt>
<trkpt lat="30.63087352151674" lon="104.0564756365609"><ele>491</ele><time>2025-02-08T11:40:46.000Z</time></trkpt>
<trkpt lat="30.63087352151674" lon="104.0564756365609"><ele>491</ele><time>2025-02-08T11:40:47.000Z</time></trkpt>
<trkpt lat="30.63087352151674" lon="104.0564756365609"><ele>491</ele><time>2025-02-08T11:40:48.000Z</time></trkpt>
<trkpt lat="30.63087352151674" lon="104.0564756365609"><ele>492</ele><time>2025-02-08T11:40:49.000Z</time></trkpt>
<trkpt lat="30.63087352151674" lon="104.0564756365609"><ele>492</ele><time>2025-02-08T11:40:50.000Z</time></trkpt>
<trkpt lat="30.63087352151674" lon="104.0564756365609"><ele>492</ele><time>2025-02-08T11:40:51.000Z</time></trkpt>
<trkpt lat="30.63087352151674" lon="104.0564756365609"><ele>492</ele><time>2025-02-08T11:40:52.000Z</time></trkpt>
<trkpt lat="30.63087352151674" lon="104.0564756365609"><ele>492</ele><time>2025-02-08T11:40:53.000Z</time></trkpt>
<trkpt lat="30.63087352151674" lon="104.0564756365609"><ele>492</ele><time>2025-02-08T11:40:54.000Z</time></trkpt>
<trkpt lat="30.63087352151674" lon="104.0564756365609"><ele>492</ele><time>2025-02-08T11:40:55.000Z</time></trkpt>
<trkpt lat="30.63087352151674" lon="104.0564756365609"><ele>492</ele><time>2025-02-08T11:40:56.000Z</time></trkpt>
<trkpt lat="30.63087352151674" lon="104.0564756365609"><ele>492</ele><time>2025-02-08T11:40:57.000Z</time></trkpt>
<trkpt lat="30.63087352151674" lon="104.0564756365609"><ele>492</ele><time>2025-02-08T11:40:58.000Z</time></trkpt>
<trkpt lat="30.63087352151674" lon="104.0564756365609"><ele>492</ele><time>2025-02-08T11:40:59.000Z</time></trkpt>
<trkpt lat="30.63087352151674" lon="104.0564756365609"><ele>493</ele><time>2025-02-08T11:41:00.000Z</time></trkpt>
<trkpt lat="30.63087352151674" lon="104.0564756365609"><ele>493</ele><time>2025-02-08T11:41:01.000Z</time></trkpt>
<trkpt lat="30.63087352151674" lon="104.0564756365609"><ele>493</ele><time>2025-02-08T11:41:02.000Z</time></trkpt>
<trkpt lat="30.63087352151674" lon="104.0564756365609"><ele>492</ele><time>2025-02-08T11:41:03.000Z</time></trkpt>
<trkpt lat="30.63087352151674" lon="104.0564756365609"><ele>492</ele><time>2025-02-08T11:41:04.000Z</time></trkpt>
<trkpt lat="30.63087352151674" lon="104.0564756365609"><ele>492</ele><time>2025-02-08T11:41:05.000Z</time></trkpt>
<trkpt lat="30.63087352151674" lon="104.0564756365609"><ele>492</ele><time>2025-02-08T11:41:06.000Z</time></trkpt>
<trkpt lat="30.63087352151674" lon="104.0564756365609"><ele>492</ele><time>2025-02-08T11:41:07.000Z</time></trkpt>
<trkpt lat="30.63087352151674" lon="104.0564756365609"><ele>492</ele><time>2025-02-08T11:41:08.000Z</time></trkpt>
<trkpt lat="30.63087352151674" lon="104.0564756365609"><ele>491</ele><time>2025-02-08T11:41:09.000Z</time></trkpt>
<trkpt lat="30.63087352151674" lon="104.0564756365609"><ele>491</ele><time>2025-02-08T11:41:10.000Z</time></trkpt>
<trkpt lat="30.63087352151674" lon="104.0564756365609"><ele>492</ele><time>2025-02-08T11:41:11.000Z</time></trkpt>
<trkpt lat="30.63087352151674" lon="104.0564756365609"><ele>492</ele><time>2025-02-08T11:41:12.000Z</time></trkpt>
<trkpt lat="30.63087352151674" lon="104.0564756365609"><ele>491</ele><time>2025-02-08T11:41:13.000Z</time></trkpt>
<trkpt lat="30.63087352151674" lon="104.0564756365609"><ele>491</ele><time>2025-02-08T11:41:14.000Z</time></trkpt>
<trkpt lat="30.63087352151674" lon="104.0564756365609"><ele>492</ele><time>2025-02-08T11:41:15.000Z</time></trkpt>
<trkpt lat="30.63087352151674" lon="104.0564756365609"><ele>492</ele><time>2025-02-08T11:41:16.000Z</time></trkpt>
<trkpt lat="30.63087352151674" lon="104.0564756365609"><ele>491</ele><time>2025-02-08T11:41:17.000Z</time></trkpt>
<trkpt lat="30.63087352151674" lon="104.0564756365609"><ele>491</ele><time>2025-02-08T11:41:18.000Z</time></trkpt>
<trkpt lat="30.63087352151674" lon="104.0564756365609"><ele>491</ele><time>2025-02-08T11:41:19.000Z</time></trkpt>
<trkpt lat="30.63087352151674" lon="104.0564756365609"><ele>490</ele><time>2025-02-08T11:41:20.000Z</time></trkpt>
<trkpt lat="30.63087352151674" lon="104.0564756365609"><ele>490</ele><time>2025-02-08T11:41:21.000Z</time></trkpt>
<trkpt lat="30.63087352151674" lon="104.0564756365609"><ele>491</ele><time>2025-02-08T11:41:22.000Z</time></trkpt>
<trkpt lat="30.63087352151674" lon="104.0564756365609"><ele>492</ele><time>2025-02-08T11:41:23.000Z</time></trkpt>
<trkpt lat="30.63087352151674" lon="104.0564756365609"><ele>492</ele><time>2025-02-08T11:41:24.000Z</time></trkpt>
<trkpt lat="30.63087352151674" lon="104.0564756365609"><ele>493</ele><time>2025-02-08T11:41:25.000Z</time></trkpt>
<trkpt lat="30.63087352151674" lon="104.0564756365609"><ele>492</ele><time>2025-02-08T11:41:26.000Z</time></trkpt>
<trkpt lat="30.63087352151674" lon="104.0564756365609"><ele>492</ele><time>2025-02-08T11:41:27.000Z</time></trkpt>
<trkpt lat="30.63087352151674" lon="104.0564756365609"><ele>492</ele><time>2025-02-08T11:41:28.000Z</time></trkpt>
<trkpt lat="30.63087352151674" lon="104.0564756365609"><ele>491</ele><time>2025-02-08T11:41:29.000Z</time></trkpt>
<trkpt lat="30.63087352151674" lon="104.0564756365609"><ele>490</ele><time>2025-02-08T11:41:30.000Z</time></trkpt>
<trkpt lat="30.63087352151674" lon="104.0564756365609"><ele>490</ele><time>2025-02-08T11:41:31.000Z</time></trkpt>
<trkpt lat="30.63087352151674" lon="104.0564756365609"><ele>490</ele><time>2025-02-08T11:41:32.000Z</time></trkpt>
<trkpt lat="30.63087352151674" lon="104.0564756365609"><ele>490</ele><time>2025-02-08T11:41:33.000Z</time></trkpt>
<trkpt lat="30.63087352151674" lon="104.0564756365609"><ele>490</ele><time>2025-02-08T11:41:34.000Z</time></trkpt>
<trkpt lat="30.63087352151674" lon="104.0564756365609"><ele>490</ele><time>2025-02-08T11:41:35.000Z</time></trkpt>
<trkpt lat="30.63087352151674" lon="104.0564756365609"><ele>489</ele><time>2025-02-08T11:41:36.000Z</time></trkpt>
<trkpt lat="30.63087352151674" lon="104.0564756365609"><ele>489</ele><time>2025-02-08T11:41:37.000Z</time></trkpt>
<trkpt lat="30.63087352151674" lon="104.0564756365609"><ele>489</ele><time>2025-02-08T11:41:38.000Z</time></trkpt>
<trkpt lat="30.63087352151674" lon="104.0564756365609"><ele>489</ele><time>2025-02-08T11:41:39.000Z</time></trkpt>
<trkpt lat="30.63087352151674" lon="104.0564756365609"><ele>490</ele><time>2025-02-08T11:41:40.000Z</time></trkpt>
<trkpt lat="30.63087352151674" lon="104.0564756365609"><ele>490</ele><time>2025-02-08T11:41:41.000Z</time></trkpt>
<trkpt lat="30.63087352151674" lon="104.0564756365609"><ele>490</ele><time>2025-02-08T11:41:42.000Z</time></trkpt>
<trkpt lat="30.63087352151674" lon="104.0564756365609"><ele>490</ele><time>2025-02-08T11:41:43.000Z</time></trkpt>
<trkpt lat="30.63087352151674" lon="104.0564756365609"><ele>489</ele><time>2025-02-08T11:41:44.000Z</time></trkpt>
<trkpt lat="30.63087352151674" lon="104.0564756365609"><ele>489</ele><time>2025-02-08T11:41:45.000Z</time></trkpt>
<trkpt lat="30.63087352151674" lon="104.0564756365609"><ele>488</ele><time>2025-02-08T11:41:46.000Z</time></trkpt>
<trkpt lat="30.63087352151674" lon="104.0564756365609"><ele>493</ele><time>2025-02-08T11:41:47.000Z</time></trkpt>
<trkpt lat="30.63087352151674" lon="104.0564756365609"><ele>493</ele><time>2025-02-08T11:41:48.000Z</time></trkpt>
<trkpt lat="30.63087352151674" lon="104.0564756365609"><ele>494</ele><time>2025-02-08T11:41:49.000Z</time></trkpt>
<trkpt lat="30.63087352151674" lon="104.0564756365609"><ele>494</ele><time>2025-02-08T11:41:50.000Z</time></trkpt>
<trkpt lat="30.63087352151674" lon="104.0564756365609"><ele>495</ele><time>2025-02-08T11:41:51.000Z</time></trkpt>
<trkpt lat="30.63087352151674" lon="104.0564756365609"><ele>497</ele><time>2025-02-08T11:41:52.000Z</time></trkpt>
<trkpt lat="30.63087352151674" lon="104.0564756365609"><ele>498</ele><time>2025-02-08T11:41:53.000Z</time></trkpt>
<trkpt lat="30.63087352151674" lon="104.0564756365609"><ele>499</ele><time>2025-02-08T11:41:54.000Z</time></trkpt>
<trkpt lat="30.63087352151674" lon="104.0564756365609"><ele>498</ele><time>2025-02-08T11:41:55.000Z</time></trkpt>
<trkpt lat="30.63087352151674" lon="104.0564756365609"><ele>499</ele><time>2025-02-08T11:41:56.000Z</time></trkpt>
<trkpt lat="30.63087352151674" lon="104.0564756365609"><ele>499</ele><time>2025-02-08T11:41:57.000Z</time></trkpt>
<trkpt lat="30.63087352151674" lon="104.0564756365609"><ele>499</ele><time>2025-02-08T11:41:58.000Z</time></trkpt>
<trkpt lat="30.63087352151674" lon="104.0564756365609"><ele>498</ele><time>2025-02-08T11:41:59.000Z</time></trkpt>
<trkpt lat="30.63087352151674" lon="104.0564756365609"><ele>498</ele><time>2025-02-08T11:42:00.000Z</time></trkpt>
<trkpt lat="30.63087352151674" lon="104.0564756365609"><ele>498</ele><time>2025-02-08T11:42:01.000Z</time></trkpt>
<trkpt lat="30.63087352151674" lon="104.0564756365609"><ele>499</ele><time>2025-02-08T11:42:02.000Z</time></trkpt>
<trkpt lat="30.63087352151674" lon="104.0564756365609"><ele>500</ele><time>2025-02-08T11:42:03.000Z</time></trkpt>
<trkpt lat="30.63087352151674" lon="104.0564756365609"><ele>500</ele><time>2025-02-08T11:42:04.000Z</time></trkpt>
<trkpt lat="30.63087352151674" lon="104.0564756365609"><ele>500</ele><time>2025-02-08T11:42:05.000Z</time></trkpt>
<trkpt lat="30.63087352151674" lon="104.0564756365609"><ele>499</ele><time>2025-02-08T11:42:06.000Z</time></trkpt>
<trkpt lat="30.63087352151674" lon="104.0564756365609"><ele>498</ele><time>2025-02-08T11:42:07.000Z</time></trkpt>
<trkpt lat="30.63087352151674" lon="104.0564756365609"><ele>498</ele><time>2025-02-08T11:42:08.000Z</time></trkpt>
<trkpt lat="30.63087352151674" lon="104.0564756365609"><ele>498</ele><time>2025-02-08T11:42:09.000Z</time></trkpt>
<trkpt lat="30.63087352151674" lon="104.0564756365609"><ele>497</ele><time>2025-02-08T11:42:10.000Z</time></trkpt>
<trkpt lat="30.63087352151674" lon="104.0564756365609"><ele>498</ele><time>2025-02-08T11:42:11.000Z</time></trkpt>
<trkpt lat="30.63087352151674" lon="104.0564756365609"><ele>498</ele><time>2025-02-08T11:42:12.000Z</time></trkpt>
<trkpt lat="30.63087352151674" lon="104.0564756365609"><ele>497</ele><time>2025-02-08T11:42:13.000Z</time></trkpt>
<trkpt lat="30.63087352151674" lon="104.0564756365609"><ele>496</ele><time>2025-02-08T11:42:14.000Z</time></trkpt>
<trkpt lat="30.63087352151674" lon="104.0564756365609"><ele>498</ele><time>2025-02-08T11:42:15.000Z</time></trkpt>
<trkpt lat="30.63087352151674" lon="104.0564756365609"><ele>497</ele><time>2025-02-08T11:42:16.000Z</time></trkpt>
<trkpt lat="30.63087352151674" lon="104.0564756365609"><ele>498</ele><time>2025-02-08T11:42:17.000Z</time></trkpt>
<trkpt lat="30.63087352151674" lon="104.0564756365609"><ele>496</ele><time>2025-02-08T11:42:18.000Z</time></trkpt>
<trkpt lat="30.63087352151674" lon="104.0564756365609"><ele>496</ele><time>2025-02-08T11:42:19.000Z</time></trkpt>
<trkpt lat="30.63087352151674" lon="104.0564756365609"><ele>496</ele><time>2025-02-08T11:42:20.000Z</time></trkpt>
<trkpt lat="30.63087352151674" lon="104.0564756365609"><ele>496</ele><time>2025-02-08T11:42:21.000Z</time></trkpt>
<trkpt lat="30.63087352151674" lon="104.0564756365609"><ele>497</ele><time>2025-02-08T11:42:22.000Z</time></trkpt>
<trkpt lat="30.63087352151674" lon="104.0564756365609"><ele>497</ele><time>2025-02-08T11:42:23.000Z</time></trkpt>
<trkpt lat="30.63087352151674" lon="104.0564756365609"><ele>497</ele><time>2025-02-08T11:42:24.000Z</time></trkpt>
<trkpt lat="30.63087352151674" lon="104.0564756365609"><ele>497</ele><time>2025-02-08T11:42:25.000Z</time></trkpt>
<trkpt lat="30.63087352151674" lon="104.0564756365609"><ele>498</ele><time>2025-02-08T11:42:26.000Z</time></trkpt>
<trkpt lat="30.63087352151674" lon="104.0564756365609"><ele>497</ele><time>2025-02-08T11:42:27.000Z</time></trkpt>
<trkpt lat="30.63087352151674" lon="104.0564756365609"><ele>498</ele><time>2025-02-08T11:42:28.000Z</time></trkpt>
<trkpt lat="30.63087352151674" lon="104.0564756365609"><ele>498</ele><time>2025-02-08T11:42:29.000Z</time></trkpt>
<trkpt lat="30.63087352151674" lon="104.0564756365609"><ele>498</ele><time>2025-02-08T11:42:30.000Z</time></trkpt>
<trkpt lat="30.63087352151674" lon="104.0564756365609"><ele>499</ele><time>2025-02-08T11:42:31.000Z</time></trkpt>
<trkpt lat="30.63087352151674" lon="104.0564756365609"><ele>498</ele><time>2025-02-08T11:42:32.000Z</time></trkpt>
<trkpt lat="30.63087352151674" lon="104.0564756365609"><ele>499</ele><time>2025-02-08T11:42:33.000Z</time></trkpt>
<trkpt lat="30.63087352151674" lon="104.0564756365609"><ele>499</ele><time>2025-02-08T11:42:34.000Z</time></trkpt>
<trkpt lat="30.63087352151674" lon="104.0564756365609"><ele>499</ele><time>2025-02-08T11:42:35.000Z</time></trkpt>
<trkpt lat="30.63087352151674" lon="104.0564756365609"><ele>501</ele><time>2025-02-08T11:42:36.000Z</time></trkpt>
<trkpt lat="30.63087352151674" lon="104.0564756365609"><ele>501</ele><time>2025-02-08T11:42:37.000Z</time></trkpt>
<trkpt lat="30.63087352151674" lon="104.0564756365609"><ele>502</ele><time>2025-02-08T11:42:38.000Z</time></trkpt>
<trkpt lat="30.63087352151674" lon="104.0564756365609"><ele>501</ele><time>2025-02-08T11:42:39.000Z</time></trkpt>
<trkpt lat="30.63087352151674" lon="104.0564756365609"><ele>501</ele><time>2025-02-08T11:42:40.000Z</time></trkpt>
<trkpt lat="30.63087352151674" lon="104.0564756365609"><ele>502</ele><time>2025-02-08T11:42:41.000Z</time></trkpt>
<trkpt lat="30.63087352151674" lon="104.0564756365609"><ele>501</ele><time>2025-02-08T11:42:42.000Z</time></trkpt>
<trkpt lat="30.63087352151674" lon="104.0564756365609"><ele>501</ele><time>2025-02-08T11:42:43.000Z</time></trkpt>
<trkpt lat="30.63087352151674" lon="104.0564756365609"><ele>501</ele><time>2025-02-08T11:42:44.000Z</time></trkpt>
<trkpt lat="30.63087352151674" lon="104.0564756365609"><ele>502</ele><time>2025-02-08T11:42:45.000Z</time></trkpt>
<trkpt lat="30.63087352151674" lon="104.0564756365609"><ele>503</ele><time>2025-02-08T11:42:46.000Z</time></trkpt>
<trkpt lat="30.63087352151674" lon="104.0564756365609"><ele>504</ele><time>2025-02-08T11:42:47.000Z</time></trkpt>
<trkpt lat="30.63087352151674" lon="104.0564756365609"><ele>504</ele><time>2025-02-08T11:42:48.000Z</time></trkpt>
<trkpt lat="30.63087352151674" lon="104.0564756365609"><ele>505</ele><time>2025-02-08T11:42:49.000Z</time></trkpt>
<trkpt lat="30.63087352151674" lon="104.0564756365609"><ele>505</ele><time>2025-02-08T11:42:50.000Z</time></trkpt>
<trkpt lat="30.63087352151674" lon="104.0564756365609"><ele>505</ele><time>2025-02-08T11:42:51.000Z</time></trkpt>
<trkpt lat="30.63087352151674" lon="104.0564756365609"><ele>505</ele><time>2025-02-08T11:42:52.000Z</time></trkpt>
<trkpt lat="30.63087352151674" lon="104.0564756365609"><ele>505</ele><time>2025-02-08T11:42:53.000Z</time></trkpt>
<trkpt lat="30.63087352151674" lon="104.0564756365609"><ele>505</ele><time>2025-02-08T11:42:54.000Z</time></trkpt>
<trkpt lat="30.63087352151674" lon="104.0564756365609"><ele>506</ele><time>2025-02-08T11:42:55.000Z</time></trkpt>
<trkpt lat="30.63087352151674" lon="104.0564756365609"><ele>506</ele><time>2025-02-08T11:42:56.000Z</time></trkpt>
<trkpt lat="30.63087352151674" lon="104.0564756365609"><ele>506</ele><time>2025-02-08T11:42:57.000Z</time></trkpt>
<trkpt lat="30.63087352151674" lon="104.0564756365609"><ele>506</ele><time>2025-02-08T11:42:58.000Z</time></trkpt>
<trkpt lat="30.63087352151674" lon="104.0564756365609"><ele>507</ele><time>2025-02-08T11:42:59.000Z</time></trkpt>
<trkpt lat="30.63087352151674" lon="104.0564756365609"><ele>506</ele><time>2025-02-08T11:43:00.000Z</time></trkpt>
<trkpt lat="30.63087352151674" lon="104.0564756365609"><ele>506</ele><time>2025-02-08T11:43:01.000Z</time></trkpt>
<trkpt lat="30.63087352151674" lon="104.0564756365609"><ele>507</ele><time>2025-02-08T11:43:02.000Z</time></trkpt>
<trkpt lat="30.63087352151674" lon="104.0564756365609"><ele>507</ele><time>2025-02-08T11:43:03.000Z</time></trkpt>
<trkpt lat="30.63087352151674" lon="104.0564756365609"><ele>507</ele><time>2025-02-08T11:43:04.000Z</time></trkpt>
<trkpt lat="30.63087352151674" lon="104.0564756365609"><ele>507</ele><time>2025-02-08T11:43:05.000Z</time></trkpt>
<trkpt lat="30.63087352151674" lon="104.0564756365609"><ele>508</ele><time>2025-02-08T11:43:06.000Z</time></trkpt>
<trkpt lat="30.63087352151674" lon="104.0564756365609"><ele>509</ele><time>2025-02-08T11:43:07.000Z</time></trkpt>
<trkpt lat="30.63087352151674" lon="104.0564756365609"><ele>509</ele><time>2025-02-08T11:43:08.000Z</time></trkpt>
<trkpt lat="30.63087352151674" lon="104.0564756365609"><ele>509</ele><time>2025-02-08T11:43:09.000Z</time></trkpt>
<trkpt lat="30.63087352151674" lon="104.0564756365609"><ele>509</ele><time>2025-02-08T11:43:10.000Z</time></trkpt>
<trkpt lat="30.63087352151674" lon="104.0564756365609"><ele>508</ele><time>2025-02-08T11:43:11.000Z</time></trkpt>
<trkpt lat="30.63087352151674" lon="104.0564756365609"><ele>508</ele><time>2025-02-08T11:43:12.000Z</time></trkpt>
<trkpt lat="30.63087352151674" lon="104.0564756365609"><ele>507</ele><time>2025-02-08T11:43:13.000Z</time></trkpt>
<trkpt lat="30.63087352151674" lon="104.0564756365609"><ele>506</ele><time>2025-02-08T11:43:14.000Z</time></trkpt>
<trkpt lat="30.63087352151674" lon="104.0564756365609"><ele>506</ele><time>2025-02-08T11:43:15.000Z</time></trkpt>
<trkpt lat="30.63087352151674" lon="104.0564756365609"><ele>506</ele><time>2025-02-08T11:43:16.000Z</time></trkpt>
<trkpt lat="30.63087352151674" lon="104.0564756365609"><ele>506</ele><time>2025-02-08T11:43:17.000Z</time></trkpt>
<trkpt lat="30.63087352151674" lon="104.0564756365609"><ele>506</ele><time>2025-02-08T11:43:18.000Z</time></trkpt>
<trkpt lat="30.63087352151674" lon="104.0564756365609"><ele>506</ele><time>2025-02-08T11:43:19.000Z</time></trkpt>
<trkpt lat="30.63087352151674" lon="104.0564756365609"><ele>507</ele><time>2025-02-08T11:43:20.000Z</time></trkpt>
<trkpt lat="30.63087352151674" lon="104.0564756365609"><ele>509</ele><time>2025-02-08T11:43:21.000Z</time></trkpt>
<trkpt lat="30.63087352151674" lon="104.0564756365609"><ele>508</ele><time>2025-02-08T11:43:22.000Z</time></trkpt>
<trkpt lat="30.63087352151674" lon="104.0564756365609"><ele>508</ele><time>2025-02-08T11:43:23.000Z</time></trkpt>
<trkpt lat="30.63087352151674" lon="104.0564756365609"><ele>508</ele><time>2025-02-08T11:43:24.000Z</time></trkpt>
<trkpt lat="30.63087352151674" lon="104.0564756365609"><ele>507</ele><time>2025-02-08T11:43:25.000Z</time></trkpt>
<trkpt lat="30.63087352151674" lon="104.0564756365609"><ele>509</ele><time>2025-02-08T11:43:26.000Z</time></trkpt>
<trkpt lat="30.63087352151674" lon="104.0564756365609"><ele>507</ele><time>2025-02-08T11:43:27.000Z</time></trkpt>
<trkpt lat="30.63087352151674" lon="104.0564756365609"><ele>507</ele><time>2025-02-08T11:43:28.000Z</time></trkpt>
<trkpt lat="30.63087352151674" lon="104.0564756365609"><ele>506</ele><time>2025-02-08T11:43:29.000Z</time></trkpt>
<trkpt lat="30.63087352151674" lon="104.0564756365609"><ele>506</ele><time>2025-02-08T11:43:30.000Z</time></trkpt>
<trkpt lat="30.63087352151674" lon="104.0564756365609"><ele>505</ele><time>2025-02-08T11:43:31.000Z</time></trkpt>
<trkpt lat="30.63087352151674" lon="104.0564756365609"><ele>505</ele><time>2025-02-08T11:43:32.000Z</time></trkpt>
<trkpt lat="30.63087352151674" lon="104.0564756365609"><ele>505</ele><time>2025-02-08T11:43:33.000Z</time></trkpt>
<trkpt lat="30.63087352151674" lon="104.0564756365609"><ele>501</ele><time>2025-02-08T11:43:34.000Z</time></trkpt>
<trkpt lat="30.63087352151674" lon="104.0564756365609"><ele>501</ele><time>2025-02-08T11:43:35.000Z</time></trkpt>
<trkpt lat="30.63087352151674" lon="104.0564756365609"><ele>502</ele><time>2025-02-08T11:43:36.000Z</time></trkpt>
<trkpt lat="30.63087352151674" lon="104.0564756365609"><ele>502</ele><time>2025-02-08T11:43:37.000Z</time></trkpt>
<trkpt lat="30.63087352151674" lon="104.0564756365609"><ele>502</ele><time>2025-02-08T11:43:38.000Z</time></trkpt>
<trkpt lat="30.63087352151674" lon="104.0564756365609"><ele>502</ele><time>2025-02-08T11:43:39.000Z</time></trkpt>
<trkpt lat="30.63087352151674" lon="104.0564756365609"><ele>503</ele><time>2025-02-08T11:43:40.000Z</time></trkpt>
<trkpt lat="30.63087352151674" lon="104.0564756365609"><ele>503</ele><time>2025-02-08T11:43:41.000Z</time></trkpt>
<trkpt lat="30.63087352151674" lon="104.0564756365609"><ele>503</ele><time>2025-02-08T11:43:42.000Z</time></trkpt>
<trkpt lat="30.63087352151674" lon="104.0564756365609"><ele>504</ele><time>2025-02-08T11:43:43.000Z</time></trkpt>
<trkpt lat="30.63087352151674" lon="104.0564756365609"><ele>503</ele><time>2025-02-08T11:43:44.000Z</time></trkpt>
<trkpt lat="30.63087352151674" lon="104.0564756365609"><ele>504</ele><time>2025-02-08T11:43:45.000Z</time></trkpt>
<trkpt lat="30.63087352151674" lon="104.0564756365609"><ele>504</ele><time>2025-02-08T11:43:46.000Z</time></trkpt>
<trkpt lat="30.63087352151674" lon="104.0564756365609"><ele>504</ele><time>2025-02-08T11:43:47.000Z</time></trkpt>
<trkpt lat="30.63087352151674" lon="104.0564756365609"><ele>504</ele><time>2025-02-08T11:43:48.000Z</time></trkpt>
<trkpt lat="30.63087352151674" lon="104.0564756365609"><ele>504</ele><time>2025-02-08T11:43:49.000Z</time></trkpt>
<trkpt lat="30.63087352151674" lon="104.0564756365609"><ele>504</ele><time>2025-02-08T11:43:50.000Z</time></trkpt>
<trkpt lat="30.63087352151674" lon="104.0564756365609"><ele>504</ele><time>2025-02-08T11:43:51.000Z</time></trkpt>
<trkpt lat="30.63087352151674" lon="104.0564756365609"><ele>504</ele><time>2025-02-08T11:43:52.000Z</time></trkpt>
<trkpt lat="30.63087352151674" lon="104.0564756365609"><ele>505</ele><time>2025-02-08T11:43:53.000Z</time></trkpt>
<trkpt lat="30.63087352151674" lon="104.0564756365609"><ele>511</ele><time>2025-02-08T11:43:54.000Z</time></trkpt>
<trkpt lat="30.63087352151674" lon="104.0564756365609"><ele>510</ele><time>2025-02-08T11:43:55.000Z</time></trkpt>
<trkpt lat="30.63087352151674" lon="104.0564756365609"><ele>510</ele><time>2025-02-08T11:43:56.000Z</time></trkpt>
<trkpt lat="30.63087352151674" lon="104.0564756365609"><ele>508</ele><time>2025-02-08T11:43:57.000Z</time></trkpt>
<trkpt lat="30.63087352151674" lon="104.0564756365609"><ele>508</ele><time>2025-02-08T11:43:58.000Z</time></trkpt>
<trkpt lat="30.63087352151674" lon="104.0564756365609"><ele>507</ele><time>2025-02-08T11:43:59.000Z</time></trkpt>
<trkpt lat="30.63087352151674" lon="104.0564756365609"><ele>505</ele><time>2025-02-08T11:44:00.000Z</time></trkpt>
<trkpt lat="30.63087352151674" lon="104.0564756365609"><ele>503</ele><time>2025-02-08T11:44:01.000Z</time></trkpt>
<trkpt lat="30.63087352151674" lon="104.0564756365609"><ele>501</ele><time>2025-02-08T11:44:02.000Z</time></trkpt>
<trkpt lat="30.63087352151674" lon="104.0564756365609"><ele>500</ele><time>2025-02-08T11:44:03.000Z</time></trkpt>
<trkpt lat="30.63087352151674" lon="104.0564756365609"><ele>499</ele><time>2025-02-08T11:44:04.000Z</time></trkpt>
<trkpt lat="30.63087352151674" lon="104.0564756365609"><ele>499</ele><time>2025-02-08T11:44:05.000Z</time></trkpt>
<trkpt lat="30.63087352151674" lon="104.0564756365609"><ele>500</ele><time>2025-02-08T11:44:06.000Z</time></trkpt>
<trkpt lat="30.63087352151674" lon="104.0564756365609"><ele>500</ele><time>2025-02-08T11:44:07.000Z</time></trkpt>
<trkpt lat="30.63087352151674" lon="104.0564756365609"><ele>499</ele><time>2025-02-08T11:44:08.000Z</time></trkpt>
<trkpt lat="30.63087352151674" lon="104.0564756365609"><ele>499</ele><time>2025-02-08T11:44:09.000Z</time></trkpt>
<trkpt lat="30.63087352151674" lon="104.0564756365609"><ele>499</ele><time>2025-02-08T11:44:10.000Z</time></trkpt>
<trkpt lat="30.63087352151674" lon="104.0564756365609"><ele>501</ele><time>2025-02-08T11:44:11.000Z</time></trkpt>
<trkpt lat="30.63087352151674" lon="104.0564756365609"><ele>501</ele><time>2025-02-08T11:44:12.000Z</time></trkpt>
<trkpt lat="30.63087352151674" lon="104.0564756365609"><ele>501</ele><time>2025-02-08T11:44:13.000Z</time></trkpt>
<trkpt lat="30.63087352151674" lon="104.0564756365609"><ele>502</ele><time>2025-02-08T11:44:14.000Z</time></trkpt>
<trkpt lat="30.63087352151674" lon="104.0564756365609"><ele>503</ele><time>2025-02-08T11:44:15.000Z</time></trkpt>
<trkpt lat="30.63087352151674" lon="104.0564756365609"><ele>504</ele><time>2025-02-08T11:44:16.000Z</time></trkpt>
<trkpt lat="30.63087352151674" lon="104.0564756365609"><ele>505</ele><time>2025-02-08T11:44:17.000Z</time></trkpt>
<trkpt lat="30.63087352151674" lon="104.0564756365609"><ele>505</ele><time>2025-02-08T11:44:18.000Z</time></trkpt>
<trkpt lat="30.63087352151674" lon="104.0564756365609"><ele>505</ele><time>2025-02-08T11:44:19.000Z</time></trkpt>
<trkpt lat="30.63087352151674" lon="104.0564756365609"><ele>506</ele><time>2025-02-08T11:44:20.000Z</time></trkpt>
<trkpt lat="30.63087352151674" lon="104.0564756365609"><ele>506</ele><time>2025-02-08T11:44:21.000Z</time></trkpt>
<trkpt lat="30.63087352151674" lon="104.0564756365609"><ele>506</ele><time>2025-02-08T11:44:22.000Z</time></trkpt>
<trkpt lat="30.63087352151674" lon="104.0564756365609"><ele>505</ele><time>2025-02-08T11:44:23.000Z</time></trkpt>
<trkpt lat="30.63087352151674" lon="104.0564756365609"><ele>504</ele><time>2025-02-08T11:44:24.000Z</time></trkpt>
<trkpt lat="30.63087352151674" lon="104.0564756365609"><ele>505</ele><time>2025-02-08T11:44:25.000Z</time></trkpt>
<trkpt lat="30.63087352151674" lon="104.0564756365609"><ele>504</ele><time>2025-02-08T11:44:26.000Z</time></trkpt>
<trkpt lat="30.63087352151674" lon="104.0564756365609"><ele>505</ele><time>2025-02-08T11:44:27.000Z</time></trkpt>
<trkpt lat="30.63087352151674" lon="104.0564756365609"><ele>504</ele><time>2025-02-08T11:44:28.000Z</time></trkpt>
<trkpt lat="30.63087352151674" lon="104.0564756365609"><ele>501</ele><time>2025-02-08T11:44:29.000Z</time></trkpt>
<trkpt lat="30.63087352151674" lon="104.0564756365609"><ele>502</ele><time>2025-02-08T11:44:30.000Z</time></trkpt>
<trkpt lat="30.63087352151674" lon="104.0564756365609"><ele>503</ele><time>2025-02-08T11:44:31.000Z</time></trkpt>
<trkpt lat="30.63087352151674" lon="104.0564756365609"><ele>502</ele><time>2025-02-08T11:44:32.000Z</time></trkpt>
<trkpt lat="30.63087352151674" lon="104.0564756365609"><ele>504</ele><time>2025-02-08T11:44:33.000Z</time></trkpt>
<trkpt lat="30.63087352151674" lon="104.0564756365609"><ele>504</ele><time>2025-02-08T11:44:34.000Z</time></trkpt>
<trkpt lat="30.63087352151674" lon="104.0564756365609"><ele>504</ele><time>2025-02-08T11:44:35.000Z</time></trkpt>
<trkpt lat="30.63087352151674" lon="104.0564756365609"><ele>504</ele><time>2025-02-08T11:44:36.000Z</time></trkpt>
<trkpt lat="30.63087352151674" lon="104.0564756365609"><ele>503</ele><time>2025-02-08T11:44:37.000Z</time></trkpt>
<trkpt lat="30.63087352151674" lon="104.0564756365609"><ele>504</ele><time>2025-02-08T11:44:38.000Z</time></trkpt>
<trkpt lat="30.63087352151674" lon="104.0564756365609"><ele>504</ele><time>2025-02-08T11:44:39.000Z</time></trkpt>
<trkpt lat="30.63087352151674" lon="104.0564756365609"><ele>504</ele><time>2025-02-08T11:44:40.000Z</time></trkpt>
<trkpt lat="30.63087352151674" lon="104.0564756365609"><ele>505</ele><time>2025-02-08T11:44:41.000Z</time></trkpt>
<trkpt lat="30.63087352151674" lon="104.0564756365609"><ele>504</ele><time>2025-02-08T11:44:42.000Z</time></trkpt>
<trkpt lat="30.63087352151674" lon="104.0564756365609"><ele>505</ele><time>2025-02-08T11:44:43.000Z</time></trkpt>
<trkpt lat="30.63087352151674" lon="104.0564756365609"><ele>505</ele><time>2025-02-08T11:44:44.000Z</time></trkpt>
<trkpt lat="30.63087352151674" lon="104.0564756365609"><ele>506</ele><time>2025-02-08T11:44:45.000Z</time></trkpt>
<trkpt lat="30.63087352151674" lon="104.0564756365609"><ele>506</ele><time>2025-02-08T11:44:46.000Z</time></trkpt>
<trkpt lat="30.63087352151674" lon="104.0564756365609"><ele>506</ele><time>2025-02-08T11:44:47.000Z</time></trkpt>
<trkpt lat="30.63087352151674" lon="104.0564756365609"><ele>506</ele><time>2025-02-08T11:44:48.000Z</time></trkpt>
<trkpt lat="30.63087352151674" lon="104.0564756365609"><ele>506</ele><time>2025-02-08T11:44:49.000Z</time></trkpt>
<trkpt lat="30.63087352151674" lon="104.0564756365609"><ele>505</ele><time>2025-02-08T11:44:50.000Z</time></trkpt>
<trkpt lat="30.63087352151674" lon="104.0564756365609"><ele>506</ele><time>2025-02-08T11:44:51.000Z</time></trkpt>
<trkpt lat="30.63087352151674" lon="104.0564756365609"><ele>506</ele><time>2025-02-08T11:44:52.000Z</time></trkpt>
<trkpt lat="30.63087352151674" lon="104.0564756365609"><ele>506</ele><time>2025-02-08T11:44:53.000Z</time></trkpt>
<trkpt lat="30.63087352151674" lon="104.0564756365609"><ele>506</ele><time>2025-02-08T11:44:54.000Z</time></trkpt>
<trkpt lat="30.63087352151674" lon="104.0564756365609"><ele>507</ele><time>2025-02-08T11:44:55.000Z</time></trkpt>
<trkpt lat="30.63087352151674" lon="104.0564756365609"><ele>507</ele><time>2025-02-08T11:44:56.000Z</time></trkpt>
<trkpt lat="30.63087352151674" lon="104.0564756365609"><ele>506</ele><time>2025-02-08T11:44:57.000Z</time></trkpt>
<trkpt lat="30.63087352151674" lon="104.0564756365609"><ele>507</ele><time>2025-02-08T11:44:58.000Z</time></trkpt>
<trkpt lat="30.63087352151674" lon="104.0564756365609"><ele>506</ele><time>2025-02-08T11:44:59.000Z</time></trkpt>
<trkpt lat="30.63087352151674" lon="104.0564756365609"><ele>506</ele><time>2025-02-08T11:45:00.000Z</time></trkpt>
<trkpt lat="30.63087352151674" lon="104.0564756365609"><ele>505</ele><time>2025-02-08T11:45:01.000Z</time></trkpt>
<trkpt lat="30.63087352151674" lon="104.0564756365609"><ele>505</ele><time>2025-02-08T11:45:02.000Z</time></trkpt>
<trkpt lat="30.63087352151674" lon="104.0564756365609"><ele>505</ele><time>2025-02-08T11:45:03.000Z</time></trkpt>
<trkpt lat="30.63087352151674" lon="104.0564756365609"><ele>506</ele><time>2025-02-08T11:45:04.000Z</time></trkpt>
<trkpt lat="30.63087352151674" lon="104.0564756365609"><ele>506</ele><time>2025-02-08T11:45:05.000Z</time></trkpt>
<trkpt lat="30.63087352151674" lon="104.0564756365609"><ele>507</ele><time>2025-02-08T11:45:06.000Z</time></trkpt>
<trkpt lat="30.63087352151674" lon="104.0564756365609"><ele>507</ele><time>2025-02-08T11:45:07.000Z</time></trkpt>
<trkpt lat="30.63087352151674" lon="104.0564756365609"><ele>508</ele><time>2025-02-08T11:45:08.000Z</time></trkpt>
<trkpt lat="30.63087352151674" lon="104.0564756365609"><ele>507</ele><time>2025-02-08T11:45:09.000Z</time></trkpt>
<trkpt lat="30.63087352151674" lon="104.0564756365609"><ele>505</ele><time>2025-02-08T11:45:10.000Z</time></trkpt>
<trkpt lat="30.63087352151674" lon="104.0564756365609"><ele>506</ele><time>2025-02-08T11:45:11.000Z</time></trkpt>
<trkpt lat="30.63087352151674" lon="104.0564756365609"><ele>506</ele><time>2025-02-08T11:45:12.000Z</time></trkpt>
<trkpt lat="30.63087352151674" lon="104.0564756365609"><ele>506</ele><time>2025-02-08T11:45:13.000Z</time></trkpt>
<trkpt lat="30.63087352151674" lon="104.0564756365609"><ele>506</ele><time>2025-02-08T11:45:14.000Z</time></trkpt>
<trkpt lat="30.63087352151674" lon="104.0564756365609"><ele>507</ele><time>2025-02-08T11:45:15.000Z</time></trkpt>
<trkpt lat="30.63087352151674" lon="104.0564756365609"><ele>507</ele><time>2025-02-08T11:45:16.000Z</time></trkpt>
<trkpt lat="30.63087352151674" lon="104.0564756365609"><ele>507</ele><time>2025-02-08T11:45:17.000Z</time></trkpt>
<trkpt lat="30.63087352151674" lon="104.0564756365609"><ele>507</ele><time>2025-02-08T11:45:18.000Z</time></trkpt>
<trkpt lat="30.63087352151674" lon="104.0564756365609"><ele>507</ele><time>2025-02-08T11:45:19.000Z</time></trkpt>
<trkpt lat="30.63087352151674" lon="104.0564756365609"><ele>507</ele><time>2025-02-08T11:45:20.000Z</time></trkpt>
<trkpt lat="30.63087352151674" lon="104.0564756365609"><ele>507</ele><time>2025-02-08T11:45:21.000Z</time></trkpt>
<trkpt lat="30.63087352151674" lon="104.0564756365609"><ele>507</ele><time>2025-02-08T11:45:22.000Z</time></trkpt>
<trkpt lat="30.63087352151674" lon="104.0564756365609"><ele>506</ele><time>2025-02-08T11:45:23.000Z</time></trkpt>
<trkpt lat="30.63087352151674" lon="104.0564756365609"><ele>506</ele><time>2025-02-08T11:45:24.000Z</time></trkpt>
<trkpt lat="30.63087352151674" lon="104.0564756365609"><ele>506</ele><time>2025-02-08T11:45:25.000Z</time></trkpt>
<trkpt lat="30.63087352151674" lon="104.0564756365609"><ele>506</ele><time>2025-02-08T11:45:26.000Z</time></trkpt>
<trkpt lat="30.63087352151674" lon="104.0564756365609"><ele>506</ele><time>2025-02-08T11:45:27.000Z</time></trkpt>
<trkpt lat="30.63087352151674" lon="104.0564756365609"><ele>506</ele><time>2025-02-08T11:45:28.000Z</time></trkpt>
<trkpt lat="30.63087352151674" lon="104.0564756365609"><ele>507</ele><time>2025-02-08T11:45:29.000Z</time></trkpt>
<trkpt lat="30.63087352151674" lon="104.0564756365609"><ele>507</ele><time>2025-02-08T11:45:30.000Z</time></trkpt>
<trkpt lat="30.63087352151674" lon="104.0564756365609"><ele>507</ele><time>2025-02-08T11:45:31.000Z</time></trkpt>
<trkpt lat="30.63087352151674" lon="104.0564756365609"><ele>508</ele><time>2025-02-08T11:45:32.000Z</time></trkpt>
<trkpt lat="30.63087352151674" lon="104.0564756365609"><ele>507</ele><time>2025-02-08T11:45:33.000Z</time></trkpt>
<trkpt lat="30.63087352151674" lon="104.0564756365609"><ele>508</ele><time>2025-02-08T11:45:34.000Z</time></trkpt>
<trkpt lat="30.63087352151674" lon="104.0564756365609"><ele>509</ele><time>2025-02-08T11:45:35.000Z</time></trkpt>
<trkpt lat="30.63087352151674" lon="104.0564756365609"><ele>509</ele><time>2025-02-08T11:45:36.000Z</time></trkpt>
<trkpt lat="30.63087352151674" lon="104.0564756365609"><ele>509</ele><time>2025-02-08T11:45:37.000Z</time></trkpt>
<trkpt lat="30.63087352151674" lon="104.0564756365609"><ele>508</ele><time>2025-02-08T11:45:38.000Z</time></trkpt>
<trkpt lat="30.63087352151674" lon="104.0564756365609"><ele>508</ele><time>2025-02-08T11:45:39.000Z</time></trkpt>
<trkpt lat="30.63087352151674" lon="104.0564756365609"><ele>509</ele><time>2025-02-08T11:45:40.000Z</time></trkpt>
<trkpt lat="30.63087352151674" lon="104.0564756365609"><ele>509</ele><time>2025-02-08T11:45:41.000Z</time></trkpt>
<trkpt lat="30.63087352151674" lon="104.0564756365609"><ele>509</ele><time>2025-02-08T11:45:42.000Z</time></trkpt>
<trkpt lat="30.63087352151674" lon="104.0564756365609"><ele>510</ele><time>2025-02-08T11:45:43.000Z</time></trkpt>
<trkpt lat="30.63087352151674" lon="104.0564756365609"><ele>510</ele><time>2025-02-08T11:45:44.000Z</time></trkpt>
<trkpt lat="30.63087352151674" lon="104.0564756365609"><ele>510</ele><time>2025-02-08T11:45:45.000Z</time></trkpt>
<trkpt lat="30.63087352151674" lon="104.0564756365609"><ele>509</ele><time>2025-02-08T11:45:46.000Z</time></trkpt>
<trkpt lat="30.63087352151674" lon="104.0564756365609"><ele>509</ele><time>2025-02-08T11:45:47.000Z</time></trkpt>
<trkpt lat="30.63087352151674" lon="104.0564756365609"><ele>508</ele><time>2025-02-08T11:45:48.000Z</time></trkpt>
<trkpt lat="30.63087352151674" lon="104.0564756365609"><ele>508</ele><time>2025-02-08T11:45:49.000Z</time></trkpt>
<trkpt lat="30.63087352151674" lon="104.0564756365609"><ele>508</ele><time>2025-02-08T11:45:50.000Z</time></trkpt>
<trkpt lat="30.63087352151674" lon="104.0564756365609"><ele>508</ele><time>2025-02-08T11:45:51.000Z</time></trkpt>
<trkpt lat="30.63087352151674" lon="104.0564756365609"><ele>508</ele><time>2025-02-08T11:45:52.000Z</time></trkpt>
<trkpt lat="30.63087352151674" lon="104.0564756365609"><ele>508</ele><time>2025-02-08T11:45:53.000Z</time></trkpt>
<trkpt lat="30.63087352151674" lon="104.0564756365609"><ele>508</ele><time>2025-02-08T11:45:54.000Z</time></trkpt>
<trkpt lat="30.63087352151674" lon="104.0564756365609"><ele>508</ele><time>2025-02-08T11:45:55.000Z</time></trkpt>
<trkpt lat="30.63087352151674" lon="104.0564756365609"><ele>507</ele><time>2025-02-08T11:45:56.000Z</time></trkpt>
<trkpt lat="30.63087352151674" lon="104.0564756365609"><ele>508</ele><time>2025-02-08T11:45:57.000Z</time></trkpt>
<trkpt lat="30.63087352151674" lon="104.0564756365609"><ele>508</ele><time>2025-02-08T11:45:58.000Z</time></trkpt>
<trkpt lat="30.63087352151674" lon="104.0564756365609"><ele>508</ele><time>2025-02-08T11:45:59.000Z</time></trkpt>
<trkpt lat="30.63087352151674" lon="104.0564756365609"><ele>509</ele><time>2025-02-08T11:46:00.000Z</time></trkpt>
<trkpt lat="30.63087352151674" lon="104.0564756365609"><ele>508</ele><time>2025-02-08T11:46:01.000Z</time></trkpt>
<trkpt lat="30.63087352151674" lon="104.0564756365609"><ele>509</ele><time>2025-02-08T11:46:02.000Z</time></trkpt>
<trkpt lat="30.63087352151674" lon="104.0564756365609"><ele>509</ele><time>2025-02-08T11:46:03.000Z</time></trkpt>
<trkpt lat="30.63087352151674" lon="104.0564756365609"><ele>509</ele><time>2025-02-08T11:46:04.000Z</time></trkpt>
<trkpt lat="30.63087352151674" lon="104.0564756365609"><ele>509</ele><time>2025-02-08T11:46:05.000Z</time></trkpt>
<trkpt lat="30.63087352151674" lon="104.0564756365609"><ele>510</ele><time>2025-02-08T11:46:06.000Z</time></trkpt>
<trkpt lat="30.63087352151674" lon="104.0564756365609"><ele>511</ele><time>2025-02-08T11:46:07.000Z</time></trkpt>
<trkpt lat="30.63087352151674" lon="104.0564756365609"><ele>511</ele><time>2025-02-08T11:46:08.000Z</time></trkpt>
<trkpt lat="30.63087352151674" lon="104.0564756365609"><ele>512</ele><time>2025-02-08T11:46:09.000Z</time></trkpt>
<trkpt lat="30.63087352151674" lon="104.0564756365609"><ele>512</ele><time>2025-02-08T11:46:10.000Z</time></trkpt>
<trkpt lat="30.63087352151674" lon="104.0564756365609"><ele>512</ele><time>2025-02-08T11:46:11.000Z</time></trkpt>
<trkpt lat="30.63087352151674" lon="104.0564756365609"><ele>513</ele><time>2025-02-08T11:46:12.000Z</time></trkpt>
<trkpt lat="30.63087352151674" lon="104.0564756365609"><ele>513</ele><time>2025-02-08T11:46:13.000Z</time></trkpt>
<trkpt lat="30.63087352151674" lon="104.0564756365609"><ele>513</ele><time>2025-02-08T11:46:14.000Z</time></trkpt>
<trkpt lat="30.63087352151674" lon="104.0564756365609"><ele>513</ele><time>2025-02-08T11:46:15.000Z</time></trkpt>
<trkpt lat="30.63087352151674" lon="104.0564756365609"><ele>514</ele><time>2025-02-08T11:46:16.000Z</time></trkpt>
<trkpt lat="30.63087352151674" lon="104.0564756365609"><ele>514</ele><time>2025-02-08T11:46:17.000Z</time></trkpt>
<trkpt lat="30.63087352151674" lon="104.0564756365609"><ele>497</ele><time>2025-02-08T11:46:18.000Z</time></trkpt>
<trkpt lat="30.63087352151674" lon="104.0564756365609"><ele>497</ele><time>2025-02-08T11:46:19.000Z</time></trkpt>
<trkpt lat="30.63087352151674" lon="104.0564756365609"><ele>497</ele><time>2025-02-08T11:46:20.000Z</time></trkpt>
<trkpt lat="30.63087352151674" lon="104.0564756365609"><ele>497</ele><time>2025-02-08T11:46:21.000Z</time></trkpt>
<trkpt lat="30.63087352151674" lon="104.0564756365609"><ele>496</ele><time>2025-02-08T11:46:22.000Z</time></trkpt>
<trkpt lat="30.63087352151674" lon="104.0564756365609"><ele>496</ele><time>2025-02-08T11:46:23.000Z</time></trkpt>
<trkpt lat="30.63087352151674" lon="104.0564756365609"><ele>496</ele><time>2025-02-08T11:46:24.000Z</time></trkpt>
<trkpt lat="30.63087352151674" lon="104.0564756365609"><ele>496</ele><time>2025-02-08T11:46:25.000Z</time></trkpt>
<trkpt lat="30.63087352151674" lon="104.0564756365609"><ele>496</ele><time>2025-02-08T11:46:26.000Z</time></trkpt>
<trkpt lat="30.63087352151674" lon="104.0564756365609"><ele>496</ele><time>2025-02-08T11:46:27.000Z</time></trkpt>
<trkpt lat="30.63087352151674" lon="104.0564756365609"><ele>496</ele><time>2025-02-08T11:46:28.000Z</time></trkpt>
<trkpt lat="30.63087352151674" lon="104.0564756365609"><ele>496</ele><time>2025-02-08T11:46:29.000Z</time></trkpt>
<trkpt lat="30.63087352151674" lon="104.0564756365609"><ele>496</ele><time>2025-02-08T11:46:30.000Z</time></trkpt>
<trkpt lat="30.63087352151674" lon="104.0564756365609"><ele>495</ele><time>2025-02-08T11:46:31.000Z</time></trkpt>
<trkpt lat="30.63087352151674" lon="104.0564756365609"><ele>495</ele><time>2025-02-08T11:46:32.000Z</time></trkpt>
<trkpt lat="30.63087352151674" lon="104.0564756365609"><ele>495</ele><time>2025-02-08T11:46:33.000Z</time></trkpt>
<trkpt lat="30.63087352151674" lon="104.0564756365609"><ele>496</ele><time>2025-02-08T11:46:34.000Z</time></trkpt>
<trkpt lat="30.63087352151674" lon="104.0564756365609"><ele>496</ele><time>2025-02-08T11:46:35.000Z</time></trkpt>
<trkpt lat="30.63087352151674" lon="104.0564756365609"><ele>496</ele><time>2025-02-08T11:46:36.000Z</time></trkpt>
<trkpt lat="30.63087352151674" lon="104.0564756365609"><ele>498</ele><time>2025-02-08T11:46:37.000Z</time></trkpt>
<trkpt lat="30.63087352151674" lon="104.0564756365609"><ele>498</ele><time>2025-02-08T11:46:38.000Z</time></trkpt>
<trkpt lat="30.63087352151674" lon="104.0564756365609"><ele>499</ele><time>2025-02-08T11:46:39.000Z</time></trkpt>
<trkpt lat="30.63087352151674" lon="104.0564756365609"><ele>499</ele><time>2025-02-08T11:46:40.000Z</time></trkpt>
<trkpt lat="30.63087352151674" lon="104.0564756365609"><ele>500</ele><time>2025-02-08T11:46:41.000Z</time></trkpt>
<trkpt lat="30.63087352151674" lon="104.0564756365609"><ele>502</ele><time>2025-02-08T11:46:42.000Z</time></trkpt>
<trkpt lat="30.63087352151674" lon="104.0564756365609"><ele>502</ele><time>2025-02-08T11:46:43.000Z</time></trkpt>
<trkpt lat="30.63087352151674" lon="104.0564756365609"><ele>503</ele><time>2025-02-08T11:46:44.000Z</time></trkpt>
<trkpt lat="30.63087352151674" lon="104.0564756365609"><ele>504</ele><time>2025-02-08T11:46:45.000Z</time></trkpt>
<trkpt lat="30.63087352151674" lon="104.0564756365609"><ele>505</ele><time>2025-02-08T11:46:46.000Z</time></trkpt>
<trkpt lat="30.63087352151674" lon="104.0564756365609"><ele>507</ele><time>2025-02-08T11:46:47.000Z</time></trkpt>
<trkpt lat="30.63087352151674" lon="104.0564756365609"><ele>509</ele><time>2025-02-08T11:46:48.000Z</time></trkpt>
<trkpt lat="30.63087352151674" lon="104.0564756365609"><ele>510</ele><time>2025-02-08T11:46:49.000Z</time></trkpt>
<trkpt lat="30.63087352151674" lon="104.0564756365609"><ele>509</ele><time>2025-02-08T11:46:50.000Z</time></trkpt>
<trkpt lat="30.63087352151674" lon="104.0564756365609"><ele>510</ele><time>2025-02-08T11:46:51.000Z</time></trkpt>
<trkpt lat="30.63087352151674" lon="104.0564756365609"><ele>510</ele><time>2025-02-08T11:46:52.000Z</time></trkpt>
<trkpt lat="30.63087352151674" lon="104.0564756365609"><ele>510</ele><time>2025-02-08T11:46:53.000Z</time></trkpt>
<trkpt lat="30.63087352151674" lon="104.0564756365609"><ele>510</ele><time>2025-02-08T11:46:54.000Z</time></trkpt>
<trkpt lat="30.63087352151674" lon="104.0564756365609"><ele>510</ele><time>2025-02-08T11:46:55.000Z</time></trkpt>
<trkpt lat="30.63087352151674" lon="104.0564756365609"><ele>510</ele><time>2025-02-08T11:46:56.000Z</time></trkpt>
<trkpt lat="30.63087352151674" lon="104.0564756365609"><ele>510</ele><time>2025-02-08T11:46:57.000Z</time></trkpt>
<trkpt lat="30.63087352151674" lon="104.0564756365609"><ele>511</ele><time>2025-02-08T11:46:58.000Z</time></trkpt>
<trkpt lat="30.63087352151674" lon="104.0564756365609"><ele>510</ele><time>2025-02-08T11:46:59.000Z</time></trkpt>
<trkpt lat="30.63087352151674" lon="104.0564756365609"><ele>510</ele><time>2025-02-08T11:47:00.000Z</time></trkpt>
<trkpt lat="30.63087352151674" lon="104.0564756365609"><ele>511</ele><time>2025-02-08T11:47:01.000Z</time></trkpt>
<trkpt lat="30.63087352151674" lon="104.0564756365609"><ele>511</ele><time>2025-02-08T11:47:02.000Z</time></trkpt>
<trkpt lat="30.63087352151674" lon="104.0564756365609"><ele>512</ele><time>2025-02-08T11:47:03.000Z</time></trkpt>
<trkpt lat="30.63087352151674" lon="104.0564756365609"><ele>513</ele><time>2025-02-08T11:47:04.000Z</time></trkpt>
<trkpt lat="30.63087352151674" lon="104.0564756365609"><ele>513</ele><time>2025-02-08T11:47:05.000Z</time></trkpt>
<trkpt lat="30.63087352151674" lon="104.0564756365609"><ele>513</ele><time>2025-02-08T11:47:06.000Z</time></trkpt>
<trkpt lat="30.63087352151674" lon="104.0564756365609"><ele>512</ele><time>2025-02-08T11:47:07.000Z</time></trkpt>
<trkpt lat="30.63087352151674" lon="104.0564756365609"><ele>513</ele><time>2025-02-08T11:47:08.000Z</time></trkpt>
<trkpt lat="30.63087352151674" lon="104.0564756365609"><ele>512</ele><time>2025-02-08T11:47:09.000Z</time></trkpt>
<trkpt lat="30.63087352151674" lon="104.0564756365609"><ele>513</ele><time>2025-02-08T11:47:10.000Z</time></trkpt>
<trkpt lat="30.63087352151674" lon="104.0564756365609"><ele>514</ele><time>2025-02-08T11:47:11.000Z</time></trkpt>
<trkpt lat="30.63087352151674" lon="104.0564756365609"><ele>514</ele><time>2025-02-08T11:47:12.000Z</time></trkpt>
<trkpt lat="30.63087352151674" lon="104.0564756365609"><ele>513</ele><time>2025-02-08T11:47:13.000Z</time></trkpt>
<trkpt lat="30.63087352151674" lon="104.0564756365609"><ele>514</ele><time>2025-02-08T11:47:14.000Z</time></trkpt>
<trkpt lat="30.63087352151674" lon="104.0564756365609"><ele>513</ele><time>2025-02-08T11:47:15.000Z</time></trkpt>
<trkpt lat="30.63087352151674" lon="104.0564756365609"><ele>513</ele><time>2025-02-08T11:47:16.000Z</time></trkpt>
<trkpt lat="30.63087352151674" lon="104.0564756365609"><ele>514</ele><time>2025-02-08T11:47:17.000Z</time></trkpt>
<trkpt lat="30.63087352151674" lon="104.0564756365609"><ele>514</ele><time>2025-02-08T11:47:18.000Z</time></trkpt>
<trkpt lat="30.63087352151674" lon="104.0564756365609"><ele>514</ele><time>2025-02-08T11:47:19.000Z</time></trkpt>
<trkpt lat="30.63087352151674" lon="104.0564756365609"><ele>514</ele><time>2025-02-08T11:47:20.000Z</time></trkpt>
<trkpt lat="30.63087352151674" lon="104.0564756365609"><ele>514</ele><time>2025-02-08T11:47:21.000Z</time></trkpt>
<trkpt lat="30.63087352151674" lon="104.0564756365609"><ele>514</ele><time>2025-02-08T11:47:22.000Z</time></trkpt>
<trkpt lat="30.63087352151674" lon="104.0564756365609"><ele>513</ele><time>2025-02-08T11:47:23.000Z</time></trkpt>
<trkpt lat="30.63087352151674" lon="104.0564756365609"><ele>514</ele><time>2025-02-08T11:47:24.000Z</time></trkpt>
<trkpt lat="30.63087352151674" lon="104.0564756365609"><ele>513</ele><time>2025-02-08T11:47:25.000Z</time></trkpt>
<trkpt lat="30.63087352151674" lon="104.0564756365609"><ele>513</ele><time>2025-02-08T11:47:26.000Z</time></trkpt>
<trkpt lat="30.63087352151674" lon="104.0564756365609"><ele>514</ele><time>2025-02-08T11:47:27.000Z</time></trkpt>
<trkpt lat="30.63087352151674" lon="104.0564756365609"><ele>513</ele><time>2025-02-08T11:47:28.000Z</time></trkpt>
<trkpt lat="30.63087352151674" lon="104.0564756365609"><ele>513</ele><time>2025-02-08T11:47:29.000Z</time></trkpt>
<trkpt lat="30.63087352151674" lon="104.0564756365609"><ele>513</ele><time>2025-02-08T11:47:30.000Z</time></trkpt>
<trkpt lat="30.63087352151674" lon="104.0564756365609"><ele>513</ele><time>2025-02-08T11:47:31.000Z</time></trkpt>
<trkpt lat="30.63087352151674" lon="104.0564756365609"><ele>513</ele><time>2025-02-08T11:47:32.000Z</time></trkpt>
<trkpt lat="30.63087352151674" lon="104.0564756365609"><ele>513</ele><time>2025-02-08T11:47:33.000Z</time></trkpt>
<trkpt lat="30.63087352151674" lon="104.0564756365609"><ele>513</ele><time>2025-02-08T11:47:34.000Z</time></trkpt>
<trkpt lat="30.63087352151674" lon="104.0564756365609"><ele>512</ele><time>2025-02-08T11:47:35.000Z</time></trkpt>
<trkpt lat="30.63087352151674" lon="104.0564756365609"><ele>513</ele><time>2025-02-08T11:47:36.000Z</time></trkpt>
<trkpt lat="30.63087352151674" lon="104.0564756365609"><ele>513</ele><time>2025-02-08T11:47:37.000Z</time></trkpt>
<trkpt lat="30.63087352151674" lon="104.0564756365609"><ele>512</ele><time>2025-02-08T11:47:38.000Z</time></trkpt>
<trkpt lat="30.63087352151674" lon="104.0564756365609"><ele>511</ele><time>2025-02-08T11:47:39.000Z</time></trkpt>
<trkpt lat="30.63087352151674" lon="104.0564756365609"><ele>509</ele><time>2025-02-08T11:47:40.000Z</time></trkpt>
<trkpt lat="30.63087352151674" lon="104.0564756365609"><ele>507</ele><time>2025-02-08T11:47:41.000Z</time></trkpt>
<trkpt lat="30.63087352151674" lon="104.0564756365609"><ele>504</ele><time>2025-02-08T11:47:42.000Z</time></trkpt>
<trkpt lat="30.63087352151674" lon="104.0564756365609"><ele>502</ele><time>2025-02-08T11:47:43.000Z</time></trkpt>
<trkpt lat="30.63087352151674" lon="104.0564756365609"><ele>501</ele><time>2025-02-08T11:47:44.000Z</time></trkpt>
<trkpt lat="30.63087352151674" lon="104.0564756365609"><ele>501</ele><time>2025-02-08T11:47:45.000Z</time></trkpt>
<trkpt lat="30.63087352151674" lon="104.0564756365609"><ele>501</ele><time>2025-02-08T11:47:46.000Z</time></trkpt>
<trkpt lat="30.63087352151674" lon="104.0564756365609"><ele>500</ele><time>2025-02-08T11:47:47.000Z</time></trkpt>
<trkpt lat="30.63087352151674" lon="104.0564756365609"><ele>500</ele><time>2025-02-08T11:47:48.000Z</time></trkpt>
<trkpt lat="30.63087352151674" lon="104.0564756365609"><ele>500</ele><time>2025-02-08T11:47:49.000Z</time></trkpt>
<trkpt lat="30.63087352151674" lon="104.0564756365609"><ele>500</ele><time>2025-02-08T11:47:50.000Z</time></trkpt>
<trkpt lat="30.63087352151674" lon="104.0564756365609"><ele>500</ele><time>2025-02-08T11:47:51.000Z</time></trkpt>
<trkpt lat="30.63087352151674" lon="104.0564756365609"><ele>499</ele><time>2025-02-08T11:47:52.000Z</time></trkpt>
<trkpt lat="30.63087352151674" lon="104.0564756365609"><ele>499</ele><time>2025-02-08T11:47:53.000Z</time></trkpt>
<trkpt lat="30.63087352151674" lon="104.0564756365609"><ele>500</ele><time>2025-02-08T11:47:54.000Z</time></trkpt>
<trkpt lat="30.63087352151674" lon="104.0564756365609"><ele>499</ele><time>2025-02-08T11:47:55.000Z</time></trkpt>
<trkpt lat="30.63087352151674" lon="104.0564756365609"><ele>498</ele><time>2025-02-08T11:47:56.000Z</time></trkpt>
<trkpt lat="30.63087352151674" lon="104.0564756365609"><ele>496</ele><time>2025-02-08T11:47:57.000Z</time></trkpt>
<trkpt lat="30.63087352151674" lon="104.0564756365609"><ele>497</ele><time>2025-02-08T11:47:58.000Z</time></trkpt>
<trkpt lat="30.63087352151674" lon="104.0564756365609"><ele>497</ele><time>2025-02-08T11:47:59.000Z</time></trkpt>
<trkpt lat="30.63087352151674" lon="104.0564756365609"><ele>496</ele><time>2025-02-08T11:48:00.000Z</time></trkpt>
<trkpt lat="30.63087352151674" lon="104.0564756365609"><ele>495</ele><time>2025-02-08T11:48:01.000Z</time></trkpt>
<trkpt lat="30.63087352151674" lon="104.0564756365609"><ele>494</ele><time>2025-02-08T11:48:02.000Z</time></trkpt>
<trkpt lat="30.63087352151674" lon="104.0564756365609"><ele>494</ele><time>2025-02-08T11:48:03.000Z</time></trkpt>
<trkpt lat="30.63087352151674" lon="104.0564756365609"><ele>494</ele><time>2025-02-08T11:48:04.000Z</time></trkpt>
<trkpt lat="30.63087352151674" lon="104.0564756365609"><ele>494</ele><time>2025-02-08T11:48:05.000Z</time></trkpt>
<trkpt lat="30.63087352151674" lon="104.0564756365609"><ele>493</ele><time>2025-02-08T11:48:06.000Z</time></trkpt>
<trkpt lat="30.63087352151674" lon="104.0564756365609"><ele>492</ele><time>2025-02-08T11:48:07.000Z</time></trkpt>
<trkpt lat="30.63087352151674" lon="104.0564756365609"><ele>491</ele><time>2025-02-08T11:48:08.000Z</time></trkpt>
<trkpt lat="30.63087352151674" lon="104.0564756365609"><ele>492</ele><time>2025-02-08T11:48:09.000Z</time></trkpt>
<trkpt lat="30.63087352151674" lon="104.0564756365609"><ele>492</ele><time>2025-02-08T11:48:10.000Z</time></trkpt>
<trkpt lat="30.63087352151674" lon="104.0564756365609"><ele>492</ele><time>2025-02-08T11:48:11.000Z</time></trkpt>
<trkpt lat="30.63087352151674" lon="104.0564756365609"><ele>492</ele><time>2025-02-08T11:48:12.000Z</time></trkpt>
<trkpt lat="30.63087352151674" lon="104.0564756365609"><ele>492</ele><time>2025-02-08T11:48:13.000Z</time></trkpt>
<trkpt lat="30.63087352151674" lon="104.0564756365609"><ele>492</ele><time>2025-02-08T11:48:14.000Z</time></trkpt>
<trkpt lat="30.63087352151674" lon="104.0564756365609"><ele>493</ele><time>2025-02-08T11:48:15.000Z</time></trkpt>
<trkpt lat="30.63087352151674" lon="104.0564756365609"><ele>493</ele><time>2025-02-08T11:48:16.000Z</time></trkpt>
<trkpt lat="30.63087352151674" lon="104.0564756365609"><ele>494</ele><time>2025-02-08T11:48:17.000Z</time></trkpt>
<trkpt lat="30.63087352151674" lon="104.0564756365609"><ele>495</ele><time>2025-02-08T11:48:18.000Z</time></trkpt>
<trkpt lat="30.63087352151674" lon="104.0564756365609"><ele>495</ele><time>2025-02-08T11:48:19.000Z</time></trkpt>
<trkpt lat="30.63087352151674" lon="104.0564756365609"><ele>495</ele><time>2025-02-08T11:48:20.000Z</time></trkpt>
<trkpt lat="30.63087352151674" lon="104.0564756365609"><ele>496</ele><time>2025-02-08T11:48:21.000Z</time></trkpt>
<trkpt lat="30.63087352151674" lon="104.0564756365609"><ele>496</ele><time>2025-02-08T11:48:22.000Z</time></trkpt>
<trkpt lat="30.63087352151674" lon="104.0564756365609"><ele>496</ele><time>2025-02-08T11:48:23.000Z</time></trkpt>
<trkpt lat="30.63087352151674" lon="104.0564756365609"><ele>496</ele><time>2025-02-08T11:48:24.000Z</time></trkpt>
<trkpt lat="30.63087352151674" lon="104.0564756365609"><ele>496</ele><time>2025-02-08T11:48:25.000Z</time></trkpt>
<trkpt lat="30.63087352151674" lon="104.0564756365609"><ele>495</ele><time>2025-02-08T11:48:26.000Z</time></trkpt>
<trkpt lat="30.63087352151674" lon="104.0564756365609"><ele>496</ele><time>2025-02-08T11:48:27.000Z</time></trkpt>
<trkpt lat="30.63087352151674" lon="104.0564756365609"><ele>495</ele><time>2025-02-08T11:48:28.000Z</time></trkpt>
<trkpt lat="30.63087352151674" lon="104.0564756365609"><ele>494</ele><time>2025-02-08T11:48:29.000Z</time></trkpt>
<trkpt lat="30.63087352151674" lon="104.0564756365609"><ele>495</ele><time>2025-02-08T11:48:30.000Z</time></trkpt>
<trkpt lat="30.63087352151674" lon="104.0564756365609"><ele>495</ele><time>2025-02-08T11:48:31.000Z</time></trkpt>
<trkpt lat="30.63087352151674" lon="104.0564756365609"><ele>495</ele><time>2025-02-08T11:48:32.000Z</time></trkpt>
<trkpt lat="30.63087352151674" lon="104.0564756365609"><ele>495</ele><time>2025-02-08T11:48:33.000Z</time></trkpt>
<trkpt lat="30.63087352151674" lon="104.0564756365609"><ele>496</ele><time>2025-02-08T11:48:34.000Z</time></trkpt>
<trkpt lat="30.63087352151674" lon="104.0564756365609"><ele>495</ele><time>2025-02-08T11:48:35.000Z</time></trkpt>
<trkpt lat="30.63087352151674" lon="104.0564756365609"><ele>495</ele><time>2025-02-08T11:48:36.000Z</time></trkpt>
<trkpt lat="30.63087352151674" lon="104.0564756365609"><ele>495</ele><time>2025-02-08T11:48:37.000Z</time></trkpt>
<trkpt lat="30.63087352151674" lon="104.0564756365609"><ele>495</ele><time>2025-02-08T11:48:38.000Z</time></trkpt>
<trkpt lat="30.63087352151674" lon="104.0564756365609"><ele>495</ele><time>2025-02-08T11:48:39.000Z</time></trkpt>
<trkpt lat="30.63087352151674" lon="104.0564756365609"><ele>495</ele><time>2025-02-08T11:48:40.000Z</time></trkpt>
<trkpt lat="30.63087352151674" lon="104.0564756365609"><ele>495</ele><time>2025-02-08T11:48:41.000Z</time></trkpt>
<trkpt lat="30.63087352151674" lon="104.0564756365609"><ele>495</ele><time>2025-02-08T11:48:42.000Z</time></trkpt>
<trkpt lat="30.63087352151674" lon="104.0564756365609"><ele>496</ele><time>2025-02-08T11:48:43.000Z</time></trkpt>
<trkpt lat="30.63087352151674" lon="104.0564756365609"><ele>496</ele><time>2025-02-08T11:48:44.000Z</time></trkpt>
<trkpt lat="30.63087352151674" lon="104.0564756365609"><ele>496</ele><time>2025-02-08T11:48:45.000Z</time></trkpt>
<trkpt lat="30.63087352151674" lon="104.0564756365609"><ele>496</ele><time>2025-02-08T11:48:46.000Z</time></trkpt>
<trkpt lat="30.63087352151674" lon="104.0564756365609"><ele>495</ele><time>2025-02-08T11:48:47.000Z</time></trkpt>
<trkpt lat="30.63087352151674" lon="104.0564756365609"><ele>495</ele><time>2025-02-08T11:48:48.000Z</time></trkpt>
<trkpt lat="30.63087352151674" lon="104.0564756365609"><ele>495</ele><time>2025-02-08T11:48:49.000Z</time></trkpt>
<trkpt lat="30.63087352151674" lon="104.0564756365609"><ele>495</ele><time>2025-02-08T11:48:50.000Z</time></trkpt>
<trkpt lat="30.63087352151674" lon="104.0564756365609"><ele>495</ele><time>2025-02-08T11:48:51.000Z</time></trkpt>
<trkpt lat="30.63087352151674" lon="104.0564756365609"><ele>496</ele><time>2025-02-08T11:48:52.000Z</time></trkpt>
<trkpt lat="30.63087352151674" lon="104.0564756365609"><ele>495</ele><time>2025-02-08T11:48:53.000Z</time></trkpt>
<trkpt lat="30.63087352151674" lon="104.0564756365609"><ele>495</ele><time>2025-02-08T11:48:54.000Z</time></trkpt>
<trkpt lat="30.63087352151674" lon="104.0564756365609"><ele>494</ele><time>2025-02-08T11:48:55.000Z</time></trkpt>
<trkpt lat="30.63087352151674" lon="104.0564756365609"><ele>495</ele><time>2025-02-08T11:48:56.000Z</time></trkpt>
<trkpt lat="30.63087352151674" lon="104.0564756365609"><ele>494</ele><time>2025-02-08T11:48:57.000Z</time></trkpt>
<trkpt lat="30.63087352151674" lon="104.0564756365609"><ele>494</ele><time>2025-02-08T11:48:58.000Z</time></trkpt>
<trkpt lat="30.63087352151674" lon="104.0564756365609"><ele>495</ele><time>2025-02-08T11:48:59.000Z</time></trkpt>
<trkpt lat="30.63087352151674" lon="104.0564756365609"><ele>494</ele><time>2025-02-08T11:49:00.000Z</time></trkpt>
<trkpt lat="30.63087352151674" lon="104.0564756365609"><ele>495</ele><time>2025-02-08T11:49:01.000Z</time></trkpt>
<trkpt lat="30.63087352151674" lon="104.0564756365609"><ele>496</ele><time>2025-02-08T11:49:02.000Z</time></trkpt>
<trkpt lat="30.63087352151674" lon="104.0564756365609"><ele>496</ele><time>2025-02-08T11:49:03.000Z</time></trkpt>
<trkpt lat="30.63087352151674" lon="104.0564756365609"><ele>497</ele><time>2025-02-08T11:49:04.000Z</time></trkpt>
<trkpt lat="30.63087352151674" lon="104.0564756365609"><ele>497</ele><time>2025-02-08T11:49:05.000Z</time></trkpt>
<trkpt lat="30.63087352151674" lon="104.0564756365609"><ele>497</ele><time>2025-02-08T11:49:06.000Z</time></trkpt>
<trkpt lat="30.63087352151674" lon="104.0564756365609"><ele>497</ele><time>2025-02-08T11:49:07.000Z</time></trkpt>
<trkpt lat="30.63087352151674" lon="104.0564756365609"><ele>497</ele><time>2025-02-08T11:49:08.000Z</time></trkpt>
<trkpt lat="30.63087352151674" lon="104.0564756365609"><ele>497</ele><time>2025-02-08T11:49:09.000Z</time></trkpt>
<trkpt lat="30.63087352151674" lon="104.0564756365609"><ele>498</ele><time>2025-02-08T11:49:10.000Z</time></trkpt>
<trkpt lat="30.63087352151674" lon="104.0564756365609"><ele>498</ele><time>2025-02-08T11:49:11.000Z</time></trkpt>
<trkpt lat="30.63087352151674" lon="104.0564756365609"><ele>498</ele><time>2025-02-08T11:49:12.000Z</time></trkpt>
<trkpt lat="30.63087352151674" lon="104.0564756365609"><ele>498</ele><time>2025-02-08T11:49:13.000Z</time></trkpt>
<trkpt lat="30.63087352151674" lon="104.0564756365609"><ele>498</ele><time>2025-02-08T11:49:14.000Z</time></trkpt>
<trkpt lat="30.63087352151674" lon="104.0564756365609"><ele>498</ele><time>2025-02-08T11:49:15.000Z</time></trkpt>
<trkpt lat="30.63087352151674" lon="104.0564756365609"><ele>497</ele><time>2025-02-08T11:49:16.000Z</time></trkpt>
<trkpt lat="30.63087352151674" lon="104.0564756365609"><ele>496</ele><time>2025-02-08T11:49:17.000Z</time></trkpt>
<trkpt lat="30.63087352151674" lon="104.0564756365609"><ele>497</ele><time>2025-02-08T11:49:18.000Z</time></trkpt>
<trkpt lat="30.63087352151674" lon="104.0564756365609"><ele>496</ele><time>2025-02-08T11:49:19.000Z</time></trkpt>
<trkpt lat="30.63087352151674" lon="104.0564756365609"><ele>496</ele><time>2025-02-08T11:49:20.000Z</time></trkpt>
<trkpt lat="30.63087352151674" lon="104.0564756365609"><ele>496</ele><time>2025-02-08T11:49:21.000Z</time></trkpt>
<trkpt lat="30.63087352151674" lon="104.0564756365609"><ele>496</ele><time>2025-02-08T11:49:22.000Z</time></trkpt>
<trkpt lat="30.63087352151674" lon="104.0564756365609"><ele>496</ele><time>2025-02-08T11:49:23.000Z</time></trkpt>
<trkpt lat="30.63087352151674" lon="104.0564756365609"><ele>495</ele><time>2025-02-08T11:49:24.000Z</time></trkpt>
<trkpt lat="30.63087352151674" lon="104.0564756365609"><ele>494</ele><time>2025-02-08T11:49:25.000Z</time></trkpt>
<trkpt lat="30.63087352151674" lon="104.0564756365609"><ele>495</ele><time>2025-02-08T11:49:26.000Z</time></trkpt>
<trkpt lat="30.63087352151674" lon="104.0564756365609"><ele>495</ele><time>2025-02-08T11:49:27.000Z</time></trkpt>
<trkpt lat="30.63087352151674" lon="104.0564756365609"><ele>495</ele><time>2025-02-08T11:49:28.000Z</time></trkpt>
<trkpt lat="30.63087352151674" lon="104.0564756365609"><ele>496</ele><time>2025-02-08T11:49:29.000Z</time></trkpt>
<trkpt lat="30.63087352151674" lon="104.0564756365609"><ele>495</ele><time>2025-02-08T11:49:30.000Z</time></trkpt>
<trkpt lat="30.63087352151674" lon="104.0564756365609"><ele>496</ele><time>2025-02-08T11:49:31.000Z</time></trkpt>
<trkpt lat="30.63087352151674" lon="104.0564756365609"><ele>495</ele><time>2025-02-08T11:49:32.000Z</time></trkpt>
<trkpt lat="30.63087352151674" lon="104.0564756365609"><ele>494</ele><time>2025-02-08T11:49:33.000Z</time></trkpt>
<trkpt lat="30.63087352151674" lon="104.0564756365609"><ele>494</ele><time>2025-02-08T11:49:34.000Z</time></trkpt>
<trkpt lat="30.63087352151674" lon="104.0564756365609"><ele>495</ele><time>2025-02-08T11:49:35.000Z</time></trkpt>
<trkpt lat="30.63087352151674" lon="104.0564756365609"><ele>495</ele><time>2025-02-08T11:49:36.000Z</time></trkpt>
<trkpt lat="30.63087352151674" lon="104.0564756365609"><ele>495</ele><time>2025-02-08T11:49:37.000Z</time></trkpt>
<trkpt lat="30.63087352151674" lon="104.0564756365609"><ele>496</ele><time>2025-02-08T11:49:38.000Z</time></trkpt>
<trkpt lat="30.63087352151674" lon="104.0564756365609"><ele>496</ele><time>2025-02-08T11:49:39.000Z</time></trkpt>
<trkpt lat="30.63087352151674" lon="104.0564756365609"><ele>495</ele><time>2025-02-08T11:49:40.000Z</time></trkpt>
<trkpt lat="30.63087352151674" lon="104.0564756365609"><ele>494</ele><time>2025-02-08T11:49:41.000Z</time></trkpt>
<trkpt lat="30.63087352151674" lon="104.0564756365609"><ele>494</ele><time>2025-02-08T11:49:42.000Z</time></trkpt>
<trkpt lat="30.63087352151674" lon="104.0564756365609"><ele>494</ele><time>2025-02-08T11:49:43.000Z</time></trkpt>
<trkpt lat="30.63087352151674" lon="104.0564756365609"><ele>494</ele><time>2025-02-08T11:49:44.000Z</time></trkpt>
<trkpt lat="30.63087352151674" lon="104.0564756365609"><ele>493</ele><time>2025-02-08T11:49:45.000Z</time></trkpt>
<trkpt lat="30.63087352151674" lon="104.0564756365609"><ele>492</ele><time>2025-02-08T11:49:46.000Z</time></trkpt>
<trkpt lat="30.63087352151674" lon="104.0564756365609"><ele>492</ele><time>2025-02-08T11:49:47.000Z</time></trkpt>
<trkpt lat="30.63087352151674" lon="104.0564756365609"><ele>492</ele><time>2025-02-08T11:49:48.000Z</time></trkpt>
<trkpt lat="30.63087352151674" lon="104.0564756365609"><ele>492</ele><time>2025-02-08T11:49:49.000Z</time></trkpt>
<trkpt lat="30.63087352151674" lon="104.0564756365609"><ele>492</ele><time>2025-02-08T11:49:50.000Z</time></trkpt>
<trkpt lat="30.63087352151674" lon="104.0564756365609"><ele>492</ele><time>2025-02-08T11:49:51.000Z</time></trkpt>
<trkpt lat="30.63087352151674" lon="104.0564756365609"><ele>492</ele><time>2025-02-08T11:49:52.000Z</time></trkpt>
<trkpt lat="30.63087352151674" lon="104.0564756365609"><ele>492</ele><time>2025-02-08T11:49:53.000Z</time></trkpt>
<trkpt lat="30.63087352151674" lon="104.0564756365609"><ele>492</ele><time>2025-02-08T11:49:54.000Z</time></trkpt>
<trkpt lat="30.63087352151674" lon="104.0564756365609"><ele>492</ele><time>2025-02-08T11:49:55.000Z</time></trkpt>
<trkpt lat="30.63087352151674" lon="104.0564756365609"><ele>491</ele><time>2025-02-08T11:49:56.000Z</time></trkpt>
<trkpt lat="30.63087352151674" lon="104.0564756365609"><ele>491</ele><time>2025-02-08T11:49:57.000Z</time></trkpt>
<trkpt lat="30.63087352151674" lon="104.0564756365609"><ele>490</ele><time>2025-02-08T11:49:58.000Z</time></trkpt>
<trkpt lat="30.63087352151674" lon="104.0564756365609"><ele>491</ele><time>2025-02-08T11:49:59.000Z</time></trkpt>
<trkpt lat="30.63087352151674" lon="104.0564756365609"><ele>491</ele><time>2025-02-08T11:50:00.000Z</time></trkpt>
<trkpt lat="30.63087352151674" lon="104.0564756365609"><ele>492</ele><time>2025-02-08T11:50:01.000Z</time></trkpt>
<trkpt lat="30.63087352151674" lon="104.0564756365609"><ele>492</ele><time>2025-02-08T11:50:02.000Z</time></trkpt>
<trkpt lat="30.63087352151674" lon="104.0564756365609"><ele>493</ele><time>2025-02-08T11:50:03.000Z</time></trkpt>
<trkpt lat="30.63087352151674" lon="104.0564756365609"><ele>494</ele><time>2025-02-08T11:50:04.000Z</time></trkpt>
<trkpt lat="30.63087352151674" lon="104.0564756365609"><ele>495</ele><time>2025-02-08T11:50:05.000Z</time></trkpt>
<trkpt lat="30.63087352151674" lon="104.0564756365609"><ele>496</ele><time>2025-02-08T11:50:06.000Z</time></trkpt>
<trkpt lat="30.63087352151674" lon="104.0564756365609"><ele>496</ele><time>2025-02-08T11:50:07.000Z</time></trkpt>
<trkpt lat="30.63087352151674" lon="104.0564756365609"><ele>496</ele><time>2025-02-08T11:50:08.000Z</time></trkpt>
<trkpt lat="30.63087352151674" lon="104.0564756365609"><ele>496</ele><time>2025-02-08T11:50:09.000Z</time></trkpt>
<trkpt lat="30.63087352151674" lon="104.0564756365609"><ele>496</ele><time>2025-02-08T11:50:10.000Z</time></trkpt>
<trkpt lat="30.63087352151674" lon="104.0564756365609"><ele>497</ele><time>2025-02-08T11:50:11.000Z</time></trkpt>
<trkpt lat="30.63087352151674" lon="104.0564756365609"><ele>497</ele><time>2025-02-08T11:50:12.000Z</time></trkpt>
<trkpt lat="30.63087352151674" lon="104.0564756365609"><ele>497</ele><time>2025-02-08T11:50:13.000Z</time></trkpt>
<trkpt lat="30.63087352151674" lon="104.0564756365609"><ele>498</ele><time>2025-02-08T11:50:14.000Z</time></trkpt>
<trkpt lat="30.63087352151674" lon="104.0564756365609"><ele>498</ele><time>2025-02-08T11:50:15.000Z</time></trkpt>
<trkpt lat="30.63087352151674" lon="104.0564756365609"><ele>499</ele><time>2025-02-08T11:50:16.000Z</time></trkpt>
<trkpt lat="30.63087352151674" lon="104.0564756365609"><ele>499</ele><time>2025-02-08T11:50:17.000Z</time></trkpt>
<trkpt lat="30.63087352151674" lon="104.0564756365609"><ele>499</ele><time>2025-02-08T11:50:18.000Z</time></trkpt>
<trkpt lat="30.63087352151674" lon="104.0564756365609"><ele>499</ele><time>2025-02-08T11:50:19.000Z</time></trkpt>
<trkpt lat="30.63087352151674" lon="104.0564756365609"><ele>498</ele><time>2025-02-08T11:50:20.000Z</time></trkpt>
<trkpt lat="30.63087352151674" lon="104.0564756365609"><ele>498</ele><time>2025-02-08T11:50:21.000Z</time></trkpt>
<trkpt lat="30.63087352151674" lon="104.0564756365609"><ele>499</ele><time>2025-02-08T11:50:22.000Z</time></trkpt>
<trkpt lat="30.63087352151674" lon="104.0564756365609"><ele>499</ele><time>2025-02-08T11:50:23.000Z</time></trkpt>
<trkpt lat="30.63087352151674" lon="104.0564756365609"><ele>499</ele><time>2025-02-08T11:50:24.000Z</time></trkpt>
<trkpt lat="30.63087352151674" lon="104.0564756365609"><ele>499</ele><time>2025-02-08T11:50:25.000Z</time></trkpt>
<trkpt lat="30.63087352151674" lon="104.0564756365609"><ele>499</ele><time>2025-02-08T11:50:26.000Z</time></trkpt>
<trkpt lat="30.63087352151674" lon="104.0564756365609"><ele>501</ele><time>2025-02-08T11:50:27.000Z</time></trkpt>
<trkpt lat="30.63087352151674" lon="104.0564756365609"><ele>501</ele><time>2025-02-08T11:50:28.000Z</time></trkpt>
<trkpt lat="30.63087352151674" lon="104.0564756365609"><ele>501</ele><time>2025-02-08T11:50:29.000Z</time></trkpt>
<trkpt lat="30.63087352151674" lon="104.0564756365609"><ele>501</ele><time>2025-02-08T11:50:30.000Z</time></trkpt>
<trkpt lat="30.63087352151674" lon="104.0564756365609"><ele>500</ele><time>2025-02-08T11:50:31.000Z</time></trkpt>
<trkpt lat="30.63087352151674" lon="104.0564756365609"><ele>500</ele><time>2025-02-08T11:50:32.000Z</time></trkpt>
<trkpt lat="30.63087352151674" lon="104.0564756365609"><ele>501</ele><time>2025-02-08T11:50:33.000Z</time></trkpt>
<trkpt lat="30.63087352151674" lon="104.0564756365609"><ele>501</ele><time>2025-02-08T11:50:34.000Z</time></trkpt>
<trkpt lat="30.63087352151674" lon="104.0564756365609"><ele>502</ele><time>2025-02-08T11:50:35.000Z</time></trkpt>
<trkpt lat="30.63087352151674" lon="104.0564756365609"><ele>502</ele><time>2025-02-08T11:50:36.000Z</time></trkpt>
<trkpt lat="30.63087352151674" lon="104.0564756365609"><ele>502</ele><time>2025-02-08T11:50:37.000Z</time></trkpt>
<trkpt lat="30.63087352151674" lon="104.0564756365609"><ele>503</ele><time>2025-02-08T11:50:38.000Z</time></trkpt>
<trkpt lat="30.63087352151674" lon="104.0564756365609"><ele>503</ele><time>2025-02-08T11:50:39.000Z</time></trkpt>
<trkpt lat="30.63087352151674" lon="104.0564756365609"><ele>503</ele><time>2025-02-08T11:50:40.000Z</time></trkpt>
<trkpt lat="30.63087352151674" lon="104.0564756365609"><ele>503</ele><time>2025-02-08T11:50:41.000Z</time></trkpt>
<trkpt lat="30.63087352151674" lon="104.0564756365609"><ele>504</ele><time>2025-02-08T11:50:42.000Z</time></trkpt>
<trkpt lat="30.63087352151674" lon="104.0564756365609"><ele>504</ele><time>2025-02-08T11:50:43.000Z</time></trkpt>
<trkpt lat="30.63087352151674" lon="104.0564756365609"><ele>503</ele><time>2025-02-08T11:50:44.000Z</time></trkpt>
<trkpt lat="30.63087352151674" lon="104.0564756365609"><ele>503</ele><time>2025-02-08T11:50:45.000Z</time></trkpt>
<trkpt lat="30.63087352151674" lon="104.0564756365609"><ele>502</ele><time>2025-02-08T11:50:46.000Z</time></trkpt>
<trkpt lat="30.63087352151674" lon="104.0564756365609"><ele>502</ele><time>2025-02-08T11:50:47.000Z</time></trkpt>
<trkpt lat="30.63087352151674" lon="104.0564756365609"><ele>502</ele><time>2025-02-08T11:50:48.000Z</time></trkpt>
<trkpt lat="30.63087352151674" lon="104.0564756365609"><ele>502</ele><time>2025-02-08T11:50:49.000Z</time></trkpt>
<trkpt lat="30.63087352151674" lon="104.0564756365609"><ele>502</ele><time>2025-02-08T11:50:50.000Z</time></trkpt>
<trkpt lat="30.63087352151674" lon="104.0564756365609"><ele>502</ele><time>2025-02-08T11:50:51.000Z</time></trkpt>
<trkpt lat="30.63087352151674" lon="104.0564756365609"><ele>501</ele><time>2025-02-08T11:50:52.000Z</time></trkpt>
<trkpt lat="30.63087352151674" lon="104.0564756365609"><ele>500</ele><time>2025-02-08T11:50:53.000Z</time></trkpt>
<trkpt lat="30.63087352151674" lon="104.0564756365609"><ele>500</ele><time>2025-02-08T11:50:54.000Z</time></trkpt>
<trkpt lat="30.63087352151674" lon="104.0564756365609"><ele>500</ele><time>2025-02-08T11:50:55.000Z</time></trkpt>
<trkpt lat="30.63087352151674" lon="104.0564756365609"><ele>499</ele><time>2025-02-08T11:50:56.000Z</time></trkpt>
<trkpt lat="30.63087352151674" lon="104.0564756365609"><ele>499</ele><time>2025-02-08T11:50:57.000Z</time></trkpt>
</trkseg><name>commute</name></trk></gpx>