<?xml version="1.0" encoding="utf-8"?><gpx xmlns:ns3="http://www.garmin.com/xmlschemas/TrackPointExtension/v1" xmlns="http://www.topografix.com/GPX/1/1" xmlns:xsi="http://www.w3.org/2001/XMLSchema-instance" xmlns:ns2="http://www.garmin.com/xmlschemas/GpxExtensions/v3" creator="Garmin Connect" version="1.1" xsi:schemaLocation="http://www.topografix.com/GPX/1/1 http://www.topografix.com/GPX/11.xsd"><metadata><time>2025-08-13T12:49:01.000Z</time></metadata><trk><type>20250813户外骑行</type><extensions><totalTime>5325</totalTime><cumulativeDecrease>686</cumulativeDecrease><cumulativeClimb>672</cumulativeClimb><totalDistance>28758</totalDistance><routeType>0</routeType></extensions><trkseg><trkpt lat="30.62322940308476" lon="104.0675534609856"><ele>489</ele><time>2025-08-13T12:49:01.000Z</time></trkpt>
<trkpt lat="30.62309245952331" lon="104.0674529583458"><ele>489</ele><time>2025-08-13T12:49:03.000Z</time></trkpt>
<trkpt lat="30.62299355497636" lon="104.0674214657249"><ele>489</ele><time>2025-08-13T12:49:07.000Z</time></trkpt>
<trkpt lat="30.62289084758632" lon="104.0674171748967"><ele>479</ele><time>2025-08-13T12:49:16.000Z</time></trkpt>
<trkpt lat="30.62281703698933" lon="104.0673300228864"><ele>479</ele><time>2025-08-13T12:49:22.000Z</time></trkpt>
<trkpt lat="30.62281559399824" lon="104.0672011752853"><ele>479</ele><time>2025-08-13T12:49:26.000Z</time></trkpt>
<trkpt lat="30.62284413932342" lon="104.0670429851206"><ele>479</ele><time>2025-08-13T12:49:29.000Z</time></trkpt>
<trkpt lat="30.62290055385278" lon="104.0669359354032"><ele>479</ele><time>2025-08-13T12:49:31.000Z</time></trkpt>
<trkpt lat="30.62293448779732" lon="104.0668074753127"><ele>472</ele><time>2025-08-13T12:49:33.000Z</time></trkpt>
<trkpt lat="30.62298702397881" lon="104.0666817343871"><ele>482</ele><time>2025-08-13T12:49:35.000Z</time></trkpt>
<trkpt lat="30.62304210865708" lon="104.066548904214"><ele>479</ele><time>2025-08-13T12:49:37.000Z</time></trkpt>
<trkpt lat="30.62307687277909" lon="104.0664110303254"><ele>478</ele><time>2025-08-13T12:49:39.000Z</time></trkpt>
<trkpt lat="30.62310499020886" lon="104.0662698797697"><ele>480</ele><time>2025-08-13T12:49:41.000Z</time></trkpt>
<trkpt lat="30.62312683976611" lon="104.0661306795048"><ele>480</ele><time>2025-08-13T12:49:43.000Z</time></trkpt>
<trkpt lat="30.62312694041439" lon="104.0659869528722"><ele>480</ele><time>2025-08-13T12:49:45.000Z</time></trkpt>
<trkpt lat="30.62311776092545" lon="104.0658433532029"><ele>480</ele><time>2025-08-13T12:49:47.000Z</time></trkpt>
<trkpt lat="30.62310831763385" lon="104.0656925454903"><ele>480</ele><time>2025-08-13T12:49:49.000Z</time></trkpt>
<trkpt lat="30.62310240288242" lon="104.0655401088191"><ele>479</ele><time>2025-08-13T12:49:51.000Z</time></trkpt>
<trkpt lat="30.6230989179554" lon="104.0653900801897"><ele>479</ele><time>2025-08-13T12:49:53.000Z</time></trkpt>
<trkpt lat="30.62311055028975" lon="104.0652371958277"><ele>478</ele><time>2025-08-13T12:49:55.000Z</time></trkpt>
<trkpt lat="30.62312073418631" lon="104.0651004402514"><ele>478</ele><time>2025-08-13T12:49:57.000Z</time></trkpt>
<trkpt lat="30.62310561079802" lon="104.0649739681129"><ele>478</ele><time>2025-08-13T12:49:59.000Z</time></trkpt>
<trkpt lat="30.6231594858553" lon="104.0648450227523"><ele>478</ele><time>2025-08-13T12:50:02.000Z</time></trkpt>
<trkpt lat="30.6231259952848" lon="104.0647405656151"><ele>477</ele><time>2025-08-13T12:50:16.000Z</time></trkpt>
<trkpt lat="30.6231401764021" lon="104.0645843937267"><ele>477</ele><time>2025-08-13T12:50:21.000Z</time></trkpt>
<trkpt lat="30.62313300925302" lon="104.0644669780657"><ele>477</ele><time>2025-08-13T12:50:23.000Z</time></trkpt>
<trkpt lat="30.62314745872899" lon="104.064339953437"><ele>477</ele><time>2025-08-13T12:50:25.000Z</time></trkpt>
<trkpt lat="30.62313048431583" lon="104.064219468595"><ele>477</ele><time>2025-08-13T12:50:27.000Z</time></trkpt>
<trkpt lat="30.62309893310407" lon="104.0640942039894"><ele>477</ele><time>2025-08-13T12:50:29.000Z</time></trkpt>
<trkpt lat="30.62308027143258" lon="104.0639607802044"><ele>476</ele><time>2025-08-13T12:50:31.000Z</time></trkpt>
<trkpt lat="30.6230767545164" lon="104.0638313938077"><ele>476</ele><time>2025-08-13T12:50:33.000Z</time></trkpt>
<trkpt lat="30.62307327434529" lon="104.0636957236909"><ele>476</ele><time>2025-08-13T12:50:35.000Z</time></trkpt>
<trkpt lat="30.62307265494252" lon="104.0635614592225"><ele>475</ele><time>2025-08-13T12:50:37.000Z</time></trkpt>
<trkpt lat="30.62307222486525" lon="104.0634291746837"><ele>475</ele><time>2025-08-13T12:50:39.000Z</time></trkpt>
<trkpt lat="30.62305019335218" lon="104.0633010336114"><ele>475</ele><time>2025-08-13T12:50:41.000Z</time></trkpt>
<trkpt lat="30.62304305611982" lon="104.0631715021173"><ele>477</ele><time>2025-08-13T12:50:43.000Z</time></trkpt>
<trkpt lat="30.62303430232053" lon="104.063043488266"><ele>477</ele><time>2025-08-13T12:50:45.000Z</time></trkpt>
<trkpt lat="30.62302720059103" lon="104.0629148956643"><ele>477</ele><time>2025-08-13T12:50:47.000Z</time></trkpt>
<trkpt lat="30.62301491496591" lon="104.0627867390245"><ele>477</ele><time>2025-08-13T12:50:49.000Z</time></trkpt>
<trkpt lat="30.62298395713842" lon="104.0626568006155"><ele>477</ele><time>2025-08-13T12:50:51.000Z</time></trkpt>
<trkpt lat="30.62294065485461" lon="104.0625330874012"><ele>477</ele><time>2025-08-13T12:50:53.000Z</time></trkpt>
<trkpt lat="30.62289766615666" lon="104.0624034980477"><ele>478</ele><time>2025-08-13T12:50:55.000Z</time></trkpt>
<trkpt lat="30.62285413733575" lon="104.062272820269"><ele>478</ele><time>2025-08-13T12:50:57.000Z</time></trkpt>
<trkpt lat="30.62280591562235" lon="104.0621449663684"><ele>478</ele><time>2025-08-13T12:50:59.000Z</time></trkpt>
<trkpt lat="30.6227619346568" lon="104.0620156977285"><ele>478</ele><time>2025-08-13T12:51:01.000Z</time></trkpt>
<trkpt lat="30.62273598806735" lon="104.0618825530222"><ele>478</ele><time>2025-08-13T12:51:03.000Z</time></trkpt>
<trkpt lat="30.62272125648246" lon="104.0617496996314"><ele>478</ele><time>2025-08-13T12:51:05.000Z</time></trkpt>
<trkpt lat="30.62271918362268" lon="104.0616247832974"><ele>478</ele><time>2025-08-13T12:51:07.000Z</time></trkpt>
<trkpt lat="30.62270853992086" lon="104.0614876648154"><ele>478</ele><time>2025-08-13T12:51:10.000Z</time></trkpt>
<trkpt lat="30.62271576951409" lon="104.0613468964939"><ele>477</ele><time>2025-08-13T12:51:13.000Z</time></trkpt>
<trkpt lat="30.622704972965" lon="104.0612004187005"><ele>478</ele><time>2025-08-13T12:51:16.000Z</time></trkpt>
<trkpt lat="30.62270724263907" lon="104.0610472451666"><ele>478</ele><time>2025-08-13T12:51:19.000Z</time></trkpt>
<trkpt lat="30.62270625272212" lon="104.0609381940619"><ele>478</ele><time>2025-08-13T12:51:21.000Z</time></trkpt>
<trkpt lat="30.62269164463187" lon="104.0608312218363"><ele>478</ele><time>2025-08-13T12:51:23.000Z</time></trkpt>
<trkpt lat="30.62269287550316" lon="104.060717140367"><ele>478</ele><time>2025-08-13T12:51:25.000Z</time></trkpt>
<trkpt lat="30.62268673717379" lon="104.0605987077691"><ele>478</ele><time>2025-08-13T12:51:27.000Z</time></trkpt>
<trkpt lat="30.62268189928621" lon="104.0604793795655"><ele>478</ele><time>2025-08-13T12:51:29.000Z</time></trkpt>
<trkpt lat="30.62268442868129" lon="104.0603506683652"><ele>478</ele><time>2025-08-13T12:51:31.000Z</time></trkpt>
<trkpt lat="30.62267854423805" lon="104.060234897354"><ele>477</ele><time>2025-08-13T12:51:33.000Z</time></trkpt>
<trkpt lat="30.62268256456212" lon="104.0601158559415"><ele>478</ele><time>2025-08-13T12:51:35.000Z</time></trkpt>
<trkpt lat="30.62265881707536" lon="104.0600103956524"><ele>477</ele><time>2025-08-13T12:51:37.000Z</time></trkpt>
<trkpt lat="30.62262849303745" lon="104.0598988477207"><ele>476</ele><time>2025-08-13T12:51:39.000Z</time></trkpt>
<trkpt lat="30.62262762238787" lon="104.0597650469552"><ele>476</ele><time>2025-08-13T12:51:41.000Z</time></trkpt>
<trkpt lat="30.6226431349099" lon="104.0596125468944"><ele>477</ele><time>2025-08-13T12:51:43.000Z</time></trkpt>
<trkpt lat="30.62264755262995" lon="104.0594572067266"><ele>477</ele><time>2025-08-13T12:51:45.000Z</time></trkpt>
<trkpt lat="30.62264488139865" lon="104.0592925312211"><ele>477</ele><time>2025-08-13T12:51:47.000Z</time></trkpt>
<trkpt lat="30.62263527727644" lon="104.0591341978203"><ele>477</ele><time>2025-08-13T12:51:49.000Z</time></trkpt>
<trkpt lat="30.62262914325787" lon="104.0589712743944"><ele>477</ele><time>2025-08-13T12:51:51.000Z</time></trkpt>
<trkpt lat="30.62262052095418" lon="104.0588078656811"><ele>477</ele><time>2025-08-13T12:51:53.000Z</time></trkpt>
<trkpt lat="30.62260844304149" lon="104.0586556576708"><ele>475</ele><time>2025-08-13T12:51:55.000Z</time></trkpt>
<trkpt lat="30.62261845630033" lon="104.0584886043219"><ele>475</ele><time>2025-08-13T12:51:57.000Z</time></trkpt>
<trkpt lat="30.62261813227332" lon="104.0583262291921"><ele>475</ele><time>2025-08-13T12:51:59.000Z</time></trkpt>
<trkpt lat="30.62261727662809" lon="104.0581711852933"><ele>474</ele><time>2025-08-13T12:52:01.000Z</time></trkpt>
<trkpt lat="30.62262730191318" lon="104.0580097350317"><ele>473</ele><time>2025-08-13T12:52:03.000Z</time></trkpt>
<trkpt lat="30.6226204423626" lon="104.0578370995022"><ele>473</ele><time>2025-08-13T12:52:05.000Z</time></trkpt>
<trkpt lat="30.6226114613796" lon="104.057690696787"><ele>473</ele><time>2025-08-13T12:52:07.000Z</time></trkpt>
<trkpt lat="30.62260106182186" lon="104.0575335021066"><ele>473</ele><time>2025-08-13T12:52:09.000Z</time></trkpt>
<trkpt lat="30.62260598794868" lon="104.057381775584"><ele>473</ele><time>2025-08-13T12:52:11.000Z</time></trkpt>
<trkpt lat="30.62260783593553" lon="104.0572305062048"><ele>475</ele><time>2025-08-13T12:52:13.000Z</time></trkpt>
<trkpt lat="30.62259848437188" lon="104.0570824083578"><ele>475</ele><time>2025-08-13T12:52:15.000Z</time></trkpt>
<trkpt lat="30.62259142184665" lon="104.0569371049665"><ele>475</ele><time>2025-08-13T12:52:17.000Z</time></trkpt>
<trkpt lat="30.62259432002179" lon="104.0567921202194"><ele>475</ele><time>2025-08-13T12:52:19.000Z</time></trkpt>
<trkpt lat="30.62260103348325" lon="104.0566443483885"><ele>476</ele><time>2025-08-13T12:52:21.000Z</time></trkpt>
<trkpt lat="30.6225962156276" lon="104.0565000128569"><ele>475</ele><time>2025-08-13T12:52:23.000Z</time></trkpt>
<trkpt lat="30.62259409472297" lon="104.0563587623988"><ele>476</ele><time>2025-08-13T12:52:25.000Z</time></trkpt>
<trkpt lat="30.62260363836155" lon="104.0562197729735"><ele>476</ele><time>2025-08-13T12:52:27.000Z</time></trkpt>
<trkpt lat="30.62260515944666" lon="104.0560751901572"><ele>476</ele><time>2025-08-13T12:52:29.000Z</time></trkpt>
<trkpt lat="30.62261266851763" lon="104.0559271393285"><ele>476</ele><time>2025-08-13T12:52:31.000Z</time></trkpt>
<trkpt lat="30.62263064048418" lon="104.0557889006156"><ele>476</ele><time>2025-08-13T12:52:33.000Z</time></trkpt>
<trkpt lat="30.62263740227195" lon="104.0556468690356"><ele>476</ele><time>2025-08-13T12:52:35.000Z</time></trkpt>
<trkpt lat="30.62266066319595" lon="104.0555120803307"><ele>476</ele><time>2025-08-13T12:52:37.000Z</time></trkpt>
<trkpt lat="30.62267214924025" lon="104.0553765571765"><ele>476</ele><time>2025-08-13T12:52:39.000Z</time></trkpt>
<trkpt lat="30.62267996370242" lon="104.0552438893237"><ele>476</ele><time>2025-08-13T12:52:41.000Z</time></trkpt>
<trkpt lat="30.62270129731615" lon="104.0551291583359"><ele>476</ele><time>2025-08-13T12:52:44.000Z</time></trkpt>
<trkpt lat="30.62272266008808" lon="104.0550144381067"><ele>476</ele><time>2025-08-13T12:54:24.000Z</time></trkpt>
<trkpt lat="30.62275957973712" lon="104.0548814104226"><ele>476</ele><time>2025-08-13T12:54:28.000Z</time></trkpt>
<trkpt lat="30.62277143343151" lon="104.0547529579697"><ele>476</ele><time>2025-08-13T12:54:31.000Z</time></trkpt>
<trkpt lat="30.62279626275691" lon="104.0546013611377"><ele>477</ele><time>2025-08-13T12:54:34.000Z</time></trkpt>
<trkpt lat="30.62282318161362" lon="104.0544917269558"><ele>477</ele><time>2025-08-13T12:54:36.000Z</time></trkpt>
<trkpt lat="30.62285683173173" lon="104.0543649238039"><ele>477</ele><time>2025-08-13T12:54:38.000Z</time></trkpt>
<trkpt lat="30.6229056145017" lon="104.0542362503751"><ele>478</ele><time>2025-08-13T12:54:40.000Z</time></trkpt>
<trkpt lat="30.62296055845469" lon="104.0541244424154"><ele>478</ele><time>2025-08-13T12:54:42.000Z</time></trkpt>
<trkpt lat="30.62302758324441" lon="104.0540154266132"><ele>478</ele><time>2025-08-13T12:54:44.000Z</time></trkpt>
<trkpt lat="30.62308019559695" lon="104.0538933937454"><ele>478</ele><time>2025-08-13T12:54:46.000Z</time></trkpt>
<trkpt lat="30.62312581024405" lon="104.0537670196123"><ele>478</ele><time>2025-08-13T12:54:48.000Z</time></trkpt>
<trkpt lat="30.62317019471507" lon="104.0536453726157"><ele>478</ele><time>2025-08-13T12:54:50.000Z</time></trkpt>
<trkpt lat="30.62320521168159" lon="104.0535116378126"><ele>479</ele><time>2025-08-13T12:54:52.000Z</time></trkpt>
<trkpt lat="30.62325784580107" lon="104.053391963753"><ele>479</ele><time>2025-08-13T12:54:54.000Z</time></trkpt>
<trkpt lat="30.62331746212309" lon="104.0532675139982"><ele>479</ele><time>2025-08-13T12:54:56.000Z</time></trkpt>
<trkpt lat="30.62337952960069" lon="104.0531417212893"><ele>479</ele><time>2025-08-13T12:54:58.000Z</time></trkpt>
<trkpt lat="30.62344610078684" lon="104.0530062233222"><ele>480</ele><time>2025-08-13T12:55:00.000Z</time></trkpt>
<trkpt lat="30.62350562354124" lon="104.0528763232241"><ele>480</ele><time>2025-08-13T12:55:02.000Z</time></trkpt>
<trkpt lat="30.62356808518587" lon="104.0527468713263"><ele>479</ele><time>2025-08-13T12:55:04.000Z</time></trkpt>
<trkpt lat="30.62362682137126" lon="104.0526150221094"><ele>479</ele><time>2025-08-13T12:55:06.000Z</time></trkpt>
<trkpt lat="30.62368685699132" lon="104.0524830699672"><ele>479</ele><time>2025-08-13T12:55:08.000Z</time></trkpt>
<trkpt lat="30.62375040164515" lon="104.0523449580986"><ele>479</ele><time>2025-08-13T12:55:10.000Z</time></trkpt>
<trkpt lat="30.62382951353062" lon="104.0522148032525"><ele>479</ele><time>2025-08-13T12:55:12.000Z</time></trkpt>
<trkpt lat="30.62389999708315" lon="104.0520776294307"><ele>479</ele><time>2025-08-13T12:55:14.000Z</time></trkpt>
<trkpt lat="30.62396708866391" lon="104.0519327129126"><ele>479</ele><time>2025-08-13T12:55:16.000Z</time></trkpt>
<trkpt lat="30.62404020468105" lon="104.051791908106"><ele>479</ele><time>2025-08-13T12:55:18.000Z</time></trkpt>
<trkpt lat="30.62410699999463" lon="104.0516459796784"><ele>479</ele><time>2025-08-13T12:55:20.000Z</time></trkpt>
<trkpt lat="30.62417672256609" lon="104.0515010417778"><ele>478</ele><time>2025-08-13T12:55:22.000Z</time></trkpt>
<trkpt lat="30.62424097491222" lon="104.0513543467979"><ele>478</ele><time>2025-08-13T12:55:24.000Z</time></trkpt>
<trkpt lat="30.62431141438559" lon="104.0512127342068"><ele>478</ele><time>2025-08-13T12:55:26.000Z</time></trkpt>
<trkpt lat="30.62438098370355" lon="104.0510729460809"><ele>478</ele><time>2025-08-13T12:55:28.000Z</time></trkpt>
<trkpt lat="30.62444995075713" lon="104.0509283635087"><ele>477</ele><time>2025-08-13T12:55:30.000Z</time></trkpt>
<trkpt lat="30.62451719802518" lon="104.0507867816803"><ele>477</ele><time>2025-08-13T12:55:32.000Z</time></trkpt>
<trkpt lat="30.62458597743076" lon="104.0506457561551"><ele>478</ele><time>2025-08-13T12:55:34.000Z</time></trkpt>
<trkpt lat="30.62465282977019" lon="104.0505060153874"><ele>477</ele><time>2025-08-13T12:55:36.000Z</time></trkpt>
<trkpt lat="30.62471304067116" lon="104.0503618651606"><ele>477</ele><time>2025-08-13T12:55:38.000Z</time></trkpt>
<trkpt lat="30.62478650450556" lon="104.0502249084711"><ele>478</ele><time>2025-08-13T12:55:40.000Z</time></trkpt>
<trkpt lat="30.62485569559865" lon="104.0500833669065"><ele>478</ele><time>2025-08-13T12:55:42.000Z</time></trkpt>
<trkpt lat="30.62491767745191" lon="104.049938238074"><ele>477</ele><time>2025-08-13T12:55:44.000Z</time></trkpt>
<trkpt lat="30.624987143003" lon="104.0497973784646"><ele>477</ele><time>2025-08-13T12:55:46.000Z</time></trkpt>
<trkpt lat="30.62507387114967" lon="104.0496692145035"><ele>477</ele><time>2025-08-13T12:55:48.000Z</time></trkpt>
<trkpt lat="30.62517172662084" lon="104.049554264585"><ele>477</ele><time>2025-08-13T12:55:50.000Z</time></trkpt>
<trkpt lat="30.62524940714365" lon="104.0494223708027"><ele>477</ele><time>2025-08-13T12:55:52.000Z</time></trkpt>
<trkpt lat="30.62531159234428" lon="104.049285563596"><ele>477</ele><time>2025-08-13T12:55:54.000Z</time></trkpt>
<trkpt lat="30.62535779333693" lon="104.0491406406409"><ele>477</ele><time>2025-08-13T12:55:56.000Z</time></trkpt>
<trkpt lat="30.62540316203863" lon="104.0489958005769"><ele>477</ele><time>2025-08-13T12:55:58.000Z</time></trkpt>
<trkpt lat="30.62546171016125" lon="104.0488607619161"><ele>477</ele><time>2025-08-13T12:56:00.000Z</time></trkpt>
<trkpt lat="30.62553136693732" lon="104.0487317579187"><ele>477</ele><time>2025-08-13T12:56:02.000Z</time></trkpt>
<trkpt lat="30.62560000591299" lon="104.0486046683481"><ele>477</ele><time>2025-08-13T12:56:04.000Z</time></trkpt>
<trkpt lat="30.62567510766011" lon="104.0484805564185"><ele>476</ele><time>2025-08-13T12:56:06.000Z</time></trkpt>
<trkpt lat="30.62576151076019" lon="104.0483692891205"><ele>476</ele><time>2025-08-13T12:56:08.000Z</time></trkpt>
<trkpt lat="30.62583279452487" lon="104.0482479994038"><ele>476</ele><time>2025-08-13T12:56:10.000Z</time></trkpt>
<trkpt lat="30.62588952776628" lon="104.048123176041"><ele>476</ele><time>2025-08-13T12:56:12.000Z</time></trkpt>
<trkpt lat="30.62594531213783" lon="104.0479989339068"><ele>476</ele><time>2025-08-13T12:56:14.000Z</time></trkpt>
<trkpt lat="30.62600099558182" lon="104.0478818610578"><ele>476</ele><time>2025-08-13T12:56:16.000Z</time></trkpt>
<trkpt lat="30.62605526655424" lon="104.0477674725246"><ele>476</ele><time>2025-08-13T12:56:18.000Z</time></trkpt>
<trkpt lat="30.62610186942852" lon="104.0476575086581"><ele>476</ele><time>2025-08-13T12:56:20.000Z</time></trkpt>
<trkpt lat="30.62609025884979" lon="104.0475494739666"><ele>476</ele><time>2025-08-13T12:57:00.000Z</time></trkpt>
<trkpt lat="30.62619139162435" lon="104.0475609543311"><ele>476</ele><time>2025-08-13T12:57:28.000Z</time></trkpt>
<trkpt lat="30.62613503895745" lon="104.0474553617828"><ele>476</ele><time>2025-08-13T12:57:30.000Z</time></trkpt>
<trkpt lat="30.62620012603945" lon="104.0473337488579"><ele>475</ele><time>2025-08-13T12:57:33.000Z</time></trkpt>
<trkpt lat="30.62625781257935" lon="104.0472282986338"><ele>475</ele><time>2025-08-13T12:57:36.000Z</time></trkpt>
<trkpt lat="30.6263065484093" lon="104.0471392485729"><ele>475</ele><time>2025-08-13T12:57:38.000Z</time></trkpt>
<trkpt lat="30.62640775939319" lon="104.047146138994"><ele>475</ele><time>2025-08-13T12:57:39.000Z</time></trkpt>
<trkpt lat="30.62646124955281" lon="104.0470508914608"><ele>475</ele><time>2025-08-13T12:57:41.000Z</time></trkpt>
<trkpt lat="30.62644392708933" lon="104.0468880289817"><ele>475</ele><time>2025-08-13T12:57:43.000Z</time></trkpt>
<trkpt lat="30.62650394234237" lon="104.0467783005764"><ele>475</ele><time>2025-08-13T12:57:45.000Z</time></trkpt>
<trkpt lat="30.62654939028608" lon="104.0466599526562"><ele>476</ele><time>2025-08-13T12:57:47.000Z</time></trkpt>
<trkpt lat="30.62659247908397" lon="104.0465348594356"><ele>476</ele><time>2025-08-13T12:57:49.000Z</time></trkpt>
<trkpt lat="30.62663724998063" lon="104.0463856626645"><ele>476</ele><time>2025-08-13T12:57:51.000Z</time></trkpt>
<trkpt lat="30.62671397468648" lon="104.0462422635128"><ele>476</ele><time>2025-08-13T12:57:53.000Z</time></trkpt>
<trkpt lat="30.62678509860369" lon="104.046107872823"><ele>475</ele><time>2025-08-13T12:57:55.000Z</time></trkpt>
<trkpt lat="30.62685635346985" lon="104.0459732119701"><ele>475</ele><time>2025-08-13T12:57:57.000Z</time></trkpt>
<trkpt lat="30.62692904692587" lon="104.0458357892641"><ele>475</ele><time>2025-08-13T12:57:59.000Z</time></trkpt>
<trkpt lat="30.62700292827529" lon="104.0456961818109"><ele>475</ele><time>2025-08-13T12:58:01.000Z</time></trkpt>
<trkpt lat="30.62708060206322" lon="104.0455493123807"><ele>475</ele><time>2025-08-13T12:58:03.000Z</time></trkpt>
<trkpt lat="30.62715595995067" lon="104.0454069098165"><ele>475</ele><time>2025-08-13T12:58:05.000Z</time></trkpt>
<trkpt lat="30.62721045975471" lon="104.0453041598928"><ele>475</ele><time>2025-08-13T12:58:07.000Z</time></trkpt>
<trkpt lat="30.62720285622751" lon="104.0451981970632"><ele>476</ele><time>2025-08-13T12:58:09.000Z</time></trkpt>
<trkpt lat="30.62723738168117" lon="104.045060122384"><ele>476</ele><time>2025-08-13T12:58:11.000Z</time></trkpt>
<trkpt lat="30.62732189554033" lon="104.0449343435627"><ele>475</ele><time>2025-08-13T12:58:13.000Z</time></trkpt>
<trkpt lat="30.62739530881586" lon="104.0447968473219"><ele>475</ele><time>2025-08-13T12:58:15.000Z</time></trkpt>
<trkpt lat="30.62746974312608" lon="104.0446593704916"><ele>475</ele><time>2025-08-13T12:58:17.000Z</time></trkpt>
<trkpt lat="30.62753073423643" lon="104.044492759298"><ele>475</ele><time>2025-08-13T12:58:19.000Z</time></trkpt>
<trkpt lat="30.62761475684404" lon="104.0443581364445"><ele>475</ele><time>2025-08-13T12:58:21.000Z</time></trkpt>
<trkpt lat="30.62769081422937" lon="104.0442006897455"><ele>475</ele><time>2025-08-13T12:58:23.000Z</time></trkpt>
<trkpt lat="30.6277469473761" lon="104.0440321138013"><ele>475</ele><time>2025-08-13T12:58:25.000Z</time></trkpt>
<trkpt lat="30.62783154517719" lon="104.0438579367446"><ele>475</ele><time>2025-08-13T12:58:27.000Z</time></trkpt>
<trkpt lat="30.62789039793835" lon="104.0437631915651"><ele>476</ele><time>2025-08-13T12:58:28.000Z</time></trkpt>
<trkpt lat="30.62796021502074" lon="104.0436382404341"><ele>476</ele><time>2025-08-13T12:58:30.000Z</time></trkpt>
<trkpt lat="30.62802924557896" lon="104.0434872135395"><ele>476</ele><time>2025-08-13T12:58:32.000Z</time></trkpt>
<trkpt lat="30.62809944613672" lon="104.0433383744522"><ele>476</ele><time>2025-08-13T12:58:34.000Z</time></trkpt>
<trkpt lat="30.62817865631733" lon="104.043196046635"><ele>476</ele><time>2025-08-13T12:58:36.000Z</time></trkpt>
<trkpt lat="30.62824826771071" lon="104.0430709310796"><ele>476</ele><time>2025-08-13T12:58:38.000Z</time></trkpt>
<trkpt lat="30.62829386332329" lon="104.0429041165308"><ele>476</ele><time>2025-08-13T12:58:40.000Z</time></trkpt>
<trkpt lat="30.62837000351291" lon="104.0427525999183"><ele>476</ele><time>2025-08-13T12:58:42.000Z</time></trkpt>
<trkpt lat="30.62847213069995" lon="104.0426482133628"><ele>477</ele><time>2025-08-13T12:58:44.000Z</time></trkpt>
<trkpt lat="30.62859349516874" lon="104.0425629723786"><ele>478</ele><time>2025-08-13T12:58:46.000Z</time></trkpt>
<trkpt lat="30.62867070745365" lon="104.0424447839124"><ele>478</ele><time>2025-08-13T12:58:48.000Z</time></trkpt>
<trkpt lat="30.62873893348386" lon="104.0422928845355"><ele>478</ele><time>2025-08-13T12:58:50.000Z</time></trkpt>
<trkpt lat="30.62879602406856" lon="104.0421444928726"><ele>478</ele><time>2025-08-13T12:58:52.000Z</time></trkpt>
<trkpt lat="30.62887278800671" lon="104.0419974681129"><ele>478</ele><time>2025-08-13T12:58:54.000Z</time></trkpt>
<trkpt lat="30.62895418641099" lon="104.041855406546"><ele>478</ele><time>2025-08-13T12:58:56.000Z</time></trkpt>
<trkpt lat="30.62903386262387" lon="104.0417120059722"><ele>478</ele><time>2025-08-13T12:58:58.000Z</time></trkpt>
<trkpt lat="30.6291023739921" lon="104.0415607722135"><ele>478</ele><time>2025-08-13T12:59:00.000Z</time></trkpt>
<trkpt lat="30.62917506986591" lon="104.0414122655033"><ele>478</ele><time>2025-08-13T12:59:02.000Z</time></trkpt>
<trkpt lat="30.62925829700884" lon="104.041265234181"><ele>478</ele><time>2025-08-13T12:59:04.000Z</time></trkpt>
<trkpt lat="30.62932434166926" lon="104.0411149974674"><ele>479</ele><time>2025-08-13T12:59:06.000Z</time></trkpt>
<trkpt lat="30.62940033596437" lon="104.0409674034232"><ele>479</ele><time>2025-08-13T12:59:08.000Z</time></trkpt>
<trkpt lat="30.62945765395144" lon="104.0408137268211"><ele>479</ele><time>2025-08-13T12:59:10.000Z</time></trkpt>
<trkpt lat="30.629515394032" lon="104.0406569676375"><ele>479</ele><time>2025-08-13T12:59:12.000Z</time></trkpt>
<trkpt lat="30.6295786420593" lon="104.0405010265871"><ele>479</ele><time>2025-08-13T12:59:14.000Z</time></trkpt>
<trkpt lat="30.62963409121324" lon="104.0403455670598"><ele>480</ele><time>2025-08-13T12:59:16.000Z</time></trkpt>
<trkpt lat="30.62969926291676" lon="104.0401960726393"><ele>480</ele><time>2025-08-13T12:59:18.000Z</time></trkpt>
<trkpt lat="30.62975717253775" lon="104.0400394958194"><ele>480</ele><time>2025-08-13T12:59:20.000Z</time></trkpt>
<trkpt lat="30.62982638347844" lon="104.0398867651396"><ele>480</ele><time>2025-08-13T12:59:22.000Z</time></trkpt>
<trkpt lat="30.62990381519856" lon="104.0397431385294"><ele>480</ele><time>2025-08-13T12:59:24.000Z</time></trkpt>
<trkpt lat="30.62997577840609" lon="104.039596664614"><ele>480</ele><time>2025-08-13T12:59:26.000Z</time></trkpt>
<trkpt lat="30.63003716876491" lon="104.039436499683"><ele>479</ele><time>2025-08-13T12:59:28.000Z</time></trkpt>
<trkpt lat="30.63009633391091" lon="104.0392750729815"><ele>479</ele><time>2025-08-13T12:59:30.000Z</time></trkpt>
<trkpt lat="30.63016822737301" lon="104.039118047113"><ele>479</ele><time>2025-08-13T12:59:32.000Z</time></trkpt>
<trkpt lat="30.63025414584499" lon="104.0389756031334"><ele>479</ele><time>2025-08-13T12:59:34.000Z</time></trkpt>
<trkpt lat="30.63032232976409" lon="104.0388276132639"><ele>480</ele><time>2025-08-13T12:59:36.000Z</time></trkpt>
<trkpt lat="30.63039250748396" lon="104.0386763132735"><ele>480</ele><time>2025-08-13T12:59:38.000Z</time></trkpt>
<trkpt lat="30.63046550588193" lon="104.0385375138361"><ele>479</ele><time>2025-08-13T12:59:40.000Z</time></trkpt>
<trkpt lat="30.63053417350284" lon="104.038391433836"><ele>478</ele><time>2025-08-13T12:59:42.000Z</time></trkpt>
<trkpt lat="30.63060668755773" lon="104.0382472911288"><ele>479</ele><time>2025-08-13T12:59:44.000Z</time></trkpt>
<trkpt lat="30.63067409538816" lon="104.0381074858975"><ele>479</ele><time>2025-08-13T12:59:46.000Z</time></trkpt>
<trkpt lat="30.63074611850867" lon="104.0379570798094"><ele>479</ele><time>2025-08-13T12:59:48.000Z</time></trkpt>
<trkpt lat="30.63081300919898" lon="104.0378092868592"><ele>478</ele><time>2025-08-13T12:59:50.000Z</time></trkpt>
<trkpt lat="30.63088779580331" lon="104.0376603535035"><ele>479</ele><time>2025-08-13T12:59:52.000Z</time></trkpt>
<trkpt lat="30.63095202130647" lon="104.037509012509"><ele>479</ele><time>2025-08-13T12:59:54.000Z</time></trkpt>
<trkpt lat="30.63101866386522" lon="104.0373635238931"><ele>478</ele><time>2025-08-13T12:59:56.000Z</time></trkpt>
<trkpt lat="30.63110460607162" lon="104.0372310539201"><ele>477</ele><time>2025-08-13T12:59:58.000Z</time></trkpt>
<trkpt lat="30.63121388250324" lon="104.0371291183095"><ele>477</ele><time>2025-08-13T13:00:00.000Z</time></trkpt>
<trkpt lat="30.6312883635395" lon="104.0370001722557"><ele>476</ele><time>2025-08-13T13:00:02.000Z</time></trkpt>
<trkpt lat="30.6313477960222" lon="104.0368769607442"><ele>476</ele><time>2025-08-13T13:00:04.000Z</time></trkpt>
<trkpt lat="30.63140162360294" lon="104.0367770507343"><ele>477</ele><time>2025-08-13T13:00:06.000Z</time></trkpt>
<trkpt lat="30.63147515021924" lon="104.0366496330884"><ele>477</ele><time>2025-08-13T13:00:09.000Z</time></trkpt>
<trkpt lat="30.631530974764" lon="104.036564009783"><ele>477</ele><time>2025-08-13T13:00:11.000Z</time></trkpt>
<trkpt lat="30.63158649073446" lon="104.036475355666"><ele>477</ele><time>2025-08-13T13:00:13.000Z</time></trkpt>
<trkpt lat="30.63164114604917" lon="104.0363804988083"><ele>477</ele><time>2025-08-13T13:00:15.000Z</time></trkpt>
<trkpt lat="30.63168693326803" lon="104.03627079173"><ele>477</ele><time>2025-08-13T13:00:17.000Z</time></trkpt>
<trkpt lat="30.6317282267829" lon="104.0361675058959"><ele>476</ele><time>2025-08-13T13:00:19.000Z</time></trkpt>
<trkpt lat="30.63179894731429" lon="104.0360517090684"><ele>476</ele><time>2025-08-13T13:00:21.000Z</time></trkpt>
<trkpt lat="30.63189148486698" lon="104.0359549494848"><ele>476</ele><time>2025-08-13T13:00:23.000Z</time></trkpt>
<trkpt lat="30.63199278108019" lon="104.0358541331881"><ele>476</ele><time>2025-08-13T13:00:25.000Z</time></trkpt>
<trkpt lat="30.6320837327911" lon="104.0357368747091"><ele>477</ele><time>2025-08-13T13:00:27.000Z</time></trkpt>
<trkpt lat="30.63217208534868" lon="104.035611324716"><ele>477</ele><time>2025-08-13T13:00:29.000Z</time></trkpt>
<trkpt lat="30.63227175289948" lon="104.0354883293864"><ele>477</ele><time>2025-08-13T13:00:31.000Z</time></trkpt>
<trkpt lat="30.63236558070506" lon="104.0353571395626"><ele>477</ele><time>2025-08-13T13:00:33.000Z</time></trkpt>
<trkpt lat="30.63245921492472" lon="104.035223732297"><ele>477</ele><time>2025-08-13T13:00:35.000Z</time></trkpt>
<trkpt lat="30.63256241923903" lon="104.03509978413"><ele>477</ele><time>2025-08-13T13:00:37.000Z</time></trkpt>
<trkpt lat="30.63266792723917" lon="104.0349758433646"><ele>476</ele><time>2025-08-13T13:00:39.000Z</time></trkpt>
<trkpt lat="30.63276967504234" lon="104.0348513218733"><ele>476</ele><time>2025-08-13T13:00:41.000Z</time></trkpt>
<trkpt lat="30.63287983946561" lon="104.0347265386694"><ele>476</ele><time>2025-08-13T13:00:43.000Z</time></trkpt>
<trkpt lat="30.63298681363133" lon="104.0346033555152"><ele>476</ele><time>2025-08-13T13:00:45.000Z</time></trkpt>
<trkpt lat="30.63308899537992" lon="104.0344689087616"><ele>476</ele><time>2025-08-13T13:00:47.000Z</time></trkpt>
<trkpt lat="30.63310884332793" lon="104.0343585618527"><ele>476</ele><time>2025-08-13T13:00:48.000Z</time></trkpt>
<trkpt lat="30.63321088332073" lon="104.0342545313427"><ele>476</ele><time>2025-08-13T13:00:50.000Z</time></trkpt>
<trkpt lat="30.63331904857475" lon="104.0341443594521"><ele>476</ele><time>2025-08-13T13:00:52.000Z</time></trkpt>
<trkpt lat="30.63342381547928" lon="104.0340390489928"><ele>476</ele><time>2025-08-13T13:00:54.000Z</time></trkpt>
<trkpt lat="30.6335410153605" lon="104.0339316620435"><ele>476</ele><time>2025-08-13T13:00:56.000Z</time></trkpt>
<trkpt lat="30.63364085260152" lon="104.0337967177934"><ele>476</ele><time>2025-08-13T13:00:58.000Z</time></trkpt>
<trkpt lat="30.63374078653559" lon="104.0336686044043"><ele>476</ele><time>2025-08-13T13:01:00.000Z</time></trkpt>
<trkpt lat="30.63385419092337" lon="104.0335476130281"><ele>476</ele><time>2025-08-13T13:01:02.000Z</time></trkpt>
<trkpt lat="30.63398252629899" lon="104.0334430506988"><ele>476</ele><time>2025-08-13T13:01:04.000Z</time></trkpt>
<trkpt lat="30.63412016980441" lon="104.0333639664492"><ele>476</ele><time>2025-08-13T13:01:06.000Z</time></trkpt>
<trkpt lat="30.6342432665714" lon="104.0332626058819"><ele>476</ele><time>2025-08-13T13:01:08.000Z</time></trkpt>
<trkpt lat="30.63434878820563" lon="104.0331342691387"><ele>476</ele><time>2025-08-13T13:01:10.000Z</time></trkpt>
<trkpt lat="30.63446513441828" lon="104.0330279245251"><ele>476</ele><time>2025-08-13T13:01:12.000Z</time></trkpt>
<trkpt lat="30.63456688385747" lon="104.0328969163111"><ele>476</ele><time>2025-08-13T13:01:14.000Z</time></trkpt>
<trkpt lat="30.63467923529836" lon="104.0327807440697"><ele>476</ele><time>2025-08-13T13:01:16.000Z</time></trkpt>
<trkpt lat="30.63479806708371" lon="104.0326653861496"><ele>476</ele><time>2025-08-13T13:01:18.000Z</time></trkpt>
<trkpt lat="30.63491444808757" lon="104.0325568388167"><ele>476</ele><time>2025-08-13T13:01:20.000Z</time></trkpt>
<trkpt lat="30.63503572921512" lon="104.0324574171356"><ele>476</ele><time>2025-08-13T13:01:22.000Z</time></trkpt>
<trkpt lat="30.6351519194619" lon="104.0323519621851"><ele>477</ele><time>2025-08-13T13:01:24.000Z</time></trkpt>
<trkpt lat="30.63527622043575" lon="104.0322554956551"><ele>477</ele><time>2025-08-13T13:01:26.000Z</time></trkpt>
<trkpt lat="30.63540017506583" lon="104.0321596203896"><ele>477</ele><time>2025-08-13T13:01:28.000Z</time></trkpt>
<trkpt lat="30.63551842375087" lon="104.0320552860623"><ele>477</ele><time>2025-08-13T13:01:30.000Z</time></trkpt>
<trkpt lat="30.63562922094352" lon="104.031941813184"><ele>477</ele><time>2025-08-13T13:01:32.000Z</time></trkpt>
<trkpt lat="30.63573980638562" lon="104.0318317887537"><ele>477</ele><time>2025-08-13T13:01:34.000Z</time></trkpt>
<trkpt lat="30.63585208401656" lon="104.0317239077662"><ele>477</ele><time>2025-08-13T13:01:36.000Z</time></trkpt>
<trkpt lat="30.63596923392633" lon="104.0316193091666"><ele>477</ele><time>2025-08-13T13:01:38.000Z</time></trkpt>
<trkpt lat="30.63608276842312" lon="104.0315140291608"><ele>477</ele><time>2025-08-13T13:01:40.000Z</time></trkpt>
<trkpt lat="30.6361992540846" lon="104.031409905697"><ele>477</ele><time>2025-08-13T13:01:42.000Z</time></trkpt>
<trkpt lat="30.63631536941254" lon="104.0313036922227"><ele>477</ele><time>2025-08-13T13:01:44.000Z</time></trkpt>
<trkpt lat="30.63642626018794" lon="104.0311916596358"><ele>477</ele><time>2025-08-13T13:01:46.000Z</time></trkpt>
<trkpt lat="30.63655303608282" lon="104.0310996949497"><ele>477</ele><time>2025-08-13T13:01:48.000Z</time></trkpt>
<trkpt lat="30.63667872122574" lon="104.0310031774878"><ele>477</ele><time>2025-08-13T13:01:50.000Z</time></trkpt>
<trkpt lat="30.63679711659365" lon="104.0308947162655"><ele>477</ele><time>2025-08-13T13:01:52.000Z</time></trkpt>
<trkpt lat="30.63692429124966" lon="104.0307989977309"><ele>478</ele><time>2025-08-13T13:01:54.000Z</time></trkpt>
<trkpt lat="30.63703943305647" lon="104.0306908776679"><ele>477</ele><time>2025-08-13T13:01:56.000Z</time></trkpt>
<trkpt lat="30.63715423412917" lon="104.0305774559"><ele>477</ele><time>2025-08-13T13:01:58.000Z</time></trkpt>
<trkpt lat="30.63727194866547" lon="104.0304732512192"><ele>478</ele><time>2025-08-13T13:02:00.000Z</time></trkpt>
<trkpt lat="30.63738539675926" lon="104.0303664727625"><ele>478</ele><time>2025-08-13T13:02:02.000Z</time></trkpt>
<trkpt lat="30.63750150700084" lon="104.0302652808406"><ele>478</ele><time>2025-08-13T13:02:04.000Z</time></trkpt>
<trkpt lat="30.63761074367279" lon="104.0301704170738"><ele>478</ele><time>2025-08-13T13:02:06.000Z</time></trkpt>
<trkpt lat="30.63771469795578" lon="104.0300782615232"><ele>478</ele><time>2025-08-13T13:02:08.000Z</time></trkpt>
<trkpt lat="30.63780770773286" lon="104.029983959453"><ele>478</ele><time>2025-08-13T13:02:10.000Z</time></trkpt>
<trkpt lat="30.63789586577669" lon="104.0298951548844"><ele>478</ele><time>2025-08-13T13:02:12.000Z</time></trkpt>
<trkpt lat="30.63798449710367" lon="104.0298177454399"><ele>478</ele><time>2025-08-13T13:02:14.000Z</time></trkpt>
<trkpt lat="30.63805856130762" lon="104.0297363386796"><ele>478</ele><time>2025-08-13T13:02:16.000Z</time></trkpt>
<trkpt lat="30.63811414704072" lon="104.0296521119059"><ele>478</ele><time>2025-08-13T13:03:21.000Z</time></trkpt>
<trkpt lat="30.63820789329283" lon="104.0295647810465"><ele>478</ele><time>2025-08-13T13:03:26.000Z</time></trkpt>
<trkpt lat="30.63829126713703" lon="104.0294870714964"><ele>478</ele><time>2025-08-13T13:03:29.000Z</time></trkpt>
<trkpt lat="30.63838946700764" lon="104.0293957387796"><ele>478</ele><time>2025-08-13T13:03:32.000Z</time></trkpt>
<trkpt lat="30.63848287133415" lon="104.0292874984617"><ele>478</ele><time>2025-08-13T13:03:35.000Z</time></trkpt>
<trkpt lat="30.63856212533248" lon="104.0292217837316"><ele>478</ele><time>2025-08-13T13:03:37.000Z</time></trkpt>
<trkpt lat="30.63863245963349" lon="104.0291324388654"><ele>478</ele><time>2025-08-13T13:03:39.000Z</time></trkpt>
<trkpt lat="30.63871800954844" lon="104.029054626785"><ele>479</ele><time>2025-08-13T13:03:41.000Z</time></trkpt>
<trkpt lat="30.63881907091545" lon="104.0289897225714"><ele>479</ele><time>2025-08-13T13:03:43.000Z</time></trkpt>
<trkpt lat="30.63891288181422" lon="104.0288967387774"><ele>479</ele><time>2025-08-13T13:03:45.000Z</time></trkpt>
<trkpt lat="30.63901245269508" lon="104.028800704983"><ele>478</ele><time>2025-08-13T13:03:47.000Z</time></trkpt>
<trkpt lat="30.63912080384044" lon="104.0287096184654"><ele>478</ele><time>2025-08-13T13:03:49.000Z</time></trkpt>
<trkpt lat="30.6392187230381" lon="104.0286086767406"><ele>479</ele><time>2025-08-13T13:03:51.000Z</time></trkpt>
<trkpt lat="30.63932037176147" lon="104.0285136495454"><ele>479</ele><time>2025-08-13T13:03:53.000Z</time></trkpt>
<trkpt lat="30.63939564660987" lon="104.0284026001512"><ele>479</ele><time>2025-08-13T13:03:55.000Z</time></trkpt>
<trkpt lat="30.6395138676382" lon="104.0283324635264"><ele>479</ele><time>2025-08-13T13:03:57.000Z</time></trkpt>
<trkpt lat="30.63961684385876" lon="104.0282365484634"><ele>479</ele><time>2025-08-13T13:03:59.000Z</time></trkpt>
<trkpt lat="30.63972071100503" lon="104.0281306926638"><ele>479</ele><time>2025-08-13T13:04:01.000Z</time></trkpt>
<trkpt lat="30.6398212331423" lon="104.028030097808"><ele>478</ele><time>2025-08-13T13:04:03.000Z</time></trkpt>
<trkpt lat="30.63991936667702" lon="104.0279317787644"><ele>478</ele><time>2025-08-13T13:04:05.000Z</time></trkpt>
<trkpt lat="30.64001894911056" lon="104.0278317807072"><ele>478</ele><time>2025-08-13T13:04:07.000Z</time></trkpt>
<trkpt lat="30.64012128224435" lon="104.0277287114272"><ele>478</ele><time>2025-08-13T13:04:09.000Z</time></trkpt>
<trkpt lat="30.64022671885956" lon="104.0276328681648"><ele>478</ele><time>2025-08-13T13:04:11.000Z</time></trkpt>
<trkpt lat="30.64033035793846" lon="104.0275354102524"><ele>478</ele><time>2025-08-13T13:04:13.000Z</time></trkpt>
<trkpt lat="30.64043140443237" lon="104.0274327082746"><ele>478</ele><time>2025-08-13T13:04:15.000Z</time></trkpt>
<trkpt lat="30.64053201854025" lon="104.0273362266159"><ele>478</ele><time>2025-08-13T13:04:17.000Z</time></trkpt>
<trkpt lat="30.64063295680215" lon="104.0272352238372"><ele>478</ele><time>2025-08-13T13:04:19.000Z</time></trkpt>
<trkpt lat="30.64072947196509" lon="104.0271277661031"><ele>478</ele><time>2025-08-13T13:04:21.000Z</time></trkpt>
<trkpt lat="30.64082711021151" lon="104.0270258879268"><ele>478</ele><time>2025-08-13T13:04:23.000Z</time></trkpt>
<trkpt lat="30.64092400709996" lon="104.0269248112049"><ele>478</ele><time>2025-08-13T13:04:25.000Z</time></trkpt>
<trkpt lat="30.64102363995576" lon="104.026827567229"><ele>478</ele><time>2025-08-13T13:04:27.000Z</time></trkpt>
<trkpt lat="30.64112247257299" lon="104.0267277673553"><ele>478</ele><time>2025-08-13T13:04:29.000Z</time></trkpt>
<trkpt lat="30.64121867778441" lon="104.026624981575"><ele>478</ele><time>2025-08-13T13:04:31.000Z</time></trkpt>
<trkpt lat="30.64130765657795" lon="104.0265157299806"><ele>478</ele><time>2025-08-13T13:04:33.000Z</time></trkpt>
<trkpt lat="30.64139535933816" lon="104.0264046467971"><ele>478</ele><time>2025-08-13T13:04:35.000Z</time></trkpt>
<trkpt lat="30.64148886160089" lon="104.0263018329042"><ele>478</ele><time>2025-08-13T13:04:37.000Z</time></trkpt>
<trkpt lat="30.64157829941332" lon="104.0261965907265"><ele>478</ele><time>2025-08-13T13:04:39.000Z</time></trkpt>
<trkpt lat="30.64167457874439" lon="104.0260925674272"><ele>478</ele><time>2025-08-13T13:04:41.000Z</time></trkpt>
<trkpt lat="30.64177111273216" lon="104.0259870346383"><ele>478</ele><time>2025-08-13T13:04:43.000Z</time></trkpt>
<trkpt lat="30.64186874823139" lon="104.0258893015281"><ele>478</ele><time>2025-08-13T13:04:45.000Z</time></trkpt>
<trkpt lat="30.64196820999764" lon="104.0257927431925"><ele>478</ele><time>2025-08-13T13:04:47.000Z</time></trkpt>
<trkpt lat="30.64206827004605" lon="104.0257026346984"><ele>478</ele><time>2025-08-13T13:04:49.000Z</time></trkpt>
<trkpt lat="30.64216374850205" lon="104.0256094701248"><ele>478</ele><time>2025-08-13T13:04:51.000Z</time></trkpt>
<trkpt lat="30.64226504917324" lon="104.0255239284326"><ele>478</ele><time>2025-08-13T13:04:53.000Z</time></trkpt>
<trkpt lat="30.64234434721968" lon="104.0254277080864"><ele>478</ele><time>2025-08-13T13:04:55.000Z</time></trkpt>
<trkpt lat="30.64240664394982" lon="104.0253496837707"><ele>478</ele><time>2025-08-13T13:06:25.000Z</time></trkpt>
<trkpt lat="30.64249565100675" lon="104.0252638627449"><ele>478</ele><time>2025-08-13T13:06:29.000Z</time></trkpt>
<trkpt lat="30.64257145049161" lon="104.0251963137908"><ele>479</ele><time>2025-08-13T13:06:31.000Z</time></trkpt>
<trkpt lat="30.64264197704391" lon="104.0251106666198"><ele>479</ele><time>2025-08-13T13:06:33.000Z</time></trkpt>
<trkpt lat="30.64272605732013" lon="104.0250292999133"><ele>480</ele><time>2025-08-13T13:06:35.000Z</time></trkpt>
<trkpt lat="30.64280418282945" lon="104.0249307405999"><ele>480</ele><time>2025-08-13T13:06:37.000Z</time></trkpt>
<trkpt lat="30.64288411261602" lon="104.0248356481915"><ele>480</ele><time>2025-08-13T13:06:39.000Z</time></trkpt>
<trkpt lat="30.64298224080574" lon="104.0247626611548"><ele>479</ele><time>2025-08-13T13:06:41.000Z</time></trkpt>
<trkpt lat="30.64305902922155" lon="104.0246966715922"><ele>480</ele><time>2025-08-13T13:06:43.000Z</time></trkpt>
<trkpt lat="30.64311391389032" lon="104.0245945224809"><ele>480</ele><time>2025-08-13T13:06:50.000Z</time></trkpt>
<trkpt lat="30.64322134141931" lon="104.024500457724"><ele>480</ele><time>2025-08-13T13:06:53.000Z</time></trkpt>
<trkpt lat="30.64329371719998" lon="104.024430536442"><ele>480</ele><time>2025-08-13T13:06:55.000Z</time></trkpt>
<trkpt lat="30.64337822348529" lon="104.0243585630108"><ele>479</ele><time>2025-08-13T13:06:57.000Z</time></trkpt>
<trkpt lat="30.64346149655401" lon="104.024275710727"><ele>480</ele><time>2025-08-13T13:06:59.000Z</time></trkpt>
<trkpt lat="30.64355034093283" lon="104.0241865988591"><ele>479</ele><time>2025-08-13T13:07:01.000Z</time></trkpt>
<trkpt lat="30.64364763329089" lon="104.0240953295516"><ele>479</ele><time>2025-08-13T13:07:03.000Z</time></trkpt>
<trkpt lat="30.64374478579936" lon="104.0240037214057"><ele>479</ele><time>2025-08-13T13:07:05.000Z</time></trkpt>
<trkpt lat="30.6438439550241" lon="104.023911408111"><ele>480</ele><time>2025-08-13T13:07:07.000Z</time></trkpt>
<trkpt lat="30.64395471393018" lon="104.0238304520301"><ele>480</ele><time>2025-08-13T13:07:09.000Z</time></trkpt>
<trkpt lat="30.64405730399429" lon="104.0237349568901"><ele>480</ele><time>2025-08-13T13:07:11.000Z</time></trkpt>
<trkpt lat="30.64415531650033" lon="104.0236306876674"><ele>480</ele><time>2025-08-13T13:07:13.000Z</time></trkpt>
<trkpt lat="30.64426415404278" lon="104.0235366006242"><ele>480</ele><time>2025-08-13T13:07:15.000Z</time></trkpt>
<trkpt lat="30.64437084694654" lon="104.023437320033"><ele>480</ele><time>2025-08-13T13:07:17.000Z</time></trkpt>
<trkpt lat="30.6444747824999" lon="104.0233388095074"><ele>481</ele><time>2025-08-13T13:07:19.000Z</time></trkpt>
<trkpt lat="30.64458331212321" lon="104.0232406278602"><ele>480</ele><time>2025-08-13T13:07:21.000Z</time></trkpt>
<trkpt lat="30.64468332687286" lon="104.0231313267344"><ele>480</ele><time>2025-08-13T13:07:23.000Z</time></trkpt>
<trkpt lat="30.64478866767065" lon="104.0230247659393"><ele>480</ele><time>2025-08-13T13:07:25.000Z</time></trkpt>
<trkpt lat="30.64489568741354" lon="104.0229267606045"><ele>479</ele><time>2025-08-13T13:07:27.000Z</time></trkpt>
<trkpt lat="30.64500433838462" lon="104.0228362319047"><ele>479</ele><time>2025-08-13T13:07:29.000Z</time></trkpt>
<trkpt lat="30.64511172515466" lon="104.02274421042"><ele>478</ele><time>2025-08-13T13:07:31.000Z</time></trkpt>
<trkpt lat="30.64520937253614" lon="104.022636528638"><ele>479</ele><time>2025-08-13T13:07:33.000Z</time></trkpt>
<trkpt lat="30.64531315262614" lon="104.0225305260917"><ele>479</ele><time>2025-08-13T13:07:35.000Z</time></trkpt>
<trkpt lat="30.6454320528149" lon="104.0224162440925"><ele>479</ele><time>2025-08-13T13:07:37.000Z</time></trkpt>
<trkpt lat="30.64554761175892" lon="104.0222758659991"><ele>480</ele><time>2025-08-13T13:07:39.000Z</time></trkpt>
<trkpt lat="30.64567046291599" lon="104.0221347902144"><ele>480</ele><time>2025-08-13T13:07:41.000Z</time></trkpt>
<trkpt lat="30.64578620764509" lon="104.0220019661492"><ele>480</ele><time>2025-08-13T13:07:43.000Z</time></trkpt>
<trkpt lat="30.64589977763968" lon="104.0218886482488"><ele>479</ele><time>2025-08-13T13:07:45.000Z</time></trkpt>
<trkpt lat="30.6460313673907" lon="104.0217923711967"><ele>480</ele><time>2025-08-13T13:07:47.000Z</time></trkpt>
<trkpt lat="30.64614263134117" lon="104.0216719666756"><ele>479</ele><time>2025-08-13T13:07:49.000Z</time></trkpt>
<trkpt lat="30.64625834361366" lon="104.0215601103168"><ele>479</ele><time>2025-08-13T13:07:51.000Z</time></trkpt>
<trkpt lat="30.64636809676474" lon="104.0214505178507"><ele>479</ele><time>2025-08-13T13:07:53.000Z</time></trkpt>
<trkpt lat="30.64647350073081" lon="104.0213475534642"><ele>479</ele><time>2025-08-13T13:07:55.000Z</time></trkpt>
<trkpt lat="30.64657812203575" lon="104.0212472056589"><ele>479</ele><time>2025-08-13T13:07:57.000Z</time></trkpt>
<trkpt lat="30.64668762769203" lon="104.0211555461188"><ele>479</ele><time>2025-08-13T13:07:59.000Z</time></trkpt>
<trkpt lat="30.64678561695365" lon="104.0210499228861"><ele>479</ele><time>2025-08-13T13:08:01.000Z</time></trkpt>
<trkpt lat="30.64688395445057" lon="104.0209446372075"><ele>479</ele><time>2025-08-13T13:08:03.000Z</time></trkpt>
<trkpt lat="30.64698865933082" lon="104.0208460622644"><ele>478</ele><time>2025-08-13T13:08:05.000Z</time></trkpt>
<trkpt lat="30.6470897627308" lon="104.0207517594235"><ele>478</ele><time>2025-08-13T13:08:07.000Z</time></trkpt>
<trkpt lat="30.64719681221881" lon="104.0206642983407"><ele>478</ele><time>2025-08-13T13:08:09.000Z</time></trkpt>
<trkpt lat="30.64729445056919" lon="104.0205638841383"><ele>478</ele><time>2025-08-13T13:08:11.000Z</time></trkpt>
<trkpt lat="30.64740401637181" lon="104.0204781888023"><ele>478</ele><time>2025-08-13T13:08:13.000Z</time></trkpt>
<trkpt lat="30.64751095520639" lon="104.0203992039811"><ele>478</ele><time>2025-08-13T13:08:15.000Z</time></trkpt>
<trkpt lat="30.64762179529141" lon="104.0203251846457"><ele>479</ele><time>2025-08-13T13:08:17.000Z</time></trkpt>
<trkpt lat="30.64772917763176" lon="104.0202469091954"><ele>478</ele><time>2025-08-13T13:08:19.000Z</time></trkpt>
<trkpt lat="30.6478497170792" lon="104.020196975941"><ele>478</ele><time>2025-08-13T13:08:21.000Z</time></trkpt>
<trkpt lat="30.64797728725484" lon="104.0201681207373"><ele>479</ele><time>2025-08-13T13:08:23.000Z</time></trkpt>
<trkpt lat="30.6481074119155" lon="104.0201647138497"><ele>479</ele><time>2025-08-13T13:08:25.000Z</time></trkpt>
<trkpt lat="30.64823498119997" lon="104.0201692815866"><ele>479</ele><time>2025-08-13T13:08:27.000Z</time></trkpt>
<trkpt lat="30.64835552281346" lon="104.0201261440787"><ele>479</ele><time>2025-08-13T13:08:29.000Z</time></trkpt>
<trkpt lat="30.64848915183567" lon="104.0200967985106"><ele>479</ele><time>2025-08-13T13:08:31.000Z</time></trkpt>
<trkpt lat="30.64861661606104" lon="104.0200861919382"><ele>479</ele><time>2025-08-13T13:08:33.000Z</time></trkpt>
<trkpt lat="30.6487509606643" lon="104.020081263455"><ele>479</ele><time>2025-08-13T13:08:35.000Z</time></trkpt>
<trkpt lat="30.64888213583671" lon="104.0200793822869"><ele>479</ele><time>2025-08-13T13:08:37.000Z</time></trkpt>
<trkpt lat="30.64901460633061" lon="104.0200488178874"><ele>479</ele><time>2025-08-13T13:08:39.000Z</time></trkpt>
<trkpt lat="30.64914939769223" lon="104.0200681939765"><ele>479</ele><time>2025-08-13T13:08:41.000Z</time></trkpt>
<trkpt lat="30.6492829517881" lon="104.0200577074874"><ele>479</ele><time>2025-08-13T13:08:43.000Z</time></trkpt>
<trkpt lat="30.64941838584763" lon="104.0200439166676"><ele>478</ele><time>2025-08-13T13:08:45.000Z</time></trkpt>
<trkpt lat="30.64955126757431" lon="104.0200421815175"><ele>478</ele><time>2025-08-13T13:08:47.000Z</time></trkpt>
<trkpt lat="30.6496818988881" lon="104.020049765673"><ele>478</ele><time>2025-08-13T13:08:49.000Z</time></trkpt>
<trkpt lat="30.64981144316368" lon="104.0200596729874"><ele>478</ele><time>2025-08-13T13:08:51.000Z</time></trkpt>
<trkpt lat="30.64993537281304" lon="104.0200496952777"><ele>478</ele><time>2025-08-13T13:08:53.000Z</time></trkpt>
<trkpt lat="30.65005270481249" lon="104.0200480906294"><ele>478</ele><time>2025-08-13T13:08:55.000Z</time></trkpt>
<trkpt lat="30.65014628155993" lon="104.0200481267017"><ele>478</ele><time>2025-08-13T13:08:57.000Z</time></trkpt>
<trkpt lat="30.65024687438589" lon="104.0200458049954"><ele>478</ele><time>2025-08-13T13:09:54.000Z</time></trkpt>
<trkpt lat="30.65035526943499" lon="104.0200343238656"><ele>478</ele><time>2025-08-13T13:09:59.000Z</time></trkpt>
<trkpt lat="30.65045599325386" lon="104.0199834722403"><ele>478</ele><time>2025-08-13T13:10:02.000Z</time></trkpt>
<trkpt lat="30.6505445672327" lon="104.0200132574484"><ele>477</ele><time>2025-08-13T13:10:04.000Z</time></trkpt>
<trkpt lat="30.65063921868731" lon="104.0200096239703"><ele>477</ele><time>2025-08-13T13:10:06.000Z</time></trkpt>
<trkpt lat="30.65073462630649" lon="104.0199699118853"><ele>477</ele><time>2025-08-13T13:10:08.000Z</time></trkpt>
<trkpt lat="30.65083658431459" lon="104.0199837774345"><ele>477</ele><time>2025-08-13T13:10:10.000Z</time></trkpt>
<trkpt lat="30.65094332140805" lon="104.0199846090278"><ele>477</ele><time>2025-08-13T13:10:12.000Z</time></trkpt>
<trkpt lat="30.65105665523902" lon="104.0199763852299"><ele>477</ele><time>2025-08-13T13:10:14.000Z</time></trkpt>
<trkpt lat="30.65117357033589" lon="104.0199701429041"><ele>478</ele><time>2025-08-13T13:10:16.000Z</time></trkpt>
<trkpt lat="30.65129361621344" lon="104.0199886626201"><ele>478</ele><time>2025-08-13T13:10:18.000Z</time></trkpt>
<trkpt lat="30.65141282058815" lon="104.0200018932741"><ele>478</ele><time>2025-08-13T13:10:20.000Z</time></trkpt>
<trkpt lat="30.65153834492307" lon="104.0199963091559"><ele>479</ele><time>2025-08-13T13:10:22.000Z</time></trkpt>
<trkpt lat="30.65165731408765" lon="104.0200015649791"><ele>479</ele><time>2025-08-13T13:10:24.000Z</time></trkpt>
<trkpt lat="30.6517759493511" lon="104.0199943513765"><ele>479</ele><time>2025-08-13T13:10:26.000Z</time></trkpt>
<trkpt lat="30.65189743334839" lon="104.0199919428906"><ele>479</ele><time>2025-08-13T13:10:28.000Z</time></trkpt>
<trkpt lat="30.65202939091755" lon="104.019975429998"><ele>479</ele><time>2025-08-13T13:10:30.000Z</time></trkpt>
<trkpt lat="30.65216329101956" lon="104.0199521656225"><ele>479</ele><time>2025-08-13T13:10:32.000Z</time></trkpt>
<trkpt lat="30.65231935624253" lon="104.0199580850882"><ele>479</ele><time>2025-08-13T13:10:34.000Z</time></trkpt>
<trkpt lat="30.65248271969056" lon="104.0199552280274"><ele>479</ele><time>2025-08-13T13:10:36.000Z</time></trkpt>
<trkpt lat="30.65264520835611" lon="104.0199495172003"><ele>479</ele><time>2025-08-13T13:10:38.000Z</time></trkpt>
<trkpt lat="30.65280888713741" lon="104.0199411723206"><ele>479</ele><time>2025-08-13T13:10:40.000Z</time></trkpt>
<trkpt lat="30.65297411086939" lon="104.0199489300212"><ele>479</ele><time>2025-08-13T13:10:42.000Z</time></trkpt>
<trkpt lat="30.65313558332572" lon="104.0199596783066"><ele>479</ele><time>2025-08-13T13:10:44.000Z</time></trkpt>
<trkpt lat="30.65321125321612" lon="104.019835952899"><ele>479</ele><time>2025-08-13T13:10:45.000Z</time></trkpt>
<trkpt lat="30.65336789448158" lon="104.0198296533958"><ele>480</ele><time>2025-08-13T13:10:47.000Z</time></trkpt>
<trkpt lat="30.65352087594794" lon="104.0198234693143"><ele>480</ele><time>2025-08-13T13:10:49.000Z</time></trkpt>
<trkpt lat="30.65367035739539" lon="104.0198174306204"><ele>480</ele><time>2025-08-13T13:10:51.000Z</time></trkpt>
<trkpt lat="30.65380891920434" lon="104.0198118090946"><ele>480</ele><time>2025-08-13T13:10:53.000Z</time></trkpt>
<trkpt lat="30.65393578462833" lon="104.0198066880655"><ele>480</ele><time>2025-08-13T13:10:55.000Z</time></trkpt>
<trkpt lat="30.65403195748246" lon="104.019802790855"><ele>480</ele><time>2025-08-13T13:10:57.000Z</time></trkpt>
<trkpt lat="30.65413053612122" lon="104.0197988334105"><ele>480</ele><time>2025-08-13T13:10:59.000Z</time></trkpt>
<trkpt lat="30.65422991224449" lon="104.0197949788403"><ele>480</ele><time>2025-08-13T13:11:01.000Z</time></trkpt>
<trkpt lat="30.65433536244285" lon="104.0198371215067"><ele>480</ele><time>2025-08-13T13:11:03.000Z</time></trkpt>
<trkpt lat="30.65444162106393" lon="104.0198274470002"><ele>480</ele><time>2025-08-13T13:11:05.000Z</time></trkpt>
<trkpt lat="30.65454954224567" lon="104.0197840391181"><ele>481</ele><time>2025-08-13T13:11:07.000Z</time></trkpt>
<trkpt lat="30.65465775818799" lon="104.019780033785"><ele>481</ele><time>2025-08-13T13:11:09.000Z</time></trkpt>
<trkpt lat="30.65477253174666" lon="104.0197757660347"><ele>481</ele><time>2025-08-13T13:11:11.000Z</time></trkpt>
<trkpt lat="30.6548898911166" lon="104.019770737179"><ele>481</ele><time>2025-08-13T13:11:13.000Z</time></trkpt>
<trkpt lat="30.65501298120312" lon="104.0197653573925"><ele>481</ele><time>2025-08-13T13:11:15.000Z</time></trkpt>
<trkpt lat="30.65514363531912" lon="104.0197622954909"><ele>481</ele><time>2025-08-13T13:11:17.000Z</time></trkpt>
<trkpt lat="30.65527601060794" lon="104.019827226497"><ele>481</ele><time>2025-08-13T13:11:19.000Z</time></trkpt>
<trkpt lat="30.65541199979201" lon="104.0198133207571"><ele>481</ele><time>2025-08-13T13:11:21.000Z</time></trkpt>
<trkpt lat="30.65555334061429" lon="104.0198019686355"><ele>481</ele><time>2025-08-13T13:11:23.000Z</time></trkpt>
<trkpt lat="30.65569684615878" lon="104.0198081103103"><ele>482</ele><time>2025-08-13T13:11:25.000Z</time></trkpt>
<trkpt lat="30.65583821306078" lon="104.0197526434151"><ele>482</ele><time>2025-08-13T13:11:27.000Z</time></trkpt>
<trkpt lat="30.65598746662084" lon="104.0197504777377"><ele>482</ele><time>2025-08-13T13:11:29.000Z</time></trkpt>
<trkpt lat="30.65613226836144" lon="104.0197487872197"><ele>482</ele><time>2025-08-13T13:11:31.000Z</time></trkpt>
<trkpt lat="30.65625550675836" lon="104.0197473577123"><ele>482</ele><time>2025-08-13T13:11:33.000Z</time></trkpt>
<trkpt lat="30.65638257672485" lon="104.0197978879229"><ele>482</ele><time>2025-08-13T13:11:35.000Z</time></trkpt>
<trkpt lat="30.65651465974191" lon="104.019774407872"><ele>482</ele><time>2025-08-13T13:11:37.000Z</time></trkpt>
<trkpt lat="30.6566506810965" lon="104.0197396440658"><ele>482</ele><time>2025-08-13T13:11:39.000Z</time></trkpt>
<trkpt lat="30.65679168589046" lon="104.0197684668473"><ele>482</ele><time>2025-08-13T13:11:41.000Z</time></trkpt>
<trkpt lat="30.65693624545396" lon="104.0197662430955"><ele>482</ele><time>2025-08-13T13:11:43.000Z</time></trkpt>
<trkpt lat="30.65708239035916" lon="104.0197656804646"><ele>482</ele><time>2025-08-13T13:11:45.000Z</time></trkpt>
<trkpt lat="30.65723072699361" lon="104.0197609425544"><ele>482</ele><time>2025-08-13T13:11:47.000Z</time></trkpt>
<trkpt lat="30.6573793358481" lon="104.0197219990505"><ele>482</ele><time>2025-08-13T13:11:49.000Z</time></trkpt>
<trkpt lat="30.65751340394164" lon="104.0197841147867"><ele>482</ele><time>2025-08-13T13:11:51.000Z</time></trkpt>
<trkpt lat="30.65763705801525" lon="104.0197851036182"><ele>483</ele><time>2025-08-13T13:11:53.000Z</time></trkpt>
<trkpt lat="30.65776492482521" lon="104.0197115818222"><ele>483</ele><time>2025-08-13T13:11:55.000Z</time></trkpt>
<trkpt lat="30.65790271440272" lon="104.0197074459813"><ele>483</ele><time>2025-08-13T13:11:57.000Z</time></trkpt>
<trkpt lat="30.65804451289988" lon="104.0197031856294"><ele>483</ele><time>2025-08-13T13:11:59.000Z</time></trkpt>
<trkpt lat="30.65818828019628" lon="104.0196988433475"><ele>483</ele><time>2025-08-13T13:12:01.000Z</time></trkpt>
<trkpt lat="30.65833348282031" lon="104.0196944784969"><ele>483</ele><time>2025-08-13T13:12:03.000Z</time></trkpt>
<trkpt lat="30.65847464059406" lon="104.0196902757994"><ele>483</ele><time>2025-08-13T13:12:05.000Z</time></trkpt>
<trkpt lat="30.65861461497854" lon="104.0196861051017"><ele>483</ele><time>2025-08-13T13:12:07.000Z</time></trkpt>
<trkpt lat="30.65875428460666" lon="104.0196819012468"><ele>482</ele><time>2025-08-13T13:12:09.000Z</time></trkpt>
<trkpt lat="30.65889128507598" lon="104.0196777953465"><ele>482</ele><time>2025-08-13T13:12:11.000Z</time></trkpt>
<trkpt lat="30.65902795024446" lon="104.0196735480706"><ele>482</ele><time>2025-08-13T13:12:13.000Z</time></trkpt>
<trkpt lat="30.65916539730907" lon="104.0196692406514"><ele>482</ele><time>2025-08-13T13:12:15.000Z</time></trkpt>
<trkpt lat="30.65930392808666" lon="104.0196649082928"><ele>482</ele><time>2025-08-13T13:12:17.000Z</time></trkpt>
<trkpt lat="30.6594361710792" lon="104.0196550552941"><ele>482</ele><time>2025-08-13T13:12:19.000Z</time></trkpt>
<trkpt lat="30.65951131604598" lon="104.0197365532173"><ele>482</ele><time>2025-08-13T13:12:20.000Z</time></trkpt>
<trkpt lat="30.65965346858223" lon="104.0197363680419"><ele>482</ele><time>2025-08-13T13:12:22.000Z</time></trkpt>
<trkpt lat="30.65979429472898" lon="104.0197308183528"><ele>482</ele><time>2025-08-13T13:12:24.000Z</time></trkpt>
<trkpt lat="30.65993659736994" lon="104.0197281402825"><ele>482</ele><time>2025-08-13T13:12:26.000Z</time></trkpt>
<trkpt lat="30.66007650518191" lon="104.019721771734"><ele>482</ele><time>2025-08-13T13:12:28.000Z</time></trkpt>
<trkpt lat="30.66021662408397" lon="104.0197149255396"><ele>482</ele><time>2025-08-13T13:12:30.000Z</time></trkpt>
<trkpt lat="30.66035668995123" lon="104.0197118218767"><ele>482</ele><time>2025-08-13T13:12:32.000Z</time></trkpt>
<trkpt lat="30.66049482820179" lon="104.0197055477344"><ele>482</ele><time>2025-08-13T13:12:34.000Z</time></trkpt>
<trkpt lat="30.66063434661361" lon="104.0196940960494"><ele>482</ele><time>2025-08-13T13:12:36.000Z</time></trkpt>
<trkpt lat="30.6607739138093" lon="104.0196935809577"><ele>482</ele><time>2025-08-13T13:12:38.000Z</time></trkpt>
<trkpt lat="30.66091473668861" lon="104.0196893781618"><ele>482</ele><time>2025-08-13T13:12:40.000Z</time></trkpt>
<trkpt lat="30.66105695744307" lon="104.0196900083988"><ele>482</ele><time>2025-08-13T13:12:42.000Z</time></trkpt>
<trkpt lat="30.66119925552407" lon="104.0196809746621"><ele>482</ele><time>2025-08-13T13:12:44.000Z</time></trkpt>
<trkpt lat="30.66134484170225" lon="104.0196771569271"><ele>482</ele><time>2025-08-13T13:12:46.000Z</time></trkpt>
<trkpt lat="30.66148904524691" lon="104.0196806831327"><ele>482</ele><time>2025-08-13T13:12:48.000Z</time></trkpt>
<trkpt lat="30.66163302726309" lon="104.0196769509011"><ele>482</ele><time>2025-08-13T13:12:50.000Z</time></trkpt>
<trkpt lat="30.66177391088068" lon="104.0196690278408"><ele>482</ele><time>2025-08-13T13:12:52.000Z</time></trkpt>
<trkpt lat="30.661914162443" lon="104.0196630013527"><ele>482</ele><time>2025-08-13T13:12:54.000Z</time></trkpt>
<trkpt lat="30.66205860432283" lon="104.0196616854514"><ele>482</ele><time>2025-08-13T13:12:56.000Z</time></trkpt>
<trkpt lat="30.66219951015427" lon="104.019662187347"><ele>482</ele><time>2025-08-13T13:12:58.000Z</time></trkpt>
<trkpt lat="30.66234278359806" lon="104.0196524995098"><ele>482</ele><time>2025-08-13T13:13:00.000Z</time></trkpt>
<trkpt lat="30.66248830382275" lon="104.0196500950746"><ele>482</ele><time>2025-08-13T13:13:02.000Z</time></trkpt>
<trkpt lat="30.66263446566779" lon="104.0196370761182"><ele>482</ele><time>2025-08-13T13:13:04.000Z</time></trkpt>
<trkpt lat="30.66277645863392" lon="104.0196335960139"><ele>482</ele><time>2025-08-13T13:13:06.000Z</time></trkpt>
<trkpt lat="30.66291772930734" lon="104.0196396744674"><ele>482</ele><time>2025-08-13T13:13:08.000Z</time></trkpt>
<trkpt lat="30.66305859311893" lon="104.0196380105933"><ele>482</ele><time>2025-08-13T13:13:10.000Z</time></trkpt>
<trkpt lat="30.66319775642646" lon="104.0196201089778"><ele>482</ele><time>2025-08-13T13:13:12.000Z</time></trkpt>
<trkpt lat="30.66332675493597" lon="104.0195742322301"><ele>482</ele><time>2025-08-13T13:13:14.000Z</time></trkpt>
<trkpt lat="30.66345873657252" lon="104.0195478813204"><ele>482</ele><time>2025-08-13T13:13:16.000Z</time></trkpt>
<trkpt lat="30.66359495442542" lon="104.0195571936103"><ele>482</ele><time>2025-08-13T13:13:18.000Z</time></trkpt>
<trkpt lat="30.66373325843417" lon="104.0195659304739"><ele>482</ele><time>2025-08-13T13:13:20.000Z</time></trkpt>
<trkpt lat="30.66387200957851" lon="104.019576660313"><ele>482</ele><time>2025-08-13T13:13:22.000Z</time></trkpt>
<trkpt lat="30.66400912307449" lon="104.0195829048877"><ele>482</ele><time>2025-08-13T13:13:24.000Z</time></trkpt>
<trkpt lat="30.66414311877745" lon="104.0195849893827"><ele>482</ele><time>2025-08-13T13:13:26.000Z</time></trkpt>
<trkpt lat="30.66427623631427" lon="104.0195777475775"><ele>482</ele><time>2025-08-13T13:13:28.000Z</time></trkpt>
<trkpt lat="30.6643998243782" lon="104.0195707530421"><ele>482</ele><time>2025-08-13T13:13:30.000Z</time></trkpt>
<trkpt lat="30.66450051716165" lon="104.0195568359699"><ele>482</ele><time>2025-08-13T13:13:32.000Z</time></trkpt>
<trkpt lat="30.66459789247502" lon="104.0195450007365"><ele>482</ele><time>2025-08-13T13:13:34.000Z</time></trkpt>
<trkpt lat="30.66469344170649" lon="104.0195371620405"><ele>482</ele><time>2025-08-13T13:13:36.000Z</time></trkpt>
<trkpt lat="30.66479504304921" lon="104.0195385240745"><ele>482</ele><time>2025-08-13T13:14:20.000Z</time></trkpt>
<trkpt lat="30.66489694865771" lon="104.0194822076215"><ele>482</ele><time>2025-08-13T13:14:24.000Z</time></trkpt>
<trkpt lat="30.66499472168092" lon="104.0194591719094"><ele>482</ele><time>2025-08-13T13:14:27.000Z</time></trkpt>
<trkpt lat="30.66512899719888" lon="104.019463930112"><ele>482</ele><time>2025-08-13T13:14:30.000Z</time></trkpt>
<trkpt lat="30.66522728394399" lon="104.0194596827916"><ele>481</ele><time>2025-08-13T13:14:32.000Z</time></trkpt>
<trkpt lat="30.6653244356244" lon="104.0194578559402"><ele>481</ele><time>2025-08-13T13:14:34.000Z</time></trkpt>
<trkpt lat="30.6654359506427" lon="104.0194507114133"><ele>481</ele><time>2025-08-13T13:14:36.000Z</time></trkpt>
<trkpt lat="30.66556309705135" lon="104.0194577415882"><ele>481</ele><time>2025-08-13T13:14:38.000Z</time></trkpt>
<trkpt lat="30.66569127008584" lon="104.0194597551337"><ele>481</ele><time>2025-08-13T13:14:40.000Z</time></trkpt>
<trkpt lat="30.66582308019798" lon="104.0194683040024"><ele>481</ele><time>2025-08-13T13:14:42.000Z</time></trkpt>
<trkpt lat="30.66595363738803" lon="104.0194792384612"><ele>481</ele><time>2025-08-13T13:14:44.000Z</time></trkpt>
<trkpt lat="30.66608600114865" lon="104.0194792576701"><ele>481</ele><time>2025-08-13T13:14:46.000Z</time></trkpt>
<trkpt lat="30.66621868090215" lon="104.0194726152637"><ele>481</ele><time>2025-08-13T13:14:48.000Z</time></trkpt>
<trkpt lat="30.66634987922713" lon="104.0194625229112"><ele>481</ele><time>2025-08-13T13:14:50.000Z</time></trkpt>
<trkpt lat="30.66647966002167" lon="104.0194584049056"><ele>481</ele><time>2025-08-13T13:14:52.000Z</time></trkpt>
<trkpt lat="30.66661206267579" lon="104.0194618888714"><ele>481</ele><time>2025-08-13T13:14:54.000Z</time></trkpt>
<trkpt lat="30.6667423915516" lon="104.0194645143262"><ele>482</ele><time>2025-08-13T13:14:56.000Z</time></trkpt>
<trkpt lat="30.66687516660734" lon="104.0194612872049"><ele>482</ele><time>2025-08-13T13:14:58.000Z</time></trkpt>
<trkpt lat="30.66700394928241" lon="104.0194488301832"><ele>481</ele><time>2025-08-13T13:15:00.000Z</time></trkpt>
<trkpt lat="30.66710934396559" lon="104.0194029280707"><ele>481</ele><time>2025-08-13T13:15:02.000Z</time></trkpt>
<trkpt lat="30.66722539595952" lon="104.0193855000001"><ele>480</ele><time>2025-08-13T13:15:04.000Z</time></trkpt>
<trkpt lat="30.66735329563892" lon="104.0193990172794"><ele>480</ele><time>2025-08-13T13:15:06.000Z</time></trkpt>
<trkpt lat="30.66748434084067" lon="104.0193997234376"><ele>480</ele><time>2025-08-13T13:15:08.000Z</time></trkpt>
<trkpt lat="30.66761581135769" lon="104.0194036716622"><ele>479</ele><time>2025-08-13T13:15:10.000Z</time></trkpt>
<trkpt lat="30.66774817558165" lon="104.0194043903297"><ele>480</ele><time>2025-08-13T13:15:12.000Z</time></trkpt>
<trkpt lat="30.66788407980723" lon="104.0194020467398"><ele>479</ele><time>2025-08-13T13:15:14.000Z</time></trkpt>
<trkpt lat="30.66801564719925" lon="104.0194021334485"><ele>479</ele><time>2025-08-13T13:15:16.000Z</time></trkpt>
<trkpt lat="30.66814558958091" lon="104.0193992933313"><ele>479</ele><time>2025-08-13T13:15:18.000Z</time></trkpt>
<trkpt lat="30.6682743899972" lon="104.0194011316639"><ele>479</ele><time>2025-08-13T13:15:20.000Z</time></trkpt>
<trkpt lat="30.66840390166016" lon="104.0194075342734"><ele>479</ele><time>2025-08-13T13:15:22.000Z</time></trkpt>
<trkpt lat="30.66853127238172" lon="104.0194072908203"><ele>479</ele><time>2025-08-13T13:15:24.000Z</time></trkpt>
<trkpt lat="30.66866210327705" lon="104.0194103498936"><ele>480</ele><time>2025-08-13T13:15:26.000Z</time></trkpt>
<trkpt lat="30.66879288764249" lon="104.0194115390809"><ele>479</ele><time>2025-08-13T13:15:28.000Z</time></trkpt>
<trkpt lat="30.66892459264128" lon="104.0194108147035"><ele>479</ele><time>2025-08-13T13:15:30.000Z</time></trkpt>
<trkpt lat="30.6690562278613" lon="104.0194131318382"><ele>479</ele><time>2025-08-13T13:15:32.000Z</time></trkpt>
<trkpt lat="30.66918508888815" lon="104.0194110829205"><ele>478</ele><time>2025-08-13T13:15:34.000Z</time></trkpt>
<trkpt lat="30.66931585559369" lon="104.0194040343133"><ele>479</ele><time>2025-08-13T13:15:36.000Z</time></trkpt>
<trkpt lat="30.66944366799077" lon="104.0193961810998"><ele>478</ele><time>2025-08-13T13:15:38.000Z</time></trkpt>
<trkpt lat="30.66957032573989" lon="104.0193917074694"><ele>478</ele><time>2025-08-13T13:15:40.000Z</time></trkpt>
<trkpt lat="30.66969762422593" lon="104.0193881099749"><ele>478</ele><time>2025-08-13T13:15:42.000Z</time></trkpt>
<trkpt lat="30.66981754783518" lon="104.0193896717089"><ele>478</ele><time>2025-08-13T13:15:44.000Z</time></trkpt>
<trkpt lat="30.66993941839641" lon="104.0194014451588"><ele>478</ele><time>2025-08-13T13:15:46.000Z</time></trkpt>
<trkpt lat="30.67005342851588" lon="104.0194264599797"><ele>477</ele><time>2025-08-13T13:15:48.000Z</time></trkpt>
<trkpt lat="30.67017266915344" lon="104.0194293369329"><ele>477</ele><time>2025-08-13T13:15:50.000Z</time></trkpt>
<trkpt lat="30.67029179736391" lon="104.0194211228198"><ele>477</ele><time>2025-08-13T13:15:52.000Z</time></trkpt>
<trkpt lat="30.67039861076596" lon="104.0194165385429"><ele>477</ele><time>2025-08-13T13:15:54.000Z</time></trkpt>
<trkpt lat="30.67050774121409" lon="104.0193334979298"><ele>478</ele><time>2025-08-13T13:15:56.000Z</time></trkpt>
<trkpt lat="30.67059777611551" lon="104.0193973159834"><ele>478</ele><time>2025-08-13T13:15:58.000Z</time></trkpt>
<trkpt lat="30.67070107684" lon="104.0193698095456"><ele>478</ele><time>2025-08-13T13:16:02.000Z</time></trkpt>
<trkpt lat="30.67080286362922" lon="104.0193793973027"><ele>478</ele><time>2025-08-13T13:16:05.000Z</time></trkpt>
<trkpt lat="30.67093729773152" lon="104.0193824230521"><ele>477</ele><time>2025-08-13T13:16:08.000Z</time></trkpt>
<trkpt lat="30.6710379910424" lon="104.0193861389552"><ele>478</ele><time>2025-08-13T13:16:10.000Z</time></trkpt>
<trkpt lat="30.67114718916896" lon="104.0193838273578"><ele>478</ele><time>2025-08-13T13:16:12.000Z</time></trkpt>
<trkpt lat="30.67126249955042" lon="104.019386463543"><ele>478</ele><time>2025-08-13T13:16:14.000Z</time></trkpt>
<trkpt lat="30.67138222713621" lon="104.0193782680409"><ele>477</ele><time>2025-08-13T13:16:16.000Z</time></trkpt>
<trkpt lat="30.67150725348572" lon="104.0193712723536"><ele>477</ele><time>2025-08-13T13:16:18.000Z</time></trkpt>
<trkpt lat="30.67163898484037" lon="104.0193648958283"><ele>476</ele><time>2025-08-13T13:16:20.000Z</time></trkpt>
<trkpt lat="30.67176638397767" lon="104.0193515161237"><ele>476</ele><time>2025-08-13T13:16:22.000Z</time></trkpt>
<trkpt lat="30.67190193555736" lon="104.0193466573167"><ele>476</ele><time>2025-08-13T13:16:24.000Z</time></trkpt>
<trkpt lat="30.67202910491444" lon="104.0193453292017"><ele>476</ele><time>2025-08-13T13:16:26.000Z</time></trkpt>
<trkpt lat="30.67214748297233" lon="104.0193431954185"><ele>476</ele><time>2025-08-13T13:16:28.000Z</time></trkpt>
<trkpt lat="30.67225475050832" lon="104.0193553238768"><ele>476</ele><time>2025-08-13T13:16:30.000Z</time></trkpt>
<trkpt lat="30.67235458694653" lon="104.0193920632746"><ele>477</ele><time>2025-08-13T13:16:32.000Z</time></trkpt>
<trkpt lat="30.67245303463985" lon="104.0193828928328"><ele>477</ele><time>2025-08-13T13:16:36.000Z</time></trkpt>
<trkpt lat="30.6725736291238" lon="104.0193834855828"><ele>477</ele><time>2025-08-13T13:18:22.000Z</time></trkpt>
<trkpt lat="30.67269803867605" lon="104.0193682904972"><ele>477</ele><time>2025-08-13T13:18:25.000Z</time></trkpt>
<trkpt lat="30.67282055981071" lon="104.0193435615757"><ele>477</ele><time>2025-08-13T13:18:27.000Z</time></trkpt>
<trkpt lat="30.67295556676435" lon="104.01929877348"><ele>477</ele><time>2025-08-13T13:18:29.000Z</time></trkpt>
<trkpt lat="30.67310007914355" lon="104.0192743614993"><ele>478</ele><time>2025-08-13T13:18:31.000Z</time></trkpt>
<trkpt lat="30.67325228923198" lon="104.0192678720635"><ele>478</ele><time>2025-08-13T13:18:33.000Z</time></trkpt>
<trkpt lat="30.67340568785691" lon="104.0192622479959"><ele>479</ele><time>2025-08-13T13:18:35.000Z</time></trkpt>
<trkpt lat="30.67355857124896" lon="104.0192665411307"><ele>479</ele><time>2025-08-13T13:18:37.000Z</time></trkpt>
<trkpt lat="30.6737121383341" lon="104.0192793537757"><ele>479</ele><time>2025-08-13T13:18:39.000Z</time></trkpt>
<trkpt lat="30.67387018661424" lon="104.0192773857528"><ele>480</ele><time>2025-08-13T13:18:41.000Z</time></trkpt>
<trkpt lat="30.67402523141596" lon="104.0192943594857"><ele>480</ele><time>2025-08-13T13:18:43.000Z</time></trkpt>
<trkpt lat="30.6741766075071" lon="104.0193002218541"><ele>480</ele><time>2025-08-13T13:18:45.000Z</time></trkpt>
<trkpt lat="30.67433080448803" lon="104.0192933175033"><ele>480</ele><time>2025-08-13T13:18:47.000Z</time></trkpt>
<trkpt lat="30.67448688550317" lon="104.0193005401298"><ele>480</ele><time>2025-08-13T13:18:49.000Z</time></trkpt>
<trkpt lat="30.6746359487604" lon="104.019298142452"><ele>480</ele><time>2025-08-13T13:18:51.000Z</time></trkpt>
<trkpt lat="30.67478876018025" lon="104.0192994331615"><ele>480</ele><time>2025-08-13T13:18:53.000Z</time></trkpt>
<trkpt lat="30.67493872646502" lon="104.0193048370436"><ele>480</ele><time>2025-08-13T13:18:55.000Z</time></trkpt>
<trkpt lat="30.67507282338001" lon="104.019313516762"><ele>480</ele><time>2025-08-13T13:18:57.000Z</time></trkpt>
<trkpt lat="30.67520585772188" lon="104.0193324225867"><ele>480</ele><time>2025-08-13T13:18:59.000Z</time></trkpt>
<trkpt lat="30.67533984202353" lon="104.0193027988594"><ele>481</ele><time>2025-08-13T13:19:01.000Z</time></trkpt>
<trkpt lat="30.67545295645863" lon="104.0193315820596"><ele>481</ele><time>2025-08-13T13:19:03.000Z</time></trkpt>
<trkpt lat="30.67556296886487" lon="104.0193595507256"><ele>481</ele><time>2025-08-13T13:19:05.000Z</time></trkpt>
<trkpt lat="30.67566683106352" lon="104.019385952821"><ele>482</ele><time>2025-08-13T13:19:07.000Z</time></trkpt>
<trkpt lat="30.67576950442259" lon="104.0194135599906"><ele>482</ele><time>2025-08-13T13:19:09.000Z</time></trkpt>
<trkpt lat="30.6758621568962" lon="104.0194418804377"><ele>482</ele><time>2025-08-13T13:19:11.000Z</time></trkpt>
<trkpt lat="30.67595298849882" lon="104.0194696280747"><ele>482</ele><time>2025-08-13T13:19:13.000Z</time></trkpt>
<trkpt lat="30.67603999461436" lon="104.0195030397033"><ele>481</ele><time>2025-08-13T13:19:15.000Z</time></trkpt>
<trkpt lat="30.67616116513705" lon="104.0195466337655"><ele>481</ele><time>2025-08-13T13:19:18.000Z</time></trkpt>
<trkpt lat="30.67626604358101" lon="104.0195913376027"><ele>481</ele><time>2025-08-13T13:19:21.000Z</time></trkpt>
<trkpt lat="30.67626938722481" lon="104.0196952610957"><ele>481</ele><time>2025-08-13T13:19:57.000Z</time></trkpt>
<trkpt lat="30.67635637578006" lon="104.0197795368761"><ele>482</ele><time>2025-08-13T13:20:41.000Z</time></trkpt>
<trkpt lat="30.67647978623006" lon="104.0197998415783"><ele>481</ele><time>2025-08-13T13:20:44.000Z</time></trkpt>
<trkpt lat="30.67656791009432" lon="104.019822923884"><ele>482</ele><time>2025-08-13T13:20:46.000Z</time></trkpt>
<trkpt lat="30.67665105192077" lon="104.0198634164988"><ele>482</ele><time>2025-08-13T13:20:48.000Z</time></trkpt>
<trkpt lat="30.67673827905858" lon="104.0199066660916"><ele>481</ele><time>2025-08-13T13:20:50.000Z</time></trkpt>
<trkpt lat="30.67683927345406" lon="104.0199473561046"><ele>481</ele><time>2025-08-13T13:20:52.000Z</time></trkpt>
<trkpt lat="30.67694348402287" lon="104.0200004812706"><ele>481</ele><time>2025-08-13T13:20:54.000Z</time></trkpt>
<trkpt lat="30.67705321527041" lon="104.0200704041355"><ele>482</ele><time>2025-08-13T13:20:56.000Z</time></trkpt>
<trkpt lat="30.67716496898445" lon="104.0201461495295"><ele>482</ele><time>2025-08-13T13:20:58.000Z</time></trkpt>
<trkpt lat="30.67728157728417" lon="104.0202472791238"><ele>482</ele><time>2025-08-13T13:21:00.000Z</time></trkpt>
<trkpt lat="30.67740478763106" lon="104.020336787604"><ele>482</ele><time>2025-08-13T13:21:02.000Z</time></trkpt>
<trkpt lat="30.67752530915493" lon="104.0204401698274"><ele>482</ele><time>2025-08-13T13:21:04.000Z</time></trkpt>
<trkpt lat="30.67764979439071" lon="104.0205488475271"><ele>482</ele><time>2025-08-13T13:21:06.000Z</time></trkpt>
<trkpt lat="30.67776671520887" lon="104.0206665324484"><ele>482</ele><time>2025-08-13T13:21:08.000Z</time></trkpt>
<trkpt lat="30.67787381947985" lon="104.020793499406"><ele>482</ele><time>2025-08-13T13:21:10.000Z</time></trkpt>
<trkpt lat="30.67797492271754" lon="104.0209311444111"><ele>482</ele><time>2025-08-13T13:21:12.000Z</time></trkpt>
<trkpt lat="30.67809494282777" lon="104.021044304713"><ele>483</ele><time>2025-08-13T13:21:14.000Z</time></trkpt>
<trkpt lat="30.67820502720739" lon="104.0211685200265"><ele>482</ele><time>2025-08-13T13:21:16.000Z</time></trkpt>
<trkpt lat="30.67832935954291" lon="104.0212749204972"><ele>482</ele><time>2025-08-13T13:21:18.000Z</time></trkpt>
<trkpt lat="30.67844619096489" lon="104.0213835048972"><ele>482</ele><time>2025-08-13T13:21:20.000Z</time></trkpt>
<trkpt lat="30.67856064494054" lon="104.0214968352927"><ele>482</ele><time>2025-08-13T13:21:22.000Z</time></trkpt>
<trkpt lat="30.67866550558319" lon="104.0216355397579"><ele>482</ele><time>2025-08-13T13:21:24.000Z</time></trkpt>
<trkpt lat="30.67877221890888" lon="104.0217707191126"><ele>483</ele><time>2025-08-13T13:21:26.000Z</time></trkpt>
<trkpt lat="30.67887497831619" lon="104.0219130054494"><ele>483</ele><time>2025-08-13T13:21:28.000Z</time></trkpt>
<trkpt lat="30.67896652990535" lon="104.0220683577587"><ele>483</ele><time>2025-08-13T13:21:30.000Z</time></trkpt>
<trkpt lat="30.67906451129888" lon="104.0222174373535"><ele>483</ele><time>2025-08-13T13:21:32.000Z</time></trkpt>
<trkpt lat="30.67917694130985" lon="104.0223486719185"><ele>483</ele><time>2025-08-13T13:21:34.000Z</time></trkpt>
<trkpt lat="30.67928617427609" lon="104.0224823247094"><ele>483</ele><time>2025-08-13T13:21:36.000Z</time></trkpt>
<trkpt lat="30.67940364413408" lon="104.0226068786569"><ele>483</ele><time>2025-08-13T13:21:38.000Z</time></trkpt>
<trkpt lat="30.67951179812491" lon="104.0227426964472"><ele>482</ele><time>2025-08-13T13:21:40.000Z</time></trkpt>
<trkpt lat="30.67961896889736" lon="104.0228815625808"><ele>482</ele><time>2025-08-13T13:21:42.000Z</time></trkpt>
<trkpt lat="30.67973632833891" lon="104.0230115464848"><ele>482</ele><time>2025-08-13T13:21:44.000Z</time></trkpt>
<trkpt lat="30.67984774808871" lon="104.0231407331354"><ele>482</ele><time>2025-08-13T13:21:46.000Z</time></trkpt>
<trkpt lat="30.67993110543019" lon="104.0232360830387"><ele>481</ele><time>2025-08-13T13:21:48.000Z</time></trkpt>
<trkpt lat="30.68002857302344" lon="104.0233431736333"><ele>481</ele><time>2025-08-13T13:21:51.000Z</time></trkpt>
<trkpt lat="30.68011659031114" lon="104.023440881587"><ele>482</ele><time>2025-08-13T13:21:53.000Z</time></trkpt>
<trkpt lat="30.68021056301413" lon="104.0235522743487"><ele>482</ele><time>2025-08-13T13:21:55.000Z</time></trkpt>
<trkpt lat="30.68029873780148" lon="104.0236965111872"><ele>482</ele><time>2025-08-13T13:21:57.000Z</time></trkpt>
<trkpt lat="30.68043809698435" lon="104.0237801685928"><ele>481</ele><time>2025-08-13T13:21:59.000Z</time></trkpt>
<trkpt lat="30.68054350593843" lon="104.023903902688"><ele>482</ele><time>2025-08-13T13:22:01.000Z</time></trkpt>
<trkpt lat="30.68064930308126" lon="104.0240280928762"><ele>482</ele><time>2025-08-13T13:22:03.000Z</time></trkpt>
<trkpt lat="30.68072870298434" lon="104.0241803818663"><ele>481</ele><time>2025-08-13T13:22:05.000Z</time></trkpt>
<trkpt lat="30.68085350512275" lon="104.0242805244268"><ele>481</ele><time>2025-08-13T13:22:07.000Z</time></trkpt>
<trkpt lat="30.6809619098791" lon="104.0243945541751"><ele>480</ele><time>2025-08-13T13:22:09.000Z</time></trkpt>
<trkpt lat="30.68107011729093" lon="104.0245098316455"><ele>481</ele><time>2025-08-13T13:22:11.000Z</time></trkpt>
<trkpt lat="30.68117735976439" lon="104.02462562841"><ele>481</ele><time>2025-08-13T13:22:13.000Z</time></trkpt>
<trkpt lat="30.68127907854853" lon="104.0247481420456"><ele>482</ele><time>2025-08-13T13:22:15.000Z</time></trkpt>
<trkpt lat="30.68138097100632" lon="104.0248715681341"><ele>482</ele><time>2025-08-13T13:22:17.000Z</time></trkpt>
<trkpt lat="30.68147483511565" lon="104.024982269985"><ele>482</ele><time>2025-08-13T13:22:19.000Z</time></trkpt>
<trkpt lat="30.68154210144484" lon="104.0250523372349"><ele>482</ele><time>2025-08-13T13:22:21.000Z</time></trkpt>
<trkpt lat="30.68162022768779" lon="104.0251463348579"><ele>482</ele><time>2025-08-13T13:22:23.000Z</time></trkpt>
<trkpt lat="30.68170565695301" lon="104.0252402032903"><ele>481</ele><time>2025-08-13T13:22:25.000Z</time></trkpt>
<trkpt lat="30.68183561146906" lon="104.0252959603449"><ele>482</ele><time>2025-08-13T13:22:27.000Z</time></trkpt>
<trkpt lat="30.68193403831915" lon="104.0254019400537"><ele>482</ele><time>2025-08-13T13:22:29.000Z</time></trkpt>
<trkpt lat="30.68203453402645" lon="104.0255101470906"><ele>482</ele><time>2025-08-13T13:22:31.000Z</time></trkpt>
<trkpt lat="30.68213801882007" lon="104.0256215701381"><ele>483</ele><time>2025-08-13T13:22:33.000Z</time></trkpt>
<trkpt lat="30.68222332873335" lon="104.0257665347334"><ele>483</ele><time>2025-08-13T13:22:35.000Z</time></trkpt>
<trkpt lat="30.68230821422505" lon="104.0259018707968"><ele>483</ele><time>2025-08-13T13:22:37.000Z</time></trkpt>
<trkpt lat="30.68242369733512" lon="104.0260121404106"><ele>482</ele><time>2025-08-13T13:22:39.000Z</time></trkpt>
<trkpt lat="30.68252660836087" lon="104.0261321080021"><ele>482</ele><time>2025-08-13T13:22:41.000Z</time></trkpt>
<trkpt lat="30.68263614427023" lon="104.026245058929"><ele>482</ele><time>2025-08-13T13:22:43.000Z</time></trkpt>
<trkpt lat="30.68274037678119" lon="104.0263629032553"><ele>482</ele><time>2025-08-13T13:22:45.000Z</time></trkpt>
<trkpt lat="30.68284539275819" lon="104.0264845302304"><ele>482</ele><time>2025-08-13T13:22:47.000Z</time></trkpt>
<trkpt lat="30.68295193510407" lon="104.0266067768002"><ele>481</ele><time>2025-08-13T13:22:49.000Z</time></trkpt>
<trkpt lat="30.68305289100824" lon="104.0267302276316"><ele>480</ele><time>2025-08-13T13:22:51.000Z</time></trkpt>
<trkpt lat="30.68315302005069" lon="104.0268538324045"><ele>480</ele><time>2025-08-13T13:22:53.000Z</time></trkpt>
<trkpt lat="30.68325426245855" lon="104.0269731647179"><ele>480</ele><time>2025-08-13T13:22:55.000Z</time></trkpt>
<trkpt lat="30.68335504039842" lon="104.0270948397606"><ele>480</ele><time>2025-08-13T13:22:57.000Z</time></trkpt>
<trkpt lat="30.68345919628383" lon="104.0272145590435"><ele>480</ele><time>2025-08-13T13:22:59.000Z</time></trkpt>
<trkpt lat="30.68356448746668" lon="104.0273301815385"><ele>480</ele><time>2025-08-13T13:23:01.000Z</time></trkpt>
<trkpt lat="30.68366783253" lon="104.0274584928036"><ele>480</ele><time>2025-08-13T13:23:03.000Z</time></trkpt>
<trkpt lat="30.68376940407611" lon="104.0275765356434"><ele>480</ele><time>2025-08-13T13:23:05.000Z</time></trkpt>
<trkpt lat="30.68386620433489" lon="104.0276907486121"><ele>480</ele><time>2025-08-13T13:23:07.000Z</time></trkpt>
<trkpt lat="30.68396199241834" lon="104.0277950150578"><ele>481</ele><time>2025-08-13T13:23:09.000Z</time></trkpt>
<trkpt lat="30.68406050426237" lon="104.0278865837311"><ele>481</ele><time>2025-08-13T13:23:11.000Z</time></trkpt>
<trkpt lat="30.68413960951798" lon="104.0279758004139"><ele>481</ele><time>2025-08-13T13:23:14.000Z</time></trkpt>
<trkpt lat="30.68421505542288" lon="104.0280594838674"><ele>481</ele><time>2025-08-13T13:23:17.000Z</time></trkpt>
<trkpt lat="30.68428702397277" lon="104.0281420362649"><ele>481</ele><time>2025-08-13T13:23:24.000Z</time></trkpt>
<trkpt lat="30.68435087603421" lon="104.0282217837436"><ele>481</ele><time>2025-08-13T13:24:23.000Z</time></trkpt>
<trkpt lat="30.68442009349094" lon="104.0283104847422"><ele>481</ele><time>2025-08-13T13:24:27.000Z</time></trkpt>
<trkpt lat="30.68450188319114" lon="104.0283947703205"><ele>481</ele><time>2025-08-13T13:24:30.000Z</time></trkpt>
<trkpt lat="30.68459682853524" lon="104.0284820458257"><ele>480</ele><time>2025-08-13T13:24:33.000Z</time></trkpt>
<trkpt lat="30.68465568655155" lon="104.0285821353898"><ele>480</ele><time>2025-08-13T13:24:35.000Z</time></trkpt>
<trkpt lat="30.68473785548271" lon="104.0286831508602"><ele>480</ele><time>2025-08-13T13:24:37.000Z</time></trkpt>
<trkpt lat="30.68482348432048" lon="104.0287781578302"><ele>480</ele><time>2025-08-13T13:24:39.000Z</time></trkpt>
<trkpt lat="30.68491362637459" lon="104.0288815962251"><ele>480</ele><time>2025-08-13T13:24:41.000Z</time></trkpt>
<trkpt lat="30.68500958346609" lon="104.0289876618561"><ele>480</ele><time>2025-08-13T13:24:43.000Z</time></trkpt>
<trkpt lat="30.68510445961435" lon="104.0291010499319"><ele>480</ele><time>2025-08-13T13:24:45.000Z</time></trkpt>
<trkpt lat="30.68519750374682" lon="104.0292145899619"><ele>480</ele><time>2025-08-13T13:24:47.000Z</time></trkpt>
<trkpt lat="30.68529460302638" lon="104.0293319580338"><ele>479</ele><time>2025-08-13T13:24:49.000Z</time></trkpt>
<trkpt lat="30.68539632716713" lon="104.0294478912072"><ele>480</ele><time>2025-08-13T13:24:51.000Z</time></trkpt>
<trkpt lat="30.68550069047495" lon="104.0295632950507"><ele>479</ele><time>2025-08-13T13:24:53.000Z</time></trkpt>
<trkpt lat="30.6856043304321" lon="104.0296769060549"><ele>477</ele><time>2025-08-13T13:24:55.000Z</time></trkpt>
<trkpt lat="30.68571101758809" lon="104.0297833188352"><ele>478</ele><time>2025-08-13T13:24:57.000Z</time></trkpt>
<trkpt lat="30.68580532047213" lon="104.0299014362182"><ele>478</ele><time>2025-08-13T13:24:59.000Z</time></trkpt>
<trkpt lat="30.68590796709131" lon="104.0300229241509"><ele>478</ele><time>2025-08-13T13:25:01.000Z</time></trkpt>
<trkpt lat="30.68601525977521" lon="104.0301310813581"><ele>478</ele><time>2025-08-13T13:25:03.000Z</time></trkpt>
<trkpt lat="30.68612004031274" lon="104.030249262941"><ele>478</ele><time>2025-08-13T13:25:05.000Z</time></trkpt>
<trkpt lat="30.68622552422375" lon="104.030370784976"><ele>478</ele><time>2025-08-13T13:25:07.000Z</time></trkpt>
<trkpt lat="30.68632757522566" lon="104.0305066672272"><ele>478</ele><time>2025-08-13T13:25:09.000Z</time></trkpt>
<trkpt lat="30.68644423345835" lon="104.0306407071397"><ele>478</ele><time>2025-08-13T13:25:11.000Z</time></trkpt>
<trkpt lat="30.68655614781926" lon="104.0307792652176"><ele>478</ele><time>2025-08-13T13:25:13.000Z</time></trkpt>
<trkpt lat="30.68666743131278" lon="104.0309110777819"><ele>478</ele><time>2025-08-13T13:25:15.000Z</time></trkpt>
<trkpt lat="30.68676673211242" lon="104.031046854038"><ele>478</ele><time>2025-08-13T13:25:17.000Z</time></trkpt>
<trkpt lat="30.68685833673357" lon="104.0311847957263"><ele>478</ele><time>2025-08-13T13:25:19.000Z</time></trkpt>
<trkpt lat="30.68694711112829" lon="104.031293991661"><ele>478</ele><time>2025-08-13T13:25:21.000Z</time></trkpt>
<trkpt lat="30.68704633245373" lon="104.0313475200731"><ele>478</ele><time>2025-08-13T13:25:23.000Z</time></trkpt>
<trkpt lat="30.6870945841728" lon="104.0314597465911"><ele>478</ele><time>2025-08-13T13:25:26.000Z</time></trkpt>
<trkpt lat="30.68719143651099" lon="104.0315621190002"><ele>478</ele><time>2025-08-13T13:25:29.000Z</time></trkpt>
<trkpt lat="30.68727959117868" lon="104.0316419119717"><ele>478</ele><time>2025-08-13T13:25:31.000Z</time></trkpt>
<trkpt lat="30.68735035246404" lon="104.0317591423224"><ele>478</ele><time>2025-08-13T13:25:33.000Z</time></trkpt>
<trkpt lat="30.68742525571793" lon="104.0318770635082"><ele>477</ele><time>2025-08-13T13:25:35.000Z</time></trkpt>
<trkpt lat="30.68752024342972" lon="104.0319809139472"><ele>477</ele><time>2025-08-13T13:25:37.000Z</time></trkpt>
<trkpt lat="30.68761289760158" lon="104.032094395002"><ele>477</ele><time>2025-08-13T13:25:39.000Z</time></trkpt>
<trkpt lat="30.68771653577957" lon="104.0321880505149"><ele>478</ele><time>2025-08-13T13:25:41.000Z</time></trkpt>
<trkpt lat="30.68781270115666" lon="104.0322978995988"><ele>478</ele><time>2025-08-13T13:25:43.000Z</time></trkpt>
<trkpt lat="30.68790835605412" lon="104.0323994033346"><ele>479</ele><time>2025-08-13T13:25:45.000Z</time></trkpt>
<trkpt lat="30.68799804985922" lon="104.0325067522348"><ele>479</ele><time>2025-08-13T13:25:47.000Z</time></trkpt>
<trkpt lat="30.68808932413641" lon="104.0326081544767"><ele>479</ele><time>2025-08-13T13:25:49.000Z</time></trkpt>
<trkpt lat="30.68818685691341" lon="104.0327061519302"><ele>480</ele><time>2025-08-13T13:25:51.000Z</time></trkpt>
<trkpt lat="30.68827574902663" lon="104.03280332357"><ele>480</ele><time>2025-08-13T13:25:53.000Z</time></trkpt>
<trkpt lat="30.6883606138665" lon="104.0329080182896"><ele>480</ele><time>2025-08-13T13:25:55.000Z</time></trkpt>
<trkpt lat="30.68846528340984" lon="104.0329845933428"><ele>480</ele><time>2025-08-13T13:25:57.000Z</time></trkpt>
<trkpt lat="30.68855681664378" lon="104.0330910518551"><ele>480</ele><time>2025-08-13T13:25:59.000Z</time></trkpt>
<trkpt lat="30.68860783534694" lon="104.0332183507707"><ele>480</ele><time>2025-08-13T13:26:01.000Z</time></trkpt>
<trkpt lat="30.68870214420404" lon="104.033250740284"><ele>480</ele><time>2025-08-13T13:26:08.000Z</time></trkpt>
<trkpt lat="30.6887054490749" lon="104.0333763333182"><ele>480</ele><time>2025-08-13T13:26:11.000Z</time></trkpt>
<trkpt lat="30.688803887589" lon="104.0334614909868"><ele>480</ele><time>2025-08-13T13:26:14.000Z</time></trkpt>
<trkpt lat="30.68890826842223" lon="104.0335676175782"><ele>480</ele><time>2025-08-13T13:26:17.000Z</time></trkpt>
<trkpt lat="30.6889849723239" lon="104.033651747703"><ele>480</ele><time>2025-08-13T13:26:19.000Z</time></trkpt>
<trkpt lat="30.68905436982319" lon="104.0337461866945"><ele>480</ele><time>2025-08-13T13:26:21.000Z</time></trkpt>
<trkpt lat="30.68913513514587" lon="104.0338450801076"><ele>480</ele><time>2025-08-13T13:26:23.000Z</time></trkpt>
<trkpt lat="30.68922625584163" lon="104.0339398516636"><ele>480</ele><time>2025-08-13T13:26:25.000Z</time></trkpt>
<trkpt lat="30.68931104736697" lon="104.0340402561854"><ele>479</ele><time>2025-08-13T13:26:27.000Z</time></trkpt>
<trkpt lat="30.68938717994574" lon="104.0341531952245"><ele>479</ele><time>2025-08-13T13:26:29.000Z</time></trkpt>
<trkpt lat="30.68946402277537" lon="104.0342604360267"><ele>479</ele><time>2025-08-13T13:26:31.000Z</time></trkpt>
<trkpt lat="30.6895428846778" lon="104.0343529052309"><ele>478</ele><time>2025-08-13T13:26:33.000Z</time></trkpt>
<trkpt lat="30.68962423306663" lon="104.0344442377907"><ele>478</ele><time>2025-08-13T13:26:35.000Z</time></trkpt>
<trkpt lat="30.68970715104495" lon="104.0345450991829"><ele>478</ele><time>2025-08-13T13:26:37.000Z</time></trkpt>
<trkpt lat="30.68986127724603" lon="104.0345722853722"><ele>478</ele><time>2025-08-13T13:26:39.000Z</time></trkpt>
<trkpt lat="30.68993970758008" lon="104.0346781270266"><ele>478</ele><time>2025-08-13T13:26:41.000Z</time></trkpt>
<trkpt lat="30.69002087030938" lon="104.0347878623431"><ele>478</ele><time>2025-08-13T13:26:43.000Z</time></trkpt>
<trkpt lat="30.69009540098563" lon="104.0348886306904"><ele>478</ele><time>2025-08-13T13:26:45.000Z</time></trkpt>
<trkpt lat="30.69012163133972" lon="104.0350436139515"><ele>479</ele><time>2025-08-13T13:26:47.000Z</time></trkpt>
<trkpt lat="30.69020908274008" lon="104.0351446511669"><ele>479</ele><time>2025-08-13T13:26:49.000Z</time></trkpt>
<trkpt lat="30.69030147015179" lon="104.0352457691669"><ele>479</ele><time>2025-08-13T13:26:51.000Z</time></trkpt>
<trkpt lat="30.69038981624535" lon="104.0353530000929"><ele>479</ele><time>2025-08-13T13:26:53.000Z</time></trkpt>
<trkpt lat="30.69047371571298" lon="104.0354552996532"><ele>479</ele><time>2025-08-13T13:26:55.000Z</time></trkpt>
<trkpt lat="30.69056408140523" lon="104.0355200901314"><ele>479</ele><time>2025-08-13T13:26:57.000Z</time></trkpt>
<trkpt lat="30.69069118840019" lon="104.0355812070504"><ele>479</ele><time>2025-08-13T13:27:00.000Z</time></trkpt>
<trkpt lat="30.690800390158" lon="104.0356668358028"><ele>479</ele><time>2025-08-13T13:27:02.000Z</time></trkpt>
<trkpt lat="30.69088189006591" lon="104.0357713313794"><ele>479</ele><time>2025-08-13T13:27:04.000Z</time></trkpt>
<trkpt lat="30.69097349614893" lon="104.0358609089412"><ele>479</ele><time>2025-08-13T13:27:06.000Z</time></trkpt>
<trkpt lat="30.6910586681303" lon="104.0359563039199"><ele>479</ele><time>2025-08-13T13:27:08.000Z</time></trkpt>
<trkpt lat="30.69114429303225" lon="104.0360585017523"><ele>479</ele><time>2025-08-13T13:27:10.000Z</time></trkpt>
<trkpt lat="30.69122598084863" lon="104.0361627675675"><ele>479</ele><time>2025-08-13T13:27:12.000Z</time></trkpt>
<trkpt lat="30.69131535552354" lon="104.0362557050834"><ele>478</ele><time>2025-08-13T13:27:14.000Z</time></trkpt>
<trkpt lat="30.69140547182742" lon="104.0363473440802"><ele>478</ele><time>2025-08-13T13:27:16.000Z</time></trkpt>
<trkpt lat="30.69148108364972" lon="104.0364507716602"><ele>478</ele><time>2025-08-13T13:27:18.000Z</time></trkpt>
<trkpt lat="30.69155909071692" lon="104.0365439195295"><ele>478</ele><time>2025-08-13T13:27:20.000Z</time></trkpt>
<trkpt lat="30.69163634620057" lon="104.0366498521783"><ele>478</ele><time>2025-08-13T13:27:22.000Z</time></trkpt>
<trkpt lat="30.69170660876701" lon="104.036746138515"><ele>478</ele><time>2025-08-13T13:27:24.000Z</time></trkpt>
<trkpt lat="30.69179295845355" lon="104.0368382429102"><ele>478</ele><time>2025-08-13T13:27:26.000Z</time></trkpt>
<trkpt lat="30.69187857082513" lon="104.0369364108967"><ele>478</ele><time>2025-08-13T13:27:28.000Z</time></trkpt>
<trkpt lat="30.69196122821806" lon="104.0370315216527"><ele>478</ele><time>2025-08-13T13:27:30.000Z</time></trkpt>
<trkpt lat="30.69204601429122" lon="104.0371249832332"><ele>478</ele><time>2025-08-13T13:27:32.000Z</time></trkpt>
<trkpt lat="30.69210848640703" lon="104.0372261857198"><ele>478</ele><time>2025-08-13T13:27:34.000Z</time></trkpt>
<trkpt lat="30.69218563414272" lon="104.0373334221345"><ele>478</ele><time>2025-08-13T13:27:36.000Z</time></trkpt>
<trkpt lat="30.69227131035944" lon="104.0374163741343"><ele>478</ele><time>2025-08-13T13:27:38.000Z</time></trkpt>
<trkpt lat="30.69235907795354" lon="104.037501298776"><ele>478</ele><time>2025-08-13T13:27:40.000Z</time></trkpt>
<trkpt lat="30.69245010741129" lon="104.0375854990159"><ele>478</ele><time>2025-08-13T13:27:42.000Z</time></trkpt>
<trkpt lat="30.69253368833154" lon="104.0376653662237"><ele>478</ele><time>2025-08-13T13:27:44.000Z</time></trkpt>
<trkpt lat="30.69259268437852" lon="104.0377572867029"><ele>478</ele><time>2025-08-13T13:27:46.000Z</time></trkpt>
<trkpt lat="30.69267318691448" lon="104.0378453220212"><ele>478</ele><time>2025-08-13T13:27:49.000Z</time></trkpt>
<trkpt lat="30.69277408688526" lon="104.037944696545"><ele>479</ele><time>2025-08-13T13:27:52.000Z</time></trkpt>
<trkpt lat="30.6928403130038" lon="104.0380384386941"><ele>479</ele><time>2025-08-13T13:27:54.000Z</time></trkpt>
<trkpt lat="30.69291746602839" lon="104.0381331979632"><ele>479</ele><time>2025-08-13T13:27:56.000Z</time></trkpt>
<trkpt lat="30.69300194394304" lon="104.0382299667234"><ele>479</ele><time>2025-08-13T13:27:58.000Z</time></trkpt>
<trkpt lat="30.6930900203999" lon="104.0383287467683"><ele>479</ele><time>2025-08-13T13:28:00.000Z</time></trkpt>
<trkpt lat="30.69317569966957" lon="104.0384337974004"><ele>479</ele><time>2025-08-13T13:28:02.000Z</time></trkpt>
<trkpt lat="30.69327111683894" lon="104.038523293902"><ele>479</ele><time>2025-08-13T13:28:04.000Z</time></trkpt>
<trkpt lat="30.69334400047817" lon="104.0386381633488"><ele>479</ele><time>2025-08-13T13:28:06.000Z</time></trkpt>
<trkpt lat="30.69339885509467" lon="104.0387270857011"><ele>479</ele><time>2025-08-13T13:28:08.000Z</time></trkpt>
<trkpt lat="30.69347718974602" lon="104.0388085681862"><ele>479</ele><time>2025-08-13T13:28:11.000Z</time></trkpt>
<trkpt lat="30.69356505962486" lon="104.0388972161628"><ele>479</ele><time>2025-08-13T13:28:14.000Z</time></trkpt>
<trkpt lat="30.69365634112477" lon="104.0389893114402"><ele>479</ele><time>2025-08-13T13:28:18.000Z</time></trkpt>
<trkpt lat="30.69375401515407" lon="104.0390878608096"><ele>479</ele><time>2025-08-13T13:28:21.000Z</time></trkpt>
<trkpt lat="30.69382323417928" lon="104.0391577011294"><ele>479</ele><time>2025-08-13T13:28:23.000Z</time></trkpt>
<trkpt lat="30.69390193504806" lon="104.0392371065465"><ele>479</ele><time>2025-08-13T13:28:25.000Z</time></trkpt>
<trkpt lat="30.69397704761452" lon="104.0393128855208"><ele>479</ele><time>2025-08-13T13:28:27.000Z</time></trkpt>
<trkpt lat="30.6940561156901" lon="104.0393926618135"><ele>479</ele><time>2025-08-13T13:28:29.000Z</time></trkpt>
<trkpt lat="30.69414300437171" lon="104.0394828551918"><ele>480</ele><time>2025-08-13T13:28:31.000Z</time></trkpt>
<trkpt lat="30.6942259385816" lon="104.0395717802506"><ele>480</ele><time>2025-08-13T13:28:33.000Z</time></trkpt>
<trkpt lat="30.69431013936959" lon="104.0396691516369"><ele>480</ele><time>2025-08-13T13:28:35.000Z</time></trkpt>
<trkpt lat="30.6943941213472" lon="104.0397667874707"><ele>480</ele><time>2025-08-13T13:28:37.000Z</time></trkpt>
<trkpt lat="30.6944786181302" lon="104.0398693458067"><ele>480</ele><time>2025-08-13T13:28:39.000Z</time></trkpt>
<trkpt lat="30.69456247926549" lon="104.0399731013867"><ele>480</ele><time>2025-08-13T13:28:41.000Z</time></trkpt>
<trkpt lat="30.69464739488095" lon="104.0400833867445"><ele>480</ele><time>2025-08-13T13:28:43.000Z</time></trkpt>
<trkpt lat="30.69473601455428" lon="104.0402165486892"><ele>480</ele><time>2025-08-13T13:28:45.000Z</time></trkpt>
<trkpt lat="30.69481305042563" lon="104.0403414783802"><ele>480</ele><time>2025-08-13T13:28:47.000Z</time></trkpt>
<trkpt lat="30.69491553643649" lon="104.040446590455"><ele>480</ele><time>2025-08-13T13:28:49.000Z</time></trkpt>
<trkpt lat="30.69494981637598" lon="104.0406278066663"><ele>480</ele><time>2025-08-13T13:28:51.000Z</time></trkpt>
<trkpt lat="30.69493234178002" lon="104.0407437382947"><ele>480</ele><time>2025-08-13T13:28:52.000Z</time></trkpt>
<trkpt lat="30.69502462980757" lon="104.040872638153"><ele>480</ele><time>2025-08-13T13:28:54.000Z</time></trkpt>
<trkpt lat="30.69512749620185" lon="104.0409954132629"><ele>480</ele><time>2025-08-13T13:28:56.000Z</time></trkpt>
<trkpt lat="30.6952079552442" lon="104.0411437442912"><ele>480</ele><time>2025-08-13T13:28:58.000Z</time></trkpt>
<trkpt lat="30.69527884389793" lon="104.0412948156061"><ele>480</ele><time>2025-08-13T13:29:00.000Z</time></trkpt>
<trkpt lat="30.69535323437674" lon="104.041442576461"><ele>480</ele><time>2025-08-13T13:29:02.000Z</time></trkpt>
<trkpt lat="30.69541845120482" lon="104.0415964444777"><ele>480</ele><time>2025-08-13T13:29:04.000Z</time></trkpt>
<trkpt lat="30.69548286067153" lon="104.0417422505766"><ele>480</ele><time>2025-08-13T13:29:06.000Z</time></trkpt>
<trkpt lat="30.69555580187376" lon="104.0418885472101"><ele>480</ele><time>2025-08-13T13:29:08.000Z</time></trkpt>
<trkpt lat="30.69562505831138" lon="104.0420295200178"><ele>480</ele><time>2025-08-13T13:29:10.000Z</time></trkpt>
<trkpt lat="30.69568439734692" lon="104.0421858451769"><ele>480</ele><time>2025-08-13T13:29:12.000Z</time></trkpt>
<trkpt lat="30.69574160734595" lon="104.0423411687235"><ele>480</ele><time>2025-08-13T13:29:14.000Z</time></trkpt>
<trkpt lat="30.69580801216898" lon="104.0424907053212"><ele>480</ele><time>2025-08-13T13:29:16.000Z</time></trkpt>
<trkpt lat="30.69587048579356" lon="104.0426485936021"><ele>480</ele><time>2025-08-13T13:29:18.000Z</time></trkpt>
<trkpt lat="30.69593353549523" lon="104.0428056636037"><ele>480</ele><time>2025-08-13T13:29:20.000Z</time></trkpt>
<trkpt lat="30.69599352693893" lon="104.0429595300167"><ele>480</ele><time>2025-08-13T13:29:22.000Z</time></trkpt>
<trkpt lat="30.69604618337244" lon="104.0431143030217"><ele>480</ele><time>2025-08-13T13:29:24.000Z</time></trkpt>
<trkpt lat="30.69610066734873" lon="104.0432691783959"><ele>480</ele><time>2025-08-13T13:29:26.000Z</time></trkpt>
<trkpt lat="30.69614737349061" lon="104.0434221083768"><ele>480</ele><time>2025-08-13T13:29:28.000Z</time></trkpt>
<trkpt lat="30.69619075983507" lon="104.0435776479373"><ele>480</ele><time>2025-08-13T13:29:30.000Z</time></trkpt>
<trkpt lat="30.69623048102471" lon="104.0437324330291"><ele>480</ele><time>2025-08-13T13:29:32.000Z</time></trkpt>
<trkpt lat="30.69631907104839" lon="104.0438728250814"><ele>480</ele><time>2025-08-13T13:29:34.000Z</time></trkpt>
<trkpt lat="30.69635170292161" lon="104.0440313917729"><ele>480</ele><time>2025-08-13T13:29:36.000Z</time></trkpt>
<trkpt lat="30.69634366326278" lon="104.0441998898637"><ele>480</ele><time>2025-08-13T13:29:38.000Z</time></trkpt>
<trkpt lat="30.69637825981294" lon="104.0443609256126"><ele>480</ele><time>2025-08-13T13:29:40.000Z</time></trkpt>
<trkpt lat="30.69640113729436" lon="104.044526996428"><ele>480</ele><time>2025-08-13T13:29:42.000Z</time></trkpt>
<trkpt lat="30.69646589001176" lon="104.0446786914476"><ele>480</ele><time>2025-08-13T13:29:44.000Z</time></trkpt>
<trkpt lat="30.69648860597082" lon="104.0448371854022"><ele>480</ele><time>2025-08-13T13:29:46.000Z</time></trkpt>
<trkpt lat="30.69645769065052" lon="104.0450058010619"><ele>480</ele><time>2025-08-13T13:29:48.000Z</time></trkpt>
<trkpt lat="30.69647670518782" lon="104.0451646732838"><ele>480</ele><time>2025-08-13T13:29:50.000Z</time></trkpt>
<trkpt lat="30.69648769420074" lon="104.0453242727535"><ele>480</ele><time>2025-08-13T13:29:52.000Z</time></trkpt>
<trkpt lat="30.69649763220849" lon="104.0454833003939"><ele>480</ele><time>2025-08-13T13:29:54.000Z</time></trkpt>
<trkpt lat="30.69651301722853" lon="104.0456448322944"><ele>480</ele><time>2025-08-13T13:29:56.000Z</time></trkpt>
<trkpt lat="30.69651323744669" lon="104.0458053492319"><ele>480</ele><time>2025-08-13T13:29:58.000Z</time></trkpt>
<trkpt lat="30.69658723616695" lon="104.0458774482875"><ele>480</ele><time>2025-08-13T13:29:59.000Z</time></trkpt>
<trkpt lat="30.69651633475706" lon="104.0460434307698"><ele>480</ele><time>2025-08-13T13:30:01.000Z</time></trkpt>
<trkpt lat="30.6965227722291" lon="104.0461982119312"><ele>480</ele><time>2025-08-13T13:30:03.000Z</time></trkpt>
<trkpt lat="30.69660755218671" lon="104.0463430519871"><ele>480</ele><time>2025-08-13T13:30:05.000Z</time></trkpt>
<trkpt lat="30.69661455053766" lon="104.04649280292"><ele>480</ele><time>2025-08-13T13:30:07.000Z</time></trkpt>
<trkpt lat="30.69662151457193" lon="104.0466417697703"><ele>480</ele><time>2025-08-13T13:30:09.000Z</time></trkpt>
<trkpt lat="30.69662841564358" lon="104.0467894596316"><ele>480</ele><time>2025-08-13T13:30:11.000Z</time></trkpt>
<trkpt lat="30.69663556463965" lon="104.046942385628"><ele>480</ele><time>2025-08-13T13:30:13.000Z</time></trkpt>
<trkpt lat="30.69664233556547" lon="104.0470872081031"><ele>480</ele><time>2025-08-13T13:30:15.000Z</time></trkpt>
<trkpt lat="30.69664918970507" lon="104.0472338055213"><ele>480</ele><time>2025-08-13T13:30:17.000Z</time></trkpt>
<trkpt lat="30.69665590547342" lon="104.0473774959768"><ele>480</ele><time>2025-08-13T13:30:19.000Z</time></trkpt>
<trkpt lat="30.69666551275899" lon="104.0475243964668"><ele>480</ele><time>2025-08-13T13:30:21.000Z</time></trkpt>
<trkpt lat="30.69667504317582" lon="104.0476777296148"><ele>480</ele><time>2025-08-13T13:30:23.000Z</time></trkpt>
<trkpt lat="30.6966844092695" lon="104.0478281989689"><ele>480</ele><time>2025-08-13T13:30:25.000Z</time></trkpt>
<trkpt lat="30.69669387681525" lon="104.0479801857724"><ele>480</ele><time>2025-08-13T13:30:27.000Z</time></trkpt>
<trkpt lat="30.69670337431686" lon="104.0481326493488"><ele>480</ele><time>2025-08-13T13:30:29.000Z</time></trkpt>
<trkpt lat="30.6967129012947" lon="104.0482856196341"><ele>480</ele><time>2025-08-13T13:30:31.000Z</time></trkpt>
<trkpt lat="30.69672273348647" lon="104.0484434942601"><ele>480</ele><time>2025-08-13T13:30:33.000Z</time></trkpt>
<trkpt lat="30.69672974484552" lon="104.0486016000675"><ele>480</ele><time>2025-08-13T13:30:35.000Z</time></trkpt>
<trkpt lat="30.69673732656252" lon="104.0487609885213"><ele>480</ele><time>2025-08-13T13:30:37.000Z</time></trkpt>
<trkpt lat="30.6967448700804" lon="104.0489195845889"><ele>480</ele><time>2025-08-13T13:30:39.000Z</time></trkpt>
<trkpt lat="30.69675243675948" lon="104.049076750724"><ele>480</ele><time>2025-08-13T13:30:41.000Z</time></trkpt>
<trkpt lat="30.69676100337169" lon="104.0492354631602"><ele>480</ele><time>2025-08-13T13:30:43.000Z</time></trkpt>
<trkpt lat="30.69676972009957" lon="104.0493945161818"><ele>480</ele><time>2025-08-13T13:30:45.000Z</time></trkpt>
<trkpt lat="30.69677900849181" lon="104.0495639518779"><ele>480</ele><time>2025-08-13T13:30:47.000Z</time></trkpt>
<trkpt lat="30.69678842021641" lon="104.0497356388484"><ele>480</ele><time>2025-08-13T13:30:49.000Z</time></trkpt>
<trkpt lat="30.69679809483103" lon="104.0499120801667"><ele>480</ele><time>2025-08-13T13:30:51.000Z</time></trkpt>
<trkpt lat="30.69680539303802" lon="104.0500880326176"><ele>480</ele><time>2025-08-13T13:30:53.000Z</time></trkpt>
<trkpt lat="30.69681324961891" lon="104.0502624376811"><ele>480</ele><time>2025-08-13T13:30:55.000Z</time></trkpt>
<trkpt lat="30.69682123736127" lon="104.0504305377121"><ele>480</ele><time>2025-08-13T13:30:57.000Z</time></trkpt>
<trkpt lat="30.69683205701585" lon="104.0506018447443"><ele>480</ele><time>2025-08-13T13:30:59.000Z</time></trkpt>
<trkpt lat="30.69684475317568" lon="104.0507714820348"><ele>480</ele><time>2025-08-13T13:31:01.000Z</time></trkpt>
<trkpt lat="30.69685740455764" lon="104.0509410272857"><ele>479</ele><time>2025-08-13T13:31:03.000Z</time></trkpt>
<trkpt lat="30.69687053255998" lon="104.0511168669833"><ele>479</ele><time>2025-08-13T13:31:05.000Z</time></trkpt>
<trkpt lat="30.69688366294146" lon="104.0512927158863"><ele>479</ele><time>2025-08-13T13:31:07.000Z</time></trkpt>
<trkpt lat="30.69689450512234" lon="104.0514724165998"><ele>479</ele><time>2025-08-13T13:31:09.000Z</time></trkpt>
<trkpt lat="30.69690318974045" lon="104.05165542775"><ele>480</ele><time>2025-08-13T13:31:11.000Z</time></trkpt>
<trkpt lat="30.696911898687" lon="104.0518390487148"><ele>480</ele><time>2025-08-13T13:31:13.000Z</time></trkpt>
<trkpt lat="30.69692032864557" lon="104.052026200631"><ele>480</ele><time>2025-08-13T13:31:15.000Z</time></trkpt>
<trkpt lat="30.69692753855586" lon="104.0522036502306"><ele>480</ele><time>2025-08-13T13:31:17.000Z</time></trkpt>
<trkpt lat="30.6969344242392" lon="104.0523853125501"><ele>480</ele><time>2025-08-13T13:31:19.000Z</time></trkpt>
<trkpt lat="30.69694140858103" lon="104.0525716679496"><ele>480</ele><time>2025-08-13T13:31:21.000Z</time></trkpt>
<trkpt lat="30.69694831646801" lon="104.0527559717531"><ele>480</ele><time>2025-08-13T13:31:23.000Z</time></trkpt>
<trkpt lat="30.69695522743358" lon="104.052940325834"><ele>480</ele><time>2025-08-13T13:31:25.000Z</time></trkpt>
<trkpt lat="30.69696163175918" lon="104.0531245449958"><ele>480</ele><time>2025-08-13T13:31:27.000Z</time></trkpt>
<trkpt lat="30.69696237681515" lon="104.0533032670977"><ele>480</ele><time>2025-08-13T13:31:29.000Z</time></trkpt>
<trkpt lat="30.69696125376948" lon="104.0534831638745"><ele>480</ele><time>2025-08-13T13:31:31.000Z</time></trkpt>
<trkpt lat="30.69696009058902" lon="104.0536606783366"><ele>479</ele><time>2025-08-13T13:31:33.000Z</time></trkpt>
<trkpt lat="30.69695893504328" lon="104.0538374440589"><ele>480</ele><time>2025-08-13T13:31:35.000Z</time></trkpt>
<trkpt lat="30.69695780638397" lon="104.0540101577419"><ele>480</ele><time>2025-08-13T13:31:37.000Z</time></trkpt>
<trkpt lat="30.69695780386185" lon="104.0541781616736"><ele>480</ele><time>2025-08-13T13:31:39.000Z</time></trkpt>
<trkpt lat="30.69695818101221" lon="104.0543479775457"><ele>480</ele><time>2025-08-13T13:31:41.000Z</time></trkpt>
<trkpt lat="30.69695608030015" lon="104.0545110605172"><ele>480</ele><time>2025-08-13T13:31:43.000Z</time></trkpt>
<trkpt lat="30.69695463851647" lon="104.054621441778"><ele>480</ele><time>2025-08-13T13:31:45.000Z</time></trkpt>
<trkpt lat="30.69695297164052" lon="104.0547508468876"><ele>480</ele><time>2025-08-13T13:32:00.000Z</time></trkpt>
<trkpt lat="30.69695145138093" lon="104.0548668930909"><ele>480</ele><time>2025-08-13T13:32:03.000Z</time></trkpt>
<trkpt lat="30.69694954629841" lon="104.0550117449762"><ele>480</ele><time>2025-08-13T13:32:06.000Z</time></trkpt>
<trkpt lat="30.69689026118171" lon="104.0551084705593"><ele>480</ele><time>2025-08-13T13:32:08.000Z</time></trkpt>
<trkpt lat="30.69694104610507" lon="104.0552453509064"><ele>480</ele><time>2025-08-13T13:32:11.000Z</time></trkpt>
<trkpt lat="30.69694987334987" lon="104.055355752144"><ele>480</ele><time>2025-08-13T13:32:13.000Z</time></trkpt>
<trkpt lat="30.69692893229394" lon="104.0554751925728"><ele>480</ele><time>2025-08-13T13:32:15.000Z</time></trkpt>
<trkpt lat="30.69691674070034" lon="104.0556005058259"><ele>480</ele><time>2025-08-13T13:32:17.000Z</time></trkpt>
<trkpt lat="30.69690628883216" lon="104.0557353260147"><ele>480</ele><time>2025-08-13T13:32:19.000Z</time></trkpt>
<trkpt lat="30.69690383539562" lon="104.0558746702651"><ele>480</ele><time>2025-08-13T13:32:21.000Z</time></trkpt>
<trkpt lat="30.69690166992853" lon="104.0560219896948"><ele>480</ele><time>2025-08-13T13:32:23.000Z</time></trkpt>
<trkpt lat="30.69689812937901" lon="104.056171876327"><ele>480</ele><time>2025-08-13T13:32:25.000Z</time></trkpt>
<trkpt lat="30.6969002958825" lon="104.0563218196641"><ele>480</ele><time>2025-08-13T13:32:27.000Z</time></trkpt>
<trkpt lat="30.69689122315048" lon="104.0564759111712"><ele>480</ele><time>2025-08-13T13:32:29.000Z</time></trkpt>
<trkpt lat="30.69688989763526" lon="104.0566291763459"><ele>480</ele><time>2025-08-13T13:32:31.000Z</time></trkpt>
<trkpt lat="30.69688743422401" lon="104.0567896690198"><ele>480</ele><time>2025-08-13T13:32:33.000Z</time></trkpt>
<trkpt lat="30.69688275216865" lon="104.0569500063851"><ele>480</ele><time>2025-08-13T13:32:35.000Z</time></trkpt>
<trkpt lat="30.69688788959665" lon="104.0571147249011"><ele>480</ele><time>2025-08-13T13:32:37.000Z</time></trkpt>
<trkpt lat="30.69689158913763" lon="104.0572818136047"><ele>480</ele><time>2025-08-13T13:32:39.000Z</time></trkpt>
<trkpt lat="30.69689299923398" lon="104.0574560361322"><ele>480</ele><time>2025-08-13T13:32:41.000Z</time></trkpt>
<trkpt lat="30.69689403800128" lon="104.0576341977207"><ele>480</ele><time>2025-08-13T13:32:43.000Z</time></trkpt>
<trkpt lat="30.69689320824699" lon="104.0578080603676"><ele>480</ele><time>2025-08-13T13:32:45.000Z</time></trkpt>
<trkpt lat="30.69689012392193" lon="104.057987262835"><ele>480</ele><time>2025-08-13T13:32:47.000Z</time></trkpt>
<trkpt lat="30.69689176213768" lon="104.0581642085586"><ele>480</ele><time>2025-08-13T13:32:49.000Z</time></trkpt>
<trkpt lat="30.69689527445798" lon="104.0583424436372"><ele>480</ele><time>2025-08-13T13:32:51.000Z</time></trkpt>
<trkpt lat="30.6968775340575" lon="104.0585276835432"><ele>480</ele><time>2025-08-13T13:32:53.000Z</time></trkpt>
<trkpt lat="30.69684286206653" lon="104.0587090004942"><ele>480</ele><time>2025-08-13T13:32:55.000Z</time></trkpt>
<trkpt lat="30.69683193168735" lon="104.0588936251786"><ele>480</ele><time>2025-08-13T13:32:57.000Z</time></trkpt>
<trkpt lat="30.69679144283805" lon="104.0590649171972"><ele>480</ele><time>2025-08-13T13:32:59.000Z</time></trkpt>
<trkpt lat="30.69678600149668" lon="104.0592425643284"><ele>480</ele><time>2025-08-13T13:33:01.000Z</time></trkpt>
<trkpt lat="30.69679017548478" lon="104.059419033463"><ele>480</ele><time>2025-08-13T13:33:03.000Z</time></trkpt>
<trkpt lat="30.69679080062879" lon="104.0595937107006"><ele>480</ele><time>2025-08-13T13:33:05.000Z</time></trkpt>
<trkpt lat="30.69681057750866" lon="104.0597717401752"><ele>481</ele><time>2025-08-13T13:33:07.000Z</time></trkpt>
<trkpt lat="30.69682520732895" lon="104.0599329176541"><ele>480</ele><time>2025-08-13T13:33:09.000Z</time></trkpt>
<trkpt lat="30.69682466409027" lon="104.060082139753"><ele>480</ele><time>2025-08-13T13:33:11.000Z</time></trkpt>
<trkpt lat="30.69681801667294" lon="104.0602267729563"><ele>480</ele><time>2025-08-13T13:33:13.000Z</time></trkpt>
<trkpt lat="30.69681466574514" lon="104.0603514607991"><ele>480</ele><time>2025-08-13T13:33:15.000Z</time></trkpt>
<trkpt lat="30.6967920110126" lon="104.060453262213"><ele>480</ele><time>2025-08-13T13:33:25.000Z</time></trkpt>
<trkpt lat="30.6967814204399" lon="104.0605895412787"><ele>480</ele><time>2025-08-13T13:33:35.000Z</time></trkpt>
<trkpt lat="30.6968165400189" lon="104.0607106731783"><ele>481</ele><time>2025-08-13T13:33:38.000Z</time></trkpt>
<trkpt lat="30.69682125437012" lon="104.0608502594577"><ele>481</ele><time>2025-08-13T13:33:41.000Z</time></trkpt>
<trkpt lat="30.6968181912135" lon="104.0609608846807"><ele>481</ele><time>2025-08-13T13:33:43.000Z</time></trkpt>
<trkpt lat="30.69681032213008" lon="104.0610852264625"><ele>481</ele><time>2025-08-13T13:33:45.000Z</time></trkpt>
<trkpt lat="30.69682166330485" lon="104.0611969827865"><ele>481</ele><time>2025-08-13T13:33:47.000Z</time></trkpt>
<trkpt lat="30.69678938045161" lon="104.0613199151671"><ele>481</ele><time>2025-08-13T13:33:49.000Z</time></trkpt>
<trkpt lat="30.69681270667909" lon="104.061454401739"><ele>481</ele><time>2025-08-13T13:33:51.000Z</time></trkpt>
<trkpt lat="30.69683448351428" lon="104.0615886703689"><ele>482</ele><time>2025-08-13T13:33:53.000Z</time></trkpt>
<trkpt lat="30.69682863052429" lon="104.0617555074199"><ele>482</ele><time>2025-08-13T13:33:55.000Z</time></trkpt>
<trkpt lat="30.69681594326669" lon="104.06192923327"><ele>481</ele><time>2025-08-13T13:33:57.000Z</time></trkpt>
<trkpt lat="30.6968071340442" lon="104.062105748578"><ele>481</ele><time>2025-08-13T13:33:59.000Z</time></trkpt>
<trkpt lat="30.69681250946922" lon="104.0622777848361"><ele>482</ele><time>2025-08-13T13:34:01.000Z</time></trkpt>
<trkpt lat="30.69683238286405" lon="104.0624410117835"><ele>482</ele><time>2025-08-13T13:34:03.000Z</time></trkpt>
<trkpt lat="30.69682717638459" lon="104.0626049975567"><ele>481</ele><time>2025-08-13T13:34:05.000Z</time></trkpt>
<trkpt lat="30.69682584202949" lon="104.062778012231"><ele>482</ele><time>2025-08-13T13:34:07.000Z</time></trkpt>
<trkpt lat="30.69681265331307" lon="104.0629326776362"><ele>482</ele><time>2025-08-13T13:34:09.000Z</time></trkpt>
<trkpt lat="30.69681579194485" lon="104.0630849418216"><ele>482</ele><time>2025-08-13T13:34:11.000Z</time></trkpt>
<trkpt lat="30.6968021874167" lon="104.0632239646283"><ele>482</ele><time>2025-08-13T13:34:13.000Z</time></trkpt>
<trkpt lat="30.6967656617918" lon="104.0633398670319"><ele>482</ele><time>2025-08-13T13:34:15.000Z</time></trkpt>
<trkpt lat="30.69671431289116" lon="104.0634494044046"><ele>482</ele><time>2025-08-13T13:34:17.000Z</time></trkpt>
<trkpt lat="30.6967455635626" lon="104.0635490771128"><ele>482</ele><time>2025-08-13T13:34:44.000Z</time></trkpt>
<trkpt lat="30.69689265246601" lon="104.0636702612945"><ele>482</ele><time>2025-08-13T13:35:01.000Z</time></trkpt>
<trkpt lat="30.69689164602615" lon="104.0637985537726"><ele>482</ele><time>2025-08-13T13:35:04.000Z</time></trkpt>
<trkpt lat="30.69689197046013" lon="104.0639137933399"><ele>482</ele><time>2025-08-13T13:35:06.000Z</time></trkpt>
<trkpt lat="30.69689108895034" lon="104.0640302675944"><ele>482</ele><time>2025-08-13T13:35:08.000Z</time></trkpt>
<trkpt lat="30.69684764400186" lon="104.0641494809759"><ele>482</ele><time>2025-08-13T13:35:10.000Z</time></trkpt>
<trkpt lat="30.6968542092154" lon="104.0642856912209"><ele>482</ele><time>2025-08-13T13:35:13.000Z</time></trkpt>
<trkpt lat="30.69687217104119" lon="104.0644120202113"><ele>482</ele><time>2025-08-13T13:35:15.000Z</time></trkpt>
<trkpt lat="30.6968672094021" lon="104.0645320372098"><ele>482</ele><time>2025-08-13T13:35:17.000Z</time></trkpt>
<trkpt lat="30.6968878373632" lon="104.0646577570817"><ele>482</ele><time>2025-08-13T13:35:19.000Z</time></trkpt>
<trkpt lat="30.6968871338993" lon="104.064794903693"><ele>482</ele><time>2025-08-13T13:35:21.000Z</time></trkpt>
<trkpt lat="30.69688643389066" lon="104.0649315170256"><ele>482</ele><time>2025-08-13T13:35:23.000Z</time></trkpt>
<trkpt lat="30.69688573468" lon="104.0650676559516"><ele>482</ele><time>2025-08-13T13:35:25.000Z</time></trkpt>
<trkpt lat="30.69689183219938" lon="104.0652002282557"><ele>482</ele><time>2025-08-13T13:35:26.000Z</time></trkpt>
<trkpt lat="30.69690297089136" lon="104.0653133773754"><ele>482</ele><time>2025-08-13T13:35:28.000Z</time></trkpt>
<trkpt lat="30.69690516970387" lon="104.0654756957694"><ele>482</ele><time>2025-08-13T13:35:30.000Z</time></trkpt>
<trkpt lat="30.69688877302207" lon="104.0656097378991"><ele>482</ele><time>2025-08-13T13:35:33.000Z</time></trkpt>
<trkpt lat="30.69689538308463" lon="104.0657329094317"><ele>482</ele><time>2025-08-13T13:35:35.000Z</time></trkpt>
<trkpt lat="30.69689383895252" lon="104.0658750943294"><ele>482</ele><time>2025-08-13T13:35:37.000Z</time></trkpt>
<trkpt lat="30.69689118993095" lon="104.0660163229539"><ele>482</ele><time>2025-08-13T13:35:39.000Z</time></trkpt>
<trkpt lat="30.69687886233699" lon="104.0661594046067"><ele>482</ele><time>2025-08-13T13:35:41.000Z</time></trkpt>
<trkpt lat="30.6968731984074" lon="104.0663055590125"><ele>482</ele><time>2025-08-13T13:35:43.000Z</time></trkpt>
<trkpt lat="30.69686951328056" lon="104.0664635088707"><ele>482</ele><time>2025-08-13T13:35:45.000Z</time></trkpt>
<trkpt lat="30.69687030117796" lon="104.0666104612711"><ele>482</ele><time>2025-08-13T13:35:47.000Z</time></trkpt>
<trkpt lat="30.69687979057827" lon="104.0667560909552"><ele>482</ele><time>2025-08-13T13:35:49.000Z</time></trkpt>
<trkpt lat="30.69687796990219" lon="104.0668945790107"><ele>482</ele><time>2025-08-13T13:35:51.000Z</time></trkpt>
<trkpt lat="30.69687280825593" lon="104.0670330696043"><ele>482</ele><time>2025-08-13T13:35:53.000Z</time></trkpt>
<trkpt lat="30.69687648220164" lon="104.0671710057154"><ele>482</ele><time>2025-08-13T13:35:55.000Z</time></trkpt>
<trkpt lat="30.69686430749162" lon="104.0673121574604"><ele>482</ele><time>2025-08-13T13:35:57.000Z</time></trkpt>
<trkpt lat="30.69687160601959" lon="104.0674535003662"><ele>482</ele><time>2025-08-13T13:35:59.000Z</time></trkpt>
<trkpt lat="30.69686955105169" lon="104.0675988005082"><ele>482</ele><time>2025-08-13T13:36:01.000Z</time></trkpt>
<trkpt lat="30.69686780693496" lon="104.0677410306168"><ele>482</ele><time>2025-08-13T13:36:03.000Z</time></trkpt>
<trkpt lat="30.69686630926917" lon="104.0678859875391"><ele>482</ele><time>2025-08-13T13:36:05.000Z</time></trkpt>
<trkpt lat="30.69686422366341" lon="104.0680299904056"><ele>482</ele><time>2025-08-13T13:36:07.000Z</time></trkpt>
<trkpt lat="30.6968619196906" lon="104.0681742047915"><ele>483</ele><time>2025-08-13T13:36:09.000Z</time></trkpt>
<trkpt lat="30.69685964315846" lon="104.0683165138737"><ele>483</ele><time>2025-08-13T13:36:11.000Z</time></trkpt>
<trkpt lat="30.69685729299054" lon="104.0684639369188"><ele>483</ele><time>2025-08-13T13:36:13.000Z</time></trkpt>
<trkpt lat="30.69685416256969" lon="104.0686097842843"><ele>483</ele><time>2025-08-13T13:36:15.000Z</time></trkpt>
<trkpt lat="30.69685095862684" lon="104.0687570931539"><ele>483</ele><time>2025-08-13T13:36:17.000Z</time></trkpt>
<trkpt lat="30.69684761344193" lon="104.0689109832949"><ele>483</ele><time>2025-08-13T13:36:19.000Z</time></trkpt>
<trkpt lat="30.69684424020848" lon="104.0690659754254"><ele>483</ele><time>2025-08-13T13:36:21.000Z</time></trkpt>
<trkpt lat="30.69684099237129" lon="104.0692152039922"><ele>483</ele><time>2025-08-13T13:36:23.000Z</time></trkpt>
<trkpt lat="30.69683761663563" lon="104.0693703341526"><ele>483</ele><time>2025-08-13T13:36:25.000Z</time></trkpt>
<trkpt lat="30.69683523825758" lon="104.0695201665944"><ele>483</ele><time>2025-08-13T13:36:27.000Z</time></trkpt>
<trkpt lat="30.6968317294814" lon="104.0696756492355"><ele>483</ele><time>2025-08-13T13:36:29.000Z</time></trkpt>
<trkpt lat="30.69682861315947" lon="104.0698282509331"><ele>483</ele><time>2025-08-13T13:36:31.000Z</time></trkpt>
<trkpt lat="30.69682535191873" lon="104.0699880601444"><ele>483</ele><time>2025-08-13T13:36:33.000Z</time></trkpt>
<trkpt lat="30.6968246429894" lon="104.0701460460025"><ele>483</ele><time>2025-08-13T13:36:35.000Z</time></trkpt>
<trkpt lat="30.69682550323087" lon="104.0703010343814"><ele>483</ele><time>2025-08-13T13:36:37.000Z</time></trkpt>
<trkpt lat="30.69682637947213" lon="104.0704585321474"><ele>483</ele><time>2025-08-13T13:36:39.000Z</time></trkpt>
<trkpt lat="30.69682728864593" lon="104.0706218650012"><ele>483</ele><time>2025-08-13T13:36:41.000Z</time></trkpt>
<trkpt lat="30.69682813252455" lon="104.0707732005348"><ele>483</ele><time>2025-08-13T13:36:43.000Z</time></trkpt>
<trkpt lat="30.69682024313533" lon="104.0709329572051"><ele>483</ele><time>2025-08-13T13:36:45.000Z</time></trkpt>
<trkpt lat="30.69682322185106" lon="104.071084486694"><ele>483</ele><time>2025-08-13T13:36:47.000Z</time></trkpt>
<trkpt lat="30.69682338930112" lon="104.0712326714254"><ele>482</ele><time>2025-08-13T13:36:49.000Z</time></trkpt>
<trkpt lat="30.6968235769811" lon="104.0713858194765"><ele>482</ele><time>2025-08-13T13:36:51.000Z</time></trkpt>
<trkpt lat="30.69682346363582" lon="104.0715361358221"><ele>483</ele><time>2025-08-13T13:36:53.000Z</time></trkpt>
<trkpt lat="30.69682259093427" lon="104.0716878684764"><ele>482</ele><time>2025-08-13T13:36:55.000Z</time></trkpt>
<trkpt lat="30.69682172309184" lon="104.0718478150167"><ele>482</ele><time>2025-08-13T13:36:57.000Z</time></trkpt>
<trkpt lat="30.69682095076645" lon="104.0719962195516"><ele>482</ele><time>2025-08-13T13:36:59.000Z</time></trkpt>
<trkpt lat="30.69682012953302" lon="104.0721535042179"><ele>482</ele><time>2025-08-13T13:37:01.000Z</time></trkpt>
<trkpt lat="30.69681932979879" lon="104.072307306147"><ele>482</ele><time>2025-08-13T13:37:03.000Z</time></trkpt>
<trkpt lat="30.69681771435792" lon="104.0724597322773"><ele>482</ele><time>2025-08-13T13:37:05.000Z</time></trkpt>
<trkpt lat="30.69681612548385" lon="104.0726088303017"><ele>482</ele><time>2025-08-13T13:37:07.000Z</time></trkpt>
<trkpt lat="30.69681447543486" lon="104.0727637081476"><ele>482</ele><time>2025-08-13T13:37:09.000Z</time></trkpt>
<trkpt lat="30.69683870584693" lon="104.0729291440774"><ele>482</ele><time>2025-08-13T13:37:11.000Z</time></trkpt>
<trkpt lat="30.69685579545126" lon="104.073081280442"><ele>482</ele><time>2025-08-13T13:37:13.000Z</time></trkpt>
<trkpt lat="30.69683047634105" lon="104.0732348044336"><ele>483</ele><time>2025-08-13T13:37:15.000Z</time></trkpt>
<trkpt lat="30.69682975896399" lon="104.073385954049"><ele>483</ele><time>2025-08-13T13:37:17.000Z</time></trkpt>
<trkpt lat="30.69681269617661" lon="104.0735533595106"><ele>483</ele><time>2025-08-13T13:37:19.000Z</time></trkpt>
<trkpt lat="30.69679028843964" lon="104.0737172934035"><ele>483</ele><time>2025-08-13T13:37:21.000Z</time></trkpt>
<trkpt lat="30.69679254525746" lon="104.0738709518325"><ele>483</ele><time>2025-08-13T13:37:23.000Z</time></trkpt>
<trkpt lat="30.69681190918409" lon="104.0740184281382"><ele>483</ele><time>2025-08-13T13:37:25.000Z</time></trkpt>
<trkpt lat="30.69681609499451" lon="104.0741611150134"><ele>483</ele><time>2025-08-13T13:37:27.000Z</time></trkpt>
<trkpt lat="30.69681874214577" lon="104.0743136543027"><ele>483</ele><time>2025-08-13T13:37:29.000Z</time></trkpt>
<trkpt lat="30.69681474790069" lon="104.0744530583144"><ele>483</ele><time>2025-08-13T13:37:31.000Z</time></trkpt>
<trkpt lat="30.69682489968763" lon="104.0745968559635"><ele>483</ele><time>2025-08-13T13:37:33.000Z</time></trkpt>
<trkpt lat="30.69682252516886" lon="104.0747362551809"><ele>483</ele><time>2025-08-13T13:37:35.000Z</time></trkpt>
<trkpt lat="30.69681011668806" lon="104.0748756917392"><ele>483</ele><time>2025-08-13T13:37:37.000Z</time></trkpt>
<trkpt lat="30.69681677319379" lon="104.0750269080657"><ele>483</ele><time>2025-08-13T13:37:39.000Z</time></trkpt>
<trkpt lat="30.69681140409489" lon="104.0751700619537"><ele>483</ele><time>2025-08-13T13:37:41.000Z</time></trkpt>
<trkpt lat="30.69681090032815" lon="104.0752908764148"><ele>483</ele><time>2025-08-13T13:37:43.000Z</time></trkpt>
<trkpt lat="30.69681298695937" lon="104.075417459225"><ele>483</ele><time>2025-08-13T13:37:45.000Z</time></trkpt>
<trkpt lat="30.69680147429317" lon="104.0755700657382"><ele>483</ele><time>2025-08-13T13:37:47.000Z</time></trkpt>
<trkpt lat="30.69675631354896" lon="104.0757052291796"><ele>483</ele><time>2025-08-13T13:37:49.000Z</time></trkpt>
<trkpt lat="30.69671962276576" lon="104.0758483946656"><ele>483</ele><time>2025-08-13T13:37:51.000Z</time></trkpt>
<trkpt lat="30.69671123327031" lon="104.0760178294498"><ele>483</ele><time>2025-08-13T13:37:53.000Z</time></trkpt>
<trkpt lat="30.69677856506975" lon="104.0760993912988"><ele>483</ele><time>2025-08-13T13:37:54.000Z</time></trkpt>
<trkpt lat="30.69677224703139" lon="104.0762530337108"><ele>483</ele><time>2025-08-13T13:37:56.000Z</time></trkpt>
<trkpt lat="30.6967697181415" lon="104.0764113697598"><ele>483</ele><time>2025-08-13T13:37:58.000Z</time></trkpt>
<trkpt lat="30.69670467021414" lon="104.0764895041101"><ele>483</ele><time>2025-08-13T13:37:59.000Z</time></trkpt>
<trkpt lat="30.69670989482074" lon="104.0766493164061"><ele>483</ele><time>2025-08-13T13:38:01.000Z</time></trkpt>
<trkpt lat="30.69669287455855" lon="104.0768085305062"><ele>483</ele><time>2025-08-13T13:38:03.000Z</time></trkpt>
<trkpt lat="30.69669260780179" lon="104.0769504295618"><ele>483</ele><time>2025-08-13T13:38:05.000Z</time></trkpt>
<trkpt lat="30.69665769971055" lon="104.0770913457833"><ele>483</ele><time>2025-08-13T13:38:07.000Z</time></trkpt>
<trkpt lat="30.69665194738165" lon="104.077246647916"><ele>483</ele><time>2025-08-13T13:38:09.000Z</time></trkpt>
<trkpt lat="30.69663816973194" lon="104.0773890835869"><ele>483</ele><time>2025-08-13T13:38:11.000Z</time></trkpt>
<trkpt lat="30.69676072003909" lon="104.0775560083404"><ele>483</ele><time>2025-08-13T13:38:13.000Z</time></trkpt>
<trkpt lat="30.69675768929831" lon="104.0777107255237"><ele>483</ele><time>2025-08-13T13:38:15.000Z</time></trkpt>
<trkpt lat="30.69675450791199" lon="104.0778732387067"><ele>483</ele><time>2025-08-13T13:38:17.000Z</time></trkpt>
<trkpt lat="30.69675367077953" lon="104.078023549075"><ele>483</ele><time>2025-08-13T13:38:19.000Z</time></trkpt>
<trkpt lat="30.69675300468518" lon="104.0781659396755"><ele>483</ele><time>2025-08-13T13:38:21.000Z</time></trkpt>
<trkpt lat="30.69675004916176" lon="104.0783076611982"><ele>483</ele><time>2025-08-13T13:38:23.000Z</time></trkpt>
<trkpt lat="30.69674664470224" lon="104.0784484072952"><ele>483</ele><time>2025-08-13T13:38:25.000Z</time></trkpt>
<trkpt lat="30.69674326649818" lon="104.0785883597483"><ele>482</ele><time>2025-08-13T13:38:27.000Z</time></trkpt>
<trkpt lat="30.69674271720083" lon="104.0787247413397"><ele>482</ele><time>2025-08-13T13:38:29.000Z</time></trkpt>
<trkpt lat="30.6967436808753" lon="104.0788725002194"><ele>482</ele><time>2025-08-13T13:38:31.000Z</time></trkpt>
<trkpt lat="30.69674456165999" lon="104.0790069760653"><ele>482</ele><time>2025-08-13T13:38:33.000Z</time></trkpt>
<trkpt lat="30.6967448903644" lon="104.0791597756628"><ele>483</ele><time>2025-08-13T13:38:35.000Z</time></trkpt>
<trkpt lat="30.696744281823" lon="104.0793010132312"><ele>483</ele><time>2025-08-13T13:38:37.000Z</time></trkpt>
<trkpt lat="30.69674366164558" lon="104.0794451941166"><ele>483</ele><time>2025-08-13T13:38:39.000Z</time></trkpt>
<trkpt lat="30.6967437022163" lon="104.0795922315498"><ele>483</ele><time>2025-08-13T13:38:41.000Z</time></trkpt>
<trkpt lat="30.69674359425481" lon="104.0797252800405"><ele>483</ele><time>2025-08-13T13:38:43.000Z</time></trkpt>
<trkpt lat="30.69673583931229" lon="104.0798821337367"><ele>483</ele><time>2025-08-13T13:38:45.000Z</time></trkpt>
<trkpt lat="30.69674417894381" lon="104.0800060846399"><ele>483</ele><time>2025-08-13T13:38:47.000Z</time></trkpt>
<trkpt lat="30.69673857837264" lon="104.0801596571175"><ele>483</ele><time>2025-08-13T13:38:49.000Z</time></trkpt>
<trkpt lat="30.69674024888689" lon="104.0803110821942"><ele>483</ele><time>2025-08-13T13:38:51.000Z</time></trkpt>
<trkpt lat="30.69674221467463" lon="104.0804682343103"><ele>483</ele><time>2025-08-13T13:38:53.000Z</time></trkpt>
<trkpt lat="30.69675052671592" lon="104.0806229584625"><ele>483</ele><time>2025-08-13T13:38:55.000Z</time></trkpt>
<trkpt lat="30.69674993348281" lon="104.080769068825"><ele>484</ele><time>2025-08-13T13:38:57.000Z</time></trkpt>
<trkpt lat="30.69673825596059" lon="104.0809407158821"><ele>483</ele><time>2025-08-13T13:38:59.000Z</time></trkpt>
<trkpt lat="30.69673920481233" lon="104.0811031035151"><ele>483</ele><time>2025-08-13T13:39:01.000Z</time></trkpt>
<trkpt lat="30.69673357533834" lon="104.0812663652139"><ele>484</ele><time>2025-08-13T13:39:03.000Z</time></trkpt>
<trkpt lat="30.69670962503877" lon="104.0814336120581"><ele>483</ele><time>2025-08-13T13:39:05.000Z</time></trkpt>
<trkpt lat="30.69667481831002" lon="104.0815919756412"><ele>483</ele><time>2025-08-13T13:39:07.000Z</time></trkpt>
<trkpt lat="30.696631152994" lon="104.0817421183579"><ele>483</ele><time>2025-08-13T13:39:09.000Z</time></trkpt>
<trkpt lat="30.69657807345872" lon="104.0818929291669"><ele>482</ele><time>2025-08-13T13:39:11.000Z</time></trkpt>
<trkpt lat="30.69652908047334" lon="104.0820445934578"><ele>482</ele><time>2025-08-13T13:39:13.000Z</time></trkpt>
<trkpt lat="30.6964832229371" lon="104.0822015142092"><ele>482</ele><time>2025-08-13T13:39:15.000Z</time></trkpt>
<trkpt lat="30.6964345262955" lon="104.0823546723521"><ele>482</ele><time>2025-08-13T13:39:17.000Z</time></trkpt>
<trkpt lat="30.69637962363763" lon="104.0824994330859"><ele>482</ele><time>2025-08-13T13:39:19.000Z</time></trkpt>
<trkpt lat="30.69630354061915" lon="104.0826253226468"><ele>482</ele><time>2025-08-13T13:39:21.000Z</time></trkpt>
<trkpt lat="30.69623840283866" lon="104.0827599916645"><ele>482</ele><time>2025-08-13T13:39:23.000Z</time></trkpt>
<trkpt lat="30.69617332204993" lon="104.0828909030428"><ele>482</ele><time>2025-08-13T13:39:25.000Z</time></trkpt>
<trkpt lat="30.69610654815535" lon="104.0830175007545"><ele>482</ele><time>2025-08-13T13:39:27.000Z</time></trkpt>
<trkpt lat="30.69604212034462" lon="104.0831467903402"><ele>482</ele><time>2025-08-13T13:39:29.000Z</time></trkpt>
<trkpt lat="30.69596970197225" lon="104.083287530535"><ele>482</ele><time>2025-08-13T13:39:31.000Z</time></trkpt>
<trkpt lat="30.69590383523514" lon="104.0834258896461"><ele>482</ele><time>2025-08-13T13:39:33.000Z</time></trkpt>
<trkpt lat="30.69583149203829" lon="104.0835541562711"><ele>482</ele><time>2025-08-13T13:39:35.000Z</time></trkpt>
<trkpt lat="30.69576294701241" lon="104.0836866215324"><ele>482</ele><time>2025-08-13T13:39:37.000Z</time></trkpt>
<trkpt lat="30.69568920837085" lon="104.0838133480799"><ele>482</ele><time>2025-08-13T13:39:39.000Z</time></trkpt>
<trkpt lat="30.69561592296791" lon="104.0839383023977"><ele>482</ele><time>2025-08-13T13:39:41.000Z</time></trkpt>
<trkpt lat="30.69556128310496" lon="104.0840863929131"><ele>482</ele><time>2025-08-13T13:39:43.000Z</time></trkpt>
<trkpt lat="30.69548143095161" lon="104.0842095049493"><ele>483</ele><time>2025-08-13T13:39:45.000Z</time></trkpt>
<trkpt lat="30.6954275470041" lon="104.0843483151424"><ele>483</ele><time>2025-08-13T13:39:47.000Z</time></trkpt>
<trkpt lat="30.69531219997078" lon="104.0844470849078"><ele>483</ele><time>2025-08-13T13:39:49.000Z</time></trkpt>
<trkpt lat="30.69522725934372" lon="104.0845689825627"><ele>483</ele><time>2025-08-13T13:39:51.000Z</time></trkpt>
<trkpt lat="30.69516113434912" lon="104.0846995225714"><ele>483</ele><time>2025-08-13T13:39:53.000Z</time></trkpt>
<trkpt lat="30.69508985200415" lon="104.084832709692"><ele>484</ele><time>2025-08-13T13:39:55.000Z</time></trkpt>
<trkpt lat="30.69501879687683" lon="104.0849643934903"><ele>483</ele><time>2025-08-13T13:39:57.000Z</time></trkpt>
<trkpt lat="30.69496004634126" lon="104.0851010252464"><ele>484</ele><time>2025-08-13T13:39:59.000Z</time></trkpt>
<trkpt lat="30.69489693141073" lon="104.0852398864659"><ele>484</ele><time>2025-08-13T13:40:01.000Z</time></trkpt>
<trkpt lat="30.69483028089516" lon="104.0853715798788"><ele>484</ele><time>2025-08-13T13:40:03.000Z</time></trkpt>
<trkpt lat="30.69476741476707" lon="104.0855144981047"><ele>485</ele><time>2025-08-13T13:40:05.000Z</time></trkpt>
<trkpt lat="30.69470792203446" lon="104.0856491038823"><ele>484</ele><time>2025-08-13T13:40:07.000Z</time></trkpt>
<trkpt lat="30.69464452651134" lon="104.0857799833292"><ele>483</ele><time>2025-08-13T13:40:09.000Z</time></trkpt>
<trkpt lat="30.69458287471438" lon="104.0859127103906"><ele>483</ele><time>2025-08-13T13:40:11.000Z</time></trkpt>
<trkpt lat="30.69451385814467" lon="104.0860357865615"><ele>483</ele><time>2025-08-13T13:40:13.000Z</time></trkpt>
<trkpt lat="30.69444242414552" lon="104.0861614822578"><ele>483</ele><time>2025-08-13T13:40:15.000Z</time></trkpt>
<trkpt lat="30.69437607404014" lon="104.0862954908766"><ele>483</ele><time>2025-08-13T13:40:17.000Z</time></trkpt>
<trkpt lat="30.69431746666208" lon="104.0864252626477"><ele>483</ele><time>2025-08-13T13:40:19.000Z</time></trkpt>
<trkpt lat="30.69427799717961" lon="104.0865322033791"><ele>483</ele><time>2025-08-13T13:40:21.000Z</time></trkpt>
<trkpt lat="30.69421948854183" lon="104.08661246089"><ele>483</ele><time>2025-08-13T13:40:29.000Z</time></trkpt>
<trkpt lat="30.69414094082438" lon="104.0866734544154"><ele>483</ele><time>2025-08-13T13:41:45.000Z</time></trkpt>
<trkpt lat="30.69409887077689" lon="104.0868111780064"><ele>484</ele><time>2025-08-13T13:41:49.000Z</time></trkpt>
<trkpt lat="30.69403482199046" lon="104.0869402912167"><ele>483</ele><time>2025-08-13T13:41:52.000Z</time></trkpt>
<trkpt lat="30.69400433819258" lon="104.0870434232259"><ele>483</ele><time>2025-08-13T13:41:54.000Z</time></trkpt>
<trkpt lat="30.69393767278608" lon="104.0871809659715"><ele>483</ele><time>2025-08-13T13:41:57.000Z</time></trkpt>
<trkpt lat="30.69387977268958" lon="104.0872769670568"><ele>483</ele><time>2025-08-13T13:41:59.000Z</time></trkpt>
<trkpt lat="30.69383145741163" lon="104.0873752834472"><ele>484</ele><time>2025-08-13T13:42:01.000Z</time></trkpt>
<trkpt lat="30.69376454734248" lon="104.0874741631207"><ele>484</ele><time>2025-08-13T13:42:03.000Z</time></trkpt>
<trkpt lat="30.69371037132797" lon="104.0875809431165"><ele>484</ele><time>2025-08-13T13:42:05.000Z</time></trkpt>
<trkpt lat="30.6936747016134" lon="104.0876963362239"><ele>484</ele><time>2025-08-13T13:42:07.000Z</time></trkpt>
<trkpt lat="30.69358954536516" lon="104.0878081454089"><ele>484</ele><time>2025-08-13T13:42:10.000Z</time></trkpt>
<trkpt lat="30.69354714996788" lon="104.0879053575993"><ele>483</ele><time>2025-08-13T13:42:12.000Z</time></trkpt>
<trkpt lat="30.69348848562788" lon="104.0880095733769"><ele>483</ele><time>2025-08-13T13:42:14.000Z</time></trkpt>
<trkpt lat="30.69357522989242" lon="104.088133201146"><ele>483</ele><time>2025-08-13T13:42:15.000Z</time></trkpt>
<trkpt lat="30.69344728019816" lon="104.0881102627514"><ele>483</ele><time>2025-08-13T13:42:16.000Z</time></trkpt>
<trkpt lat="30.69340638741769" lon="104.0882114439284"><ele>483</ele><time>2025-08-13T13:42:18.000Z</time></trkpt>
<trkpt lat="30.69344845311958" lon="104.088390377645"><ele>483</ele><time>2025-08-13T13:42:20.000Z</time></trkpt>
<trkpt lat="30.69339612042581" lon="104.0884956733954"><ele>483</ele><time>2025-08-13T13:42:22.000Z</time></trkpt>
<trkpt lat="30.69334467048069" lon="104.0886040130764"><ele>483</ele><time>2025-08-13T13:42:24.000Z</time></trkpt>
<trkpt lat="30.6932922823799" lon="104.0887128892432"><ele>483</ele><time>2025-08-13T13:42:26.000Z</time></trkpt>
<trkpt lat="30.69324382024871" lon="104.0888136052978"><ele>483</ele><time>2025-08-13T13:42:28.000Z</time></trkpt>
<trkpt lat="30.69319064876369" lon="104.0889221517917"><ele>483</ele><time>2025-08-13T13:42:30.000Z</time></trkpt>
<trkpt lat="30.69313487453808" lon="104.0890306821829"><ele>483</ele><time>2025-08-13T13:42:32.000Z</time></trkpt>
<trkpt lat="30.69308294330711" lon="104.0891317179007"><ele>483</ele><time>2025-08-13T13:42:34.000Z</time></trkpt>
<trkpt lat="30.69302124072098" lon="104.0892517819771"><ele>483</ele><time>2025-08-13T13:42:36.000Z</time></trkpt>
<trkpt lat="30.69295799586073" lon="104.0893748410406"><ele>483</ele><time>2025-08-13T13:42:38.000Z</time></trkpt>
<trkpt lat="30.69288942695037" lon="104.089508282352"><ele>483</ele><time>2025-08-13T13:42:40.000Z</time></trkpt>
<trkpt lat="30.69281978675202" lon="104.0896437935901"><ele>483</ele><time>2025-08-13T13:42:42.000Z</time></trkpt>
<trkpt lat="30.69275015913697" lon="104.089779291736"><ele>483</ele><time>2025-08-13T13:42:44.000Z</time></trkpt>
<trkpt lat="30.69267850650551" lon="104.0899187114267"><ele>483</ele><time>2025-08-13T13:42:46.000Z</time></trkpt>
<trkpt lat="30.69261414186718" lon="104.0900439561091"><ele>483</ele><time>2025-08-13T13:42:48.000Z</time></trkpt>
<trkpt lat="30.69255378060303" lon="104.0901614384039"><ele>483</ele><time>2025-08-13T13:42:50.000Z</time></trkpt>
<trkpt lat="30.69248510937223" lon="104.0902855605345"><ele>483</ele><time>2025-08-13T13:42:52.000Z</time></trkpt>
<trkpt lat="30.69242916031805" lon="104.0904231407026"><ele>483</ele><time>2025-08-13T13:42:54.000Z</time></trkpt>
<trkpt lat="30.69236909224602" lon="104.0905592987311"><ele>483</ele><time>2025-08-13T13:42:56.000Z</time></trkpt>
<trkpt lat="30.69230499543884" lon="104.0906956863264"><ele>483</ele><time>2025-08-13T13:42:58.000Z</time></trkpt>
<trkpt lat="30.69221497419719" lon="104.0908485863895"><ele>483</ele><time>2025-08-13T13:43:00.000Z</time></trkpt>
<trkpt lat="30.69214165460141" lon="104.0910068717259"><ele>483</ele><time>2025-08-13T13:43:02.000Z</time></trkpt>
<trkpt lat="30.69208994623689" lon="104.0911761131051"><ele>484</ele><time>2025-08-13T13:43:04.000Z</time></trkpt>
<trkpt lat="30.69201316339482" lon="104.0913201336383"><ele>484</ele><time>2025-08-13T13:43:06.000Z</time></trkpt>
<trkpt lat="30.69196910081408" lon="104.0914127948722"><ele>484</ele><time>2025-08-13T13:43:07.000Z</time></trkpt>
<trkpt lat="30.69189280479407" lon="104.091560972693"><ele>484</ele><time>2025-08-13T13:43:09.000Z</time></trkpt>
<trkpt lat="30.69181509185127" lon="104.09170835274"><ele>484</ele><time>2025-08-13T13:43:11.000Z</time></trkpt>
<trkpt lat="30.6917337051256" lon="104.0918551083985"><ele>485</ele><time>2025-08-13T13:43:13.000Z</time></trkpt>
<trkpt lat="30.69166721295005" lon="104.0919990076992"><ele>485</ele><time>2025-08-13T13:43:15.000Z</time></trkpt>
<trkpt lat="30.69161413858654" lon="104.0921504887964"><ele>485</ele><time>2025-08-13T13:43:17.000Z</time></trkpt>
<trkpt lat="30.6915503220007" lon="104.0922898085469"><ele>486</ele><time>2025-08-13T13:43:19.000Z</time></trkpt>
<trkpt lat="30.69150336485485" lon="104.0923846299353"><ele>486</ele><time>2025-08-13T13:43:59.000Z</time></trkpt>
<trkpt lat="30.69145474880699" lon="104.092479920817"><ele>486</ele><time>2025-08-13T13:44:04.000Z</time></trkpt>
<trkpt lat="30.69139969960688" lon="104.0925901009049"><ele>486</ele><time>2025-08-13T13:44:08.000Z</time></trkpt>
<trkpt lat="30.69135128490451" lon="104.0926875381364"><ele>486</ele><time>2025-08-13T13:44:11.000Z</time></trkpt>
<trkpt lat="30.69129937960611" lon="104.092791954144"><ele>486</ele><time>2025-08-13T13:44:14.000Z</time></trkpt>
<trkpt lat="30.69115910343384" lon="104.0927488908799"><ele>486</ele><time>2025-08-13T13:44:15.000Z</time></trkpt>
<trkpt lat="30.69107434359143" lon="104.0928483267773"><ele>486</ele><time>2025-08-13T13:44:18.000Z</time></trkpt>
<trkpt lat="30.69102943128782" lon="104.0929795104145"><ele>486</ele><time>2025-08-13T13:44:21.000Z</time></trkpt>
<trkpt lat="30.69098329948706" lon="104.0931214327741"><ele>486</ele><time>2025-08-13T13:44:24.000Z</time></trkpt>
<trkpt lat="30.69091858384687" lon="104.0932522414225"><ele>486</ele><time>2025-08-13T13:44:27.000Z</time></trkpt>
<trkpt lat="30.6908762156451" lon="104.093357333215"><ele>486</ele><time>2025-08-13T13:44:29.000Z</time></trkpt>
<trkpt lat="30.69083659492616" lon="104.0934901005517"><ele>486</ele><time>2025-08-13T13:44:32.000Z</time></trkpt>
<trkpt lat="30.69077919057304" lon="104.0935918363164"><ele>486</ele><time>2025-08-13T13:44:34.000Z</time></trkpt>
<trkpt lat="30.69071825041363" lon="104.0936946262204"><ele>486</ele><time>2025-08-13T13:44:36.000Z</time></trkpt>
<trkpt lat="30.69066495085521" lon="104.0937991062599"><ele>487</ele><time>2025-08-13T13:44:38.000Z</time></trkpt>
<trkpt lat="30.69061816466141" lon="104.0939098783382"><ele>487</ele><time>2025-08-13T13:44:40.000Z</time></trkpt>
<trkpt lat="30.69055919859843" lon="104.0940160964021"><ele>487</ele><time>2025-08-13T13:44:42.000Z</time></trkpt>
<trkpt lat="30.69050452260879" lon="104.0941210199097"><ele>487</ele><time>2025-08-13T13:44:44.000Z</time></trkpt>
<trkpt lat="30.6904456842565" lon="104.0942366580074"><ele>488</ele><time>2025-08-13T13:44:46.000Z</time></trkpt>
<trkpt lat="30.69037107866226" lon="104.094333132865"><ele>488</ele><time>2025-08-13T13:44:48.000Z</time></trkpt>
<trkpt lat="30.69030649277811" lon="104.0944312963451"><ele>488</ele><time>2025-08-13T13:44:50.000Z</time></trkpt>
<trkpt lat="30.69025396798533" lon="104.0945431872746"><ele>488</ele><time>2025-08-13T13:44:52.000Z</time></trkpt>
<trkpt lat="30.69019966850354" lon="104.0946592117634"><ele>488</ele><time>2025-08-13T13:44:54.000Z</time></trkpt>
<trkpt lat="30.69014506835151" lon="104.0947727973038"><ele>488</ele><time>2025-08-13T13:44:56.000Z</time></trkpt>
<trkpt lat="30.69009559360894" lon="104.0948848272519"><ele>488</ele><time>2025-08-13T13:44:58.000Z</time></trkpt>
<trkpt lat="30.69004371114096" lon="104.0949880292128"><ele>489</ele><time>2025-08-13T13:45:00.000Z</time></trkpt>
<trkpt lat="30.68999270816754" lon="104.095091514202"><ele>489</ele><time>2025-08-13T13:45:02.000Z</time></trkpt>
<trkpt lat="30.68994112112099" lon="104.0951856388769"><ele>489</ele><time>2025-08-13T13:45:04.000Z</time></trkpt>
<trkpt lat="30.68989191651443" lon="104.0952761518358"><ele>489</ele><time>2025-08-13T13:45:06.000Z</time></trkpt>
<trkpt lat="30.68980882346156" lon="104.0953228772082"><ele>489</ele><time>2025-08-13T13:45:14.000Z</time></trkpt>
<trkpt lat="30.68979002834901" lon="104.0952157391875"><ele>489</ele><time>2025-08-13T13:45:39.000Z</time></trkpt>
<trkpt lat="30.68978052604911" lon="104.0951088925078"><ele>489</ele><time>2025-08-13T13:45:43.000Z</time></trkpt>
<trkpt lat="30.68969298331007" lon="104.0951633258579"><ele>489</ele><time>2025-08-13T13:45:49.000Z</time></trkpt>
<trkpt lat="30.68981494123021" lon="104.0948968718439"><ele>489</ele><time>2025-08-13T13:45:56.000Z</time></trkpt>
<trkpt lat="30.68992968669794" lon="104.0950561320742"><ele>489</ele><time>2025-08-13T13:45:58.000Z</time></trkpt>
<trkpt lat="30.68979685124105" lon="104.0953696375627"><ele>489</ele><time>2025-08-13T13:46:09.000Z</time></trkpt>
<trkpt lat="30.68993731895611" lon="104.0951783454722"><ele>489</ele><time>2025-08-13T13:46:10.000Z</time></trkpt>
<trkpt lat="30.6897495484183" lon="104.095226104628"><ele>489</ele><time>2025-08-13T13:46:16.000Z</time></trkpt>
<trkpt lat="30.6899546488823" lon="104.0951883653652"><ele>489</ele><time>2025-08-13T13:46:17.000Z</time></trkpt>
<trkpt lat="30.68978935756561" lon="104.0952215163874"><ele>490</ele><time>2025-08-13T13:46:21.000Z</time></trkpt>
<trkpt lat="30.68971941857241" lon="104.0952908751404"><ele>490</ele><time>2025-08-13T13:47:37.000Z</time></trkpt>
<trkpt lat="30.68968136110725" lon="104.0954097175802"><ele>490</ele><time>2025-08-13T13:47:41.000Z</time></trkpt>
<trkpt lat="30.68961914926402" lon="104.0955199183201"><ele>490</ele><time>2025-08-13T13:47:44.000Z</time></trkpt>
<trkpt lat="30.689576418548" lon="104.0956392532773"><ele>490</ele><time>2025-08-13T13:47:47.000Z</time></trkpt>
<trkpt lat="30.68952107366097" lon="104.0957552547087"><ele>490</ele><time>2025-08-13T13:47:50.000Z</time></trkpt>
<trkpt lat="30.68946060893667" lon="104.0958703891773"><ele>490</ele><time>2025-08-13T13:47:53.000Z</time></trkpt>
<trkpt lat="30.68942159703686" lon="104.0959916280382"><ele>490</ele><time>2025-08-13T13:47:56.000Z</time></trkpt>
<trkpt lat="30.68944743337603" lon="104.096099972169"><ele>490</ele><time>2025-08-13T13:47:59.000Z</time></trkpt>
<trkpt lat="30.68945947509711" lon="104.0962238854455"><ele>490</ele><time>2025-08-13T13:48:02.000Z</time></trkpt>
<trkpt lat="30.68938997301668" lon="104.0963447972791"><ele>490</ele><time>2025-08-13T13:48:05.000Z</time></trkpt>
<trkpt lat="30.68933799561584" lon="104.0964311366278"><ele>490</ele><time>2025-08-13T13:48:07.000Z</time></trkpt>
<trkpt lat="30.6892748852734" lon="104.0965689824087"><ele>490</ele><time>2025-08-13T13:48:10.000Z</time></trkpt>
<trkpt lat="30.68922586785777" lon="104.0966657142127"><ele>490</ele><time>2025-08-13T13:48:12.000Z</time></trkpt>
<trkpt lat="30.68917874121238" lon="104.0967616377263"><ele>490</ele><time>2025-08-13T13:48:14.000Z</time></trkpt>
<trkpt lat="30.68912378453149" lon="104.0968514758191"><ele>490</ele><time>2025-08-13T13:48:16.000Z</time></trkpt>
<trkpt lat="30.68907433431817" lon="104.0969511268822"><ele>490</ele><time>2025-08-13T13:48:18.000Z</time></trkpt>
<trkpt lat="30.68901852916742" lon="104.0970495597121"><ele>491</ele><time>2025-08-13T13:48:20.000Z</time></trkpt>
<trkpt lat="30.6889669806402" lon="104.0971523315114"><ele>491</ele><time>2025-08-13T13:48:22.000Z</time></trkpt>
<trkpt lat="30.68890984535068" lon="104.0972551319763"><ele>491</ele><time>2025-08-13T13:48:24.000Z</time></trkpt>
<trkpt lat="30.68885108563851" lon="104.0973571086959"><ele>491</ele><time>2025-08-13T13:48:26.000Z</time></trkpt>
<trkpt lat="30.68879436837044" lon="104.0974650905191"><ele>491</ele><time>2025-08-13T13:48:28.000Z</time></trkpt>
<trkpt lat="30.68874171044595" lon="104.0975731920123"><ele>491</ele><time>2025-08-13T13:48:30.000Z</time></trkpt>
<trkpt lat="30.68868395117124" lon="104.0976782487844"><ele>491</ele><time>2025-08-13T13:48:32.000Z</time></trkpt>
<trkpt lat="30.68863029955282" lon="104.0977891306155"><ele>491</ele><time>2025-08-13T13:48:34.000Z</time></trkpt>
<trkpt lat="30.6885723264713" lon="104.0978928382646"><ele>491</ele><time>2025-08-13T13:48:36.000Z</time></trkpt>
<trkpt lat="30.68852197338519" lon="104.0980055659054"><ele>491</ele><time>2025-08-13T13:48:38.000Z</time></trkpt>
<trkpt lat="30.68846793629738" lon="104.0981127974191"><ele>491</ele><time>2025-08-13T13:48:40.000Z</time></trkpt>
<trkpt lat="30.68841724484129" lon="104.0982226184482"><ele>491</ele><time>2025-08-13T13:48:42.000Z</time></trkpt>
<trkpt lat="30.68835587876389" lon="104.0983275940659"><ele>491</ele><time>2025-08-13T13:48:44.000Z</time></trkpt>
<trkpt lat="30.68828803954117" lon="104.0984303743946"><ele>491</ele><time>2025-08-13T13:48:46.000Z</time></trkpt>
<trkpt lat="30.68821188100145" lon="104.0985202361984"><ele>491</ele><time>2025-08-13T13:48:48.000Z</time></trkpt>
<trkpt lat="30.68814937537441" lon="104.0986233441496"><ele>491</ele><time>2025-08-13T13:48:50.000Z</time></trkpt>
<trkpt lat="30.68808566567142" lon="104.0987193039181"><ele>491</ele><time>2025-08-13T13:48:52.000Z</time></trkpt>
<trkpt lat="30.68806124874605" lon="104.0988481600923"><ele>491</ele><time>2025-08-13T13:48:54.000Z</time></trkpt>
<trkpt lat="30.6879614808018" lon="104.0988887926181"><ele>491</ele><time>2025-08-13T13:48:56.000Z</time></trkpt>
<trkpt lat="30.68784712037946" lon="104.0989290348619"><ele>491</ele><time>2025-08-13T13:48:59.000Z</time></trkpt>
<trkpt lat="30.68798016128165" lon="104.0993013528372"><ele>491</ele><time>2025-08-13T13:49:03.000Z</time></trkpt>
<trkpt lat="30.68789777234012" lon="104.0991798330867"><ele>491</ele><time>2025-08-13T13:49:05.000Z</time></trkpt>
<trkpt lat="30.68794456012469" lon="104.0993857179634"><ele>491</ele><time>2025-08-13T13:49:07.000Z</time></trkpt>
<trkpt lat="30.68792344811083" lon="104.0994966406629"><ele>491</ele><time>2025-08-13T13:49:14.000Z</time></trkpt>
<trkpt lat="30.68786385264284" lon="104.0995980122422"><ele>491</ele><time>2025-08-13T13:49:18.000Z</time></trkpt>
<trkpt lat="30.68786400135588" lon="104.0997125162464"><ele>491</ele><time>2025-08-13T13:49:20.000Z</time></trkpt>
<trkpt lat="30.68771034277215" lon="104.0998200905104"><ele>491</ele><time>2025-08-13T13:49:23.000Z</time></trkpt>
<trkpt lat="30.68757225551053" lon="104.0998836500542"><ele>491</ele><time>2025-08-13T13:49:26.000Z</time></trkpt>
<trkpt lat="30.68746967294702" lon="104.0998945942664"><ele>491</ele><time>2025-08-13T13:49:30.000Z</time></trkpt>
<trkpt lat="30.68741906107687" lon="104.0999893215855"><ele>490</ele><time>2025-08-13T13:49:32.000Z</time></trkpt>
<trkpt lat="30.6873614700046" lon="104.1000829607135"><ele>490</ele><time>2025-08-13T13:49:34.000Z</time></trkpt>
<trkpt lat="30.68729133133835" lon="104.1001659085783"><ele>489</ele><time>2025-08-13T13:49:36.000Z</time></trkpt>
<trkpt lat="30.68721422140796" lon="104.1002425571594"><ele>489</ele><time>2025-08-13T13:49:38.000Z</time></trkpt>
<trkpt lat="30.68713017633241" lon="104.1003201224823"><ele>489</ele><time>2025-08-13T13:49:40.000Z</time></trkpt>
<trkpt lat="30.68703413535892" lon="104.1003882550048"><ele>489</ele><time>2025-08-13T13:49:42.000Z</time></trkpt>
<trkpt lat="30.68693673443292" lon="104.1004495486894"><ele>489</ele><time>2025-08-13T13:49:44.000Z</time></trkpt>
<trkpt lat="30.68683135631596" lon="104.100510227493"><ele>490</ele><time>2025-08-13T13:49:46.000Z</time></trkpt>
<trkpt lat="30.6867366673385" lon="104.1005732629117"><ele>490</ele><time>2025-08-13T13:49:48.000Z</time></trkpt>
<trkpt lat="30.68664328287685" lon="104.1006538577466"><ele>490</ele><time>2025-08-13T13:49:50.000Z</time></trkpt>
<trkpt lat="30.68654305029097" lon="104.1007209456838"><ele>489</ele><time>2025-08-13T13:49:52.000Z</time></trkpt>
<trkpt lat="30.68642168898625" lon="104.1007670785761"><ele>488</ele><time>2025-08-13T13:49:54.000Z</time></trkpt>
<trkpt lat="30.6863102721002" lon="104.1008242047893"><ele>488</ele><time>2025-08-13T13:49:56.000Z</time></trkpt>
<trkpt lat="30.68619496687357" lon="104.1008623681806"><ele>488</ele><time>2025-08-13T13:49:58.000Z</time></trkpt>
<trkpt lat="30.68608423627698" lon="104.1009262909237"><ele>488</ele><time>2025-08-13T13:50:00.000Z</time></trkpt>
<trkpt lat="30.68597685772" lon="104.1009911707233"><ele>488</ele><time>2025-08-13T13:50:02.000Z</time></trkpt>
<trkpt lat="30.68586944520467" lon="104.1010635625804"><ele>488</ele><time>2025-08-13T13:50:04.000Z</time></trkpt>
<trkpt lat="30.68577278897589" lon="104.1011416695763"><ele>489</ele><time>2025-08-13T13:50:06.000Z</time></trkpt>
<trkpt lat="30.68567595144894" lon="104.1012202204347"><ele>489</ele><time>2025-08-13T13:50:08.000Z</time></trkpt>
<trkpt lat="30.68556847095141" lon="104.1012835702297"><ele>488</ele><time>2025-08-13T13:50:10.000Z</time></trkpt>
<trkpt lat="30.68544861255988" lon="104.1013339455457"><ele>488</ele><time>2025-08-13T13:50:12.000Z</time></trkpt>
<trkpt lat="30.68532571909509" lon="104.1013652985126"><ele>489</ele><time>2025-08-13T13:50:14.000Z</time></trkpt>
<trkpt lat="30.68520167312336" lon="104.1014138306013"><ele>489</ele><time>2025-08-13T13:50:16.000Z</time></trkpt>
<trkpt lat="30.68509187533592" lon="104.1014645198293"><ele>487</ele><time>2025-08-13T13:50:18.000Z</time></trkpt>
<trkpt lat="30.68497827241907" lon="104.1015194870335"><ele>489</ele><time>2025-08-13T13:50:20.000Z</time></trkpt>
<trkpt lat="30.68487073433306" lon="104.1015883594201"><ele>489</ele><time>2025-08-13T13:50:22.000Z</time></trkpt>
<trkpt lat="30.68475133588404" lon="104.1016498432064"><ele>490</ele><time>2025-08-13T13:50:24.000Z</time></trkpt>
<trkpt lat="30.68463529930001" lon="104.1017247568776"><ele>490</ele><time>2025-08-13T13:50:26.000Z</time></trkpt>
<trkpt lat="30.68451416529888" lon="104.1017948101412"><ele>489</ele><time>2025-08-13T13:50:28.000Z</time></trkpt>
<trkpt lat="30.68439399585981" lon="104.1018651365998"><ele>489</ele><time>2025-08-13T13:50:30.000Z</time></trkpt>
<trkpt lat="30.68427464320602" lon="104.1019295538573"><ele>489</ele><time>2025-08-13T13:50:32.000Z</time></trkpt>
<trkpt lat="30.684158282119" lon="104.1019953505106"><ele>488</ele><time>2025-08-13T13:50:34.000Z</time></trkpt>
<trkpt lat="30.6840402413691" lon="104.1020645130227"><ele>488</ele><time>2025-08-13T13:50:36.000Z</time></trkpt>
<trkpt lat="30.68392683882983" lon="104.1021266335197"><ele>489</ele><time>2025-08-13T13:50:38.000Z</time></trkpt>
<trkpt lat="30.68381799305803" lon="104.1021976024005"><ele>489</ele><time>2025-08-13T13:50:40.000Z</time></trkpt>
<trkpt lat="30.68370336288534" lon="104.1022590895641"><ele>489</ele><time>2025-08-13T13:50:42.000Z</time></trkpt>
<trkpt lat="30.68358998450414" lon="104.1023207855078"><ele>490</ele><time>2025-08-13T13:50:44.000Z</time></trkpt>
<trkpt lat="30.6834721615037" lon="104.1023776466486"><ele>490</ele><time>2025-08-13T13:50:46.000Z</time></trkpt>
<trkpt lat="30.68335575585272" lon="104.1024413502459"><ele>490</ele><time>2025-08-13T13:50:48.000Z</time></trkpt>
<trkpt lat="30.68324193613283" lon="104.1025083641706"><ele>490</ele><time>2025-08-13T13:50:50.000Z</time></trkpt>
<trkpt lat="30.68312274905953" lon="104.1025801431152"><ele>490</ele><time>2025-08-13T13:50:52.000Z</time></trkpt>
<trkpt lat="30.68301500255838" lon="104.1026453556962"><ele>490</ele><time>2025-08-13T13:50:54.000Z</time></trkpt>
<trkpt lat="30.68290584658296" lon="104.1027071047815"><ele>490</ele><time>2025-08-13T13:50:56.000Z</time></trkpt>
<trkpt lat="30.68279004812954" lon="104.1027712371685"><ele>490</ele><time>2025-08-13T13:50:58.000Z</time></trkpt>
<trkpt lat="30.68267817350468" lon="104.1028339398452"><ele>491</ele><time>2025-08-13T13:51:00.000Z</time></trkpt>
<trkpt lat="30.68257747371115" lon="104.1029083837651"><ele>491</ele><time>2025-08-13T13:51:02.000Z</time></trkpt>
<trkpt lat="30.68248448050277" lon="104.1029988712229"><ele>491</ele><time>2025-08-13T13:51:04.000Z</time></trkpt>
<trkpt lat="30.68239232412377" lon="104.1030889941065"><ele>491</ele><time>2025-08-13T13:51:06.000Z</time></trkpt>
<trkpt lat="30.68228396745926" lon="104.1031494039776"><ele>491</ele><time>2025-08-13T13:51:08.000Z</time></trkpt>
<trkpt lat="30.68218584185117" lon="104.1032337559052"><ele>491</ele><time>2025-08-13T13:51:10.000Z</time></trkpt>
<trkpt lat="30.6820777893496" lon="104.1033076408299"><ele>491</ele><time>2025-08-13T13:51:12.000Z</time></trkpt>
<trkpt lat="30.68195998698659" lon="104.1033580023266"><ele>491</ele><time>2025-08-13T13:51:14.000Z</time></trkpt>
<trkpt lat="30.68185963244544" lon="104.1033907895285"><ele>491</ele><time>2025-08-13T13:51:16.000Z</time></trkpt>
<trkpt lat="30.6817382450699" lon="104.1034640879779"><ele>491</ele><time>2025-08-13T13:51:18.000Z</time></trkpt>
<trkpt lat="30.68162028989006" lon="104.1035165352196"><ele>491</ele><time>2025-08-13T13:51:20.000Z</time></trkpt>
<trkpt lat="30.68150825964036" lon="104.1035524313774"><ele>491</ele><time>2025-08-13T13:51:22.000Z</time></trkpt>
<trkpt lat="30.68140923659245" lon="104.1036104719012"><ele>491</ele><time>2025-08-13T13:51:24.000Z</time></trkpt>
<trkpt lat="30.68129922299631" lon="104.1036847166843"><ele>491</ele><time>2025-08-13T13:51:26.000Z</time></trkpt>
<trkpt lat="30.68118816799485" lon="104.1037492547571"><ele>491</ele><time>2025-08-13T13:51:28.000Z</time></trkpt>
<trkpt lat="30.6810793408924" lon="104.1038107666035"><ele>491</ele><time>2025-08-13T13:51:30.000Z</time></trkpt>
<trkpt lat="30.68097136536162" lon="104.1038829201432"><ele>491</ele><time>2025-08-13T13:51:32.000Z</time></trkpt>
<trkpt lat="30.6808621263407" lon="104.103949644615"><ele>491</ele><time>2025-08-13T13:51:34.000Z</time></trkpt>
<trkpt lat="30.6807605384079" lon="104.1040372420778"><ele>491</ele><time>2025-08-13T13:51:36.000Z</time></trkpt>
<trkpt lat="30.68064739854006" lon="104.1041062985893"><ele>491</ele><time>2025-08-13T13:51:38.000Z</time></trkpt>
<trkpt lat="30.68052611264007" lon="104.1041549412169"><ele>492</ele><time>2025-08-13T13:51:40.000Z</time></trkpt>
<trkpt lat="30.68040779024734" lon="104.1042153325292"><ele>491</ele><time>2025-08-13T13:51:42.000Z</time></trkpt>
<trkpt lat="30.68029835997101" lon="104.1042793509709"><ele>491</ele><time>2025-08-13T13:51:44.000Z</time></trkpt>
<trkpt lat="30.68018436772429" lon="104.1043543852186"><ele>491</ele><time>2025-08-13T13:51:46.000Z</time></trkpt>
<trkpt lat="30.68006323583969" lon="104.1044202421636"><ele>491</ele><time>2025-08-13T13:51:48.000Z</time></trkpt>
<trkpt lat="30.67994364296126" lon="104.1044886502573"><ele>491</ele><time>2025-08-13T13:51:50.000Z</time></trkpt>
<trkpt lat="30.67982308645257" lon="104.1045564013178"><ele>491</ele><time>2025-08-13T13:51:52.000Z</time></trkpt>
<trkpt lat="30.67970302612986" lon="104.1046265381461"><ele>491</ele><time>2025-08-13T13:51:54.000Z</time></trkpt>
<trkpt lat="30.67958421803877" lon="104.1046920002603"><ele>491</ele><time>2025-08-13T13:51:56.000Z</time></trkpt>
<trkpt lat="30.67946515277114" lon="104.1047613654161"><ele>491</ele><time>2025-08-13T13:51:58.000Z</time></trkpt>
<trkpt lat="30.67934948972383" lon="104.1048293773285"><ele>491</ele><time>2025-08-13T13:52:00.000Z</time></trkpt>
<trkpt lat="30.67922845897249" lon="104.1048948122772"><ele>491</ele><time>2025-08-13T13:52:02.000Z</time></trkpt>
<trkpt lat="30.67910304492692" lon="104.1049650956037"><ele>491</ele><time>2025-08-13T13:52:04.000Z</time></trkpt>
<trkpt lat="30.67897340924596" lon="104.1050260418107"><ele>491</ele><time>2025-08-13T13:52:06.000Z</time></trkpt>
<trkpt lat="30.67884711001469" lon="104.1050980044669"><ele>491</ele><time>2025-08-13T13:52:08.000Z</time></trkpt>
<trkpt lat="30.67872693979266" lon="104.1051770009382"><ele>491</ele><time>2025-08-13T13:52:10.000Z</time></trkpt>
<trkpt lat="30.6786061018809" lon="104.1052472143131"><ele>491</ele><time>2025-08-13T13:52:12.000Z</time></trkpt>
<trkpt lat="30.67848930766191" lon="104.1053211847089"><ele>491</ele><time>2025-08-13T13:52:14.000Z</time></trkpt>
<trkpt lat="30.67836852655383" lon="104.1053937854651"><ele>491</ele><time>2025-08-13T13:52:16.000Z</time></trkpt>
<trkpt lat="30.67825290868726" lon="104.1054658379302"><ele>491</ele><time>2025-08-13T13:52:18.000Z</time></trkpt>
<trkpt lat="30.67813011634345" lon="104.1055317546674"><ele>491</ele><time>2025-08-13T13:52:20.000Z</time></trkpt>
<trkpt lat="30.67801134002677" lon="104.1055946200366"><ele>491</ele><time>2025-08-13T13:52:22.000Z</time></trkpt>
<trkpt lat="30.67790024543488" lon="104.1056629643591"><ele>491</ele><time>2025-08-13T13:52:24.000Z</time></trkpt>
<trkpt lat="30.67780142619925" lon="104.1057455966216"><ele>491</ele><time>2025-08-13T13:52:26.000Z</time></trkpt>
<trkpt lat="30.67768010753571" lon="104.105797116234"><ele>491</ele><time>2025-08-13T13:52:28.000Z</time></trkpt>
<trkpt lat="30.67755152378103" lon="104.1058489836973"><ele>491</ele><time>2025-08-13T13:52:30.000Z</time></trkpt>
<trkpt lat="30.67742583616574" lon="104.1059042908383"><ele>490</ele><time>2025-08-13T13:52:32.000Z</time></trkpt>
<trkpt lat="30.67729493350561" lon="104.1059778334216"><ele>490</ele><time>2025-08-13T13:52:34.000Z</time></trkpt>
<trkpt lat="30.67716796289289" lon="104.1060331981066"><ele>490</ele><time>2025-08-13T13:52:36.000Z</time></trkpt>
<trkpt lat="30.67705882146828" lon="104.106065685911"><ele>490</ele><time>2025-08-13T13:52:38.000Z</time></trkpt>
<trkpt lat="30.67694546083624" lon="104.1061455848908"><ele>490</ele><time>2025-08-13T13:52:40.000Z</time></trkpt>
<trkpt lat="30.67680536023472" lon="104.1061708535436"><ele>490</ele><time>2025-08-13T13:52:42.000Z</time></trkpt>
<trkpt lat="30.67666719826615" lon="104.1061838391137"><ele>490</ele><time>2025-08-13T13:52:44.000Z</time></trkpt>
<trkpt lat="30.67652737108744" lon="104.106211397592"><ele>490</ele><time>2025-08-13T13:52:46.000Z</time></trkpt>
<trkpt lat="30.67641304915129" lon="104.1062374230713"><ele>490</ele><time>2025-08-13T13:52:48.000Z</time></trkpt>
<trkpt lat="30.67627865973712" lon="104.1062545663885"><ele>490</ele><time>2025-08-13T13:52:50.000Z</time></trkpt>
<trkpt lat="30.67618671512799" lon="104.1062706410362"><ele>491</ele><time>2025-08-13T13:52:51.000Z</time></trkpt>
<trkpt lat="30.67605297983734" lon="104.1062689187836"><ele>491</ele><time>2025-08-13T13:52:53.000Z</time></trkpt>
<trkpt lat="30.6759049295851" lon="104.1062562558537"><ele>491</ele><time>2025-08-13T13:52:55.000Z</time></trkpt>
<trkpt lat="30.67583999682326" lon="104.1063810906194"><ele>491</ele><time>2025-08-13T13:52:56.000Z</time></trkpt>
<trkpt lat="30.6757355387902" lon="104.1063349956301"><ele>491</ele><time>2025-08-13T13:52:57.000Z</time></trkpt>
<trkpt lat="30.67562872716204" lon="104.1063298775636"><ele>491</ele><time>2025-08-13T13:52:58.000Z</time></trkpt>
<trkpt lat="30.67547554575198" lon="104.1063671998008"><ele>491</ele><time>2025-08-13T13:53:00.000Z</time></trkpt>
<trkpt lat="30.67545858030835" lon="104.106537192055"><ele>490</ele><time>2025-08-13T13:53:01.000Z</time></trkpt>
<trkpt lat="30.67532505162016" lon="104.1065917848121"><ele>490</ele><time>2025-08-13T13:53:03.000Z</time></trkpt>
<trkpt lat="30.67517935163007" lon="104.1066513682384"><ele>490</ele><time>2025-08-13T13:53:05.000Z</time></trkpt>
<trkpt lat="30.67504439048325" lon="104.1067072916016"><ele>490</ele><time>2025-08-13T13:53:07.000Z</time></trkpt>
<trkpt lat="30.67491304238946" lon="104.1067686339547"><ele>490</ele><time>2025-08-13T13:53:09.000Z</time></trkpt>
<trkpt lat="30.67476882849827" lon="104.1068339527248"><ele>490</ele><time>2025-08-13T13:53:11.000Z</time></trkpt>
<trkpt lat="30.67469062133357" lon="104.1069086207724"><ele>490</ele><time>2025-08-13T13:53:12.000Z</time></trkpt>
<trkpt lat="30.67456869166444" lon="104.1069619418378"><ele>490</ele><time>2025-08-13T13:53:14.000Z</time></trkpt>
<trkpt lat="30.67443786359805" lon="104.1070229293956"><ele>490</ele><time>2025-08-13T13:53:16.000Z</time></trkpt>
<trkpt lat="30.67431533617255" lon="104.1070820444312"><ele>490</ele><time>2025-08-13T13:53:18.000Z</time></trkpt>
<trkpt lat="30.67418945219054" lon="104.107142774485"><ele>490</ele><time>2025-08-13T13:53:20.000Z</time></trkpt>
<trkpt lat="30.67406397720798" lon="104.1072033150482"><ele>490</ele><time>2025-08-13T13:53:22.000Z</time></trkpt>
<trkpt lat="30.67393894578326" lon="104.1072636417291"><ele>490</ele><time>2025-08-13T13:53:24.000Z</time></trkpt>
<trkpt lat="30.6738210637484" lon="104.1073205145554"><ele>490</ele><time>2025-08-13T13:53:26.000Z</time></trkpt>
<trkpt lat="30.67370541398116" lon="104.1073613044649"><ele>490</ele><time>2025-08-13T13:53:28.000Z</time></trkpt>
<trkpt lat="30.67359250051141" lon="104.1074044156039"><ele>490</ele><time>2025-08-13T13:53:30.000Z</time></trkpt>
<trkpt lat="30.67347487482995" lon="104.1074332490283"><ele>491</ele><time>2025-08-13T13:53:36.000Z</time></trkpt>
<trkpt lat="30.67368865887437" lon="104.1076626694107"><ele>490</ele><time>2025-08-13T13:53:37.000Z</time></trkpt>
<trkpt lat="30.67354790104024" lon="104.107359806288"><ele>490</ele><time>2025-08-13T13:53:38.000Z</time></trkpt>
<trkpt lat="30.67342512084364" lon="104.1073168389815"><ele>490</ele><time>2025-08-13T13:54:08.000Z</time></trkpt>
<trkpt lat="30.67331140676584" lon="104.1073916877855"><ele>490</ele><time>2025-08-13T13:54:11.000Z</time></trkpt>
<trkpt lat="30.67324058116485" lon="104.1075203864649"><ele>490</ele><time>2025-08-13T13:54:14.000Z</time></trkpt>
<trkpt lat="30.67316689789606" lon="104.1075956118173"><ele>490</ele><time>2025-08-13T13:54:17.000Z</time></trkpt>
<trkpt lat="30.67305676702887" lon="104.1076264691966"><ele>490</ele><time>2025-08-13T13:54:19.000Z</time></trkpt>
<trkpt lat="30.67294398544289" lon="104.1076490613096"><ele>490</ele><time>2025-08-13T13:54:21.000Z</time></trkpt>
<trkpt lat="30.67283131963263" lon="104.1076873246376"><ele>490</ele><time>2025-08-13T13:54:23.000Z</time></trkpt>
<trkpt lat="30.67273607985478" lon="104.1077193808608"><ele>490</ele><time>2025-08-13T13:54:25.000Z</time></trkpt>
<trkpt lat="30.67262961876366" lon="104.1077460459908"><ele>490</ele><time>2025-08-13T13:54:27.000Z</time></trkpt>
<trkpt lat="30.67251711160304" lon="104.1077962853068"><ele>490</ele><time>2025-08-13T13:54:29.000Z</time></trkpt>
<trkpt lat="30.67241449674842" lon="104.1078698330865"><ele>490</ele><time>2025-08-13T13:54:31.000Z</time></trkpt>
<trkpt lat="30.6723018030691" lon="104.1079244671997"><ele>489</ele><time>2025-08-13T13:54:33.000Z</time></trkpt>
<trkpt lat="30.67218272809509" lon="104.1079521237744"><ele>489</ele><time>2025-08-13T13:54:35.000Z</time></trkpt>
<trkpt lat="30.67204691408989" lon="104.1079734906735"><ele>489</ele><time>2025-08-13T13:54:37.000Z</time></trkpt>
<trkpt lat="30.67194228712573" lon="104.1080255463123"><ele>489</ele><time>2025-08-13T13:54:39.000Z</time></trkpt>
<trkpt lat="30.67181611620616" lon="104.108063626288"><ele>489</ele><time>2025-08-13T13:54:41.000Z</time></trkpt>
<trkpt lat="30.6716961957027" lon="104.1081034737077"><ele>489</ele><time>2025-08-13T13:54:43.000Z</time></trkpt>
<trkpt lat="30.67157446593833" lon="104.108146350452"><ele>489</ele><time>2025-08-13T13:54:45.000Z</time></trkpt>
<trkpt lat="30.6714587825896" lon="104.1081890434348"><ele>489</ele><time>2025-08-13T13:54:47.000Z</time></trkpt>
<trkpt lat="30.67135939308549" lon="104.1082646266683"><ele>489</ele><time>2025-08-13T13:54:49.000Z</time></trkpt>
<trkpt lat="30.6712613069266" lon="104.1083830690714"><ele>489</ele><time>2025-08-13T13:54:51.000Z</time></trkpt>
<trkpt lat="30.67114969809428" lon="104.1084276393796"><ele>489</ele><time>2025-08-13T13:54:53.000Z</time></trkpt>
<trkpt lat="30.67103272661633" lon="104.1084743479988"><ele>489</ele><time>2025-08-13T13:54:55.000Z</time></trkpt>
<trkpt lat="30.67091619620839" lon="104.108520894526"><ele>489</ele><time>2025-08-13T13:54:57.000Z</time></trkpt>
<trkpt lat="30.67080670844198" lon="104.1085657637813"><ele>489</ele><time>2025-08-13T13:54:59.000Z</time></trkpt>
<trkpt lat="30.67069342195343" lon="104.1086203530573"><ele>489</ele><time>2025-08-13T13:55:01.000Z</time></trkpt>
<trkpt lat="30.67057999443127" lon="104.1086671535985"><ele>489</ele><time>2025-08-13T13:55:03.000Z</time></trkpt>
<trkpt lat="30.6704658781943" lon="104.1087112776335"><ele>489</ele><time>2025-08-13T13:55:05.000Z</time></trkpt>
<trkpt lat="30.67034836912395" lon="104.1087450984879"><ele>489</ele><time>2025-08-13T13:55:07.000Z</time></trkpt>
<trkpt lat="30.67023348287621" lon="104.1087920301898"><ele>489</ele><time>2025-08-13T13:55:09.000Z</time></trkpt>
<trkpt lat="30.67011626649168" lon="104.1088247679688"><ele>489</ele><time>2025-08-13T13:55:11.000Z</time></trkpt>
<trkpt lat="30.66999235489554" lon="104.1088707202496"><ele>489</ele><time>2025-08-13T13:55:13.000Z</time></trkpt>
<trkpt lat="30.66987056099638" lon="104.1089177307931"><ele>489</ele><time>2025-08-13T13:55:15.000Z</time></trkpt>
<trkpt lat="30.66974572907987" lon="104.1089585839098"><ele>488</ele><time>2025-08-13T13:55:17.000Z</time></trkpt>
<trkpt lat="30.66962148884021" lon="104.1090004630763"><ele>488</ele><time>2025-08-13T13:55:19.000Z</time></trkpt>
<trkpt lat="30.66950203880897" lon="104.1090454357243"><ele>489</ele><time>2025-08-13T13:55:21.000Z</time></trkpt>
<trkpt lat="30.66938470676692" lon="104.1090864806055"><ele>489</ele><time>2025-08-13T13:55:23.000Z</time></trkpt>
<trkpt lat="30.6692782834159" lon="104.1091387699334"><ele>489</ele><time>2025-08-13T13:55:25.000Z</time></trkpt>
<trkpt lat="30.66916101103456" lon="104.1091868516788"><ele>489</ele><time>2025-08-13T13:55:27.000Z</time></trkpt>
<trkpt lat="30.66904558380718" lon="104.1092294113915"><ele>489</ele><time>2025-08-13T13:55:29.000Z</time></trkpt>
<trkpt lat="30.66892164146877" lon="104.109248076922"><ele>489</ele><time>2025-08-13T13:55:31.000Z</time></trkpt>
<trkpt lat="30.66880406368132" lon="104.1093041337584"><ele>489</ele><time>2025-08-13T13:55:33.000Z</time></trkpt>
<trkpt lat="30.66867548174491" lon="104.1093268386288"><ele>489</ele><time>2025-08-13T13:55:35.000Z</time></trkpt>
<trkpt lat="30.66855070599376" lon="104.1093506200308"><ele>489</ele><time>2025-08-13T13:55:37.000Z</time></trkpt>
<trkpt lat="30.66843035123219" lon="104.1094030694939"><ele>489</ele><time>2025-08-13T13:55:39.000Z</time></trkpt>
<trkpt lat="30.66830768735483" lon="104.109452217184"><ele>489</ele><time>2025-08-13T13:55:41.000Z</time></trkpt>
<trkpt lat="30.66818880348962" lon="104.1095048184062"><ele>489</ele><time>2025-08-13T13:55:43.000Z</time></trkpt>
<trkpt lat="30.6680726363022" lon="104.1095710543515"><ele>489</ele><time>2025-08-13T13:55:45.000Z</time></trkpt>
<trkpt lat="30.6679131919735" lon="104.1095753418565"><ele>489</ele><time>2025-08-13T13:55:47.000Z</time></trkpt>
<trkpt lat="30.6678163258471" lon="104.1096396631179"><ele>488</ele><time>2025-08-13T13:55:49.000Z</time></trkpt>
<trkpt lat="30.66769861246492" lon="104.1096964860935"><ele>488</ele><time>2025-08-13T13:55:51.000Z</time></trkpt>
<trkpt lat="30.66757114319503" lon="104.1097385655047"><ele>488</ele><time>2025-08-13T13:55:53.000Z</time></trkpt>
<trkpt lat="30.66744494455853" lon="104.109786048909"><ele>488</ele><time>2025-08-13T13:55:55.000Z</time></trkpt>
<trkpt lat="30.66731507300099" lon="104.1098049165615"><ele>488</ele><time>2025-08-13T13:55:57.000Z</time></trkpt>
<trkpt lat="30.66720588605559" lon="104.1098620531954"><ele>488</ele><time>2025-08-13T13:56:00.000Z</time></trkpt>
<trkpt lat="30.66711383735778" lon="104.1098987994214"><ele>488</ele><time>2025-08-13T13:56:02.000Z</time></trkpt>
<trkpt lat="30.6670152003439" lon="104.1099332185042"><ele>488</ele><time>2025-08-13T13:56:04.000Z</time></trkpt>
<trkpt lat="30.66690634252087" lon="104.1099751155767"><ele>488</ele><time>2025-08-13T13:56:06.000Z</time></trkpt>
<trkpt lat="30.66679200020923" lon="104.1100056070643"><ele>488</ele><time>2025-08-13T13:56:08.000Z</time></trkpt>
<trkpt lat="30.66667976117687" lon="104.1100594998528"><ele>488</ele><time>2025-08-13T13:56:10.000Z</time></trkpt>
<trkpt lat="30.66657507260697" lon="104.1101278169901"><ele>488</ele><time>2025-08-13T13:56:12.000Z</time></trkpt>
<trkpt lat="30.66647982841396" lon="104.1102346193173"><ele>488</ele><time>2025-08-13T13:56:14.000Z</time></trkpt>
<trkpt lat="30.66639453709778" lon="104.1103063394302"><ele>488</ele><time>2025-08-13T13:56:16.000Z</time></trkpt>
<trkpt lat="30.66624277480092" lon="104.1103149781137"><ele>488</ele><time>2025-08-13T13:56:18.000Z</time></trkpt>
<trkpt lat="30.66611084257932" lon="104.1103639876092"><ele>488</ele><time>2025-08-13T13:56:20.000Z</time></trkpt>
<trkpt lat="30.66598920846635" lon="104.1103981140482"><ele>488</ele><time>2025-08-13T13:56:22.000Z</time></trkpt>
<trkpt lat="30.66586962845359" lon="104.110422703406"><ele>488</ele><time>2025-08-13T13:56:24.000Z</time></trkpt>
<trkpt lat="30.66574808128466" lon="104.1104535814204"><ele>488</ele><time>2025-08-13T13:56:26.000Z</time></trkpt>
<trkpt lat="30.66563621641479" lon="104.1104970496187"><ele>488</ele><time>2025-08-13T13:56:28.000Z</time></trkpt>
<trkpt lat="30.66552657900059" lon="104.1105458115089"><ele>488</ele><time>2025-08-13T13:56:30.000Z</time></trkpt>
<trkpt lat="30.66541378041993" lon="104.110589513228"><ele>488</ele><time>2025-08-13T13:56:32.000Z</time></trkpt>
<trkpt lat="30.66529924604432" lon="104.110632693835"><ele>488</ele><time>2025-08-13T13:56:34.000Z</time></trkpt>
<trkpt lat="30.66519656021614" lon="104.1106785304268"><ele>488</ele><time>2025-08-13T13:56:36.000Z</time></trkpt>
<trkpt lat="30.6650781268614" lon="104.1107099120448"><ele>488</ele><time>2025-08-13T13:56:38.000Z</time></trkpt>
<trkpt lat="30.66496681831651" lon="104.1107501574763"><ele>488</ele><time>2025-08-13T13:56:40.000Z</time></trkpt>
<trkpt lat="30.66486450673385" lon="104.1107930002461"><ele>488</ele><time>2025-08-13T13:56:42.000Z</time></trkpt>
<trkpt lat="30.66476034305914" lon="104.1108749144796"><ele>488</ele><time>2025-08-13T13:56:44.000Z</time></trkpt>
<trkpt lat="30.66465773873661" lon="104.1109185793699"><ele>488</ele><time>2025-08-13T13:56:46.000Z</time></trkpt>
<trkpt lat="30.66453549414526" lon="104.1109653693652"><ele>488</ele><time>2025-08-13T13:56:48.000Z</time></trkpt>
<trkpt lat="30.66441522838035" lon="104.1109778408268"><ele>487</ele><time>2025-08-13T13:56:50.000Z</time></trkpt>
<trkpt lat="30.66430878211134" lon="104.1110286619593"><ele>487</ele><time>2025-08-13T13:56:52.000Z</time></trkpt>
<trkpt lat="30.66419629599462" lon="104.1110712402716"><ele>487</ele><time>2025-08-13T13:56:54.000Z</time></trkpt>
<trkpt lat="30.66409214082228" lon="104.1111386789884"><ele>487</ele><time>2025-08-13T13:56:56.000Z</time></trkpt>
<trkpt lat="30.66397368011119" lon="104.1111704278185"><ele>487</ele><time>2025-08-13T13:56:58.000Z</time></trkpt>
<trkpt lat="30.663875738031" lon="104.1112212422538"><ele>487</ele><time>2025-08-13T13:57:00.000Z</time></trkpt>
<trkpt lat="30.66376691200481" lon="104.1112627933783"><ele>487</ele><time>2025-08-13T13:57:02.000Z</time></trkpt>
<trkpt lat="30.663638035726" lon="104.1112422172134"><ele>487</ele><time>2025-08-13T13:57:04.000Z</time></trkpt>
<trkpt lat="30.66353111474406" lon="104.1112892752485"><ele>487</ele><time>2025-08-13T13:57:06.000Z</time></trkpt>
<trkpt lat="30.66343271978216" lon="104.1113666311053"><ele>487</ele><time>2025-08-13T13:57:08.000Z</time></trkpt>
<trkpt lat="30.66334057497274" lon="104.1114462824792"><ele>487</ele><time>2025-08-13T13:57:10.000Z</time></trkpt>
<trkpt lat="30.66323399532455" lon="104.1114950668714"><ele>487</ele><time>2025-08-13T13:57:12.000Z</time></trkpt>
<trkpt lat="30.66312421365398" lon="104.1115444022695"><ele>487</ele><time>2025-08-13T13:57:14.000Z</time></trkpt>
<trkpt lat="30.66302105316574" lon="104.1115990164104"><ele>487</ele><time>2025-08-13T13:57:16.000Z</time></trkpt>
<trkpt lat="30.66290660216931" lon="104.1116550353577"><ele>487</ele><time>2025-08-13T13:57:18.000Z</time></trkpt>
<trkpt lat="30.66278471734086" lon="104.1117019487283"><ele>487</ele><time>2025-08-13T13:57:20.000Z</time></trkpt>
<trkpt lat="30.6626681794722" lon="104.1117477580055"><ele>487</ele><time>2025-08-13T13:57:22.000Z</time></trkpt>
<trkpt lat="30.66254428827417" lon="104.1117921635461"><ele>487</ele><time>2025-08-13T13:57:24.000Z</time></trkpt>
<trkpt lat="30.66242460826208" lon="104.1118419774602"><ele>487</ele><time>2025-08-13T13:57:26.000Z</time></trkpt>
<trkpt lat="30.66230754010171" lon="104.1118893867681"><ele>487</ele><time>2025-08-13T13:57:28.000Z</time></trkpt>
<trkpt lat="30.6622070005014" lon="104.1119901069598"><ele>487</ele><time>2025-08-13T13:57:30.000Z</time></trkpt>
<trkpt lat="30.6620900618437" lon="104.1120426556938"><ele>487</ele><time>2025-08-13T13:57:32.000Z</time></trkpt>
<trkpt lat="30.66196767373422" lon="104.112083013975"><ele>487</ele><time>2025-08-13T13:57:34.000Z</time></trkpt>
<trkpt lat="30.66184924372906" lon="104.1121227898947"><ele>487</ele><time>2025-08-13T13:57:36.000Z</time></trkpt>
<trkpt lat="30.66172071819897" lon="104.1121204550183"><ele>487</ele><time>2025-08-13T13:57:38.000Z</time></trkpt>
<trkpt lat="30.66159774121413" lon="104.1121511759215"><ele>487</ele><time>2025-08-13T13:57:40.000Z</time></trkpt>
<trkpt lat="30.6614827264767" lon="104.1122213663211"><ele>487</ele><time>2025-08-13T13:57:42.000Z</time></trkpt>
<trkpt lat="30.66135986423372" lon="104.112248849446"><ele>487</ele><time>2025-08-13T13:57:44.000Z</time></trkpt>
<trkpt lat="30.66125009520998" lon="104.1122659743337"><ele>487</ele><time>2025-08-13T13:57:46.000Z</time></trkpt>
<trkpt lat="30.66112603481889" lon="104.1122902077207"><ele>487</ele><time>2025-08-13T13:57:48.000Z</time></trkpt>
<trkpt lat="30.66098996927282" lon="104.1122856916606"><ele>487</ele><time>2025-08-13T13:57:50.000Z</time></trkpt>
<trkpt lat="30.66085792796544" lon="104.1122804045066"><ele>487</ele><time>2025-08-13T13:57:52.000Z</time></trkpt>
<trkpt lat="30.66073199805125" lon="104.1122605558746"><ele>486</ele><time>2025-08-13T13:57:54.000Z</time></trkpt>
<trkpt lat="30.66060240515979" lon="104.1122586185044"><ele>486</ele><time>2025-08-13T13:57:56.000Z</time></trkpt>
<trkpt lat="30.66047051962417" lon="104.1122706518763"><ele>486</ele><time>2025-08-13T13:57:58.000Z</time></trkpt>
<trkpt lat="30.66033373097532" lon="104.1122749408032"><ele>486</ele><time>2025-08-13T13:58:00.000Z</time></trkpt>
<trkpt lat="30.66019941089873" lon="104.1122788550891"><ele>486</ele><time>2025-08-13T13:58:02.000Z</time></trkpt>
<trkpt lat="30.66006600528197" lon="104.1122818203701"><ele>486</ele><time>2025-08-13T13:58:04.000Z</time></trkpt>
<trkpt lat="30.65993605471196" lon="104.1122645622685"><ele>487</ele><time>2025-08-13T13:58:06.000Z</time></trkpt>
<trkpt lat="30.65979652884272" lon="104.1122605119255"><ele>487</ele><time>2025-08-13T13:58:08.000Z</time></trkpt>
<trkpt lat="30.65966226038845" lon="104.1122234856234"><ele>487</ele><time>2025-08-13T13:58:10.000Z</time></trkpt>
<trkpt lat="30.65953333455537" lon="104.1122222296839"><ele>487</ele><time>2025-08-13T13:58:12.000Z</time></trkpt>
<trkpt lat="30.65940400543859" lon="104.1122463465625"><ele>487</ele><time>2025-08-13T13:58:14.000Z</time></trkpt>
<trkpt lat="30.65926623983522" lon="104.1122612772894"><ele>486</ele><time>2025-08-13T13:58:16.000Z</time></trkpt>
<trkpt lat="30.65913336362963" lon="104.1122525095579"><ele>487</ele><time>2025-08-13T13:58:18.000Z</time></trkpt>
<trkpt lat="30.65899999321585" lon="104.1122754093688"><ele>487</ele><time>2025-08-13T13:58:20.000Z</time></trkpt>
<trkpt lat="30.65886750186743" lon="104.1122743597697"><ele>486</ele><time>2025-08-13T13:58:22.000Z</time></trkpt>
<trkpt lat="30.65872206939084" lon="104.1122713946564"><ele>486</ele><time>2025-08-13T13:58:24.000Z</time></trkpt>
<trkpt lat="30.65858211402735" lon="104.1122623946336"><ele>486</ele><time>2025-08-13T13:58:26.000Z</time></trkpt>
<trkpt lat="30.65845815726431" lon="104.1122519720532"><ele>486</ele><time>2025-08-13T13:58:28.000Z</time></trkpt>
<trkpt lat="30.65831177653518" lon="104.1122647173395"><ele>486</ele><time>2025-08-13T13:58:30.000Z</time></trkpt>
<trkpt lat="30.65817012306645" lon="104.1122593332699"><ele>486</ele><time>2025-08-13T13:58:32.000Z</time></trkpt>
<trkpt lat="30.65802788287369" lon="104.1122724342185"><ele>486</ele><time>2025-08-13T13:58:34.000Z</time></trkpt>
<trkpt lat="30.65790192224181" lon="104.1122949108545"><ele>486</ele><time>2025-08-13T13:58:36.000Z</time></trkpt>
<trkpt lat="30.65775906063619" lon="104.1122468527817"><ele>486</ele><time>2025-08-13T13:58:38.000Z</time></trkpt>
<trkpt lat="30.65762254617372" lon="104.1122475702752"><ele>486</ele><time>2025-08-13T13:58:40.000Z</time></trkpt>
<trkpt lat="30.65747653501676" lon="104.1122241467547"><ele>486</ele><time>2025-08-13T13:58:42.000Z</time></trkpt>
<trkpt lat="30.65733832121373" lon="104.1122162824861"><ele>486</ele><time>2025-08-13T13:58:44.000Z</time></trkpt>
<trkpt lat="30.65719398808809" lon="104.1122196925572"><ele>486</ele><time>2025-08-13T13:58:46.000Z</time></trkpt>
<trkpt lat="30.65704606373479" lon="104.1122133512657"><ele>486</ele><time>2025-08-13T13:58:48.000Z</time></trkpt>
<trkpt lat="30.65690632256152" lon="104.1122154877224"><ele>486</ele><time>2025-08-13T13:58:50.000Z</time></trkpt>
<trkpt lat="30.65676339535283" lon="104.1122209251551"><ele>486</ele><time>2025-08-13T13:58:52.000Z</time></trkpt>
<trkpt lat="30.65662445644609" lon="104.1122207854339"><ele>486</ele><time>2025-08-13T13:58:54.000Z</time></trkpt>
<trkpt lat="30.65648959361452" lon="104.1122209674743"><ele>485</ele><time>2025-08-13T13:58:56.000Z</time></trkpt>
<trkpt lat="30.65635813971346" lon="104.1122312018844"><ele>485</ele><time>2025-08-13T13:58:58.000Z</time></trkpt>
<trkpt lat="30.65622450743012" lon="104.1122465727814"><ele>485</ele><time>2025-08-13T13:59:00.000Z</time></trkpt>
<trkpt lat="30.6560888370406" lon="104.1122428456835"><ele>485</ele><time>2025-08-13T13:59:02.000Z</time></trkpt>
<trkpt lat="30.65595560507997" lon="104.1122306524645"><ele>486</ele><time>2025-08-13T13:59:04.000Z</time></trkpt>
<trkpt lat="30.65583297283718" lon="104.112211188715"><ele>486</ele><time>2025-08-13T13:59:06.000Z</time></trkpt>
<trkpt lat="30.6556968520619" lon="104.1122135259065"><ele>485</ele><time>2025-08-13T13:59:08.000Z</time></trkpt>
<trkpt lat="30.65556303603921" lon="104.1122145934078"><ele>487</ele><time>2025-08-13T13:59:10.000Z</time></trkpt>
<trkpt lat="30.65543641667943" lon="104.1122115180654"><ele>485</ele><time>2025-08-13T13:59:12.000Z</time></trkpt>
<trkpt lat="30.65530958384249" lon="104.1122082029647"><ele>484</ele><time>2025-08-13T13:59:14.000Z</time></trkpt>
<trkpt lat="30.6551745073457" lon="104.1122046785756"><ele>485</ele><time>2025-08-13T13:59:16.000Z</time></trkpt>
<trkpt lat="30.65503707934043" lon="104.1122010857925"><ele>485</ele><time>2025-08-13T13:59:18.000Z</time></trkpt>
<trkpt lat="30.65490247772026" lon="104.1121976067524"><ele>486</ele><time>2025-08-13T13:59:20.000Z</time></trkpt>
<trkpt lat="30.65479031289893" lon="104.1121947169409"><ele>485</ele><time>2025-08-13T13:59:22.000Z</time></trkpt>
<trkpt lat="30.65467038529779" lon="104.112192608299"><ele>485</ele><time>2025-08-13T13:59:24.000Z</time></trkpt>
<trkpt lat="30.65454807117393" lon="104.1120935326595"><ele>485</ele><time>2025-08-13T13:59:26.000Z</time></trkpt>
<trkpt lat="30.65439291727315" lon="104.1121162421958"><ele>485</ele><time>2025-08-13T13:59:28.000Z</time></trkpt>
<trkpt lat="30.65426623499327" lon="104.112083196638"><ele>485</ele><time>2025-08-13T13:59:30.000Z</time></trkpt>
<trkpt lat="30.65420209761113" lon="104.1121826611798"><ele>486</ele><time>2025-08-13T13:59:31.000Z</time></trkpt>
<trkpt lat="30.65412531269282" lon="104.1120578656066"><ele>485</ele><time>2025-08-13T13:59:32.000Z</time></trkpt>
<trkpt lat="30.65397786039201" lon="104.1120461577514"><ele>485</ele><time>2025-08-13T13:59:34.000Z</time></trkpt>
<trkpt lat="30.65384515410841" lon="104.1120101960602"><ele>485</ele><time>2025-08-13T13:59:36.000Z</time></trkpt>
<trkpt lat="30.65370966000565" lon="104.1119752271398"><ele>485</ele><time>2025-08-13T13:59:38.000Z</time></trkpt>
<trkpt lat="30.65359826106879" lon="104.111969988408"><ele>485</ele><time>2025-08-13T13:59:41.000Z</time></trkpt>
<trkpt lat="30.65355208783168" lon="104.1120733083669"><ele>485</ele><time>2025-08-13T13:59:49.000Z</time></trkpt>
<trkpt lat="30.653604070693" lon="104.1118738477796"><ele>485</ele><time>2025-08-13T14:00:06.000Z</time></trkpt>
<trkpt lat="30.65354301952866" lon="104.1117958511568"><ele>485</ele><time>2025-08-13T14:01:08.000Z</time></trkpt>
<trkpt lat="30.65344220969365" lon="104.1117655903431"><ele>485</ele><time>2025-08-13T14:01:31.000Z</time></trkpt>
<trkpt lat="30.65334702092943" lon="104.1117296826321"><ele>485</ele><time>2025-08-13T14:01:34.000Z</time></trkpt>
<trkpt lat="30.65324224752986" lon="104.1117025951399"><ele>485</ele><time>2025-08-13T14:01:37.000Z</time></trkpt>
<trkpt lat="30.65313667749781" lon="104.1116500258056"><ele>486</ele><time>2025-08-13T14:01:42.000Z</time></trkpt>
<trkpt lat="30.65300017099455" lon="104.1116527709339"><ele>486</ele><time>2025-08-13T14:01:45.000Z</time></trkpt>
<trkpt lat="30.65290332081408" lon="104.1116153493345"><ele>486</ele><time>2025-08-13T14:01:47.000Z</time></trkpt>
<trkpt lat="30.6528075671192" lon="104.1117021623093"><ele>486</ele><time>2025-08-13T14:01:48.000Z</time></trkpt>
<trkpt lat="30.65265602221825" lon="104.1116073400038"><ele>486</ele><time>2025-08-13T14:01:51.000Z</time></trkpt>
<trkpt lat="30.65255644897996" lon="104.1115395671642"><ele>486</ele><time>2025-08-13T14:01:53.000Z</time></trkpt>
<trkpt lat="30.65244378003626" lon="104.1114664915237"><ele>486</ele><time>2025-08-13T14:01:55.000Z</time></trkpt>
<trkpt lat="30.65232323826194" lon="104.1113862601593"><ele>487</ele><time>2025-08-13T14:01:57.000Z</time></trkpt>
<trkpt lat="30.65219587809896" lon="104.111308965968"><ele>487</ele><time>2025-08-13T14:01:59.000Z</time></trkpt>
<trkpt lat="30.65206897801301" lon="104.1112266974185"><ele>487</ele><time>2025-08-13T14:02:01.000Z</time></trkpt>
<trkpt lat="30.65194791073281" lon="104.1111514731521"><ele>487</ele><time>2025-08-13T14:02:03.000Z</time></trkpt>
<trkpt lat="30.65181483958679" lon="104.1110763545928"><ele>487</ele><time>2025-08-13T14:02:05.000Z</time></trkpt>
<trkpt lat="30.65169147620997" lon="104.1109909144876"><ele>487</ele><time>2025-08-13T14:02:07.000Z</time></trkpt>
<trkpt lat="30.6515636979969" lon="104.1109378948419"><ele>488</ele><time>2025-08-13T14:02:09.000Z</time></trkpt>
<trkpt lat="30.65146622995733" lon="104.1108825893252"><ele>488</ele><time>2025-08-13T14:02:11.000Z</time></trkpt>
<trkpt lat="30.65135373627905" lon="104.1108367312508"><ele>488</ele><time>2025-08-13T14:02:13.000Z</time></trkpt>
<trkpt lat="30.65122869035697" lon="104.1107707226845"><ele>489</ele><time>2025-08-13T14:02:15.000Z</time></trkpt>
<trkpt lat="30.65109738902139" lon="104.1106987410018"><ele>489</ele><time>2025-08-13T14:02:17.000Z</time></trkpt>
<trkpt lat="30.65096442559657" lon="104.1106292617669"><ele>489</ele><time>2025-08-13T14:02:19.000Z</time></trkpt>
<trkpt lat="30.65083318957262" lon="104.1105586276308"><ele>489</ele><time>2025-08-13T14:02:21.000Z</time></trkpt>
<trkpt lat="30.65069598252105" lon="104.1104851049378"><ele>489</ele><time>2025-08-13T14:02:23.000Z</time></trkpt>
<trkpt lat="30.650545543462" lon="104.1104101023249"><ele>488</ele><time>2025-08-13T14:02:25.000Z</time></trkpt>
<trkpt lat="30.65041476141338" lon="104.110325895599"><ele>488</ele><time>2025-08-13T14:02:27.000Z</time></trkpt>
<trkpt lat="30.65028343416979" lon="104.1102416759422"><ele>488</ele><time>2025-08-13T14:02:29.000Z</time></trkpt>
<trkpt lat="30.65016623134772" lon="104.1101543389793"><ele>488</ele><time>2025-08-13T14:02:31.000Z</time></trkpt>
<trkpt lat="30.65005132468583" lon="104.1100836134585"><ele>488</ele><time>2025-08-13T14:02:33.000Z</time></trkpt>
<trkpt lat="30.64993603950557" lon="104.1100205681455"><ele>488</ele><time>2025-08-13T14:02:35.000Z</time></trkpt>
<trkpt lat="30.64982249917838" lon="104.1099603345297"><ele>488</ele><time>2025-08-13T14:02:37.000Z</time></trkpt>
<trkpt lat="30.64971600449305" lon="104.1098966692318"><ele>489</ele><time>2025-08-13T14:02:39.000Z</time></trkpt>
<trkpt lat="30.64961620949322" lon="104.1098178019439"><ele>489</ele><time>2025-08-13T14:02:41.000Z</time></trkpt>
<trkpt lat="30.64951309150082" lon="104.109746157584"><ele>489</ele><time>2025-08-13T14:02:43.000Z</time></trkpt>
<trkpt lat="30.64940718849438" lon="104.1096641250308"><ele>488</ele><time>2025-08-13T14:02:45.000Z</time></trkpt>
<trkpt lat="30.64929022463545" lon="104.109584518521"><ele>488</ele><time>2025-08-13T14:02:47.000Z</time></trkpt>
<trkpt lat="30.64916359190011" lon="104.1095093448953"><ele>488</ele><time>2025-08-13T14:02:49.000Z</time></trkpt>
<trkpt lat="30.64903678569987" lon="104.1094396675852"><ele>488</ele><time>2025-08-13T14:02:51.000Z</time></trkpt>
<trkpt lat="30.64890950093758" lon="104.1093575369798"><ele>488</ele><time>2025-08-13T14:02:53.000Z</time></trkpt>
<trkpt lat="30.64878931167659" lon="104.109286379951"><ele>488</ele><time>2025-08-13T14:02:55.000Z</time></trkpt>
<trkpt lat="30.64866527561226" lon="104.1092046618659"><ele>488</ele><time>2025-08-13T14:02:57.000Z</time></trkpt>
<trkpt lat="30.64854161117978" lon="104.1091333540041"><ele>488</ele><time>2025-08-13T14:02:59.000Z</time></trkpt>
<trkpt lat="30.64841571781172" lon="104.1090630909709"><ele>488</ele><time>2025-08-13T14:03:01.000Z</time></trkpt>
<trkpt lat="30.64829267746133" lon="104.1089807631819"><ele>488</ele><time>2025-08-13T14:03:03.000Z</time></trkpt>
<trkpt lat="30.64817250308585" lon="104.1089064383203"><ele>488</ele><time>2025-08-13T14:03:05.000Z</time></trkpt>
<trkpt lat="30.64804857425776" lon="104.1088377127307"><ele>488</ele><time>2025-08-13T14:03:07.000Z</time></trkpt>
<trkpt lat="30.64792995874851" lon="104.1087591978041"><ele>488</ele><time>2025-08-13T14:03:09.000Z</time></trkpt>
<trkpt lat="30.64780633073299" lon="104.1086921577621"><ele>488</ele><time>2025-08-13T14:03:11.000Z</time></trkpt>
<trkpt lat="30.64768437116244" lon="104.1086160194807"><ele>488</ele><time>2025-08-13T14:03:13.000Z</time></trkpt>
<trkpt lat="30.64756583571778" lon="104.1085453164632"><ele>489</ele><time>2025-08-13T14:03:15.000Z</time></trkpt>
<trkpt lat="30.64745134412188" lon="104.108468710853"><ele>489</ele><time>2025-08-13T14:03:17.000Z</time></trkpt>
<trkpt lat="30.64733341168782" lon="104.1083897543455"><ele>489</ele><time>2025-08-13T14:03:19.000Z</time></trkpt>
<trkpt lat="30.64720998429478" lon="104.1083185676061"><ele>490</ele><time>2025-08-13T14:03:21.000Z</time></trkpt>
<trkpt lat="30.64708677114236" lon="104.1082453476864"><ele>490</ele><time>2025-08-13T14:03:23.000Z</time></trkpt>
<trkpt lat="30.64696747897463" lon="104.1081673734652"><ele>490</ele><time>2025-08-13T14:03:25.000Z</time></trkpt>
<trkpt lat="30.64685024913372" lon="104.1080821781668"><ele>489</ele><time>2025-08-13T14:03:27.000Z</time></trkpt>
<trkpt lat="30.64673314134108" lon="104.1079927678058"><ele>490</ele><time>2025-08-13T14:03:29.000Z</time></trkpt>
<trkpt lat="30.64663891976443" lon="104.107931006639"><ele>490</ele><time>2025-08-13T14:03:31.000Z</time></trkpt>
<trkpt lat="30.64652727326347" lon="104.1079184798162"><ele>489</ele><time>2025-08-13T14:03:34.000Z</time></trkpt>
<trkpt lat="30.64645068622633" lon="104.1078619881963"><ele>490</ele><time>2025-08-13T14:03:37.000Z</time></trkpt>
<trkpt lat="30.64637186252823" lon="104.1078057789975"><ele>490</ele><time>2025-08-13T14:03:41.000Z</time></trkpt>
<trkpt lat="30.64618699015498" lon="104.1080194659561"><ele>490</ele><time>2025-08-13T14:03:44.000Z</time></trkpt>
<trkpt lat="30.64608918727277" lon="104.1080641837966"><ele>491</ele><time>2025-08-13T14:03:46.000Z</time></trkpt>
<trkpt lat="30.64597343688881" lon="104.1081074331385"><ele>491</ele><time>2025-08-13T14:03:48.000Z</time></trkpt>
<trkpt lat="30.64585951319631" lon="104.1081276969526"><ele>490</ele><time>2025-08-13T14:03:50.000Z</time></trkpt>
<trkpt lat="30.64575230611468" lon="104.1081540240006"><ele>490</ele><time>2025-08-13T14:03:52.000Z</time></trkpt>
<trkpt lat="30.64564642056282" lon="104.1081247334806"><ele>490</ele><time>2025-08-13T14:03:55.000Z</time></trkpt>
<trkpt lat="30.64555074537664" lon="104.1080480710428"><ele>489</ele><time>2025-08-13T14:03:58.000Z</time></trkpt>
<trkpt lat="30.64544270938766" lon="104.107980073394"><ele>489</ele><time>2025-08-13T14:04:01.000Z</time></trkpt>
<trkpt lat="30.64533718256325" lon="104.1078995049244"><ele>490</ele><time>2025-08-13T14:04:04.000Z</time></trkpt>
<trkpt lat="30.64528111113135" lon="104.1078012610572"><ele>489</ele><time>2025-08-13T14:04:06.000Z</time></trkpt>
<trkpt lat="30.64524544705909" lon="104.107678944396"><ele>489</ele><time>2025-08-13T14:04:08.000Z</time></trkpt>
<trkpt lat="30.64520810236465" lon="104.1075590326667"><ele>488</ele><time>2025-08-13T14:04:10.000Z</time></trkpt>
<trkpt lat="30.645166664801" lon="104.1074552646212"><ele>488</ele><time>2025-08-13T14:04:12.000Z</time></trkpt>
<trkpt lat="30.64513025348123" lon="104.1073454256148"><ele>488</ele><time>2025-08-13T14:04:14.000Z</time></trkpt>
<trkpt lat="30.64514169880084" lon="104.1071974509776"><ele>488</ele><time>2025-08-13T14:04:16.000Z</time></trkpt>
<trkpt lat="30.64512338096093" lon="104.1070768571088"><ele>488</ele><time>2025-08-13T14:04:18.000Z</time></trkpt>
<trkpt lat="30.6450855472066" lon="104.1069430545752"><ele>488</ele><time>2025-08-13T14:04:20.000Z</time></trkpt>
<trkpt lat="30.64498774430666" lon="104.1068040018996"><ele>489</ele><time>2025-08-13T14:04:22.000Z</time></trkpt>
<trkpt lat="30.64483736549534" lon="104.1066979690005"><ele>489</ele><time>2025-08-13T14:04:24.000Z</time></trkpt>
<trkpt lat="30.64473470229325" lon="104.1066386155716"><ele>489</ele><time>2025-08-13T14:04:26.000Z</time></trkpt>
<trkpt lat="30.64462746299609" lon="104.1065766190598"><ele>490</ele><time>2025-08-13T14:04:28.000Z</time></trkpt>
<trkpt lat="30.64451237260788" lon="104.1065092602273"><ele>490</ele><time>2025-08-13T14:04:30.000Z</time></trkpt>
<trkpt lat="30.64439492968285" lon="104.1064271008402"><ele>491</ele><time>2025-08-13T14:04:32.000Z</time></trkpt>
<trkpt lat="30.64427500901825" lon="104.1063555302224"><ele>491</ele><time>2025-08-13T14:04:34.000Z</time></trkpt>
<trkpt lat="30.64416052411477" lon="104.1062786457028"><ele>491</ele><time>2025-08-13T14:04:36.000Z</time></trkpt>
<trkpt lat="30.6440440281193" lon="104.1062001829011"><ele>491</ele><time>2025-08-13T14:04:38.000Z</time></trkpt>
<trkpt lat="30.64392740523283" lon="104.1061234152119"><ele>490</ele><time>2025-08-13T14:04:40.000Z</time></trkpt>
<trkpt lat="30.64380868276846" lon="104.1060560563066"><ele>490</ele><time>2025-08-13T14:04:42.000Z</time></trkpt>
<trkpt lat="30.64369806586217" lon="104.1059750041671"><ele>490</ele><time>2025-08-13T14:04:44.000Z</time></trkpt>
<trkpt lat="30.64358602733215" lon="104.1058870570604"><ele>489</ele><time>2025-08-13T14:04:46.000Z</time></trkpt>
<trkpt lat="30.64347357515999" lon="104.1058126416565"><ele>489</ele><time>2025-08-13T14:04:48.000Z</time></trkpt>
<trkpt lat="30.64336714684461" lon="104.105728489515"><ele>489</ele><time>2025-08-13T14:04:50.000Z</time></trkpt>
<trkpt lat="30.64325549744738" lon="104.105642169821"><ele>489</ele><time>2025-08-13T14:04:52.000Z</time></trkpt>
<trkpt lat="30.64314490739434" lon="104.1055595986612"><ele>489</ele><time>2025-08-13T14:04:54.000Z</time></trkpt>
<trkpt lat="30.64303520933759" lon="104.105493481077"><ele>490</ele><time>2025-08-13T14:04:56.000Z</time></trkpt>
<trkpt lat="30.64292607850559" lon="104.1054321699498"><ele>490</ele><time>2025-08-13T14:04:58.000Z</time></trkpt>
<trkpt lat="30.64281818485602" lon="104.1053599173949"><ele>491</ele><time>2025-08-13T14:05:00.000Z</time></trkpt>
<trkpt lat="30.64271014927775" lon="104.105293601317"><ele>491</ele><time>2025-08-13T14:05:02.000Z</time></trkpt>
<trkpt lat="30.64259597471651" lon="104.1052406770413"><ele>491</ele><time>2025-08-13T14:05:04.000Z</time></trkpt>
<trkpt lat="30.64249035968633" lon="104.1051646629175"><ele>491</ele><time>2025-08-13T14:05:06.000Z</time></trkpt>
<trkpt lat="30.64238082431362" lon="104.105099443649"><ele>491</ele><time>2025-08-13T14:05:08.000Z</time></trkpt>
<trkpt lat="30.64227242669238" lon="104.1050347167639"><ele>491</ele><time>2025-08-13T14:05:10.000Z</time></trkpt>
<trkpt lat="30.64216661464702" lon="104.1049748473758"><ele>491</ele><time>2025-08-13T14:05:12.000Z</time></trkpt>
<trkpt lat="30.64206165622087" lon="104.1049183500672"><ele>491</ele><time>2025-08-13T14:05:14.000Z</time></trkpt>
<trkpt lat="30.64196407037058" lon="104.1048534259762"><ele>491</ele><time>2025-08-13T14:05:16.000Z</time></trkpt>
<trkpt lat="30.64186204331384" lon="104.1047920461463"><ele>491</ele><time>2025-08-13T14:05:18.000Z</time></trkpt>
<trkpt lat="30.64176327156584" lon="104.1047286175584"><ele>491</ele><time>2025-08-13T14:05:20.000Z</time></trkpt>
<trkpt lat="30.64166816917355" lon="104.1046673550572"><ele>491</ele><time>2025-08-13T14:05:22.000Z</time></trkpt>
<trkpt lat="30.64157709346219" lon="104.1046061999529"><ele>491</ele><time>2025-08-13T14:05:24.000Z</time></trkpt>
<trkpt lat="30.64148744078121" lon="104.1045556642909"><ele>491</ele><time>2025-08-13T14:05:26.000Z</time></trkpt>
<trkpt lat="30.64140114083218" lon="104.1045104309244"><ele>491</ele><time>2025-08-13T14:05:28.000Z</time></trkpt>
<trkpt lat="30.64129068939822" lon="104.1044470228013"><ele>491</ele><time>2025-08-13T14:05:31.000Z</time></trkpt>
<trkpt lat="30.64133223948978" lon="104.1043507785768"><ele>491</ele><time>2025-08-13T14:05:49.000Z</time></trkpt>
<trkpt lat="30.64129966004373" lon="104.1042412668952"><ele>491</ele><time>2025-08-13T14:06:49.000Z</time></trkpt>
<trkpt lat="30.64054365714468" lon="104.1040503287034"><ele>490</ele><time>2025-08-13T14:07:03.000Z</time></trkpt>
<trkpt lat="30.6404311881706" lon="104.1039334275186"><ele>490</ele><time>2025-08-13T14:07:05.000Z</time></trkpt>
<trkpt lat="30.64032359329508" lon="104.1038611112089"><ele>490</ele><time>2025-08-13T14:07:07.000Z</time></trkpt>
<trkpt lat="30.64021125784322" lon="104.1038051716495"><ele>490</ele><time>2025-08-13T14:07:09.000Z</time></trkpt>
<trkpt lat="30.64009956756578" lon="104.1037285283457"><ele>490</ele><time>2025-08-13T14:07:11.000Z</time></trkpt>
<trkpt lat="30.63998098020933" lon="104.1036536422881"><ele>490</ele><time>2025-08-13T14:07:13.000Z</time></trkpt>
<trkpt lat="30.63988700244131" lon="104.1035838270772"><ele>490</ele><time>2025-08-13T14:07:15.000Z</time></trkpt>
<trkpt lat="30.63974709065395" lon="104.1035358076672"><ele>490</ele><time>2025-08-13T14:07:17.000Z</time></trkpt>
<trkpt lat="30.6396342520077" lon="104.1034838899975"><ele>490</ele><time>2025-08-13T14:07:19.000Z</time></trkpt>
<trkpt lat="30.63950989974899" lon="104.103409330028"><ele>490</ele><time>2025-08-13T14:07:21.000Z</time></trkpt>
<trkpt lat="30.6394009548301" lon="104.1033365346945"><ele>490</ele><time>2025-08-13T14:07:23.000Z</time></trkpt>
<trkpt lat="30.63928381363829" lon="104.1032521804709"><ele>490</ele><time>2025-08-13T14:07:25.000Z</time></trkpt>
<trkpt lat="30.63915937037153" lon="104.1031606732571"><ele>490</ele><time>2025-08-13T14:07:27.000Z</time></trkpt>
<trkpt lat="30.63904301648141" lon="104.1030613008147"><ele>490</ele><time>2025-08-13T14:07:29.000Z</time></trkpt>
<trkpt lat="30.63891233164028" lon="104.1029864954167"><ele>490</ele><time>2025-08-13T14:07:31.000Z</time></trkpt>
<trkpt lat="30.63878597082043" lon="104.1028914720077"><ele>489</ele><time>2025-08-13T14:07:33.000Z</time></trkpt>
<trkpt lat="30.63866252040667" lon="104.1027876838802"><ele>489</ele><time>2025-08-13T14:07:35.000Z</time></trkpt>
<trkpt lat="30.63853579943485" lon="104.1026926598998"><ele>489</ele><time>2025-08-13T14:07:37.000Z</time></trkpt>
<trkpt lat="30.63841499869942" lon="104.1026252751366"><ele>489</ele><time>2025-08-13T14:07:39.000Z</time></trkpt>
<trkpt lat="30.63825897489092" lon="104.1026555289354"><ele>489</ele><time>2025-08-13T14:07:41.000Z</time></trkpt>
<trkpt lat="30.63813852137283" lon="104.1025821842655"><ele>489</ele><time>2025-08-13T14:07:43.000Z</time></trkpt>
<trkpt lat="30.63803093531572" lon="104.1025154497667"><ele>489</ele><time>2025-08-13T14:07:45.000Z</time></trkpt>
<trkpt lat="30.63790156417938" lon="104.1024380320176"><ele>489</ele><time>2025-08-13T14:07:47.000Z</time></trkpt>
<trkpt lat="30.63774153373506" lon="104.1023540957906"><ele>488</ele><time>2025-08-13T14:07:49.000Z</time></trkpt>
<trkpt lat="30.63760679538737" lon="104.1022672506027"><ele>488</ele><time>2025-08-13T14:07:51.000Z</time></trkpt>
<trkpt lat="30.63746575154054" lon="104.1021978970915"><ele>488</ele><time>2025-08-13T14:07:53.000Z</time></trkpt>
<trkpt lat="30.63734454133077" lon="104.1021210055179"><ele>488</ele><time>2025-08-13T14:07:55.000Z</time></trkpt>
<trkpt lat="30.63722584751973" lon="104.1020488356202"><ele>488</ele><time>2025-08-13T14:07:57.000Z</time></trkpt>
<trkpt lat="30.63708587876534" lon="104.1019658331744"><ele>488</ele><time>2025-08-13T14:07:59.000Z</time></trkpt>
<trkpt lat="30.63699010683025" lon="104.1018875895564"><ele>488</ele><time>2025-08-13T14:08:01.000Z</time></trkpt>
<trkpt lat="30.63686803565207" lon="104.101794674269"><ele>488</ele><time>2025-08-13T14:08:03.000Z</time></trkpt>
<trkpt lat="30.63675626242395" lon="104.1016893393448"><ele>488</ele><time>2025-08-13T14:08:05.000Z</time></trkpt>
<trkpt lat="30.63659321975017" lon="104.1016202262783"><ele>488</ele><time>2025-08-13T14:08:07.000Z</time></trkpt>
<trkpt lat="30.63658823120698" lon="104.1014934055008"><ele>488</ele><time>2025-08-13T14:08:08.000Z</time></trkpt>
<trkpt lat="30.63644698783805" lon="104.1014332465315"><ele>488</ele><time>2025-08-13T14:08:10.000Z</time></trkpt>
<trkpt lat="30.6363145466054" lon="104.1013538872797"><ele>488</ele><time>2025-08-13T14:08:12.000Z</time></trkpt>
<trkpt lat="30.6361919643876" lon="104.101281356785"><ele>488</ele><time>2025-08-13T14:08:14.000Z</time></trkpt>
<trkpt lat="30.63606696390716" lon="104.1012068150468"><ele>488</ele><time>2025-08-13T14:08:16.000Z</time></trkpt>
<trkpt lat="30.63593754932591" lon="104.1011251755831"><ele>488</ele><time>2025-08-13T14:08:18.000Z</time></trkpt>
<trkpt lat="30.63579899771756" lon="104.1010562529739"><ele>488</ele><time>2025-08-13T14:08:20.000Z</time></trkpt>
<trkpt lat="30.63565616812485" lon="104.1010078349257"><ele>488</ele><time>2025-08-13T14:08:22.000Z</time></trkpt>
<trkpt lat="30.63551733842746" lon="104.1009529695528"><ele>488</ele><time>2025-08-13T14:08:24.000Z</time></trkpt>
<trkpt lat="30.63538775443798" lon="104.1008745552687"><ele>488</ele><time>2025-08-13T14:08:26.000Z</time></trkpt>
<trkpt lat="30.63526007779921" lon="104.1007901542019"><ele>488</ele><time>2025-08-13T14:08:28.000Z</time></trkpt>
<trkpt lat="30.63513496015672" lon="104.1007025109776"><ele>488</ele><time>2025-08-13T14:08:30.000Z</time></trkpt>
<trkpt lat="30.6350155165165" lon="104.1006291015447"><ele>488</ele><time>2025-08-13T14:08:32.000Z</time></trkpt>
<trkpt lat="30.6349223458614" lon="104.1005635833332"><ele>488</ele><time>2025-08-13T14:08:34.000Z</time></trkpt>
<trkpt lat="30.63482972238165" lon="104.100495531346"><ele>488</ele><time>2025-08-13T14:08:49.000Z</time></trkpt>
<trkpt lat="30.63474321218339" lon="104.1004556170175"><ele>488</ele><time>2025-08-13T14:08:53.000Z</time></trkpt>
<trkpt lat="30.63465031832758" lon="104.1003995685122"><ele>488</ele><time>2025-08-13T14:09:36.000Z</time></trkpt>
<trkpt lat="30.63454722412634" lon="104.1003349816979"><ele>488</ele><time>2025-08-13T14:09:39.000Z</time></trkpt>
<trkpt lat="30.63442006302932" lon="104.1002914427618"><ele>488</ele><time>2025-08-13T14:09:42.000Z</time></trkpt>
<trkpt lat="30.63433388665496" lon="104.1002229804097"><ele>488</ele><time>2025-08-13T14:09:44.000Z</time></trkpt>
<trkpt lat="30.63423967164364" lon="104.1001612100025"><ele>488</ele><time>2025-08-13T14:09:46.000Z</time></trkpt>
<trkpt lat="30.63414176225676" lon="104.1001063784193"><ele>488</ele><time>2025-08-13T14:09:48.000Z</time></trkpt>
<trkpt lat="30.63403034005725" lon="104.1000535498502"><ele>488</ele><time>2025-08-13T14:09:50.000Z</time></trkpt>
<trkpt lat="30.6339203721728" lon="104.100028151998"><ele>488</ele><time>2025-08-13T14:09:52.000Z</time></trkpt>
<trkpt lat="30.63380172167438" lon="104.0999415188796"><ele>488</ele><time>2025-08-13T14:09:54.000Z</time></trkpt>
<trkpt lat="30.63368312610147" lon="104.0998721250599"><ele>488</ele><time>2025-08-13T14:09:56.000Z</time></trkpt>
<trkpt lat="30.63355454457904" lon="104.0998517072234"><ele>488</ele><time>2025-08-13T14:09:58.000Z</time></trkpt>
<trkpt lat="30.63344654045743" lon="104.0997910135797"><ele>488</ele><time>2025-08-13T14:10:00.000Z</time></trkpt>
<trkpt lat="30.6333763644947" lon="104.0997245375543"><ele>488</ele><time>2025-08-13T14:10:01.000Z</time></trkpt>
<trkpt lat="30.63324867571472" lon="104.0996322945447"><ele>488</ele><time>2025-08-13T14:10:03.000Z</time></trkpt>
<trkpt lat="30.63311592553606" lon="104.0995220982272"><ele>488</ele><time>2025-08-13T14:10:05.000Z</time></trkpt>
<trkpt lat="30.63298690429022" lon="104.0994408948972"><ele>488</ele><time>2025-08-13T14:10:07.000Z</time></trkpt>
<trkpt lat="30.63285665106537" lon="104.0993445573847"><ele>488</ele><time>2025-08-13T14:10:09.000Z</time></trkpt>
<trkpt lat="30.63272116646889" lon="104.0992627683315"><ele>488</ele><time>2025-08-13T14:10:11.000Z</time></trkpt>
<trkpt lat="30.63259818293738" lon="104.0991570516853"><ele>488</ele><time>2025-08-13T14:10:13.000Z</time></trkpt>
<trkpt lat="30.63247149402458" lon="104.0990502988557"><ele>488</ele><time>2025-08-13T14:10:15.000Z</time></trkpt>
<trkpt lat="30.63233399170218" lon="104.098962593334"><ele>488</ele><time>2025-08-13T14:10:17.000Z</time></trkpt>
<trkpt lat="30.63220938305699" lon="104.0988882594587"><ele>488</ele><time>2025-08-13T14:10:19.000Z</time></trkpt>
<trkpt lat="30.63207506484057" lon="104.0987814032279"><ele>488</ele><time>2025-08-13T14:10:21.000Z</time></trkpt>
<trkpt lat="30.63194437497202" lon="104.0986885266851"><ele>487</ele><time>2025-08-13T14:10:23.000Z</time></trkpt>
<trkpt lat="30.63181034610895" lon="104.0985955131416"><ele>487</ele><time>2025-08-13T14:10:25.000Z</time></trkpt>
<trkpt lat="30.63168288674578" lon="104.0984944029367"><ele>487</ele><time>2025-08-13T14:10:27.000Z</time></trkpt>
<trkpt lat="30.63154649145734" lon="104.0983934030638"><ele>487</ele><time>2025-08-13T14:10:29.000Z</time></trkpt>
<trkpt lat="30.63142206102547" lon="104.0983060991076"><ele>487</ele><time>2025-08-13T14:10:31.000Z</time></trkpt>
<trkpt lat="30.63129708120377" lon="104.098215997156"><ele>487</ele><time>2025-08-13T14:10:33.000Z</time></trkpt>
<trkpt lat="30.63116639841675" lon="104.0981265216189"><ele>487</ele><time>2025-08-13T14:10:35.000Z</time></trkpt>
<trkpt lat="30.63103961212043" lon="104.098055662501"><ele>487</ele><time>2025-08-13T14:10:37.000Z</time></trkpt>
<trkpt lat="30.63090823540373" lon="104.0979790391565"><ele>487</ele><time>2025-08-13T14:10:39.000Z</time></trkpt>
<trkpt lat="30.63077953146329" lon="104.0978988392215"><ele>488</ele><time>2025-08-13T14:10:41.000Z</time></trkpt>
<trkpt lat="30.63064854424254" lon="104.0978262189965"><ele>488</ele><time>2025-08-13T14:10:43.000Z</time></trkpt>
<trkpt lat="30.63052513200681" lon="104.0977515710076"><ele>488</ele><time>2025-08-13T14:10:45.000Z</time></trkpt>
<trkpt lat="30.63039167957378" lon="104.0976737999929"><ele>488</ele><time>2025-08-13T14:10:47.000Z</time></trkpt>
<trkpt lat="30.63024996413301" lon="104.0975859687726"><ele>488</ele><time>2025-08-13T14:10:49.000Z</time></trkpt>
<trkpt lat="30.63012617187435" lon="104.0975043755216"><ele>488</ele><time>2025-08-13T14:10:51.000Z</time></trkpt>
<trkpt lat="30.62997023844265" lon="104.0975117681284"><ele>488</ele><time>2025-08-13T14:10:53.000Z</time></trkpt>
<trkpt lat="30.62983524779295" lon="104.097518483424"><ele>488</ele><time>2025-08-13T14:10:54.000Z</time></trkpt>
<trkpt lat="30.62973428241887" lon="104.0974181214216"><ele>488</ele><time>2025-08-13T14:10:56.000Z</time></trkpt>
<trkpt lat="30.62970621953451" lon="104.0973171897902"><ele>488</ele><time>2025-08-13T14:10:57.000Z</time></trkpt>
<trkpt lat="30.62955567676203" lon="104.0972121590676"><ele>488</ele><time>2025-08-13T14:10:59.000Z</time></trkpt>
<trkpt lat="30.62945019264637" lon="104.0971221758564"><ele>488</ele><time>2025-08-13T14:11:01.000Z</time></trkpt>
<trkpt lat="30.62933158771336" lon="104.097040786032"><ele>488</ele><time>2025-08-13T14:11:03.000Z</time></trkpt>
<trkpt lat="30.62919731206559" lon="104.0969158192676"><ele>488</ele><time>2025-08-13T14:11:05.000Z</time></trkpt>
<trkpt lat="30.62910232082456" lon="104.0969130502081"><ele>488</ele><time>2025-08-13T14:11:06.000Z</time></trkpt>
<trkpt lat="30.62897033976784" lon="104.0968094996583"><ele>488</ele><time>2025-08-13T14:11:08.000Z</time></trkpt>
<trkpt lat="30.6288385352029" lon="104.0967067346166"><ele>488</ele><time>2025-08-13T14:11:10.000Z</time></trkpt>
<trkpt lat="30.62870842103657" lon="104.0966051596852"><ele>488</ele><time>2025-08-13T14:11:12.000Z</time></trkpt>
<trkpt lat="30.62859532290506" lon="104.0964848009516"><ele>488</ele><time>2025-08-13T14:11:14.000Z</time></trkpt>
<trkpt lat="30.62845695242513" lon="104.0963845106733"><ele>490</ele><time>2025-08-13T14:11:16.000Z</time></trkpt>
<trkpt lat="30.6283220470114" lon="104.0962760953634"><ele>490</ele><time>2025-08-13T14:11:18.000Z</time></trkpt>
<trkpt lat="30.6281903996186" lon="104.0961731573199"><ele>490</ele><time>2025-08-13T14:11:20.000Z</time></trkpt>
<trkpt lat="30.62806334747708" lon="104.0960744067284"><ele>490</ele><time>2025-08-13T14:11:22.000Z</time></trkpt>
<trkpt lat="30.627939892074" lon="104.095971278575"><ele>490</ele><time>2025-08-13T14:11:24.000Z</time></trkpt>
<trkpt lat="30.62779459292101" lon="104.0959073832699"><ele>490</ele><time>2025-08-13T14:11:26.000Z</time></trkpt>
<trkpt lat="30.62766767947457" lon="104.095810287338"><ele>490</ele><time>2025-08-13T14:11:28.000Z</time></trkpt>
<trkpt lat="30.6275388684128" lon="104.0957117375099"><ele>489</ele><time>2025-08-13T14:11:30.000Z</time></trkpt>
<trkpt lat="30.62740824583872" lon="104.0956118035351"><ele>490</ele><time>2025-08-13T14:11:32.000Z</time></trkpt>
<trkpt lat="30.62727420891295" lon="104.095511616565"><ele>490</ele><time>2025-08-13T14:11:34.000Z</time></trkpt>
<trkpt lat="30.62714004239574" lon="104.0954134517705"><ele>490</ele><time>2025-08-13T14:11:36.000Z</time></trkpt>
<trkpt lat="30.62700564843395" lon="104.0953151184802"><ele>490</ele><time>2025-08-13T14:11:38.000Z</time></trkpt>
<trkpt lat="30.62686694547868" lon="104.0952062429086"><ele>490</ele><time>2025-08-13T14:11:40.000Z</time></trkpt>
<trkpt lat="30.62672459271358" lon="104.095115799978"><ele>491</ele><time>2025-08-13T14:11:42.000Z</time></trkpt>
<trkpt lat="30.62658676014441" lon="104.0950234251117"><ele>491</ele><time>2025-08-13T14:11:44.000Z</time></trkpt>
<trkpt lat="30.62645190834722" lon="104.0949285010976"><ele>491</ele><time>2025-08-13T14:11:46.000Z</time></trkpt>
<trkpt lat="30.62632355027293" lon="104.0948263329311"><ele>491</ele><time>2025-08-13T14:11:48.000Z</time></trkpt>
<trkpt lat="30.62619863362425" lon="104.094719292289"><ele>491</ele><time>2025-08-13T14:11:50.000Z</time></trkpt>
<trkpt lat="30.62607239847632" lon="104.0946109408405"><ele>492</ele><time>2025-08-13T14:11:52.000Z</time></trkpt>
<trkpt lat="30.62593951721935" lon="104.0945119772044"><ele>492</ele><time>2025-08-13T14:11:54.000Z</time></trkpt>
<trkpt lat="30.62580774634832" lon="104.0944064325165"><ele>492</ele><time>2025-08-13T14:11:56.000Z</time></trkpt>
<trkpt lat="30.62567161873238" lon="104.0943082643469"><ele>492</ele><time>2025-08-13T14:11:58.000Z</time></trkpt>
<trkpt lat="30.62552922701172" lon="104.094214079394"><ele>492</ele><time>2025-08-13T14:12:00.000Z</time></trkpt>
<trkpt lat="30.62539769547664" lon="104.0941144913068"><ele>493</ele><time>2025-08-13T14:12:02.000Z</time></trkpt>
<trkpt lat="30.62526823973079" lon="104.0940185470971"><ele>493</ele><time>2025-08-13T14:12:04.000Z</time></trkpt>
<trkpt lat="30.62513827467816" lon="104.0939191676831"><ele>493</ele><time>2025-08-13T14:12:06.000Z</time></trkpt>
<trkpt lat="30.62500804933893" lon="104.0938159824494"><ele>493</ele><time>2025-08-13T14:12:08.000Z</time></trkpt>
<trkpt lat="30.62486354262153" lon="104.0937628429403"><ele>493</ele><time>2025-08-13T14:12:10.000Z</time></trkpt>
<trkpt lat="30.62472821714295" lon="104.0936716527393"><ele>493</ele><time>2025-08-13T14:12:12.000Z</time></trkpt>
<trkpt lat="30.62459679125683" lon="104.0935699826796"><ele>493</ele><time>2025-08-13T14:12:14.000Z</time></trkpt>
<trkpt lat="30.62446150869328" lon="104.0934721113569"><ele>493</ele><time>2025-08-13T14:12:16.000Z</time></trkpt>
<trkpt lat="30.62432885324652" lon="104.0933703846602"><ele>493</ele><time>2025-08-13T14:12:18.000Z</time></trkpt>
<trkpt lat="30.62421206250969" lon="104.0932470344148"><ele>493</ele><time>2025-08-13T14:12:20.000Z</time></trkpt>
<trkpt lat="30.62409261351304" lon="104.0931267883959"><ele>493</ele><time>2025-08-13T14:12:22.000Z</time></trkpt>
<trkpt lat="30.62398109660429" lon="104.0929940040748"><ele>493</ele><time>2025-08-13T14:12:24.000Z</time></trkpt>
<trkpt lat="30.62387382352251" lon="104.092861414238"><ele>493</ele><time>2025-08-13T14:12:26.000Z</time></trkpt>
<trkpt lat="30.62377509525268" lon="104.092722858973"><ele>493</ele><time>2025-08-13T14:12:28.000Z</time></trkpt>
<trkpt lat="30.62368599108898" lon="104.0925781564779"><ele>493</ele><time>2025-08-13T14:12:30.000Z</time></trkpt>
<trkpt lat="30.62360845202457" lon="104.0924265949593"><ele>493</ele><time>2025-08-13T14:12:32.000Z</time></trkpt>
<trkpt lat="30.62354102900758" lon="104.0922723719683"><ele>492</ele><time>2025-08-13T14:12:34.000Z</time></trkpt>
<trkpt lat="30.62346966111148" lon="104.0921235273892"><ele>492</ele><time>2025-08-13T14:12:36.000Z</time></trkpt>
<trkpt lat="30.62343077965206" lon="104.0919602637718"><ele>491</ele><time>2025-08-13T14:12:38.000Z</time></trkpt>
<trkpt lat="30.62338172558594" lon="104.0918018397829"><ele>490</ele><time>2025-08-13T14:12:40.000Z</time></trkpt>
<trkpt lat="30.62333514249877" lon="104.0916440871865"><ele>489</ele><time>2025-08-13T14:12:42.000Z</time></trkpt>
<trkpt lat="30.62330860263144" lon="104.0914775389845"><ele>490</ele><time>2025-08-13T14:12:44.000Z</time></trkpt>
<trkpt lat="30.6232909229022" lon="104.0913100469292"><ele>490</ele><time>2025-08-13T14:12:46.000Z</time></trkpt>
<trkpt lat="30.62328649846018" lon="104.0911373801731"><ele>491</ele><time>2025-08-13T14:12:48.000Z</time></trkpt>
<trkpt lat="30.62328592740767" lon="104.0909678875779"><ele>491</ele><time>2025-08-13T14:12:50.000Z</time></trkpt>
<trkpt lat="30.62328039988097" lon="104.0908066098149"><ele>491</ele><time>2025-08-13T14:12:52.000Z</time></trkpt>
<trkpt lat="30.62326608458088" lon="104.0906434405722"><ele>491</ele><time>2025-08-13T14:12:54.000Z</time></trkpt>
<trkpt lat="30.62327021199015" lon="104.090493666973"><ele>492</ele><time>2025-08-13T14:12:56.000Z</time></trkpt>
<trkpt lat="30.62326921840083" lon="104.0903747434508"><ele>492</ele><time>2025-08-13T14:12:58.000Z</time></trkpt>
<trkpt lat="30.62327478615228" lon="104.0902220388817"><ele>491</ele><time>2025-08-13T14:13:00.000Z</time></trkpt>
<trkpt lat="30.62327341818946" lon="104.0900679637635"><ele>491</ele><time>2025-08-13T14:13:02.000Z</time></trkpt>
<trkpt lat="30.62327564470422" lon="104.0899117263887"><ele>491</ele><time>2025-08-13T14:13:04.000Z</time></trkpt>
<trkpt lat="30.62327251417582" lon="104.0897525410723"><ele>491</ele><time>2025-08-13T14:13:06.000Z</time></trkpt>
<trkpt lat="30.62326634974895" lon="104.0895944564559"><ele>491</ele><time>2025-08-13T14:13:08.000Z</time></trkpt>
<trkpt lat="30.62326440210383" lon="104.0894346228095"><ele>491</ele><time>2025-08-13T14:13:10.000Z</time></trkpt>
<trkpt lat="30.62333218752892" lon="104.0892623098757"><ele>492</ele><time>2025-08-13T14:13:12.000Z</time></trkpt>
<trkpt lat="30.62334707546791" lon="104.0891043152187"><ele>492</ele><time>2025-08-13T14:13:14.000Z</time></trkpt>
<trkpt lat="30.62333643544425" lon="104.0889513919637"><ele>492</ele><time>2025-08-13T14:13:16.000Z</time></trkpt>
<trkpt lat="30.62333494830415" lon="104.0887822130346"><ele>492</ele><time>2025-08-13T14:13:18.000Z</time></trkpt>
<trkpt lat="30.62331596651424" lon="104.0886092512143"><ele>492</ele><time>2025-08-13T14:13:20.000Z</time></trkpt>
<trkpt lat="30.62330724044922" lon="104.0884424042693"><ele>491</ele><time>2025-08-13T14:13:22.000Z</time></trkpt>
<trkpt lat="30.62329599829209" lon="104.088270642888"><ele>491</ele><time>2025-08-13T14:13:24.000Z</time></trkpt>
<trkpt lat="30.6232950944075" lon="104.0880933565655"><ele>491</ele><time>2025-08-13T14:13:26.000Z</time></trkpt>
<trkpt lat="30.62330040832369" lon="104.0879231946745"><ele>491</ele><time>2025-08-13T14:13:28.000Z</time></trkpt>
<trkpt lat="30.6232957760688" lon="104.0877558770617"><ele>491</ele><time>2025-08-13T14:13:30.000Z</time></trkpt>
<trkpt lat="30.62329173202399" lon="104.0875901630229"><ele>491</ele><time>2025-08-13T14:13:32.000Z</time></trkpt>
<trkpt lat="30.62328071186474" lon="104.0874334134528"><ele>491</ele><time>2025-08-13T14:13:34.000Z</time></trkpt>
<trkpt lat="30.62326752443468" lon="104.0872579631746"><ele>491</ele><time>2025-08-13T14:13:36.000Z</time></trkpt>
<trkpt lat="30.62323646916692" lon="104.0870989875198"><ele>491</ele><time>2025-08-13T14:13:38.000Z</time></trkpt>
<trkpt lat="30.62321490642494" lon="104.0869474088286"><ele>491</ele><time>2025-08-13T14:13:40.000Z</time></trkpt>
<trkpt lat="30.62318945907827" lon="104.0867893307441"><ele>491</ele><time>2025-08-13T14:13:42.000Z</time></trkpt>
<trkpt lat="30.623173597996" lon="104.0866304412507"><ele>491</ele><time>2025-08-13T14:13:44.000Z</time></trkpt>
<trkpt lat="30.62317301937721" lon="104.0864778756535"><ele>491</ele><time>2025-08-13T14:13:46.000Z</time></trkpt>
<trkpt lat="30.62316009140166" lon="104.086311803771"><ele>491</ele><time>2025-08-13T14:13:48.000Z</time></trkpt>
<trkpt lat="30.62315162084732" lon="104.0861579163817"><ele>491</ele><time>2025-08-13T14:13:50.000Z</time></trkpt>
<trkpt lat="30.62314731344551" lon="104.0859999846232"><ele>491</ele><time>2025-08-13T14:13:52.000Z</time></trkpt>
<trkpt lat="30.62314976736621" lon="104.085846654547"><ele>492</ele><time>2025-08-13T14:13:54.000Z</time></trkpt>
<trkpt lat="30.62315700779966" lon="104.0856854449862"><ele>491</ele><time>2025-08-13T14:13:56.000Z</time></trkpt>
<trkpt lat="30.62315389146201" lon="104.0855284780877"><ele>492</ele><time>2025-08-13T14:13:58.000Z</time></trkpt>
<trkpt lat="30.62316035452792" lon="104.0853727146837"><ele>492</ele><time>2025-08-13T14:14:00.000Z</time></trkpt>
<trkpt lat="30.62319097487485" lon="104.0852052518835"><ele>492</ele><time>2025-08-13T14:14:02.000Z</time></trkpt>
<trkpt lat="30.62320470847691" lon="104.0850710373625"><ele>492</ele><time>2025-08-13T14:14:04.000Z</time></trkpt>
<trkpt lat="30.62322163024504" lon="104.0849077993967"><ele>492</ele><time>2025-08-13T14:14:06.000Z</time></trkpt>
<trkpt lat="30.62321270671836" lon="104.0847496614951"><ele>492</ele><time>2025-08-13T14:14:08.000Z</time></trkpt>
<trkpt lat="30.62320533589472" lon="104.0845954055091"><ele>492</ele><time>2025-08-13T14:14:10.000Z</time></trkpt>
<trkpt lat="30.62319994103862" lon="104.0844376380233"><ele>492</ele><time>2025-08-13T14:14:12.000Z</time></trkpt>
<trkpt lat="30.62319329152552" lon="104.084278097783"><ele>492</ele><time>2025-08-13T14:14:14.000Z</time></trkpt>
<trkpt lat="30.62318966084153" lon="104.0841143840929"><ele>492</ele><time>2025-08-13T14:14:16.000Z</time></trkpt>
<trkpt lat="30.62318349505394" lon="104.0839538092396"><ele>492</ele><time>2025-08-13T14:14:18.000Z</time></trkpt>
<trkpt lat="30.62317725485518" lon="104.0837881197137"><ele>492</ele><time>2025-08-13T14:14:20.000Z</time></trkpt>
<trkpt lat="30.62317176898933" lon="104.0836251213716"><ele>492</ele><time>2025-08-13T14:14:22.000Z</time></trkpt>
<trkpt lat="30.62317405509849" lon="104.0834560816266"><ele>492</ele><time>2025-08-13T14:14:24.000Z</time></trkpt>
<trkpt lat="30.6231674594859" lon="104.0832881093458"><ele>492</ele><time>2025-08-13T14:14:26.000Z</time></trkpt>
<trkpt lat="30.62316114004134" lon="104.083117087037"><ele>492</ele><time>2025-08-13T14:14:28.000Z</time></trkpt>
<trkpt lat="30.62315359442145" lon="104.0829538776263"><ele>492</ele><time>2025-08-13T14:14:30.000Z</time></trkpt>
<trkpt lat="30.62314796024195" lon="104.0827943337203"><ele>492</ele><time>2025-08-13T14:14:32.000Z</time></trkpt>
<trkpt lat="30.62314172481779" lon="104.0826305969461"><ele>491</ele><time>2025-08-13T14:14:34.000Z</time></trkpt>
<trkpt lat="30.62314406048534" lon="104.0824686484334"><ele>491</ele><time>2025-08-13T14:14:36.000Z</time></trkpt>
<trkpt lat="30.62313505414268" lon="104.0823116522894"><ele>491</ele><time>2025-08-13T14:14:38.000Z</time></trkpt>
<trkpt lat="30.62313797828053" lon="104.0821539822671"><ele>491</ele><time>2025-08-13T14:14:40.000Z</time></trkpt>
<trkpt lat="30.62313453490772" lon="104.0819917563209"><ele>491</ele><time>2025-08-13T14:14:42.000Z</time></trkpt>
<trkpt lat="30.62313532474389" lon="104.0818303690777"><ele>491</ele><time>2025-08-13T14:14:44.000Z</time></trkpt>
<trkpt lat="30.62312991742567" lon="104.081660823998"><ele>491</ele><time>2025-08-13T14:14:46.000Z</time></trkpt>
<trkpt lat="30.62313176296311" lon="104.0814870077813"><ele>491</ele><time>2025-08-13T14:14:48.000Z</time></trkpt>
<trkpt lat="30.6231252891785" lon="104.0813110237001"><ele>491</ele><time>2025-08-13T14:14:50.000Z</time></trkpt>
<trkpt lat="30.62311565607671" lon="104.081135354506"><ele>491</ele><time>2025-08-13T14:14:52.000Z</time></trkpt>
<trkpt lat="30.62310139639168" lon="104.0809599660816"><ele>491</ele><time>2025-08-13T14:14:54.000Z</time></trkpt>
<trkpt lat="30.62308680163063" lon="104.0807854722463"><ele>491</ele><time>2025-08-13T14:14:56.000Z</time></trkpt>
<trkpt lat="30.62308979250072" lon="104.0806098111477"><ele>492</ele><time>2025-08-13T14:14:58.000Z</time></trkpt>
<trkpt lat="30.6230873187408" lon="104.0804375209312"><ele>492</ele><time>2025-08-13T14:15:00.000Z</time></trkpt>
<trkpt lat="30.62308223928546" lon="104.0802621940143"><ele>492</ele><time>2025-08-13T14:15:02.000Z</time></trkpt>
<trkpt lat="30.62307741439234" lon="104.0800814470708"><ele>492</ele><time>2025-08-13T14:15:04.000Z</time></trkpt>
<trkpt lat="30.62307197440781" lon="104.07989736486"><ele>492</ele><time>2025-08-13T14:15:06.000Z</time></trkpt>
<trkpt lat="30.62305491748554" lon="104.0797084431767"><ele>493</ele><time>2025-08-13T14:15:08.000Z</time></trkpt>
<trkpt lat="30.62304916828537" lon="104.0795198526013"><ele>493</ele><time>2025-08-13T14:15:10.000Z</time></trkpt>
<trkpt lat="30.62304874211812" lon="104.0793297304661"><ele>493</ele><time>2025-08-13T14:15:12.000Z</time></trkpt>
<trkpt lat="30.62304531722215" lon="104.0791438472436"><ele>493</ele><time>2025-08-13T14:15:14.000Z</time></trkpt>
<trkpt lat="30.62304697103927" lon="104.0789713112296"><ele>493</ele><time>2025-08-13T14:15:16.000Z</time></trkpt>
<trkpt lat="30.62305109401147" lon="104.0787845051795"><ele>493</ele><time>2025-08-13T14:15:18.000Z</time></trkpt>
<trkpt lat="30.6230434047142" lon="104.0786010069285"><ele>493</ele><time>2025-08-13T14:15:20.000Z</time></trkpt>
<trkpt lat="30.62303388911804" lon="104.0784450029612"><ele>493</ele><time>2025-08-13T14:15:22.000Z</time></trkpt>
<trkpt lat="30.62301873963897" lon="104.0782877341489"><ele>493</ele><time>2025-08-13T14:15:24.000Z</time></trkpt>
<trkpt lat="30.62301883084571" lon="104.0781226984277"><ele>493</ele><time>2025-08-13T14:15:26.000Z</time></trkpt>
<trkpt lat="30.62301394525637" lon="104.0779483567477"><ele>493</ele><time>2025-08-13T14:15:28.000Z</time></trkpt>
<trkpt lat="30.62300458701331" lon="104.077778528643"><ele>493</ele><time>2025-08-13T14:15:30.000Z</time></trkpt>
<trkpt lat="30.62300450624618" lon="104.0776085724068"><ele>493</ele><time>2025-08-13T14:15:32.000Z</time></trkpt>
<trkpt lat="30.62299632419014" lon="104.0774391552654"><ele>493</ele><time>2025-08-13T14:15:34.000Z</time></trkpt>
<trkpt lat="30.62298934598798" lon="104.0772643390043"><ele>493</ele><time>2025-08-13T14:15:36.000Z</time></trkpt>
<trkpt lat="30.62298917676251" lon="104.0770876156295"><ele>492</ele><time>2025-08-13T14:15:38.000Z</time></trkpt>
<trkpt lat="30.62298116484731" lon="104.0769062959325"><ele>493</ele><time>2025-08-13T14:15:40.000Z</time></trkpt>
<trkpt lat="30.62297532783153" lon="104.0767255265276"><ele>493</ele><time>2025-08-13T14:15:42.000Z</time></trkpt>
<trkpt lat="30.62297648321805" lon="104.0765525082888"><ele>494</ele><time>2025-08-13T14:15:44.000Z</time></trkpt>
<trkpt lat="30.62298165753306" lon="104.0763973596644"><ele>494</ele><time>2025-08-13T14:15:46.000Z</time></trkpt>
<trkpt lat="30.62300549060535" lon="104.0761969423178"><ele>493</ele><time>2025-08-13T14:15:48.000Z</time></trkpt>
<trkpt lat="30.62300344209665" lon="104.0760821002204"><ele>493</ele><time>2025-08-13T14:15:49.000Z</time></trkpt>
<trkpt lat="30.62299895415003" lon="104.0759087269384"><ele>494</ele><time>2025-08-13T14:15:51.000Z</time></trkpt>
<trkpt lat="30.62297758650155" lon="104.0757195438886"><ele>493</ele><time>2025-08-13T14:15:53.000Z</time></trkpt>
<trkpt lat="30.62296146007614" lon="104.0755443409765"><ele>493</ele><time>2025-08-13T14:15:55.000Z</time></trkpt>
<trkpt lat="30.62295518064681" lon="104.075369012339"><ele>493</ele><time>2025-08-13T14:15:57.000Z</time></trkpt>
<trkpt lat="30.62294713485733" lon="104.075182490699"><ele>493</ele><time>2025-08-13T14:15:59.000Z</time></trkpt>
<trkpt lat="30.6229557194177" lon="104.0750102069655"><ele>493</ele><time>2025-08-13T14:16:01.000Z</time></trkpt>
<trkpt lat="30.62296185485862" lon="104.0748344985463"><ele>493</ele><time>2025-08-13T14:16:03.000Z</time></trkpt>
<trkpt lat="30.62295274869935" lon="104.0746638022126"><ele>493</ele><time>2025-08-13T14:16:05.000Z</time></trkpt>
<trkpt lat="30.62295414880878" lon="104.0745068296193"><ele>493</ele><time>2025-08-13T14:16:07.000Z</time></trkpt>
<trkpt lat="30.62294157652867" lon="104.0743361442454"><ele>492</ele><time>2025-08-13T14:16:09.000Z</time></trkpt>
<trkpt lat="30.62298019933442" lon="104.0741910425563"><ele>492</ele><time>2025-08-13T14:16:11.000Z</time></trkpt>
<trkpt lat="30.62294378378263" lon="104.074018304913"><ele>492</ele><time>2025-08-13T14:16:13.000Z</time></trkpt>
<trkpt lat="30.6229434405835" lon="104.0738534810722"><ele>492</ele><time>2025-08-13T14:16:15.000Z</time></trkpt>
<trkpt lat="30.62293735838895" lon="104.0736704059968"><ele>492</ele><time>2025-08-13T14:16:17.000Z</time></trkpt>
<trkpt lat="30.62290545630183" lon="104.0734835114067"><ele>492</ele><time>2025-08-13T14:16:19.000Z</time></trkpt>
<trkpt lat="30.62289149122346" lon="104.0733035757103"><ele>492</ele><time>2025-08-13T14:16:21.000Z</time></trkpt>
<trkpt lat="30.62288959350764" lon="104.0731373748501"><ele>493</ele><time>2025-08-13T14:16:23.000Z</time></trkpt>
<trkpt lat="30.62288743316481" lon="104.072952285332"><ele>493</ele><time>2025-08-13T14:16:25.000Z</time></trkpt>
<trkpt lat="30.62287561296515" lon="104.072769617433"><ele>493</ele><time>2025-08-13T14:16:27.000Z</time></trkpt>
<trkpt lat="30.62288297848972" lon="104.0725974914591"><ele>493</ele><time>2025-08-13T14:16:29.000Z</time></trkpt>
<trkpt lat="30.62290606284326" lon="104.0724191024282"><ele>493</ele><time>2025-08-13T14:16:31.000Z</time></trkpt>
<trkpt lat="30.6229160524338" lon="104.0722402237816"><ele>494</ele><time>2025-08-13T14:16:33.000Z</time></trkpt>
<trkpt lat="30.62292620606412" lon="104.0720626739702"><ele>494</ele><time>2025-08-13T14:16:35.000Z</time></trkpt>
<trkpt lat="30.62293590676924" lon="104.071897050735"><ele>494</ele><time>2025-08-13T14:16:37.000Z</time></trkpt>
<trkpt lat="30.62294243778648" lon="104.0717305321858"><ele>494</ele><time>2025-08-13T14:16:39.000Z</time></trkpt>
<trkpt lat="30.62294004333756" lon="104.0715640283458"><ele>494</ele><time>2025-08-13T14:16:41.000Z</time></trkpt>
<trkpt lat="30.62294358577234" lon="104.0713959025982"><ele>494</ele><time>2025-08-13T14:16:43.000Z</time></trkpt>
<trkpt lat="30.62290828740125" lon="104.0712163774535"><ele>494</ele><time>2025-08-13T14:16:45.000Z</time></trkpt>
<trkpt lat="30.62291074533323" lon="104.0710483715077"><ele>495</ele><time>2025-08-13T14:16:47.000Z</time></trkpt>
<trkpt lat="30.62291305217446" lon="104.0708832764989"><ele>494</ele><time>2025-08-13T14:16:49.000Z</time></trkpt>
<trkpt lat="30.62291618925701" lon="104.0707185256277"><ele>494</ele><time>2025-08-13T14:16:51.000Z</time></trkpt>
<trkpt lat="30.62291410341946" lon="104.070556321904"><ele>494</ele><time>2025-08-13T14:16:53.000Z</time></trkpt>
<trkpt lat="30.62291197009025" lon="104.0703965865119"><ele>494</ele><time>2025-08-13T14:16:55.000Z</time></trkpt>
<trkpt lat="30.62291029273982" lon="104.0702367839995"><ele>494</ele><time>2025-08-13T14:16:57.000Z</time></trkpt>
<trkpt lat="30.62290124464545" lon="104.0700780806409"><ele>494</ele><time>2025-08-13T14:16:59.000Z</time></trkpt>
<trkpt lat="30.62290231811319" lon="104.0699174932941"><ele>493</ele><time>2025-08-13T14:17:01.000Z</time></trkpt>
<trkpt lat="30.62290070686548" lon="104.0697592088423"><ele>492</ele><time>2025-08-13T14:17:03.000Z</time></trkpt>
<trkpt lat="30.62288138365889" lon="104.0695988013398"><ele>493</ele><time>2025-08-13T14:17:05.000Z</time></trkpt>
<trkpt lat="30.62288356408611" lon="104.0694419818008"><ele>493</ele><time>2025-08-13T14:17:07.000Z</time></trkpt>
<trkpt lat="30.62287642882732" lon="104.069306951693"><ele>493</ele><time>2025-08-13T14:17:09.000Z</time></trkpt>
<trkpt lat="30.62290126160111" lon="104.0692036725523"><ele>493</ele><time>2025-08-13T14:17:12.000Z</time></trkpt>
<trkpt lat="30.62287777945372" lon="104.0690533420706"><ele>493</ele><time>2025-08-13T14:17:15.000Z</time></trkpt>
<trkpt lat="30.6228734219351" lon="104.0689396666706"><ele>493</ele><time>2025-08-13T14:17:17.000Z</time></trkpt>
<trkpt lat="30.62286906476896" lon="104.0688154809615"><ele>492</ele><time>2025-08-13T14:17:19.000Z</time></trkpt>
<trkpt lat="30.62285909180791" lon="104.0686695903148"><ele>493</ele><time>2025-08-13T14:17:21.000Z</time></trkpt>
<trkpt lat="30.62286992278382" lon="104.0685420977092"><ele>492</ele><time>2025-08-13T14:17:23.000Z</time></trkpt>
<trkpt lat="30.62286973792826" lon="104.0683998624221"><ele>492</ele><time>2025-08-13T14:17:25.000Z</time></trkpt>
<trkpt lat="30.62285516310478" lon="104.068257917265"><ele>492</ele><time>2025-08-13T14:17:27.000Z</time></trkpt>
<trkpt lat="30.62283731936814" lon="104.0681234667848"><ele>492</ele><time>2025-08-13T14:17:29.000Z</time></trkpt>
<trkpt lat="30.62282738689921" lon="104.0679973328417"><ele>492</ele><time>2025-08-13T14:17:31.000Z</time></trkpt>
<trkpt lat="30.62282608567628" lon="104.0678754829034"><ele>491</ele><time>2025-08-13T14:17:33.000Z</time></trkpt>
<trkpt lat="30.62282542212787" lon="104.0677574325971"><ele>491</ele><time>2025-08-13T14:17:35.000Z</time></trkpt>
<trkpt lat="30.6228334594728" lon="104.0676500169026"><ele>491</ele><time>2025-08-13T14:17:37.000Z</time></trkpt>
<trkpt lat="30.62284638513021" lon="104.0675241519517"><ele>491</ele><time>2025-08-13T14:17:40.000Z</time></trkpt>
<trkpt lat="30.62284638513021" lon="104.0675241519516"><ele>491</ele><time>2025-08-13T13:21:41.000Z</time></trkpt>
<trkpt lat="30.62284638513021" lon="104.0675241519516"><ele>491</ele><time>2025-08-13T13:21:42.000Z</time></trkpt>
<trkpt lat="30.62284638513021" lon="104.0675241519516"><ele>490</ele><time>2025-08-13T13:21:43.000Z</time></trkpt>
<trkpt lat="30.62284638513021" lon="104.0675241519516"><ele>490</ele><time>2025-08-13T13:21:44.000Z</time></trkpt>
<trkpt lat="30.62284638513021" lon="104.0675241519516"><ele>490</ele><time>2025-08-13T13:21:45.000Z</time></trkpt>
<trkpt lat="30.62284638513021" lon="104.0675241519516"><ele>490</ele><time>2025-08-13T13:21:46.000Z</time></trkpt>
<trkpt lat="30.62284638513021" lon="104.0675241519516"><ele>490</ele><time>2025-08-13T13:21:47.000Z</time></trkpt>
<trkpt lat="30.62284638513021" lon="104.0675241519516"><ele>490</ele><time>2025-08-13T13:21:48.000Z</time></trkpt>
<trkpt lat="30.62284638513021" lon="104.0675241519516"><ele>490</ele><time>2025-08-13T13:21:49.000Z</time></trkpt>
<trkpt lat="30.62284638513021" lon="104.0675241519516"><ele>490</ele><time>2025-08-13T13:21:50.000Z</time></trkpt>
<trkpt lat="30.62284638513021" lon="104.0675241519516"><ele>490</ele><time>2025-08-13T13:21:51.000Z</time></trkpt>
<trkpt lat="30.62284638513021" lon="104.0675241519516"><ele>489</ele><time>2025-08-13T13:21:52.000Z</time></trkpt>
<trkpt lat="30.62284638513021" lon="104.0675241519516"><ele>489</ele><time>2025-08-13T13:21:53.000Z</time></trkpt>
<trkpt lat="30.62284638513021" lon="104.0675241519516"><ele>489</ele><time>2025-08-13T13:21:54.000Z</time></trkpt>
<trkpt lat="30.62284638513021" lon="104.0675241519516"><ele>489</ele><time>2025-08-13T13:21:55.000Z</time></trkpt>
<trkpt lat="30.62284638513021" lon="104.0675241519516"><ele>489</ele><time>2025-08-13T13:21:56.000Z</time></trkpt>
<trkpt lat="30.62284638513021" lon="104.0675241519516"><ele>489</ele><time>2025-08-13T13:21:57.000Z</time></trkpt>
<trkpt lat="30.62284638513021" lon="104.0675241519516"><ele>489</ele><time>2025-08-13T13:21:58.000Z</time></trkpt>
<trkpt lat="30.62284638513021" lon="104.0675241519516"><ele>489</ele><time>2025-08-13T13:21:59.000Z</time></trkpt>
<trkpt lat="30.62284638513021" lon="104.0675241519516"><ele>489</ele><time>2025-08-13T13:22:00.000Z</time></trkpt>
<trkpt lat="30.62284638513021" lon="104.0675241519516"><ele>489</ele><time>2025-08-13T13:22:01.000Z</time></trkpt>
<trkpt lat="30.62284638513021" lon="104.0675241519516"><ele>489</ele><time>2025-08-13T13:22:02.000Z</time></trkpt>
<trkpt lat="30.62284638513021" lon="104.0675241519516"><ele>489</ele><time>2025-08-13T13:22:03.000Z</time></trkpt>
<trkpt lat="30.62284638513021" lon="104.0675241519516"><ele>489</ele><time>2025-08-13T13:22:04.000Z</time></trkpt>
<trkpt lat="30.62284638513021" lon="104.0675241519516"><ele>489</ele><time>2025-08-13T13:22:05.000Z</time></trkpt>
<trkpt lat="30.62284638513021" lon="104.0675241519516"><ele>489</ele><time>2025-08-13T13:22:06.000Z</time></trkpt>
<trkpt lat="30.62284638513021" lon="104.0675241519516"><ele>488</ele><time>2025-08-13T13:22:07.000Z</time></trkpt>
<trkpt lat="30.62284638513021" lon="104.0675241519516"><ele>488</ele><time>2025-08-13T13:22:08.000Z</time></trkpt>
<trkpt lat="30.62284638513021" lon="104.0675241519516"><ele>488</ele><time>2025-08-13T13:22:09.000Z</time></trkpt>
<trkpt lat="30.62284638513021" lon="104.0675241519516"><ele>488</ele><time>2025-08-13T13:22:10.000Z</time></trkpt>
<trkpt lat="30.62284638513021" lon="104.0675241519516"><ele>488</ele><time>2025-08-13T13:22:11.000Z</time></trkpt>
<trkpt lat="30.62284638513021" lon="104.0675241519516"><ele>488</ele><time>2025-08-13T13:22:12.000Z</time></trkpt>
<trkpt lat="30.62284638513021" lon="104.0675241519516"><ele>488</ele><time>2025-08-13T13:22:13.000Z</time></trkpt>
<trkpt lat="30.62284638513021" lon="104.0675241519516"><ele>488</ele><time>2025-08-13T13:22:14.000Z</time></trkpt>
<trkpt lat="30.62284638513021" lon="104.0675241519516"><ele>488</ele><time>2025-08-13T13:22:15.000Z</time></trkpt>
<trkpt lat="30.62284638513021" lon="104.0675241519516"><ele>488</ele><time>2025-08-13T13:22:16.000Z</time></trkpt>
<trkpt lat="30.62284638513021" lon="104.0675241519516"><ele>488</ele><time>2025-08-13T13:22:17.000Z</time></trkpt>
<trkpt lat="30.62284638513021" lon="104.0675241519516"><ele>488</ele><time>2025-08-13T13:22:18.000Z</time></trkpt>
<trkpt lat="30.62284638513021" lon="104.0675241519516"><ele>488</ele><time>2025-08-13T13:22:19.000Z</time></trkpt>
<trkpt lat="30.62284638513021" lon="104.0675241519516"><ele>487</ele><time>2025-08-13T13:22:20.000Z</time></trkpt>
<trkpt lat="30.62284638513021" lon="104.0675241519516"><ele>487</ele><time>2025-08-13T13:22:21.000Z</time></trkpt>
<trkpt lat="30.62284638513021" lon="104.0675241519516"><ele>487</ele><time>2025-08-13T13:22:22.000Z</time></trkpt>
<trkpt lat="30.62284638513021" lon="104.0675241519516"><ele>487</ele><time>2025-08-13T13:22:23.000Z</time></trkpt>
<trkpt lat="30.62284638513021" lon="104.0675241519516"><ele>487</ele><time>2025-08-13T13:22:24.000Z</time></trkpt>
<trkpt lat="30.62284638513021" lon="104.0675241519516"><ele>488</ele><time>2025-08-13T13:22:25.000Z</time></trkpt>
<trkpt lat="30.62284638513021" lon="104.0675241519516"><ele>488</ele><time>2025-08-13T13:22:26.000Z</time></trkpt>
<trkpt lat="30.62284638513021" lon="104.0675241519516"><ele>488</ele><time>2025-08-13T13:22:27.000Z</time></trkpt>
<trkpt lat="30.62284638513021" lon="104.0675241519516"><ele>488</ele><time>2025-08-13T13:22:28.000Z</time></trkpt>
<trkpt lat="30.62284638513021" lon="104.0675241519516"><ele>488</ele><time>2025-08-13T13:22:29.000Z</time></trkpt>
<trkpt lat="30.62284638513021" lon="104.0675241519516"><ele>488</ele><time>2025-08-13T13:22:30.000Z</time></trkpt>
<trkpt lat="30.62284638513021" lon="104.0675241519516"><ele>488</ele><time>2025-08-13T13:22:31.000Z</time></trkpt>
<trkpt lat="30.62284638513021" lon="104.0675241519516"><ele>488</ele><time>2025-08-13T13:22:32.000Z</time></trkpt>
<trkpt lat="30.62284638513021" lon="104.0675241519516"><ele>488</ele><time>2025-08-13T13:22:33.000Z</time></trkpt>
<trkpt lat="30.62284638513021" lon="104.0675241519516"><ele>488</ele><time>2025-08-13T13:22:34.000Z</time></trkpt>
<trkpt lat="30.62284638513021" lon="104.0675241519516"><ele>489</ele><time>2025-08-13T13:22:35.000Z</time></trkpt>
<trkpt lat="30.62284638513021" lon="104.0675241519516"><ele>489</ele><time>2025-08-13T13:22:36.000Z</time></trkpt>
<trkpt lat="30.62284638513021" lon="104.0675241519516"><ele>488</ele><time>2025-08-13T13:22:37.000Z</time></trkpt>
<trkpt lat="30.62284638513021" lon="104.0675241519516"><ele>488</ele><time>2025-08-13T13:22:38.000Z</time></trkpt>
<trkpt lat="30.62284638513021" lon="104.0675241519516"><ele>488</ele><time>2025-08-13T13:22:39.000Z</time></trkpt>
<trkpt lat="30.62284638513021" lon="104.0675241519516"><ele>488</ele><time>2025-08-13T13:22:40.000Z</time></trkpt>
<trkpt lat="30.62284638513021" lon="104.0675241519516"><ele>488</ele><time>2025-08-13T13:22:41.000Z</time></trkpt>
<trkpt lat="30.62284638513021" lon="104.0675241519516"><ele>488</ele><time>2025-08-13T13:22:42.000Z</time></trkpt>
<trkpt lat="30.62284638513021" lon="104.0675241519516"><ele>488</ele><time>2025-08-13T13:22:43.000Z</time></trkpt>
<trkpt lat="30.62284638513021" lon="104.0675241519516"><ele>488</ele><time>2025-08-13T13:22:44.000Z</time></trkpt>
<trkpt lat="30.62284638513021" lon="104.0675241519516"><ele>488</ele><time>2025-08-13T13:22:45.000Z</time></trkpt>
<trkpt lat="30.62284638513021" lon="104.0675241519516"><ele>488</ele><time>2025-08-13T13:22:46.000Z</time></trkpt>
<trkpt lat="30.62284638513021" lon="104.0675241519516"><ele>488</ele><time>2025-08-13T13:22:47.000Z</time></trkpt>
<trkpt lat="30.62284638513021" lon="104.0675241519516"><ele>488</ele><time>2025-08-13T13:22:48.000Z</time></trkpt>
<trkpt lat="30.62284638513021" lon="104.0675241519516"><ele>488</ele><time>2025-08-13T13:22:49.000Z</time></trkpt>
<trkpt lat="30.62284638513021" lon="104.0675241519516"><ele>488</ele><time>2025-08-13T13:22:50.000Z</time></trkpt>
<trkpt lat="30.62284638513021" lon="104.0675241519516"><ele>487</ele><time>2025-08-13T13:22:51.000Z</time></trkpt>
<trkpt lat="30.62284638513021" lon="104.0675241519516"><ele>487</ele><time>2025-08-13T13:22:52.000Z</time></trkpt>
<trkpt lat="30.62284638513021" lon="104.0675241519516"><ele>487</ele><time>2025-08-13T13:22:53.000Z</time></trkpt>
<trkpt lat="30.62284638513021" lon="104.0675241519516"><ele>487</ele><time>2025-08-13T13:22:54.000Z</time></trkpt>
<trkpt lat="30.62284638513021" lon="104.0675241519516"><ele>487</ele><time>2025-08-13T13:22:55.000Z</time></trkpt>
<trkpt lat="30.62284638513021" lon="104.0675241519516"><ele>487</ele><time>2025-08-13T13:22:56.000Z</time></trkpt>
<trkpt lat="30.62284638513021" lon="104.0675241519516"><ele>487</ele><time>2025-08-13T13:22:57.000Z</time></trkpt>
<trkpt lat="30.62284638513021" lon="104.0675241519516"><ele>487</ele><time>2025-08-13T13:22:58.000Z</time></trkpt>
<trkpt lat="30.62284638513021" lon="104.0675241519516"><ele>487</ele><time>2025-08-13T13:22:59.000Z</time></trkpt>
<trkpt lat="30.62284638513021" lon="104.0675241519516"><ele>487</ele><time>2025-08-13T13:23:00.000Z</time></trkpt>
<trkpt lat="30.62284638513021" lon="104.0675241519516"><ele>487</ele><time>2025-08-13T13:23:01.000Z</time></trkpt>
<trkpt lat="30.62284638513021" lon="104.0675241519516"><ele>487</ele><time>2025-08-13T13:23:02.000Z</time></trkpt>
<trkpt lat="30.62284638513021" lon="104.0675241519516"><ele>487</ele><time>2025-08-13T13:23:03.000Z</time></trkpt>
<trkpt lat="30.62284638513021" lon="104.0675241519516"><ele>487</ele><time>2025-08-13T13:23:04.000Z</time></trkpt>
<trkpt lat="30.62284638513021" lon="104.0675241519516"><ele>487</ele><time>2025-08-13T13:23:05.000Z</time></trkpt>
<trkpt lat="30.62284638513021" lon="104.0675241519516"><ele>487</ele><time>2025-08-13T13:23:06.000Z</time></trkpt>
<trkpt lat="30.62284638513021" lon="104.0675241519516"><ele>487</ele><time>2025-08-13T13:23:07.000Z</time></trkpt>
<trkpt lat="30.62284638513021" lon="104.0675241519516"><ele>487</ele><time>2025-08-13T13:23:08.000Z</time></trkpt>
<trkpt lat="30.62284638513021" lon="104.0675241519516"><ele>487</ele><time>2025-08-13T13:23:09.000Z</time></trkpt>
<trkpt lat="30.62284638513021" lon="104.0675241519516"><ele>487</ele><time>2025-08-13T13:23:10.000Z</time></trkpt>
<trkpt lat="30.62284638513021" lon="104.0675241519516"><ele>487</ele><time>2025-08-13T13:23:11.000Z</time></trkpt>
<trkpt lat="30.62284638513021" lon="104.0675241519516"><ele>486</ele><time>2025-08-13T13:23:12.000Z</time></trkpt>
<trkpt lat="30.62284638513021" lon="104.0675241519516"><ele>486</ele><time>2025-08-13T13:23:13.000Z</time></trkpt>
<trkpt lat="30.62284638513021" lon="104.0675241519516"><ele>486</ele><time>2025-08-13T13:23:14.000Z</time></trkpt>
<trkpt lat="30.62284638513021" lon="104.0675241519516"><ele>486</ele><time>2025-08-13T13:23:15.000Z</time></trkpt>
<trkpt lat="30.62284638513021" lon="104.0675241519516"><ele>486</ele><time>2025-08-13T13:23:16.000Z</time></trkpt>
<trkpt lat="30.62284638513021" lon="104.0675241519516"><ele>486</ele><time>2025-08-13T13:23:17.000Z</time></trkpt>
<trkpt lat="30.62284638513021" lon="104.0675241519516"><ele>486</ele><time>2025-08-13T13:23:18.000Z</time></trkpt>
<trkpt lat="30.62284638513021" lon="104.0675241519516"><ele>486</ele><time>2025-08-13T13:23:19.000Z</time></trkpt>
<trkpt lat="30.62284638513021" lon="104.0675241519516"><ele>486</ele><time>2025-08-13T13:23:20.000Z</time></trkpt>
<trkpt lat="30.62284638513021" lon="104.0675241519516"><ele>486</ele><time>2025-08-13T13:23:21.000Z</time></trkpt>
<trkpt lat="30.62284638513021" lon="104.0675241519516"><ele>487</ele><time>2025-08-13T13:23:22.000Z</time></trkpt>
<trkpt lat="30.62284638513021" lon="104.0675241519516"><ele>486</ele><time>2025-08-13T13:23:23.000Z</time></trkpt>
<trkpt lat="30.62284638513021" lon="104.0675241519516"><ele>487</ele><time>2025-08-13T13:23:24.000Z</time></trkpt>
<trkpt lat="30.62284638513021" lon="104.0675241519516"><ele>487</ele><time>2025-08-13T13:23:25.000Z</time></trkpt>
<trkpt lat="30.62284638513021" lon="104.0675241519516"><ele>487</ele><time>2025-08-13T13:23:26.000Z</time></trkpt>
<trkpt lat="30.62284638513021" lon="104.0675241519516"><ele>487</ele><time>2025-08-13T13:23:27.000Z</time></trkpt>
<trkpt lat="30.62284638513021" lon="104.0675241519516"><ele>487</ele><time>2025-08-13T13:23:28.000Z</time></trkpt>
<trkpt lat="30.62284638513021" lon="104.0675241519516"><ele>487</ele><time>2025-08-13T13:23:29.000Z</time></trkpt>
<trkpt lat="30.62284638513021" lon="104.0675241519516"><ele>486</ele><time>2025-08-13T13:23:30.000Z</time></trkpt>
<trkpt lat="30.62284638513021" lon="104.0675241519516"><ele>486</ele><time>2025-08-13T13:23:31.000Z</time></trkpt>
<trkpt lat="30.62284638513021" lon="104.0675241519516"><ele>486</ele><time>2025-08-13T13:23:32.000Z</time></trkpt>
<trkpt lat="30.62284638513021" lon="104.0675241519516"><ele>486</ele><time>2025-08-13T13:23:33.000Z</time></trkpt>
<trkpt lat="30.62284638513021" lon="104.0675241519516"><ele>486</ele><time>2025-08-13T13:23:34.000Z</time></trkpt>
<trkpt lat="30.62284638513021" lon="104.0675241519516"><ele>486</ele><time>2025-08-13T13:23:35.000Z</time></trkpt>
<trkpt lat="30.62284638513021" lon="104.0675241519516"><ele>486</ele><time>2025-08-13T13:23:36.000Z</time></trkpt>
<trkpt lat="30.62284638513021" lon="104.0675241519516"><ele>486</ele><time>2025-08-13T13:23:37.000Z</time></trkpt>
<trkpt lat="30.62284638513021" lon="104.0675241519516"><ele>486</ele><time>2025-08-13T13:23:38.000Z</time></trkpt>
<trkpt lat="30.62284638513021" lon="104.0675241519516"><ele>486</ele><time>2025-08-13T13:23:39.000Z</time></trkpt>
<trkpt lat="30.62284638513021" lon="104.0675241519516"><ele>486</ele><time>2025-08-13T13:23:40.000Z</time></trkpt>
<trkpt lat="30.62284638513021" lon="104.0675241519516"><ele>486</ele><time>2025-08-13T13:23:41.000Z</time></trkpt>
<trkpt lat="30.62284638513021" lon="104.0675241519516"><ele>486</ele><time>2025-08-13T13:23:42.000Z</time></trkpt>
<trkpt lat="30.62284638513021" lon="104.0675241519516"><ele>486</ele><time>2025-08-13T13:23:43.000Z</time></trkpt>
<trkpt lat="30.62284638513021" lon="104.0675241519516"><ele>486</ele><time>2025-08-13T13:23:44.000Z</time></trkpt>
<trkpt lat="30.62284638513021" lon="104.0675241519516"><ele>486</ele><time>2025-08-13T13:23:45.000Z</time></trkpt>
<trkpt lat="30.62284638513021" lon="104.0675241519516"><ele>486</ele><time>2025-08-13T13:23:46.000Z</time></trkpt>
<trkpt lat="30.62284638513021" lon="104.0675241519516"><ele>486</ele><time>2025-08-13T13:23:47.000Z</time></trkpt>
<trkpt lat="30.62284638513021" lon="104.0675241519516"><ele>486</ele><time>2025-08-13T13:23:48.000Z</time></trkpt>
<trkpt lat="30.62284638513021" lon="104.0675241519516"><ele>486</ele><time>2025-08-13T13:23:49.000Z</time></trkpt>
<trkpt lat="30.62284638513021" lon="104.0675241519516"><ele>486</ele><time>2025-08-13T13:23:50.000Z</time></trkpt>
<trkpt lat="30.62284638513021" lon="104.0675241519516"><ele>487</ele><time>2025-08-13T13:23:51.000Z</time></trkpt>
<trkpt lat="30.62284638513021" lon="104.0675241519516"><ele>487</ele><time>2025-08-13T13:23:52.000Z</time></trkpt>
<trkpt lat="30.62284638513021" lon="104.0675241519516"><ele>487</ele><time>2025-08-13T13:23:53.000Z</time></trkpt>
<trkpt lat="30.62284638513021" lon="104.0675241519516"><ele>487</ele><time>2025-08-13T13:23:54.000Z</time></trkpt>
<trkpt lat="30.62284638513021" lon="104.0675241519516"><ele>487</ele><time>2025-08-13T13:23:55.000Z</time></trkpt>
<trkpt lat="30.62284638513021" lon="104.0675241519516"><ele>487</ele><time>2025-08-13T13:23:56.000Z</time></trkpt>
<trkpt lat="30.62284638513021" lon="104.0675241519516"><ele>487</ele><time>2025-08-13T13:23:57.000Z</time></trkpt>
<trkpt lat="30.62284638513021" lon="104.0675241519516"><ele>487</ele><time>2025-08-13T13:23:58.000Z</time></trkpt>
<trkpt lat="30.62284638513021" lon="104.0675241519516"><ele>488</ele><time>2025-08-13T13:23:59.000Z</time></trkpt>
<trkpt lat="30.62284638513021" lon="104.0675241519516"><ele>488</ele><time>2025-08-13T13:24:00.000Z</time></trkpt>
<trkpt lat="30.62284638513021" lon="104.0675241519516"><ele>488</ele><time>2025-08-13T13:24:01.000Z</time></trkpt>
<trkpt lat="30.62284638513021" lon="104.0675241519516"><ele>488</ele><time>2025-08-13T13:24:02.000Z</time></trkpt>
<trkpt lat="30.62284638513021" lon="104.0675241519516"><ele>488</ele><time>2025-08-13T13:24:03.000Z</time></trkpt>
<trkpt lat="30.62284638513021" lon="104.0675241519516"><ele>488</ele><time>2025-08-13T13:24:04.000Z</time></trkpt>
<trkpt lat="30.62284638513021" lon="104.0675241519516"><ele>488</ele><time>2025-08-13T13:24:05.000Z</time></trkpt>
<trkpt lat="30.62284638513021" lon="104.0675241519516"><ele>488</ele><time>2025-08-13T13:24:06.000Z</time></trkpt>
<trkpt lat="30.62284638513021" lon="104.0675241519516"><ele>488</ele><time>2025-08-13T13:24:07.000Z</time></trkpt>
<trkpt lat="30.62284638513021" lon="104.0675241519516"><ele>488</ele><time>2025-08-13T13:24:08.000Z</time></trkpt>
<trkpt lat="30.62284638513021" lon="104.0675241519516"><ele>488</ele><time>2025-08-13T13:24:09.000Z</time></trkpt>
<trkpt lat="30.62284638513021" lon="104.0675241519516"><ele>488</ele><time>2025-08-13T13:24:10.000Z</time></trkpt>
<trkpt lat="30.62284638513021" lon="104.0675241519516"><ele>488</ele><time>2025-08-13T13:24:11.000Z</time></trkpt>
<trkpt lat="30.62284638513021" lon="104.0675241519516"><ele>488</ele><time>2025-08-13T13:24:12.000Z</time></trkpt>
<trkpt lat="30.62284638513021" lon="104.0675241519516"><ele>488</ele><time>2025-08-13T13:24:13.000Z</time></trkpt>
<trkpt lat="30.62284638513021" lon="104.0675241519516"><ele>489</ele><time>2025-08-13T13:24:14.000Z</time></trkpt>
<trkpt lat="30.62284638513021" lon="104.0675241519516"><ele>489</ele><time>2025-08-13T13:24:15.000Z</time></trkpt>
<trkpt lat="30.62284638513021" lon="104.0675241519516"><ele>489</ele><time>2025-08-13T13:24:16.000Z</time></trkpt>
<trkpt lat="30.62284638513021" lon="104.0675241519516"><ele>489</ele><time>2025-08-13T13:24:17.000Z</time></trkpt>
<trkpt lat="30.62284638513021" lon="104.0675241519516"><ele>489</ele><time>2025-08-13T13:24:18.000Z</time></trkpt>
<trkpt lat="30.62284638513021" lon="104.0675241519516"><ele>489</ele><time>2025-08-13T13:24:19.000Z</time></trkpt>
<trkpt lat="30.62284638513021" lon="104.0675241519516"><ele>489</ele><time>2025-08-13T13:24:20.000Z</time></trkpt>
<trkpt lat="30.62284638513021" lon="104.0675241519516"><ele>489</ele><time>2025-08-13T13:24:21.000Z</time></trkpt>
<trkpt lat="30.62284638513021" lon="104.0675241519516"><ele>489</ele><time>2025-08-13T13:24:22.000Z</time></trkpt>
<trkpt lat="30.62284638513021" lon="104.0675241519516"><ele>489</ele><time>2025-08-13T13:24:23.000Z</time></trkpt>
<trkpt lat="30.62284638513021" lon="104.0675241519516"><ele>489</ele><time>2025-08-13T13:24:24.000Z</time></trkpt>
<trkpt lat="30.62284638513021" lon="104.0675241519516"><ele>490</ele><time>2025-08-13T13:24:25.000Z</time></trkpt>
<trkpt lat="30.62284638513021" lon="104.0675241519516"><ele>490</ele><time>2025-08-13T13:24:26.000Z</time></trkpt>
<trkpt lat="30.62284638513021" lon="104.0675241519516"><ele>490</ele><time>2025-08-13T13:24:27.000Z</time></trkpt>
<trkpt lat="30.62284638513021" lon="104.0675241519516"><ele>490</ele><time>2025-08-13T13:24:28.000Z</time></trkpt>
<trkpt lat="30.62284638513021" lon="104.0675241519516"><ele>489</ele><time>2025-08-13T13:24:29.000Z</time></trkpt>
<trkpt lat="30.62284638513021" lon="104.0675241519516"><ele>489</ele><time>2025-08-13T13:24:30.000Z</time></trkpt>
<trkpt lat="30.62284638513021" lon="104.0675241519516"><ele>489</ele><time>2025-08-13T13:24:31.000Z</time></trkpt>
<trkpt lat="30.62284638513021" lon="104.0675241519516"><ele>489</ele><time>2025-08-13T13:24:32.000Z</time></trkpt>
<trkpt lat="30.62284638513021" lon="104.0675241519516"><ele>489</ele><time>2025-08-13T13:24:33.000Z</time></trkpt>
<trkpt lat="30.62284638513021" lon="104.0675241519516"><ele>489</ele><time>2025-08-13T13:24:34.000Z</time></trkpt>
<trkpt lat="30.62284638513021" lon="104.0675241519516"><ele>488</ele><time>2025-08-13T13:24:35.000Z</time></trkpt>
<trkpt lat="30.62284638513021" lon="104.0675241519516"><ele>489</ele><time>2025-08-13T13:24:36.000Z</time></trkpt>
<trkpt lat="30.62284638513021" lon="104.0675241519516"><ele>489</ele><time>2025-08-13T13:24:37.000Z</time></trkpt>
<trkpt lat="30.62284638513021" lon="104.0675241519516"><ele>489</ele><time>2025-08-13T13:24:38.000Z</time></trkpt>
<trkpt lat="30.62284638513021" lon="104.0675241519516"><ele>489</ele><time>2025-08-13T13:24:39.000Z</time></trkpt>
<trkpt lat="30.62284638513021" lon="104.0675241519516"><ele>489</ele><time>2025-08-13T13:24:40.000Z</time></trkpt>
<trkpt lat="30.62284638513021" lon="104.0675241519516"><ele>489</ele><time>2025-08-13T13:24:41.000Z</time></trkpt>
<trkpt lat="30.62284638513021" lon="104.0675241519516"><ele>489</ele><time>2025-08-13T13:24:42.000Z</time></trkpt>
<trkpt lat="30.62284638513021" lon="104.0675241519516"><ele>489</ele><time>2025-08-13T13:24:43.000Z</time></trkpt>
<trkpt lat="30.62284638513021" lon="104.0675241519516"><ele>489</ele><time>2025-08-13T13:24:44.000Z</time></trkpt>
<trkpt lat="30.62284638513021" lon="104.0675241519516"><ele>489</ele><time>2025-08-13T13:24:45.000Z</time></trkpt>
<trkpt lat="30.62284638513021" lon="104.0675241519516"><ele>489</ele><time>2025-08-13T13:24:46.000Z</time></trkpt>
<trkpt lat="30.62284638513021" lon="104.0675241519516"><ele>489</ele><time>2025-08-13T13:24:47.000Z</time></trkpt>
<trkpt lat="30.62284638513021" lon="104.0675241519516"><ele>489</ele><time>2025-08-13T13:24:48.000Z</time></trkpt>
<trkpt lat="30.62284638513021" lon="104.0675241519516"><ele>489</ele><time>2025-08-13T13:24:49.000Z</time></trkpt>
<trkpt lat="30.62284638513021" lon="104.0675241519516"><ele>491</ele><time>2025-08-13T13:24:50.000Z</time></trkpt>
<trkpt lat="30.62284638513021" lon="104.0675241519516"><ele>490</ele><time>2025-08-13T13:24:51.000Z</time></trkpt>
<trkpt lat="30.62284638513021" lon="104.0675241519516"><ele>490</ele><time>2025-08-13T13:24:52.000Z</time></trkpt>
<trkpt lat="30.62284638513021" lon="104.0675241519516"><ele>490</ele><time>2025-08-13T13:24:53.000Z</time></trkpt>
<trkpt lat="30.62284638513021" lon="104.0675241519516"><ele>490</ele><time>2025-08-13T13:24:54.000Z</time></trkpt>
<trkpt lat="30.62284638513021" lon="104.0675241519516"><ele>490</ele><time>2025-08-13T13:24:55.000Z</time></trkpt>
<trkpt lat="30.62284638513021" lon="104.0675241519516"><ele>490</ele><time>2025-08-13T13:24:56.000Z</time></trkpt>
<trkpt lat="30.62284638513021" lon="104.0675241519516"><ele>490</ele><time>2025-08-13T13:24:57.000Z</time></trkpt>
<trkpt lat="30.62284638513021" lon="104.0675241519516"><ele>490</ele><time>2025-08-13T13:24:58.000Z</time></trkpt>
<trkpt lat="30.62284638513021" lon="104.0675241519516"><ele>490</ele><time>2025-08-13T13:24:59.000Z</time></trkpt>
<trkpt lat="30.62284638513021" lon="104.0675241519516"><ele>490</ele><time>2025-08-13T13:25:00.000Z</time></trkpt>
<trkpt lat="30.62284638513021" lon="104.0675241519516"><ele>490</ele><time>2025-08-13T13:25:01.000Z</time></trkpt>
<trkpt lat="30.62284638513021" lon="104.0675241519516"><ele>489</ele><time>2025-08-13T13:25:02.000Z</time></trkpt>
<trkpt lat="30.62284638513021" lon="104.0675241519516"><ele>489</ele><time>2025-08-13T13:25:03.000Z</time></trkpt>
<trkpt lat="30.62284638513021" lon="104.0675241519516"><ele>489</ele><time>2025-08-13T13:25:04.000Z</time></trkpt>
<trkpt lat="30.62284638513021" lon="104.0675241519516"><ele>489</ele><time>2025-08-13T13:25:05.000Z</time></trkpt>
<trkpt lat="30.62284638513021" lon="104.0675241519516"><ele>489</ele><time>2025-08-13T13:25:06.000Z</time></trkpt>
<trkpt lat="30.62284638513021" lon="104.0675241519516"><ele>488</ele><time>2025-08-13T13:25:07.000Z</time></trkpt>
<trkpt lat="30.62284638513021" lon="104.0675241519516"><ele>488</ele><time>2025-08-13T13:25:08.000Z</time></trkpt>
<trkpt lat="30.62284638513021" lon="104.0675241519516"><ele>488</ele><time>2025-08-13T13:25:09.000Z</time></trkpt>
<trkpt lat="30.62284638513021" lon="104.0675241519516"><ele>488</ele><time>2025-08-13T13:25:10.000Z</time></trkpt>
<trkpt lat="30.62284638513021" lon="104.0675241519516"><ele>487</ele><time>2025-08-13T13:25:11.000Z</time></trkpt>
<trkpt lat="30.62284638513021" lon="104.0675241519516"><ele>487</ele><time>2025-08-13T13:25:12.000Z</time></trkpt>
<trkpt lat="30.62284638513021" lon="104.0675241519516"><ele>487</ele><time>2025-08-13T13:25:13.000Z</time></trkpt>
<trkpt lat="30.62284638513021" lon="104.0675241519516"><ele>488</ele><time>2025-08-13T13:25:14.000Z</time></trkpt>
<trkpt lat="30.62284638513021" lon="104.0675241519516"><ele>488</ele><time>2025-08-13T13:25:15.000Z</time></trkpt>
<trkpt lat="30.62284638513021" lon="104.0675241519516"><ele>488</ele><time>2025-08-13T13:25:16.000Z</time></trkpt>
<trkpt lat="30.62284638513021" lon="104.0675241519516"><ele>488</ele><time>2025-08-13T13:25:17.000Z</time></trkpt>
<trkpt lat="30.62284638513021" lon="104.0675241519516"><ele>488</ele><time>2025-08-13T13:25:18.000Z</time></trkpt>
<trkpt lat="30.62284638513021" lon="104.0675241519516"><ele>488</ele><time>2025-08-13T13:25:19.000Z</time></trkpt>
<trkpt lat="30.62284638513021" lon="104.0675241519516"><ele>489</ele><time>2025-08-13T13:25:20.000Z</time></trkpt>
<trkpt lat="30.62284638513021" lon="104.0675241519516"><ele>489</ele><time>2025-08-13T13:25:21.000Z</time></trkpt>
<trkpt lat="30.62284638513021" lon="104.0675241519516"><ele>489</ele><time>2025-08-13T13:25:22.000Z</time></trkpt>
<trkpt lat="30.62284638513021" lon="104.0675241519516"><ele>489</ele><time>2025-08-13T13:25:23.000Z</time></trkpt>
<trkpt lat="30.62284638513021" lon="104.0675241519516"><ele>489</ele><time>2025-08-13T13:25:24.000Z</time></trkpt>
<trkpt lat="30.62284638513021" lon="104.0675241519516"><ele>489</ele><time>2025-08-13T13:25:25.000Z</time></trkpt>
<trkpt lat="30.62284638513021" lon="104.0675241519516"><ele>489</ele><time>2025-08-13T13:25:26.000Z</time></trkpt>
<trkpt lat="30.62284638513021" lon="104.0675241519516"><ele>489</ele><time>2025-08-13T13:25:27.000Z</time></trkpt>
<trkpt lat="30.62284638513021" lon="104.0675241519516"><ele>489</ele><time>2025-08-13T13:25:28.000Z</time></trkpt>
<trkpt lat="30.62284638513021" lon="104.0675241519516"><ele>489</ele><time>2025-08-13T13:25:29.000Z</time></trkpt>
<trkpt lat="30.62284638513021" lon="104.0675241519516"><ele>489</ele><time>2025-08-13T13:25:30.000Z</time></trkpt>
<trkpt lat="30.62284638513021" lon="104.0675241519516"><ele>489</ele><time>2025-08-13T13:25:31.000Z</time></trkpt>
<trkpt lat="30.62284638513021" lon="104.0675241519516"><ele>489</ele><time>2025-08-13T13:25:32.000Z</time></trkpt>
<trkpt lat="30.62284638513021" lon="104.0675241519516"><ele>489</ele><time>2025-08-13T13:25:33.000Z</time></trkpt>
<trkpt lat="30.62284638513021" lon="104.0675241519516"><ele>489</ele><time>2025-08-13T13:25:34.000Z</time></trkpt>
<trkpt lat="30.62284638513021" lon="104.0675241519516"><ele>489</ele><time>2025-08-13T13:25:35.000Z</time></trkpt>
<trkpt lat="30.62284638513021" lon="104.0675241519516"><ele>488</ele><time>2025-08-13T13:25:36.000Z</time></trkpt>
<trkpt lat="30.62284638513021" lon="104.0675241519516"><ele>489</ele><time>2025-08-13T13:25:37.000Z</time></trkpt>
<trkpt lat="30.62284638513021" lon="104.0675241519516"><ele>489</ele><time>2025-08-13T13:25:38.000Z</time></trkpt>
<trkpt lat="30.62284638513021" lon="104.0675241519516"><ele>489</ele><time>2025-08-13T13:25:39.000Z</time></trkpt>
<trkpt lat="30.62284638513021" lon="104.0675241519516"><ele>489</ele><time>2025-08-13T13:25:40.000Z</time></trkpt>
<trkpt lat="30.62284638513021" lon="104.0675241519516"><ele>489</ele><time>2025-08-13T13:25:41.000Z</time></trkpt>
<trkpt lat="30.62284638513021" lon="104.0675241519516"><ele>489</ele><time>2025-08-13T13:25:42.000Z</time></trkpt>
<trkpt lat="30.62284638513021" lon="104.0675241519516"><ele>489</ele><time>2025-08-13T13:25:43.000Z</time></trkpt>
<trkpt lat="30.62284638513021" lon="104.0675241519516"><ele>489</ele><time>2025-08-13T13:25:44.000Z</time></trkpt>
<trkpt lat="30.62284638513021" lon="104.0675241519516"><ele>489</ele><time>2025-08-13T13:25:45.000Z</time></trkpt>
<trkpt lat="30.62284638513021" lon="104.0675241519516"><ele>489</ele><time>2025-08-13T13:25:46.000Z</time></trkpt>
<trkpt lat="30.62284638513021" lon="104.0675241519516"><ele>490</ele><time>2025-08-13T13:25:47.000Z</time></trkpt>
<trkpt lat="30.62284638513021" lon="104.0675241519516"><ele>490</ele><time>2025-08-13T13:25:48.000Z</time></trkpt>
<trkpt lat="30.62284638513021" lon="104.0675241519516"><ele>489</ele><time>2025-08-13T13:25:49.000Z</time></trkpt>
<trkpt lat="30.62284638513021" lon="104.0675241519516"><ele>489</ele><time>2025-08-13T13:25:50.000Z</time></trkpt>
<trkpt lat="30.62284638513021" lon="104.0675241519516"><ele>490</ele><time>2025-08-13T13:25:51.000Z</time></trkpt>
<trkpt lat="30.62284638513021" lon="104.0675241519516"><ele>490</ele><time>2025-08-13T13:25:52.000Z</time></trkpt>
<trkpt lat="30.62284638513021" lon="104.0675241519516"><ele>489</ele><time>2025-08-13T13:25:53.000Z</time></trkpt>
<trkpt lat="30.62284638513021" lon="104.0675241519516"><ele>489</ele><time>2025-08-13T13:25:54.000Z</time></trkpt>
<trkpt lat="30.62284638513021" lon="104.0675241519516"><ele>489</ele><time>2025-08-13T13:25:55.000Z</time></trkpt>
<trkpt lat="30.62284638513021" lon="104.0675241519516"><ele>489</ele><time>2025-08-13T13:25:56.000Z</time></trkpt>
<trkpt lat="30.62284638513021" lon="104.0675241519516"><ele>489</ele><time>2025-08-13T13:25:57.000Z</time></trkpt>
<trkpt lat="30.62284638513021" lon="104.0675241519516"><ele>488</ele><time>2025-08-13T13:25:58.000Z</time></trkpt>
<trkpt lat="30.62284638513021" lon="104.0675241519516"><ele>489</ele><time>2025-08-13T13:25:59.000Z</time></trkpt>
<trkpt lat="30.62284638513021" lon="104.0675241519516"><ele>489</ele><time>2025-08-13T13:26:00.000Z</time></trkpt>
<trkpt lat="30.62284638513021" lon="104.0675241519516"><ele>489</ele><time>2025-08-13T13:26:01.000Z</time></trkpt>
<trkpt lat="30.62284638513021" lon="104.0675241519516"><ele>489</ele><time>2025-08-13T13:26:02.000Z</time></trkpt>
<trkpt lat="30.62284638513021" lon="104.0675241519516"><ele>489</ele><time>2025-08-13T13:26:03.000Z</time></trkpt>
<trkpt lat="30.62284638513021" lon="104.0675241519516"><ele>488</ele><time>2025-08-13T13:26:04.000Z</time></trkpt>
<trkpt lat="30.62284638513021" lon="104.0675241519516"><ele>489</ele><time>2025-08-13T13:26:05.000Z</time></trkpt>
<trkpt lat="30.62284638513021" lon="104.0675241519516"><ele>489</ele><time>2025-08-13T13:26:06.000Z</time></trkpt>
<trkpt lat="30.62284638513021" lon="104.0675241519516"><ele>488</ele><time>2025-08-13T13:26:07.000Z</time></trkpt>
<trkpt lat="30.62284638513021" lon="104.0675241519516"><ele>489</ele><time>2025-08-13T13:26:08.000Z</time></trkpt>
<trkpt lat="30.62284638513021" lon="104.0675241519516"><ele>489</ele><time>2025-08-13T13:26:09.000Z</time></trkpt>
<trkpt lat="30.62284638513021" lon="104.0675241519516"><ele>489</ele><time>2025-08-13T13:26:10.000Z</time></trkpt>
<trkpt lat="30.62284638513021" lon="104.0675241519516"><ele>489</ele><time>2025-08-13T13:26:11.000Z</time></trkpt>
<trkpt lat="30.62284638513021" lon="104.0675241519516"><ele>489</ele><time>2025-08-13T13:26:12.000Z</time></trkpt>
<trkpt lat="30.62284638513021" lon="104.0675241519516"><ele>489</ele><time>2025-08-13T13:26:13.000Z</time></trkpt>
<trkpt lat="30.62284638513021" lon="104.0675241519516"><ele>489</ele><time>2025-08-13T13:26:14.000Z</time></trkpt>
<trkpt lat="30.62284638513021" lon="104.0675241519516"><ele>489</ele><time>2025-08-13T13:26:15.000Z</time></trkpt>
<trkpt lat="30.62284638513021" lon="104.0675241519516"><ele>489</ele><time>2025-08-13T13:26:16.000Z</time></trkpt>
<trkpt lat="30.62284638513021" lon="104.0675241519516"><ele>488</ele><time>2025-08-13T13:26:17.000Z</time></trkpt>
<trkpt lat="30.62284638513021" lon="104.0675241519516"><ele>488</ele><time>2025-08-13T13:26:18.000Z</time></trkpt>
<trkpt lat="30.62284638513021" lon="104.0675241519516"><ele>488</ele><time>2025-08-13T13:26:19.000Z</time></trkpt>
<trkpt lat="30.62284638513021" lon="104.0675241519516"><ele>488</ele><time>2025-08-13T13:26:20.000Z</time></trkpt>
<trkpt lat="30.62284638513021" lon="104.0675241519516"><ele>489</ele><time>2025-08-13T13:26:21.000Z</time></trkpt>
<trkpt lat="30.62284638513021" lon="104.0675241519516"><ele>489</ele><time>2025-08-13T13:26:22.000Z</time></trkpt>
<trkpt lat="30.62284638513021" lon="104.0675241519516"><ele>489</ele><time>2025-08-13T13:26:23.000Z</time></trkpt>
<trkpt lat="30.62284638513021" lon="104.0675241519516"><ele>489</ele><time>2025-08-13T13:26:24.000Z</time></trkpt>
<trkpt lat="30.62284638513021" lon="104.0675241519516"><ele>490</ele><time>2025-08-13T13:26:25.000Z</time></trkpt>
<trkpt lat="30.62284638513021" lon="104.0675241519516"><ele>490</ele><time>2025-08-13T13:26:26.000Z</time></trkpt>
<trkpt lat="30.62284638513021" lon="104.0675241519516"><ele>491</ele><time>2025-08-13T13:26:27.000Z</time></trkpt>
<trkpt lat="30.62284638513021" lon="104.0675241519516"><ele>490</ele><time>2025-08-13T13:26:28.000Z</time></trkpt>
<trkpt lat="30.62284638513021" lon="104.0675241519516"><ele>490</ele><time>2025-08-13T13:26:29.000Z</time></trkpt>
<trkpt lat="30.62284638513021" lon="104.0675241519516"><ele>490</ele><time>2025-08-13T13:26:30.000Z</time></trkpt>
<trkpt lat="30.62284638513021" lon="104.0675241519516"><ele>489</ele><time>2025-08-13T13:26:31.000Z</time></trkpt>
<trkpt lat="30.62284638513021" lon="104.0675241519516"><ele>488</ele><time>2025-08-13T13:26:32.000Z</time></trkpt>
<trkpt lat="30.62284638513021" lon="104.0675241519516"><ele>488</ele><time>2025-08-13T13:26:33.000Z</time></trkpt>
<trkpt lat="30.62284638513021" lon="104.0675241519516"><ele>488</ele><time>2025-08-13T13:26:34.000Z</time></trkpt>
<trkpt lat="30.62284638513021" lon="104.0675241519516"><ele>488</ele><time>2025-08-13T13:26:35.000Z</time></trkpt>
<trkpt lat="30.62284638513021" lon="104.0675241519516"><ele>488</ele><time>2025-08-13T13:26:36.000Z</time></trkpt>
<trkpt lat="30.62284638513021" lon="104.0675241519516"><ele>488</ele><time>2025-08-13T13:26:37.000Z</time></trkpt>
<trkpt lat="30.62284638513021" lon="104.0675241519516"><ele>488</ele><time>2025-08-13T13:26:38.000Z</time></trkpt>
<trkpt lat="30.62284638513021" lon="104.0675241519516"><ele>488</ele><time>2025-08-13T13:26:39.000Z</time></trkpt>
<trkpt lat="30.62284638513021" lon="104.0675241519516"><ele>488</ele><time>2025-08-13T13:26:40.000Z</time></trkpt>
<trkpt lat="30.62284638513021" lon="104.0675241519516"><ele>489</ele><time>2025-08-13T13:26:41.000Z</time></trkpt>
<trkpt lat="30.62284638513021" lon="104.0675241519516"><ele>488</ele><time>2025-08-13T13:26:42.000Z</time></trkpt>
<trkpt lat="30.62284638513021" lon="104.0675241519516"><ele>488</ele><time>2025-08-13T13:26:43.000Z</time></trkpt>
<trkpt lat="30.62284638513021" lon="104.0675241519516"><ele>488</ele><time>2025-08-13T13:26:44.000Z</time></trkpt>
<trkpt lat="30.62284638513021" lon="104.0675241519516"><ele>489</ele><time>2025-08-13T13:26:45.000Z</time></trkpt>
<trkpt lat="30.62284638513021" lon="104.0675241519516"><ele>488</ele><time>2025-08-13T13:26:46.000Z</time></trkpt>
<trkpt lat="30.62284638513021" lon="104.0675241519516"><ele>488</ele><time>2025-08-13T13:26:47.000Z</time></trkpt>
<trkpt lat="30.62284638513021" lon="104.0675241519516"><ele>489</ele><time>2025-08-13T13:26:48.000Z</time></trkpt>
<trkpt lat="30.62284638513021" lon="104.0675241519516"><ele>489</ele><time>2025-08-13T13:26:49.000Z</time></trkpt>
<trkpt lat="30.62284638513021" lon="104.0675241519516"><ele>490</ele><time>2025-08-13T13:26:50.000Z</time></trkpt>
<trkpt lat="30.62284638513021" lon="104.0675241519516"><ele>491</ele><time>2025-08-13T13:26:51.000Z</time></trkpt>
<trkpt lat="30.62284638513021" lon="104.0675241519516"><ele>490</ele><time>2025-08-13T13:26:52.000Z</time></trkpt>
<trkpt lat="30.62284638513021" lon="104.0675241519516"><ele>491</ele><time>2025-08-13T13:26:53.000Z</time></trkpt>
<trkpt lat="30.62284638513021" lon="104.0675241519516"><ele>491</ele><time>2025-08-13T13:26:54.000Z</time></trkpt>
<trkpt lat="30.62284638513021" lon="104.0675241519516"><ele>490</ele><time>2025-08-13T13:26:55.000Z</time></trkpt>
<trkpt lat="30.62284638513021" lon="104.0675241519516"><ele>490</ele><time>2025-08-13T13:26:56.000Z</time></trkpt>
<trkpt lat="30.62284638513021" lon="104.0675241519516"><ele>490</ele><time>2025-08-13T13:26:57.000Z</time></trkpt>
<trkpt lat="30.62284638513021" lon="104.0675241519516"><ele>490</ele><time>2025-08-13T13:26:58.000Z</time></trkpt>
<trkpt lat="30.62284638513021" lon="104.0675241519516"><ele>490</ele><time>2025-08-13T13:26:59.000Z</time></trkpt>
<trkpt lat="30.62284638513021" lon="104.0675241519516"><ele>490</ele><time>2025-08-13T13:27:00.000Z</time></trkpt>
<trkpt lat="30.62284638513021" lon="104.0675241519516"><ele>490</ele><time>2025-08-13T13:27:01.000Z</time></trkpt>
<trkpt lat="30.62284638513021" lon="104.0675241519516"><ele>491</ele><time>2025-08-13T13:27:02.000Z</time></trkpt>
<trkpt lat="30.62284638513021" lon="104.0675241519516"><ele>491</ele><time>2025-08-13T13:27:03.000Z</time></trkpt>
<trkpt lat="30.62284638513021" lon="104.0675241519516"><ele>490</ele><time>2025-08-13T13:27:04.000Z</time></trkpt>
<trkpt lat="30.62284638513021" lon="104.0675241519516"><ele>490</ele><time>2025-08-13T13:27:05.000Z</time></trkpt>
<trkpt lat="30.62284638513021" lon="104.0675241519516"><ele>490</ele><time>2025-08-13T13:27:06.000Z</time></trkpt>
<trkpt lat="30.62284638513021" lon="104.0675241519516"><ele>490</ele><time>2025-08-13T13:27:07.000Z</time></trkpt>
<trkpt lat="30.62284638513021" lon="104.0675241519516"><ele>491</ele><time>2025-08-13T13:27:08.000Z</time></trkpt>
<trkpt lat="30.62284638513021" lon="104.0675241519516"><ele>491</ele><time>2025-08-13T13:27:09.000Z</time></trkpt>
<trkpt lat="30.62284638513021" lon="104.0675241519516"><ele>491</ele><time>2025-08-13T13:27:10.000Z</time></trkpt>
<trkpt lat="30.62284638513021" lon="104.0675241519516"><ele>491</ele><time>2025-08-13T13:27:11.000Z</time></trkpt>
<trkpt lat="30.62284638513021" lon="104.0675241519516"><ele>491</ele><time>2025-08-13T13:27:12.000Z</time></trkpt>
<trkpt lat="30.62284638513021" lon="104.0675241519516"><ele>491</ele><time>2025-08-13T13:27:13.000Z</time></trkpt>
<trkpt lat="30.62284638513021" lon="104.0675241519516"><ele>491</ele><time>2025-08-13T13:27:14.000Z</time></trkpt>
<trkpt lat="30.62284638513021" lon="104.0675241519516"><ele>491</ele><time>2025-08-13T13:27:15.000Z</time></trkpt>
<trkpt lat="30.62284638513021" lon="104.0675241519516"><ele>491</ele><time>2025-08-13T13:27:16.000Z</time></trkpt>
<trkpt lat="30.62284638513021" lon="104.0675241519516"><ele>491</ele><time>2025-08-13T13:27:17.000Z</time></trkpt>
<trkpt lat="30.62284638513021" lon="104.0675241519516"><ele>492</ele><time>2025-08-13T13:27:18.000Z</time></trkpt>
<trkpt lat="30.62284638513021" lon="104.0675241519516"><ele>492</ele><time>2025-08-13T13:27:19.000Z</time></trkpt>
<trkpt lat="30.62284638513021" lon="104.0675241519516"><ele>492</ele><time>2025-08-13T13:27:20.000Z</time></trkpt>
<trkpt lat="30.62284638513021" lon="104.0675241519516"><ele>492</ele><time>2025-08-13T13:27:21.000Z</time></trkpt>
<trkpt lat="30.62284638513021" lon="104.0675241519516"><ele>493</ele><time>2025-08-13T13:27:22.000Z</time></trkpt>
<trkpt lat="30.62284638513021" lon="104.0675241519516"><ele>493</ele><time>2025-08-13T13:27:23.000Z</time></trkpt>
<trkpt lat="30.62284638513021" lon="104.0675241519516"><ele>493</ele><time>2025-08-13T13:27:24.000Z</time></trkpt>
<trkpt lat="30.62284638513021" lon="104.0675241519516"><ele>493</ele><time>2025-08-13T13:27:25.000Z</time></trkpt>
<trkpt lat="30.62284638513021" lon="104.0675241519516"><ele>492</ele><time>2025-08-13T13:27:26.000Z</time></trkpt>
<trkpt lat="30.62284638513021" lon="104.0675241519516"><ele>492</ele><time>2025-08-13T13:27:27.000Z</time></trkpt>
<trkpt lat="30.62284638513021" lon="104.0675241519516"><ele>492</ele><time>2025-08-13T13:27:28.000Z</time></trkpt>
<trkpt lat="30.62284638513021" lon="104.0675241519516"><ele>491</ele><time>2025-08-13T13:27:29.000Z</time></trkpt>
<trkpt lat="30.62284638513021" lon="104.0675241519516"><ele>492</ele><time>2025-08-13T13:27:30.000Z</time></trkpt>
<trkpt lat="30.62284638513021" lon="104.0675241519516"><ele>492</ele><time>2025-08-13T13:27:31.000Z</time></trkpt>
<trkpt lat="30.62284638513021" lon="104.0675241519516"><ele>492</ele><time>2025-08-13T13:27:32.000Z</time></trkpt>
<trkpt lat="30.62284638513021" lon="104.0675241519516"><ele>491</ele><time>2025-08-13T13:27:33.000Z</time></trkpt>
<trkpt lat="30.62284638513021" lon="104.0675241519516"><ele>492</ele><time>2025-08-13T13:27:34.000Z</time></trkpt>
<trkpt lat="30.62284638513021" lon="104.0675241519516"><ele>493</ele><time>2025-08-13T13:27:35.000Z</time></trkpt>
<trkpt lat="30.62284638513021" lon="104.0675241519516"><ele>492</ele><time>2025-08-13T13:27:36.000Z</time></trkpt>
<trkpt lat="30.62284638513021" lon="104.0675241519516"><ele>492</ele><time>2025-08-13T13:27:37.000Z</time></trkpt>
<trkpt lat="30.62284638513021" lon="104.0675241519516"><ele>492</ele><time>2025-08-13T13:27:38.000Z</time></trkpt>
<trkpt lat="30.62284638513021" lon="104.0675241519516"><ele>492</ele><time>2025-08-13T13:27:39.000Z</time></trkpt>
<trkpt lat="30.62284638513021" lon="104.0675241519516"><ele>492</ele><time>2025-08-13T13:27:40.000Z</time></trkpt>
<trkpt lat="30.62284638513021" lon="104.0675241519516"><ele>491</ele><time>2025-08-13T13:27:41.000Z</time></trkpt>
<trkpt lat="30.62284638513021" lon="104.0675241519516"><ele>491</ele><time>2025-08-13T13:27:42.000Z</time></trkpt>
<trkpt lat="30.62284638513021" lon="104.0675241519516"><ele>491</ele><time>2025-08-13T13:27:43.000Z</time></trkpt>
<trkpt lat="30.62284638513021" lon="104.0675241519516"><ele>490</ele><time>2025-08-13T13:27:44.000Z</time></trkpt>
<trkpt lat="30.62284638513021" lon="104.0675241519516"><ele>491</ele><time>2025-08-13T13:27:45.000Z</time></trkpt>
<trkpt lat="30.62284638513021" lon="104.0675241519516"><ele>491</ele><time>2025-08-13T13:27:46.000Z</time></trkpt>
<trkpt lat="30.62284638513021" lon="104.0675241519516"><ele>491</ele><time>2025-08-13T13:27:47.000Z</time></trkpt>
<trkpt lat="30.62284638513021" lon="104.0675241519516"><ele>491</ele><time>2025-08-13T13:27:48.000Z</time></trkpt>
<trkpt lat="30.62284638513021" lon="104.0675241519516"><ele>491</ele><time>2025-08-13T13:27:49.000Z</time></trkpt>
<trkpt lat="30.62284638513021" lon="104.0675241519516"><ele>492</ele><time>2025-08-13T13:27:50.000Z</time></trkpt>
<trkpt lat="30.62284638513021" lon="104.0675241519516"><ele>492</ele><time>2025-08-13T13:27:51.000Z</time></trkpt>
<trkpt lat="30.62284638513021" lon="104.0675241519516"><ele>491</ele><time>2025-08-13T13:27:52.000Z</time></trkpt>
<trkpt lat="30.62284638513021" lon="104.0675241519516"><ele>492</ele><time>2025-08-13T13:27:53.000Z</time></trkpt>
<trkpt lat="30.62284638513021" lon="104.0675241519516"><ele>492</ele><time>2025-08-13T13:27:54.000Z</time></trkpt>
<trkpt lat="30.62284638513021" lon="104.0675241519516"><ele>492</ele><time>2025-08-13T13:27:55.000Z</time></trkpt>
<trkpt lat="30.62284638513021" lon="104.0675241519516"><ele>492</ele><time>2025-08-13T13:27:56.000Z</time></trkpt>
<trkpt lat="30.62284638513021" lon="104.0675241519516"><ele>492</ele><time>2025-08-13T13:27:57.000Z</time></trkpt>
<trkpt lat="30.62284638513021" lon="104.0675241519516"><ele>493</ele><time>2025-08-13T13:27:58.000Z</time></trkpt>
<trkpt lat="30.62284638513021" lon="104.0675241519516"><ele>493</ele><time>2025-08-13T13:27:59.000Z</time></trkpt>
<trkpt lat="30.62284638513021" lon="104.0675241519516"><ele>493</ele><time>2025-08-13T13:28:00.000Z</time></trkpt>
<trkpt lat="30.62284638513021" lon="104.0675241519516"><ele>493</ele><time>2025-08-13T13:28:01.000Z</time></trkpt>
<trkpt lat="30.62284638513021" lon="104.0675241519516"><ele>493</ele><time>2025-08-13T13:28:02.000Z</time></trkpt>
<trkpt lat="30.62284638513021" lon="104.0675241519516"><ele>493</ele><time>2025-08-13T13:28:03.000Z</time></trkpt>
<trkpt lat="30.62284638513021" lon="104.0675241519516"><ele>493</ele><time>2025-08-13T13:28:04.000Z</time></trkpt>
<trkpt lat="30.62284638513021" lon="104.0675241519516"><ele>493</ele><time>2025-08-13T13:28:05.000Z</time></trkpt>
<trkpt lat="30.62284638513021" lon="104.0675241519516"><ele>493</ele><time>2025-08-13T13:28:06.000Z</time></trkpt>
<trkpt lat="30.62284638513021" lon="104.0675241519516"><ele>493</ele><time>2025-08-13T13:28:07.000Z</time></trkpt>
<trkpt lat="30.62284638513021" lon="104.0675241519516"><ele>492</ele><time>2025-08-13T13:28:08.000Z</time></trkpt>
<trkpt lat="30.62284638513021" lon="104.0675241519516"><ele>492</ele><time>2025-08-13T13:28:09.000Z</time></trkpt>
<trkpt lat="30.62284638513021" lon="104.0675241519516"><ele>492</ele><time>2025-08-13T13:28:10.000Z</time></trkpt>
<trkpt lat="30.62284638513021" lon="104.0675241519516"><ele>492</ele><time>2025-08-13T13:28:11.000Z</time></trkpt>
<trkpt lat="30.62284638513021" lon="104.0675241519516"><ele>492</ele><time>2025-08-13T13:28:12.000Z</time></trkpt>
<trkpt lat="30.62284638513021" lon="104.0675241519516"><ele>492</ele><time>2025-08-13T13:28:13.000Z</time></trkpt>
<trkpt lat="30.62284638513021" lon="104.0675241519516"><ele>492</ele><time>2025-08-13T13:28:14.000Z</time></trkpt>
<trkpt lat="30.62284638513021" lon="104.0675241519516"><ele>492</ele><time>2025-08-13T13:28:15.000Z</time></trkpt>
<trkpt lat="30.62284638513021" lon="104.0675241519516"><ele>492</ele><time>2025-08-13T13:28:16.000Z</time></trkpt>
<trkpt lat="30.62284638513021" lon="104.0675241519516"><ele>492</ele><time>2025-08-13T13:28:17.000Z</time></trkpt>
<trkpt lat="30.62284638513021" lon="104.0675241519516"><ele>492</ele><time>2025-08-13T13:28:18.000Z</time></trkpt>
<trkpt lat="30.62284638513021" lon="104.0675241519516"><ele>492</ele><time>2025-08-13T13:28:19.000Z</time></trkpt>
<trkpt lat="30.62284638513021" lon="104.0675241519516"><ele>492</ele><time>2025-08-13T13:28:20.000Z</time></trkpt>
<trkpt lat="30.62284638513021" lon="104.0675241519516"><ele>493</ele><time>2025-08-13T13:28:21.000Z</time></trkpt>
<trkpt lat="30.62284638513021" lon="104.0675241519516"><ele>492</ele><time>2025-08-13T13:28:22.000Z</time></trkpt>
<trkpt lat="30.62284638513021" lon="104.0675241519516"><ele>492</ele><time>2025-08-13T13:28:23.000Z</time></trkpt>
<trkpt lat="30.62284638513021" lon="104.0675241519516"><ele>492</ele><time>2025-08-13T13:28:24.000Z</time></trkpt>
<trkpt lat="30.62284638513021" lon="104.0675241519516"><ele>493</ele><time>2025-08-13T13:28:25.000Z</time></trkpt>
<trkpt lat="30.62284638513021" lon="104.0675241519516"><ele>493</ele><time>2025-08-13T13:28:26.000Z</time></trkpt>
<trkpt lat="30.62284638513021" lon="104.0675241519516"><ele>493</ele><time>2025-08-13T13:28:27.000Z</time></trkpt>
<trkpt lat="30.62284638513021" lon="104.0675241519516"><ele>493</ele><time>2025-08-13T13:28:28.000Z</time></trkpt>
<trkpt lat="30.62284638513021" lon="104.0675241519516"><ele>493</ele><time>2025-08-13T13:28:29.000Z</time></trkpt>
<trkpt lat="30.62284638513021" lon="104.0675241519516"><ele>493</ele><time>2025-08-13T13:28:30.000Z</time></trkpt>
<trkpt lat="30.62284638513021" lon="104.0675241519516"><ele>493</ele><time>2025-08-13T13:28:31.000Z</time></trkpt>
<trkpt lat="30.62284638513021" lon="104.0675241519516"><ele>493</ele><time>2025-08-13T13:28:32.000Z</time></trkpt>
<trkpt lat="30.62284638513021" lon="104.0675241519516"><ele>493</ele><time>2025-08-13T13:28:33.000Z</time></trkpt>
<trkpt lat="30.62284638513021" lon="104.0675241519516"><ele>493</ele><time>2025-08-13T13:28:34.000Z</time></trkpt>
<trkpt lat="30.62284638513021" lon="104.0675241519516"><ele>493</ele><time>2025-08-13T13:28:35.000Z</time></trkpt>
<trkpt lat="30.62284638513021" lon="104.0675241519516"><ele>493</ele><time>2025-08-13T13:28:36.000Z</time></trkpt>
<trkpt lat="30.62284638513021" lon="104.0675241519516"><ele>493</ele><time>2025-08-13T13:28:37.000Z</time></trkpt>
<trkpt lat="30.62284638513021" lon="104.0675241519516"><ele>493</ele><time>2025-08-13T13:28:38.000Z</time></trkpt>
<trkpt lat="30.62284638513021" lon="104.0675241519516"><ele>493</ele><time>2025-08-13T13:28:39.000Z</time></trkpt>
<trkpt lat="30.62284638513021" lon="104.0675241519516"><ele>493</ele><time>2025-08-13T13:28:40.000Z</time></trkpt>
<trkpt lat="30.62284638513021" lon="104.0675241519516"><ele>493</ele><time>2025-08-13T13:28:41.000Z</time></trkpt>
<trkpt lat="30.62284638513021" lon="104.0675241519516"><ele>493</ele><time>2025-08-13T13:28:42.000Z</time></trkpt>
<trkpt lat="30.62284638513021" lon="104.0675241519516"><ele>493</ele><time>2025-08-13T13:28:43.000Z</time></trkpt>
<trkpt lat="30.62284638513021" lon="104.0675241519516"><ele>493</ele><time>2025-08-13T13:28:44.000Z</time></trkpt>
<trkpt lat="30.62284638513021" lon="104.0675241519516"><ele>492</ele><time>2025-08-13T13:28:45.000Z</time></trkpt>
<trkpt lat="30.62284638513021" lon="104.0675241519516"><ele>492</ele><time>2025-08-13T13:28:46.000Z</time></trkpt>
<trkpt lat="30.62284638513021" lon="104.0675241519516"><ele>492</ele><time>2025-08-13T13:28:47.000Z</time></trkpt>
<trkpt lat="30.62284638513021" lon="104.0675241519516"><ele>492</ele><time>2025-08-13T13:28:48.000Z</time></trkpt>
<trkpt lat="30.62284638513021" lon="104.0675241519516"><ele>492</ele><time>2025-08-13T13:28:49.000Z</time></trkpt>
<trkpt lat="30.62284638513021" lon="104.0675241519516"><ele>493</ele><time>2025-08-13T13:28:50.000Z</time></trkpt>
<trkpt lat="30.62284638513021" lon="104.0675241519516"><ele>493</ele><time>2025-08-13T13:28:51.000Z</time></trkpt>
<trkpt lat="30.62284638513021" lon="104.0675241519516"><ele>493</ele><time>2025-08-13T13:28:52.000Z</time></trkpt>
<trkpt lat="30.62284638513021" lon="104.0675241519516"><ele>493</ele><time>2025-08-13T13:28:53.000Z</time></trkpt>
<trkpt lat="30.62284638513021" lon="104.0675241519516"><ele>493</ele><time>2025-08-13T13:28:54.000Z</time></trkpt>
<trkpt lat="30.62284638513021" lon="104.0675241519516"><ele>492</ele><time>2025-08-13T13:28:55.000Z</time></trkpt>
<trkpt lat="30.62284638513021" lon="104.0675241519516"><ele>492</ele><time>2025-08-13T13:28:56.000Z</time></trkpt>
<trkpt lat="30.62284638513021" lon="104.0675241519516"><ele>492</ele><time>2025-08-13T13:28:57.000Z</time></trkpt>
<trkpt lat="30.62284638513021" lon="104.0675241519516"><ele>492</ele><time>2025-08-13T13:28:58.000Z</time></trkpt>
<trkpt lat="30.62284638513021" lon="104.0675241519516"><ele>492</ele><time>2025-08-13T13:28:59.000Z</time></trkpt>
<trkpt lat="30.62284638513021" lon="104.0675241519516"><ele>492</ele><time>2025-08-13T13:29:00.000Z</time></trkpt>
<trkpt lat="30.62284638513021" lon="104.0675241519516"><ele>492</ele><time>2025-08-13T13:29:01.000Z</time></trkpt>
<trkpt lat="30.62284638513021" lon="104.0675241519516"><ele>492</ele><time>2025-08-13T13:29:02.000Z</time></trkpt>
<trkpt lat="30.62284638513021" lon="104.0675241519516"><ele>492</ele><time>2025-08-13T13:29:03.000Z</time></trkpt>
<trkpt lat="30.62284638513021" lon="104.0675241519516"><ele>492</ele><time>2025-08-13T13:29:04.000Z</time></trkpt>
<trkpt lat="30.62284638513021" lon="104.0675241519516"><ele>492</ele><time>2025-08-13T13:29:05.000Z</time></trkpt>
<trkpt lat="30.62284638513021" lon="104.0675241519516"><ele>492</ele><time>2025-08-13T13:29:06.000Z</time></trkpt>
<trkpt lat="30.62284638513021" lon="104.0675241519516"><ele>492</ele><time>2025-08-13T13:29:07.000Z</time></trkpt>
<trkpt lat="30.62284638513021" lon="104.0675241519516"><ele>492</ele><time>2025-08-13T13:29:08.000Z</time></trkpt>
<trkpt lat="30.62284638513021" lon="104.0675241519516"><ele>492</ele><time>2025-08-13T13:29:09.000Z</time></trkpt>
<trkpt lat="30.62284638513021" lon="104.0675241519516"><ele>492</ele><time>2025-08-13T13:29:10.000Z</time></trkpt>
<trkpt lat="30.62284638513021" lon="104.0675241519516"><ele>492</ele><time>2025-08-13T13:29:11.000Z</time></trkpt>
<trkpt lat="30.62284638513021" lon="104.0675241519516"><ele>491</ele><time>2025-08-13T13:29:12.000Z</time></trkpt>
<trkpt lat="30.62284638513021" lon="104.0675241519516"><ele>491</ele><time>2025-08-13T13:29:13.000Z</time></trkpt>
<trkpt lat="30.62284638513021" lon="104.0675241519516"><ele>491</ele><time>2025-08-13T13:29:14.000Z</time></trkpt>
<trkpt lat="30.62284638513021" lon="104.0675241519516"><ele>491</ele><time>2025-08-13T13:29:15.000Z</time></trkpt>
<trkpt lat="30.62284638513021" lon="104.0675241519516"><ele>491</ele><time>2025-08-13T13:29:16.000Z</time></trkpt>
<trkpt lat="30.62284638513021" lon="104.0675241519516"><ele>491</ele><time>2025-08-13T13:29:17.000Z</time></trkpt>
<trkpt lat="30.62284638513021" lon="104.0675241519516"><ele>491</ele><time>2025-08-13T13:29:18.000Z</time></trkpt>
<trkpt lat="30.62284638513021" lon="104.0675241519516"><ele>491</ele><time>2025-08-13T13:29:19.000Z</time></trkpt>
<trkpt lat="30.62284638513021" lon="104.0675241519516"><ele>491</ele><time>2025-08-13T13:29:20.000Z</time></trkpt>
<trkpt lat="30.62284638513021" lon="104.0675241519516"><ele>491</ele><time>2025-08-13T13:29:21.000Z</time></trkpt>
<trkpt lat="30.62284638513021" lon="104.0675241519516"><ele>492</ele><time>2025-08-13T13:29:22.000Z</time></trkpt>
<trkpt lat="30.62284638513021" lon="104.0675241519516"><ele>492</ele><time>2025-08-13T13:29:23.000Z</time></trkpt>
<trkpt lat="30.62284638513021" lon="104.0675241519516"><ele>491</ele><time>2025-08-13T13:29:24.000Z</time></trkpt>
<trkpt lat="30.62284638513021" lon="104.0675241519516"><ele>492</ele><time>2025-08-13T13:29:25.000Z</time></trkpt>
<trkpt lat="30.62284638513021" lon="104.0675241519516"><ele>492</ele><time>2025-08-13T13:29:26.000Z</time></trkpt>
<trkpt lat="30.62284638513021" lon="104.0675241519516"><ele>492</ele><time>2025-08-13T13:29:27.000Z</time></trkpt>
<trkpt lat="30.62284638513021" lon="104.0675241519516"><ele>492</ele><time>2025-08-13T13:29:28.000Z</time></trkpt>
<trkpt lat="30.62284638513021" lon="104.0675241519516"><ele>492</ele><time>2025-08-13T13:29:29.000Z</time></trkpt>
<trkpt lat="30.62284638513021" lon="104.0675241519516"><ele>492</ele><time>2025-08-13T13:29:30.000Z</time></trkpt>
<trkpt lat="30.62284638513021" lon="104.0675241519516"><ele>492</ele><time>2025-08-13T13:29:31.000Z</time></trkpt>
<trkpt lat="30.62284638513021" lon="104.0675241519516"><ele>493</ele><time>2025-08-13T13:29:32.000Z</time></trkpt>
<trkpt lat="30.62284638513021" lon="104.0675241519516"><ele>493</ele><time>2025-08-13T13:29:33.000Z</time></trkpt>
<trkpt lat="30.62284638513021" lon="104.0675241519516"><ele>493</ele><time>2025-08-13T13:29:34.000Z</time></trkpt>
<trkpt lat="30.62284638513021" lon="104.0675241519516"><ele>493</ele><time>2025-08-13T13:29:35.000Z</time></trkpt>
<trkpt lat="30.62284638513021" lon="104.0675241519516"><ele>493</ele><time>2025-08-13T13:29:36.000Z</time></trkpt>
<trkpt lat="30.62284638513021" lon="104.0675241519516"><ele>494</ele><time>2025-08-13T13:29:37.000Z</time></trkpt>
<trkpt lat="30.62284638513021" lon="104.0675241519516"><ele>494</ele><time>2025-08-13T13:29:38.000Z</time></trkpt>
<trkpt lat="30.62284638513021" lon="104.0675241519516"><ele>494</ele><time>2025-08-13T13:29:39.000Z</time></trkpt>
<trkpt lat="30.62284638513021" lon="104.0675241519516"><ele>494</ele><time>2025-08-13T13:29:40.000Z</time></trkpt>
<trkpt lat="30.62284638513021" lon="104.0675241519516"><ele>494</ele><time>2025-08-13T13:29:41.000Z</time></trkpt>
<trkpt lat="30.62284638513021" lon="104.0675241519516"><ele>494</ele><time>2025-08-13T13:29:42.000Z</time></trkpt>
<trkpt lat="30.62284638513021" lon="104.0675241519516"><ele>494</ele><time>2025-08-13T13:29:43.000Z</time></trkpt>
<trkpt lat="30.62284638513021" lon="104.0675241519516"><ele>494</ele><time>2025-08-13T13:29:44.000Z</time></trkpt>
<trkpt lat="30.62284638513021" lon="104.0675241519516"><ele>494</ele><time>2025-08-13T13:29:45.000Z</time></trkpt>
<trkpt lat="30.62284638513021" lon="104.0675241519516"><ele>494</ele><time>2025-08-13T13:29:46.000Z</time></trkpt>
<trkpt lat="30.62284638513021" lon="104.0675241519516"><ele>494</ele><time>2025-08-13T13:29:47.000Z</time></trkpt>
<trkpt lat="30.62284638513021" lon="104.0675241519516"><ele>494</ele><time>2025-08-13T13:29:48.000Z</time></trkpt>
<trkpt lat="30.62284638513021" lon="104.0675241519516"><ele>494</ele><time>2025-08-13T13:29:49.000Z</time></trkpt>
<trkpt lat="30.62284638513021" lon="104.0675241519516"><ele>494</ele><time>2025-08-13T13:29:50.000Z</time></trkpt>
<trkpt lat="30.62284638513021" lon="104.0675241519516"><ele>494</ele><time>2025-08-13T13:29:51.000Z</time></trkpt>
<trkpt lat="30.62284638513021" lon="104.0675241519516"><ele>493</ele><time>2025-08-13T13:29:52.000Z</time></trkpt>
<trkpt lat="30.62284638513021" lon="104.0675241519516"><ele>493</ele><time>2025-08-13T13:29:53.000Z</time></trkpt>
<trkpt lat="30.62284638513021" lon="104.0675241519516"><ele>493</ele><time>2025-08-13T13:29:54.000Z</time></trkpt>
<trkpt lat="30.62284638513021" lon="104.0675241519516"><ele>493</ele><time>2025-08-13T13:29:55.000Z</time></trkpt>
<trkpt lat="30.62284638513021" lon="104.0675241519516"><ele>493</ele><time>2025-08-13T13:29:56.000Z</time></trkpt>
<trkpt lat="30.62284638513021" lon="104.0675241519516"><ele>493</ele><time>2025-08-13T13:29:57.000Z</time></trkpt>
<trkpt lat="30.62284638513021" lon="104.0675241519516"><ele>493</ele><time>2025-08-13T13:29:58.000Z</time></trkpt>
<trkpt lat="30.62284638513021" lon="104.0675241519516"><ele>493</ele><time>2025-08-13T13:29:59.000Z</time></trkpt>
<trkpt lat="30.62284638513021" lon="104.0675241519516"><ele>492</ele><time>2025-08-13T13:30:00.000Z</time></trkpt>
<trkpt lat="30.62284638513021" lon="104.0675241519516"><ele>492</ele><time>2025-08-13T13:30:01.000Z</time></trkpt>
<trkpt lat="30.62284638513021" lon="104.0675241519516"><ele>492</ele><time>2025-08-13T13:30:02.000Z</time></trkpt>
<trkpt lat="30.62284638513021" lon="104.0675241519516"><ele>492</ele><time>2025-08-13T13:30:03.000Z</time></trkpt>
<trkpt lat="30.62284638513021" lon="104.0675241519516"><ele>492</ele><time>2025-08-13T13:30:04.000Z</time></trkpt>
<trkpt lat="30.62284638513021" lon="104.0675241519516"><ele>492</ele><time>2025-08-13T13:30:05.000Z</time></trkpt>
<trkpt lat="30.62284638513021" lon="104.0675241519516"><ele>492</ele><time>2025-08-13T13:30:06.000Z</time></trkpt>
<trkpt lat="30.62284638513021" lon="104.0675241519516"><ele>492</ele><time>2025-08-13T13:30:07.000Z</time></trkpt>
<trkpt lat="30.62284638513021" lon="104.0675241519516"><ele>492</ele><time>2025-08-13T13:30:08.000Z</time></trkpt>
<trkpt lat="30.62284638513021" lon="104.0675241519516"><ele>492</ele><time>2025-08-13T13:30:09.000Z</time></trkpt>
<trkpt lat="30.62284638513021" lon="104.0675241519516"><ele>492</ele><time>2025-08-13T13:30:10.000Z</time></trkpt>
<trkpt lat="30.62284638513021" lon="104.0675241519516"><ele>492</ele><time>2025-08-13T13:30:11.000Z</time></trkpt>
<trkpt lat="30.62284638513021" lon="104.0675241519516"><ele>492</ele><time>2025-08-13T13:30:12.000Z</time></trkpt>
<trkpt lat="30.62284638513021" lon="104.0675241519516"><ele>491</ele><time>2025-08-13T13:30:13.000Z</time></trkpt>
<trkpt lat="30.62284638513021" lon="104.0675241519516"><ele>491</ele><time>2025-08-13T13:30:14.000Z</time></trkpt>
<trkpt lat="30.62284638513021" lon="104.0675241519516"><ele>491</ele><time>2025-08-13T13:30:15.000Z</time></trkpt>
<trkpt lat="30.62284638513021" lon="104.0675241519516"><ele>491</ele><time>2025-08-13T13:30:16.000Z</time></trkpt>
<trkpt lat="30.62284638513021" lon="104.0675241519516"><ele>491</ele><time>2025-08-13T13:30:17.000Z</time></trkpt>
<trkpt lat="30.62284638513021" lon="104.0675241519516"><ele>491</ele><time>2025-08-13T13:30:18.000Z</time></trkpt>
<trkpt lat="30.62284638513021" lon="104.0675241519516"><ele>491</ele><time>2025-08-13T13:30:19.000Z</time></trkpt>
<trkpt lat="30.62284638513021" lon="104.0675241519516"><ele>491</ele><time>2025-08-13T13:30:20.000Z</time></trkpt>
<trkpt lat="30.62284638513021" lon="104.0675241519516"><ele>491</ele><time>2025-08-13T13:30:21.000Z</time></trkpt>
<trkpt lat="30.62284638513021" lon="104.0675241519516"><ele>491</ele><time>2025-08-13T13:30:22.000Z</time></trkpt>
<trkpt lat="30.62284638513021" lon="104.0675241519516"><ele>491</ele><time>2025-08-13T13:30:23.000Z</time></trkpt>
<trkpt lat="30.62284638513021" lon="104.0675241519516"><ele>491</ele><time>2025-08-13T13:30:24.000Z</time></trkpt>
<trkpt lat="30.62284638513021" lon="104.0675241519516"><ele>491</ele><time>2025-08-13T13:30:25.000Z</time></trkpt>
<trkpt lat="30.62284638513021" lon="104.0675241519516"><ele>491</ele><time>2025-08-13T13:30:26.000Z</time></trkpt>
<trkpt lat="30.62284638513021" lon="104.0675241519516"><ele>492</ele><time>2025-08-13T13:30:27.000Z</time></trkpt>
<trkpt lat="30.62284638513021" lon="104.0675241519516"><ele>492</ele><time>2025-08-13T13:30:28.000Z</time></trkpt>
<trkpt lat="30.62284638513021" lon="104.0675241519516"><ele>492</ele><time>2025-08-13T13:30:29.000Z</time></trkpt>
<trkpt lat="30.62284638513021" lon="104.0675241519516"><ele>492</ele><time>2025-08-13T13:30:30.000Z</time></trkpt>
<trkpt lat="30.62284638513021" lon="104.0675241519516"><ele>492</ele><time>2025-08-13T13:30:31.000Z</time></trkpt>
<trkpt lat="30.62284638513021" lon="104.0675241519516"><ele>492</ele><time>2025-08-13T13:30:32.000Z</time></trkpt>
<trkpt lat="30.62284638513021" lon="104.0675241519516"><ele>492</ele><time>2025-08-13T13:30:33.000Z</time></trkpt>
<trkpt lat="30.62284638513021" lon="104.0675241519516"><ele>492</ele><time>2025-08-13T13:30:34.000Z</time></trkpt>
<trkpt lat="30.62284638513021" lon="104.0675241519516"><ele>492</ele><time>2025-08-13T13:30:35.000Z</time></trkpt>
<trkpt lat="30.62284638513021" lon="104.0675241519516"><ele>491</ele><time>2025-08-13T13:30:36.000Z</time></trkpt>
<trkpt lat="30.62284638513021" lon="104.0675241519516"><ele>492</ele><time>2025-08-13T13:30:37.000Z</time></trkpt>
<trkpt lat="30.62284638513021" lon="104.0675241519516"><ele>492</ele><time>2025-08-13T13:30:38.000Z</time></trkpt>
<trkpt lat="30.62284638513021" lon="104.0675241519516"><ele>492</ele><time>2025-08-13T13:30:39.000Z</time></trkpt>
<trkpt lat="30.62284638513021" lon="104.0675241519516"><ele>492</ele><time>2025-08-13T13:30:40.000Z</time></trkpt>
<trkpt lat="30.62284638513021" lon="104.0675241519516"><ele>492</ele><time>2025-08-13T13:30:41.000Z</time></trkpt>
<trkpt lat="30.62284638513021" lon="104.0675241519516"><ele>492</ele><time>2025-08-13T13:30:42.000Z</time></trkpt>
<trkpt lat="30.62284638513021" lon="104.0675241519516"><ele>492</ele><time>2025-08-13T13:30:43.000Z</time></trkpt>
<trkpt lat="30.62284638513021" lon="104.0675241519516"><ele>493</ele><time>2025-08-13T13:30:44.000Z</time></trkpt>
<trkpt lat="30.62284638513021" lon="104.0675241519516"><ele>493</ele><time>2025-08-13T13:30:45.000Z</time></trkpt>
<trkpt lat="30.62284638513021" lon="104.0675241519516"><ele>494</ele><time>2025-08-13T13:30:46.000Z</time></trkpt>
<trkpt lat="30.62284638513021" lon="104.0675241519516"><ele>494</ele><time>2025-08-13T13:30:47.000Z</time></trkpt>
<trkpt lat="30.62284638513021" lon="104.0675241519516"><ele>494</ele><time>2025-08-13T13:30:48.000Z</time></trkpt>
<trkpt lat="30.62284638513021" lon="104.0675241519516"><ele>494</ele><time>2025-08-13T13:30:49.000Z</time></trkpt>
<trkpt lat="30.62284638513021" lon="104.0675241519516"><ele>494</ele><time>2025-08-13T13:30:50.000Z</time></trkpt>
<trkpt lat="30.62284638513021" lon="104.0675241519516"><ele>494</ele><time>2025-08-13T13:30:51.000Z</time></trkpt>
<trkpt lat="30.62284638513021" lon="104.0675241519516"><ele>495</ele><time>2025-08-13T13:30:52.000Z</time></trkpt>
<trkpt lat="30.62284638513021" lon="104.0675241519516"><ele>494</ele><time>2025-08-13T13:30:53.000Z</time></trkpt>
<trkpt lat="30.62284638513021" lon="104.0675241519516"><ele>494</ele><time>2025-08-13T13:30:54.000Z</time></trkpt>
<trkpt lat="30.62284638513021" lon="104.0675241519516"><ele>494</ele><time>2025-08-13T13:30:55.000Z</time></trkpt>
<trkpt lat="30.62284638513021" lon="104.0675241519516"><ele>494</ele><time>2025-08-13T13:30:56.000Z</time></trkpt>
<trkpt lat="30.62284638513021" lon="104.0675241519516"><ele>493</ele><time>2025-08-13T13:30:57.000Z</time></trkpt>
<trkpt lat="30.62284638513021" lon="104.0675241519516"><ele>493</ele><time>2025-08-13T13:30:58.000Z</time></trkpt>
<trkpt lat="30.62284638513021" lon="104.0675241519516"><ele>493</ele><time>2025-08-13T13:30:59.000Z</time></trkpt>
<trkpt lat="30.62284638513021" lon="104.0675241519516"><ele>493</ele><time>2025-08-13T13:31:00.000Z</time></trkpt>
<trkpt lat="30.62284638513021" lon="104.0675241519516"><ele>493</ele><time>2025-08-13T13:31:01.000Z</time></trkpt>
<trkpt lat="30.62284638513021" lon="104.0675241519516"><ele>493</ele><time>2025-08-13T13:31:02.000Z</time></trkpt>
<trkpt lat="30.62284638513021" lon="104.0675241519516"><ele>492</ele><time>2025-08-13T13:31:03.000Z</time></trkpt>
<trkpt lat="30.62284638513021" lon="104.0675241519516"><ele>492</ele><time>2025-08-13T13:31:04.000Z</time></trkpt>
<trkpt lat="30.62284638513021" lon="104.0675241519516"><ele>492</ele><time>2025-08-13T13:31:05.000Z</time></trkpt>
<trkpt lat="30.62284638513021" lon="104.0675241519516"><ele>492</ele><time>2025-08-13T13:31:06.000Z</time></trkpt>
<trkpt lat="30.62284638513021" lon="104.0675241519516"><ele>492</ele><time>2025-08-13T13:31:07.000Z</time></trkpt>
<trkpt lat="30.62284638513021" lon="104.0675241519516"><ele>492</ele><time>2025-08-13T13:31:08.000Z</time></trkpt>
<trkpt lat="30.62284638513021" lon="104.0675241519516"><ele>492</ele><time>2025-08-13T13:31:09.000Z</time></trkpt>
<trkpt lat="30.62284638513021" lon="104.0675241519516"><ele>492</ele><time>2025-08-13T13:31:10.000Z</time></trkpt>
<trkpt lat="30.62284638513021" lon="104.0675241519516"><ele>492</ele><time>2025-08-13T13:31:11.000Z</time></trkpt>
<trkpt lat="30.62284638513021" lon="104.0675241519516"><ele>492</ele><time>2025-08-13T13:31:12.000Z</time></trkpt>
<trkpt lat="30.62284638513021" lon="104.0675241519516"><ele>492</ele><time>2025-08-13T13:31:13.000Z</time></trkpt>
<trkpt lat="30.62284638513021" lon="104.0675241519516"><ele>492</ele><time>2025-08-13T13:31:14.000Z</time></trkpt>
<trkpt lat="30.62284638513021" lon="104.0675241519516"><ele>492</ele><time>2025-08-13T13:31:15.000Z</time></trkpt>
<trkpt lat="30.62284638513021" lon="104.0675241519516"><ele>492</ele><time>2025-08-13T13:31:16.000Z</time></trkpt>
<trkpt lat="30.62284638513021" lon="104.0675241519516"><ele>491</ele><time>2025-08-13T13:31:17.000Z</time></trkpt>
<trkpt lat="30.62284638513021" lon="104.0675241519516"><ele>491</ele><time>2025-08-13T13:31:18.000Z</time></trkpt>
<trkpt lat="30.62284638513021" lon="104.0675241519516"><ele>491</ele><time>2025-08-13T13:31:19.000Z</time></trkpt>
<trkpt lat="30.62284638513021" lon="104.0675241519516"><ele>491</ele><time>2025-08-13T13:31:20.000Z</time></trkpt>
<trkpt lat="30.62284638513021" lon="104.0675241519516"><ele>491</ele><time>2025-08-13T13:31:21.000Z</time></trkpt>
<trkpt lat="30.62284638513021" lon="104.0675241519516"><ele>491</ele><time>2025-08-13T13:31:22.000Z</time></trkpt>
<trkpt lat="30.62284638513021" lon="104.0675241519516"><ele>491</ele><time>2025-08-13T13:31:23.000Z</time></trkpt>
<trkpt lat="30.62284638513021" lon="104.0675241519516"><ele>490</ele><time>2025-08-13T13:31:24.000Z</time></trkpt>
<trkpt lat="30.62284638513021" lon="104.0675241519516"><ele>490</ele><time>2025-08-13T13:31:25.000Z</time></trkpt>
<trkpt lat="30.62284638513021" lon="104.0675241519516"><ele>490</ele><time>2025-08-13T13:31:26.000Z</time></trkpt>
<trkpt lat="30.62284638513021" lon="104.0675241519516"><ele>490</ele><time>2025-08-13T13:31:27.000Z</time></trkpt>
<trkpt lat="30.62284638513021" lon="104.0675241519516"><ele>490</ele><time>2025-08-13T13:31:28.000Z</time></trkpt>
<trkpt lat="30.62284638513021" lon="104.0675241519516"><ele>490</ele><time>2025-08-13T13:31:29.000Z</time></trkpt>
<trkpt lat="30.62284638513021" lon="104.0675241519516"><ele>490</ele><time>2025-08-13T13:31:30.000Z</time></trkpt>
<trkpt lat="30.62284638513021" lon="104.0675241519516"><ele>490</ele><time>2025-08-13T13:31:31.000Z</time></trkpt>
<trkpt lat="30.62284638513021" lon="104.0675241519516"><ele>490</ele><time>2025-08-13T13:31:32.000Z</time></trkpt>
<trkpt lat="30.62284638513021" lon="104.0675241519516"><ele>490</ele><time>2025-08-13T13:31:33.000Z</time></trkpt>
<trkpt lat="30.62284638513021" lon="104.0675241519516"><ele>490</ele><time>2025-08-13T13:31:34.000Z</time></trkpt>
<trkpt lat="30.62284638513021" lon="104.0675241519516"><ele>490</ele><time>2025-08-13T13:31:35.000Z</time></trkpt>
<trkpt lat="30.62284638513021" lon="104.0675241519516"><ele>490</ele><time>2025-08-13T13:31:36.000Z</time></trkpt>
<trkpt lat="30.62284638513021" lon="104.0675241519516"><ele>490</ele><time>2025-08-13T13:31:37.000Z</time></trkpt>
<trkpt lat="30.62284638513021" lon="104.0675241519516"><ele>491</ele><time>2025-08-13T13:31:38.000Z</time></trkpt>
<trkpt lat="30.62284638513021" lon="104.0675241519516"><ele>490</ele><time>2025-08-13T13:31:39.000Z</time></trkpt>
<trkpt lat="30.62284638513021" lon="104.0675241519516"><ele>491</ele><time>2025-08-13T13:31:40.000Z</time></trkpt>
<trkpt lat="30.62284638513021" lon="104.0675241519516"><ele>491</ele><time>2025-08-13T13:31:41.000Z</time></trkpt>
<trkpt lat="30.62284638513021" lon="104.0675241519516"><ele>491</ele><time>2025-08-13T13:31:42.000Z</time></trkpt>
<trkpt lat="30.62284638513021" lon="104.0675241519516"><ele>491</ele><time>2025-08-13T13:31:43.000Z</time></trkpt>
<trkpt lat="30.62284638513021" lon="104.0675241519516"><ele>490</ele><time>2025-08-13T13:31:44.000Z</time></trkpt>
<trkpt lat="30.62284638513021" lon="104.0675241519516"><ele>490</ele><time>2025-08-13T13:31:45.000Z</time></trkpt>
<trkpt lat="30.62284638513021" lon="104.0675241519516"><ele>490</ele><time>2025-08-13T13:31:46.000Z</time></trkpt>
<trkpt lat="30.62284638513021" lon="104.0675241519516"><ele>490</ele><time>2025-08-13T13:31:47.000Z</time></trkpt>
<trkpt lat="30.62284638513021" lon="104.0675241519516"><ele>490</ele><time>2025-08-13T13:31:48.000Z</time></trkpt>
<trkpt lat="30.62284638513021" lon="104.0675241519516"><ele>489</ele><time>2025-08-13T13:31:49.000Z</time></trkpt>
<trkpt lat="30.62284638513021" lon="104.0675241519516"><ele>489</ele><time>2025-08-13T13:31:50.000Z</time></trkpt>
<trkpt lat="30.62284638513021" lon="104.0675241519516"><ele>489</ele><time>2025-08-13T13:31:51.000Z</time></trkpt>
<trkpt lat="30.62284638513021" lon="104.0675241519516"><ele>489</ele><time>2025-08-13T13:31:52.000Z</time></trkpt>
<trkpt lat="30.62284638513021" lon="104.0675241519516"><ele>489</ele><time>2025-08-13T13:31:53.000Z</time></trkpt>
<trkpt lat="30.62284638513021" lon="104.0675241519516"><ele>489</ele><time>2025-08-13T13:31:54.000Z</time></trkpt>
<trkpt lat="30.62284638513021" lon="104.0675241519516"><ele>489</ele><time>2025-08-13T13:31:55.000Z</time></trkpt>
<trkpt lat="30.62284638513021" lon="104.0675241519516"><ele>489</ele><time>2025-08-13T13:31:56.000Z</time></trkpt>
<trkpt lat="30.62284638513021" lon="104.0675241519516"><ele>489</ele><time>2025-08-13T13:31:57.000Z</time></trkpt>
<trkpt lat="30.62284638513021" lon="104.0675241519516"><ele>489</ele><time>2025-08-13T13:31:58.000Z</time></trkpt>
<trkpt lat="30.62284638513021" lon="104.0675241519516"><ele>488</ele><time>2025-08-13T13:31:59.000Z</time></trkpt>
<trkpt lat="30.62284638513021" lon="104.0675241519516"><ele>488</ele><time>2025-08-13T13:32:00.000Z</time></trkpt>
<trkpt lat="30.62284638513021" lon="104.0675241519516"><ele>489</ele><time>2025-08-13T13:32:01.000Z</time></trkpt>
<trkpt lat="30.62284638513021" lon="104.0675241519516"><ele>489</ele><time>2025-08-13T13:32:02.000Z</time></trkpt>
<trkpt lat="30.62284638513021" lon="104.0675241519516"><ele>489</ele><time>2025-08-13T13:32:03.000Z</time></trkpt>
<trkpt lat="30.62284638513021" lon="104.0675241519516"><ele>489</ele><time>2025-08-13T13:32:04.000Z</time></trkpt>
<trkpt lat="30.62284638513021" lon="104.0675241519516"><ele>489</ele><time>2025-08-13T13:32:05.000Z</time></trkpt>
<trkpt lat="30.62284638513021" lon="104.0675241519516"><ele>489</ele><time>2025-08-13T13:32:06.000Z</time></trkpt>
<trkpt lat="30.62284638513021" lon="104.0675241519516"><ele>489</ele><time>2025-08-13T13:32:07.000Z</time></trkpt>
<trkpt lat="30.62284638513021" lon="104.0675241519516"><ele>489</ele><time>2025-08-13T13:32:08.000Z</time></trkpt>
<trkpt lat="30.62284638513021" lon="104.0675241519516"><ele>489</ele><time>2025-08-13T13:32:09.000Z</time></trkpt>
<trkpt lat="30.62284638513021" lon="104.0675241519516"><ele>489</ele><time>2025-08-13T13:32:10.000Z</time></trkpt>
<trkpt lat="30.62284638513021" lon="104.0675241519516"><ele>489</ele><time>2025-08-13T13:32:11.000Z</time></trkpt>
<trkpt lat="30.62284638513021" lon="104.0675241519516"><ele>489</ele><time>2025-08-13T13:32:12.000Z</time></trkpt>
<trkpt lat="30.62284638513021" lon="104.0675241519516"><ele>489</ele><time>2025-08-13T13:32:13.000Z</time></trkpt>
<trkpt lat="30.62284638513021" lon="104.0675241519516"><ele>489</ele><time>2025-08-13T13:32:14.000Z</time></trkpt>
<trkpt lat="30.62284638513021" lon="104.0675241519516"><ele>489</ele><time>2025-08-13T13:32:15.000Z</time></trkpt>
<trkpt lat="30.62284638513021" lon="104.0675241519516"><ele>489</ele><time>2025-08-13T13:32:16.000Z</time></trkpt>
<trkpt lat="30.62284638513021" lon="104.0675241519516"><ele>489</ele><time>2025-08-13T13:32:17.000Z</time></trkpt>
<trkpt lat="30.62284638513021" lon="104.0675241519516"><ele>488</ele><time>2025-08-13T13:32:18.000Z</time></trkpt>
<trkpt lat="30.62284638513021" lon="104.0675241519516"><ele>488</ele><time>2025-08-13T13:32:19.000Z</time></trkpt>
<trkpt lat="30.62284638513021" lon="104.0675241519516"><ele>488</ele><time>2025-08-13T13:32:20.000Z</time></trkpt>
<trkpt lat="30.62284638513021" lon="104.0675241519516"><ele>488</ele><time>2025-08-13T13:32:21.000Z</time></trkpt>
<trkpt lat="30.62284638513021" lon="104.0675241519516"><ele>488</ele><time>2025-08-13T13:32:22.000Z</time></trkpt>
<trkpt lat="30.62284638513021" lon="104.0675241519516"><ele>488</ele><time>2025-08-13T13:32:23.000Z</time></trkpt>
<trkpt lat="30.62284638513021" lon="104.0675241519516"><ele>488</ele><time>2025-08-13T13:32:24.000Z</time></trkpt>
<trkpt lat="30.62284638513021" lon="104.0675241519516"><ele>488</ele><time>2025-08-13T13:32:25.000Z</time></trkpt>
<trkpt lat="30.62284638513021" lon="104.0675241519516"><ele>488</ele><time>2025-08-13T13:32:26.000Z</time></trkpt>
<trkpt lat="30.62284638513021" lon="104.0675241519516"><ele>487</ele><time>2025-08-13T13:32:27.000Z</time></trkpt>
<trkpt lat="30.62284638513021" lon="104.0675241519516"><ele>487</ele><time>2025-08-13T13:32:28.000Z</time></trkpt>
<trkpt lat="30.62284638513021" lon="104.0675241519516"><ele>487</ele><time>2025-08-13T13:32:29.000Z</time></trkpt>
<trkpt lat="30.62284638513021" lon="104.0675241519516"><ele>487</ele><time>2025-08-13T13:32:30.000Z</time></trkpt>
<trkpt lat="30.62284638513021" lon="104.0675241519516"><ele>487</ele><time>2025-08-13T13:32:31.000Z</time></trkpt>
<trkpt lat="30.62284638513021" lon="104.0675241519516"><ele>487</ele><time>2025-08-13T13:32:32.000Z</time></trkpt>
<trkpt lat="30.62284638513021" lon="104.0675241519516"><ele>486</ele><time>2025-08-13T13:32:33.000Z</time></trkpt>
<trkpt lat="30.62284638513021" lon="104.0675241519516"><ele>486</ele><time>2025-08-13T13:32:34.000Z</time></trkpt>
<trkpt lat="30.62284638513021" lon="104.0675241519516"><ele>487</ele><time>2025-08-13T13:32:35.000Z</time></trkpt>
<trkpt lat="30.62284638513021" lon="104.0675241519516"><ele>487</ele><time>2025-08-13T13:32:36.000Z</time></trkpt>
<trkpt lat="30.62284638513021" lon="104.0675241519516"><ele>486</ele><time>2025-08-13T13:32:37.000Z</time></trkpt>
<trkpt lat="30.62284638513021" lon="104.0675241519516"><ele>487</ele><time>2025-08-13T13:32:38.000Z</time></trkpt>
<trkpt lat="30.62284638513021" lon="104.0675241519516"><ele>486</ele><time>2025-08-13T13:32:39.000Z</time></trkpt>
<trkpt lat="30.62284638513021" lon="104.0675241519516"><ele>486</ele><time>2025-08-13T13:32:40.000Z</time></trkpt>
<trkpt lat="30.62284638513021" lon="104.0675241519516"><ele>486</ele><time>2025-08-13T13:32:41.000Z</time></trkpt>
<trkpt lat="30.62284638513021" lon="104.0675241519516"><ele>486</ele><time>2025-08-13T13:32:42.000Z</time></trkpt>
<trkpt lat="30.62284638513021" lon="104.0675241519516"><ele>486</ele><time>2025-08-13T13:32:43.000Z</time></trkpt>
<trkpt lat="30.62284638513021" lon="104.0675241519516"><ele>486</ele><time>2025-08-13T13:32:44.000Z</time></trkpt>
<trkpt lat="30.62284638513021" lon="104.0675241519516"><ele>486</ele><time>2025-08-13T13:32:45.000Z</time></trkpt>
<trkpt lat="30.62284638513021" lon="104.0675241519516"><ele>486</ele><time>2025-08-13T13:32:46.000Z</time></trkpt>
<trkpt lat="30.62284638513021" lon="104.0675241519516"><ele>486</ele><time>2025-08-13T13:32:47.000Z</time></trkpt>
<trkpt lat="30.62284638513021" lon="104.0675241519516"><ele>486</ele><time>2025-08-13T13:32:48.000Z</time></trkpt>
<trkpt lat="30.62284638513021" lon="104.0675241519516"><ele>486</ele><time>2025-08-13T13:32:49.000Z</time></trkpt>
<trkpt lat="30.62284638513021" lon="104.0675241519516"><ele>486</ele><time>2025-08-13T13:32:50.000Z</time></trkpt>
<trkpt lat="30.62284638513021" lon="104.0675241519516"><ele>486</ele><time>2025-08-13T13:32:51.000Z</time></trkpt>
<trkpt lat="30.62284638513021" lon="104.0675241519516"><ele>486</ele><time>2025-08-13T13:32:52.000Z</time></trkpt>
<trkpt lat="30.62284638513021" lon="104.0675241519516"><ele>486</ele><time>2025-08-13T13:32:53.000Z</time></trkpt>
<trkpt lat="30.62284638513021" lon="104.0675241519516"><ele>487</ele><time>2025-08-13T13:32:54.000Z</time></trkpt>
<trkpt lat="30.62284638513021" lon="104.0675241519516"><ele>487</ele><time>2025-08-13T13:32:55.000Z</time></trkpt>
<trkpt lat="30.62284638513021" lon="104.0675241519516"><ele>486</ele><time>2025-08-13T13:32:56.000Z</time></trkpt>
<trkpt lat="30.62284638513021" lon="104.0675241519516"><ele>486</ele><time>2025-08-13T13:32:57.000Z</time></trkpt>
<trkpt lat="30.62284638513021" lon="104.0675241519516"><ele>486</ele><time>2025-08-13T13:32:58.000Z</time></trkpt>
<trkpt lat="30.62284638513021" lon="104.0675241519516"><ele>486</ele><time>2025-08-13T13:32:59.000Z</time></trkpt>
<trkpt lat="30.62284638513021" lon="104.0675241519516"><ele>486</ele><time>2025-08-13T13:33:00.000Z</time></trkpt>
<trkpt lat="30.62284638513021" lon="104.0675241519516"><ele>486</ele><time>2025-08-13T13:33:01.000Z</time></trkpt>
<trkpt lat="30.62284638513021" lon="104.0675241519516"><ele>486</ele><time>2025-08-13T13:33:02.000Z</time></trkpt>
<trkpt lat="30.62284638513021" lon="104.0675241519516"><ele>487</ele><time>2025-08-13T13:33:03.000Z</time></trkpt>
<trkpt lat="30.62284638513021" lon="104.0675241519516"><ele>487</ele><time>2025-08-13T13:33:04.000Z</time></trkpt>
<trkpt lat="30.62284638513021" lon="104.0675241519516"><ele>486</ele><time>2025-08-13T13:33:05.000Z</time></trkpt>
<trkpt lat="30.62284638513021" lon="104.0675241519516"><ele>486</ele><time>2025-08-13T13:33:06.000Z</time></trkpt>
<trkpt lat="30.62284638513021" lon="104.0675241519516"><ele>486</ele><time>2025-08-13T13:33:07.000Z</time></trkpt>
<trkpt lat="30.62284638513021" lon="104.0675241519516"><ele>486</ele><time>2025-08-13T13:33:08.000Z</time></trkpt>
<trkpt lat="30.62284638513021" lon="104.0675241519516"><ele>487</ele><time>2025-08-13T13:33:09.000Z</time></trkpt>
<trkpt lat="30.62284638513021" lon="104.0675241519516"><ele>487</ele><time>2025-08-13T13:33:10.000Z</time></trkpt>
<trkpt lat="30.62284638513021" lon="104.0675241519516"><ele>486</ele><time>2025-08-13T13:33:11.000Z</time></trkpt>
<trkpt lat="30.62284638513021" lon="104.0675241519516"><ele>486</ele><time>2025-08-13T13:33:12.000Z</time></trkpt>
<trkpt lat="30.62284638513021" lon="104.0675241519516"><ele>486</ele><time>2025-08-13T13:33:13.000Z</time></trkpt>
<trkpt lat="30.62284638513021" lon="104.0675241519516"><ele>486</ele><time>2025-08-13T13:33:14.000Z</time></trkpt>
<trkpt lat="30.62284638513021" lon="104.0675241519516"><ele>486</ele><time>2025-08-13T13:33:15.000Z</time></trkpt>
<trkpt lat="30.62284638513021" lon="104.0675241519516"><ele>486</ele><time>2025-08-13T13:33:16.000Z</time></trkpt>
<trkpt lat="30.62284638513021" lon="104.0675241519516"><ele>486</ele><time>2025-08-13T13:33:17.000Z</time></trkpt>
<trkpt lat="30.62284638513021" lon="104.0675241519516"><ele>485</ele><time>2025-08-13T13:33:18.000Z</time></trkpt>
<trkpt lat="30.62284638513021" lon="104.0675241519516"><ele>485</ele><time>2025-08-13T13:33:19.000Z</time></trkpt>
<trkpt lat="30.62284638513021" lon="104.0675241519516"><ele>485</ele><time>2025-08-13T13:33:20.000Z</time></trkpt>
<trkpt lat="30.62284638513021" lon="104.0675241519516"><ele>485</ele><time>2025-08-13T13:33:21.000Z</time></trkpt>
<trkpt lat="30.62284638513021" lon="104.0675241519516"><ele>485</ele><time>2025-08-13T13:33:22.000Z</time></trkpt>
<trkpt lat="30.62284638513021" lon="104.0675241519516"><ele>485</ele><time>2025-08-13T13:33:23.000Z</time></trkpt>
<trkpt lat="30.62284638513021" lon="104.0675241519516"><ele>486</ele><time>2025-08-13T13:33:24.000Z</time></trkpt>
<trkpt lat="30.62284638513021" lon="104.0675241519516"><ele>486</ele><time>2025-08-13T13:33:25.000Z</time></trkpt>
<trkpt lat="30.62284638513021" lon="104.0675241519516"><ele>486</ele><time>2025-08-13T13:33:26.000Z</time></trkpt>
<trkpt lat="30.62284638513021" lon="104.0675241519516"><ele>486</ele><time>2025-08-13T13:33:27.000Z</time></trkpt>
<trkpt lat="30.62284638513021" lon="104.0675241519516"><ele>486</ele><time>2025-08-13T13:33:28.000Z</time></trkpt>
<trkpt lat="30.62284638513021" lon="104.0675241519516"><ele>486</ele><time>2025-08-13T13:33:29.000Z</time></trkpt>
<trkpt lat="30.62284638513021" lon="104.0675241519516"><ele>486</ele><time>2025-08-13T13:33:30.000Z</time></trkpt>
<trkpt lat="30.62284638513021" lon="104.0675241519516"><ele>486</ele><time>2025-08-13T13:33:31.000Z</time></trkpt>
<trkpt lat="30.62284638513021" lon="104.0675241519516"><ele>486</ele><time>2025-08-13T13:33:32.000Z</time></trkpt>
<trkpt lat="30.62284638513021" lon="104.0675241519516"><ele>486</ele><time>2025-08-13T13:33:33.000Z</time></trkpt>
<trkpt lat="30.62284638513021" lon="104.0675241519516"><ele>486</ele><time>2025-08-13T13:33:34.000Z</time></trkpt>
<trkpt lat="30.62284638513021" lon="104.0675241519516"><ele>486</ele><time>2025-08-13T13:33:35.000Z</time></trkpt>
<trkpt lat="30.62284638513021" lon="104.0675241519516"><ele>486</ele><time>2025-08-13T13:33:36.000Z</time></trkpt>
<trkpt lat="30.62284638513021" lon="104.0675241519516"><ele>486</ele><time>2025-08-13T13:33:37.000Z</time></trkpt>
<trkpt lat="30.62284638513021" lon="104.0675241519516"><ele>486</ele><time>2025-08-13T13:33:38.000Z</time></trkpt>
<trkpt lat="30.62284638513021" lon="104.0675241519516"><ele>487</ele><time>2025-08-13T13:33:39.000Z</time></trkpt>
<trkpt lat="30.62284638513021" lon="104.0675241519516"><ele>487</ele><time>2025-08-13T13:33:40.000Z</time></trkpt>
<trkpt lat="30.62284638513021" lon="104.0675241519516"><ele>487</ele><time>2025-08-13T13:33:41.000Z</time></trkpt>
<trkpt lat="30.62284638513021" lon="104.0675241519516"><ele>487</ele><time>2025-08-13T13:33:42.000Z</time></trkpt>
<trkpt lat="30.62284638513021" lon="104.0675241519516"><ele>487</ele><time>2025-08-13T13:33:43.000Z</time></trkpt>
<trkpt lat="30.62284638513021" lon="104.0675241519516"><ele>488</ele><time>2025-08-13T13:33:44.000Z</time></trkpt>
<trkpt lat="30.62284638513021" lon="104.0675241519516"><ele>487</ele><time>2025-08-13T13:33:45.000Z</time></trkpt>
<trkpt lat="30.62284638513021" lon="104.0675241519516"><ele>487</ele><time>2025-08-13T13:33:46.000Z</time></trkpt>
<trkpt lat="30.62284638513021" lon="104.0675241519516"><ele>487</ele><time>2025-08-13T13:33:47.000Z</time></trkpt>
<trkpt lat="30.62284638513021" lon="104.0675241519516"><ele>486</ele><time>2025-08-13T13:33:48.000Z</time></trkpt>
<trkpt lat="30.62284638513021" lon="104.0675241519516"><ele>486</ele><time>2025-08-13T13:33:49.000Z</time></trkpt>
<trkpt lat="30.62284638513021" lon="104.0675241519516"><ele>486</ele><time>2025-08-13T13:33:50.000Z</time></trkpt>
<trkpt lat="30.62284638513021" lon="104.0675241519516"><ele>486</ele><time>2025-08-13T13:33:51.000Z</time></trkpt>
<trkpt lat="30.62284638513021" lon="104.0675241519516"><ele>486</ele><time>2025-08-13T13:33:52.000Z</time></trkpt>
<trkpt lat="30.62284638513021" lon="104.0675241519516"><ele>486</ele><time>2025-08-13T13:33:53.000Z</time></trkpt>
<trkpt lat="30.62284638513021" lon="104.0675241519516"><ele>485</ele><time>2025-08-13T13:33:54.000Z</time></trkpt>
<trkpt lat="30.62284638513021" lon="104.0675241519516"><ele>486</ele><time>2025-08-13T13:33:55.000Z</time></trkpt>
<trkpt lat="30.62284638513021" lon="104.0675241519516"><ele>485</ele><time>2025-08-13T13:33:56.000Z</time></trkpt>
<trkpt lat="30.62284638513021" lon="104.0675241519516"><ele>486</ele><time>2025-08-13T13:33:57.000Z</time></trkpt>
<trkpt lat="30.62284638513021" lon="104.0675241519516"><ele>485</ele><time>2025-08-13T13:33:58.000Z</time></trkpt>
<trkpt lat="30.62284638513021" lon="104.0675241519516"><ele>485</ele><time>2025-08-13T13:33:59.000Z</time></trkpt>
<trkpt lat="30.62284638513021" lon="104.0675241519516"><ele>485</ele><time>2025-08-13T13:34:00.000Z</time></trkpt>
<trkpt lat="30.62284638513021" lon="104.0675241519516"><ele>485</ele><time>2025-08-13T13:34:01.000Z</time></trkpt>
<trkpt lat="30.62284638513021" lon="104.0675241519516"><ele>484</ele><time>2025-08-13T13:34:02.000Z</time></trkpt>
<trkpt lat="30.62284638513021" lon="104.0675241519516"><ele>484</ele><time>2025-08-13T13:34:03.000Z</time></trkpt>
<trkpt lat="30.62284638513021" lon="104.0675241519516"><ele>484</ele><time>2025-08-13T13:34:04.000Z</time></trkpt>
<trkpt lat="30.62284638513021" lon="104.0675241519516"><ele>484</ele><time>2025-08-13T13:34:05.000Z</time></trkpt>
<trkpt lat="30.62284638513021" lon="104.0675241519516"><ele>484</ele><time>2025-08-13T13:34:06.000Z</time></trkpt>
<trkpt lat="30.62284638513021" lon="104.0675241519516"><ele>484</ele><time>2025-08-13T13:34:07.000Z</time></trkpt>
<trkpt lat="30.62284638513021" lon="104.0675241519516"><ele>484</ele><time>2025-08-13T13:34:08.000Z</time></trkpt>
<trkpt lat="30.62284638513021" lon="104.0675241519516"><ele>483</ele><time>2025-08-13T13:34:09.000Z</time></trkpt>
<trkpt lat="30.62284638513021" lon="104.0675241519516"><ele>484</ele><time>2025-08-13T13:34:10.000Z</time></trkpt>
<trkpt lat="30.62284638513021" lon="104.0675241519516"><ele>483</ele><time>2025-08-13T13:34:11.000Z</time></trkpt>
<trkpt lat="30.62284638513021" lon="104.0675241519516"><ele>482</ele><time>2025-08-13T13:34:12.000Z</time></trkpt>
<trkpt lat="30.62284638513021" lon="104.0675241519516"><ele>482</ele><time>2025-08-13T13:34:13.000Z</time></trkpt>
<trkpt lat="30.62284638513021" lon="104.0675241519516"><ele>482</ele><time>2025-08-13T13:34:14.000Z</time></trkpt>
<trkpt lat="30.62284638513021" lon="104.0675241519516"><ele>482</ele><time>2025-08-13T13:34:15.000Z</time></trkpt>
<trkpt lat="30.62284638513021" lon="104.0675241519516"><ele>483</ele><time>2025-08-13T13:34:16.000Z</time></trkpt>
<trkpt lat="30.62284638513021" lon="104.0675241519516"><ele>483</ele><time>2025-08-13T13:34:17.000Z</time></trkpt>
<trkpt lat="30.62284638513021" lon="104.0675241519516"><ele>484</ele><time>2025-08-13T13:34:18.000Z</time></trkpt>
<trkpt lat="30.62284638513021" lon="104.0675241519516"><ele>485</ele><time>2025-08-13T13:34:19.000Z</time></trkpt>
<trkpt lat="30.62284638513021" lon="104.0675241519516"><ele>484</ele><time>2025-08-13T13:34:20.000Z</time></trkpt>
<trkpt lat="30.62284638513021" lon="104.0675241519516"><ele>484</ele><time>2025-08-13T13:34:21.000Z</time></trkpt>
<trkpt lat="30.62284638513021" lon="104.0675241519516"><ele>485</ele><time>2025-08-13T13:34:22.000Z</time></trkpt>
<trkpt lat="30.62284638513021" lon="104.0675241519516"><ele>485</ele><time>2025-08-13T13:34:23.000Z</time></trkpt>
<trkpt lat="30.62284638513021" lon="104.0675241519516"><ele>485</ele><time>2025-08-13T13:34:24.000Z</time></trkpt>
<trkpt lat="30.62284638513021" lon="104.0675241519516"><ele>486</ele><time>2025-08-13T13:34:25.000Z</time></trkpt>
<trkpt lat="30.62284638513021" lon="104.0675241519516"><ele>486</ele><time>2025-08-13T13:34:26.000Z</time></trkpt>
<trkpt lat="30.62284638513021" lon="104.0675241519516"><ele>486</ele><time>2025-08-13T13:34:27.000Z</time></trkpt>
<trkpt lat="30.62284638513021" lon="104.0675241519516"><ele>487</ele><time>2025-08-13T13:34:28.000Z</time></trkpt>
<trkpt lat="30.62284638513021" lon="104.0675241519516"><ele>487</ele><time>2025-08-13T13:34:29.000Z</time></trkpt>
<trkpt lat="30.62284638513021" lon="104.0675241519516"><ele>487</ele><time>2025-08-13T13:34:30.000Z</time></trkpt>
<trkpt lat="30.62284638513021" lon="104.0675241519516"><ele>487</ele><time>2025-08-13T13:34:31.000Z</time></trkpt>
<trkpt lat="30.62284638513021" lon="104.0675241519516"><ele>487</ele><time>2025-08-13T13:34:32.000Z</time></trkpt>
<trkpt lat="30.62284638513021" lon="104.0675241519516"><ele>487</ele><time>2025-08-13T13:34:33.000Z</time></trkpt>
<trkpt lat="30.62284638513021" lon="104.0675241519516"><ele>487</ele><time>2025-08-13T13:34:34.000Z</time></trkpt>
<trkpt lat="30.62284638513021" lon="104.0675241519516"><ele>487</ele><time>2025-08-13T13:34:35.000Z</time></trkpt>
<trkpt lat="30.62284638513021" lon="104.0675241519516"><ele>487</ele><time>2025-08-13T13:34:36.000Z</time></trkpt>
<trkpt lat="30.62284638513021" lon="104.0675241519516"><ele>487</ele><time>2025-08-13T13:34:37.000Z</time></trkpt>
<trkpt lat="30.62284638513021" lon="104.0675241519516"><ele>488</ele><time>2025-08-13T13:34:38.000Z</time></trkpt>
<trkpt lat="30.62284638513021" lon="104.0675241519516"><ele>488</ele><time>2025-08-13T13:34:39.000Z</time></trkpt>
<trkpt lat="30.62284638513021" lon="104.0675241519516"><ele>488</ele><time>2025-08-13T13:34:40.000Z</time></trkpt>
<trkpt lat="30.62284638513021" lon="104.0675241519516"><ele>488</ele><time>2025-08-13T13:34:41.000Z</time></trkpt>
<trkpt lat="30.62284638513021" lon="104.0675241519516"><ele>488</ele><time>2025-08-13T13:34:42.000Z</time></trkpt>
<trkpt lat="30.62284638513021" lon="104.0675241519516"><ele>489</ele><time>2025-08-13T13:34:43.000Z</time></trkpt>
<trkpt lat="30.62284638513021" lon="104.0675241519516"><ele>489</ele><time>2025-08-13T13:34:44.000Z</time></trkpt>
<trkpt lat="30.62284638513021" lon="104.0675241519516"><ele>489</ele><time>2025-08-13T13:34:45.000Z</time></trkpt>
<trkpt lat="30.62284638513021" lon="104.0675241519516"><ele>489</ele><time>2025-08-13T13:34:46.000Z</time></trkpt>
<trkpt lat="30.62284638513021" lon="104.0675241519516"><ele>489</ele><time>2025-08-13T13:34:47.000Z</time></trkpt>
<trkpt lat="30.62284638513021" lon="104.0675241519516"><ele>489</ele><time>2025-08-13T13:34:48.000Z</time></trkpt>
<trkpt lat="30.62284638513021" lon="104.0675241519516"><ele>489</ele><time>2025-08-13T13:34:49.000Z</time></trkpt>
<trkpt lat="30.62284638513021" lon="104.0675241519516"><ele>489</ele><time>2025-08-13T13:34:50.000Z</time></trkpt>
<trkpt lat="30.62284638513021" lon="104.0675241519516"><ele>489</ele><time>2025-08-13T13:34:51.000Z</time></trkpt>
<trkpt lat="30.62284638513021" lon="104.0675241519516"><ele>489</ele><time>2025-08-13T13:34:52.000Z</time></trkpt>
<trkpt lat="30.62284638513021" lon="104.0675241519516"><ele>489</ele><time>2025-08-13T13:34:53.000Z</time></trkpt>
<trkpt lat="30.62284638513021" lon="104.0675241519516"><ele>489</ele><time>2025-08-13T13:34:54.000Z</time></trkpt>
<trkpt lat="30.62284638513021" lon="104.0675241519516"><ele>489</ele><time>2025-08-13T13:34:55.000Z</time></trkpt>
<trkpt lat="30.62284638513021" lon="104.0675241519516"><ele>489</ele><time>2025-08-13T13:34:56.000Z</time></trkpt>
<trkpt lat="30.62284638513021" lon="104.0675241519516"><ele>490</ele><time>2025-08-13T13:34:57.000Z</time></trkpt>
<trkpt lat="30.62284638513021" lon="104.0675241519516"><ele>489</ele><time>2025-08-13T13:34:58.000Z</time></trkpt>
<trkpt lat="30.62284638513021" lon="104.0675241519516"><ele>490</ele><time>2025-08-13T13:34:59.000Z</time></trkpt>
<trkpt lat="30.62284638513021" lon="104.0675241519516"><ele>490</ele><time>2025-08-13T13:35:00.000Z</time></trkpt>
<trkpt lat="30.62284638513021" lon="104.0675241519516"><ele>490</ele><time>2025-08-13T13:35:01.000Z</time></trkpt>
<trkpt lat="30.62284638513021" lon="104.0675241519516"><ele>489</ele><time>2025-08-13T13:35:02.000Z</time></trkpt>
<trkpt lat="30.62284638513021" lon="104.0675241519516"><ele>489</ele><time>2025-08-13T13:35:03.000Z</time></trkpt>
<trkpt lat="30.62284638513021" lon="104.0675241519516"><ele>488</ele><time>2025-08-13T13:35:04.000Z</time></trkpt>
<trkpt lat="30.62284638513021" lon="104.0675241519516"><ele>488</ele><time>2025-08-13T13:35:05.000Z</time></trkpt>
<trkpt lat="30.62284638513021" lon="104.0675241519516"><ele>489</ele><time>2025-08-13T13:35:06.000Z</time></trkpt>
<trkpt lat="30.62284638513021" lon="104.0675241519516"><ele>489</ele><time>2025-08-13T13:35:07.000Z</time></trkpt>
<trkpt lat="30.62284638513021" lon="104.0675241519516"><ele>488</ele><time>2025-08-13T13:35:08.000Z</time></trkpt>
<trkpt lat="30.62284638513021" lon="104.0675241519516"><ele>488</ele><time>2025-08-13T13:35:09.000Z</time></trkpt>
<trkpt lat="30.62284638513021" lon="104.0675241519516"><ele>489</ele><time>2025-08-13T13:35:10.000Z</time></trkpt>
<trkpt lat="30.62284638513021" lon="104.0675241519516"><ele>489</ele><time>2025-08-13T13:35:11.000Z</time></trkpt>
<trkpt lat="30.62284638513021" lon="104.0675241519516"><ele>487</ele><time>2025-08-13T13:35:12.000Z</time></trkpt>
<trkpt lat="30.62284638513021" lon="104.0675241519516"><ele>487</ele><time>2025-08-13T13:35:13.000Z</time></trkpt>
<trkpt lat="30.62284638513021" lon="104.0675241519516"><ele>487</ele><time>2025-08-13T13:35:14.000Z</time></trkpt>
<trkpt lat="30.62284638513021" lon="104.0675241519516"><ele>486</ele><time>2025-08-13T13:35:15.000Z</time></trkpt>
<trkpt lat="30.62284638513021" lon="104.0675241519516"><ele>486</ele><time>2025-08-13T13:35:16.000Z</time></trkpt>
<trkpt lat="30.62284638513021" lon="104.0675241519516"><ele>486</ele><time>2025-08-13T13:35:17.000Z</time></trkpt>
<trkpt lat="30.62284638513021" lon="104.0675241519516"><ele>485</ele><time>2025-08-13T13:35:18.000Z</time></trkpt>
<trkpt lat="30.62284638513021" lon="104.0675241519516"><ele>485</ele><time>2025-08-13T13:35:19.000Z</time></trkpt>
<trkpt lat="30.62284638513021" lon="104.0675241519516"><ele>485</ele><time>2025-08-13T13:35:20.000Z</time></trkpt>
<trkpt lat="30.62284638513021" lon="104.0675241519516"><ele>485</ele><time>2025-08-13T13:35:21.000Z</time></trkpt>
<trkpt lat="30.62284638513021" lon="104.0675241519516"><ele>485</ele><time>2025-08-13T13:35:22.000Z</time></trkpt>
<trkpt lat="30.62284638513021" lon="104.0675241519516"><ele>484</ele><time>2025-08-13T13:35:23.000Z</time></trkpt>
<trkpt lat="30.62284638513021" lon="104.0675241519516"><ele>484</ele><time>2025-08-13T13:35:24.000Z</time></trkpt>
<trkpt lat="30.62284638513021" lon="104.0675241519516"><ele>484</ele><time>2025-08-13T13:35:25.000Z</time></trkpt>
<trkpt lat="30.62284638513021" lon="104.0675241519516"><ele>485</ele><time>2025-08-13T13:35:26.000Z</time></trkpt>
<trkpt lat="30.62284638513021" lon="104.0675241519516"><ele>486</ele><time>2025-08-13T13:35:27.000Z</time></trkpt>
<trkpt lat="30.62284638513021" lon="104.0675241519516"><ele>486</ele><time>2025-08-13T13:35:28.000Z</time></trkpt>
<trkpt lat="30.62284638513021" lon="104.0675241519516"><ele>486</ele><time>2025-08-13T13:35:29.000Z</time></trkpt>
<trkpt lat="30.62284638513021" lon="104.0675241519516"><ele>486</ele><time>2025-08-13T13:35:30.000Z</time></trkpt>
<trkpt lat="30.62284638513021" lon="104.0675241519516"><ele>486</ele><time>2025-08-13T13:35:31.000Z</time></trkpt>
<trkpt lat="30.62284638513021" lon="104.0675241519516"><ele>485</ele><time>2025-08-13T13:35:32.000Z</time></trkpt>
<trkpt lat="30.62284638513021" lon="104.0675241519516"><ele>485</ele><time>2025-08-13T13:35:33.000Z</time></trkpt>
<trkpt lat="30.62284638513021" lon="104.0675241519516"><ele>485</ele><time>2025-08-13T13:35:34.000Z</time></trkpt>
<trkpt lat="30.62284638513021" lon="104.0675241519516"><ele>484</ele><time>2025-08-13T13:35:35.000Z</time></trkpt>
<trkpt lat="30.62284638513021" lon="104.0675241519516"><ele>483</ele><time>2025-08-13T13:35:36.000Z</time></trkpt>
<trkpt lat="30.62284638513021" lon="104.0675241519516"><ele>483</ele><time>2025-08-13T13:35:37.000Z</time></trkpt>
<trkpt lat="30.62284638513021" lon="104.0675241519516"><ele>483</ele><time>2025-08-13T13:35:38.000Z</time></trkpt>
<trkpt lat="30.62284638513021" lon="104.0675241519516"><ele>483</ele><time>2025-08-13T13:35:39.000Z</time></trkpt>
<trkpt lat="30.62284638513021" lon="104.0675241519516"><ele>483</ele><time>2025-08-13T13:35:40.000Z</time></trkpt>
<trkpt lat="30.62284638513021" lon="104.0675241519516"><ele>483</ele><time>2025-08-13T13:35:41.000Z</time></trkpt>
<trkpt lat="30.62284638513021" lon="104.0675241519516"><ele>482</ele><time>2025-08-13T13:35:42.000Z</time></trkpt>
<trkpt lat="30.62284638513021" lon="104.0675241519516"><ele>482</ele><time>2025-08-13T13:35:43.000Z</time></trkpt>
<trkpt lat="30.62284638513021" lon="104.0675241519516"><ele>483</ele><time>2025-08-13T13:35:44.000Z</time></trkpt>
<trkpt lat="30.62284638513021" lon="104.0675241519516"><ele>483</ele><time>2025-08-13T13:35:45.000Z</time></trkpt>
<trkpt lat="30.62284638513021" lon="104.0675241519516"><ele>483</ele><time>2025-08-13T13:35:46.000Z</time></trkpt>
<trkpt lat="30.62284638513021" lon="104.0675241519516"><ele>483</ele><time>2025-08-13T13:35:47.000Z</time></trkpt>
<trkpt lat="30.62284638513021" lon="104.0675241519516"><ele>483</ele><time>2025-08-13T13:35:48.000Z</time></trkpt>
<trkpt lat="30.62284638513021" lon="104.0675241519516"><ele>483</ele><time>2025-08-13T13:35:49.000Z</time></trkpt>
<trkpt lat="30.62284638513021" lon="104.0675241519516"><ele>483</ele><time>2025-08-13T13:35:50.000Z</time></trkpt>
<trkpt lat="30.62284638513021" lon="104.0675241519516"><ele>483</ele><time>2025-08-13T13:35:51.000Z</time></trkpt>
<trkpt lat="30.62284638513021" lon="104.0675241519516"><ele>482</ele><time>2025-08-13T13:35:52.000Z</time></trkpt>
<trkpt lat="30.62284638513021" lon="104.0675241519516"><ele>482</ele><time>2025-08-13T13:35:53.000Z</time></trkpt>
<trkpt lat="30.62284638513021" lon="104.0675241519516"><ele>482</ele><time>2025-08-13T13:35:54.000Z</time></trkpt>
<trkpt lat="30.62284638513021" lon="104.0675241519516"><ele>482</ele><time>2025-08-13T13:35:55.000Z</time></trkpt>
<trkpt lat="30.62284638513021" lon="104.0675241519516"><ele>482</ele><time>2025-08-13T13:35:56.000Z</time></trkpt>
<trkpt lat="30.62284638513021" lon="104.0675241519516"><ele>482</ele><time>2025-08-13T13:35:57.000Z</time></trkpt>
<trkpt lat="30.62284638513021" lon="104.0675241519516"><ele>482</ele><time>2025-08-13T13:35:58.000Z</time></trkpt>
<trkpt lat="30.62284638513021" lon="104.0675241519516"><ele>482</ele><time>2025-08-13T13:35:59.000Z</time></trkpt>
<trkpt lat="30.62284638513021" lon="104.0675241519516"><ele>482</ele><time>2025-08-13T13:36:00.000Z</time></trkpt>
<trkpt lat="30.62284638513021" lon="104.0675241519516"><ele>482</ele><time>2025-08-13T13:36:01.000Z</time></trkpt>
<trkpt lat="30.62284638513021" lon="104.0675241519516"><ele>482</ele><time>2025-08-13T13:36:02.000Z</time></trkpt>
<trkpt lat="30.62284638513021" lon="104.0675241519516"><ele>482</ele><time>2025-08-13T13:36:03.000Z</time></trkpt>
<trkpt lat="30.62284638513021" lon="104.0675241519516"><ele>482</ele><time>2025-08-13T13:36:04.000Z</time></trkpt>
<trkpt lat="30.62284638513021" lon="104.0675241519516"><ele>482</ele><time>2025-08-13T13:36:05.000Z</time></trkpt>
<trkpt lat="30.62284638513021" lon="104.0675241519516"><ele>482</ele><time>2025-08-13T13:36:06.000Z</time></trkpt>
<trkpt lat="30.62284638513021" lon="104.0675241519516"><ele>482</ele><time>2025-08-13T13:36:07.000Z</time></trkpt>
<trkpt lat="30.62284638513021" lon="104.0675241519516"><ele>482</ele><time>2025-08-13T13:36:08.000Z</time></trkpt>
<trkpt lat="30.62284638513021" lon="104.0675241519516"><ele>482</ele><time>2025-08-13T13:36:09.000Z</time></trkpt>
<trkpt lat="30.62284638513021" lon="104.0675241519516"><ele>482</ele><time>2025-08-13T13:36:10.000Z</time></trkpt>
<trkpt lat="30.62284638513021" lon="104.0675241519516"><ele>482</ele><time>2025-08-13T13:36:11.000Z</time></trkpt>
<trkpt lat="30.62284638513021" lon="104.0675241519516"><ele>482</ele><time>2025-08-13T13:36:12.000Z</time></trkpt>
<trkpt lat="30.62284638513021" lon="104.0675241519516"><ele>482</ele><time>2025-08-13T13:36:13.000Z</time></trkpt>
<trkpt lat="30.62284638513021" lon="104.0675241519516"><ele>482</ele><time>2025-08-13T13:36:14.000Z</time></trkpt>
<trkpt lat="30.62284638513021" lon="104.0675241519516"><ele>481</ele><time>2025-08-13T13:36:15.000Z</time></trkpt>
<trkpt lat="30.62284638513021" lon="104.0675241519516"><ele>481</ele><time>2025-08-13T13:36:16.000Z</time></trkpt>
<trkpt lat="30.62284638513021" lon="104.0675241519516"><ele>481</ele><time>2025-08-13T13:36:17.000Z</time></trkpt>
<trkpt lat="30.62284638513021" lon="104.0675241519516"><ele>482</ele><time>2025-08-13T13:36:18.000Z</time></trkpt>
<trkpt lat="30.62284638513021" lon="104.0675241519516"><ele>482</ele><time>2025-08-13T13:36:19.000Z</time></trkpt>
<trkpt lat="30.62284638513021" lon="104.0675241519516"><ele>482</ele><time>2025-08-13T13:36:20.000Z</time></trkpt>
<trkpt lat="30.62284638513021" lon="104.0675241519516"><ele>482</ele><time>2025-08-13T13:36:21.000Z</time></trkpt>
<trkpt lat="30.62284638513021" lon="104.0675241519516"><ele>481</ele><time>2025-08-13T13:36:22.000Z</time></trkpt>
<trkpt lat="30.62284638513021" lon="104.0675241519516"><ele>481</ele><time>2025-08-13T13:36:23.000Z</time></trkpt>
<trkpt lat="30.62284638513021" lon="104.0675241519516"><ele>481</ele><time>2025-08-13T13:36:24.000Z</time></trkpt>
<trkpt lat="30.62284638513021" lon="104.0675241519516"><ele>481</ele><time>2025-08-13T13:36:25.000Z</time></trkpt>
<trkpt lat="30.62284638513021" lon="104.0675241519516"><ele>481</ele><time>2025-08-13T13:36:26.000Z</time></trkpt>
<trkpt lat="30.62284638513021" lon="104.0675241519516"><ele>481</ele><time>2025-08-13T13:36:27.000Z</time></trkpt>
<trkpt lat="30.62284638513021" lon="104.0675241519516"><ele>481</ele><time>2025-08-13T13:36:28.000Z</time></trkpt>
<trkpt lat="30.62284638513021" lon="104.0675241519516"><ele>481</ele><time>2025-08-13T13:36:29.000Z</time></trkpt>
<trkpt lat="30.62284638513021" lon="104.0675241519516"><ele>481</ele><time>2025-08-13T13:36:30.000Z</time></trkpt>
<trkpt lat="30.62284638513021" lon="104.0675241519516"><ele>481</ele><time>2025-08-13T13:36:31.000Z</time></trkpt>
<trkpt lat="30.62284638513021" lon="104.0675241519516"><ele>481</ele><time>2025-08-13T13:36:32.000Z</time></trkpt>
<trkpt lat="30.62284638513021" lon="104.0675241519516"><ele>481</ele><time>2025-08-13T13:36:33.000Z</time></trkpt>
<trkpt lat="30.62284638513021" lon="104.0675241519516"><ele>482</ele><time>2025-08-13T13:36:34.000Z</time></trkpt>
<trkpt lat="30.62284638513021" lon="104.0675241519516"><ele>482</ele><time>2025-08-13T13:36:35.000Z</time></trkpt>
<trkpt lat="30.62284638513021" lon="104.0675241519516"><ele>481</ele><time>2025-08-13T13:36:36.000Z</time></trkpt>
<trkpt lat="30.62284638513021" lon="104.0675241519516"><ele>482</ele><time>2025-08-13T13:36:37.000Z</time></trkpt>
<trkpt lat="30.62284638513021" lon="104.0675241519516"><ele>481</ele><time>2025-08-13T13:36:38.000Z</time></trkpt>
<trkpt lat="30.62284638513021" lon="104.0675241519516"><ele>481</ele><time>2025-08-13T13:36:39.000Z</time></trkpt>
<trkpt lat="30.62284638513021" lon="104.0675241519516"><ele>482</ele><time>2025-08-13T13:36:40.000Z</time></trkpt>
<trkpt lat="30.62284638513021" lon="104.0675241519516"><ele>482</ele><time>2025-08-13T13:36:41.000Z</time></trkpt>
<trkpt lat="30.62284638513021" lon="104.0675241519516"><ele>482</ele><time>2025-08-13T13:36:42.000Z</time></trkpt>
<trkpt lat="30.62284638513021" lon="104.0675241519516"><ele>482</ele><time>2025-08-13T13:36:43.000Z</time></trkpt>
<trkpt lat="30.62284638513021" lon="104.0675241519516"><ele>481</ele><time>2025-08-13T13:36:44.000Z</time></trkpt>
<trkpt lat="30.62284638513021" lon="104.0675241519516"><ele>481</ele><time>2025-08-13T13:36:45.000Z</time></trkpt>
<trkpt lat="30.62284638513021" lon="104.0675241519516"><ele>481</ele><time>2025-08-13T13:36:46.000Z</time></trkpt>
<trkpt lat="30.62284638513021" lon="104.0675241519516"><ele>481</ele><time>2025-08-13T13:36:47.000Z</time></trkpt>
<trkpt lat="30.62284638513021" lon="104.0675241519516"><ele>481</ele><time>2025-08-13T13:36:48.000Z</time></trkpt>
<trkpt lat="30.62284638513021" lon="104.0675241519516"><ele>481</ele><time>2025-08-13T13:36:49.000Z</time></trkpt>
<trkpt lat="30.62284638513021" lon="104.0675241519516"><ele>481</ele><time>2025-08-13T13:36:50.000Z</time></trkpt>
<trkpt lat="30.62284638513021" lon="104.0675241519516"><ele>481</ele><time>2025-08-13T13:36:51.000Z</time></trkpt>
<trkpt lat="30.62284638513021" lon="104.0675241519516"><ele>481</ele><time>2025-08-13T13:36:52.000Z</time></trkpt>
<trkpt lat="30.62284638513021" lon="104.0675241519516"><ele>481</ele><time>2025-08-13T13:36:53.000Z</time></trkpt>
<trkpt lat="30.62284638513021" lon="104.0675241519516"><ele>481</ele><time>2025-08-13T13:36:54.000Z</time></trkpt>
<trkpt lat="30.62284638513021" lon="104.0675241519516"><ele>481</ele><time>2025-08-13T13:36:55.000Z</time></trkpt>
<trkpt lat="30.62284638513021" lon="104.0675241519516"><ele>481</ele><time>2025-08-13T13:36:56.000Z</time></trkpt>
<trkpt lat="30.62284638513021" lon="104.0675241519516"><ele>481</ele><time>2025-08-13T13:36:57.000Z</time></trkpt>
<trkpt lat="30.62284638513021" lon="104.0675241519516"><ele>481</ele><time>2025-08-13T13:36:58.000Z</time></trkpt>
<trkpt lat="30.62284638513021" lon="104.0675241519516"><ele>481</ele><time>2025-08-13T13:36:59.000Z</time></trkpt>
<trkpt lat="30.62284638513021" lon="104.0675241519516"><ele>481</ele><time>2025-08-13T13:37:00.000Z</time></trkpt>
<trkpt lat="30.62284638513021" lon="104.0675241519516"><ele>482</ele><time>2025-08-13T13:37:01.000Z</time></trkpt>
<trkpt lat="30.62284638513021" lon="104.0675241519516"><ele>482</ele><time>2025-08-13T13:37:02.000Z</time></trkpt>
<trkpt lat="30.62284638513021" lon="104.0675241519516"><ele>482</ele><time>2025-08-13T13:37:03.000Z</time></trkpt>
<trkpt lat="30.62284638513021" lon="104.0675241519516"><ele>481</ele><time>2025-08-13T13:37:04.000Z</time></trkpt>
<trkpt lat="30.62284638513021" lon="104.0675241519516"><ele>482</ele><time>2025-08-13T13:37:05.000Z</time></trkpt>
<trkpt lat="30.62284638513021" lon="104.0675241519516"><ele>483</ele><time>2025-08-13T13:37:06.000Z</time></trkpt>
<trkpt lat="30.62284638513021" lon="104.0675241519516"><ele>482</ele><time>2025-08-13T13:37:07.000Z</time></trkpt>
<trkpt lat="30.62284638513021" lon="104.0675241519516"><ele>482</ele><time>2025-08-13T13:37:08.000Z</time></trkpt>
<trkpt lat="30.62284638513021" lon="104.0675241519516"><ele>482</ele><time>2025-08-13T13:37:09.000Z</time></trkpt>
<trkpt lat="30.62284638513021" lon="104.0675241519516"><ele>482</ele><time>2025-08-13T13:37:10.000Z</time></trkpt>
<trkpt lat="30.62284638513021" lon="104.0675241519516"><ele>483</ele><time>2025-08-13T13:37:11.000Z</time></trkpt>
<trkpt lat="30.62284638513021" lon="104.0675241519516"><ele>483</ele><time>2025-08-13T13:37:12.000Z</time></trkpt>
<trkpt lat="30.62284638513021" lon="104.0675241519516"><ele>483</ele><time>2025-08-13T13:37:13.000Z</time></trkpt>
<trkpt lat="30.62284638513021" lon="104.0675241519516"><ele>482</ele><time>2025-08-13T13:37:14.000Z</time></trkpt>
<trkpt lat="30.62284638513021" lon="104.0675241519516"><ele>482</ele><time>2025-08-13T13:37:15.000Z</time></trkpt>
<trkpt lat="30.62284638513021" lon="104.0675241519516"><ele>482</ele><time>2025-08-13T13:37:16.000Z</time></trkpt>
<trkpt lat="30.62284638513021" lon="104.0675241519516"><ele>482</ele><time>2025-08-13T13:37:17.000Z</time></trkpt>
<trkpt lat="30.62284638513021" lon="104.0675241519516"><ele>482</ele><time>2025-08-13T13:37:18.000Z</time></trkpt>
<trkpt lat="30.62284638513021" lon="104.0675241519516"><ele>482</ele><time>2025-08-13T13:37:19.000Z</time></trkpt>
<trkpt lat="30.62284638513021" lon="104.0675241519516"><ele>482</ele><time>2025-08-13T13:37:20.000Z</time></trkpt>
<trkpt lat="30.62284638513021" lon="104.0675241519516"><ele>482</ele><time>2025-08-13T13:37:21.000Z</time></trkpt>
<trkpt lat="30.62284638513021" lon="104.0675241519516"><ele>482</ele><time>2025-08-13T13:37:22.000Z</time></trkpt>
<trkpt lat="30.62284638513021" lon="104.0675241519516"><ele>483</ele><time>2025-08-13T13:37:23.000Z</time></trkpt>
<trkpt lat="30.62284638513021" lon="104.0675241519516"><ele>484</ele><time>2025-08-13T13:37:24.000Z</time></trkpt>
<trkpt lat="30.62284638513021" lon="104.0675241519516"><ele>484</ele><time>2025-08-13T13:37:25.000Z</time></trkpt>
<trkpt lat="30.62284638513021" lon="104.0675241519516"><ele>484</ele><time>2025-08-13T13:37:26.000Z</time></trkpt>
<trkpt lat="30.62284638513021" lon="104.0675241519516"><ele>484</ele><time>2025-08-13T13:37:27.000Z</time></trkpt>
<trkpt lat="30.62284638513021" lon="104.0675241519516"><ele>484</ele><time>2025-08-13T13:37:28.000Z</time></trkpt>
<trkpt lat="30.62284638513021" lon="104.0675241519516"><ele>485</ele><time>2025-08-13T13:37:29.000Z</time></trkpt>
<trkpt lat="30.62284638513021" lon="104.0675241519516"><ele>484</ele><time>2025-08-13T13:37:30.000Z</time></trkpt>
<trkpt lat="30.62284638513021" lon="104.0675241519516"><ele>483</ele><time>2025-08-13T13:37:31.000Z</time></trkpt>
<trkpt lat="30.62284638513021" lon="104.0675241519516"><ele>483</ele><time>2025-08-13T13:37:32.000Z</time></trkpt>
<trkpt lat="30.62284638513021" lon="104.0675241519516"><ele>481</ele><time>2025-08-13T13:37:33.000Z</time></trkpt>
<trkpt lat="30.62284638513021" lon="104.0675241519516"><ele>481</ele><time>2025-08-13T13:37:34.000Z</time></trkpt>
<trkpt lat="30.62284638513021" lon="104.0675241519516"><ele>481</ele><time>2025-08-13T13:37:35.000Z</time></trkpt>
<trkpt lat="30.62284638513021" lon="104.0675241519516"><ele>481</ele><time>2025-08-13T13:37:36.000Z</time></trkpt>
<trkpt lat="30.62284638513021" lon="104.0675241519516"><ele>481</ele><time>2025-08-13T13:37:37.000Z</time></trkpt>
<trkpt lat="30.62284638513021" lon="104.0675241519516"><ele>481</ele><time>2025-08-13T13:37:38.000Z</time></trkpt>
<trkpt lat="30.62284638513021" lon="104.0675241519516"><ele>482</ele><time>2025-08-13T13:37:39.000Z</time></trkpt>
<trkpt lat="30.62284638513021" lon="104.0675241519516"><ele>482</ele><time>2025-08-13T13:37:40.000Z</time></trkpt>
<trkpt lat="30.62284638513021" lon="104.0675241519516"><ele>482</ele><time>2025-08-13T13:37:41.000Z</time></trkpt>
<trkpt lat="30.62284638513021" lon="104.0675241519516"><ele>482</ele><time>2025-08-13T13:37:42.000Z</time></trkpt>
<trkpt lat="30.62284638513021" lon="104.0675241519516"><ele>482</ele><time>2025-08-13T13:37:43.000Z</time></trkpt>
<trkpt lat="30.62284638513021" lon="104.0675241519516"><ele>483</ele><time>2025-08-13T13:37:44.000Z</time></trkpt>
<trkpt lat="30.62284638513021" lon="104.0675241519516"><ele>482</ele><time>2025-08-13T13:37:45.000Z</time></trkpt>
<trkpt lat="30.62284638513021" lon="104.0675241519516"><ele>482</ele><time>2025-08-13T13:37:46.000Z</time></trkpt>
<trkpt lat="30.62284638513021" lon="104.0675241519516"><ele>481</ele><time>2025-08-13T13:37:47.000Z</time></trkpt>
<trkpt lat="30.62284638513021" lon="104.0675241519516"><ele>481</ele><time>2025-08-13T13:37:48.000Z</time></trkpt>
<trkpt lat="30.62284638513021" lon="104.0675241519516"><ele>481</ele><time>2025-08-13T13:37:49.000Z</time></trkpt>
<trkpt lat="30.62284638513021" lon="104.0675241519516"><ele>481</ele><time>2025-08-13T13:37:50.000Z</time></trkpt>
<trkpt lat="30.62284638513021" lon="104.0675241519516"><ele>481</ele><time>2025-08-13T13:37:51.000Z</time></trkpt>
<trkpt lat="30.62284638513021" lon="104.0675241519516"><ele>480</ele><time>2025-08-13T13:37:52.000Z</time></trkpt>
<trkpt lat="30.62284638513021" lon="104.0675241519516"><ele>481</ele><time>2025-08-13T13:37:53.000Z</time></trkpt>
<trkpt lat="30.62284638513021" lon="104.0675241519516"><ele>481</ele><time>2025-08-13T13:37:54.000Z</time></trkpt>
<trkpt lat="30.62284638513021" lon="104.0675241519516"><ele>481</ele><time>2025-08-13T13:37:55.000Z</time></trkpt>
<trkpt lat="30.62284638513021" lon="104.0675241519516"><ele>480</ele><time>2025-08-13T13:37:56.000Z</time></trkpt>
<trkpt lat="30.62284638513021" lon="104.0675241519516"><ele>480</ele><time>2025-08-13T13:37:57.000Z</time></trkpt>
<trkpt lat="30.62284638513021" lon="104.0675241519516"><ele>480</ele><time>2025-08-13T13:37:58.000Z</time></trkpt>
<trkpt lat="30.62284638513021" lon="104.0675241519516"><ele>480</ele><time>2025-08-13T13:37:59.000Z</time></trkpt>
<trkpt lat="30.62284638513021" lon="104.0675241519516"><ele>480</ele><time>2025-08-13T13:38:00.000Z</time></trkpt>
<trkpt lat="30.62284638513021" lon="104.0675241519516"><ele>480</ele><time>2025-08-13T13:38:01.000Z</time></trkpt>
<trkpt lat="30.62284638513021" lon="104.0675241519516"><ele>479</ele><time>2025-08-13T13:38:02.000Z</time></trkpt>
<trkpt lat="30.62284638513021" lon="104.0675241519516"><ele>480</ele><time>2025-08-13T13:38:03.000Z</time></trkpt>
<trkpt lat="30.62284638513021" lon="104.0675241519516"><ele>480</ele><time>2025-08-13T13:38:04.000Z</time></trkpt>
<trkpt lat="30.62284638513021" lon="104.0675241519516"><ele>479</ele><time>2025-08-13T13:38:05.000Z</time></trkpt>
<trkpt lat="30.62284638513021" lon="104.0675241519516"><ele>479</ele><time>2025-08-13T13:38:06.000Z</time></trkpt>
<trkpt lat="30.62284638513021" lon="104.0675241519516"><ele>478</ele><time>2025-08-13T13:38:07.000Z</time></trkpt>
<trkpt lat="30.62284638513021" lon="104.0675241519516"><ele>477</ele><time>2025-08-13T13:38:08.000Z</time></trkpt>
<trkpt lat="30.62284638513021" lon="104.0675241519516"><ele>477</ele><time>2025-08-13T13:38:09.000Z</time></trkpt>
<trkpt lat="30.62284638513021" lon="104.0675241519516"><ele>477</ele><time>2025-08-13T13:38:10.000Z</time></trkpt>
<trkpt lat="30.62284638513021" lon="104.0675241519516"><ele>477</ele><time>2025-08-13T13:38:11.000Z</time></trkpt>
<trkpt lat="30.62284638513021" lon="104.0675241519516"><ele>478</ele><time>2025-08-13T13:38:12.000Z</time></trkpt>
<trkpt lat="30.62284638513021" lon="104.0675241519516"><ele>480</ele><time>2025-08-13T13:38:13.000Z</time></trkpt>
<trkpt lat="30.62284638513021" lon="104.0675241519516"><ele>481</ele><time>2025-08-13T13:38:14.000Z</time></trkpt>
<trkpt lat="30.62284638513021" lon="104.0675241519516"><ele>482</ele><time>2025-08-13T13:38:15.000Z</time></trkpt>
<trkpt lat="30.62284638513021" lon="104.0675241519516"><ele>483</ele><time>2025-08-13T13:38:16.000Z</time></trkpt>
<trkpt lat="30.62284638513021" lon="104.0675241519516"><ele>485</ele><time>2025-08-13T13:38:17.000Z</time></trkpt>
<trkpt lat="30.62284638513021" lon="104.0675241519516"><ele>486</ele><time>2025-08-13T13:38:18.000Z</time></trkpt>
<trkpt lat="30.62284638513021" lon="104.0675241519516"><ele>486</ele><time>2025-08-13T13:38:19.000Z</time></trkpt>
<trkpt lat="30.62284638513021" lon="104.0675241519516"><ele>487</ele><time>2025-08-13T13:38:20.000Z</time></trkpt>
<trkpt lat="30.62284638513021" lon="104.0675241519516"><ele>487</ele><time>2025-08-13T13:38:21.000Z</time></trkpt>
<trkpt lat="30.62284638513021" lon="104.0675241519516"><ele>487</ele><time>2025-08-13T13:38:22.000Z</time></trkpt>
<trkpt lat="30.62284638513021" lon="104.0675241519516"><ele>487</ele><time>2025-08-13T13:38:23.000Z</time></trkpt>
<trkpt lat="30.62284638513021" lon="104.0675241519516"><ele>487</ele><time>2025-08-13T13:38:24.000Z</time></trkpt>
<trkpt lat="30.62284638513021" lon="104.0675241519516"><ele>487</ele><time>2025-08-13T13:38:25.000Z</time></trkpt>
<trkpt lat="30.62284638513021" lon="104.0675241519516"><ele>487</ele><time>2025-08-13T13:38:26.000Z</time></trkpt>
<trkpt lat="30.62284638513021" lon="104.0675241519516"><ele>488</ele><time>2025-08-13T13:38:27.000Z</time></trkpt>
<trkpt lat="30.62284638513021" lon="104.0675241519516"><ele>488</ele><time>2025-08-13T13:38:28.000Z</time></trkpt>
<trkpt lat="30.62284638513021" lon="104.0675241519516"><ele>488</ele><time>2025-08-13T13:38:29.000Z</time></trkpt>
<trkpt lat="30.62284638513021" lon="104.0675241519516"><ele>487</ele><time>2025-08-13T13:38:30.000Z</time></trkpt>
<trkpt lat="30.62284638513021" lon="104.0675241519516"><ele>488</ele><time>2025-08-13T13:38:31.000Z</time></trkpt>
<trkpt lat="30.62284638513021" lon="104.0675241519516"><ele>488</ele><time>2025-08-13T13:38:32.000Z</time></trkpt>
<trkpt lat="30.62284638513021" lon="104.0675241519516"><ele>488</ele><time>2025-08-13T13:38:33.000Z</time></trkpt>
<trkpt lat="30.62284638513021" lon="104.0675241519516"><ele>488</ele><time>2025-08-13T13:38:34.000Z</time></trkpt>
<trkpt lat="30.62284638513021" lon="104.0675241519516"><ele>488</ele><time>2025-08-13T13:38:35.000Z</time></trkpt>
<trkpt lat="30.62284638513021" lon="104.0675241519516"><ele>488</ele><time>2025-08-13T13:38:36.000Z</time></trkpt>
<trkpt lat="30.62284638513021" lon="104.0675241519516"><ele>488</ele><time>2025-08-13T13:38:37.000Z</time></trkpt>
<trkpt lat="30.62284638513021" lon="104.0675241519516"><ele>488</ele><time>2025-08-13T13:38:38.000Z</time></trkpt>
<trkpt lat="30.62284638513021" lon="104.0675241519516"><ele>488</ele><time>2025-08-13T13:38:39.000Z</time></trkpt>
<trkpt lat="30.62284638513021" lon="104.0675241519516"><ele>488</ele><time>2025-08-13T13:38:40.000Z</time></trkpt>
<trkpt lat="30.62284638513021" lon="104.0675241519516"><ele>488</ele><time>2025-08-13T13:38:41.000Z</time></trkpt>
<trkpt lat="30.62284638513021" lon="104.0675241519516"><ele>488</ele><time>2025-08-13T13:38:42.000Z</time></trkpt>
<trkpt lat="30.62284638513021" lon="104.0675241519516"><ele>488</ele><time>2025-08-13T13:38:43.000Z</time></trkpt>
<trkpt lat="30.62284638513021" lon="104.0675241519516"><ele>487</ele><time>2025-08-13T13:38:44.000Z</time></trkpt>
<trkpt lat="30.62284638513021" lon="104.0675241519516"><ele>486</ele><time>2025-08-13T13:38:45.000Z</time></trkpt>
<trkpt lat="30.62284638513021" lon="104.0675241519516"><ele>486</ele><time>2025-08-13T13:38:46.000Z</time></trkpt>
<trkpt lat="30.62284638513021" lon="104.0675241519516"><ele>485</ele><time>2025-08-13T13:38:47.000Z</time></trkpt>
<trkpt lat="30.62284638513021" lon="104.0675241519516"><ele>486</ele><time>2025-08-13T13:38:48.000Z</time></trkpt>
<trkpt lat="30.62284638513021" lon="104.0675241519516"><ele>486</ele><time>2025-08-13T13:38:49.000Z</time></trkpt>
<trkpt lat="30.62284638513021" lon="104.0675241519516"><ele>486</ele><time>2025-08-13T13:38:50.000Z</time></trkpt>
<trkpt lat="30.62284638513021" lon="104.0675241519516"><ele>485</ele><time>2025-08-13T13:38:51.000Z</time></trkpt>
<trkpt lat="30.62284638513021" lon="104.0675241519516"><ele>485</ele><time>2025-08-13T13:38:52.000Z</time></trkpt>
<trkpt lat="30.62284638513021" lon="104.0675241519516"><ele>485</ele><time>2025-08-13T13:38:53.000Z</time></trkpt>
<trkpt lat="30.62284638513021" lon="104.0675241519516"><ele>485</ele><time>2025-08-13T13:38:54.000Z</time></trkpt>
<trkpt lat="30.62284638513021" lon="104.0675241519516"><ele>485</ele><time>2025-08-13T13:38:55.000Z</time></trkpt>
<trkpt lat="30.62284638513021" lon="104.0675241519516"><ele>484</ele><time>2025-08-13T13:38:56.000Z</time></trkpt>
<trkpt lat="30.62284638513021" lon="104.0675241519516"><ele>484</ele><time>2025-08-13T13:38:57.000Z</time></trkpt>
<trkpt lat="30.62284638513021" lon="104.0675241519516"><ele>484</ele><time>2025-08-13T13:38:58.000Z</time></trkpt>
<trkpt lat="30.62284638513021" lon="104.0675241519516"><ele>485</ele><time>2025-08-13T13:38:59.000Z</time></trkpt>
<trkpt lat="30.62284638513021" lon="104.0675241519516"><ele>485</ele><time>2025-08-13T13:39:00.000Z</time></trkpt>
<trkpt lat="30.62284638513021" lon="104.0675241519516"><ele>485</ele><time>2025-08-13T13:39:01.000Z</time></trkpt>
<trkpt lat="30.62284638513021" lon="104.0675241519516"><ele>486</ele><time>2025-08-13T13:39:02.000Z</time></trkpt>
<trkpt lat="30.62284638513021" lon="104.0675241519516"><ele>486</ele><time>2025-08-13T13:39:03.000Z</time></trkpt>
<trkpt lat="30.62284638513021" lon="104.0675241519516"><ele>486</ele><time>2025-08-13T13:39:04.000Z</time></trkpt>
<trkpt lat="30.62284638513021" lon="104.0675241519516"><ele>486</ele><time>2025-08-13T13:39:05.000Z</time></trkpt>
<trkpt lat="30.62284638513021" lon="104.0675241519516"><ele>486</ele><time>2025-08-13T13:39:06.000Z</time></trkpt>
<trkpt lat="30.62284638513021" lon="104.0675241519516"><ele>486</ele><time>2025-08-13T13:39:07.000Z</time></trkpt>
<trkpt lat="30.62284638513021" lon="104.0675241519516"><ele>486</ele><time>2025-08-13T13:39:08.000Z</time></trkpt>
<trkpt lat="30.62284638513021" lon="104.0675241519516"><ele>486</ele><time>2025-08-13T13:39:09.000Z</time></trkpt>
<trkpt lat="30.62284638513021" lon="104.0675241519516"><ele>487</ele><time>2025-08-13T13:39:10.000Z</time></trkpt>
<trkpt lat="30.62284638513021" lon="104.0675241519516"><ele>487</ele><time>2025-08-13T13:39:11.000Z</time></trkpt>
<trkpt lat="30.62284638513021" lon="104.0675241519516"><ele>487</ele><time>2025-08-13T13:39:12.000Z</time></trkpt>
<trkpt lat="30.62284638513021" lon="104.0675241519516"><ele>487</ele><time>2025-08-13T13:39:13.000Z</time></trkpt>
<trkpt lat="30.62284638513021" lon="104.0675241519516"><ele>487</ele><time>2025-08-13T13:39:14.000Z</time></trkpt>
<trkpt lat="30.62284638513021" lon="104.0675241519516"><ele>487</ele><time>2025-08-13T13:39:15.000Z</time></trkpt>
<trkpt lat="30.62284638513021" lon="104.0675241519516"><ele>487</ele><time>2025-08-13T13:39:16.000Z</time></trkpt>
<trkpt lat="30.62284638513021" lon="104.0675241519516"><ele>488</ele><time>2025-08-13T13:39:17.000Z</time></trkpt>
<trkpt lat="30.62284638513021" lon="104.0675241519516"><ele>488</ele><time>2025-08-13T13:39:18.000Z</time></trkpt>
<trkpt lat="30.62284638513021" lon="104.0675241519516"><ele>488</ele><time>2025-08-13T13:39:19.000Z</time></trkpt>
<trkpt lat="30.62284638513021" lon="104.0675241519516"><ele>488</ele><time>2025-08-13T13:39:20.000Z</time></trkpt>
<trkpt lat="30.62284638513021" lon="104.0675241519516"><ele>488</ele><time>2025-08-13T13:39:21.000Z</time></trkpt>
<trkpt lat="30.62284638513021" lon="104.0675241519516"><ele>488</ele><time>2025-08-13T13:39:22.000Z</time></trkpt>
<trkpt lat="30.62284638513021" lon="104.0675241519516"><ele>488</ele><time>2025-08-13T13:39:23.000Z</time></trkpt>
<trkpt lat="30.62284638513021" lon="104.0675241519516"><ele>488</ele><time>2025-08-13T13:39:24.000Z</time></trkpt>
<trkpt lat="30.62284638513021" lon="104.0675241519516"><ele>489</ele><time>2025-08-13T13:39:25.000Z</time></trkpt>
<trkpt lat="30.62284638513021" lon="104.0675241519516"><ele>489</ele><time>2025-08-13T13:39:26.000Z</time></trkpt>
<trkpt lat="30.62284638513021" lon="104.0675241519516"><ele>490</ele><time>2025-08-13T13:39:27.000Z</time></trkpt>
<trkpt lat="30.62284638513021" lon="104.0675241519516"><ele>490</ele><time>2025-08-13T13:39:28.000Z</time></trkpt>
<trkpt lat="30.62284638513021" lon="104.0675241519516"><ele>490</ele><time>2025-08-13T13:39:29.000Z</time></trkpt>
<trkpt lat="30.62284638513021" lon="104.0675241519516"><ele>491</ele><time>2025-08-13T13:39:30.000Z</time></trkpt>
<trkpt lat="30.62284638513021" lon="104.0675241519516"><ele>491</ele><time>2025-08-13T13:39:31.000Z</time></trkpt>
<trkpt lat="30.62284638513021" lon="104.0675241519516"><ele>491</ele><time>2025-08-13T13:39:32.000Z</time></trkpt>
<trkpt lat="30.62284638513021" lon="104.0675241519516"><ele>491</ele><time>2025-08-13T13:39:33.000Z</time></trkpt>
<trkpt lat="30.62284638513021" lon="104.0675241519516"><ele>491</ele><time>2025-08-13T13:39:34.000Z</time></trkpt>
<trkpt lat="30.62284638513021" lon="104.0675241519516"><ele>491</ele><time>2025-08-13T13:39:35.000Z</time></trkpt>
<trkpt lat="30.62284638513021" lon="104.0675241519516"><ele>491</ele><time>2025-08-13T13:39:36.000Z</time></trkpt>
<trkpt lat="30.62284638513021" lon="104.0675241519516"><ele>491</ele><time>2025-08-13T13:39:37.000Z</time></trkpt>
<trkpt lat="30.62284638513021" lon="104.0675241519516"><ele>491</ele><time>2025-08-13T13:39:38.000Z</time></trkpt>
<trkpt lat="30.62284638513021" lon="104.0675241519516"><ele>492</ele><time>2025-08-13T13:39:39.000Z</time></trkpt>
<trkpt lat="30.62284638513021" lon="104.0675241519516"><ele>492</ele><time>2025-08-13T13:39:40.000Z</time></trkpt>
<trkpt lat="30.62284638513021" lon="104.0675241519516"><ele>492</ele><time>2025-08-13T13:39:41.000Z</time></trkpt>
<trkpt lat="30.62284638513021" lon="104.0675241519516"><ele>492</ele><time>2025-08-13T13:39:42.000Z</time></trkpt>
<trkpt lat="30.62284638513021" lon="104.0675241519516"><ele>492</ele><time>2025-08-13T13:39:43.000Z</time></trkpt>
<trkpt lat="30.62284638513021" lon="104.0675241519516"><ele>491</ele><time>2025-08-13T13:39:44.000Z</time></trkpt>
<trkpt lat="30.62284638513021" lon="104.0675241519516"><ele>491</ele><time>2025-08-13T13:39:45.000Z</time></trkpt>
<trkpt lat="30.62284638513021" lon="104.0675241519516"><ele>491</ele><time>2025-08-13T13:39:46.000Z</time></trkpt>
<trkpt lat="30.62284638513021" lon="104.0675241519516"><ele>491</ele><time>2025-08-13T13:39:47.000Z</time></trkpt>
<trkpt lat="30.62284638513021" lon="104.0675241519516"><ele>491</ele><time>2025-08-13T13:39:48.000Z</time></trkpt>
<trkpt lat="30.62284638513021" lon="104.0675241519516"><ele>492</ele><time>2025-08-13T13:39:49.000Z</time></trkpt>
<trkpt lat="30.62284638513021" lon="104.0675241519516"><ele>492</ele><time>2025-08-13T13:39:50.000Z</time></trkpt>
<trkpt lat="30.62284638513021" lon="104.0675241519516"><ele>492</ele><time>2025-08-13T13:39:51.000Z</time></trkpt>
<trkpt lat="30.62284638513021" lon="104.0675241519516"><ele>491</ele><time>2025-08-13T13:39:52.000Z</time></trkpt>
<trkpt lat="30.62284638513021" lon="104.0675241519516"><ele>491</ele><time>2025-08-13T13:39:53.000Z</time></trkpt>
<trkpt lat="30.62284638513021" lon="104.0675241519516"><ele>491</ele><time>2025-08-13T13:39:54.000Z</time></trkpt>
<trkpt lat="30.62284638513021" lon="104.0675241519516"><ele>492</ele><time>2025-08-13T13:39:55.000Z</time></trkpt>
<trkpt lat="30.62284638513021" lon="104.0675241519516"><ele>492</ele><time>2025-08-13T13:39:56.000Z</time></trkpt>
<trkpt lat="30.62284638513021" lon="104.0675241519516"><ele>493</ele><time>2025-08-13T13:39:57.000Z</time></trkpt>
<trkpt lat="30.62284638513021" lon="104.0675241519516"><ele>492</ele><time>2025-08-13T13:39:58.000Z</time></trkpt>
<trkpt lat="30.62284638513021" lon="104.0675241519516"><ele>492</ele><time>2025-08-13T13:39:59.000Z</time></trkpt>
<trkpt lat="30.62284638513021" lon="104.0675241519516"><ele>492</ele><time>2025-08-13T13:40:00.000Z</time></trkpt>
<trkpt lat="30.62284638513021" lon="104.0675241519516"><ele>491</ele><time>2025-08-13T13:40:01.000Z</time></trkpt>
<trkpt lat="30.62284638513021" lon="104.0675241519516"><ele>491</ele><time>2025-08-13T13:40:02.000Z</time></trkpt>
<trkpt lat="30.62284638513021" lon="104.0675241519516"><ele>491</ele><time>2025-08-13T13:40:03.000Z</time></trkpt>
<trkpt lat="30.62284638513021" lon="104.0675241519516"><ele>491</ele><time>2025-08-13T13:40:04.000Z</time></trkpt>
<trkpt lat="30.62284638513021" lon="104.0675241519516"><ele>491</ele><time>2025-08-13T13:40:05.000Z</time></trkpt>
<trkpt lat="30.62284638513021" lon="104.0675241519516"><ele>490</ele><time>2025-08-13T13:40:06.000Z</time></trkpt>
<trkpt lat="30.62284638513021" lon="104.0675241519516"><ele>490</ele><time>2025-08-13T13:40:07.000Z</time></trkpt>
<trkpt lat="30.62284638513021" lon="104.0675241519516"><ele>490</ele><time>2025-08-13T13:40:08.000Z</time></trkpt>
<trkpt lat="30.62284638513021" lon="104.0675241519516"><ele>490</ele><time>2025-08-13T13:40:09.000Z</time></trkpt>
<trkpt lat="30.62284638513021" lon="104.0675241519516"><ele>490</ele><time>2025-08-13T13:40:10.000Z</time></trkpt>
<trkpt lat="30.62284638513021" lon="104.0675241519516"><ele>490</ele><time>2025-08-13T13:40:11.000Z</time></trkpt>
<trkpt lat="30.62284638513021" lon="104.0675241519516"><ele>490</ele><time>2025-08-13T13:40:12.000Z</time></trkpt>
<trkpt lat="30.62284638513021" lon="104.0675241519516"><ele>490</ele><time>2025-08-13T13:40:13.000Z</time></trkpt>
<trkpt lat="30.62284638513021" lon="104.0675241519516"><ele>490</ele><time>2025-08-13T13:40:14.000Z</time></trkpt>
<trkpt lat="30.62284638513021" lon="104.0675241519516"><ele>489</ele><time>2025-08-13T13:40:15.000Z</time></trkpt>
<trkpt lat="30.62284638513021" lon="104.0675241519516"><ele>489</ele><time>2025-08-13T13:40:16.000Z</time></trkpt>
<trkpt lat="30.62284638513021" lon="104.0675241519516"><ele>489</ele><time>2025-08-13T13:40:17.000Z</time></trkpt>
<trkpt lat="30.62284638513021" lon="104.0675241519516"><ele>489</ele><time>2025-08-13T13:40:18.000Z</time></trkpt>
<trkpt lat="30.62284638513021" lon="104.0675241519516"><ele>489</ele><time>2025-08-13T13:40:19.000Z</time></trkpt>
<trkpt lat="30.62284638513021" lon="104.0675241519516"><ele>488</ele><time>2025-08-13T13:40:20.000Z</time></trkpt>
<trkpt lat="30.62284638513021" lon="104.0675241519516"><ele>488</ele><time>2025-08-13T13:40:21.000Z</time></trkpt>
<trkpt lat="30.62284638513021" lon="104.0675241519516"><ele>488</ele><time>2025-08-13T13:40:22.000Z</time></trkpt>
<trkpt lat="30.62284638513021" lon="104.0675241519516"><ele>487</ele><time>2025-08-13T13:40:23.000Z</time></trkpt>
<trkpt lat="30.62284638513021" lon="104.0675241519516"><ele>487</ele><time>2025-08-13T13:40:24.000Z</time></trkpt>
<trkpt lat="30.62284638513021" lon="104.0675241519516"><ele>488</ele><time>2025-08-13T13:40:25.000Z</time></trkpt>
<trkpt lat="30.62284638513021" lon="104.0675241519516"><ele>487</ele><time>2025-08-13T13:40:26.000Z</time></trkpt>
<trkpt lat="30.62284638513021" lon="104.0675241519516"><ele>487</ele><time>2025-08-13T13:40:27.000Z</time></trkpt>
<trkpt lat="30.62284638513021" lon="104.0675241519516"><ele>487</ele><time>2025-08-13T13:40:28.000Z</time></trkpt>
<trkpt lat="30.62284638513021" lon="104.0675241519516"><ele>488</ele><time>2025-08-13T13:40:29.000Z</time></trkpt>
<trkpt lat="30.62284638513021" lon="104.0675241519516"><ele>487</ele><time>2025-08-13T13:40:30.000Z</time></trkpt>
<trkpt lat="30.62284638513021" lon="104.0675241519516"><ele>487</ele><time>2025-08-13T13:40:31.000Z</time></trkpt>
<trkpt lat="30.62284638513021" lon="104.0675241519516"><ele>487</ele><time>2025-08-13T13:40:32.000Z</time></trkpt>
<trkpt lat="30.62284638513021" lon="104.0675241519516"><ele>487</ele><time>2025-08-13T13:40:33.000Z</time></trkpt>
<trkpt lat="30.62284638513021" lon="104.0675241519516"><ele>487</ele><time>2025-08-13T13:40:34.000Z</time></trkpt>
<trkpt lat="30.62284638513021" lon="104.0675241519516"><ele>487</ele><time>2025-08-13T13:40:35.000Z</time></trkpt>
<trkpt lat="30.62284638513021" lon="104.0675241519516"><ele>487</ele><time>2025-08-13T13:40:36.000Z</time></trkpt>
<trkpt lat="30.62284638513021" lon="104.0675241519516"><ele>487</ele><time>2025-08-13T13:40:37.000Z</time></trkpt>
<trkpt lat="30.62284638513021" lon="104.0675241519516"><ele>488</ele><time>2025-08-13T13:40:38.000Z</time></trkpt>
<trkpt lat="30.62284638513021" lon="104.0675241519516"><ele>487</ele><time>2025-08-13T13:40:39.000Z</time></trkpt>
<trkpt lat="30.62284638513021" lon="104.0675241519516"><ele>487</ele><time>2025-08-13T13:40:40.000Z</time></trkpt>
<trkpt lat="30.62284638513021" lon="104.0675241519516"><ele>487</ele><time>2025-08-13T13:40:41.000Z</time></trkpt>
<trkpt lat="30.62284638513021" lon="104.0675241519516"><ele>487</ele><time>2025-08-13T13:40:42.000Z</time></trkpt>
<trkpt lat="30.62284638513021" lon="104.0675241519516"><ele>487</ele><time>2025-08-13T13:40:43.000Z</time></trkpt>
<trkpt lat="30.62284638513021" lon="104.0675241519516"><ele>487</ele><time>2025-08-13T13:40:44.000Z</time></trkpt>
<trkpt lat="30.62284638513021" lon="104.0675241519516"><ele>487</ele><time>2025-08-13T13:40:45.000Z</time></trkpt>
<trkpt lat="30.62284638513021" lon="104.0675241519516"><ele>487</ele><time>2025-08-13T13:40:46.000Z</time></trkpt>
<trkpt lat="30.62284638513021" lon="104.0675241519516"><ele>487</ele><time>2025-08-13T13:40:47.000Z</time></trkpt>
<trkpt lat="30.62284638513021" lon="104.0675241519516"><ele>486</ele><time>2025-08-13T13:40:48.000Z</time></trkpt>
<trkpt lat="30.62284638513021" lon="104.0675241519516"><ele>486</ele><time>2025-08-13T13:40:49.000Z</time></trkpt>
<trkpt lat="30.62284638513021" lon="104.0675241519516"><ele>486</ele><time>2025-08-13T13:40:50.000Z</time></trkpt>
<trkpt lat="30.62284638513021" lon="104.0675241519516"><ele>486</ele><time>2025-08-13T13:40:51.000Z</time></trkpt>
<trkpt lat="30.62284638513021" lon="104.0675241519516"><ele>487</ele><time>2025-08-13T13:40:52.000Z</time></trkpt>
<trkpt lat="30.62284638513021" lon="104.0675241519516"><ele>487</ele><time>2025-08-13T13:40:53.000Z</time></trkpt>
<trkpt lat="30.62284638513021" lon="104.0675241519516"><ele>487</ele><time>2025-08-13T13:40:54.000Z</time></trkpt>
<trkpt lat="30.62284638513021" lon="104.0675241519516"><ele>487</ele><time>2025-08-13T13:40:55.000Z</time></trkpt>
<trkpt lat="30.62284638513021" lon="104.0675241519516"><ele>487</ele><time>2025-08-13T13:40:56.000Z</time></trkpt>
<trkpt lat="30.62284638513021" lon="104.0675241519516"><ele>487</ele><time>2025-08-13T13:40:57.000Z</time></trkpt>
<trkpt lat="30.62284638513021" lon="104.0675241519516"><ele>487</ele><time>2025-08-13T13:40:58.000Z</time></trkpt>
<trkpt lat="30.62284638513021" lon="104.0675241519516"><ele>487</ele><time>2025-08-13T13:40:59.000Z</time></trkpt>
<trkpt lat="30.62284638513021" lon="104.0675241519516"><ele>487</ele><time>2025-08-13T13:41:00.000Z</time></trkpt>
<trkpt lat="30.62284638513021" lon="104.0675241519516"><ele>487</ele><time>2025-08-13T13:41:01.000Z</time></trkpt>
<trkpt lat="30.62284638513021" lon="104.0675241519516"><ele>487</ele><time>2025-08-13T13:41:02.000Z</time></trkpt>
<trkpt lat="30.62284638513021" lon="104.0675241519516"><ele>487</ele><time>2025-08-13T13:41:03.000Z</time></trkpt>
<trkpt lat="30.62284638513021" lon="104.0675241519516"><ele>487</ele><time>2025-08-13T13:41:04.000Z</time></trkpt>
<trkpt lat="30.62284638513021" lon="104.0675241519516"><ele>487</ele><time>2025-08-13T13:41:05.000Z</time></trkpt>
<trkpt lat="30.62284638513021" lon="104.0675241519516"><ele>487</ele><time>2025-08-13T13:41:06.000Z</time></trkpt>
<trkpt lat="30.62284638513021" lon="104.0675241519516"><ele>487</ele><time>2025-08-13T13:41:07.000Z</time></trkpt>
<trkpt lat="30.62284638513021" lon="104.0675241519516"><ele>487</ele><time>2025-08-13T13:41:08.000Z</time></trkpt>
<trkpt lat="30.62284638513021" lon="104.0675241519516"><ele>487</ele><time>2025-08-13T13:41:09.000Z</time></trkpt>
<trkpt lat="30.62284638513021" lon="104.0675241519516"><ele>487</ele><time>2025-08-13T13:41:10.000Z</time></trkpt>
<trkpt lat="30.62284638513021" lon="104.0675241519516"><ele>487</ele><time>2025-08-13T13:41:11.000Z</time></trkpt>
<trkpt lat="30.62284638513021" lon="104.0675241519516"><ele>487</ele><time>2025-08-13T13:41:12.000Z</time></trkpt>
<trkpt lat="30.62284638513021" lon="104.0675241519516"><ele>487</ele><time>2025-08-13T13:41:13.000Z</time></trkpt>
<trkpt lat="30.62284638513021" lon="104.0675241519516"><ele>487</ele><time>2025-08-13T13:41:14.000Z</time></trkpt>
<trkpt lat="30.62284638513021" lon="104.0675241519516"><ele>487</ele><time>2025-08-13T13:41:15.000Z</time></trkpt>
<trkpt lat="30.62284638513021" lon="104.0675241519516"><ele>487</ele><time>2025-08-13T13:41:16.000Z</time></trkpt>
<trkpt lat="30.62284638513021" lon="104.0675241519516"><ele>487</ele><time>2025-08-13T13:41:17.000Z</time></trkpt>
<trkpt lat="30.62284638513021" lon="104.0675241519516"><ele>487</ele><time>2025-08-13T13:41:18.000Z</time></trkpt>
<trkpt lat="30.62284638513021" lon="104.0675241519516"><ele>487</ele><time>2025-08-13T13:41:19.000Z</time></trkpt>
<trkpt lat="30.62284638513021" lon="104.0675241519516"><ele>488</ele><time>2025-08-13T13:41:20.000Z</time></trkpt>
<trkpt lat="30.62284638513021" lon="104.0675241519516"><ele>488</ele><time>2025-08-13T13:41:21.000Z</time></trkpt>
<trkpt lat="30.62284638513021" lon="104.0675241519516"><ele>488</ele><time>2025-08-13T13:41:22.000Z</time></trkpt>
<trkpt lat="30.62284638513021" lon="104.0675241519516"><ele>488</ele><time>2025-08-13T13:41:23.000Z</time></trkpt>
<trkpt lat="30.62284638513021" lon="104.0675241519516"><ele>488</ele><time>2025-08-13T13:41:24.000Z</time></trkpt>
<trkpt lat="30.62284638513021" lon="104.0675241519516"><ele>488</ele><time>2025-08-13T13:41:25.000Z</time></trkpt>
<trkpt lat="30.62284638513021" lon="104.0675241519516"><ele>488</ele><time>2025-08-13T13:41:26.000Z</time></trkpt>
<trkpt lat="30.62284638513021" lon="104.0675241519516"><ele>488</ele><time>2025-08-13T13:41:27.000Z</time></trkpt>
<trkpt lat="30.62284638513021" lon="104.0675241519516"><ele>488</ele><time>2025-08-13T13:41:28.000Z</time></trkpt>
<trkpt lat="30.62284638513021" lon="104.0675241519516"><ele>488</ele><time>2025-08-13T13:41:29.000Z</time></trkpt>
<trkpt lat="30.62284638513021" lon="104.0675241519516"><ele>488</ele><time>2025-08-13T13:41:30.000Z</time></trkpt>
<trkpt lat="30.62284638513021" lon="104.0675241519516"><ele>488</ele><time>2025-08-13T13:41:31.000Z</time></trkpt>
<trkpt lat="30.62284638513021" lon="104.0675241519516"><ele>488</ele><time>2025-08-13T13:41:32.000Z</time></trkpt>
<trkpt lat="30.62284638513021" lon="104.0675241519516"><ele>488</ele><time>2025-08-13T13:41:33.000Z</time></trkpt>
<trkpt lat="30.62284638513021" lon="104.0675241519516"><ele>488</ele><time>2025-08-13T13:41:34.000Z</time></trkpt>
<trkpt lat="30.62284638513021" lon="104.0675241519516"><ele>488</ele><time>2025-08-13T13:41:35.000Z</time></trkpt>
<trkpt lat="30.62284638513021" lon="104.0675241519516"><ele>488</ele><time>2025-08-13T13:41:36.000Z</time></trkpt>
<trkpt lat="30.62284638513021" lon="104.0675241519516"><ele>488</ele><time>2025-08-13T13:41:37.000Z</time></trkpt>
<trkpt lat="30.62284638513021" lon="104.0675241519516"><ele>488</ele><time>2025-08-13T13:41:38.000Z</time></trkpt>
<trkpt lat="30.62284638513021" lon="104.0675241519516"><ele>488</ele><time>2025-08-13T13:41:39.000Z</time></trkpt>
<trkpt lat="30.62284638513021" lon="104.0675241519516"><ele>488</ele><time>2025-08-13T13:41:40.000Z</time></trkpt>
<trkpt lat="30.62284638513021" lon="104.0675241519516"><ele>488</ele><time>2025-08-13T13:41:41.000Z</time></trkpt>
<trkpt lat="30.62284638513021" lon="104.0675241519516"><ele>488</ele><time>2025-08-13T13:41:42.000Z</time></trkpt>
<trkpt lat="30.62284638513021" lon="104.0675241519516"><ele>488</ele><time>2025-08-13T13:41:43.000Z</time></trkpt>
<trkpt lat="30.62284638513021" lon="104.0675241519516"><ele>488</ele><time>2025-08-13T13:41:44.000Z</time></trkpt>
<trkpt lat="30.62284638513021" lon="104.0675241519516"><ele>488</ele><time>2025-08-13T13:41:45.000Z</time></trkpt>
<trkpt lat="30.62284638513021" lon="104.0675241519516"><ele>488</ele><time>2025-08-13T13:41:46.000Z</time></trkpt>
<trkpt lat="30.62284638513021" lon="104.0675241519516"><ele>488</ele><time>2025-08-13T13:41:47.000Z</time></trkpt>
<trkpt lat="30.62284638513021" lon="104.0675241519516"><ele>488</ele><time>2025-08-13T13:41:48.000Z</time></trkpt>
<trkpt lat="30.62284638513021" lon="104.0675241519516"><ele>488</ele><time>2025-08-13T13:41:49.000Z</time></trkpt>
<trkpt lat="30.62284638513021" lon="104.0675241519516"><ele>488</ele><time>2025-08-13T13:41:50.000Z</time></trkpt>
<trkpt lat="30.62284638513021" lon="104.0675241519516"><ele>488</ele><time>2025-08-13T13:41:51.000Z</time></trkpt>
<trkpt lat="30.62284638513021" lon="104.0675241519516"><ele>488</ele><time>2025-08-13T13:41:52.000Z</time></trkpt>
<trkpt lat="30.62284638513021" lon="104.0675241519516"><ele>488</ele><time>2025-08-13T13:41:53.000Z</time></trkpt>
<trkpt lat="30.62284638513021" lon="104.0675241519516"><ele>488</ele><time>2025-08-13T13:41:54.000Z</time></trkpt>
<trkpt lat="30.62284638513021" lon="104.0675241519516"><ele>489</ele><time>2025-08-13T13:41:55.000Z</time></trkpt>
<trkpt lat="30.62284638513021" lon="104.0675241519516"><ele>488</ele><time>2025-08-13T13:41:56.000Z</time></trkpt>
<trkpt lat="30.62284638513021" lon="104.0675241519516"><ele>488</ele><time>2025-08-13T13:41:57.000Z</time></trkpt>
<trkpt lat="30.62284638513021" lon="104.0675241519516"><ele>488</ele><time>2025-08-13T13:41:58.000Z</time></trkpt>
<trkpt lat="30.62284638513021" lon="104.0675241519516"><ele>487</ele><time>2025-08-13T13:41:59.000Z</time></trkpt>
<trkpt lat="30.62284638513021" lon="104.0675241519516"><ele>487</ele><time>2025-08-13T13:42:00.000Z</time></trkpt>
<trkpt lat="30.62284638513021" lon="104.0675241519516"><ele>487</ele><time>2025-08-13T13:42:01.000Z</time></trkpt>
<trkpt lat="30.62284638513021" lon="104.0675241519516"><ele>488</ele><time>2025-08-13T13:42:02.000Z</time></trkpt>
<trkpt lat="30.62284638513021" lon="104.0675241519516"><ele>489</ele><time>2025-08-13T13:42:03.000Z</time></trkpt>
<trkpt lat="30.62284638513021" lon="104.0675241519516"><ele>488</ele><time>2025-08-13T13:42:04.000Z</time></trkpt>
<trkpt lat="30.62284638513021" lon="104.0675241519516"><ele>488</ele><time>2025-08-13T13:42:05.000Z</time></trkpt>
<trkpt lat="30.62284638513021" lon="104.0675241519516"><ele>488</ele><time>2025-08-13T13:42:06.000Z</time></trkpt>
<trkpt lat="30.62284638513021" lon="104.0675241519516"><ele>488</ele><time>2025-08-13T13:42:07.000Z</time></trkpt>
<trkpt lat="30.62284638513021" lon="104.0675241519516"><ele>488</ele><time>2025-08-13T13:42:08.000Z</time></trkpt>
<trkpt lat="30.62284638513021" lon="104.0675241519516"><ele>488</ele><time>2025-08-13T13:42:09.000Z</time></trkpt>
<trkpt lat="30.62284638513021" lon="104.0675241519516"><ele>489</ele><time>2025-08-13T13:42:10.000Z</time></trkpt>
<trkpt lat="30.62284638513021" lon="104.0675241519516"><ele>489</ele><time>2025-08-13T13:42:11.000Z</time></trkpt>
<trkpt lat="30.62284638513021" lon="104.0675241519516"><ele>489</ele><time>2025-08-13T13:42:12.000Z</time></trkpt>
<trkpt lat="30.62284638513021" lon="104.0675241519516"><ele>490</ele><time>2025-08-13T13:42:13.000Z</time></trkpt>
<trkpt lat="30.62284638513021" lon="104.0675241519516"><ele>490</ele><time>2025-08-13T13:42:14.000Z</time></trkpt>
<trkpt lat="30.62284638513021" lon="104.0675241519516"><ele>490</ele><time>2025-08-13T13:42:15.000Z</time></trkpt>
<trkpt lat="30.62284638513021" lon="104.0675241519516"><ele>491</ele><time>2025-08-13T13:42:16.000Z</time></trkpt>
<trkpt lat="30.62284638513021" lon="104.0675241519516"><ele>491</ele><time>2025-08-13T13:42:17.000Z</time></trkpt>
<trkpt lat="30.62284638513021" lon="104.0675241519516"><ele>491</ele><time>2025-08-13T13:42:18.000Z</time></trkpt>
<trkpt lat="30.62284638513021" lon="104.0675241519516"><ele>490</ele><time>2025-08-13T13:42:19.000Z</time></trkpt>
<trkpt lat="30.62284638513021" lon="104.0675241519516"><ele>491</ele><time>2025-08-13T13:42:20.000Z</time></trkpt>
<trkpt lat="30.62284638513021" lon="104.0675241519516"><ele>489</ele><time>2025-08-13T13:42:21.000Z</time></trkpt>
<trkpt lat="30.62284638513021" lon="104.0675241519516"><ele>489</ele><time>2025-08-13T13:42:22.000Z</time></trkpt>
<trkpt lat="30.62284638513021" lon="104.0675241519516"><ele>489</ele><time>2025-08-13T13:42:23.000Z</time></trkpt>
<trkpt lat="30.62284638513021" lon="104.0675241519516"><ele>489</ele><time>2025-08-13T13:42:24.000Z</time></trkpt>
<trkpt lat="30.62284638513021" lon="104.0675241519516"><ele>490</ele><time>2025-08-13T13:42:25.000Z</time></trkpt>
<trkpt lat="30.62284638513021" lon="104.0675241519516"><ele>490</ele><time>2025-08-13T13:42:26.000Z</time></trkpt>
<trkpt lat="30.62284638513021" lon="104.0675241519516"><ele>490</ele><time>2025-08-13T13:42:27.000Z</time></trkpt>
<trkpt lat="30.62284638513021" lon="104.0675241519516"><ele>490</ele><time>2025-08-13T13:42:28.000Z</time></trkpt>
<trkpt lat="30.62284638513021" lon="104.0675241519516"><ele>489</ele><time>2025-08-13T13:42:29.000Z</time></trkpt>
<trkpt lat="30.62284638513021" lon="104.0675241519516"><ele>489</ele><time>2025-08-13T13:42:30.000Z</time></trkpt>
<trkpt lat="30.62284638513021" lon="104.0675241519516"><ele>489</ele><time>2025-08-13T13:42:31.000Z</time></trkpt>
<trkpt lat="30.62284638513021" lon="104.0675241519516"><ele>489</ele><time>2025-08-13T13:42:32.000Z</time></trkpt>
<trkpt lat="30.62284638513021" lon="104.0675241519516"><ele>489</ele><time>2025-08-13T13:42:33.000Z</time></trkpt>
<trkpt lat="30.62284638513021" lon="104.0675241519516"><ele>488</ele><time>2025-08-13T13:42:34.000Z</time></trkpt>
<trkpt lat="30.62284638513021" lon="104.0675241519516"><ele>488</ele><time>2025-08-13T13:42:35.000Z</time></trkpt>
<trkpt lat="30.62284638513021" lon="104.0675241519516"><ele>489</ele><time>2025-08-13T13:42:36.000Z</time></trkpt>
<trkpt lat="30.62284638513021" lon="104.0675241519516"><ele>488</ele><time>2025-08-13T13:42:37.000Z</time></trkpt>
<trkpt lat="30.62284638513021" lon="104.0675241519516"><ele>488</ele><time>2025-08-13T13:42:38.000Z</time></trkpt>
<trkpt lat="30.62284638513021" lon="104.0675241519516"><ele>488</ele><time>2025-08-13T13:42:39.000Z</time></trkpt>
<trkpt lat="30.62284638513021" lon="104.0675241519516"><ele>488</ele><time>2025-08-13T13:42:40.000Z</time></trkpt>
<trkpt lat="30.62284638513021" lon="104.0675241519516"><ele>488</ele><time>2025-08-13T13:42:41.000Z</time></trkpt>
<trkpt lat="30.62284638513021" lon="104.0675241519516"><ele>488</ele><time>2025-08-13T13:42:42.000Z</time></trkpt>
<trkpt lat="30.62284638513021" lon="104.0675241519516"><ele>488</ele><time>2025-08-13T13:42:43.000Z</time></trkpt>
<trkpt lat="30.62284638513021" lon="104.0675241519516"><ele>488</ele><time>2025-08-13T13:42:44.000Z</time></trkpt>
<trkpt lat="30.62284638513021" lon="104.0675241519516"><ele>488</ele><time>2025-08-13T13:42:45.000Z</time></trkpt>
<trkpt lat="30.62284638513021" lon="104.0675241519516"><ele>487</ele><time>2025-08-13T13:42:46.000Z</time></trkpt>
<trkpt lat="30.62284638513021" lon="104.0675241519516"><ele>487</ele><time>2025-08-13T13:42:47.000Z</time></trkpt>
<trkpt lat="30.62284638513021" lon="104.0675241519516"><ele>487</ele><time>2025-08-13T13:42:48.000Z</time></trkpt>
<trkpt lat="30.62284638513021" lon="104.0675241519516"><ele>487</ele><time>2025-08-13T13:42:49.000Z</time></trkpt>
<trkpt lat="30.62284638513021" lon="104.0675241519516"><ele>487</ele><time>2025-08-13T13:42:50.000Z</time></trkpt>
<trkpt lat="30.62284638513021" lon="104.0675241519516"><ele>485</ele><time>2025-08-13T13:42:51.000Z</time></trkpt>
<trkpt lat="30.62284638513021" lon="104.0675241519516"><ele>484</ele><time>2025-08-13T13:42:52.000Z</time></trkpt>
<trkpt lat="30.62284638513021" lon="104.0675241519516"><ele>484</ele><time>2025-08-13T13:42:53.000Z</time></trkpt>
<trkpt lat="30.62284638513021" lon="104.0675241519516"><ele>483</ele><time>2025-08-13T13:42:54.000Z</time></trkpt>
<trkpt lat="30.62284638513021" lon="104.0675241519516"><ele>484</ele><time>2025-08-13T13:42:55.000Z</time></trkpt>
<trkpt lat="30.62284638513021" lon="104.0675241519516"><ele>484</ele><time>2025-08-13T13:42:56.000Z</time></trkpt>
<trkpt lat="30.62284638513021" lon="104.0675241519516"><ele>484</ele><time>2025-08-13T13:42:57.000Z</time></trkpt>
<trkpt lat="30.62284638513021" lon="104.0675241519516"><ele>484</ele><time>2025-08-13T13:42:58.000Z</time></trkpt>
<trkpt lat="30.62284638513021" lon="104.0675241519516"><ele>484</ele><time>2025-08-13T13:42:59.000Z</time></trkpt>
<trkpt lat="30.62284638513021" lon="104.0675241519516"><ele>484</ele><time>2025-08-13T13:43:00.000Z</time></trkpt>
<trkpt lat="30.62284638513021" lon="104.0675241519516"><ele>484</ele><time>2025-08-13T13:43:01.000Z</time></trkpt>
<trkpt lat="30.62284638513021" lon="104.0675241519516"><ele>484</ele><time>2025-08-13T13:43:02.000Z</time></trkpt>
<trkpt lat="30.62284638513021" lon="104.0675241519516"><ele>484</ele><time>2025-08-13T13:43:03.000Z</time></trkpt>
<trkpt lat="30.62284638513021" lon="104.0675241519516"><ele>483</ele><time>2025-08-13T13:43:04.000Z</time></trkpt>
<trkpt lat="30.62284638513021" lon="104.0675241519516"><ele>482</ele><time>2025-08-13T13:43:05.000Z</time></trkpt>
<trkpt lat="30.62284638513021" lon="104.0675241519516"><ele>481</ele><time>2025-08-13T13:43:06.000Z</time></trkpt>
<trkpt lat="30.62284638513021" lon="104.0675241519516"><ele>481</ele><time>2025-08-13T13:43:07.000Z</time></trkpt>
<trkpt lat="30.62284638513021" lon="104.0675241519516"><ele>480</ele><time>2025-08-13T13:43:08.000Z</time></trkpt>
<trkpt lat="30.62284638513021" lon="104.0675241519516"><ele>480</ele><time>2025-08-13T13:43:09.000Z</time></trkpt>
<trkpt lat="30.62284638513021" lon="104.0675241519516"><ele>479</ele><time>2025-08-13T13:43:10.000Z</time></trkpt>
<trkpt lat="30.62284638513021" lon="104.0675241519516"><ele>479</ele><time>2025-08-13T13:43:11.000Z</time></trkpt>
<trkpt lat="30.62284638513021" lon="104.0675241519516"><ele>478</ele><time>2025-08-13T13:43:12.000Z</time></trkpt>
<trkpt lat="30.62284638513021" lon="104.0675241519516"><ele>477</ele><time>2025-08-13T13:43:13.000Z</time></trkpt>
<trkpt lat="30.62284638513021" lon="104.0675241519516"><ele>477</ele><time>2025-08-13T13:43:14.000Z</time></trkpt>
<trkpt lat="30.62284638513021" lon="104.0675241519516"><ele>476</ele><time>2025-08-13T13:43:15.000Z</time></trkpt>
<trkpt lat="30.62284638513021" lon="104.0675241519516"><ele>474</ele><time>2025-08-13T13:43:16.000Z</time></trkpt>
<trkpt lat="30.62284638513021" lon="104.0675241519516"><ele>473</ele><time>2025-08-13T13:43:17.000Z</time></trkpt>
<trkpt lat="30.62284638513021" lon="104.0675241519516"><ele>473</ele><time>2025-08-13T13:43:18.000Z</time></trkpt>
<trkpt lat="30.62284638513021" lon="104.0675241519516"><ele>473</ele><time>2025-08-13T13:43:19.000Z</time></trkpt>
<trkpt lat="30.62284638513021" lon="104.0675241519516"><ele>474</ele><time>2025-08-13T13:43:20.000Z</time></trkpt>
<trkpt lat="30.62284638513021" lon="104.0675241519516"><ele>473</ele><time>2025-08-13T13:43:21.000Z</time></trkpt>
<trkpt lat="30.62284638513021" lon="104.0675241519516"><ele>473</ele><time>2025-08-13T13:43:22.000Z</time></trkpt>
<trkpt lat="30.62284638513021" lon="104.0675241519516"><ele>473</ele><time>2025-08-13T13:43:23.000Z</time></trkpt>
<trkpt lat="30.62284638513021" lon="104.0675241519516"><ele>473</ele><time>2025-08-13T13:43:24.000Z</time></trkpt>
<trkpt lat="30.62284638513021" lon="104.0675241519516"><ele>474</ele><time>2025-08-13T13:43:25.000Z</time></trkpt>
<trkpt lat="30.62284638513021" lon="104.0675241519516"><ele>474</ele><time>2025-08-13T13:43:26.000Z</time></trkpt>
<trkpt lat="30.62284638513021" lon="104.0675241519516"><ele>475</ele><time>2025-08-13T13:43:27.000Z</time></trkpt>
<trkpt lat="30.62284638513021" lon="104.0675241519516"><ele>476</ele><time>2025-08-13T13:43:28.000Z</time></trkpt>
<trkpt lat="30.62284638513021" lon="104.0675241519516"><ele>476</ele><time>2025-08-13T13:43:29.000Z</time></trkpt>
<trkpt lat="30.62284638513021" lon="104.0675241519516"><ele>476</ele><time>2025-08-13T13:43:30.000Z</time></trkpt>
<trkpt lat="30.62284638513021" lon="104.0675241519516"><ele>477</ele><time>2025-08-13T13:43:31.000Z</time></trkpt>
<trkpt lat="30.62284638513021" lon="104.0675241519516"><ele>477</ele><time>2025-08-13T13:43:32.000Z</time></trkpt>
<trkpt lat="30.62284638513021" lon="104.0675241519516"><ele>477</ele><time>2025-08-13T13:43:33.000Z</time></trkpt>
<trkpt lat="30.62284638513021" lon="104.0675241519516"><ele>478</ele><time>2025-08-13T13:43:34.000Z</time></trkpt>
<trkpt lat="30.62284638513021" lon="104.0675241519516"><ele>478</ele><time>2025-08-13T13:43:35.000Z</time></trkpt>
<trkpt lat="30.62284638513021" lon="104.0675241519516"><ele>478</ele><time>2025-08-13T13:43:36.000Z</time></trkpt>
<trkpt lat="30.62284638513021" lon="104.0675241519516"><ele>478</ele><time>2025-08-13T13:43:37.000Z</time></trkpt>
<trkpt lat="30.62284638513021" lon="104.0675241519516"><ele>478</ele><time>2025-08-13T13:43:38.000Z</time></trkpt>
<trkpt lat="30.62284638513021" lon="104.0675241519516"><ele>478</ele><time>2025-08-13T13:43:39.000Z</time></trkpt>
<trkpt lat="30.62284638513021" lon="104.0675241519516"><ele>478</ele><time>2025-08-13T13:43:40.000Z</time></trkpt>
<trkpt lat="30.62284638513021" lon="104.0675241519516"><ele>479</ele><time>2025-08-13T13:43:41.000Z</time></trkpt>
<trkpt lat="30.62284638513021" lon="104.0675241519516"><ele>479</ele><time>2025-08-13T13:43:42.000Z</time></trkpt>
<trkpt lat="30.62284638513021" lon="104.0675241519516"><ele>479</ele><time>2025-08-13T13:43:43.000Z</time></trkpt>
<trkpt lat="30.62284638513021" lon="104.0675241519516"><ele>479</ele><time>2025-08-13T13:43:44.000Z</time></trkpt>
<trkpt lat="30.62284638513021" lon="104.0675241519516"><ele>480</ele><time>2025-08-13T13:43:45.000Z</time></trkpt>
<trkpt lat="30.62284638513021" lon="104.0675241519516"><ele>480</ele><time>2025-08-13T13:43:46.000Z</time></trkpt>
<trkpt lat="30.62284638513021" lon="104.0675241519516"><ele>480</ele><time>2025-08-13T13:43:47.000Z</time></trkpt>
<trkpt lat="30.62284638513021" lon="104.0675241519516"><ele>480</ele><time>2025-08-13T13:43:48.000Z</time></trkpt>
<trkpt lat="30.62284638513021" lon="104.0675241519516"><ele>480</ele><time>2025-08-13T13:43:49.000Z</time></trkpt>
<trkpt lat="30.62284638513021" lon="104.0675241519516"><ele>480</ele><time>2025-08-13T13:43:50.000Z</time></trkpt>
<trkpt lat="30.62284638513021" lon="104.0675241519516"><ele>481</ele><time>2025-08-13T13:43:51.000Z</time></trkpt>
<trkpt lat="30.62284638513021" lon="104.0675241519516"><ele>481</ele><time>2025-08-13T13:43:52.000Z</time></trkpt>
<trkpt lat="30.62284638513021" lon="104.0675241519516"><ele>481</ele><time>2025-08-13T13:43:53.000Z</time></trkpt>
<trkpt lat="30.62284638513021" lon="104.0675241519516"><ele>481</ele><time>2025-08-13T13:43:54.000Z</time></trkpt>
<trkpt lat="30.62284638513021" lon="104.0675241519516"><ele>481</ele><time>2025-08-13T13:43:55.000Z</time></trkpt>
<trkpt lat="30.62284638513021" lon="104.0675241519516"><ele>482</ele><time>2025-08-13T13:43:56.000Z</time></trkpt>
<trkpt lat="30.62284638513021" lon="104.0675241519516"><ele>482</ele><time>2025-08-13T13:43:57.000Z</time></trkpt>
<trkpt lat="30.62284638513021" lon="104.0675241519516"><ele>482</ele><time>2025-08-13T13:43:58.000Z</time></trkpt>
<trkpt lat="30.62284638513021" lon="104.0675241519516"><ele>482</ele><time>2025-08-13T13:43:59.000Z</time></trkpt>
<trkpt lat="30.62284638513021" lon="104.0675241519516"><ele>482</ele><time>2025-08-13T13:44:00.000Z</time></trkpt>
<trkpt lat="30.62284638513021" lon="104.0675241519516"><ele>482</ele><time>2025-08-13T13:44:01.000Z</time></trkpt>
<trkpt lat="30.62284638513021" lon="104.0675241519516"><ele>482</ele><time>2025-08-13T13:44:02.000Z</time></trkpt>
<trkpt lat="30.62284638513021" lon="104.0675241519516"><ele>482</ele><time>2025-08-13T13:44:03.000Z</time></trkpt>
<trkpt lat="30.62284638513021" lon="104.0675241519516"><ele>482</ele><time>2025-08-13T13:44:04.000Z</time></trkpt>
<trkpt lat="30.62284638513021" lon="104.0675241519516"><ele>482</ele><time>2025-08-13T13:44:05.000Z</time></trkpt>
<trkpt lat="30.62284638513021" lon="104.0675241519516"><ele>482</ele><time>2025-08-13T13:44:06.000Z</time></trkpt>
<trkpt lat="30.62284638513021" lon="104.0675241519516"><ele>482</ele><time>2025-08-13T13:44:07.000Z</time></trkpt>
<trkpt lat="30.62284638513021" lon="104.0675241519516"><ele>482</ele><time>2025-08-13T13:44:08.000Z</time></trkpt>
<trkpt lat="30.62284638513021" lon="104.0675241519516"><ele>483</ele><time>2025-08-13T13:44:09.000Z</time></trkpt>
<trkpt lat="30.62284638513021" lon="104.0675241519516"><ele>483</ele><time>2025-08-13T13:44:10.000Z</time></trkpt>
<trkpt lat="30.62284638513021" lon="104.0675241519516"><ele>483</ele><time>2025-08-13T13:44:11.000Z</time></trkpt>
<trkpt lat="30.62284638513021" lon="104.0675241519516"><ele>483</ele><time>2025-08-13T13:44:12.000Z</time></trkpt>
<trkpt lat="30.62284638513021" lon="104.0675241519516"><ele>483</ele><time>2025-08-13T13:44:13.000Z</time></trkpt>
<trkpt lat="30.62284638513021" lon="104.0675241519516"><ele>483</ele><time>2025-08-13T13:44:14.000Z</time></trkpt>
<trkpt lat="30.62284638513021" lon="104.0675241519516"><ele>483</ele><time>2025-08-13T13:44:15.000Z</time></trkpt>
<trkpt lat="30.62284638513021" lon="104.0675241519516"><ele>483</ele><time>2025-08-13T13:44:16.000Z</time></trkpt>
<trkpt lat="30.62284638513021" lon="104.0675241519516"><ele>483</ele><time>2025-08-13T13:44:17.000Z</time></trkpt>
<trkpt lat="30.62284638513021" lon="104.0675241519516"><ele>484</ele><time>2025-08-13T13:44:18.000Z</time></trkpt>
<trkpt lat="30.62284638513021" lon="104.0675241519516"><ele>484</ele><time>2025-08-13T13:44:19.000Z</time></trkpt>
<trkpt lat="30.62284638513021" lon="104.0675241519516"><ele>484</ele><time>2025-08-13T13:44:20.000Z</time></trkpt>
<trkpt lat="30.62284638513021" lon="104.0675241519516"><ele>484</ele><time>2025-08-13T13:44:21.000Z</time></trkpt>
<trkpt lat="30.62284638513021" lon="104.0675241519516"><ele>484</ele><time>2025-08-13T13:44:22.000Z</time></trkpt>
<trkpt lat="30.62284638513021" lon="104.0675241519516"><ele>485</ele><time>2025-08-13T13:44:23.000Z</time></trkpt>
<trkpt lat="30.62284638513021" lon="104.0675241519516"><ele>484</ele><time>2025-08-13T13:44:24.000Z</time></trkpt>
<trkpt lat="30.62284638513021" lon="104.0675241519516"><ele>484</ele><time>2025-08-13T13:44:25.000Z</time></trkpt>
<trkpt lat="30.62284638513021" lon="104.0675241519516"><ele>484</ele><time>2025-08-13T13:44:26.000Z</time></trkpt>
<trkpt lat="30.62284638513021" lon="104.0675241519516"><ele>484</ele><time>2025-08-13T13:44:27.000Z</time></trkpt>
<trkpt lat="30.62284638513021" lon="104.0675241519516"><ele>484</ele><time>2025-08-13T13:44:28.000Z</time></trkpt>
<trkpt lat="30.62284638513021" lon="104.0675241519516"><ele>484</ele><time>2025-08-13T13:44:29.000Z</time></trkpt>
<trkpt lat="30.62284638513021" lon="104.0675241519516"><ele>485</ele><time>2025-08-13T13:44:30.000Z</time></trkpt>
<trkpt lat="30.62284638513021" lon="104.0675241519516"><ele>485</ele><time>2025-08-13T13:44:31.000Z</time></trkpt>
<trkpt lat="30.62284638513021" lon="104.0675241519516"><ele>484</ele><time>2025-08-13T13:44:32.000Z</time></trkpt>
<trkpt lat="30.62284638513021" lon="104.0675241519516"><ele>484</ele><time>2025-08-13T13:44:33.000Z</time></trkpt>
<trkpt lat="30.62284638513021" lon="104.0675241519516"><ele>484</ele><time>2025-08-13T13:44:34.000Z</time></trkpt>
<trkpt lat="30.62284638513021" lon="104.0675241519516"><ele>485</ele><time>2025-08-13T13:44:35.000Z</time></trkpt>
<trkpt lat="30.62284638513021" lon="104.0675241519516"><ele>484</ele><time>2025-08-13T13:44:36.000Z</time></trkpt>
<trkpt lat="30.62284638513021" lon="104.0675241519516"><ele>485</ele><time>2025-08-13T13:44:37.000Z</time></trkpt>
<trkpt lat="30.62284638513021" lon="104.0675241519516"><ele>484</ele><time>2025-08-13T13:44:38.000Z</time></trkpt>
<trkpt lat="30.62284638513021" lon="104.0675241519516"><ele>484</ele><time>2025-08-13T13:44:39.000Z</time></trkpt>
<trkpt lat="30.62284638513021" lon="104.0675241519516"><ele>484</ele><time>2025-08-13T13:44:40.000Z</time></trkpt>
<trkpt lat="30.62284638513021" lon="104.0675241519516"><ele>484</ele><time>2025-08-13T13:44:41.000Z</time></trkpt>
<trkpt lat="30.62284638513021" lon="104.0675241519516"><ele>485</ele><time>2025-08-13T13:44:42.000Z</time></trkpt>
<trkpt lat="30.62284638513021" lon="104.0675241519516"><ele>485</ele><time>2025-08-13T13:44:43.000Z</time></trkpt>
<trkpt lat="30.62284638513021" lon="104.0675241519516"><ele>485</ele><time>2025-08-13T13:44:44.000Z</time></trkpt>
<trkpt lat="30.62284638513021" lon="104.0675241519516"><ele>485</ele><time>2025-08-13T13:44:45.000Z</time></trkpt>
<trkpt lat="30.62284638513021" lon="104.0675241519516"><ele>485</ele><time>2025-08-13T13:44:46.000Z</time></trkpt>
<trkpt lat="30.62284638513021" lon="104.0675241519516"><ele>486</ele><time>2025-08-13T13:44:47.000Z</time></trkpt>
<trkpt lat="30.62284638513021" lon="104.0675241519516"><ele>486</ele><time>2025-08-13T13:44:48.000Z</time></trkpt>
<trkpt lat="30.62284638513021" lon="104.0675241519516"><ele>486</ele><time>2025-08-13T13:44:49.000Z</time></trkpt>
<trkpt lat="30.62284638513021" lon="104.0675241519516"><ele>487</ele><time>2025-08-13T13:44:50.000Z</time></trkpt>
<trkpt lat="30.62284638513021" lon="104.0675241519516"><ele>486</ele><time>2025-08-13T13:44:51.000Z</time></trkpt>
<trkpt lat="30.62284638513021" lon="104.0675241519516"><ele>486</ele><time>2025-08-13T13:44:52.000Z</time></trkpt>
<trkpt lat="30.62284638513021" lon="104.0675241519516"><ele>486</ele><time>2025-08-13T13:44:53.000Z</time></trkpt>
<trkpt lat="30.62284638513021" lon="104.0675241519516"><ele>486</ele><time>2025-08-13T13:44:54.000Z</time></trkpt>
<trkpt lat="30.62284638513021" lon="104.0675241519516"><ele>486</ele><time>2025-08-13T13:44:55.000Z</time></trkpt>
<trkpt lat="30.62284638513021" lon="104.0675241519516"><ele>486</ele><time>2025-08-13T13:44:56.000Z</time></trkpt>
<trkpt lat="30.62284638513021" lon="104.0675241519516"><ele>486</ele><time>2025-08-13T13:44:57.000Z</time></trkpt>
<trkpt lat="30.62284638513021" lon="104.0675241519516"><ele>486</ele><time>2025-08-13T13:44:58.000Z</time></trkpt>
<trkpt lat="30.62284638513021" lon="104.0675241519516"><ele>486</ele><time>2025-08-13T13:44:59.000Z</time></trkpt>
<trkpt lat="30.62284638513021" lon="104.0675241519516"><ele>486</ele><time>2025-08-13T13:45:00.000Z</time></trkpt>
<trkpt lat="30.62284638513021" lon="104.0675241519516"><ele>486</ele><time>2025-08-13T13:45:01.000Z</time></trkpt>
<trkpt lat="30.62284638513021" lon="104.0675241519516"><ele>486</ele><time>2025-08-13T13:45:02.000Z</time></trkpt>
<trkpt lat="30.62284638513021" lon="104.0675241519516"><ele>486</ele><time>2025-08-13T13:45:03.000Z</time></trkpt>
<trkpt lat="30.62284638513021" lon="104.0675241519516"><ele>486</ele><time>2025-08-13T13:45:04.000Z</time></trkpt>
<trkpt lat="30.62284638513021" lon="104.0675241519516"><ele>486</ele><time>2025-08-13T13:45:05.000Z</time></trkpt>
<trkpt lat="30.62284638513021" lon="104.0675241519516"><ele>486</ele><time>2025-08-13T13:45:06.000Z</time></trkpt>
<trkpt lat="30.62284638513021" lon="104.0675241519516"><ele>486</ele><time>2025-08-13T13:45:07.000Z</time></trkpt>
<trkpt lat="30.62284638513021" lon="104.0675241519516"><ele>486</ele><time>2025-08-13T13:45:08.000Z</time></trkpt>
<trkpt lat="30.62284638513021" lon="104.0675241519516"><ele>486</ele><time>2025-08-13T13:45:09.000Z</time></trkpt>
<trkpt lat="30.62284638513021" lon="104.0675241519516"><ele>486</ele><time>2025-08-13T13:45:10.000Z</time></trkpt>
<trkpt lat="30.62284638513021" lon="104.0675241519516"><ele>486</ele><time>2025-08-13T13:45:11.000Z</time></trkpt>
<trkpt lat="30.62284638513021" lon="104.0675241519516"><ele>486</ele><time>2025-08-13T13:45:12.000Z</time></trkpt>
<trkpt lat="30.62284638513021" lon="104.0675241519516"><ele>487</ele><time>2025-08-13T13:45:13.000Z</time></trkpt>
<trkpt lat="30.62284638513021" lon="104.0675241519516"><ele>487</ele><time>2025-08-13T13:45:14.000Z</time></trkpt>
<trkpt lat="30.62284638513021" lon="104.0675241519516"><ele>487</ele><time>2025-08-13T13:45:15.000Z</time></trkpt>
<trkpt lat="30.62284638513021" lon="104.0675241519516"><ele>487</ele><time>2025-08-13T13:45:16.000Z</time></trkpt>
<trkpt lat="30.62284638513021" lon="104.0675241519516"><ele>487</ele><time>2025-08-13T13:45:17.000Z</time></trkpt>
<trkpt lat="30.62284638513021" lon="104.0675241519516"><ele>487</ele><time>2025-08-13T13:45:18.000Z</time></trkpt>
<trkpt lat="30.62284638513021" lon="104.0675241519516"><ele>487</ele><time>2025-08-13T13:45:19.000Z</time></trkpt>
<trkpt lat="30.62284638513021" lon="104.0675241519516"><ele>487</ele><time>2025-08-13T13:45:20.000Z</time></trkpt>
<trkpt lat="30.62284638513021" lon="104.0675241519516"><ele>488</ele><time>2025-08-13T13:45:21.000Z</time></trkpt>
<trkpt lat="30.62284638513021" lon="104.0675241519516"><ele>489</ele><time>2025-08-13T13:45:22.000Z</time></trkpt>
<trkpt lat="30.62284638513021" lon="104.0675241519516"><ele>489</ele><time>2025-08-13T13:45:23.000Z</time></trkpt>
<trkpt lat="30.62284638513021" lon="104.0675241519516"><ele>489</ele><time>2025-08-13T13:45:24.000Z</time></trkpt>
<trkpt lat="30.62284638513021" lon="104.0675241519516"><ele>489</ele><time>2025-08-13T13:45:25.000Z</time></trkpt>
<trkpt lat="30.62284638513021" lon="104.0675241519516"><ele>489</ele><time>2025-08-13T13:45:26.000Z</time></trkpt>
<trkpt lat="30.62284638513021" lon="104.0675241519516"><ele>489</ele><time>2025-08-13T13:45:27.000Z</time></trkpt>
<trkpt lat="30.62284638513021" lon="104.0675241519516"><ele>490</ele><time>2025-08-13T13:45:28.000Z</time></trkpt>
<trkpt lat="30.62284638513021" lon="104.0675241519516"><ele>489</ele><time>2025-08-13T13:45:29.000Z</time></trkpt>
<trkpt lat="30.62284638513021" lon="104.0675241519516"><ele>490</ele><time>2025-08-13T13:45:30.000Z</time></trkpt>
<trkpt lat="30.62284638513021" lon="104.0675241519516"><ele>490</ele><time>2025-08-13T13:45:31.000Z</time></trkpt>
<trkpt lat="30.62284638513021" lon="104.0675241519516"><ele>490</ele><time>2025-08-13T13:45:32.000Z</time></trkpt>
<trkpt lat="30.62284638513021" lon="104.0675241519516"><ele>490</ele><time>2025-08-13T13:45:33.000Z</time></trkpt>
<trkpt lat="30.62284638513021" lon="104.0675241519516"><ele>491</ele><time>2025-08-13T13:45:34.000Z</time></trkpt>
<trkpt lat="30.62284638513021" lon="104.0675241519516"><ele>491</ele><time>2025-08-13T13:45:35.000Z</time></trkpt>
<trkpt lat="30.62284638513021" lon="104.0675241519516"><ele>491</ele><time>2025-08-13T13:45:36.000Z</time></trkpt>
<trkpt lat="30.62284638513021" lon="104.0675241519516"><ele>490</ele><time>2025-08-13T13:45:37.000Z</time></trkpt>
<trkpt lat="30.62284638513021" lon="104.0675241519516"><ele>490</ele><time>2025-08-13T13:45:38.000Z</time></trkpt>
<trkpt lat="30.62284638513021" lon="104.0675241519516"><ele>490</ele><time>2025-08-13T13:45:39.000Z</time></trkpt>
<trkpt lat="30.62284638513021" lon="104.0675241519516"><ele>490</ele><time>2025-08-13T13:45:40.000Z</time></trkpt>
<trkpt lat="30.62284638513021" lon="104.0675241519516"><ele>490</ele><time>2025-08-13T13:45:41.000Z</time></trkpt>
<trkpt lat="30.62284638513021" lon="104.0675241519516"><ele>490</ele><time>2025-08-13T13:45:42.000Z</time></trkpt>
<trkpt lat="30.62284638513021" lon="104.0675241519516"><ele>491</ele><time>2025-08-13T13:45:43.000Z</time></trkpt>
<trkpt lat="30.62284638513021" lon="104.0675241519516"><ele>491</ele><time>2025-08-13T13:45:44.000Z</time></trkpt>
<trkpt lat="30.62284638513021" lon="104.0675241519516"><ele>491</ele><time>2025-08-13T13:45:45.000Z</time></trkpt>
<trkpt lat="30.62284638513021" lon="104.0675241519516"><ele>491</ele><time>2025-08-13T13:45:46.000Z</time></trkpt>
<trkpt lat="30.62284638513021" lon="104.0675241519516"><ele>490</ele><time>2025-08-13T13:45:47.000Z</time></trkpt>
<trkpt lat="30.62284638513021" lon="104.0675241519516"><ele>490</ele><time>2025-08-13T13:45:48.000Z</time></trkpt>
<trkpt lat="30.62284638513021" lon="104.0675241519516"><ele>498</ele><time>2025-08-13T13:45:49.000Z</time></trkpt>
<trkpt lat="30.62284638513021" lon="104.0675241519516"><ele>499</ele><time>2025-08-13T13:45:50.000Z</time></trkpt>
<trkpt lat="30.62284638513021" lon="104.0675241519516"><ele>491</ele><time>2025-08-13T13:45:56.000Z</time></trkpt>
<trkpt lat="30.62284638513021" lon="104.0675241519516"><ele>491</ele><time>2025-08-13T13:45:57.000Z</time></trkpt>
<trkpt lat="30.62284638513021" lon="104.0675241519516"><ele>491</ele><time>2025-08-13T13:45:58.000Z</time></trkpt>
<trkpt lat="30.62284638513021" lon="104.0675241519516"><ele>491</ele><time>2025-08-13T13:45:59.000Z</time></trkpt>
<trkpt lat="30.62284638513021" lon="104.0675241519516"><ele>491</ele><time>2025-08-13T13:46:00.000Z</time></trkpt>
<trkpt lat="30.62284638513021" lon="104.0675241519516"><ele>491</ele><time>2025-08-13T13:46:01.000Z</time></trkpt>
<trkpt lat="30.62284638513021" lon="104.0675241519516"><ele>499</ele><time>2025-08-13T13:46:09.000Z</time></trkpt>
<trkpt lat="30.62284638513021" lon="104.0675241519516"><ele>491</ele><time>2025-08-13T13:46:10.000Z</time></trkpt>
<trkpt lat="30.62284638513021" lon="104.0675241519516"><ele>490</ele><time>2025-08-13T13:46:11.000Z</time></trkpt>
<trkpt lat="30.62284638513021" lon="104.0675241519516"><ele>491</ele><time>2025-08-13T13:46:12.000Z</time></trkpt>
<trkpt lat="30.62284638513021" lon="104.0675241519516"><ele>491</ele><time>2025-08-13T13:46:13.000Z</time></trkpt>
<trkpt lat="30.62284638513021" lon="104.0675241519516"><ele>491</ele><time>2025-08-13T13:46:14.000Z</time></trkpt>
<trkpt lat="30.62284638513021" lon="104.0675241519516"><ele>491</ele><time>2025-08-13T13:46:15.000Z</time></trkpt>
<trkpt lat="30.62284638513021" lon="104.0675241519516"><ele>498</ele><time>2025-08-13T13:46:16.000Z</time></trkpt>
<trkpt lat="30.62284638513021" lon="104.0675241519516"><ele>491</ele><time>2025-08-13T13:46:17.000Z</time></trkpt>
<trkpt lat="30.62284638513021" lon="104.0675241519516"><ele>491</ele><time>2025-08-13T13:46:18.000Z</time></trkpt>
<trkpt lat="30.62284638513021" lon="104.0675241519516"><ele>491</ele><time>2025-08-13T13:46:19.000Z</time></trkpt>
<trkpt lat="30.62284638513021" lon="104.0675241519516"><ele>491</ele><time>2025-08-13T13:46:20.000Z</time></trkpt>
<trkpt lat="30.62284638513021" lon="104.0675241519516"><ele>493</ele><time>2025-08-13T13:46:21.000Z</time></trkpt>
<trkpt lat="30.62284638513021" lon="104.0675241519516"><ele>493</ele><time>2025-08-13T13:46:22.000Z</time></trkpt>
<trkpt lat="30.62284638513021" lon="104.0675241519516"><ele>494</ele><time>2025-08-13T13:46:23.000Z</time></trkpt>
<trkpt lat="30.62284638513021" lon="104.0675241519516"><ele>492</ele><time>2025-08-13T13:46:24.000Z</time></trkpt>
<trkpt lat="30.62284638513021" lon="104.0675241519516"><ele>492</ele><time>2025-08-13T13:46:25.000Z</time></trkpt>
<trkpt lat="30.62284638513021" lon="104.0675241519516"><ele>492</ele><time>2025-08-13T13:46:26.000Z</time></trkpt>
<trkpt lat="30.62284638513021" lon="104.0675241519516"><ele>492</ele><time>2025-08-13T13:46:27.000Z</time></trkpt>
<trkpt lat="30.62284638513021" lon="104.0675241519516"><ele>492</ele><time>2025-08-13T13:46:28.000Z</time></trkpt>
<trkpt lat="30.62284638513021" lon="104.0675241519516"><ele>492</ele><time>2025-08-13T13:46:29.000Z</time></trkpt>
<trkpt lat="30.62284638513021" lon="104.0675241519516"><ele>492</ele><time>2025-08-13T13:46:30.000Z</time></trkpt>
<trkpt lat="30.62284638513021" lon="104.0675241519516"><ele>492</ele><time>2025-08-13T13:46:31.000Z</time></trkpt>
<trkpt lat="30.62284638513021" lon="104.0675241519516"><ele>492</ele><time>2025-08-13T13:46:32.000Z</time></trkpt>
<trkpt lat="30.62284638513021" lon="104.0675241519516"><ele>492</ele><time>2025-08-13T13:46:33.000Z</time></trkpt>
<trkpt lat="30.62284638513021" lon="104.0675241519516"><ele>492</ele><time>2025-08-13T13:46:34.000Z</time></trkpt>
<trkpt lat="30.62284638513021" lon="104.0675241519516"><ele>492</ele><time>2025-08-13T13:46:35.000Z</time></trkpt>
<trkpt lat="30.62284638513021" lon="104.0675241519516"><ele>492</ele><time>2025-08-13T13:46:36.000Z</time></trkpt>
<trkpt lat="30.62284638513021" lon="104.0675241519516"><ele>492</ele><time>2025-08-13T13:46:37.000Z</time></trkpt>
<trkpt lat="30.62284638513021" lon="104.0675241519516"><ele>492</ele><time>2025-08-13T13:46:38.000Z</time></trkpt>
<trkpt lat="30.62284638513021" lon="104.0675241519516"><ele>492</ele><time>2025-08-13T13:46:39.000Z</time></trkpt>
<trkpt lat="30.62284638513021" lon="104.0675241519516"><ele>492</ele><time>2025-08-13T13:46:40.000Z</time></trkpt>
<trkpt lat="30.62284638513021" lon="104.0675241519516"><ele>492</ele><time>2025-08-13T13:46:41.000Z</time></trkpt>
<trkpt lat="30.62284638513021" lon="104.0675241519516"><ele>492</ele><time>2025-08-13T13:46:42.000Z</time></trkpt>
<trkpt lat="30.62284638513021" lon="104.0675241519516"><ele>492</ele><time>2025-08-13T13:46:43.000Z</time></trkpt>
<trkpt lat="30.62284638513021" lon="104.0675241519516"><ele>492</ele><time>2025-08-13T13:46:44.000Z</time></trkpt>
<trkpt lat="30.62284638513021" lon="104.0675241519516"><ele>492</ele><time>2025-08-13T13:46:45.000Z</time></trkpt>
<trkpt lat="30.62284638513021" lon="104.0675241519516"><ele>492</ele><time>2025-08-13T13:46:46.000Z</time></trkpt>
<trkpt lat="30.62284638513021" lon="104.0675241519516"><ele>492</ele><time>2025-08-13T13:46:47.000Z</time></trkpt>
<trkpt lat="30.62284638513021" lon="104.0675241519516"><ele>492</ele><time>2025-08-13T13:46:48.000Z</time></trkpt>
<trkpt lat="30.62284638513021" lon="104.0675241519516"><ele>492</ele><time>2025-08-13T13:46:49.000Z</time></trkpt>
<trkpt lat="30.62284638513021" lon="104.0675241519516"><ele>492</ele><time>2025-08-13T13:46:50.000Z</time></trkpt>
<trkpt lat="30.62284638513021" lon="104.0675241519516"><ele>492</ele><time>2025-08-13T13:46:51.000Z</time></trkpt>
<trkpt lat="30.62284638513021" lon="104.0675241519516"><ele>492</ele><time>2025-08-13T13:46:52.000Z</time></trkpt>
<trkpt lat="30.62284638513021" lon="104.0675241519516"><ele>492</ele><time>2025-08-13T13:46:53.000Z</time></trkpt>
<trkpt lat="30.62284638513021" lon="104.0675241519516"><ele>492</ele><time>2025-08-13T13:46:54.000Z</time></trkpt>
<trkpt lat="30.62284638513021" lon="104.0675241519516"><ele>492</ele><time>2025-08-13T13:46:55.000Z</time></trkpt>
<trkpt lat="30.62284638513021" lon="104.0675241519516"><ele>492</ele><time>2025-08-13T13:46:56.000Z</time></trkpt>
<trkpt lat="30.62284638513021" lon="104.0675241519516"><ele>492</ele><time>2025-08-13T13:46:57.000Z</time></trkpt>
<trkpt lat="30.62284638513021" lon="104.0675241519516"><ele>492</ele><time>2025-08-13T13:46:58.000Z</time></trkpt>
<trkpt lat="30.62284638513021" lon="104.0675241519516"><ele>492</ele><time>2025-08-13T13:46:59.000Z</time></trkpt>
<trkpt lat="30.62284638513021" lon="104.0675241519516"><ele>492</ele><time>2025-08-13T13:47:00.000Z</time></trkpt>
<trkpt lat="30.62284638513021" lon="104.0675241519516"><ele>492</ele><time>2025-08-13T13:47:01.000Z</time></trkpt>
<trkpt lat="30.62284638513021" lon="104.0675241519516"><ele>492</ele><time>2025-08-13T13:47:02.000Z</time></trkpt>
<trkpt lat="30.62284638513021" lon="104.0675241519516"><ele>492</ele><time>2025-08-13T13:47:03.000Z</time></trkpt>
<trkpt lat="30.62284638513021" lon="104.0675241519516"><ele>492</ele><time>2025-08-13T13:47:04.000Z</time></trkpt>
<trkpt lat="30.62284638513021" lon="104.0675241519516"><ele>492</ele><time>2025-08-13T13:47:05.000Z</time></trkpt>
<trkpt lat="30.62284638513021" lon="104.0675241519516"><ele>492</ele><time>2025-08-13T13:47:06.000Z</time></trkpt>
<trkpt lat="30.62284638513021" lon="104.0675241519516"><ele>492</ele><time>2025-08-13T13:47:07.000Z</time></trkpt>
<trkpt lat="30.62284638513021" lon="104.0675241519516"><ele>492</ele><time>2025-08-13T13:47:08.000Z</time></trkpt>
<trkpt lat="30.62284638513021" lon="104.0675241519516"><ele>492</ele><time>2025-08-13T13:47:09.000Z</time></trkpt>
<trkpt lat="30.62284638513021" lon="104.0675241519516"><ele>492</ele><time>2025-08-13T13:47:10.000Z</time></trkpt>
<trkpt lat="30.62284638513021" lon="104.0675241519516"><ele>492</ele><time>2025-08-13T13:47:11.000Z</time></trkpt>
<trkpt lat="30.62284638513021" lon="104.0675241519516"><ele>492</ele><time>2025-08-13T13:47:12.000Z</time></trkpt>
<trkpt lat="30.62284638513021" lon="104.0675241519516"><ele>492</ele><time>2025-08-13T13:47:13.000Z</time></trkpt>
<trkpt lat="30.62284638513021" lon="104.0675241519516"><ele>492</ele><time>2025-08-13T13:47:14.000Z</time></trkpt>
<trkpt lat="30.62284638513021" lon="104.0675241519516"><ele>492</ele><time>2025-08-13T13:47:15.000Z</time></trkpt>
<trkpt lat="30.62284638513021" lon="104.0675241519516"><ele>492</ele><time>2025-08-13T13:47:16.000Z</time></trkpt>
<trkpt lat="30.62284638513021" lon="104.0675241519516"><ele>492</ele><time>2025-08-13T13:47:17.000Z</time></trkpt>
<trkpt lat="30.62284638513021" lon="104.0675241519516"><ele>492</ele><time>2025-08-13T13:47:18.000Z</time></trkpt>
<trkpt lat="30.62284638513021" lon="104.0675241519516"><ele>492</ele><time>2025-08-13T13:47:19.000Z</time></trkpt>
<trkpt lat="30.62284638513021" lon="104.0675241519516"><ele>492</ele><time>2025-08-13T13:47:20.000Z</time></trkpt>
<trkpt lat="30.62284638513021" lon="104.0675241519516"><ele>492</ele><time>2025-08-13T13:47:21.000Z</time></trkpt>
<trkpt lat="30.62284638513021" lon="104.0675241519516"><ele>492</ele><time>2025-08-13T13:47:22.000Z</time></trkpt>
<trkpt lat="30.62284638513021" lon="104.0675241519516"><ele>492</ele><time>2025-08-13T13:47:23.000Z</time></trkpt>
<trkpt lat="30.62284638513021" lon="104.0675241519516"><ele>492</ele><time>2025-08-13T13:47:24.000Z</time></trkpt>
<trkpt lat="30.62284638513021" lon="104.0675241519516"><ele>480</ele><time>2025-08-13T13:47:25.000Z</time></trkpt>
<trkpt lat="30.62284638513021" lon="104.0675241519516"><ele>480</ele><time>2025-08-13T13:47:26.000Z</time></trkpt>
<trkpt lat="30.62284638513021" lon="104.0675241519516"><ele>480</ele><time>2025-08-13T13:47:27.000Z</time></trkpt>
<trkpt lat="30.62284638513021" lon="104.0675241519516"><ele>480</ele><time>2025-08-13T13:47:28.000Z</time></trkpt>
<trkpt lat="30.62284638513021" lon="104.0675241519516"><ele>481</ele><time>2025-08-13T13:47:29.000Z</time></trkpt>
<trkpt lat="30.62284638513021" lon="104.0675241519516"><ele>481</ele><time>2025-08-13T13:47:30.000Z</time></trkpt>
<trkpt lat="30.62284638513021" lon="104.0675241519516"><ele>481</ele><time>2025-08-13T13:47:31.000Z</time></trkpt>
<trkpt lat="30.62284638513021" lon="104.0675241519516"><ele>482</ele><time>2025-08-13T13:47:32.000Z</time></trkpt>
<trkpt lat="30.62284638513021" lon="104.0675241519516"><ele>482</ele><time>2025-08-13T13:47:33.000Z</time></trkpt>
<trkpt lat="30.62284638513021" lon="104.0675241519516"><ele>482</ele><time>2025-08-13T13:47:34.000Z</time></trkpt>
<trkpt lat="30.62284638513021" lon="104.0675241519516"><ele>483</ele><time>2025-08-13T13:47:35.000Z</time></trkpt>
<trkpt lat="30.62284638513021" lon="104.0675241519516"><ele>483</ele><time>2025-08-13T13:47:36.000Z</time></trkpt>
<trkpt lat="30.62284638513021" lon="104.0675241519516"><ele>484</ele><time>2025-08-13T13:47:37.000Z</time></trkpt>
<trkpt lat="30.62284638513021" lon="104.0675241519516"><ele>484</ele><time>2025-08-13T13:47:38.000Z</time></trkpt>
<trkpt lat="30.62284638513021" lon="104.0675241519516"><ele>484</ele><time>2025-08-13T13:47:39.000Z</time></trkpt>
<trkpt lat="30.62284638513021" lon="104.0675241519516"><ele>485</ele><time>2025-08-13T13:47:40.000Z</time></trkpt>
<trkpt lat="30.62284638513021" lon="104.0675241519516"><ele>485</ele><time>2025-08-13T13:47:41.000Z</time></trkpt>
<trkpt lat="30.62284638513021" lon="104.0675241519516"><ele>485</ele><time>2025-08-13T13:47:42.000Z</time></trkpt>
<trkpt lat="30.62284638513021" lon="104.0675241519516"><ele>486</ele><time>2025-08-13T13:47:43.000Z</time></trkpt>
<trkpt lat="30.62284638513021" lon="104.0675241519516"><ele>486</ele><time>2025-08-13T13:47:44.000Z</time></trkpt>
<trkpt lat="30.62284638513021" lon="104.0675241519516"><ele>486</ele><time>2025-08-13T13:47:45.000Z</time></trkpt>
<trkpt lat="30.62284638513021" lon="104.0675241519516"><ele>486</ele><time>2025-08-13T13:47:46.000Z</time></trkpt>
<trkpt lat="30.62284638513021" lon="104.0675241519516"><ele>486</ele><time>2025-08-13T13:47:47.000Z</time></trkpt>
<trkpt lat="30.62284638513021" lon="104.0675241519516"><ele>487</ele><time>2025-08-13T13:47:48.000Z</time></trkpt>
<trkpt lat="30.62284638513021" lon="104.0675241519516"><ele>487</ele><time>2025-08-13T13:47:49.000Z</time></trkpt>
<trkpt lat="30.62284638513021" lon="104.0675241519516"><ele>487</ele><time>2025-08-13T13:47:50.000Z</time></trkpt>
<trkpt lat="30.62284638513021" lon="104.0675241519516"><ele>487</ele><time>2025-08-13T13:47:51.000Z</time></trkpt>
<trkpt lat="30.62284638513021" lon="104.0675241519516"><ele>488</ele><time>2025-08-13T13:47:52.000Z</time></trkpt>
<trkpt lat="30.62284638513021" lon="104.0675241519516"><ele>488</ele><time>2025-08-13T13:47:53.000Z</time></trkpt>
<trkpt lat="30.62284638513021" lon="104.0675241519516"><ele>488</ele><time>2025-08-13T13:47:54.000Z</time></trkpt>
<trkpt lat="30.62284638513021" lon="104.0675241519516"><ele>488</ele><time>2025-08-13T13:47:55.000Z</time></trkpt>
<trkpt lat="30.62284638513021" lon="104.0675241519516"><ele>488</ele><time>2025-08-13T13:47:56.000Z</time></trkpt>
<trkpt lat="30.62284638513021" lon="104.0675241519516"><ele>488</ele><time>2025-08-13T13:47:57.000Z</time></trkpt>
<trkpt lat="30.62284638513021" lon="104.0675241519516"><ele>487</ele><time>2025-08-13T13:47:58.000Z</time></trkpt>
<trkpt lat="30.62284638513021" lon="104.0675241519516"><ele>487</ele><time>2025-08-13T13:47:59.000Z</time></trkpt>
<trkpt lat="30.62284638513021" lon="104.0675241519516"><ele>487</ele><time>2025-08-13T13:48:00.000Z</time></trkpt>
<trkpt lat="30.62284638513021" lon="104.0675241519516"><ele>487</ele><time>2025-08-13T13:48:01.000Z</time></trkpt>
<trkpt lat="30.62284638513021" lon="104.0675241519516"><ele>486</ele><time>2025-08-13T13:48:02.000Z</time></trkpt>
<trkpt lat="30.62284638513021" lon="104.0675241519516"><ele>487</ele><time>2025-08-13T13:48:03.000Z</time></trkpt>
<trkpt lat="30.62284638513021" lon="104.0675241519516"><ele>487</ele><time>2025-08-13T13:48:04.000Z</time></trkpt>
<trkpt lat="30.62284638513021" lon="104.0675241519516"><ele>487</ele><time>2025-08-13T13:48:05.000Z</time></trkpt>
<trkpt lat="30.62284638513021" lon="104.0675241519516"><ele>487</ele><time>2025-08-13T13:48:06.000Z</time></trkpt>
<trkpt lat="30.62284638513021" lon="104.0675241519516"><ele>487</ele><time>2025-08-13T13:48:07.000Z</time></trkpt>
<trkpt lat="30.62284638513021" lon="104.0675241519516"><ele>487</ele><time>2025-08-13T13:48:08.000Z</time></trkpt>
<trkpt lat="30.62284638513021" lon="104.0675241519516"><ele>487</ele><time>2025-08-13T13:48:09.000Z</time></trkpt>
<trkpt lat="30.62284638513021" lon="104.0675241519516"><ele>488</ele><time>2025-08-13T13:48:10.000Z</time></trkpt>
<trkpt lat="30.62284638513021" lon="104.0675241519516"><ele>488</ele><time>2025-08-13T13:48:11.000Z</time></trkpt>
<trkpt lat="30.62284638513021" lon="104.0675241519516"><ele>488</ele><time>2025-08-13T13:48:12.000Z</time></trkpt>
<trkpt lat="30.62284638513021" lon="104.0675241519516"><ele>488</ele><time>2025-08-13T13:48:13.000Z</time></trkpt>
<trkpt lat="30.62284638513021" lon="104.0675241519516"><ele>488</ele><time>2025-08-13T13:48:14.000Z</time></trkpt>
<trkpt lat="30.62284638513021" lon="104.0675241519516"><ele>488</ele><time>2025-08-13T13:48:15.000Z</time></trkpt>
<trkpt lat="30.62284638513021" lon="104.0675241519516"><ele>488</ele><time>2025-08-13T13:48:16.000Z</time></trkpt>
<trkpt lat="30.62284638513021" lon="104.0675241519516"><ele>488</ele><time>2025-08-13T13:48:17.000Z</time></trkpt>
<trkpt lat="30.62284638513021" lon="104.0675241519516"><ele>488</ele><time>2025-08-13T13:48:18.000Z</time></trkpt>
<trkpt lat="30.62284638513021" lon="104.0675241519516"><ele>488</ele><time>2025-08-13T13:48:19.000Z</time></trkpt>
<trkpt lat="30.62284638513021" lon="104.0675241519516"><ele>488</ele><time>2025-08-13T13:48:20.000Z</time></trkpt>
<trkpt lat="30.62284638513021" lon="104.0675241519516"><ele>489</ele><time>2025-08-13T13:48:21.000Z</time></trkpt>
<trkpt lat="30.62284638513021" lon="104.0675241519516"><ele>489</ele><time>2025-08-13T13:48:22.000Z</time></trkpt>
<trkpt lat="30.62284638513021" lon="104.0675241519516"><ele>489</ele><time>2025-08-13T13:48:23.000Z</time></trkpt>
<trkpt lat="30.62284638513021" lon="104.0675241519516"><ele>488</ele><time>2025-08-13T13:48:24.000Z</time></trkpt>
<trkpt lat="30.62284638513021" lon="104.0675241519516"><ele>488</ele><time>2025-08-13T13:48:25.000Z</time></trkpt>
<trkpt lat="30.62284638513021" lon="104.0675241519516"><ele>489</ele><time>2025-08-13T13:48:26.000Z</time></trkpt>
<trkpt lat="30.62284638513021" lon="104.0675241519516"><ele>488</ele><time>2025-08-13T13:48:27.000Z</time></trkpt>
<trkpt lat="30.62284638513021" lon="104.0675241519516"><ele>489</ele><time>2025-08-13T13:48:28.000Z</time></trkpt>
<trkpt lat="30.62284638513021" lon="104.0675241519516"><ele>489</ele><time>2025-08-13T13:48:29.000Z</time></trkpt>
<trkpt lat="30.62284638513021" lon="104.0675241519516"><ele>489</ele><time>2025-08-13T13:48:30.000Z</time></trkpt>
<trkpt lat="30.62284638513021" lon="104.0675241519516"><ele>489</ele><time>2025-08-13T13:48:31.000Z</time></trkpt>
<trkpt lat="30.62284638513021" lon="104.0675241519516"><ele>490</ele><time>2025-08-13T13:48:32.000Z</time></trkpt>
<trkpt lat="30.62284638513021" lon="104.0675241519516"><ele>490</ele><time>2025-08-13T13:48:33.000Z</time></trkpt>
<trkpt lat="30.62284638513021" lon="104.0675241519516"><ele>489</ele><time>2025-08-13T13:48:34.000Z</time></trkpt>
<trkpt lat="30.62284638513021" lon="104.0675241519516"><ele>489</ele><time>2025-08-13T13:48:35.000Z</time></trkpt>
<trkpt lat="30.62284638513021" lon="104.0675241519516"><ele>489</ele><time>2025-08-13T13:48:36.000Z</time></trkpt>
<trkpt lat="30.62284638513021" lon="104.0675241519516"><ele>489</ele><time>2025-08-13T13:48:37.000Z</time></trkpt>
<trkpt lat="30.62284638513021" lon="104.0675241519516"><ele>489</ele><time>2025-08-13T13:48:38.000Z</time></trkpt>
<trkpt lat="30.62284638513021" lon="104.0675241519516"><ele>489</ele><time>2025-08-13T13:48:39.000Z</time></trkpt>
<trkpt lat="30.62284638513021" lon="104.0675241519516"><ele>489</ele><time>2025-08-13T13:48:40.000Z</time></trkpt>
<trkpt lat="30.62284638513021" lon="104.0675241519516"><ele>489</ele><time>2025-08-13T13:48:41.000Z</time></trkpt>
<trkpt lat="30.62284638513021" lon="104.0675241519516"><ele>489</ele><time>2025-08-13T13:48:42.000Z</time></trkpt>
<trkpt lat="30.62284638513021" lon="104.0675241519516"><ele>489</ele><time>2025-08-13T13:48:43.000Z</time></trkpt>
<trkpt lat="30.62284638513021" lon="104.0675241519516"><ele>489</ele><time>2025-08-13T13:48:44.000Z</time></trkpt>
<trkpt lat="30.62284638513021" lon="104.0675241519516"><ele>489</ele><time>2025-08-13T13:48:45.000Z</time></trkpt>
<trkpt lat="30.62284638513021" lon="104.0675241519516"><ele>489</ele><time>2025-08-13T13:48:46.000Z</time></trkpt>
<trkpt lat="30.62284638513021" lon="104.0675241519516"><ele>488</ele><time>2025-08-13T13:48:47.000Z</time></trkpt>
<trkpt lat="30.62284638513021" lon="104.0675241519516"><ele>488</ele><time>2025-08-13T13:48:48.000Z</time></trkpt>
<trkpt lat="30.62284638513021" lon="104.0675241519516"><ele>488</ele><time>2025-08-13T13:48:49.000Z</time></trkpt>
<trkpt lat="30.62284638513021" lon="104.0675241519516"><ele>488</ele><time>2025-08-13T13:48:50.000Z</time></trkpt>
<trkpt lat="30.62284638513021" lon="104.0675241519516"><ele>488</ele><time>2025-08-13T13:48:51.000Z</time></trkpt>
<trkpt lat="30.62284638513021" lon="104.0675241519516"><ele>488</ele><time>2025-08-13T13:48:52.000Z</time></trkpt>
<trkpt lat="30.62284638513021" lon="104.0675241519516"><ele>487</ele><time>2025-08-13T13:48:53.000Z</time></trkpt>
<trkpt lat="30.62284638513021" lon="104.0675241519516"><ele>487</ele><time>2025-08-13T13:48:54.000Z</time></trkpt>
<trkpt lat="30.62284638513021" lon="104.0675241519516"><ele>487</ele><time>2025-08-13T13:48:55.000Z</time></trkpt>
<trkpt lat="30.62284638513021" lon="104.0675241519516"><ele>487</ele><time>2025-08-13T13:48:56.000Z</time></trkpt>
<trkpt lat="30.62284638513021" lon="104.0675241519516"><ele>487</ele><time>2025-08-13T13:48:57.000Z</time></trkpt>
<trkpt lat="30.62284638513021" lon="104.0675241519516"><ele>487</ele><time>2025-08-13T13:48:58.000Z</time></trkpt>
<trkpt lat="30.62284638513021" lon="104.0675241519516"><ele>487</ele><time>2025-08-13T13:48:59.000Z</time></trkpt>
<trkpt lat="30.62284638513021" lon="104.0675241519516"><ele>487</ele><time>2025-08-13T13:49:00.000Z</time></trkpt>
<trkpt lat="30.62284638513021" lon="104.0675241519516"><ele>488</ele><time>2025-08-13T13:49:01.000Z</time></trkpt>
<trkpt lat="30.62284638513021" lon="104.0675241519516"><ele>488</ele><time>2025-08-13T13:49:02.000Z</time></trkpt>
<trkpt lat="30.62284638513021" lon="104.0675241519516"><ele>488</ele><time>2025-08-13T13:49:03.000Z</time></trkpt>
<trkpt lat="30.62284638513021" lon="104.0675241519516"><ele>489</ele><time>2025-08-13T13:49:04.000Z</time></trkpt>
<trkpt lat="30.62284638513021" lon="104.0675241519516"><ele>489</ele><time>2025-08-13T13:49:05.000Z</time></trkpt>
<trkpt lat="30.62284638513021" lon="104.0675241519516"><ele>489</ele><time>2025-08-13T13:49:06.000Z</time></trkpt>
<trkpt lat="30.62284638513021" lon="104.0675241519516"><ele>489</ele><time>2025-08-13T13:49:07.000Z</time></trkpt>
<trkpt lat="30.62284638513021" lon="104.0675241519516"><ele>490</ele><time>2025-08-13T13:49:08.000Z</time></trkpt>
<trkpt lat="30.62284638513021" lon="104.0675241519516"><ele>490</ele><time>2025-08-13T13:49:09.000Z</time></trkpt>
<trkpt lat="30.62284638513021" lon="104.0675241519516"><ele>490</ele><time>2025-08-13T13:49:10.000Z</time></trkpt>
<trkpt lat="30.62284638513021" lon="104.0675241519516"><ele>489</ele><time>2025-08-13T13:49:11.000Z</time></trkpt>
<trkpt lat="30.62284638513021" lon="104.0675241519516"><ele>488</ele><time>2025-08-13T13:49:12.000Z</time></trkpt>
<trkpt lat="30.62284638513021" lon="104.0675241519516"><ele>488</ele><time>2025-08-13T13:49:13.000Z</time></trkpt>
<trkpt lat="30.62284638513021" lon="104.0675241519516"><ele>489</ele><time>2025-08-13T13:49:14.000Z</time></trkpt>
<trkpt lat="30.62284638513021" lon="104.0675241519516"><ele>489</ele><time>2025-08-13T13:49:15.000Z</time></trkpt>
<trkpt lat="30.62284638513021" lon="104.0675241519516"><ele>488</ele><time>2025-08-13T13:49:16.000Z</time></trkpt>
<trkpt lat="30.62284638513021" lon="104.0675241519516"><ele>488</ele><time>2025-08-13T13:49:17.000Z</time></trkpt>
<trkpt lat="30.62284638513021" lon="104.0675241519516"><ele>488</ele><time>2025-08-13T13:49:18.000Z</time></trkpt>
<trkpt lat="30.62284638513021" lon="104.0675241519516"><ele>488</ele><time>2025-08-13T13:49:19.000Z</time></trkpt>
<trkpt lat="30.62284638513021" lon="104.0675241519516"><ele>488</ele><time>2025-08-13T13:49:20.000Z</time></trkpt>
<trkpt lat="30.62284638513021" lon="104.0675241519516"><ele>487</ele><time>2025-08-13T13:49:21.000Z</time></trkpt>
<trkpt lat="30.62284638513021" lon="104.0675241519516"><ele>487</ele><time>2025-08-13T13:49:22.000Z</time></trkpt>
<trkpt lat="30.62284638513021" lon="104.0675241519516"><ele>487</ele><time>2025-08-13T13:49:23.000Z</time></trkpt>
<trkpt lat="30.62284638513021" lon="104.0675241519516"><ele>486</ele><time>2025-08-13T13:49:24.000Z</time></trkpt>
<trkpt lat="30.62284638513021" lon="104.0675241519516"><ele>487</ele><time>2025-08-13T13:49:25.000Z</time></trkpt>
<trkpt lat="30.62284638513021" lon="104.0675241519516"><ele>486</ele><time>2025-08-13T13:49:26.000Z</time></trkpt>
<trkpt lat="30.62284638513021" lon="104.0675241519516"><ele>486</ele><time>2025-08-13T13:49:27.000Z</time></trkpt>
<trkpt lat="30.62284638513021" lon="104.0675241519516"><ele>486</ele><time>2025-08-13T13:49:28.000Z</time></trkpt>
<trkpt lat="30.62284638513021" lon="104.0675241519516"><ele>486</ele><time>2025-08-13T13:49:29.000Z</time></trkpt>
<trkpt lat="30.62284638513021" lon="104.0675241519516"><ele>486</ele><time>2025-08-13T13:49:30.000Z</time></trkpt>
<trkpt lat="30.62284638513021" lon="104.0675241519516"><ele>486</ele><time>2025-08-13T13:49:31.000Z</time></trkpt>
<trkpt lat="30.62284638513021" lon="104.0675241519516"><ele>486</ele><time>2025-08-13T13:49:32.000Z</time></trkpt>
<trkpt lat="30.62284638513021" lon="104.0675241519516"><ele>486</ele><time>2025-08-13T13:49:33.000Z</time></trkpt>
<trkpt lat="30.62284638513021" lon="104.0675241519516"><ele>486</ele><time>2025-08-13T13:49:34.000Z</time></trkpt>
<trkpt lat="30.62284638513021" lon="104.0675241519516"><ele>487</ele><time>2025-08-13T13:49:35.000Z</time></trkpt>
<trkpt lat="30.62284638513021" lon="104.0675241519516"><ele>487</ele><time>2025-08-13T13:49:36.000Z</time></trkpt>
<trkpt lat="30.62284638513021" lon="104.0675241519516"><ele>486</ele><time>2025-08-13T13:49:37.000Z</time></trkpt>
<trkpt lat="30.62284638513021" lon="104.0675241519516"><ele>486</ele><time>2025-08-13T13:49:38.000Z</time></trkpt>
<trkpt lat="30.62284638513021" lon="104.0675241519516"><ele>486</ele><time>2025-08-13T13:49:39.000Z</time></trkpt>
<trkpt lat="30.62284638513021" lon="104.0675241519516"><ele>486</ele><time>2025-08-13T13:49:40.000Z</time></trkpt>
<trkpt lat="30.62284638513021" lon="104.0675241519516"><ele>486</ele><time>2025-08-13T13:49:41.000Z</time></trkpt>
<trkpt lat="30.62284638513021" lon="104.0675241519516"><ele>486</ele><time>2025-08-13T13:49:42.000Z</time></trkpt>
<trkpt lat="30.62284638513021" lon="104.0675241519516"><ele>486</ele><time>2025-08-13T13:49:43.000Z</time></trkpt>
<trkpt lat="30.62284638513021" lon="104.0675241519516"><ele>486</ele><time>2025-08-13T13:49:44.000Z</time></trkpt>
<trkpt lat="30.62284638513021" lon="104.0675241519516"><ele>486</ele><time>2025-08-13T13:49:45.000Z</time></trkpt>
<trkpt lat="30.62284638513021" lon="104.0675241519516"><ele>486</ele><time>2025-08-13T13:49:46.000Z</time></trkpt>
<trkpt lat="30.62284638513021" lon="104.0675241519516"><ele>486</ele><time>2025-08-13T13:49:47.000Z</time></trkpt>
<trkpt lat="30.62284638513021" lon="104.0675241519516"><ele>485</ele><time>2025-08-13T13:49:48.000Z</time></trkpt>
<trkpt lat="30.62284638513021" lon="104.0675241519516"><ele>484</ele><time>2025-08-13T13:49:49.000Z</time></trkpt>
<trkpt lat="30.62284638513021" lon="104.0675241519516"><ele>484</ele><time>2025-08-13T13:49:50.000Z</time></trkpt>
<trkpt lat="30.62284638513021" lon="104.0675241519516"><ele>484</ele><time>2025-08-13T13:49:51.000Z</time></trkpt>
<trkpt lat="30.62284638513021" lon="104.0675241519516"><ele>485</ele><time>2025-08-13T13:49:52.000Z</time></trkpt>
<trkpt lat="30.62284638513021" lon="104.0675241519516"><ele>484</ele><time>2025-08-13T13:49:53.000Z</time></trkpt>
<trkpt lat="30.62284638513021" lon="104.0675241519516"><ele>484</ele><time>2025-08-13T13:49:54.000Z</time></trkpt>
<trkpt lat="30.62284638513021" lon="104.0675241519516"><ele>485</ele><time>2025-08-13T13:49:55.000Z</time></trkpt>
<trkpt lat="30.62284638513021" lon="104.0675241519516"><ele>484</ele><time>2025-08-13T13:49:56.000Z</time></trkpt>
<trkpt lat="30.62284638513021" lon="104.0675241519516"><ele>484</ele><time>2025-08-13T13:49:57.000Z</time></trkpt>
<trkpt lat="30.62284638513021" lon="104.0675241519516"><ele>484</ele><time>2025-08-13T13:49:58.000Z</time></trkpt>
<trkpt lat="30.62284638513021" lon="104.0675241519516"><ele>485</ele><time>2025-08-13T13:49:59.000Z</time></trkpt>
<trkpt lat="30.62284638513021" lon="104.0675241519516"><ele>484</ele><time>2025-08-13T13:50:00.000Z</time></trkpt>
<trkpt lat="30.62284638513021" lon="104.0675241519516"><ele>484</ele><time>2025-08-13T13:50:01.000Z</time></trkpt>
<trkpt lat="30.62284638513021" lon="104.0675241519516"><ele>484</ele><time>2025-08-13T13:50:02.000Z</time></trkpt>
<trkpt lat="30.62284638513021" lon="104.0675241519516"><ele>484</ele><time>2025-08-13T13:50:03.000Z</time></trkpt>
<trkpt lat="30.62284638513021" lon="104.0675241519516"><ele>484</ele><time>2025-08-13T13:50:04.000Z</time></trkpt>
<trkpt lat="30.62284638513021" lon="104.0675241519516"><ele>483</ele><time>2025-08-13T13:50:05.000Z</time></trkpt>
<trkpt lat="30.62284638513021" lon="104.0675241519516"><ele>483</ele><time>2025-08-13T13:50:06.000Z</time></trkpt>
<trkpt lat="30.62284638513021" lon="104.0675241519516"><ele>483</ele><time>2025-08-13T13:50:07.000Z</time></trkpt>
<trkpt lat="30.62284638513021" lon="104.0675241519516"><ele>483</ele><time>2025-08-13T13:50:08.000Z</time></trkpt>
<trkpt lat="30.62284638513021" lon="104.0675241519516"><ele>483</ele><time>2025-08-13T13:50:09.000Z</time></trkpt>
<trkpt lat="30.62284638513021" lon="104.0675241519516"><ele>483</ele><time>2025-08-13T13:50:10.000Z</time></trkpt>
<trkpt lat="30.62284638513021" lon="104.0675241519516"><ele>483</ele><time>2025-08-13T13:50:11.000Z</time></trkpt>
<trkpt lat="30.62284638513021" lon="104.0675241519516"><ele>483</ele><time>2025-08-13T13:50:12.000Z</time></trkpt>
<trkpt lat="30.62284638513021" lon="104.0675241519516"><ele>483</ele><time>2025-08-13T13:50:13.000Z</time></trkpt>
<trkpt lat="30.62284638513021" lon="104.0675241519516"><ele>483</ele><time>2025-08-13T13:50:14.000Z</time></trkpt>
<trkpt lat="30.62284638513021" lon="104.0675241519516"><ele>483</ele><time>2025-08-13T13:50:15.000Z</time></trkpt>
<trkpt lat="30.62284638513021" lon="104.0675241519516"><ele>483</ele><time>2025-08-13T13:50:16.000Z</time></trkpt>
<trkpt lat="30.62284638513021" lon="104.0675241519516"><ele>483</ele><time>2025-08-13T13:50:17.000Z</time></trkpt>
<trkpt lat="30.62284638513021" lon="104.0675241519516"><ele>483</ele><time>2025-08-13T13:50:18.000Z</time></trkpt>
<trkpt lat="30.62284638513021" lon="104.0675241519516"><ele>483</ele><time>2025-08-13T13:50:19.000Z</time></trkpt>
<trkpt lat="30.62284638513021" lon="104.0675241519516"><ele>483</ele><time>2025-08-13T13:50:20.000Z</time></trkpt>
<trkpt lat="30.62284638513021" lon="104.0675241519516"><ele>483</ele><time>2025-08-13T13:50:21.000Z</time></trkpt>
<trkpt lat="30.62284638513021" lon="104.0675241519516"><ele>483</ele><time>2025-08-13T13:50:22.000Z</time></trkpt>
<trkpt lat="30.62284638513021" lon="104.0675241519516"><ele>483</ele><time>2025-08-13T13:50:23.000Z</time></trkpt>
<trkpt lat="30.62284638513021" lon="104.0675241519516"><ele>483</ele><time>2025-08-13T13:50:24.000Z</time></trkpt>
<trkpt lat="30.62284638513021" lon="104.0675241519516"><ele>483</ele><time>2025-08-13T13:50:25.000Z</time></trkpt>
<trkpt lat="30.62284638513021" lon="104.0675241519516"><ele>483</ele><time>2025-08-13T13:50:26.000Z</time></trkpt>
<trkpt lat="30.62284638513021" lon="104.0675241519516"><ele>483</ele><time>2025-08-13T13:50:27.000Z</time></trkpt>
<trkpt lat="30.62284638513021" lon="104.0675241519516"><ele>483</ele><time>2025-08-13T13:50:28.000Z</time></trkpt>
<trkpt lat="30.62284638513021" lon="104.0675241519516"><ele>483</ele><time>2025-08-13T13:50:29.000Z</time></trkpt>
<trkpt lat="30.62284638513021" lon="104.0675241519516"><ele>483</ele><time>2025-08-13T13:50:30.000Z</time></trkpt>
<trkpt lat="30.62284638513021" lon="104.0675241519516"><ele>483</ele><time>2025-08-13T13:50:31.000Z</time></trkpt>
<trkpt lat="30.62284638513021" lon="104.0675241519516"><ele>483</ele><time>2025-08-13T13:50:32.000Z</time></trkpt>
<trkpt lat="30.62284638513021" lon="104.0675241519516"><ele>483</ele><time>2025-08-13T13:50:33.000Z</time></trkpt>
<trkpt lat="30.62284638513021" lon="104.0675241519516"><ele>483</ele><time>2025-08-13T13:50:34.000Z</time></trkpt>
<trkpt lat="30.62284638513021" lon="104.0675241519516"><ele>483</ele><time>2025-08-13T13:50:35.000Z</time></trkpt>
<trkpt lat="30.62284638513021" lon="104.0675241519516"><ele>484</ele><time>2025-08-13T13:50:36.000Z</time></trkpt>
<trkpt lat="30.62284638513021" lon="104.0675241519516"><ele>484</ele><time>2025-08-13T13:50:37.000Z</time></trkpt>
<trkpt lat="30.62284638513021" lon="104.0675241519516"><ele>484</ele><time>2025-08-13T13:50:38.000Z</time></trkpt>
<trkpt lat="30.62284638513021" lon="104.0675241519516"><ele>484</ele><time>2025-08-13T13:50:39.000Z</time></trkpt>
<trkpt lat="30.62284638513021" lon="104.0675241519516"><ele>484</ele><time>2025-08-13T13:50:40.000Z</time></trkpt>
<trkpt lat="30.62284638513021" lon="104.0675241519516"><ele>484</ele><time>2025-08-13T13:50:41.000Z</time></trkpt>
<trkpt lat="30.62284638513021" lon="104.0675241519516"><ele>484</ele><time>2025-08-13T13:50:42.000Z</time></trkpt>
<trkpt lat="30.62284638513021" lon="104.0675241519516"><ele>484</ele><time>2025-08-13T13:50:43.000Z</time></trkpt>
<trkpt lat="30.62284638513021" lon="104.0675241519516"><ele>484</ele><time>2025-08-13T13:50:44.000Z</time></trkpt>
<trkpt lat="30.62284638513021" lon="104.0675241519516"><ele>484</ele><time>2025-08-13T13:50:45.000Z</time></trkpt>
<trkpt lat="30.62284638513021" lon="104.0675241519516"><ele>485</ele><time>2025-08-13T13:50:46.000Z</time></trkpt>
<trkpt lat="30.62284638513021" lon="104.0675241519516"><ele>484</ele><time>2025-08-13T13:50:47.000Z</time></trkpt>
<trkpt lat="30.62284638513021" lon="104.0675241519516"><ele>484</ele><time>2025-08-13T13:50:48.000Z</time></trkpt>
<trkpt lat="30.62284638513021" lon="104.0675241519516"><ele>484</ele><time>2025-08-13T13:50:49.000Z</time></trkpt>
<trkpt lat="30.62284638513021" lon="104.0675241519516"><ele>484</ele><time>2025-08-13T13:50:50.000Z</time></trkpt>
<trkpt lat="30.62284638513021" lon="104.0675241519516"><ele>485</ele><time>2025-08-13T13:50:51.000Z</time></trkpt>
<trkpt lat="30.62284638513021" lon="104.0675241519516"><ele>485</ele><time>2025-08-13T13:50:52.000Z</time></trkpt>
<trkpt lat="30.62284638513021" lon="104.0675241519516"><ele>484</ele><time>2025-08-13T13:50:53.000Z</time></trkpt>
<trkpt lat="30.62284638513021" lon="104.0675241519516"><ele>484</ele><time>2025-08-13T13:50:54.000Z</time></trkpt>
<trkpt lat="30.62284638513021" lon="104.0675241519516"><ele>484</ele><time>2025-08-13T13:50:55.000Z</time></trkpt>
<trkpt lat="30.62284638513021" lon="104.0675241519516"><ele>484</ele><time>2025-08-13T13:50:56.000Z</time></trkpt>
<trkpt lat="30.62284638513021" lon="104.0675241519516"><ele>484</ele><time>2025-08-13T13:50:57.000Z</time></trkpt>
<trkpt lat="30.62284638513021" lon="104.0675241519516"><ele>484</ele><time>2025-08-13T13:50:58.000Z</time></trkpt>
<trkpt lat="30.62284638513021" lon="104.0675241519516"><ele>484</ele><time>2025-08-13T13:50:59.000Z</time></trkpt>
<trkpt lat="30.62284638513021" lon="104.0675241519516"><ele>484</ele><time>2025-08-13T13:51:00.000Z</time></trkpt>
<trkpt lat="30.62284638513021" lon="104.0675241519516"><ele>484</ele><time>2025-08-13T13:51:01.000Z</time></trkpt>
<trkpt lat="30.62284638513021" lon="104.0675241519516"><ele>484</ele><time>2025-08-13T13:51:02.000Z</time></trkpt>
<trkpt lat="30.62284638513021" lon="104.0675241519516"><ele>485</ele><time>2025-08-13T13:51:03.000Z</time></trkpt>
<trkpt lat="30.62284638513021" lon="104.0675241519516"><ele>485</ele><time>2025-08-13T13:51:04.000Z</time></trkpt>
<trkpt lat="30.62284638513021" lon="104.0675241519516"><ele>485</ele><time>2025-08-13T13:51:05.000Z</time></trkpt>
<trkpt lat="30.62284638513021" lon="104.0675241519516"><ele>485</ele><time>2025-08-13T13:51:06.000Z</time></trkpt>
<trkpt lat="30.62284638513021" lon="104.0675241519516"><ele>486</ele><time>2025-08-13T13:51:07.000Z</time></trkpt>
<trkpt lat="30.62284638513021" lon="104.0675241519516"><ele>486</ele><time>2025-08-13T13:51:08.000Z</time></trkpt>
<trkpt lat="30.62284638513021" lon="104.0675241519516"><ele>486</ele><time>2025-08-13T13:51:09.000Z</time></trkpt>
<trkpt lat="30.62284638513021" lon="104.0675241519516"><ele>486</ele><time>2025-08-13T13:51:10.000Z</time></trkpt>
<trkpt lat="30.62284638513021" lon="104.0675241519516"><ele>486</ele><time>2025-08-13T13:51:11.000Z</time></trkpt>
<trkpt lat="30.62284638513021" lon="104.0675241519516"><ele>486</ele><time>2025-08-13T13:51:12.000Z</time></trkpt>
<trkpt lat="30.62284638513021" lon="104.0675241519516"><ele>486</ele><time>2025-08-13T13:51:13.000Z</time></trkpt>
<trkpt lat="30.62284638513021" lon="104.0675241519516"><ele>486</ele><time>2025-08-13T13:51:14.000Z</time></trkpt>
<trkpt lat="30.62284638513021" lon="104.0675241519516"><ele>486</ele><time>2025-08-13T13:51:15.000Z</time></trkpt>
<trkpt lat="30.62284638513021" lon="104.0675241519516"><ele>486</ele><time>2025-08-13T13:51:16.000Z</time></trkpt>
<trkpt lat="30.62284638513021" lon="104.0675241519516"><ele>486</ele><time>2025-08-13T13:51:17.000Z</time></trkpt>
<trkpt lat="30.62284638513021" lon="104.0675241519516"><ele>485</ele><time>2025-08-13T13:51:18.000Z</time></trkpt>
<trkpt lat="30.62284638513021" lon="104.0675241519516"><ele>486</ele><time>2025-08-13T13:51:19.000Z</time></trkpt>
<trkpt lat="30.62284638513021" lon="104.0675241519516"><ele>486</ele><time>2025-08-13T13:51:20.000Z</time></trkpt>
<trkpt lat="30.62284638513021" lon="104.0675241519516"><ele>486</ele><time>2025-08-13T13:51:21.000Z</time></trkpt>
<trkpt lat="30.62284638513021" lon="104.0675241519516"><ele>485</ele><time>2025-08-13T13:51:22.000Z</time></trkpt>
<trkpt lat="30.62284638513021" lon="104.0675241519516"><ele>485</ele><time>2025-08-13T13:51:23.000Z</time></trkpt>
<trkpt lat="30.62284638513021" lon="104.0675241519516"><ele>485</ele><time>2025-08-13T13:51:24.000Z</time></trkpt>
<trkpt lat="30.62284638513021" lon="104.0675241519516"><ele>485</ele><time>2025-08-13T13:51:25.000Z</time></trkpt>
<trkpt lat="30.62284638513021" lon="104.0675241519516"><ele>484</ele><time>2025-08-13T13:51:26.000Z</time></trkpt>
<trkpt lat="30.62284638513021" lon="104.0675241519516"><ele>484</ele><time>2025-08-13T13:51:27.000Z</time></trkpt>
<trkpt lat="30.62284638513021" lon="104.0675241519516"><ele>484</ele><time>2025-08-13T13:51:28.000Z</time></trkpt>
<trkpt lat="30.62284638513021" lon="104.0675241519516"><ele>484</ele><time>2025-08-13T13:51:29.000Z</time></trkpt>
<trkpt lat="30.62284638513021" lon="104.0675241519516"><ele>484</ele><time>2025-08-13T13:51:30.000Z</time></trkpt>
<trkpt lat="30.62284638513021" lon="104.0675241519516"><ele>484</ele><time>2025-08-13T13:51:31.000Z</time></trkpt>
<trkpt lat="30.62284638513021" lon="104.0675241519516"><ele>484</ele><time>2025-08-13T13:51:32.000Z</time></trkpt>
<trkpt lat="30.62284638513021" lon="104.0675241519516"><ele>484</ele><time>2025-08-13T13:51:33.000Z</time></trkpt>
<trkpt lat="30.62284638513021" lon="104.0675241519516"><ele>484</ele><time>2025-08-13T13:51:34.000Z</time></trkpt>
<trkpt lat="30.62284638513021" lon="104.0675241519516"><ele>484</ele><time>2025-08-13T13:51:35.000Z</time></trkpt>
<trkpt lat="30.62284638513021" lon="104.0675241519516"><ele>484</ele><time>2025-08-13T13:51:36.000Z</time></trkpt>
<trkpt lat="30.62284638513021" lon="104.0675241519516"><ele>484</ele><time>2025-08-13T13:51:37.000Z</time></trkpt>
<trkpt lat="30.62284638513021" lon="104.0675241519516"><ele>484</ele><time>2025-08-13T13:51:38.000Z</time></trkpt>
<trkpt lat="30.62284638513021" lon="104.0675241519516"><ele>484</ele><time>2025-08-13T13:51:39.000Z</time></trkpt>
<trkpt lat="30.62284638513021" lon="104.0675241519516"><ele>485</ele><time>2025-08-13T13:51:40.000Z</time></trkpt>
<trkpt lat="30.62284638513021" lon="104.0675241519516"><ele>485</ele><time>2025-08-13T13:51:41.000Z</time></trkpt>
<trkpt lat="30.62284638513021" lon="104.0675241519516"><ele>485</ele><time>2025-08-13T13:51:42.000Z</time></trkpt>
<trkpt lat="30.62284638513021" lon="104.0675241519516"><ele>485</ele><time>2025-08-13T13:51:43.000Z</time></trkpt>
<trkpt lat="30.62284638513021" lon="104.0675241519516"><ele>485</ele><time>2025-08-13T13:51:44.000Z</time></trkpt>
<trkpt lat="30.62284638513021" lon="104.0675241519516"><ele>484</ele><time>2025-08-13T13:51:45.000Z</time></trkpt>
<trkpt lat="30.62284638513021" lon="104.0675241519516"><ele>484</ele><time>2025-08-13T13:51:46.000Z</time></trkpt>
<trkpt lat="30.62284638513021" lon="104.0675241519516"><ele>484</ele><time>2025-08-13T13:51:47.000Z</time></trkpt>
<trkpt lat="30.62284638513021" lon="104.0675241519516"><ele>484</ele><time>2025-08-13T13:51:48.000Z</time></trkpt>
<trkpt lat="30.62284638513021" lon="104.0675241519516"><ele>484</ele><time>2025-08-13T13:51:49.000Z</time></trkpt>
<trkpt lat="30.62284638513021" lon="104.0675241519516"><ele>485</ele><time>2025-08-13T13:51:50.000Z</time></trkpt>
<trkpt lat="30.62284638513021" lon="104.0675241519516"><ele>485</ele><time>2025-08-13T13:51:51.000Z</time></trkpt>
<trkpt lat="30.62284638513021" lon="104.0675241519516"><ele>484</ele><time>2025-08-13T13:51:52.000Z</time></trkpt>
<trkpt lat="30.62284638513021" lon="104.0675241519516"><ele>484</ele><time>2025-08-13T13:51:53.000Z</time></trkpt>
<trkpt lat="30.62284638513021" lon="104.0675241519516"><ele>484</ele><time>2025-08-13T13:51:54.000Z</time></trkpt>
<trkpt lat="30.62284638513021" lon="104.0675241519516"><ele>484</ele><time>2025-08-13T13:51:55.000Z</time></trkpt>
<trkpt lat="30.62284638513021" lon="104.0675241519516"><ele>484</ele><time>2025-08-13T13:51:56.000Z</time></trkpt>
<trkpt lat="30.62284638513021" lon="104.0675241519516"><ele>484</ele><time>2025-08-13T13:51:57.000Z</time></trkpt>
<trkpt lat="30.62284638513021" lon="104.0675241519516"><ele>484</ele><time>2025-08-13T13:51:58.000Z</time></trkpt>
<trkpt lat="30.62284638513021" lon="104.0675241519516"><ele>483</ele><time>2025-08-13T13:51:59.000Z</time></trkpt>
<trkpt lat="30.62284638513021" lon="104.0675241519516"><ele>483</ele><time>2025-08-13T13:52:00.000Z</time></trkpt>
<trkpt lat="30.62284638513021" lon="104.0675241519516"><ele>483</ele><time>2025-08-13T13:52:01.000Z</time></trkpt>
<trkpt lat="30.62284638513021" lon="104.0675241519516"><ele>483</ele><time>2025-08-13T13:52:02.000Z</time></trkpt>
<trkpt lat="30.62284638513021" lon="104.0675241519516"><ele>483</ele><time>2025-08-13T13:52:03.000Z</time></trkpt>
<trkpt lat="30.62284638513021" lon="104.0675241519516"><ele>483</ele><time>2025-08-13T13:52:04.000Z</time></trkpt>
<trkpt lat="30.62284638513021" lon="104.0675241519516"><ele>483</ele><time>2025-08-13T13:52:05.000Z</time></trkpt>
<trkpt lat="30.62284638513021" lon="104.0675241519516"><ele>483</ele><time>2025-08-13T13:52:06.000Z</time></trkpt>
<trkpt lat="30.62284638513021" lon="104.0675241519516"><ele>483</ele><time>2025-08-13T13:52:07.000Z</time></trkpt>
<trkpt lat="30.62284638513021" lon="104.0675241519516"><ele>483</ele><time>2025-08-13T13:52:08.000Z</time></trkpt>
<trkpt lat="30.62284638513021" lon="104.0675241519516"><ele>483</ele><time>2025-08-13T13:52:09.000Z</time></trkpt>
<trkpt lat="30.62284638513021" lon="104.0675241519516"><ele>483</ele><time>2025-08-13T13:52:10.000Z</time></trkpt>
<trkpt lat="30.62284638513021" lon="104.0675241519516"><ele>483</ele><time>2025-08-13T13:52:11.000Z</time></trkpt>
<trkpt lat="30.62284638513021" lon="104.0675241519516"><ele>483</ele><time>2025-08-13T13:52:12.000Z</time></trkpt>
<trkpt lat="30.62284638513021" lon="104.0675241519516"><ele>483</ele><time>2025-08-13T13:52:13.000Z</time></trkpt>
<trkpt lat="30.62284638513021" lon="104.0675241519516"><ele>483</ele><time>2025-08-13T13:52:14.000Z</time></trkpt>
<trkpt lat="30.62284638513021" lon="104.0675241519516"><ele>483</ele><time>2025-08-13T13:52:15.000Z</time></trkpt>
<trkpt lat="30.62284638513021" lon="104.0675241519516"><ele>482</ele><time>2025-08-13T13:52:16.000Z</time></trkpt>
<trkpt lat="30.62284638513021" lon="104.0675241519516"><ele>482</ele><time>2025-08-13T13:52:17.000Z</time></trkpt>
<trkpt lat="30.62284638513021" lon="104.0675241519516"><ele>482</ele><time>2025-08-13T13:52:18.000Z</time></trkpt>
<trkpt lat="30.62284638513021" lon="104.0675241519516"><ele>482</ele><time>2025-08-13T13:52:19.000Z</time></trkpt>
<trkpt lat="30.62284638513021" lon="104.0675241519516"><ele>482</ele><time>2025-08-13T13:52:20.000Z</time></trkpt>
<trkpt lat="30.62284638513021" lon="104.0675241519516"><ele>482</ele><time>2025-08-13T13:52:21.000Z</time></trkpt>
<trkpt lat="30.62284638513021" lon="104.0675241519516"><ele>482</ele><time>2025-08-13T13:52:22.000Z</time></trkpt>
<trkpt lat="30.62284638513021" lon="104.0675241519516"><ele>482</ele><time>2025-08-13T13:52:23.000Z</time></trkpt>
<trkpt lat="30.62284638513021" lon="104.0675241519516"><ele>482</ele><time>2025-08-13T13:52:24.000Z</time></trkpt>
<trkpt lat="30.62284638513021" lon="104.0675241519516"><ele>482</ele><time>2025-08-13T13:52:25.000Z</time></trkpt>
<trkpt lat="30.62284638513021" lon="104.0675241519516"><ele>482</ele><time>2025-08-13T13:52:26.000Z</time></trkpt>
<trkpt lat="30.62284638513021" lon="104.0675241519516"><ele>482</ele><time>2025-08-13T13:52:27.000Z</time></trkpt>
<trkpt lat="30.62284638513021" lon="104.0675241519516"><ele>482</ele><time>2025-08-13T13:52:28.000Z</time></trkpt>
<trkpt lat="30.62284638513021" lon="104.0675241519516"><ele>482</ele><time>2025-08-13T13:52:29.000Z</time></trkpt>
<trkpt lat="30.62284638513021" lon="104.0675241519516"><ele>481</ele><time>2025-08-13T13:52:30.000Z</time></trkpt>
<trkpt lat="30.62284638513021" lon="104.0675241519516"><ele>482</ele><time>2025-08-13T13:52:31.000Z</time></trkpt>
<trkpt lat="30.62284638513021" lon="104.0675241519516"><ele>482</ele><time>2025-08-13T13:52:32.000Z</time></trkpt>
<trkpt lat="30.62284638513021" lon="104.0675241519516"><ele>481</ele><time>2025-08-13T13:52:33.000Z</time></trkpt>
<trkpt lat="30.62284638513021" lon="104.0675241519516"><ele>482</ele><time>2025-08-13T13:52:34.000Z</time></trkpt>
<trkpt lat="30.62284638513021" lon="104.0675241519516"><ele>482</ele><time>2025-08-13T13:52:35.000Z</time></trkpt>
<trkpt lat="30.62284638513021" lon="104.0675241519516"><ele>482</ele><time>2025-08-13T13:52:36.000Z</time></trkpt>
<trkpt lat="30.62284638513021" lon="104.0675241519516"><ele>481</ele><time>2025-08-13T13:52:37.000Z</time></trkpt>
<trkpt lat="30.62284638513021" lon="104.0675241519516"><ele>481</ele><time>2025-08-13T13:52:38.000Z</time></trkpt>
<trkpt lat="30.62284638513021" lon="104.0675241519516"><ele>482</ele><time>2025-08-13T13:52:39.000Z</time></trkpt>
<trkpt lat="30.62284638513021" lon="104.0675241519516"><ele>481</ele><time>2025-08-13T13:52:40.000Z</time></trkpt>
<trkpt lat="30.62284638513021" lon="104.0675241519516"><ele>481</ele><time>2025-08-13T13:52:41.000Z</time></trkpt>
<trkpt lat="30.62284638513021" lon="104.0675241519516"><ele>481</ele><time>2025-08-13T13:52:42.000Z</time></trkpt>
<trkpt lat="30.62284638513021" lon="104.0675241519516"><ele>481</ele><time>2025-08-13T13:52:43.000Z</time></trkpt>
<trkpt lat="30.62284638513021" lon="104.0675241519516"><ele>481</ele><time>2025-08-13T13:52:44.000Z</time></trkpt>
<trkpt lat="30.62284638513021" lon="104.0675241519516"><ele>481</ele><time>2025-08-13T13:52:45.000Z</time></trkpt>
<trkpt lat="30.62284638513021" lon="104.0675241519516"><ele>481</ele><time>2025-08-13T13:52:46.000Z</time></trkpt>
<trkpt lat="30.62284638513021" lon="104.0675241519516"><ele>481</ele><time>2025-08-13T13:52:47.000Z</time></trkpt>
<trkpt lat="30.62284638513021" lon="104.0675241519516"><ele>481</ele><time>2025-08-13T13:52:48.000Z</time></trkpt>
<trkpt lat="30.62284638513021" lon="104.0675241519516"><ele>481</ele><time>2025-08-13T13:52:49.000Z</time></trkpt>
<trkpt lat="30.62284638513021" lon="104.0675241519516"><ele>482</ele><time>2025-08-13T13:52:50.000Z</time></trkpt>
<trkpt lat="30.62284638513021" lon="104.0675241519516"><ele>482</ele><time>2025-08-13T13:52:51.000Z</time></trkpt>
<trkpt lat="30.62284638513021" lon="104.0675241519516"><ele>482</ele><time>2025-08-13T13:52:52.000Z</time></trkpt>
<trkpt lat="30.62284638513021" lon="104.0675241519516"><ele>483</ele><time>2025-08-13T13:52:53.000Z</time></trkpt>
<trkpt lat="30.62284638513021" lon="104.0675241519516"><ele>483</ele><time>2025-08-13T13:52:54.000Z</time></trkpt>
<trkpt lat="30.62284638513021" lon="104.0675241519516"><ele>483</ele><time>2025-08-13T13:52:55.000Z</time></trkpt>
<trkpt lat="30.62284638513021" lon="104.0675241519516"><ele>484</ele><time>2025-08-13T13:52:56.000Z</time></trkpt>
<trkpt lat="30.62284638513021" lon="104.0675241519516"><ele>484</ele><time>2025-08-13T13:52:57.000Z</time></trkpt>
<trkpt lat="30.62284638513021" lon="104.0675241519516"><ele>484</ele><time>2025-08-13T13:52:58.000Z</time></trkpt>
<trkpt lat="30.62284638513021" lon="104.0675241519516"><ele>484</ele><time>2025-08-13T13:52:59.000Z</time></trkpt>
<trkpt lat="30.62284638513021" lon="104.0675241519516"><ele>484</ele><time>2025-08-13T13:53:00.000Z</time></trkpt>
<trkpt lat="30.62284638513021" lon="104.0675241519516"><ele>485</ele><time>2025-08-13T13:53:01.000Z</time></trkpt>
<trkpt lat="30.62284638513021" lon="104.0675241519516"><ele>486</ele><time>2025-08-13T13:53:02.000Z</time></trkpt>
<trkpt lat="30.62284638513021" lon="104.0675241519516"><ele>486</ele><time>2025-08-13T13:53:03.000Z</time></trkpt>
<trkpt lat="30.62284638513021" lon="104.0675241519516"><ele>487</ele><time>2025-08-13T13:53:04.000Z</time></trkpt>
<trkpt lat="30.62284638513021" lon="104.0675241519516"><ele>491</ele><time>2025-08-13T13:53:05.000Z</time></trkpt>
<trkpt lat="30.62284638513021" lon="104.0675241519516"><ele>492</ele><time>2025-08-13T13:53:06.000Z</time></trkpt>
<trkpt lat="30.62284638513021" lon="104.0675241519516"><ele>493</ele><time>2025-08-13T13:53:07.000Z</time></trkpt>
<trkpt lat="30.62284638513021" lon="104.0675241519516"><ele>493</ele><time>2025-08-13T13:53:08.000Z</time></trkpt>
<trkpt lat="30.62284638513021" lon="104.0675241519516"><ele>494</ele><time>2025-08-13T13:53:09.000Z</time></trkpt>
<trkpt lat="30.62284638513021" lon="104.0675241519516"><ele>493</ele><time>2025-08-13T13:53:10.000Z</time></trkpt>
<trkpt lat="30.62284638513021" lon="104.0675241519516"><ele>493</ele><time>2025-08-13T13:53:11.000Z</time></trkpt>
<trkpt lat="30.62284638513021" lon="104.0675241519516"><ele>493</ele><time>2025-08-13T13:53:12.000Z</time></trkpt>
<trkpt lat="30.62284638513021" lon="104.0675241519516"><ele>494</ele><time>2025-08-13T13:53:13.000Z</time></trkpt>
<trkpt lat="30.62284638513021" lon="104.0675241519516"><ele>494</ele><time>2025-08-13T13:53:14.000Z</time></trkpt>
<trkpt lat="30.62284638513021" lon="104.0675241519516"><ele>494</ele><time>2025-08-13T13:53:15.000Z</time></trkpt>
<trkpt lat="30.62284638513021" lon="104.0675241519516"><ele>494</ele><time>2025-08-13T13:53:16.000Z</time></trkpt>
<trkpt lat="30.62284638513021" lon="104.0675241519516"><ele>495</ele><time>2025-08-13T13:53:17.000Z</time></trkpt>
<trkpt lat="30.62284638513021" lon="104.0675241519516"><ele>495</ele><time>2025-08-13T13:53:18.000Z</time></trkpt>
<trkpt lat="30.62284638513021" lon="104.0675241519516"><ele>494</ele><time>2025-08-13T13:53:19.000Z</time></trkpt>
<trkpt lat="30.62284638513021" lon="104.0675241519516"><ele>494</ele><time>2025-08-13T13:53:20.000Z</time></trkpt>
<trkpt lat="30.62284638513021" lon="104.0675241519516"><ele>494</ele><time>2025-08-13T13:53:21.000Z</time></trkpt>
<trkpt lat="30.62284638513021" lon="104.0675241519516"><ele>493</ele><time>2025-08-13T13:53:22.000Z</time></trkpt>
<trkpt lat="30.62284638513021" lon="104.0675241519516"><ele>493</ele><time>2025-08-13T13:53:23.000Z</time></trkpt>
<trkpt lat="30.62284638513021" lon="104.0675241519516"><ele>493</ele><time>2025-08-13T13:53:24.000Z</time></trkpt>
<trkpt lat="30.62284638513021" lon="104.0675241519516"><ele>493</ele><time>2025-08-13T13:53:25.000Z</time></trkpt>
<trkpt lat="30.62284638513021" lon="104.0675241519516"><ele>493</ele><time>2025-08-13T13:53:26.000Z</time></trkpt>
<trkpt lat="30.62284638513021" lon="104.0675241519516"><ele>492</ele><time>2025-08-13T13:53:27.000Z</time></trkpt>
<trkpt lat="30.62284638513021" lon="104.0675241519516"><ele>491</ele><time>2025-08-13T13:53:28.000Z</time></trkpt>
<trkpt lat="30.62284638513021" lon="104.0675241519516"><ele>491</ele><time>2025-08-13T13:53:29.000Z</time></trkpt>
<trkpt lat="30.62284638513021" lon="104.0675241519516"><ele>491</ele><time>2025-08-13T13:53:30.000Z</time></trkpt>
<trkpt lat="30.62284638513021" lon="104.0675241519516"><ele>491</ele><time>2025-08-13T13:53:31.000Z</time></trkpt>
<trkpt lat="30.62284638513021" lon="104.0675241519516"><ele>491</ele><time>2025-08-13T13:53:32.000Z</time></trkpt>
<trkpt lat="30.62284638513021" lon="104.0675241519516"><ele>490</ele><time>2025-08-13T13:53:33.000Z</time></trkpt>
<trkpt lat="30.62284638513021" lon="104.0675241519516"><ele>489</ele><time>2025-08-13T13:53:34.000Z</time></trkpt>
<trkpt lat="30.62284638513021" lon="104.0675241519516"><ele>484</ele><time>2025-08-13T13:53:35.000Z</time></trkpt>
<trkpt lat="30.62284638513021" lon="104.0675241519516"><ele>480</ele><time>2025-08-13T13:53:36.000Z</time></trkpt>
<trkpt lat="30.62284638513021" lon="104.0675241519516"><ele>477</ele><time>2025-08-13T13:53:37.000Z</time></trkpt>
<trkpt lat="30.62284638513021" lon="104.0675241519516"><ele>482</ele><time>2025-08-13T13:53:38.000Z</time></trkpt>
<trkpt lat="30.62284638513021" lon="104.0675241519516"><ele>485</ele><time>2025-08-13T13:53:39.000Z</time></trkpt>
<trkpt lat="30.62284638513021" lon="104.0675241519516"><ele>485</ele><time>2025-08-13T13:53:40.000Z</time></trkpt>
<trkpt lat="30.62284638513021" lon="104.0675241519516"><ele>485</ele><time>2025-08-13T13:53:41.000Z</time></trkpt>
<trkpt lat="30.62284638513021" lon="104.0675241519516"><ele>485</ele><time>2025-08-13T13:53:42.000Z</time></trkpt>
<trkpt lat="30.62284638513021" lon="104.0675241519516"><ele>485</ele><time>2025-08-13T13:53:43.000Z</time></trkpt>
<trkpt lat="30.62284638513021" lon="104.0675241519516"><ele>485</ele><time>2025-08-13T13:53:44.000Z</time></trkpt>
<trkpt lat="30.62284638513021" lon="104.0675241519516"><ele>485</ele><time>2025-08-13T13:53:45.000Z</time></trkpt>
<trkpt lat="30.62284638513021" lon="104.0675241519516"><ele>485</ele><time>2025-08-13T13:53:46.000Z</time></trkpt>
<trkpt lat="30.62284638513021" lon="104.0675241519516"><ele>485</ele><time>2025-08-13T13:53:47.000Z</time></trkpt>
<trkpt lat="30.62284638513021" lon="104.0675241519516"><ele>485</ele><time>2025-08-13T13:53:48.000Z</time></trkpt>
<trkpt lat="30.62284638513021" lon="104.0675241519516"><ele>485</ele><time>2025-08-13T13:53:49.000Z</time></trkpt>
<trkpt lat="30.62284638513021" lon="104.0675241519516"><ele>485</ele><time>2025-08-13T13:53:50.000Z</time></trkpt>
<trkpt lat="30.62284638513021" lon="104.0675241519516"><ele>485</ele><time>2025-08-13T13:53:51.000Z</time></trkpt>
<trkpt lat="30.62284638513021" lon="104.0675241519516"><ele>485</ele><time>2025-08-13T13:53:52.000Z</time></trkpt>
<trkpt lat="30.62284638513021" lon="104.0675241519516"><ele>485</ele><time>2025-08-13T13:53:53.000Z</time></trkpt>
<trkpt lat="30.62284638513021" lon="104.0675241519516"><ele>485</ele><time>2025-08-13T13:53:54.000Z</time></trkpt>
<trkpt lat="30.62284638513021" lon="104.0675241519516"><ele>485</ele><time>2025-08-13T13:53:55.000Z</time></trkpt>
<trkpt lat="30.62284638513021" lon="104.0675241519516"><ele>485</ele><time>2025-08-13T13:53:56.000Z</time></trkpt>
<trkpt lat="30.62284638513021" lon="104.0675241519516"><ele>485</ele><time>2025-08-13T13:53:57.000Z</time></trkpt>
<trkpt lat="30.62284638513021" lon="104.0675241519516"><ele>485</ele><time>2025-08-13T13:53:58.000Z</time></trkpt>
<trkpt lat="30.62284638513021" lon="104.0675241519516"><ele>485</ele><time>2025-08-13T13:53:59.000Z</time></trkpt>
<trkpt lat="30.62284638513021" lon="104.0675241519516"><ele>485</ele><time>2025-08-13T13:54:00.000Z</time></trkpt>
<trkpt lat="30.62284638513021" lon="104.0675241519516"><ele>485</ele><time>2025-08-13T13:54:01.000Z</time></trkpt>
<trkpt lat="30.62284638513021" lon="104.0675241519516"><ele>485</ele><time>2025-08-13T13:54:02.000Z</time></trkpt>
<trkpt lat="30.62284638513021" lon="104.0675241519516"><ele>485</ele><time>2025-08-13T13:54:03.000Z</time></trkpt>
<trkpt lat="30.62284638513021" lon="104.0675241519516"><ele>485</ele><time>2025-08-13T13:54:04.000Z</time></trkpt>
<trkpt lat="30.62284638513021" lon="104.0675241519516"><ele>485</ele><time>2025-08-13T13:54:05.000Z</time></trkpt>
<trkpt lat="30.62284638513021" lon="104.0675241519516"><ele>484</ele><time>2025-08-13T13:54:06.000Z</time></trkpt>
<trkpt lat="30.62284638513021" lon="104.0675241519516"><ele>484</ele><time>2025-08-13T13:54:07.000Z</time></trkpt>
<trkpt lat="30.62284638513021" lon="104.0675241519516"><ele>487</ele><time>2025-08-13T13:54:08.000Z</time></trkpt>
<trkpt lat="30.62284638513021" lon="104.0675241519516"><ele>487</ele><time>2025-08-13T13:54:09.000Z</time></trkpt>
<trkpt lat="30.62284638513021" lon="104.0675241519516"><ele>487</ele><time>2025-08-13T13:54:10.000Z</time></trkpt>
<trkpt lat="30.62284638513021" lon="104.0675241519516"><ele>486</ele><time>2025-08-13T13:54:11.000Z</time></trkpt>
<trkpt lat="30.62284638513021" lon="104.0675241519516"><ele>486</ele><time>2025-08-13T13:54:12.000Z</time></trkpt>
<trkpt lat="30.62284638513021" lon="104.0675241519516"><ele>487</ele><time>2025-08-13T13:54:13.000Z</time></trkpt>
<trkpt lat="30.62284638513021" lon="104.0675241519516"><ele>488</ele><time>2025-08-13T13:54:14.000Z</time></trkpt>
<trkpt lat="30.62284638513021" lon="104.0675241519516"><ele>488</ele><time>2025-08-13T13:54:15.000Z</time></trkpt>
<trkpt lat="30.62284638513021" lon="104.0675241519516"><ele>489</ele><time>2025-08-13T13:54:16.000Z</time></trkpt>
<trkpt lat="30.62284638513021" lon="104.0675241519516"><ele>489</ele><time>2025-08-13T13:54:17.000Z</time></trkpt>
<trkpt lat="30.62284638513021" lon="104.0675241519516"><ele>488</ele><time>2025-08-13T13:54:18.000Z</time></trkpt>
<trkpt lat="30.62284638513021" lon="104.0675241519516"><ele>488</ele><time>2025-08-13T13:54:19.000Z</time></trkpt>
<trkpt lat="30.62284638513021" lon="104.0675241519516"><ele>488</ele><time>2025-08-13T13:54:20.000Z</time></trkpt>
<trkpt lat="30.62284638513021" lon="104.0675241519516"><ele>488</ele><time>2025-08-13T13:54:21.000Z</time></trkpt>
<trkpt lat="30.62284638513021" lon="104.0675241519516"><ele>488</ele><time>2025-08-13T13:54:22.000Z</time></trkpt>
<trkpt lat="30.62284638513021" lon="104.0675241519516"><ele>488</ele><time>2025-08-13T13:54:23.000Z</time></trkpt>
<trkpt lat="30.62284638513021" lon="104.0675241519516"><ele>488</ele><time>2025-08-13T13:54:24.000Z</time></trkpt>
<trkpt lat="30.62284638513021" lon="104.0675241519516"><ele>487</ele><time>2025-08-13T13:54:25.000Z</time></trkpt>
<trkpt lat="30.62284638513021" lon="104.0675241519516"><ele>487</ele><time>2025-08-13T13:54:26.000Z</time></trkpt>
<trkpt lat="30.62284638513021" lon="104.0675241519516"><ele>487</ele><time>2025-08-13T13:54:27.000Z</time></trkpt>
<trkpt lat="30.62284638513021" lon="104.0675241519516"><ele>488</ele><time>2025-08-13T13:54:28.000Z</time></trkpt>
<trkpt lat="30.62284638513021" lon="104.0675241519516"><ele>488</ele><time>2025-08-13T13:54:29.000Z</time></trkpt>
<trkpt lat="30.62284638513021" lon="104.0675241519516"><ele>488</ele><time>2025-08-13T13:54:30.000Z</time></trkpt>
<trkpt lat="30.62284638513021" lon="104.0675241519516"><ele>487</ele><time>2025-08-13T13:54:31.000Z</time></trkpt>
<trkpt lat="30.62284638513021" lon="104.0675241519516"><ele>487</ele><time>2025-08-13T13:54:32.000Z</time></trkpt>
<trkpt lat="30.62284638513021" lon="104.0675241519516"><ele>488</ele><time>2025-08-13T13:54:33.000Z</time></trkpt>
<trkpt lat="30.62284638513021" lon="104.0675241519516"><ele>487</ele><time>2025-08-13T13:54:34.000Z</time></trkpt>
<trkpt lat="30.62284638513021" lon="104.0675241519516"><ele>487</ele><time>2025-08-13T13:54:35.000Z</time></trkpt>
<trkpt lat="30.62284638513021" lon="104.0675241519516"><ele>488</ele><time>2025-08-13T13:54:36.000Z</time></trkpt>
<trkpt lat="30.62284638513021" lon="104.0675241519516"><ele>488</ele><time>2025-08-13T13:54:37.000Z</time></trkpt>
<trkpt lat="30.62284638513021" lon="104.0675241519516"><ele>487</ele><time>2025-08-13T13:54:38.000Z</time></trkpt>
<trkpt lat="30.62284638513021" lon="104.0675241519516"><ele>487</ele><time>2025-08-13T13:54:39.000Z</time></trkpt>
<trkpt lat="30.62284638513021" lon="104.0675241519516"><ele>487</ele><time>2025-08-13T13:54:40.000Z</time></trkpt>
<trkpt lat="30.62284638513021" lon="104.0675241519516"><ele>488</ele><time>2025-08-13T13:54:41.000Z</time></trkpt>
<trkpt lat="30.62284638513021" lon="104.0675241519516"><ele>488</ele><time>2025-08-13T13:54:42.000Z</time></trkpt>
<trkpt lat="30.62284638513021" lon="104.0675241519516"><ele>488</ele><time>2025-08-13T13:54:43.000Z</time></trkpt>
<trkpt lat="30.62284638513021" lon="104.0675241519516"><ele>488</ele><time>2025-08-13T13:54:44.000Z</time></trkpt>
<trkpt lat="30.62284638513021" lon="104.0675241519516"><ele>488</ele><time>2025-08-13T13:54:45.000Z</time></trkpt>
<trkpt lat="30.62284638513021" lon="104.0675241519516"><ele>488</ele><time>2025-08-13T13:54:46.000Z</time></trkpt>
<trkpt lat="30.62284638513021" lon="104.0675241519516"><ele>488</ele><time>2025-08-13T13:54:47.000Z</time></trkpt>
<trkpt lat="30.62284638513021" lon="104.0675241519516"><ele>487</ele><time>2025-08-13T13:54:48.000Z</time></trkpt>
<trkpt lat="30.62284638513021" lon="104.0675241519516"><ele>488</ele><time>2025-08-13T13:54:49.000Z</time></trkpt>
<trkpt lat="30.62284638513021" lon="104.0675241519516"><ele>488</ele><time>2025-08-13T13:54:50.000Z</time></trkpt>
<trkpt lat="30.62284638513021" lon="104.0675241519516"><ele>488</ele><time>2025-08-13T13:54:51.000Z</time></trkpt>
<trkpt lat="30.62284638513021" lon="104.0675241519516"><ele>488</ele><time>2025-08-13T13:54:52.000Z</time></trkpt>
<trkpt lat="30.62284638513021" lon="104.0675241519516"><ele>488</ele><time>2025-08-13T13:54:53.000Z</time></trkpt>
<trkpt lat="30.62284638513021" lon="104.0675241519516"><ele>488</ele><time>2025-08-13T13:54:54.000Z</time></trkpt>
<trkpt lat="30.62284638513021" lon="104.0675241519516"><ele>488</ele><time>2025-08-13T13:54:55.000Z</time></trkpt>
<trkpt lat="30.62284638513021" lon="104.0675241519516"><ele>487</ele><time>2025-08-13T13:54:56.000Z</time></trkpt>
<trkpt lat="30.62284638513021" lon="104.0675241519516"><ele>488</ele><time>2025-08-13T13:54:57.000Z</time></trkpt>
<trkpt lat="30.62284638513021" lon="104.0675241519516"><ele>488</ele><time>2025-08-13T13:54:58.000Z</time></trkpt>
<trkpt lat="30.62284638513021" lon="104.0675241519516"><ele>488</ele><time>2025-08-13T13:54:59.000Z</time></trkpt>
<trkpt lat="30.62284638513021" lon="104.0675241519516"><ele>488</ele><time>2025-08-13T13:55:00.000Z</time></trkpt>
<trkpt lat="30.62284638513021" lon="104.0675241519516"><ele>487</ele><time>2025-08-13T13:55:01.000Z</time></trkpt>
<trkpt lat="30.62284638513021" lon="104.0675241519516"><ele>487</ele><time>2025-08-13T13:55:02.000Z</time></trkpt>
<trkpt lat="30.62284638513021" lon="104.0675241519516"><ele>487</ele><time>2025-08-13T13:55:03.000Z</time></trkpt>
<trkpt lat="30.62284638513021" lon="104.0675241519516"><ele>486</ele><time>2025-08-13T13:55:04.000Z</time></trkpt>
<trkpt lat="30.62284638513021" lon="104.0675241519516"><ele>486</ele><time>2025-08-13T13:55:05.000Z</time></trkpt>
<trkpt lat="30.62284638513021" lon="104.0675241519516"><ele>485</ele><time>2025-08-13T13:55:06.000Z</time></trkpt>
<trkpt lat="30.62284638513021" lon="104.0675241519516"><ele>486</ele><time>2025-08-13T13:55:07.000Z</time></trkpt>
<trkpt lat="30.62284638513021" lon="104.0675241519516"><ele>486</ele><time>2025-08-13T13:55:08.000Z</time></trkpt>
<trkpt lat="30.62284638513021" lon="104.0675241519516"><ele>486</ele><time>2025-08-13T13:55:09.000Z</time></trkpt>
<trkpt lat="30.62284638513021" lon="104.0675241519516"><ele>486</ele><time>2025-08-13T13:55:10.000Z</time></trkpt>
<trkpt lat="30.62284638513021" lon="104.0675241519516"><ele>487</ele><time>2025-08-13T13:55:11.000Z</time></trkpt>
<trkpt lat="30.62284638513021" lon="104.0675241519516"><ele>487</ele><time>2025-08-13T13:55:12.000Z</time></trkpt>
<trkpt lat="30.62284638513021" lon="104.0675241519516"><ele>487</ele><time>2025-08-13T13:55:13.000Z</time></trkpt>
<trkpt lat="30.62284638513021" lon="104.0675241519516"><ele>487</ele><time>2025-08-13T13:55:14.000Z</time></trkpt>
<trkpt lat="30.62284638513021" lon="104.0675241519516"><ele>487</ele><time>2025-08-13T13:55:15.000Z</time></trkpt>
<trkpt lat="30.62284638513021" lon="104.0675241519516"><ele>488</ele><time>2025-08-13T13:55:16.000Z</time></trkpt>
<trkpt lat="30.62284638513021" lon="104.0675241519516"><ele>488</ele><time>2025-08-13T13:55:17.000Z</time></trkpt>
<trkpt lat="30.62284638513021" lon="104.0675241519516"><ele>488</ele><time>2025-08-13T13:55:18.000Z</time></trkpt>
<trkpt lat="30.62284638513021" lon="104.0675241519516"><ele>488</ele><time>2025-08-13T13:55:19.000Z</time></trkpt>
<trkpt lat="30.62284638513021" lon="104.0675241519516"><ele>488</ele><time>2025-08-13T13:55:20.000Z</time></trkpt>
<trkpt lat="30.62284638513021" lon="104.0675241519516"><ele>489</ele><time>2025-08-13T13:55:21.000Z</time></trkpt>
<trkpt lat="30.62284638513021" lon="104.0675241519516"><ele>489</ele><time>2025-08-13T13:55:22.000Z</time></trkpt>
<trkpt lat="30.62284638513021" lon="104.0675241519516"><ele>489</ele><time>2025-08-13T13:55:23.000Z</time></trkpt>
<trkpt lat="30.62284638513021" lon="104.0675241519516"><ele>490</ele><time>2025-08-13T13:55:24.000Z</time></trkpt>
<trkpt lat="30.62284638513021" lon="104.0675241519516"><ele>489</ele><time>2025-08-13T13:55:25.000Z</time></trkpt>
<trkpt lat="30.62284638513021" lon="104.0675241519516"><ele>489</ele><time>2025-08-13T13:55:26.000Z</time></trkpt>
<trkpt lat="30.62284638513021" lon="104.0675241519516"><ele>489</ele><time>2025-08-13T13:55:27.000Z</time></trkpt>
<trkpt lat="30.62284638513021" lon="104.0675241519516"><ele>489</ele><time>2025-08-13T13:55:28.000Z</time></trkpt>
<trkpt lat="30.62284638513021" lon="104.0675241519516"><ele>488</ele><time>2025-08-13T13:55:29.000Z</time></trkpt>
<trkpt lat="30.62284638513021" lon="104.0675241519516"><ele>488</ele><time>2025-08-13T13:55:30.000Z</time></trkpt>
<trkpt lat="30.62284638513021" lon="104.0675241519516"><ele>489</ele><time>2025-08-13T13:55:31.000Z</time></trkpt>
<trkpt lat="30.62284638513021" lon="104.0675241519516"><ele>488</ele><time>2025-08-13T13:55:32.000Z</time></trkpt>
<trkpt lat="30.62284638513021" lon="104.0675241519516"><ele>488</ele><time>2025-08-13T13:55:33.000Z</time></trkpt>
<trkpt lat="30.62284638513021" lon="104.0675241519516"><ele>487</ele><time>2025-08-13T13:55:34.000Z</time></trkpt>
<trkpt lat="30.62284638513021" lon="104.0675241519516"><ele>487</ele><time>2025-08-13T13:55:35.000Z</time></trkpt>
<trkpt lat="30.62284638513021" lon="104.0675241519516"><ele>487</ele><time>2025-08-13T13:55:36.000Z</time></trkpt>
<trkpt lat="30.62284638513021" lon="104.0675241519516"><ele>487</ele><time>2025-08-13T13:55:37.000Z</time></trkpt>
<trkpt lat="30.62284638513021" lon="104.0675241519516"><ele>487</ele><time>2025-08-13T13:55:38.000Z</time></trkpt>
<trkpt lat="30.62284638513021" lon="104.0675241519516"><ele>487</ele><time>2025-08-13T13:55:39.000Z</time></trkpt>
<trkpt lat="30.62284638513021" lon="104.0675241519516"><ele>487</ele><time>2025-08-13T13:55:40.000Z</time></trkpt>
<trkpt lat="30.62284638513021" lon="104.0675241519516"><ele>487</ele><time>2025-08-13T13:55:41.000Z</time></trkpt>
<trkpt lat="30.62284638513021" lon="104.0675241519516"><ele>487</ele><time>2025-08-13T13:55:42.000Z</time></trkpt>
<trkpt lat="30.62284638513021" lon="104.0675241519516"><ele>488</ele><time>2025-08-13T13:55:43.000Z</time></trkpt>
<trkpt lat="30.62284638513021" lon="104.0675241519516"><ele>488</ele><time>2025-08-13T13:55:44.000Z</time></trkpt>
<trkpt lat="30.62284638513021" lon="104.0675241519516"><ele>488</ele><time>2025-08-13T13:55:45.000Z</time></trkpt>
<trkpt lat="30.62284638513021" lon="104.0675241519516"><ele>488</ele><time>2025-08-13T13:55:46.000Z</time></trkpt>
<trkpt lat="30.62284638513021" lon="104.0675241519516"><ele>488</ele><time>2025-08-13T13:55:47.000Z</time></trkpt>
<trkpt lat="30.62284638513021" lon="104.0675241519516"><ele>487</ele><time>2025-08-13T13:55:48.000Z</time></trkpt>
<trkpt lat="30.62284638513021" lon="104.0675241519516"><ele>488</ele><time>2025-08-13T13:55:49.000Z</time></trkpt>
<trkpt lat="30.62284638513021" lon="104.0675241519516"><ele>488</ele><time>2025-08-13T13:55:50.000Z</time></trkpt>
<trkpt lat="30.62284638513021" lon="104.0675241519516"><ele>487</ele><time>2025-08-13T13:55:51.000Z</time></trkpt>
<trkpt lat="30.62284638513021" lon="104.0675241519516"><ele>487</ele><time>2025-08-13T13:55:52.000Z</time></trkpt>
<trkpt lat="30.62284638513021" lon="104.0675241519516"><ele>487</ele><time>2025-08-13T13:55:53.000Z</time></trkpt>
<trkpt lat="30.62284638513021" lon="104.0675241519516"><ele>487</ele><time>2025-08-13T13:55:54.000Z</time></trkpt>
<trkpt lat="30.62284638513021" lon="104.0675241519516"><ele>487</ele><time>2025-08-13T13:55:55.000Z</time></trkpt>
<trkpt lat="30.62284638513021" lon="104.0675241519516"><ele>486</ele><time>2025-08-13T13:55:56.000Z</time></trkpt>
<trkpt lat="30.62284638513021" lon="104.0675241519516"><ele>486</ele><time>2025-08-13T13:55:57.000Z</time></trkpt>
<trkpt lat="30.62284638513021" lon="104.0675241519516"><ele>485</ele><time>2025-08-13T13:55:58.000Z</time></trkpt>
<trkpt lat="30.62284638513021" lon="104.0675241519516"><ele>485</ele><time>2025-08-13T13:55:59.000Z</time></trkpt>
<trkpt lat="30.62284638513021" lon="104.0675241519516"><ele>485</ele><time>2025-08-13T13:56:00.000Z</time></trkpt>
<trkpt lat="30.62284638513021" lon="104.0675241519516"><ele>484</ele><time>2025-08-13T13:56:01.000Z</time></trkpt>
<trkpt lat="30.62284638513021" lon="104.0675241519516"><ele>484</ele><time>2025-08-13T13:56:02.000Z</time></trkpt>
<trkpt lat="30.62284638513021" lon="104.0675241519516"><ele>484</ele><time>2025-08-13T13:56:03.000Z</time></trkpt>
<trkpt lat="30.62284638513021" lon="104.0675241519516"><ele>484</ele><time>2025-08-13T13:56:04.000Z</time></trkpt>
<trkpt lat="30.62284638513021" lon="104.0675241519516"><ele>484</ele><time>2025-08-13T13:56:05.000Z</time></trkpt>
<trkpt lat="30.62284638513021" lon="104.0675241519516"><ele>485</ele><time>2025-08-13T13:56:06.000Z</time></trkpt>
<trkpt lat="30.62284638513021" lon="104.0675241519516"><ele>484</ele><time>2025-08-13T13:56:07.000Z</time></trkpt>
<trkpt lat="30.62284638513021" lon="104.0675241519516"><ele>484</ele><time>2025-08-13T13:56:08.000Z</time></trkpt>
<trkpt lat="30.62284638513021" lon="104.0675241519516"><ele>484</ele><time>2025-08-13T13:56:09.000Z</time></trkpt>
<trkpt lat="30.62284638513021" lon="104.0675241519516"><ele>485</ele><time>2025-08-13T13:56:10.000Z</time></trkpt>
<trkpt lat="30.62284638513021" lon="104.0675241519516"><ele>484</ele><time>2025-08-13T13:56:11.000Z</time></trkpt>
<trkpt lat="30.62284638513021" lon="104.0675241519516"><ele>486</ele><time>2025-08-13T13:56:12.000Z</time></trkpt>
<trkpt lat="30.62284638513021" lon="104.0675241519516"><ele>485</ele><time>2025-08-13T13:56:13.000Z</time></trkpt>
<trkpt lat="30.62284638513021" lon="104.0675241519516"><ele>484</ele><time>2025-08-13T13:56:14.000Z</time></trkpt>
<trkpt lat="30.62284638513021" lon="104.0675241519516"><ele>484</ele><time>2025-08-13T13:56:15.000Z</time></trkpt>
<trkpt lat="30.62284638513021" lon="104.0675241519516"><ele>485</ele><time>2025-08-13T13:56:16.000Z</time></trkpt>
<trkpt lat="30.62284638513021" lon="104.0675241519516"><ele>484</ele><time>2025-08-13T13:56:17.000Z</time></trkpt>
<trkpt lat="30.62284638513021" lon="104.0675241519516"><ele>484</ele><time>2025-08-13T13:56:18.000Z</time></trkpt>
<trkpt lat="30.62284638513021" lon="104.0675241519516"><ele>484</ele><time>2025-08-13T13:56:19.000Z</time></trkpt>
<trkpt lat="30.62284638513021" lon="104.0675241519516"><ele>484</ele><time>2025-08-13T13:56:20.000Z</time></trkpt>
<trkpt lat="30.62284638513021" lon="104.0675241519516"><ele>485</ele><time>2025-08-13T13:56:21.000Z</time></trkpt>
<trkpt lat="30.62284638513021" lon="104.0675241519516"><ele>484</ele><time>2025-08-13T13:56:22.000Z</time></trkpt>
<trkpt lat="30.62284638513021" lon="104.0675241519516"><ele>484</ele><time>2025-08-13T13:56:23.000Z</time></trkpt>
<trkpt lat="30.62284638513021" lon="104.0675241519516"><ele>484</ele><time>2025-08-13T13:56:24.000Z</time></trkpt>
<trkpt lat="30.62284638513021" lon="104.0675241519516"><ele>484</ele><time>2025-08-13T13:56:25.000Z</time></trkpt>
<trkpt lat="30.62284638513021" lon="104.0675241519516"><ele>484</ele><time>2025-08-13T13:56:26.000Z</time></trkpt>
<trkpt lat="30.62284638513021" lon="104.0675241519516"><ele>484</ele><time>2025-08-13T13:56:27.000Z</time></trkpt>
<trkpt lat="30.62284638513021" lon="104.0675241519516"><ele>484</ele><time>2025-08-13T13:56:28.000Z</time></trkpt>
<trkpt lat="30.62284638513021" lon="104.0675241519516"><ele>485</ele><time>2025-08-13T13:56:29.000Z</time></trkpt>
<trkpt lat="30.62284638513021" lon="104.0675241519516"><ele>484</ele><time>2025-08-13T13:56:30.000Z</time></trkpt>
<trkpt lat="30.62284638513021" lon="104.0675241519516"><ele>485</ele><time>2025-08-13T13:56:31.000Z</time></trkpt>
<trkpt lat="30.62284638513021" lon="104.0675241519516"><ele>485</ele><time>2025-08-13T13:56:32.000Z</time></trkpt>
<trkpt lat="30.62284638513021" lon="104.0675241519516"><ele>484</ele><time>2025-08-13T13:56:33.000Z</time></trkpt>
<trkpt lat="30.62284638513021" lon="104.0675241519516"><ele>485</ele><time>2025-08-13T13:56:34.000Z</time></trkpt>
<trkpt lat="30.62284638513021" lon="104.0675241519516"><ele>485</ele><time>2025-08-13T13:56:35.000Z</time></trkpt>
<trkpt lat="30.62284638513021" lon="104.0675241519516"><ele>485</ele><time>2025-08-13T13:56:36.000Z</time></trkpt>
<trkpt lat="30.62284638513021" lon="104.0675241519516"><ele>484</ele><time>2025-08-13T13:56:37.000Z</time></trkpt>
<trkpt lat="30.62284638513021" lon="104.0675241519516"><ele>484</ele><time>2025-08-13T13:56:38.000Z</time></trkpt>
<trkpt lat="30.62284638513021" lon="104.0675241519516"><ele>485</ele><time>2025-08-13T13:56:39.000Z</time></trkpt>
<trkpt lat="30.62284638513021" lon="104.0675241519516"><ele>485</ele><time>2025-08-13T13:56:40.000Z</time></trkpt>
<trkpt lat="30.62284638513021" lon="104.0675241519516"><ele>484</ele><time>2025-08-13T13:56:41.000Z</time></trkpt>
<trkpt lat="30.62284638513021" lon="104.0675241519516"><ele>484</ele><time>2025-08-13T13:56:42.000Z</time></trkpt>
<trkpt lat="30.62284638513021" lon="104.0675241519516"><ele>484</ele><time>2025-08-13T13:56:43.000Z</time></trkpt>
<trkpt lat="30.62284638513021" lon="104.0675241519516"><ele>484</ele><time>2025-08-13T13:56:44.000Z</time></trkpt>
<trkpt lat="30.62284638513021" lon="104.0675241519516"><ele>483</ele><time>2025-08-13T13:56:45.000Z</time></trkpt>
<trkpt lat="30.62284638513021" lon="104.0675241519516"><ele>482</ele><time>2025-08-13T13:56:46.000Z</time></trkpt>
<trkpt lat="30.62284638513021" lon="104.0675241519516"><ele>482</ele><time>2025-08-13T13:56:47.000Z</time></trkpt>
<trkpt lat="30.62284638513021" lon="104.0675241519516"><ele>482</ele><time>2025-08-13T13:56:48.000Z</time></trkpt>
<trkpt lat="30.62284638513021" lon="104.0675241519516"><ele>482</ele><time>2025-08-13T13:56:49.000Z</time></trkpt>
<trkpt lat="30.62284638513021" lon="104.0675241519516"><ele>483</ele><time>2025-08-13T13:56:50.000Z</time></trkpt>
<trkpt lat="30.62284638513021" lon="104.0675241519516"><ele>482</ele><time>2025-08-13T13:56:51.000Z</time></trkpt>
<trkpt lat="30.62284638513021" lon="104.0675241519516"><ele>482</ele><time>2025-08-13T13:56:52.000Z</time></trkpt>
<trkpt lat="30.62284638513021" lon="104.0675241519516"><ele>483</ele><time>2025-08-13T13:56:53.000Z</time></trkpt>
<trkpt lat="30.62284638513021" lon="104.0675241519516"><ele>483</ele><time>2025-08-13T13:56:54.000Z</time></trkpt>
<trkpt lat="30.62284638513021" lon="104.0675241519516"><ele>483</ele><time>2025-08-13T13:56:55.000Z</time></trkpt>
<trkpt lat="30.62284638513021" lon="104.0675241519516"><ele>483</ele><time>2025-08-13T13:56:56.000Z</time></trkpt>
<trkpt lat="30.62284638513021" lon="104.0675241519516"><ele>483</ele><time>2025-08-13T13:56:57.000Z</time></trkpt>
<trkpt lat="30.62284638513021" lon="104.0675241519516"><ele>483</ele><time>2025-08-13T13:56:58.000Z</time></trkpt>
<trkpt lat="30.62284638513021" lon="104.0675241519516"><ele>483</ele><time>2025-08-13T13:56:59.000Z</time></trkpt>
<trkpt lat="30.62284638513021" lon="104.0675241519516"><ele>483</ele><time>2025-08-13T13:57:00.000Z</time></trkpt>
<trkpt lat="30.62284638513021" lon="104.0675241519516"><ele>483</ele><time>2025-08-13T13:57:01.000Z</time></trkpt>
<trkpt lat="30.62284638513021" lon="104.0675241519516"><ele>483</ele><time>2025-08-13T13:57:02.000Z</time></trkpt>
<trkpt lat="30.62284638513021" lon="104.0675241519516"><ele>483</ele><time>2025-08-13T13:57:03.000Z</time></trkpt>
<trkpt lat="30.62284638513021" lon="104.0675241519516"><ele>483</ele><time>2025-08-13T13:57:04.000Z</time></trkpt>
<trkpt lat="30.62284638513021" lon="104.0675241519516"><ele>483</ele><time>2025-08-13T13:57:05.000Z</time></trkpt>
<trkpt lat="30.62284638513021" lon="104.0675241519516"><ele>483</ele><time>2025-08-13T13:57:06.000Z</time></trkpt>
<trkpt lat="30.62284638513021" lon="104.0675241519516"><ele>484</ele><time>2025-08-13T13:57:07.000Z</time></trkpt>
<trkpt lat="30.62284638513021" lon="104.0675241519516"><ele>484</ele><time>2025-08-13T13:57:08.000Z</time></trkpt>
<trkpt lat="30.62284638513021" lon="104.0675241519516"><ele>484</ele><time>2025-08-13T13:57:09.000Z</time></trkpt>
<trkpt lat="30.62284638513021" lon="104.0675241519516"><ele>484</ele><time>2025-08-13T13:57:10.000Z</time></trkpt>
<trkpt lat="30.62284638513021" lon="104.0675241519516"><ele>484</ele><time>2025-08-13T13:57:11.000Z</time></trkpt>
<trkpt lat="30.62284638513021" lon="104.0675241519516"><ele>485</ele><time>2025-08-13T13:57:12.000Z</time></trkpt>
<trkpt lat="30.62284638513021" lon="104.0675241519516"><ele>484</ele><time>2025-08-13T13:57:13.000Z</time></trkpt>
<trkpt lat="30.62284638513021" lon="104.0675241519516"><ele>485</ele><time>2025-08-13T13:57:14.000Z</time></trkpt>
<trkpt lat="30.62284638513021" lon="104.0675241519516"><ele>485</ele><time>2025-08-13T13:57:15.000Z</time></trkpt>
<trkpt lat="30.62284638513021" lon="104.0675241519516"><ele>485</ele><time>2025-08-13T13:57:16.000Z</time></trkpt>
<trkpt lat="30.62284638513021" lon="104.0675241519516"><ele>485</ele><time>2025-08-13T13:57:17.000Z</time></trkpt>
<trkpt lat="30.62284638513021" lon="104.0675241519516"><ele>485</ele><time>2025-08-13T13:57:18.000Z</time></trkpt>
<trkpt lat="30.62284638513021" lon="104.0675241519516"><ele>485</ele><time>2025-08-13T13:57:19.000Z</time></trkpt>
<trkpt lat="30.62284638513021" lon="104.0675241519516"><ele>485</ele><time>2025-08-13T13:57:20.000Z</time></trkpt>
<trkpt lat="30.62284638513021" lon="104.0675241519516"><ele>485</ele><time>2025-08-13T13:57:21.000Z</time></trkpt>
<trkpt lat="30.62284638513021" lon="104.0675241519516"><ele>484</ele><time>2025-08-13T13:57:22.000Z</time></trkpt>
<trkpt lat="30.62284638513021" lon="104.0675241519516"><ele>485</ele><time>2025-08-13T13:57:23.000Z</time></trkpt>
<trkpt lat="30.62284638513021" lon="104.0675241519516"><ele>485</ele><time>2025-08-13T13:57:24.000Z</time></trkpt>
<trkpt lat="30.62284638513021" lon="104.0675241519516"><ele>484</ele><time>2025-08-13T13:57:25.000Z</time></trkpt>
<trkpt lat="30.62284638513021" lon="104.0675241519516"><ele>485</ele><time>2025-08-13T13:57:26.000Z</time></trkpt>
<trkpt lat="30.62284638513021" lon="104.0675241519516"><ele>484</ele><time>2025-08-13T13:57:27.000Z</time></trkpt>
<trkpt lat="30.62284638513021" lon="104.0675241519516"><ele>484</ele><time>2025-08-13T13:57:28.000Z</time></trkpt>
<trkpt lat="30.62284638513021" lon="104.0675241519516"><ele>484</ele><time>2025-08-13T13:57:29.000Z</time></trkpt>
<trkpt lat="30.62284638513021" lon="104.0675241519516"><ele>484</ele><time>2025-08-13T13:57:30.000Z</time></trkpt>
<trkpt lat="30.62284638513021" lon="104.0675241519516"><ele>485</ele><time>2025-08-13T13:57:31.000Z</time></trkpt>
<trkpt lat="30.62284638513021" lon="104.0675241519516"><ele>485</ele><time>2025-08-13T13:57:32.000Z</time></trkpt>
<trkpt lat="30.62284638513021" lon="104.0675241519516"><ele>485</ele><time>2025-08-13T13:57:33.000Z</time></trkpt>
<trkpt lat="30.62284638513021" lon="104.0675241519516"><ele>485</ele><time>2025-08-13T13:57:34.000Z</time></trkpt>
<trkpt lat="30.62284638513021" lon="104.0675241519516"><ele>485</ele><time>2025-08-13T13:57:35.000Z</time></trkpt>
<trkpt lat="30.62284638513021" lon="104.0675241519516"><ele>485</ele><time>2025-08-13T13:57:36.000Z</time></trkpt>
<trkpt lat="30.62284638513021" lon="104.0675241519516"><ele>484</ele><time>2025-08-13T13:57:37.000Z</time></trkpt>
<trkpt lat="30.62284638513021" lon="104.0675241519516"><ele>484</ele><time>2025-08-13T13:57:38.000Z</time></trkpt>
<trkpt lat="30.62284638513021" lon="104.0675241519516"><ele>484</ele><time>2025-08-13T13:57:39.000Z</time></trkpt>
<trkpt lat="30.62284638513021" lon="104.0675241519516"><ele>484</ele><time>2025-08-13T13:57:40.000Z</time></trkpt>
<trkpt lat="30.62284638513021" lon="104.0675241519516"><ele>484</ele><time>2025-08-13T13:57:41.000Z</time></trkpt>
<trkpt lat="30.62284638513021" lon="104.0675241519516"><ele>484</ele><time>2025-08-13T13:57:42.000Z</time></trkpt>
<trkpt lat="30.62284638513021" lon="104.0675241519516"><ele>484</ele><time>2025-08-13T13:57:43.000Z</time></trkpt>
<trkpt lat="30.62284638513021" lon="104.0675241519516"><ele>485</ele><time>2025-08-13T13:57:44.000Z</time></trkpt>
<trkpt lat="30.62284638513021" lon="104.0675241519516"><ele>483</ele><time>2025-08-13T13:57:45.000Z</time></trkpt>
<trkpt lat="30.62284638513021" lon="104.0675241519516"><ele>483</ele><time>2025-08-13T13:57:46.000Z</time></trkpt>
<trkpt lat="30.62284638513021" lon="104.0675241519516"><ele>482</ele><time>2025-08-13T13:57:47.000Z</time></trkpt>
<trkpt lat="30.62284638513021" lon="104.0675241519516"><ele>482</ele><time>2025-08-13T13:57:48.000Z</time></trkpt>
<trkpt lat="30.62284638513021" lon="104.0675241519516"><ele>482</ele><time>2025-08-13T13:57:49.000Z</time></trkpt>
<trkpt lat="30.62284638513021" lon="104.0675241519516"><ele>482</ele><time>2025-08-13T13:57:50.000Z</time></trkpt>
<trkpt lat="30.62284638513021" lon="104.0675241519516"><ele>483</ele><time>2025-08-13T13:57:51.000Z</time></trkpt>
<trkpt lat="30.62284638513021" lon="104.0675241519516"><ele>483</ele><time>2025-08-13T13:57:52.000Z</time></trkpt>
<trkpt lat="30.62284638513021" lon="104.0675241519516"><ele>484</ele><time>2025-08-13T13:57:53.000Z</time></trkpt>
<trkpt lat="30.62284638513021" lon="104.0675241519516"><ele>484</ele><time>2025-08-13T13:57:54.000Z</time></trkpt>
<trkpt lat="30.62284638513021" lon="104.0675241519516"><ele>484</ele><time>2025-08-13T13:57:55.000Z</time></trkpt>
<trkpt lat="30.62284638513021" lon="104.0675241519516"><ele>483</ele><time>2025-08-13T13:57:56.000Z</time></trkpt>
<trkpt lat="30.62284638513021" lon="104.0675241519516"><ele>484</ele><time>2025-08-13T13:57:57.000Z</time></trkpt>
<trkpt lat="30.62284638513021" lon="104.0675241519516"><ele>484</ele><time>2025-08-13T13:57:58.000Z</time></trkpt>
<trkpt lat="30.62284638513021" lon="104.0675241519516"><ele>483</ele><time>2025-08-13T13:57:59.000Z</time></trkpt>
<trkpt lat="30.62284638513021" lon="104.0675241519516"><ele>483</ele><time>2025-08-13T13:58:00.000Z</time></trkpt>
<trkpt lat="30.62284638513021" lon="104.0675241519516"><ele>484</ele><time>2025-08-13T13:58:01.000Z</time></trkpt>
<trkpt lat="30.62284638513021" lon="104.0675241519516"><ele>483</ele><time>2025-08-13T13:58:02.000Z</time></trkpt>
<trkpt lat="30.62284638513021" lon="104.0675241519516"><ele>483</ele><time>2025-08-13T13:58:03.000Z</time></trkpt>
<trkpt lat="30.62284638513021" lon="104.0675241519516"><ele>483</ele><time>2025-08-13T13:58:04.000Z</time></trkpt>
<trkpt lat="30.62284638513021" lon="104.0675241519516"><ele>484</ele><time>2025-08-13T13:58:05.000Z</time></trkpt>
<trkpt lat="30.62284638513021" lon="104.0675241519516"><ele>484</ele><time>2025-08-13T13:58:06.000Z</time></trkpt>
<trkpt lat="30.62284638513021" lon="104.0675241519516"><ele>484</ele><time>2025-08-13T13:58:07.000Z</time></trkpt>
<trkpt lat="30.62284638513021" lon="104.0675241519516"><ele>484</ele><time>2025-08-13T13:58:08.000Z</time></trkpt>
<trkpt lat="30.62284638513021" lon="104.0675241519516"><ele>485</ele><time>2025-08-13T13:58:09.000Z</time></trkpt>
<trkpt lat="30.62284638513021" lon="104.0675241519516"><ele>485</ele><time>2025-08-13T13:58:10.000Z</time></trkpt>
<trkpt lat="30.62284638513021" lon="104.0675241519516"><ele>485</ele><time>2025-08-13T13:58:11.000Z</time></trkpt>
<trkpt lat="30.62284638513021" lon="104.0675241519516"><ele>485</ele><time>2025-08-13T13:58:12.000Z</time></trkpt>
<trkpt lat="30.62284638513021" lon="104.0675241519516"><ele>485</ele><time>2025-08-13T13:58:13.000Z</time></trkpt>
<trkpt lat="30.62284638513021" lon="104.0675241519516"><ele>484</ele><time>2025-08-13T13:58:14.000Z</time></trkpt>
<trkpt lat="30.62284638513021" lon="104.0675241519516"><ele>484</ele><time>2025-08-13T13:58:15.000Z</time></trkpt>
<trkpt lat="30.62284638513021" lon="104.0675241519516"><ele>486</ele><time>2025-08-13T13:58:16.000Z</time></trkpt>
<trkpt lat="30.62284638513021" lon="104.0675241519516"><ele>485</ele><time>2025-08-13T13:58:17.000Z</time></trkpt>
<trkpt lat="30.62284638513021" lon="104.0675241519516"><ele>484</ele><time>2025-08-13T13:58:18.000Z</time></trkpt>
<trkpt lat="30.62284638513021" lon="104.0675241519516"><ele>485</ele><time>2025-08-13T13:58:19.000Z</time></trkpt>
<trkpt lat="30.62284638513021" lon="104.0675241519516"><ele>484</ele><time>2025-08-13T13:58:20.000Z</time></trkpt>
<trkpt lat="30.62284638513021" lon="104.0675241519516"><ele>484</ele><time>2025-08-13T13:58:21.000Z</time></trkpt>
<trkpt lat="30.62284638513021" lon="104.0675241519516"><ele>484</ele><time>2025-08-13T13:58:22.000Z</time></trkpt>
<trkpt lat="30.62284638513021" lon="104.0675241519516"><ele>483</ele><time>2025-08-13T13:58:23.000Z</time></trkpt>
<trkpt lat="30.62284638513021" lon="104.0675241519516"><ele>484</ele><time>2025-08-13T13:58:24.000Z</time></trkpt>
<trkpt lat="30.62284638513021" lon="104.0675241519516"><ele>484</ele><time>2025-08-13T13:58:25.000Z</time></trkpt>
<trkpt lat="30.62284638513021" lon="104.0675241519516"><ele>484</ele><time>2025-08-13T13:58:26.000Z</time></trkpt>
<trkpt lat="30.62284638513021" lon="104.0675241519516"><ele>484</ele><time>2025-08-13T13:58:27.000Z</time></trkpt>
<trkpt lat="30.62284638513021" lon="104.0675241519516"><ele>485</ele><time>2025-08-13T13:58:28.000Z</time></trkpt>
<trkpt lat="30.62284638513021" lon="104.0675241519516"><ele>485</ele><time>2025-08-13T13:58:29.000Z</time></trkpt>
<trkpt lat="30.62284638513021" lon="104.0675241519516"><ele>484</ele><time>2025-08-13T13:58:30.000Z</time></trkpt>
<trkpt lat="30.62284638513021" lon="104.0675241519516"><ele>485</ele><time>2025-08-13T13:58:31.000Z</time></trkpt>
<trkpt lat="30.62284638513021" lon="104.0675241519516"><ele>484</ele><time>2025-08-13T13:58:32.000Z</time></trkpt>
<trkpt lat="30.62284638513021" lon="104.0675241519516"><ele>485</ele><time>2025-08-13T13:58:33.000Z</time></trkpt>
<trkpt lat="30.62284638513021" lon="104.0675241519516"><ele>486</ele><time>2025-08-13T13:58:34.000Z</time></trkpt>
<trkpt lat="30.62284638513021" lon="104.0675241519516"><ele>485</ele><time>2025-08-13T13:58:35.000Z</time></trkpt>
<trkpt lat="30.62284638513021" lon="104.0675241519516"><ele>484</ele><time>2025-08-13T13:58:36.000Z</time></trkpt>
<trkpt lat="30.62284638513021" lon="104.0675241519516"><ele>485</ele><time>2025-08-13T13:58:37.000Z</time></trkpt>
<trkpt lat="30.62284638513021" lon="104.0675241519516"><ele>486</ele><time>2025-08-13T13:58:38.000Z</time></trkpt>
<trkpt lat="30.62284638513021" lon="104.0675241519516"><ele>487</ele><time>2025-08-13T13:58:39.000Z</time></trkpt>
<trkpt lat="30.62284638513021" lon="104.0675241519516"><ele>486</ele><time>2025-08-13T13:58:40.000Z</time></trkpt>
<trkpt lat="30.62284638513021" lon="104.0675241519516"><ele>485</ele><time>2025-08-13T13:58:41.000Z</time></trkpt>
<trkpt lat="30.62284638513021" lon="104.0675241519516"><ele>486</ele><time>2025-08-13T13:58:42.000Z</time></trkpt>
<trkpt lat="30.62284638513021" lon="104.0675241519516"><ele>486</ele><time>2025-08-13T13:58:43.000Z</time></trkpt>
<trkpt lat="30.62284638513021" lon="104.0675241519516"><ele>485</ele><time>2025-08-13T13:58:44.000Z</time></trkpt>
<trkpt lat="30.62284638513021" lon="104.0675241519516"><ele>485</ele><time>2025-08-13T13:58:45.000Z</time></trkpt>
<trkpt lat="30.62284638513021" lon="104.0675241519516"><ele>486</ele><time>2025-08-13T13:58:46.000Z</time></trkpt>
<trkpt lat="30.62284638513021" lon="104.0675241519516"><ele>486</ele><time>2025-08-13T13:58:47.000Z</time></trkpt>
<trkpt lat="30.62284638513021" lon="104.0675241519516"><ele>488</ele><time>2025-08-13T13:58:48.000Z</time></trkpt>
<trkpt lat="30.62284638513021" lon="104.0675241519516"><ele>488</ele><time>2025-08-13T13:58:49.000Z</time></trkpt>
<trkpt lat="30.62284638513021" lon="104.0675241519516"><ele>489</ele><time>2025-08-13T13:58:50.000Z</time></trkpt>
<trkpt lat="30.62284638513021" lon="104.0675241519516"><ele>489</ele><time>2025-08-13T13:58:51.000Z</time></trkpt>
<trkpt lat="30.62284638513021" lon="104.0675241519516"><ele>489</ele><time>2025-08-13T13:58:52.000Z</time></trkpt>
<trkpt lat="30.62284638513021" lon="104.0675241519516"><ele>489</ele><time>2025-08-13T13:58:53.000Z</time></trkpt>
<trkpt lat="30.62284638513021" lon="104.0675241519516"><ele>489</ele><time>2025-08-13T13:58:54.000Z</time></trkpt>
<trkpt lat="30.62284638513021" lon="104.0675241519516"><ele>489</ele><time>2025-08-13T13:58:55.000Z</time></trkpt>
<trkpt lat="30.62284638513021" lon="104.0675241519516"><ele>489</ele><time>2025-08-13T13:58:56.000Z</time></trkpt>
<trkpt lat="30.62284638513021" lon="104.0675241519516"><ele>489</ele><time>2025-08-13T13:58:57.000Z</time></trkpt>
<trkpt lat="30.62284638513021" lon="104.0675241519516"><ele>489</ele><time>2025-08-13T13:58:58.000Z</time></trkpt>
<trkpt lat="30.62284638513021" lon="104.0675241519516"><ele>489</ele><time>2025-08-13T13:58:59.000Z</time></trkpt>
<trkpt lat="30.62284638513021" lon="104.0675241519516"><ele>488</ele><time>2025-08-13T13:59:00.000Z</time></trkpt>
<trkpt lat="30.62284638513021" lon="104.0675241519516"><ele>489</ele><time>2025-08-13T13:59:01.000Z</time></trkpt>
<trkpt lat="30.62284638513021" lon="104.0675241519516"><ele>488</ele><time>2025-08-13T13:59:02.000Z</time></trkpt>
<trkpt lat="30.62284638513021" lon="104.0675241519516"><ele>488</ele><time>2025-08-13T13:59:03.000Z</time></trkpt>
<trkpt lat="30.62284638513021" lon="104.0675241519516"><ele>487</ele><time>2025-08-13T13:59:04.000Z</time></trkpt>
<trkpt lat="30.62284638513021" lon="104.0675241519516"><ele>487</ele><time>2025-08-13T13:59:05.000Z</time></trkpt>
<trkpt lat="30.62284638513021" lon="104.0675241519516"><ele>487</ele><time>2025-08-13T13:59:06.000Z</time></trkpt>
<trkpt lat="30.62284638513021" lon="104.0675241519516"><ele>487</ele><time>2025-08-13T13:59:07.000Z</time></trkpt>
<trkpt lat="30.62284638513021" lon="104.0675241519516"><ele>487</ele><time>2025-08-13T13:59:08.000Z</time></trkpt>
<trkpt lat="30.62284638513021" lon="104.0675241519516"><ele>487</ele><time>2025-08-13T13:59:09.000Z</time></trkpt>
<trkpt lat="30.62284638513021" lon="104.0675241519516"><ele>486</ele><time>2025-08-13T13:59:10.000Z</time></trkpt>
<trkpt lat="30.62284638513021" lon="104.0675241519516"><ele>486</ele><time>2025-08-13T13:59:11.000Z</time></trkpt>
<trkpt lat="30.62284638513021" lon="104.0675241519516"><ele>486</ele><time>2025-08-13T13:59:12.000Z</time></trkpt>
<trkpt lat="30.62284638513021" lon="104.0675241519516"><ele>486</ele><time>2025-08-13T13:59:13.000Z</time></trkpt>
<trkpt lat="30.62284638513021" lon="104.0675241519516"><ele>485</ele><time>2025-08-13T13:59:14.000Z</time></trkpt>
<trkpt lat="30.62284638513021" lon="104.0675241519516"><ele>485</ele><time>2025-08-13T13:59:15.000Z</time></trkpt>
<trkpt lat="30.62284638513021" lon="104.0675241519516"><ele>485</ele><time>2025-08-13T13:59:16.000Z</time></trkpt>
<trkpt lat="30.62284638513021" lon="104.0675241519516"><ele>483</ele><time>2025-08-13T13:59:17.000Z</time></trkpt>
<trkpt lat="30.62284638513021" lon="104.0675241519516"><ele>482</ele><time>2025-08-13T13:59:18.000Z</time></trkpt>
<trkpt lat="30.62284638513021" lon="104.0675241519516"><ele>481</ele><time>2025-08-13T13:59:19.000Z</time></trkpt>
<trkpt lat="30.62284638513021" lon="104.0675241519516"><ele>481</ele><time>2025-08-13T13:59:20.000Z</time></trkpt>
<trkpt lat="30.62284638513021" lon="104.0675241519516"><ele>481</ele><time>2025-08-13T13:59:21.000Z</time></trkpt>
<trkpt lat="30.62284638513021" lon="104.0675241519516"><ele>480</ele><time>2025-08-13T13:59:22.000Z</time></trkpt>
<trkpt lat="30.62284638513021" lon="104.0675241519516"><ele>479</ele><time>2025-08-13T13:59:23.000Z</time></trkpt>
<trkpt lat="30.62284638513021" lon="104.0675241519516"><ele>479</ele><time>2025-08-13T13:59:24.000Z</time></trkpt>
<trkpt lat="30.62284638513021" lon="104.0675241519516"><ele>478</ele><time>2025-08-13T13:59:25.000Z</time></trkpt>
<trkpt lat="30.62284638513021" lon="104.0675241519516"><ele>478</ele><time>2025-08-13T13:59:26.000Z</time></trkpt>
<trkpt lat="30.62284638513021" lon="104.0675241519516"><ele>479</ele><time>2025-08-13T13:59:27.000Z</time></trkpt>
<trkpt lat="30.62284638513021" lon="104.0675241519516"><ele>478</ele><time>2025-08-13T13:59:28.000Z</time></trkpt>
<trkpt lat="30.62284638513021" lon="104.0675241519516"><ele>478</ele><time>2025-08-13T13:59:29.000Z</time></trkpt>
<trkpt lat="30.62284638513021" lon="104.0675241519516"><ele>478</ele><time>2025-08-13T13:59:30.000Z</time></trkpt>
<trkpt lat="30.62284638513021" lon="104.0675241519516"><ele>478</ele><time>2025-08-13T13:59:31.000Z</time></trkpt>
<trkpt lat="30.62284638513021" lon="104.0675241519516"><ele>480</ele><time>2025-08-13T13:59:32.000Z</time></trkpt>
<trkpt lat="30.62284638513021" lon="104.0675241519516"><ele>479</ele><time>2025-08-13T13:59:33.000Z</time></trkpt>
<trkpt lat="30.62284638513021" lon="104.0675241519516"><ele>479</ele><time>2025-08-13T13:59:34.000Z</time></trkpt>
<trkpt lat="30.62284638513021" lon="104.0675241519516"><ele>479</ele><time>2025-08-13T13:59:35.000Z</time></trkpt>
<trkpt lat="30.62284638513021" lon="104.0675241519516"><ele>480</ele><time>2025-08-13T13:59:36.000Z</time></trkpt>
<trkpt lat="30.62284638513021" lon="104.0675241519516"><ele>481</ele><time>2025-08-13T13:59:37.000Z</time></trkpt>
<trkpt lat="30.62284638513021" lon="104.0675241519516"><ele>481</ele><time>2025-08-13T13:59:38.000Z</time></trkpt>
<trkpt lat="30.62284638513021" lon="104.0675241519516"><ele>482</ele><time>2025-08-13T13:59:39.000Z</time></trkpt>
<trkpt lat="30.62284638513021" lon="104.0675241519516"><ele>483</ele><time>2025-08-13T13:59:40.000Z</time></trkpt>
<trkpt lat="30.62284638513021" lon="104.0675241519516"><ele>483</ele><time>2025-08-13T13:59:41.000Z</time></trkpt>
<trkpt lat="30.62284638513021" lon="104.0675241519516"><ele>483</ele><time>2025-08-13T13:59:42.000Z</time></trkpt>
<trkpt lat="30.62284638513021" lon="104.0675241519516"><ele>482</ele><time>2025-08-13T13:59:43.000Z</time></trkpt>
<trkpt lat="30.62284638513021" lon="104.0675241519516"><ele>484</ele><time>2025-08-13T13:59:44.000Z</time></trkpt>
<trkpt lat="30.62284638513021" lon="104.0675241519516"><ele>484</ele><time>2025-08-13T13:59:45.000Z</time></trkpt>
<trkpt lat="30.62284638513021" lon="104.0675241519516"><ele>485</ele><time>2025-08-13T13:59:46.000Z</time></trkpt>
<trkpt lat="30.62284638513021" lon="104.0675241519516"><ele>485</ele><time>2025-08-13T13:59:47.000Z</time></trkpt>
<trkpt lat="30.62284638513021" lon="104.0675241519516"><ele>486</ele><time>2025-08-13T13:59:48.000Z</time></trkpt>
<trkpt lat="30.62284638513021" lon="104.0675241519516"><ele>486</ele><time>2025-08-13T13:59:49.000Z</time></trkpt>
<trkpt lat="30.62284638513021" lon="104.0675241519516"><ele>485</ele><time>2025-08-13T13:59:50.000Z</time></trkpt>
<trkpt lat="30.62284638513021" lon="104.0675241519516"><ele>485</ele><time>2025-08-13T13:59:51.000Z</time></trkpt>
<trkpt lat="30.62284638513021" lon="104.0675241519516"><ele>486</ele><time>2025-08-13T13:59:52.000Z</time></trkpt>
<trkpt lat="30.62284638513021" lon="104.0675241519516"><ele>486</ele><time>2025-08-13T13:59:53.000Z</time></trkpt>
<trkpt lat="30.62284638513021" lon="104.0675241519516"><ele>486</ele><time>2025-08-13T13:59:54.000Z</time></trkpt>
<trkpt lat="30.62284638513021" lon="104.0675241519516"><ele>486</ele><time>2025-08-13T13:59:55.000Z</time></trkpt>
<trkpt lat="30.62284638513021" lon="104.0675241519516"><ele>486</ele><time>2025-08-13T13:59:56.000Z</time></trkpt>
<trkpt lat="30.62284638513021" lon="104.0675241519516"><ele>486</ele><time>2025-08-13T13:59:57.000Z</time></trkpt>
<trkpt lat="30.62284638513021" lon="104.0675241519516"><ele>487</ele><time>2025-08-13T13:59:58.000Z</time></trkpt>
<trkpt lat="30.62284638513021" lon="104.0675241519516"><ele>487</ele><time>2025-08-13T13:59:59.000Z</time></trkpt>
<trkpt lat="30.62284638513021" lon="104.0675241519516"><ele>488</ele><time>2025-08-13T14:00:00.000Z</time></trkpt>
<trkpt lat="30.62284638513021" lon="104.0675241519516"><ele>488</ele><time>2025-08-13T14:00:01.000Z</time></trkpt>
<trkpt lat="30.62284638513021" lon="104.0675241519516"><ele>488</ele><time>2025-08-13T14:00:02.000Z</time></trkpt>
<trkpt lat="30.62284638513021" lon="104.0675241519516"><ele>489</ele><time>2025-08-13T14:00:03.000Z</time></trkpt>
<trkpt lat="30.62284638513021" lon="104.0675241519516"><ele>490</ele><time>2025-08-13T14:00:04.000Z</time></trkpt>
<trkpt lat="30.62284638513021" lon="104.0675241519516"><ele>491</ele><time>2025-08-13T14:00:05.000Z</time></trkpt>
<trkpt lat="30.62284638513021" lon="104.0675241519516"><ele>491</ele><time>2025-08-13T14:00:06.000Z</time></trkpt>
<trkpt lat="30.62284638513021" lon="104.0675241519516"><ele>491</ele><time>2025-08-13T14:00:07.000Z</time></trkpt>
<trkpt lat="30.62284638513021" lon="104.0675241519516"><ele>491</ele><time>2025-08-13T14:00:08.000Z</time></trkpt>
<trkpt lat="30.62284638513021" lon="104.0675241519516"><ele>492</ele><time>2025-08-13T14:00:09.000Z</time></trkpt>
<trkpt lat="30.62284638513021" lon="104.0675241519516"><ele>491</ele><time>2025-08-13T14:00:10.000Z</time></trkpt>
<trkpt lat="30.62284638513021" lon="104.0675241519516"><ele>491</ele><time>2025-08-13T14:00:11.000Z</time></trkpt>
<trkpt lat="30.62284638513021" lon="104.0675241519516"><ele>492</ele><time>2025-08-13T14:00:12.000Z</time></trkpt>
<trkpt lat="30.62284638513021" lon="104.0675241519516"><ele>492</ele><time>2025-08-13T14:00:13.000Z</time></trkpt>
<trkpt lat="30.62284638513021" lon="104.0675241519516"><ele>492</ele><time>2025-08-13T14:00:14.000Z</time></trkpt>
<trkpt lat="30.62284638513021" lon="104.0675241519516"><ele>493</ele><time>2025-08-13T14:00:15.000Z</time></trkpt>
<trkpt lat="30.62284638513021" lon="104.0675241519516"><ele>492</ele><time>2025-08-13T14:00:16.000Z</time></trkpt>
<trkpt lat="30.62284638513021" lon="104.0675241519516"><ele>492</ele><time>2025-08-13T14:00:17.000Z</time></trkpt>
<trkpt lat="30.62284638513021" lon="104.0675241519516"><ele>492</ele><time>2025-08-13T14:00:18.000Z</time></trkpt>
<trkpt lat="30.62284638513021" lon="104.0675241519516"><ele>492</ele><time>2025-08-13T14:00:19.000Z</time></trkpt>
<trkpt lat="30.62284638513021" lon="104.0675241519516"><ele>492</ele><time>2025-08-13T14:00:20.000Z</time></trkpt>
<trkpt lat="30.62284638513021" lon="104.0675241519516"><ele>492</ele><time>2025-08-13T14:00:21.000Z</time></trkpt>
<trkpt lat="30.62284638513021" lon="104.0675241519516"><ele>492</ele><time>2025-08-13T14:00:22.000Z</time></trkpt>
<trkpt lat="30.62284638513021" lon="104.0675241519516"><ele>493</ele><time>2025-08-13T14:00:23.000Z</time></trkpt>
<trkpt lat="30.62284638513021" lon="104.0675241519516"><ele>493</ele><time>2025-08-13T14:00:24.000Z</time></trkpt>
<trkpt lat="30.62284638513021" lon="104.0675241519516"><ele>493</ele><time>2025-08-13T14:00:25.000Z</time></trkpt>
<trkpt lat="30.62284638513021" lon="104.0675241519516"><ele>493</ele><time>2025-08-13T14:00:26.000Z</time></trkpt>
<trkpt lat="30.62284638513021" lon="104.0675241519516"><ele>493</ele><time>2025-08-13T14:00:27.000Z</time></trkpt>
<trkpt lat="30.62284638513021" lon="104.0675241519516"><ele>493</ele><time>2025-08-13T14:00:28.000Z</time></trkpt>
<trkpt lat="30.62284638513021" lon="104.0675241519516"><ele>493</ele><time>2025-08-13T14:00:29.000Z</time></trkpt>
<trkpt lat="30.62284638513021" lon="104.0675241519516"><ele>493</ele><time>2025-08-13T14:00:30.000Z</time></trkpt>
<trkpt lat="30.62284638513021" lon="104.0675241519516"><ele>493</ele><time>2025-08-13T14:00:31.000Z</time></trkpt>
<trkpt lat="30.62284638513021" lon="104.0675241519516"><ele>493</ele><time>2025-08-13T14:00:32.000Z</time></trkpt>
<trkpt lat="30.62284638513021" lon="104.0675241519516"><ele>493</ele><time>2025-08-13T14:00:33.000Z</time></trkpt>
<trkpt lat="30.62284638513021" lon="104.0675241519516"><ele>493</ele><time>2025-08-13T14:00:34.000Z</time></trkpt>
<trkpt lat="30.62284638513021" lon="104.0675241519516"><ele>494</ele><time>2025-08-13T14:00:35.000Z</time></trkpt>
<trkpt lat="30.62284638513021" lon="104.0675241519516"><ele>494</ele><time>2025-08-13T14:00:36.000Z</time></trkpt>
<trkpt lat="30.62284638513021" lon="104.0675241519516"><ele>494</ele><time>2025-08-13T14:00:37.000Z</time></trkpt>
<trkpt lat="30.62284638513021" lon="104.0675241519516"><ele>494</ele><time>2025-08-13T14:00:38.000Z</time></trkpt>
<trkpt lat="30.62284638513021" lon="104.0675241519516"><ele>494</ele><time>2025-08-13T14:00:39.000Z</time></trkpt>
<trkpt lat="30.62284638513021" lon="104.0675241519516"><ele>494</ele><time>2025-08-13T14:00:40.000Z</time></trkpt>
<trkpt lat="30.62284638513021" lon="104.0675241519516"><ele>494</ele><time>2025-08-13T14:00:41.000Z</time></trkpt>
<trkpt lat="30.62284638513021" lon="104.0675241519516"><ele>494</ele><time>2025-08-13T14:00:42.000Z</time></trkpt>
<trkpt lat="30.62284638513021" lon="104.0675241519516"><ele>495</ele><time>2025-08-13T14:00:43.000Z</time></trkpt>
<trkpt lat="30.62284638513021" lon="104.0675241519516"><ele>495</ele><time>2025-08-13T14:00:44.000Z</time></trkpt>
<trkpt lat="30.62284638513021" lon="104.0675241519516"><ele>495</ele><time>2025-08-13T14:00:45.000Z</time></trkpt>
<trkpt lat="30.62284638513021" lon="104.0675241519516"><ele>495</ele><time>2025-08-13T14:00:46.000Z</time></trkpt>
<trkpt lat="30.62284638513021" lon="104.0675241519516"><ele>495</ele><time>2025-08-13T14:00:47.000Z</time></trkpt>
<trkpt lat="30.62284638513021" lon="104.0675241519516"><ele>495</ele><time>2025-08-13T14:00:48.000Z</time></trkpt>
<trkpt lat="30.62284638513021" lon="104.0675241519516"><ele>496</ele><time>2025-08-13T14:00:49.000Z</time></trkpt>
<trkpt lat="30.62284638513021" lon="104.0675241519516"><ele>496</ele><time>2025-08-13T14:00:50.000Z</time></trkpt>
<trkpt lat="30.62284638513021" lon="104.0675241519516"><ele>496</ele><time>2025-08-13T14:00:51.000Z</time></trkpt>
<trkpt lat="30.62284638513021" lon="104.0675241519516"><ele>496</ele><time>2025-08-13T14:00:52.000Z</time></trkpt>
<trkpt lat="30.62284638513021" lon="104.0675241519516"><ele>496</ele><time>2025-08-13T14:00:53.000Z</time></trkpt>
<trkpt lat="30.62284638513021" lon="104.0675241519516"><ele>497</ele><time>2025-08-13T14:00:54.000Z</time></trkpt>
<trkpt lat="30.62284638513021" lon="104.0675241519516"><ele>496</ele><time>2025-08-13T14:00:55.000Z</time></trkpt>
<trkpt lat="30.62284638513021" lon="104.0675241519516"><ele>496</ele><time>2025-08-13T14:00:56.000Z</time></trkpt>
<trkpt lat="30.62284638513021" lon="104.0675241519516"><ele>496</ele><time>2025-08-13T14:00:57.000Z</time></trkpt>
<trkpt lat="30.62284638513021" lon="104.0675241519516"><ele>496</ele><time>2025-08-13T14:00:58.000Z</time></trkpt>
<trkpt lat="30.62284638513021" lon="104.0675241519516"><ele>497</ele><time>2025-08-13T14:00:59.000Z</time></trkpt>
<trkpt lat="30.62284638513021" lon="104.0675241519516"><ele>497</ele><time>2025-08-13T14:01:00.000Z</time></trkpt>
<trkpt lat="30.62284638513021" lon="104.0675241519516"><ele>497</ele><time>2025-08-13T14:01:01.000Z</time></trkpt>
<trkpt lat="30.62284638513021" lon="104.0675241519516"><ele>497</ele><time>2025-08-13T14:01:02.000Z</time></trkpt>
<trkpt lat="30.62284638513021" lon="104.0675241519516"><ele>497</ele><time>2025-08-13T14:01:03.000Z</time></trkpt>
<trkpt lat="30.62284638513021" lon="104.0675241519516"><ele>497</ele><time>2025-08-13T14:01:04.000Z</time></trkpt>
<trkpt lat="30.62284638513021" lon="104.0675241519516"><ele>497</ele><time>2025-08-13T14:01:05.000Z</time></trkpt>
<trkpt lat="30.62284638513021" lon="104.0675241519516"><ele>497</ele><time>2025-08-13T14:01:06.000Z</time></trkpt>
<trkpt lat="30.62284638513021" lon="104.0675241519516"><ele>497</ele><time>2025-08-13T14:01:07.000Z</time></trkpt>
<trkpt lat="30.62284638513021" lon="104.0675241519516"><ele>497</ele><time>2025-08-13T14:01:08.000Z</time></trkpt>
<trkpt lat="30.62284638513021" lon="104.0675241519516"><ele>497</ele><time>2025-08-13T14:01:09.000Z</time></trkpt>
<trkpt lat="30.62284638513021" lon="104.0675241519516"><ele>497</ele><time>2025-08-13T14:01:10.000Z</time></trkpt>
<trkpt lat="30.62284638513021" lon="104.0675241519516"><ele>497</ele><time>2025-08-13T14:01:11.000Z</time></trkpt>
<trkpt lat="30.62284638513021" lon="104.0675241519516"><ele>497</ele><time>2025-08-13T14:01:12.000Z</time></trkpt>
<trkpt lat="30.62284638513021" lon="104.0675241519516"><ele>497</ele><time>2025-08-13T14:01:13.000Z</time></trkpt>
<trkpt lat="30.62284638513021" lon="104.0675241519516"><ele>496</ele><time>2025-08-13T14:01:14.000Z</time></trkpt>
<trkpt lat="30.62284638513021" lon="104.0675241519516"><ele>496</ele><time>2025-08-13T14:01:15.000Z</time></trkpt>
<trkpt lat="30.62284638513021" lon="104.0675241519516"><ele>496</ele><time>2025-08-13T14:01:16.000Z</time></trkpt>
<trkpt lat="30.62284638513021" lon="104.0675241519516"><ele>497</ele><time>2025-08-13T14:01:17.000Z</time></trkpt>
<trkpt lat="30.62284638513021" lon="104.0675241519516"><ele>497</ele><time>2025-08-13T14:01:18.000Z</time></trkpt>
<trkpt lat="30.62284638513021" lon="104.0675241519516"><ele>497</ele><time>2025-08-13T14:01:19.000Z</time></trkpt>
<trkpt lat="30.62284638513021" lon="104.0675241519516"><ele>497</ele><time>2025-08-13T14:01:20.000Z</time></trkpt>
<trkpt lat="30.62284638513021" lon="104.0675241519516"><ele>497</ele><time>2025-08-13T14:01:21.000Z</time></trkpt>
<trkpt lat="30.62284638513021" lon="104.0675241519516"><ele>497</ele><time>2025-08-13T14:01:22.000Z</time></trkpt>
<trkpt lat="30.62284638513021" lon="104.0675241519516"><ele>497</ele><time>2025-08-13T14:01:23.000Z</time></trkpt>
<trkpt lat="30.62284638513021" lon="104.0675241519516"><ele>497</ele><time>2025-08-13T14:01:24.000Z</time></trkpt>
<trkpt lat="30.62284638513021" lon="104.0675241519516"><ele>497</ele><time>2025-08-13T14:01:25.000Z</time></trkpt>
<trkpt lat="30.62284638513021" lon="104.0675241519516"><ele>497</ele><time>2025-08-13T14:01:26.000Z</time></trkpt>
<trkpt lat="30.62284638513021" lon="104.0675241519516"><ele>497</ele><time>2025-08-13T14:01:27.000Z</time></trkpt>
<trkpt lat="30.62284638513021" lon="104.0675241519516"><ele>497</ele><time>2025-08-13T14:01:28.000Z</time></trkpt>
<trkpt lat="30.62284638513021" lon="104.0675241519516"><ele>497</ele><time>2025-08-13T14:01:29.000Z</time></trkpt>
<trkpt lat="30.62284638513021" lon="104.0675241519516"><ele>497</ele><time>2025-08-13T14:01:30.000Z</time></trkpt>
<trkpt lat="30.62284638513021" lon="104.0675241519516"><ele>497</ele><time>2025-08-13T14:01:31.000Z</time></trkpt>
<trkpt lat="30.62284638513021" lon="104.0675241519516"><ele>497</ele><time>2025-08-13T14:01:32.000Z</time></trkpt>
<trkpt lat="30.62284638513021" lon="104.0675241519516"><ele>498</ele><time>2025-08-13T14:01:33.000Z</time></trkpt>
<trkpt lat="30.62284638513021" lon="104.0675241519516"><ele>497</ele><time>2025-08-13T14:01:34.000Z</time></trkpt>
<trkpt lat="30.62284638513021" lon="104.0675241519516"><ele>497</ele><time>2025-08-13T14:01:35.000Z</time></trkpt>
<trkpt lat="30.62284638513021" lon="104.0675241519516"><ele>496</ele><time>2025-08-13T14:01:36.000Z</time></trkpt>
<trkpt lat="30.62284638513021" lon="104.0675241519516"><ele>496</ele><time>2025-08-13T14:01:37.000Z</time></trkpt>
<trkpt lat="30.62284638513021" lon="104.0675241519516"><ele>496</ele><time>2025-08-13T14:01:38.000Z</time></trkpt>
<trkpt lat="30.62284638513021" lon="104.0675241519516"><ele>496</ele><time>2025-08-13T14:01:39.000Z</time></trkpt>
<trkpt lat="30.62284638513021" lon="104.0675241519516"><ele>495</ele><time>2025-08-13T14:01:40.000Z</time></trkpt>
<trkpt lat="30.62284638513021" lon="104.0675241519516"><ele>495</ele><time>2025-08-13T14:01:41.000Z</time></trkpt>
<trkpt lat="30.62284638513021" lon="104.0675241519516"><ele>495</ele><time>2025-08-13T14:01:42.000Z</time></trkpt>
<trkpt lat="30.62284638513021" lon="104.0675241519516"><ele>495</ele><time>2025-08-13T14:01:43.000Z</time></trkpt>
<trkpt lat="30.62284638513021" lon="104.0675241519516"><ele>494</ele><time>2025-08-13T14:01:44.000Z</time></trkpt>
<trkpt lat="30.62284638513021" lon="104.0675241519516"><ele>494</ele><time>2025-08-13T14:01:45.000Z</time></trkpt>
<trkpt lat="30.62284638513021" lon="104.0675241519516"><ele>494</ele><time>2025-08-13T14:01:46.000Z</time></trkpt>
<trkpt lat="30.62284638513021" lon="104.0675241519516"><ele>494</ele><time>2025-08-13T14:01:47.000Z</time></trkpt>
<trkpt lat="30.62284638513021" lon="104.0675241519516"><ele>494</ele><time>2025-08-13T14:01:48.000Z</time></trkpt>
<trkpt lat="30.62284638513021" lon="104.0675241519516"><ele>492</ele><time>2025-08-13T14:01:49.000Z</time></trkpt>
<trkpt lat="30.62284638513021" lon="104.0675241519516"><ele>491</ele><time>2025-08-13T14:01:50.000Z</time></trkpt>
<trkpt lat="30.62284638513021" lon="104.0675241519516"><ele>491</ele><time>2025-08-13T14:01:51.000Z</time></trkpt>
<trkpt lat="30.62284638513021" lon="104.0675241519516"><ele>490</ele><time>2025-08-13T14:01:52.000Z</time></trkpt>
<trkpt lat="30.62284638513021" lon="104.0675241519516"><ele>490</ele><time>2025-08-13T14:01:53.000Z</time></trkpt>
<trkpt lat="30.62284638513021" lon="104.0675241519516"><ele>489</ele><time>2025-08-13T14:01:54.000Z</time></trkpt>
<trkpt lat="30.62284638513021" lon="104.0675241519516"><ele>489</ele><time>2025-08-13T14:01:55.000Z</time></trkpt>
<trkpt lat="30.62284638513021" lon="104.0675241519516"><ele>488</ele><time>2025-08-13T14:01:56.000Z</time></trkpt>
<trkpt lat="30.62284638513021" lon="104.0675241519516"><ele>487</ele><time>2025-08-13T14:01:57.000Z</time></trkpt>
<trkpt lat="30.62284638513021" lon="104.0675241519516"><ele>487</ele><time>2025-08-13T14:01:58.000Z</time></trkpt>
<trkpt lat="30.62284638513021" lon="104.0675241519516"><ele>488</ele><time>2025-08-13T14:01:59.000Z</time></trkpt>
<trkpt lat="30.62284638513021" lon="104.0675241519516"><ele>488</ele><time>2025-08-13T14:02:00.000Z</time></trkpt>
<trkpt lat="30.62284638513021" lon="104.0675241519516"><ele>487</ele><time>2025-08-13T14:02:01.000Z</time></trkpt>
<trkpt lat="30.62284638513021" lon="104.0675241519516"><ele>486</ele><time>2025-08-13T14:02:02.000Z</time></trkpt>
<trkpt lat="30.62284638513021" lon="104.0675241519516"><ele>487</ele><time>2025-08-13T14:02:03.000Z</time></trkpt>
<trkpt lat="30.62284638513021" lon="104.0675241519516"><ele>486</ele><time>2025-08-13T14:02:04.000Z</time></trkpt>
<trkpt lat="30.62284638513021" lon="104.0675241519516"><ele>486</ele><time>2025-08-13T14:02:05.000Z</time></trkpt>
<trkpt lat="30.62284638513021" lon="104.0675241519516"><ele>486</ele><time>2025-08-13T14:02:06.000Z</time></trkpt>
<trkpt lat="30.62284638513021" lon="104.0675241519516"><ele>485</ele><time>2025-08-13T14:02:07.000Z</time></trkpt>
<trkpt lat="30.62284638513021" lon="104.0675241519516"><ele>485</ele><time>2025-08-13T14:02:08.000Z</time></trkpt>
<trkpt lat="30.62284638513021" lon="104.0675241519516"><ele>484</ele><time>2025-08-13T14:02:09.000Z</time></trkpt>
<trkpt lat="30.62284638513021" lon="104.0675241519516"><ele>483</ele><time>2025-08-13T14:02:10.000Z</time></trkpt>
<trkpt lat="30.62284638513021" lon="104.0675241519516"><ele>482</ele><time>2025-08-13T14:02:11.000Z</time></trkpt>
<trkpt lat="30.62284638513021" lon="104.0675241519516"><ele>482</ele><time>2025-08-13T14:02:12.000Z</time></trkpt>
<trkpt lat="30.62284638513021" lon="104.0675241519516"><ele>483</ele><time>2025-08-13T14:02:13.000Z</time></trkpt>
<trkpt lat="30.62284638513021" lon="104.0675241519516"><ele>484</ele><time>2025-08-13T14:02:14.000Z</time></trkpt>
<trkpt lat="30.62284638513021" lon="104.0675241519516"><ele>485</ele><time>2025-08-13T14:02:15.000Z</time></trkpt>
<trkpt lat="30.62284638513021" lon="104.0675241519516"><ele>485</ele><time>2025-08-13T14:02:16.000Z</time></trkpt>
<trkpt lat="30.62284638513021" lon="104.0675241519516"><ele>486</ele><time>2025-08-13T14:02:17.000Z</time></trkpt>
<trkpt lat="30.62284638513021" lon="104.0675241519516"><ele>487</ele><time>2025-08-13T14:02:18.000Z</time></trkpt>
<trkpt lat="30.62284638513021" lon="104.0675241519516"><ele>488</ele><time>2025-08-13T14:02:19.000Z</time></trkpt>
<trkpt lat="30.62284638513021" lon="104.0675241519516"><ele>488</ele><time>2025-08-13T14:02:20.000Z</time></trkpt>
<trkpt lat="30.62284638513021" lon="104.0675241519516"><ele>488</ele><time>2025-08-13T14:02:21.000Z</time></trkpt>
<trkpt lat="30.62284638513021" lon="104.0675241519516"><ele>488</ele><time>2025-08-13T14:02:22.000Z</time></trkpt>
<trkpt lat="30.62284638513021" lon="104.0675241519516"><ele>488</ele><time>2025-08-13T14:02:23.000Z</time></trkpt>
<trkpt lat="30.62284638513021" lon="104.0675241519516"><ele>489</ele><time>2025-08-13T14:02:24.000Z</time></trkpt>
<trkpt lat="30.62284638513021" lon="104.0675241519516"><ele>489</ele><time>2025-08-13T14:02:25.000Z</time></trkpt>
<trkpt lat="30.62284638513021" lon="104.0675241519516"><ele>488</ele><time>2025-08-13T14:02:26.000Z</time></trkpt>
<trkpt lat="30.62284638513021" lon="104.0675241519516"><ele>488</ele><time>2025-08-13T14:02:27.000Z</time></trkpt>
<trkpt lat="30.62284638513021" lon="104.0675241519516"><ele>488</ele><time>2025-08-13T14:02:28.000Z</time></trkpt>
<trkpt lat="30.62284638513021" lon="104.0675241519516"><ele>489</ele><time>2025-08-13T14:02:29.000Z</time></trkpt>
<trkpt lat="30.62284638513021" lon="104.0675241519516"><ele>488</ele><time>2025-08-13T14:02:30.000Z</time></trkpt>
<trkpt lat="30.62284638513021" lon="104.0675241519516"><ele>489</ele><time>2025-08-13T14:02:31.000Z</time></trkpt>
<trkpt lat="30.62284638513021" lon="104.0675241519516"><ele>488</ele><time>2025-08-13T14:02:32.000Z</time></trkpt>
<trkpt lat="30.62284638513021" lon="104.0675241519516"><ele>489</ele><time>2025-08-13T14:02:33.000Z</time></trkpt>
<trkpt lat="30.62284638513021" lon="104.0675241519516"><ele>489</ele><time>2025-08-13T14:02:34.000Z</time></trkpt>
<trkpt lat="30.62284638513021" lon="104.0675241519516"><ele>489</ele><time>2025-08-13T14:02:35.000Z</time></trkpt>
<trkpt lat="30.62284638513021" lon="104.0675241519516"><ele>489</ele><time>2025-08-13T14:02:36.000Z</time></trkpt>
<trkpt lat="30.62284638513021" lon="104.0675241519516"><ele>489</ele><time>2025-08-13T14:02:37.000Z</time></trkpt>
<trkpt lat="30.62284638513021" lon="104.0675241519516"><ele>489</ele><time>2025-08-13T14:02:38.000Z</time></trkpt>
<trkpt lat="30.62284638513021" lon="104.0675241519516"><ele>489</ele><time>2025-08-13T14:02:39.000Z</time></trkpt>
<trkpt lat="30.62284638513021" lon="104.0675241519516"><ele>490</ele><time>2025-08-13T14:02:40.000Z</time></trkpt>
<trkpt lat="30.62284638513021" lon="104.0675241519516"><ele>489</ele><time>2025-08-13T14:02:41.000Z</time></trkpt>
<trkpt lat="30.62284638513021" lon="104.0675241519516"><ele>488</ele><time>2025-08-13T14:02:42.000Z</time></trkpt>
<trkpt lat="30.62284638513021" lon="104.0675241519516"><ele>488</ele><time>2025-08-13T14:02:43.000Z</time></trkpt>
<trkpt lat="30.62284638513021" lon="104.0675241519516"><ele>488</ele><time>2025-08-13T14:02:44.000Z</time></trkpt>
<trkpt lat="30.62284638513021" lon="104.0675241519516"><ele>488</ele><time>2025-08-13T14:02:45.000Z</time></trkpt>
<trkpt lat="30.62284638513021" lon="104.0675241519516"><ele>489</ele><time>2025-08-13T14:02:46.000Z</time></trkpt>
<trkpt lat="30.62284638513021" lon="104.0675241519516"><ele>488</ele><time>2025-08-13T14:02:47.000Z</time></trkpt>
<trkpt lat="30.62284638513021" lon="104.0675241519516"><ele>489</ele><time>2025-08-13T14:02:48.000Z</time></trkpt>
<trkpt lat="30.62284638513021" lon="104.0675241519516"><ele>488</ele><time>2025-08-13T14:02:49.000Z</time></trkpt>
<trkpt lat="30.62284638513021" lon="104.0675241519516"><ele>488</ele><time>2025-08-13T14:02:50.000Z</time></trkpt>
<trkpt lat="30.62284638513021" lon="104.0675241519516"><ele>489</ele><time>2025-08-13T14:02:51.000Z</time></trkpt>
<trkpt lat="30.62284638513021" lon="104.0675241519516"><ele>489</ele><time>2025-08-13T14:02:52.000Z</time></trkpt>
<trkpt lat="30.62284638513021" lon="104.0675241519516"><ele>488</ele><time>2025-08-13T14:02:53.000Z</time></trkpt>
<trkpt lat="30.62284638513021" lon="104.0675241519516"><ele>487</ele><time>2025-08-13T14:02:54.000Z</time></trkpt>
<trkpt lat="30.62284638513021" lon="104.0675241519516"><ele>487</ele><time>2025-08-13T14:02:55.000Z</time></trkpt>
<trkpt lat="30.62284638513021" lon="104.0675241519516"><ele>487</ele><time>2025-08-13T14:02:56.000Z</time></trkpt>
<trkpt lat="30.62284638513021" lon="104.0675241519516"><ele>487</ele><time>2025-08-13T14:02:57.000Z</time></trkpt>
<trkpt lat="30.62284638513021" lon="104.0675241519516"><ele>487</ele><time>2025-08-13T14:02:58.000Z</time></trkpt>
<trkpt lat="30.62284638513021" lon="104.0675241519516"><ele>487</ele><time>2025-08-13T14:02:59.000Z</time></trkpt>
<trkpt lat="30.62284638513021" lon="104.0675241519516"><ele>487</ele><time>2025-08-13T14:03:00.000Z</time></trkpt>
<trkpt lat="30.62284638513021" lon="104.0675241519516"><ele>487</ele><time>2025-08-13T14:03:01.000Z</time></trkpt>
<trkpt lat="30.62284638513021" lon="104.0675241519516"><ele>487</ele><time>2025-08-13T14:03:02.000Z</time></trkpt>
<trkpt lat="30.62284638513021" lon="104.0675241519516"><ele>487</ele><time>2025-08-13T14:03:03.000Z</time></trkpt>
<trkpt lat="30.62284638513021" lon="104.0675241519516"><ele>487</ele><time>2025-08-13T14:03:04.000Z</time></trkpt>
<trkpt lat="30.62284638513021" lon="104.0675241519516"><ele>487</ele><time>2025-08-13T14:03:05.000Z</time></trkpt>
<trkpt lat="30.62284638513021" lon="104.0675241519516"><ele>486</ele><time>2025-08-13T14:03:06.000Z</time></trkpt>
<trkpt lat="30.62284638513021" lon="104.0675241519516"><ele>486</ele><time>2025-08-13T14:03:07.000Z</time></trkpt>
<trkpt lat="30.62284638513021" lon="104.0675241519516"><ele>486</ele><time>2025-08-13T14:03:08.000Z</time></trkpt>
<trkpt lat="30.62284638513021" lon="104.0675241519516"><ele>486</ele><time>2025-08-13T14:03:09.000Z</time></trkpt>
<trkpt lat="30.62284638513021" lon="104.0675241519516"><ele>487</ele><time>2025-08-13T14:03:10.000Z</time></trkpt>
<trkpt lat="30.62284638513021" lon="104.0675241519516"><ele>487</ele><time>2025-08-13T14:03:11.000Z</time></trkpt>
<trkpt lat="30.62284638513021" lon="104.0675241519516"><ele>487</ele><time>2025-08-13T14:03:12.000Z</time></trkpt>
<trkpt lat="30.62284638513021" lon="104.0675241519516"><ele>487</ele><time>2025-08-13T14:03:13.000Z</time></trkpt>
<trkpt lat="30.62284638513021" lon="104.0675241519516"><ele>487</ele><time>2025-08-13T14:03:14.000Z</time></trkpt>
<trkpt lat="30.62284638513021" lon="104.0675241519516"><ele>487</ele><time>2025-08-13T14:03:15.000Z</time></trkpt>
<trkpt lat="30.62284638513021" lon="104.0675241519516"><ele>487</ele><time>2025-08-13T14:03:16.000Z</time></trkpt>
<trkpt lat="30.62284638513021" lon="104.0675241519516"><ele>487</ele><time>2025-08-13T14:03:17.000Z</time></trkpt>
<trkpt lat="30.62284638513021" lon="104.0675241519516"><ele>486</ele><time>2025-08-13T14:03:18.000Z</time></trkpt>
<trkpt lat="30.62284638513021" lon="104.0675241519516"><ele>486</ele><time>2025-08-13T14:03:19.000Z</time></trkpt>
<trkpt lat="30.62284638513021" lon="104.0675241519516"><ele>486</ele><time>2025-08-13T14:03:20.000Z</time></trkpt>
<trkpt lat="30.62284638513021" lon="104.0675241519516"><ele>486</ele><time>2025-08-13T14:03:21.000Z</time></trkpt>
<trkpt lat="30.62284638513021" lon="104.0675241519516"><ele>486</ele><time>2025-08-13T14:03:22.000Z</time></trkpt>
<trkpt lat="30.62284638513021" lon="104.0675241519516"><ele>485</ele><time>2025-08-13T14:03:23.000Z</time></trkpt>
<trkpt lat="30.62284638513021" lon="104.0675241519516"><ele>485</ele><time>2025-08-13T14:03:24.000Z</time></trkpt>
<trkpt lat="30.62284638513021" lon="104.0675241519516"><ele>485</ele><time>2025-08-13T14:03:25.000Z</time></trkpt>
<trkpt lat="30.62284638513021" lon="104.0675241519516"><ele>485</ele><time>2025-08-13T14:03:26.000Z</time></trkpt>
<trkpt lat="30.62284638513021" lon="104.0675241519516"><ele>485</ele><time>2025-08-13T14:03:27.000Z</time></trkpt>
<trkpt lat="30.62284638513021" lon="104.0675241519516"><ele>484</ele><time>2025-08-13T14:03:28.000Z</time></trkpt>
<trkpt lat="30.62284638513021" lon="104.0675241519516"><ele>484</ele><time>2025-08-13T14:03:29.000Z</time></trkpt>
<trkpt lat="30.62284638513021" lon="104.0675241519516"><ele>484</ele><time>2025-08-13T14:03:30.000Z</time></trkpt>
<trkpt lat="30.62284638513021" lon="104.0675241519516"><ele>484</ele><time>2025-08-13T14:03:31.000Z</time></trkpt>
<trkpt lat="30.62284638513021" lon="104.0675241519516"><ele>484</ele><time>2025-08-13T14:03:32.000Z</time></trkpt>
<trkpt lat="30.62284638513021" lon="104.0675241519516"><ele>484</ele><time>2025-08-13T14:03:33.000Z</time></trkpt>
<trkpt lat="30.62284638513021" lon="104.0675241519516"><ele>483</ele><time>2025-08-13T14:03:34.000Z</time></trkpt>
<trkpt lat="30.62284638513021" lon="104.0675241519516"><ele>482</ele><time>2025-08-13T14:03:35.000Z</time></trkpt>
<trkpt lat="30.62284638513021" lon="104.0675241519516"><ele>482</ele><time>2025-08-13T14:03:36.000Z</time></trkpt>
<trkpt lat="30.62284638513021" lon="104.0675241519516"><ele>482</ele><time>2025-08-13T14:03:37.000Z</time></trkpt>
<trkpt lat="30.62284638513021" lon="104.0675241519516"><ele>481</ele><time>2025-08-13T14:03:38.000Z</time></trkpt>
<trkpt lat="30.62284638513021" lon="104.0675241519516"><ele>481</ele><time>2025-08-13T14:03:39.000Z</time></trkpt>
<trkpt lat="30.62284638513021" lon="104.0675241519516"><ele>480</ele><time>2025-08-13T14:03:40.000Z</time></trkpt>
<trkpt lat="30.62284638513021" lon="104.0675241519516"><ele>480</ele><time>2025-08-13T14:03:41.000Z</time></trkpt>
<trkpt lat="30.62284638513021" lon="104.0675241519516"><ele>479</ele><time>2025-08-13T14:03:42.000Z</time></trkpt>
<trkpt lat="30.62284638513021" lon="104.0675241519516"><ele>480</ele><time>2025-08-13T14:03:43.000Z</time></trkpt>
<trkpt lat="30.62284638513021" lon="104.0675241519516"><ele>480</ele><time>2025-08-13T14:03:44.000Z</time></trkpt>
<trkpt lat="30.62284638513021" lon="104.0675241519516"><ele>480</ele><time>2025-08-13T14:03:45.000Z</time></trkpt>
<trkpt lat="30.62284638513021" lon="104.0675241519516"><ele>479</ele><time>2025-08-13T14:03:46.000Z</time></trkpt>
<trkpt lat="30.62284638513021" lon="104.0675241519516"><ele>479</ele><time>2025-08-13T14:03:47.000Z</time></trkpt>
<trkpt lat="30.62284638513021" lon="104.0675241519516"><ele>478</ele><time>2025-08-13T14:03:48.000Z</time></trkpt>
<trkpt lat="30.62284638513021" lon="104.0675241519516"><ele>477</ele><time>2025-08-13T14:03:49.000Z</time></trkpt>
<trkpt lat="30.62284638513021" lon="104.0675241519516"><ele>476</ele><time>2025-08-13T14:03:50.000Z</time></trkpt>
<trkpt lat="30.62284638513021" lon="104.0675241519516"><ele>476</ele><time>2025-08-13T14:03:51.000Z</time></trkpt>
<trkpt lat="30.62284638513021" lon="104.0675241519516"><ele>476</ele><time>2025-08-13T14:03:52.000Z</time></trkpt>
<trkpt lat="30.62284638513021" lon="104.0675241519516"><ele>476</ele><time>2025-08-13T14:03:53.000Z</time></trkpt>
<trkpt lat="30.62284638513021" lon="104.0675241519516"><ele>476</ele><time>2025-08-13T14:03:54.000Z</time></trkpt>
<trkpt lat="30.62284638513021" lon="104.0675241519516"><ele>476</ele><time>2025-08-13T14:03:55.000Z</time></trkpt>
<trkpt lat="30.62284638513021" lon="104.0675241519516"><ele>476</ele><time>2025-08-13T14:03:56.000Z</time></trkpt>
<trkpt lat="30.62284638513021" lon="104.0675241519516"><ele>476</ele><time>2025-08-13T14:03:57.000Z</time></trkpt>
<trkpt lat="30.62284638513021" lon="104.0675241519516"><ele>475</ele><time>2025-08-13T14:03:58.000Z</time></trkpt>
<trkpt lat="30.62284638513021" lon="104.0675241519516"><ele>475</ele><time>2025-08-13T14:03:59.000Z</time></trkpt>
<trkpt lat="30.62284638513021" lon="104.0675241519516"><ele>475</ele><time>2025-08-13T14:04:00.000Z</time></trkpt>
<trkpt lat="30.62284638513021" lon="104.0675241519516"><ele>475</ele><time>2025-08-13T14:04:01.000Z</time></trkpt>
<trkpt lat="30.62284638513021" lon="104.0675241519516"><ele>475</ele><time>2025-08-13T14:04:02.000Z</time></trkpt>
<trkpt lat="30.62284638513021" lon="104.0675241519516"><ele>475</ele><time>2025-08-13T14:04:03.000Z</time></trkpt>
<trkpt lat="30.62284638513021" lon="104.0675241519516"><ele>475</ele><time>2025-08-13T14:04:04.000Z</time></trkpt>
<trkpt lat="30.62284638513021" lon="104.0675241519516"><ele>475</ele><time>2025-08-13T14:04:05.000Z</time></trkpt>
<trkpt lat="30.62284638513021" lon="104.0675241519516"><ele>475</ele><time>2025-08-13T14:04:06.000Z</time></trkpt>
<trkpt lat="30.62284638513021" lon="104.0675241519516"><ele>475</ele><time>2025-08-13T14:04:07.000Z</time></trkpt>
<trkpt lat="30.62284638513021" lon="104.0675241519516"><ele>476</ele><time>2025-08-13T14:04:08.000Z</time></trkpt>
<trkpt lat="30.62284638513021" lon="104.0675241519516"><ele>477</ele><time>2025-08-13T14:04:09.000Z</time></trkpt>
<trkpt lat="30.62284638513021" lon="104.0675241519516"><ele>476</ele><time>2025-08-13T14:04:10.000Z</time></trkpt>
<trkpt lat="30.62284638513021" lon="104.0675241519516"><ele>476</ele><time>2025-08-13T14:04:11.000Z</time></trkpt>
<trkpt lat="30.62284638513021" lon="104.0675241519516"><ele>475</ele><time>2025-08-13T14:04:12.000Z</time></trkpt>
<trkpt lat="30.62284638513021" lon="104.0675241519516"><ele>475</ele><time>2025-08-13T14:04:13.000Z</time></trkpt>
<trkpt lat="30.62284638513021" lon="104.0675241519516"><ele>475</ele><time>2025-08-13T14:04:14.000Z</time></trkpt>
<trkpt lat="30.62284638513021" lon="104.0675241519516"><ele>474</ele><time>2025-08-13T14:04:15.000Z</time></trkpt>
<trkpt lat="30.62284638513021" lon="104.0675241519516"><ele>474</ele><time>2025-08-13T14:04:16.000Z</time></trkpt>
<trkpt lat="30.62284638513021" lon="104.0675241519516"><ele>474</ele><time>2025-08-13T14:04:17.000Z</time></trkpt>
<trkpt lat="30.62284638513021" lon="104.0675241519516"><ele>475</ele><time>2025-08-13T14:04:18.000Z</time></trkpt>
<trkpt lat="30.62284638513021" lon="104.0675241519516"><ele>475</ele><time>2025-08-13T14:04:19.000Z</time></trkpt>
<trkpt lat="30.62284638513021" lon="104.0675241519516"><ele>476</ele><time>2025-08-13T14:04:20.000Z</time></trkpt>
<trkpt lat="30.62284638513021" lon="104.0675241519516"><ele>476</ele><time>2025-08-13T14:04:21.000Z</time></trkpt>
<trkpt lat="30.62284638513021" lon="104.0675241519516"><ele>477</ele><time>2025-08-13T14:04:22.000Z</time></trkpt>
<trkpt lat="30.62284638513021" lon="104.0675241519516"><ele>478</ele><time>2025-08-13T14:04:23.000Z</time></trkpt>
<trkpt lat="30.62284638513021" lon="104.0675241519516"><ele>478</ele><time>2025-08-13T14:04:24.000Z</time></trkpt>
<trkpt lat="30.62284638513021" lon="104.0675241519516"><ele>479</ele><time>2025-08-13T14:04:25.000Z</time></trkpt>
<trkpt lat="30.62284638513021" lon="104.0675241519516"><ele>479</ele><time>2025-08-13T14:04:26.000Z</time></trkpt>
<trkpt lat="30.62284638513021" lon="104.0675241519516"><ele>478</ele><time>2025-08-13T14:04:27.000Z</time></trkpt>
<trkpt lat="30.62284638513021" lon="104.0675241519516"><ele>478</ele><time>2025-08-13T14:04:28.000Z</time></trkpt>
<trkpt lat="30.62284638513021" lon="104.0675241519516"><ele>478</ele><time>2025-08-13T14:04:29.000Z</time></trkpt>
<trkpt lat="30.62284638513021" lon="104.0675241519516"><ele>476</ele><time>2025-08-13T14:04:30.000Z</time></trkpt>
<trkpt lat="30.62284638513021" lon="104.0675241519516"><ele>476</ele><time>2025-08-13T14:04:31.000Z</time></trkpt>
<trkpt lat="30.62284638513021" lon="104.0675241519516"><ele>476</ele><time>2025-08-13T14:04:32.000Z</time></trkpt>
<trkpt lat="30.62284638513021" lon="104.0675241519516"><ele>476</ele><time>2025-08-13T14:04:33.000Z</time></trkpt>
<trkpt lat="30.62284638513021" lon="104.0675241519516"><ele>476</ele><time>2025-08-13T14:04:34.000Z</time></trkpt>
<trkpt lat="30.62284638513021" lon="104.0675241519516"><ele>476</ele><time>2025-08-13T14:04:35.000Z</time></trkpt>
<trkpt lat="30.62284638513021" lon="104.0675241519516"><ele>477</ele><time>2025-08-13T14:04:36.000Z</time></trkpt>
<trkpt lat="30.62284638513021" lon="104.0675241519516"><ele>477</ele><time>2025-08-13T14:04:37.000Z</time></trkpt>
<trkpt lat="30.62284638513021" lon="104.0675241519516"><ele>477</ele><time>2025-08-13T14:04:38.000Z</time></trkpt>
<trkpt lat="30.62284638513021" lon="104.0675241519516"><ele>477</ele><time>2025-08-13T14:04:39.000Z</time></trkpt>
<trkpt lat="30.62284638513021" lon="104.0675241519516"><ele>477</ele><time>2025-08-13T14:04:40.000Z</time></trkpt>
<trkpt lat="30.62284638513021" lon="104.0675241519516"><ele>477</ele><time>2025-08-13T14:04:41.000Z</time></trkpt>
<trkpt lat="30.62284638513021" lon="104.0675241519516"><ele>477</ele><time>2025-08-13T14:04:42.000Z</time></trkpt>
<trkpt lat="30.62284638513021" lon="104.0675241519516"><ele>477</ele><time>2025-08-13T14:04:43.000Z</time></trkpt>
<trkpt lat="30.62284638513021" lon="104.0675241519516"><ele>477</ele><time>2025-08-13T14:04:44.000Z</time></trkpt>
<trkpt lat="30.62284638513021" lon="104.0675241519516"><ele>477</ele><time>2025-08-13T14:04:45.000Z</time></trkpt>
<trkpt lat="30.62284638513021" lon="104.0675241519516"><ele>477</ele><time>2025-08-13T14:04:46.000Z</time></trkpt>
<trkpt lat="30.62284638513021" lon="104.0675241519516"><ele>477</ele><time>2025-08-13T14:04:47.000Z</time></trkpt>
<trkpt lat="30.62284638513021" lon="104.0675241519516"><ele>477</ele><time>2025-08-13T14:04:48.000Z</time></trkpt>
<trkpt lat="30.62284638513021" lon="104.0675241519516"><ele>477</ele><time>2025-08-13T14:04:49.000Z</time></trkpt>
<trkpt lat="30.62284638513021" lon="104.0675241519516"><ele>476</ele><time>2025-08-13T14:04:50.000Z</time></trkpt>
<trkpt lat="30.62284638513021" lon="104.0675241519516"><ele>476</ele><time>2025-08-13T14:04:51.000Z</time></trkpt>
<trkpt lat="30.62284638513021" lon="104.0675241519516"><ele>477</ele><time>2025-08-13T14:04:52.000Z</time></trkpt>
<trkpt lat="30.62284638513021" lon="104.0675241519516"><ele>478</ele><time>2025-08-13T14:04:53.000Z</time></trkpt>
<trkpt lat="30.62284638513021" lon="104.0675241519516"><ele>478</ele><time>2025-08-13T14:04:54.000Z</time></trkpt>
<trkpt lat="30.62284638513021" lon="104.0675241519516"><ele>478</ele><time>2025-08-13T14:04:55.000Z</time></trkpt>
<trkpt lat="30.62284638513021" lon="104.0675241519516"><ele>478</ele><time>2025-08-13T14:04:56.000Z</time></trkpt>
<trkpt lat="30.62284638513021" lon="104.0675241519516"><ele>479</ele><time>2025-08-13T14:04:57.000Z</time></trkpt>
<trkpt lat="30.62284638513021" lon="104.0675241519516"><ele>479</ele><time>2025-08-13T14:04:58.000Z</time></trkpt>
<trkpt lat="30.62284638513021" lon="104.0675241519516"><ele>479</ele><time>2025-08-13T14:04:59.000Z</time></trkpt>
<trkpt lat="30.62284638513021" lon="104.0675241519516"><ele>479</ele><time>2025-08-13T14:05:00.000Z</time></trkpt>
<trkpt lat="30.62284638513021" lon="104.0675241519516"><ele>479</ele><time>2025-08-13T14:05:01.000Z</time></trkpt>
<trkpt lat="30.62284638513021" lon="104.0675241519516"><ele>479</ele><time>2025-08-13T14:05:02.000Z</time></trkpt>
<trkpt lat="30.62284638513021" lon="104.0675241519516"><ele>479</ele><time>2025-08-13T14:05:03.000Z</time></trkpt>
<trkpt lat="30.62284638513021" lon="104.0675241519516"><ele>479</ele><time>2025-08-13T14:05:04.000Z</time></trkpt>
<trkpt lat="30.62284638513021" lon="104.0675241519516"><ele>479</ele><time>2025-08-13T14:05:05.000Z</time></trkpt>
<trkpt lat="30.62284638513021" lon="104.0675241519516"><ele>479</ele><time>2025-08-13T14:05:06.000Z</time></trkpt>
<trkpt lat="30.62284638513021" lon="104.0675241519516"><ele>479</ele><time>2025-08-13T14:05:07.000Z</time></trkpt>
<trkpt lat="30.62284638513021" lon="104.0675241519516"><ele>479</ele><time>2025-08-13T14:05:08.000Z</time></trkpt>
<trkpt lat="30.62284638513021" lon="104.0675241519516"><ele>479</ele><time>2025-08-13T14:05:09.000Z</time></trkpt>
<trkpt lat="30.62284638513021" lon="104.0675241519516"><ele>479</ele><time>2025-08-13T14:05:10.000Z</time></trkpt>
<trkpt lat="30.62284638513021" lon="104.0675241519516"><ele>479</ele><time>2025-08-13T14:05:11.000Z</time></trkpt>
<trkpt lat="30.62284638513021" lon="104.0675241519516"><ele>479</ele><time>2025-08-13T14:05:12.000Z</time></trkpt>
<trkpt lat="30.62284638513021" lon="104.0675241519516"><ele>479</ele><time>2025-08-13T14:05:13.000Z</time></trkpt>
<trkpt lat="30.62284638513021" lon="104.0675241519516"><ele>479</ele><time>2025-08-13T14:05:14.000Z</time></trkpt>
<trkpt lat="30.62284638513021" lon="104.0675241519516"><ele>479</ele><time>2025-08-13T14:05:15.000Z</time></trkpt>
<trkpt lat="30.62284638513021" lon="104.0675241519516"><ele>479</ele><time>2025-08-13T14:05:16.000Z</time></trkpt>
<trkpt lat="30.62284638513021" lon="104.0675241519516"><ele>479</ele><time>2025-08-13T14:05:17.000Z</time></trkpt>
<trkpt lat="30.62284638513021" lon="104.0675241519516"><ele>479</ele><time>2025-08-13T14:05:18.000Z</time></trkpt>
<trkpt lat="30.62284638513021" lon="104.0675241519516"><ele>479</ele><time>2025-08-13T14:05:19.000Z</time></trkpt>
<trkpt lat="30.62284638513021" lon="104.0675241519516"><ele>479</ele><time>2025-08-13T14:05:20.000Z</time></trkpt>
<trkpt lat="30.62284638513021" lon="104.0675241519516"><ele>479</ele><time>2025-08-13T14:05:21.000Z</time></trkpt>
<trkpt lat="30.62284638513021" lon="104.0675241519516"><ele>478</ele><time>2025-08-13T14:05:22.000Z</time></trkpt>
<trkpt lat="30.62284638513021" lon="104.0675241519516"><ele>478</ele><time>2025-08-13T14:05:23.000Z</time></trkpt>
<trkpt lat="30.62284638513021" lon="104.0675241519516"><ele>478</ele><time>2025-08-13T14:05:24.000Z</time></trkpt>
<trkpt lat="30.62284638513021" lon="104.0675241519516"><ele>478</ele><time>2025-08-13T14:05:25.000Z</time></trkpt>
<trkpt lat="30.62284638513021" lon="104.0675241519516"><ele>478</ele><time>2025-08-13T14:05:26.000Z</time></trkpt>
<trkpt lat="30.62284638513021" lon="104.0675241519516"><ele>478</ele><time>2025-08-13T14:05:27.000Z</time></trkpt>
<trkpt lat="30.62284638513021" lon="104.0675241519516"><ele>478</ele><time>2025-08-13T14:05:28.000Z</time></trkpt>
<trkpt lat="30.62284638513021" lon="104.0675241519516"><ele>478</ele><time>2025-08-13T14:05:29.000Z</time></trkpt>
<trkpt lat="30.62284638513021" lon="104.0675241519516"><ele>478</ele><time>2025-08-13T14:05:30.000Z</time></trkpt>
<trkpt lat="30.62284638513021" lon="104.0675241519516"><ele>478</ele><time>2025-08-13T14:05:31.000Z</time></trkpt>
<trkpt lat="30.62284638513021" lon="104.0675241519516"><ele>478</ele><time>2025-08-13T14:05:32.000Z</time></trkpt>
<trkpt lat="30.62284638513021" lon="104.0675241519516"><ele>478</ele><time>2025-08-13T14:05:33.000Z</time></trkpt>
<trkpt lat="30.62284638513021" lon="104.0675241519516"><ele>479</ele><time>2025-08-13T14:05:34.000Z</time></trkpt>
<trkpt lat="30.62284638513021" lon="104.0675241519516"><ele>479</ele><time>2025-08-13T14:05:35.000Z</time></trkpt>
<trkpt lat="30.62284638513021" lon="104.0675241519516"><ele>479</ele><time>2025-08-13T14:05:36.000Z</time></trkpt>
<trkpt lat="30.62284638513021" lon="104.0675241519516"><ele>479</ele><time>2025-08-13T14:05:37.000Z</time></trkpt>
<trkpt lat="30.62284638513021" lon="104.0675241519516"><ele>479</ele><time>2025-08-13T14:05:38.000Z</time></trkpt>
<trkpt lat="30.62284638513021" lon="104.0675241519516"><ele>479</ele><time>2025-08-13T14:05:39.000Z</time></trkpt>
<trkpt lat="30.62284638513021" lon="104.0675241519516"><ele>479</ele><time>2025-08-13T14:05:40.000Z</time></trkpt>
<trkpt lat="30.62284638513021" lon="104.0675241519516"><ele>478</ele><time>2025-08-13T14:05:41.000Z</time></trkpt>
<trkpt lat="30.62284638513021" lon="104.0675241519516"><ele>478</ele><time>2025-08-13T14:05:42.000Z</time></trkpt>
<trkpt lat="30.62284638513021" lon="104.0675241519516"><ele>478</ele><time>2025-08-13T14:05:43.000Z</time></trkpt>
<trkpt lat="30.62284638513021" lon="104.0675241519516"><ele>478</ele><time>2025-08-13T14:05:44.000Z</time></trkpt>
<trkpt lat="30.62284638513021" lon="104.0675241519516"><ele>478</ele><time>2025-08-13T14:05:45.000Z</time></trkpt>
<trkpt lat="30.62284638513021" lon="104.0675241519516"><ele>478</ele><time>2025-08-13T14:05:46.000Z</time></trkpt>
<trkpt lat="30.62284638513021" lon="104.0675241519516"><ele>478</ele><time>2025-08-13T14:05:47.000Z</time></trkpt>
<trkpt lat="30.62284638513021" lon="104.0675241519516"><ele>478</ele><time>2025-08-13T14:05:48.000Z</time></trkpt>
<trkpt lat="30.62284638513021" lon="104.0675241519516"><ele>478</ele><time>2025-08-13T14:05:49.000Z</time></trkpt>
<trkpt lat="30.62284638513021" lon="104.0675241519516"><ele>478</ele><time>2025-08-13T14:05:50.000Z</time></trkpt>
<trkpt lat="30.62284638513021" lon="104.0675241519516"><ele>478</ele><time>2025-08-13T14:05:51.000Z</time></trkpt>
<trkpt lat="30.62284638513021" lon="104.0675241519516"><ele>478</ele><time>2025-08-13T14:05:52.000Z</time></trkpt>
<trkpt lat="30.62284638513021" lon="104.0675241519516"><ele>478</ele><time>2025-08-13T14:05:53.000Z</time></trkpt>
<trkpt lat="30.62284638513021" lon="104.0675241519516"><ele>477</ele><time>2025-08-13T14:05:54.000Z</time></trkpt>
<trkpt lat="30.62284638513021" lon="104.0675241519516"><ele>478</ele><time>2025-08-13T14:05:55.000Z</time></trkpt>
<trkpt lat="30.62284638513021" lon="104.0675241519516"><ele>478</ele><time>2025-08-13T14:05:56.000Z</time></trkpt>
<trkpt lat="30.62284638513021" lon="104.0675241519516"><ele>478</ele><time>2025-08-13T14:05:57.000Z</time></trkpt>
<trkpt lat="30.62284638513021" lon="104.0675241519516"><ele>478</ele><time>2025-08-13T14:05:58.000Z</time></trkpt>
<trkpt lat="30.62284638513021" lon="104.0675241519516"><ele>478</ele><time>2025-08-13T14:05:59.000Z</time></trkpt>
<trkpt lat="30.62284638513021" lon="104.0675241519516"><ele>478</ele><time>2025-08-13T14:06:00.000Z</time></trkpt>
<trkpt lat="30.62284638513021" lon="104.0675241519516"><ele>478</ele><time>2025-08-13T14:06:01.000Z</time></trkpt>
<trkpt lat="30.62284638513021" lon="104.0675241519516"><ele>478</ele><time>2025-08-13T14:06:02.000Z</time></trkpt>
<trkpt lat="30.62284638513021" lon="104.0675241519516"><ele>478</ele><time>2025-08-13T14:06:03.000Z</time></trkpt>
<trkpt lat="30.62284638513021" lon="104.0675241519516"><ele>479</ele><time>2025-08-13T14:06:04.000Z</time></trkpt>
<trkpt lat="30.62284638513021" lon="104.0675241519516"><ele>479</ele><time>2025-08-13T14:06:05.000Z</time></trkpt>
<trkpt lat="30.62284638513021" lon="104.0675241519516"><ele>479</ele><time>2025-08-13T14:06:06.000Z</time></trkpt>
<trkpt lat="30.62284638513021" lon="104.0675241519516"><ele>479</ele><time>2025-08-13T14:06:07.000Z</time></trkpt>
<trkpt lat="30.62284638513021" lon="104.0675241519516"><ele>479</ele><time>2025-08-13T14:06:08.000Z</time></trkpt>
<trkpt lat="30.62284638513021" lon="104.0675241519516"><ele>479</ele><time>2025-08-13T14:06:09.000Z</time></trkpt>
<trkpt lat="30.62284638513021" lon="104.0675241519516"><ele>479</ele><time>2025-08-13T14:06:10.000Z</time></trkpt>
<trkpt lat="30.62284638513021" lon="104.0675241519516"><ele>479</ele><time>2025-08-13T14:06:11.000Z</time></trkpt>
<trkpt lat="30.62284638513021" lon="104.0675241519516"><ele>478</ele><time>2025-08-13T14:06:12.000Z</time></trkpt>
<trkpt lat="30.62284638513021" lon="104.0675241519516"><ele>478</ele><time>2025-08-13T14:06:13.000Z</time></trkpt>
<trkpt lat="30.62284638513021" lon="104.0675241519516"><ele>478</ele><time>2025-08-13T14:06:14.000Z</time></trkpt>
<trkpt lat="30.62284638513021" lon="104.0675241519516"><ele>478</ele><time>2025-08-13T14:06:15.000Z</time></trkpt>
<trkpt lat="30.62284638513021" lon="104.0675241519516"><ele>478</ele><time>2025-08-13T14:06:16.000Z</time></trkpt>
<trkpt lat="30.62284638513021" lon="104.0675241519516"><ele>478</ele><time>2025-08-13T14:06:17.000Z</time></trkpt>
<trkpt lat="30.62284638513021" lon="104.0675241519516"><ele>478</ele><time>2025-08-13T14:06:18.000Z</time></trkpt>
<trkpt lat="30.62284638513021" lon="104.0675241519516"><ele>478</ele><time>2025-08-13T14:06:19.000Z</time></trkpt>
<trkpt lat="30.62284638513021" lon="104.0675241519516"><ele>478</ele><time>2025-08-13T14:06:20.000Z</time></trkpt>
<trkpt lat="30.62284638513021" lon="104.0675241519516"><ele>478</ele><time>2025-08-13T14:06:21.000Z</time></trkpt>
<trkpt lat="30.62284638513021" lon="104.0675241519516"><ele>478</ele><time>2025-08-13T14:06:22.000Z</time></trkpt>
<trkpt lat="30.62284638513021" lon="104.0675241519516"><ele>478</ele><time>2025-08-13T14:06:23.000Z</time></trkpt>
<trkpt lat="30.62284638513021" lon="104.0675241519516"><ele>478</ele><time>2025-08-13T14:06:24.000Z</time></trkpt>
<trkpt lat="30.62284638513021" lon="104.0675241519516"><ele>478</ele><time>2025-08-13T14:06:25.000Z</time></trkpt>
<trkpt lat="30.62284638513021" lon="104.0675241519516"><ele>478</ele><time>2025-08-13T14:06:26.000Z</time></trkpt>
<trkpt lat="30.62284638513021" lon="104.0675241519516"><ele>477</ele><time>2025-08-13T14:06:27.000Z</time></trkpt>
<trkpt lat="30.62284638513021" lon="104.0675241519516"><ele>478</ele><time>2025-08-13T14:06:28.000Z</time></trkpt>
<trkpt lat="30.62284638513021" lon="104.0675241519516"><ele>477</ele><time>2025-08-13T14:06:29.000Z</time></trkpt>
<trkpt lat="30.62284638513021" lon="104.0675241519516"><ele>477</ele><time>2025-08-13T14:06:30.000Z</time></trkpt>
<trkpt lat="30.62284638513021" lon="104.0675241519516"><ele>477</ele><time>2025-08-13T14:06:31.000Z</time></trkpt>
<trkpt lat="30.62284638513021" lon="104.0675241519516"><ele>477</ele><time>2025-08-13T14:06:32.000Z</time></trkpt>
<trkpt lat="30.62284638513021" lon="104.0675241519516"><ele>477</ele><time>2025-08-13T14:06:33.000Z</time></trkpt>
<trkpt lat="30.62284638513021" lon="104.0675241519516"><ele>477</ele><time>2025-08-13T14:06:34.000Z</time></trkpt>
<trkpt lat="30.62284638513021" lon="104.0675241519516"><ele>477</ele><time>2025-08-13T14:06:35.000Z</time></trkpt>
<trkpt lat="30.62284638513021" lon="104.0675241519516"><ele>477</ele><time>2025-08-13T14:06:36.000Z</time></trkpt>
<trkpt lat="30.62284638513021" lon="104.0675241519516"><ele>477</ele><time>2025-08-13T14:06:37.000Z</time></trkpt>
<trkpt lat="30.62284638513021" lon="104.0675241519516"><ele>477</ele><time>2025-08-13T14:06:38.000Z</time></trkpt>
<trkpt lat="30.62284638513021" lon="104.0675241519516"><ele>477</ele><time>2025-08-13T14:06:39.000Z</time></trkpt>
<trkpt lat="30.62284638513021" lon="104.0675241519516"><ele>477</ele><time>2025-08-13T14:06:40.000Z</time></trkpt>
<trkpt lat="30.62284638513021" lon="104.0675241519516"><ele>477</ele><time>2025-08-13T14:06:41.000Z</time></trkpt>
<trkpt lat="30.62284638513021" lon="104.0675241519516"><ele>477</ele><time>2025-08-13T14:06:42.000Z</time></trkpt>
<trkpt lat="30.62284638513021" lon="104.0675241519516"><ele>477</ele><time>2025-08-13T14:06:43.000Z</time></trkpt>
<trkpt lat="30.62284638513021" lon="104.0675241519516"><ele>477</ele><time>2025-08-13T14:06:44.000Z</time></trkpt>
<trkpt lat="30.62284638513021" lon="104.0675241519516"><ele>477</ele><time>2025-08-13T14:06:45.000Z</time></trkpt>
<trkpt lat="30.62284638513021" lon="104.0675241519516"><ele>476</ele><time>2025-08-13T14:06:46.000Z</time></trkpt>
<trkpt lat="30.62284638513021" lon="104.0675241519516"><ele>477</ele><time>2025-08-13T14:06:47.000Z</time></trkpt>
<trkpt lat="30.62284638513021" lon="104.0675241519516"><ele>477</ele><time>2025-08-13T14:06:48.000Z</time></trkpt>
<trkpt lat="30.62284638513021" lon="104.0675241519516"><ele>478</ele><time>2025-08-13T14:06:49.000Z</time></trkpt>
<trkpt lat="30.62284638513021" lon="104.0675241519516"><ele>478</ele><time>2025-08-13T14:06:50.000Z</time></trkpt>
<trkpt lat="30.62284638513021" lon="104.0675241519516"><ele>478</ele><time>2025-08-13T14:06:51.000Z</time></trkpt>
<trkpt lat="30.62284638513021" lon="104.0675241519516"><ele>478</ele><time>2025-08-13T14:06:52.000Z</time></trkpt>
<trkpt lat="30.62284638513021" lon="104.0675241519516"><ele>479</ele><time>2025-08-13T14:06:53.000Z</time></trkpt>
<trkpt lat="30.62284638513021" lon="104.0675241519516"><ele>479</ele><time>2025-08-13T14:06:54.000Z</time></trkpt>
<trkpt lat="30.62284638513021" lon="104.0675241519516"><ele>479</ele><time>2025-08-13T14:06:55.000Z</time></trkpt>
<trkpt lat="30.62284638513021" lon="104.0675241519516"><ele>478</ele><time>2025-08-13T14:06:56.000Z</time></trkpt>
<trkpt lat="30.62284638513021" lon="104.0675241519516"><ele>478</ele><time>2025-08-13T14:06:57.000Z</time></trkpt>
<trkpt lat="30.62284638513021" lon="104.0675241519516"><ele>478</ele><time>2025-08-13T14:06:58.000Z</time></trkpt>
<trkpt lat="30.62284638513021" lon="104.0675241519516"><ele>478</ele><time>2025-08-13T14:06:59.000Z</time></trkpt>
<trkpt lat="30.62284638513021" lon="104.0675241519516"><ele>477</ele><time>2025-08-13T14:07:00.000Z</time></trkpt>
<trkpt lat="30.62284638513021" lon="104.0675241519516"><ele>477</ele><time>2025-08-13T14:07:01.000Z</time></trkpt>
<trkpt lat="30.62284638513021" lon="104.0675241519516"><ele>476</ele><time>2025-08-13T14:07:02.000Z</time></trkpt>
<trkpt lat="30.62284638513021" lon="104.0675241519516"><ele>475</ele><time>2025-08-13T14:07:03.000Z</time></trkpt>
<trkpt lat="30.62284638513021" lon="104.0675241519516"><ele>475</ele><time>2025-08-13T14:07:04.000Z</time></trkpt>
<trkpt lat="30.62284638513021" lon="104.0675241519516"><ele>475</ele><time>2025-08-13T14:07:05.000Z</time></trkpt>
<trkpt lat="30.62284638513021" lon="104.0675241519516"><ele>476</ele><time>2025-08-13T14:07:06.000Z</time></trkpt>
<trkpt lat="30.62284638513021" lon="104.0675241519516"><ele>476</ele><time>2025-08-13T14:07:07.000Z</time></trkpt>
<trkpt lat="30.62284638513021" lon="104.0675241519516"><ele>477</ele><time>2025-08-13T14:07:08.000Z</time></trkpt>
<trkpt lat="30.62284638513021" lon="104.0675241519516"><ele>477</ele><time>2025-08-13T14:07:09.000Z</time></trkpt>
<trkpt lat="30.62284638513021" lon="104.0675241519516"><ele>477</ele><time>2025-08-13T14:07:10.000Z</time></trkpt>
<trkpt lat="30.62284638513021" lon="104.0675241519516"><ele>477</ele><time>2025-08-13T14:07:11.000Z</time></trkpt>
<trkpt lat="30.62284638513021" lon="104.0675241519516"><ele>477</ele><time>2025-08-13T14:07:12.000Z</time></trkpt>
<trkpt lat="30.62284638513021" lon="104.0675241519516"><ele>477</ele><time>2025-08-13T14:07:13.000Z</time></trkpt>
<trkpt lat="30.62284638513021" lon="104.0675241519516"><ele>476</ele><time>2025-08-13T14:07:14.000Z</time></trkpt>
<trkpt lat="30.62284638513021" lon="104.0675241519516"><ele>477</ele><time>2025-08-13T14:07:15.000Z</time></trkpt>
<trkpt lat="30.62284638513021" lon="104.0675241519516"><ele>477</ele><time>2025-08-13T14:07:16.000Z</time></trkpt>
<trkpt lat="30.62284638513021" lon="104.0675241519516"><ele>478</ele><time>2025-08-13T14:07:17.000Z</time></trkpt>
<trkpt lat="30.62284638513021" lon="104.0675241519516"><ele>478</ele><time>2025-08-13T14:07:18.000Z</time></trkpt>
<trkpt lat="30.62284638513021" lon="104.0675241519516"><ele>478</ele><time>2025-08-13T14:07:19.000Z</time></trkpt>
<trkpt lat="30.62284638513021" lon="104.0675241519516"><ele>478</ele><time>2025-08-13T14:07:20.000Z</time></trkpt>
<trkpt lat="30.62284638513021" lon="104.0675241519516"><ele>479</ele><time>2025-08-13T14:07:21.000Z</time></trkpt>
<trkpt lat="30.62284638513021" lon="104.0675241519516"><ele>478</ele><time>2025-08-13T14:07:22.000Z</time></trkpt>
<trkpt lat="30.62284638513021" lon="104.0675241519516"><ele>479</ele><time>2025-08-13T14:07:23.000Z</time></trkpt>
<trkpt lat="30.62284638513021" lon="104.0675241519516"><ele>479</ele><time>2025-08-13T14:07:24.000Z</time></trkpt>
<trkpt lat="30.62284638513021" lon="104.0675241519516"><ele>479</ele><time>2025-08-13T14:07:25.000Z</time></trkpt>
<trkpt lat="30.62284638513021" lon="104.0675241519516"><ele>480</ele><time>2025-08-13T14:07:26.000Z</time></trkpt>
<trkpt lat="30.62284638513021" lon="104.0675241519516"><ele>478</ele><time>2025-08-13T14:07:27.000Z</time></trkpt>
<trkpt lat="30.62284638513021" lon="104.0675241519516"><ele>478</ele><time>2025-08-13T14:07:28.000Z</time></trkpt>
<trkpt lat="30.62284638513021" lon="104.0675241519516"><ele>478</ele><time>2025-08-13T14:07:29.000Z</time></trkpt>
<trkpt lat="30.62284638513021" lon="104.0675241519516"><ele>477</ele><time>2025-08-13T14:07:30.000Z</time></trkpt>
<trkpt lat="30.62284638513021" lon="104.0675241519516"><ele>476</ele><time>2025-08-13T14:07:31.000Z</time></trkpt>
<trkpt lat="30.62284638513021" lon="104.0675241519516"><ele>476</ele><time>2025-08-13T14:07:32.000Z</time></trkpt>
<trkpt lat="30.62284638513021" lon="104.0675241519516"><ele>475</ele><time>2025-08-13T14:07:33.000Z</time></trkpt>
<trkpt lat="30.62284638513021" lon="104.0675241519516"><ele>475</ele><time>2025-08-13T14:07:34.000Z</time></trkpt>
<trkpt lat="30.62284638513021" lon="104.0675241519516"><ele>474</ele><time>2025-08-13T14:07:35.000Z</time></trkpt>
<trkpt lat="30.62284638513021" lon="104.0675241519516"><ele>475</ele><time>2025-08-13T14:07:36.000Z</time></trkpt>
<trkpt lat="30.62284638513021" lon="104.0675241519516"><ele>474</ele><time>2025-08-13T14:07:37.000Z</time></trkpt>
<trkpt lat="30.62284638513021" lon="104.0675241519516"><ele>473</ele><time>2025-08-13T14:07:38.000Z</time></trkpt>
<trkpt lat="30.62284638513021" lon="104.0675241519516"><ele>472</ele><time>2025-08-13T14:07:39.000Z</time></trkpt>
<trkpt lat="30.62284638513021" lon="104.0675241519516"><ele>471</ele><time>2025-08-13T14:07:40.000Z</time></trkpt>
<trkpt lat="30.62284638513021" lon="104.0675241519516"><ele>470</ele><time>2025-08-13T14:07:41.000Z</time></trkpt>
<trkpt lat="30.62284638513021" lon="104.0675241519516"><ele>470</ele><time>2025-08-13T14:07:42.000Z</time></trkpt>
<trkpt lat="30.62284638513021" lon="104.0675241519516"><ele>470</ele><time>2025-08-13T14:07:43.000Z</time></trkpt>
<trkpt lat="30.62284638513021" lon="104.0675241519516"><ele>470</ele><time>2025-08-13T14:07:44.000Z</time></trkpt>
<trkpt lat="30.62284638513021" lon="104.0675241519516"><ele>470</ele><time>2025-08-13T14:07:45.000Z</time></trkpt>
<trkpt lat="30.62284638513021" lon="104.0675241519516"><ele>465</ele><time>2025-08-13T14:07:46.000Z</time></trkpt>
<trkpt lat="30.62284638513021" lon="104.0675241519516"><ele>463</ele><time>2025-08-13T14:07:47.000Z</time></trkpt>
<trkpt lat="30.62284638513021" lon="104.0675241519516"><ele>463</ele><time>2025-08-13T14:07:48.000Z</time></trkpt>
<trkpt lat="30.62284638513021" lon="104.0675241519516"><ele>462</ele><time>2025-08-13T14:07:49.000Z</time></trkpt>
<trkpt lat="30.62284638513021" lon="104.0675241519516"><ele>462</ele><time>2025-08-13T14:07:50.000Z</time></trkpt>
<trkpt lat="30.62284638513021" lon="104.0675241519516"><ele>462</ele><time>2025-08-13T14:07:51.000Z</time></trkpt>
<trkpt lat="30.62284638513021" lon="104.0675241519516"><ele>462</ele><time>2025-08-13T14:07:52.000Z</time></trkpt>
<trkpt lat="30.62284638513021" lon="104.0675241519516"><ele>462</ele><time>2025-08-13T14:07:53.000Z</time></trkpt>
<trkpt lat="30.62284638513021" lon="104.0675241519516"><ele>463</ele><time>2025-08-13T14:07:54.000Z</time></trkpt>
<trkpt lat="30.62284638513021" lon="104.0675241519516"><ele>463</ele><time>2025-08-13T14:07:55.000Z</time></trkpt>
<trkpt lat="30.62284638513021" lon="104.0675241519516"><ele>463</ele><time>2025-08-13T14:07:56.000Z</time></trkpt>
<trkpt lat="30.62284638513021" lon="104.0675241519516"><ele>463</ele><time>2025-08-13T14:07:57.000Z</time></trkpt>
<trkpt lat="30.62284638513021" lon="104.0675241519516"><ele>463</ele><time>2025-08-13T14:07:58.000Z</time></trkpt>
<trkpt lat="30.62284638513021" lon="104.0675241519516"><ele>463</ele><time>2025-08-13T14:07:59.000Z</time></trkpt>
<trkpt lat="30.62284638513021" lon="104.0675241519516"><ele>462</ele><time>2025-08-13T14:08:00.000Z</time></trkpt>
<trkpt lat="30.62284638513021" lon="104.0675241519516"><ele>463</ele><time>2025-08-13T14:08:01.000Z</time></trkpt>
<trkpt lat="30.62284638513021" lon="104.0675241519516"><ele>463</ele><time>2025-08-13T14:08:02.000Z</time></trkpt>
<trkpt lat="30.62284638513021" lon="104.0675241519516"><ele>461</ele><time>2025-08-13T14:08:03.000Z</time></trkpt>
<trkpt lat="30.62284638513021" lon="104.0675241519516"><ele>461</ele><time>2025-08-13T14:08:04.000Z</time></trkpt>
<trkpt lat="30.62284638513021" lon="104.0675241519516"><ele>461</ele><time>2025-08-13T14:08:05.000Z</time></trkpt>
<trkpt lat="30.62284638513021" lon="104.0675241519516"><ele>461</ele><time>2025-08-13T14:08:06.000Z</time></trkpt>
<trkpt lat="30.62284638513021" lon="104.0675241519516"><ele>461</ele><time>2025-08-13T14:08:07.000Z</time></trkpt>
<trkpt lat="30.62284638513021" lon="104.0675241519516"><ele>462</ele><time>2025-08-13T14:08:08.000Z</time></trkpt>
<trkpt lat="30.62284638513021" lon="104.0675241519516"><ele>464</ele><time>2025-08-13T14:08:09.000Z</time></trkpt>
<trkpt lat="30.62284638513021" lon="104.0675241519516"><ele>465</ele><time>2025-08-13T14:08:10.000Z</time></trkpt>
<trkpt lat="30.62284638513021" lon="104.0675241519516"><ele>465</ele><time>2025-08-13T14:08:11.000Z</time></trkpt>
<trkpt lat="30.62284638513021" lon="104.0675241519516"><ele>466</ele><time>2025-08-13T14:08:12.000Z</time></trkpt>
<trkpt lat="30.62284638513021" lon="104.0675241519516"><ele>466</ele><time>2025-08-13T14:08:13.000Z</time></trkpt>
<trkpt lat="30.62284638513021" lon="104.0675241519516"><ele>467</ele><time>2025-08-13T14:08:14.000Z</time></trkpt>
<trkpt lat="30.62284638513021" lon="104.0675241519516"><ele>467</ele><time>2025-08-13T14:08:15.000Z</time></trkpt>
<trkpt lat="30.62284638513021" lon="104.0675241519516"><ele>467</ele><time>2025-08-13T14:08:16.000Z</time></trkpt>
<trkpt lat="30.62284638513021" lon="104.0675241519516"><ele>467</ele><time>2025-08-13T14:08:17.000Z</time></trkpt>
<trkpt lat="30.62284638513021" lon="104.0675241519516"><ele>468</ele><time>2025-08-13T14:08:18.000Z</time></trkpt>
<trkpt lat="30.62284638513021" lon="104.0675241519516"><ele>468</ele><time>2025-08-13T14:08:19.000Z</time></trkpt>
<trkpt lat="30.62284638513021" lon="104.0675241519516"><ele>469</ele><time>2025-08-13T14:08:20.000Z</time></trkpt>
<trkpt lat="30.62284638513021" lon="104.0675241519516"><ele>469</ele><time>2025-08-13T14:08:21.000Z</time></trkpt>
<trkpt lat="30.62284638513021" lon="104.0675241519516"><ele>470</ele><time>2025-08-13T14:08:22.000Z</time></trkpt>
<trkpt lat="30.62284638513021" lon="104.0675241519516"><ele>470</ele><time>2025-08-13T14:08:23.000Z</time></trkpt>
<trkpt lat="30.62284638513021" lon="104.0675241519516"><ele>470</ele><time>2025-08-13T14:08:24.000Z</time></trkpt>
<trkpt lat="30.62284638513021" lon="104.0675241519516"><ele>471</ele><time>2025-08-13T14:08:25.000Z</time></trkpt>
<trkpt lat="30.62284638513021" lon="104.0675241519516"><ele>471</ele><time>2025-08-13T14:08:26.000Z</time></trkpt>
<trkpt lat="30.62284638513021" lon="104.0675241519516"><ele>471</ele><time>2025-08-13T14:08:27.000Z</time></trkpt>
<trkpt lat="30.62284638513021" lon="104.0675241519516"><ele>471</ele><time>2025-08-13T14:08:28.000Z</time></trkpt>
<trkpt lat="30.62284638513021" lon="104.0675241519516"><ele>471</ele><time>2025-08-13T14:08:29.000Z</time></trkpt>
<trkpt lat="30.62284638513021" lon="104.0675241519516"><ele>471</ele><time>2025-08-13T14:08:30.000Z</time></trkpt>
<trkpt lat="30.62284638513021" lon="104.0675241519516"><ele>471</ele><time>2025-08-13T14:08:31.000Z</time></trkpt>
<trkpt lat="30.62284638513021" lon="104.0675241519516"><ele>471</ele><time>2025-08-13T14:08:32.000Z</time></trkpt>
<trkpt lat="30.62284638513021" lon="104.0675241519516"><ele>471</ele><time>2025-08-13T14:08:33.000Z</time></trkpt>
<trkpt lat="30.62284638513021" lon="104.0675241519516"><ele>472</ele><time>2025-08-13T14:08:34.000Z</time></trkpt>
<trkpt lat="30.62284638513021" lon="104.0675241519516"><ele>472</ele><time>2025-08-13T14:08:35.000Z</time></trkpt>
<trkpt lat="30.62284638513021" lon="104.0675241519516"><ele>472</ele><time>2025-08-13T14:08:36.000Z</time></trkpt>
<trkpt lat="30.62284638513021" lon="104.0675241519516"><ele>472</ele><time>2025-08-13T14:08:37.000Z</time></trkpt>
<trkpt lat="30.62284638513021" lon="104.0675241519516"><ele>472</ele><time>2025-08-13T14:08:38.000Z</time></trkpt>
<trkpt lat="30.62284638513021" lon="104.0675241519516"><ele>472</ele><time>2025-08-13T14:08:39.000Z</time></trkpt>
<trkpt lat="30.62284638513021" lon="104.0675241519516"><ele>473</ele><time>2025-08-13T14:08:40.000Z</time></trkpt>
<trkpt lat="30.62284638513021" lon="104.0675241519516"><ele>473</ele><time>2025-08-13T14:08:41.000Z</time></trkpt>
<trkpt lat="30.62284638513021" lon="104.0675241519516"><ele>473</ele><time>2025-08-13T14:08:42.000Z</time></trkpt>
<trkpt lat="30.62284638513021" lon="104.0675241519516"><ele>473</ele><time>2025-08-13T14:08:43.000Z</time></trkpt>
<trkpt lat="30.62284638513021" lon="104.0675241519516"><ele>473</ele><time>2025-08-13T14:08:44.000Z</time></trkpt>
<trkpt lat="30.62284638513021" lon="104.0675241519516"><ele>474</ele><time>2025-08-13T14:08:45.000Z</time></trkpt>
<trkpt lat="30.62284638513021" lon="104.0675241519516"><ele>473</ele><time>2025-08-13T14:08:46.000Z</time></trkpt>
<trkpt lat="30.62284638513021" lon="104.0675241519516"><ele>474</ele><time>2025-08-13T14:08:47.000Z</time></trkpt>
<trkpt lat="30.62284638513021" lon="104.0675241519516"><ele>474</ele><time>2025-08-13T14:08:48.000Z</time></trkpt>
<trkpt lat="30.62284638513021" lon="104.0675241519516"><ele>474</ele><time>2025-08-13T14:08:49.000Z</time></trkpt>
<trkpt lat="30.62284638513021" lon="104.0675241519516"><ele>474</ele><time>2025-08-13T14:08:50.000Z</time></trkpt>
<trkpt lat="30.62284638513021" lon="104.0675241519516"><ele>474</ele><time>2025-08-13T14:08:51.000Z</time></trkpt>
<trkpt lat="30.62284638513021" lon="104.0675241519516"><ele>474</ele><time>2025-08-13T14:08:52.000Z</time></trkpt>
<trkpt lat="30.62284638513021" lon="104.0675241519516"><ele>474</ele><time>2025-08-13T14:08:53.000Z</time></trkpt>
<trkpt lat="30.62284638513021" lon="104.0675241519516"><ele>475</ele><time>2025-08-13T14:08:54.000Z</time></trkpt>
<trkpt lat="30.62284638513021" lon="104.0675241519516"><ele>475</ele><time>2025-08-13T14:08:55.000Z</time></trkpt>
<trkpt lat="30.62284638513021" lon="104.0675241519516"><ele>475</ele><time>2025-08-13T14:08:56.000Z</time></trkpt>
<trkpt lat="30.62284638513021" lon="104.0675241519516"><ele>475</ele><time>2025-08-13T14:08:57.000Z</time></trkpt>
<trkpt lat="30.62284638513021" lon="104.0675241519516"><ele>475</ele><time>2025-08-13T14:08:58.000Z</time></trkpt>
<trkpt lat="30.62284638513021" lon="104.0675241519516"><ele>475</ele><time>2025-08-13T14:08:59.000Z</time></trkpt>
<trkpt lat="30.62284638513021" lon="104.0675241519516"><ele>475</ele><time>2025-08-13T14:09:00.000Z</time></trkpt>
<trkpt lat="30.62284638513021" lon="104.0675241519516"><ele>475</ele><time>2025-08-13T14:09:01.000Z</time></trkpt>
<trkpt lat="30.62284638513021" lon="104.0675241519516"><ele>475</ele><time>2025-08-13T14:09:02.000Z</time></trkpt>
<trkpt lat="30.62284638513021" lon="104.0675241519516"><ele>475</ele><time>2025-08-13T14:09:03.000Z</time></trkpt>
<trkpt lat="30.62284638513021" lon="104.0675241519516"><ele>475</ele><time>2025-08-13T14:09:04.000Z</time></trkpt>
<trkpt lat="30.62284638513021" lon="104.0675241519516"><ele>475</ele><time>2025-08-13T14:09:05.000Z</time></trkpt>
<trkpt lat="30.62284638513021" lon="104.0675241519516"><ele>475</ele><time>2025-08-13T14:09:06.000Z</time></trkpt>
<trkpt lat="30.62284638513021" lon="104.0675241519516"><ele>475</ele><time>2025-08-13T14:09:07.000Z</time></trkpt>
<trkpt lat="30.62284638513021" lon="104.0675241519516"><ele>475</ele><time>2025-08-13T14:09:08.000Z</time></trkpt>
<trkpt lat="30.62284638513021" lon="104.0675241519516"><ele>474</ele><time>2025-08-13T14:09:09.000Z</time></trkpt>
<trkpt lat="30.62284638513021" lon="104.0675241519516"><ele>474</ele><time>2025-08-13T14:09:10.000Z</time></trkpt>
<trkpt lat="30.62284638513021" lon="104.0675241519516"><ele>474</ele><time>2025-08-13T14:09:11.000Z</time></trkpt>
<trkpt lat="30.62284638513021" lon="104.0675241519516"><ele>474</ele><time>2025-08-13T14:09:12.000Z</time></trkpt>
<trkpt lat="30.62284638513021" lon="104.0675241519516"><ele>474</ele><time>2025-08-13T14:09:13.000Z</time></trkpt>
<trkpt lat="30.62284638513021" lon="104.0675241519516"><ele>474</ele><time>2025-08-13T14:09:14.000Z</time></trkpt>
<trkpt lat="30.62284638513021" lon="104.0675241519516"><ele>474</ele><time>2025-08-13T14:09:15.000Z</time></trkpt>
<trkpt lat="30.62284638513021" lon="104.0675241519516"><ele>474</ele><time>2025-08-13T14:09:16.000Z</time></trkpt>
<trkpt lat="30.62284638513021" lon="104.0675241519516"><ele>474</ele><time>2025-08-13T14:09:17.000Z</time></trkpt>
<trkpt lat="30.62284638513021" lon="104.0675241519516"><ele>474</ele><time>2025-08-13T14:09:18.000Z</time></trkpt>
<trkpt lat="30.62284638513021" lon="104.0675241519516"><ele>474</ele><time>2025-08-13T14:09:19.000Z</time></trkpt>
<trkpt lat="30.62284638513021" lon="104.0675241519516"><ele>474</ele><time>2025-08-13T14:09:20.000Z</time></trkpt>
<trkpt lat="30.62284638513021" lon="104.0675241519516"><ele>474</ele><time>2025-08-13T14:09:21.000Z</time></trkpt>
<trkpt lat="30.62284638513021" lon="104.0675241519516"><ele>474</ele><time>2025-08-13T14:09:22.000Z</time></trkpt>
<trkpt lat="30.62284638513021" lon="104.0675241519516"><ele>474</ele><time>2025-08-13T14:09:23.000Z</time></trkpt>
<trkpt lat="30.62284638513021" lon="104.0675241519516"><ele>474</ele><time>2025-08-13T14:09:24.000Z</time></trkpt>
<trkpt lat="30.62284638513021" lon="104.0675241519516"><ele>474</ele><time>2025-08-13T14:09:25.000Z</time></trkpt>
<trkpt lat="30.62284638513021" lon="104.0675241519516"><ele>474</ele><time>2025-08-13T14:09:26.000Z</time></trkpt>
<trkpt lat="30.62284638513021" lon="104.0675241519516"><ele>474</ele><time>2025-08-13T14:09:27.000Z</time></trkpt>
<trkpt lat="30.62284638513021" lon="104.0675241519516"><ele>474</ele><time>2025-08-13T14:09:28.000Z</time></trkpt>
<trkpt lat="30.62284638513021" lon="104.0675241519516"><ele>474</ele><time>2025-08-13T14:09:29.000Z</time></trkpt>
<trkpt lat="30.62284638513021" lon="104.0675241519516"><ele>474</ele><time>2025-08-13T14:09:30.000Z</time></trkpt>
<trkpt lat="30.62284638513021" lon="104.0675241519516"><ele>474</ele><time>2025-08-13T14:09:31.000Z</time></trkpt>
<trkpt lat="30.62284638513021" lon="104.0675241519516"><ele>474</ele><time>2025-08-13T14:09:32.000Z</time></trkpt>
<trkpt lat="30.62284638513021" lon="104.0675241519516"><ele>474</ele><time>2025-08-13T14:09:33.000Z</time></trkpt>
<trkpt lat="30.62284638513021" lon="104.0675241519516"><ele>474</ele><time>2025-08-13T14:09:34.000Z</time></trkpt>
<trkpt lat="30.62284638513021" lon="104.0675241519516"><ele>474</ele><time>2025-08-13T14:09:35.000Z</time></trkpt>
<trkpt lat="30.62284638513021" lon="104.0675241519516"><ele>474</ele><time>2025-08-13T14:09:36.000Z</time></trkpt>
<trkpt lat="30.62284638513021" lon="104.0675241519516"><ele>474</ele><time>2025-08-13T14:09:37.000Z</time></trkpt>
<trkpt lat="30.62284638513021" lon="104.0675241519516"><ele>474</ele><time>2025-08-13T14:09:38.000Z</time></trkpt>
<trkpt lat="30.62284638513021" lon="104.0675241519516"><ele>474</ele><time>2025-08-13T14:09:39.000Z</time></trkpt>
<trkpt lat="30.62284638513021" lon="104.0675241519516"><ele>474</ele><time>2025-08-13T14:09:40.000Z</time></trkpt>
<trkpt lat="30.62284638513021" lon="104.0675241519516"><ele>474</ele><time>2025-08-13T14:09:41.000Z</time></trkpt>
<trkpt lat="30.62284638513021" lon="104.0675241519516"><ele>474</ele><time>2025-08-13T14:09:42.000Z</time></trkpt>
<trkpt lat="30.62284638513021" lon="104.0675241519516"><ele>474</ele><time>2025-08-13T14:09:43.000Z</time></trkpt>
<trkpt lat="30.62284638513021" lon="104.0675241519516"><ele>474</ele><time>2025-08-13T14:09:44.000Z</time></trkpt>
<trkpt lat="30.62284638513021" lon="104.0675241519516"><ele>474</ele><time>2025-08-13T14:09:45.000Z</time></trkpt>
<trkpt lat="30.62284638513021" lon="104.0675241519516"><ele>474</ele><time>2025-08-13T14:09:46.000Z</time></trkpt>
<trkpt lat="30.62284638513021" lon="104.0675241519516"><ele>473</ele><time>2025-08-13T14:09:47.000Z</time></trkpt>
<trkpt lat="30.62284638513021" lon="104.0675241519516"><ele>474</ele><time>2025-08-13T14:09:48.000Z</time></trkpt>
<trkpt lat="30.62284638513021" lon="104.0675241519516"><ele>473</ele><time>2025-08-13T14:09:49.000Z</time></trkpt>
<trkpt lat="30.62284638513021" lon="104.0675241519516"><ele>473</ele><time>2025-08-13T14:09:50.000Z</time></trkpt>
<trkpt lat="30.62284638513021" lon="104.0675241519516"><ele>472</ele><time>2025-08-13T14:09:51.000Z</time></trkpt>
<trkpt lat="30.62284638513021" lon="104.0675241519516"><ele>472</ele><time>2025-08-13T14:09:52.000Z</time></trkpt>
<trkpt lat="30.62284638513021" lon="104.0675241519516"><ele>472</ele><time>2025-08-13T14:09:53.000Z</time></trkpt>
<trkpt lat="30.62284638513021" lon="104.0675241519516"><ele>472</ele><time>2025-08-13T14:09:54.000Z</time></trkpt>
<trkpt lat="30.62284638513021" lon="104.0675241519516"><ele>471</ele><time>2025-08-13T14:09:55.000Z</time></trkpt>
<trkpt lat="30.62284638513021" lon="104.0675241519516"><ele>471</ele><time>2025-08-13T14:09:56.000Z</time></trkpt>
<trkpt lat="30.62284638513021" lon="104.0675241519516"><ele>471</ele><time>2025-08-13T14:09:57.000Z</time></trkpt>
<trkpt lat="30.62284638513021" lon="104.0675241519516"><ele>473</ele><time>2025-08-13T14:09:58.000Z</time></trkpt>
<trkpt lat="30.62284638513021" lon="104.0675241519516"><ele>472</ele><time>2025-08-13T14:09:59.000Z</time></trkpt>
<trkpt lat="30.62284638513021" lon="104.0675241519516"><ele>471</ele><time>2025-08-13T14:10:00.000Z</time></trkpt>
<trkpt lat="30.62284638513021" lon="104.0675241519516"><ele>471</ele><time>2025-08-13T14:10:01.000Z</time></trkpt>
<trkpt lat="30.62284638513021" lon="104.0675241519516"><ele>471</ele><time>2025-08-13T14:10:02.000Z</time></trkpt>
<trkpt lat="30.62284638513021" lon="104.0675241519516"><ele>471</ele><time>2025-08-13T14:10:03.000Z</time></trkpt>
<trkpt lat="30.62284638513021" lon="104.0675241519516"><ele>470</ele><time>2025-08-13T14:10:04.000Z</time></trkpt>
<trkpt lat="30.62284638513021" lon="104.0675241519516"><ele>471</ele><time>2025-08-13T14:10:05.000Z</time></trkpt>
<trkpt lat="30.62284638513021" lon="104.0675241519516"><ele>471</ele><time>2025-08-13T14:10:06.000Z</time></trkpt>
<trkpt lat="30.62284638513021" lon="104.0675241519516"><ele>471</ele><time>2025-08-13T14:10:07.000Z</time></trkpt>
<trkpt lat="30.62284638513021" lon="104.0675241519516"><ele>471</ele><time>2025-08-13T14:10:08.000Z</time></trkpt>
<trkpt lat="30.62284638513021" lon="104.0675241519516"><ele>471</ele><time>2025-08-13T14:10:09.000Z</time></trkpt>
<trkpt lat="30.62284638513021" lon="104.0675241519516"><ele>471</ele><time>2025-08-13T14:10:10.000Z</time></trkpt>
<trkpt lat="30.62284638513021" lon="104.0675241519516"><ele>471</ele><time>2025-08-13T14:10:11.000Z</time></trkpt>
<trkpt lat="30.62284638513021" lon="104.0675241519516"><ele>472</ele><time>2025-08-13T14:10:12.000Z</time></trkpt>
<trkpt lat="30.62284638513021" lon="104.0675241519516"><ele>473</ele><time>2025-08-13T14:10:13.000Z</time></trkpt>
<trkpt lat="30.62284638513021" lon="104.0675241519516"><ele>473</ele><time>2025-08-13T14:10:14.000Z</time></trkpt>
<trkpt lat="30.62284638513021" lon="104.0675241519516"><ele>473</ele><time>2025-08-13T14:10:15.000Z</time></trkpt>
<trkpt lat="30.62284638513021" lon="104.0675241519516"><ele>474</ele><time>2025-08-13T14:10:16.000Z</time></trkpt>
<trkpt lat="30.62284638513021" lon="104.0675241519516"><ele>473</ele><time>2025-08-13T14:10:17.000Z</time></trkpt>
<trkpt lat="30.62284638513021" lon="104.0675241519516"><ele>473</ele><time>2025-08-13T14:10:18.000Z</time></trkpt>
<trkpt lat="30.62284638513021" lon="104.0675241519516"><ele>473</ele><time>2025-08-13T14:10:19.000Z</time></trkpt>
<trkpt lat="30.62284638513021" lon="104.0675241519516"><ele>473</ele><time>2025-08-13T14:10:20.000Z</time></trkpt>
<trkpt lat="30.62284638513021" lon="104.0675241519516"><ele>474</ele><time>2025-08-13T14:10:21.000Z</time></trkpt>
<trkpt lat="30.62284638513021" lon="104.0675241519516"><ele>474</ele><time>2025-08-13T14:10:22.000Z</time></trkpt>
<trkpt lat="30.62284638513021" lon="104.0675241519516"><ele>475</ele><time>2025-08-13T14:10:23.000Z</time></trkpt>
<trkpt lat="30.62284638513021" lon="104.0675241519516"><ele>475</ele><time>2025-08-13T14:10:24.000Z</time></trkpt>
<trkpt lat="30.62284638513021" lon="104.0675241519516"><ele>478</ele><time>2025-08-13T14:10:25.000Z</time></trkpt>
<trkpt lat="30.62284638513021" lon="104.0675241519516"><ele>479</ele><time>2025-08-13T14:10:26.000Z</time></trkpt>
<trkpt lat="30.62284638513021" lon="104.0675241519516"><ele>480</ele><time>2025-08-13T14:10:27.000Z</time></trkpt>
<trkpt lat="30.62284638513021" lon="104.0675241519516"><ele>480</ele><time>2025-08-13T14:10:28.000Z</time></trkpt>
<trkpt lat="30.62284638513021" lon="104.0675241519516"><ele>481</ele><time>2025-08-13T14:10:29.000Z</time></trkpt>
<trkpt lat="30.62284638513021" lon="104.0675241519516"><ele>481</ele><time>2025-08-13T14:10:30.000Z</time></trkpt>
<trkpt lat="30.62284638513021" lon="104.0675241519516"><ele>481</ele><time>2025-08-13T14:10:31.000Z</time></trkpt>
<trkpt lat="30.62284638513021" lon="104.0675241519516"><ele>480</ele><time>2025-08-13T14:10:32.000Z</time></trkpt>
<trkpt lat="30.62284638513021" lon="104.0675241519516"><ele>480</ele><time>2025-08-13T14:10:33.000Z</time></trkpt>
<trkpt lat="30.62284638513021" lon="104.0675241519516"><ele>479</ele><time>2025-08-13T14:10:34.000Z</time></trkpt>
<trkpt lat="30.62284638513021" lon="104.0675241519516"><ele>479</ele><time>2025-08-13T14:10:35.000Z</time></trkpt>
<trkpt lat="30.62284638513021" lon="104.0675241519516"><ele>480</ele><time>2025-08-13T14:10:36.000Z</time></trkpt>
<trkpt lat="30.62284638513021" lon="104.0675241519516"><ele>480</ele><time>2025-08-13T14:10:37.000Z</time></trkpt>
<trkpt lat="30.62284638513021" lon="104.0675241519516"><ele>480</ele><time>2025-08-13T14:10:38.000Z</time></trkpt>
<trkpt lat="30.62284638513021" lon="104.0675241519516"><ele>479</ele><time>2025-08-13T14:10:39.000Z</time></trkpt>
<trkpt lat="30.62284638513021" lon="104.0675241519516"><ele>479</ele><time>2025-08-13T14:10:40.000Z</time></trkpt>
<trkpt lat="30.62284638513021" lon="104.0675241519516"><ele>479</ele><time>2025-08-13T14:10:41.000Z</time></trkpt>
<trkpt lat="30.62284638513021" lon="104.0675241519516"><ele>480</ele><time>2025-08-13T14:10:42.000Z</time></trkpt>
<trkpt lat="30.62284638513021" lon="104.0675241519516"><ele>479</ele><time>2025-08-13T14:10:43.000Z</time></trkpt>
<trkpt lat="30.62284638513021" lon="104.0675241519516"><ele>480</ele><time>2025-08-13T14:10:44.000Z</time></trkpt>
<trkpt lat="30.62284638513021" lon="104.0675241519516"><ele>480</ele><time>2025-08-13T14:10:45.000Z</time></trkpt>
<trkpt lat="30.62284638513021" lon="104.0675241519516"><ele>480</ele><time>2025-08-13T14:10:46.000Z</time></trkpt>
<trkpt lat="30.62284638513021" lon="104.0675241519516"><ele>480</ele><time>2025-08-13T14:10:47.000Z</time></trkpt>
<trkpt lat="30.62284638513021" lon="104.0675241519516"><ele>480</ele><time>2025-08-13T14:10:48.000Z</time></trkpt>
<trkpt lat="30.62284638513021" lon="104.0675241519516"><ele>480</ele><time>2025-08-13T14:10:49.000Z</time></trkpt>
<trkpt lat="30.62284638513021" lon="104.0675241519516"><ele>480</ele><time>2025-08-13T14:10:50.000Z</time></trkpt>
<trkpt lat="30.62284638513021" lon="104.0675241519516"><ele>480</ele><time>2025-08-13T14:10:51.000Z</time></trkpt>
<trkpt lat="30.62284638513021" lon="104.0675241519516"><ele>480</ele><time>2025-08-13T14:10:52.000Z</time></trkpt>
<trkpt lat="30.62284638513021" lon="104.0675241519516"><ele>480</ele><time>2025-08-13T14:10:53.000Z</time></trkpt>
<trkpt lat="30.62284638513021" lon="104.0675241519516"><ele>480</ele><time>2025-08-13T14:10:54.000Z</time></trkpt>
<trkpt lat="30.62284638513021" lon="104.0675241519516"><ele>480</ele><time>2025-08-13T14:10:55.000Z</time></trkpt>
<trkpt lat="30.62284638513021" lon="104.0675241519516"><ele>480</ele><time>2025-08-13T14:10:56.000Z</time></trkpt>
<trkpt lat="30.62284638513021" lon="104.0675241519516"><ele>480</ele><time>2025-08-13T14:10:57.000Z</time></trkpt>
<trkpt lat="30.62284638513021" lon="104.0675241519516"><ele>480</ele><time>2025-08-13T14:10:58.000Z</time></trkpt>
<trkpt lat="30.62284638513021" lon="104.0675241519516"><ele>480</ele><time>2025-08-13T14:10:59.000Z</time></trkpt>
<trkpt lat="30.62284638513021" lon="104.0675241519516"><ele>480</ele><time>2025-08-13T14:11:00.000Z</time></trkpt>
<trkpt lat="30.62284638513021" lon="104.0675241519516"><ele>481</ele><time>2025-08-13T14:11:01.000Z</time></trkpt>
<trkpt lat="30.62284638513021" lon="104.0675241519516"><ele>481</ele><time>2025-08-13T14:11:02.000Z</time></trkpt>
<trkpt lat="30.62284638513021" lon="104.0675241519516"><ele>480</ele><time>2025-08-13T14:11:03.000Z</time></trkpt>
<trkpt lat="30.62284638513021" lon="104.0675241519516"><ele>480</ele><time>2025-08-13T14:11:04.000Z</time></trkpt>
<trkpt lat="30.62284638513021" lon="104.0675241519516"><ele>481</ele><time>2025-08-13T14:11:05.000Z</time></trkpt>
<trkpt lat="30.62284638513021" lon="104.0675241519516"><ele>481</ele><time>2025-08-13T14:11:06.000Z</time></trkpt>
<trkpt lat="30.62284638513021" lon="104.0675241519516"><ele>481</ele><time>2025-08-13T14:11:07.000Z</time></trkpt>
<trkpt lat="30.62284638513021" lon="104.0675241519516"><ele>481</ele><time>2025-08-13T14:11:08.000Z</time></trkpt>
<trkpt lat="30.62284638513021" lon="104.0675241519516"><ele>482</ele><time>2025-08-13T14:11:09.000Z</time></trkpt>
<trkpt lat="30.62284638513021" lon="104.0675241519516"><ele>482</ele><time>2025-08-13T14:11:10.000Z</time></trkpt>
<trkpt lat="30.62284638513021" lon="104.0675241519516"><ele>482</ele><time>2025-08-13T14:11:11.000Z</time></trkpt>
<trkpt lat="30.62284638513021" lon="104.0675241519516"><ele>482</ele><time>2025-08-13T14:11:12.000Z</time></trkpt>
<trkpt lat="30.62284638513021" lon="104.0675241519516"><ele>481</ele><time>2025-08-13T14:11:13.000Z</time></trkpt>
<trkpt lat="30.62284638513021" lon="104.0675241519516"><ele>480</ele><time>2025-08-13T14:11:14.000Z</time></trkpt>
<trkpt lat="30.62284638513021" lon="104.0675241519516"><ele>479</ele><time>2025-08-13T14:11:15.000Z</time></trkpt>
<trkpt lat="30.62284638513021" lon="104.0675241519516"><ele>479</ele><time>2025-08-13T14:11:16.000Z</time></trkpt>
<trkpt lat="30.62284638513021" lon="104.0675241519516"><ele>478</ele><time>2025-08-13T14:11:17.000Z</time></trkpt>
<trkpt lat="30.62284638513021" lon="104.0675241519516"><ele>478</ele><time>2025-08-13T14:11:18.000Z</time></trkpt>
<trkpt lat="30.62284638513021" lon="104.0675241519516"><ele>478</ele><time>2025-08-13T14:11:19.000Z</time></trkpt>
<trkpt lat="30.62284638513021" lon="104.0675241519516"><ele>478</ele><time>2025-08-13T14:11:20.000Z</time></trkpt>
<trkpt lat="30.62284638513021" lon="104.0675241519516"><ele>478</ele><time>2025-08-13T14:11:21.000Z</time></trkpt>
<trkpt lat="30.62284638513021" lon="104.0675241519516"><ele>478</ele><time>2025-08-13T14:11:22.000Z</time></trkpt>
<trkpt lat="30.62284638513021" lon="104.0675241519516"><ele>477</ele><time>2025-08-13T14:11:23.000Z</time></trkpt>
<trkpt lat="30.62284638513021" lon="104.0675241519516"><ele>477</ele><time>2025-08-13T14:11:24.000Z</time></trkpt>
<trkpt lat="30.62284638513021" lon="104.0675241519516"><ele>477</ele><time>2025-08-13T14:11:25.000Z</time></trkpt>
<trkpt lat="30.62284638513021" lon="104.0675241519516"><ele>477</ele><time>2025-08-13T14:11:26.000Z</time></trkpt>
<trkpt lat="30.62284638513021" lon="104.0675241519516"><ele>477</ele><time>2025-08-13T14:11:27.000Z</time></trkpt>
<trkpt lat="30.62284638513021" lon="104.0675241519516"><ele>477</ele><time>2025-08-13T14:11:28.000Z</time></trkpt>
<trkpt lat="30.62284638513021" lon="104.0675241519516"><ele>477</ele><time>2025-08-13T14:11:29.000Z</time></trkpt>
<trkpt lat="30.62284638513021" lon="104.0675241519516"><ele>477</ele><time>2025-08-13T14:11:30.000Z</time></trkpt>
<trkpt lat="30.62284638513021" lon="104.0675241519516"><ele>477</ele><time>2025-08-13T14:11:31.000Z</time></trkpt>
<trkpt lat="30.62284638513021" lon="104.0675241519516"><ele>477</ele><time>2025-08-13T14:11:32.000Z</time></trkpt>
<trkpt lat="30.62284638513021" lon="104.0675241519516"><ele>476</ele><time>2025-08-13T14:11:33.000Z</time></trkpt>
<trkpt lat="30.62284638513021" lon="104.0675241519516"><ele>476</ele><time>2025-08-13T14:11:34.000Z</time></trkpt>
<trkpt lat="30.62284638513021" lon="104.0675241519516"><ele>476</ele><time>2025-08-13T14:11:35.000Z</time></trkpt>
<trkpt lat="30.62284638513021" lon="104.0675241519516"><ele>476</ele><time>2025-08-13T14:11:36.000Z</time></trkpt>
<trkpt lat="30.62284638513021" lon="104.0675241519516"><ele>476</ele><time>2025-08-13T14:11:37.000Z</time></trkpt>
<trkpt lat="30.62284638513021" lon="104.0675241519516"><ele>476</ele><time>2025-08-13T14:11:38.000Z</time></trkpt>
<trkpt lat="30.62284638513021" lon="104.0675241519516"><ele>476</ele><time>2025-08-13T14:11:39.000Z</time></trkpt>
<trkpt lat="30.62284638513021" lon="104.0675241519516"><ele>477</ele><time>2025-08-13T14:11:40.000Z</time></trkpt>
<trkpt lat="30.62284638513021" lon="104.0675241519516"><ele>477</ele><time>2025-08-13T14:11:41.000Z</time></trkpt>
<trkpt lat="30.62284638513021" lon="104.0675241519516"><ele>477</ele><time>2025-08-13T14:11:42.000Z</time></trkpt>
<trkpt lat="30.62284638513021" lon="104.0675241519516"><ele>477</ele><time>2025-08-13T14:11:43.000Z</time></trkpt>
<trkpt lat="30.62284638513021" lon="104.0675241519516"><ele>477</ele><time>2025-08-13T14:11:44.000Z</time></trkpt>
<trkpt lat="30.62284638513021" lon="104.0675241519516"><ele>477</ele><time>2025-08-13T14:11:45.000Z</time></trkpt>
<trkpt lat="30.62284638513021" lon="104.0675241519516"><ele>477</ele><time>2025-08-13T14:11:46.000Z</time></trkpt>
<trkpt lat="30.62284638513021" lon="104.0675241519516"><ele>477</ele><time>2025-08-13T14:11:47.000Z</time></trkpt>
<trkpt lat="30.62284638513021" lon="104.0675241519516"><ele>477</ele><time>2025-08-13T14:11:48.000Z</time></trkpt>
<trkpt lat="30.62284638513021" lon="104.0675241519516"><ele>477</ele><time>2025-08-13T14:11:49.000Z</time></trkpt>
<trkpt lat="30.62284638513021" lon="104.0675241519516"><ele>477</ele><time>2025-08-13T14:11:50.000Z</time></trkpt>
<trkpt lat="30.62284638513021" lon="104.0675241519516"><ele>477</ele><time>2025-08-13T14:11:51.000Z</time></trkpt>
<trkpt lat="30.62284638513021" lon="104.0675241519516"><ele>477</ele><time>2025-08-13T14:11:52.000Z</time></trkpt>
<trkpt lat="30.62284638513021" lon="104.0675241519516"><ele>478</ele><time>2025-08-13T14:11:53.000Z</time></trkpt>
<trkpt lat="30.62284638513021" lon="104.0675241519516"><ele>477</ele><time>2025-08-13T14:11:54.000Z</time></trkpt>
<trkpt lat="30.62284638513021" lon="104.0675241519516"><ele>476</ele><time>2025-08-13T14:11:55.000Z</time></trkpt>
<trkpt lat="30.62284638513021" lon="104.0675241519516"><ele>476</ele><time>2025-08-13T14:11:56.000Z</time></trkpt>
<trkpt lat="30.62284638513021" lon="104.0675241519516"><ele>476</ele><time>2025-08-13T14:11:57.000Z</time></trkpt>
<trkpt lat="30.62284638513021" lon="104.0675241519516"><ele>476</ele><time>2025-08-13T14:11:58.000Z</time></trkpt>
<trkpt lat="30.62284638513021" lon="104.0675241519516"><ele>476</ele><time>2025-08-13T14:11:59.000Z</time></trkpt>
<trkpt lat="30.62284638513021" lon="104.0675241519516"><ele>476</ele><time>2025-08-13T14:12:00.000Z</time></trkpt>
<trkpt lat="30.62284638513021" lon="104.0675241519516"><ele>476</ele><time>2025-08-13T14:12:01.000Z</time></trkpt>
<trkpt lat="30.62284638513021" lon="104.0675241519516"><ele>476</ele><time>2025-08-13T14:12:02.000Z</time></trkpt>
<trkpt lat="30.62284638513021" lon="104.0675241519516"><ele>476</ele><time>2025-08-13T14:12:03.000Z</time></trkpt>
<trkpt lat="30.62284638513021" lon="104.0675241519516"><ele>476</ele><time>2025-08-13T14:12:04.000Z</time></trkpt>
<trkpt lat="30.62284638513021" lon="104.0675241519516"><ele>476</ele><time>2025-08-13T14:12:05.000Z</time></trkpt>
<trkpt lat="30.62284638513021" lon="104.0675241519516"><ele>476</ele><time>2025-08-13T14:12:06.000Z</time></trkpt>
<trkpt lat="30.62284638513021" lon="104.0675241519516"><ele>475</ele><time>2025-08-13T14:12:07.000Z</time></trkpt>
<trkpt lat="30.62284638513021" lon="104.0675241519516"><ele>476</ele><time>2025-08-13T14:12:08.000Z</time></trkpt>
<trkpt lat="30.62284638513021" lon="104.0675241519516"><ele>476</ele><time>2025-08-13T14:12:09.000Z</time></trkpt>
<trkpt lat="30.62284638513021" lon="104.0675241519516"><ele>475</ele><time>2025-08-13T14:12:10.000Z</time></trkpt>
<trkpt lat="30.62284638513021" lon="104.0675241519516"><ele>476</ele><time>2025-08-13T14:12:11.000Z</time></trkpt>
<trkpt lat="30.62284638513021" lon="104.0675241519516"><ele>475</ele><time>2025-08-13T14:12:12.000Z</time></trkpt>
<trkpt lat="30.62284638513021" lon="104.0675241519516"><ele>476</ele><time>2025-08-13T14:12:13.000Z</time></trkpt>
<trkpt lat="30.62284638513021" lon="104.0675241519516"><ele>475</ele><time>2025-08-13T14:12:14.000Z</time></trkpt>
<trkpt lat="30.62284638513021" lon="104.0675241519516"><ele>476</ele><time>2025-08-13T14:12:15.000Z</time></trkpt>
<trkpt lat="30.62284638513021" lon="104.0675241519516"><ele>476</ele><time>2025-08-13T14:12:16.000Z</time></trkpt>
<trkpt lat="30.62284638513021" lon="104.0675241519516"><ele>475</ele><time>2025-08-13T14:12:17.000Z</time></trkpt>
<trkpt lat="30.62284638513021" lon="104.0675241519516"><ele>476</ele><time>2025-08-13T14:12:18.000Z</time></trkpt>
<trkpt lat="30.62284638513021" lon="104.0675241519516"><ele>476</ele><time>2025-08-13T14:12:19.000Z</time></trkpt>
<trkpt lat="30.62284638513021" lon="104.0675241519516"><ele>476</ele><time>2025-08-13T14:12:20.000Z</time></trkpt>
<trkpt lat="30.62284638513021" lon="104.0675241519516"><ele>476</ele><time>2025-08-13T14:12:21.000Z</time></trkpt>
<trkpt lat="30.62284638513021" lon="104.0675241519516"><ele>476</ele><time>2025-08-13T14:12:22.000Z</time></trkpt>
<trkpt lat="30.62284638513021" lon="104.0675241519516"><ele>476</ele><time>2025-08-13T14:12:23.000Z</time></trkpt>
<trkpt lat="30.62284638513021" lon="104.0675241519516"><ele>476</ele><time>2025-08-13T14:12:24.000Z</time></trkpt>
<trkpt lat="30.62284638513021" lon="104.0675241519516"><ele>476</ele><time>2025-08-13T14:12:25.000Z</time></trkpt>
<trkpt lat="30.62284638513021" lon="104.0675241519516"><ele>476</ele><time>2025-08-13T14:12:26.000Z</time></trkpt>
<trkpt lat="30.62284638513021" lon="104.0675241519516"><ele>477</ele><time>2025-08-13T14:12:27.000Z</time></trkpt>
<trkpt lat="30.62284638513021" lon="104.0675241519516"><ele>476</ele><time>2025-08-13T14:12:28.000Z</time></trkpt>
<trkpt lat="30.62284638513021" lon="104.0675241519516"><ele>476</ele><time>2025-08-13T14:12:29.000Z</time></trkpt>
<trkpt lat="30.62284638513021" lon="104.0675241519516"><ele>476</ele><time>2025-08-13T14:12:30.000Z</time></trkpt>
<trkpt lat="30.62284638513021" lon="104.0675241519516"><ele>477</ele><time>2025-08-13T14:12:31.000Z</time></trkpt>
<trkpt lat="30.62284638513021" lon="104.0675241519516"><ele>477</ele><time>2025-08-13T14:12:32.000Z</time></trkpt>
<trkpt lat="30.62284638513021" lon="104.0675241519516"><ele>476</ele><time>2025-08-13T14:12:33.000Z</time></trkpt>
<trkpt lat="30.62284638513021" lon="104.0675241519516"><ele>477</ele><time>2025-08-13T14:12:34.000Z</time></trkpt>
<trkpt lat="30.62284638513021" lon="104.0675241519516"><ele>476</ele><time>2025-08-13T14:12:35.000Z</time></trkpt>
<trkpt lat="30.62284638513021" lon="104.0675241519516"><ele>477</ele><time>2025-08-13T14:12:36.000Z</time></trkpt>
<trkpt lat="30.62284638513021" lon="104.0675241519516"><ele>476</ele><time>2025-08-13T14:12:37.000Z</time></trkpt>
<trkpt lat="30.62284638513021" lon="104.0675241519516"><ele>476</ele><time>2025-08-13T14:12:38.000Z</time></trkpt>
<trkpt lat="30.62284638513021" lon="104.0675241519516"><ele>476</ele><time>2025-08-13T14:12:39.000Z</time></trkpt>
<trkpt lat="30.62284638513021" lon="104.0675241519516"><ele>476</ele><time>2025-08-13T14:12:40.000Z</time></trkpt>
<trkpt lat="30.62284638513021" lon="104.0675241519516"><ele>477</ele><time>2025-08-13T14:12:41.000Z</time></trkpt>
<trkpt lat="30.62284638513021" lon="104.0675241519516"><ele>476</ele><time>2025-08-13T14:12:42.000Z</time></trkpt>
<trkpt lat="30.62284638513021" lon="104.0675241519516"><ele>477</ele><time>2025-08-13T14:12:43.000Z</time></trkpt>
<trkpt lat="30.62284638513021" lon="104.0675241519516"><ele>477</ele><time>2025-08-13T14:12:44.000Z</time></trkpt>
<trkpt lat="30.62284638513021" lon="104.0675241519516"><ele>478</ele><time>2025-08-13T14:12:45.000Z</time></trkpt>
<trkpt lat="30.62284638513021" lon="104.0675241519516"><ele>478</ele><time>2025-08-13T14:12:46.000Z</time></trkpt>
<trkpt lat="30.62284638513021" lon="104.0675241519516"><ele>478</ele><time>2025-08-13T14:12:47.000Z</time></trkpt>
<trkpt lat="30.62284638513021" lon="104.0675241519516"><ele>478</ele><time>2025-08-13T14:12:48.000Z</time></trkpt>
<trkpt lat="30.62284638513021" lon="104.0675241519516"><ele>478</ele><time>2025-08-13T14:12:49.000Z</time></trkpt>
<trkpt lat="30.62284638513021" lon="104.0675241519516"><ele>478</ele><time>2025-08-13T14:12:50.000Z</time></trkpt>
<trkpt lat="30.62284638513021" lon="104.0675241519516"><ele>478</ele><time>2025-08-13T14:12:51.000Z</time></trkpt>
<trkpt lat="30.62284638513021" lon="104.0675241519516"><ele>479</ele><time>2025-08-13T14:12:52.000Z</time></trkpt>
<trkpt lat="30.62284638513021" lon="104.0675241519516"><ele>479</ele><time>2025-08-13T14:12:53.000Z</time></trkpt>
<trkpt lat="30.62284638513021" lon="104.0675241519516"><ele>479</ele><time>2025-08-13T14:12:54.000Z</time></trkpt>
<trkpt lat="30.62284638513021" lon="104.0675241519516"><ele>479</ele><time>2025-08-13T14:12:55.000Z</time></trkpt>
<trkpt lat="30.62284638513021" lon="104.0675241519516"><ele>479</ele><time>2025-08-13T14:12:56.000Z</time></trkpt>
<trkpt lat="30.62284638513021" lon="104.0675241519516"><ele>479</ele><time>2025-08-13T14:12:57.000Z</time></trkpt>
<trkpt lat="30.62284638513021" lon="104.0675241519516"><ele>480</ele><time>2025-08-13T14:12:58.000Z</time></trkpt>
<trkpt lat="30.62284638513021" lon="104.0675241519516"><ele>480</ele><time>2025-08-13T14:12:59.000Z</time></trkpt>
<trkpt lat="30.62284638513021" lon="104.0675241519516"><ele>480</ele><time>2025-08-13T14:13:00.000Z</time></trkpt>
<trkpt lat="30.62284638513021" lon="104.0675241519516"><ele>479</ele><time>2025-08-13T14:13:01.000Z</time></trkpt>
<trkpt lat="30.62284638513021" lon="104.0675241519516"><ele>479</ele><time>2025-08-13T14:13:02.000Z</time></trkpt>
<trkpt lat="30.62284638513021" lon="104.0675241519516"><ele>480</ele><time>2025-08-13T14:13:03.000Z</time></trkpt>
<trkpt lat="30.62284638513021" lon="104.0675241519516"><ele>480</ele><time>2025-08-13T14:13:04.000Z</time></trkpt>
<trkpt lat="30.62284638513021" lon="104.0675241519516"><ele>480</ele><time>2025-08-13T14:13:05.000Z</time></trkpt>
<trkpt lat="30.62284638513021" lon="104.0675241519516"><ele>480</ele><time>2025-08-13T14:13:06.000Z</time></trkpt>
<trkpt lat="30.62284638513021" lon="104.0675241519516"><ele>480</ele><time>2025-08-13T14:13:07.000Z</time></trkpt>
<trkpt lat="30.62284638513021" lon="104.0675241519516"><ele>480</ele><time>2025-08-13T14:13:08.000Z</time></trkpt>
<trkpt lat="30.62284638513021" lon="104.0675241519516"><ele>480</ele><time>2025-08-13T14:13:09.000Z</time></trkpt>
<trkpt lat="30.62284638513021" lon="104.0675241519516"><ele>480</ele><time>2025-08-13T14:13:10.000Z</time></trkpt>
<trkpt lat="30.62284638513021" lon="104.0675241519516"><ele>481</ele><time>2025-08-13T14:13:11.000Z</time></trkpt>
<trkpt lat="30.62284638513021" lon="104.0675241519516"><ele>481</ele><time>2025-08-13T14:13:12.000Z</time></trkpt>
<trkpt lat="30.62284638513021" lon="104.0675241519516"><ele>482</ele><time>2025-08-13T14:13:13.000Z</time></trkpt>
<trkpt lat="30.62284638513021" lon="104.0675241519516"><ele>481</ele><time>2025-08-13T14:13:14.000Z</time></trkpt>
<trkpt lat="30.62284638513021" lon="104.0675241519516"><ele>482</ele><time>2025-08-13T14:13:15.000Z</time></trkpt>
<trkpt lat="30.62284638513021" lon="104.0675241519516"><ele>482</ele><time>2025-08-13T14:13:16.000Z</time></trkpt>
<trkpt lat="30.62284638513021" lon="104.0675241519516"><ele>480</ele><time>2025-08-13T14:13:17.000Z</time></trkpt>
<trkpt lat="30.62284638513021" lon="104.0675241519516"><ele>481</ele><time>2025-08-13T14:13:18.000Z</time></trkpt>
<trkpt lat="30.62284638513021" lon="104.0675241519516"><ele>481</ele><time>2025-08-13T14:13:19.000Z</time></trkpt>
<trkpt lat="30.62284638513021" lon="104.0675241519516"><ele>480</ele><time>2025-08-13T14:13:20.000Z</time></trkpt>
<trkpt lat="30.62284638513021" lon="104.0675241519516"><ele>480</ele><time>2025-08-13T14:13:21.000Z</time></trkpt>
<trkpt lat="30.62284638513021" lon="104.0675241519516"><ele>481</ele><time>2025-08-13T14:13:22.000Z</time></trkpt>
<trkpt lat="30.62284638513021" lon="104.0675241519516"><ele>481</ele><time>2025-08-13T14:13:23.000Z</time></trkpt>
<trkpt lat="30.62284638513021" lon="104.0675241519516"><ele>481</ele><time>2025-08-13T14:13:24.000Z</time></trkpt>
<trkpt lat="30.62284638513021" lon="104.0675241519516"><ele>481</ele><time>2025-08-13T14:13:25.000Z</time></trkpt>
<trkpt lat="30.62284638513021" lon="104.0675241519516"><ele>482</ele><time>2025-08-13T14:13:26.000Z</time></trkpt>
<trkpt lat="30.62284638513021" lon="104.0675241519516"><ele>482</ele><time>2025-08-13T14:13:27.000Z</time></trkpt>
<trkpt lat="30.62284638513021" lon="104.0675241519516"><ele>482</ele><time>2025-08-13T14:13:28.000Z</time></trkpt>
<trkpt lat="30.62284638513021" lon="104.0675241519516"><ele>482</ele><time>2025-08-13T14:13:29.000Z</time></trkpt>
<trkpt lat="30.62284638513021" lon="104.0675241519516"><ele>483</ele><time>2025-08-13T14:13:30.000Z</time></trkpt>
<trkpt lat="30.62284638513021" lon="104.0675241519516"><ele>483</ele><time>2025-08-13T14:13:31.000Z</time></trkpt>
<trkpt lat="30.62284638513021" lon="104.0675241519516"><ele>482</ele><time>2025-08-13T14:13:32.000Z</time></trkpt>
<trkpt lat="30.62284638513021" lon="104.0675241519516"><ele>483</ele><time>2025-08-13T14:13:33.000Z</time></trkpt>
<trkpt lat="30.62284638513021" lon="104.0675241519516"><ele>484</ele><time>2025-08-13T14:13:34.000Z</time></trkpt>
<trkpt lat="30.62284638513021" lon="104.0675241519516"><ele>483</ele><time>2025-08-13T14:13:35.000Z</time></trkpt>
<trkpt lat="30.62284638513021" lon="104.0675241519516"><ele>482</ele><time>2025-08-13T14:13:36.000Z</time></trkpt>
<trkpt lat="30.62284638513021" lon="104.0675241519516"><ele>481</ele><time>2025-08-13T14:13:37.000Z</time></trkpt>
<trkpt lat="30.62284638513021" lon="104.0675241519516"><ele>481</ele><time>2025-08-13T14:13:38.000Z</time></trkpt>
<trkpt lat="30.62284638513021" lon="104.0675241519516"><ele>480</ele><time>2025-08-13T14:13:39.000Z</time></trkpt>
<trkpt lat="30.62284638513021" lon="104.0675241519516"><ele>478</ele><time>2025-08-13T14:13:40.000Z</time></trkpt>
<trkpt lat="30.62284638513021" lon="104.0675241519516"><ele>477</ele><time>2025-08-13T14:13:41.000Z</time></trkpt>
<trkpt lat="30.62284638513021" lon="104.0675241519516"><ele>475</ele><time>2025-08-13T14:13:42.000Z</time></trkpt>
<trkpt lat="30.62284638513021" lon="104.0675241519516"><ele>473</ele><time>2025-08-13T14:13:43.000Z</time></trkpt>
<trkpt lat="30.62284638513021" lon="104.0675241519516"><ele>473</ele><time>2025-08-13T14:13:44.000Z</time></trkpt>
<trkpt lat="30.62284638513021" lon="104.0675241519516"><ele>472</ele><time>2025-08-13T14:13:45.000Z</time></trkpt>
<trkpt lat="30.62284638513021" lon="104.0675241519516"><ele>472</ele><time>2025-08-13T14:13:46.000Z</time></trkpt>
<trkpt lat="30.62284638513021" lon="104.0675241519516"><ele>471</ele><time>2025-08-13T14:13:47.000Z</time></trkpt>
<trkpt lat="30.62284638513021" lon="104.0675241519516"><ele>471</ele><time>2025-08-13T14:13:48.000Z</time></trkpt>
<trkpt lat="30.62284638513021" lon="104.0675241519516"><ele>471</ele><time>2025-08-13T14:13:49.000Z</time></trkpt>
<trkpt lat="30.62284638513021" lon="104.0675241519516"><ele>471</ele><time>2025-08-13T14:13:50.000Z</time></trkpt>
<trkpt lat="30.62284638513021" lon="104.0675241519516"><ele>470</ele><time>2025-08-13T14:13:51.000Z</time></trkpt>
<trkpt lat="30.62284638513021" lon="104.0675241519516"><ele>470</ele><time>2025-08-13T14:13:52.000Z</time></trkpt>
<trkpt lat="30.62284638513021" lon="104.0675241519516"><ele>470</ele><time>2025-08-13T14:13:53.000Z</time></trkpt>
<trkpt lat="30.62284638513021" lon="104.0675241519516"><ele>470</ele><time>2025-08-13T14:13:54.000Z</time></trkpt>
<trkpt lat="30.62284638513021" lon="104.0675241519516"><ele>469</ele><time>2025-08-13T14:13:55.000Z</time></trkpt>
<trkpt lat="30.62284638513021" lon="104.0675241519516"><ele>469</ele><time>2025-08-13T14:13:56.000Z</time></trkpt>
<trkpt lat="30.62284638513021" lon="104.0675241519516"><ele>468</ele><time>2025-08-13T14:13:57.000Z</time></trkpt>
<trkpt lat="30.62284638513021" lon="104.0675241519516"><ele>469</ele><time>2025-08-13T14:13:58.000Z</time></trkpt>
<trkpt lat="30.62284638513021" lon="104.0675241519516"><ele>469</ele><time>2025-08-13T14:13:59.000Z</time></trkpt>
<trkpt lat="30.62284638513021" lon="104.0675241519516"><ele>469</ele><time>2025-08-13T14:14:00.000Z</time></trkpt>
<trkpt lat="30.62284638513021" lon="104.0675241519516"><ele>466</ele><time>2025-08-13T14:14:01.000Z</time></trkpt>
<trkpt lat="30.62284638513021" lon="104.0675241519516"><ele>467</ele><time>2025-08-13T14:14:02.000Z</time></trkpt>
<trkpt lat="30.62284638513021" lon="104.0675241519516"><ele>468</ele><time>2025-08-13T14:14:03.000Z</time></trkpt>
<trkpt lat="30.62284638513021" lon="104.0675241519516"><ele>468</ele><time>2025-08-13T14:14:04.000Z</time></trkpt>
<trkpt lat="30.62284638513021" lon="104.0675241519516"><ele>468</ele><time>2025-08-13T14:14:05.000Z</time></trkpt>
<trkpt lat="30.62284638513021" lon="104.0675241519516"><ele>469</ele><time>2025-08-13T14:14:06.000Z</time></trkpt>
<trkpt lat="30.62284638513021" lon="104.0675241519516"><ele>470</ele><time>2025-08-13T14:14:07.000Z</time></trkpt>
<trkpt lat="30.62284638513021" lon="104.0675241519516"><ele>470</ele><time>2025-08-13T14:14:08.000Z</time></trkpt>
<trkpt lat="30.62284638513021" lon="104.0675241519516"><ele>470</ele><time>2025-08-13T14:14:09.000Z</time></trkpt>
<trkpt lat="30.62284638513021" lon="104.0675241519516"><ele>471</ele><time>2025-08-13T14:14:10.000Z</time></trkpt>
<trkpt lat="30.62284638513021" lon="104.0675241519516"><ele>471</ele><time>2025-08-13T14:14:11.000Z</time></trkpt>
<trkpt lat="30.62284638513021" lon="104.0675241519516"><ele>471</ele><time>2025-08-13T14:14:12.000Z</time></trkpt>
<trkpt lat="30.62284638513021" lon="104.0675241519516"><ele>471</ele><time>2025-08-13T14:14:13.000Z</time></trkpt>
<trkpt lat="30.62284638513021" lon="104.0675241519516"><ele>471</ele><time>2025-08-13T14:14:14.000Z</time></trkpt>
<trkpt lat="30.62284638513021" lon="104.0675241519516"><ele>472</ele><time>2025-08-13T14:14:15.000Z</time></trkpt>
<trkpt lat="30.62284638513021" lon="104.0675241519516"><ele>472</ele><time>2025-08-13T14:14:16.000Z</time></trkpt>
<trkpt lat="30.62284638513021" lon="104.0675241519516"><ele>471</ele><time>2025-08-13T14:14:17.000Z</time></trkpt>
<trkpt lat="30.62284638513021" lon="104.0675241519516"><ele>472</ele><time>2025-08-13T14:14:18.000Z</time></trkpt>
<trkpt lat="30.62284638513021" lon="104.0675241519516"><ele>472</ele><time>2025-08-13T14:14:19.000Z</time></trkpt>
<trkpt lat="30.62284638513021" lon="104.0675241519516"><ele>472</ele><time>2025-08-13T14:14:20.000Z</time></trkpt>
<trkpt lat="30.62284638513021" lon="104.0675241519516"><ele>472</ele><time>2025-08-13T14:14:21.000Z</time></trkpt>
<trkpt lat="30.62284638513021" lon="104.0675241519516"><ele>473</ele><time>2025-08-13T14:14:22.000Z</time></trkpt>
<trkpt lat="30.62284638513021" lon="104.0675241519516"><ele>473</ele><time>2025-08-13T14:14:23.000Z</time></trkpt>
<trkpt lat="30.62284638513021" lon="104.0675241519516"><ele>473</ele><time>2025-08-13T14:14:24.000Z</time></trkpt>
<trkpt lat="30.62284638513021" lon="104.0675241519516"><ele>473</ele><time>2025-08-13T14:14:25.000Z</time></trkpt>
<trkpt lat="30.62284638513021" lon="104.0675241519516"><ele>473</ele><time>2025-08-13T14:14:26.000Z</time></trkpt>
<trkpt lat="30.62284638513021" lon="104.0675241519516"><ele>473</ele><time>2025-08-13T14:14:27.000Z</time></trkpt>
<trkpt lat="30.62284638513021" lon="104.0675241519516"><ele>473</ele><time>2025-08-13T14:14:28.000Z</time></trkpt>
<trkpt lat="30.62284638513021" lon="104.0675241519516"><ele>474</ele><time>2025-08-13T14:14:29.000Z</time></trkpt>
<trkpt lat="30.62284638513021" lon="104.0675241519516"><ele>474</ele><time>2025-08-13T14:14:30.000Z</time></trkpt>
<trkpt lat="30.62284638513021" lon="104.0675241519516"><ele>473</ele><time>2025-08-13T14:14:31.000Z</time></trkpt>
<trkpt lat="30.62284638513021" lon="104.0675241519516"><ele>474</ele><time>2025-08-13T14:14:32.000Z</time></trkpt>
<trkpt lat="30.62284638513021" lon="104.0675241519516"><ele>474</ele><time>2025-08-13T14:14:33.000Z</time></trkpt>
<trkpt lat="30.62284638513021" lon="104.0675241519516"><ele>474</ele><time>2025-08-13T14:14:34.000Z</time></trkpt>
<trkpt lat="30.62284638513021" lon="104.0675241519516"><ele>475</ele><time>2025-08-13T14:14:35.000Z</time></trkpt>
<trkpt lat="30.62284638513021" lon="104.0675241519516"><ele>475</ele><time>2025-08-13T14:14:36.000Z</time></trkpt>
<trkpt lat="30.62284638513021" lon="104.0675241519516"><ele>475</ele><time>2025-08-13T14:14:37.000Z</time></trkpt>
<trkpt lat="30.62284638513021" lon="104.0675241519516"><ele>476</ele><time>2025-08-13T14:14:38.000Z</time></trkpt>
<trkpt lat="30.62284638513021" lon="104.0675241519516"><ele>476</ele><time>2025-08-13T14:14:39.000Z</time></trkpt>
<trkpt lat="30.62284638513021" lon="104.0675241519516"><ele>476</ele><time>2025-08-13T14:14:40.000Z</time></trkpt>
<trkpt lat="30.62284638513021" lon="104.0675241519516"><ele>476</ele><time>2025-08-13T14:14:41.000Z</time></trkpt>
<trkpt lat="30.62284638513021" lon="104.0675241519516"><ele>477</ele><time>2025-08-13T14:14:42.000Z</time></trkpt>
<trkpt lat="30.62284638513021" lon="104.0675241519516"><ele>477</ele><time>2025-08-13T14:14:43.000Z</time></trkpt>
<trkpt lat="30.62284638513021" lon="104.0675241519516"><ele>477</ele><time>2025-08-13T14:14:44.000Z</time></trkpt>
<trkpt lat="30.62284638513021" lon="104.0675241519516"><ele>477</ele><time>2025-08-13T14:14:45.000Z</time></trkpt>
<trkpt lat="30.62284638513021" lon="104.0675241519516"><ele>477</ele><time>2025-08-13T14:14:46.000Z</time></trkpt>
<trkpt lat="30.62284638513021" lon="104.0675241519516"><ele>477</ele><time>2025-08-13T14:14:47.000Z</time></trkpt>
<trkpt lat="30.62284638513021" lon="104.0675241519516"><ele>478</ele><time>2025-08-13T14:14:48.000Z</time></trkpt>
<trkpt lat="30.62284638513021" lon="104.0675241519516"><ele>478</ele><time>2025-08-13T14:14:49.000Z</time></trkpt>
<trkpt lat="30.62284638513021" lon="104.0675241519516"><ele>477</ele><time>2025-08-13T14:14:50.000Z</time></trkpt>
<trkpt lat="30.62284638513021" lon="104.0675241519516"><ele>478</ele><time>2025-08-13T14:14:51.000Z</time></trkpt>
<trkpt lat="30.62284638513021" lon="104.0675241519516"><ele>478</ele><time>2025-08-13T14:14:52.000Z</time></trkpt>
<trkpt lat="30.62284638513021" lon="104.0675241519516"><ele>478</ele><time>2025-08-13T14:14:53.000Z</time></trkpt>
<trkpt lat="30.62284638513021" lon="104.0675241519516"><ele>478</ele><time>2025-08-13T14:14:54.000Z</time></trkpt>
<trkpt lat="30.62284638513021" lon="104.0675241519516"><ele>478</ele><time>2025-08-13T14:14:55.000Z</time></trkpt>
<trkpt lat="30.62284638513021" lon="104.0675241519516"><ele>478</ele><time>2025-08-13T14:14:56.000Z</time></trkpt>
<trkpt lat="30.62284638513021" lon="104.0675241519516"><ele>478</ele><time>2025-08-13T14:14:57.000Z</time></trkpt>
<trkpt lat="30.62284638513021" lon="104.0675241519516"><ele>478</ele><time>2025-08-13T14:14:58.000Z</time></trkpt>
<trkpt lat="30.62284638513021" lon="104.0675241519516"><ele>478</ele><time>2025-08-13T14:14:59.000Z</time></trkpt>
<trkpt lat="30.62284638513021" lon="104.0675241519516"><ele>479</ele><time>2025-08-13T14:15:00.000Z</time></trkpt>
<trkpt lat="30.62284638513021" lon="104.0675241519516"><ele>479</ele><time>2025-08-13T14:15:01.000Z</time></trkpt>
<trkpt lat="30.62284638513021" lon="104.0675241519516"><ele>479</ele><time>2025-08-13T14:15:02.000Z</time></trkpt>
<trkpt lat="30.62284638513021" lon="104.0675241519516"><ele>479</ele><time>2025-08-13T14:15:03.000Z</time></trkpt>
<trkpt lat="30.62284638513021" lon="104.0675241519516"><ele>479</ele><time>2025-08-13T14:15:04.000Z</time></trkpt>
<trkpt lat="30.62284638513021" lon="104.0675241519516"><ele>479</ele><time>2025-08-13T14:15:05.000Z</time></trkpt>
<trkpt lat="30.62284638513021" lon="104.0675241519516"><ele>479</ele><time>2025-08-13T14:15:06.000Z</time></trkpt>
<trkpt lat="30.62284638513021" lon="104.0675241519516"><ele>479</ele><time>2025-08-13T14:15:07.000Z</time></trkpt>
<trkpt lat="30.62284638513021" lon="104.0675241519516"><ele>479</ele><time>2025-08-13T14:15:08.000Z</time></trkpt>
<trkpt lat="30.62284638513021" lon="104.0675241519516"><ele>479</ele><time>2025-08-13T14:15:09.000Z</time></trkpt>
<trkpt lat="30.62284638513021" lon="104.0675241519516"><ele>478</ele><time>2025-08-13T14:15:10.000Z</time></trkpt>
<trkpt lat="30.62284638513021" lon="104.0675241519516"><ele>478</ele><time>2025-08-13T14:15:11.000Z</time></trkpt>
<trkpt lat="30.62284638513021" lon="104.0675241519516"><ele>479</ele><time>2025-08-13T14:15:12.000Z</time></trkpt>
<trkpt lat="30.62284638513021" lon="104.0675241519516"><ele>479</ele><time>2025-08-13T14:15:13.000Z</time></trkpt>
<trkpt lat="30.62284638513021" lon="104.0675241519516"><ele>479</ele><time>2025-08-13T14:15:14.000Z</time></trkpt>
<trkpt lat="30.62284638513021" lon="104.0675241519516"><ele>479</ele><time>2025-08-13T14:15:15.000Z</time></trkpt>
<trkpt lat="30.62284638513021" lon="104.0675241519516"><ele>479</ele><time>2025-08-13T14:15:16.000Z</time></trkpt>
<trkpt lat="30.62284638513021" lon="104.0675241519516"><ele>479</ele><time>2025-08-13T14:15:17.000Z</time></trkpt>
<trkpt lat="30.62284638513021" lon="104.0675241519516"><ele>479</ele><time>2025-08-13T14:15:18.000Z</time></trkpt>
<trkpt lat="30.62284638513021" lon="104.0675241519516"><ele>479</ele><time>2025-08-13T14:15:19.000Z</time></trkpt>
<trkpt lat="30.62284638513021" lon="104.0675241519516"><ele>479</ele><time>2025-08-13T14:15:20.000Z</time></trkpt>
<trkpt lat="30.62284638513021" lon="104.0675241519516"><ele>479</ele><time>2025-08-13T14:15:21.000Z</time></trkpt>
<trkpt lat="30.62284638513021" lon="104.0675241519516"><ele>478</ele><time>2025-08-13T14:15:22.000Z</time></trkpt>
<trkpt lat="30.62284638513021" lon="104.0675241519516"><ele>479</ele><time>2025-08-13T14:15:23.000Z</time></trkpt>
<trkpt lat="30.62284638513021" lon="104.0675241519516"><ele>479</ele><time>2025-08-13T14:15:24.000Z</time></trkpt>
<trkpt lat="30.62284638513021" lon="104.0675241519516"><ele>480</ele><time>2025-08-13T14:15:25.000Z</time></trkpt>
<trkpt lat="30.62284638513021" lon="104.0675241519516"><ele>479</ele><time>2025-08-13T14:15:26.000Z</time></trkpt>
<trkpt lat="30.62284638513021" lon="104.0675241519516"><ele>479</ele><time>2025-08-13T14:15:27.000Z</time></trkpt>
<trkpt lat="30.62284638513021" lon="104.0675241519516"><ele>479</ele><time>2025-08-13T14:15:28.000Z</time></trkpt>
<trkpt lat="30.62284638513021" lon="104.0675241519516"><ele>479</ele><time>2025-08-13T14:15:29.000Z</time></trkpt>
<trkpt lat="30.62284638513021" lon="104.0675241519516"><ele>479</ele><time>2025-08-13T14:15:30.000Z</time></trkpt>
<trkpt lat="30.62284638513021" lon="104.0675241519516"><ele>480</ele><time>2025-08-13T14:15:31.000Z</time></trkpt>
<trkpt lat="30.62284638513021" lon="104.0675241519516"><ele>480</ele><time>2025-08-13T14:15:32.000Z</time></trkpt>
<trkpt lat="30.62284638513021" lon="104.0675241519516"><ele>481</ele><time>2025-08-13T14:15:33.000Z</time></trkpt>
<trkpt lat="30.62284638513021" lon="104.0675241519516"><ele>481</ele><time>2025-08-13T14:15:34.000Z</time></trkpt>
<trkpt lat="30.62284638513021" lon="104.0675241519516"><ele>481</ele><time>2025-08-13T14:15:35.000Z</time></trkpt>
<trkpt lat="30.62284638513021" lon="104.0675241519516"><ele>481</ele><time>2025-08-13T14:15:36.000Z</time></trkpt>
<trkpt lat="30.62284638513021" lon="104.0675241519516"><ele>480</ele><time>2025-08-13T14:15:37.000Z</time></trkpt>
<trkpt lat="30.62284638513021" lon="104.0675241519516"><ele>480</ele><time>2025-08-13T14:15:38.000Z</time></trkpt>
<trkpt lat="30.62284638513021" lon="104.0675241519516"><ele>480</ele><time>2025-08-13T14:15:39.000Z</time></trkpt>
<trkpt lat="30.62284638513021" lon="104.0675241519516"><ele>480</ele><time>2025-08-13T14:15:40.000Z</time></trkpt>
<trkpt lat="30.62284638513021" lon="104.0675241519516"><ele>481</ele><time>2025-08-13T14:15:41.000Z</time></trkpt>
<trkpt lat="30.62284638513021" lon="104.0675241519516"><ele>482</ele><time>2025-08-13T14:15:42.000Z</time></trkpt>
<trkpt lat="30.62284638513021" lon="104.0675241519516"><ele>482</ele><time>2025-08-13T14:15:43.000Z</time></trkpt>
<trkpt lat="30.62284638513021" lon="104.0675241519516"><ele>483</ele><time>2025-08-13T14:15:44.000Z</time></trkpt>
<trkpt lat="30.62284638513021" lon="104.0675241519516"><ele>482</ele><time>2025-08-13T14:15:45.000Z</time></trkpt>
<trkpt lat="30.62284638513021" lon="104.0675241519516"><ele>483</ele><time>2025-08-13T14:15:46.000Z</time></trkpt>
<trkpt lat="30.62284638513021" lon="104.0675241519516"><ele>483</ele><time>2025-08-13T14:15:47.000Z</time></trkpt>
<trkpt lat="30.62284638513021" lon="104.0675241519516"><ele>481</ele><time>2025-08-13T14:15:48.000Z</time></trkpt>
<trkpt lat="30.62284638513021" lon="104.0675241519516"><ele>482</ele><time>2025-08-13T14:15:49.000Z</time></trkpt>
<trkpt lat="30.62284638513021" lon="104.0675241519516"><ele>483</ele><time>2025-08-13T14:15:50.000Z</time></trkpt>
<trkpt lat="30.62284638513021" lon="104.0675241519516"><ele>483</ele><time>2025-08-13T14:15:51.000Z</time></trkpt>
<trkpt lat="30.62284638513021" lon="104.0675241519516"><ele>483</ele><time>2025-08-13T14:15:52.000Z</time></trkpt>
<trkpt lat="30.62284638513021" lon="104.0675241519516"><ele>482</ele><time>2025-08-13T14:15:53.000Z</time></trkpt>
<trkpt lat="30.62284638513021" lon="104.0675241519516"><ele>481</ele><time>2025-08-13T14:15:54.000Z</time></trkpt>
<trkpt lat="30.62284638513021" lon="104.0675241519516"><ele>480</ele><time>2025-08-13T14:15:55.000Z</time></trkpt>
<trkpt lat="30.62284638513021" lon="104.0675241519516"><ele>480</ele><time>2025-08-13T14:15:56.000Z</time></trkpt>
<trkpt lat="30.62284638513021" lon="104.0675241519516"><ele>479</ele><time>2025-08-13T14:15:57.000Z</time></trkpt>
<trkpt lat="30.62284638513021" lon="104.0675241519516"><ele>479</ele><time>2025-08-13T14:15:58.000Z</time></trkpt>
<trkpt lat="30.62284638513021" lon="104.0675241519516"><ele>478</ele><time>2025-08-13T14:15:59.000Z</time></trkpt>
<trkpt lat="30.62284638513021" lon="104.0675241519516"><ele>479</ele><time>2025-08-13T14:16:00.000Z</time></trkpt>
<trkpt lat="30.62284638513021" lon="104.0675241519516"><ele>477</ele><time>2025-08-13T14:16:01.000Z</time></trkpt>
<trkpt lat="30.62284638513021" lon="104.0675241519516"><ele>477</ele><time>2025-08-13T14:16:02.000Z</time></trkpt>
<trkpt lat="30.62284638513021" lon="104.0675241519516"><ele>476</ele><time>2025-08-13T14:16:03.000Z</time></trkpt>
<trkpt lat="30.62284638513021" lon="104.0675241519516"><ele>476</ele><time>2025-08-13T14:16:04.000Z</time></trkpt>
<trkpt lat="30.62284638513021" lon="104.0675241519516"><ele>476</ele><time>2025-08-13T14:16:05.000Z</time></trkpt>
<trkpt lat="30.62284638513021" lon="104.0675241519516"><ele>476</ele><time>2025-08-13T14:16:06.000Z</time></trkpt>
<trkpt lat="30.62284638513021" lon="104.0675241519516"><ele>475</ele><time>2025-08-13T14:16:07.000Z</time></trkpt>
<trkpt lat="30.62284638513021" lon="104.0675241519516"><ele>474</ele><time>2025-08-13T14:16:08.000Z</time></trkpt>
<trkpt lat="30.62284638513021" lon="104.0675241519516"><ele>474</ele><time>2025-08-13T14:16:09.000Z</time></trkpt>
<trkpt lat="30.62284638513021" lon="104.0675241519516"><ele>474</ele><time>2025-08-13T14:16:10.000Z</time></trkpt>
<trkpt lat="30.62284638513021" lon="104.0675241519516"><ele>473</ele><time>2025-08-13T14:16:11.000Z</time></trkpt>
<trkpt lat="30.62284638513021" lon="104.0675241519516"><ele>472</ele><time>2025-08-13T14:16:12.000Z</time></trkpt>
<trkpt lat="30.62284638513021" lon="104.0675241519516"><ele>472</ele><time>2025-08-13T14:16:13.000Z</time></trkpt>
<trkpt lat="30.62284638513021" lon="104.0675241519516"><ele>472</ele><time>2025-08-13T14:16:14.000Z</time></trkpt>
<trkpt lat="30.62284638513021" lon="104.0675241519516"><ele>472</ele><time>2025-08-13T14:16:15.000Z</time></trkpt>
<trkpt lat="30.62284638513021" lon="104.0675241519516"><ele>471</ele><time>2025-08-13T14:16:16.000Z</time></trkpt>
<trkpt lat="30.62284638513021" lon="104.0675241519516"><ele>471</ele><time>2025-08-13T14:16:17.000Z</time></trkpt>
<trkpt lat="30.62284638513021" lon="104.0675241519516"><ele>471</ele><time>2025-08-13T14:16:18.000Z</time></trkpt>
<trkpt lat="30.62284638513021" lon="104.0675241519516"><ele>471</ele><time>2025-08-13T14:16:19.000Z</time></trkpt>
<trkpt lat="30.62284638513021" lon="104.0675241519516"><ele>471</ele><time>2025-08-13T14:16:20.000Z</time></trkpt>
<trkpt lat="30.62284638513021" lon="104.0675241519516"><ele>471</ele><time>2025-08-13T14:16:21.000Z</time></trkpt>
<trkpt lat="30.62284638513021" lon="104.0675241519516"><ele>471</ele><time>2025-08-13T14:16:22.000Z</time></trkpt>
<trkpt lat="30.62284638513021" lon="104.0675241519516"><ele>471</ele><time>2025-08-13T14:16:23.000Z</time></trkpt>
<trkpt lat="30.62284638513021" lon="104.0675241519516"><ele>470</ele><time>2025-08-13T14:16:24.000Z</time></trkpt>
<trkpt lat="30.62284638513021" lon="104.0675241519516"><ele>470</ele><time>2025-08-13T14:16:25.000Z</time></trkpt>
<trkpt lat="30.62284638513021" lon="104.0675241519516"><ele>471</ele><time>2025-08-13T14:16:26.000Z</time></trkpt>
<trkpt lat="30.62284638513021" lon="104.0675241519516"><ele>471</ele><time>2025-08-13T14:16:27.000Z</time></trkpt>
<trkpt lat="30.62284638513021" lon="104.0675241519516"><ele>471</ele><time>2025-08-13T14:16:28.000Z</time></trkpt>
<trkpt lat="30.62284638513021" lon="104.0675241519516"><ele>470</ele><time>2025-08-13T14:16:29.000Z</time></trkpt>
<trkpt lat="30.62284638513021" lon="104.0675241519516"><ele>471</ele><time>2025-08-13T14:16:30.000Z</time></trkpt>
<trkpt lat="30.62284638513021" lon="104.0675241519516"><ele>470</ele><time>2025-08-13T14:16:31.000Z</time></trkpt>
<trkpt lat="30.62284638513021" lon="104.0675241519516"><ele>470</ele><time>2025-08-13T14:16:32.000Z</time></trkpt>
<trkpt lat="30.62284638513021" lon="104.0675241519516"><ele>470</ele><time>2025-08-13T14:16:33.000Z</time></trkpt>
<trkpt lat="30.62284638513021" lon="104.0675241519516"><ele>471</ele><time>2025-08-13T14:16:34.000Z</time></trkpt>
<trkpt lat="30.62284638513021" lon="104.0675241519516"><ele>471</ele><time>2025-08-13T14:16:35.000Z</time></trkpt>
<trkpt lat="30.62284638513021" lon="104.0675241519516"><ele>473</ele><time>2025-08-13T14:16:36.000Z</time></trkpt>
<trkpt lat="30.62284638513021" lon="104.0675241519516"><ele>473</ele><time>2025-08-13T14:16:37.000Z</time></trkpt>
<trkpt lat="30.62284638513021" lon="104.0675241519516"><ele>474</ele><time>2025-08-13T14:16:38.000Z</time></trkpt>
<trkpt lat="30.62284638513021" lon="104.0675241519516"><ele>475</ele><time>2025-08-13T14:16:39.000Z</time></trkpt>
<trkpt lat="30.62284638513021" lon="104.0675241519516"><ele>475</ele><time>2025-08-13T14:16:40.000Z</time></trkpt>
<trkpt lat="30.62284638513021" lon="104.0675241519516"><ele>476</ele><time>2025-08-13T14:16:41.000Z</time></trkpt>
<trkpt lat="30.62284638513021" lon="104.0675241519516"><ele>476</ele><time>2025-08-13T14:16:42.000Z</time></trkpt>
<trkpt lat="30.62284638513021" lon="104.0675241519516"><ele>477</ele><time>2025-08-13T14:16:43.000Z</time></trkpt>
<trkpt lat="30.62284638513021" lon="104.0675241519516"><ele>478</ele><time>2025-08-13T14:16:44.000Z</time></trkpt>
<trkpt lat="30.62284638513021" lon="104.0675241519516"><ele>479</ele><time>2025-08-13T14:16:45.000Z</time></trkpt>
<trkpt lat="30.62284638513021" lon="104.0675241519516"><ele>482</ele><time>2025-08-13T14:16:46.000Z</time></trkpt>
<trkpt lat="30.62284638513021" lon="104.0675241519516"><ele>481</ele><time>2025-08-13T14:16:47.000Z</time></trkpt>
<trkpt lat="30.62284638513021" lon="104.0675241519516"><ele>481</ele><time>2025-08-13T14:16:48.000Z</time></trkpt>
<trkpt lat="30.62284638513021" lon="104.0675241519516"><ele>481</ele><time>2025-08-13T14:16:49.000Z</time></trkpt>
<trkpt lat="30.62284638513021" lon="104.0675241519516"><ele>481</ele><time>2025-08-13T14:16:50.000Z</time></trkpt>
<trkpt lat="30.62284638513021" lon="104.0675241519516"><ele>482</ele><time>2025-08-13T14:16:51.000Z</time></trkpt>
<trkpt lat="30.62284638513021" lon="104.0675241519516"><ele>482</ele><time>2025-08-13T14:16:52.000Z</time></trkpt>
<trkpt lat="30.62284638513021" lon="104.0675241519516"><ele>482</ele><time>2025-08-13T14:16:53.000Z</time></trkpt>
<trkpt lat="30.62284638513021" lon="104.0675241519516"><ele>482</ele><time>2025-08-13T14:16:54.000Z</time></trkpt>
<trkpt lat="30.62284638513021" lon="104.0675241519516"><ele>482</ele><time>2025-08-13T14:16:55.000Z</time></trkpt>
<trkpt lat="30.62284638513021" lon="104.0675241519516"><ele>481</ele><time>2025-08-13T14:16:56.000Z</time></trkpt>
<trkpt lat="30.62284638513021" lon="104.0675241519516"><ele>481</ele><time>2025-08-13T14:16:57.000Z</time></trkpt>
<trkpt lat="30.62284638513021" lon="104.0675241519516"><ele>481</ele><time>2025-08-13T14:16:58.000Z</time></trkpt>
<trkpt lat="30.62284638513021" lon="104.0675241519516"><ele>481</ele><time>2025-08-13T14:16:59.000Z</time></trkpt>
<trkpt lat="30.62284638513021" lon="104.0675241519516"><ele>481</ele><time>2025-08-13T14:17:00.000Z</time></trkpt>
<trkpt lat="30.62284638513021" lon="104.0675241519516"><ele>481</ele><time>2025-08-13T14:17:01.000Z</time></trkpt>
<trkpt lat="30.62284638513021" lon="104.0675241519516"><ele>481</ele><time>2025-08-13T14:17:02.000Z</time></trkpt>
<trkpt lat="30.62284638513021" lon="104.0675241519516"><ele>481</ele><time>2025-08-13T14:17:03.000Z</time></trkpt>
<trkpt lat="30.62284638513021" lon="104.0675241519516"><ele>481</ele><time>2025-08-13T14:17:04.000Z</time></trkpt>
<trkpt lat="30.62284638513021" lon="104.0675241519516"><ele>481</ele><time>2025-08-13T14:17:05.000Z</time></trkpt>
<trkpt lat="30.62284638513021" lon="104.0675241519516"><ele>481</ele><time>2025-08-13T14:17:06.000Z</time></trkpt>
<trkpt lat="30.62284638513021" lon="104.0675241519516"><ele>480</ele><time>2025-08-13T14:17:07.000Z</time></trkpt>
<trkpt lat="30.62284638513021" lon="104.0675241519516"><ele>480</ele><time>2025-08-13T14:17:08.000Z</time></trkpt>
<trkpt lat="30.62284638513021" lon="104.0675241519516"><ele>480</ele><time>2025-08-13T14:17:09.000Z</time></trkpt>
<trkpt lat="30.62284638513021" lon="104.0675241519516"><ele>480</ele><time>2025-08-13T14:17:10.000Z</time></trkpt>
<trkpt lat="30.62284638513021" lon="104.0675241519516"><ele>480</ele><time>2025-08-13T14:17:11.000Z</time></trkpt>
<trkpt lat="30.62284638513021" lon="104.0675241519516"><ele>480</ele><time>2025-08-13T14:17:12.000Z</time></trkpt>
<trkpt lat="30.62284638513021" lon="104.0675241519516"><ele>479</ele><time>2025-08-13T14:17:13.000Z</time></trkpt>
<trkpt lat="30.62284638513021" lon="104.0675241519516"><ele>479</ele><time>2025-08-13T14:17:14.000Z</time></trkpt>
<trkpt lat="30.62284638513021" lon="104.0675241519516"><ele>479</ele><time>2025-08-13T14:17:15.000Z</time></trkpt>
<trkpt lat="30.62284638513021" lon="104.0675241519516"><ele>479</ele><time>2025-08-13T14:17:16.000Z</time></trkpt>
<trkpt lat="30.62284638513021" lon="104.0675241519516"><ele>478</ele><time>2025-08-13T14:17:17.000Z</time></trkpt>
<trkpt lat="30.62284638513021" lon="104.0675241519516"><ele>478</ele><time>2025-08-13T14:17:18.000Z</time></trkpt>
<trkpt lat="30.62284638513021" lon="104.0675241519516"><ele>477</ele><time>2025-08-13T14:17:19.000Z</time></trkpt>
<trkpt lat="30.62284638513021" lon="104.0675241519516"><ele>478</ele><time>2025-08-13T14:17:20.000Z</time></trkpt>
<trkpt lat="30.62284638513021" lon="104.0675241519516"><ele>477</ele><time>2025-08-13T14:17:21.000Z</time></trkpt>
<trkpt lat="30.62284638513021" lon="104.0675241519516"><ele>476</ele><time>2025-08-13T14:17:22.000Z</time></trkpt>
<trkpt lat="30.62284638513021" lon="104.0675241519516"><ele>477</ele><time>2025-08-13T14:17:23.000Z</time></trkpt>
<trkpt lat="30.62284638513021" lon="104.0675241519516"><ele>477</ele><time>2025-08-13T14:17:24.000Z</time></trkpt>
<trkpt lat="30.62284638513021" lon="104.0675241519516"><ele>477</ele><time>2025-08-13T14:17:25.000Z</time></trkpt>
<trkpt lat="30.62284638513021" lon="104.0675241519516"><ele>476</ele><time>2025-08-13T14:17:26.000Z</time></trkpt>
<trkpt lat="30.62284638513021" lon="104.0675241519516"><ele>476</ele><time>2025-08-13T14:17:27.000Z</time></trkpt>
<trkpt lat="30.62284638513021" lon="104.0675241519516"><ele>476</ele><time>2025-08-13T14:17:28.000Z</time></trkpt>
<trkpt lat="30.62284638513021" lon="104.0675241519516"><ele>476</ele><time>2025-08-13T14:17:29.000Z</time></trkpt>
<trkpt lat="30.62284638513021" lon="104.0675241519516"><ele>476</ele><time>2025-08-13T14:17:30.000Z</time></trkpt>
<trkpt lat="30.62284638513021" lon="104.0675241519516"><ele>476</ele><time>2025-08-13T14:17:31.000Z</time></trkpt>
<trkpt lat="30.62284638513021" lon="104.0675241519516"><ele>477</ele><time>2025-08-13T14:17:32.000Z</time></trkpt>
<trkpt lat="30.62284638513021" lon="104.0675241519516"><ele>476</ele><time>2025-08-13T14:17:33.000Z</time></trkpt>
<trkpt lat="30.62284638513021" lon="104.0675241519516"><ele>475</ele><time>2025-08-13T14:17:34.000Z</time></trkpt>
<trkpt lat="30.62284638513021" lon="104.0675241519516"><ele>475</ele><time>2025-08-13T14:17:35.000Z</time></trkpt>
<trkpt lat="30.62284638513021" lon="104.0675241519516"><ele>475</ele><time>2025-08-13T14:17:36.000Z</time></trkpt>
<trkpt lat="30.62284638513021" lon="104.0675241519516"><ele>475</ele><time>2025-08-13T14:17:37.000Z</time></trkpt>
<trkpt lat="30.62284638513021" lon="104.0675241519516"><ele>475</ele><time>2025-08-13T14:17:38.000Z</time></trkpt>
<trkpt lat="30.62284638513021" lon="104.0675241519516"><ele>475</ele><time>2025-08-13T14:17:39.000Z</time></trkpt>
<trkpt lat="30.62284638513021" lon="104.0675241519516"><ele>475</ele><time>2025-08-13T14:17:40.000Z</time></trkpt>
<trkpt lat="30.62284638513021" lon="104.0675241519516"><ele>476</ele><time>2025-08-13T14:17:41.000Z</time></trkpt>
<trkpt lat="30.62284638513021" lon="104.0675241519516"><ele>476</ele><time>2025-08-13T14:17:42.000Z</time></trkpt>
<trkpt lat="30.62284638513021" lon="104.0675241519516"><ele>476</ele><time>2025-08-13T14:17:43.000Z</time></trkpt>
<trkpt lat="30.62284638513021" lon="104.0675241519516"><ele>476</ele><time>2025-08-13T14:17:44.000Z</time></trkpt>
<trkpt lat="30.62284638513021" lon="104.0675241519516"><ele>475</ele><time>2025-08-13T14:17:45.000Z</time></trkpt>
</trkseg><name>二环</name></trk></gpx>